ISO-10303-21;
HEADER;
FILE_DESCRIPTION(('FreeCAD Model'),'2;1');
FILE_NAME('Open CASCADE Shape Model','2026-08-26T23:54:29',('FreeCAD'),(
    'FreeCAD'),'Open CASCADE STEP processor 7.8','FreeCAD','Unknown');
FILE_SCHEMA(('AUTOMOTIVE_DESIGN { 1 0 10303 214 1 1 1 1 }'));
ENDSEC;
DATA;
#1 = APPLICATION_PROTOCOL_DEFINITION('international standard',
  'automotive_design',2000,#2);
#2 = APPLICATION_CONTEXT(
  'core data for automotive mechanical design processes');
#3 = SHAPE_DEFINITION_REPRESENTATION(#4,#10);
#4 = PRODUCT_DEFINITION_SHAPE('','',#5);
#5 = PRODUCT_DEFINITION('design','',#6,#9);
#6 = PRODUCT_DEFINITION_FORMATION('','',#7);
#7 = PRODUCT('Open CASCADE STEP translator 7.8 13',
  'Open CASCADE STEP translator 7.8 13','',(#8));
#8 = PRODUCT_CONTEXT('',#2,'mechanical');
#9 = PRODUCT_DEFINITION_CONTEXT('part definition',#2,'design');
#10 = SHAPE_REPRESENTATION('',(#11,#15,#552,#605,#697,#913,#966,#1058,
    #1274,#1327,#1419,#1635,#1688,#1780,#1996,#2088,#2349,#2610,#2702,
    #2918,#3010,#3226,#3318,#3534,#3626,#3842,#4185,#4277,#4369,#4906,
    #4959,#5051,#5267,#5320,#5412,#5628,#5681,#5773,#5989,#6042,#6134,
    #6350,#6442,#6703,#6964,#7056,#7272,#7364,#7580,#7672,#7888,#7980,
    #8196,#8539,#8631,#8723,#9260,#9313,#9405,#9621,#9674,#9766,#9982,
    #10035,#10127,#10343,#10396,#10488,#10704,#10796,#11057,#11318,
    #11410,#11626,#11718,#11934,#12026,#12242,#12334,#12550,#12893,
    #12985),#13077);
#11 = AXIS2_PLACEMENT_3D('',#12,#13,#14);
#12 = CARTESIAN_POINT('',(0.,0.,0.));
#13 = DIRECTION('',(0.,0.,1.));
#14 = DIRECTION('',(1.,0.,-0.));
#15 = MANIFOLD_SOLID_BREP('',#16);
#16 = CLOSED_SHELL('',(#17,#57,#88,#119,#150,#181,#203,#227,#251,#330,
    #347,#426,#443,#455,#467,#484,#501,#518,#535));
#17 = ADVANCED_FACE('',(#18),#52,.F.);
#18 = FACE_BOUND('',#19,.F.);
#19 = EDGE_LOOP('',(#20,#30,#38,#46));
#20 = ORIENTED_EDGE('',*,*,#21,.F.);
#21 = EDGE_CURVE('',#22,#24,#26,.T.);
#22 = VERTEX_POINT('',#23);
#23 = CARTESIAN_POINT('',(-5.551115123126E-17,-9.67094918434E-36,40.8));
#24 = VERTEX_POINT('',#25);
#25 = CARTESIAN_POINT('',(1.110223024625E-16,3.157219747828E-33,45.55));
#26 = LINE('',#27,#28);
#27 = CARTESIAN_POINT('',(0.,0.,40.));
#28 = VECTOR('',#29,1.);
#29 = DIRECTION('',(0.,0.,1.));
#30 = ORIENTED_EDGE('',*,*,#31,.T.);
#31 = EDGE_CURVE('',#22,#32,#34,.T.);
#32 = VERTEX_POINT('',#33);
#33 = CARTESIAN_POINT('',(0.,50.8,40.8));
#34 = LINE('',#35,#36);
#35 = CARTESIAN_POINT('',(0.,0.,40.8));
#36 = VECTOR('',#37,1.);
#37 = DIRECTION('',(0.,1.,0.));
#38 = ORIENTED_EDGE('',*,*,#39,.T.);
#39 = EDGE_CURVE('',#32,#40,#42,.T.);
#40 = VERTEX_POINT('',#41);
#41 = CARTESIAN_POINT('',(-5.551115123126E-17,50.8,45.55));
#42 = LINE('',#43,#44);
#43 = CARTESIAN_POINT('',(0.,50.8,40.));
#44 = VECTOR('',#45,1.);
#45 = DIRECTION('',(0.,0.,1.));
#46 = ORIENTED_EDGE('',*,*,#47,.F.);
#47 = EDGE_CURVE('',#24,#40,#48,.T.);
#48 = LINE('',#49,#50);
#49 = CARTESIAN_POINT('',(0.,0.,45.55));
#50 = VECTOR('',#51,1.);
#51 = DIRECTION('',(0.,1.,0.));
#52 = PLANE('',#53);
#53 = AXIS2_PLACEMENT_3D('',#54,#55,#56);
#54 = CARTESIAN_POINT('',(0.,0.,40.));
#55 = DIRECTION('',(1.,0.,0.));
#56 = DIRECTION('',(0.,0.,1.));
#57 = ADVANCED_FACE('',(#58),#83,.F.);
#58 = FACE_BOUND('',#59,.F.);
#59 = EDGE_LOOP('',(#60,#70,#76,#77));
#60 = ORIENTED_EDGE('',*,*,#61,.F.);
#61 = EDGE_CURVE('',#62,#64,#66,.T.);
#62 = VERTEX_POINT('',#63);
#63 = CARTESIAN_POINT('',(101.6,0.,40.8));
#64 = VERTEX_POINT('',#65);
#65 = CARTESIAN_POINT('',(101.6,4.440892098501E-16,45.55));
#66 = LINE('',#67,#68);
#67 = CARTESIAN_POINT('',(101.6,0.,40.));
#68 = VECTOR('',#69,1.);
#69 = DIRECTION('',(0.,0.,1.));
#70 = ORIENTED_EDGE('',*,*,#71,.F.);
#71 = EDGE_CURVE('',#22,#62,#72,.T.);
#72 = LINE('',#73,#74);
#73 = CARTESIAN_POINT('',(0.,0.,40.8));
#74 = VECTOR('',#75,1.);
#75 = DIRECTION('',(1.,0.,0.));
#76 = ORIENTED_EDGE('',*,*,#21,.T.);
#77 = ORIENTED_EDGE('',*,*,#78,.T.);
#78 = EDGE_CURVE('',#24,#64,#79,.T.);
#79 = LINE('',#80,#81);
#80 = CARTESIAN_POINT('',(0.,0.,45.55));
#81 = VECTOR('',#82,1.);
#82 = DIRECTION('',(1.,0.,0.));
#83 = PLANE('',#84);
#84 = AXIS2_PLACEMENT_3D('',#85,#86,#87);
#85 = CARTESIAN_POINT('',(0.,0.,40.));
#86 = DIRECTION('',(0.,1.,0.));
#87 = DIRECTION('',(0.,0.,1.));
#88 = ADVANCED_FACE('',(#89),#114,.T.);
#89 = FACE_BOUND('',#90,.T.);
#90 = EDGE_LOOP('',(#91,#99,#100,#108));
#91 = ORIENTED_EDGE('',*,*,#92,.F.);
#92 = EDGE_CURVE('',#22,#93,#95,.T.);
#93 = VERTEX_POINT('',#94);
#94 = CARTESIAN_POINT('',(0.8,0.8,40.));
#95 = LINE('',#96,#97);
#96 = CARTESIAN_POINT('',(0.266666666667,0.266666666667,40.533333333333)
  );
#97 = VECTOR('',#98,1.);
#98 = DIRECTION('',(0.57735026919,0.57735026919,-0.57735026919));
#99 = ORIENTED_EDGE('',*,*,#31,.T.);
#100 = ORIENTED_EDGE('',*,*,#101,.T.);
#101 = EDGE_CURVE('',#32,#102,#104,.T.);
#102 = VERTEX_POINT('',#103);
#103 = CARTESIAN_POINT('',(0.8,50.,40.));
#104 = LINE('',#105,#106);
#105 = CARTESIAN_POINT('',(8.733333333333,42.066666666667,
    32.066666666667));
#106 = VECTOR('',#107,1.);
#107 = DIRECTION('',(0.57735026919,-0.57735026919,-0.57735026919));
#108 = ORIENTED_EDGE('',*,*,#109,.F.);
#109 = EDGE_CURVE('',#93,#102,#110,.T.);
#110 = LINE('',#111,#112);
#111 = CARTESIAN_POINT('',(0.8,0.,40.));
#112 = VECTOR('',#113,1.);
#113 = DIRECTION('',(0.,1.,0.));
#114 = PLANE('',#115);
#115 = AXIS2_PLACEMENT_3D('',#116,#117,#118);
#116 = CARTESIAN_POINT('',(0.4,0.,40.4));
#117 = DIRECTION('',(-0.707106781187,9.771056503467E-19,-0.707106781187)
  );
#118 = DIRECTION('',(6.909180312959E-19,1.,6.909180312959E-19));
#119 = ADVANCED_FACE('',(#120),#145,.F.);
#120 = FACE_BOUND('',#121,.F.);
#121 = EDGE_LOOP('',(#122,#130,#131,#139));
#122 = ORIENTED_EDGE('',*,*,#123,.F.);
#123 = EDGE_CURVE('',#24,#124,#126,.T.);
#124 = VERTEX_POINT('',#125);
#125 = CARTESIAN_POINT('',(0.8,0.8,46.35));
#126 = LINE('',#127,#128);
#127 = CARTESIAN_POINT('',(0.266666666667,0.266666666667,45.816666666667
    ));
#128 = VECTOR('',#129,1.);
#129 = DIRECTION('',(0.57735026919,0.57735026919,0.57735026919));
#130 = ORIENTED_EDGE('',*,*,#47,.T.);
#131 = ORIENTED_EDGE('',*,*,#132,.T.);
#132 = EDGE_CURVE('',#40,#133,#135,.T.);
#133 = VERTEX_POINT('',#134);
#134 = CARTESIAN_POINT('',(0.8,50.,46.35));
#135 = LINE('',#136,#137);
#136 = CARTESIAN_POINT('',(8.733333333333,42.066666666667,
    54.283333333333));
#137 = VECTOR('',#138,1.);
#138 = DIRECTION('',(0.57735026919,-0.57735026919,0.57735026919));
#139 = ORIENTED_EDGE('',*,*,#140,.F.);
#140 = EDGE_CURVE('',#124,#133,#141,.T.);
#141 = LINE('',#142,#143);
#142 = CARTESIAN_POINT('',(0.8,0.,46.35));
#143 = VECTOR('',#144,1.);
#144 = DIRECTION('',(0.,1.,0.));
#145 = PLANE('',#146);
#146 = AXIS2_PLACEMENT_3D('',#147,#148,#149);
#147 = CARTESIAN_POINT('',(0.4,0.,45.95));
#148 = DIRECTION('',(0.707106781187,4.107433389909E-18,-0.707106781187)
  );
#149 = DIRECTION('',(-2.904394003277E-18,1.,2.904394003277E-18));
#150 = ADVANCED_FACE('',(#151),#176,.T.);
#151 = FACE_BOUND('',#152,.T.);
#152 = EDGE_LOOP('',(#153,#163,#169,#170));
#153 = ORIENTED_EDGE('',*,*,#154,.F.);
#154 = EDGE_CURVE('',#155,#157,#159,.T.);
#155 = VERTEX_POINT('',#156);
#156 = CARTESIAN_POINT('',(101.6,50.8,40.8));
#157 = VERTEX_POINT('',#158);
#158 = CARTESIAN_POINT('',(101.6,50.8,45.55));
#159 = LINE('',#160,#161);
#160 = CARTESIAN_POINT('',(101.6,50.8,40.));
#161 = VECTOR('',#162,1.);
#162 = DIRECTION('',(0.,0.,1.));
#163 = ORIENTED_EDGE('',*,*,#164,.F.);
#164 = EDGE_CURVE('',#32,#155,#165,.T.);
#165 = LINE('',#166,#167);
#166 = CARTESIAN_POINT('',(0.,50.8,40.8));
#167 = VECTOR('',#168,1.);
#168 = DIRECTION('',(1.,0.,0.));
#169 = ORIENTED_EDGE('',*,*,#39,.T.);
#170 = ORIENTED_EDGE('',*,*,#171,.T.);
#171 = EDGE_CURVE('',#40,#157,#172,.T.);
#172 = LINE('',#173,#174);
#173 = CARTESIAN_POINT('',(0.,50.8,45.55));
#174 = VECTOR('',#175,1.);
#175 = DIRECTION('',(1.,0.,0.));
#176 = PLANE('',#177);
#177 = AXIS2_PLACEMENT_3D('',#178,#179,#180);
#178 = CARTESIAN_POINT('',(0.,50.8,40.));
#179 = DIRECTION('',(0.,1.,0.));
#180 = DIRECTION('',(0.,0.,1.));
#181 = ADVANCED_FACE('',(#182),#198,.T.);
#182 = FACE_BOUND('',#183,.T.);
#183 = EDGE_LOOP('',(#184,#185,#191,#192));
#184 = ORIENTED_EDGE('',*,*,#61,.F.);
#185 = ORIENTED_EDGE('',*,*,#186,.T.);
#186 = EDGE_CURVE('',#62,#155,#187,.T.);
#187 = LINE('',#188,#189);
#188 = CARTESIAN_POINT('',(101.6,0.,40.8));
#189 = VECTOR('',#190,1.);
#190 = DIRECTION('',(0.,1.,0.));
#191 = ORIENTED_EDGE('',*,*,#154,.T.);
#192 = ORIENTED_EDGE('',*,*,#193,.F.);
#193 = EDGE_CURVE('',#64,#157,#194,.T.);
#194 = LINE('',#195,#196);
#195 = CARTESIAN_POINT('',(101.6,0.,45.55));
#196 = VECTOR('',#197,1.);
#197 = DIRECTION('',(0.,1.,0.));
#198 = PLANE('',#199);
#199 = AXIS2_PLACEMENT_3D('',#200,#201,#202);
#200 = CARTESIAN_POINT('',(101.6,0.,40.));
#201 = DIRECTION('',(1.,0.,0.));
#202 = DIRECTION('',(0.,0.,1.));
#203 = ADVANCED_FACE('',(#204),#222,.T.);
#204 = FACE_BOUND('',#205,.F.);
#205 = EDGE_LOOP('',(#206,#207,#208,#216));
#206 = ORIENTED_EDGE('',*,*,#92,.F.);
#207 = ORIENTED_EDGE('',*,*,#71,.T.);
#208 = ORIENTED_EDGE('',*,*,#209,.T.);
#209 = EDGE_CURVE('',#62,#210,#212,.T.);
#210 = VERTEX_POINT('',#211);
#211 = CARTESIAN_POINT('',(100.8,0.8,40.));
#212 = LINE('',#213,#214);
#213 = CARTESIAN_POINT('',(84.4,17.2,23.6));
#214 = VECTOR('',#215,1.);
#215 = DIRECTION('',(-0.57735026919,0.57735026919,-0.57735026919));
#216 = ORIENTED_EDGE('',*,*,#217,.F.);
#217 = EDGE_CURVE('',#93,#210,#218,.T.);
#218 = LINE('',#219,#220);
#219 = CARTESIAN_POINT('',(0.,0.8,40.));
#220 = VECTOR('',#221,1.);
#221 = DIRECTION('',(1.,0.,0.));
#222 = PLANE('',#223);
#223 = AXIS2_PLACEMENT_3D('',#224,#225,#226);
#224 = CARTESIAN_POINT('',(0.,0.4,40.4));
#225 = DIRECTION('',(9.771056503467E-19,-0.707106781187,-0.707106781187)
  );
#226 = DIRECTION('',(-1.,-6.909180312959E-19,-6.909180312959E-19));
#227 = ADVANCED_FACE('',(#228),#246,.F.);
#228 = FACE_BOUND('',#229,.T.);
#229 = EDGE_LOOP('',(#230,#231,#232,#240));
#230 = ORIENTED_EDGE('',*,*,#123,.F.);
#231 = ORIENTED_EDGE('',*,*,#78,.T.);
#232 = ORIENTED_EDGE('',*,*,#233,.T.);
#233 = EDGE_CURVE('',#64,#234,#236,.T.);
#234 = VERTEX_POINT('',#235);
#235 = CARTESIAN_POINT('',(100.8,0.8,46.35));
#236 = LINE('',#237,#238);
#237 = CARTESIAN_POINT('',(84.4,17.2,62.75));
#238 = VECTOR('',#239,1.);
#239 = DIRECTION('',(-0.57735026919,0.57735026919,0.57735026919));
#240 = ORIENTED_EDGE('',*,*,#241,.F.);
#241 = EDGE_CURVE('',#124,#234,#242,.T.);
#242 = LINE('',#243,#244);
#243 = CARTESIAN_POINT('',(0.,0.8,46.35));
#244 = VECTOR('',#245,1.);
#245 = DIRECTION('',(1.,0.,0.));
#246 = PLANE('',#247);
#247 = AXIS2_PLACEMENT_3D('',#248,#249,#250);
#248 = CARTESIAN_POINT('',(0.,0.4,45.95));
#249 = DIRECTION('',(-4.863523573332E-18,0.707106781187,-0.707106781187)
  );
#250 = DIRECTION('',(-1.,-3.439030499164E-18,3.439030499164E-18));
#251 = ADVANCED_FACE('',(#252,#270,#281,#292,#303,#314),#325,.F.);
#252 = FACE_BOUND('',#253,.F.);
#253 = EDGE_LOOP('',(#254,#255,#256,#264));
#254 = ORIENTED_EDGE('',*,*,#109,.F.);
#255 = ORIENTED_EDGE('',*,*,#217,.T.);
#256 = ORIENTED_EDGE('',*,*,#257,.T.);
#257 = EDGE_CURVE('',#210,#258,#260,.T.);
#258 = VERTEX_POINT('',#259);
#259 = CARTESIAN_POINT('',(100.8,50.,40.));
#260 = LINE('',#261,#262);
#261 = CARTESIAN_POINT('',(100.8,0.,40.));
#262 = VECTOR('',#263,1.);
#263 = DIRECTION('',(0.,1.,0.));
#264 = ORIENTED_EDGE('',*,*,#265,.F.);
#265 = EDGE_CURVE('',#102,#258,#266,.T.);
#266 = LINE('',#267,#268);
#267 = CARTESIAN_POINT('',(0.,50.,40.));
#268 = VECTOR('',#269,1.);
#269 = DIRECTION('',(1.,0.,0.));
#270 = FACE_BOUND('',#271,.F.);
#271 = EDGE_LOOP('',(#272));
#272 = ORIENTED_EDGE('',*,*,#273,.F.);
#273 = EDGE_CURVE('',#274,#274,#276,.T.);
#274 = VERTEX_POINT('',#275);
#275 = CARTESIAN_POINT('',(20.1,16.,40.));
#276 = CIRCLE('',#277,4.1);
#277 = AXIS2_PLACEMENT_3D('',#278,#279,#280);
#278 = CARTESIAN_POINT('',(16.,16.,40.));
#279 = DIRECTION('',(0.,0.,1.));
#280 = DIRECTION('',(1.,0.,0.));
#281 = FACE_BOUND('',#282,.F.);
#282 = EDGE_LOOP('',(#283));
#283 = ORIENTED_EDGE('',*,*,#284,.F.);
#284 = EDGE_CURVE('',#285,#285,#287,.T.);
#285 = VERTEX_POINT('',#286);
#286 = CARTESIAN_POINT('',(89.7,16.,40.));
#287 = CIRCLE('',#288,4.1);
#288 = AXIS2_PLACEMENT_3D('',#289,#290,#291);
#289 = CARTESIAN_POINT('',(85.6,16.,40.));
#290 = DIRECTION('',(0.,0.,1.));
#291 = DIRECTION('',(1.,0.,0.));
#292 = FACE_BOUND('',#293,.F.);
#293 = EDGE_LOOP('',(#294));
#294 = ORIENTED_EDGE('',*,*,#295,.F.);
#295 = EDGE_CURVE('',#296,#296,#298,.T.);
#296 = VERTEX_POINT('',#297);
#297 = CARTESIAN_POINT('',(18.5,34.8,40.));
#298 = CIRCLE('',#299,2.5);
#299 = AXIS2_PLACEMENT_3D('',#300,#301,#302);
#300 = CARTESIAN_POINT('',(16.,34.8,40.));
#301 = DIRECTION('',(0.,0.,1.));
#302 = DIRECTION('',(1.,0.,0.));
#303 = FACE_BOUND('',#304,.F.);
#304 = EDGE_LOOP('',(#305));
#305 = ORIENTED_EDGE('',*,*,#306,.F.);
#306 = EDGE_CURVE('',#307,#307,#309,.T.);
#307 = VERTEX_POINT('',#308);
#308 = CARTESIAN_POINT('',(55.05,25.4,40.));
#309 = CIRCLE('',#310,4.25);
#310 = AXIS2_PLACEMENT_3D('',#311,#312,#313);
#311 = CARTESIAN_POINT('',(50.8,25.4,40.));
#312 = DIRECTION('',(0.,0.,1.));
#313 = DIRECTION('',(1.,0.,0.));
#314 = FACE_BOUND('',#315,.F.);
#315 = EDGE_LOOP('',(#316));
#316 = ORIENTED_EDGE('',*,*,#317,.F.);
#317 = EDGE_CURVE('',#318,#318,#320,.T.);
#318 = VERTEX_POINT('',#319);
#319 = CARTESIAN_POINT('',(88.1,34.8,40.));
#320 = CIRCLE('',#321,2.5);
#321 = AXIS2_PLACEMENT_3D('',#322,#323,#324);
#322 = CARTESIAN_POINT('',(85.6,34.8,40.));
#323 = DIRECTION('',(0.,0.,1.));
#324 = DIRECTION('',(1.,0.,0.));
#325 = PLANE('',#326);
#326 = AXIS2_PLACEMENT_3D('',#327,#328,#329);
#327 = CARTESIAN_POINT('',(0.,0.,40.));
#328 = DIRECTION('',(0.,0.,1.));
#329 = DIRECTION('',(1.,0.,0.));
#330 = ADVANCED_FACE('',(#331),#342,.F.);
#331 = FACE_BOUND('',#332,.T.);
#332 = EDGE_LOOP('',(#333,#334,#335,#341));
#333 = ORIENTED_EDGE('',*,*,#101,.F.);
#334 = ORIENTED_EDGE('',*,*,#164,.T.);
#335 = ORIENTED_EDGE('',*,*,#336,.T.);
#336 = EDGE_CURVE('',#155,#258,#337,.T.);
#337 = LINE('',#338,#339);
#338 = CARTESIAN_POINT('',(75.933333333333,25.133333333333,
    15.133333333333));
#339 = VECTOR('',#340,1.);
#340 = DIRECTION('',(-0.57735026919,-0.57735026919,-0.57735026919));
#341 = ORIENTED_EDGE('',*,*,#265,.F.);
#342 = PLANE('',#343);
#343 = AXIS2_PLACEMENT_3D('',#344,#345,#346);
#344 = CARTESIAN_POINT('',(0.,50.4,40.4));
#345 = DIRECTION('',(6.070692462065E-18,-0.707106781187,0.707106781187)
  );
#346 = DIRECTION('',(-1.,-4.292627806425E-18,4.292627806425E-18));
#347 = ADVANCED_FACE('',(#348,#366,#377,#388,#399,#410),#421,.T.);
#348 = FACE_BOUND('',#349,.T.);
#349 = EDGE_LOOP('',(#350,#351,#352,#360));
#350 = ORIENTED_EDGE('',*,*,#140,.F.);
#351 = ORIENTED_EDGE('',*,*,#241,.T.);
#352 = ORIENTED_EDGE('',*,*,#353,.T.);
#353 = EDGE_CURVE('',#234,#354,#356,.T.);
#354 = VERTEX_POINT('',#355);
#355 = CARTESIAN_POINT('',(100.8,50.,46.35));
#356 = LINE('',#357,#358);
#357 = CARTESIAN_POINT('',(100.8,0.,46.35));
#358 = VECTOR('',#359,1.);
#359 = DIRECTION('',(0.,1.,0.));
#360 = ORIENTED_EDGE('',*,*,#361,.F.);
#361 = EDGE_CURVE('',#133,#354,#362,.T.);
#362 = LINE('',#363,#364);
#363 = CARTESIAN_POINT('',(0.,50.,46.35));
#364 = VECTOR('',#365,1.);
#365 = DIRECTION('',(1.,0.,0.));
#366 = FACE_BOUND('',#367,.T.);
#367 = EDGE_LOOP('',(#368));
#368 = ORIENTED_EDGE('',*,*,#369,.F.);
#369 = EDGE_CURVE('',#370,#370,#372,.T.);
#370 = VERTEX_POINT('',#371);
#371 = CARTESIAN_POINT('',(20.1,16.,46.35));
#372 = CIRCLE('',#373,4.1);
#373 = AXIS2_PLACEMENT_3D('',#374,#375,#376);
#374 = CARTESIAN_POINT('',(16.,16.,46.35));
#375 = DIRECTION('',(0.,0.,1.));
#376 = DIRECTION('',(1.,0.,0.));
#377 = FACE_BOUND('',#378,.T.);
#378 = EDGE_LOOP('',(#379));
#379 = ORIENTED_EDGE('',*,*,#380,.F.);
#380 = EDGE_CURVE('',#381,#381,#383,.T.);
#381 = VERTEX_POINT('',#382);
#382 = CARTESIAN_POINT('',(89.7,16.,46.35));
#383 = CIRCLE('',#384,4.1);
#384 = AXIS2_PLACEMENT_3D('',#385,#386,#387);
#385 = CARTESIAN_POINT('',(85.6,16.,46.35));
#386 = DIRECTION('',(0.,0.,1.));
#387 = DIRECTION('',(1.,0.,0.));
#388 = FACE_BOUND('',#389,.T.);
#389 = EDGE_LOOP('',(#390));
#390 = ORIENTED_EDGE('',*,*,#391,.F.);
#391 = EDGE_CURVE('',#392,#392,#394,.T.);
#392 = VERTEX_POINT('',#393);
#393 = CARTESIAN_POINT('',(18.5,34.8,46.35));
#394 = CIRCLE('',#395,2.5);
#395 = AXIS2_PLACEMENT_3D('',#396,#397,#398);
#396 = CARTESIAN_POINT('',(16.,34.8,46.35));
#397 = DIRECTION('',(0.,0.,1.));
#398 = DIRECTION('',(1.,0.,0.));
#399 = FACE_BOUND('',#400,.T.);
#400 = EDGE_LOOP('',(#401));
#401 = ORIENTED_EDGE('',*,*,#402,.F.);
#402 = EDGE_CURVE('',#403,#403,#405,.T.);
#403 = VERTEX_POINT('',#404);
#404 = CARTESIAN_POINT('',(55.05,25.4,46.35));
#405 = CIRCLE('',#406,4.25);
#406 = AXIS2_PLACEMENT_3D('',#407,#408,#409);
#407 = CARTESIAN_POINT('',(50.8,25.4,46.35));
#408 = DIRECTION('',(0.,0.,1.));
#409 = DIRECTION('',(1.,0.,0.));
#410 = FACE_BOUND('',#411,.T.);
#411 = EDGE_LOOP('',(#412));
#412 = ORIENTED_EDGE('',*,*,#413,.F.);
#413 = EDGE_CURVE('',#414,#414,#416,.T.);
#414 = VERTEX_POINT('',#415);
#415 = CARTESIAN_POINT('',(88.1,34.8,46.35));
#416 = CIRCLE('',#417,2.5);
#417 = AXIS2_PLACEMENT_3D('',#418,#419,#420);
#418 = CARTESIAN_POINT('',(85.6,34.8,46.35));
#419 = DIRECTION('',(0.,0.,1.));
#420 = DIRECTION('',(1.,0.,0.));
#421 = PLANE('',#422);
#422 = AXIS2_PLACEMENT_3D('',#423,#424,#425);
#423 = CARTESIAN_POINT('',(0.,0.,46.35));
#424 = DIRECTION('',(0.,0.,1.));
#425 = DIRECTION('',(1.,0.,0.));
#426 = ADVANCED_FACE('',(#427),#438,.T.);
#427 = FACE_BOUND('',#428,.T.);
#428 = EDGE_LOOP('',(#429,#430,#431,#437));
#429 = ORIENTED_EDGE('',*,*,#132,.T.);
#430 = ORIENTED_EDGE('',*,*,#361,.T.);
#431 = ORIENTED_EDGE('',*,*,#432,.T.);
#432 = EDGE_CURVE('',#354,#157,#433,.T.);
#433 = LINE('',#434,#435);
#434 = CARTESIAN_POINT('',(75.933333333333,25.133333333333,
    71.216666666667));
#435 = VECTOR('',#436,1.);
#436 = DIRECTION('',(0.57735026919,0.57735026919,-0.57735026919));
#437 = ORIENTED_EDGE('',*,*,#171,.F.);
#438 = PLANE('',#439);
#439 = AXIS2_PLACEMENT_3D('',#440,#441,#442);
#440 = CARTESIAN_POINT('',(0.,50.4,45.95));
#441 = DIRECTION('',(-4.082897117453E-18,0.707106781187,0.707106781187)
  );
#442 = DIRECTION('',(1.,2.887044238638E-18,2.887044238638E-18));
#443 = ADVANCED_FACE('',(#444),#450,.F.);
#444 = FACE_BOUND('',#445,.T.);
#445 = EDGE_LOOP('',(#446,#447,#448,#449));
#446 = ORIENTED_EDGE('',*,*,#209,.T.);
#447 = ORIENTED_EDGE('',*,*,#257,.T.);
#448 = ORIENTED_EDGE('',*,*,#336,.F.);
#449 = ORIENTED_EDGE('',*,*,#186,.F.);
#450 = PLANE('',#451);
#451 = AXIS2_PLACEMENT_3D('',#452,#453,#454);
#452 = CARTESIAN_POINT('',(101.2,0.,40.4));
#453 = DIRECTION('',(-0.707106781187,-4.020751880993E-18,0.707106781187)
  );
#454 = DIRECTION('',(2.843100920519E-18,-1.,-2.843100920519E-18));
#455 = ADVANCED_FACE('',(#456),#462,.T.);
#456 = FACE_BOUND('',#457,.F.);
#457 = EDGE_LOOP('',(#458,#459,#460,#461));
#458 = ORIENTED_EDGE('',*,*,#233,.T.);
#459 = ORIENTED_EDGE('',*,*,#353,.T.);
#460 = ORIENTED_EDGE('',*,*,#432,.T.);
#461 = ORIENTED_EDGE('',*,*,#193,.F.);
#462 = PLANE('',#463);
#463 = AXIS2_PLACEMENT_3D('',#464,#465,#466);
#464 = CARTESIAN_POINT('',(101.2,0.,45.95));
#465 = DIRECTION('',(0.707106781187,4.020751880993E-18,0.707106781187));
#466 = DIRECTION('',(2.843100920519E-18,-1.,2.843100920519E-18));
#467 = ADVANCED_FACE('',(#468),#479,.F.);
#468 = FACE_BOUND('',#469,.F.);
#469 = EDGE_LOOP('',(#470,#471,#477,#478));
#470 = ORIENTED_EDGE('',*,*,#369,.F.);
#471 = ORIENTED_EDGE('',*,*,#472,.F.);
#472 = EDGE_CURVE('',#274,#370,#473,.T.);
#473 = LINE('',#474,#475);
#474 = CARTESIAN_POINT('',(20.1,16.,39.));
#475 = VECTOR('',#476,1.);
#476 = DIRECTION('',(0.,0.,1.));
#477 = ORIENTED_EDGE('',*,*,#273,.T.);
#478 = ORIENTED_EDGE('',*,*,#472,.T.);
#479 = CYLINDRICAL_SURFACE('',#480,4.1);
#480 = AXIS2_PLACEMENT_3D('',#481,#482,#483);
#481 = CARTESIAN_POINT('',(16.,16.,39.));
#482 = DIRECTION('',(0.,0.,1.));
#483 = DIRECTION('',(1.,0.,0.));
#484 = ADVANCED_FACE('',(#485),#496,.F.);
#485 = FACE_BOUND('',#486,.F.);
#486 = EDGE_LOOP('',(#487,#488,#494,#495));
#487 = ORIENTED_EDGE('',*,*,#380,.F.);
#488 = ORIENTED_EDGE('',*,*,#489,.F.);
#489 = EDGE_CURVE('',#285,#381,#490,.T.);
#490 = LINE('',#491,#492);
#491 = CARTESIAN_POINT('',(89.7,16.,39.));
#492 = VECTOR('',#493,1.);
#493 = DIRECTION('',(0.,0.,1.));
#494 = ORIENTED_EDGE('',*,*,#284,.T.);
#495 = ORIENTED_EDGE('',*,*,#489,.T.);
#496 = CYLINDRICAL_SURFACE('',#497,4.1);
#497 = AXIS2_PLACEMENT_3D('',#498,#499,#500);
#498 = CARTESIAN_POINT('',(85.6,16.,39.));
#499 = DIRECTION('',(0.,0.,1.));
#500 = DIRECTION('',(1.,0.,0.));
#501 = ADVANCED_FACE('',(#502),#513,.F.);
#502 = FACE_BOUND('',#503,.F.);
#503 = EDGE_LOOP('',(#504,#505,#511,#512));
#504 = ORIENTED_EDGE('',*,*,#391,.F.);
#505 = ORIENTED_EDGE('',*,*,#506,.F.);
#506 = EDGE_CURVE('',#296,#392,#507,.T.);
#507 = LINE('',#508,#509);
#508 = CARTESIAN_POINT('',(18.5,34.8,39.));
#509 = VECTOR('',#510,1.);
#510 = DIRECTION('',(0.,0.,1.));
#511 = ORIENTED_EDGE('',*,*,#295,.T.);
#512 = ORIENTED_EDGE('',*,*,#506,.T.);
#513 = CYLINDRICAL_SURFACE('',#514,2.5);
#514 = AXIS2_PLACEMENT_3D('',#515,#516,#517);
#515 = CARTESIAN_POINT('',(16.,34.8,39.));
#516 = DIRECTION('',(0.,0.,1.));
#517 = DIRECTION('',(1.,0.,0.));
#518 = ADVANCED_FACE('',(#519),#530,.F.);
#519 = FACE_BOUND('',#520,.F.);
#520 = EDGE_LOOP('',(#521,#522,#528,#529));
#521 = ORIENTED_EDGE('',*,*,#402,.F.);
#522 = ORIENTED_EDGE('',*,*,#523,.F.);
#523 = EDGE_CURVE('',#307,#403,#524,.T.);
#524 = LINE('',#525,#526);
#525 = CARTESIAN_POINT('',(55.05,25.4,39.));
#526 = VECTOR('',#527,1.);
#527 = DIRECTION('',(0.,0.,1.));
#528 = ORIENTED_EDGE('',*,*,#306,.T.);
#529 = ORIENTED_EDGE('',*,*,#523,.T.);
#530 = CYLINDRICAL_SURFACE('',#531,4.25);
#531 = AXIS2_PLACEMENT_3D('',#532,#533,#534);
#532 = CARTESIAN_POINT('',(50.8,25.4,39.));
#533 = DIRECTION('',(0.,0.,1.));
#534 = DIRECTION('',(1.,0.,0.));
#535 = ADVANCED_FACE('',(#536),#547,.F.);
#536 = FACE_BOUND('',#537,.F.);
#537 = EDGE_LOOP('',(#538,#539,#545,#546));
#538 = ORIENTED_EDGE('',*,*,#413,.F.);
#539 = ORIENTED_EDGE('',*,*,#540,.F.);
#540 = EDGE_CURVE('',#318,#414,#541,.T.);
#541 = LINE('',#542,#543);
#542 = CARTESIAN_POINT('',(88.1,34.8,39.));
#543 = VECTOR('',#544,1.);
#544 = DIRECTION('',(0.,0.,1.));
#545 = ORIENTED_EDGE('',*,*,#317,.T.);
#546 = ORIENTED_EDGE('',*,*,#540,.T.);
#547 = CYLINDRICAL_SURFACE('',#548,2.5);
#548 = AXIS2_PLACEMENT_3D('',#549,#550,#551);
#549 = CARTESIAN_POINT('',(85.6,34.8,39.));
#550 = DIRECTION('',(0.,0.,1.));
#551 = DIRECTION('',(1.,0.,0.));
#552 = MANIFOLD_SOLID_BREP('',#553);
#553 = CLOSED_SHELL('',(#554,#587,#596));
#554 = ADVANCED_FACE('',(#555),#582,.T.);
#555 = FACE_BOUND('',#556,.T.);
#556 = EDGE_LOOP('',(#557,#566,#574,#581));
#557 = ORIENTED_EDGE('',*,*,#558,.F.);
#558 = EDGE_CURVE('',#559,#559,#561,.T.);
#559 = VERTEX_POINT('',#560);
#560 = CARTESIAN_POINT('',(19.969,16.,68.35));
#561 = CIRCLE('',#562,3.969);
#562 = AXIS2_PLACEMENT_3D('',#563,#564,#565);
#563 = CARTESIAN_POINT('',(16.,16.,68.35));
#564 = DIRECTION('',(0.,0.,1.));
#565 = DIRECTION('',(1.,0.,0.));
#566 = ORIENTED_EDGE('',*,*,#567,.F.);
#567 = EDGE_CURVE('',#568,#559,#570,.T.);
#568 = VERTEX_POINT('',#569);
#569 = CARTESIAN_POINT('',(19.969,16.,32.8));
#570 = LINE('',#571,#572);
#571 = CARTESIAN_POINT('',(19.969,16.,32.8));
#572 = VECTOR('',#573,1.);
#573 = DIRECTION('',(0.,0.,1.));
#574 = ORIENTED_EDGE('',*,*,#575,.T.);
#575 = EDGE_CURVE('',#568,#568,#576,.T.);
#576 = CIRCLE('',#577,3.969);
#577 = AXIS2_PLACEMENT_3D('',#578,#579,#580);
#578 = CARTESIAN_POINT('',(16.,16.,32.8));
#579 = DIRECTION('',(0.,0.,1.));
#580 = DIRECTION('',(1.,0.,0.));
#581 = ORIENTED_EDGE('',*,*,#567,.T.);
#582 = CYLINDRICAL_SURFACE('',#583,3.969);
#583 = AXIS2_PLACEMENT_3D('',#584,#585,#586);
#584 = CARTESIAN_POINT('',(16.,16.,32.8));
#585 = DIRECTION('',(0.,0.,1.));
#586 = DIRECTION('',(1.,0.,0.));
#587 = ADVANCED_FACE('',(#588),#591,.T.);
#588 = FACE_BOUND('',#589,.T.);
#589 = EDGE_LOOP('',(#590));
#590 = ORIENTED_EDGE('',*,*,#558,.T.);
#591 = PLANE('',#592);
#592 = AXIS2_PLACEMENT_3D('',#593,#594,#595);
#593 = CARTESIAN_POINT('',(16.,16.,68.35));
#594 = DIRECTION('',(0.,0.,1.));
#595 = DIRECTION('',(1.,0.,0.));
#596 = ADVANCED_FACE('',(#597),#600,.F.);
#597 = FACE_BOUND('',#598,.T.);
#598 = EDGE_LOOP('',(#599));
#599 = ORIENTED_EDGE('',*,*,#575,.F.);
#600 = PLANE('',#601);
#601 = AXIS2_PLACEMENT_3D('',#602,#603,#604);
#602 = CARTESIAN_POINT('',(16.,16.,32.8));
#603 = DIRECTION('',(0.,0.,1.));
#604 = DIRECTION('',(1.,0.,0.));
#605 = MANIFOLD_SOLID_BREP('',#606);
#606 = CLOSED_SHELL('',(#607,#640,#660,#680));
#607 = ADVANCED_FACE('',(#608),#635,.T.);
#608 = FACE_BOUND('',#609,.T.);
#609 = EDGE_LOOP('',(#610,#619,#627,#634));
#610 = ORIENTED_EDGE('',*,*,#611,.F.);
#611 = EDGE_CURVE('',#612,#612,#614,.T.);
#612 = VERTEX_POINT('',#613);
#613 = CARTESIAN_POINT('',(27.1,16.,48.35));
#614 = CIRCLE('',#615,11.1);
#615 = AXIS2_PLACEMENT_3D('',#616,#617,#618);
#616 = CARTESIAN_POINT('',(16.,16.,48.35));
#617 = DIRECTION('',(0.,0.,1.));
#618 = DIRECTION('',(1.,0.,0.));
#619 = ORIENTED_EDGE('',*,*,#620,.F.);
#620 = EDGE_CURVE('',#621,#612,#623,.T.);
#621 = VERTEX_POINT('',#622);
#622 = CARTESIAN_POINT('',(27.1,16.,46.35));
#623 = LINE('',#624,#625);
#624 = CARTESIAN_POINT('',(27.1,16.,46.35));
#625 = VECTOR('',#626,1.);
#626 = DIRECTION('',(0.,0.,1.));
#627 = ORIENTED_EDGE('',*,*,#628,.T.);
#628 = EDGE_CURVE('',#621,#621,#629,.T.);
#629 = CIRCLE('',#630,11.1);
#630 = AXIS2_PLACEMENT_3D('',#631,#632,#633);
#631 = CARTESIAN_POINT('',(16.,16.,46.35));
#632 = DIRECTION('',(0.,0.,1.));
#633 = DIRECTION('',(1.,0.,0.));
#634 = ORIENTED_EDGE('',*,*,#620,.T.);
#635 = CYLINDRICAL_SURFACE('',#636,11.1);
#636 = AXIS2_PLACEMENT_3D('',#637,#638,#639);
#637 = CARTESIAN_POINT('',(16.,16.,46.35));
#638 = DIRECTION('',(0.,0.,1.));
#639 = DIRECTION('',(1.,0.,0.));
#640 = ADVANCED_FACE('',(#641,#644),#655,.T.);
#641 = FACE_BOUND('',#642,.T.);
#642 = EDGE_LOOP('',(#643));
#643 = ORIENTED_EDGE('',*,*,#611,.T.);
#644 = FACE_BOUND('',#645,.T.);
#645 = EDGE_LOOP('',(#646));
#646 = ORIENTED_EDGE('',*,*,#647,.F.);
#647 = EDGE_CURVE('',#648,#648,#650,.T.);
#648 = VERTEX_POINT('',#649);
#649 = CARTESIAN_POINT('',(20.2,16.,48.35));
#650 = CIRCLE('',#651,4.2);
#651 = AXIS2_PLACEMENT_3D('',#652,#653,#654);
#652 = CARTESIAN_POINT('',(16.,16.,48.35));
#653 = DIRECTION('',(0.,0.,1.));
#654 = DIRECTION('',(1.,0.,0.));
#655 = PLANE('',#656);
#656 = AXIS2_PLACEMENT_3D('',#657,#658,#659);
#657 = CARTESIAN_POINT('',(16.,16.,48.35));
#658 = DIRECTION('',(0.,0.,1.));
#659 = DIRECTION('',(1.,0.,0.));
#660 = ADVANCED_FACE('',(#661,#664),#675,.F.);
#661 = FACE_BOUND('',#662,.F.);
#662 = EDGE_LOOP('',(#663));
#663 = ORIENTED_EDGE('',*,*,#628,.T.);
#664 = FACE_BOUND('',#665,.F.);
#665 = EDGE_LOOP('',(#666));
#666 = ORIENTED_EDGE('',*,*,#667,.F.);
#667 = EDGE_CURVE('',#668,#668,#670,.T.);
#668 = VERTEX_POINT('',#669);
#669 = CARTESIAN_POINT('',(20.2,16.,46.35));
#670 = CIRCLE('',#671,4.2);
#671 = AXIS2_PLACEMENT_3D('',#672,#673,#674);
#672 = CARTESIAN_POINT('',(16.,16.,46.35));
#673 = DIRECTION('',(0.,0.,1.));
#674 = DIRECTION('',(1.,0.,0.));
#675 = PLANE('',#676);
#676 = AXIS2_PLACEMENT_3D('',#677,#678,#679);
#677 = CARTESIAN_POINT('',(16.,16.,46.35));
#678 = DIRECTION('',(0.,0.,1.));
#679 = DIRECTION('',(1.,0.,0.));
#680 = ADVANCED_FACE('',(#681),#692,.F.);
#681 = FACE_BOUND('',#682,.F.);
#682 = EDGE_LOOP('',(#683,#684,#690,#691));
#683 = ORIENTED_EDGE('',*,*,#647,.F.);
#684 = ORIENTED_EDGE('',*,*,#685,.F.);
#685 = EDGE_CURVE('',#668,#648,#686,.T.);
#686 = LINE('',#687,#688);
#687 = CARTESIAN_POINT('',(20.2,16.,46.25));
#688 = VECTOR('',#689,1.);
#689 = DIRECTION('',(0.,0.,1.));
#690 = ORIENTED_EDGE('',*,*,#667,.T.);
#691 = ORIENTED_EDGE('',*,*,#685,.T.);
#692 = CYLINDRICAL_SURFACE('',#693,4.2);
#693 = AXIS2_PLACEMENT_3D('',#694,#695,#696);
#694 = CARTESIAN_POINT('',(16.,16.,46.25));
#695 = DIRECTION('',(0.,0.,1.));
#696 = DIRECTION('',(1.,0.,0.));
#697 = MANIFOLD_SOLID_BREP('',#698);
#698 = CLOSED_SHELL('',(#699,#739,#770,#801,#832,#863,#885,#899));
#699 = ADVANCED_FACE('',(#700),#734,.F.);
#700 = FACE_BOUND('',#701,.F.);
#701 = EDGE_LOOP('',(#702,#712,#720,#728));
#702 = ORIENTED_EDGE('',*,*,#703,.T.);
#703 = EDGE_CURVE('',#704,#706,#708,.T.);
#704 = VERTEX_POINT('',#705);
#705 = CARTESIAN_POINT('',(22.35,19.666174209354,48.35));
#706 = VERTEX_POINT('',#707);
#707 = CARTESIAN_POINT('',(22.35,19.666174209354,55.45));
#708 = LINE('',#709,#710);
#709 = CARTESIAN_POINT('',(22.35,19.666174209354,48.35));
#710 = VECTOR('',#711,1.);
#711 = DIRECTION('',(0.,0.,1.));
#712 = ORIENTED_EDGE('',*,*,#713,.T.);
#713 = EDGE_CURVE('',#706,#714,#716,.T.);
#714 = VERTEX_POINT('',#715);
#715 = CARTESIAN_POINT('',(16.,23.332348418708,55.45));
#716 = LINE('',#717,#718);
#717 = CARTESIAN_POINT('',(22.35,19.666174209354,55.45));
#718 = VECTOR('',#719,1.);
#719 = DIRECTION('',(-0.866025403784,0.5,0.));
#720 = ORIENTED_EDGE('',*,*,#721,.F.);
#721 = EDGE_CURVE('',#722,#714,#724,.T.);
#722 = VERTEX_POINT('',#723);
#723 = CARTESIAN_POINT('',(16.,23.332348418708,48.35));
#724 = LINE('',#725,#726);
#725 = CARTESIAN_POINT('',(16.,23.332348418708,48.35));
#726 = VECTOR('',#727,1.);
#727 = DIRECTION('',(0.,0.,1.));
#728 = ORIENTED_EDGE('',*,*,#729,.F.);
#729 = EDGE_CURVE('',#704,#722,#730,.T.);
#730 = LINE('',#731,#732);
#731 = CARTESIAN_POINT('',(22.35,19.666174209354,48.35));
#732 = VECTOR('',#733,1.);
#733 = DIRECTION('',(-0.866025403784,0.5,0.));
#734 = PLANE('',#735);
#735 = AXIS2_PLACEMENT_3D('',#736,#737,#738);
#736 = CARTESIAN_POINT('',(22.35,19.666174209354,48.35));
#737 = DIRECTION('',(-0.5,-0.866025403784,0.));
#738 = DIRECTION('',(-0.866025403784,0.5,0.));
#739 = ADVANCED_FACE('',(#740),#765,.F.);
#740 = FACE_BOUND('',#741,.F.);
#741 = EDGE_LOOP('',(#742,#743,#751,#759));
#742 = ORIENTED_EDGE('',*,*,#721,.T.);
#743 = ORIENTED_EDGE('',*,*,#744,.T.);
#744 = EDGE_CURVE('',#714,#745,#747,.T.);
#745 = VERTEX_POINT('',#746);
#746 = CARTESIAN_POINT('',(9.65,19.666174209354,55.45));
#747 = LINE('',#748,#749);
#748 = CARTESIAN_POINT('',(16.,23.332348418708,55.45));
#749 = VECTOR('',#750,1.);
#750 = DIRECTION('',(-0.866025403784,-0.5,0.));
#751 = ORIENTED_EDGE('',*,*,#752,.F.);
#752 = EDGE_CURVE('',#753,#745,#755,.T.);
#753 = VERTEX_POINT('',#754);
#754 = CARTESIAN_POINT('',(9.65,19.666174209354,48.35));
#755 = LINE('',#756,#757);
#756 = CARTESIAN_POINT('',(9.65,19.666174209354,48.35));
#757 = VECTOR('',#758,1.);
#758 = DIRECTION('',(0.,0.,1.));
#759 = ORIENTED_EDGE('',*,*,#760,.F.);
#760 = EDGE_CURVE('',#722,#753,#761,.T.);
#761 = LINE('',#762,#763);
#762 = CARTESIAN_POINT('',(16.,23.332348418708,48.35));
#763 = VECTOR('',#764,1.);
#764 = DIRECTION('',(-0.866025403784,-0.5,0.));
#765 = PLANE('',#766);
#766 = AXIS2_PLACEMENT_3D('',#767,#768,#769);
#767 = CARTESIAN_POINT('',(16.,23.332348418708,48.35));
#768 = DIRECTION('',(0.5,-0.866025403784,0.));
#769 = DIRECTION('',(-0.866025403784,-0.5,0.));
#770 = ADVANCED_FACE('',(#771),#796,.F.);
#771 = FACE_BOUND('',#772,.F.);
#772 = EDGE_LOOP('',(#773,#774,#782,#790));
#773 = ORIENTED_EDGE('',*,*,#752,.T.);
#774 = ORIENTED_EDGE('',*,*,#775,.T.);
#775 = EDGE_CURVE('',#745,#776,#778,.T.);
#776 = VERTEX_POINT('',#777);
#777 = CARTESIAN_POINT('',(9.65,12.333825790646,55.45));
#778 = LINE('',#779,#780);
#779 = CARTESIAN_POINT('',(9.65,19.666174209354,55.45));
#780 = VECTOR('',#781,1.);
#781 = DIRECTION('',(1.211315078037E-16,-1.,0.));
#782 = ORIENTED_EDGE('',*,*,#783,.F.);
#783 = EDGE_CURVE('',#784,#776,#786,.T.);
#784 = VERTEX_POINT('',#785);
#785 = CARTESIAN_POINT('',(9.65,12.333825790646,48.35));
#786 = LINE('',#787,#788);
#787 = CARTESIAN_POINT('',(9.65,12.333825790646,48.35));
#788 = VECTOR('',#789,1.);
#789 = DIRECTION('',(0.,0.,1.));
#790 = ORIENTED_EDGE('',*,*,#791,.F.);
#791 = EDGE_CURVE('',#753,#784,#792,.T.);
#792 = LINE('',#793,#794);
#793 = CARTESIAN_POINT('',(9.65,19.666174209354,48.35));
#794 = VECTOR('',#795,1.);
#795 = DIRECTION('',(1.211315078037E-16,-1.,0.));
#796 = PLANE('',#797);
#797 = AXIS2_PLACEMENT_3D('',#798,#799,#800);
#798 = CARTESIAN_POINT('',(9.65,19.666174209354,48.35));
#799 = DIRECTION('',(1.,1.211315078037E-16,0.));
#800 = DIRECTION('',(1.211315078037E-16,-1.,0.));
#801 = ADVANCED_FACE('',(#802),#827,.F.);
#802 = FACE_BOUND('',#803,.F.);
#803 = EDGE_LOOP('',(#804,#805,#813,#821));
#804 = ORIENTED_EDGE('',*,*,#783,.T.);
#805 = ORIENTED_EDGE('',*,*,#806,.T.);
#806 = EDGE_CURVE('',#776,#807,#809,.T.);
#807 = VERTEX_POINT('',#808);
#808 = CARTESIAN_POINT('',(16.,8.667651581292,55.45));
#809 = LINE('',#810,#811);
#810 = CARTESIAN_POINT('',(9.65,12.333825790646,55.45));
#811 = VECTOR('',#812,1.);
#812 = DIRECTION('',(0.866025403784,-0.5,0.));
#813 = ORIENTED_EDGE('',*,*,#814,.F.);
#814 = EDGE_CURVE('',#815,#807,#817,.T.);
#815 = VERTEX_POINT('',#816);
#816 = CARTESIAN_POINT('',(16.,8.667651581292,48.35));
#817 = LINE('',#818,#819);
#818 = CARTESIAN_POINT('',(16.,8.667651581292,48.35));
#819 = VECTOR('',#820,1.);
#820 = DIRECTION('',(0.,0.,1.));
#821 = ORIENTED_EDGE('',*,*,#822,.F.);
#822 = EDGE_CURVE('',#784,#815,#823,.T.);
#823 = LINE('',#824,#825);
#824 = CARTESIAN_POINT('',(9.65,12.333825790646,48.35));
#825 = VECTOR('',#826,1.);
#826 = DIRECTION('',(0.866025403784,-0.5,0.));
#827 = PLANE('',#828);
#828 = AXIS2_PLACEMENT_3D('',#829,#830,#831);
#829 = CARTESIAN_POINT('',(9.65,12.333825790646,48.35));
#830 = DIRECTION('',(0.5,0.866025403784,0.));
#831 = DIRECTION('',(0.866025403784,-0.5,0.));
#832 = ADVANCED_FACE('',(#833),#858,.F.);
#833 = FACE_BOUND('',#834,.F.);
#834 = EDGE_LOOP('',(#835,#836,#844,#852));
#835 = ORIENTED_EDGE('',*,*,#814,.T.);
#836 = ORIENTED_EDGE('',*,*,#837,.T.);
#837 = EDGE_CURVE('',#807,#838,#840,.T.);
#838 = VERTEX_POINT('',#839);
#839 = CARTESIAN_POINT('',(22.35,12.333825790646,55.45));
#840 = LINE('',#841,#842);
#841 = CARTESIAN_POINT('',(16.,8.667651581292,55.45));
#842 = VECTOR('',#843,1.);
#843 = DIRECTION('',(0.866025403784,0.5,0.));
#844 = ORIENTED_EDGE('',*,*,#845,.F.);
#845 = EDGE_CURVE('',#846,#838,#848,.T.);
#846 = VERTEX_POINT('',#847);
#847 = CARTESIAN_POINT('',(22.35,12.333825790646,48.35));
#848 = LINE('',#849,#850);
#849 = CARTESIAN_POINT('',(22.35,12.333825790646,48.35));
#850 = VECTOR('',#851,1.);
#851 = DIRECTION('',(0.,0.,1.));
#852 = ORIENTED_EDGE('',*,*,#853,.F.);
#853 = EDGE_CURVE('',#815,#846,#854,.T.);
#854 = LINE('',#855,#856);
#855 = CARTESIAN_POINT('',(16.,8.667651581292,48.35));
#856 = VECTOR('',#857,1.);
#857 = DIRECTION('',(0.866025403784,0.5,0.));
#858 = PLANE('',#859);
#859 = AXIS2_PLACEMENT_3D('',#860,#861,#862);
#860 = CARTESIAN_POINT('',(16.,8.667651581292,48.35));
#861 = DIRECTION('',(-0.5,0.866025403784,0.));
#862 = DIRECTION('',(0.866025403784,0.5,0.));
#863 = ADVANCED_FACE('',(#864),#880,.F.);
#864 = FACE_BOUND('',#865,.F.);
#865 = EDGE_LOOP('',(#866,#867,#873,#874));
#866 = ORIENTED_EDGE('',*,*,#845,.T.);
#867 = ORIENTED_EDGE('',*,*,#868,.T.);
#868 = EDGE_CURVE('',#838,#706,#869,.T.);
#869 = LINE('',#870,#871);
#870 = CARTESIAN_POINT('',(22.35,12.333825790646,55.45));
#871 = VECTOR('',#872,1.);
#872 = DIRECTION('',(3.633945234111E-16,1.,0.));
#873 = ORIENTED_EDGE('',*,*,#703,.F.);
#874 = ORIENTED_EDGE('',*,*,#875,.F.);
#875 = EDGE_CURVE('',#846,#704,#876,.T.);
#876 = LINE('',#877,#878);
#877 = CARTESIAN_POINT('',(22.35,12.333825790646,48.35));
#878 = VECTOR('',#879,1.);
#879 = DIRECTION('',(3.633945234111E-16,1.,0.));
#880 = PLANE('',#881);
#881 = AXIS2_PLACEMENT_3D('',#882,#883,#884);
#882 = CARTESIAN_POINT('',(22.35,12.333825790646,48.35));
#883 = DIRECTION('',(-1.,3.633945234111E-16,0.));
#884 = DIRECTION('',(3.633945234111E-16,1.,0.));
#885 = ADVANCED_FACE('',(#886),#894,.F.);
#886 = FACE_BOUND('',#887,.F.);
#887 = EDGE_LOOP('',(#888,#889,#890,#891,#892,#893));
#888 = ORIENTED_EDGE('',*,*,#729,.T.);
#889 = ORIENTED_EDGE('',*,*,#760,.T.);
#890 = ORIENTED_EDGE('',*,*,#791,.T.);
#891 = ORIENTED_EDGE('',*,*,#822,.T.);
#892 = ORIENTED_EDGE('',*,*,#853,.T.);
#893 = ORIENTED_EDGE('',*,*,#875,.T.);
#894 = PLANE('',#895);
#895 = AXIS2_PLACEMENT_3D('',#896,#897,#898);
#896 = CARTESIAN_POINT('',(16.,16.,48.35));
#897 = DIRECTION('',(0.,0.,1.));
#898 = DIRECTION('',(1.,0.,0.));
#899 = ADVANCED_FACE('',(#900),#908,.T.);
#900 = FACE_BOUND('',#901,.T.);
#901 = EDGE_LOOP('',(#902,#903,#904,#905,#906,#907));
#902 = ORIENTED_EDGE('',*,*,#713,.T.);
#903 = ORIENTED_EDGE('',*,*,#744,.T.);
#904 = ORIENTED_EDGE('',*,*,#775,.T.);
#905 = ORIENTED_EDGE('',*,*,#806,.T.);
#906 = ORIENTED_EDGE('',*,*,#837,.T.);
#907 = ORIENTED_EDGE('',*,*,#868,.T.);
#908 = PLANE('',#909);
#909 = AXIS2_PLACEMENT_3D('',#910,#911,#912);
#910 = CARTESIAN_POINT('',(16.,16.,55.45));
#911 = DIRECTION('',(0.,0.,1.));
#912 = DIRECTION('',(1.,0.,0.));
#913 = MANIFOLD_SOLID_BREP('',#914);
#914 = CLOSED_SHELL('',(#915,#948,#957));
#915 = ADVANCED_FACE('',(#916),#943,.T.);
#916 = FACE_BOUND('',#917,.T.);
#917 = EDGE_LOOP('',(#918,#927,#935,#942));
#918 = ORIENTED_EDGE('',*,*,#919,.F.);
#919 = EDGE_CURVE('',#920,#920,#922,.T.);
#920 = VERTEX_POINT('',#921);
#921 = CARTESIAN_POINT('',(89.569,16.,68.35));
#922 = CIRCLE('',#923,3.969);
#923 = AXIS2_PLACEMENT_3D('',#924,#925,#926);
#924 = CARTESIAN_POINT('',(85.6,16.,68.35));
#925 = DIRECTION('',(0.,0.,1.));
#926 = DIRECTION('',(1.,0.,0.));
#927 = ORIENTED_EDGE('',*,*,#928,.F.);
#928 = EDGE_CURVE('',#929,#920,#931,.T.);
#929 = VERTEX_POINT('',#930);
#930 = CARTESIAN_POINT('',(89.569,16.,32.8));
#931 = LINE('',#932,#933);
#932 = CARTESIAN_POINT('',(89.569,16.,32.8));
#933 = VECTOR('',#934,1.);
#934 = DIRECTION('',(0.,0.,1.));
#935 = ORIENTED_EDGE('',*,*,#936,.T.);
#936 = EDGE_CURVE('',#929,#929,#937,.T.);
#937 = CIRCLE('',#938,3.969);
#938 = AXIS2_PLACEMENT_3D('',#939,#940,#941);
#939 = CARTESIAN_POINT('',(85.6,16.,32.8));
#940 = DIRECTION('',(0.,0.,1.));
#941 = DIRECTION('',(1.,0.,0.));
#942 = ORIENTED_EDGE('',*,*,#928,.T.);
#943 = CYLINDRICAL_SURFACE('',#944,3.969);
#944 = AXIS2_PLACEMENT_3D('',#945,#946,#947);
#945 = CARTESIAN_POINT('',(85.6,16.,32.8));
#946 = DIRECTION('',(0.,0.,1.));
#947 = DIRECTION('',(1.,0.,0.));
#948 = ADVANCED_FACE('',(#949),#952,.T.);
#949 = FACE_BOUND('',#950,.T.);
#950 = EDGE_LOOP('',(#951));
#951 = ORIENTED_EDGE('',*,*,#919,.T.);
#952 = PLANE('',#953);
#953 = AXIS2_PLACEMENT_3D('',#954,#955,#956);
#954 = CARTESIAN_POINT('',(85.6,16.,68.35));
#955 = DIRECTION('',(0.,0.,1.));
#956 = DIRECTION('',(1.,0.,0.));
#957 = ADVANCED_FACE('',(#958),#961,.F.);
#958 = FACE_BOUND('',#959,.T.);
#959 = EDGE_LOOP('',(#960));
#960 = ORIENTED_EDGE('',*,*,#936,.F.);
#961 = PLANE('',#962);
#962 = AXIS2_PLACEMENT_3D('',#963,#964,#965);
#963 = CARTESIAN_POINT('',(85.6,16.,32.8));
#964 = DIRECTION('',(0.,0.,1.));
#965 = DIRECTION('',(1.,0.,0.));
#966 = MANIFOLD_SOLID_BREP('',#967);
#967 = CLOSED_SHELL('',(#968,#1001,#1021,#1041));
#968 = ADVANCED_FACE('',(#969),#996,.T.);
#969 = FACE_BOUND('',#970,.T.);
#970 = EDGE_LOOP('',(#971,#980,#988,#995));
#971 = ORIENTED_EDGE('',*,*,#972,.F.);
#972 = EDGE_CURVE('',#973,#973,#975,.T.);
#973 = VERTEX_POINT('',#974);
#974 = CARTESIAN_POINT('',(96.7,16.,48.35));
#975 = CIRCLE('',#976,11.1);
#976 = AXIS2_PLACEMENT_3D('',#977,#978,#979);
#977 = CARTESIAN_POINT('',(85.6,16.,48.35));
#978 = DIRECTION('',(0.,0.,1.));
#979 = DIRECTION('',(1.,0.,0.));
#980 = ORIENTED_EDGE('',*,*,#981,.F.);
#981 = EDGE_CURVE('',#982,#973,#984,.T.);
#982 = VERTEX_POINT('',#983);
#983 = CARTESIAN_POINT('',(96.7,16.,46.35));
#984 = LINE('',#985,#986);
#985 = CARTESIAN_POINT('',(96.7,16.,46.35));
#986 = VECTOR('',#987,1.);
#987 = DIRECTION('',(0.,0.,1.));
#988 = ORIENTED_EDGE('',*,*,#989,.T.);
#989 = EDGE_CURVE('',#982,#982,#990,.T.);
#990 = CIRCLE('',#991,11.1);
#991 = AXIS2_PLACEMENT_3D('',#992,#993,#994);
#992 = CARTESIAN_POINT('',(85.6,16.,46.35));
#993 = DIRECTION('',(0.,0.,1.));
#994 = DIRECTION('',(1.,0.,0.));
#995 = ORIENTED_EDGE('',*,*,#981,.T.);
#996 = CYLINDRICAL_SURFACE('',#997,11.1);
#997 = AXIS2_PLACEMENT_3D('',#998,#999,#1000);
#998 = CARTESIAN_POINT('',(85.6,16.,46.35));
#999 = DIRECTION('',(0.,0.,1.));
#1000 = DIRECTION('',(1.,0.,0.));
#1001 = ADVANCED_FACE('',(#1002,#1005),#1016,.T.);
#1002 = FACE_BOUND('',#1003,.T.);
#1003 = EDGE_LOOP('',(#1004));
#1004 = ORIENTED_EDGE('',*,*,#972,.T.);
#1005 = FACE_BOUND('',#1006,.T.);
#1006 = EDGE_LOOP('',(#1007));
#1007 = ORIENTED_EDGE('',*,*,#1008,.F.);
#1008 = EDGE_CURVE('',#1009,#1009,#1011,.T.);
#1009 = VERTEX_POINT('',#1010);
#1010 = CARTESIAN_POINT('',(89.8,16.,48.35));
#1011 = CIRCLE('',#1012,4.2);
#1012 = AXIS2_PLACEMENT_3D('',#1013,#1014,#1015);
#1013 = CARTESIAN_POINT('',(85.6,16.,48.35));
#1014 = DIRECTION('',(0.,0.,1.));
#1015 = DIRECTION('',(1.,0.,0.));
#1016 = PLANE('',#1017);
#1017 = AXIS2_PLACEMENT_3D('',#1018,#1019,#1020);
#1018 = CARTESIAN_POINT('',(85.6,16.,48.35));
#1019 = DIRECTION('',(0.,0.,1.));
#1020 = DIRECTION('',(1.,0.,0.));
#1021 = ADVANCED_FACE('',(#1022,#1025),#1036,.F.);
#1022 = FACE_BOUND('',#1023,.F.);
#1023 = EDGE_LOOP('',(#1024));
#1024 = ORIENTED_EDGE('',*,*,#989,.T.);
#1025 = FACE_BOUND('',#1026,.F.);
#1026 = EDGE_LOOP('',(#1027));
#1027 = ORIENTED_EDGE('',*,*,#1028,.F.);
#1028 = EDGE_CURVE('',#1029,#1029,#1031,.T.);
#1029 = VERTEX_POINT('',#1030);
#1030 = CARTESIAN_POINT('',(89.8,16.,46.35));
#1031 = CIRCLE('',#1032,4.2);
#1032 = AXIS2_PLACEMENT_3D('',#1033,#1034,#1035);
#1033 = CARTESIAN_POINT('',(85.6,16.,46.35));
#1034 = DIRECTION('',(0.,0.,1.));
#1035 = DIRECTION('',(1.,0.,0.));
#1036 = PLANE('',#1037);
#1037 = AXIS2_PLACEMENT_3D('',#1038,#1039,#1040);
#1038 = CARTESIAN_POINT('',(85.6,16.,46.35));
#1039 = DIRECTION('',(0.,0.,1.));
#1040 = DIRECTION('',(1.,0.,0.));
#1041 = ADVANCED_FACE('',(#1042),#1053,.F.);
#1042 = FACE_BOUND('',#1043,.F.);
#1043 = EDGE_LOOP('',(#1044,#1045,#1051,#1052));
#1044 = ORIENTED_EDGE('',*,*,#1008,.F.);
#1045 = ORIENTED_EDGE('',*,*,#1046,.F.);
#1046 = EDGE_CURVE('',#1029,#1009,#1047,.T.);
#1047 = LINE('',#1048,#1049);
#1048 = CARTESIAN_POINT('',(89.8,16.,46.25));
#1049 = VECTOR('',#1050,1.);
#1050 = DIRECTION('',(0.,0.,1.));
#1051 = ORIENTED_EDGE('',*,*,#1028,.T.);
#1052 = ORIENTED_EDGE('',*,*,#1046,.T.);
#1053 = CYLINDRICAL_SURFACE('',#1054,4.2);
#1054 = AXIS2_PLACEMENT_3D('',#1055,#1056,#1057);
#1055 = CARTESIAN_POINT('',(85.6,16.,46.25));
#1056 = DIRECTION('',(0.,0.,1.));
#1057 = DIRECTION('',(1.,0.,0.));
#1058 = MANIFOLD_SOLID_BREP('',#1059);
#1059 = CLOSED_SHELL('',(#1060,#1100,#1131,#1162,#1193,#1224,#1246,#1260
    ));
#1060 = ADVANCED_FACE('',(#1061),#1095,.F.);
#1061 = FACE_BOUND('',#1062,.F.);
#1062 = EDGE_LOOP('',(#1063,#1073,#1081,#1089));
#1063 = ORIENTED_EDGE('',*,*,#1064,.T.);
#1064 = EDGE_CURVE('',#1065,#1067,#1069,.T.);
#1065 = VERTEX_POINT('',#1066);
#1066 = CARTESIAN_POINT('',(91.95,19.666174209354,48.35));
#1067 = VERTEX_POINT('',#1068);
#1068 = CARTESIAN_POINT('',(91.95,19.666174209354,55.45));
#1069 = LINE('',#1070,#1071);
#1070 = CARTESIAN_POINT('',(91.95,19.666174209354,48.35));
#1071 = VECTOR('',#1072,1.);
#1072 = DIRECTION('',(0.,0.,1.));
#1073 = ORIENTED_EDGE('',*,*,#1074,.T.);
#1074 = EDGE_CURVE('',#1067,#1075,#1077,.T.);
#1075 = VERTEX_POINT('',#1076);
#1076 = CARTESIAN_POINT('',(85.6,23.332348418708,55.45));
#1077 = LINE('',#1078,#1079);
#1078 = CARTESIAN_POINT('',(91.95,19.666174209354,55.45));
#1079 = VECTOR('',#1080,1.);
#1080 = DIRECTION('',(-0.866025403784,0.5,0.));
#1081 = ORIENTED_EDGE('',*,*,#1082,.F.);
#1082 = EDGE_CURVE('',#1083,#1075,#1085,.T.);
#1083 = VERTEX_POINT('',#1084);
#1084 = CARTESIAN_POINT('',(85.6,23.332348418708,48.35));
#1085 = LINE('',#1086,#1087);
#1086 = CARTESIAN_POINT('',(85.6,23.332348418708,48.35));
#1087 = VECTOR('',#1088,1.);
#1088 = DIRECTION('',(0.,0.,1.));
#1089 = ORIENTED_EDGE('',*,*,#1090,.F.);
#1090 = EDGE_CURVE('',#1065,#1083,#1091,.T.);
#1091 = LINE('',#1092,#1093);
#1092 = CARTESIAN_POINT('',(91.95,19.666174209354,48.35));
#1093 = VECTOR('',#1094,1.);
#1094 = DIRECTION('',(-0.866025403784,0.5,0.));
#1095 = PLANE('',#1096);
#1096 = AXIS2_PLACEMENT_3D('',#1097,#1098,#1099);
#1097 = CARTESIAN_POINT('',(91.95,19.666174209354,48.35));
#1098 = DIRECTION('',(-0.5,-0.866025403784,0.));
#1099 = DIRECTION('',(-0.866025403784,0.5,0.));
#1100 = ADVANCED_FACE('',(#1101),#1126,.F.);
#1101 = FACE_BOUND('',#1102,.F.);
#1102 = EDGE_LOOP('',(#1103,#1104,#1112,#1120));
#1103 = ORIENTED_EDGE('',*,*,#1082,.T.);
#1104 = ORIENTED_EDGE('',*,*,#1105,.T.);
#1105 = EDGE_CURVE('',#1075,#1106,#1108,.T.);
#1106 = VERTEX_POINT('',#1107);
#1107 = CARTESIAN_POINT('',(79.25,19.666174209354,55.45));
#1108 = LINE('',#1109,#1110);
#1109 = CARTESIAN_POINT('',(85.6,23.332348418708,55.45));
#1110 = VECTOR('',#1111,1.);
#1111 = DIRECTION('',(-0.866025403784,-0.5,0.));
#1112 = ORIENTED_EDGE('',*,*,#1113,.F.);
#1113 = EDGE_CURVE('',#1114,#1106,#1116,.T.);
#1114 = VERTEX_POINT('',#1115);
#1115 = CARTESIAN_POINT('',(79.25,19.666174209354,48.35));
#1116 = LINE('',#1117,#1118);
#1117 = CARTESIAN_POINT('',(79.25,19.666174209354,48.35));
#1118 = VECTOR('',#1119,1.);
#1119 = DIRECTION('',(0.,0.,1.));
#1120 = ORIENTED_EDGE('',*,*,#1121,.F.);
#1121 = EDGE_CURVE('',#1083,#1114,#1122,.T.);
#1122 = LINE('',#1123,#1124);
#1123 = CARTESIAN_POINT('',(85.6,23.332348418708,48.35));
#1124 = VECTOR('',#1125,1.);
#1125 = DIRECTION('',(-0.866025403784,-0.5,0.));
#1126 = PLANE('',#1127);
#1127 = AXIS2_PLACEMENT_3D('',#1128,#1129,#1130);
#1128 = CARTESIAN_POINT('',(85.6,23.332348418708,48.35));
#1129 = DIRECTION('',(0.5,-0.866025403784,0.));
#1130 = DIRECTION('',(-0.866025403784,-0.5,0.));
#1131 = ADVANCED_FACE('',(#1132),#1157,.F.);
#1132 = FACE_BOUND('',#1133,.F.);
#1133 = EDGE_LOOP('',(#1134,#1135,#1143,#1151));
#1134 = ORIENTED_EDGE('',*,*,#1113,.T.);
#1135 = ORIENTED_EDGE('',*,*,#1136,.T.);
#1136 = EDGE_CURVE('',#1106,#1137,#1139,.T.);
#1137 = VERTEX_POINT('',#1138);
#1138 = CARTESIAN_POINT('',(79.25,12.333825790646,55.45));
#1139 = LINE('',#1140,#1141);
#1140 = CARTESIAN_POINT('',(79.25,19.666174209354,55.45));
#1141 = VECTOR('',#1142,1.);
#1142 = DIRECTION('',(1.211315078037E-16,-1.,0.));
#1143 = ORIENTED_EDGE('',*,*,#1144,.F.);
#1144 = EDGE_CURVE('',#1145,#1137,#1147,.T.);
#1145 = VERTEX_POINT('',#1146);
#1146 = CARTESIAN_POINT('',(79.25,12.333825790646,48.35));
#1147 = LINE('',#1148,#1149);
#1148 = CARTESIAN_POINT('',(79.25,12.333825790646,48.35));
#1149 = VECTOR('',#1150,1.);
#1150 = DIRECTION('',(0.,0.,1.));
#1151 = ORIENTED_EDGE('',*,*,#1152,.F.);
#1152 = EDGE_CURVE('',#1114,#1145,#1153,.T.);
#1153 = LINE('',#1154,#1155);
#1154 = CARTESIAN_POINT('',(79.25,19.666174209354,48.35));
#1155 = VECTOR('',#1156,1.);
#1156 = DIRECTION('',(1.211315078037E-16,-1.,0.));
#1157 = PLANE('',#1158);
#1158 = AXIS2_PLACEMENT_3D('',#1159,#1160,#1161);
#1159 = CARTESIAN_POINT('',(79.25,19.666174209354,48.35));
#1160 = DIRECTION('',(1.,1.211315078037E-16,0.));
#1161 = DIRECTION('',(1.211315078037E-16,-1.,0.));
#1162 = ADVANCED_FACE('',(#1163),#1188,.F.);
#1163 = FACE_BOUND('',#1164,.F.);
#1164 = EDGE_LOOP('',(#1165,#1166,#1174,#1182));
#1165 = ORIENTED_EDGE('',*,*,#1144,.T.);
#1166 = ORIENTED_EDGE('',*,*,#1167,.T.);
#1167 = EDGE_CURVE('',#1137,#1168,#1170,.T.);
#1168 = VERTEX_POINT('',#1169);
#1169 = CARTESIAN_POINT('',(85.6,8.667651581292,55.45));
#1170 = LINE('',#1171,#1172);
#1171 = CARTESIAN_POINT('',(79.25,12.333825790646,55.45));
#1172 = VECTOR('',#1173,1.);
#1173 = DIRECTION('',(0.866025403784,-0.5,0.));
#1174 = ORIENTED_EDGE('',*,*,#1175,.F.);
#1175 = EDGE_CURVE('',#1176,#1168,#1178,.T.);
#1176 = VERTEX_POINT('',#1177);
#1177 = CARTESIAN_POINT('',(85.6,8.667651581292,48.35));
#1178 = LINE('',#1179,#1180);
#1179 = CARTESIAN_POINT('',(85.6,8.667651581292,48.35));
#1180 = VECTOR('',#1181,1.);
#1181 = DIRECTION('',(0.,0.,1.));
#1182 = ORIENTED_EDGE('',*,*,#1183,.F.);
#1183 = EDGE_CURVE('',#1145,#1176,#1184,.T.);
#1184 = LINE('',#1185,#1186);
#1185 = CARTESIAN_POINT('',(79.25,12.333825790646,48.35));
#1186 = VECTOR('',#1187,1.);
#1187 = DIRECTION('',(0.866025403784,-0.5,0.));
#1188 = PLANE('',#1189);
#1189 = AXIS2_PLACEMENT_3D('',#1190,#1191,#1192);
#1190 = CARTESIAN_POINT('',(79.25,12.333825790646,48.35));
#1191 = DIRECTION('',(0.5,0.866025403784,0.));
#1192 = DIRECTION('',(0.866025403784,-0.5,0.));
#1193 = ADVANCED_FACE('',(#1194),#1219,.F.);
#1194 = FACE_BOUND('',#1195,.F.);
#1195 = EDGE_LOOP('',(#1196,#1197,#1205,#1213));
#1196 = ORIENTED_EDGE('',*,*,#1175,.T.);
#1197 = ORIENTED_EDGE('',*,*,#1198,.T.);
#1198 = EDGE_CURVE('',#1168,#1199,#1201,.T.);
#1199 = VERTEX_POINT('',#1200);
#1200 = CARTESIAN_POINT('',(91.95,12.333825790646,55.45));
#1201 = LINE('',#1202,#1203);
#1202 = CARTESIAN_POINT('',(85.6,8.667651581292,55.45));
#1203 = VECTOR('',#1204,1.);
#1204 = DIRECTION('',(0.866025403784,0.5,0.));
#1205 = ORIENTED_EDGE('',*,*,#1206,.F.);
#1206 = EDGE_CURVE('',#1207,#1199,#1209,.T.);
#1207 = VERTEX_POINT('',#1208);
#1208 = CARTESIAN_POINT('',(91.95,12.333825790646,48.35));
#1209 = LINE('',#1210,#1211);
#1210 = CARTESIAN_POINT('',(91.95,12.333825790646,48.35));
#1211 = VECTOR('',#1212,1.);
#1212 = DIRECTION('',(0.,0.,1.));
#1213 = ORIENTED_EDGE('',*,*,#1214,.F.);
#1214 = EDGE_CURVE('',#1176,#1207,#1215,.T.);
#1215 = LINE('',#1216,#1217);
#1216 = CARTESIAN_POINT('',(85.6,8.667651581292,48.35));
#1217 = VECTOR('',#1218,1.);
#1218 = DIRECTION('',(0.866025403784,0.5,0.));
#1219 = PLANE('',#1220);
#1220 = AXIS2_PLACEMENT_3D('',#1221,#1222,#1223);
#1221 = CARTESIAN_POINT('',(85.6,8.667651581292,48.35));
#1222 = DIRECTION('',(-0.5,0.866025403784,0.));
#1223 = DIRECTION('',(0.866025403784,0.5,0.));
#1224 = ADVANCED_FACE('',(#1225),#1241,.F.);
#1225 = FACE_BOUND('',#1226,.F.);
#1226 = EDGE_LOOP('',(#1227,#1228,#1234,#1235));
#1227 = ORIENTED_EDGE('',*,*,#1206,.T.);
#1228 = ORIENTED_EDGE('',*,*,#1229,.T.);
#1229 = EDGE_CURVE('',#1199,#1067,#1230,.T.);
#1230 = LINE('',#1231,#1232);
#1231 = CARTESIAN_POINT('',(91.95,12.333825790646,55.45));
#1232 = VECTOR('',#1233,1.);
#1233 = DIRECTION('',(3.633945234111E-16,1.,0.));
#1234 = ORIENTED_EDGE('',*,*,#1064,.F.);
#1235 = ORIENTED_EDGE('',*,*,#1236,.F.);
#1236 = EDGE_CURVE('',#1207,#1065,#1237,.T.);
#1237 = LINE('',#1238,#1239);
#1238 = CARTESIAN_POINT('',(91.95,12.333825790646,48.35));
#1239 = VECTOR('',#1240,1.);
#1240 = DIRECTION('',(3.633945234111E-16,1.,0.));
#1241 = PLANE('',#1242);
#1242 = AXIS2_PLACEMENT_3D('',#1243,#1244,#1245);
#1243 = CARTESIAN_POINT('',(91.95,12.333825790646,48.35));
#1244 = DIRECTION('',(-1.,3.633945234111E-16,0.));
#1245 = DIRECTION('',(3.633945234111E-16,1.,0.));
#1246 = ADVANCED_FACE('',(#1247),#1255,.F.);
#1247 = FACE_BOUND('',#1248,.F.);
#1248 = EDGE_LOOP('',(#1249,#1250,#1251,#1252,#1253,#1254));
#1249 = ORIENTED_EDGE('',*,*,#1090,.T.);
#1250 = ORIENTED_EDGE('',*,*,#1121,.T.);
#1251 = ORIENTED_EDGE('',*,*,#1152,.T.);
#1252 = ORIENTED_EDGE('',*,*,#1183,.T.);
#1253 = ORIENTED_EDGE('',*,*,#1214,.T.);
#1254 = ORIENTED_EDGE('',*,*,#1236,.T.);
#1255 = PLANE('',#1256);
#1256 = AXIS2_PLACEMENT_3D('',#1257,#1258,#1259);
#1257 = CARTESIAN_POINT('',(85.6,16.,48.35));
#1258 = DIRECTION('',(0.,0.,1.));
#1259 = DIRECTION('',(1.,0.,0.));
#1260 = ADVANCED_FACE('',(#1261),#1269,.T.);
#1261 = FACE_BOUND('',#1262,.T.);
#1262 = EDGE_LOOP('',(#1263,#1264,#1265,#1266,#1267,#1268));
#1263 = ORIENTED_EDGE('',*,*,#1074,.T.);
#1264 = ORIENTED_EDGE('',*,*,#1105,.T.);
#1265 = ORIENTED_EDGE('',*,*,#1136,.T.);
#1266 = ORIENTED_EDGE('',*,*,#1167,.T.);
#1267 = ORIENTED_EDGE('',*,*,#1198,.T.);
#1268 = ORIENTED_EDGE('',*,*,#1229,.T.);
#1269 = PLANE('',#1270);
#1270 = AXIS2_PLACEMENT_3D('',#1271,#1272,#1273);
#1271 = CARTESIAN_POINT('',(85.6,16.,55.45));
#1272 = DIRECTION('',(0.,0.,1.));
#1273 = DIRECTION('',(1.,0.,0.));
#1274 = MANIFOLD_SOLID_BREP('',#1275);
#1275 = CLOSED_SHELL('',(#1276,#1309,#1318));
#1276 = ADVANCED_FACE('',(#1277),#1304,.T.);
#1277 = FACE_BOUND('',#1278,.T.);
#1278 = EDGE_LOOP('',(#1279,#1288,#1296,#1303));
#1279 = ORIENTED_EDGE('',*,*,#1280,.F.);
#1280 = EDGE_CURVE('',#1281,#1281,#1283,.T.);
#1281 = VERTEX_POINT('',#1282);
#1282 = CARTESIAN_POINT('',(18.413,34.8,62.35));
#1283 = CIRCLE('',#1284,2.413);
#1284 = AXIS2_PLACEMENT_3D('',#1285,#1286,#1287);
#1285 = CARTESIAN_POINT('',(16.,34.8,62.35));
#1286 = DIRECTION('',(0.,0.,1.));
#1287 = DIRECTION('',(1.,0.,0.));
#1288 = ORIENTED_EDGE('',*,*,#1289,.F.);
#1289 = EDGE_CURVE('',#1290,#1281,#1292,.T.);
#1290 = VERTEX_POINT('',#1291);
#1291 = CARTESIAN_POINT('',(18.413,34.8,35.6));
#1292 = LINE('',#1293,#1294);
#1293 = CARTESIAN_POINT('',(18.413,34.8,35.6));
#1294 = VECTOR('',#1295,1.);
#1295 = DIRECTION('',(0.,0.,1.));
#1296 = ORIENTED_EDGE('',*,*,#1297,.T.);
#1297 = EDGE_CURVE('',#1290,#1290,#1298,.T.);
#1298 = CIRCLE('',#1299,2.413);
#1299 = AXIS2_PLACEMENT_3D('',#1300,#1301,#1302);
#1300 = CARTESIAN_POINT('',(16.,34.8,35.6));
#1301 = DIRECTION('',(0.,0.,1.));
#1302 = DIRECTION('',(1.,0.,0.));
#1303 = ORIENTED_EDGE('',*,*,#1289,.T.);
#1304 = CYLINDRICAL_SURFACE('',#1305,2.413);
#1305 = AXIS2_PLACEMENT_3D('',#1306,#1307,#1308);
#1306 = CARTESIAN_POINT('',(16.,34.8,35.6));
#1307 = DIRECTION('',(0.,0.,1.));
#1308 = DIRECTION('',(1.,0.,0.));
#1309 = ADVANCED_FACE('',(#1310),#1313,.T.);
#1310 = FACE_BOUND('',#1311,.T.);
#1311 = EDGE_LOOP('',(#1312));
#1312 = ORIENTED_EDGE('',*,*,#1280,.T.);
#1313 = PLANE('',#1314);
#1314 = AXIS2_PLACEMENT_3D('',#1315,#1316,#1317);
#1315 = CARTESIAN_POINT('',(16.,34.8,62.35));
#1316 = DIRECTION('',(0.,0.,1.));
#1317 = DIRECTION('',(1.,0.,0.));
#1318 = ADVANCED_FACE('',(#1319),#1322,.F.);
#1319 = FACE_BOUND('',#1320,.T.);
#1320 = EDGE_LOOP('',(#1321));
#1321 = ORIENTED_EDGE('',*,*,#1297,.F.);
#1322 = PLANE('',#1323);
#1323 = AXIS2_PLACEMENT_3D('',#1324,#1325,#1326);
#1324 = CARTESIAN_POINT('',(16.,34.8,35.6));
#1325 = DIRECTION('',(0.,0.,1.));
#1326 = DIRECTION('',(1.,0.,0.));
#1327 = MANIFOLD_SOLID_BREP('',#1328);
#1328 = CLOSED_SHELL('',(#1329,#1362,#1382,#1402));
#1329 = ADVANCED_FACE('',(#1330),#1357,.T.);
#1330 = FACE_BOUND('',#1331,.T.);
#1331 = EDGE_LOOP('',(#1332,#1341,#1349,#1356));
#1332 = ORIENTED_EDGE('',*,*,#1333,.F.);
#1333 = EDGE_CURVE('',#1334,#1334,#1336,.T.);
#1334 = VERTEX_POINT('',#1335);
#1335 = CARTESIAN_POINT('',(22.35,34.8,47.55));
#1336 = CIRCLE('',#1337,6.35);
#1337 = AXIS2_PLACEMENT_3D('',#1338,#1339,#1340);
#1338 = CARTESIAN_POINT('',(16.,34.8,47.55));
#1339 = DIRECTION('',(0.,0.,1.));
#1340 = DIRECTION('',(1.,0.,0.));
#1341 = ORIENTED_EDGE('',*,*,#1342,.F.);
#1342 = EDGE_CURVE('',#1343,#1334,#1345,.T.);
#1343 = VERTEX_POINT('',#1344);
#1344 = CARTESIAN_POINT('',(22.35,34.8,46.35));
#1345 = LINE('',#1346,#1347);
#1346 = CARTESIAN_POINT('',(22.35,34.8,46.35));
#1347 = VECTOR('',#1348,1.);
#1348 = DIRECTION('',(0.,0.,1.));
#1349 = ORIENTED_EDGE('',*,*,#1350,.T.);
#1350 = EDGE_CURVE('',#1343,#1343,#1351,.T.);
#1351 = CIRCLE('',#1352,6.35);
#1352 = AXIS2_PLACEMENT_3D('',#1353,#1354,#1355);
#1353 = CARTESIAN_POINT('',(16.,34.8,46.35));
#1354 = DIRECTION('',(0.,0.,1.));
#1355 = DIRECTION('',(1.,0.,0.));
#1356 = ORIENTED_EDGE('',*,*,#1342,.T.);
#1357 = CYLINDRICAL_SURFACE('',#1358,6.35);
#1358 = AXIS2_PLACEMENT_3D('',#1359,#1360,#1361);
#1359 = CARTESIAN_POINT('',(16.,34.8,46.35));
#1360 = DIRECTION('',(0.,0.,1.));
#1361 = DIRECTION('',(1.,0.,0.));
#1362 = ADVANCED_FACE('',(#1363,#1366),#1377,.T.);
#1363 = FACE_BOUND('',#1364,.T.);
#1364 = EDGE_LOOP('',(#1365));
#1365 = ORIENTED_EDGE('',*,*,#1333,.T.);
#1366 = FACE_BOUND('',#1367,.T.);
#1367 = EDGE_LOOP('',(#1368));
#1368 = ORIENTED_EDGE('',*,*,#1369,.F.);
#1369 = EDGE_CURVE('',#1370,#1370,#1372,.T.);
#1370 = VERTEX_POINT('',#1371);
#1371 = CARTESIAN_POINT('',(18.5,34.8,47.55));
#1372 = CIRCLE('',#1373,2.5);
#1373 = AXIS2_PLACEMENT_3D('',#1374,#1375,#1376);
#1374 = CARTESIAN_POINT('',(16.,34.8,47.55));
#1375 = DIRECTION('',(0.,0.,1.));
#1376 = DIRECTION('',(1.,0.,0.));
#1377 = PLANE('',#1378);
#1378 = AXIS2_PLACEMENT_3D('',#1379,#1380,#1381);
#1379 = CARTESIAN_POINT('',(16.,34.8,47.55));
#1380 = DIRECTION('',(0.,0.,1.));
#1381 = DIRECTION('',(1.,0.,0.));
#1382 = ADVANCED_FACE('',(#1383,#1386),#1397,.F.);
#1383 = FACE_BOUND('',#1384,.F.);
#1384 = EDGE_LOOP('',(#1385));
#1385 = ORIENTED_EDGE('',*,*,#1350,.T.);
#1386 = FACE_BOUND('',#1387,.F.);
#1387 = EDGE_LOOP('',(#1388));
#1388 = ORIENTED_EDGE('',*,*,#1389,.F.);
#1389 = EDGE_CURVE('',#1390,#1390,#1392,.T.);
#1390 = VERTEX_POINT('',#1391);
#1391 = CARTESIAN_POINT('',(18.5,34.8,46.35));
#1392 = CIRCLE('',#1393,2.5);
#1393 = AXIS2_PLACEMENT_3D('',#1394,#1395,#1396);
#1394 = CARTESIAN_POINT('',(16.,34.8,46.35));
#1395 = DIRECTION('',(0.,0.,1.));
#1396 = DIRECTION('',(1.,0.,0.));
#1397 = PLANE('',#1398);
#1398 = AXIS2_PLACEMENT_3D('',#1399,#1400,#1401);
#1399 = CARTESIAN_POINT('',(16.,34.8,46.35));
#1400 = DIRECTION('',(0.,0.,1.));
#1401 = DIRECTION('',(1.,0.,0.));
#1402 = ADVANCED_FACE('',(#1403),#1414,.F.);
#1403 = FACE_BOUND('',#1404,.F.);
#1404 = EDGE_LOOP('',(#1405,#1406,#1412,#1413));
#1405 = ORIENTED_EDGE('',*,*,#1369,.F.);
#1406 = ORIENTED_EDGE('',*,*,#1407,.F.);
#1407 = EDGE_CURVE('',#1390,#1370,#1408,.T.);
#1408 = LINE('',#1409,#1410);
#1409 = CARTESIAN_POINT('',(18.5,34.8,46.25));
#1410 = VECTOR('',#1411,1.);
#1411 = DIRECTION('',(0.,0.,1.));
#1412 = ORIENTED_EDGE('',*,*,#1389,.T.);
#1413 = ORIENTED_EDGE('',*,*,#1407,.T.);
#1414 = CYLINDRICAL_SURFACE('',#1415,2.5);
#1415 = AXIS2_PLACEMENT_3D('',#1416,#1417,#1418);
#1416 = CARTESIAN_POINT('',(16.,34.8,46.25));
#1417 = DIRECTION('',(0.,0.,1.));
#1418 = DIRECTION('',(1.,0.,0.));
#1419 = MANIFOLD_SOLID_BREP('',#1420);
#1420 = CLOSED_SHELL('',(#1421,#1461,#1492,#1523,#1554,#1585,#1607,#1621
    ));
#1421 = ADVANCED_FACE('',(#1422),#1456,.F.);
#1422 = FACE_BOUND('',#1423,.F.);
#1423 = EDGE_LOOP('',(#1424,#1434,#1442,#1450));
#1424 = ORIENTED_EDGE('',*,*,#1425,.T.);
#1425 = EDGE_CURVE('',#1426,#1428,#1430,.T.);
#1426 = VERTEX_POINT('',#1427);
#1427 = CARTESIAN_POINT('',(20.765,37.551074032689,47.55));
#1428 = VERTEX_POINT('',#1429);
#1429 = CARTESIAN_POINT('',(20.765,37.551074032689,50.73));
#1430 = LINE('',#1431,#1432);
#1431 = CARTESIAN_POINT('',(20.765,37.551074032689,47.55));
#1432 = VECTOR('',#1433,1.);
#1433 = DIRECTION('',(0.,0.,1.));
#1434 = ORIENTED_EDGE('',*,*,#1435,.T.);
#1435 = EDGE_CURVE('',#1428,#1436,#1438,.T.);
#1436 = VERTEX_POINT('',#1437);
#1437 = CARTESIAN_POINT('',(16.,40.302148065377,50.73));
#1438 = LINE('',#1439,#1440);
#1439 = CARTESIAN_POINT('',(20.765,37.551074032689,50.73));
#1440 = VECTOR('',#1441,1.);
#1441 = DIRECTION('',(-0.866025403784,0.5,0.));
#1442 = ORIENTED_EDGE('',*,*,#1443,.F.);
#1443 = EDGE_CURVE('',#1444,#1436,#1446,.T.);
#1444 = VERTEX_POINT('',#1445);
#1445 = CARTESIAN_POINT('',(16.,40.302148065377,47.55));
#1446 = LINE('',#1447,#1448);
#1447 = CARTESIAN_POINT('',(16.,40.302148065377,47.55));
#1448 = VECTOR('',#1449,1.);
#1449 = DIRECTION('',(0.,0.,1.));
#1450 = ORIENTED_EDGE('',*,*,#1451,.F.);
#1451 = EDGE_CURVE('',#1426,#1444,#1452,.T.);
#1452 = LINE('',#1453,#1454);
#1453 = CARTESIAN_POINT('',(20.765,37.551074032689,47.55));
#1454 = VECTOR('',#1455,1.);
#1455 = DIRECTION('',(-0.866025403784,0.5,0.));
#1456 = PLANE('',#1457);
#1457 = AXIS2_PLACEMENT_3D('',#1458,#1459,#1460);
#1458 = CARTESIAN_POINT('',(20.765,37.551074032689,47.55));
#1459 = DIRECTION('',(-0.5,-0.866025403784,0.));
#1460 = DIRECTION('',(-0.866025403784,0.5,0.));
#1461 = ADVANCED_FACE('',(#1462),#1487,.F.);
#1462 = FACE_BOUND('',#1463,.F.);
#1463 = EDGE_LOOP('',(#1464,#1465,#1473,#1481));
#1464 = ORIENTED_EDGE('',*,*,#1443,.T.);
#1465 = ORIENTED_EDGE('',*,*,#1466,.T.);
#1466 = EDGE_CURVE('',#1436,#1467,#1469,.T.);
#1467 = VERTEX_POINT('',#1468);
#1468 = CARTESIAN_POINT('',(11.235,37.551074032689,50.73));
#1469 = LINE('',#1470,#1471);
#1470 = CARTESIAN_POINT('',(16.,40.302148065377,50.73));
#1471 = VECTOR('',#1472,1.);
#1472 = DIRECTION('',(-0.866025403784,-0.5,0.));
#1473 = ORIENTED_EDGE('',*,*,#1474,.F.);
#1474 = EDGE_CURVE('',#1475,#1467,#1477,.T.);
#1475 = VERTEX_POINT('',#1476);
#1476 = CARTESIAN_POINT('',(11.235,37.551074032689,47.55));
#1477 = LINE('',#1478,#1479);
#1478 = CARTESIAN_POINT('',(11.235,37.551074032689,47.55));
#1479 = VECTOR('',#1480,1.);
#1480 = DIRECTION('',(0.,0.,1.));
#1481 = ORIENTED_EDGE('',*,*,#1482,.F.);
#1482 = EDGE_CURVE('',#1444,#1475,#1483,.T.);
#1483 = LINE('',#1484,#1485);
#1484 = CARTESIAN_POINT('',(16.,40.302148065377,47.55));
#1485 = VECTOR('',#1486,1.);
#1486 = DIRECTION('',(-0.866025403784,-0.5,0.));
#1487 = PLANE('',#1488);
#1488 = AXIS2_PLACEMENT_3D('',#1489,#1490,#1491);
#1489 = CARTESIAN_POINT('',(16.,40.302148065377,47.55));
#1490 = DIRECTION('',(0.5,-0.866025403784,0.));
#1491 = DIRECTION('',(-0.866025403784,-0.5,0.));
#1492 = ADVANCED_FACE('',(#1493),#1518,.F.);
#1493 = FACE_BOUND('',#1494,.F.);
#1494 = EDGE_LOOP('',(#1495,#1496,#1504,#1512));
#1495 = ORIENTED_EDGE('',*,*,#1474,.T.);
#1496 = ORIENTED_EDGE('',*,*,#1497,.T.);
#1497 = EDGE_CURVE('',#1467,#1498,#1500,.T.);
#1498 = VERTEX_POINT('',#1499);
#1499 = CARTESIAN_POINT('',(11.235,32.048925967311,50.73));
#1500 = LINE('',#1501,#1502);
#1501 = CARTESIAN_POINT('',(11.235,37.551074032689,50.73));
#1502 = VECTOR('',#1503,1.);
#1503 = DIRECTION('',(0.,-1.,0.));
#1504 = ORIENTED_EDGE('',*,*,#1505,.F.);
#1505 = EDGE_CURVE('',#1506,#1498,#1508,.T.);
#1506 = VERTEX_POINT('',#1507);
#1507 = CARTESIAN_POINT('',(11.235,32.048925967311,47.55));
#1508 = LINE('',#1509,#1510);
#1509 = CARTESIAN_POINT('',(11.235,32.048925967311,47.55));
#1510 = VECTOR('',#1511,1.);
#1511 = DIRECTION('',(0.,0.,1.));
#1512 = ORIENTED_EDGE('',*,*,#1513,.F.);
#1513 = EDGE_CURVE('',#1475,#1506,#1514,.T.);
#1514 = LINE('',#1515,#1516);
#1515 = CARTESIAN_POINT('',(11.235,37.551074032689,47.55));
#1516 = VECTOR('',#1517,1.);
#1517 = DIRECTION('',(0.,-1.,0.));
#1518 = PLANE('',#1519);
#1519 = AXIS2_PLACEMENT_3D('',#1520,#1521,#1522);
#1520 = CARTESIAN_POINT('',(11.235,37.551074032689,47.55));
#1521 = DIRECTION('',(1.,0.,0.));
#1522 = DIRECTION('',(0.,-1.,0.));
#1523 = ADVANCED_FACE('',(#1524),#1549,.F.);
#1524 = FACE_BOUND('',#1525,.F.);
#1525 = EDGE_LOOP('',(#1526,#1527,#1535,#1543));
#1526 = ORIENTED_EDGE('',*,*,#1505,.T.);
#1527 = ORIENTED_EDGE('',*,*,#1528,.T.);
#1528 = EDGE_CURVE('',#1498,#1529,#1531,.T.);
#1529 = VERTEX_POINT('',#1530);
#1530 = CARTESIAN_POINT('',(16.,29.297851934623,50.73));
#1531 = LINE('',#1532,#1533);
#1532 = CARTESIAN_POINT('',(11.235,32.048925967311,50.73));
#1533 = VECTOR('',#1534,1.);
#1534 = DIRECTION('',(0.866025403784,-0.5,0.));
#1535 = ORIENTED_EDGE('',*,*,#1536,.F.);
#1536 = EDGE_CURVE('',#1537,#1529,#1539,.T.);
#1537 = VERTEX_POINT('',#1538);
#1538 = CARTESIAN_POINT('',(16.,29.297851934623,47.55));
#1539 = LINE('',#1540,#1541);
#1540 = CARTESIAN_POINT('',(16.,29.297851934623,47.55));
#1541 = VECTOR('',#1542,1.);
#1542 = DIRECTION('',(0.,0.,1.));
#1543 = ORIENTED_EDGE('',*,*,#1544,.F.);
#1544 = EDGE_CURVE('',#1506,#1537,#1545,.T.);
#1545 = LINE('',#1546,#1547);
#1546 = CARTESIAN_POINT('',(11.235,32.048925967311,47.55));
#1547 = VECTOR('',#1548,1.);
#1548 = DIRECTION('',(0.866025403784,-0.5,0.));
#1549 = PLANE('',#1550);
#1550 = AXIS2_PLACEMENT_3D('',#1551,#1552,#1553);
#1551 = CARTESIAN_POINT('',(11.235,32.048925967311,47.55));
#1552 = DIRECTION('',(0.5,0.866025403784,0.));
#1553 = DIRECTION('',(0.866025403784,-0.5,0.));
#1554 = ADVANCED_FACE('',(#1555),#1580,.F.);
#1555 = FACE_BOUND('',#1556,.F.);
#1556 = EDGE_LOOP('',(#1557,#1558,#1566,#1574));
#1557 = ORIENTED_EDGE('',*,*,#1536,.T.);
#1558 = ORIENTED_EDGE('',*,*,#1559,.T.);
#1559 = EDGE_CURVE('',#1529,#1560,#1562,.T.);
#1560 = VERTEX_POINT('',#1561);
#1561 = CARTESIAN_POINT('',(20.765,32.048925967311,50.73));
#1562 = LINE('',#1563,#1564);
#1563 = CARTESIAN_POINT('',(16.,29.297851934623,50.73));
#1564 = VECTOR('',#1565,1.);
#1565 = DIRECTION('',(0.866025403784,0.5,0.));
#1566 = ORIENTED_EDGE('',*,*,#1567,.F.);
#1567 = EDGE_CURVE('',#1568,#1560,#1570,.T.);
#1568 = VERTEX_POINT('',#1569);
#1569 = CARTESIAN_POINT('',(20.765,32.048925967311,47.55));
#1570 = LINE('',#1571,#1572);
#1571 = CARTESIAN_POINT('',(20.765,32.048925967311,47.55));
#1572 = VECTOR('',#1573,1.);
#1573 = DIRECTION('',(0.,0.,1.));
#1574 = ORIENTED_EDGE('',*,*,#1575,.F.);
#1575 = EDGE_CURVE('',#1537,#1568,#1576,.T.);
#1576 = LINE('',#1577,#1578);
#1577 = CARTESIAN_POINT('',(16.,29.297851934623,47.55));
#1578 = VECTOR('',#1579,1.);
#1579 = DIRECTION('',(0.866025403784,0.5,0.));
#1580 = PLANE('',#1581);
#1581 = AXIS2_PLACEMENT_3D('',#1582,#1583,#1584);
#1582 = CARTESIAN_POINT('',(16.,29.297851934623,47.55));
#1583 = DIRECTION('',(-0.5,0.866025403784,0.));
#1584 = DIRECTION('',(0.866025403784,0.5,0.));
#1585 = ADVANCED_FACE('',(#1586),#1602,.F.);
#1586 = FACE_BOUND('',#1587,.F.);
#1587 = EDGE_LOOP('',(#1588,#1589,#1595,#1596));
#1588 = ORIENTED_EDGE('',*,*,#1567,.T.);
#1589 = ORIENTED_EDGE('',*,*,#1590,.T.);
#1590 = EDGE_CURVE('',#1560,#1428,#1591,.T.);
#1591 = LINE('',#1592,#1593);
#1592 = CARTESIAN_POINT('',(20.765,32.048925967311,50.73));
#1593 = VECTOR('',#1594,1.);
#1594 = DIRECTION('',(3.228478801903E-16,1.,0.));
#1595 = ORIENTED_EDGE('',*,*,#1425,.F.);
#1596 = ORIENTED_EDGE('',*,*,#1597,.F.);
#1597 = EDGE_CURVE('',#1568,#1426,#1598,.T.);
#1598 = LINE('',#1599,#1600);
#1599 = CARTESIAN_POINT('',(20.765,32.048925967311,47.55));
#1600 = VECTOR('',#1601,1.);
#1601 = DIRECTION('',(3.228478801903E-16,1.,0.));
#1602 = PLANE('',#1603);
#1603 = AXIS2_PLACEMENT_3D('',#1604,#1605,#1606);
#1604 = CARTESIAN_POINT('',(20.765,32.048925967311,47.55));
#1605 = DIRECTION('',(-1.,3.228478801903E-16,0.));
#1606 = DIRECTION('',(3.228478801903E-16,1.,0.));
#1607 = ADVANCED_FACE('',(#1608),#1616,.F.);
#1608 = FACE_BOUND('',#1609,.F.);
#1609 = EDGE_LOOP('',(#1610,#1611,#1612,#1613,#1614,#1615));
#1610 = ORIENTED_EDGE('',*,*,#1451,.T.);
#1611 = ORIENTED_EDGE('',*,*,#1482,.T.);
#1612 = ORIENTED_EDGE('',*,*,#1513,.T.);
#1613 = ORIENTED_EDGE('',*,*,#1544,.T.);
#1614 = ORIENTED_EDGE('',*,*,#1575,.T.);
#1615 = ORIENTED_EDGE('',*,*,#1597,.T.);
#1616 = PLANE('',#1617);
#1617 = AXIS2_PLACEMENT_3D('',#1618,#1619,#1620);
#1618 = CARTESIAN_POINT('',(16.,34.8,47.55));
#1619 = DIRECTION('',(0.,0.,1.));
#1620 = DIRECTION('',(1.,0.,0.));
#1621 = ADVANCED_FACE('',(#1622),#1630,.T.);
#1622 = FACE_BOUND('',#1623,.T.);
#1623 = EDGE_LOOP('',(#1624,#1625,#1626,#1627,#1628,#1629));
#1624 = ORIENTED_EDGE('',*,*,#1435,.T.);
#1625 = ORIENTED_EDGE('',*,*,#1466,.T.);
#1626 = ORIENTED_EDGE('',*,*,#1497,.T.);
#1627 = ORIENTED_EDGE('',*,*,#1528,.T.);
#1628 = ORIENTED_EDGE('',*,*,#1559,.T.);
#1629 = ORIENTED_EDGE('',*,*,#1590,.T.);
#1630 = PLANE('',#1631);
#1631 = AXIS2_PLACEMENT_3D('',#1632,#1633,#1634);
#1632 = CARTESIAN_POINT('',(16.,34.8,50.73));
#1633 = DIRECTION('',(0.,0.,1.));
#1634 = DIRECTION('',(1.,0.,0.));
#1635 = MANIFOLD_SOLID_BREP('',#1636);
#1636 = CLOSED_SHELL('',(#1637,#1670,#1679));
#1637 = ADVANCED_FACE('',(#1638),#1665,.T.);
#1638 = FACE_BOUND('',#1639,.T.);
#1639 = EDGE_LOOP('',(#1640,#1649,#1657,#1664));
#1640 = ORIENTED_EDGE('',*,*,#1641,.F.);
#1641 = EDGE_CURVE('',#1642,#1642,#1644,.T.);
#1642 = VERTEX_POINT('',#1643);
#1643 = CARTESIAN_POINT('',(88.013,34.8,62.35));
#1644 = CIRCLE('',#1645,2.413);
#1645 = AXIS2_PLACEMENT_3D('',#1646,#1647,#1648);
#1646 = CARTESIAN_POINT('',(85.6,34.8,62.35));
#1647 = DIRECTION('',(0.,0.,1.));
#1648 = DIRECTION('',(1.,0.,0.));
#1649 = ORIENTED_EDGE('',*,*,#1650,.F.);
#1650 = EDGE_CURVE('',#1651,#1642,#1653,.T.);
#1651 = VERTEX_POINT('',#1652);
#1652 = CARTESIAN_POINT('',(88.013,34.8,35.6));
#1653 = LINE('',#1654,#1655);
#1654 = CARTESIAN_POINT('',(88.013,34.8,35.6));
#1655 = VECTOR('',#1656,1.);
#1656 = DIRECTION('',(0.,0.,1.));
#1657 = ORIENTED_EDGE('',*,*,#1658,.T.);
#1658 = EDGE_CURVE('',#1651,#1651,#1659,.T.);
#1659 = CIRCLE('',#1660,2.413);
#1660 = AXIS2_PLACEMENT_3D('',#1661,#1662,#1663);
#1661 = CARTESIAN_POINT('',(85.6,34.8,35.6));
#1662 = DIRECTION('',(0.,0.,1.));
#1663 = DIRECTION('',(1.,0.,0.));
#1664 = ORIENTED_EDGE('',*,*,#1650,.T.);
#1665 = CYLINDRICAL_SURFACE('',#1666,2.413);
#1666 = AXIS2_PLACEMENT_3D('',#1667,#1668,#1669);
#1667 = CARTESIAN_POINT('',(85.6,34.8,35.6));
#1668 = DIRECTION('',(0.,0.,1.));
#1669 = DIRECTION('',(1.,0.,0.));
#1670 = ADVANCED_FACE('',(#1671),#1674,.T.);
#1671 = FACE_BOUND('',#1672,.T.);
#1672 = EDGE_LOOP('',(#1673));
#1673 = ORIENTED_EDGE('',*,*,#1641,.T.);
#1674 = PLANE('',#1675);
#1675 = AXIS2_PLACEMENT_3D('',#1676,#1677,#1678);
#1676 = CARTESIAN_POINT('',(85.6,34.8,62.35));
#1677 = DIRECTION('',(0.,0.,1.));
#1678 = DIRECTION('',(1.,0.,0.));
#1679 = ADVANCED_FACE('',(#1680),#1683,.F.);
#1680 = FACE_BOUND('',#1681,.T.);
#1681 = EDGE_LOOP('',(#1682));
#1682 = ORIENTED_EDGE('',*,*,#1658,.F.);
#1683 = PLANE('',#1684);
#1684 = AXIS2_PLACEMENT_3D('',#1685,#1686,#1687);
#1685 = CARTESIAN_POINT('',(85.6,34.8,35.6));
#1686 = DIRECTION('',(0.,0.,1.));
#1687 = DIRECTION('',(1.,0.,0.));
#1688 = MANIFOLD_SOLID_BREP('',#1689);
#1689 = CLOSED_SHELL('',(#1690,#1723,#1743,#1763));
#1690 = ADVANCED_FACE('',(#1691),#1718,.T.);
#1691 = FACE_BOUND('',#1692,.T.);
#1692 = EDGE_LOOP('',(#1693,#1702,#1710,#1717));
#1693 = ORIENTED_EDGE('',*,*,#1694,.F.);
#1694 = EDGE_CURVE('',#1695,#1695,#1697,.T.);
#1695 = VERTEX_POINT('',#1696);
#1696 = CARTESIAN_POINT('',(91.95,34.8,47.55));
#1697 = CIRCLE('',#1698,6.35);
#1698 = AXIS2_PLACEMENT_3D('',#1699,#1700,#1701);
#1699 = CARTESIAN_POINT('',(85.6,34.8,47.55));
#1700 = DIRECTION('',(0.,0.,1.));
#1701 = DIRECTION('',(1.,0.,0.));
#1702 = ORIENTED_EDGE('',*,*,#1703,.F.);
#1703 = EDGE_CURVE('',#1704,#1695,#1706,.T.);
#1704 = VERTEX_POINT('',#1705);
#1705 = CARTESIAN_POINT('',(91.95,34.8,46.35));
#1706 = LINE('',#1707,#1708);
#1707 = CARTESIAN_POINT('',(91.95,34.8,46.35));
#1708 = VECTOR('',#1709,1.);
#1709 = DIRECTION('',(0.,0.,1.));
#1710 = ORIENTED_EDGE('',*,*,#1711,.T.);
#1711 = EDGE_CURVE('',#1704,#1704,#1712,.T.);
#1712 = CIRCLE('',#1713,6.35);
#1713 = AXIS2_PLACEMENT_3D('',#1714,#1715,#1716);
#1714 = CARTESIAN_POINT('',(85.6,34.8,46.35));
#1715 = DIRECTION('',(0.,0.,1.));
#1716 = DIRECTION('',(1.,0.,0.));
#1717 = ORIENTED_EDGE('',*,*,#1703,.T.);
#1718 = CYLINDRICAL_SURFACE('',#1719,6.35);
#1719 = AXIS2_PLACEMENT_3D('',#1720,#1721,#1722);
#1720 = CARTESIAN_POINT('',(85.6,34.8,46.35));
#1721 = DIRECTION('',(0.,0.,1.));
#1722 = DIRECTION('',(1.,0.,0.));
#1723 = ADVANCED_FACE('',(#1724,#1727),#1738,.T.);
#1724 = FACE_BOUND('',#1725,.T.);
#1725 = EDGE_LOOP('',(#1726));
#1726 = ORIENTED_EDGE('',*,*,#1694,.T.);
#1727 = FACE_BOUND('',#1728,.T.);
#1728 = EDGE_LOOP('',(#1729));
#1729 = ORIENTED_EDGE('',*,*,#1730,.F.);
#1730 = EDGE_CURVE('',#1731,#1731,#1733,.T.);
#1731 = VERTEX_POINT('',#1732);
#1732 = CARTESIAN_POINT('',(88.1,34.8,47.55));
#1733 = CIRCLE('',#1734,2.5);
#1734 = AXIS2_PLACEMENT_3D('',#1735,#1736,#1737);
#1735 = CARTESIAN_POINT('',(85.6,34.8,47.55));
#1736 = DIRECTION('',(0.,0.,1.));
#1737 = DIRECTION('',(1.,0.,0.));
#1738 = PLANE('',#1739);
#1739 = AXIS2_PLACEMENT_3D('',#1740,#1741,#1742);
#1740 = CARTESIAN_POINT('',(85.6,34.8,47.55));
#1741 = DIRECTION('',(0.,0.,1.));
#1742 = DIRECTION('',(1.,0.,0.));
#1743 = ADVANCED_FACE('',(#1744,#1747),#1758,.F.);
#1744 = FACE_BOUND('',#1745,.F.);
#1745 = EDGE_LOOP('',(#1746));
#1746 = ORIENTED_EDGE('',*,*,#1711,.T.);
#1747 = FACE_BOUND('',#1748,.F.);
#1748 = EDGE_LOOP('',(#1749));
#1749 = ORIENTED_EDGE('',*,*,#1750,.F.);
#1750 = EDGE_CURVE('',#1751,#1751,#1753,.T.);
#1751 = VERTEX_POINT('',#1752);
#1752 = CARTESIAN_POINT('',(88.1,34.8,46.35));
#1753 = CIRCLE('',#1754,2.5);
#1754 = AXIS2_PLACEMENT_3D('',#1755,#1756,#1757);
#1755 = CARTESIAN_POINT('',(85.6,34.8,46.35));
#1756 = DIRECTION('',(0.,0.,1.));
#1757 = DIRECTION('',(1.,0.,0.));
#1758 = PLANE('',#1759);
#1759 = AXIS2_PLACEMENT_3D('',#1760,#1761,#1762);
#1760 = CARTESIAN_POINT('',(85.6,34.8,46.35));
#1761 = DIRECTION('',(0.,0.,1.));
#1762 = DIRECTION('',(1.,0.,0.));
#1763 = ADVANCED_FACE('',(#1764),#1775,.F.);
#1764 = FACE_BOUND('',#1765,.F.);
#1765 = EDGE_LOOP('',(#1766,#1767,#1773,#1774));
#1766 = ORIENTED_EDGE('',*,*,#1730,.F.);
#1767 = ORIENTED_EDGE('',*,*,#1768,.F.);
#1768 = EDGE_CURVE('',#1751,#1731,#1769,.T.);
#1769 = LINE('',#1770,#1771);
#1770 = CARTESIAN_POINT('',(88.1,34.8,46.25));
#1771 = VECTOR('',#1772,1.);
#1772 = DIRECTION('',(0.,0.,1.));
#1773 = ORIENTED_EDGE('',*,*,#1750,.T.);
#1774 = ORIENTED_EDGE('',*,*,#1768,.T.);
#1775 = CYLINDRICAL_SURFACE('',#1776,2.5);
#1776 = AXIS2_PLACEMENT_3D('',#1777,#1778,#1779);
#1777 = CARTESIAN_POINT('',(85.6,34.8,46.25));
#1778 = DIRECTION('',(0.,0.,1.));
#1779 = DIRECTION('',(1.,0.,0.));
#1780 = MANIFOLD_SOLID_BREP('',#1781);
#1781 = CLOSED_SHELL('',(#1782,#1822,#1853,#1884,#1915,#1946,#1968,#1982
    ));
#1782 = ADVANCED_FACE('',(#1783),#1817,.F.);
#1783 = FACE_BOUND('',#1784,.F.);
#1784 = EDGE_LOOP('',(#1785,#1795,#1803,#1811));
#1785 = ORIENTED_EDGE('',*,*,#1786,.T.);
#1786 = EDGE_CURVE('',#1787,#1789,#1791,.T.);
#1787 = VERTEX_POINT('',#1788);
#1788 = CARTESIAN_POINT('',(90.365,37.551074032689,47.55));
#1789 = VERTEX_POINT('',#1790);
#1790 = CARTESIAN_POINT('',(90.365,37.551074032689,50.73));
#1791 = LINE('',#1792,#1793);
#1792 = CARTESIAN_POINT('',(90.365,37.551074032689,47.55));
#1793 = VECTOR('',#1794,1.);
#1794 = DIRECTION('',(0.,0.,1.));
#1795 = ORIENTED_EDGE('',*,*,#1796,.T.);
#1796 = EDGE_CURVE('',#1789,#1797,#1799,.T.);
#1797 = VERTEX_POINT('',#1798);
#1798 = CARTESIAN_POINT('',(85.6,40.302148065377,50.73));
#1799 = LINE('',#1800,#1801);
#1800 = CARTESIAN_POINT('',(90.365,37.551074032689,50.73));
#1801 = VECTOR('',#1802,1.);
#1802 = DIRECTION('',(-0.866025403784,0.5,0.));
#1803 = ORIENTED_EDGE('',*,*,#1804,.F.);
#1804 = EDGE_CURVE('',#1805,#1797,#1807,.T.);
#1805 = VERTEX_POINT('',#1806);
#1806 = CARTESIAN_POINT('',(85.6,40.302148065377,47.55));
#1807 = LINE('',#1808,#1809);
#1808 = CARTESIAN_POINT('',(85.6,40.302148065377,47.55));
#1809 = VECTOR('',#1810,1.);
#1810 = DIRECTION('',(0.,0.,1.));
#1811 = ORIENTED_EDGE('',*,*,#1812,.F.);
#1812 = EDGE_CURVE('',#1787,#1805,#1813,.T.);
#1813 = LINE('',#1814,#1815);
#1814 = CARTESIAN_POINT('',(90.365,37.551074032689,47.55));
#1815 = VECTOR('',#1816,1.);
#1816 = DIRECTION('',(-0.866025403784,0.5,0.));
#1817 = PLANE('',#1818);
#1818 = AXIS2_PLACEMENT_3D('',#1819,#1820,#1821);
#1819 = CARTESIAN_POINT('',(90.365,37.551074032689,47.55));
#1820 = DIRECTION('',(-0.5,-0.866025403784,0.));
#1821 = DIRECTION('',(-0.866025403784,0.5,0.));
#1822 = ADVANCED_FACE('',(#1823),#1848,.F.);
#1823 = FACE_BOUND('',#1824,.F.);
#1824 = EDGE_LOOP('',(#1825,#1826,#1834,#1842));
#1825 = ORIENTED_EDGE('',*,*,#1804,.T.);
#1826 = ORIENTED_EDGE('',*,*,#1827,.T.);
#1827 = EDGE_CURVE('',#1797,#1828,#1830,.T.);
#1828 = VERTEX_POINT('',#1829);
#1829 = CARTESIAN_POINT('',(80.835,37.551074032689,50.73));
#1830 = LINE('',#1831,#1832);
#1831 = CARTESIAN_POINT('',(85.6,40.302148065377,50.73));
#1832 = VECTOR('',#1833,1.);
#1833 = DIRECTION('',(-0.866025403784,-0.5,0.));
#1834 = ORIENTED_EDGE('',*,*,#1835,.F.);
#1835 = EDGE_CURVE('',#1836,#1828,#1838,.T.);
#1836 = VERTEX_POINT('',#1837);
#1837 = CARTESIAN_POINT('',(80.835,37.551074032689,47.55));
#1838 = LINE('',#1839,#1840);
#1839 = CARTESIAN_POINT('',(80.835,37.551074032689,47.55));
#1840 = VECTOR('',#1841,1.);
#1841 = DIRECTION('',(0.,0.,1.));
#1842 = ORIENTED_EDGE('',*,*,#1843,.F.);
#1843 = EDGE_CURVE('',#1805,#1836,#1844,.T.);
#1844 = LINE('',#1845,#1846);
#1845 = CARTESIAN_POINT('',(85.6,40.302148065377,47.55));
#1846 = VECTOR('',#1847,1.);
#1847 = DIRECTION('',(-0.866025403784,-0.5,0.));
#1848 = PLANE('',#1849);
#1849 = AXIS2_PLACEMENT_3D('',#1850,#1851,#1852);
#1850 = CARTESIAN_POINT('',(85.6,40.302148065377,47.55));
#1851 = DIRECTION('',(0.5,-0.866025403784,0.));
#1852 = DIRECTION('',(-0.866025403784,-0.5,0.));
#1853 = ADVANCED_FACE('',(#1854),#1879,.F.);
#1854 = FACE_BOUND('',#1855,.F.);
#1855 = EDGE_LOOP('',(#1856,#1857,#1865,#1873));
#1856 = ORIENTED_EDGE('',*,*,#1835,.T.);
#1857 = ORIENTED_EDGE('',*,*,#1858,.T.);
#1858 = EDGE_CURVE('',#1828,#1859,#1861,.T.);
#1859 = VERTEX_POINT('',#1860);
#1860 = CARTESIAN_POINT('',(80.835,32.048925967311,50.73));
#1861 = LINE('',#1862,#1863);
#1862 = CARTESIAN_POINT('',(80.835,37.551074032689,50.73));
#1863 = VECTOR('',#1864,1.);
#1864 = DIRECTION('',(0.,-1.,0.));
#1865 = ORIENTED_EDGE('',*,*,#1866,.F.);
#1866 = EDGE_CURVE('',#1867,#1859,#1869,.T.);
#1867 = VERTEX_POINT('',#1868);
#1868 = CARTESIAN_POINT('',(80.835,32.048925967311,47.55));
#1869 = LINE('',#1870,#1871);
#1870 = CARTESIAN_POINT('',(80.835,32.048925967311,47.55));
#1871 = VECTOR('',#1872,1.);
#1872 = DIRECTION('',(0.,0.,1.));
#1873 = ORIENTED_EDGE('',*,*,#1874,.F.);
#1874 = EDGE_CURVE('',#1836,#1867,#1875,.T.);
#1875 = LINE('',#1876,#1877);
#1876 = CARTESIAN_POINT('',(80.835,37.551074032689,47.55));
#1877 = VECTOR('',#1878,1.);
#1878 = DIRECTION('',(0.,-1.,0.));
#1879 = PLANE('',#1880);
#1880 = AXIS2_PLACEMENT_3D('',#1881,#1882,#1883);
#1881 = CARTESIAN_POINT('',(80.835,37.551074032689,47.55));
#1882 = DIRECTION('',(1.,0.,0.));
#1883 = DIRECTION('',(0.,-1.,0.));
#1884 = ADVANCED_FACE('',(#1885),#1910,.F.);
#1885 = FACE_BOUND('',#1886,.F.);
#1886 = EDGE_LOOP('',(#1887,#1888,#1896,#1904));
#1887 = ORIENTED_EDGE('',*,*,#1866,.T.);
#1888 = ORIENTED_EDGE('',*,*,#1889,.T.);
#1889 = EDGE_CURVE('',#1859,#1890,#1892,.T.);
#1890 = VERTEX_POINT('',#1891);
#1891 = CARTESIAN_POINT('',(85.6,29.297851934623,50.73));
#1892 = LINE('',#1893,#1894);
#1893 = CARTESIAN_POINT('',(80.835,32.048925967311,50.73));
#1894 = VECTOR('',#1895,1.);
#1895 = DIRECTION('',(0.866025403784,-0.5,0.));
#1896 = ORIENTED_EDGE('',*,*,#1897,.F.);
#1897 = EDGE_CURVE('',#1898,#1890,#1900,.T.);
#1898 = VERTEX_POINT('',#1899);
#1899 = CARTESIAN_POINT('',(85.6,29.297851934623,47.55));
#1900 = LINE('',#1901,#1902);
#1901 = CARTESIAN_POINT('',(85.6,29.297851934623,47.55));
#1902 = VECTOR('',#1903,1.);
#1903 = DIRECTION('',(0.,0.,1.));
#1904 = ORIENTED_EDGE('',*,*,#1905,.F.);
#1905 = EDGE_CURVE('',#1867,#1898,#1906,.T.);
#1906 = LINE('',#1907,#1908);
#1907 = CARTESIAN_POINT('',(80.835,32.048925967311,47.55));
#1908 = VECTOR('',#1909,1.);
#1909 = DIRECTION('',(0.866025403784,-0.5,0.));
#1910 = PLANE('',#1911);
#1911 = AXIS2_PLACEMENT_3D('',#1912,#1913,#1914);
#1912 = CARTESIAN_POINT('',(80.835,32.048925967311,47.55));
#1913 = DIRECTION('',(0.5,0.866025403784,0.));
#1914 = DIRECTION('',(0.866025403784,-0.5,0.));
#1915 = ADVANCED_FACE('',(#1916),#1941,.F.);
#1916 = FACE_BOUND('',#1917,.F.);
#1917 = EDGE_LOOP('',(#1918,#1919,#1927,#1935));
#1918 = ORIENTED_EDGE('',*,*,#1897,.T.);
#1919 = ORIENTED_EDGE('',*,*,#1920,.T.);
#1920 = EDGE_CURVE('',#1890,#1921,#1923,.T.);
#1921 = VERTEX_POINT('',#1922);
#1922 = CARTESIAN_POINT('',(90.365,32.048925967311,50.73));
#1923 = LINE('',#1924,#1925);
#1924 = CARTESIAN_POINT('',(85.6,29.297851934623,50.73));
#1925 = VECTOR('',#1926,1.);
#1926 = DIRECTION('',(0.866025403784,0.5,0.));
#1927 = ORIENTED_EDGE('',*,*,#1928,.F.);
#1928 = EDGE_CURVE('',#1929,#1921,#1931,.T.);
#1929 = VERTEX_POINT('',#1930);
#1930 = CARTESIAN_POINT('',(90.365,32.048925967311,47.55));
#1931 = LINE('',#1932,#1933);
#1932 = CARTESIAN_POINT('',(90.365,32.048925967311,47.55));
#1933 = VECTOR('',#1934,1.);
#1934 = DIRECTION('',(0.,0.,1.));
#1935 = ORIENTED_EDGE('',*,*,#1936,.F.);
#1936 = EDGE_CURVE('',#1898,#1929,#1937,.T.);
#1937 = LINE('',#1938,#1939);
#1938 = CARTESIAN_POINT('',(85.6,29.297851934623,47.55));
#1939 = VECTOR('',#1940,1.);
#1940 = DIRECTION('',(0.866025403784,0.5,0.));
#1941 = PLANE('',#1942);
#1942 = AXIS2_PLACEMENT_3D('',#1943,#1944,#1945);
#1943 = CARTESIAN_POINT('',(85.6,29.297851934623,47.55));
#1944 = DIRECTION('',(-0.5,0.866025403784,0.));
#1945 = DIRECTION('',(0.866025403784,0.5,0.));
#1946 = ADVANCED_FACE('',(#1947),#1963,.F.);
#1947 = FACE_BOUND('',#1948,.F.);
#1948 = EDGE_LOOP('',(#1949,#1950,#1956,#1957));
#1949 = ORIENTED_EDGE('',*,*,#1928,.T.);
#1950 = ORIENTED_EDGE('',*,*,#1951,.T.);
#1951 = EDGE_CURVE('',#1921,#1789,#1952,.T.);
#1952 = LINE('',#1953,#1954);
#1953 = CARTESIAN_POINT('',(90.365,32.048925967311,50.73));
#1954 = VECTOR('',#1955,1.);
#1955 = DIRECTION('',(3.228478801903E-16,1.,0.));
#1956 = ORIENTED_EDGE('',*,*,#1786,.F.);
#1957 = ORIENTED_EDGE('',*,*,#1958,.F.);
#1958 = EDGE_CURVE('',#1929,#1787,#1959,.T.);
#1959 = LINE('',#1960,#1961);
#1960 = CARTESIAN_POINT('',(90.365,32.048925967311,47.55));
#1961 = VECTOR('',#1962,1.);
#1962 = DIRECTION('',(3.228478801903E-16,1.,0.));
#1963 = PLANE('',#1964);
#1964 = AXIS2_PLACEMENT_3D('',#1965,#1966,#1967);
#1965 = CARTESIAN_POINT('',(90.365,32.048925967311,47.55));
#1966 = DIRECTION('',(-1.,3.228478801903E-16,0.));
#1967 = DIRECTION('',(3.228478801903E-16,1.,0.));
#1968 = ADVANCED_FACE('',(#1969),#1977,.F.);
#1969 = FACE_BOUND('',#1970,.F.);
#1970 = EDGE_LOOP('',(#1971,#1972,#1973,#1974,#1975,#1976));
#1971 = ORIENTED_EDGE('',*,*,#1812,.T.);
#1972 = ORIENTED_EDGE('',*,*,#1843,.T.);
#1973 = ORIENTED_EDGE('',*,*,#1874,.T.);
#1974 = ORIENTED_EDGE('',*,*,#1905,.T.);
#1975 = ORIENTED_EDGE('',*,*,#1936,.T.);
#1976 = ORIENTED_EDGE('',*,*,#1958,.T.);
#1977 = PLANE('',#1978);
#1978 = AXIS2_PLACEMENT_3D('',#1979,#1980,#1981);
#1979 = CARTESIAN_POINT('',(85.6,34.8,47.55));
#1980 = DIRECTION('',(0.,0.,1.));
#1981 = DIRECTION('',(1.,0.,0.));
#1982 = ADVANCED_FACE('',(#1983),#1991,.T.);
#1983 = FACE_BOUND('',#1984,.T.);
#1984 = EDGE_LOOP('',(#1985,#1986,#1987,#1988,#1989,#1990));
#1985 = ORIENTED_EDGE('',*,*,#1796,.T.);
#1986 = ORIENTED_EDGE('',*,*,#1827,.T.);
#1987 = ORIENTED_EDGE('',*,*,#1858,.T.);
#1988 = ORIENTED_EDGE('',*,*,#1889,.T.);
#1989 = ORIENTED_EDGE('',*,*,#1920,.T.);
#1990 = ORIENTED_EDGE('',*,*,#1951,.T.);
#1991 = PLANE('',#1992);
#1992 = AXIS2_PLACEMENT_3D('',#1993,#1994,#1995);
#1993 = CARTESIAN_POINT('',(85.6,34.8,50.73));
#1994 = DIRECTION('',(0.,0.,1.));
#1995 = DIRECTION('',(1.,0.,0.));
#1996 = MANIFOLD_SOLID_BREP('',#1997);
#1997 = CLOSED_SHELL('',(#1998,#2031,#2051,#2071));
#1998 = ADVANCED_FACE('',(#1999),#2026,.T.);
#1999 = FACE_BOUND('',#2000,.T.);
#2000 = EDGE_LOOP('',(#2001,#2010,#2018,#2025));
#2001 = ORIENTED_EDGE('',*,*,#2002,.F.);
#2002 = EDGE_CURVE('',#2003,#2003,#2005,.T.);
#2003 = VERTEX_POINT('',#2004);
#2004 = CARTESIAN_POINT('',(58.8,25.4,47.95));
#2005 = CIRCLE('',#2006,8.);
#2006 = AXIS2_PLACEMENT_3D('',#2007,#2008,#2009);
#2007 = CARTESIAN_POINT('',(50.8,25.4,47.95));
#2008 = DIRECTION('',(0.,0.,1.));
#2009 = DIRECTION('',(1.,0.,0.));
#2010 = ORIENTED_EDGE('',*,*,#2011,.F.);
#2011 = EDGE_CURVE('',#2012,#2003,#2014,.T.);
#2012 = VERTEX_POINT('',#2013);
#2013 = CARTESIAN_POINT('',(58.8,25.4,46.35));
#2014 = LINE('',#2015,#2016);
#2015 = CARTESIAN_POINT('',(58.8,25.4,46.35));
#2016 = VECTOR('',#2017,1.);
#2017 = DIRECTION('',(0.,0.,1.));
#2018 = ORIENTED_EDGE('',*,*,#2019,.T.);
#2019 = EDGE_CURVE('',#2012,#2012,#2020,.T.);
#2020 = CIRCLE('',#2021,8.);
#2021 = AXIS2_PLACEMENT_3D('',#2022,#2023,#2024);
#2022 = CARTESIAN_POINT('',(50.8,25.4,46.35));
#2023 = DIRECTION('',(0.,0.,1.));
#2024 = DIRECTION('',(1.,0.,0.));
#2025 = ORIENTED_EDGE('',*,*,#2011,.T.);
#2026 = CYLINDRICAL_SURFACE('',#2027,8.);
#2027 = AXIS2_PLACEMENT_3D('',#2028,#2029,#2030);
#2028 = CARTESIAN_POINT('',(50.8,25.4,46.35));
#2029 = DIRECTION('',(0.,0.,1.));
#2030 = DIRECTION('',(1.,0.,0.));
#2031 = ADVANCED_FACE('',(#2032,#2035),#2046,.T.);
#2032 = FACE_BOUND('',#2033,.T.);
#2033 = EDGE_LOOP('',(#2034));
#2034 = ORIENTED_EDGE('',*,*,#2002,.T.);
#2035 = FACE_BOUND('',#2036,.T.);
#2036 = EDGE_LOOP('',(#2037));
#2037 = ORIENTED_EDGE('',*,*,#2038,.F.);
#2038 = EDGE_CURVE('',#2039,#2039,#2041,.T.);
#2039 = VERTEX_POINT('',#2040);
#2040 = CARTESIAN_POINT('',(55.05,25.4,47.95));
#2041 = CIRCLE('',#2042,4.25);
#2042 = AXIS2_PLACEMENT_3D('',#2043,#2044,#2045);
#2043 = CARTESIAN_POINT('',(50.8,25.4,47.95));
#2044 = DIRECTION('',(0.,0.,1.));
#2045 = DIRECTION('',(1.,0.,0.));
#2046 = PLANE('',#2047);
#2047 = AXIS2_PLACEMENT_3D('',#2048,#2049,#2050);
#2048 = CARTESIAN_POINT('',(50.8,25.4,47.95));
#2049 = DIRECTION('',(0.,0.,1.));
#2050 = DIRECTION('',(1.,0.,0.));
#2051 = ADVANCED_FACE('',(#2052,#2055),#2066,.F.);
#2052 = FACE_BOUND('',#2053,.F.);
#2053 = EDGE_LOOP('',(#2054));
#2054 = ORIENTED_EDGE('',*,*,#2019,.T.);
#2055 = FACE_BOUND('',#2056,.F.);
#2056 = EDGE_LOOP('',(#2057));
#2057 = ORIENTED_EDGE('',*,*,#2058,.F.);
#2058 = EDGE_CURVE('',#2059,#2059,#2061,.T.);
#2059 = VERTEX_POINT('',#2060);
#2060 = CARTESIAN_POINT('',(55.05,25.4,46.35));
#2061 = CIRCLE('',#2062,4.25);
#2062 = AXIS2_PLACEMENT_3D('',#2063,#2064,#2065);
#2063 = CARTESIAN_POINT('',(50.8,25.4,46.35));
#2064 = DIRECTION('',(0.,0.,1.));
#2065 = DIRECTION('',(1.,0.,0.));
#2066 = PLANE('',#2067);
#2067 = AXIS2_PLACEMENT_3D('',#2068,#2069,#2070);
#2068 = CARTESIAN_POINT('',(50.8,25.4,46.35));
#2069 = DIRECTION('',(0.,0.,1.));
#2070 = DIRECTION('',(1.,0.,0.));
#2071 = ADVANCED_FACE('',(#2072),#2083,.F.);
#2072 = FACE_BOUND('',#2073,.F.);
#2073 = EDGE_LOOP('',(#2074,#2075,#2081,#2082));
#2074 = ORIENTED_EDGE('',*,*,#2038,.F.);
#2075 = ORIENTED_EDGE('',*,*,#2076,.F.);
#2076 = EDGE_CURVE('',#2059,#2039,#2077,.T.);
#2077 = LINE('',#2078,#2079);
#2078 = CARTESIAN_POINT('',(55.05,25.4,46.25));
#2079 = VECTOR('',#2080,1.);
#2080 = DIRECTION('',(0.,0.,1.));
#2081 = ORIENTED_EDGE('',*,*,#2058,.T.);
#2082 = ORIENTED_EDGE('',*,*,#2076,.T.);
#2083 = CYLINDRICAL_SURFACE('',#2084,4.25);
#2084 = AXIS2_PLACEMENT_3D('',#2085,#2086,#2087);
#2085 = CARTESIAN_POINT('',(50.8,25.4,46.25));
#2086 = DIRECTION('',(0.,0.,1.));
#2087 = DIRECTION('',(1.,0.,0.));
#2088 = MANIFOLD_SOLID_BREP('',#2089);
#2089 = CLOSED_SHELL('',(#2090,#2130,#2161,#2192,#2236,#2269,#2286,#2303
    ,#2315,#2340));
#2090 = ADVANCED_FACE('',(#2091),#2125,.F.);
#2091 = FACE_BOUND('',#2092,.F.);
#2092 = EDGE_LOOP('',(#2093,#2103,#2111,#2119));
#2093 = ORIENTED_EDGE('',*,*,#2094,.T.);
#2094 = EDGE_CURVE('',#2095,#2097,#2099,.T.);
#2095 = VERTEX_POINT('',#2096);
#2096 = CARTESIAN_POINT('',(57.3,29.152776749733,47.95));
#2097 = VERTEX_POINT('',#2098);
#2098 = CARTESIAN_POINT('',(57.3,29.152776749733,53.45));
#2099 = LINE('',#2100,#2101);
#2100 = CARTESIAN_POINT('',(57.3,29.152776749733,47.95));
#2101 = VECTOR('',#2102,1.);
#2102 = DIRECTION('',(0.,0.,1.));
#2103 = ORIENTED_EDGE('',*,*,#2104,.T.);
#2104 = EDGE_CURVE('',#2097,#2105,#2107,.T.);
#2105 = VERTEX_POINT('',#2106);
#2106 = CARTESIAN_POINT('',(50.8,32.905553499465,53.45));
#2107 = LINE('',#2108,#2109);
#2108 = CARTESIAN_POINT('',(57.3,29.152776749733,53.45));
#2109 = VECTOR('',#2110,1.);
#2110 = DIRECTION('',(-0.866025403784,0.5,0.));
#2111 = ORIENTED_EDGE('',*,*,#2112,.F.);
#2112 = EDGE_CURVE('',#2113,#2105,#2115,.T.);
#2113 = VERTEX_POINT('',#2114);
#2114 = CARTESIAN_POINT('',(50.8,32.905553499465,47.95));
#2115 = LINE('',#2116,#2117);
#2116 = CARTESIAN_POINT('',(50.8,32.905553499465,47.95));
#2117 = VECTOR('',#2118,1.);
#2118 = DIRECTION('',(0.,0.,1.));
#2119 = ORIENTED_EDGE('',*,*,#2120,.F.);
#2120 = EDGE_CURVE('',#2095,#2113,#2121,.T.);
#2121 = LINE('',#2122,#2123);
#2122 = CARTESIAN_POINT('',(57.3,29.152776749733,47.95));
#2123 = VECTOR('',#2124,1.);
#2124 = DIRECTION('',(-0.866025403784,0.5,0.));
#2125 = PLANE('',#2126);
#2126 = AXIS2_PLACEMENT_3D('',#2127,#2128,#2129);
#2127 = CARTESIAN_POINT('',(57.3,29.152776749733,47.95));
#2128 = DIRECTION('',(-0.5,-0.866025403784,0.));
#2129 = DIRECTION('',(-0.866025403784,0.5,0.));
#2130 = ADVANCED_FACE('',(#2131),#2156,.F.);
#2131 = FACE_BOUND('',#2132,.F.);
#2132 = EDGE_LOOP('',(#2133,#2143,#2149,#2150));
#2133 = ORIENTED_EDGE('',*,*,#2134,.T.);
#2134 = EDGE_CURVE('',#2135,#2137,#2139,.T.);
#2135 = VERTEX_POINT('',#2136);
#2136 = CARTESIAN_POINT('',(57.3,21.647223250267,47.95));
#2137 = VERTEX_POINT('',#2138);
#2138 = CARTESIAN_POINT('',(57.3,21.647223250267,53.45));
#2139 = LINE('',#2140,#2141);
#2140 = CARTESIAN_POINT('',(57.3,21.647223250267,47.95));
#2141 = VECTOR('',#2142,1.);
#2142 = DIRECTION('',(0.,0.,1.));
#2143 = ORIENTED_EDGE('',*,*,#2144,.T.);
#2144 = EDGE_CURVE('',#2137,#2097,#2145,.T.);
#2145 = LINE('',#2146,#2147);
#2146 = CARTESIAN_POINT('',(57.3,21.647223250267,53.45));
#2147 = VECTOR('',#2148,1.);
#2148 = DIRECTION('',(3.550084959477E-16,1.,0.));
#2149 = ORIENTED_EDGE('',*,*,#2094,.F.);
#2150 = ORIENTED_EDGE('',*,*,#2151,.F.);
#2151 = EDGE_CURVE('',#2135,#2095,#2152,.T.);
#2152 = LINE('',#2153,#2154);
#2153 = CARTESIAN_POINT('',(57.3,21.647223250267,47.95));
#2154 = VECTOR('',#2155,1.);
#2155 = DIRECTION('',(3.550084959477E-16,1.,0.));
#2156 = PLANE('',#2157);
#2157 = AXIS2_PLACEMENT_3D('',#2158,#2159,#2160);
#2158 = CARTESIAN_POINT('',(57.3,21.647223250267,47.95));
#2159 = DIRECTION('',(-1.,3.550084959477E-16,0.));
#2160 = DIRECTION('',(3.550084959477E-16,1.,0.));
#2161 = ADVANCED_FACE('',(#2162),#2187,.F.);
#2162 = FACE_BOUND('',#2163,.F.);
#2163 = EDGE_LOOP('',(#2164,#2165,#2173,#2181));
#2164 = ORIENTED_EDGE('',*,*,#2112,.T.);
#2165 = ORIENTED_EDGE('',*,*,#2166,.T.);
#2166 = EDGE_CURVE('',#2105,#2167,#2169,.T.);
#2167 = VERTEX_POINT('',#2168);
#2168 = CARTESIAN_POINT('',(44.3,29.152776749733,53.45));
#2169 = LINE('',#2170,#2171);
#2170 = CARTESIAN_POINT('',(50.8,32.905553499465,53.45));
#2171 = VECTOR('',#2172,1.);
#2172 = DIRECTION('',(-0.866025403784,-0.5,0.));
#2173 = ORIENTED_EDGE('',*,*,#2174,.F.);
#2174 = EDGE_CURVE('',#2175,#2167,#2177,.T.);
#2175 = VERTEX_POINT('',#2176);
#2176 = CARTESIAN_POINT('',(44.3,29.152776749733,47.95));
#2177 = LINE('',#2178,#2179);
#2178 = CARTESIAN_POINT('',(44.3,29.152776749733,47.95));
#2179 = VECTOR('',#2180,1.);
#2180 = DIRECTION('',(0.,0.,1.));
#2181 = ORIENTED_EDGE('',*,*,#2182,.F.);
#2182 = EDGE_CURVE('',#2113,#2175,#2183,.T.);
#2183 = LINE('',#2184,#2185);
#2184 = CARTESIAN_POINT('',(50.8,32.905553499465,47.95));
#2185 = VECTOR('',#2186,1.);
#2186 = DIRECTION('',(-0.866025403784,-0.5,0.));
#2187 = PLANE('',#2188);
#2188 = AXIS2_PLACEMENT_3D('',#2189,#2190,#2191);
#2189 = CARTESIAN_POINT('',(50.8,32.905553499465,47.95));
#2190 = DIRECTION('',(0.5,-0.866025403784,0.));
#2191 = DIRECTION('',(-0.866025403784,-0.5,0.));
#2192 = ADVANCED_FACE('',(#2193,#2220),#2231,.F.);
#2193 = FACE_BOUND('',#2194,.F.);
#2194 = EDGE_LOOP('',(#2195,#2196,#2197,#2205,#2213,#2219));
#2195 = ORIENTED_EDGE('',*,*,#2120,.T.);
#2196 = ORIENTED_EDGE('',*,*,#2182,.T.);
#2197 = ORIENTED_EDGE('',*,*,#2198,.T.);
#2198 = EDGE_CURVE('',#2175,#2199,#2201,.T.);
#2199 = VERTEX_POINT('',#2200);
#2200 = CARTESIAN_POINT('',(44.3,21.647223250267,47.95));
#2201 = LINE('',#2202,#2203);
#2202 = CARTESIAN_POINT('',(44.3,29.152776749733,47.95));
#2203 = VECTOR('',#2204,1.);
#2204 = DIRECTION('',(1.183361653159E-16,-1.,0.));
#2205 = ORIENTED_EDGE('',*,*,#2206,.T.);
#2206 = EDGE_CURVE('',#2199,#2207,#2209,.T.);
#2207 = VERTEX_POINT('',#2208);
#2208 = CARTESIAN_POINT('',(50.8,17.894446500535,47.95));
#2209 = LINE('',#2210,#2211);
#2210 = CARTESIAN_POINT('',(44.3,21.647223250267,47.95));
#2211 = VECTOR('',#2212,1.);
#2212 = DIRECTION('',(0.866025403784,-0.5,0.));
#2213 = ORIENTED_EDGE('',*,*,#2214,.T.);
#2214 = EDGE_CURVE('',#2207,#2135,#2215,.T.);
#2215 = LINE('',#2216,#2217);
#2216 = CARTESIAN_POINT('',(50.8,17.894446500535,47.95));
#2217 = VECTOR('',#2218,1.);
#2218 = DIRECTION('',(0.866025403784,0.5,0.));
#2219 = ORIENTED_EDGE('',*,*,#2151,.T.);
#2220 = FACE_BOUND('',#2221,.F.);
#2221 = EDGE_LOOP('',(#2222));
#2222 = ORIENTED_EDGE('',*,*,#2223,.F.);
#2223 = EDGE_CURVE('',#2224,#2224,#2226,.T.);
#2224 = VERTEX_POINT('',#2225);
#2225 = CARTESIAN_POINT('',(54.8,25.4,47.95));
#2226 = CIRCLE('',#2227,4.);
#2227 = AXIS2_PLACEMENT_3D('',#2228,#2229,#2230);
#2228 = CARTESIAN_POINT('',(50.8,25.4,47.95));
#2229 = DIRECTION('',(0.,0.,1.));
#2230 = DIRECTION('',(1.,0.,0.));
#2231 = PLANE('',#2232);
#2232 = AXIS2_PLACEMENT_3D('',#2233,#2234,#2235);
#2233 = CARTESIAN_POINT('',(50.8,25.4,47.95));
#2234 = DIRECTION('',(0.,0.,1.));
#2235 = DIRECTION('',(1.,0.,0.));
#2236 = ADVANCED_FACE('',(#2237),#2264,.T.);
#2237 = FACE_BOUND('',#2238,.T.);
#2238 = EDGE_LOOP('',(#2239,#2240,#2241,#2249,#2257,#2263));
#2239 = ORIENTED_EDGE('',*,*,#2104,.T.);
#2240 = ORIENTED_EDGE('',*,*,#2166,.T.);
#2241 = ORIENTED_EDGE('',*,*,#2242,.T.);
#2242 = EDGE_CURVE('',#2167,#2243,#2245,.T.);
#2243 = VERTEX_POINT('',#2244);
#2244 = CARTESIAN_POINT('',(44.3,21.647223250267,53.45));
#2245 = LINE('',#2246,#2247);
#2246 = CARTESIAN_POINT('',(44.3,29.152776749733,53.45));
#2247 = VECTOR('',#2248,1.);
#2248 = DIRECTION('',(1.183361653159E-16,-1.,0.));
#2249 = ORIENTED_EDGE('',*,*,#2250,.T.);
#2250 = EDGE_CURVE('',#2243,#2251,#2253,.T.);
#2251 = VERTEX_POINT('',#2252);
#2252 = CARTESIAN_POINT('',(50.8,17.894446500535,53.45));
#2253 = LINE('',#2254,#2255);
#2254 = CARTESIAN_POINT('',(44.3,21.647223250267,53.45));
#2255 = VECTOR('',#2256,1.);
#2256 = DIRECTION('',(0.866025403784,-0.5,0.));
#2257 = ORIENTED_EDGE('',*,*,#2258,.T.);
#2258 = EDGE_CURVE('',#2251,#2137,#2259,.T.);
#2259 = LINE('',#2260,#2261);
#2260 = CARTESIAN_POINT('',(50.8,17.894446500535,53.45));
#2261 = VECTOR('',#2262,1.);
#2262 = DIRECTION('',(0.866025403784,0.5,0.));
#2263 = ORIENTED_EDGE('',*,*,#2144,.T.);
#2264 = PLANE('',#2265);
#2265 = AXIS2_PLACEMENT_3D('',#2266,#2267,#2268);
#2266 = CARTESIAN_POINT('',(50.8,25.4,53.45));
#2267 = DIRECTION('',(0.,0.,1.));
#2268 = DIRECTION('',(1.,0.,0.));
#2269 = ADVANCED_FACE('',(#2270),#2281,.F.);
#2270 = FACE_BOUND('',#2271,.F.);
#2271 = EDGE_LOOP('',(#2272,#2278,#2279,#2280));
#2272 = ORIENTED_EDGE('',*,*,#2273,.T.);
#2273 = EDGE_CURVE('',#2207,#2251,#2274,.T.);
#2274 = LINE('',#2275,#2276);
#2275 = CARTESIAN_POINT('',(50.8,17.894446500535,47.95));
#2276 = VECTOR('',#2277,1.);
#2277 = DIRECTION('',(0.,0.,1.));
#2278 = ORIENTED_EDGE('',*,*,#2258,.T.);
#2279 = ORIENTED_EDGE('',*,*,#2134,.F.);
#2280 = ORIENTED_EDGE('',*,*,#2214,.F.);
#2281 = PLANE('',#2282);
#2282 = AXIS2_PLACEMENT_3D('',#2283,#2284,#2285);
#2283 = CARTESIAN_POINT('',(50.8,17.894446500535,47.95));
#2284 = DIRECTION('',(-0.5,0.866025403784,0.));
#2285 = DIRECTION('',(0.866025403784,0.5,0.));
#2286 = ADVANCED_FACE('',(#2287),#2298,.F.);
#2287 = FACE_BOUND('',#2288,.F.);
#2288 = EDGE_LOOP('',(#2289,#2290,#2291,#2297));
#2289 = ORIENTED_EDGE('',*,*,#2174,.T.);
#2290 = ORIENTED_EDGE('',*,*,#2242,.T.);
#2291 = ORIENTED_EDGE('',*,*,#2292,.F.);
#2292 = EDGE_CURVE('',#2199,#2243,#2293,.T.);
#2293 = LINE('',#2294,#2295);
#2294 = CARTESIAN_POINT('',(44.3,21.647223250267,47.95));
#2295 = VECTOR('',#2296,1.);
#2296 = DIRECTION('',(0.,0.,1.));
#2297 = ORIENTED_EDGE('',*,*,#2198,.F.);
#2298 = PLANE('',#2299);
#2299 = AXIS2_PLACEMENT_3D('',#2300,#2301,#2302);
#2300 = CARTESIAN_POINT('',(44.3,29.152776749733,47.95));
#2301 = DIRECTION('',(1.,1.183361653159E-16,0.));
#2302 = DIRECTION('',(1.183361653159E-16,-1.,0.));
#2303 = ADVANCED_FACE('',(#2304),#2310,.F.);
#2304 = FACE_BOUND('',#2305,.F.);
#2305 = EDGE_LOOP('',(#2306,#2307,#2308,#2309));
#2306 = ORIENTED_EDGE('',*,*,#2292,.T.);
#2307 = ORIENTED_EDGE('',*,*,#2250,.T.);
#2308 = ORIENTED_EDGE('',*,*,#2273,.F.);
#2309 = ORIENTED_EDGE('',*,*,#2206,.F.);
#2310 = PLANE('',#2311);
#2311 = AXIS2_PLACEMENT_3D('',#2312,#2313,#2314);
#2312 = CARTESIAN_POINT('',(44.3,21.647223250267,47.95));
#2313 = DIRECTION('',(0.5,0.866025403784,0.));
#2314 = DIRECTION('',(0.866025403784,-0.5,0.));
#2315 = ADVANCED_FACE('',(#2316),#2335,.T.);
#2316 = FACE_BOUND('',#2317,.T.);
#2317 = EDGE_LOOP('',(#2318,#2319,#2327,#2334));
#2318 = ORIENTED_EDGE('',*,*,#2223,.F.);
#2319 = ORIENTED_EDGE('',*,*,#2320,.F.);
#2320 = EDGE_CURVE('',#2321,#2224,#2323,.T.);
#2321 = VERTEX_POINT('',#2322);
#2322 = CARTESIAN_POINT('',(54.8,25.4,30.2));
#2323 = LINE('',#2324,#2325);
#2324 = CARTESIAN_POINT('',(54.8,25.4,30.2));
#2325 = VECTOR('',#2326,1.);
#2326 = DIRECTION('',(0.,0.,1.));
#2327 = ORIENTED_EDGE('',*,*,#2328,.T.);
#2328 = EDGE_CURVE('',#2321,#2321,#2329,.T.);
#2329 = CIRCLE('',#2330,4.);
#2330 = AXIS2_PLACEMENT_3D('',#2331,#2332,#2333);
#2331 = CARTESIAN_POINT('',(50.8,25.4,30.2));
#2332 = DIRECTION('',(0.,0.,1.));
#2333 = DIRECTION('',(1.,0.,0.));
#2334 = ORIENTED_EDGE('',*,*,#2320,.T.);
#2335 = CYLINDRICAL_SURFACE('',#2336,4.);
#2336 = AXIS2_PLACEMENT_3D('',#2337,#2338,#2339);
#2337 = CARTESIAN_POINT('',(50.8,25.4,30.2));
#2338 = DIRECTION('',(0.,0.,1.));
#2339 = DIRECTION('',(1.,0.,0.));
#2340 = ADVANCED_FACE('',(#2341),#2344,.F.);
#2341 = FACE_BOUND('',#2342,.T.);
#2342 = EDGE_LOOP('',(#2343));
#2343 = ORIENTED_EDGE('',*,*,#2328,.F.);
#2344 = PLANE('',#2345);
#2345 = AXIS2_PLACEMENT_3D('',#2346,#2347,#2348);
#2346 = CARTESIAN_POINT('',(50.8,25.4,30.2));
#2347 = DIRECTION('',(0.,0.,1.));
#2348 = DIRECTION('',(1.,0.,0.));
#2349 = MANIFOLD_SOLID_BREP('',#2350);
#2350 = CLOSED_SHELL('',(#2351,#2391,#2422,#2453,#2486,#2530,#2547,#2564
    ,#2576,#2601));
#2351 = ADVANCED_FACE('',(#2352),#2386,.F.);
#2352 = FACE_BOUND('',#2353,.F.);
#2353 = EDGE_LOOP('',(#2354,#2364,#2372,#2380));
#2354 = ORIENTED_EDGE('',*,*,#2355,.T.);
#2355 = EDGE_CURVE('',#2356,#2358,#2360,.T.);
#2356 = VERTEX_POINT('',#2357);
#2357 = CARTESIAN_POINT('',(57.3,29.152776749733,-5.5));
#2358 = VERTEX_POINT('',#2359);
#2359 = CARTESIAN_POINT('',(57.3,29.152776749733,0.));
#2360 = LINE('',#2361,#2362);
#2361 = CARTESIAN_POINT('',(57.3,29.152776749733,-5.5));
#2362 = VECTOR('',#2363,1.);
#2363 = DIRECTION('',(0.,0.,1.));
#2364 = ORIENTED_EDGE('',*,*,#2365,.T.);
#2365 = EDGE_CURVE('',#2358,#2366,#2368,.T.);
#2366 = VERTEX_POINT('',#2367);
#2367 = CARTESIAN_POINT('',(50.8,32.905553499465,0.));
#2368 = LINE('',#2369,#2370);
#2369 = CARTESIAN_POINT('',(57.3,29.152776749733,0.));
#2370 = VECTOR('',#2371,1.);
#2371 = DIRECTION('',(-0.866025403784,0.5,0.));
#2372 = ORIENTED_EDGE('',*,*,#2373,.F.);
#2373 = EDGE_CURVE('',#2374,#2366,#2376,.T.);
#2374 = VERTEX_POINT('',#2375);
#2375 = CARTESIAN_POINT('',(50.8,32.905553499465,-5.5));
#2376 = LINE('',#2377,#2378);
#2377 = CARTESIAN_POINT('',(50.8,32.905553499465,-5.5));
#2378 = VECTOR('',#2379,1.);
#2379 = DIRECTION('',(0.,0.,1.));
#2380 = ORIENTED_EDGE('',*,*,#2381,.F.);
#2381 = EDGE_CURVE('',#2356,#2374,#2382,.T.);
#2382 = LINE('',#2383,#2384);
#2383 = CARTESIAN_POINT('',(57.3,29.152776749733,-5.5));
#2384 = VECTOR('',#2385,1.);
#2385 = DIRECTION('',(-0.866025403784,0.5,0.));
#2386 = PLANE('',#2387);
#2387 = AXIS2_PLACEMENT_3D('',#2388,#2389,#2390);
#2388 = CARTESIAN_POINT('',(57.3,29.152776749733,-5.5));
#2389 = DIRECTION('',(-0.5,-0.866025403784,0.));
#2390 = DIRECTION('',(-0.866025403784,0.5,0.));
#2391 = ADVANCED_FACE('',(#2392),#2417,.F.);
#2392 = FACE_BOUND('',#2393,.F.);
#2393 = EDGE_LOOP('',(#2394,#2404,#2410,#2411));
#2394 = ORIENTED_EDGE('',*,*,#2395,.T.);
#2395 = EDGE_CURVE('',#2396,#2398,#2400,.T.);
#2396 = VERTEX_POINT('',#2397);
#2397 = CARTESIAN_POINT('',(57.3,21.647223250267,-5.5));
#2398 = VERTEX_POINT('',#2399);
#2399 = CARTESIAN_POINT('',(57.3,21.647223250267,0.));
#2400 = LINE('',#2401,#2402);
#2401 = CARTESIAN_POINT('',(57.3,21.647223250267,-5.5));
#2402 = VECTOR('',#2403,1.);
#2403 = DIRECTION('',(0.,0.,1.));
#2404 = ORIENTED_EDGE('',*,*,#2405,.T.);
#2405 = EDGE_CURVE('',#2398,#2358,#2406,.T.);
#2406 = LINE('',#2407,#2408);
#2407 = CARTESIAN_POINT('',(57.3,21.647223250267,0.));
#2408 = VECTOR('',#2409,1.);
#2409 = DIRECTION('',(3.550084959477E-16,1.,0.));
#2410 = ORIENTED_EDGE('',*,*,#2355,.F.);
#2411 = ORIENTED_EDGE('',*,*,#2412,.F.);
#2412 = EDGE_CURVE('',#2396,#2356,#2413,.T.);
#2413 = LINE('',#2414,#2415);
#2414 = CARTESIAN_POINT('',(57.3,21.647223250267,-5.5));
#2415 = VECTOR('',#2416,1.);
#2416 = DIRECTION('',(3.550084959477E-16,1.,0.));
#2417 = PLANE('',#2418);
#2418 = AXIS2_PLACEMENT_3D('',#2419,#2420,#2421);
#2419 = CARTESIAN_POINT('',(57.3,21.647223250267,-5.5));
#2420 = DIRECTION('',(-1.,3.550084959477E-16,0.));
#2421 = DIRECTION('',(3.550084959477E-16,1.,0.));
#2422 = ADVANCED_FACE('',(#2423),#2448,.F.);
#2423 = FACE_BOUND('',#2424,.F.);
#2424 = EDGE_LOOP('',(#2425,#2426,#2434,#2442));
#2425 = ORIENTED_EDGE('',*,*,#2373,.T.);
#2426 = ORIENTED_EDGE('',*,*,#2427,.T.);
#2427 = EDGE_CURVE('',#2366,#2428,#2430,.T.);
#2428 = VERTEX_POINT('',#2429);
#2429 = CARTESIAN_POINT('',(44.3,29.152776749733,0.));
#2430 = LINE('',#2431,#2432);
#2431 = CARTESIAN_POINT('',(50.8,32.905553499465,0.));
#2432 = VECTOR('',#2433,1.);
#2433 = DIRECTION('',(-0.866025403784,-0.5,0.));
#2434 = ORIENTED_EDGE('',*,*,#2435,.F.);
#2435 = EDGE_CURVE('',#2436,#2428,#2438,.T.);
#2436 = VERTEX_POINT('',#2437);
#2437 = CARTESIAN_POINT('',(44.3,29.152776749733,-5.5));
#2438 = LINE('',#2439,#2440);
#2439 = CARTESIAN_POINT('',(44.3,29.152776749733,-5.5));
#2440 = VECTOR('',#2441,1.);
#2441 = DIRECTION('',(0.,0.,1.));
#2442 = ORIENTED_EDGE('',*,*,#2443,.F.);
#2443 = EDGE_CURVE('',#2374,#2436,#2444,.T.);
#2444 = LINE('',#2445,#2446);
#2445 = CARTESIAN_POINT('',(50.8,32.905553499465,-5.5));
#2446 = VECTOR('',#2447,1.);
#2447 = DIRECTION('',(-0.866025403784,-0.5,0.));
#2448 = PLANE('',#2449);
#2449 = AXIS2_PLACEMENT_3D('',#2450,#2451,#2452);
#2450 = CARTESIAN_POINT('',(50.8,32.905553499465,-5.5));
#2451 = DIRECTION('',(0.5,-0.866025403784,0.));
#2452 = DIRECTION('',(-0.866025403784,-0.5,0.));
#2453 = ADVANCED_FACE('',(#2454),#2481,.F.);
#2454 = FACE_BOUND('',#2455,.F.);
#2455 = EDGE_LOOP('',(#2456,#2457,#2458,#2466,#2474,#2480));
#2456 = ORIENTED_EDGE('',*,*,#2381,.T.);
#2457 = ORIENTED_EDGE('',*,*,#2443,.T.);
#2458 = ORIENTED_EDGE('',*,*,#2459,.T.);
#2459 = EDGE_CURVE('',#2436,#2460,#2462,.T.);
#2460 = VERTEX_POINT('',#2461);
#2461 = CARTESIAN_POINT('',(44.3,21.647223250267,-5.5));
#2462 = LINE('',#2463,#2464);
#2463 = CARTESIAN_POINT('',(44.3,29.152776749733,-5.5));
#2464 = VECTOR('',#2465,1.);
#2465 = DIRECTION('',(1.183361653159E-16,-1.,0.));
#2466 = ORIENTED_EDGE('',*,*,#2467,.T.);
#2467 = EDGE_CURVE('',#2460,#2468,#2470,.T.);
#2468 = VERTEX_POINT('',#2469);
#2469 = CARTESIAN_POINT('',(50.8,17.894446500535,-5.5));
#2470 = LINE('',#2471,#2472);
#2471 = CARTESIAN_POINT('',(44.3,21.647223250267,-5.5));
#2472 = VECTOR('',#2473,1.);
#2473 = DIRECTION('',(0.866025403784,-0.5,0.));
#2474 = ORIENTED_EDGE('',*,*,#2475,.T.);
#2475 = EDGE_CURVE('',#2468,#2396,#2476,.T.);
#2476 = LINE('',#2477,#2478);
#2477 = CARTESIAN_POINT('',(50.8,17.894446500535,-5.5));
#2478 = VECTOR('',#2479,1.);
#2479 = DIRECTION('',(0.866025403784,0.5,0.));
#2480 = ORIENTED_EDGE('',*,*,#2412,.T.);
#2481 = PLANE('',#2482);
#2482 = AXIS2_PLACEMENT_3D('',#2483,#2484,#2485);
#2483 = CARTESIAN_POINT('',(50.8,25.4,-5.5));
#2484 = DIRECTION('',(0.,0.,1.));
#2485 = DIRECTION('',(1.,0.,0.));
#2486 = ADVANCED_FACE('',(#2487,#2514),#2525,.T.);
#2487 = FACE_BOUND('',#2488,.T.);
#2488 = EDGE_LOOP('',(#2489,#2490,#2491,#2499,#2507,#2513));
#2489 = ORIENTED_EDGE('',*,*,#2365,.T.);
#2490 = ORIENTED_EDGE('',*,*,#2427,.T.);
#2491 = ORIENTED_EDGE('',*,*,#2492,.T.);
#2492 = EDGE_CURVE('',#2428,#2493,#2495,.T.);
#2493 = VERTEX_POINT('',#2494);
#2494 = CARTESIAN_POINT('',(44.3,21.647223250267,0.));
#2495 = LINE('',#2496,#2497);
#2496 = CARTESIAN_POINT('',(44.3,29.152776749733,0.));
#2497 = VECTOR('',#2498,1.);
#2498 = DIRECTION('',(1.183361653159E-16,-1.,0.));
#2499 = ORIENTED_EDGE('',*,*,#2500,.T.);
#2500 = EDGE_CURVE('',#2493,#2501,#2503,.T.);
#2501 = VERTEX_POINT('',#2502);
#2502 = CARTESIAN_POINT('',(50.8,17.894446500535,0.));
#2503 = LINE('',#2504,#2505);
#2504 = CARTESIAN_POINT('',(44.3,21.647223250267,0.));
#2505 = VECTOR('',#2506,1.);
#2506 = DIRECTION('',(0.866025403784,-0.5,0.));
#2507 = ORIENTED_EDGE('',*,*,#2508,.T.);
#2508 = EDGE_CURVE('',#2501,#2398,#2509,.T.);
#2509 = LINE('',#2510,#2511);
#2510 = CARTESIAN_POINT('',(50.8,17.894446500535,0.));
#2511 = VECTOR('',#2512,1.);
#2512 = DIRECTION('',(0.866025403784,0.5,0.));
#2513 = ORIENTED_EDGE('',*,*,#2405,.T.);
#2514 = FACE_BOUND('',#2515,.T.);
#2515 = EDGE_LOOP('',(#2516));
#2516 = ORIENTED_EDGE('',*,*,#2517,.F.);
#2517 = EDGE_CURVE('',#2518,#2518,#2520,.T.);
#2518 = VERTEX_POINT('',#2519);
#2519 = CARTESIAN_POINT('',(54.8,25.4,0.));
#2520 = CIRCLE('',#2521,4.);
#2521 = AXIS2_PLACEMENT_3D('',#2522,#2523,#2524);
#2522 = CARTESIAN_POINT('',(50.8,25.4,0.));
#2523 = DIRECTION('',(0.,0.,1.));
#2524 = DIRECTION('',(1.,0.,0.));
#2525 = PLANE('',#2526);
#2526 = AXIS2_PLACEMENT_3D('',#2527,#2528,#2529);
#2527 = CARTESIAN_POINT('',(50.8,25.4,0.));
#2528 = DIRECTION('',(0.,0.,1.));
#2529 = DIRECTION('',(1.,0.,0.));
#2530 = ADVANCED_FACE('',(#2531),#2542,.F.);
#2531 = FACE_BOUND('',#2532,.F.);
#2532 = EDGE_LOOP('',(#2533,#2539,#2540,#2541));
#2533 = ORIENTED_EDGE('',*,*,#2534,.T.);
#2534 = EDGE_CURVE('',#2468,#2501,#2535,.T.);
#2535 = LINE('',#2536,#2537);
#2536 = CARTESIAN_POINT('',(50.8,17.894446500535,-5.5));
#2537 = VECTOR('',#2538,1.);
#2538 = DIRECTION('',(0.,0.,1.));
#2539 = ORIENTED_EDGE('',*,*,#2508,.T.);
#2540 = ORIENTED_EDGE('',*,*,#2395,.F.);
#2541 = ORIENTED_EDGE('',*,*,#2475,.F.);
#2542 = PLANE('',#2543);
#2543 = AXIS2_PLACEMENT_3D('',#2544,#2545,#2546);
#2544 = CARTESIAN_POINT('',(50.8,17.894446500535,-5.5));
#2545 = DIRECTION('',(-0.5,0.866025403784,0.));
#2546 = DIRECTION('',(0.866025403784,0.5,0.));
#2547 = ADVANCED_FACE('',(#2548),#2559,.F.);
#2548 = FACE_BOUND('',#2549,.F.);
#2549 = EDGE_LOOP('',(#2550,#2551,#2552,#2558));
#2550 = ORIENTED_EDGE('',*,*,#2435,.T.);
#2551 = ORIENTED_EDGE('',*,*,#2492,.T.);
#2552 = ORIENTED_EDGE('',*,*,#2553,.F.);
#2553 = EDGE_CURVE('',#2460,#2493,#2554,.T.);
#2554 = LINE('',#2555,#2556);
#2555 = CARTESIAN_POINT('',(44.3,21.647223250267,-5.5));
#2556 = VECTOR('',#2557,1.);
#2557 = DIRECTION('',(0.,0.,1.));
#2558 = ORIENTED_EDGE('',*,*,#2459,.F.);
#2559 = PLANE('',#2560);
#2560 = AXIS2_PLACEMENT_3D('',#2561,#2562,#2563);
#2561 = CARTESIAN_POINT('',(44.3,29.152776749733,-5.5));
#2562 = DIRECTION('',(1.,1.183361653159E-16,0.));
#2563 = DIRECTION('',(1.183361653159E-16,-1.,0.));
#2564 = ADVANCED_FACE('',(#2565),#2571,.F.);
#2565 = FACE_BOUND('',#2566,.F.);
#2566 = EDGE_LOOP('',(#2567,#2568,#2569,#2570));
#2567 = ORIENTED_EDGE('',*,*,#2553,.T.);
#2568 = ORIENTED_EDGE('',*,*,#2500,.T.);
#2569 = ORIENTED_EDGE('',*,*,#2534,.F.);
#2570 = ORIENTED_EDGE('',*,*,#2467,.F.);
#2571 = PLANE('',#2572);
#2572 = AXIS2_PLACEMENT_3D('',#2573,#2574,#2575);
#2573 = CARTESIAN_POINT('',(44.3,21.647223250267,-5.5));
#2574 = DIRECTION('',(0.5,0.866025403784,0.));
#2575 = DIRECTION('',(0.866025403784,-0.5,0.));
#2576 = ADVANCED_FACE('',(#2577),#2596,.T.);
#2577 = FACE_BOUND('',#2578,.T.);
#2578 = EDGE_LOOP('',(#2579,#2587,#2594,#2595));
#2579 = ORIENTED_EDGE('',*,*,#2580,.T.);
#2580 = EDGE_CURVE('',#2518,#2581,#2583,.T.);
#2581 = VERTEX_POINT('',#2582);
#2582 = CARTESIAN_POINT('',(54.8,25.4,12.8));
#2583 = LINE('',#2584,#2585);
#2584 = CARTESIAN_POINT('',(54.8,25.4,-0.2));
#2585 = VECTOR('',#2586,1.);
#2586 = DIRECTION('',(0.,0.,1.));
#2587 = ORIENTED_EDGE('',*,*,#2588,.F.);
#2588 = EDGE_CURVE('',#2581,#2581,#2589,.T.);
#2589 = CIRCLE('',#2590,4.);
#2590 = AXIS2_PLACEMENT_3D('',#2591,#2592,#2593);
#2591 = CARTESIAN_POINT('',(50.8,25.4,12.8));
#2592 = DIRECTION('',(0.,0.,1.));
#2593 = DIRECTION('',(1.,0.,0.));
#2594 = ORIENTED_EDGE('',*,*,#2580,.F.);
#2595 = ORIENTED_EDGE('',*,*,#2517,.T.);
#2596 = CYLINDRICAL_SURFACE('',#2597,4.);
#2597 = AXIS2_PLACEMENT_3D('',#2598,#2599,#2600);
#2598 = CARTESIAN_POINT('',(50.8,25.4,-0.2));
#2599 = DIRECTION('',(0.,0.,1.));
#2600 = DIRECTION('',(1.,0.,0.));
#2601 = ADVANCED_FACE('',(#2602),#2605,.T.);
#2602 = FACE_BOUND('',#2603,.T.);
#2603 = EDGE_LOOP('',(#2604));
#2604 = ORIENTED_EDGE('',*,*,#2588,.T.);
#2605 = PLANE('',#2606);
#2606 = AXIS2_PLACEMENT_3D('',#2607,#2608,#2609);
#2607 = CARTESIAN_POINT('',(50.8,25.4,12.8));
#2608 = DIRECTION('',(0.,0.,1.));
#2609 = DIRECTION('',(1.,0.,0.));
#2610 = MANIFOLD_SOLID_BREP('',#2611);
#2611 = CLOSED_SHELL('',(#2612,#2645,#2665,#2685));
#2612 = ADVANCED_FACE('',(#2613),#2640,.T.);
#2613 = FACE_BOUND('',#2614,.T.);
#2614 = EDGE_LOOP('',(#2615,#2624,#2632,#2639));
#2615 = ORIENTED_EDGE('',*,*,#2616,.F.);
#2616 = EDGE_CURVE('',#2617,#2617,#2619,.T.);
#2617 = VERTEX_POINT('',#2618);
#2618 = CARTESIAN_POINT('',(27.1,16.,40.));
#2619 = CIRCLE('',#2620,11.1);
#2620 = AXIS2_PLACEMENT_3D('',#2621,#2622,#2623);
#2621 = CARTESIAN_POINT('',(16.,16.,40.));
#2622 = DIRECTION('',(0.,0.,1.));
#2623 = DIRECTION('',(1.,0.,0.));
#2624 = ORIENTED_EDGE('',*,*,#2625,.F.);
#2625 = EDGE_CURVE('',#2626,#2617,#2628,.T.);
#2626 = VERTEX_POINT('',#2627);
#2627 = CARTESIAN_POINT('',(27.1,16.,38.));
#2628 = LINE('',#2629,#2630);
#2629 = CARTESIAN_POINT('',(27.1,16.,38.));
#2630 = VECTOR('',#2631,1.);
#2631 = DIRECTION('',(0.,0.,1.));
#2632 = ORIENTED_EDGE('',*,*,#2633,.T.);
#2633 = EDGE_CURVE('',#2626,#2626,#2634,.T.);
#2634 = CIRCLE('',#2635,11.1);
#2635 = AXIS2_PLACEMENT_3D('',#2636,#2637,#2638);
#2636 = CARTESIAN_POINT('',(16.,16.,38.));
#2637 = DIRECTION('',(0.,0.,1.));
#2638 = DIRECTION('',(1.,0.,0.));
#2639 = ORIENTED_EDGE('',*,*,#2625,.T.);
#2640 = CYLINDRICAL_SURFACE('',#2641,11.1);
#2641 = AXIS2_PLACEMENT_3D('',#2642,#2643,#2644);
#2642 = CARTESIAN_POINT('',(16.,16.,38.));
#2643 = DIRECTION('',(0.,0.,1.));
#2644 = DIRECTION('',(1.,0.,0.));
#2645 = ADVANCED_FACE('',(#2646,#2649),#2660,.T.);
#2646 = FACE_BOUND('',#2647,.T.);
#2647 = EDGE_LOOP('',(#2648));
#2648 = ORIENTED_EDGE('',*,*,#2616,.T.);
#2649 = FACE_BOUND('',#2650,.T.);
#2650 = EDGE_LOOP('',(#2651));
#2651 = ORIENTED_EDGE('',*,*,#2652,.F.);
#2652 = EDGE_CURVE('',#2653,#2653,#2655,.T.);
#2653 = VERTEX_POINT('',#2654);
#2654 = CARTESIAN_POINT('',(20.2,16.,40.));
#2655 = CIRCLE('',#2656,4.2);
#2656 = AXIS2_PLACEMENT_3D('',#2657,#2658,#2659);
#2657 = CARTESIAN_POINT('',(16.,16.,40.));
#2658 = DIRECTION('',(0.,0.,1.));
#2659 = DIRECTION('',(1.,0.,0.));
#2660 = PLANE('',#2661);
#2661 = AXIS2_PLACEMENT_3D('',#2662,#2663,#2664);
#2662 = CARTESIAN_POINT('',(16.,16.,40.));
#2663 = DIRECTION('',(0.,0.,1.));
#2664 = DIRECTION('',(1.,0.,0.));
#2665 = ADVANCED_FACE('',(#2666,#2669),#2680,.F.);
#2666 = FACE_BOUND('',#2667,.F.);
#2667 = EDGE_LOOP('',(#2668));
#2668 = ORIENTED_EDGE('',*,*,#2633,.T.);
#2669 = FACE_BOUND('',#2670,.F.);
#2670 = EDGE_LOOP('',(#2671));
#2671 = ORIENTED_EDGE('',*,*,#2672,.F.);
#2672 = EDGE_CURVE('',#2673,#2673,#2675,.T.);
#2673 = VERTEX_POINT('',#2674);
#2674 = CARTESIAN_POINT('',(20.2,16.,38.));
#2675 = CIRCLE('',#2676,4.2);
#2676 = AXIS2_PLACEMENT_3D('',#2677,#2678,#2679);
#2677 = CARTESIAN_POINT('',(16.,16.,38.));
#2678 = DIRECTION('',(0.,0.,1.));
#2679 = DIRECTION('',(1.,0.,0.));
#2680 = PLANE('',#2681);
#2681 = AXIS2_PLACEMENT_3D('',#2682,#2683,#2684);
#2682 = CARTESIAN_POINT('',(16.,16.,38.));
#2683 = DIRECTION('',(0.,0.,1.));
#2684 = DIRECTION('',(1.,0.,0.));
#2685 = ADVANCED_FACE('',(#2686),#2697,.F.);
#2686 = FACE_BOUND('',#2687,.F.);
#2687 = EDGE_LOOP('',(#2688,#2689,#2695,#2696));
#2688 = ORIENTED_EDGE('',*,*,#2652,.F.);
#2689 = ORIENTED_EDGE('',*,*,#2690,.F.);
#2690 = EDGE_CURVE('',#2673,#2653,#2691,.T.);
#2691 = LINE('',#2692,#2693);
#2692 = CARTESIAN_POINT('',(20.2,16.,37.9));
#2693 = VECTOR('',#2694,1.);
#2694 = DIRECTION('',(0.,0.,1.));
#2695 = ORIENTED_EDGE('',*,*,#2672,.T.);
#2696 = ORIENTED_EDGE('',*,*,#2690,.T.);
#2697 = CYLINDRICAL_SURFACE('',#2698,4.2);
#2698 = AXIS2_PLACEMENT_3D('',#2699,#2700,#2701);
#2699 = CARTESIAN_POINT('',(16.,16.,37.9));
#2700 = DIRECTION('',(0.,0.,1.));
#2701 = DIRECTION('',(1.,0.,0.));
#2702 = MANIFOLD_SOLID_BREP('',#2703);
#2703 = CLOSED_SHELL('',(#2704,#2744,#2775,#2806,#2837,#2868,#2890,#2904
    ));
#2704 = ADVANCED_FACE('',(#2705),#2739,.F.);
#2705 = FACE_BOUND('',#2706,.F.);
#2706 = EDGE_LOOP('',(#2707,#2717,#2725,#2733));
#2707 = ORIENTED_EDGE('',*,*,#2708,.T.);
#2708 = EDGE_CURVE('',#2709,#2711,#2713,.T.);
#2709 = VERTEX_POINT('',#2710);
#2710 = CARTESIAN_POINT('',(22.35,19.666174209354,32.8));
#2711 = VERTEX_POINT('',#2712);
#2712 = CARTESIAN_POINT('',(22.35,19.666174209354,38.));
#2713 = LINE('',#2714,#2715);
#2714 = CARTESIAN_POINT('',(22.35,19.666174209354,32.8));
#2715 = VECTOR('',#2716,1.);
#2716 = DIRECTION('',(0.,0.,1.));
#2717 = ORIENTED_EDGE('',*,*,#2718,.T.);
#2718 = EDGE_CURVE('',#2711,#2719,#2721,.T.);
#2719 = VERTEX_POINT('',#2720);
#2720 = CARTESIAN_POINT('',(16.,23.332348418708,38.));
#2721 = LINE('',#2722,#2723);
#2722 = CARTESIAN_POINT('',(22.35,19.666174209354,38.));
#2723 = VECTOR('',#2724,1.);
#2724 = DIRECTION('',(-0.866025403784,0.5,0.));
#2725 = ORIENTED_EDGE('',*,*,#2726,.F.);
#2726 = EDGE_CURVE('',#2727,#2719,#2729,.T.);
#2727 = VERTEX_POINT('',#2728);
#2728 = CARTESIAN_POINT('',(16.,23.332348418708,32.8));
#2729 = LINE('',#2730,#2731);
#2730 = CARTESIAN_POINT('',(16.,23.332348418708,32.8));
#2731 = VECTOR('',#2732,1.);
#2732 = DIRECTION('',(0.,0.,1.));
#2733 = ORIENTED_EDGE('',*,*,#2734,.F.);
#2734 = EDGE_CURVE('',#2709,#2727,#2735,.T.);
#2735 = LINE('',#2736,#2737);
#2736 = CARTESIAN_POINT('',(22.35,19.666174209354,32.8));
#2737 = VECTOR('',#2738,1.);
#2738 = DIRECTION('',(-0.866025403784,0.5,0.));
#2739 = PLANE('',#2740);
#2740 = AXIS2_PLACEMENT_3D('',#2741,#2742,#2743);
#2741 = CARTESIAN_POINT('',(22.35,19.666174209354,32.8));
#2742 = DIRECTION('',(-0.5,-0.866025403784,0.));
#2743 = DIRECTION('',(-0.866025403784,0.5,0.));
#2744 = ADVANCED_FACE('',(#2745),#2770,.F.);
#2745 = FACE_BOUND('',#2746,.F.);
#2746 = EDGE_LOOP('',(#2747,#2748,#2756,#2764));
#2747 = ORIENTED_EDGE('',*,*,#2726,.T.);
#2748 = ORIENTED_EDGE('',*,*,#2749,.T.);
#2749 = EDGE_CURVE('',#2719,#2750,#2752,.T.);
#2750 = VERTEX_POINT('',#2751);
#2751 = CARTESIAN_POINT('',(9.65,19.666174209354,38.));
#2752 = LINE('',#2753,#2754);
#2753 = CARTESIAN_POINT('',(16.,23.332348418708,38.));
#2754 = VECTOR('',#2755,1.);
#2755 = DIRECTION('',(-0.866025403784,-0.5,0.));
#2756 = ORIENTED_EDGE('',*,*,#2757,.F.);
#2757 = EDGE_CURVE('',#2758,#2750,#2760,.T.);
#2758 = VERTEX_POINT('',#2759);
#2759 = CARTESIAN_POINT('',(9.65,19.666174209354,32.8));
#2760 = LINE('',#2761,#2762);
#2761 = CARTESIAN_POINT('',(9.65,19.666174209354,32.8));
#2762 = VECTOR('',#2763,1.);
#2763 = DIRECTION('',(0.,0.,1.));
#2764 = ORIENTED_EDGE('',*,*,#2765,.F.);
#2765 = EDGE_CURVE('',#2727,#2758,#2766,.T.);
#2766 = LINE('',#2767,#2768);
#2767 = CARTESIAN_POINT('',(16.,23.332348418708,32.8));
#2768 = VECTOR('',#2769,1.);
#2769 = DIRECTION('',(-0.866025403784,-0.5,0.));
#2770 = PLANE('',#2771);
#2771 = AXIS2_PLACEMENT_3D('',#2772,#2773,#2774);
#2772 = CARTESIAN_POINT('',(16.,23.332348418708,32.8));
#2773 = DIRECTION('',(0.5,-0.866025403784,0.));
#2774 = DIRECTION('',(-0.866025403784,-0.5,0.));
#2775 = ADVANCED_FACE('',(#2776),#2801,.F.);
#2776 = FACE_BOUND('',#2777,.F.);
#2777 = EDGE_LOOP('',(#2778,#2779,#2787,#2795));
#2778 = ORIENTED_EDGE('',*,*,#2757,.T.);
#2779 = ORIENTED_EDGE('',*,*,#2780,.T.);
#2780 = EDGE_CURVE('',#2750,#2781,#2783,.T.);
#2781 = VERTEX_POINT('',#2782);
#2782 = CARTESIAN_POINT('',(9.65,12.333825790646,38.));
#2783 = LINE('',#2784,#2785);
#2784 = CARTESIAN_POINT('',(9.65,19.666174209354,38.));
#2785 = VECTOR('',#2786,1.);
#2786 = DIRECTION('',(1.211315078037E-16,-1.,0.));
#2787 = ORIENTED_EDGE('',*,*,#2788,.F.);
#2788 = EDGE_CURVE('',#2789,#2781,#2791,.T.);
#2789 = VERTEX_POINT('',#2790);
#2790 = CARTESIAN_POINT('',(9.65,12.333825790646,32.8));
#2791 = LINE('',#2792,#2793);
#2792 = CARTESIAN_POINT('',(9.65,12.333825790646,32.8));
#2793 = VECTOR('',#2794,1.);
#2794 = DIRECTION('',(0.,0.,1.));
#2795 = ORIENTED_EDGE('',*,*,#2796,.F.);
#2796 = EDGE_CURVE('',#2758,#2789,#2797,.T.);
#2797 = LINE('',#2798,#2799);
#2798 = CARTESIAN_POINT('',(9.65,19.666174209354,32.8));
#2799 = VECTOR('',#2800,1.);
#2800 = DIRECTION('',(1.211315078037E-16,-1.,0.));
#2801 = PLANE('',#2802);
#2802 = AXIS2_PLACEMENT_3D('',#2803,#2804,#2805);
#2803 = CARTESIAN_POINT('',(9.65,19.666174209354,32.8));
#2804 = DIRECTION('',(1.,1.211315078037E-16,0.));
#2805 = DIRECTION('',(1.211315078037E-16,-1.,0.));
#2806 = ADVANCED_FACE('',(#2807),#2832,.F.);
#2807 = FACE_BOUND('',#2808,.F.);
#2808 = EDGE_LOOP('',(#2809,#2810,#2818,#2826));
#2809 = ORIENTED_EDGE('',*,*,#2788,.T.);
#2810 = ORIENTED_EDGE('',*,*,#2811,.T.);
#2811 = EDGE_CURVE('',#2781,#2812,#2814,.T.);
#2812 = VERTEX_POINT('',#2813);
#2813 = CARTESIAN_POINT('',(16.,8.667651581292,38.));
#2814 = LINE('',#2815,#2816);
#2815 = CARTESIAN_POINT('',(9.65,12.333825790646,38.));
#2816 = VECTOR('',#2817,1.);
#2817 = DIRECTION('',(0.866025403784,-0.5,0.));
#2818 = ORIENTED_EDGE('',*,*,#2819,.F.);
#2819 = EDGE_CURVE('',#2820,#2812,#2822,.T.);
#2820 = VERTEX_POINT('',#2821);
#2821 = CARTESIAN_POINT('',(16.,8.667651581292,32.8));
#2822 = LINE('',#2823,#2824);
#2823 = CARTESIAN_POINT('',(16.,8.667651581292,32.8));
#2824 = VECTOR('',#2825,1.);
#2825 = DIRECTION('',(0.,0.,1.));
#2826 = ORIENTED_EDGE('',*,*,#2827,.F.);
#2827 = EDGE_CURVE('',#2789,#2820,#2828,.T.);
#2828 = LINE('',#2829,#2830);
#2829 = CARTESIAN_POINT('',(9.65,12.333825790646,32.8));
#2830 = VECTOR('',#2831,1.);
#2831 = DIRECTION('',(0.866025403784,-0.5,0.));
#2832 = PLANE('',#2833);
#2833 = AXIS2_PLACEMENT_3D('',#2834,#2835,#2836);
#2834 = CARTESIAN_POINT('',(9.65,12.333825790646,32.8));
#2835 = DIRECTION('',(0.5,0.866025403784,0.));
#2836 = DIRECTION('',(0.866025403784,-0.5,0.));
#2837 = ADVANCED_FACE('',(#2838),#2863,.F.);
#2838 = FACE_BOUND('',#2839,.F.);
#2839 = EDGE_LOOP('',(#2840,#2841,#2849,#2857));
#2840 = ORIENTED_EDGE('',*,*,#2819,.T.);
#2841 = ORIENTED_EDGE('',*,*,#2842,.T.);
#2842 = EDGE_CURVE('',#2812,#2843,#2845,.T.);
#2843 = VERTEX_POINT('',#2844);
#2844 = CARTESIAN_POINT('',(22.35,12.333825790646,38.));
#2845 = LINE('',#2846,#2847);
#2846 = CARTESIAN_POINT('',(16.,8.667651581292,38.));
#2847 = VECTOR('',#2848,1.);
#2848 = DIRECTION('',(0.866025403784,0.5,0.));
#2849 = ORIENTED_EDGE('',*,*,#2850,.F.);
#2850 = EDGE_CURVE('',#2851,#2843,#2853,.T.);
#2851 = VERTEX_POINT('',#2852);
#2852 = CARTESIAN_POINT('',(22.35,12.333825790646,32.8));
#2853 = LINE('',#2854,#2855);
#2854 = CARTESIAN_POINT('',(22.35,12.333825790646,32.8));
#2855 = VECTOR('',#2856,1.);
#2856 = DIRECTION('',(0.,0.,1.));
#2857 = ORIENTED_EDGE('',*,*,#2858,.F.);
#2858 = EDGE_CURVE('',#2820,#2851,#2859,.T.);
#2859 = LINE('',#2860,#2861);
#2860 = CARTESIAN_POINT('',(16.,8.667651581292,32.8));
#2861 = VECTOR('',#2862,1.);
#2862 = DIRECTION('',(0.866025403784,0.5,0.));
#2863 = PLANE('',#2864);
#2864 = AXIS2_PLACEMENT_3D('',#2865,#2866,#2867);
#2865 = CARTESIAN_POINT('',(16.,8.667651581292,32.8));
#2866 = DIRECTION('',(-0.5,0.866025403784,0.));
#2867 = DIRECTION('',(0.866025403784,0.5,0.));
#2868 = ADVANCED_FACE('',(#2869),#2885,.F.);
#2869 = FACE_BOUND('',#2870,.F.);
#2870 = EDGE_LOOP('',(#2871,#2872,#2878,#2879));
#2871 = ORIENTED_EDGE('',*,*,#2850,.T.);
#2872 = ORIENTED_EDGE('',*,*,#2873,.T.);
#2873 = EDGE_CURVE('',#2843,#2711,#2874,.T.);
#2874 = LINE('',#2875,#2876);
#2875 = CARTESIAN_POINT('',(22.35,12.333825790646,38.));
#2876 = VECTOR('',#2877,1.);
#2877 = DIRECTION('',(3.633945234111E-16,1.,0.));
#2878 = ORIENTED_EDGE('',*,*,#2708,.F.);
#2879 = ORIENTED_EDGE('',*,*,#2880,.F.);
#2880 = EDGE_CURVE('',#2851,#2709,#2881,.T.);
#2881 = LINE('',#2882,#2883);
#2882 = CARTESIAN_POINT('',(22.35,12.333825790646,32.8));
#2883 = VECTOR('',#2884,1.);
#2884 = DIRECTION('',(3.633945234111E-16,1.,0.));
#2885 = PLANE('',#2886);
#2886 = AXIS2_PLACEMENT_3D('',#2887,#2888,#2889);
#2887 = CARTESIAN_POINT('',(22.35,12.333825790646,32.8));
#2888 = DIRECTION('',(-1.,3.633945234111E-16,0.));
#2889 = DIRECTION('',(3.633945234111E-16,1.,0.));
#2890 = ADVANCED_FACE('',(#2891),#2899,.F.);
#2891 = FACE_BOUND('',#2892,.F.);
#2892 = EDGE_LOOP('',(#2893,#2894,#2895,#2896,#2897,#2898));
#2893 = ORIENTED_EDGE('',*,*,#2734,.T.);
#2894 = ORIENTED_EDGE('',*,*,#2765,.T.);
#2895 = ORIENTED_EDGE('',*,*,#2796,.T.);
#2896 = ORIENTED_EDGE('',*,*,#2827,.T.);
#2897 = ORIENTED_EDGE('',*,*,#2858,.T.);
#2898 = ORIENTED_EDGE('',*,*,#2880,.T.);
#2899 = PLANE('',#2900);
#2900 = AXIS2_PLACEMENT_3D('',#2901,#2902,#2903);
#2901 = CARTESIAN_POINT('',(16.,16.,32.8));
#2902 = DIRECTION('',(0.,0.,1.));
#2903 = DIRECTION('',(1.,0.,0.));
#2904 = ADVANCED_FACE('',(#2905),#2913,.T.);
#2905 = FACE_BOUND('',#2906,.T.);
#2906 = EDGE_LOOP('',(#2907,#2908,#2909,#2910,#2911,#2912));
#2907 = ORIENTED_EDGE('',*,*,#2718,.T.);
#2908 = ORIENTED_EDGE('',*,*,#2749,.T.);
#2909 = ORIENTED_EDGE('',*,*,#2780,.T.);
#2910 = ORIENTED_EDGE('',*,*,#2811,.T.);
#2911 = ORIENTED_EDGE('',*,*,#2842,.T.);
#2912 = ORIENTED_EDGE('',*,*,#2873,.T.);
#2913 = PLANE('',#2914);
#2914 = AXIS2_PLACEMENT_3D('',#2915,#2916,#2917);
#2915 = CARTESIAN_POINT('',(16.,16.,38.));
#2916 = DIRECTION('',(0.,0.,1.));
#2917 = DIRECTION('',(1.,0.,0.));
#2918 = MANIFOLD_SOLID_BREP('',#2919);
#2919 = CLOSED_SHELL('',(#2920,#2953,#2973,#2993));
#2920 = ADVANCED_FACE('',(#2921),#2948,.T.);
#2921 = FACE_BOUND('',#2922,.T.);
#2922 = EDGE_LOOP('',(#2923,#2932,#2940,#2947));
#2923 = ORIENTED_EDGE('',*,*,#2924,.F.);
#2924 = EDGE_CURVE('',#2925,#2925,#2927,.T.);
#2925 = VERTEX_POINT('',#2926);
#2926 = CARTESIAN_POINT('',(96.7,16.,40.));
#2927 = CIRCLE('',#2928,11.1);
#2928 = AXIS2_PLACEMENT_3D('',#2929,#2930,#2931);
#2929 = CARTESIAN_POINT('',(85.6,16.,40.));
#2930 = DIRECTION('',(0.,0.,1.));
#2931 = DIRECTION('',(1.,0.,0.));
#2932 = ORIENTED_EDGE('',*,*,#2933,.F.);
#2933 = EDGE_CURVE('',#2934,#2925,#2936,.T.);
#2934 = VERTEX_POINT('',#2935);
#2935 = CARTESIAN_POINT('',(96.7,16.,38.));
#2936 = LINE('',#2937,#2938);
#2937 = CARTESIAN_POINT('',(96.7,16.,38.));
#2938 = VECTOR('',#2939,1.);
#2939 = DIRECTION('',(0.,0.,1.));
#2940 = ORIENTED_EDGE('',*,*,#2941,.T.);
#2941 = EDGE_CURVE('',#2934,#2934,#2942,.T.);
#2942 = CIRCLE('',#2943,11.1);
#2943 = AXIS2_PLACEMENT_3D('',#2944,#2945,#2946);
#2944 = CARTESIAN_POINT('',(85.6,16.,38.));
#2945 = DIRECTION('',(0.,0.,1.));
#2946 = DIRECTION('',(1.,0.,0.));
#2947 = ORIENTED_EDGE('',*,*,#2933,.T.);
#2948 = CYLINDRICAL_SURFACE('',#2949,11.1);
#2949 = AXIS2_PLACEMENT_3D('',#2950,#2951,#2952);
#2950 = CARTESIAN_POINT('',(85.6,16.,38.));
#2951 = DIRECTION('',(0.,0.,1.));
#2952 = DIRECTION('',(1.,0.,0.));
#2953 = ADVANCED_FACE('',(#2954,#2957),#2968,.T.);
#2954 = FACE_BOUND('',#2955,.T.);
#2955 = EDGE_LOOP('',(#2956));
#2956 = ORIENTED_EDGE('',*,*,#2924,.T.);
#2957 = FACE_BOUND('',#2958,.T.);
#2958 = EDGE_LOOP('',(#2959));
#2959 = ORIENTED_EDGE('',*,*,#2960,.F.);
#2960 = EDGE_CURVE('',#2961,#2961,#2963,.T.);
#2961 = VERTEX_POINT('',#2962);
#2962 = CARTESIAN_POINT('',(89.8,16.,40.));
#2963 = CIRCLE('',#2964,4.2);
#2964 = AXIS2_PLACEMENT_3D('',#2965,#2966,#2967);
#2965 = CARTESIAN_POINT('',(85.6,16.,40.));
#2966 = DIRECTION('',(0.,0.,1.));
#2967 = DIRECTION('',(1.,0.,0.));
#2968 = PLANE('',#2969);
#2969 = AXIS2_PLACEMENT_3D('',#2970,#2971,#2972);
#2970 = CARTESIAN_POINT('',(85.6,16.,40.));
#2971 = DIRECTION('',(0.,0.,1.));
#2972 = DIRECTION('',(1.,0.,0.));
#2973 = ADVANCED_FACE('',(#2974,#2977),#2988,.F.);
#2974 = FACE_BOUND('',#2975,.F.);
#2975 = EDGE_LOOP('',(#2976));
#2976 = ORIENTED_EDGE('',*,*,#2941,.T.);
#2977 = FACE_BOUND('',#2978,.F.);
#2978 = EDGE_LOOP('',(#2979));
#2979 = ORIENTED_EDGE('',*,*,#2980,.F.);
#2980 = EDGE_CURVE('',#2981,#2981,#2983,.T.);
#2981 = VERTEX_POINT('',#2982);
#2982 = CARTESIAN_POINT('',(89.8,16.,38.));
#2983 = CIRCLE('',#2984,4.2);
#2984 = AXIS2_PLACEMENT_3D('',#2985,#2986,#2987);
#2985 = CARTESIAN_POINT('',(85.6,16.,38.));
#2986 = DIRECTION('',(0.,0.,1.));
#2987 = DIRECTION('',(1.,0.,0.));
#2988 = PLANE('',#2989);
#2989 = AXIS2_PLACEMENT_3D('',#2990,#2991,#2992);
#2990 = CARTESIAN_POINT('',(85.6,16.,38.));
#2991 = DIRECTION('',(0.,0.,1.));
#2992 = DIRECTION('',(1.,0.,0.));
#2993 = ADVANCED_FACE('',(#2994),#3005,.F.);
#2994 = FACE_BOUND('',#2995,.F.);
#2995 = EDGE_LOOP('',(#2996,#2997,#3003,#3004));
#2996 = ORIENTED_EDGE('',*,*,#2960,.F.);
#2997 = ORIENTED_EDGE('',*,*,#2998,.F.);
#2998 = EDGE_CURVE('',#2981,#2961,#2999,.T.);
#2999 = LINE('',#3000,#3001);
#3000 = CARTESIAN_POINT('',(89.8,16.,37.9));
#3001 = VECTOR('',#3002,1.);
#3002 = DIRECTION('',(0.,0.,1.));
#3003 = ORIENTED_EDGE('',*,*,#2980,.T.);
#3004 = ORIENTED_EDGE('',*,*,#2998,.T.);
#3005 = CYLINDRICAL_SURFACE('',#3006,4.2);
#3006 = AXIS2_PLACEMENT_3D('',#3007,#3008,#3009);
#3007 = CARTESIAN_POINT('',(85.6,16.,37.9));
#3008 = DIRECTION('',(0.,0.,1.));
#3009 = DIRECTION('',(1.,0.,0.));
#3010 = MANIFOLD_SOLID_BREP('',#3011);
#3011 = CLOSED_SHELL('',(#3012,#3052,#3083,#3114,#3145,#3176,#3198,#3212
    ));
#3012 = ADVANCED_FACE('',(#3013),#3047,.F.);
#3013 = FACE_BOUND('',#3014,.F.);
#3014 = EDGE_LOOP('',(#3015,#3025,#3033,#3041));
#3015 = ORIENTED_EDGE('',*,*,#3016,.T.);
#3016 = EDGE_CURVE('',#3017,#3019,#3021,.T.);
#3017 = VERTEX_POINT('',#3018);
#3018 = CARTESIAN_POINT('',(91.95,19.666174209354,32.8));
#3019 = VERTEX_POINT('',#3020);
#3020 = CARTESIAN_POINT('',(91.95,19.666174209354,38.));
#3021 = LINE('',#3022,#3023);
#3022 = CARTESIAN_POINT('',(91.95,19.666174209354,32.8));
#3023 = VECTOR('',#3024,1.);
#3024 = DIRECTION('',(0.,0.,1.));
#3025 = ORIENTED_EDGE('',*,*,#3026,.T.);
#3026 = EDGE_CURVE('',#3019,#3027,#3029,.T.);
#3027 = VERTEX_POINT('',#3028);
#3028 = CARTESIAN_POINT('',(85.6,23.332348418708,38.));
#3029 = LINE('',#3030,#3031);
#3030 = CARTESIAN_POINT('',(91.95,19.666174209354,38.));
#3031 = VECTOR('',#3032,1.);
#3032 = DIRECTION('',(-0.866025403784,0.5,0.));
#3033 = ORIENTED_EDGE('',*,*,#3034,.F.);
#3034 = EDGE_CURVE('',#3035,#3027,#3037,.T.);
#3035 = VERTEX_POINT('',#3036);
#3036 = CARTESIAN_POINT('',(85.6,23.332348418708,32.8));
#3037 = LINE('',#3038,#3039);
#3038 = CARTESIAN_POINT('',(85.6,23.332348418708,32.8));
#3039 = VECTOR('',#3040,1.);
#3040 = DIRECTION('',(0.,0.,1.));
#3041 = ORIENTED_EDGE('',*,*,#3042,.F.);
#3042 = EDGE_CURVE('',#3017,#3035,#3043,.T.);
#3043 = LINE('',#3044,#3045);
#3044 = CARTESIAN_POINT('',(91.95,19.666174209354,32.8));
#3045 = VECTOR('',#3046,1.);
#3046 = DIRECTION('',(-0.866025403784,0.5,0.));
#3047 = PLANE('',#3048);
#3048 = AXIS2_PLACEMENT_3D('',#3049,#3050,#3051);
#3049 = CARTESIAN_POINT('',(91.95,19.666174209354,32.8));
#3050 = DIRECTION('',(-0.5,-0.866025403784,0.));
#3051 = DIRECTION('',(-0.866025403784,0.5,0.));
#3052 = ADVANCED_FACE('',(#3053),#3078,.F.);
#3053 = FACE_BOUND('',#3054,.F.);
#3054 = EDGE_LOOP('',(#3055,#3056,#3064,#3072));
#3055 = ORIENTED_EDGE('',*,*,#3034,.T.);
#3056 = ORIENTED_EDGE('',*,*,#3057,.T.);
#3057 = EDGE_CURVE('',#3027,#3058,#3060,.T.);
#3058 = VERTEX_POINT('',#3059);
#3059 = CARTESIAN_POINT('',(79.25,19.666174209354,38.));
#3060 = LINE('',#3061,#3062);
#3061 = CARTESIAN_POINT('',(85.6,23.332348418708,38.));
#3062 = VECTOR('',#3063,1.);
#3063 = DIRECTION('',(-0.866025403784,-0.5,0.));
#3064 = ORIENTED_EDGE('',*,*,#3065,.F.);
#3065 = EDGE_CURVE('',#3066,#3058,#3068,.T.);
#3066 = VERTEX_POINT('',#3067);
#3067 = CARTESIAN_POINT('',(79.25,19.666174209354,32.8));
#3068 = LINE('',#3069,#3070);
#3069 = CARTESIAN_POINT('',(79.25,19.666174209354,32.8));
#3070 = VECTOR('',#3071,1.);
#3071 = DIRECTION('',(0.,0.,1.));
#3072 = ORIENTED_EDGE('',*,*,#3073,.F.);
#3073 = EDGE_CURVE('',#3035,#3066,#3074,.T.);
#3074 = LINE('',#3075,#3076);
#3075 = CARTESIAN_POINT('',(85.6,23.332348418708,32.8));
#3076 = VECTOR('',#3077,1.);
#3077 = DIRECTION('',(-0.866025403784,-0.5,0.));
#3078 = PLANE('',#3079);
#3079 = AXIS2_PLACEMENT_3D('',#3080,#3081,#3082);
#3080 = CARTESIAN_POINT('',(85.6,23.332348418708,32.8));
#3081 = DIRECTION('',(0.5,-0.866025403784,0.));
#3082 = DIRECTION('',(-0.866025403784,-0.5,0.));
#3083 = ADVANCED_FACE('',(#3084),#3109,.F.);
#3084 = FACE_BOUND('',#3085,.F.);
#3085 = EDGE_LOOP('',(#3086,#3087,#3095,#3103));
#3086 = ORIENTED_EDGE('',*,*,#3065,.T.);
#3087 = ORIENTED_EDGE('',*,*,#3088,.T.);
#3088 = EDGE_CURVE('',#3058,#3089,#3091,.T.);
#3089 = VERTEX_POINT('',#3090);
#3090 = CARTESIAN_POINT('',(79.25,12.333825790646,38.));
#3091 = LINE('',#3092,#3093);
#3092 = CARTESIAN_POINT('',(79.25,19.666174209354,38.));
#3093 = VECTOR('',#3094,1.);
#3094 = DIRECTION('',(1.211315078037E-16,-1.,0.));
#3095 = ORIENTED_EDGE('',*,*,#3096,.F.);
#3096 = EDGE_CURVE('',#3097,#3089,#3099,.T.);
#3097 = VERTEX_POINT('',#3098);
#3098 = CARTESIAN_POINT('',(79.25,12.333825790646,32.8));
#3099 = LINE('',#3100,#3101);
#3100 = CARTESIAN_POINT('',(79.25,12.333825790646,32.8));
#3101 = VECTOR('',#3102,1.);
#3102 = DIRECTION('',(0.,0.,1.));
#3103 = ORIENTED_EDGE('',*,*,#3104,.F.);
#3104 = EDGE_CURVE('',#3066,#3097,#3105,.T.);
#3105 = LINE('',#3106,#3107);
#3106 = CARTESIAN_POINT('',(79.25,19.666174209354,32.8));
#3107 = VECTOR('',#3108,1.);
#3108 = DIRECTION('',(1.211315078037E-16,-1.,0.));
#3109 = PLANE('',#3110);
#3110 = AXIS2_PLACEMENT_3D('',#3111,#3112,#3113);
#3111 = CARTESIAN_POINT('',(79.25,19.666174209354,32.8));
#3112 = DIRECTION('',(1.,1.211315078037E-16,0.));
#3113 = DIRECTION('',(1.211315078037E-16,-1.,0.));
#3114 = ADVANCED_FACE('',(#3115),#3140,.F.);
#3115 = FACE_BOUND('',#3116,.F.);
#3116 = EDGE_LOOP('',(#3117,#3118,#3126,#3134));
#3117 = ORIENTED_EDGE('',*,*,#3096,.T.);
#3118 = ORIENTED_EDGE('',*,*,#3119,.T.);
#3119 = EDGE_CURVE('',#3089,#3120,#3122,.T.);
#3120 = VERTEX_POINT('',#3121);
#3121 = CARTESIAN_POINT('',(85.6,8.667651581292,38.));
#3122 = LINE('',#3123,#3124);
#3123 = CARTESIAN_POINT('',(79.25,12.333825790646,38.));
#3124 = VECTOR('',#3125,1.);
#3125 = DIRECTION('',(0.866025403784,-0.5,0.));
#3126 = ORIENTED_EDGE('',*,*,#3127,.F.);
#3127 = EDGE_CURVE('',#3128,#3120,#3130,.T.);
#3128 = VERTEX_POINT('',#3129);
#3129 = CARTESIAN_POINT('',(85.6,8.667651581292,32.8));
#3130 = LINE('',#3131,#3132);
#3131 = CARTESIAN_POINT('',(85.6,8.667651581292,32.8));
#3132 = VECTOR('',#3133,1.);
#3133 = DIRECTION('',(0.,0.,1.));
#3134 = ORIENTED_EDGE('',*,*,#3135,.F.);
#3135 = EDGE_CURVE('',#3097,#3128,#3136,.T.);
#3136 = LINE('',#3137,#3138);
#3137 = CARTESIAN_POINT('',(79.25,12.333825790646,32.8));
#3138 = VECTOR('',#3139,1.);
#3139 = DIRECTION('',(0.866025403784,-0.5,0.));
#3140 = PLANE('',#3141);
#3141 = AXIS2_PLACEMENT_3D('',#3142,#3143,#3144);
#3142 = CARTESIAN_POINT('',(79.25,12.333825790646,32.8));
#3143 = DIRECTION('',(0.5,0.866025403784,0.));
#3144 = DIRECTION('',(0.866025403784,-0.5,0.));
#3145 = ADVANCED_FACE('',(#3146),#3171,.F.);
#3146 = FACE_BOUND('',#3147,.F.);
#3147 = EDGE_LOOP('',(#3148,#3149,#3157,#3165));
#3148 = ORIENTED_EDGE('',*,*,#3127,.T.);
#3149 = ORIENTED_EDGE('',*,*,#3150,.T.);
#3150 = EDGE_CURVE('',#3120,#3151,#3153,.T.);
#3151 = VERTEX_POINT('',#3152);
#3152 = CARTESIAN_POINT('',(91.95,12.333825790646,38.));
#3153 = LINE('',#3154,#3155);
#3154 = CARTESIAN_POINT('',(85.6,8.667651581292,38.));
#3155 = VECTOR('',#3156,1.);
#3156 = DIRECTION('',(0.866025403784,0.5,0.));
#3157 = ORIENTED_EDGE('',*,*,#3158,.F.);
#3158 = EDGE_CURVE('',#3159,#3151,#3161,.T.);
#3159 = VERTEX_POINT('',#3160);
#3160 = CARTESIAN_POINT('',(91.95,12.333825790646,32.8));
#3161 = LINE('',#3162,#3163);
#3162 = CARTESIAN_POINT('',(91.95,12.333825790646,32.8));
#3163 = VECTOR('',#3164,1.);
#3164 = DIRECTION('',(0.,0.,1.));
#3165 = ORIENTED_EDGE('',*,*,#3166,.F.);
#3166 = EDGE_CURVE('',#3128,#3159,#3167,.T.);
#3167 = LINE('',#3168,#3169);
#3168 = CARTESIAN_POINT('',(85.6,8.667651581292,32.8));
#3169 = VECTOR('',#3170,1.);
#3170 = DIRECTION('',(0.866025403784,0.5,0.));
#3171 = PLANE('',#3172);
#3172 = AXIS2_PLACEMENT_3D('',#3173,#3174,#3175);
#3173 = CARTESIAN_POINT('',(85.6,8.667651581292,32.8));
#3174 = DIRECTION('',(-0.5,0.866025403784,0.));
#3175 = DIRECTION('',(0.866025403784,0.5,0.));
#3176 = ADVANCED_FACE('',(#3177),#3193,.F.);
#3177 = FACE_BOUND('',#3178,.F.);
#3178 = EDGE_LOOP('',(#3179,#3180,#3186,#3187));
#3179 = ORIENTED_EDGE('',*,*,#3158,.T.);
#3180 = ORIENTED_EDGE('',*,*,#3181,.T.);
#3181 = EDGE_CURVE('',#3151,#3019,#3182,.T.);
#3182 = LINE('',#3183,#3184);
#3183 = CARTESIAN_POINT('',(91.95,12.333825790646,38.));
#3184 = VECTOR('',#3185,1.);
#3185 = DIRECTION('',(3.633945234111E-16,1.,0.));
#3186 = ORIENTED_EDGE('',*,*,#3016,.F.);
#3187 = ORIENTED_EDGE('',*,*,#3188,.F.);
#3188 = EDGE_CURVE('',#3159,#3017,#3189,.T.);
#3189 = LINE('',#3190,#3191);
#3190 = CARTESIAN_POINT('',(91.95,12.333825790646,32.8));
#3191 = VECTOR('',#3192,1.);
#3192 = DIRECTION('',(3.633945234111E-16,1.,0.));
#3193 = PLANE('',#3194);
#3194 = AXIS2_PLACEMENT_3D('',#3195,#3196,#3197);
#3195 = CARTESIAN_POINT('',(91.95,12.333825790646,32.8));
#3196 = DIRECTION('',(-1.,3.633945234111E-16,0.));
#3197 = DIRECTION('',(3.633945234111E-16,1.,0.));
#3198 = ADVANCED_FACE('',(#3199),#3207,.F.);
#3199 = FACE_BOUND('',#3200,.F.);
#3200 = EDGE_LOOP('',(#3201,#3202,#3203,#3204,#3205,#3206));
#3201 = ORIENTED_EDGE('',*,*,#3042,.T.);
#3202 = ORIENTED_EDGE('',*,*,#3073,.T.);
#3203 = ORIENTED_EDGE('',*,*,#3104,.T.);
#3204 = ORIENTED_EDGE('',*,*,#3135,.T.);
#3205 = ORIENTED_EDGE('',*,*,#3166,.T.);
#3206 = ORIENTED_EDGE('',*,*,#3188,.T.);
#3207 = PLANE('',#3208);
#3208 = AXIS2_PLACEMENT_3D('',#3209,#3210,#3211);
#3209 = CARTESIAN_POINT('',(85.6,16.,32.8));
#3210 = DIRECTION('',(0.,0.,1.));
#3211 = DIRECTION('',(1.,0.,0.));
#3212 = ADVANCED_FACE('',(#3213),#3221,.T.);
#3213 = FACE_BOUND('',#3214,.T.);
#3214 = EDGE_LOOP('',(#3215,#3216,#3217,#3218,#3219,#3220));
#3215 = ORIENTED_EDGE('',*,*,#3026,.T.);
#3216 = ORIENTED_EDGE('',*,*,#3057,.T.);
#3217 = ORIENTED_EDGE('',*,*,#3088,.T.);
#3218 = ORIENTED_EDGE('',*,*,#3119,.T.);
#3219 = ORIENTED_EDGE('',*,*,#3150,.T.);
#3220 = ORIENTED_EDGE('',*,*,#3181,.T.);
#3221 = PLANE('',#3222);
#3222 = AXIS2_PLACEMENT_3D('',#3223,#3224,#3225);
#3223 = CARTESIAN_POINT('',(85.6,16.,38.));
#3224 = DIRECTION('',(0.,0.,1.));
#3225 = DIRECTION('',(1.,0.,0.));
#3226 = MANIFOLD_SOLID_BREP('',#3227);
#3227 = CLOSED_SHELL('',(#3228,#3261,#3281,#3301));
#3228 = ADVANCED_FACE('',(#3229),#3256,.T.);
#3229 = FACE_BOUND('',#3230,.T.);
#3230 = EDGE_LOOP('',(#3231,#3240,#3248,#3255));
#3231 = ORIENTED_EDGE('',*,*,#3232,.F.);
#3232 = EDGE_CURVE('',#3233,#3233,#3235,.T.);
#3233 = VERTEX_POINT('',#3234);
#3234 = CARTESIAN_POINT('',(22.35,34.8,40.));
#3235 = CIRCLE('',#3236,6.35);
#3236 = AXIS2_PLACEMENT_3D('',#3237,#3238,#3239);
#3237 = CARTESIAN_POINT('',(16.,34.8,40.));
#3238 = DIRECTION('',(0.,0.,1.));
#3239 = DIRECTION('',(1.,0.,0.));
#3240 = ORIENTED_EDGE('',*,*,#3241,.F.);
#3241 = EDGE_CURVE('',#3242,#3233,#3244,.T.);
#3242 = VERTEX_POINT('',#3243);
#3243 = CARTESIAN_POINT('',(22.35,34.8,38.8));
#3244 = LINE('',#3245,#3246);
#3245 = CARTESIAN_POINT('',(22.35,34.8,38.8));
#3246 = VECTOR('',#3247,1.);
#3247 = DIRECTION('',(0.,0.,1.));
#3248 = ORIENTED_EDGE('',*,*,#3249,.T.);
#3249 = EDGE_CURVE('',#3242,#3242,#3250,.T.);
#3250 = CIRCLE('',#3251,6.35);
#3251 = AXIS2_PLACEMENT_3D('',#3252,#3253,#3254);
#3252 = CARTESIAN_POINT('',(16.,34.8,38.8));
#3253 = DIRECTION('',(0.,0.,1.));
#3254 = DIRECTION('',(1.,0.,0.));
#3255 = ORIENTED_EDGE('',*,*,#3241,.T.);
#3256 = CYLINDRICAL_SURFACE('',#3257,6.35);
#3257 = AXIS2_PLACEMENT_3D('',#3258,#3259,#3260);
#3258 = CARTESIAN_POINT('',(16.,34.8,38.8));
#3259 = DIRECTION('',(0.,0.,1.));
#3260 = DIRECTION('',(1.,0.,0.));
#3261 = ADVANCED_FACE('',(#3262,#3265),#3276,.T.);
#3262 = FACE_BOUND('',#3263,.T.);
#3263 = EDGE_LOOP('',(#3264));
#3264 = ORIENTED_EDGE('',*,*,#3232,.T.);
#3265 = FACE_BOUND('',#3266,.T.);
#3266 = EDGE_LOOP('',(#3267));
#3267 = ORIENTED_EDGE('',*,*,#3268,.F.);
#3268 = EDGE_CURVE('',#3269,#3269,#3271,.T.);
#3269 = VERTEX_POINT('',#3270);
#3270 = CARTESIAN_POINT('',(18.5,34.8,40.));
#3271 = CIRCLE('',#3272,2.5);
#3272 = AXIS2_PLACEMENT_3D('',#3273,#3274,#3275);
#3273 = CARTESIAN_POINT('',(16.,34.8,40.));
#3274 = DIRECTION('',(0.,0.,1.));
#3275 = DIRECTION('',(1.,0.,0.));
#3276 = PLANE('',#3277);
#3277 = AXIS2_PLACEMENT_3D('',#3278,#3279,#3280);
#3278 = CARTESIAN_POINT('',(16.,34.8,40.));
#3279 = DIRECTION('',(0.,0.,1.));
#3280 = DIRECTION('',(1.,0.,0.));
#3281 = ADVANCED_FACE('',(#3282,#3285),#3296,.F.);
#3282 = FACE_BOUND('',#3283,.F.);
#3283 = EDGE_LOOP('',(#3284));
#3284 = ORIENTED_EDGE('',*,*,#3249,.T.);
#3285 = FACE_BOUND('',#3286,.F.);
#3286 = EDGE_LOOP('',(#3287));
#3287 = ORIENTED_EDGE('',*,*,#3288,.F.);
#3288 = EDGE_CURVE('',#3289,#3289,#3291,.T.);
#3289 = VERTEX_POINT('',#3290);
#3290 = CARTESIAN_POINT('',(18.5,34.8,38.8));
#3291 = CIRCLE('',#3292,2.5);
#3292 = AXIS2_PLACEMENT_3D('',#3293,#3294,#3295);
#3293 = CARTESIAN_POINT('',(16.,34.8,38.8));
#3294 = DIRECTION('',(0.,0.,1.));
#3295 = DIRECTION('',(1.,0.,0.));
#3296 = PLANE('',#3297);
#3297 = AXIS2_PLACEMENT_3D('',#3298,#3299,#3300);
#3298 = CARTESIAN_POINT('',(16.,34.8,38.8));
#3299 = DIRECTION('',(0.,0.,1.));
#3300 = DIRECTION('',(1.,0.,0.));
#3301 = ADVANCED_FACE('',(#3302),#3313,.F.);
#3302 = FACE_BOUND('',#3303,.F.);
#3303 = EDGE_LOOP('',(#3304,#3305,#3311,#3312));
#3304 = ORIENTED_EDGE('',*,*,#3268,.F.);
#3305 = ORIENTED_EDGE('',*,*,#3306,.F.);
#3306 = EDGE_CURVE('',#3289,#3269,#3307,.T.);
#3307 = LINE('',#3308,#3309);
#3308 = CARTESIAN_POINT('',(18.5,34.8,38.7));
#3309 = VECTOR('',#3310,1.);
#3310 = DIRECTION('',(0.,0.,1.));
#3311 = ORIENTED_EDGE('',*,*,#3288,.T.);
#3312 = ORIENTED_EDGE('',*,*,#3306,.T.);
#3313 = CYLINDRICAL_SURFACE('',#3314,2.5);
#3314 = AXIS2_PLACEMENT_3D('',#3315,#3316,#3317);
#3315 = CARTESIAN_POINT('',(16.,34.8,38.7));
#3316 = DIRECTION('',(0.,0.,1.));
#3317 = DIRECTION('',(1.,0.,0.));
#3318 = MANIFOLD_SOLID_BREP('',#3319);
#3319 = CLOSED_SHELL('',(#3320,#3360,#3391,#3422,#3453,#3484,#3506,#3520
    ));
#3320 = ADVANCED_FACE('',(#3321),#3355,.F.);
#3321 = FACE_BOUND('',#3322,.F.);
#3322 = EDGE_LOOP('',(#3323,#3333,#3341,#3349));
#3323 = ORIENTED_EDGE('',*,*,#3324,.T.);
#3324 = EDGE_CURVE('',#3325,#3327,#3329,.T.);
#3325 = VERTEX_POINT('',#3326);
#3326 = CARTESIAN_POINT('',(20.765,37.551074032689,35.6));
#3327 = VERTEX_POINT('',#3328);
#3328 = CARTESIAN_POINT('',(20.765,37.551074032689,38.8));
#3329 = LINE('',#3330,#3331);
#3330 = CARTESIAN_POINT('',(20.765,37.551074032689,35.6));
#3331 = VECTOR('',#3332,1.);
#3332 = DIRECTION('',(0.,0.,1.));
#3333 = ORIENTED_EDGE('',*,*,#3334,.T.);
#3334 = EDGE_CURVE('',#3327,#3335,#3337,.T.);
#3335 = VERTEX_POINT('',#3336);
#3336 = CARTESIAN_POINT('',(16.,40.302148065377,38.8));
#3337 = LINE('',#3338,#3339);
#3338 = CARTESIAN_POINT('',(20.765,37.551074032689,38.8));
#3339 = VECTOR('',#3340,1.);
#3340 = DIRECTION('',(-0.866025403784,0.5,0.));
#3341 = ORIENTED_EDGE('',*,*,#3342,.F.);
#3342 = EDGE_CURVE('',#3343,#3335,#3345,.T.);
#3343 = VERTEX_POINT('',#3344);
#3344 = CARTESIAN_POINT('',(16.,40.302148065377,35.6));
#3345 = LINE('',#3346,#3347);
#3346 = CARTESIAN_POINT('',(16.,40.302148065377,35.6));
#3347 = VECTOR('',#3348,1.);
#3348 = DIRECTION('',(0.,0.,1.));
#3349 = ORIENTED_EDGE('',*,*,#3350,.F.);
#3350 = EDGE_CURVE('',#3325,#3343,#3351,.T.);
#3351 = LINE('',#3352,#3353);
#3352 = CARTESIAN_POINT('',(20.765,37.551074032689,35.6));
#3353 = VECTOR('',#3354,1.);
#3354 = DIRECTION('',(-0.866025403784,0.5,0.));
#3355 = PLANE('',#3356);
#3356 = AXIS2_PLACEMENT_3D('',#3357,#3358,#3359);
#3357 = CARTESIAN_POINT('',(20.765,37.551074032689,35.6));
#3358 = DIRECTION('',(-0.5,-0.866025403784,0.));
#3359 = DIRECTION('',(-0.866025403784,0.5,0.));
#3360 = ADVANCED_FACE('',(#3361),#3386,.F.);
#3361 = FACE_BOUND('',#3362,.F.);
#3362 = EDGE_LOOP('',(#3363,#3364,#3372,#3380));
#3363 = ORIENTED_EDGE('',*,*,#3342,.T.);
#3364 = ORIENTED_EDGE('',*,*,#3365,.T.);
#3365 = EDGE_CURVE('',#3335,#3366,#3368,.T.);
#3366 = VERTEX_POINT('',#3367);
#3367 = CARTESIAN_POINT('',(11.235,37.551074032689,38.8));
#3368 = LINE('',#3369,#3370);
#3369 = CARTESIAN_POINT('',(16.,40.302148065377,38.8));
#3370 = VECTOR('',#3371,1.);
#3371 = DIRECTION('',(-0.866025403784,-0.5,0.));
#3372 = ORIENTED_EDGE('',*,*,#3373,.F.);
#3373 = EDGE_CURVE('',#3374,#3366,#3376,.T.);
#3374 = VERTEX_POINT('',#3375);
#3375 = CARTESIAN_POINT('',(11.235,37.551074032689,35.6));
#3376 = LINE('',#3377,#3378);
#3377 = CARTESIAN_POINT('',(11.235,37.551074032689,35.6));
#3378 = VECTOR('',#3379,1.);
#3379 = DIRECTION('',(0.,0.,1.));
#3380 = ORIENTED_EDGE('',*,*,#3381,.F.);
#3381 = EDGE_CURVE('',#3343,#3374,#3382,.T.);
#3382 = LINE('',#3383,#3384);
#3383 = CARTESIAN_POINT('',(16.,40.302148065377,35.6));
#3384 = VECTOR('',#3385,1.);
#3385 = DIRECTION('',(-0.866025403784,-0.5,0.));
#3386 = PLANE('',#3387);
#3387 = AXIS2_PLACEMENT_3D('',#3388,#3389,#3390);
#3388 = CARTESIAN_POINT('',(16.,40.302148065377,35.6));
#3389 = DIRECTION('',(0.5,-0.866025403784,0.));
#3390 = DIRECTION('',(-0.866025403784,-0.5,0.));
#3391 = ADVANCED_FACE('',(#3392),#3417,.F.);
#3392 = FACE_BOUND('',#3393,.F.);
#3393 = EDGE_LOOP('',(#3394,#3395,#3403,#3411));
#3394 = ORIENTED_EDGE('',*,*,#3373,.T.);
#3395 = ORIENTED_EDGE('',*,*,#3396,.T.);
#3396 = EDGE_CURVE('',#3366,#3397,#3399,.T.);
#3397 = VERTEX_POINT('',#3398);
#3398 = CARTESIAN_POINT('',(11.235,32.048925967311,38.8));
#3399 = LINE('',#3400,#3401);
#3400 = CARTESIAN_POINT('',(11.235,37.551074032689,38.8));
#3401 = VECTOR('',#3402,1.);
#3402 = DIRECTION('',(0.,-1.,0.));
#3403 = ORIENTED_EDGE('',*,*,#3404,.F.);
#3404 = EDGE_CURVE('',#3405,#3397,#3407,.T.);
#3405 = VERTEX_POINT('',#3406);
#3406 = CARTESIAN_POINT('',(11.235,32.048925967311,35.6));
#3407 = LINE('',#3408,#3409);
#3408 = CARTESIAN_POINT('',(11.235,32.048925967311,35.6));
#3409 = VECTOR('',#3410,1.);
#3410 = DIRECTION('',(0.,0.,1.));
#3411 = ORIENTED_EDGE('',*,*,#3412,.F.);
#3412 = EDGE_CURVE('',#3374,#3405,#3413,.T.);
#3413 = LINE('',#3414,#3415);
#3414 = CARTESIAN_POINT('',(11.235,37.551074032689,35.6));
#3415 = VECTOR('',#3416,1.);
#3416 = DIRECTION('',(0.,-1.,0.));
#3417 = PLANE('',#3418);
#3418 = AXIS2_PLACEMENT_3D('',#3419,#3420,#3421);
#3419 = CARTESIAN_POINT('',(11.235,37.551074032689,35.6));
#3420 = DIRECTION('',(1.,0.,0.));
#3421 = DIRECTION('',(0.,-1.,0.));
#3422 = ADVANCED_FACE('',(#3423),#3448,.F.);
#3423 = FACE_BOUND('',#3424,.F.);
#3424 = EDGE_LOOP('',(#3425,#3426,#3434,#3442));
#3425 = ORIENTED_EDGE('',*,*,#3404,.T.);
#3426 = ORIENTED_EDGE('',*,*,#3427,.T.);
#3427 = EDGE_CURVE('',#3397,#3428,#3430,.T.);
#3428 = VERTEX_POINT('',#3429);
#3429 = CARTESIAN_POINT('',(16.,29.297851934623,38.8));
#3430 = LINE('',#3431,#3432);
#3431 = CARTESIAN_POINT('',(11.235,32.048925967311,38.8));
#3432 = VECTOR('',#3433,1.);
#3433 = DIRECTION('',(0.866025403784,-0.5,0.));
#3434 = ORIENTED_EDGE('',*,*,#3435,.F.);
#3435 = EDGE_CURVE('',#3436,#3428,#3438,.T.);
#3436 = VERTEX_POINT('',#3437);
#3437 = CARTESIAN_POINT('',(16.,29.297851934623,35.6));
#3438 = LINE('',#3439,#3440);
#3439 = CARTESIAN_POINT('',(16.,29.297851934623,35.6));
#3440 = VECTOR('',#3441,1.);
#3441 = DIRECTION('',(0.,0.,1.));
#3442 = ORIENTED_EDGE('',*,*,#3443,.F.);
#3443 = EDGE_CURVE('',#3405,#3436,#3444,.T.);
#3444 = LINE('',#3445,#3446);
#3445 = CARTESIAN_POINT('',(11.235,32.048925967311,35.6));
#3446 = VECTOR('',#3447,1.);
#3447 = DIRECTION('',(0.866025403784,-0.5,0.));
#3448 = PLANE('',#3449);
#3449 = AXIS2_PLACEMENT_3D('',#3450,#3451,#3452);
#3450 = CARTESIAN_POINT('',(11.235,32.048925967311,35.6));
#3451 = DIRECTION('',(0.5,0.866025403784,0.));
#3452 = DIRECTION('',(0.866025403784,-0.5,0.));
#3453 = ADVANCED_FACE('',(#3454),#3479,.F.);
#3454 = FACE_BOUND('',#3455,.F.);
#3455 = EDGE_LOOP('',(#3456,#3457,#3465,#3473));
#3456 = ORIENTED_EDGE('',*,*,#3435,.T.);
#3457 = ORIENTED_EDGE('',*,*,#3458,.T.);
#3458 = EDGE_CURVE('',#3428,#3459,#3461,.T.);
#3459 = VERTEX_POINT('',#3460);
#3460 = CARTESIAN_POINT('',(20.765,32.048925967311,38.8));
#3461 = LINE('',#3462,#3463);
#3462 = CARTESIAN_POINT('',(16.,29.297851934623,38.8));
#3463 = VECTOR('',#3464,1.);
#3464 = DIRECTION('',(0.866025403784,0.5,0.));
#3465 = ORIENTED_EDGE('',*,*,#3466,.F.);
#3466 = EDGE_CURVE('',#3467,#3459,#3469,.T.);
#3467 = VERTEX_POINT('',#3468);
#3468 = CARTESIAN_POINT('',(20.765,32.048925967311,35.6));
#3469 = LINE('',#3470,#3471);
#3470 = CARTESIAN_POINT('',(20.765,32.048925967311,35.6));
#3471 = VECTOR('',#3472,1.);
#3472 = DIRECTION('',(0.,0.,1.));
#3473 = ORIENTED_EDGE('',*,*,#3474,.F.);
#3474 = EDGE_CURVE('',#3436,#3467,#3475,.T.);
#3475 = LINE('',#3476,#3477);
#3476 = CARTESIAN_POINT('',(16.,29.297851934623,35.6));
#3477 = VECTOR('',#3478,1.);
#3478 = DIRECTION('',(0.866025403784,0.5,0.));
#3479 = PLANE('',#3480);
#3480 = AXIS2_PLACEMENT_3D('',#3481,#3482,#3483);
#3481 = CARTESIAN_POINT('',(16.,29.297851934623,35.6));
#3482 = DIRECTION('',(-0.5,0.866025403784,0.));
#3483 = DIRECTION('',(0.866025403784,0.5,0.));
#3484 = ADVANCED_FACE('',(#3485),#3501,.F.);
#3485 = FACE_BOUND('',#3486,.F.);
#3486 = EDGE_LOOP('',(#3487,#3488,#3494,#3495));
#3487 = ORIENTED_EDGE('',*,*,#3466,.T.);
#3488 = ORIENTED_EDGE('',*,*,#3489,.T.);
#3489 = EDGE_CURVE('',#3459,#3327,#3490,.T.);
#3490 = LINE('',#3491,#3492);
#3491 = CARTESIAN_POINT('',(20.765,32.048925967311,38.8));
#3492 = VECTOR('',#3493,1.);
#3493 = DIRECTION('',(3.228478801903E-16,1.,0.));
#3494 = ORIENTED_EDGE('',*,*,#3324,.F.);
#3495 = ORIENTED_EDGE('',*,*,#3496,.F.);
#3496 = EDGE_CURVE('',#3467,#3325,#3497,.T.);
#3497 = LINE('',#3498,#3499);
#3498 = CARTESIAN_POINT('',(20.765,32.048925967311,35.6));
#3499 = VECTOR('',#3500,1.);
#3500 = DIRECTION('',(3.228478801903E-16,1.,0.));
#3501 = PLANE('',#3502);
#3502 = AXIS2_PLACEMENT_3D('',#3503,#3504,#3505);
#3503 = CARTESIAN_POINT('',(20.765,32.048925967311,35.6));
#3504 = DIRECTION('',(-1.,3.228478801903E-16,0.));
#3505 = DIRECTION('',(3.228478801903E-16,1.,0.));
#3506 = ADVANCED_FACE('',(#3507),#3515,.F.);
#3507 = FACE_BOUND('',#3508,.F.);
#3508 = EDGE_LOOP('',(#3509,#3510,#3511,#3512,#3513,#3514));
#3509 = ORIENTED_EDGE('',*,*,#3350,.T.);
#3510 = ORIENTED_EDGE('',*,*,#3381,.T.);
#3511 = ORIENTED_EDGE('',*,*,#3412,.T.);
#3512 = ORIENTED_EDGE('',*,*,#3443,.T.);
#3513 = ORIENTED_EDGE('',*,*,#3474,.T.);
#3514 = ORIENTED_EDGE('',*,*,#3496,.T.);
#3515 = PLANE('',#3516);
#3516 = AXIS2_PLACEMENT_3D('',#3517,#3518,#3519);
#3517 = CARTESIAN_POINT('',(16.,34.8,35.6));
#3518 = DIRECTION('',(0.,0.,1.));
#3519 = DIRECTION('',(1.,0.,0.));
#3520 = ADVANCED_FACE('',(#3521),#3529,.T.);
#3521 = FACE_BOUND('',#3522,.T.);
#3522 = EDGE_LOOP('',(#3523,#3524,#3525,#3526,#3527,#3528));
#3523 = ORIENTED_EDGE('',*,*,#3334,.T.);
#3524 = ORIENTED_EDGE('',*,*,#3365,.T.);
#3525 = ORIENTED_EDGE('',*,*,#3396,.T.);
#3526 = ORIENTED_EDGE('',*,*,#3427,.T.);
#3527 = ORIENTED_EDGE('',*,*,#3458,.T.);
#3528 = ORIENTED_EDGE('',*,*,#3489,.T.);
#3529 = PLANE('',#3530);
#3530 = AXIS2_PLACEMENT_3D('',#3531,#3532,#3533);
#3531 = CARTESIAN_POINT('',(16.,34.8,38.8));
#3532 = DIRECTION('',(0.,0.,1.));
#3533 = DIRECTION('',(1.,0.,0.));
#3534 = MANIFOLD_SOLID_BREP('',#3535);
#3535 = CLOSED_SHELL('',(#3536,#3569,#3589,#3609));
#3536 = ADVANCED_FACE('',(#3537),#3564,.T.);
#3537 = FACE_BOUND('',#3538,.T.);
#3538 = EDGE_LOOP('',(#3539,#3548,#3556,#3563));
#3539 = ORIENTED_EDGE('',*,*,#3540,.F.);
#3540 = EDGE_CURVE('',#3541,#3541,#3543,.T.);
#3541 = VERTEX_POINT('',#3542);
#3542 = CARTESIAN_POINT('',(91.95,34.8,40.));
#3543 = CIRCLE('',#3544,6.35);
#3544 = AXIS2_PLACEMENT_3D('',#3545,#3546,#3547);
#3545 = CARTESIAN_POINT('',(85.6,34.8,40.));
#3546 = DIRECTION('',(0.,0.,1.));
#3547 = DIRECTION('',(1.,0.,0.));
#3548 = ORIENTED_EDGE('',*,*,#3549,.F.);
#3549 = EDGE_CURVE('',#3550,#3541,#3552,.T.);
#3550 = VERTEX_POINT('',#3551);
#3551 = CARTESIAN_POINT('',(91.95,34.8,38.8));
#3552 = LINE('',#3553,#3554);
#3553 = CARTESIAN_POINT('',(91.95,34.8,38.8));
#3554 = VECTOR('',#3555,1.);
#3555 = DIRECTION('',(0.,0.,1.));
#3556 = ORIENTED_EDGE('',*,*,#3557,.T.);
#3557 = EDGE_CURVE('',#3550,#3550,#3558,.T.);
#3558 = CIRCLE('',#3559,6.35);
#3559 = AXIS2_PLACEMENT_3D('',#3560,#3561,#3562);
#3560 = CARTESIAN_POINT('',(85.6,34.8,38.8));
#3561 = DIRECTION('',(0.,0.,1.));
#3562 = DIRECTION('',(1.,0.,0.));
#3563 = ORIENTED_EDGE('',*,*,#3549,.T.);
#3564 = CYLINDRICAL_SURFACE('',#3565,6.35);
#3565 = AXIS2_PLACEMENT_3D('',#3566,#3567,#3568);
#3566 = CARTESIAN_POINT('',(85.6,34.8,38.8));
#3567 = DIRECTION('',(0.,0.,1.));
#3568 = DIRECTION('',(1.,0.,0.));
#3569 = ADVANCED_FACE('',(#3570,#3573),#3584,.T.);
#3570 = FACE_BOUND('',#3571,.T.);
#3571 = EDGE_LOOP('',(#3572));
#3572 = ORIENTED_EDGE('',*,*,#3540,.T.);
#3573 = FACE_BOUND('',#3574,.T.);
#3574 = EDGE_LOOP('',(#3575));
#3575 = ORIENTED_EDGE('',*,*,#3576,.F.);
#3576 = EDGE_CURVE('',#3577,#3577,#3579,.T.);
#3577 = VERTEX_POINT('',#3578);
#3578 = CARTESIAN_POINT('',(88.1,34.8,40.));
#3579 = CIRCLE('',#3580,2.5);
#3580 = AXIS2_PLACEMENT_3D('',#3581,#3582,#3583);
#3581 = CARTESIAN_POINT('',(85.6,34.8,40.));
#3582 = DIRECTION('',(0.,0.,1.));
#3583 = DIRECTION('',(1.,0.,0.));
#3584 = PLANE('',#3585);
#3585 = AXIS2_PLACEMENT_3D('',#3586,#3587,#3588);
#3586 = CARTESIAN_POINT('',(85.6,34.8,40.));
#3587 = DIRECTION('',(0.,0.,1.));
#3588 = DIRECTION('',(1.,0.,0.));
#3589 = ADVANCED_FACE('',(#3590,#3593),#3604,.F.);
#3590 = FACE_BOUND('',#3591,.F.);
#3591 = EDGE_LOOP('',(#3592));
#3592 = ORIENTED_EDGE('',*,*,#3557,.T.);
#3593 = FACE_BOUND('',#3594,.F.);
#3594 = EDGE_LOOP('',(#3595));
#3595 = ORIENTED_EDGE('',*,*,#3596,.F.);
#3596 = EDGE_CURVE('',#3597,#3597,#3599,.T.);
#3597 = VERTEX_POINT('',#3598);
#3598 = CARTESIAN_POINT('',(88.1,34.8,38.8));
#3599 = CIRCLE('',#3600,2.5);
#3600 = AXIS2_PLACEMENT_3D('',#3601,#3602,#3603);
#3601 = CARTESIAN_POINT('',(85.6,34.8,38.8));
#3602 = DIRECTION('',(0.,0.,1.));
#3603 = DIRECTION('',(1.,0.,0.));
#3604 = PLANE('',#3605);
#3605 = AXIS2_PLACEMENT_3D('',#3606,#3607,#3608);
#3606 = CARTESIAN_POINT('',(85.6,34.8,38.8));
#3607 = DIRECTION('',(0.,0.,1.));
#3608 = DIRECTION('',(1.,0.,0.));
#3609 = ADVANCED_FACE('',(#3610),#3621,.F.);
#3610 = FACE_BOUND('',#3611,.F.);
#3611 = EDGE_LOOP('',(#3612,#3613,#3619,#3620));
#3612 = ORIENTED_EDGE('',*,*,#3576,.F.);
#3613 = ORIENTED_EDGE('',*,*,#3614,.F.);
#3614 = EDGE_CURVE('',#3597,#3577,#3615,.T.);
#3615 = LINE('',#3616,#3617);
#3616 = CARTESIAN_POINT('',(88.1,34.8,38.7));
#3617 = VECTOR('',#3618,1.);
#3618 = DIRECTION('',(0.,0.,1.));
#3619 = ORIENTED_EDGE('',*,*,#3596,.T.);
#3620 = ORIENTED_EDGE('',*,*,#3614,.T.);
#3621 = CYLINDRICAL_SURFACE('',#3622,2.5);
#3622 = AXIS2_PLACEMENT_3D('',#3623,#3624,#3625);
#3623 = CARTESIAN_POINT('',(85.6,34.8,38.7));
#3624 = DIRECTION('',(0.,0.,1.));
#3625 = DIRECTION('',(1.,0.,0.));
#3626 = MANIFOLD_SOLID_BREP('',#3627);
#3627 = CLOSED_SHELL('',(#3628,#3668,#3699,#3730,#3761,#3792,#3814,#3828
    ));
#3628 = ADVANCED_FACE('',(#3629),#3663,.F.);
#3629 = FACE_BOUND('',#3630,.F.);
#3630 = EDGE_LOOP('',(#3631,#3641,#3649,#3657));
#3631 = ORIENTED_EDGE('',*,*,#3632,.T.);
#3632 = EDGE_CURVE('',#3633,#3635,#3637,.T.);
#3633 = VERTEX_POINT('',#3634);
#3634 = CARTESIAN_POINT('',(90.365,37.551074032689,35.6));
#3635 = VERTEX_POINT('',#3636);
#3636 = CARTESIAN_POINT('',(90.365,37.551074032689,38.8));
#3637 = LINE('',#3638,#3639);
#3638 = CARTESIAN_POINT('',(90.365,37.551074032689,35.6));
#3639 = VECTOR('',#3640,1.);
#3640 = DIRECTION('',(0.,0.,1.));
#3641 = ORIENTED_EDGE('',*,*,#3642,.T.);
#3642 = EDGE_CURVE('',#3635,#3643,#3645,.T.);
#3643 = VERTEX_POINT('',#3644);
#3644 = CARTESIAN_POINT('',(85.6,40.302148065377,38.8));
#3645 = LINE('',#3646,#3647);
#3646 = CARTESIAN_POINT('',(90.365,37.551074032689,38.8));
#3647 = VECTOR('',#3648,1.);
#3648 = DIRECTION('',(-0.866025403784,0.5,0.));
#3649 = ORIENTED_EDGE('',*,*,#3650,.F.);
#3650 = EDGE_CURVE('',#3651,#3643,#3653,.T.);
#3651 = VERTEX_POINT('',#3652);
#3652 = CARTESIAN_POINT('',(85.6,40.302148065377,35.6));
#3653 = LINE('',#3654,#3655);
#3654 = CARTESIAN_POINT('',(85.6,40.302148065377,35.6));
#3655 = VECTOR('',#3656,1.);
#3656 = DIRECTION('',(0.,0.,1.));
#3657 = ORIENTED_EDGE('',*,*,#3658,.F.);
#3658 = EDGE_CURVE('',#3633,#3651,#3659,.T.);
#3659 = LINE('',#3660,#3661);
#3660 = CARTESIAN_POINT('',(90.365,37.551074032689,35.6));
#3661 = VECTOR('',#3662,1.);
#3662 = DIRECTION('',(-0.866025403784,0.5,0.));
#3663 = PLANE('',#3664);
#3664 = AXIS2_PLACEMENT_3D('',#3665,#3666,#3667);
#3665 = CARTESIAN_POINT('',(90.365,37.551074032689,35.6));
#3666 = DIRECTION('',(-0.5,-0.866025403784,0.));
#3667 = DIRECTION('',(-0.866025403784,0.5,0.));
#3668 = ADVANCED_FACE('',(#3669),#3694,.F.);
#3669 = FACE_BOUND('',#3670,.F.);
#3670 = EDGE_LOOP('',(#3671,#3672,#3680,#3688));
#3671 = ORIENTED_EDGE('',*,*,#3650,.T.);
#3672 = ORIENTED_EDGE('',*,*,#3673,.T.);
#3673 = EDGE_CURVE('',#3643,#3674,#3676,.T.);
#3674 = VERTEX_POINT('',#3675);
#3675 = CARTESIAN_POINT('',(80.835,37.551074032689,38.8));
#3676 = LINE('',#3677,#3678);
#3677 = CARTESIAN_POINT('',(85.6,40.302148065377,38.8));
#3678 = VECTOR('',#3679,1.);
#3679 = DIRECTION('',(-0.866025403784,-0.5,0.));
#3680 = ORIENTED_EDGE('',*,*,#3681,.F.);
#3681 = EDGE_CURVE('',#3682,#3674,#3684,.T.);
#3682 = VERTEX_POINT('',#3683);
#3683 = CARTESIAN_POINT('',(80.835,37.551074032689,35.6));
#3684 = LINE('',#3685,#3686);
#3685 = CARTESIAN_POINT('',(80.835,37.551074032689,35.6));
#3686 = VECTOR('',#3687,1.);
#3687 = DIRECTION('',(0.,0.,1.));
#3688 = ORIENTED_EDGE('',*,*,#3689,.F.);
#3689 = EDGE_CURVE('',#3651,#3682,#3690,.T.);
#3690 = LINE('',#3691,#3692);
#3691 = CARTESIAN_POINT('',(85.6,40.302148065377,35.6));
#3692 = VECTOR('',#3693,1.);
#3693 = DIRECTION('',(-0.866025403784,-0.5,0.));
#3694 = PLANE('',#3695);
#3695 = AXIS2_PLACEMENT_3D('',#3696,#3697,#3698);
#3696 = CARTESIAN_POINT('',(85.6,40.302148065377,35.6));
#3697 = DIRECTION('',(0.5,-0.866025403784,0.));
#3698 = DIRECTION('',(-0.866025403784,-0.5,0.));
#3699 = ADVANCED_FACE('',(#3700),#3725,.F.);
#3700 = FACE_BOUND('',#3701,.F.);
#3701 = EDGE_LOOP('',(#3702,#3703,#3711,#3719));
#3702 = ORIENTED_EDGE('',*,*,#3681,.T.);
#3703 = ORIENTED_EDGE('',*,*,#3704,.T.);
#3704 = EDGE_CURVE('',#3674,#3705,#3707,.T.);
#3705 = VERTEX_POINT('',#3706);
#3706 = CARTESIAN_POINT('',(80.835,32.048925967311,38.8));
#3707 = LINE('',#3708,#3709);
#3708 = CARTESIAN_POINT('',(80.835,37.551074032689,38.8));
#3709 = VECTOR('',#3710,1.);
#3710 = DIRECTION('',(0.,-1.,0.));
#3711 = ORIENTED_EDGE('',*,*,#3712,.F.);
#3712 = EDGE_CURVE('',#3713,#3705,#3715,.T.);
#3713 = VERTEX_POINT('',#3714);
#3714 = CARTESIAN_POINT('',(80.835,32.048925967311,35.6));
#3715 = LINE('',#3716,#3717);
#3716 = CARTESIAN_POINT('',(80.835,32.048925967311,35.6));
#3717 = VECTOR('',#3718,1.);
#3718 = DIRECTION('',(0.,0.,1.));
#3719 = ORIENTED_EDGE('',*,*,#3720,.F.);
#3720 = EDGE_CURVE('',#3682,#3713,#3721,.T.);
#3721 = LINE('',#3722,#3723);
#3722 = CARTESIAN_POINT('',(80.835,37.551074032689,35.6));
#3723 = VECTOR('',#3724,1.);
#3724 = DIRECTION('',(0.,-1.,0.));
#3725 = PLANE('',#3726);
#3726 = AXIS2_PLACEMENT_3D('',#3727,#3728,#3729);
#3727 = CARTESIAN_POINT('',(80.835,37.551074032689,35.6));
#3728 = DIRECTION('',(1.,0.,0.));
#3729 = DIRECTION('',(0.,-1.,0.));
#3730 = ADVANCED_FACE('',(#3731),#3756,.F.);
#3731 = FACE_BOUND('',#3732,.F.);
#3732 = EDGE_LOOP('',(#3733,#3734,#3742,#3750));
#3733 = ORIENTED_EDGE('',*,*,#3712,.T.);
#3734 = ORIENTED_EDGE('',*,*,#3735,.T.);
#3735 = EDGE_CURVE('',#3705,#3736,#3738,.T.);
#3736 = VERTEX_POINT('',#3737);
#3737 = CARTESIAN_POINT('',(85.6,29.297851934623,38.8));
#3738 = LINE('',#3739,#3740);
#3739 = CARTESIAN_POINT('',(80.835,32.048925967311,38.8));
#3740 = VECTOR('',#3741,1.);
#3741 = DIRECTION('',(0.866025403784,-0.5,0.));
#3742 = ORIENTED_EDGE('',*,*,#3743,.F.);
#3743 = EDGE_CURVE('',#3744,#3736,#3746,.T.);
#3744 = VERTEX_POINT('',#3745);
#3745 = CARTESIAN_POINT('',(85.6,29.297851934623,35.6));
#3746 = LINE('',#3747,#3748);
#3747 = CARTESIAN_POINT('',(85.6,29.297851934623,35.6));
#3748 = VECTOR('',#3749,1.);
#3749 = DIRECTION('',(0.,0.,1.));
#3750 = ORIENTED_EDGE('',*,*,#3751,.F.);
#3751 = EDGE_CURVE('',#3713,#3744,#3752,.T.);
#3752 = LINE('',#3753,#3754);
#3753 = CARTESIAN_POINT('',(80.835,32.048925967311,35.6));
#3754 = VECTOR('',#3755,1.);
#3755 = DIRECTION('',(0.866025403784,-0.5,0.));
#3756 = PLANE('',#3757);
#3757 = AXIS2_PLACEMENT_3D('',#3758,#3759,#3760);
#3758 = CARTESIAN_POINT('',(80.835,32.048925967311,35.6));
#3759 = DIRECTION('',(0.5,0.866025403784,0.));
#3760 = DIRECTION('',(0.866025403784,-0.5,0.));
#3761 = ADVANCED_FACE('',(#3762),#3787,.F.);
#3762 = FACE_BOUND('',#3763,.F.);
#3763 = EDGE_LOOP('',(#3764,#3765,#3773,#3781));
#3764 = ORIENTED_EDGE('',*,*,#3743,.T.);
#3765 = ORIENTED_EDGE('',*,*,#3766,.T.);
#3766 = EDGE_CURVE('',#3736,#3767,#3769,.T.);
#3767 = VERTEX_POINT('',#3768);
#3768 = CARTESIAN_POINT('',(90.365,32.048925967311,38.8));
#3769 = LINE('',#3770,#3771);
#3770 = CARTESIAN_POINT('',(85.6,29.297851934623,38.8));
#3771 = VECTOR('',#3772,1.);
#3772 = DIRECTION('',(0.866025403784,0.5,0.));
#3773 = ORIENTED_EDGE('',*,*,#3774,.F.);
#3774 = EDGE_CURVE('',#3775,#3767,#3777,.T.);
#3775 = VERTEX_POINT('',#3776);
#3776 = CARTESIAN_POINT('',(90.365,32.048925967311,35.6));
#3777 = LINE('',#3778,#3779);
#3778 = CARTESIAN_POINT('',(90.365,32.048925967311,35.6));
#3779 = VECTOR('',#3780,1.);
#3780 = DIRECTION('',(0.,0.,1.));
#3781 = ORIENTED_EDGE('',*,*,#3782,.F.);
#3782 = EDGE_CURVE('',#3744,#3775,#3783,.T.);
#3783 = LINE('',#3784,#3785);
#3784 = CARTESIAN_POINT('',(85.6,29.297851934623,35.6));
#3785 = VECTOR('',#3786,1.);
#3786 = DIRECTION('',(0.866025403784,0.5,0.));
#3787 = PLANE('',#3788);
#3788 = AXIS2_PLACEMENT_3D('',#3789,#3790,#3791);
#3789 = CARTESIAN_POINT('',(85.6,29.297851934623,35.6));
#3790 = DIRECTION('',(-0.5,0.866025403784,0.));
#3791 = DIRECTION('',(0.866025403784,0.5,0.));
#3792 = ADVANCED_FACE('',(#3793),#3809,.F.);
#3793 = FACE_BOUND('',#3794,.F.);
#3794 = EDGE_LOOP('',(#3795,#3796,#3802,#3803));
#3795 = ORIENTED_EDGE('',*,*,#3774,.T.);
#3796 = ORIENTED_EDGE('',*,*,#3797,.T.);
#3797 = EDGE_CURVE('',#3767,#3635,#3798,.T.);
#3798 = LINE('',#3799,#3800);
#3799 = CARTESIAN_POINT('',(90.365,32.048925967311,38.8));
#3800 = VECTOR('',#3801,1.);
#3801 = DIRECTION('',(3.228478801903E-16,1.,0.));
#3802 = ORIENTED_EDGE('',*,*,#3632,.F.);
#3803 = ORIENTED_EDGE('',*,*,#3804,.F.);
#3804 = EDGE_CURVE('',#3775,#3633,#3805,.T.);
#3805 = LINE('',#3806,#3807);
#3806 = CARTESIAN_POINT('',(90.365,32.048925967311,35.6));
#3807 = VECTOR('',#3808,1.);
#3808 = DIRECTION('',(3.228478801903E-16,1.,0.));
#3809 = PLANE('',#3810);
#3810 = AXIS2_PLACEMENT_3D('',#3811,#3812,#3813);
#3811 = CARTESIAN_POINT('',(90.365,32.048925967311,35.6));
#3812 = DIRECTION('',(-1.,3.228478801903E-16,0.));
#3813 = DIRECTION('',(3.228478801903E-16,1.,0.));
#3814 = ADVANCED_FACE('',(#3815),#3823,.F.);
#3815 = FACE_BOUND('',#3816,.F.);
#3816 = EDGE_LOOP('',(#3817,#3818,#3819,#3820,#3821,#3822));
#3817 = ORIENTED_EDGE('',*,*,#3658,.T.);
#3818 = ORIENTED_EDGE('',*,*,#3689,.T.);
#3819 = ORIENTED_EDGE('',*,*,#3720,.T.);
#3820 = ORIENTED_EDGE('',*,*,#3751,.T.);
#3821 = ORIENTED_EDGE('',*,*,#3782,.T.);
#3822 = ORIENTED_EDGE('',*,*,#3804,.T.);
#3823 = PLANE('',#3824);
#3824 = AXIS2_PLACEMENT_3D('',#3825,#3826,#3827);
#3825 = CARTESIAN_POINT('',(85.6,34.8,35.6));
#3826 = DIRECTION('',(0.,0.,1.));
#3827 = DIRECTION('',(1.,0.,0.));
#3828 = ADVANCED_FACE('',(#3829),#3837,.T.);
#3829 = FACE_BOUND('',#3830,.T.);
#3830 = EDGE_LOOP('',(#3831,#3832,#3833,#3834,#3835,#3836));
#3831 = ORIENTED_EDGE('',*,*,#3642,.T.);
#3832 = ORIENTED_EDGE('',*,*,#3673,.T.);
#3833 = ORIENTED_EDGE('',*,*,#3704,.T.);
#3834 = ORIENTED_EDGE('',*,*,#3735,.T.);
#3835 = ORIENTED_EDGE('',*,*,#3766,.T.);
#3836 = ORIENTED_EDGE('',*,*,#3797,.T.);
#3837 = PLANE('',#3838);
#3838 = AXIS2_PLACEMENT_3D('',#3839,#3840,#3841);
#3839 = CARTESIAN_POINT('',(85.6,34.8,38.8));
#3840 = DIRECTION('',(0.,0.,1.));
#3841 = DIRECTION('',(1.,0.,0.));
#3842 = MANIFOLD_SOLID_BREP('',#3843);
#3843 = CLOSED_SHELL('',(#3844,#3872,#3897,#3922,#3947,#3956,#3981,#4006
    ,#4031,#4056,#4081,#4106,#4131,#4151,#4176));
#3844 = ADVANCED_FACE('',(#3845,#3856),#3867,.F.);
#3845 = FACE_BOUND('',#3846,.T.);
#3846 = EDGE_LOOP('',(#3847));
#3847 = ORIENTED_EDGE('',*,*,#3848,.F.);
#3848 = EDGE_CURVE('',#3849,#3849,#3851,.T.);
#3849 = VERTEX_POINT('',#3850);
#3850 = CARTESIAN_POINT('',(70.8,25.4,0.));
#3851 = CIRCLE('',#3852,20.);
#3852 = AXIS2_PLACEMENT_3D('',#3853,#3854,#3855);
#3853 = CARTESIAN_POINT('',(50.8,25.4,0.));
#3854 = DIRECTION('',(0.,0.,1.));
#3855 = DIRECTION('',(1.,0.,0.));
#3856 = FACE_BOUND('',#3857,.T.);
#3857 = EDGE_LOOP('',(#3858));
#3858 = ORIENTED_EDGE('',*,*,#3859,.T.);
#3859 = EDGE_CURVE('',#3860,#3860,#3862,.T.);
#3860 = VERTEX_POINT('',#3861);
#3861 = CARTESIAN_POINT('',(55.95,25.4,0.));
#3862 = CIRCLE('',#3863,5.15);
#3863 = AXIS2_PLACEMENT_3D('',#3864,#3865,#3866);
#3864 = CARTESIAN_POINT('',(50.8,25.4,0.));
#3865 = DIRECTION('',(0.,0.,1.));
#3866 = DIRECTION('',(1.,0.,0.));
#3867 = PLANE('',#3868);
#3868 = AXIS2_PLACEMENT_3D('',#3869,#3870,#3871);
#3869 = CARTESIAN_POINT('',(50.8,25.4,0.));
#3870 = DIRECTION('',(0.,0.,1.));
#3871 = DIRECTION('',(1.,0.,0.));
#3872 = ADVANCED_FACE('',(#3873),#3892,.T.);
#3873 = FACE_BOUND('',#3874,.T.);
#3874 = EDGE_LOOP('',(#3875,#3876,#3884,#3891));
#3875 = ORIENTED_EDGE('',*,*,#3848,.T.);
#3876 = ORIENTED_EDGE('',*,*,#3877,.T.);
#3877 = EDGE_CURVE('',#3849,#3878,#3880,.T.);
#3878 = VERTEX_POINT('',#3879);
#3879 = CARTESIAN_POINT('',(70.8,25.4,6.5));
#3880 = LINE('',#3881,#3882);
#3881 = CARTESIAN_POINT('',(70.8,25.4,0.));
#3882 = VECTOR('',#3883,1.);
#3883 = DIRECTION('',(0.,0.,1.));
#3884 = ORIENTED_EDGE('',*,*,#3885,.F.);
#3885 = EDGE_CURVE('',#3878,#3878,#3886,.T.);
#3886 = CIRCLE('',#3887,20.);
#3887 = AXIS2_PLACEMENT_3D('',#3888,#3889,#3890);
#3888 = CARTESIAN_POINT('',(50.8,25.4,6.5));
#3889 = DIRECTION('',(0.,0.,1.));
#3890 = DIRECTION('',(1.,0.,0.));
#3891 = ORIENTED_EDGE('',*,*,#3877,.F.);
#3892 = CYLINDRICAL_SURFACE('',#3893,20.);
#3893 = AXIS2_PLACEMENT_3D('',#3894,#3895,#3896);
#3894 = CARTESIAN_POINT('',(50.8,25.4,0.));
#3895 = DIRECTION('',(0.,0.,1.));
#3896 = DIRECTION('',(1.,0.,0.));
#3897 = ADVANCED_FACE('',(#3898),#3917,.F.);
#3898 = FACE_BOUND('',#3899,.F.);
#3899 = EDGE_LOOP('',(#3900,#3908,#3915,#3916));
#3900 = ORIENTED_EDGE('',*,*,#3901,.T.);
#3901 = EDGE_CURVE('',#3860,#3902,#3904,.T.);
#3902 = VERTEX_POINT('',#3903);
#3903 = CARTESIAN_POINT('',(55.95,25.4,11.1));
#3904 = LINE('',#3905,#3906);
#3905 = CARTESIAN_POINT('',(55.95,25.4,-0.1));
#3906 = VECTOR('',#3907,1.);
#3907 = DIRECTION('',(0.,0.,1.));
#3908 = ORIENTED_EDGE('',*,*,#3909,.F.);
#3909 = EDGE_CURVE('',#3902,#3902,#3910,.T.);
#3910 = CIRCLE('',#3911,5.15);
#3911 = AXIS2_PLACEMENT_3D('',#3912,#3913,#3914);
#3912 = CARTESIAN_POINT('',(50.8,25.4,11.1));
#3913 = DIRECTION('',(0.,0.,1.));
#3914 = DIRECTION('',(1.,0.,0.));
#3915 = ORIENTED_EDGE('',*,*,#3901,.F.);
#3916 = ORIENTED_EDGE('',*,*,#3859,.T.);
#3917 = CYLINDRICAL_SURFACE('',#3918,5.15);
#3918 = AXIS2_PLACEMENT_3D('',#3919,#3920,#3921);
#3919 = CARTESIAN_POINT('',(50.8,25.4,-0.1));
#3920 = DIRECTION('',(0.,0.,1.));
#3921 = DIRECTION('',(1.,0.,0.));
#3922 = ADVANCED_FACE('',(#3923),#3942,.T.);
#3923 = FACE_BOUND('',#3924,.T.);
#3924 = EDGE_LOOP('',(#3925,#3926,#3934,#3941));
#3925 = ORIENTED_EDGE('',*,*,#3885,.T.);
#3926 = ORIENTED_EDGE('',*,*,#3927,.T.);
#3927 = EDGE_CURVE('',#3878,#3928,#3930,.T.);
#3928 = VERTEX_POINT('',#3929);
#3929 = CARTESIAN_POINT('',(67.8,25.4,9.));
#3930 = LINE('',#3931,#3932);
#3931 = CARTESIAN_POINT('',(70.8,25.4,6.5));
#3932 = VECTOR('',#3933,1.);
#3933 = DIRECTION('',(-0.768221279597,0.,0.640184399664));
#3934 = ORIENTED_EDGE('',*,*,#3935,.F.);
#3935 = EDGE_CURVE('',#3928,#3928,#3936,.T.);
#3936 = CIRCLE('',#3937,17.);
#3937 = AXIS2_PLACEMENT_3D('',#3938,#3939,#3940);
#3938 = CARTESIAN_POINT('',(50.8,25.4,9.));
#3939 = DIRECTION('',(0.,0.,1.));
#3940 = DIRECTION('',(1.,0.,0.));
#3941 = ORIENTED_EDGE('',*,*,#3927,.F.);
#3942 = CONICAL_SURFACE('',#3943,20.,0.876058050598);
#3943 = AXIS2_PLACEMENT_3D('',#3944,#3945,#3946);
#3944 = CARTESIAN_POINT('',(50.8,25.4,6.5));
#3945 = DIRECTION('',(-0.,-0.,-1.));
#3946 = DIRECTION('',(1.,0.,0.));
#3947 = ADVANCED_FACE('',(#3948),#3951,.F.);
#3948 = FACE_BOUND('',#3949,.F.);
#3949 = EDGE_LOOP('',(#3950));
#3950 = ORIENTED_EDGE('',*,*,#3909,.T.);
#3951 = PLANE('',#3952);
#3952 = AXIS2_PLACEMENT_3D('',#3953,#3954,#3955);
#3953 = CARTESIAN_POINT('',(50.8,25.4,11.1));
#3954 = DIRECTION('',(0.,0.,1.));
#3955 = DIRECTION('',(1.,0.,0.));
#3956 = ADVANCED_FACE('',(#3957),#3976,.T.);
#3957 = FACE_BOUND('',#3958,.T.);
#3958 = EDGE_LOOP('',(#3959,#3960,#3968,#3975));
#3959 = ORIENTED_EDGE('',*,*,#3935,.T.);
#3960 = ORIENTED_EDGE('',*,*,#3961,.T.);
#3961 = EDGE_CURVE('',#3928,#3962,#3964,.T.);
#3962 = VERTEX_POINT('',#3963);
#3963 = CARTESIAN_POINT('',(67.8,25.4,16.5));
#3964 = LINE('',#3965,#3966);
#3965 = CARTESIAN_POINT('',(67.8,25.4,9.));
#3966 = VECTOR('',#3967,1.);
#3967 = DIRECTION('',(0.,0.,1.));
#3968 = ORIENTED_EDGE('',*,*,#3969,.F.);
#3969 = EDGE_CURVE('',#3962,#3962,#3970,.T.);
#3970 = CIRCLE('',#3971,17.);
#3971 = AXIS2_PLACEMENT_3D('',#3972,#3973,#3974);
#3972 = CARTESIAN_POINT('',(50.8,25.4,16.5));
#3973 = DIRECTION('',(0.,0.,1.));
#3974 = DIRECTION('',(1.,0.,0.));
#3975 = ORIENTED_EDGE('',*,*,#3961,.F.);
#3976 = CYLINDRICAL_SURFACE('',#3977,17.);
#3977 = AXIS2_PLACEMENT_3D('',#3978,#3979,#3980);
#3978 = CARTESIAN_POINT('',(50.8,25.4,9.));
#3979 = DIRECTION('',(0.,0.,1.));
#3980 = DIRECTION('',(1.,0.,0.));
#3981 = ADVANCED_FACE('',(#3982),#4001,.T.);
#3982 = FACE_BOUND('',#3983,.T.);
#3983 = EDGE_LOOP('',(#3984,#3985,#3993,#4000));
#3984 = ORIENTED_EDGE('',*,*,#3969,.T.);
#3985 = ORIENTED_EDGE('',*,*,#3986,.T.);
#3986 = EDGE_CURVE('',#3962,#3987,#3989,.T.);
#3987 = VERTEX_POINT('',#3988);
#3988 = CARTESIAN_POINT('',(70.8,25.4,18.));
#3989 = LINE('',#3990,#3991);
#3990 = CARTESIAN_POINT('',(67.8,25.4,16.5));
#3991 = VECTOR('',#3992,1.);
#3992 = DIRECTION('',(0.894427191,0.,0.4472135955));
#3993 = ORIENTED_EDGE('',*,*,#3994,.F.);
#3994 = EDGE_CURVE('',#3987,#3987,#3995,.T.);
#3995 = CIRCLE('',#3996,20.);
#3996 = AXIS2_PLACEMENT_3D('',#3997,#3998,#3999);
#3997 = CARTESIAN_POINT('',(50.8,25.4,18.));
#3998 = DIRECTION('',(0.,0.,1.));
#3999 = DIRECTION('',(1.,0.,0.));
#4000 = ORIENTED_EDGE('',*,*,#3986,.F.);
#4001 = CONICAL_SURFACE('',#4002,17.,1.107148717794);
#4002 = AXIS2_PLACEMENT_3D('',#4003,#4004,#4005);
#4003 = CARTESIAN_POINT('',(50.8,25.4,16.5));
#4004 = DIRECTION('',(0.,0.,1.));
#4005 = DIRECTION('',(1.,0.,0.));
#4006 = ADVANCED_FACE('',(#4007),#4026,.T.);
#4007 = FACE_BOUND('',#4008,.T.);
#4008 = EDGE_LOOP('',(#4009,#4010,#4018,#4025));
#4009 = ORIENTED_EDGE('',*,*,#3994,.T.);
#4010 = ORIENTED_EDGE('',*,*,#4011,.T.);
#4011 = EDGE_CURVE('',#3987,#4012,#4014,.T.);
#4012 = VERTEX_POINT('',#4013);
#4013 = CARTESIAN_POINT('',(70.8,25.4,22.));
#4014 = LINE('',#4015,#4016);
#4015 = CARTESIAN_POINT('',(70.8,25.4,18.));
#4016 = VECTOR('',#4017,1.);
#4017 = DIRECTION('',(0.,0.,1.));
#4018 = ORIENTED_EDGE('',*,*,#4019,.F.);
#4019 = EDGE_CURVE('',#4012,#4012,#4020,.T.);
#4020 = CIRCLE('',#4021,20.);
#4021 = AXIS2_PLACEMENT_3D('',#4022,#4023,#4024);
#4022 = CARTESIAN_POINT('',(50.8,25.4,22.));
#4023 = DIRECTION('',(0.,0.,1.));
#4024 = DIRECTION('',(1.,0.,0.));
#4025 = ORIENTED_EDGE('',*,*,#4011,.F.);
#4026 = CYLINDRICAL_SURFACE('',#4027,20.);
#4027 = AXIS2_PLACEMENT_3D('',#4028,#4029,#4030);
#4028 = CARTESIAN_POINT('',(50.8,25.4,18.));
#4029 = DIRECTION('',(0.,0.,1.));
#4030 = DIRECTION('',(1.,0.,0.));
#4031 = ADVANCED_FACE('',(#4032),#4051,.T.);
#4032 = FACE_BOUND('',#4033,.T.);
#4033 = EDGE_LOOP('',(#4034,#4035,#4043,#4050));
#4034 = ORIENTED_EDGE('',*,*,#4019,.T.);
#4035 = ORIENTED_EDGE('',*,*,#4036,.T.);
#4036 = EDGE_CURVE('',#4012,#4037,#4039,.T.);
#4037 = VERTEX_POINT('',#4038);
#4038 = CARTESIAN_POINT('',(67.8,25.4,23.5));
#4039 = LINE('',#4040,#4041);
#4040 = CARTESIAN_POINT('',(70.8,25.4,22.));
#4041 = VECTOR('',#4042,1.);
#4042 = DIRECTION('',(-0.894427191,0.,0.4472135955));
#4043 = ORIENTED_EDGE('',*,*,#4044,.F.);
#4044 = EDGE_CURVE('',#4037,#4037,#4045,.T.);
#4045 = CIRCLE('',#4046,17.);
#4046 = AXIS2_PLACEMENT_3D('',#4047,#4048,#4049);
#4047 = CARTESIAN_POINT('',(50.8,25.4,23.5));
#4048 = DIRECTION('',(0.,0.,1.));
#4049 = DIRECTION('',(1.,0.,0.));
#4050 = ORIENTED_EDGE('',*,*,#4036,.F.);
#4051 = CONICAL_SURFACE('',#4052,20.,1.107148717794);
#4052 = AXIS2_PLACEMENT_3D('',#4053,#4054,#4055);
#4053 = CARTESIAN_POINT('',(50.8,25.4,22.));
#4054 = DIRECTION('',(-0.,-0.,-1.));
#4055 = DIRECTION('',(1.,0.,0.));
#4056 = ADVANCED_FACE('',(#4057),#4076,.T.);
#4057 = FACE_BOUND('',#4058,.T.);
#4058 = EDGE_LOOP('',(#4059,#4060,#4068,#4075));
#4059 = ORIENTED_EDGE('',*,*,#4044,.T.);
#4060 = ORIENTED_EDGE('',*,*,#4061,.T.);
#4061 = EDGE_CURVE('',#4037,#4062,#4064,.T.);
#4062 = VERTEX_POINT('',#4063);
#4063 = CARTESIAN_POINT('',(67.8,25.4,31.));
#4064 = LINE('',#4065,#4066);
#4065 = CARTESIAN_POINT('',(67.8,25.4,23.5));
#4066 = VECTOR('',#4067,1.);
#4067 = DIRECTION('',(0.,0.,1.));
#4068 = ORIENTED_EDGE('',*,*,#4069,.F.);
#4069 = EDGE_CURVE('',#4062,#4062,#4070,.T.);
#4070 = CIRCLE('',#4071,17.);
#4071 = AXIS2_PLACEMENT_3D('',#4072,#4073,#4074);
#4072 = CARTESIAN_POINT('',(50.8,25.4,31.));
#4073 = DIRECTION('',(0.,0.,1.));
#4074 = DIRECTION('',(1.,0.,0.));
#4075 = ORIENTED_EDGE('',*,*,#4061,.F.);
#4076 = CYLINDRICAL_SURFACE('',#4077,17.);
#4077 = AXIS2_PLACEMENT_3D('',#4078,#4079,#4080);
#4078 = CARTESIAN_POINT('',(50.8,25.4,23.5));
#4079 = DIRECTION('',(0.,0.,1.));
#4080 = DIRECTION('',(1.,0.,0.));
#4081 = ADVANCED_FACE('',(#4082),#4101,.T.);
#4082 = FACE_BOUND('',#4083,.T.);
#4083 = EDGE_LOOP('',(#4084,#4085,#4093,#4100));
#4084 = ORIENTED_EDGE('',*,*,#4069,.T.);
#4085 = ORIENTED_EDGE('',*,*,#4086,.T.);
#4086 = EDGE_CURVE('',#4062,#4087,#4089,.T.);
#4087 = VERTEX_POINT('',#4088);
#4088 = CARTESIAN_POINT('',(70.8,25.4,33.5));
#4089 = LINE('',#4090,#4091);
#4090 = CARTESIAN_POINT('',(67.8,25.4,31.));
#4091 = VECTOR('',#4092,1.);
#4092 = DIRECTION('',(0.768221279597,0.,0.640184399664));
#4093 = ORIENTED_EDGE('',*,*,#4094,.F.);
#4094 = EDGE_CURVE('',#4087,#4087,#4095,.T.);
#4095 = CIRCLE('',#4096,20.);
#4096 = AXIS2_PLACEMENT_3D('',#4097,#4098,#4099);
#4097 = CARTESIAN_POINT('',(50.8,25.4,33.5));
#4098 = DIRECTION('',(0.,0.,1.));
#4099 = DIRECTION('',(1.,0.,0.));
#4100 = ORIENTED_EDGE('',*,*,#4086,.F.);
#4101 = CONICAL_SURFACE('',#4102,17.,0.876058050598);
#4102 = AXIS2_PLACEMENT_3D('',#4103,#4104,#4105);
#4103 = CARTESIAN_POINT('',(50.8,25.4,31.));
#4104 = DIRECTION('',(0.,0.,1.));
#4105 = DIRECTION('',(1.,0.,0.));
#4106 = ADVANCED_FACE('',(#4107),#4126,.T.);
#4107 = FACE_BOUND('',#4108,.T.);
#4108 = EDGE_LOOP('',(#4109,#4110,#4118,#4125));
#4109 = ORIENTED_EDGE('',*,*,#4094,.T.);
#4110 = ORIENTED_EDGE('',*,*,#4111,.T.);
#4111 = EDGE_CURVE('',#4087,#4112,#4114,.T.);
#4112 = VERTEX_POINT('',#4113);
#4113 = CARTESIAN_POINT('',(70.8,25.4,40.));
#4114 = LINE('',#4115,#4116);
#4115 = CARTESIAN_POINT('',(70.8,25.4,33.5));
#4116 = VECTOR('',#4117,1.);
#4117 = DIRECTION('',(0.,0.,1.));
#4118 = ORIENTED_EDGE('',*,*,#4119,.F.);
#4119 = EDGE_CURVE('',#4112,#4112,#4120,.T.);
#4120 = CIRCLE('',#4121,20.);
#4121 = AXIS2_PLACEMENT_3D('',#4122,#4123,#4124);
#4122 = CARTESIAN_POINT('',(50.8,25.4,40.));
#4123 = DIRECTION('',(0.,0.,1.));
#4124 = DIRECTION('',(1.,0.,0.));
#4125 = ORIENTED_EDGE('',*,*,#4111,.F.);
#4126 = CYLINDRICAL_SURFACE('',#4127,20.);
#4127 = AXIS2_PLACEMENT_3D('',#4128,#4129,#4130);
#4128 = CARTESIAN_POINT('',(50.8,25.4,33.5));
#4129 = DIRECTION('',(0.,0.,1.));
#4130 = DIRECTION('',(1.,0.,0.));
#4131 = ADVANCED_FACE('',(#4132,#4135),#4146,.T.);
#4132 = FACE_BOUND('',#4133,.T.);
#4133 = EDGE_LOOP('',(#4134));
#4134 = ORIENTED_EDGE('',*,*,#4119,.T.);
#4135 = FACE_BOUND('',#4136,.T.);
#4136 = EDGE_LOOP('',(#4137));
#4137 = ORIENTED_EDGE('',*,*,#4138,.F.);
#4138 = EDGE_CURVE('',#4139,#4139,#4141,.T.);
#4139 = VERTEX_POINT('',#4140);
#4140 = CARTESIAN_POINT('',(55.95,25.4,40.));
#4141 = CIRCLE('',#4142,5.15);
#4142 = AXIS2_PLACEMENT_3D('',#4143,#4144,#4145);
#4143 = CARTESIAN_POINT('',(50.8,25.4,40.));
#4144 = DIRECTION('',(0.,0.,1.));
#4145 = DIRECTION('',(1.,0.,0.));
#4146 = PLANE('',#4147);
#4147 = AXIS2_PLACEMENT_3D('',#4148,#4149,#4150);
#4148 = CARTESIAN_POINT('',(50.8,25.4,40.));
#4149 = DIRECTION('',(0.,0.,1.));
#4150 = DIRECTION('',(1.,0.,0.));
#4151 = ADVANCED_FACE('',(#4152),#4171,.F.);
#4152 = FACE_BOUND('',#4153,.F.);
#4153 = EDGE_LOOP('',(#4154,#4155,#4163,#4170));
#4154 = ORIENTED_EDGE('',*,*,#4138,.F.);
#4155 = ORIENTED_EDGE('',*,*,#4156,.F.);
#4156 = EDGE_CURVE('',#4157,#4139,#4159,.T.);
#4157 = VERTEX_POINT('',#4158);
#4158 = CARTESIAN_POINT('',(55.95,25.4,29.));
#4159 = LINE('',#4160,#4161);
#4160 = CARTESIAN_POINT('',(55.95,25.4,29.));
#4161 = VECTOR('',#4162,1.);
#4162 = DIRECTION('',(0.,0.,1.));
#4163 = ORIENTED_EDGE('',*,*,#4164,.T.);
#4164 = EDGE_CURVE('',#4157,#4157,#4165,.T.);
#4165 = CIRCLE('',#4166,5.15);
#4166 = AXIS2_PLACEMENT_3D('',#4167,#4168,#4169);
#4167 = CARTESIAN_POINT('',(50.8,25.4,29.));
#4168 = DIRECTION('',(0.,0.,1.));
#4169 = DIRECTION('',(1.,0.,0.));
#4170 = ORIENTED_EDGE('',*,*,#4156,.T.);
#4171 = CYLINDRICAL_SURFACE('',#4172,5.15);
#4172 = AXIS2_PLACEMENT_3D('',#4173,#4174,#4175);
#4173 = CARTESIAN_POINT('',(50.8,25.4,29.));
#4174 = DIRECTION('',(0.,0.,1.));
#4175 = DIRECTION('',(1.,0.,0.));
#4176 = ADVANCED_FACE('',(#4177),#4180,.T.);
#4177 = FACE_BOUND('',#4178,.F.);
#4178 = EDGE_LOOP('',(#4179));
#4179 = ORIENTED_EDGE('',*,*,#4164,.F.);
#4180 = PLANE('',#4181);
#4181 = AXIS2_PLACEMENT_3D('',#4182,#4183,#4184);
#4182 = CARTESIAN_POINT('',(50.8,25.4,29.));
#4183 = DIRECTION('',(0.,0.,1.));
#4184 = DIRECTION('',(1.,0.,0.));
#4185 = MANIFOLD_SOLID_BREP('',#4186);
#4186 = CLOSED_SHELL('',(#4187,#4220,#4240,#4260));
#4187 = ADVANCED_FACE('',(#4188),#4215,.T.);
#4188 = FACE_BOUND('',#4189,.T.);
#4189 = EDGE_LOOP('',(#4190,#4199,#4207,#4214));
#4190 = ORIENTED_EDGE('',*,*,#4191,.F.);
#4191 = EDGE_CURVE('',#4192,#4192,#4194,.T.);
#4192 = VERTEX_POINT('',#4193);
#4193 = CARTESIAN_POINT('',(55.8,25.4,11.));
#4194 = CIRCLE('',#4195,5.);
#4195 = AXIS2_PLACEMENT_3D('',#4196,#4197,#4198);
#4196 = CARTESIAN_POINT('',(50.8,25.4,11.));
#4197 = DIRECTION('',(0.,0.,1.));
#4198 = DIRECTION('',(1.,0.,0.));
#4199 = ORIENTED_EDGE('',*,*,#4200,.F.);
#4200 = EDGE_CURVE('',#4201,#4192,#4203,.T.);
#4201 = VERTEX_POINT('',#4202);
#4202 = CARTESIAN_POINT('',(55.8,25.4,0.));
#4203 = LINE('',#4204,#4205);
#4204 = CARTESIAN_POINT('',(55.8,25.4,0.));
#4205 = VECTOR('',#4206,1.);
#4206 = DIRECTION('',(0.,0.,1.));
#4207 = ORIENTED_EDGE('',*,*,#4208,.T.);
#4208 = EDGE_CURVE('',#4201,#4201,#4209,.T.);
#4209 = CIRCLE('',#4210,5.);
#4210 = AXIS2_PLACEMENT_3D('',#4211,#4212,#4213);
#4211 = CARTESIAN_POINT('',(50.8,25.4,0.));
#4212 = DIRECTION('',(0.,0.,1.));
#4213 = DIRECTION('',(1.,0.,0.));
#4214 = ORIENTED_EDGE('',*,*,#4200,.T.);
#4215 = CYLINDRICAL_SURFACE('',#4216,5.);
#4216 = AXIS2_PLACEMENT_3D('',#4217,#4218,#4219);
#4217 = CARTESIAN_POINT('',(50.8,25.4,0.));
#4218 = DIRECTION('',(0.,0.,1.));
#4219 = DIRECTION('',(1.,0.,0.));
#4220 = ADVANCED_FACE('',(#4221,#4224),#4235,.T.);
#4221 = FACE_BOUND('',#4222,.T.);
#4222 = EDGE_LOOP('',(#4223));
#4223 = ORIENTED_EDGE('',*,*,#4191,.T.);
#4224 = FACE_BOUND('',#4225,.T.);
#4225 = EDGE_LOOP('',(#4226));
#4226 = ORIENTED_EDGE('',*,*,#4227,.F.);
#4227 = EDGE_CURVE('',#4228,#4228,#4230,.T.);
#4228 = VERTEX_POINT('',#4229);
#4229 = CARTESIAN_POINT('',(54.2,25.4,11.));
#4230 = CIRCLE('',#4231,3.4);
#4231 = AXIS2_PLACEMENT_3D('',#4232,#4233,#4234);
#4232 = CARTESIAN_POINT('',(50.8,25.4,11.));
#4233 = DIRECTION('',(0.,0.,1.));
#4234 = DIRECTION('',(1.,0.,0.));
#4235 = PLANE('',#4236);
#4236 = AXIS2_PLACEMENT_3D('',#4237,#4238,#4239);
#4237 = CARTESIAN_POINT('',(50.8,25.4,11.));
#4238 = DIRECTION('',(0.,0.,1.));
#4239 = DIRECTION('',(1.,0.,0.));
#4240 = ADVANCED_FACE('',(#4241,#4244),#4255,.F.);
#4241 = FACE_BOUND('',#4242,.F.);
#4242 = EDGE_LOOP('',(#4243));
#4243 = ORIENTED_EDGE('',*,*,#4208,.T.);
#4244 = FACE_BOUND('',#4245,.F.);
#4245 = EDGE_LOOP('',(#4246));
#4246 = ORIENTED_EDGE('',*,*,#4247,.F.);
#4247 = EDGE_CURVE('',#4248,#4248,#4250,.T.);
#4248 = VERTEX_POINT('',#4249);
#4249 = CARTESIAN_POINT('',(54.2,25.4,0.));
#4250 = CIRCLE('',#4251,3.4);
#4251 = AXIS2_PLACEMENT_3D('',#4252,#4253,#4254);
#4252 = CARTESIAN_POINT('',(50.8,25.4,0.));
#4253 = DIRECTION('',(0.,0.,1.));
#4254 = DIRECTION('',(1.,0.,0.));
#4255 = PLANE('',#4256);
#4256 = AXIS2_PLACEMENT_3D('',#4257,#4258,#4259);
#4257 = CARTESIAN_POINT('',(50.8,25.4,0.));
#4258 = DIRECTION('',(0.,0.,1.));
#4259 = DIRECTION('',(1.,0.,0.));
#4260 = ADVANCED_FACE('',(#4261),#4272,.F.);
#4261 = FACE_BOUND('',#4262,.F.);
#4262 = EDGE_LOOP('',(#4263,#4264,#4270,#4271));
#4263 = ORIENTED_EDGE('',*,*,#4227,.F.);
#4264 = ORIENTED_EDGE('',*,*,#4265,.F.);
#4265 = EDGE_CURVE('',#4248,#4228,#4266,.T.);
#4266 = LINE('',#4267,#4268);
#4267 = CARTESIAN_POINT('',(54.2,25.4,-0.2));
#4268 = VECTOR('',#4269,1.);
#4269 = DIRECTION('',(0.,0.,1.));
#4270 = ORIENTED_EDGE('',*,*,#4247,.T.);
#4271 = ORIENTED_EDGE('',*,*,#4265,.T.);
#4272 = CYLINDRICAL_SURFACE('',#4273,3.4);
#4273 = AXIS2_PLACEMENT_3D('',#4274,#4275,#4276);
#4274 = CARTESIAN_POINT('',(50.8,25.4,-0.2));
#4275 = DIRECTION('',(0.,0.,1.));
#4276 = DIRECTION('',(1.,0.,0.));
#4277 = MANIFOLD_SOLID_BREP('',#4278);
#4278 = CLOSED_SHELL('',(#4279,#4312,#4332,#4352));
#4279 = ADVANCED_FACE('',(#4280),#4307,.T.);
#4280 = FACE_BOUND('',#4281,.T.);
#4281 = EDGE_LOOP('',(#4282,#4291,#4299,#4306));
#4282 = ORIENTED_EDGE('',*,*,#4283,.F.);
#4283 = EDGE_CURVE('',#4284,#4284,#4286,.T.);
#4284 = VERTEX_POINT('',#4285);
#4285 = CARTESIAN_POINT('',(55.8,25.4,40.));
#4286 = CIRCLE('',#4287,5.);
#4287 = AXIS2_PLACEMENT_3D('',#4288,#4289,#4290);
#4288 = CARTESIAN_POINT('',(50.8,25.4,40.));
#4289 = DIRECTION('',(0.,0.,1.));
#4290 = DIRECTION('',(1.,0.,0.));
#4291 = ORIENTED_EDGE('',*,*,#4292,.F.);
#4292 = EDGE_CURVE('',#4293,#4284,#4295,.T.);
#4293 = VERTEX_POINT('',#4294);
#4294 = CARTESIAN_POINT('',(55.8,25.4,29.));
#4295 = LINE('',#4296,#4297);
#4296 = CARTESIAN_POINT('',(55.8,25.4,29.));
#4297 = VECTOR('',#4298,1.);
#4298 = DIRECTION('',(0.,0.,1.));
#4299 = ORIENTED_EDGE('',*,*,#4300,.T.);
#4300 = EDGE_CURVE('',#4293,#4293,#4301,.T.);
#4301 = CIRCLE('',#4302,5.);
#4302 = AXIS2_PLACEMENT_3D('',#4303,#4304,#4305);
#4303 = CARTESIAN_POINT('',(50.8,25.4,29.));
#4304 = DIRECTION('',(0.,0.,1.));
#4305 = DIRECTION('',(1.,0.,0.));
#4306 = ORIENTED_EDGE('',*,*,#4292,.T.);
#4307 = CYLINDRICAL_SURFACE('',#4308,5.);
#4308 = AXIS2_PLACEMENT_3D('',#4309,#4310,#4311);
#4309 = CARTESIAN_POINT('',(50.8,25.4,29.));
#4310 = DIRECTION('',(0.,0.,1.));
#4311 = DIRECTION('',(1.,0.,0.));
#4312 = ADVANCED_FACE('',(#4313,#4316),#4327,.T.);
#4313 = FACE_BOUND('',#4314,.T.);
#4314 = EDGE_LOOP('',(#4315));
#4315 = ORIENTED_EDGE('',*,*,#4283,.T.);
#4316 = FACE_BOUND('',#4317,.T.);
#4317 = EDGE_LOOP('',(#4318));
#4318 = ORIENTED_EDGE('',*,*,#4319,.F.);
#4319 = EDGE_CURVE('',#4320,#4320,#4322,.T.);
#4320 = VERTEX_POINT('',#4321);
#4321 = CARTESIAN_POINT('',(54.2,25.4,40.));
#4322 = CIRCLE('',#4323,3.4);
#4323 = AXIS2_PLACEMENT_3D('',#4324,#4325,#4326);
#4324 = CARTESIAN_POINT('',(50.8,25.4,40.));
#4325 = DIRECTION('',(0.,0.,1.));
#4326 = DIRECTION('',(1.,0.,0.));
#4327 = PLANE('',#4328);
#4328 = AXIS2_PLACEMENT_3D('',#4329,#4330,#4331);
#4329 = CARTESIAN_POINT('',(50.8,25.4,40.));
#4330 = DIRECTION('',(0.,0.,1.));
#4331 = DIRECTION('',(1.,0.,0.));
#4332 = ADVANCED_FACE('',(#4333,#4336),#4347,.F.);
#4333 = FACE_BOUND('',#4334,.F.);
#4334 = EDGE_LOOP('',(#4335));
#4335 = ORIENTED_EDGE('',*,*,#4300,.T.);
#4336 = FACE_BOUND('',#4337,.F.);
#4337 = EDGE_LOOP('',(#4338));
#4338 = ORIENTED_EDGE('',*,*,#4339,.F.);
#4339 = EDGE_CURVE('',#4340,#4340,#4342,.T.);
#4340 = VERTEX_POINT('',#4341);
#4341 = CARTESIAN_POINT('',(54.2,25.4,29.));
#4342 = CIRCLE('',#4343,3.4);
#4343 = AXIS2_PLACEMENT_3D('',#4344,#4345,#4346);
#4344 = CARTESIAN_POINT('',(50.8,25.4,29.));
#4345 = DIRECTION('',(0.,0.,1.));
#4346 = DIRECTION('',(1.,0.,0.));
#4347 = PLANE('',#4348);
#4348 = AXIS2_PLACEMENT_3D('',#4349,#4350,#4351);
#4349 = CARTESIAN_POINT('',(50.8,25.4,29.));
#4350 = DIRECTION('',(0.,0.,1.));
#4351 = DIRECTION('',(1.,0.,0.));
#4352 = ADVANCED_FACE('',(#4353),#4364,.F.);
#4353 = FACE_BOUND('',#4354,.F.);
#4354 = EDGE_LOOP('',(#4355,#4356,#4362,#4363));
#4355 = ORIENTED_EDGE('',*,*,#4319,.F.);
#4356 = ORIENTED_EDGE('',*,*,#4357,.F.);
#4357 = EDGE_CURVE('',#4340,#4320,#4358,.T.);
#4358 = LINE('',#4359,#4360);
#4359 = CARTESIAN_POINT('',(54.2,25.4,28.8));
#4360 = VECTOR('',#4361,1.);
#4361 = DIRECTION('',(0.,0.,1.));
#4362 = ORIENTED_EDGE('',*,*,#4339,.T.);
#4363 = ORIENTED_EDGE('',*,*,#4357,.T.);
#4364 = CYLINDRICAL_SURFACE('',#4365,3.4);
#4365 = AXIS2_PLACEMENT_3D('',#4366,#4367,#4368);
#4366 = CARTESIAN_POINT('',(50.8,25.4,28.8));
#4367 = DIRECTION('',(0.,0.,1.));
#4368 = DIRECTION('',(1.,0.,0.));
#4369 = MANIFOLD_SOLID_BREP('',#4370);
#4370 = CLOSED_SHELL('',(#4371,#4411,#4442,#4473,#4504,#4535,#4557,#4581
    ,#4605,#4684,#4701,#4780,#4797,#4809,#4821,#4838,#4855,#4872,#4889)
  );
#4371 = ADVANCED_FACE('',(#4372),#4406,.F.);
#4372 = FACE_BOUND('',#4373,.F.);
#4373 = EDGE_LOOP('',(#4374,#4384,#4392,#4400));
#4374 = ORIENTED_EDGE('',*,*,#4375,.F.);
#4375 = EDGE_CURVE('',#4376,#4378,#4380,.T.);
#4376 = VERTEX_POINT('',#4377);
#4377 = CARTESIAN_POINT('',(-5.551115123126E-17,100.8,40.8));
#4378 = VERTEX_POINT('',#4379);
#4379 = CARTESIAN_POINT('',(1.110223024625E-16,100.8,45.55));
#4380 = LINE('',#4381,#4382);
#4381 = CARTESIAN_POINT('',(0.,100.8,40.));
#4382 = VECTOR('',#4383,1.);
#4383 = DIRECTION('',(0.,0.,1.));
#4384 = ORIENTED_EDGE('',*,*,#4385,.T.);
#4385 = EDGE_CURVE('',#4376,#4386,#4388,.T.);
#4386 = VERTEX_POINT('',#4387);
#4387 = CARTESIAN_POINT('',(0.,151.6,40.8));
#4388 = LINE('',#4389,#4390);
#4389 = CARTESIAN_POINT('',(0.,100.8,40.8));
#4390 = VECTOR('',#4391,1.);
#4391 = DIRECTION('',(0.,1.,0.));
#4392 = ORIENTED_EDGE('',*,*,#4393,.T.);
#4393 = EDGE_CURVE('',#4386,#4394,#4396,.T.);
#4394 = VERTEX_POINT('',#4395);
#4395 = CARTESIAN_POINT('',(-5.551115123126E-17,151.6,45.55));
#4396 = LINE('',#4397,#4398);
#4397 = CARTESIAN_POINT('',(0.,151.6,40.));
#4398 = VECTOR('',#4399,1.);
#4399 = DIRECTION('',(0.,0.,1.));
#4400 = ORIENTED_EDGE('',*,*,#4401,.F.);
#4401 = EDGE_CURVE('',#4378,#4394,#4402,.T.);
#4402 = LINE('',#4403,#4404);
#4403 = CARTESIAN_POINT('',(0.,100.8,45.55));
#4404 = VECTOR('',#4405,1.);
#4405 = DIRECTION('',(0.,1.,0.));
#4406 = PLANE('',#4407);
#4407 = AXIS2_PLACEMENT_3D('',#4408,#4409,#4410);
#4408 = CARTESIAN_POINT('',(0.,100.8,40.));
#4409 = DIRECTION('',(1.,0.,0.));
#4410 = DIRECTION('',(0.,0.,1.));
#4411 = ADVANCED_FACE('',(#4412),#4437,.F.);
#4412 = FACE_BOUND('',#4413,.F.);
#4413 = EDGE_LOOP('',(#4414,#4424,#4430,#4431));
#4414 = ORIENTED_EDGE('',*,*,#4415,.F.);
#4415 = EDGE_CURVE('',#4416,#4418,#4420,.T.);
#4416 = VERTEX_POINT('',#4417);
#4417 = CARTESIAN_POINT('',(101.6,100.8,40.8));
#4418 = VERTEX_POINT('',#4419);
#4419 = CARTESIAN_POINT('',(101.6,100.8,45.55));
#4420 = LINE('',#4421,#4422);
#4421 = CARTESIAN_POINT('',(101.6,100.8,40.));
#4422 = VECTOR('',#4423,1.);
#4423 = DIRECTION('',(0.,0.,1.));
#4424 = ORIENTED_EDGE('',*,*,#4425,.F.);
#4425 = EDGE_CURVE('',#4376,#4416,#4426,.T.);
#4426 = LINE('',#4427,#4428);
#4427 = CARTESIAN_POINT('',(0.,100.8,40.8));
#4428 = VECTOR('',#4429,1.);
#4429 = DIRECTION('',(1.,0.,0.));
#4430 = ORIENTED_EDGE('',*,*,#4375,.T.);
#4431 = ORIENTED_EDGE('',*,*,#4432,.T.);
#4432 = EDGE_CURVE('',#4378,#4418,#4433,.T.);
#4433 = LINE('',#4434,#4435);
#4434 = CARTESIAN_POINT('',(0.,100.8,45.55));
#4435 = VECTOR('',#4436,1.);
#4436 = DIRECTION('',(1.,0.,0.));
#4437 = PLANE('',#4438);
#4438 = AXIS2_PLACEMENT_3D('',#4439,#4440,#4441);
#4439 = CARTESIAN_POINT('',(0.,100.8,40.));
#4440 = DIRECTION('',(0.,1.,0.));
#4441 = DIRECTION('',(0.,0.,1.));
#4442 = ADVANCED_FACE('',(#4443),#4468,.T.);
#4443 = FACE_BOUND('',#4444,.T.);
#4444 = EDGE_LOOP('',(#4445,#4453,#4454,#4462));
#4445 = ORIENTED_EDGE('',*,*,#4446,.F.);
#4446 = EDGE_CURVE('',#4376,#4447,#4449,.T.);
#4447 = VERTEX_POINT('',#4448);
#4448 = CARTESIAN_POINT('',(0.8,101.6,40.));
#4449 = LINE('',#4450,#4451);
#4450 = CARTESIAN_POINT('',(0.266666666667,101.06666666666,
    40.533333333333));
#4451 = VECTOR('',#4452,1.);
#4452 = DIRECTION('',(0.57735026919,0.57735026919,-0.57735026919));
#4453 = ORIENTED_EDGE('',*,*,#4385,.T.);
#4454 = ORIENTED_EDGE('',*,*,#4455,.T.);
#4455 = EDGE_CURVE('',#4386,#4456,#4458,.T.);
#4456 = VERTEX_POINT('',#4457);
#4457 = CARTESIAN_POINT('',(0.8,150.8,40.));
#4458 = LINE('',#4459,#4460);
#4459 = CARTESIAN_POINT('',(8.733333333333,142.86666666666,
    32.066666666667));
#4460 = VECTOR('',#4461,1.);
#4461 = DIRECTION('',(0.57735026919,-0.57735026919,-0.57735026919));
#4462 = ORIENTED_EDGE('',*,*,#4463,.F.);
#4463 = EDGE_CURVE('',#4447,#4456,#4464,.T.);
#4464 = LINE('',#4465,#4466);
#4465 = CARTESIAN_POINT('',(0.8,100.8,40.));
#4466 = VECTOR('',#4467,1.);
#4467 = DIRECTION('',(0.,1.,0.));
#4468 = PLANE('',#4469);
#4469 = AXIS2_PLACEMENT_3D('',#4470,#4471,#4472);
#4470 = CARTESIAN_POINT('',(0.4,100.8,40.4));
#4471 = DIRECTION('',(-0.707106781187,9.771056503467E-19,-0.707106781187
    ));
#4472 = DIRECTION('',(6.909180312959E-19,1.,6.909180312959E-19));
#4473 = ADVANCED_FACE('',(#4474),#4499,.F.);
#4474 = FACE_BOUND('',#4475,.F.);
#4475 = EDGE_LOOP('',(#4476,#4484,#4485,#4493));
#4476 = ORIENTED_EDGE('',*,*,#4477,.F.);
#4477 = EDGE_CURVE('',#4378,#4478,#4480,.T.);
#4478 = VERTEX_POINT('',#4479);
#4479 = CARTESIAN_POINT('',(0.8,101.6,46.35));
#4480 = LINE('',#4481,#4482);
#4481 = CARTESIAN_POINT('',(0.266666666667,101.06666666666,
    45.816666666667));
#4482 = VECTOR('',#4483,1.);
#4483 = DIRECTION('',(0.57735026919,0.57735026919,0.57735026919));
#4484 = ORIENTED_EDGE('',*,*,#4401,.T.);
#4485 = ORIENTED_EDGE('',*,*,#4486,.T.);
#4486 = EDGE_CURVE('',#4394,#4487,#4489,.T.);
#4487 = VERTEX_POINT('',#4488);
#4488 = CARTESIAN_POINT('',(0.8,150.8,46.35));
#4489 = LINE('',#4490,#4491);
#4490 = CARTESIAN_POINT('',(8.733333333333,142.86666666666,
    54.283333333333));
#4491 = VECTOR('',#4492,1.);
#4492 = DIRECTION('',(0.57735026919,-0.57735026919,0.57735026919));
#4493 = ORIENTED_EDGE('',*,*,#4494,.F.);
#4494 = EDGE_CURVE('',#4478,#4487,#4495,.T.);
#4495 = LINE('',#4496,#4497);
#4496 = CARTESIAN_POINT('',(0.8,100.8,46.35));
#4497 = VECTOR('',#4498,1.);
#4498 = DIRECTION('',(0.,1.,0.));
#4499 = PLANE('',#4500);
#4500 = AXIS2_PLACEMENT_3D('',#4501,#4502,#4503);
#4501 = CARTESIAN_POINT('',(0.4,100.8,45.95));
#4502 = DIRECTION('',(0.707106781187,4.107433389909E-18,-0.707106781187)
  );
#4503 = DIRECTION('',(-2.904394003277E-18,1.,2.904394003277E-18));
#4504 = ADVANCED_FACE('',(#4505),#4530,.T.);
#4505 = FACE_BOUND('',#4506,.T.);
#4506 = EDGE_LOOP('',(#4507,#4517,#4523,#4524));
#4507 = ORIENTED_EDGE('',*,*,#4508,.F.);
#4508 = EDGE_CURVE('',#4509,#4511,#4513,.T.);
#4509 = VERTEX_POINT('',#4510);
#4510 = CARTESIAN_POINT('',(101.6,151.6,40.8));
#4511 = VERTEX_POINT('',#4512);
#4512 = CARTESIAN_POINT('',(101.6,151.6,45.55));
#4513 = LINE('',#4514,#4515);
#4514 = CARTESIAN_POINT('',(101.6,151.6,40.));
#4515 = VECTOR('',#4516,1.);
#4516 = DIRECTION('',(0.,0.,1.));
#4517 = ORIENTED_EDGE('',*,*,#4518,.F.);
#4518 = EDGE_CURVE('',#4386,#4509,#4519,.T.);
#4519 = LINE('',#4520,#4521);
#4520 = CARTESIAN_POINT('',(0.,151.6,40.8));
#4521 = VECTOR('',#4522,1.);
#4522 = DIRECTION('',(1.,0.,0.));
#4523 = ORIENTED_EDGE('',*,*,#4393,.T.);
#4524 = ORIENTED_EDGE('',*,*,#4525,.T.);
#4525 = EDGE_CURVE('',#4394,#4511,#4526,.T.);
#4526 = LINE('',#4527,#4528);
#4527 = CARTESIAN_POINT('',(0.,151.6,45.55));
#4528 = VECTOR('',#4529,1.);
#4529 = DIRECTION('',(1.,0.,0.));
#4530 = PLANE('',#4531);
#4531 = AXIS2_PLACEMENT_3D('',#4532,#4533,#4534);
#4532 = CARTESIAN_POINT('',(0.,151.6,40.));
#4533 = DIRECTION('',(0.,1.,0.));
#4534 = DIRECTION('',(0.,0.,1.));
#4535 = ADVANCED_FACE('',(#4536),#4552,.T.);
#4536 = FACE_BOUND('',#4537,.T.);
#4537 = EDGE_LOOP('',(#4538,#4539,#4545,#4546));
#4538 = ORIENTED_EDGE('',*,*,#4415,.F.);
#4539 = ORIENTED_EDGE('',*,*,#4540,.T.);
#4540 = EDGE_CURVE('',#4416,#4509,#4541,.T.);
#4541 = LINE('',#4542,#4543);
#4542 = CARTESIAN_POINT('',(101.6,100.8,40.8));
#4543 = VECTOR('',#4544,1.);
#4544 = DIRECTION('',(0.,1.,0.));
#4545 = ORIENTED_EDGE('',*,*,#4508,.T.);
#4546 = ORIENTED_EDGE('',*,*,#4547,.F.);
#4547 = EDGE_CURVE('',#4418,#4511,#4548,.T.);
#4548 = LINE('',#4549,#4550);
#4549 = CARTESIAN_POINT('',(101.6,100.8,45.55));
#4550 = VECTOR('',#4551,1.);
#4551 = DIRECTION('',(0.,1.,0.));
#4552 = PLANE('',#4553);
#4553 = AXIS2_PLACEMENT_3D('',#4554,#4555,#4556);
#4554 = CARTESIAN_POINT('',(101.6,100.8,40.));
#4555 = DIRECTION('',(1.,0.,0.));
#4556 = DIRECTION('',(0.,0.,1.));
#4557 = ADVANCED_FACE('',(#4558),#4576,.T.);
#4558 = FACE_BOUND('',#4559,.F.);
#4559 = EDGE_LOOP('',(#4560,#4561,#4562,#4570));
#4560 = ORIENTED_EDGE('',*,*,#4446,.F.);
#4561 = ORIENTED_EDGE('',*,*,#4425,.T.);
#4562 = ORIENTED_EDGE('',*,*,#4563,.T.);
#4563 = EDGE_CURVE('',#4416,#4564,#4566,.T.);
#4564 = VERTEX_POINT('',#4565);
#4565 = CARTESIAN_POINT('',(100.8,101.6,40.));
#4566 = LINE('',#4567,#4568);
#4567 = CARTESIAN_POINT('',(84.4,118.,23.6));
#4568 = VECTOR('',#4569,1.);
#4569 = DIRECTION('',(-0.57735026919,0.57735026919,-0.57735026919));
#4570 = ORIENTED_EDGE('',*,*,#4571,.F.);
#4571 = EDGE_CURVE('',#4447,#4564,#4572,.T.);
#4572 = LINE('',#4573,#4574);
#4573 = CARTESIAN_POINT('',(0.,101.6,40.));
#4574 = VECTOR('',#4575,1.);
#4575 = DIRECTION('',(1.,0.,0.));
#4576 = PLANE('',#4577);
#4577 = AXIS2_PLACEMENT_3D('',#4578,#4579,#4580);
#4578 = CARTESIAN_POINT('',(0.,101.2,40.4));
#4579 = DIRECTION('',(9.771056503467E-19,-0.707106781187,-0.707106781187
    ));
#4580 = DIRECTION('',(-1.,-6.909180312959E-19,-6.909180312959E-19));
#4581 = ADVANCED_FACE('',(#4582),#4600,.F.);
#4582 = FACE_BOUND('',#4583,.T.);
#4583 = EDGE_LOOP('',(#4584,#4585,#4586,#4594));
#4584 = ORIENTED_EDGE('',*,*,#4477,.F.);
#4585 = ORIENTED_EDGE('',*,*,#4432,.T.);
#4586 = ORIENTED_EDGE('',*,*,#4587,.T.);
#4587 = EDGE_CURVE('',#4418,#4588,#4590,.T.);
#4588 = VERTEX_POINT('',#4589);
#4589 = CARTESIAN_POINT('',(100.8,101.6,46.35));
#4590 = LINE('',#4591,#4592);
#4591 = CARTESIAN_POINT('',(84.4,118.,62.75));
#4592 = VECTOR('',#4593,1.);
#4593 = DIRECTION('',(-0.57735026919,0.57735026919,0.57735026919));
#4594 = ORIENTED_EDGE('',*,*,#4595,.F.);
#4595 = EDGE_CURVE('',#4478,#4588,#4596,.T.);
#4596 = LINE('',#4597,#4598);
#4597 = CARTESIAN_POINT('',(0.,101.6,46.35));
#4598 = VECTOR('',#4599,1.);
#4599 = DIRECTION('',(1.,0.,0.));
#4600 = PLANE('',#4601);
#4601 = AXIS2_PLACEMENT_3D('',#4602,#4603,#4604);
#4602 = CARTESIAN_POINT('',(0.,101.2,45.95));
#4603 = DIRECTION('',(-4.863523573332E-18,0.707106781187,-0.707106781187
    ));
#4604 = DIRECTION('',(-1.,-3.439030499164E-18,3.439030499164E-18));
#4605 = ADVANCED_FACE('',(#4606,#4624,#4635,#4646,#4657,#4668),#4679,.F.
  );
#4606 = FACE_BOUND('',#4607,.F.);
#4607 = EDGE_LOOP('',(#4608,#4609,#4610,#4618));
#4608 = ORIENTED_EDGE('',*,*,#4463,.F.);
#4609 = ORIENTED_EDGE('',*,*,#4571,.T.);
#4610 = ORIENTED_EDGE('',*,*,#4611,.T.);
#4611 = EDGE_CURVE('',#4564,#4612,#4614,.T.);
#4612 = VERTEX_POINT('',#4613);
#4613 = CARTESIAN_POINT('',(100.8,150.8,40.));
#4614 = LINE('',#4615,#4616);
#4615 = CARTESIAN_POINT('',(100.8,100.8,40.));
#4616 = VECTOR('',#4617,1.);
#4617 = DIRECTION('',(0.,1.,0.));
#4618 = ORIENTED_EDGE('',*,*,#4619,.F.);
#4619 = EDGE_CURVE('',#4456,#4612,#4620,.T.);
#4620 = LINE('',#4621,#4622);
#4621 = CARTESIAN_POINT('',(0.,150.8,40.));
#4622 = VECTOR('',#4623,1.);
#4623 = DIRECTION('',(1.,0.,0.));
#4624 = FACE_BOUND('',#4625,.F.);
#4625 = EDGE_LOOP('',(#4626));
#4626 = ORIENTED_EDGE('',*,*,#4627,.F.);
#4627 = EDGE_CURVE('',#4628,#4628,#4630,.T.);
#4628 = VERTEX_POINT('',#4629);
#4629 = CARTESIAN_POINT('',(20.1,116.8,40.));
#4630 = CIRCLE('',#4631,4.1);
#4631 = AXIS2_PLACEMENT_3D('',#4632,#4633,#4634);
#4632 = CARTESIAN_POINT('',(16.,116.8,40.));
#4633 = DIRECTION('',(0.,0.,1.));
#4634 = DIRECTION('',(1.,0.,0.));
#4635 = FACE_BOUND('',#4636,.F.);
#4636 = EDGE_LOOP('',(#4637));
#4637 = ORIENTED_EDGE('',*,*,#4638,.F.);
#4638 = EDGE_CURVE('',#4639,#4639,#4641,.T.);
#4639 = VERTEX_POINT('',#4640);
#4640 = CARTESIAN_POINT('',(89.7,116.8,40.));
#4641 = CIRCLE('',#4642,4.1);
#4642 = AXIS2_PLACEMENT_3D('',#4643,#4644,#4645);
#4643 = CARTESIAN_POINT('',(85.6,116.8,40.));
#4644 = DIRECTION('',(0.,0.,1.));
#4645 = DIRECTION('',(1.,0.,0.));
#4646 = FACE_BOUND('',#4647,.F.);
#4647 = EDGE_LOOP('',(#4648));
#4648 = ORIENTED_EDGE('',*,*,#4649,.F.);
#4649 = EDGE_CURVE('',#4650,#4650,#4652,.T.);
#4650 = VERTEX_POINT('',#4651);
#4651 = CARTESIAN_POINT('',(18.5,135.6,40.));
#4652 = CIRCLE('',#4653,2.5);
#4653 = AXIS2_PLACEMENT_3D('',#4654,#4655,#4656);
#4654 = CARTESIAN_POINT('',(16.,135.6,40.));
#4655 = DIRECTION('',(0.,0.,1.));
#4656 = DIRECTION('',(1.,0.,0.));
#4657 = FACE_BOUND('',#4658,.F.);
#4658 = EDGE_LOOP('',(#4659));
#4659 = ORIENTED_EDGE('',*,*,#4660,.F.);
#4660 = EDGE_CURVE('',#4661,#4661,#4663,.T.);
#4661 = VERTEX_POINT('',#4662);
#4662 = CARTESIAN_POINT('',(55.05,126.2,40.));
#4663 = CIRCLE('',#4664,4.25);
#4664 = AXIS2_PLACEMENT_3D('',#4665,#4666,#4667);
#4665 = CARTESIAN_POINT('',(50.8,126.2,40.));
#4666 = DIRECTION('',(0.,0.,1.));
#4667 = DIRECTION('',(1.,0.,0.));
#4668 = FACE_BOUND('',#4669,.F.);
#4669 = EDGE_LOOP('',(#4670));
#4670 = ORIENTED_EDGE('',*,*,#4671,.F.);
#4671 = EDGE_CURVE('',#4672,#4672,#4674,.T.);
#4672 = VERTEX_POINT('',#4673);
#4673 = CARTESIAN_POINT('',(88.1,135.6,40.));
#4674 = CIRCLE('',#4675,2.5);
#4675 = AXIS2_PLACEMENT_3D('',#4676,#4677,#4678);
#4676 = CARTESIAN_POINT('',(85.6,135.6,40.));
#4677 = DIRECTION('',(0.,0.,1.));
#4678 = DIRECTION('',(1.,0.,0.));
#4679 = PLANE('',#4680);
#4680 = AXIS2_PLACEMENT_3D('',#4681,#4682,#4683);
#4681 = CARTESIAN_POINT('',(0.,100.8,40.));
#4682 = DIRECTION('',(0.,0.,1.));
#4683 = DIRECTION('',(1.,0.,0.));
#4684 = ADVANCED_FACE('',(#4685),#4696,.F.);
#4685 = FACE_BOUND('',#4686,.T.);
#4686 = EDGE_LOOP('',(#4687,#4688,#4689,#4695));
#4687 = ORIENTED_EDGE('',*,*,#4455,.F.);
#4688 = ORIENTED_EDGE('',*,*,#4518,.T.);
#4689 = ORIENTED_EDGE('',*,*,#4690,.T.);
#4690 = EDGE_CURVE('',#4509,#4612,#4691,.T.);
#4691 = LINE('',#4692,#4693);
#4692 = CARTESIAN_POINT('',(75.933333333333,125.93333333333,
    15.133333333333));
#4693 = VECTOR('',#4694,1.);
#4694 = DIRECTION('',(-0.57735026919,-0.57735026919,-0.57735026919));
#4695 = ORIENTED_EDGE('',*,*,#4619,.F.);
#4696 = PLANE('',#4697);
#4697 = AXIS2_PLACEMENT_3D('',#4698,#4699,#4700);
#4698 = CARTESIAN_POINT('',(0.,151.2,40.4));
#4699 = DIRECTION('',(6.070692462065E-18,-0.707106781187,0.707106781187)
  );
#4700 = DIRECTION('',(-1.,-4.292627806425E-18,4.292627806425E-18));
#4701 = ADVANCED_FACE('',(#4702,#4720,#4731,#4742,#4753,#4764),#4775,.T.
  );
#4702 = FACE_BOUND('',#4703,.T.);
#4703 = EDGE_LOOP('',(#4704,#4705,#4706,#4714));
#4704 = ORIENTED_EDGE('',*,*,#4494,.F.);
#4705 = ORIENTED_EDGE('',*,*,#4595,.T.);
#4706 = ORIENTED_EDGE('',*,*,#4707,.T.);
#4707 = EDGE_CURVE('',#4588,#4708,#4710,.T.);
#4708 = VERTEX_POINT('',#4709);
#4709 = CARTESIAN_POINT('',(100.8,150.8,46.35));
#4710 = LINE('',#4711,#4712);
#4711 = CARTESIAN_POINT('',(100.8,100.8,46.35));
#4712 = VECTOR('',#4713,1.);
#4713 = DIRECTION('',(0.,1.,0.));
#4714 = ORIENTED_EDGE('',*,*,#4715,.F.);
#4715 = EDGE_CURVE('',#4487,#4708,#4716,.T.);
#4716 = LINE('',#4717,#4718);
#4717 = CARTESIAN_POINT('',(0.,150.8,46.35));
#4718 = VECTOR('',#4719,1.);
#4719 = DIRECTION('',(1.,0.,0.));
#4720 = FACE_BOUND('',#4721,.T.);
#4721 = EDGE_LOOP('',(#4722));
#4722 = ORIENTED_EDGE('',*,*,#4723,.F.);
#4723 = EDGE_CURVE('',#4724,#4724,#4726,.T.);
#4724 = VERTEX_POINT('',#4725);
#4725 = CARTESIAN_POINT('',(20.1,116.8,46.35));
#4726 = CIRCLE('',#4727,4.1);
#4727 = AXIS2_PLACEMENT_3D('',#4728,#4729,#4730);
#4728 = CARTESIAN_POINT('',(16.,116.8,46.35));
#4729 = DIRECTION('',(0.,0.,1.));
#4730 = DIRECTION('',(1.,0.,0.));
#4731 = FACE_BOUND('',#4732,.T.);
#4732 = EDGE_LOOP('',(#4733));
#4733 = ORIENTED_EDGE('',*,*,#4734,.F.);
#4734 = EDGE_CURVE('',#4735,#4735,#4737,.T.);
#4735 = VERTEX_POINT('',#4736);
#4736 = CARTESIAN_POINT('',(89.7,116.8,46.35));
#4737 = CIRCLE('',#4738,4.1);
#4738 = AXIS2_PLACEMENT_3D('',#4739,#4740,#4741);
#4739 = CARTESIAN_POINT('',(85.6,116.8,46.35));
#4740 = DIRECTION('',(0.,0.,1.));
#4741 = DIRECTION('',(1.,0.,0.));
#4742 = FACE_BOUND('',#4743,.T.);
#4743 = EDGE_LOOP('',(#4744));
#4744 = ORIENTED_EDGE('',*,*,#4745,.F.);
#4745 = EDGE_CURVE('',#4746,#4746,#4748,.T.);
#4746 = VERTEX_POINT('',#4747);
#4747 = CARTESIAN_POINT('',(18.5,135.6,46.35));
#4748 = CIRCLE('',#4749,2.5);
#4749 = AXIS2_PLACEMENT_3D('',#4750,#4751,#4752);
#4750 = CARTESIAN_POINT('',(16.,135.6,46.35));
#4751 = DIRECTION('',(0.,0.,1.));
#4752 = DIRECTION('',(1.,0.,0.));
#4753 = FACE_BOUND('',#4754,.T.);
#4754 = EDGE_LOOP('',(#4755));
#4755 = ORIENTED_EDGE('',*,*,#4756,.F.);
#4756 = EDGE_CURVE('',#4757,#4757,#4759,.T.);
#4757 = VERTEX_POINT('',#4758);
#4758 = CARTESIAN_POINT('',(55.05,126.2,46.35));
#4759 = CIRCLE('',#4760,4.25);
#4760 = AXIS2_PLACEMENT_3D('',#4761,#4762,#4763);
#4761 = CARTESIAN_POINT('',(50.8,126.2,46.35));
#4762 = DIRECTION('',(0.,0.,1.));
#4763 = DIRECTION('',(1.,0.,0.));
#4764 = FACE_BOUND('',#4765,.T.);
#4765 = EDGE_LOOP('',(#4766));
#4766 = ORIENTED_EDGE('',*,*,#4767,.F.);
#4767 = EDGE_CURVE('',#4768,#4768,#4770,.T.);
#4768 = VERTEX_POINT('',#4769);
#4769 = CARTESIAN_POINT('',(88.1,135.6,46.35));
#4770 = CIRCLE('',#4771,2.5);
#4771 = AXIS2_PLACEMENT_3D('',#4772,#4773,#4774);
#4772 = CARTESIAN_POINT('',(85.6,135.6,46.35));
#4773 = DIRECTION('',(0.,0.,1.));
#4774 = DIRECTION('',(1.,0.,0.));
#4775 = PLANE('',#4776);
#4776 = AXIS2_PLACEMENT_3D('',#4777,#4778,#4779);
#4777 = CARTESIAN_POINT('',(0.,100.8,46.35));
#4778 = DIRECTION('',(0.,0.,1.));
#4779 = DIRECTION('',(1.,0.,0.));
#4780 = ADVANCED_FACE('',(#4781),#4792,.T.);
#4781 = FACE_BOUND('',#4782,.T.);
#4782 = EDGE_LOOP('',(#4783,#4784,#4785,#4791));
#4783 = ORIENTED_EDGE('',*,*,#4486,.T.);
#4784 = ORIENTED_EDGE('',*,*,#4715,.T.);
#4785 = ORIENTED_EDGE('',*,*,#4786,.T.);
#4786 = EDGE_CURVE('',#4708,#4511,#4787,.T.);
#4787 = LINE('',#4788,#4789);
#4788 = CARTESIAN_POINT('',(75.933333333333,125.93333333333,
    71.216666666667));
#4789 = VECTOR('',#4790,1.);
#4790 = DIRECTION('',(0.57735026919,0.57735026919,-0.57735026919));
#4791 = ORIENTED_EDGE('',*,*,#4525,.F.);
#4792 = PLANE('',#4793);
#4793 = AXIS2_PLACEMENT_3D('',#4794,#4795,#4796);
#4794 = CARTESIAN_POINT('',(0.,151.2,45.95));
#4795 = DIRECTION('',(-4.082897117453E-18,0.707106781187,0.707106781187)
  );
#4796 = DIRECTION('',(1.,2.887044238638E-18,2.887044238638E-18));
#4797 = ADVANCED_FACE('',(#4798),#4804,.F.);
#4798 = FACE_BOUND('',#4799,.T.);
#4799 = EDGE_LOOP('',(#4800,#4801,#4802,#4803));
#4800 = ORIENTED_EDGE('',*,*,#4563,.T.);
#4801 = ORIENTED_EDGE('',*,*,#4611,.T.);
#4802 = ORIENTED_EDGE('',*,*,#4690,.F.);
#4803 = ORIENTED_EDGE('',*,*,#4540,.F.);
#4804 = PLANE('',#4805);
#4805 = AXIS2_PLACEMENT_3D('',#4806,#4807,#4808);
#4806 = CARTESIAN_POINT('',(101.2,100.8,40.4));
#4807 = DIRECTION('',(-0.707106781187,-4.020751880993E-18,0.707106781187
    ));
#4808 = DIRECTION('',(2.843100920519E-18,-1.,-2.843100920519E-18));
#4809 = ADVANCED_FACE('',(#4810),#4816,.T.);
#4810 = FACE_BOUND('',#4811,.F.);
#4811 = EDGE_LOOP('',(#4812,#4813,#4814,#4815));
#4812 = ORIENTED_EDGE('',*,*,#4587,.T.);
#4813 = ORIENTED_EDGE('',*,*,#4707,.T.);
#4814 = ORIENTED_EDGE('',*,*,#4786,.T.);
#4815 = ORIENTED_EDGE('',*,*,#4547,.F.);
#4816 = PLANE('',#4817);
#4817 = AXIS2_PLACEMENT_3D('',#4818,#4819,#4820);
#4818 = CARTESIAN_POINT('',(101.2,100.8,45.95));
#4819 = DIRECTION('',(0.707106781187,4.020751880993E-18,0.707106781187)
  );
#4820 = DIRECTION('',(2.843100920519E-18,-1.,2.843100920519E-18));
#4821 = ADVANCED_FACE('',(#4822),#4833,.F.);
#4822 = FACE_BOUND('',#4823,.F.);
#4823 = EDGE_LOOP('',(#4824,#4825,#4831,#4832));
#4824 = ORIENTED_EDGE('',*,*,#4723,.F.);
#4825 = ORIENTED_EDGE('',*,*,#4826,.F.);
#4826 = EDGE_CURVE('',#4628,#4724,#4827,.T.);
#4827 = LINE('',#4828,#4829);
#4828 = CARTESIAN_POINT('',(20.1,116.8,39.));
#4829 = VECTOR('',#4830,1.);
#4830 = DIRECTION('',(0.,0.,1.));
#4831 = ORIENTED_EDGE('',*,*,#4627,.T.);
#4832 = ORIENTED_EDGE('',*,*,#4826,.T.);
#4833 = CYLINDRICAL_SURFACE('',#4834,4.1);
#4834 = AXIS2_PLACEMENT_3D('',#4835,#4836,#4837);
#4835 = CARTESIAN_POINT('',(16.,116.8,39.));
#4836 = DIRECTION('',(0.,0.,1.));
#4837 = DIRECTION('',(1.,0.,0.));
#4838 = ADVANCED_FACE('',(#4839),#4850,.F.);
#4839 = FACE_BOUND('',#4840,.F.);
#4840 = EDGE_LOOP('',(#4841,#4842,#4848,#4849));
#4841 = ORIENTED_EDGE('',*,*,#4734,.F.);
#4842 = ORIENTED_EDGE('',*,*,#4843,.F.);
#4843 = EDGE_CURVE('',#4639,#4735,#4844,.T.);
#4844 = LINE('',#4845,#4846);
#4845 = CARTESIAN_POINT('',(89.7,116.8,39.));
#4846 = VECTOR('',#4847,1.);
#4847 = DIRECTION('',(0.,0.,1.));
#4848 = ORIENTED_EDGE('',*,*,#4638,.T.);
#4849 = ORIENTED_EDGE('',*,*,#4843,.T.);
#4850 = CYLINDRICAL_SURFACE('',#4851,4.1);
#4851 = AXIS2_PLACEMENT_3D('',#4852,#4853,#4854);
#4852 = CARTESIAN_POINT('',(85.6,116.8,39.));
#4853 = DIRECTION('',(0.,0.,1.));
#4854 = DIRECTION('',(1.,0.,0.));
#4855 = ADVANCED_FACE('',(#4856),#4867,.F.);
#4856 = FACE_BOUND('',#4857,.F.);
#4857 = EDGE_LOOP('',(#4858,#4859,#4865,#4866));
#4858 = ORIENTED_EDGE('',*,*,#4745,.F.);
#4859 = ORIENTED_EDGE('',*,*,#4860,.F.);
#4860 = EDGE_CURVE('',#4650,#4746,#4861,.T.);
#4861 = LINE('',#4862,#4863);
#4862 = CARTESIAN_POINT('',(18.5,135.6,39.));
#4863 = VECTOR('',#4864,1.);
#4864 = DIRECTION('',(0.,0.,1.));
#4865 = ORIENTED_EDGE('',*,*,#4649,.T.);
#4866 = ORIENTED_EDGE('',*,*,#4860,.T.);
#4867 = CYLINDRICAL_SURFACE('',#4868,2.5);
#4868 = AXIS2_PLACEMENT_3D('',#4869,#4870,#4871);
#4869 = CARTESIAN_POINT('',(16.,135.6,39.));
#4870 = DIRECTION('',(0.,0.,1.));
#4871 = DIRECTION('',(1.,0.,0.));
#4872 = ADVANCED_FACE('',(#4873),#4884,.F.);
#4873 = FACE_BOUND('',#4874,.F.);
#4874 = EDGE_LOOP('',(#4875,#4876,#4882,#4883));
#4875 = ORIENTED_EDGE('',*,*,#4756,.F.);
#4876 = ORIENTED_EDGE('',*,*,#4877,.F.);
#4877 = EDGE_CURVE('',#4661,#4757,#4878,.T.);
#4878 = LINE('',#4879,#4880);
#4879 = CARTESIAN_POINT('',(55.05,126.2,39.));
#4880 = VECTOR('',#4881,1.);
#4881 = DIRECTION('',(0.,0.,1.));
#4882 = ORIENTED_EDGE('',*,*,#4660,.T.);
#4883 = ORIENTED_EDGE('',*,*,#4877,.T.);
#4884 = CYLINDRICAL_SURFACE('',#4885,4.25);
#4885 = AXIS2_PLACEMENT_3D('',#4886,#4887,#4888);
#4886 = CARTESIAN_POINT('',(50.8,126.2,39.));
#4887 = DIRECTION('',(0.,0.,1.));
#4888 = DIRECTION('',(1.,0.,0.));
#4889 = ADVANCED_FACE('',(#4890),#4901,.F.);
#4890 = FACE_BOUND('',#4891,.F.);
#4891 = EDGE_LOOP('',(#4892,#4893,#4899,#4900));
#4892 = ORIENTED_EDGE('',*,*,#4767,.F.);
#4893 = ORIENTED_EDGE('',*,*,#4894,.F.);
#4894 = EDGE_CURVE('',#4672,#4768,#4895,.T.);
#4895 = LINE('',#4896,#4897);
#4896 = CARTESIAN_POINT('',(88.1,135.6,39.));
#4897 = VECTOR('',#4898,1.);
#4898 = DIRECTION('',(0.,0.,1.));
#4899 = ORIENTED_EDGE('',*,*,#4671,.T.);
#4900 = ORIENTED_EDGE('',*,*,#4894,.T.);
#4901 = CYLINDRICAL_SURFACE('',#4902,2.5);
#4902 = AXIS2_PLACEMENT_3D('',#4903,#4904,#4905);
#4903 = CARTESIAN_POINT('',(85.6,135.6,39.));
#4904 = DIRECTION('',(0.,0.,1.));
#4905 = DIRECTION('',(1.,0.,0.));
#4906 = MANIFOLD_SOLID_BREP('',#4907);
#4907 = CLOSED_SHELL('',(#4908,#4941,#4950));
#4908 = ADVANCED_FACE('',(#4909),#4936,.T.);
#4909 = FACE_BOUND('',#4910,.T.);
#4910 = EDGE_LOOP('',(#4911,#4920,#4928,#4935));
#4911 = ORIENTED_EDGE('',*,*,#4912,.F.);
#4912 = EDGE_CURVE('',#4913,#4913,#4915,.T.);
#4913 = VERTEX_POINT('',#4914);
#4914 = CARTESIAN_POINT('',(19.969,116.8,68.35));
#4915 = CIRCLE('',#4916,3.969);
#4916 = AXIS2_PLACEMENT_3D('',#4917,#4918,#4919);
#4917 = CARTESIAN_POINT('',(16.,116.8,68.35));
#4918 = DIRECTION('',(0.,0.,1.));
#4919 = DIRECTION('',(1.,0.,0.));
#4920 = ORIENTED_EDGE('',*,*,#4921,.F.);
#4921 = EDGE_CURVE('',#4922,#4913,#4924,.T.);
#4922 = VERTEX_POINT('',#4923);
#4923 = CARTESIAN_POINT('',(19.969,116.8,32.8));
#4924 = LINE('',#4925,#4926);
#4925 = CARTESIAN_POINT('',(19.969,116.8,32.8));
#4926 = VECTOR('',#4927,1.);
#4927 = DIRECTION('',(0.,0.,1.));
#4928 = ORIENTED_EDGE('',*,*,#4929,.T.);
#4929 = EDGE_CURVE('',#4922,#4922,#4930,.T.);
#4930 = CIRCLE('',#4931,3.969);
#4931 = AXIS2_PLACEMENT_3D('',#4932,#4933,#4934);
#4932 = CARTESIAN_POINT('',(16.,116.8,32.8));
#4933 = DIRECTION('',(0.,0.,1.));
#4934 = DIRECTION('',(1.,0.,0.));
#4935 = ORIENTED_EDGE('',*,*,#4921,.T.);
#4936 = CYLINDRICAL_SURFACE('',#4937,3.969);
#4937 = AXIS2_PLACEMENT_3D('',#4938,#4939,#4940);
#4938 = CARTESIAN_POINT('',(16.,116.8,32.8));
#4939 = DIRECTION('',(0.,0.,1.));
#4940 = DIRECTION('',(1.,0.,0.));
#4941 = ADVANCED_FACE('',(#4942),#4945,.T.);
#4942 = FACE_BOUND('',#4943,.T.);
#4943 = EDGE_LOOP('',(#4944));
#4944 = ORIENTED_EDGE('',*,*,#4912,.T.);
#4945 = PLANE('',#4946);
#4946 = AXIS2_PLACEMENT_3D('',#4947,#4948,#4949);
#4947 = CARTESIAN_POINT('',(16.,116.8,68.35));
#4948 = DIRECTION('',(0.,0.,1.));
#4949 = DIRECTION('',(1.,0.,0.));
#4950 = ADVANCED_FACE('',(#4951),#4954,.F.);
#4951 = FACE_BOUND('',#4952,.T.);
#4952 = EDGE_LOOP('',(#4953));
#4953 = ORIENTED_EDGE('',*,*,#4929,.F.);
#4954 = PLANE('',#4955);
#4955 = AXIS2_PLACEMENT_3D('',#4956,#4957,#4958);
#4956 = CARTESIAN_POINT('',(16.,116.8,32.8));
#4957 = DIRECTION('',(0.,0.,1.));
#4958 = DIRECTION('',(1.,0.,0.));
#4959 = MANIFOLD_SOLID_BREP('',#4960);
#4960 = CLOSED_SHELL('',(#4961,#4994,#5014,#5034));
#4961 = ADVANCED_FACE('',(#4962),#4989,.T.);
#4962 = FACE_BOUND('',#4963,.T.);
#4963 = EDGE_LOOP('',(#4964,#4973,#4981,#4988));
#4964 = ORIENTED_EDGE('',*,*,#4965,.F.);
#4965 = EDGE_CURVE('',#4966,#4966,#4968,.T.);
#4966 = VERTEX_POINT('',#4967);
#4967 = CARTESIAN_POINT('',(27.1,116.8,48.35));
#4968 = CIRCLE('',#4969,11.1);
#4969 = AXIS2_PLACEMENT_3D('',#4970,#4971,#4972);
#4970 = CARTESIAN_POINT('',(16.,116.8,48.35));
#4971 = DIRECTION('',(0.,0.,1.));
#4972 = DIRECTION('',(1.,0.,0.));
#4973 = ORIENTED_EDGE('',*,*,#4974,.F.);
#4974 = EDGE_CURVE('',#4975,#4966,#4977,.T.);
#4975 = VERTEX_POINT('',#4976);
#4976 = CARTESIAN_POINT('',(27.1,116.8,46.35));
#4977 = LINE('',#4978,#4979);
#4978 = CARTESIAN_POINT('',(27.1,116.8,46.35));
#4979 = VECTOR('',#4980,1.);
#4980 = DIRECTION('',(0.,0.,1.));
#4981 = ORIENTED_EDGE('',*,*,#4982,.T.);
#4982 = EDGE_CURVE('',#4975,#4975,#4983,.T.);
#4983 = CIRCLE('',#4984,11.1);
#4984 = AXIS2_PLACEMENT_3D('',#4985,#4986,#4987);
#4985 = CARTESIAN_POINT('',(16.,116.8,46.35));
#4986 = DIRECTION('',(0.,0.,1.));
#4987 = DIRECTION('',(1.,0.,0.));
#4988 = ORIENTED_EDGE('',*,*,#4974,.T.);
#4989 = CYLINDRICAL_SURFACE('',#4990,11.1);
#4990 = AXIS2_PLACEMENT_3D('',#4991,#4992,#4993);
#4991 = CARTESIAN_POINT('',(16.,116.8,46.35));
#4992 = DIRECTION('',(0.,0.,1.));
#4993 = DIRECTION('',(1.,0.,0.));
#4994 = ADVANCED_FACE('',(#4995,#4998),#5009,.T.);
#4995 = FACE_BOUND('',#4996,.T.);
#4996 = EDGE_LOOP('',(#4997));
#4997 = ORIENTED_EDGE('',*,*,#4965,.T.);
#4998 = FACE_BOUND('',#4999,.T.);
#4999 = EDGE_LOOP('',(#5000));
#5000 = ORIENTED_EDGE('',*,*,#5001,.F.);
#5001 = EDGE_CURVE('',#5002,#5002,#5004,.T.);
#5002 = VERTEX_POINT('',#5003);
#5003 = CARTESIAN_POINT('',(20.2,116.8,48.35));
#5004 = CIRCLE('',#5005,4.2);
#5005 = AXIS2_PLACEMENT_3D('',#5006,#5007,#5008);
#5006 = CARTESIAN_POINT('',(16.,116.8,48.35));
#5007 = DIRECTION('',(0.,0.,1.));
#5008 = DIRECTION('',(1.,0.,0.));
#5009 = PLANE('',#5010);
#5010 = AXIS2_PLACEMENT_3D('',#5011,#5012,#5013);
#5011 = CARTESIAN_POINT('',(16.,116.8,48.35));
#5012 = DIRECTION('',(0.,0.,1.));
#5013 = DIRECTION('',(1.,0.,0.));
#5014 = ADVANCED_FACE('',(#5015,#5018),#5029,.F.);
#5015 = FACE_BOUND('',#5016,.F.);
#5016 = EDGE_LOOP('',(#5017));
#5017 = ORIENTED_EDGE('',*,*,#4982,.T.);
#5018 = FACE_BOUND('',#5019,.F.);
#5019 = EDGE_LOOP('',(#5020));
#5020 = ORIENTED_EDGE('',*,*,#5021,.F.);
#5021 = EDGE_CURVE('',#5022,#5022,#5024,.T.);
#5022 = VERTEX_POINT('',#5023);
#5023 = CARTESIAN_POINT('',(20.2,116.8,46.35));
#5024 = CIRCLE('',#5025,4.2);
#5025 = AXIS2_PLACEMENT_3D('',#5026,#5027,#5028);
#5026 = CARTESIAN_POINT('',(16.,116.8,46.35));
#5027 = DIRECTION('',(0.,0.,1.));
#5028 = DIRECTION('',(1.,0.,0.));
#5029 = PLANE('',#5030);
#5030 = AXIS2_PLACEMENT_3D('',#5031,#5032,#5033);
#5031 = CARTESIAN_POINT('',(16.,116.8,46.35));
#5032 = DIRECTION('',(0.,0.,1.));
#5033 = DIRECTION('',(1.,0.,0.));
#5034 = ADVANCED_FACE('',(#5035),#5046,.F.);
#5035 = FACE_BOUND('',#5036,.F.);
#5036 = EDGE_LOOP('',(#5037,#5038,#5044,#5045));
#5037 = ORIENTED_EDGE('',*,*,#5001,.F.);
#5038 = ORIENTED_EDGE('',*,*,#5039,.F.);
#5039 = EDGE_CURVE('',#5022,#5002,#5040,.T.);
#5040 = LINE('',#5041,#5042);
#5041 = CARTESIAN_POINT('',(20.2,116.8,46.25));
#5042 = VECTOR('',#5043,1.);
#5043 = DIRECTION('',(0.,0.,1.));
#5044 = ORIENTED_EDGE('',*,*,#5021,.T.);
#5045 = ORIENTED_EDGE('',*,*,#5039,.T.);
#5046 = CYLINDRICAL_SURFACE('',#5047,4.2);
#5047 = AXIS2_PLACEMENT_3D('',#5048,#5049,#5050);
#5048 = CARTESIAN_POINT('',(16.,116.8,46.25));
#5049 = DIRECTION('',(0.,0.,1.));
#5050 = DIRECTION('',(1.,0.,0.));
#5051 = MANIFOLD_SOLID_BREP('',#5052);
#5052 = CLOSED_SHELL('',(#5053,#5093,#5124,#5155,#5186,#5217,#5239,#5253
    ));
#5053 = ADVANCED_FACE('',(#5054),#5088,.F.);
#5054 = FACE_BOUND('',#5055,.F.);
#5055 = EDGE_LOOP('',(#5056,#5066,#5074,#5082));
#5056 = ORIENTED_EDGE('',*,*,#5057,.T.);
#5057 = EDGE_CURVE('',#5058,#5060,#5062,.T.);
#5058 = VERTEX_POINT('',#5059);
#5059 = CARTESIAN_POINT('',(22.35,120.46617420935,48.35));
#5060 = VERTEX_POINT('',#5061);
#5061 = CARTESIAN_POINT('',(22.35,120.46617420935,55.45));
#5062 = LINE('',#5063,#5064);
#5063 = CARTESIAN_POINT('',(22.35,120.46617420935,48.35));
#5064 = VECTOR('',#5065,1.);
#5065 = DIRECTION('',(0.,0.,1.));
#5066 = ORIENTED_EDGE('',*,*,#5067,.T.);
#5067 = EDGE_CURVE('',#5060,#5068,#5070,.T.);
#5068 = VERTEX_POINT('',#5069);
#5069 = CARTESIAN_POINT('',(16.,124.1323484187,55.45));
#5070 = LINE('',#5071,#5072);
#5071 = CARTESIAN_POINT('',(22.35,120.46617420935,55.45));
#5072 = VECTOR('',#5073,1.);
#5073 = DIRECTION('',(-0.866025403784,0.5,0.));
#5074 = ORIENTED_EDGE('',*,*,#5075,.F.);
#5075 = EDGE_CURVE('',#5076,#5068,#5078,.T.);
#5076 = VERTEX_POINT('',#5077);
#5077 = CARTESIAN_POINT('',(16.,124.1323484187,48.35));
#5078 = LINE('',#5079,#5080);
#5079 = CARTESIAN_POINT('',(16.,124.1323484187,48.35));
#5080 = VECTOR('',#5081,1.);
#5081 = DIRECTION('',(0.,0.,1.));
#5082 = ORIENTED_EDGE('',*,*,#5083,.F.);
#5083 = EDGE_CURVE('',#5058,#5076,#5084,.T.);
#5084 = LINE('',#5085,#5086);
#5085 = CARTESIAN_POINT('',(22.35,120.46617420935,48.35));
#5086 = VECTOR('',#5087,1.);
#5087 = DIRECTION('',(-0.866025403784,0.5,0.));
#5088 = PLANE('',#5089);
#5089 = AXIS2_PLACEMENT_3D('',#5090,#5091,#5092);
#5090 = CARTESIAN_POINT('',(22.35,120.46617420935,48.35));
#5091 = DIRECTION('',(-0.5,-0.866025403784,0.));
#5092 = DIRECTION('',(-0.866025403784,0.5,0.));
#5093 = ADVANCED_FACE('',(#5094),#5119,.F.);
#5094 = FACE_BOUND('',#5095,.F.);
#5095 = EDGE_LOOP('',(#5096,#5097,#5105,#5113));
#5096 = ORIENTED_EDGE('',*,*,#5075,.T.);
#5097 = ORIENTED_EDGE('',*,*,#5098,.T.);
#5098 = EDGE_CURVE('',#5068,#5099,#5101,.T.);
#5099 = VERTEX_POINT('',#5100);
#5100 = CARTESIAN_POINT('',(9.65,120.46617420935,55.45));
#5101 = LINE('',#5102,#5103);
#5102 = CARTESIAN_POINT('',(16.,124.1323484187,55.45));
#5103 = VECTOR('',#5104,1.);
#5104 = DIRECTION('',(-0.866025403784,-0.5,0.));
#5105 = ORIENTED_EDGE('',*,*,#5106,.F.);
#5106 = EDGE_CURVE('',#5107,#5099,#5109,.T.);
#5107 = VERTEX_POINT('',#5108);
#5108 = CARTESIAN_POINT('',(9.65,120.46617420935,48.35));
#5109 = LINE('',#5110,#5111);
#5110 = CARTESIAN_POINT('',(9.65,120.46617420935,48.35));
#5111 = VECTOR('',#5112,1.);
#5112 = DIRECTION('',(0.,0.,1.));
#5113 = ORIENTED_EDGE('',*,*,#5114,.F.);
#5114 = EDGE_CURVE('',#5076,#5107,#5115,.T.);
#5115 = LINE('',#5116,#5117);
#5116 = CARTESIAN_POINT('',(16.,124.1323484187,48.35));
#5117 = VECTOR('',#5118,1.);
#5118 = DIRECTION('',(-0.866025403784,-0.5,0.));
#5119 = PLANE('',#5120);
#5120 = AXIS2_PLACEMENT_3D('',#5121,#5122,#5123);
#5121 = CARTESIAN_POINT('',(16.,124.1323484187,48.35));
#5122 = DIRECTION('',(0.5,-0.866025403784,0.));
#5123 = DIRECTION('',(-0.866025403784,-0.5,0.));
#5124 = ADVANCED_FACE('',(#5125),#5150,.F.);
#5125 = FACE_BOUND('',#5126,.F.);
#5126 = EDGE_LOOP('',(#5127,#5128,#5136,#5144));
#5127 = ORIENTED_EDGE('',*,*,#5106,.T.);
#5128 = ORIENTED_EDGE('',*,*,#5129,.T.);
#5129 = EDGE_CURVE('',#5099,#5130,#5132,.T.);
#5130 = VERTEX_POINT('',#5131);
#5131 = CARTESIAN_POINT('',(9.65,113.13382579064,55.45));
#5132 = LINE('',#5133,#5134);
#5133 = CARTESIAN_POINT('',(9.65,120.46617420935,55.45));
#5134 = VECTOR('',#5135,1.);
#5135 = DIRECTION('',(1.211315078037E-16,-1.,0.));
#5136 = ORIENTED_EDGE('',*,*,#5137,.F.);
#5137 = EDGE_CURVE('',#5138,#5130,#5140,.T.);
#5138 = VERTEX_POINT('',#5139);
#5139 = CARTESIAN_POINT('',(9.65,113.13382579064,48.35));
#5140 = LINE('',#5141,#5142);
#5141 = CARTESIAN_POINT('',(9.65,113.13382579064,48.35));
#5142 = VECTOR('',#5143,1.);
#5143 = DIRECTION('',(0.,0.,1.));
#5144 = ORIENTED_EDGE('',*,*,#5145,.F.);
#5145 = EDGE_CURVE('',#5107,#5138,#5146,.T.);
#5146 = LINE('',#5147,#5148);
#5147 = CARTESIAN_POINT('',(9.65,120.46617420935,48.35));
#5148 = VECTOR('',#5149,1.);
#5149 = DIRECTION('',(1.211315078037E-16,-1.,0.));
#5150 = PLANE('',#5151);
#5151 = AXIS2_PLACEMENT_3D('',#5152,#5153,#5154);
#5152 = CARTESIAN_POINT('',(9.65,120.46617420935,48.35));
#5153 = DIRECTION('',(1.,1.211315078037E-16,0.));
#5154 = DIRECTION('',(1.211315078037E-16,-1.,0.));
#5155 = ADVANCED_FACE('',(#5156),#5181,.F.);
#5156 = FACE_BOUND('',#5157,.F.);
#5157 = EDGE_LOOP('',(#5158,#5159,#5167,#5175));
#5158 = ORIENTED_EDGE('',*,*,#5137,.T.);
#5159 = ORIENTED_EDGE('',*,*,#5160,.T.);
#5160 = EDGE_CURVE('',#5130,#5161,#5163,.T.);
#5161 = VERTEX_POINT('',#5162);
#5162 = CARTESIAN_POINT('',(16.,109.46765158129,55.45));
#5163 = LINE('',#5164,#5165);
#5164 = CARTESIAN_POINT('',(9.65,113.13382579064,55.45));
#5165 = VECTOR('',#5166,1.);
#5166 = DIRECTION('',(0.866025403784,-0.5,0.));
#5167 = ORIENTED_EDGE('',*,*,#5168,.F.);
#5168 = EDGE_CURVE('',#5169,#5161,#5171,.T.);
#5169 = VERTEX_POINT('',#5170);
#5170 = CARTESIAN_POINT('',(16.,109.46765158129,48.35));
#5171 = LINE('',#5172,#5173);
#5172 = CARTESIAN_POINT('',(16.,109.46765158129,48.35));
#5173 = VECTOR('',#5174,1.);
#5174 = DIRECTION('',(0.,0.,1.));
#5175 = ORIENTED_EDGE('',*,*,#5176,.F.);
#5176 = EDGE_CURVE('',#5138,#5169,#5177,.T.);
#5177 = LINE('',#5178,#5179);
#5178 = CARTESIAN_POINT('',(9.65,113.13382579064,48.35));
#5179 = VECTOR('',#5180,1.);
#5180 = DIRECTION('',(0.866025403784,-0.5,0.));
#5181 = PLANE('',#5182);
#5182 = AXIS2_PLACEMENT_3D('',#5183,#5184,#5185);
#5183 = CARTESIAN_POINT('',(9.65,113.13382579064,48.35));
#5184 = DIRECTION('',(0.5,0.866025403784,0.));
#5185 = DIRECTION('',(0.866025403784,-0.5,0.));
#5186 = ADVANCED_FACE('',(#5187),#5212,.F.);
#5187 = FACE_BOUND('',#5188,.F.);
#5188 = EDGE_LOOP('',(#5189,#5190,#5198,#5206));
#5189 = ORIENTED_EDGE('',*,*,#5168,.T.);
#5190 = ORIENTED_EDGE('',*,*,#5191,.T.);
#5191 = EDGE_CURVE('',#5161,#5192,#5194,.T.);
#5192 = VERTEX_POINT('',#5193);
#5193 = CARTESIAN_POINT('',(22.35,113.13382579064,55.45));
#5194 = LINE('',#5195,#5196);
#5195 = CARTESIAN_POINT('',(16.,109.46765158129,55.45));
#5196 = VECTOR('',#5197,1.);
#5197 = DIRECTION('',(0.866025403784,0.5,0.));
#5198 = ORIENTED_EDGE('',*,*,#5199,.F.);
#5199 = EDGE_CURVE('',#5200,#5192,#5202,.T.);
#5200 = VERTEX_POINT('',#5201);
#5201 = CARTESIAN_POINT('',(22.35,113.13382579064,48.35));
#5202 = LINE('',#5203,#5204);
#5203 = CARTESIAN_POINT('',(22.35,113.13382579064,48.35));
#5204 = VECTOR('',#5205,1.);
#5205 = DIRECTION('',(0.,0.,1.));
#5206 = ORIENTED_EDGE('',*,*,#5207,.F.);
#5207 = EDGE_CURVE('',#5169,#5200,#5208,.T.);
#5208 = LINE('',#5209,#5210);
#5209 = CARTESIAN_POINT('',(16.,109.46765158129,48.35));
#5210 = VECTOR('',#5211,1.);
#5211 = DIRECTION('',(0.866025403784,0.5,0.));
#5212 = PLANE('',#5213);
#5213 = AXIS2_PLACEMENT_3D('',#5214,#5215,#5216);
#5214 = CARTESIAN_POINT('',(16.,109.46765158129,48.35));
#5215 = DIRECTION('',(-0.5,0.866025403784,0.));
#5216 = DIRECTION('',(0.866025403784,0.5,0.));
#5217 = ADVANCED_FACE('',(#5218),#5234,.F.);
#5218 = FACE_BOUND('',#5219,.F.);
#5219 = EDGE_LOOP('',(#5220,#5221,#5227,#5228));
#5220 = ORIENTED_EDGE('',*,*,#5199,.T.);
#5221 = ORIENTED_EDGE('',*,*,#5222,.T.);
#5222 = EDGE_CURVE('',#5192,#5060,#5223,.T.);
#5223 = LINE('',#5224,#5225);
#5224 = CARTESIAN_POINT('',(22.35,113.13382579064,55.45));
#5225 = VECTOR('',#5226,1.);
#5226 = DIRECTION('',(3.633945234111E-16,1.,0.));
#5227 = ORIENTED_EDGE('',*,*,#5057,.F.);
#5228 = ORIENTED_EDGE('',*,*,#5229,.F.);
#5229 = EDGE_CURVE('',#5200,#5058,#5230,.T.);
#5230 = LINE('',#5231,#5232);
#5231 = CARTESIAN_POINT('',(22.35,113.13382579064,48.35));
#5232 = VECTOR('',#5233,1.);
#5233 = DIRECTION('',(3.633945234111E-16,1.,0.));
#5234 = PLANE('',#5235);
#5235 = AXIS2_PLACEMENT_3D('',#5236,#5237,#5238);
#5236 = CARTESIAN_POINT('',(22.35,113.13382579064,48.35));
#5237 = DIRECTION('',(-1.,3.633945234111E-16,0.));
#5238 = DIRECTION('',(3.633945234111E-16,1.,0.));
#5239 = ADVANCED_FACE('',(#5240),#5248,.F.);
#5240 = FACE_BOUND('',#5241,.F.);
#5241 = EDGE_LOOP('',(#5242,#5243,#5244,#5245,#5246,#5247));
#5242 = ORIENTED_EDGE('',*,*,#5083,.T.);
#5243 = ORIENTED_EDGE('',*,*,#5114,.T.);
#5244 = ORIENTED_EDGE('',*,*,#5145,.T.);
#5245 = ORIENTED_EDGE('',*,*,#5176,.T.);
#5246 = ORIENTED_EDGE('',*,*,#5207,.T.);
#5247 = ORIENTED_EDGE('',*,*,#5229,.T.);
#5248 = PLANE('',#5249);
#5249 = AXIS2_PLACEMENT_3D('',#5250,#5251,#5252);
#5250 = CARTESIAN_POINT('',(16.,116.8,48.35));
#5251 = DIRECTION('',(0.,0.,1.));
#5252 = DIRECTION('',(1.,0.,0.));
#5253 = ADVANCED_FACE('',(#5254),#5262,.T.);
#5254 = FACE_BOUND('',#5255,.T.);
#5255 = EDGE_LOOP('',(#5256,#5257,#5258,#5259,#5260,#5261));
#5256 = ORIENTED_EDGE('',*,*,#5067,.T.);
#5257 = ORIENTED_EDGE('',*,*,#5098,.T.);
#5258 = ORIENTED_EDGE('',*,*,#5129,.T.);
#5259 = ORIENTED_EDGE('',*,*,#5160,.T.);
#5260 = ORIENTED_EDGE('',*,*,#5191,.T.);
#5261 = ORIENTED_EDGE('',*,*,#5222,.T.);
#5262 = PLANE('',#5263);
#5263 = AXIS2_PLACEMENT_3D('',#5264,#5265,#5266);
#5264 = CARTESIAN_POINT('',(16.,116.8,55.45));
#5265 = DIRECTION('',(0.,0.,1.));
#5266 = DIRECTION('',(1.,0.,0.));
#5267 = MANIFOLD_SOLID_BREP('',#5268);
#5268 = CLOSED_SHELL('',(#5269,#5302,#5311));
#5269 = ADVANCED_FACE('',(#5270),#5297,.T.);
#5270 = FACE_BOUND('',#5271,.T.);
#5271 = EDGE_LOOP('',(#5272,#5281,#5289,#5296));
#5272 = ORIENTED_EDGE('',*,*,#5273,.F.);
#5273 = EDGE_CURVE('',#5274,#5274,#5276,.T.);
#5274 = VERTEX_POINT('',#5275);
#5275 = CARTESIAN_POINT('',(89.569,116.8,68.35));
#5276 = CIRCLE('',#5277,3.969);
#5277 = AXIS2_PLACEMENT_3D('',#5278,#5279,#5280);
#5278 = CARTESIAN_POINT('',(85.6,116.8,68.35));
#5279 = DIRECTION('',(0.,0.,1.));
#5280 = DIRECTION('',(1.,0.,0.));
#5281 = ORIENTED_EDGE('',*,*,#5282,.F.);
#5282 = EDGE_CURVE('',#5283,#5274,#5285,.T.);
#5283 = VERTEX_POINT('',#5284);
#5284 = CARTESIAN_POINT('',(89.569,116.8,32.8));
#5285 = LINE('',#5286,#5287);
#5286 = CARTESIAN_POINT('',(89.569,116.8,32.8));
#5287 = VECTOR('',#5288,1.);
#5288 = DIRECTION('',(0.,0.,1.));
#5289 = ORIENTED_EDGE('',*,*,#5290,.T.);
#5290 = EDGE_CURVE('',#5283,#5283,#5291,.T.);
#5291 = CIRCLE('',#5292,3.969);
#5292 = AXIS2_PLACEMENT_3D('',#5293,#5294,#5295);
#5293 = CARTESIAN_POINT('',(85.6,116.8,32.8));
#5294 = DIRECTION('',(0.,0.,1.));
#5295 = DIRECTION('',(1.,0.,0.));
#5296 = ORIENTED_EDGE('',*,*,#5282,.T.);
#5297 = CYLINDRICAL_SURFACE('',#5298,3.969);
#5298 = AXIS2_PLACEMENT_3D('',#5299,#5300,#5301);
#5299 = CARTESIAN_POINT('',(85.6,116.8,32.8));
#5300 = DIRECTION('',(0.,0.,1.));
#5301 = DIRECTION('',(1.,0.,0.));
#5302 = ADVANCED_FACE('',(#5303),#5306,.T.);
#5303 = FACE_BOUND('',#5304,.T.);
#5304 = EDGE_LOOP('',(#5305));
#5305 = ORIENTED_EDGE('',*,*,#5273,.T.);
#5306 = PLANE('',#5307);
#5307 = AXIS2_PLACEMENT_3D('',#5308,#5309,#5310);
#5308 = CARTESIAN_POINT('',(85.6,116.8,68.35));
#5309 = DIRECTION('',(0.,0.,1.));
#5310 = DIRECTION('',(1.,0.,0.));
#5311 = ADVANCED_FACE('',(#5312),#5315,.F.);
#5312 = FACE_BOUND('',#5313,.T.);
#5313 = EDGE_LOOP('',(#5314));
#5314 = ORIENTED_EDGE('',*,*,#5290,.F.);
#5315 = PLANE('',#5316);
#5316 = AXIS2_PLACEMENT_3D('',#5317,#5318,#5319);
#5317 = CARTESIAN_POINT('',(85.6,116.8,32.8));
#5318 = DIRECTION('',(0.,0.,1.));
#5319 = DIRECTION('',(1.,0.,0.));
#5320 = MANIFOLD_SOLID_BREP('',#5321);
#5321 = CLOSED_SHELL('',(#5322,#5355,#5375,#5395));
#5322 = ADVANCED_FACE('',(#5323),#5350,.T.);
#5323 = FACE_BOUND('',#5324,.T.);
#5324 = EDGE_LOOP('',(#5325,#5334,#5342,#5349));
#5325 = ORIENTED_EDGE('',*,*,#5326,.F.);
#5326 = EDGE_CURVE('',#5327,#5327,#5329,.T.);
#5327 = VERTEX_POINT('',#5328);
#5328 = CARTESIAN_POINT('',(96.7,116.8,48.35));
#5329 = CIRCLE('',#5330,11.1);
#5330 = AXIS2_PLACEMENT_3D('',#5331,#5332,#5333);
#5331 = CARTESIAN_POINT('',(85.6,116.8,48.35));
#5332 = DIRECTION('',(0.,0.,1.));
#5333 = DIRECTION('',(1.,0.,0.));
#5334 = ORIENTED_EDGE('',*,*,#5335,.F.);
#5335 = EDGE_CURVE('',#5336,#5327,#5338,.T.);
#5336 = VERTEX_POINT('',#5337);
#5337 = CARTESIAN_POINT('',(96.7,116.8,46.35));
#5338 = LINE('',#5339,#5340);
#5339 = CARTESIAN_POINT('',(96.7,116.8,46.35));
#5340 = VECTOR('',#5341,1.);
#5341 = DIRECTION('',(0.,0.,1.));
#5342 = ORIENTED_EDGE('',*,*,#5343,.T.);
#5343 = EDGE_CURVE('',#5336,#5336,#5344,.T.);
#5344 = CIRCLE('',#5345,11.1);
#5345 = AXIS2_PLACEMENT_3D('',#5346,#5347,#5348);
#5346 = CARTESIAN_POINT('',(85.6,116.8,46.35));
#5347 = DIRECTION('',(0.,0.,1.));
#5348 = DIRECTION('',(1.,0.,0.));
#5349 = ORIENTED_EDGE('',*,*,#5335,.T.);
#5350 = CYLINDRICAL_SURFACE('',#5351,11.1);
#5351 = AXIS2_PLACEMENT_3D('',#5352,#5353,#5354);
#5352 = CARTESIAN_POINT('',(85.6,116.8,46.35));
#5353 = DIRECTION('',(0.,0.,1.));
#5354 = DIRECTION('',(1.,0.,0.));
#5355 = ADVANCED_FACE('',(#5356,#5359),#5370,.T.);
#5356 = FACE_BOUND('',#5357,.T.);
#5357 = EDGE_LOOP('',(#5358));
#5358 = ORIENTED_EDGE('',*,*,#5326,.T.);
#5359 = FACE_BOUND('',#5360,.T.);
#5360 = EDGE_LOOP('',(#5361));
#5361 = ORIENTED_EDGE('',*,*,#5362,.F.);
#5362 = EDGE_CURVE('',#5363,#5363,#5365,.T.);
#5363 = VERTEX_POINT('',#5364);
#5364 = CARTESIAN_POINT('',(89.8,116.8,48.35));
#5365 = CIRCLE('',#5366,4.2);
#5366 = AXIS2_PLACEMENT_3D('',#5367,#5368,#5369);
#5367 = CARTESIAN_POINT('',(85.6,116.8,48.35));
#5368 = DIRECTION('',(0.,0.,1.));
#5369 = DIRECTION('',(1.,0.,0.));
#5370 = PLANE('',#5371);
#5371 = AXIS2_PLACEMENT_3D('',#5372,#5373,#5374);
#5372 = CARTESIAN_POINT('',(85.6,116.8,48.35));
#5373 = DIRECTION('',(0.,0.,1.));
#5374 = DIRECTION('',(1.,0.,0.));
#5375 = ADVANCED_FACE('',(#5376,#5379),#5390,.F.);
#5376 = FACE_BOUND('',#5377,.F.);
#5377 = EDGE_LOOP('',(#5378));
#5378 = ORIENTED_EDGE('',*,*,#5343,.T.);
#5379 = FACE_BOUND('',#5380,.F.);
#5380 = EDGE_LOOP('',(#5381));
#5381 = ORIENTED_EDGE('',*,*,#5382,.F.);
#5382 = EDGE_CURVE('',#5383,#5383,#5385,.T.);
#5383 = VERTEX_POINT('',#5384);
#5384 = CARTESIAN_POINT('',(89.8,116.8,46.35));
#5385 = CIRCLE('',#5386,4.2);
#5386 = AXIS2_PLACEMENT_3D('',#5387,#5388,#5389);
#5387 = CARTESIAN_POINT('',(85.6,116.8,46.35));
#5388 = DIRECTION('',(0.,0.,1.));
#5389 = DIRECTION('',(1.,0.,0.));
#5390 = PLANE('',#5391);
#5391 = AXIS2_PLACEMENT_3D('',#5392,#5393,#5394);
#5392 = CARTESIAN_POINT('',(85.6,116.8,46.35));
#5393 = DIRECTION('',(0.,0.,1.));
#5394 = DIRECTION('',(1.,0.,0.));
#5395 = ADVANCED_FACE('',(#5396),#5407,.F.);
#5396 = FACE_BOUND('',#5397,.F.);
#5397 = EDGE_LOOP('',(#5398,#5399,#5405,#5406));
#5398 = ORIENTED_EDGE('',*,*,#5362,.F.);
#5399 = ORIENTED_EDGE('',*,*,#5400,.F.);
#5400 = EDGE_CURVE('',#5383,#5363,#5401,.T.);
#5401 = LINE('',#5402,#5403);
#5402 = CARTESIAN_POINT('',(89.8,116.8,46.25));
#5403 = VECTOR('',#5404,1.);
#5404 = DIRECTION('',(0.,0.,1.));
#5405 = ORIENTED_EDGE('',*,*,#5382,.T.);
#5406 = ORIENTED_EDGE('',*,*,#5400,.T.);
#5407 = CYLINDRICAL_SURFACE('',#5408,4.2);
#5408 = AXIS2_PLACEMENT_3D('',#5409,#5410,#5411);
#5409 = CARTESIAN_POINT('',(85.6,116.8,46.25));
#5410 = DIRECTION('',(0.,0.,1.));
#5411 = DIRECTION('',(1.,0.,0.));
#5412 = MANIFOLD_SOLID_BREP('',#5413);
#5413 = CLOSED_SHELL('',(#5414,#5454,#5485,#5516,#5547,#5578,#5600,#5614
    ));
#5414 = ADVANCED_FACE('',(#5415),#5449,.F.);
#5415 = FACE_BOUND('',#5416,.F.);
#5416 = EDGE_LOOP('',(#5417,#5427,#5435,#5443));
#5417 = ORIENTED_EDGE('',*,*,#5418,.T.);
#5418 = EDGE_CURVE('',#5419,#5421,#5423,.T.);
#5419 = VERTEX_POINT('',#5420);
#5420 = CARTESIAN_POINT('',(91.95,120.46617420935,48.35));
#5421 = VERTEX_POINT('',#5422);
#5422 = CARTESIAN_POINT('',(91.95,120.46617420935,55.45));
#5423 = LINE('',#5424,#5425);
#5424 = CARTESIAN_POINT('',(91.95,120.46617420935,48.35));
#5425 = VECTOR('',#5426,1.);
#5426 = DIRECTION('',(0.,0.,1.));
#5427 = ORIENTED_EDGE('',*,*,#5428,.T.);
#5428 = EDGE_CURVE('',#5421,#5429,#5431,.T.);
#5429 = VERTEX_POINT('',#5430);
#5430 = CARTESIAN_POINT('',(85.6,124.1323484187,55.45));
#5431 = LINE('',#5432,#5433);
#5432 = CARTESIAN_POINT('',(91.95,120.46617420935,55.45));
#5433 = VECTOR('',#5434,1.);
#5434 = DIRECTION('',(-0.866025403784,0.5,0.));
#5435 = ORIENTED_EDGE('',*,*,#5436,.F.);
#5436 = EDGE_CURVE('',#5437,#5429,#5439,.T.);
#5437 = VERTEX_POINT('',#5438);
#5438 = CARTESIAN_POINT('',(85.6,124.1323484187,48.35));
#5439 = LINE('',#5440,#5441);
#5440 = CARTESIAN_POINT('',(85.6,124.1323484187,48.35));
#5441 = VECTOR('',#5442,1.);
#5442 = DIRECTION('',(0.,0.,1.));
#5443 = ORIENTED_EDGE('',*,*,#5444,.F.);
#5444 = EDGE_CURVE('',#5419,#5437,#5445,.T.);
#5445 = LINE('',#5446,#5447);
#5446 = CARTESIAN_POINT('',(91.95,120.46617420935,48.35));
#5447 = VECTOR('',#5448,1.);
#5448 = DIRECTION('',(-0.866025403784,0.5,0.));
#5449 = PLANE('',#5450);
#5450 = AXIS2_PLACEMENT_3D('',#5451,#5452,#5453);
#5451 = CARTESIAN_POINT('',(91.95,120.46617420935,48.35));
#5452 = DIRECTION('',(-0.5,-0.866025403784,0.));
#5453 = DIRECTION('',(-0.866025403784,0.5,0.));
#5454 = ADVANCED_FACE('',(#5455),#5480,.F.);
#5455 = FACE_BOUND('',#5456,.F.);
#5456 = EDGE_LOOP('',(#5457,#5458,#5466,#5474));
#5457 = ORIENTED_EDGE('',*,*,#5436,.T.);
#5458 = ORIENTED_EDGE('',*,*,#5459,.T.);
#5459 = EDGE_CURVE('',#5429,#5460,#5462,.T.);
#5460 = VERTEX_POINT('',#5461);
#5461 = CARTESIAN_POINT('',(79.25,120.46617420935,55.45));
#5462 = LINE('',#5463,#5464);
#5463 = CARTESIAN_POINT('',(85.6,124.1323484187,55.45));
#5464 = VECTOR('',#5465,1.);
#5465 = DIRECTION('',(-0.866025403784,-0.5,0.));
#5466 = ORIENTED_EDGE('',*,*,#5467,.F.);
#5467 = EDGE_CURVE('',#5468,#5460,#5470,.T.);
#5468 = VERTEX_POINT('',#5469);
#5469 = CARTESIAN_POINT('',(79.25,120.46617420935,48.35));
#5470 = LINE('',#5471,#5472);
#5471 = CARTESIAN_POINT('',(79.25,120.46617420935,48.35));
#5472 = VECTOR('',#5473,1.);
#5473 = DIRECTION('',(0.,0.,1.));
#5474 = ORIENTED_EDGE('',*,*,#5475,.F.);
#5475 = EDGE_CURVE('',#5437,#5468,#5476,.T.);
#5476 = LINE('',#5477,#5478);
#5477 = CARTESIAN_POINT('',(85.6,124.1323484187,48.35));
#5478 = VECTOR('',#5479,1.);
#5479 = DIRECTION('',(-0.866025403784,-0.5,0.));
#5480 = PLANE('',#5481);
#5481 = AXIS2_PLACEMENT_3D('',#5482,#5483,#5484);
#5482 = CARTESIAN_POINT('',(85.6,124.1323484187,48.35));
#5483 = DIRECTION('',(0.5,-0.866025403784,0.));
#5484 = DIRECTION('',(-0.866025403784,-0.5,0.));
#5485 = ADVANCED_FACE('',(#5486),#5511,.F.);
#5486 = FACE_BOUND('',#5487,.F.);
#5487 = EDGE_LOOP('',(#5488,#5489,#5497,#5505));
#5488 = ORIENTED_EDGE('',*,*,#5467,.T.);
#5489 = ORIENTED_EDGE('',*,*,#5490,.T.);
#5490 = EDGE_CURVE('',#5460,#5491,#5493,.T.);
#5491 = VERTEX_POINT('',#5492);
#5492 = CARTESIAN_POINT('',(79.25,113.13382579064,55.45));
#5493 = LINE('',#5494,#5495);
#5494 = CARTESIAN_POINT('',(79.25,120.46617420935,55.45));
#5495 = VECTOR('',#5496,1.);
#5496 = DIRECTION('',(1.211315078037E-16,-1.,0.));
#5497 = ORIENTED_EDGE('',*,*,#5498,.F.);
#5498 = EDGE_CURVE('',#5499,#5491,#5501,.T.);
#5499 = VERTEX_POINT('',#5500);
#5500 = CARTESIAN_POINT('',(79.25,113.13382579064,48.35));
#5501 = LINE('',#5502,#5503);
#5502 = CARTESIAN_POINT('',(79.25,113.13382579064,48.35));
#5503 = VECTOR('',#5504,1.);
#5504 = DIRECTION('',(0.,0.,1.));
#5505 = ORIENTED_EDGE('',*,*,#5506,.F.);
#5506 = EDGE_CURVE('',#5468,#5499,#5507,.T.);
#5507 = LINE('',#5508,#5509);
#5508 = CARTESIAN_POINT('',(79.25,120.46617420935,48.35));
#5509 = VECTOR('',#5510,1.);
#5510 = DIRECTION('',(1.211315078037E-16,-1.,0.));
#5511 = PLANE('',#5512);
#5512 = AXIS2_PLACEMENT_3D('',#5513,#5514,#5515);
#5513 = CARTESIAN_POINT('',(79.25,120.46617420935,48.35));
#5514 = DIRECTION('',(1.,1.211315078037E-16,0.));
#5515 = DIRECTION('',(1.211315078037E-16,-1.,0.));
#5516 = ADVANCED_FACE('',(#5517),#5542,.F.);
#5517 = FACE_BOUND('',#5518,.F.);
#5518 = EDGE_LOOP('',(#5519,#5520,#5528,#5536));
#5519 = ORIENTED_EDGE('',*,*,#5498,.T.);
#5520 = ORIENTED_EDGE('',*,*,#5521,.T.);
#5521 = EDGE_CURVE('',#5491,#5522,#5524,.T.);
#5522 = VERTEX_POINT('',#5523);
#5523 = CARTESIAN_POINT('',(85.6,109.46765158129,55.45));
#5524 = LINE('',#5525,#5526);
#5525 = CARTESIAN_POINT('',(79.25,113.13382579064,55.45));
#5526 = VECTOR('',#5527,1.);
#5527 = DIRECTION('',(0.866025403784,-0.5,0.));
#5528 = ORIENTED_EDGE('',*,*,#5529,.F.);
#5529 = EDGE_CURVE('',#5530,#5522,#5532,.T.);
#5530 = VERTEX_POINT('',#5531);
#5531 = CARTESIAN_POINT('',(85.6,109.46765158129,48.35));
#5532 = LINE('',#5533,#5534);
#5533 = CARTESIAN_POINT('',(85.6,109.46765158129,48.35));
#5534 = VECTOR('',#5535,1.);
#5535 = DIRECTION('',(0.,0.,1.));
#5536 = ORIENTED_EDGE('',*,*,#5537,.F.);
#5537 = EDGE_CURVE('',#5499,#5530,#5538,.T.);
#5538 = LINE('',#5539,#5540);
#5539 = CARTESIAN_POINT('',(79.25,113.13382579064,48.35));
#5540 = VECTOR('',#5541,1.);
#5541 = DIRECTION('',(0.866025403784,-0.5,0.));
#5542 = PLANE('',#5543);
#5543 = AXIS2_PLACEMENT_3D('',#5544,#5545,#5546);
#5544 = CARTESIAN_POINT('',(79.25,113.13382579064,48.35));
#5545 = DIRECTION('',(0.5,0.866025403784,0.));
#5546 = DIRECTION('',(0.866025403784,-0.5,0.));
#5547 = ADVANCED_FACE('',(#5548),#5573,.F.);
#5548 = FACE_BOUND('',#5549,.F.);
#5549 = EDGE_LOOP('',(#5550,#5551,#5559,#5567));
#5550 = ORIENTED_EDGE('',*,*,#5529,.T.);
#5551 = ORIENTED_EDGE('',*,*,#5552,.T.);
#5552 = EDGE_CURVE('',#5522,#5553,#5555,.T.);
#5553 = VERTEX_POINT('',#5554);
#5554 = CARTESIAN_POINT('',(91.95,113.13382579064,55.45));
#5555 = LINE('',#5556,#5557);
#5556 = CARTESIAN_POINT('',(85.6,109.46765158129,55.45));
#5557 = VECTOR('',#5558,1.);
#5558 = DIRECTION('',(0.866025403784,0.5,0.));
#5559 = ORIENTED_EDGE('',*,*,#5560,.F.);
#5560 = EDGE_CURVE('',#5561,#5553,#5563,.T.);
#5561 = VERTEX_POINT('',#5562);
#5562 = CARTESIAN_POINT('',(91.95,113.13382579064,48.35));
#5563 = LINE('',#5564,#5565);
#5564 = CARTESIAN_POINT('',(91.95,113.13382579064,48.35));
#5565 = VECTOR('',#5566,1.);
#5566 = DIRECTION('',(0.,0.,1.));
#5567 = ORIENTED_EDGE('',*,*,#5568,.F.);
#5568 = EDGE_CURVE('',#5530,#5561,#5569,.T.);
#5569 = LINE('',#5570,#5571);
#5570 = CARTESIAN_POINT('',(85.6,109.46765158129,48.35));
#5571 = VECTOR('',#5572,1.);
#5572 = DIRECTION('',(0.866025403784,0.5,0.));
#5573 = PLANE('',#5574);
#5574 = AXIS2_PLACEMENT_3D('',#5575,#5576,#5577);
#5575 = CARTESIAN_POINT('',(85.6,109.46765158129,48.35));
#5576 = DIRECTION('',(-0.5,0.866025403784,0.));
#5577 = DIRECTION('',(0.866025403784,0.5,0.));
#5578 = ADVANCED_FACE('',(#5579),#5595,.F.);
#5579 = FACE_BOUND('',#5580,.F.);
#5580 = EDGE_LOOP('',(#5581,#5582,#5588,#5589));
#5581 = ORIENTED_EDGE('',*,*,#5560,.T.);
#5582 = ORIENTED_EDGE('',*,*,#5583,.T.);
#5583 = EDGE_CURVE('',#5553,#5421,#5584,.T.);
#5584 = LINE('',#5585,#5586);
#5585 = CARTESIAN_POINT('',(91.95,113.13382579064,55.45));
#5586 = VECTOR('',#5587,1.);
#5587 = DIRECTION('',(3.633945234111E-16,1.,0.));
#5588 = ORIENTED_EDGE('',*,*,#5418,.F.);
#5589 = ORIENTED_EDGE('',*,*,#5590,.F.);
#5590 = EDGE_CURVE('',#5561,#5419,#5591,.T.);
#5591 = LINE('',#5592,#5593);
#5592 = CARTESIAN_POINT('',(91.95,113.13382579064,48.35));
#5593 = VECTOR('',#5594,1.);
#5594 = DIRECTION('',(3.633945234111E-16,1.,0.));
#5595 = PLANE('',#5596);
#5596 = AXIS2_PLACEMENT_3D('',#5597,#5598,#5599);
#5597 = CARTESIAN_POINT('',(91.95,113.13382579064,48.35));
#5598 = DIRECTION('',(-1.,3.633945234111E-16,0.));
#5599 = DIRECTION('',(3.633945234111E-16,1.,0.));
#5600 = ADVANCED_FACE('',(#5601),#5609,.F.);
#5601 = FACE_BOUND('',#5602,.F.);
#5602 = EDGE_LOOP('',(#5603,#5604,#5605,#5606,#5607,#5608));
#5603 = ORIENTED_EDGE('',*,*,#5444,.T.);
#5604 = ORIENTED_EDGE('',*,*,#5475,.T.);
#5605 = ORIENTED_EDGE('',*,*,#5506,.T.);
#5606 = ORIENTED_EDGE('',*,*,#5537,.T.);
#5607 = ORIENTED_EDGE('',*,*,#5568,.T.);
#5608 = ORIENTED_EDGE('',*,*,#5590,.T.);
#5609 = PLANE('',#5610);
#5610 = AXIS2_PLACEMENT_3D('',#5611,#5612,#5613);
#5611 = CARTESIAN_POINT('',(85.6,116.8,48.35));
#5612 = DIRECTION('',(0.,0.,1.));
#5613 = DIRECTION('',(1.,0.,0.));
#5614 = ADVANCED_FACE('',(#5615),#5623,.T.);
#5615 = FACE_BOUND('',#5616,.T.);
#5616 = EDGE_LOOP('',(#5617,#5618,#5619,#5620,#5621,#5622));
#5617 = ORIENTED_EDGE('',*,*,#5428,.T.);
#5618 = ORIENTED_EDGE('',*,*,#5459,.T.);
#5619 = ORIENTED_EDGE('',*,*,#5490,.T.);
#5620 = ORIENTED_EDGE('',*,*,#5521,.T.);
#5621 = ORIENTED_EDGE('',*,*,#5552,.T.);
#5622 = ORIENTED_EDGE('',*,*,#5583,.T.);
#5623 = PLANE('',#5624);
#5624 = AXIS2_PLACEMENT_3D('',#5625,#5626,#5627);
#5625 = CARTESIAN_POINT('',(85.6,116.8,55.45));
#5626 = DIRECTION('',(0.,0.,1.));
#5627 = DIRECTION('',(1.,0.,0.));
#5628 = MANIFOLD_SOLID_BREP('',#5629);
#5629 = CLOSED_SHELL('',(#5630,#5663,#5672));
#5630 = ADVANCED_FACE('',(#5631),#5658,.T.);
#5631 = FACE_BOUND('',#5632,.T.);
#5632 = EDGE_LOOP('',(#5633,#5642,#5650,#5657));
#5633 = ORIENTED_EDGE('',*,*,#5634,.F.);
#5634 = EDGE_CURVE('',#5635,#5635,#5637,.T.);
#5635 = VERTEX_POINT('',#5636);
#5636 = CARTESIAN_POINT('',(18.413,135.6,62.35));
#5637 = CIRCLE('',#5638,2.413);
#5638 = AXIS2_PLACEMENT_3D('',#5639,#5640,#5641);
#5639 = CARTESIAN_POINT('',(16.,135.6,62.35));
#5640 = DIRECTION('',(0.,0.,1.));
#5641 = DIRECTION('',(1.,0.,0.));
#5642 = ORIENTED_EDGE('',*,*,#5643,.F.);
#5643 = EDGE_CURVE('',#5644,#5635,#5646,.T.);
#5644 = VERTEX_POINT('',#5645);
#5645 = CARTESIAN_POINT('',(18.413,135.6,35.6));
#5646 = LINE('',#5647,#5648);
#5647 = CARTESIAN_POINT('',(18.413,135.6,35.6));
#5648 = VECTOR('',#5649,1.);
#5649 = DIRECTION('',(0.,0.,1.));
#5650 = ORIENTED_EDGE('',*,*,#5651,.T.);
#5651 = EDGE_CURVE('',#5644,#5644,#5652,.T.);
#5652 = CIRCLE('',#5653,2.413);
#5653 = AXIS2_PLACEMENT_3D('',#5654,#5655,#5656);
#5654 = CARTESIAN_POINT('',(16.,135.6,35.6));
#5655 = DIRECTION('',(0.,0.,1.));
#5656 = DIRECTION('',(1.,0.,0.));
#5657 = ORIENTED_EDGE('',*,*,#5643,.T.);
#5658 = CYLINDRICAL_SURFACE('',#5659,2.413);
#5659 = AXIS2_PLACEMENT_3D('',#5660,#5661,#5662);
#5660 = CARTESIAN_POINT('',(16.,135.6,35.6));
#5661 = DIRECTION('',(0.,0.,1.));
#5662 = DIRECTION('',(1.,0.,0.));
#5663 = ADVANCED_FACE('',(#5664),#5667,.T.);
#5664 = FACE_BOUND('',#5665,.T.);
#5665 = EDGE_LOOP('',(#5666));
#5666 = ORIENTED_EDGE('',*,*,#5634,.T.);
#5667 = PLANE('',#5668);
#5668 = AXIS2_PLACEMENT_3D('',#5669,#5670,#5671);
#5669 = CARTESIAN_POINT('',(16.,135.6,62.35));
#5670 = DIRECTION('',(0.,0.,1.));
#5671 = DIRECTION('',(1.,0.,0.));
#5672 = ADVANCED_FACE('',(#5673),#5676,.F.);
#5673 = FACE_BOUND('',#5674,.T.);
#5674 = EDGE_LOOP('',(#5675));
#5675 = ORIENTED_EDGE('',*,*,#5651,.F.);
#5676 = PLANE('',#5677);
#5677 = AXIS2_PLACEMENT_3D('',#5678,#5679,#5680);
#5678 = CARTESIAN_POINT('',(16.,135.6,35.6));
#5679 = DIRECTION('',(0.,0.,1.));
#5680 = DIRECTION('',(1.,0.,0.));
#5681 = MANIFOLD_SOLID_BREP('',#5682);
#5682 = CLOSED_SHELL('',(#5683,#5716,#5736,#5756));
#5683 = ADVANCED_FACE('',(#5684),#5711,.T.);
#5684 = FACE_BOUND('',#5685,.T.);
#5685 = EDGE_LOOP('',(#5686,#5695,#5703,#5710));
#5686 = ORIENTED_EDGE('',*,*,#5687,.F.);
#5687 = EDGE_CURVE('',#5688,#5688,#5690,.T.);
#5688 = VERTEX_POINT('',#5689);
#5689 = CARTESIAN_POINT('',(22.35,135.6,47.55));
#5690 = CIRCLE('',#5691,6.35);
#5691 = AXIS2_PLACEMENT_3D('',#5692,#5693,#5694);
#5692 = CARTESIAN_POINT('',(16.,135.6,47.55));
#5693 = DIRECTION('',(0.,0.,1.));
#5694 = DIRECTION('',(1.,0.,0.));
#5695 = ORIENTED_EDGE('',*,*,#5696,.F.);
#5696 = EDGE_CURVE('',#5697,#5688,#5699,.T.);
#5697 = VERTEX_POINT('',#5698);
#5698 = CARTESIAN_POINT('',(22.35,135.6,46.35));
#5699 = LINE('',#5700,#5701);
#5700 = CARTESIAN_POINT('',(22.35,135.6,46.35));
#5701 = VECTOR('',#5702,1.);
#5702 = DIRECTION('',(0.,0.,1.));
#5703 = ORIENTED_EDGE('',*,*,#5704,.T.);
#5704 = EDGE_CURVE('',#5697,#5697,#5705,.T.);
#5705 = CIRCLE('',#5706,6.35);
#5706 = AXIS2_PLACEMENT_3D('',#5707,#5708,#5709);
#5707 = CARTESIAN_POINT('',(16.,135.6,46.35));
#5708 = DIRECTION('',(0.,0.,1.));
#5709 = DIRECTION('',(1.,0.,0.));
#5710 = ORIENTED_EDGE('',*,*,#5696,.T.);
#5711 = CYLINDRICAL_SURFACE('',#5712,6.35);
#5712 = AXIS2_PLACEMENT_3D('',#5713,#5714,#5715);
#5713 = CARTESIAN_POINT('',(16.,135.6,46.35));
#5714 = DIRECTION('',(0.,0.,1.));
#5715 = DIRECTION('',(1.,0.,0.));
#5716 = ADVANCED_FACE('',(#5717,#5720),#5731,.T.);
#5717 = FACE_BOUND('',#5718,.T.);
#5718 = EDGE_LOOP('',(#5719));
#5719 = ORIENTED_EDGE('',*,*,#5687,.T.);
#5720 = FACE_BOUND('',#5721,.T.);
#5721 = EDGE_LOOP('',(#5722));
#5722 = ORIENTED_EDGE('',*,*,#5723,.F.);
#5723 = EDGE_CURVE('',#5724,#5724,#5726,.T.);
#5724 = VERTEX_POINT('',#5725);
#5725 = CARTESIAN_POINT('',(18.5,135.6,47.55));
#5726 = CIRCLE('',#5727,2.5);
#5727 = AXIS2_PLACEMENT_3D('',#5728,#5729,#5730);
#5728 = CARTESIAN_POINT('',(16.,135.6,47.55));
#5729 = DIRECTION('',(0.,0.,1.));
#5730 = DIRECTION('',(1.,0.,0.));
#5731 = PLANE('',#5732);
#5732 = AXIS2_PLACEMENT_3D('',#5733,#5734,#5735);
#5733 = CARTESIAN_POINT('',(16.,135.6,47.55));
#5734 = DIRECTION('',(0.,0.,1.));
#5735 = DIRECTION('',(1.,0.,0.));
#5736 = ADVANCED_FACE('',(#5737,#5740),#5751,.F.);
#5737 = FACE_BOUND('',#5738,.F.);
#5738 = EDGE_LOOP('',(#5739));
#5739 = ORIENTED_EDGE('',*,*,#5704,.T.);
#5740 = FACE_BOUND('',#5741,.F.);
#5741 = EDGE_LOOP('',(#5742));
#5742 = ORIENTED_EDGE('',*,*,#5743,.F.);
#5743 = EDGE_CURVE('',#5744,#5744,#5746,.T.);
#5744 = VERTEX_POINT('',#5745);
#5745 = CARTESIAN_POINT('',(18.5,135.6,46.35));
#5746 = CIRCLE('',#5747,2.5);
#5747 = AXIS2_PLACEMENT_3D('',#5748,#5749,#5750);
#5748 = CARTESIAN_POINT('',(16.,135.6,46.35));
#5749 = DIRECTION('',(0.,0.,1.));
#5750 = DIRECTION('',(1.,0.,0.));
#5751 = PLANE('',#5752);
#5752 = AXIS2_PLACEMENT_3D('',#5753,#5754,#5755);
#5753 = CARTESIAN_POINT('',(16.,135.6,46.35));
#5754 = DIRECTION('',(0.,0.,1.));
#5755 = DIRECTION('',(1.,0.,0.));
#5756 = ADVANCED_FACE('',(#5757),#5768,.F.);
#5757 = FACE_BOUND('',#5758,.F.);
#5758 = EDGE_LOOP('',(#5759,#5760,#5766,#5767));
#5759 = ORIENTED_EDGE('',*,*,#5723,.F.);
#5760 = ORIENTED_EDGE('',*,*,#5761,.F.);
#5761 = EDGE_CURVE('',#5744,#5724,#5762,.T.);
#5762 = LINE('',#5763,#5764);
#5763 = CARTESIAN_POINT('',(18.5,135.6,46.25));
#5764 = VECTOR('',#5765,1.);
#5765 = DIRECTION('',(0.,0.,1.));
#5766 = ORIENTED_EDGE('',*,*,#5743,.T.);
#5767 = ORIENTED_EDGE('',*,*,#5761,.T.);
#5768 = CYLINDRICAL_SURFACE('',#5769,2.5);
#5769 = AXIS2_PLACEMENT_3D('',#5770,#5771,#5772);
#5770 = CARTESIAN_POINT('',(16.,135.6,46.25));
#5771 = DIRECTION('',(0.,0.,1.));
#5772 = DIRECTION('',(1.,0.,0.));
#5773 = MANIFOLD_SOLID_BREP('',#5774);
#5774 = CLOSED_SHELL('',(#5775,#5815,#5846,#5877,#5908,#5939,#5961,#5975
    ));
#5775 = ADVANCED_FACE('',(#5776),#5810,.F.);
#5776 = FACE_BOUND('',#5777,.F.);
#5777 = EDGE_LOOP('',(#5778,#5788,#5796,#5804));
#5778 = ORIENTED_EDGE('',*,*,#5779,.T.);
#5779 = EDGE_CURVE('',#5780,#5782,#5784,.T.);
#5780 = VERTEX_POINT('',#5781);
#5781 = CARTESIAN_POINT('',(20.765,138.35107403268,47.55));
#5782 = VERTEX_POINT('',#5783);
#5783 = CARTESIAN_POINT('',(20.765,138.35107403268,50.73));
#5784 = LINE('',#5785,#5786);
#5785 = CARTESIAN_POINT('',(20.765,138.35107403268,47.55));
#5786 = VECTOR('',#5787,1.);
#5787 = DIRECTION('',(0.,0.,1.));
#5788 = ORIENTED_EDGE('',*,*,#5789,.T.);
#5789 = EDGE_CURVE('',#5782,#5790,#5792,.T.);
#5790 = VERTEX_POINT('',#5791);
#5791 = CARTESIAN_POINT('',(16.,141.10214806537,50.73));
#5792 = LINE('',#5793,#5794);
#5793 = CARTESIAN_POINT('',(20.765,138.35107403268,50.73));
#5794 = VECTOR('',#5795,1.);
#5795 = DIRECTION('',(-0.866025403784,0.5,0.));
#5796 = ORIENTED_EDGE('',*,*,#5797,.F.);
#5797 = EDGE_CURVE('',#5798,#5790,#5800,.T.);
#5798 = VERTEX_POINT('',#5799);
#5799 = CARTESIAN_POINT('',(16.,141.10214806537,47.55));
#5800 = LINE('',#5801,#5802);
#5801 = CARTESIAN_POINT('',(16.,141.10214806537,47.55));
#5802 = VECTOR('',#5803,1.);
#5803 = DIRECTION('',(0.,0.,1.));
#5804 = ORIENTED_EDGE('',*,*,#5805,.F.);
#5805 = EDGE_CURVE('',#5780,#5798,#5806,.T.);
#5806 = LINE('',#5807,#5808);
#5807 = CARTESIAN_POINT('',(20.765,138.35107403268,47.55));
#5808 = VECTOR('',#5809,1.);
#5809 = DIRECTION('',(-0.866025403784,0.5,0.));
#5810 = PLANE('',#5811);
#5811 = AXIS2_PLACEMENT_3D('',#5812,#5813,#5814);
#5812 = CARTESIAN_POINT('',(20.765,138.35107403268,47.55));
#5813 = DIRECTION('',(-0.5,-0.866025403784,0.));
#5814 = DIRECTION('',(-0.866025403784,0.5,0.));
#5815 = ADVANCED_FACE('',(#5816),#5841,.F.);
#5816 = FACE_BOUND('',#5817,.F.);
#5817 = EDGE_LOOP('',(#5818,#5819,#5827,#5835));
#5818 = ORIENTED_EDGE('',*,*,#5797,.T.);
#5819 = ORIENTED_EDGE('',*,*,#5820,.T.);
#5820 = EDGE_CURVE('',#5790,#5821,#5823,.T.);
#5821 = VERTEX_POINT('',#5822);
#5822 = CARTESIAN_POINT('',(11.235,138.35107403268,50.73));
#5823 = LINE('',#5824,#5825);
#5824 = CARTESIAN_POINT('',(16.,141.10214806537,50.73));
#5825 = VECTOR('',#5826,1.);
#5826 = DIRECTION('',(-0.866025403784,-0.5,0.));
#5827 = ORIENTED_EDGE('',*,*,#5828,.F.);
#5828 = EDGE_CURVE('',#5829,#5821,#5831,.T.);
#5829 = VERTEX_POINT('',#5830);
#5830 = CARTESIAN_POINT('',(11.235,138.35107403268,47.55));
#5831 = LINE('',#5832,#5833);
#5832 = CARTESIAN_POINT('',(11.235,138.35107403268,47.55));
#5833 = VECTOR('',#5834,1.);
#5834 = DIRECTION('',(0.,0.,1.));
#5835 = ORIENTED_EDGE('',*,*,#5836,.F.);
#5836 = EDGE_CURVE('',#5798,#5829,#5837,.T.);
#5837 = LINE('',#5838,#5839);
#5838 = CARTESIAN_POINT('',(16.,141.10214806537,47.55));
#5839 = VECTOR('',#5840,1.);
#5840 = DIRECTION('',(-0.866025403784,-0.5,0.));
#5841 = PLANE('',#5842);
#5842 = AXIS2_PLACEMENT_3D('',#5843,#5844,#5845);
#5843 = CARTESIAN_POINT('',(16.,141.10214806537,47.55));
#5844 = DIRECTION('',(0.5,-0.866025403784,0.));
#5845 = DIRECTION('',(-0.866025403784,-0.5,0.));
#5846 = ADVANCED_FACE('',(#5847),#5872,.F.);
#5847 = FACE_BOUND('',#5848,.F.);
#5848 = EDGE_LOOP('',(#5849,#5850,#5858,#5866));
#5849 = ORIENTED_EDGE('',*,*,#5828,.T.);
#5850 = ORIENTED_EDGE('',*,*,#5851,.T.);
#5851 = EDGE_CURVE('',#5821,#5852,#5854,.T.);
#5852 = VERTEX_POINT('',#5853);
#5853 = CARTESIAN_POINT('',(11.235,132.84892596731,50.73));
#5854 = LINE('',#5855,#5856);
#5855 = CARTESIAN_POINT('',(11.235,138.35107403268,50.73));
#5856 = VECTOR('',#5857,1.);
#5857 = DIRECTION('',(0.,-1.,0.));
#5858 = ORIENTED_EDGE('',*,*,#5859,.F.);
#5859 = EDGE_CURVE('',#5860,#5852,#5862,.T.);
#5860 = VERTEX_POINT('',#5861);
#5861 = CARTESIAN_POINT('',(11.235,132.84892596731,47.55));
#5862 = LINE('',#5863,#5864);
#5863 = CARTESIAN_POINT('',(11.235,132.84892596731,47.55));
#5864 = VECTOR('',#5865,1.);
#5865 = DIRECTION('',(0.,0.,1.));
#5866 = ORIENTED_EDGE('',*,*,#5867,.F.);
#5867 = EDGE_CURVE('',#5829,#5860,#5868,.T.);
#5868 = LINE('',#5869,#5870);
#5869 = CARTESIAN_POINT('',(11.235,138.35107403268,47.55));
#5870 = VECTOR('',#5871,1.);
#5871 = DIRECTION('',(0.,-1.,0.));
#5872 = PLANE('',#5873);
#5873 = AXIS2_PLACEMENT_3D('',#5874,#5875,#5876);
#5874 = CARTESIAN_POINT('',(11.235,138.35107403268,47.55));
#5875 = DIRECTION('',(1.,0.,0.));
#5876 = DIRECTION('',(0.,-1.,0.));
#5877 = ADVANCED_FACE('',(#5878),#5903,.F.);
#5878 = FACE_BOUND('',#5879,.F.);
#5879 = EDGE_LOOP('',(#5880,#5881,#5889,#5897));
#5880 = ORIENTED_EDGE('',*,*,#5859,.T.);
#5881 = ORIENTED_EDGE('',*,*,#5882,.T.);
#5882 = EDGE_CURVE('',#5852,#5883,#5885,.T.);
#5883 = VERTEX_POINT('',#5884);
#5884 = CARTESIAN_POINT('',(16.,130.09785193462,50.73));
#5885 = LINE('',#5886,#5887);
#5886 = CARTESIAN_POINT('',(11.235,132.84892596731,50.73));
#5887 = VECTOR('',#5888,1.);
#5888 = DIRECTION('',(0.866025403784,-0.5,0.));
#5889 = ORIENTED_EDGE('',*,*,#5890,.F.);
#5890 = EDGE_CURVE('',#5891,#5883,#5893,.T.);
#5891 = VERTEX_POINT('',#5892);
#5892 = CARTESIAN_POINT('',(16.,130.09785193462,47.55));
#5893 = LINE('',#5894,#5895);
#5894 = CARTESIAN_POINT('',(16.,130.09785193462,47.55));
#5895 = VECTOR('',#5896,1.);
#5896 = DIRECTION('',(0.,0.,1.));
#5897 = ORIENTED_EDGE('',*,*,#5898,.F.);
#5898 = EDGE_CURVE('',#5860,#5891,#5899,.T.);
#5899 = LINE('',#5900,#5901);
#5900 = CARTESIAN_POINT('',(11.235,132.84892596731,47.55));
#5901 = VECTOR('',#5902,1.);
#5902 = DIRECTION('',(0.866025403784,-0.5,0.));
#5903 = PLANE('',#5904);
#5904 = AXIS2_PLACEMENT_3D('',#5905,#5906,#5907);
#5905 = CARTESIAN_POINT('',(11.235,132.84892596731,47.55));
#5906 = DIRECTION('',(0.5,0.866025403784,0.));
#5907 = DIRECTION('',(0.866025403784,-0.5,0.));
#5908 = ADVANCED_FACE('',(#5909),#5934,.F.);
#5909 = FACE_BOUND('',#5910,.F.);
#5910 = EDGE_LOOP('',(#5911,#5912,#5920,#5928));
#5911 = ORIENTED_EDGE('',*,*,#5890,.T.);
#5912 = ORIENTED_EDGE('',*,*,#5913,.T.);
#5913 = EDGE_CURVE('',#5883,#5914,#5916,.T.);
#5914 = VERTEX_POINT('',#5915);
#5915 = CARTESIAN_POINT('',(20.765,132.84892596731,50.73));
#5916 = LINE('',#5917,#5918);
#5917 = CARTESIAN_POINT('',(16.,130.09785193462,50.73));
#5918 = VECTOR('',#5919,1.);
#5919 = DIRECTION('',(0.866025403784,0.5,0.));
#5920 = ORIENTED_EDGE('',*,*,#5921,.F.);
#5921 = EDGE_CURVE('',#5922,#5914,#5924,.T.);
#5922 = VERTEX_POINT('',#5923);
#5923 = CARTESIAN_POINT('',(20.765,132.84892596731,47.55));
#5924 = LINE('',#5925,#5926);
#5925 = CARTESIAN_POINT('',(20.765,132.84892596731,47.55));
#5926 = VECTOR('',#5927,1.);
#5927 = DIRECTION('',(0.,0.,1.));
#5928 = ORIENTED_EDGE('',*,*,#5929,.F.);
#5929 = EDGE_CURVE('',#5891,#5922,#5930,.T.);
#5930 = LINE('',#5931,#5932);
#5931 = CARTESIAN_POINT('',(16.,130.09785193462,47.55));
#5932 = VECTOR('',#5933,1.);
#5933 = DIRECTION('',(0.866025403784,0.5,0.));
#5934 = PLANE('',#5935);
#5935 = AXIS2_PLACEMENT_3D('',#5936,#5937,#5938);
#5936 = CARTESIAN_POINT('',(16.,130.09785193462,47.55));
#5937 = DIRECTION('',(-0.5,0.866025403784,0.));
#5938 = DIRECTION('',(0.866025403784,0.5,0.));
#5939 = ADVANCED_FACE('',(#5940),#5956,.F.);
#5940 = FACE_BOUND('',#5941,.F.);
#5941 = EDGE_LOOP('',(#5942,#5943,#5949,#5950));
#5942 = ORIENTED_EDGE('',*,*,#5921,.T.);
#5943 = ORIENTED_EDGE('',*,*,#5944,.T.);
#5944 = EDGE_CURVE('',#5914,#5782,#5945,.T.);
#5945 = LINE('',#5946,#5947);
#5946 = CARTESIAN_POINT('',(20.765,132.84892596731,50.73));
#5947 = VECTOR('',#5948,1.);
#5948 = DIRECTION('',(3.228478801903E-16,1.,0.));
#5949 = ORIENTED_EDGE('',*,*,#5779,.F.);
#5950 = ORIENTED_EDGE('',*,*,#5951,.F.);
#5951 = EDGE_CURVE('',#5922,#5780,#5952,.T.);
#5952 = LINE('',#5953,#5954);
#5953 = CARTESIAN_POINT('',(20.765,132.84892596731,47.55));
#5954 = VECTOR('',#5955,1.);
#5955 = DIRECTION('',(3.228478801903E-16,1.,0.));
#5956 = PLANE('',#5957);
#5957 = AXIS2_PLACEMENT_3D('',#5958,#5959,#5960);
#5958 = CARTESIAN_POINT('',(20.765,132.84892596731,47.55));
#5959 = DIRECTION('',(-1.,3.228478801903E-16,0.));
#5960 = DIRECTION('',(3.228478801903E-16,1.,0.));
#5961 = ADVANCED_FACE('',(#5962),#5970,.F.);
#5962 = FACE_BOUND('',#5963,.F.);
#5963 = EDGE_LOOP('',(#5964,#5965,#5966,#5967,#5968,#5969));
#5964 = ORIENTED_EDGE('',*,*,#5805,.T.);
#5965 = ORIENTED_EDGE('',*,*,#5836,.T.);
#5966 = ORIENTED_EDGE('',*,*,#5867,.T.);
#5967 = ORIENTED_EDGE('',*,*,#5898,.T.);
#5968 = ORIENTED_EDGE('',*,*,#5929,.T.);
#5969 = ORIENTED_EDGE('',*,*,#5951,.T.);
#5970 = PLANE('',#5971);
#5971 = AXIS2_PLACEMENT_3D('',#5972,#5973,#5974);
#5972 = CARTESIAN_POINT('',(16.,135.6,47.55));
#5973 = DIRECTION('',(0.,0.,1.));
#5974 = DIRECTION('',(1.,0.,0.));
#5975 = ADVANCED_FACE('',(#5976),#5984,.T.);
#5976 = FACE_BOUND('',#5977,.T.);
#5977 = EDGE_LOOP('',(#5978,#5979,#5980,#5981,#5982,#5983));
#5978 = ORIENTED_EDGE('',*,*,#5789,.T.);
#5979 = ORIENTED_EDGE('',*,*,#5820,.T.);
#5980 = ORIENTED_EDGE('',*,*,#5851,.T.);
#5981 = ORIENTED_EDGE('',*,*,#5882,.T.);
#5982 = ORIENTED_EDGE('',*,*,#5913,.T.);
#5983 = ORIENTED_EDGE('',*,*,#5944,.T.);
#5984 = PLANE('',#5985);
#5985 = AXIS2_PLACEMENT_3D('',#5986,#5987,#5988);
#5986 = CARTESIAN_POINT('',(16.,135.6,50.73));
#5987 = DIRECTION('',(0.,0.,1.));
#5988 = DIRECTION('',(1.,0.,0.));
#5989 = MANIFOLD_SOLID_BREP('',#5990);
#5990 = CLOSED_SHELL('',(#5991,#6024,#6033));
#5991 = ADVANCED_FACE('',(#5992),#6019,.T.);
#5992 = FACE_BOUND('',#5993,.T.);
#5993 = EDGE_LOOP('',(#5994,#6003,#6011,#6018));
#5994 = ORIENTED_EDGE('',*,*,#5995,.F.);
#5995 = EDGE_CURVE('',#5996,#5996,#5998,.T.);
#5996 = VERTEX_POINT('',#5997);
#5997 = CARTESIAN_POINT('',(88.013,135.6,62.35));
#5998 = CIRCLE('',#5999,2.413);
#5999 = AXIS2_PLACEMENT_3D('',#6000,#6001,#6002);
#6000 = CARTESIAN_POINT('',(85.6,135.6,62.35));
#6001 = DIRECTION('',(0.,0.,1.));
#6002 = DIRECTION('',(1.,0.,0.));
#6003 = ORIENTED_EDGE('',*,*,#6004,.F.);
#6004 = EDGE_CURVE('',#6005,#5996,#6007,.T.);
#6005 = VERTEX_POINT('',#6006);
#6006 = CARTESIAN_POINT('',(88.013,135.6,35.6));
#6007 = LINE('',#6008,#6009);
#6008 = CARTESIAN_POINT('',(88.013,135.6,35.6));
#6009 = VECTOR('',#6010,1.);
#6010 = DIRECTION('',(0.,0.,1.));
#6011 = ORIENTED_EDGE('',*,*,#6012,.T.);
#6012 = EDGE_CURVE('',#6005,#6005,#6013,.T.);
#6013 = CIRCLE('',#6014,2.413);
#6014 = AXIS2_PLACEMENT_3D('',#6015,#6016,#6017);
#6015 = CARTESIAN_POINT('',(85.6,135.6,35.6));
#6016 = DIRECTION('',(0.,0.,1.));
#6017 = DIRECTION('',(1.,0.,0.));
#6018 = ORIENTED_EDGE('',*,*,#6004,.T.);
#6019 = CYLINDRICAL_SURFACE('',#6020,2.413);
#6020 = AXIS2_PLACEMENT_3D('',#6021,#6022,#6023);
#6021 = CARTESIAN_POINT('',(85.6,135.6,35.6));
#6022 = DIRECTION('',(0.,0.,1.));
#6023 = DIRECTION('',(1.,0.,0.));
#6024 = ADVANCED_FACE('',(#6025),#6028,.T.);
#6025 = FACE_BOUND('',#6026,.T.);
#6026 = EDGE_LOOP('',(#6027));
#6027 = ORIENTED_EDGE('',*,*,#5995,.T.);
#6028 = PLANE('',#6029);
#6029 = AXIS2_PLACEMENT_3D('',#6030,#6031,#6032);
#6030 = CARTESIAN_POINT('',(85.6,135.6,62.35));
#6031 = DIRECTION('',(0.,0.,1.));
#6032 = DIRECTION('',(1.,0.,0.));
#6033 = ADVANCED_FACE('',(#6034),#6037,.F.);
#6034 = FACE_BOUND('',#6035,.T.);
#6035 = EDGE_LOOP('',(#6036));
#6036 = ORIENTED_EDGE('',*,*,#6012,.F.);
#6037 = PLANE('',#6038);
#6038 = AXIS2_PLACEMENT_3D('',#6039,#6040,#6041);
#6039 = CARTESIAN_POINT('',(85.6,135.6,35.6));
#6040 = DIRECTION('',(0.,0.,1.));
#6041 = DIRECTION('',(1.,0.,0.));
#6042 = MANIFOLD_SOLID_BREP('',#6043);
#6043 = CLOSED_SHELL('',(#6044,#6077,#6097,#6117));
#6044 = ADVANCED_FACE('',(#6045),#6072,.T.);
#6045 = FACE_BOUND('',#6046,.T.);
#6046 = EDGE_LOOP('',(#6047,#6056,#6064,#6071));
#6047 = ORIENTED_EDGE('',*,*,#6048,.F.);
#6048 = EDGE_CURVE('',#6049,#6049,#6051,.T.);
#6049 = VERTEX_POINT('',#6050);
#6050 = CARTESIAN_POINT('',(91.95,135.6,47.55));
#6051 = CIRCLE('',#6052,6.35);
#6052 = AXIS2_PLACEMENT_3D('',#6053,#6054,#6055);
#6053 = CARTESIAN_POINT('',(85.6,135.6,47.55));
#6054 = DIRECTION('',(0.,0.,1.));
#6055 = DIRECTION('',(1.,0.,0.));
#6056 = ORIENTED_EDGE('',*,*,#6057,.F.);
#6057 = EDGE_CURVE('',#6058,#6049,#6060,.T.);
#6058 = VERTEX_POINT('',#6059);
#6059 = CARTESIAN_POINT('',(91.95,135.6,46.35));
#6060 = LINE('',#6061,#6062);
#6061 = CARTESIAN_POINT('',(91.95,135.6,46.35));
#6062 = VECTOR('',#6063,1.);
#6063 = DIRECTION('',(0.,0.,1.));
#6064 = ORIENTED_EDGE('',*,*,#6065,.T.);
#6065 = EDGE_CURVE('',#6058,#6058,#6066,.T.);
#6066 = CIRCLE('',#6067,6.35);
#6067 = AXIS2_PLACEMENT_3D('',#6068,#6069,#6070);
#6068 = CARTESIAN_POINT('',(85.6,135.6,46.35));
#6069 = DIRECTION('',(0.,0.,1.));
#6070 = DIRECTION('',(1.,0.,0.));
#6071 = ORIENTED_EDGE('',*,*,#6057,.T.);
#6072 = CYLINDRICAL_SURFACE('',#6073,6.35);
#6073 = AXIS2_PLACEMENT_3D('',#6074,#6075,#6076);
#6074 = CARTESIAN_POINT('',(85.6,135.6,46.35));
#6075 = DIRECTION('',(0.,0.,1.));
#6076 = DIRECTION('',(1.,0.,0.));
#6077 = ADVANCED_FACE('',(#6078,#6081),#6092,.T.);
#6078 = FACE_BOUND('',#6079,.T.);
#6079 = EDGE_LOOP('',(#6080));
#6080 = ORIENTED_EDGE('',*,*,#6048,.T.);
#6081 = FACE_BOUND('',#6082,.T.);
#6082 = EDGE_LOOP('',(#6083));
#6083 = ORIENTED_EDGE('',*,*,#6084,.F.);
#6084 = EDGE_CURVE('',#6085,#6085,#6087,.T.);
#6085 = VERTEX_POINT('',#6086);
#6086 = CARTESIAN_POINT('',(88.1,135.6,47.55));
#6087 = CIRCLE('',#6088,2.5);
#6088 = AXIS2_PLACEMENT_3D('',#6089,#6090,#6091);
#6089 = CARTESIAN_POINT('',(85.6,135.6,47.55));
#6090 = DIRECTION('',(0.,0.,1.));
#6091 = DIRECTION('',(1.,0.,0.));
#6092 = PLANE('',#6093);
#6093 = AXIS2_PLACEMENT_3D('',#6094,#6095,#6096);
#6094 = CARTESIAN_POINT('',(85.6,135.6,47.55));
#6095 = DIRECTION('',(0.,0.,1.));
#6096 = DIRECTION('',(1.,0.,0.));
#6097 = ADVANCED_FACE('',(#6098,#6101),#6112,.F.);
#6098 = FACE_BOUND('',#6099,.F.);
#6099 = EDGE_LOOP('',(#6100));
#6100 = ORIENTED_EDGE('',*,*,#6065,.T.);
#6101 = FACE_BOUND('',#6102,.F.);
#6102 = EDGE_LOOP('',(#6103));
#6103 = ORIENTED_EDGE('',*,*,#6104,.F.);
#6104 = EDGE_CURVE('',#6105,#6105,#6107,.T.);
#6105 = VERTEX_POINT('',#6106);
#6106 = CARTESIAN_POINT('',(88.1,135.6,46.35));
#6107 = CIRCLE('',#6108,2.5);
#6108 = AXIS2_PLACEMENT_3D('',#6109,#6110,#6111);
#6109 = CARTESIAN_POINT('',(85.6,135.6,46.35));
#6110 = DIRECTION('',(0.,0.,1.));
#6111 = DIRECTION('',(1.,0.,0.));
#6112 = PLANE('',#6113);
#6113 = AXIS2_PLACEMENT_3D('',#6114,#6115,#6116);
#6114 = CARTESIAN_POINT('',(85.6,135.6,46.35));
#6115 = DIRECTION('',(0.,0.,1.));
#6116 = DIRECTION('',(1.,0.,0.));
#6117 = ADVANCED_FACE('',(#6118),#6129,.F.);
#6118 = FACE_BOUND('',#6119,.F.);
#6119 = EDGE_LOOP('',(#6120,#6121,#6127,#6128));
#6120 = ORIENTED_EDGE('',*,*,#6084,.F.);
#6121 = ORIENTED_EDGE('',*,*,#6122,.F.);
#6122 = EDGE_CURVE('',#6105,#6085,#6123,.T.);
#6123 = LINE('',#6124,#6125);
#6124 = CARTESIAN_POINT('',(88.1,135.6,46.25));
#6125 = VECTOR('',#6126,1.);
#6126 = DIRECTION('',(0.,0.,1.));
#6127 = ORIENTED_EDGE('',*,*,#6104,.T.);
#6128 = ORIENTED_EDGE('',*,*,#6122,.T.);
#6129 = CYLINDRICAL_SURFACE('',#6130,2.5);
#6130 = AXIS2_PLACEMENT_3D('',#6131,#6132,#6133);
#6131 = CARTESIAN_POINT('',(85.6,135.6,46.25));
#6132 = DIRECTION('',(0.,0.,1.));
#6133 = DIRECTION('',(1.,0.,0.));
#6134 = MANIFOLD_SOLID_BREP('',#6135);
#6135 = CLOSED_SHELL('',(#6136,#6176,#6207,#6238,#6269,#6300,#6322,#6336
    ));
#6136 = ADVANCED_FACE('',(#6137),#6171,.F.);
#6137 = FACE_BOUND('',#6138,.F.);
#6138 = EDGE_LOOP('',(#6139,#6149,#6157,#6165));
#6139 = ORIENTED_EDGE('',*,*,#6140,.T.);
#6140 = EDGE_CURVE('',#6141,#6143,#6145,.T.);
#6141 = VERTEX_POINT('',#6142);
#6142 = CARTESIAN_POINT('',(90.365,138.35107403268,47.55));
#6143 = VERTEX_POINT('',#6144);
#6144 = CARTESIAN_POINT('',(90.365,138.35107403268,50.73));
#6145 = LINE('',#6146,#6147);
#6146 = CARTESIAN_POINT('',(90.365,138.35107403268,47.55));
#6147 = VECTOR('',#6148,1.);
#6148 = DIRECTION('',(0.,0.,1.));
#6149 = ORIENTED_EDGE('',*,*,#6150,.T.);
#6150 = EDGE_CURVE('',#6143,#6151,#6153,.T.);
#6151 = VERTEX_POINT('',#6152);
#6152 = CARTESIAN_POINT('',(85.6,141.10214806537,50.73));
#6153 = LINE('',#6154,#6155);
#6154 = CARTESIAN_POINT('',(90.365,138.35107403268,50.73));
#6155 = VECTOR('',#6156,1.);
#6156 = DIRECTION('',(-0.866025403784,0.5,0.));
#6157 = ORIENTED_EDGE('',*,*,#6158,.F.);
#6158 = EDGE_CURVE('',#6159,#6151,#6161,.T.);
#6159 = VERTEX_POINT('',#6160);
#6160 = CARTESIAN_POINT('',(85.6,141.10214806537,47.55));
#6161 = LINE('',#6162,#6163);
#6162 = CARTESIAN_POINT('',(85.6,141.10214806537,47.55));
#6163 = VECTOR('',#6164,1.);
#6164 = DIRECTION('',(0.,0.,1.));
#6165 = ORIENTED_EDGE('',*,*,#6166,.F.);
#6166 = EDGE_CURVE('',#6141,#6159,#6167,.T.);
#6167 = LINE('',#6168,#6169);
#6168 = CARTESIAN_POINT('',(90.365,138.35107403268,47.55));
#6169 = VECTOR('',#6170,1.);
#6170 = DIRECTION('',(-0.866025403784,0.5,0.));
#6171 = PLANE('',#6172);
#6172 = AXIS2_PLACEMENT_3D('',#6173,#6174,#6175);
#6173 = CARTESIAN_POINT('',(90.365,138.35107403268,47.55));
#6174 = DIRECTION('',(-0.5,-0.866025403784,0.));
#6175 = DIRECTION('',(-0.866025403784,0.5,0.));
#6176 = ADVANCED_FACE('',(#6177),#6202,.F.);
#6177 = FACE_BOUND('',#6178,.F.);
#6178 = EDGE_LOOP('',(#6179,#6180,#6188,#6196));
#6179 = ORIENTED_EDGE('',*,*,#6158,.T.);
#6180 = ORIENTED_EDGE('',*,*,#6181,.T.);
#6181 = EDGE_CURVE('',#6151,#6182,#6184,.T.);
#6182 = VERTEX_POINT('',#6183);
#6183 = CARTESIAN_POINT('',(80.835,138.35107403268,50.73));
#6184 = LINE('',#6185,#6186);
#6185 = CARTESIAN_POINT('',(85.6,141.10214806537,50.73));
#6186 = VECTOR('',#6187,1.);
#6187 = DIRECTION('',(-0.866025403784,-0.5,0.));
#6188 = ORIENTED_EDGE('',*,*,#6189,.F.);
#6189 = EDGE_CURVE('',#6190,#6182,#6192,.T.);
#6190 = VERTEX_POINT('',#6191);
#6191 = CARTESIAN_POINT('',(80.835,138.35107403268,47.55));
#6192 = LINE('',#6193,#6194);
#6193 = CARTESIAN_POINT('',(80.835,138.35107403268,47.55));
#6194 = VECTOR('',#6195,1.);
#6195 = DIRECTION('',(0.,0.,1.));
#6196 = ORIENTED_EDGE('',*,*,#6197,.F.);
#6197 = EDGE_CURVE('',#6159,#6190,#6198,.T.);
#6198 = LINE('',#6199,#6200);
#6199 = CARTESIAN_POINT('',(85.6,141.10214806537,47.55));
#6200 = VECTOR('',#6201,1.);
#6201 = DIRECTION('',(-0.866025403784,-0.5,0.));
#6202 = PLANE('',#6203);
#6203 = AXIS2_PLACEMENT_3D('',#6204,#6205,#6206);
#6204 = CARTESIAN_POINT('',(85.6,141.10214806537,47.55));
#6205 = DIRECTION('',(0.5,-0.866025403784,0.));
#6206 = DIRECTION('',(-0.866025403784,-0.5,0.));
#6207 = ADVANCED_FACE('',(#6208),#6233,.F.);
#6208 = FACE_BOUND('',#6209,.F.);
#6209 = EDGE_LOOP('',(#6210,#6211,#6219,#6227));
#6210 = ORIENTED_EDGE('',*,*,#6189,.T.);
#6211 = ORIENTED_EDGE('',*,*,#6212,.T.);
#6212 = EDGE_CURVE('',#6182,#6213,#6215,.T.);
#6213 = VERTEX_POINT('',#6214);
#6214 = CARTESIAN_POINT('',(80.835,132.84892596731,50.73));
#6215 = LINE('',#6216,#6217);
#6216 = CARTESIAN_POINT('',(80.835,138.35107403268,50.73));
#6217 = VECTOR('',#6218,1.);
#6218 = DIRECTION('',(0.,-1.,0.));
#6219 = ORIENTED_EDGE('',*,*,#6220,.F.);
#6220 = EDGE_CURVE('',#6221,#6213,#6223,.T.);
#6221 = VERTEX_POINT('',#6222);
#6222 = CARTESIAN_POINT('',(80.835,132.84892596731,47.55));
#6223 = LINE('',#6224,#6225);
#6224 = CARTESIAN_POINT('',(80.835,132.84892596731,47.55));
#6225 = VECTOR('',#6226,1.);
#6226 = DIRECTION('',(0.,0.,1.));
#6227 = ORIENTED_EDGE('',*,*,#6228,.F.);
#6228 = EDGE_CURVE('',#6190,#6221,#6229,.T.);
#6229 = LINE('',#6230,#6231);
#6230 = CARTESIAN_POINT('',(80.835,138.35107403268,47.55));
#6231 = VECTOR('',#6232,1.);
#6232 = DIRECTION('',(0.,-1.,0.));
#6233 = PLANE('',#6234);
#6234 = AXIS2_PLACEMENT_3D('',#6235,#6236,#6237);
#6235 = CARTESIAN_POINT('',(80.835,138.35107403268,47.55));
#6236 = DIRECTION('',(1.,0.,0.));
#6237 = DIRECTION('',(0.,-1.,0.));
#6238 = ADVANCED_FACE('',(#6239),#6264,.F.);
#6239 = FACE_BOUND('',#6240,.F.);
#6240 = EDGE_LOOP('',(#6241,#6242,#6250,#6258));
#6241 = ORIENTED_EDGE('',*,*,#6220,.T.);
#6242 = ORIENTED_EDGE('',*,*,#6243,.T.);
#6243 = EDGE_CURVE('',#6213,#6244,#6246,.T.);
#6244 = VERTEX_POINT('',#6245);
#6245 = CARTESIAN_POINT('',(85.6,130.09785193462,50.73));
#6246 = LINE('',#6247,#6248);
#6247 = CARTESIAN_POINT('',(80.835,132.84892596731,50.73));
#6248 = VECTOR('',#6249,1.);
#6249 = DIRECTION('',(0.866025403784,-0.5,0.));
#6250 = ORIENTED_EDGE('',*,*,#6251,.F.);
#6251 = EDGE_CURVE('',#6252,#6244,#6254,.T.);
#6252 = VERTEX_POINT('',#6253);
#6253 = CARTESIAN_POINT('',(85.6,130.09785193462,47.55));
#6254 = LINE('',#6255,#6256);
#6255 = CARTESIAN_POINT('',(85.6,130.09785193462,47.55));
#6256 = VECTOR('',#6257,1.);
#6257 = DIRECTION('',(0.,0.,1.));
#6258 = ORIENTED_EDGE('',*,*,#6259,.F.);
#6259 = EDGE_CURVE('',#6221,#6252,#6260,.T.);
#6260 = LINE('',#6261,#6262);
#6261 = CARTESIAN_POINT('',(80.835,132.84892596731,47.55));
#6262 = VECTOR('',#6263,1.);
#6263 = DIRECTION('',(0.866025403784,-0.5,0.));
#6264 = PLANE('',#6265);
#6265 = AXIS2_PLACEMENT_3D('',#6266,#6267,#6268);
#6266 = CARTESIAN_POINT('',(80.835,132.84892596731,47.55));
#6267 = DIRECTION('',(0.5,0.866025403784,0.));
#6268 = DIRECTION('',(0.866025403784,-0.5,0.));
#6269 = ADVANCED_FACE('',(#6270),#6295,.F.);
#6270 = FACE_BOUND('',#6271,.F.);
#6271 = EDGE_LOOP('',(#6272,#6273,#6281,#6289));
#6272 = ORIENTED_EDGE('',*,*,#6251,.T.);
#6273 = ORIENTED_EDGE('',*,*,#6274,.T.);
#6274 = EDGE_CURVE('',#6244,#6275,#6277,.T.);
#6275 = VERTEX_POINT('',#6276);
#6276 = CARTESIAN_POINT('',(90.365,132.84892596731,50.73));
#6277 = LINE('',#6278,#6279);
#6278 = CARTESIAN_POINT('',(85.6,130.09785193462,50.73));
#6279 = VECTOR('',#6280,1.);
#6280 = DIRECTION('',(0.866025403784,0.5,0.));
#6281 = ORIENTED_EDGE('',*,*,#6282,.F.);
#6282 = EDGE_CURVE('',#6283,#6275,#6285,.T.);
#6283 = VERTEX_POINT('',#6284);
#6284 = CARTESIAN_POINT('',(90.365,132.84892596731,47.55));
#6285 = LINE('',#6286,#6287);
#6286 = CARTESIAN_POINT('',(90.365,132.84892596731,47.55));
#6287 = VECTOR('',#6288,1.);
#6288 = DIRECTION('',(0.,0.,1.));
#6289 = ORIENTED_EDGE('',*,*,#6290,.F.);
#6290 = EDGE_CURVE('',#6252,#6283,#6291,.T.);
#6291 = LINE('',#6292,#6293);
#6292 = CARTESIAN_POINT('',(85.6,130.09785193462,47.55));
#6293 = VECTOR('',#6294,1.);
#6294 = DIRECTION('',(0.866025403784,0.5,0.));
#6295 = PLANE('',#6296);
#6296 = AXIS2_PLACEMENT_3D('',#6297,#6298,#6299);
#6297 = CARTESIAN_POINT('',(85.6,130.09785193462,47.55));
#6298 = DIRECTION('',(-0.5,0.866025403784,0.));
#6299 = DIRECTION('',(0.866025403784,0.5,0.));
#6300 = ADVANCED_FACE('',(#6301),#6317,.F.);
#6301 = FACE_BOUND('',#6302,.F.);
#6302 = EDGE_LOOP('',(#6303,#6304,#6310,#6311));
#6303 = ORIENTED_EDGE('',*,*,#6282,.T.);
#6304 = ORIENTED_EDGE('',*,*,#6305,.T.);
#6305 = EDGE_CURVE('',#6275,#6143,#6306,.T.);
#6306 = LINE('',#6307,#6308);
#6307 = CARTESIAN_POINT('',(90.365,132.84892596731,50.73));
#6308 = VECTOR('',#6309,1.);
#6309 = DIRECTION('',(3.228478801903E-16,1.,0.));
#6310 = ORIENTED_EDGE('',*,*,#6140,.F.);
#6311 = ORIENTED_EDGE('',*,*,#6312,.F.);
#6312 = EDGE_CURVE('',#6283,#6141,#6313,.T.);
#6313 = LINE('',#6314,#6315);
#6314 = CARTESIAN_POINT('',(90.365,132.84892596731,47.55));
#6315 = VECTOR('',#6316,1.);
#6316 = DIRECTION('',(3.228478801903E-16,1.,0.));
#6317 = PLANE('',#6318);
#6318 = AXIS2_PLACEMENT_3D('',#6319,#6320,#6321);
#6319 = CARTESIAN_POINT('',(90.365,132.84892596731,47.55));
#6320 = DIRECTION('',(-1.,3.228478801903E-16,0.));
#6321 = DIRECTION('',(3.228478801903E-16,1.,0.));
#6322 = ADVANCED_FACE('',(#6323),#6331,.F.);
#6323 = FACE_BOUND('',#6324,.F.);
#6324 = EDGE_LOOP('',(#6325,#6326,#6327,#6328,#6329,#6330));
#6325 = ORIENTED_EDGE('',*,*,#6166,.T.);
#6326 = ORIENTED_EDGE('',*,*,#6197,.T.);
#6327 = ORIENTED_EDGE('',*,*,#6228,.T.);
#6328 = ORIENTED_EDGE('',*,*,#6259,.T.);
#6329 = ORIENTED_EDGE('',*,*,#6290,.T.);
#6330 = ORIENTED_EDGE('',*,*,#6312,.T.);
#6331 = PLANE('',#6332);
#6332 = AXIS2_PLACEMENT_3D('',#6333,#6334,#6335);
#6333 = CARTESIAN_POINT('',(85.6,135.6,47.55));
#6334 = DIRECTION('',(0.,0.,1.));
#6335 = DIRECTION('',(1.,0.,0.));
#6336 = ADVANCED_FACE('',(#6337),#6345,.T.);
#6337 = FACE_BOUND('',#6338,.T.);
#6338 = EDGE_LOOP('',(#6339,#6340,#6341,#6342,#6343,#6344));
#6339 = ORIENTED_EDGE('',*,*,#6150,.T.);
#6340 = ORIENTED_EDGE('',*,*,#6181,.T.);
#6341 = ORIENTED_EDGE('',*,*,#6212,.T.);
#6342 = ORIENTED_EDGE('',*,*,#6243,.T.);
#6343 = ORIENTED_EDGE('',*,*,#6274,.T.);
#6344 = ORIENTED_EDGE('',*,*,#6305,.T.);
#6345 = PLANE('',#6346);
#6346 = AXIS2_PLACEMENT_3D('',#6347,#6348,#6349);
#6347 = CARTESIAN_POINT('',(85.6,135.6,50.73));
#6348 = DIRECTION('',(0.,0.,1.));
#6349 = DIRECTION('',(1.,0.,0.));
#6350 = MANIFOLD_SOLID_BREP('',#6351);
#6351 = CLOSED_SHELL('',(#6352,#6385,#6405,#6425));
#6352 = ADVANCED_FACE('',(#6353),#6380,.T.);
#6353 = FACE_BOUND('',#6354,.T.);
#6354 = EDGE_LOOP('',(#6355,#6364,#6372,#6379));
#6355 = ORIENTED_EDGE('',*,*,#6356,.F.);
#6356 = EDGE_CURVE('',#6357,#6357,#6359,.T.);
#6357 = VERTEX_POINT('',#6358);
#6358 = CARTESIAN_POINT('',(58.8,126.2,47.95));
#6359 = CIRCLE('',#6360,8.);
#6360 = AXIS2_PLACEMENT_3D('',#6361,#6362,#6363);
#6361 = CARTESIAN_POINT('',(50.8,126.2,47.95));
#6362 = DIRECTION('',(0.,0.,1.));
#6363 = DIRECTION('',(1.,0.,0.));
#6364 = ORIENTED_EDGE('',*,*,#6365,.F.);
#6365 = EDGE_CURVE('',#6366,#6357,#6368,.T.);
#6366 = VERTEX_POINT('',#6367);
#6367 = CARTESIAN_POINT('',(58.8,126.2,46.35));
#6368 = LINE('',#6369,#6370);
#6369 = CARTESIAN_POINT('',(58.8,126.2,46.35));
#6370 = VECTOR('',#6371,1.);
#6371 = DIRECTION('',(0.,0.,1.));
#6372 = ORIENTED_EDGE('',*,*,#6373,.T.);
#6373 = EDGE_CURVE('',#6366,#6366,#6374,.T.);
#6374 = CIRCLE('',#6375,8.);
#6375 = AXIS2_PLACEMENT_3D('',#6376,#6377,#6378);
#6376 = CARTESIAN_POINT('',(50.8,126.2,46.35));
#6377 = DIRECTION('',(0.,0.,1.));
#6378 = DIRECTION('',(1.,0.,0.));
#6379 = ORIENTED_EDGE('',*,*,#6365,.T.);
#6380 = CYLINDRICAL_SURFACE('',#6381,8.);
#6381 = AXIS2_PLACEMENT_3D('',#6382,#6383,#6384);
#6382 = CARTESIAN_POINT('',(50.8,126.2,46.35));
#6383 = DIRECTION('',(0.,0.,1.));
#6384 = DIRECTION('',(1.,0.,0.));
#6385 = ADVANCED_FACE('',(#6386,#6389),#6400,.T.);
#6386 = FACE_BOUND('',#6387,.T.);
#6387 = EDGE_LOOP('',(#6388));
#6388 = ORIENTED_EDGE('',*,*,#6356,.T.);
#6389 = FACE_BOUND('',#6390,.T.);
#6390 = EDGE_LOOP('',(#6391));
#6391 = ORIENTED_EDGE('',*,*,#6392,.F.);
#6392 = EDGE_CURVE('',#6393,#6393,#6395,.T.);
#6393 = VERTEX_POINT('',#6394);
#6394 = CARTESIAN_POINT('',(55.05,126.2,47.95));
#6395 = CIRCLE('',#6396,4.25);
#6396 = AXIS2_PLACEMENT_3D('',#6397,#6398,#6399);
#6397 = CARTESIAN_POINT('',(50.8,126.2,47.95));
#6398 = DIRECTION('',(0.,0.,1.));
#6399 = DIRECTION('',(1.,0.,0.));
#6400 = PLANE('',#6401);
#6401 = AXIS2_PLACEMENT_3D('',#6402,#6403,#6404);
#6402 = CARTESIAN_POINT('',(50.8,126.2,47.95));
#6403 = DIRECTION('',(0.,0.,1.));
#6404 = DIRECTION('',(1.,0.,0.));
#6405 = ADVANCED_FACE('',(#6406,#6409),#6420,.F.);
#6406 = FACE_BOUND('',#6407,.F.);
#6407 = EDGE_LOOP('',(#6408));
#6408 = ORIENTED_EDGE('',*,*,#6373,.T.);
#6409 = FACE_BOUND('',#6410,.F.);
#6410 = EDGE_LOOP('',(#6411));
#6411 = ORIENTED_EDGE('',*,*,#6412,.F.);
#6412 = EDGE_CURVE('',#6413,#6413,#6415,.T.);
#6413 = VERTEX_POINT('',#6414);
#6414 = CARTESIAN_POINT('',(55.05,126.2,46.35));
#6415 = CIRCLE('',#6416,4.25);
#6416 = AXIS2_PLACEMENT_3D('',#6417,#6418,#6419);
#6417 = CARTESIAN_POINT('',(50.8,126.2,46.35));
#6418 = DIRECTION('',(0.,0.,1.));
#6419 = DIRECTION('',(1.,0.,0.));
#6420 = PLANE('',#6421);
#6421 = AXIS2_PLACEMENT_3D('',#6422,#6423,#6424);
#6422 = CARTESIAN_POINT('',(50.8,126.2,46.35));
#6423 = DIRECTION('',(0.,0.,1.));
#6424 = DIRECTION('',(1.,0.,0.));
#6425 = ADVANCED_FACE('',(#6426),#6437,.F.);
#6426 = FACE_BOUND('',#6427,.F.);
#6427 = EDGE_LOOP('',(#6428,#6429,#6435,#6436));
#6428 = ORIENTED_EDGE('',*,*,#6392,.F.);
#6429 = ORIENTED_EDGE('',*,*,#6430,.F.);
#6430 = EDGE_CURVE('',#6413,#6393,#6431,.T.);
#6431 = LINE('',#6432,#6433);
#6432 = CARTESIAN_POINT('',(55.05,126.2,46.25));
#6433 = VECTOR('',#6434,1.);
#6434 = DIRECTION('',(0.,0.,1.));
#6435 = ORIENTED_EDGE('',*,*,#6412,.T.);
#6436 = ORIENTED_EDGE('',*,*,#6430,.T.);
#6437 = CYLINDRICAL_SURFACE('',#6438,4.25);
#6438 = AXIS2_PLACEMENT_3D('',#6439,#6440,#6441);
#6439 = CARTESIAN_POINT('',(50.8,126.2,46.25));
#6440 = DIRECTION('',(0.,0.,1.));
#6441 = DIRECTION('',(1.,0.,0.));
#6442 = MANIFOLD_SOLID_BREP('',#6443);
#6443 = CLOSED_SHELL('',(#6444,#6484,#6515,#6546,#6590,#6623,#6640,#6657
    ,#6669,#6694));
#6444 = ADVANCED_FACE('',(#6445),#6479,.F.);
#6445 = FACE_BOUND('',#6446,.F.);
#6446 = EDGE_LOOP('',(#6447,#6457,#6465,#6473));
#6447 = ORIENTED_EDGE('',*,*,#6448,.T.);
#6448 = EDGE_CURVE('',#6449,#6451,#6453,.T.);
#6449 = VERTEX_POINT('',#6450);
#6450 = CARTESIAN_POINT('',(57.3,129.95277674973,47.95));
#6451 = VERTEX_POINT('',#6452);
#6452 = CARTESIAN_POINT('',(57.3,129.95277674973,53.45));
#6453 = LINE('',#6454,#6455);
#6454 = CARTESIAN_POINT('',(57.3,129.95277674973,47.95));
#6455 = VECTOR('',#6456,1.);
#6456 = DIRECTION('',(0.,0.,1.));
#6457 = ORIENTED_EDGE('',*,*,#6458,.T.);
#6458 = EDGE_CURVE('',#6451,#6459,#6461,.T.);
#6459 = VERTEX_POINT('',#6460);
#6460 = CARTESIAN_POINT('',(50.8,133.70555349946,53.45));
#6461 = LINE('',#6462,#6463);
#6462 = CARTESIAN_POINT('',(57.3,129.95277674973,53.45));
#6463 = VECTOR('',#6464,1.);
#6464 = DIRECTION('',(-0.866025403784,0.5,0.));
#6465 = ORIENTED_EDGE('',*,*,#6466,.F.);
#6466 = EDGE_CURVE('',#6467,#6459,#6469,.T.);
#6467 = VERTEX_POINT('',#6468);
#6468 = CARTESIAN_POINT('',(50.8,133.70555349946,47.95));
#6469 = LINE('',#6470,#6471);
#6470 = CARTESIAN_POINT('',(50.8,133.70555349946,47.95));
#6471 = VECTOR('',#6472,1.);
#6472 = DIRECTION('',(0.,0.,1.));
#6473 = ORIENTED_EDGE('',*,*,#6474,.F.);
#6474 = EDGE_CURVE('',#6449,#6467,#6475,.T.);
#6475 = LINE('',#6476,#6477);
#6476 = CARTESIAN_POINT('',(57.3,129.95277674973,47.95));
#6477 = VECTOR('',#6478,1.);
#6478 = DIRECTION('',(-0.866025403784,0.5,0.));
#6479 = PLANE('',#6480);
#6480 = AXIS2_PLACEMENT_3D('',#6481,#6482,#6483);
#6481 = CARTESIAN_POINT('',(57.3,129.95277674973,47.95));
#6482 = DIRECTION('',(-0.5,-0.866025403784,0.));
#6483 = DIRECTION('',(-0.866025403784,0.5,0.));
#6484 = ADVANCED_FACE('',(#6485),#6510,.F.);
#6485 = FACE_BOUND('',#6486,.F.);
#6486 = EDGE_LOOP('',(#6487,#6497,#6503,#6504));
#6487 = ORIENTED_EDGE('',*,*,#6488,.T.);
#6488 = EDGE_CURVE('',#6489,#6491,#6493,.T.);
#6489 = VERTEX_POINT('',#6490);
#6490 = CARTESIAN_POINT('',(57.3,122.44722325026,47.95));
#6491 = VERTEX_POINT('',#6492);
#6492 = CARTESIAN_POINT('',(57.3,122.44722325026,53.45));
#6493 = LINE('',#6494,#6495);
#6494 = CARTESIAN_POINT('',(57.3,122.44722325026,47.95));
#6495 = VECTOR('',#6496,1.);
#6496 = DIRECTION('',(0.,0.,1.));
#6497 = ORIENTED_EDGE('',*,*,#6498,.T.);
#6498 = EDGE_CURVE('',#6491,#6451,#6499,.T.);
#6499 = LINE('',#6500,#6501);
#6500 = CARTESIAN_POINT('',(57.3,122.44722325026,53.45));
#6501 = VECTOR('',#6502,1.);
#6502 = DIRECTION('',(3.550084959477E-16,1.,0.));
#6503 = ORIENTED_EDGE('',*,*,#6448,.F.);
#6504 = ORIENTED_EDGE('',*,*,#6505,.F.);
#6505 = EDGE_CURVE('',#6489,#6449,#6506,.T.);
#6506 = LINE('',#6507,#6508);
#6507 = CARTESIAN_POINT('',(57.3,122.44722325026,47.95));
#6508 = VECTOR('',#6509,1.);
#6509 = DIRECTION('',(3.550084959477E-16,1.,0.));
#6510 = PLANE('',#6511);
#6511 = AXIS2_PLACEMENT_3D('',#6512,#6513,#6514);
#6512 = CARTESIAN_POINT('',(57.3,122.44722325026,47.95));
#6513 = DIRECTION('',(-1.,3.550084959477E-16,0.));
#6514 = DIRECTION('',(3.550084959477E-16,1.,0.));
#6515 = ADVANCED_FACE('',(#6516),#6541,.F.);
#6516 = FACE_BOUND('',#6517,.F.);
#6517 = EDGE_LOOP('',(#6518,#6519,#6527,#6535));
#6518 = ORIENTED_EDGE('',*,*,#6466,.T.);
#6519 = ORIENTED_EDGE('',*,*,#6520,.T.);
#6520 = EDGE_CURVE('',#6459,#6521,#6523,.T.);
#6521 = VERTEX_POINT('',#6522);
#6522 = CARTESIAN_POINT('',(44.3,129.95277674973,53.45));
#6523 = LINE('',#6524,#6525);
#6524 = CARTESIAN_POINT('',(50.8,133.70555349946,53.45));
#6525 = VECTOR('',#6526,1.);
#6526 = DIRECTION('',(-0.866025403784,-0.5,0.));
#6527 = ORIENTED_EDGE('',*,*,#6528,.F.);
#6528 = EDGE_CURVE('',#6529,#6521,#6531,.T.);
#6529 = VERTEX_POINT('',#6530);
#6530 = CARTESIAN_POINT('',(44.3,129.95277674973,47.95));
#6531 = LINE('',#6532,#6533);
#6532 = CARTESIAN_POINT('',(44.3,129.95277674973,47.95));
#6533 = VECTOR('',#6534,1.);
#6534 = DIRECTION('',(0.,0.,1.));
#6535 = ORIENTED_EDGE('',*,*,#6536,.F.);
#6536 = EDGE_CURVE('',#6467,#6529,#6537,.T.);
#6537 = LINE('',#6538,#6539);
#6538 = CARTESIAN_POINT('',(50.8,133.70555349946,47.95));
#6539 = VECTOR('',#6540,1.);
#6540 = DIRECTION('',(-0.866025403784,-0.5,0.));
#6541 = PLANE('',#6542);
#6542 = AXIS2_PLACEMENT_3D('',#6543,#6544,#6545);
#6543 = CARTESIAN_POINT('',(50.8,133.70555349946,47.95));
#6544 = DIRECTION('',(0.5,-0.866025403784,0.));
#6545 = DIRECTION('',(-0.866025403784,-0.5,0.));
#6546 = ADVANCED_FACE('',(#6547,#6574),#6585,.F.);
#6547 = FACE_BOUND('',#6548,.F.);
#6548 = EDGE_LOOP('',(#6549,#6550,#6551,#6559,#6567,#6573));
#6549 = ORIENTED_EDGE('',*,*,#6474,.T.);
#6550 = ORIENTED_EDGE('',*,*,#6536,.T.);
#6551 = ORIENTED_EDGE('',*,*,#6552,.T.);
#6552 = EDGE_CURVE('',#6529,#6553,#6555,.T.);
#6553 = VERTEX_POINT('',#6554);
#6554 = CARTESIAN_POINT('',(44.3,122.44722325026,47.95));
#6555 = LINE('',#6556,#6557);
#6556 = CARTESIAN_POINT('',(44.3,129.95277674973,47.95));
#6557 = VECTOR('',#6558,1.);
#6558 = DIRECTION('',(1.183361653159E-16,-1.,0.));
#6559 = ORIENTED_EDGE('',*,*,#6560,.T.);
#6560 = EDGE_CURVE('',#6553,#6561,#6563,.T.);
#6561 = VERTEX_POINT('',#6562);
#6562 = CARTESIAN_POINT('',(50.8,118.69444650053,47.95));
#6563 = LINE('',#6564,#6565);
#6564 = CARTESIAN_POINT('',(44.3,122.44722325026,47.95));
#6565 = VECTOR('',#6566,1.);
#6566 = DIRECTION('',(0.866025403784,-0.5,0.));
#6567 = ORIENTED_EDGE('',*,*,#6568,.T.);
#6568 = EDGE_CURVE('',#6561,#6489,#6569,.T.);
#6569 = LINE('',#6570,#6571);
#6570 = CARTESIAN_POINT('',(50.8,118.69444650053,47.95));
#6571 = VECTOR('',#6572,1.);
#6572 = DIRECTION('',(0.866025403784,0.5,0.));
#6573 = ORIENTED_EDGE('',*,*,#6505,.T.);
#6574 = FACE_BOUND('',#6575,.F.);
#6575 = EDGE_LOOP('',(#6576));
#6576 = ORIENTED_EDGE('',*,*,#6577,.F.);
#6577 = EDGE_CURVE('',#6578,#6578,#6580,.T.);
#6578 = VERTEX_POINT('',#6579);
#6579 = CARTESIAN_POINT('',(54.8,126.2,47.95));
#6580 = CIRCLE('',#6581,4.);
#6581 = AXIS2_PLACEMENT_3D('',#6582,#6583,#6584);
#6582 = CARTESIAN_POINT('',(50.8,126.2,47.95));
#6583 = DIRECTION('',(0.,0.,1.));
#6584 = DIRECTION('',(1.,0.,0.));
#6585 = PLANE('',#6586);
#6586 = AXIS2_PLACEMENT_3D('',#6587,#6588,#6589);
#6587 = CARTESIAN_POINT('',(50.8,126.2,47.95));
#6588 = DIRECTION('',(0.,0.,1.));
#6589 = DIRECTION('',(1.,0.,0.));
#6590 = ADVANCED_FACE('',(#6591),#6618,.T.);
#6591 = FACE_BOUND('',#6592,.T.);
#6592 = EDGE_LOOP('',(#6593,#6594,#6595,#6603,#6611,#6617));
#6593 = ORIENTED_EDGE('',*,*,#6458,.T.);
#6594 = ORIENTED_EDGE('',*,*,#6520,.T.);
#6595 = ORIENTED_EDGE('',*,*,#6596,.T.);
#6596 = EDGE_CURVE('',#6521,#6597,#6599,.T.);
#6597 = VERTEX_POINT('',#6598);
#6598 = CARTESIAN_POINT('',(44.3,122.44722325026,53.45));
#6599 = LINE('',#6600,#6601);
#6600 = CARTESIAN_POINT('',(44.3,129.95277674973,53.45));
#6601 = VECTOR('',#6602,1.);
#6602 = DIRECTION('',(1.183361653159E-16,-1.,0.));
#6603 = ORIENTED_EDGE('',*,*,#6604,.T.);
#6604 = EDGE_CURVE('',#6597,#6605,#6607,.T.);
#6605 = VERTEX_POINT('',#6606);
#6606 = CARTESIAN_POINT('',(50.8,118.69444650053,53.45));
#6607 = LINE('',#6608,#6609);
#6608 = CARTESIAN_POINT('',(44.3,122.44722325026,53.45));
#6609 = VECTOR('',#6610,1.);
#6610 = DIRECTION('',(0.866025403784,-0.5,0.));
#6611 = ORIENTED_EDGE('',*,*,#6612,.T.);
#6612 = EDGE_CURVE('',#6605,#6491,#6613,.T.);
#6613 = LINE('',#6614,#6615);
#6614 = CARTESIAN_POINT('',(50.8,118.69444650053,53.45));
#6615 = VECTOR('',#6616,1.);
#6616 = DIRECTION('',(0.866025403784,0.5,0.));
#6617 = ORIENTED_EDGE('',*,*,#6498,.T.);
#6618 = PLANE('',#6619);
#6619 = AXIS2_PLACEMENT_3D('',#6620,#6621,#6622);
#6620 = CARTESIAN_POINT('',(50.8,126.2,53.45));
#6621 = DIRECTION('',(0.,0.,1.));
#6622 = DIRECTION('',(1.,0.,0.));
#6623 = ADVANCED_FACE('',(#6624),#6635,.F.);
#6624 = FACE_BOUND('',#6625,.F.);
#6625 = EDGE_LOOP('',(#6626,#6632,#6633,#6634));
#6626 = ORIENTED_EDGE('',*,*,#6627,.T.);
#6627 = EDGE_CURVE('',#6561,#6605,#6628,.T.);
#6628 = LINE('',#6629,#6630);
#6629 = CARTESIAN_POINT('',(50.8,118.69444650053,47.95));
#6630 = VECTOR('',#6631,1.);
#6631 = DIRECTION('',(0.,0.,1.));
#6632 = ORIENTED_EDGE('',*,*,#6612,.T.);
#6633 = ORIENTED_EDGE('',*,*,#6488,.F.);
#6634 = ORIENTED_EDGE('',*,*,#6568,.F.);
#6635 = PLANE('',#6636);
#6636 = AXIS2_PLACEMENT_3D('',#6637,#6638,#6639);
#6637 = CARTESIAN_POINT('',(50.8,118.69444650053,47.95));
#6638 = DIRECTION('',(-0.5,0.866025403784,0.));
#6639 = DIRECTION('',(0.866025403784,0.5,0.));
#6640 = ADVANCED_FACE('',(#6641),#6652,.F.);
#6641 = FACE_BOUND('',#6642,.F.);
#6642 = EDGE_LOOP('',(#6643,#6644,#6645,#6651));
#6643 = ORIENTED_EDGE('',*,*,#6528,.T.);
#6644 = ORIENTED_EDGE('',*,*,#6596,.T.);
#6645 = ORIENTED_EDGE('',*,*,#6646,.F.);
#6646 = EDGE_CURVE('',#6553,#6597,#6647,.T.);
#6647 = LINE('',#6648,#6649);
#6648 = CARTESIAN_POINT('',(44.3,122.44722325026,47.95));
#6649 = VECTOR('',#6650,1.);
#6650 = DIRECTION('',(0.,0.,1.));
#6651 = ORIENTED_EDGE('',*,*,#6552,.F.);
#6652 = PLANE('',#6653);
#6653 = AXIS2_PLACEMENT_3D('',#6654,#6655,#6656);
#6654 = CARTESIAN_POINT('',(44.3,129.95277674973,47.95));
#6655 = DIRECTION('',(1.,1.183361653159E-16,0.));
#6656 = DIRECTION('',(1.183361653159E-16,-1.,0.));
#6657 = ADVANCED_FACE('',(#6658),#6664,.F.);
#6658 = FACE_BOUND('',#6659,.F.);
#6659 = EDGE_LOOP('',(#6660,#6661,#6662,#6663));
#6660 = ORIENTED_EDGE('',*,*,#6646,.T.);
#6661 = ORIENTED_EDGE('',*,*,#6604,.T.);
#6662 = ORIENTED_EDGE('',*,*,#6627,.F.);
#6663 = ORIENTED_EDGE('',*,*,#6560,.F.);
#6664 = PLANE('',#6665);
#6665 = AXIS2_PLACEMENT_3D('',#6666,#6667,#6668);
#6666 = CARTESIAN_POINT('',(44.3,122.44722325026,47.95));
#6667 = DIRECTION('',(0.5,0.866025403784,0.));
#6668 = DIRECTION('',(0.866025403784,-0.5,0.));
#6669 = ADVANCED_FACE('',(#6670),#6689,.T.);
#6670 = FACE_BOUND('',#6671,.T.);
#6671 = EDGE_LOOP('',(#6672,#6673,#6681,#6688));
#6672 = ORIENTED_EDGE('',*,*,#6577,.F.);
#6673 = ORIENTED_EDGE('',*,*,#6674,.F.);
#6674 = EDGE_CURVE('',#6675,#6578,#6677,.T.);
#6675 = VERTEX_POINT('',#6676);
#6676 = CARTESIAN_POINT('',(54.8,126.2,30.2));
#6677 = LINE('',#6678,#6679);
#6678 = CARTESIAN_POINT('',(54.8,126.2,30.2));
#6679 = VECTOR('',#6680,1.);
#6680 = DIRECTION('',(0.,0.,1.));
#6681 = ORIENTED_EDGE('',*,*,#6682,.T.);
#6682 = EDGE_CURVE('',#6675,#6675,#6683,.T.);
#6683 = CIRCLE('',#6684,4.);
#6684 = AXIS2_PLACEMENT_3D('',#6685,#6686,#6687);
#6685 = CARTESIAN_POINT('',(50.8,126.2,30.2));
#6686 = DIRECTION('',(0.,0.,1.));
#6687 = DIRECTION('',(1.,0.,0.));
#6688 = ORIENTED_EDGE('',*,*,#6674,.T.);
#6689 = CYLINDRICAL_SURFACE('',#6690,4.);
#6690 = AXIS2_PLACEMENT_3D('',#6691,#6692,#6693);
#6691 = CARTESIAN_POINT('',(50.8,126.2,30.2));
#6692 = DIRECTION('',(0.,0.,1.));
#6693 = DIRECTION('',(1.,0.,0.));
#6694 = ADVANCED_FACE('',(#6695),#6698,.F.);
#6695 = FACE_BOUND('',#6696,.T.);
#6696 = EDGE_LOOP('',(#6697));
#6697 = ORIENTED_EDGE('',*,*,#6682,.F.);
#6698 = PLANE('',#6699);
#6699 = AXIS2_PLACEMENT_3D('',#6700,#6701,#6702);
#6700 = CARTESIAN_POINT('',(50.8,126.2,30.2));
#6701 = DIRECTION('',(0.,0.,1.));
#6702 = DIRECTION('',(1.,0.,0.));
#6703 = MANIFOLD_SOLID_BREP('',#6704);
#6704 = CLOSED_SHELL('',(#6705,#6745,#6776,#6807,#6840,#6884,#6901,#6918
    ,#6930,#6955));
#6705 = ADVANCED_FACE('',(#6706),#6740,.F.);
#6706 = FACE_BOUND('',#6707,.F.);
#6707 = EDGE_LOOP('',(#6708,#6718,#6726,#6734));
#6708 = ORIENTED_EDGE('',*,*,#6709,.T.);
#6709 = EDGE_CURVE('',#6710,#6712,#6714,.T.);
#6710 = VERTEX_POINT('',#6711);
#6711 = CARTESIAN_POINT('',(57.3,129.95277674973,-5.5));
#6712 = VERTEX_POINT('',#6713);
#6713 = CARTESIAN_POINT('',(57.3,129.95277674973,0.));
#6714 = LINE('',#6715,#6716);
#6715 = CARTESIAN_POINT('',(57.3,129.95277674973,-5.5));
#6716 = VECTOR('',#6717,1.);
#6717 = DIRECTION('',(0.,0.,1.));
#6718 = ORIENTED_EDGE('',*,*,#6719,.T.);
#6719 = EDGE_CURVE('',#6712,#6720,#6722,.T.);
#6720 = VERTEX_POINT('',#6721);
#6721 = CARTESIAN_POINT('',(50.8,133.70555349946,0.));
#6722 = LINE('',#6723,#6724);
#6723 = CARTESIAN_POINT('',(57.3,129.95277674973,0.));
#6724 = VECTOR('',#6725,1.);
#6725 = DIRECTION('',(-0.866025403784,0.5,0.));
#6726 = ORIENTED_EDGE('',*,*,#6727,.F.);
#6727 = EDGE_CURVE('',#6728,#6720,#6730,.T.);
#6728 = VERTEX_POINT('',#6729);
#6729 = CARTESIAN_POINT('',(50.8,133.70555349946,-5.5));
#6730 = LINE('',#6731,#6732);
#6731 = CARTESIAN_POINT('',(50.8,133.70555349946,-5.5));
#6732 = VECTOR('',#6733,1.);
#6733 = DIRECTION('',(0.,0.,1.));
#6734 = ORIENTED_EDGE('',*,*,#6735,.F.);
#6735 = EDGE_CURVE('',#6710,#6728,#6736,.T.);
#6736 = LINE('',#6737,#6738);
#6737 = CARTESIAN_POINT('',(57.3,129.95277674973,-5.5));
#6738 = VECTOR('',#6739,1.);
#6739 = DIRECTION('',(-0.866025403784,0.5,0.));
#6740 = PLANE('',#6741);
#6741 = AXIS2_PLACEMENT_3D('',#6742,#6743,#6744);
#6742 = CARTESIAN_POINT('',(57.3,129.95277674973,-5.5));
#6743 = DIRECTION('',(-0.5,-0.866025403784,0.));
#6744 = DIRECTION('',(-0.866025403784,0.5,0.));
#6745 = ADVANCED_FACE('',(#6746),#6771,.F.);
#6746 = FACE_BOUND('',#6747,.F.);
#6747 = EDGE_LOOP('',(#6748,#6758,#6764,#6765));
#6748 = ORIENTED_EDGE('',*,*,#6749,.T.);
#6749 = EDGE_CURVE('',#6750,#6752,#6754,.T.);
#6750 = VERTEX_POINT('',#6751);
#6751 = CARTESIAN_POINT('',(57.3,122.44722325026,-5.5));
#6752 = VERTEX_POINT('',#6753);
#6753 = CARTESIAN_POINT('',(57.3,122.44722325026,0.));
#6754 = LINE('',#6755,#6756);
#6755 = CARTESIAN_POINT('',(57.3,122.44722325026,-5.5));
#6756 = VECTOR('',#6757,1.);
#6757 = DIRECTION('',(0.,0.,1.));
#6758 = ORIENTED_EDGE('',*,*,#6759,.T.);
#6759 = EDGE_CURVE('',#6752,#6712,#6760,.T.);
#6760 = LINE('',#6761,#6762);
#6761 = CARTESIAN_POINT('',(57.3,122.44722325026,0.));
#6762 = VECTOR('',#6763,1.);
#6763 = DIRECTION('',(3.550084959477E-16,1.,0.));
#6764 = ORIENTED_EDGE('',*,*,#6709,.F.);
#6765 = ORIENTED_EDGE('',*,*,#6766,.F.);
#6766 = EDGE_CURVE('',#6750,#6710,#6767,.T.);
#6767 = LINE('',#6768,#6769);
#6768 = CARTESIAN_POINT('',(57.3,122.44722325026,-5.5));
#6769 = VECTOR('',#6770,1.);
#6770 = DIRECTION('',(3.550084959477E-16,1.,0.));
#6771 = PLANE('',#6772);
#6772 = AXIS2_PLACEMENT_3D('',#6773,#6774,#6775);
#6773 = CARTESIAN_POINT('',(57.3,122.44722325026,-5.5));
#6774 = DIRECTION('',(-1.,3.550084959477E-16,0.));
#6775 = DIRECTION('',(3.550084959477E-16,1.,0.));
#6776 = ADVANCED_FACE('',(#6777),#6802,.F.);
#6777 = FACE_BOUND('',#6778,.F.);
#6778 = EDGE_LOOP('',(#6779,#6780,#6788,#6796));
#6779 = ORIENTED_EDGE('',*,*,#6727,.T.);
#6780 = ORIENTED_EDGE('',*,*,#6781,.T.);
#6781 = EDGE_CURVE('',#6720,#6782,#6784,.T.);
#6782 = VERTEX_POINT('',#6783);
#6783 = CARTESIAN_POINT('',(44.3,129.95277674973,0.));
#6784 = LINE('',#6785,#6786);
#6785 = CARTESIAN_POINT('',(50.8,133.70555349946,0.));
#6786 = VECTOR('',#6787,1.);
#6787 = DIRECTION('',(-0.866025403784,-0.5,0.));
#6788 = ORIENTED_EDGE('',*,*,#6789,.F.);
#6789 = EDGE_CURVE('',#6790,#6782,#6792,.T.);
#6790 = VERTEX_POINT('',#6791);
#6791 = CARTESIAN_POINT('',(44.3,129.95277674973,-5.5));
#6792 = LINE('',#6793,#6794);
#6793 = CARTESIAN_POINT('',(44.3,129.95277674973,-5.5));
#6794 = VECTOR('',#6795,1.);
#6795 = DIRECTION('',(0.,0.,1.));
#6796 = ORIENTED_EDGE('',*,*,#6797,.F.);
#6797 = EDGE_CURVE('',#6728,#6790,#6798,.T.);
#6798 = LINE('',#6799,#6800);
#6799 = CARTESIAN_POINT('',(50.8,133.70555349946,-5.5));
#6800 = VECTOR('',#6801,1.);
#6801 = DIRECTION('',(-0.866025403784,-0.5,0.));
#6802 = PLANE('',#6803);
#6803 = AXIS2_PLACEMENT_3D('',#6804,#6805,#6806);
#6804 = CARTESIAN_POINT('',(50.8,133.70555349946,-5.5));
#6805 = DIRECTION('',(0.5,-0.866025403784,0.));
#6806 = DIRECTION('',(-0.866025403784,-0.5,0.));
#6807 = ADVANCED_FACE('',(#6808),#6835,.F.);
#6808 = FACE_BOUND('',#6809,.F.);
#6809 = EDGE_LOOP('',(#6810,#6811,#6812,#6820,#6828,#6834));
#6810 = ORIENTED_EDGE('',*,*,#6735,.T.);
#6811 = ORIENTED_EDGE('',*,*,#6797,.T.);
#6812 = ORIENTED_EDGE('',*,*,#6813,.T.);
#6813 = EDGE_CURVE('',#6790,#6814,#6816,.T.);
#6814 = VERTEX_POINT('',#6815);
#6815 = CARTESIAN_POINT('',(44.3,122.44722325026,-5.5));
#6816 = LINE('',#6817,#6818);
#6817 = CARTESIAN_POINT('',(44.3,129.95277674973,-5.5));
#6818 = VECTOR('',#6819,1.);
#6819 = DIRECTION('',(1.183361653159E-16,-1.,0.));
#6820 = ORIENTED_EDGE('',*,*,#6821,.T.);
#6821 = EDGE_CURVE('',#6814,#6822,#6824,.T.);
#6822 = VERTEX_POINT('',#6823);
#6823 = CARTESIAN_POINT('',(50.8,118.69444650053,-5.5));
#6824 = LINE('',#6825,#6826);
#6825 = CARTESIAN_POINT('',(44.3,122.44722325026,-5.5));
#6826 = VECTOR('',#6827,1.);
#6827 = DIRECTION('',(0.866025403784,-0.5,0.));
#6828 = ORIENTED_EDGE('',*,*,#6829,.T.);
#6829 = EDGE_CURVE('',#6822,#6750,#6830,.T.);
#6830 = LINE('',#6831,#6832);
#6831 = CARTESIAN_POINT('',(50.8,118.69444650053,-5.5));
#6832 = VECTOR('',#6833,1.);
#6833 = DIRECTION('',(0.866025403784,0.5,0.));
#6834 = ORIENTED_EDGE('',*,*,#6766,.T.);
#6835 = PLANE('',#6836);
#6836 = AXIS2_PLACEMENT_3D('',#6837,#6838,#6839);
#6837 = CARTESIAN_POINT('',(50.8,126.2,-5.5));
#6838 = DIRECTION('',(0.,0.,1.));
#6839 = DIRECTION('',(1.,0.,0.));
#6840 = ADVANCED_FACE('',(#6841,#6868),#6879,.T.);
#6841 = FACE_BOUND('',#6842,.T.);
#6842 = EDGE_LOOP('',(#6843,#6844,#6845,#6853,#6861,#6867));
#6843 = ORIENTED_EDGE('',*,*,#6719,.T.);
#6844 = ORIENTED_EDGE('',*,*,#6781,.T.);
#6845 = ORIENTED_EDGE('',*,*,#6846,.T.);
#6846 = EDGE_CURVE('',#6782,#6847,#6849,.T.);
#6847 = VERTEX_POINT('',#6848);
#6848 = CARTESIAN_POINT('',(44.3,122.44722325026,0.));
#6849 = LINE('',#6850,#6851);
#6850 = CARTESIAN_POINT('',(44.3,129.95277674973,0.));
#6851 = VECTOR('',#6852,1.);
#6852 = DIRECTION('',(1.183361653159E-16,-1.,0.));
#6853 = ORIENTED_EDGE('',*,*,#6854,.T.);
#6854 = EDGE_CURVE('',#6847,#6855,#6857,.T.);
#6855 = VERTEX_POINT('',#6856);
#6856 = CARTESIAN_POINT('',(50.8,118.69444650053,0.));
#6857 = LINE('',#6858,#6859);
#6858 = CARTESIAN_POINT('',(44.3,122.44722325026,0.));
#6859 = VECTOR('',#6860,1.);
#6860 = DIRECTION('',(0.866025403784,-0.5,0.));
#6861 = ORIENTED_EDGE('',*,*,#6862,.T.);
#6862 = EDGE_CURVE('',#6855,#6752,#6863,.T.);
#6863 = LINE('',#6864,#6865);
#6864 = CARTESIAN_POINT('',(50.8,118.69444650053,0.));
#6865 = VECTOR('',#6866,1.);
#6866 = DIRECTION('',(0.866025403784,0.5,0.));
#6867 = ORIENTED_EDGE('',*,*,#6759,.T.);
#6868 = FACE_BOUND('',#6869,.T.);
#6869 = EDGE_LOOP('',(#6870));
#6870 = ORIENTED_EDGE('',*,*,#6871,.F.);
#6871 = EDGE_CURVE('',#6872,#6872,#6874,.T.);
#6872 = VERTEX_POINT('',#6873);
#6873 = CARTESIAN_POINT('',(54.8,126.2,0.));
#6874 = CIRCLE('',#6875,4.);
#6875 = AXIS2_PLACEMENT_3D('',#6876,#6877,#6878);
#6876 = CARTESIAN_POINT('',(50.8,126.2,0.));
#6877 = DIRECTION('',(0.,0.,1.));
#6878 = DIRECTION('',(1.,0.,0.));
#6879 = PLANE('',#6880);
#6880 = AXIS2_PLACEMENT_3D('',#6881,#6882,#6883);
#6881 = CARTESIAN_POINT('',(50.8,126.2,0.));
#6882 = DIRECTION('',(0.,0.,1.));
#6883 = DIRECTION('',(1.,0.,0.));
#6884 = ADVANCED_FACE('',(#6885),#6896,.F.);
#6885 = FACE_BOUND('',#6886,.F.);
#6886 = EDGE_LOOP('',(#6887,#6893,#6894,#6895));
#6887 = ORIENTED_EDGE('',*,*,#6888,.T.);
#6888 = EDGE_CURVE('',#6822,#6855,#6889,.T.);
#6889 = LINE('',#6890,#6891);
#6890 = CARTESIAN_POINT('',(50.8,118.69444650053,-5.5));
#6891 = VECTOR('',#6892,1.);
#6892 = DIRECTION('',(0.,0.,1.));
#6893 = ORIENTED_EDGE('',*,*,#6862,.T.);
#6894 = ORIENTED_EDGE('',*,*,#6749,.F.);
#6895 = ORIENTED_EDGE('',*,*,#6829,.F.);
#6896 = PLANE('',#6897);
#6897 = AXIS2_PLACEMENT_3D('',#6898,#6899,#6900);
#6898 = CARTESIAN_POINT('',(50.8,118.69444650053,-5.5));
#6899 = DIRECTION('',(-0.5,0.866025403784,0.));
#6900 = DIRECTION('',(0.866025403784,0.5,0.));
#6901 = ADVANCED_FACE('',(#6902),#6913,.F.);
#6902 = FACE_BOUND('',#6903,.F.);
#6903 = EDGE_LOOP('',(#6904,#6905,#6906,#6912));
#6904 = ORIENTED_EDGE('',*,*,#6789,.T.);
#6905 = ORIENTED_EDGE('',*,*,#6846,.T.);
#6906 = ORIENTED_EDGE('',*,*,#6907,.F.);
#6907 = EDGE_CURVE('',#6814,#6847,#6908,.T.);
#6908 = LINE('',#6909,#6910);
#6909 = CARTESIAN_POINT('',(44.3,122.44722325026,-5.5));
#6910 = VECTOR('',#6911,1.);
#6911 = DIRECTION('',(0.,0.,1.));
#6912 = ORIENTED_EDGE('',*,*,#6813,.F.);
#6913 = PLANE('',#6914);
#6914 = AXIS2_PLACEMENT_3D('',#6915,#6916,#6917);
#6915 = CARTESIAN_POINT('',(44.3,129.95277674973,-5.5));
#6916 = DIRECTION('',(1.,1.183361653159E-16,0.));
#6917 = DIRECTION('',(1.183361653159E-16,-1.,0.));
#6918 = ADVANCED_FACE('',(#6919),#6925,.F.);
#6919 = FACE_BOUND('',#6920,.F.);
#6920 = EDGE_LOOP('',(#6921,#6922,#6923,#6924));
#6921 = ORIENTED_EDGE('',*,*,#6907,.T.);
#6922 = ORIENTED_EDGE('',*,*,#6854,.T.);
#6923 = ORIENTED_EDGE('',*,*,#6888,.F.);
#6924 = ORIENTED_EDGE('',*,*,#6821,.F.);
#6925 = PLANE('',#6926);
#6926 = AXIS2_PLACEMENT_3D('',#6927,#6928,#6929);
#6927 = CARTESIAN_POINT('',(44.3,122.44722325026,-5.5));
#6928 = DIRECTION('',(0.5,0.866025403784,0.));
#6929 = DIRECTION('',(0.866025403784,-0.5,0.));
#6930 = ADVANCED_FACE('',(#6931),#6950,.T.);
#6931 = FACE_BOUND('',#6932,.T.);
#6932 = EDGE_LOOP('',(#6933,#6941,#6948,#6949));
#6933 = ORIENTED_EDGE('',*,*,#6934,.T.);
#6934 = EDGE_CURVE('',#6872,#6935,#6937,.T.);
#6935 = VERTEX_POINT('',#6936);
#6936 = CARTESIAN_POINT('',(54.8,126.2,12.8));
#6937 = LINE('',#6938,#6939);
#6938 = CARTESIAN_POINT('',(54.8,126.2,-0.2));
#6939 = VECTOR('',#6940,1.);
#6940 = DIRECTION('',(0.,0.,1.));
#6941 = ORIENTED_EDGE('',*,*,#6942,.F.);
#6942 = EDGE_CURVE('',#6935,#6935,#6943,.T.);
#6943 = CIRCLE('',#6944,4.);
#6944 = AXIS2_PLACEMENT_3D('',#6945,#6946,#6947);
#6945 = CARTESIAN_POINT('',(50.8,126.2,12.8));
#6946 = DIRECTION('',(0.,0.,1.));
#6947 = DIRECTION('',(1.,0.,0.));
#6948 = ORIENTED_EDGE('',*,*,#6934,.F.);
#6949 = ORIENTED_EDGE('',*,*,#6871,.T.);
#6950 = CYLINDRICAL_SURFACE('',#6951,4.);
#6951 = AXIS2_PLACEMENT_3D('',#6952,#6953,#6954);
#6952 = CARTESIAN_POINT('',(50.8,126.2,-0.2));
#6953 = DIRECTION('',(0.,0.,1.));
#6954 = DIRECTION('',(1.,0.,0.));
#6955 = ADVANCED_FACE('',(#6956),#6959,.T.);
#6956 = FACE_BOUND('',#6957,.T.);
#6957 = EDGE_LOOP('',(#6958));
#6958 = ORIENTED_EDGE('',*,*,#6942,.T.);
#6959 = PLANE('',#6960);
#6960 = AXIS2_PLACEMENT_3D('',#6961,#6962,#6963);
#6961 = CARTESIAN_POINT('',(50.8,126.2,12.8));
#6962 = DIRECTION('',(0.,0.,1.));
#6963 = DIRECTION('',(1.,0.,0.));
#6964 = MANIFOLD_SOLID_BREP('',#6965);
#6965 = CLOSED_SHELL('',(#6966,#6999,#7019,#7039));
#6966 = ADVANCED_FACE('',(#6967),#6994,.T.);
#6967 = FACE_BOUND('',#6968,.T.);
#6968 = EDGE_LOOP('',(#6969,#6978,#6986,#6993));
#6969 = ORIENTED_EDGE('',*,*,#6970,.F.);
#6970 = EDGE_CURVE('',#6971,#6971,#6973,.T.);
#6971 = VERTEX_POINT('',#6972);
#6972 = CARTESIAN_POINT('',(27.1,116.8,40.));
#6973 = CIRCLE('',#6974,11.1);
#6974 = AXIS2_PLACEMENT_3D('',#6975,#6976,#6977);
#6975 = CARTESIAN_POINT('',(16.,116.8,40.));
#6976 = DIRECTION('',(0.,0.,1.));
#6977 = DIRECTION('',(1.,0.,0.));
#6978 = ORIENTED_EDGE('',*,*,#6979,.F.);
#6979 = EDGE_CURVE('',#6980,#6971,#6982,.T.);
#6980 = VERTEX_POINT('',#6981);
#6981 = CARTESIAN_POINT('',(27.1,116.8,38.));
#6982 = LINE('',#6983,#6984);
#6983 = CARTESIAN_POINT('',(27.1,116.8,38.));
#6984 = VECTOR('',#6985,1.);
#6985 = DIRECTION('',(0.,0.,1.));
#6986 = ORIENTED_EDGE('',*,*,#6987,.T.);
#6987 = EDGE_CURVE('',#6980,#6980,#6988,.T.);
#6988 = CIRCLE('',#6989,11.1);
#6989 = AXIS2_PLACEMENT_3D('',#6990,#6991,#6992);
#6990 = CARTESIAN_POINT('',(16.,116.8,38.));
#6991 = DIRECTION('',(0.,0.,1.));
#6992 = DIRECTION('',(1.,0.,0.));
#6993 = ORIENTED_EDGE('',*,*,#6979,.T.);
#6994 = CYLINDRICAL_SURFACE('',#6995,11.1);
#6995 = AXIS2_PLACEMENT_3D('',#6996,#6997,#6998);
#6996 = CARTESIAN_POINT('',(16.,116.8,38.));
#6997 = DIRECTION('',(0.,0.,1.));
#6998 = DIRECTION('',(1.,0.,0.));
#6999 = ADVANCED_FACE('',(#7000,#7003),#7014,.T.);
#7000 = FACE_BOUND('',#7001,.T.);
#7001 = EDGE_LOOP('',(#7002));
#7002 = ORIENTED_EDGE('',*,*,#6970,.T.);
#7003 = FACE_BOUND('',#7004,.T.);
#7004 = EDGE_LOOP('',(#7005));
#7005 = ORIENTED_EDGE('',*,*,#7006,.F.);
#7006 = EDGE_CURVE('',#7007,#7007,#7009,.T.);
#7007 = VERTEX_POINT('',#7008);
#7008 = CARTESIAN_POINT('',(20.2,116.8,40.));
#7009 = CIRCLE('',#7010,4.2);
#7010 = AXIS2_PLACEMENT_3D('',#7011,#7012,#7013);
#7011 = CARTESIAN_POINT('',(16.,116.8,40.));
#7012 = DIRECTION('',(0.,0.,1.));
#7013 = DIRECTION('',(1.,0.,0.));
#7014 = PLANE('',#7015);
#7015 = AXIS2_PLACEMENT_3D('',#7016,#7017,#7018);
#7016 = CARTESIAN_POINT('',(16.,116.8,40.));
#7017 = DIRECTION('',(0.,0.,1.));
#7018 = DIRECTION('',(1.,0.,0.));
#7019 = ADVANCED_FACE('',(#7020,#7023),#7034,.F.);
#7020 = FACE_BOUND('',#7021,.F.);
#7021 = EDGE_LOOP('',(#7022));
#7022 = ORIENTED_EDGE('',*,*,#6987,.T.);
#7023 = FACE_BOUND('',#7024,.F.);
#7024 = EDGE_LOOP('',(#7025));
#7025 = ORIENTED_EDGE('',*,*,#7026,.F.);
#7026 = EDGE_CURVE('',#7027,#7027,#7029,.T.);
#7027 = VERTEX_POINT('',#7028);
#7028 = CARTESIAN_POINT('',(20.2,116.8,38.));
#7029 = CIRCLE('',#7030,4.2);
#7030 = AXIS2_PLACEMENT_3D('',#7031,#7032,#7033);
#7031 = CARTESIAN_POINT('',(16.,116.8,38.));
#7032 = DIRECTION('',(0.,0.,1.));
#7033 = DIRECTION('',(1.,0.,0.));
#7034 = PLANE('',#7035);
#7035 = AXIS2_PLACEMENT_3D('',#7036,#7037,#7038);
#7036 = CARTESIAN_POINT('',(16.,116.8,38.));
#7037 = DIRECTION('',(0.,0.,1.));
#7038 = DIRECTION('',(1.,0.,0.));
#7039 = ADVANCED_FACE('',(#7040),#7051,.F.);
#7040 = FACE_BOUND('',#7041,.F.);
#7041 = EDGE_LOOP('',(#7042,#7043,#7049,#7050));
#7042 = ORIENTED_EDGE('',*,*,#7006,.F.);
#7043 = ORIENTED_EDGE('',*,*,#7044,.F.);
#7044 = EDGE_CURVE('',#7027,#7007,#7045,.T.);
#7045 = LINE('',#7046,#7047);
#7046 = CARTESIAN_POINT('',(20.2,116.8,37.9));
#7047 = VECTOR('',#7048,1.);
#7048 = DIRECTION('',(0.,0.,1.));
#7049 = ORIENTED_EDGE('',*,*,#7026,.T.);
#7050 = ORIENTED_EDGE('',*,*,#7044,.T.);
#7051 = CYLINDRICAL_SURFACE('',#7052,4.2);
#7052 = AXIS2_PLACEMENT_3D('',#7053,#7054,#7055);
#7053 = CARTESIAN_POINT('',(16.,116.8,37.9));
#7054 = DIRECTION('',(0.,0.,1.));
#7055 = DIRECTION('',(1.,0.,0.));
#7056 = MANIFOLD_SOLID_BREP('',#7057);
#7057 = CLOSED_SHELL('',(#7058,#7098,#7129,#7160,#7191,#7222,#7244,#7258
    ));
#7058 = ADVANCED_FACE('',(#7059),#7093,.F.);
#7059 = FACE_BOUND('',#7060,.F.);
#7060 = EDGE_LOOP('',(#7061,#7071,#7079,#7087));
#7061 = ORIENTED_EDGE('',*,*,#7062,.T.);
#7062 = EDGE_CURVE('',#7063,#7065,#7067,.T.);
#7063 = VERTEX_POINT('',#7064);
#7064 = CARTESIAN_POINT('',(22.35,120.46617420935,32.8));
#7065 = VERTEX_POINT('',#7066);
#7066 = CARTESIAN_POINT('',(22.35,120.46617420935,38.));
#7067 = LINE('',#7068,#7069);
#7068 = CARTESIAN_POINT('',(22.35,120.46617420935,32.8));
#7069 = VECTOR('',#7070,1.);
#7070 = DIRECTION('',(0.,0.,1.));
#7071 = ORIENTED_EDGE('',*,*,#7072,.T.);
#7072 = EDGE_CURVE('',#7065,#7073,#7075,.T.);
#7073 = VERTEX_POINT('',#7074);
#7074 = CARTESIAN_POINT('',(16.,124.1323484187,38.));
#7075 = LINE('',#7076,#7077);
#7076 = CARTESIAN_POINT('',(22.35,120.46617420935,38.));
#7077 = VECTOR('',#7078,1.);
#7078 = DIRECTION('',(-0.866025403784,0.5,0.));
#7079 = ORIENTED_EDGE('',*,*,#7080,.F.);
#7080 = EDGE_CURVE('',#7081,#7073,#7083,.T.);
#7081 = VERTEX_POINT('',#7082);
#7082 = CARTESIAN_POINT('',(16.,124.1323484187,32.8));
#7083 = LINE('',#7084,#7085);
#7084 = CARTESIAN_POINT('',(16.,124.1323484187,32.8));
#7085 = VECTOR('',#7086,1.);
#7086 = DIRECTION('',(0.,0.,1.));
#7087 = ORIENTED_EDGE('',*,*,#7088,.F.);
#7088 = EDGE_CURVE('',#7063,#7081,#7089,.T.);
#7089 = LINE('',#7090,#7091);
#7090 = CARTESIAN_POINT('',(22.35,120.46617420935,32.8));
#7091 = VECTOR('',#7092,1.);
#7092 = DIRECTION('',(-0.866025403784,0.5,0.));
#7093 = PLANE('',#7094);
#7094 = AXIS2_PLACEMENT_3D('',#7095,#7096,#7097);
#7095 = CARTESIAN_POINT('',(22.35,120.46617420935,32.8));
#7096 = DIRECTION('',(-0.5,-0.866025403784,0.));
#7097 = DIRECTION('',(-0.866025403784,0.5,0.));
#7098 = ADVANCED_FACE('',(#7099),#7124,.F.);
#7099 = FACE_BOUND('',#7100,.F.);
#7100 = EDGE_LOOP('',(#7101,#7102,#7110,#7118));
#7101 = ORIENTED_EDGE('',*,*,#7080,.T.);
#7102 = ORIENTED_EDGE('',*,*,#7103,.T.);
#7103 = EDGE_CURVE('',#7073,#7104,#7106,.T.);
#7104 = VERTEX_POINT('',#7105);
#7105 = CARTESIAN_POINT('',(9.65,120.46617420935,38.));
#7106 = LINE('',#7107,#7108);
#7107 = CARTESIAN_POINT('',(16.,124.1323484187,38.));
#7108 = VECTOR('',#7109,1.);
#7109 = DIRECTION('',(-0.866025403784,-0.5,0.));
#7110 = ORIENTED_EDGE('',*,*,#7111,.F.);
#7111 = EDGE_CURVE('',#7112,#7104,#7114,.T.);
#7112 = VERTEX_POINT('',#7113);
#7113 = CARTESIAN_POINT('',(9.65,120.46617420935,32.8));
#7114 = LINE('',#7115,#7116);
#7115 = CARTESIAN_POINT('',(9.65,120.46617420935,32.8));
#7116 = VECTOR('',#7117,1.);
#7117 = DIRECTION('',(0.,0.,1.));
#7118 = ORIENTED_EDGE('',*,*,#7119,.F.);
#7119 = EDGE_CURVE('',#7081,#7112,#7120,.T.);
#7120 = LINE('',#7121,#7122);
#7121 = CARTESIAN_POINT('',(16.,124.1323484187,32.8));
#7122 = VECTOR('',#7123,1.);
#7123 = DIRECTION('',(-0.866025403784,-0.5,0.));
#7124 = PLANE('',#7125);
#7125 = AXIS2_PLACEMENT_3D('',#7126,#7127,#7128);
#7126 = CARTESIAN_POINT('',(16.,124.1323484187,32.8));
#7127 = DIRECTION('',(0.5,-0.866025403784,0.));
#7128 = DIRECTION('',(-0.866025403784,-0.5,0.));
#7129 = ADVANCED_FACE('',(#7130),#7155,.F.);
#7130 = FACE_BOUND('',#7131,.F.);
#7131 = EDGE_LOOP('',(#7132,#7133,#7141,#7149));
#7132 = ORIENTED_EDGE('',*,*,#7111,.T.);
#7133 = ORIENTED_EDGE('',*,*,#7134,.T.);
#7134 = EDGE_CURVE('',#7104,#7135,#7137,.T.);
#7135 = VERTEX_POINT('',#7136);
#7136 = CARTESIAN_POINT('',(9.65,113.13382579064,38.));
#7137 = LINE('',#7138,#7139);
#7138 = CARTESIAN_POINT('',(9.65,120.46617420935,38.));
#7139 = VECTOR('',#7140,1.);
#7140 = DIRECTION('',(1.211315078037E-16,-1.,0.));
#7141 = ORIENTED_EDGE('',*,*,#7142,.F.);
#7142 = EDGE_CURVE('',#7143,#7135,#7145,.T.);
#7143 = VERTEX_POINT('',#7144);
#7144 = CARTESIAN_POINT('',(9.65,113.13382579064,32.8));
#7145 = LINE('',#7146,#7147);
#7146 = CARTESIAN_POINT('',(9.65,113.13382579064,32.8));
#7147 = VECTOR('',#7148,1.);
#7148 = DIRECTION('',(0.,0.,1.));
#7149 = ORIENTED_EDGE('',*,*,#7150,.F.);
#7150 = EDGE_CURVE('',#7112,#7143,#7151,.T.);
#7151 = LINE('',#7152,#7153);
#7152 = CARTESIAN_POINT('',(9.65,120.46617420935,32.8));
#7153 = VECTOR('',#7154,1.);
#7154 = DIRECTION('',(1.211315078037E-16,-1.,0.));
#7155 = PLANE('',#7156);
#7156 = AXIS2_PLACEMENT_3D('',#7157,#7158,#7159);
#7157 = CARTESIAN_POINT('',(9.65,120.46617420935,32.8));
#7158 = DIRECTION('',(1.,1.211315078037E-16,0.));
#7159 = DIRECTION('',(1.211315078037E-16,-1.,0.));
#7160 = ADVANCED_FACE('',(#7161),#7186,.F.);
#7161 = FACE_BOUND('',#7162,.F.);
#7162 = EDGE_LOOP('',(#7163,#7164,#7172,#7180));
#7163 = ORIENTED_EDGE('',*,*,#7142,.T.);
#7164 = ORIENTED_EDGE('',*,*,#7165,.T.);
#7165 = EDGE_CURVE('',#7135,#7166,#7168,.T.);
#7166 = VERTEX_POINT('',#7167);
#7167 = CARTESIAN_POINT('',(16.,109.46765158129,38.));
#7168 = LINE('',#7169,#7170);
#7169 = CARTESIAN_POINT('',(9.65,113.13382579064,38.));
#7170 = VECTOR('',#7171,1.);
#7171 = DIRECTION('',(0.866025403784,-0.5,0.));
#7172 = ORIENTED_EDGE('',*,*,#7173,.F.);
#7173 = EDGE_CURVE('',#7174,#7166,#7176,.T.);
#7174 = VERTEX_POINT('',#7175);
#7175 = CARTESIAN_POINT('',(16.,109.46765158129,32.8));
#7176 = LINE('',#7177,#7178);
#7177 = CARTESIAN_POINT('',(16.,109.46765158129,32.8));
#7178 = VECTOR('',#7179,1.);
#7179 = DIRECTION('',(0.,0.,1.));
#7180 = ORIENTED_EDGE('',*,*,#7181,.F.);
#7181 = EDGE_CURVE('',#7143,#7174,#7182,.T.);
#7182 = LINE('',#7183,#7184);
#7183 = CARTESIAN_POINT('',(9.65,113.13382579064,32.8));
#7184 = VECTOR('',#7185,1.);
#7185 = DIRECTION('',(0.866025403784,-0.5,0.));
#7186 = PLANE('',#7187);
#7187 = AXIS2_PLACEMENT_3D('',#7188,#7189,#7190);
#7188 = CARTESIAN_POINT('',(9.65,113.13382579064,32.8));
#7189 = DIRECTION('',(0.5,0.866025403784,0.));
#7190 = DIRECTION('',(0.866025403784,-0.5,0.));
#7191 = ADVANCED_FACE('',(#7192),#7217,.F.);
#7192 = FACE_BOUND('',#7193,.F.);
#7193 = EDGE_LOOP('',(#7194,#7195,#7203,#7211));
#7194 = ORIENTED_EDGE('',*,*,#7173,.T.);
#7195 = ORIENTED_EDGE('',*,*,#7196,.T.);
#7196 = EDGE_CURVE('',#7166,#7197,#7199,.T.);
#7197 = VERTEX_POINT('',#7198);
#7198 = CARTESIAN_POINT('',(22.35,113.13382579064,38.));
#7199 = LINE('',#7200,#7201);
#7200 = CARTESIAN_POINT('',(16.,109.46765158129,38.));
#7201 = VECTOR('',#7202,1.);
#7202 = DIRECTION('',(0.866025403784,0.5,0.));
#7203 = ORIENTED_EDGE('',*,*,#7204,.F.);
#7204 = EDGE_CURVE('',#7205,#7197,#7207,.T.);
#7205 = VERTEX_POINT('',#7206);
#7206 = CARTESIAN_POINT('',(22.35,113.13382579064,32.8));
#7207 = LINE('',#7208,#7209);
#7208 = CARTESIAN_POINT('',(22.35,113.13382579064,32.8));
#7209 = VECTOR('',#7210,1.);
#7210 = DIRECTION('',(0.,0.,1.));
#7211 = ORIENTED_EDGE('',*,*,#7212,.F.);
#7212 = EDGE_CURVE('',#7174,#7205,#7213,.T.);
#7213 = LINE('',#7214,#7215);
#7214 = CARTESIAN_POINT('',(16.,109.46765158129,32.8));
#7215 = VECTOR('',#7216,1.);
#7216 = DIRECTION('',(0.866025403784,0.5,0.));
#7217 = PLANE('',#7218);
#7218 = AXIS2_PLACEMENT_3D('',#7219,#7220,#7221);
#7219 = CARTESIAN_POINT('',(16.,109.46765158129,32.8));
#7220 = DIRECTION('',(-0.5,0.866025403784,0.));
#7221 = DIRECTION('',(0.866025403784,0.5,0.));
#7222 = ADVANCED_FACE('',(#7223),#7239,.F.);
#7223 = FACE_BOUND('',#7224,.F.);
#7224 = EDGE_LOOP('',(#7225,#7226,#7232,#7233));
#7225 = ORIENTED_EDGE('',*,*,#7204,.T.);
#7226 = ORIENTED_EDGE('',*,*,#7227,.T.);
#7227 = EDGE_CURVE('',#7197,#7065,#7228,.T.);
#7228 = LINE('',#7229,#7230);
#7229 = CARTESIAN_POINT('',(22.35,113.13382579064,38.));
#7230 = VECTOR('',#7231,1.);
#7231 = DIRECTION('',(3.633945234111E-16,1.,0.));
#7232 = ORIENTED_EDGE('',*,*,#7062,.F.);
#7233 = ORIENTED_EDGE('',*,*,#7234,.F.);
#7234 = EDGE_CURVE('',#7205,#7063,#7235,.T.);
#7235 = LINE('',#7236,#7237);
#7236 = CARTESIAN_POINT('',(22.35,113.13382579064,32.8));
#7237 = VECTOR('',#7238,1.);
#7238 = DIRECTION('',(3.633945234111E-16,1.,0.));
#7239 = PLANE('',#7240);
#7240 = AXIS2_PLACEMENT_3D('',#7241,#7242,#7243);
#7241 = CARTESIAN_POINT('',(22.35,113.13382579064,32.8));
#7242 = DIRECTION('',(-1.,3.633945234111E-16,0.));
#7243 = DIRECTION('',(3.633945234111E-16,1.,0.));
#7244 = ADVANCED_FACE('',(#7245),#7253,.F.);
#7245 = FACE_BOUND('',#7246,.F.);
#7246 = EDGE_LOOP('',(#7247,#7248,#7249,#7250,#7251,#7252));
#7247 = ORIENTED_EDGE('',*,*,#7088,.T.);
#7248 = ORIENTED_EDGE('',*,*,#7119,.T.);
#7249 = ORIENTED_EDGE('',*,*,#7150,.T.);
#7250 = ORIENTED_EDGE('',*,*,#7181,.T.);
#7251 = ORIENTED_EDGE('',*,*,#7212,.T.);
#7252 = ORIENTED_EDGE('',*,*,#7234,.T.);
#7253 = PLANE('',#7254);
#7254 = AXIS2_PLACEMENT_3D('',#7255,#7256,#7257);
#7255 = CARTESIAN_POINT('',(16.,116.8,32.8));
#7256 = DIRECTION('',(0.,0.,1.));
#7257 = DIRECTION('',(1.,0.,0.));
#7258 = ADVANCED_FACE('',(#7259),#7267,.T.);
#7259 = FACE_BOUND('',#7260,.T.);
#7260 = EDGE_LOOP('',(#7261,#7262,#7263,#7264,#7265,#7266));
#7261 = ORIENTED_EDGE('',*,*,#7072,.T.);
#7262 = ORIENTED_EDGE('',*,*,#7103,.T.);
#7263 = ORIENTED_EDGE('',*,*,#7134,.T.);
#7264 = ORIENTED_EDGE('',*,*,#7165,.T.);
#7265 = ORIENTED_EDGE('',*,*,#7196,.T.);
#7266 = ORIENTED_EDGE('',*,*,#7227,.T.);
#7267 = PLANE('',#7268);
#7268 = AXIS2_PLACEMENT_3D('',#7269,#7270,#7271);
#7269 = CARTESIAN_POINT('',(16.,116.8,38.));
#7270 = DIRECTION('',(0.,0.,1.));
#7271 = DIRECTION('',(1.,0.,0.));
#7272 = MANIFOLD_SOLID_BREP('',#7273);
#7273 = CLOSED_SHELL('',(#7274,#7307,#7327,#7347));
#7274 = ADVANCED_FACE('',(#7275),#7302,.T.);
#7275 = FACE_BOUND('',#7276,.T.);
#7276 = EDGE_LOOP('',(#7277,#7286,#7294,#7301));
#7277 = ORIENTED_EDGE('',*,*,#7278,.F.);
#7278 = EDGE_CURVE('',#7279,#7279,#7281,.T.);
#7279 = VERTEX_POINT('',#7280);
#7280 = CARTESIAN_POINT('',(96.7,116.8,40.));
#7281 = CIRCLE('',#7282,11.1);
#7282 = AXIS2_PLACEMENT_3D('',#7283,#7284,#7285);
#7283 = CARTESIAN_POINT('',(85.6,116.8,40.));
#7284 = DIRECTION('',(0.,0.,1.));
#7285 = DIRECTION('',(1.,0.,0.));
#7286 = ORIENTED_EDGE('',*,*,#7287,.F.);
#7287 = EDGE_CURVE('',#7288,#7279,#7290,.T.);
#7288 = VERTEX_POINT('',#7289);
#7289 = CARTESIAN_POINT('',(96.7,116.8,38.));
#7290 = LINE('',#7291,#7292);
#7291 = CARTESIAN_POINT('',(96.7,116.8,38.));
#7292 = VECTOR('',#7293,1.);
#7293 = DIRECTION('',(0.,0.,1.));
#7294 = ORIENTED_EDGE('',*,*,#7295,.T.);
#7295 = EDGE_CURVE('',#7288,#7288,#7296,.T.);
#7296 = CIRCLE('',#7297,11.1);
#7297 = AXIS2_PLACEMENT_3D('',#7298,#7299,#7300);
#7298 = CARTESIAN_POINT('',(85.6,116.8,38.));
#7299 = DIRECTION('',(0.,0.,1.));
#7300 = DIRECTION('',(1.,0.,0.));
#7301 = ORIENTED_EDGE('',*,*,#7287,.T.);
#7302 = CYLINDRICAL_SURFACE('',#7303,11.1);
#7303 = AXIS2_PLACEMENT_3D('',#7304,#7305,#7306);
#7304 = CARTESIAN_POINT('',(85.6,116.8,38.));
#7305 = DIRECTION('',(0.,0.,1.));
#7306 = DIRECTION('',(1.,0.,0.));
#7307 = ADVANCED_FACE('',(#7308,#7311),#7322,.T.);
#7308 = FACE_BOUND('',#7309,.T.);
#7309 = EDGE_LOOP('',(#7310));
#7310 = ORIENTED_EDGE('',*,*,#7278,.T.);
#7311 = FACE_BOUND('',#7312,.T.);
#7312 = EDGE_LOOP('',(#7313));
#7313 = ORIENTED_EDGE('',*,*,#7314,.F.);
#7314 = EDGE_CURVE('',#7315,#7315,#7317,.T.);
#7315 = VERTEX_POINT('',#7316);
#7316 = CARTESIAN_POINT('',(89.8,116.8,40.));
#7317 = CIRCLE('',#7318,4.2);
#7318 = AXIS2_PLACEMENT_3D('',#7319,#7320,#7321);
#7319 = CARTESIAN_POINT('',(85.6,116.8,40.));
#7320 = DIRECTION('',(0.,0.,1.));
#7321 = DIRECTION('',(1.,0.,0.));
#7322 = PLANE('',#7323);
#7323 = AXIS2_PLACEMENT_3D('',#7324,#7325,#7326);
#7324 = CARTESIAN_POINT('',(85.6,116.8,40.));
#7325 = DIRECTION('',(0.,0.,1.));
#7326 = DIRECTION('',(1.,0.,0.));
#7327 = ADVANCED_FACE('',(#7328,#7331),#7342,.F.);
#7328 = FACE_BOUND('',#7329,.F.);
#7329 = EDGE_LOOP('',(#7330));
#7330 = ORIENTED_EDGE('',*,*,#7295,.T.);
#7331 = FACE_BOUND('',#7332,.F.);
#7332 = EDGE_LOOP('',(#7333));
#7333 = ORIENTED_EDGE('',*,*,#7334,.F.);
#7334 = EDGE_CURVE('',#7335,#7335,#7337,.T.);
#7335 = VERTEX_POINT('',#7336);
#7336 = CARTESIAN_POINT('',(89.8,116.8,38.));
#7337 = CIRCLE('',#7338,4.2);
#7338 = AXIS2_PLACEMENT_3D('',#7339,#7340,#7341);
#7339 = CARTESIAN_POINT('',(85.6,116.8,38.));
#7340 = DIRECTION('',(0.,0.,1.));
#7341 = DIRECTION('',(1.,0.,0.));
#7342 = PLANE('',#7343);
#7343 = AXIS2_PLACEMENT_3D('',#7344,#7345,#7346);
#7344 = CARTESIAN_POINT('',(85.6,116.8,38.));
#7345 = DIRECTION('',(0.,0.,1.));
#7346 = DIRECTION('',(1.,0.,0.));
#7347 = ADVANCED_FACE('',(#7348),#7359,.F.);
#7348 = FACE_BOUND('',#7349,.F.);
#7349 = EDGE_LOOP('',(#7350,#7351,#7357,#7358));
#7350 = ORIENTED_EDGE('',*,*,#7314,.F.);
#7351 = ORIENTED_EDGE('',*,*,#7352,.F.);
#7352 = EDGE_CURVE('',#7335,#7315,#7353,.T.);
#7353 = LINE('',#7354,#7355);
#7354 = CARTESIAN_POINT('',(89.8,116.8,37.9));
#7355 = VECTOR('',#7356,1.);
#7356 = DIRECTION('',(0.,0.,1.));
#7357 = ORIENTED_EDGE('',*,*,#7334,.T.);
#7358 = ORIENTED_EDGE('',*,*,#7352,.T.);
#7359 = CYLINDRICAL_SURFACE('',#7360,4.2);
#7360 = AXIS2_PLACEMENT_3D('',#7361,#7362,#7363);
#7361 = CARTESIAN_POINT('',(85.6,116.8,37.9));
#7362 = DIRECTION('',(0.,0.,1.));
#7363 = DIRECTION('',(1.,0.,0.));
#7364 = MANIFOLD_SOLID_BREP('',#7365);
#7365 = CLOSED_SHELL('',(#7366,#7406,#7437,#7468,#7499,#7530,#7552,#7566
    ));
#7366 = ADVANCED_FACE('',(#7367),#7401,.F.);
#7367 = FACE_BOUND('',#7368,.F.);
#7368 = EDGE_LOOP('',(#7369,#7379,#7387,#7395));
#7369 = ORIENTED_EDGE('',*,*,#7370,.T.);
#7370 = EDGE_CURVE('',#7371,#7373,#7375,.T.);
#7371 = VERTEX_POINT('',#7372);
#7372 = CARTESIAN_POINT('',(91.95,120.46617420935,32.8));
#7373 = VERTEX_POINT('',#7374);
#7374 = CARTESIAN_POINT('',(91.95,120.46617420935,38.));
#7375 = LINE('',#7376,#7377);
#7376 = CARTESIAN_POINT('',(91.95,120.46617420935,32.8));
#7377 = VECTOR('',#7378,1.);
#7378 = DIRECTION('',(0.,0.,1.));
#7379 = ORIENTED_EDGE('',*,*,#7380,.T.);
#7380 = EDGE_CURVE('',#7373,#7381,#7383,.T.);
#7381 = VERTEX_POINT('',#7382);
#7382 = CARTESIAN_POINT('',(85.6,124.1323484187,38.));
#7383 = LINE('',#7384,#7385);
#7384 = CARTESIAN_POINT('',(91.95,120.46617420935,38.));
#7385 = VECTOR('',#7386,1.);
#7386 = DIRECTION('',(-0.866025403784,0.5,0.));
#7387 = ORIENTED_EDGE('',*,*,#7388,.F.);
#7388 = EDGE_CURVE('',#7389,#7381,#7391,.T.);
#7389 = VERTEX_POINT('',#7390);
#7390 = CARTESIAN_POINT('',(85.6,124.1323484187,32.8));
#7391 = LINE('',#7392,#7393);
#7392 = CARTESIAN_POINT('',(85.6,124.1323484187,32.8));
#7393 = VECTOR('',#7394,1.);
#7394 = DIRECTION('',(0.,0.,1.));
#7395 = ORIENTED_EDGE('',*,*,#7396,.F.);
#7396 = EDGE_CURVE('',#7371,#7389,#7397,.T.);
#7397 = LINE('',#7398,#7399);
#7398 = CARTESIAN_POINT('',(91.95,120.46617420935,32.8));
#7399 = VECTOR('',#7400,1.);
#7400 = DIRECTION('',(-0.866025403784,0.5,0.));
#7401 = PLANE('',#7402);
#7402 = AXIS2_PLACEMENT_3D('',#7403,#7404,#7405);
#7403 = CARTESIAN_POINT('',(91.95,120.46617420935,32.8));
#7404 = DIRECTION('',(-0.5,-0.866025403784,0.));
#7405 = DIRECTION('',(-0.866025403784,0.5,0.));
#7406 = ADVANCED_FACE('',(#7407),#7432,.F.);
#7407 = FACE_BOUND('',#7408,.F.);
#7408 = EDGE_LOOP('',(#7409,#7410,#7418,#7426));
#7409 = ORIENTED_EDGE('',*,*,#7388,.T.);
#7410 = ORIENTED_EDGE('',*,*,#7411,.T.);
#7411 = EDGE_CURVE('',#7381,#7412,#7414,.T.);
#7412 = VERTEX_POINT('',#7413);
#7413 = CARTESIAN_POINT('',(79.25,120.46617420935,38.));
#7414 = LINE('',#7415,#7416);
#7415 = CARTESIAN_POINT('',(85.6,124.1323484187,38.));
#7416 = VECTOR('',#7417,1.);
#7417 = DIRECTION('',(-0.866025403784,-0.5,0.));
#7418 = ORIENTED_EDGE('',*,*,#7419,.F.);
#7419 = EDGE_CURVE('',#7420,#7412,#7422,.T.);
#7420 = VERTEX_POINT('',#7421);
#7421 = CARTESIAN_POINT('',(79.25,120.46617420935,32.8));
#7422 = LINE('',#7423,#7424);
#7423 = CARTESIAN_POINT('',(79.25,120.46617420935,32.8));
#7424 = VECTOR('',#7425,1.);
#7425 = DIRECTION('',(0.,0.,1.));
#7426 = ORIENTED_EDGE('',*,*,#7427,.F.);
#7427 = EDGE_CURVE('',#7389,#7420,#7428,.T.);
#7428 = LINE('',#7429,#7430);
#7429 = CARTESIAN_POINT('',(85.6,124.1323484187,32.8));
#7430 = VECTOR('',#7431,1.);
#7431 = DIRECTION('',(-0.866025403784,-0.5,0.));
#7432 = PLANE('',#7433);
#7433 = AXIS2_PLACEMENT_3D('',#7434,#7435,#7436);
#7434 = CARTESIAN_POINT('',(85.6,124.1323484187,32.8));
#7435 = DIRECTION('',(0.5,-0.866025403784,0.));
#7436 = DIRECTION('',(-0.866025403784,-0.5,0.));
#7437 = ADVANCED_FACE('',(#7438),#7463,.F.);
#7438 = FACE_BOUND('',#7439,.F.);
#7439 = EDGE_LOOP('',(#7440,#7441,#7449,#7457));
#7440 = ORIENTED_EDGE('',*,*,#7419,.T.);
#7441 = ORIENTED_EDGE('',*,*,#7442,.T.);
#7442 = EDGE_CURVE('',#7412,#7443,#7445,.T.);
#7443 = VERTEX_POINT('',#7444);
#7444 = CARTESIAN_POINT('',(79.25,113.13382579064,38.));
#7445 = LINE('',#7446,#7447);
#7446 = CARTESIAN_POINT('',(79.25,120.46617420935,38.));
#7447 = VECTOR('',#7448,1.);
#7448 = DIRECTION('',(1.211315078037E-16,-1.,0.));
#7449 = ORIENTED_EDGE('',*,*,#7450,.F.);
#7450 = EDGE_CURVE('',#7451,#7443,#7453,.T.);
#7451 = VERTEX_POINT('',#7452);
#7452 = CARTESIAN_POINT('',(79.25,113.13382579064,32.8));
#7453 = LINE('',#7454,#7455);
#7454 = CARTESIAN_POINT('',(79.25,113.13382579064,32.8));
#7455 = VECTOR('',#7456,1.);
#7456 = DIRECTION('',(0.,0.,1.));
#7457 = ORIENTED_EDGE('',*,*,#7458,.F.);
#7458 = EDGE_CURVE('',#7420,#7451,#7459,.T.);
#7459 = LINE('',#7460,#7461);
#7460 = CARTESIAN_POINT('',(79.25,120.46617420935,32.8));
#7461 = VECTOR('',#7462,1.);
#7462 = DIRECTION('',(1.211315078037E-16,-1.,0.));
#7463 = PLANE('',#7464);
#7464 = AXIS2_PLACEMENT_3D('',#7465,#7466,#7467);
#7465 = CARTESIAN_POINT('',(79.25,120.46617420935,32.8));
#7466 = DIRECTION('',(1.,1.211315078037E-16,0.));
#7467 = DIRECTION('',(1.211315078037E-16,-1.,0.));
#7468 = ADVANCED_FACE('',(#7469),#7494,.F.);
#7469 = FACE_BOUND('',#7470,.F.);
#7470 = EDGE_LOOP('',(#7471,#7472,#7480,#7488));
#7471 = ORIENTED_EDGE('',*,*,#7450,.T.);
#7472 = ORIENTED_EDGE('',*,*,#7473,.T.);
#7473 = EDGE_CURVE('',#7443,#7474,#7476,.T.);
#7474 = VERTEX_POINT('',#7475);
#7475 = CARTESIAN_POINT('',(85.6,109.46765158129,38.));
#7476 = LINE('',#7477,#7478);
#7477 = CARTESIAN_POINT('',(79.25,113.13382579064,38.));
#7478 = VECTOR('',#7479,1.);
#7479 = DIRECTION('',(0.866025403784,-0.5,0.));
#7480 = ORIENTED_EDGE('',*,*,#7481,.F.);
#7481 = EDGE_CURVE('',#7482,#7474,#7484,.T.);
#7482 = VERTEX_POINT('',#7483);
#7483 = CARTESIAN_POINT('',(85.6,109.46765158129,32.8));
#7484 = LINE('',#7485,#7486);
#7485 = CARTESIAN_POINT('',(85.6,109.46765158129,32.8));
#7486 = VECTOR('',#7487,1.);
#7487 = DIRECTION('',(0.,0.,1.));
#7488 = ORIENTED_EDGE('',*,*,#7489,.F.);
#7489 = EDGE_CURVE('',#7451,#7482,#7490,.T.);
#7490 = LINE('',#7491,#7492);
#7491 = CARTESIAN_POINT('',(79.25,113.13382579064,32.8));
#7492 = VECTOR('',#7493,1.);
#7493 = DIRECTION('',(0.866025403784,-0.5,0.));
#7494 = PLANE('',#7495);
#7495 = AXIS2_PLACEMENT_3D('',#7496,#7497,#7498);
#7496 = CARTESIAN_POINT('',(79.25,113.13382579064,32.8));
#7497 = DIRECTION('',(0.5,0.866025403784,0.));
#7498 = DIRECTION('',(0.866025403784,-0.5,0.));
#7499 = ADVANCED_FACE('',(#7500),#7525,.F.);
#7500 = FACE_BOUND('',#7501,.F.);
#7501 = EDGE_LOOP('',(#7502,#7503,#7511,#7519));
#7502 = ORIENTED_EDGE('',*,*,#7481,.T.);
#7503 = ORIENTED_EDGE('',*,*,#7504,.T.);
#7504 = EDGE_CURVE('',#7474,#7505,#7507,.T.);
#7505 = VERTEX_POINT('',#7506);
#7506 = CARTESIAN_POINT('',(91.95,113.13382579064,38.));
#7507 = LINE('',#7508,#7509);
#7508 = CARTESIAN_POINT('',(85.6,109.46765158129,38.));
#7509 = VECTOR('',#7510,1.);
#7510 = DIRECTION('',(0.866025403784,0.5,0.));
#7511 = ORIENTED_EDGE('',*,*,#7512,.F.);
#7512 = EDGE_CURVE('',#7513,#7505,#7515,.T.);
#7513 = VERTEX_POINT('',#7514);
#7514 = CARTESIAN_POINT('',(91.95,113.13382579064,32.8));
#7515 = LINE('',#7516,#7517);
#7516 = CARTESIAN_POINT('',(91.95,113.13382579064,32.8));
#7517 = VECTOR('',#7518,1.);
#7518 = DIRECTION('',(0.,0.,1.));
#7519 = ORIENTED_EDGE('',*,*,#7520,.F.);
#7520 = EDGE_CURVE('',#7482,#7513,#7521,.T.);
#7521 = LINE('',#7522,#7523);
#7522 = CARTESIAN_POINT('',(85.6,109.46765158129,32.8));
#7523 = VECTOR('',#7524,1.);
#7524 = DIRECTION('',(0.866025403784,0.5,0.));
#7525 = PLANE('',#7526);
#7526 = AXIS2_PLACEMENT_3D('',#7527,#7528,#7529);
#7527 = CARTESIAN_POINT('',(85.6,109.46765158129,32.8));
#7528 = DIRECTION('',(-0.5,0.866025403784,0.));
#7529 = DIRECTION('',(0.866025403784,0.5,0.));
#7530 = ADVANCED_FACE('',(#7531),#7547,.F.);
#7531 = FACE_BOUND('',#7532,.F.);
#7532 = EDGE_LOOP('',(#7533,#7534,#7540,#7541));
#7533 = ORIENTED_EDGE('',*,*,#7512,.T.);
#7534 = ORIENTED_EDGE('',*,*,#7535,.T.);
#7535 = EDGE_CURVE('',#7505,#7373,#7536,.T.);
#7536 = LINE('',#7537,#7538);
#7537 = CARTESIAN_POINT('',(91.95,113.13382579064,38.));
#7538 = VECTOR('',#7539,1.);
#7539 = DIRECTION('',(3.633945234111E-16,1.,0.));
#7540 = ORIENTED_EDGE('',*,*,#7370,.F.);
#7541 = ORIENTED_EDGE('',*,*,#7542,.F.);
#7542 = EDGE_CURVE('',#7513,#7371,#7543,.T.);
#7543 = LINE('',#7544,#7545);
#7544 = CARTESIAN_POINT('',(91.95,113.13382579064,32.8));
#7545 = VECTOR('',#7546,1.);
#7546 = DIRECTION('',(3.633945234111E-16,1.,0.));
#7547 = PLANE('',#7548);
#7548 = AXIS2_PLACEMENT_3D('',#7549,#7550,#7551);
#7549 = CARTESIAN_POINT('',(91.95,113.13382579064,32.8));
#7550 = DIRECTION('',(-1.,3.633945234111E-16,0.));
#7551 = DIRECTION('',(3.633945234111E-16,1.,0.));
#7552 = ADVANCED_FACE('',(#7553),#7561,.F.);
#7553 = FACE_BOUND('',#7554,.F.);
#7554 = EDGE_LOOP('',(#7555,#7556,#7557,#7558,#7559,#7560));
#7555 = ORIENTED_EDGE('',*,*,#7396,.T.);
#7556 = ORIENTED_EDGE('',*,*,#7427,.T.);
#7557 = ORIENTED_EDGE('',*,*,#7458,.T.);
#7558 = ORIENTED_EDGE('',*,*,#7489,.T.);
#7559 = ORIENTED_EDGE('',*,*,#7520,.T.);
#7560 = ORIENTED_EDGE('',*,*,#7542,.T.);
#7561 = PLANE('',#7562);
#7562 = AXIS2_PLACEMENT_3D('',#7563,#7564,#7565);
#7563 = CARTESIAN_POINT('',(85.6,116.8,32.8));
#7564 = DIRECTION('',(0.,0.,1.));
#7565 = DIRECTION('',(1.,0.,0.));
#7566 = ADVANCED_FACE('',(#7567),#7575,.T.);
#7567 = FACE_BOUND('',#7568,.T.);
#7568 = EDGE_LOOP('',(#7569,#7570,#7571,#7572,#7573,#7574));
#7569 = ORIENTED_EDGE('',*,*,#7380,.T.);
#7570 = ORIENTED_EDGE('',*,*,#7411,.T.);
#7571 = ORIENTED_EDGE('',*,*,#7442,.T.);
#7572 = ORIENTED_EDGE('',*,*,#7473,.T.);
#7573 = ORIENTED_EDGE('',*,*,#7504,.T.);
#7574 = ORIENTED_EDGE('',*,*,#7535,.T.);
#7575 = PLANE('',#7576);
#7576 = AXIS2_PLACEMENT_3D('',#7577,#7578,#7579);
#7577 = CARTESIAN_POINT('',(85.6,116.8,38.));
#7578 = DIRECTION('',(0.,0.,1.));
#7579 = DIRECTION('',(1.,0.,0.));
#7580 = MANIFOLD_SOLID_BREP('',#7581);
#7581 = CLOSED_SHELL('',(#7582,#7615,#7635,#7655));
#7582 = ADVANCED_FACE('',(#7583),#7610,.T.);
#7583 = FACE_BOUND('',#7584,.T.);
#7584 = EDGE_LOOP('',(#7585,#7594,#7602,#7609));
#7585 = ORIENTED_EDGE('',*,*,#7586,.F.);
#7586 = EDGE_CURVE('',#7587,#7587,#7589,.T.);
#7587 = VERTEX_POINT('',#7588);
#7588 = CARTESIAN_POINT('',(22.35,135.6,40.));
#7589 = CIRCLE('',#7590,6.35);
#7590 = AXIS2_PLACEMENT_3D('',#7591,#7592,#7593);
#7591 = CARTESIAN_POINT('',(16.,135.6,40.));
#7592 = DIRECTION('',(0.,0.,1.));
#7593 = DIRECTION('',(1.,0.,0.));
#7594 = ORIENTED_EDGE('',*,*,#7595,.F.);
#7595 = EDGE_CURVE('',#7596,#7587,#7598,.T.);
#7596 = VERTEX_POINT('',#7597);
#7597 = CARTESIAN_POINT('',(22.35,135.6,38.8));
#7598 = LINE('',#7599,#7600);
#7599 = CARTESIAN_POINT('',(22.35,135.6,38.8));
#7600 = VECTOR('',#7601,1.);
#7601 = DIRECTION('',(0.,0.,1.));
#7602 = ORIENTED_EDGE('',*,*,#7603,.T.);
#7603 = EDGE_CURVE('',#7596,#7596,#7604,.T.);
#7604 = CIRCLE('',#7605,6.35);
#7605 = AXIS2_PLACEMENT_3D('',#7606,#7607,#7608);
#7606 = CARTESIAN_POINT('',(16.,135.6,38.8));
#7607 = DIRECTION('',(0.,0.,1.));
#7608 = DIRECTION('',(1.,0.,0.));
#7609 = ORIENTED_EDGE('',*,*,#7595,.T.);
#7610 = CYLINDRICAL_SURFACE('',#7611,6.35);
#7611 = AXIS2_PLACEMENT_3D('',#7612,#7613,#7614);
#7612 = CARTESIAN_POINT('',(16.,135.6,38.8));
#7613 = DIRECTION('',(0.,0.,1.));
#7614 = DIRECTION('',(1.,0.,0.));
#7615 = ADVANCED_FACE('',(#7616,#7619),#7630,.T.);
#7616 = FACE_BOUND('',#7617,.T.);
#7617 = EDGE_LOOP('',(#7618));
#7618 = ORIENTED_EDGE('',*,*,#7586,.T.);
#7619 = FACE_BOUND('',#7620,.T.);
#7620 = EDGE_LOOP('',(#7621));
#7621 = ORIENTED_EDGE('',*,*,#7622,.F.);
#7622 = EDGE_CURVE('',#7623,#7623,#7625,.T.);
#7623 = VERTEX_POINT('',#7624);
#7624 = CARTESIAN_POINT('',(18.5,135.6,40.));
#7625 = CIRCLE('',#7626,2.5);
#7626 = AXIS2_PLACEMENT_3D('',#7627,#7628,#7629);
#7627 = CARTESIAN_POINT('',(16.,135.6,40.));
#7628 = DIRECTION('',(0.,0.,1.));
#7629 = DIRECTION('',(1.,0.,0.));
#7630 = PLANE('',#7631);
#7631 = AXIS2_PLACEMENT_3D('',#7632,#7633,#7634);
#7632 = CARTESIAN_POINT('',(16.,135.6,40.));
#7633 = DIRECTION('',(0.,0.,1.));
#7634 = DIRECTION('',(1.,0.,0.));
#7635 = ADVANCED_FACE('',(#7636,#7639),#7650,.F.);
#7636 = FACE_BOUND('',#7637,.F.);
#7637 = EDGE_LOOP('',(#7638));
#7638 = ORIENTED_EDGE('',*,*,#7603,.T.);
#7639 = FACE_BOUND('',#7640,.F.);
#7640 = EDGE_LOOP('',(#7641));
#7641 = ORIENTED_EDGE('',*,*,#7642,.F.);
#7642 = EDGE_CURVE('',#7643,#7643,#7645,.T.);
#7643 = VERTEX_POINT('',#7644);
#7644 = CARTESIAN_POINT('',(18.5,135.6,38.8));
#7645 = CIRCLE('',#7646,2.5);
#7646 = AXIS2_PLACEMENT_3D('',#7647,#7648,#7649);
#7647 = CARTESIAN_POINT('',(16.,135.6,38.8));
#7648 = DIRECTION('',(0.,0.,1.));
#7649 = DIRECTION('',(1.,0.,0.));
#7650 = PLANE('',#7651);
#7651 = AXIS2_PLACEMENT_3D('',#7652,#7653,#7654);
#7652 = CARTESIAN_POINT('',(16.,135.6,38.8));
#7653 = DIRECTION('',(0.,0.,1.));
#7654 = DIRECTION('',(1.,0.,0.));
#7655 = ADVANCED_FACE('',(#7656),#7667,.F.);
#7656 = FACE_BOUND('',#7657,.F.);
#7657 = EDGE_LOOP('',(#7658,#7659,#7665,#7666));
#7658 = ORIENTED_EDGE('',*,*,#7622,.F.);
#7659 = ORIENTED_EDGE('',*,*,#7660,.F.);
#7660 = EDGE_CURVE('',#7643,#7623,#7661,.T.);
#7661 = LINE('',#7662,#7663);
#7662 = CARTESIAN_POINT('',(18.5,135.6,38.7));
#7663 = VECTOR('',#7664,1.);
#7664 = DIRECTION('',(0.,0.,1.));
#7665 = ORIENTED_EDGE('',*,*,#7642,.T.);
#7666 = ORIENTED_EDGE('',*,*,#7660,.T.);
#7667 = CYLINDRICAL_SURFACE('',#7668,2.5);
#7668 = AXIS2_PLACEMENT_3D('',#7669,#7670,#7671);
#7669 = CARTESIAN_POINT('',(16.,135.6,38.7));
#7670 = DIRECTION('',(0.,0.,1.));
#7671 = DIRECTION('',(1.,0.,0.));
#7672 = MANIFOLD_SOLID_BREP('',#7673);
#7673 = CLOSED_SHELL('',(#7674,#7714,#7745,#7776,#7807,#7838,#7860,#7874
    ));
#7674 = ADVANCED_FACE('',(#7675),#7709,.F.);
#7675 = FACE_BOUND('',#7676,.F.);
#7676 = EDGE_LOOP('',(#7677,#7687,#7695,#7703));
#7677 = ORIENTED_EDGE('',*,*,#7678,.T.);
#7678 = EDGE_CURVE('',#7679,#7681,#7683,.T.);
#7679 = VERTEX_POINT('',#7680);
#7680 = CARTESIAN_POINT('',(20.765,138.35107403268,35.6));
#7681 = VERTEX_POINT('',#7682);
#7682 = CARTESIAN_POINT('',(20.765,138.35107403268,38.8));
#7683 = LINE('',#7684,#7685);
#7684 = CARTESIAN_POINT('',(20.765,138.35107403268,35.6));
#7685 = VECTOR('',#7686,1.);
#7686 = DIRECTION('',(0.,0.,1.));
#7687 = ORIENTED_EDGE('',*,*,#7688,.T.);
#7688 = EDGE_CURVE('',#7681,#7689,#7691,.T.);
#7689 = VERTEX_POINT('',#7690);
#7690 = CARTESIAN_POINT('',(16.,141.10214806537,38.8));
#7691 = LINE('',#7692,#7693);
#7692 = CARTESIAN_POINT('',(20.765,138.35107403268,38.8));
#7693 = VECTOR('',#7694,1.);
#7694 = DIRECTION('',(-0.866025403784,0.5,0.));
#7695 = ORIENTED_EDGE('',*,*,#7696,.F.);
#7696 = EDGE_CURVE('',#7697,#7689,#7699,.T.);
#7697 = VERTEX_POINT('',#7698);
#7698 = CARTESIAN_POINT('',(16.,141.10214806537,35.6));
#7699 = LINE('',#7700,#7701);
#7700 = CARTESIAN_POINT('',(16.,141.10214806537,35.6));
#7701 = VECTOR('',#7702,1.);
#7702 = DIRECTION('',(0.,0.,1.));
#7703 = ORIENTED_EDGE('',*,*,#7704,.F.);
#7704 = EDGE_CURVE('',#7679,#7697,#7705,.T.);
#7705 = LINE('',#7706,#7707);
#7706 = CARTESIAN_POINT('',(20.765,138.35107403268,35.6));
#7707 = VECTOR('',#7708,1.);
#7708 = DIRECTION('',(-0.866025403784,0.5,0.));
#7709 = PLANE('',#7710);
#7710 = AXIS2_PLACEMENT_3D('',#7711,#7712,#7713);
#7711 = CARTESIAN_POINT('',(20.765,138.35107403268,35.6));
#7712 = DIRECTION('',(-0.5,-0.866025403784,0.));
#7713 = DIRECTION('',(-0.866025403784,0.5,0.));
#7714 = ADVANCED_FACE('',(#7715),#7740,.F.);
#7715 = FACE_BOUND('',#7716,.F.);
#7716 = EDGE_LOOP('',(#7717,#7718,#7726,#7734));
#7717 = ORIENTED_EDGE('',*,*,#7696,.T.);
#7718 = ORIENTED_EDGE('',*,*,#7719,.T.);
#7719 = EDGE_CURVE('',#7689,#7720,#7722,.T.);
#7720 = VERTEX_POINT('',#7721);
#7721 = CARTESIAN_POINT('',(11.235,138.35107403268,38.8));
#7722 = LINE('',#7723,#7724);
#7723 = CARTESIAN_POINT('',(16.,141.10214806537,38.8));
#7724 = VECTOR('',#7725,1.);
#7725 = DIRECTION('',(-0.866025403784,-0.5,0.));
#7726 = ORIENTED_EDGE('',*,*,#7727,.F.);
#7727 = EDGE_CURVE('',#7728,#7720,#7730,.T.);
#7728 = VERTEX_POINT('',#7729);
#7729 = CARTESIAN_POINT('',(11.235,138.35107403268,35.6));
#7730 = LINE('',#7731,#7732);
#7731 = CARTESIAN_POINT('',(11.235,138.35107403268,35.6));
#7732 = VECTOR('',#7733,1.);
#7733 = DIRECTION('',(0.,0.,1.));
#7734 = ORIENTED_EDGE('',*,*,#7735,.F.);
#7735 = EDGE_CURVE('',#7697,#7728,#7736,.T.);
#7736 = LINE('',#7737,#7738);
#7737 = CARTESIAN_POINT('',(16.,141.10214806537,35.6));
#7738 = VECTOR('',#7739,1.);
#7739 = DIRECTION('',(-0.866025403784,-0.5,0.));
#7740 = PLANE('',#7741);
#7741 = AXIS2_PLACEMENT_3D('',#7742,#7743,#7744);
#7742 = CARTESIAN_POINT('',(16.,141.10214806537,35.6));
#7743 = DIRECTION('',(0.5,-0.866025403784,0.));
#7744 = DIRECTION('',(-0.866025403784,-0.5,0.));
#7745 = ADVANCED_FACE('',(#7746),#7771,.F.);
#7746 = FACE_BOUND('',#7747,.F.);
#7747 = EDGE_LOOP('',(#7748,#7749,#7757,#7765));
#7748 = ORIENTED_EDGE('',*,*,#7727,.T.);
#7749 = ORIENTED_EDGE('',*,*,#7750,.T.);
#7750 = EDGE_CURVE('',#7720,#7751,#7753,.T.);
#7751 = VERTEX_POINT('',#7752);
#7752 = CARTESIAN_POINT('',(11.235,132.84892596731,38.8));
#7753 = LINE('',#7754,#7755);
#7754 = CARTESIAN_POINT('',(11.235,138.35107403268,38.8));
#7755 = VECTOR('',#7756,1.);
#7756 = DIRECTION('',(0.,-1.,0.));
#7757 = ORIENTED_EDGE('',*,*,#7758,.F.);
#7758 = EDGE_CURVE('',#7759,#7751,#7761,.T.);
#7759 = VERTEX_POINT('',#7760);
#7760 = CARTESIAN_POINT('',(11.235,132.84892596731,35.6));
#7761 = LINE('',#7762,#7763);
#7762 = CARTESIAN_POINT('',(11.235,132.84892596731,35.6));
#7763 = VECTOR('',#7764,1.);
#7764 = DIRECTION('',(0.,0.,1.));
#7765 = ORIENTED_EDGE('',*,*,#7766,.F.);
#7766 = EDGE_CURVE('',#7728,#7759,#7767,.T.);
#7767 = LINE('',#7768,#7769);
#7768 = CARTESIAN_POINT('',(11.235,138.35107403268,35.6));
#7769 = VECTOR('',#7770,1.);
#7770 = DIRECTION('',(0.,-1.,0.));
#7771 = PLANE('',#7772);
#7772 = AXIS2_PLACEMENT_3D('',#7773,#7774,#7775);
#7773 = CARTESIAN_POINT('',(11.235,138.35107403268,35.6));
#7774 = DIRECTION('',(1.,0.,0.));
#7775 = DIRECTION('',(0.,-1.,0.));
#7776 = ADVANCED_FACE('',(#7777),#7802,.F.);
#7777 = FACE_BOUND('',#7778,.F.);
#7778 = EDGE_LOOP('',(#7779,#7780,#7788,#7796));
#7779 = ORIENTED_EDGE('',*,*,#7758,.T.);
#7780 = ORIENTED_EDGE('',*,*,#7781,.T.);
#7781 = EDGE_CURVE('',#7751,#7782,#7784,.T.);
#7782 = VERTEX_POINT('',#7783);
#7783 = CARTESIAN_POINT('',(16.,130.09785193462,38.8));
#7784 = LINE('',#7785,#7786);
#7785 = CARTESIAN_POINT('',(11.235,132.84892596731,38.8));
#7786 = VECTOR('',#7787,1.);
#7787 = DIRECTION('',(0.866025403784,-0.5,0.));
#7788 = ORIENTED_EDGE('',*,*,#7789,.F.);
#7789 = EDGE_CURVE('',#7790,#7782,#7792,.T.);
#7790 = VERTEX_POINT('',#7791);
#7791 = CARTESIAN_POINT('',(16.,130.09785193462,35.6));
#7792 = LINE('',#7793,#7794);
#7793 = CARTESIAN_POINT('',(16.,130.09785193462,35.6));
#7794 = VECTOR('',#7795,1.);
#7795 = DIRECTION('',(0.,0.,1.));
#7796 = ORIENTED_EDGE('',*,*,#7797,.F.);
#7797 = EDGE_CURVE('',#7759,#7790,#7798,.T.);
#7798 = LINE('',#7799,#7800);
#7799 = CARTESIAN_POINT('',(11.235,132.84892596731,35.6));
#7800 = VECTOR('',#7801,1.);
#7801 = DIRECTION('',(0.866025403784,-0.5,0.));
#7802 = PLANE('',#7803);
#7803 = AXIS2_PLACEMENT_3D('',#7804,#7805,#7806);
#7804 = CARTESIAN_POINT('',(11.235,132.84892596731,35.6));
#7805 = DIRECTION('',(0.5,0.866025403784,0.));
#7806 = DIRECTION('',(0.866025403784,-0.5,0.));
#7807 = ADVANCED_FACE('',(#7808),#7833,.F.);
#7808 = FACE_BOUND('',#7809,.F.);
#7809 = EDGE_LOOP('',(#7810,#7811,#7819,#7827));
#7810 = ORIENTED_EDGE('',*,*,#7789,.T.);
#7811 = ORIENTED_EDGE('',*,*,#7812,.T.);
#7812 = EDGE_CURVE('',#7782,#7813,#7815,.T.);
#7813 = VERTEX_POINT('',#7814);
#7814 = CARTESIAN_POINT('',(20.765,132.84892596731,38.8));
#7815 = LINE('',#7816,#7817);
#7816 = CARTESIAN_POINT('',(16.,130.09785193462,38.8));
#7817 = VECTOR('',#7818,1.);
#7818 = DIRECTION('',(0.866025403784,0.5,0.));
#7819 = ORIENTED_EDGE('',*,*,#7820,.F.);
#7820 = EDGE_CURVE('',#7821,#7813,#7823,.T.);
#7821 = VERTEX_POINT('',#7822);
#7822 = CARTESIAN_POINT('',(20.765,132.84892596731,35.6));
#7823 = LINE('',#7824,#7825);
#7824 = CARTESIAN_POINT('',(20.765,132.84892596731,35.6));
#7825 = VECTOR('',#7826,1.);
#7826 = DIRECTION('',(0.,0.,1.));
#7827 = ORIENTED_EDGE('',*,*,#7828,.F.);
#7828 = EDGE_CURVE('',#7790,#7821,#7829,.T.);
#7829 = LINE('',#7830,#7831);
#7830 = CARTESIAN_POINT('',(16.,130.09785193462,35.6));
#7831 = VECTOR('',#7832,1.);
#7832 = DIRECTION('',(0.866025403784,0.5,0.));
#7833 = PLANE('',#7834);
#7834 = AXIS2_PLACEMENT_3D('',#7835,#7836,#7837);
#7835 = CARTESIAN_POINT('',(16.,130.09785193462,35.6));
#7836 = DIRECTION('',(-0.5,0.866025403784,0.));
#7837 = DIRECTION('',(0.866025403784,0.5,0.));
#7838 = ADVANCED_FACE('',(#7839),#7855,.F.);
#7839 = FACE_BOUND('',#7840,.F.);
#7840 = EDGE_LOOP('',(#7841,#7842,#7848,#7849));
#7841 = ORIENTED_EDGE('',*,*,#7820,.T.);
#7842 = ORIENTED_EDGE('',*,*,#7843,.T.);
#7843 = EDGE_CURVE('',#7813,#7681,#7844,.T.);
#7844 = LINE('',#7845,#7846);
#7845 = CARTESIAN_POINT('',(20.765,132.84892596731,38.8));
#7846 = VECTOR('',#7847,1.);
#7847 = DIRECTION('',(3.228478801903E-16,1.,0.));
#7848 = ORIENTED_EDGE('',*,*,#7678,.F.);
#7849 = ORIENTED_EDGE('',*,*,#7850,.F.);
#7850 = EDGE_CURVE('',#7821,#7679,#7851,.T.);
#7851 = LINE('',#7852,#7853);
#7852 = CARTESIAN_POINT('',(20.765,132.84892596731,35.6));
#7853 = VECTOR('',#7854,1.);
#7854 = DIRECTION('',(3.228478801903E-16,1.,0.));
#7855 = PLANE('',#7856);
#7856 = AXIS2_PLACEMENT_3D('',#7857,#7858,#7859);
#7857 = CARTESIAN_POINT('',(20.765,132.84892596731,35.6));
#7858 = DIRECTION('',(-1.,3.228478801903E-16,0.));
#7859 = DIRECTION('',(3.228478801903E-16,1.,0.));
#7860 = ADVANCED_FACE('',(#7861),#7869,.F.);
#7861 = FACE_BOUND('',#7862,.F.);
#7862 = EDGE_LOOP('',(#7863,#7864,#7865,#7866,#7867,#7868));
#7863 = ORIENTED_EDGE('',*,*,#7704,.T.);
#7864 = ORIENTED_EDGE('',*,*,#7735,.T.);
#7865 = ORIENTED_EDGE('',*,*,#7766,.T.);
#7866 = ORIENTED_EDGE('',*,*,#7797,.T.);
#7867 = ORIENTED_EDGE('',*,*,#7828,.T.);
#7868 = ORIENTED_EDGE('',*,*,#7850,.T.);
#7869 = PLANE('',#7870);
#7870 = AXIS2_PLACEMENT_3D('',#7871,#7872,#7873);
#7871 = CARTESIAN_POINT('',(16.,135.6,35.6));
#7872 = DIRECTION('',(0.,0.,1.));
#7873 = DIRECTION('',(1.,0.,0.));
#7874 = ADVANCED_FACE('',(#7875),#7883,.T.);
#7875 = FACE_BOUND('',#7876,.T.);
#7876 = EDGE_LOOP('',(#7877,#7878,#7879,#7880,#7881,#7882));
#7877 = ORIENTED_EDGE('',*,*,#7688,.T.);
#7878 = ORIENTED_EDGE('',*,*,#7719,.T.);
#7879 = ORIENTED_EDGE('',*,*,#7750,.T.);
#7880 = ORIENTED_EDGE('',*,*,#7781,.T.);
#7881 = ORIENTED_EDGE('',*,*,#7812,.T.);
#7882 = ORIENTED_EDGE('',*,*,#7843,.T.);
#7883 = PLANE('',#7884);
#7884 = AXIS2_PLACEMENT_3D('',#7885,#7886,#7887);
#7885 = CARTESIAN_POINT('',(16.,135.6,38.8));
#7886 = DIRECTION('',(0.,0.,1.));
#7887 = DIRECTION('',(1.,0.,0.));
#7888 = MANIFOLD_SOLID_BREP('',#7889);
#7889 = CLOSED_SHELL('',(#7890,#7923,#7943,#7963));
#7890 = ADVANCED_FACE('',(#7891),#7918,.T.);
#7891 = FACE_BOUND('',#7892,.T.);
#7892 = EDGE_LOOP('',(#7893,#7902,#7910,#7917));
#7893 = ORIENTED_EDGE('',*,*,#7894,.F.);
#7894 = EDGE_CURVE('',#7895,#7895,#7897,.T.);
#7895 = VERTEX_POINT('',#7896);
#7896 = CARTESIAN_POINT('',(91.95,135.6,40.));
#7897 = CIRCLE('',#7898,6.35);
#7898 = AXIS2_PLACEMENT_3D('',#7899,#7900,#7901);
#7899 = CARTESIAN_POINT('',(85.6,135.6,40.));
#7900 = DIRECTION('',(0.,0.,1.));
#7901 = DIRECTION('',(1.,0.,0.));
#7902 = ORIENTED_EDGE('',*,*,#7903,.F.);
#7903 = EDGE_CURVE('',#7904,#7895,#7906,.T.);
#7904 = VERTEX_POINT('',#7905);
#7905 = CARTESIAN_POINT('',(91.95,135.6,38.8));
#7906 = LINE('',#7907,#7908);
#7907 = CARTESIAN_POINT('',(91.95,135.6,38.8));
#7908 = VECTOR('',#7909,1.);
#7909 = DIRECTION('',(0.,0.,1.));
#7910 = ORIENTED_EDGE('',*,*,#7911,.T.);
#7911 = EDGE_CURVE('',#7904,#7904,#7912,.T.);
#7912 = CIRCLE('',#7913,6.35);
#7913 = AXIS2_PLACEMENT_3D('',#7914,#7915,#7916);
#7914 = CARTESIAN_POINT('',(85.6,135.6,38.8));
#7915 = DIRECTION('',(0.,0.,1.));
#7916 = DIRECTION('',(1.,0.,0.));
#7917 = ORIENTED_EDGE('',*,*,#7903,.T.);
#7918 = CYLINDRICAL_SURFACE('',#7919,6.35);
#7919 = AXIS2_PLACEMENT_3D('',#7920,#7921,#7922);
#7920 = CARTESIAN_POINT('',(85.6,135.6,38.8));
#7921 = DIRECTION('',(0.,0.,1.));
#7922 = DIRECTION('',(1.,0.,0.));
#7923 = ADVANCED_FACE('',(#7924,#7927),#7938,.T.);
#7924 = FACE_BOUND('',#7925,.T.);
#7925 = EDGE_LOOP('',(#7926));
#7926 = ORIENTED_EDGE('',*,*,#7894,.T.);
#7927 = FACE_BOUND('',#7928,.T.);
#7928 = EDGE_LOOP('',(#7929));
#7929 = ORIENTED_EDGE('',*,*,#7930,.F.);
#7930 = EDGE_CURVE('',#7931,#7931,#7933,.T.);
#7931 = VERTEX_POINT('',#7932);
#7932 = CARTESIAN_POINT('',(88.1,135.6,40.));
#7933 = CIRCLE('',#7934,2.5);
#7934 = AXIS2_PLACEMENT_3D('',#7935,#7936,#7937);
#7935 = CARTESIAN_POINT('',(85.6,135.6,40.));
#7936 = DIRECTION('',(0.,0.,1.));
#7937 = DIRECTION('',(1.,0.,0.));
#7938 = PLANE('',#7939);
#7939 = AXIS2_PLACEMENT_3D('',#7940,#7941,#7942);
#7940 = CARTESIAN_POINT('',(85.6,135.6,40.));
#7941 = DIRECTION('',(0.,0.,1.));
#7942 = DIRECTION('',(1.,0.,0.));
#7943 = ADVANCED_FACE('',(#7944,#7947),#7958,.F.);
#7944 = FACE_BOUND('',#7945,.F.);
#7945 = EDGE_LOOP('',(#7946));
#7946 = ORIENTED_EDGE('',*,*,#7911,.T.);
#7947 = FACE_BOUND('',#7948,.F.);
#7948 = EDGE_LOOP('',(#7949));
#7949 = ORIENTED_EDGE('',*,*,#7950,.F.);
#7950 = EDGE_CURVE('',#7951,#7951,#7953,.T.);
#7951 = VERTEX_POINT('',#7952);
#7952 = CARTESIAN_POINT('',(88.1,135.6,38.8));
#7953 = CIRCLE('',#7954,2.5);
#7954 = AXIS2_PLACEMENT_3D('',#7955,#7956,#7957);
#7955 = CARTESIAN_POINT('',(85.6,135.6,38.8));
#7956 = DIRECTION('',(0.,0.,1.));
#7957 = DIRECTION('',(1.,0.,0.));
#7958 = PLANE('',#7959);
#7959 = AXIS2_PLACEMENT_3D('',#7960,#7961,#7962);
#7960 = CARTESIAN_POINT('',(85.6,135.6,38.8));
#7961 = DIRECTION('',(0.,0.,1.));
#7962 = DIRECTION('',(1.,0.,0.));
#7963 = ADVANCED_FACE('',(#7964),#7975,.F.);
#7964 = FACE_BOUND('',#7965,.F.);
#7965 = EDGE_LOOP('',(#7966,#7967,#7973,#7974));
#7966 = ORIENTED_EDGE('',*,*,#7930,.F.);
#7967 = ORIENTED_EDGE('',*,*,#7968,.F.);
#7968 = EDGE_CURVE('',#7951,#7931,#7969,.T.);
#7969 = LINE('',#7970,#7971);
#7970 = CARTESIAN_POINT('',(88.1,135.6,38.7));
#7971 = VECTOR('',#7972,1.);
#7972 = DIRECTION('',(0.,0.,1.));
#7973 = ORIENTED_EDGE('',*,*,#7950,.T.);
#7974 = ORIENTED_EDGE('',*,*,#7968,.T.);
#7975 = CYLINDRICAL_SURFACE('',#7976,2.5);
#7976 = AXIS2_PLACEMENT_3D('',#7977,#7978,#7979);
#7977 = CARTESIAN_POINT('',(85.6,135.6,38.7));
#7978 = DIRECTION('',(0.,0.,1.));
#7979 = DIRECTION('',(1.,0.,0.));
#7980 = MANIFOLD_SOLID_BREP('',#7981);
#7981 = CLOSED_SHELL('',(#7982,#8022,#8053,#8084,#8115,#8146,#8168,#8182
    ));
#7982 = ADVANCED_FACE('',(#7983),#8017,.F.);
#7983 = FACE_BOUND('',#7984,.F.);
#7984 = EDGE_LOOP('',(#7985,#7995,#8003,#8011));
#7985 = ORIENTED_EDGE('',*,*,#7986,.T.);
#7986 = EDGE_CURVE('',#7987,#7989,#7991,.T.);
#7987 = VERTEX_POINT('',#7988);
#7988 = CARTESIAN_POINT('',(90.365,138.35107403268,35.6));
#7989 = VERTEX_POINT('',#7990);
#7990 = CARTESIAN_POINT('',(90.365,138.35107403268,38.8));
#7991 = LINE('',#7992,#7993);
#7992 = CARTESIAN_POINT('',(90.365,138.35107403268,35.6));
#7993 = VECTOR('',#7994,1.);
#7994 = DIRECTION('',(0.,0.,1.));
#7995 = ORIENTED_EDGE('',*,*,#7996,.T.);
#7996 = EDGE_CURVE('',#7989,#7997,#7999,.T.);
#7997 = VERTEX_POINT('',#7998);
#7998 = CARTESIAN_POINT('',(85.6,141.10214806537,38.8));
#7999 = LINE('',#8000,#8001);
#8000 = CARTESIAN_POINT('',(90.365,138.35107403268,38.8));
#8001 = VECTOR('',#8002,1.);
#8002 = DIRECTION('',(-0.866025403784,0.5,0.));
#8003 = ORIENTED_EDGE('',*,*,#8004,.F.);
#8004 = EDGE_CURVE('',#8005,#7997,#8007,.T.);
#8005 = VERTEX_POINT('',#8006);
#8006 = CARTESIAN_POINT('',(85.6,141.10214806537,35.6));
#8007 = LINE('',#8008,#8009);
#8008 = CARTESIAN_POINT('',(85.6,141.10214806537,35.6));
#8009 = VECTOR('',#8010,1.);
#8010 = DIRECTION('',(0.,0.,1.));
#8011 = ORIENTED_EDGE('',*,*,#8012,.F.);
#8012 = EDGE_CURVE('',#7987,#8005,#8013,.T.);
#8013 = LINE('',#8014,#8015);
#8014 = CARTESIAN_POINT('',(90.365,138.35107403268,35.6));
#8015 = VECTOR('',#8016,1.);
#8016 = DIRECTION('',(-0.866025403784,0.5,0.));
#8017 = PLANE('',#8018);
#8018 = AXIS2_PLACEMENT_3D('',#8019,#8020,#8021);
#8019 = CARTESIAN_POINT('',(90.365,138.35107403268,35.6));
#8020 = DIRECTION('',(-0.5,-0.866025403784,0.));
#8021 = DIRECTION('',(-0.866025403784,0.5,0.));
#8022 = ADVANCED_FACE('',(#8023),#8048,.F.);
#8023 = FACE_BOUND('',#8024,.F.);
#8024 = EDGE_LOOP('',(#8025,#8026,#8034,#8042));
#8025 = ORIENTED_EDGE('',*,*,#8004,.T.);
#8026 = ORIENTED_EDGE('',*,*,#8027,.T.);
#8027 = EDGE_CURVE('',#7997,#8028,#8030,.T.);
#8028 = VERTEX_POINT('',#8029);
#8029 = CARTESIAN_POINT('',(80.835,138.35107403268,38.8));
#8030 = LINE('',#8031,#8032);
#8031 = CARTESIAN_POINT('',(85.6,141.10214806537,38.8));
#8032 = VECTOR('',#8033,1.);
#8033 = DIRECTION('',(-0.866025403784,-0.5,0.));
#8034 = ORIENTED_EDGE('',*,*,#8035,.F.);
#8035 = EDGE_CURVE('',#8036,#8028,#8038,.T.);
#8036 = VERTEX_POINT('',#8037);
#8037 = CARTESIAN_POINT('',(80.835,138.35107403268,35.6));
#8038 = LINE('',#8039,#8040);
#8039 = CARTESIAN_POINT('',(80.835,138.35107403268,35.6));
#8040 = VECTOR('',#8041,1.);
#8041 = DIRECTION('',(0.,0.,1.));
#8042 = ORIENTED_EDGE('',*,*,#8043,.F.);
#8043 = EDGE_CURVE('',#8005,#8036,#8044,.T.);
#8044 = LINE('',#8045,#8046);
#8045 = CARTESIAN_POINT('',(85.6,141.10214806537,35.6));
#8046 = VECTOR('',#8047,1.);
#8047 = DIRECTION('',(-0.866025403784,-0.5,0.));
#8048 = PLANE('',#8049);
#8049 = AXIS2_PLACEMENT_3D('',#8050,#8051,#8052);
#8050 = CARTESIAN_POINT('',(85.6,141.10214806537,35.6));
#8051 = DIRECTION('',(0.5,-0.866025403784,0.));
#8052 = DIRECTION('',(-0.866025403784,-0.5,0.));
#8053 = ADVANCED_FACE('',(#8054),#8079,.F.);
#8054 = FACE_BOUND('',#8055,.F.);
#8055 = EDGE_LOOP('',(#8056,#8057,#8065,#8073));
#8056 = ORIENTED_EDGE('',*,*,#8035,.T.);
#8057 = ORIENTED_EDGE('',*,*,#8058,.T.);
#8058 = EDGE_CURVE('',#8028,#8059,#8061,.T.);
#8059 = VERTEX_POINT('',#8060);
#8060 = CARTESIAN_POINT('',(80.835,132.84892596731,38.8));
#8061 = LINE('',#8062,#8063);
#8062 = CARTESIAN_POINT('',(80.835,138.35107403268,38.8));
#8063 = VECTOR('',#8064,1.);
#8064 = DIRECTION('',(0.,-1.,0.));
#8065 = ORIENTED_EDGE('',*,*,#8066,.F.);
#8066 = EDGE_CURVE('',#8067,#8059,#8069,.T.);
#8067 = VERTEX_POINT('',#8068);
#8068 = CARTESIAN_POINT('',(80.835,132.84892596731,35.6));
#8069 = LINE('',#8070,#8071);
#8070 = CARTESIAN_POINT('',(80.835,132.84892596731,35.6));
#8071 = VECTOR('',#8072,1.);
#8072 = DIRECTION('',(0.,0.,1.));
#8073 = ORIENTED_EDGE('',*,*,#8074,.F.);
#8074 = EDGE_CURVE('',#8036,#8067,#8075,.T.);
#8075 = LINE('',#8076,#8077);
#8076 = CARTESIAN_POINT('',(80.835,138.35107403268,35.6));
#8077 = VECTOR('',#8078,1.);
#8078 = DIRECTION('',(0.,-1.,0.));
#8079 = PLANE('',#8080);
#8080 = AXIS2_PLACEMENT_3D('',#8081,#8082,#8083);
#8081 = CARTESIAN_POINT('',(80.835,138.35107403268,35.6));
#8082 = DIRECTION('',(1.,0.,0.));
#8083 = DIRECTION('',(0.,-1.,0.));
#8084 = ADVANCED_FACE('',(#8085),#8110,.F.);
#8085 = FACE_BOUND('',#8086,.F.);
#8086 = EDGE_LOOP('',(#8087,#8088,#8096,#8104));
#8087 = ORIENTED_EDGE('',*,*,#8066,.T.);
#8088 = ORIENTED_EDGE('',*,*,#8089,.T.);
#8089 = EDGE_CURVE('',#8059,#8090,#8092,.T.);
#8090 = VERTEX_POINT('',#8091);
#8091 = CARTESIAN_POINT('',(85.6,130.09785193462,38.8));
#8092 = LINE('',#8093,#8094);
#8093 = CARTESIAN_POINT('',(80.835,132.84892596731,38.8));
#8094 = VECTOR('',#8095,1.);
#8095 = DIRECTION('',(0.866025403784,-0.5,0.));
#8096 = ORIENTED_EDGE('',*,*,#8097,.F.);
#8097 = EDGE_CURVE('',#8098,#8090,#8100,.T.);
#8098 = VERTEX_POINT('',#8099);
#8099 = CARTESIAN_POINT('',(85.6,130.09785193462,35.6));
#8100 = LINE('',#8101,#8102);
#8101 = CARTESIAN_POINT('',(85.6,130.09785193462,35.6));
#8102 = VECTOR('',#8103,1.);
#8103 = DIRECTION('',(0.,0.,1.));
#8104 = ORIENTED_EDGE('',*,*,#8105,.F.);
#8105 = EDGE_CURVE('',#8067,#8098,#8106,.T.);
#8106 = LINE('',#8107,#8108);
#8107 = CARTESIAN_POINT('',(80.835,132.84892596731,35.6));
#8108 = VECTOR('',#8109,1.);
#8109 = DIRECTION('',(0.866025403784,-0.5,0.));
#8110 = PLANE('',#8111);
#8111 = AXIS2_PLACEMENT_3D('',#8112,#8113,#8114);
#8112 = CARTESIAN_POINT('',(80.835,132.84892596731,35.6));
#8113 = DIRECTION('',(0.5,0.866025403784,0.));
#8114 = DIRECTION('',(0.866025403784,-0.5,0.));
#8115 = ADVANCED_FACE('',(#8116),#8141,.F.);
#8116 = FACE_BOUND('',#8117,.F.);
#8117 = EDGE_LOOP('',(#8118,#8119,#8127,#8135));
#8118 = ORIENTED_EDGE('',*,*,#8097,.T.);
#8119 = ORIENTED_EDGE('',*,*,#8120,.T.);
#8120 = EDGE_CURVE('',#8090,#8121,#8123,.T.);
#8121 = VERTEX_POINT('',#8122);
#8122 = CARTESIAN_POINT('',(90.365,132.84892596731,38.8));
#8123 = LINE('',#8124,#8125);
#8124 = CARTESIAN_POINT('',(85.6,130.09785193462,38.8));
#8125 = VECTOR('',#8126,1.);
#8126 = DIRECTION('',(0.866025403784,0.5,0.));
#8127 = ORIENTED_EDGE('',*,*,#8128,.F.);
#8128 = EDGE_CURVE('',#8129,#8121,#8131,.T.);
#8129 = VERTEX_POINT('',#8130);
#8130 = CARTESIAN_POINT('',(90.365,132.84892596731,35.6));
#8131 = LINE('',#8132,#8133);
#8132 = CARTESIAN_POINT('',(90.365,132.84892596731,35.6));
#8133 = VECTOR('',#8134,1.);
#8134 = DIRECTION('',(0.,0.,1.));
#8135 = ORIENTED_EDGE('',*,*,#8136,.F.);
#8136 = EDGE_CURVE('',#8098,#8129,#8137,.T.);
#8137 = LINE('',#8138,#8139);
#8138 = CARTESIAN_POINT('',(85.6,130.09785193462,35.6));
#8139 = VECTOR('',#8140,1.);
#8140 = DIRECTION('',(0.866025403784,0.5,0.));
#8141 = PLANE('',#8142);
#8142 = AXIS2_PLACEMENT_3D('',#8143,#8144,#8145);
#8143 = CARTESIAN_POINT('',(85.6,130.09785193462,35.6));
#8144 = DIRECTION('',(-0.5,0.866025403784,0.));
#8145 = DIRECTION('',(0.866025403784,0.5,0.));
#8146 = ADVANCED_FACE('',(#8147),#8163,.F.);
#8147 = FACE_BOUND('',#8148,.F.);
#8148 = EDGE_LOOP('',(#8149,#8150,#8156,#8157));
#8149 = ORIENTED_EDGE('',*,*,#8128,.T.);
#8150 = ORIENTED_EDGE('',*,*,#8151,.T.);
#8151 = EDGE_CURVE('',#8121,#7989,#8152,.T.);
#8152 = LINE('',#8153,#8154);
#8153 = CARTESIAN_POINT('',(90.365,132.84892596731,38.8));
#8154 = VECTOR('',#8155,1.);
#8155 = DIRECTION('',(3.228478801903E-16,1.,0.));
#8156 = ORIENTED_EDGE('',*,*,#7986,.F.);
#8157 = ORIENTED_EDGE('',*,*,#8158,.F.);
#8158 = EDGE_CURVE('',#8129,#7987,#8159,.T.);
#8159 = LINE('',#8160,#8161);
#8160 = CARTESIAN_POINT('',(90.365,132.84892596731,35.6));
#8161 = VECTOR('',#8162,1.);
#8162 = DIRECTION('',(3.228478801903E-16,1.,0.));
#8163 = PLANE('',#8164);
#8164 = AXIS2_PLACEMENT_3D('',#8165,#8166,#8167);
#8165 = CARTESIAN_POINT('',(90.365,132.84892596731,35.6));
#8166 = DIRECTION('',(-1.,3.228478801903E-16,0.));
#8167 = DIRECTION('',(3.228478801903E-16,1.,0.));
#8168 = ADVANCED_FACE('',(#8169),#8177,.F.);
#8169 = FACE_BOUND('',#8170,.F.);
#8170 = EDGE_LOOP('',(#8171,#8172,#8173,#8174,#8175,#8176));
#8171 = ORIENTED_EDGE('',*,*,#8012,.T.);
#8172 = ORIENTED_EDGE('',*,*,#8043,.T.);
#8173 = ORIENTED_EDGE('',*,*,#8074,.T.);
#8174 = ORIENTED_EDGE('',*,*,#8105,.T.);
#8175 = ORIENTED_EDGE('',*,*,#8136,.T.);
#8176 = ORIENTED_EDGE('',*,*,#8158,.T.);
#8177 = PLANE('',#8178);
#8178 = AXIS2_PLACEMENT_3D('',#8179,#8180,#8181);
#8179 = CARTESIAN_POINT('',(85.6,135.6,35.6));
#8180 = DIRECTION('',(0.,0.,1.));
#8181 = DIRECTION('',(1.,0.,0.));
#8182 = ADVANCED_FACE('',(#8183),#8191,.T.);
#8183 = FACE_BOUND('',#8184,.T.);
#8184 = EDGE_LOOP('',(#8185,#8186,#8187,#8188,#8189,#8190));
#8185 = ORIENTED_EDGE('',*,*,#7996,.T.);
#8186 = ORIENTED_EDGE('',*,*,#8027,.T.);
#8187 = ORIENTED_EDGE('',*,*,#8058,.T.);
#8188 = ORIENTED_EDGE('',*,*,#8089,.T.);
#8189 = ORIENTED_EDGE('',*,*,#8120,.T.);
#8190 = ORIENTED_EDGE('',*,*,#8151,.T.);
#8191 = PLANE('',#8192);
#8192 = AXIS2_PLACEMENT_3D('',#8193,#8194,#8195);
#8193 = CARTESIAN_POINT('',(85.6,135.6,38.8));
#8194 = DIRECTION('',(0.,0.,1.));
#8195 = DIRECTION('',(1.,0.,0.));
#8196 = MANIFOLD_SOLID_BREP('',#8197);
#8197 = CLOSED_SHELL('',(#8198,#8226,#8251,#8276,#8301,#8310,#8335,#8360
    ,#8385,#8410,#8435,#8460,#8485,#8505,#8530));
#8198 = ADVANCED_FACE('',(#8199,#8210),#8221,.F.);
#8199 = FACE_BOUND('',#8200,.T.);
#8200 = EDGE_LOOP('',(#8201));
#8201 = ORIENTED_EDGE('',*,*,#8202,.F.);
#8202 = EDGE_CURVE('',#8203,#8203,#8205,.T.);
#8203 = VERTEX_POINT('',#8204);
#8204 = CARTESIAN_POINT('',(70.8,126.2,0.));
#8205 = CIRCLE('',#8206,20.);
#8206 = AXIS2_PLACEMENT_3D('',#8207,#8208,#8209);
#8207 = CARTESIAN_POINT('',(50.8,126.2,0.));
#8208 = DIRECTION('',(0.,0.,1.));
#8209 = DIRECTION('',(1.,0.,0.));
#8210 = FACE_BOUND('',#8211,.T.);
#8211 = EDGE_LOOP('',(#8212));
#8212 = ORIENTED_EDGE('',*,*,#8213,.T.);
#8213 = EDGE_CURVE('',#8214,#8214,#8216,.T.);
#8214 = VERTEX_POINT('',#8215);
#8215 = CARTESIAN_POINT('',(55.95,126.2,0.));
#8216 = CIRCLE('',#8217,5.15);
#8217 = AXIS2_PLACEMENT_3D('',#8218,#8219,#8220);
#8218 = CARTESIAN_POINT('',(50.8,126.2,0.));
#8219 = DIRECTION('',(0.,0.,1.));
#8220 = DIRECTION('',(1.,0.,0.));
#8221 = PLANE('',#8222);
#8222 = AXIS2_PLACEMENT_3D('',#8223,#8224,#8225);
#8223 = CARTESIAN_POINT('',(50.8,126.2,0.));
#8224 = DIRECTION('',(0.,0.,1.));
#8225 = DIRECTION('',(1.,0.,0.));
#8226 = ADVANCED_FACE('',(#8227),#8246,.T.);
#8227 = FACE_BOUND('',#8228,.T.);
#8228 = EDGE_LOOP('',(#8229,#8230,#8238,#8245));
#8229 = ORIENTED_EDGE('',*,*,#8202,.T.);
#8230 = ORIENTED_EDGE('',*,*,#8231,.T.);
#8231 = EDGE_CURVE('',#8203,#8232,#8234,.T.);
#8232 = VERTEX_POINT('',#8233);
#8233 = CARTESIAN_POINT('',(70.8,126.2,6.5));
#8234 = LINE('',#8235,#8236);
#8235 = CARTESIAN_POINT('',(70.8,126.2,0.));
#8236 = VECTOR('',#8237,1.);
#8237 = DIRECTION('',(0.,0.,1.));
#8238 = ORIENTED_EDGE('',*,*,#8239,.F.);
#8239 = EDGE_CURVE('',#8232,#8232,#8240,.T.);
#8240 = CIRCLE('',#8241,20.);
#8241 = AXIS2_PLACEMENT_3D('',#8242,#8243,#8244);
#8242 = CARTESIAN_POINT('',(50.8,126.2,6.5));
#8243 = DIRECTION('',(0.,0.,1.));
#8244 = DIRECTION('',(1.,0.,0.));
#8245 = ORIENTED_EDGE('',*,*,#8231,.F.);
#8246 = CYLINDRICAL_SURFACE('',#8247,20.);
#8247 = AXIS2_PLACEMENT_3D('',#8248,#8249,#8250);
#8248 = CARTESIAN_POINT('',(50.8,126.2,0.));
#8249 = DIRECTION('',(0.,0.,1.));
#8250 = DIRECTION('',(1.,0.,0.));
#8251 = ADVANCED_FACE('',(#8252),#8271,.F.);
#8252 = FACE_BOUND('',#8253,.F.);
#8253 = EDGE_LOOP('',(#8254,#8262,#8269,#8270));
#8254 = ORIENTED_EDGE('',*,*,#8255,.T.);
#8255 = EDGE_CURVE('',#8214,#8256,#8258,.T.);
#8256 = VERTEX_POINT('',#8257);
#8257 = CARTESIAN_POINT('',(55.95,126.2,11.1));
#8258 = LINE('',#8259,#8260);
#8259 = CARTESIAN_POINT('',(55.95,126.2,-0.1));
#8260 = VECTOR('',#8261,1.);
#8261 = DIRECTION('',(0.,0.,1.));
#8262 = ORIENTED_EDGE('',*,*,#8263,.F.);
#8263 = EDGE_CURVE('',#8256,#8256,#8264,.T.);
#8264 = CIRCLE('',#8265,5.15);
#8265 = AXIS2_PLACEMENT_3D('',#8266,#8267,#8268);
#8266 = CARTESIAN_POINT('',(50.8,126.2,11.1));
#8267 = DIRECTION('',(0.,0.,1.));
#8268 = DIRECTION('',(1.,0.,0.));
#8269 = ORIENTED_EDGE('',*,*,#8255,.F.);
#8270 = ORIENTED_EDGE('',*,*,#8213,.T.);
#8271 = CYLINDRICAL_SURFACE('',#8272,5.15);
#8272 = AXIS2_PLACEMENT_3D('',#8273,#8274,#8275);
#8273 = CARTESIAN_POINT('',(50.8,126.2,-0.1));
#8274 = DIRECTION('',(0.,0.,1.));
#8275 = DIRECTION('',(1.,0.,0.));
#8276 = ADVANCED_FACE('',(#8277),#8296,.T.);
#8277 = FACE_BOUND('',#8278,.T.);
#8278 = EDGE_LOOP('',(#8279,#8280,#8288,#8295));
#8279 = ORIENTED_EDGE('',*,*,#8239,.T.);
#8280 = ORIENTED_EDGE('',*,*,#8281,.T.);
#8281 = EDGE_CURVE('',#8232,#8282,#8284,.T.);
#8282 = VERTEX_POINT('',#8283);
#8283 = CARTESIAN_POINT('',(67.8,126.2,9.));
#8284 = LINE('',#8285,#8286);
#8285 = CARTESIAN_POINT('',(70.8,126.2,6.5));
#8286 = VECTOR('',#8287,1.);
#8287 = DIRECTION('',(-0.768221279597,0.,0.640184399664));
#8288 = ORIENTED_EDGE('',*,*,#8289,.F.);
#8289 = EDGE_CURVE('',#8282,#8282,#8290,.T.);
#8290 = CIRCLE('',#8291,17.);
#8291 = AXIS2_PLACEMENT_3D('',#8292,#8293,#8294);
#8292 = CARTESIAN_POINT('',(50.8,126.2,9.));
#8293 = DIRECTION('',(0.,0.,1.));
#8294 = DIRECTION('',(1.,0.,0.));
#8295 = ORIENTED_EDGE('',*,*,#8281,.F.);
#8296 = CONICAL_SURFACE('',#8297,20.,0.876058050598);
#8297 = AXIS2_PLACEMENT_3D('',#8298,#8299,#8300);
#8298 = CARTESIAN_POINT('',(50.8,126.2,6.5));
#8299 = DIRECTION('',(-0.,-0.,-1.));
#8300 = DIRECTION('',(1.,0.,0.));
#8301 = ADVANCED_FACE('',(#8302),#8305,.F.);
#8302 = FACE_BOUND('',#8303,.F.);
#8303 = EDGE_LOOP('',(#8304));
#8304 = ORIENTED_EDGE('',*,*,#8263,.T.);
#8305 = PLANE('',#8306);
#8306 = AXIS2_PLACEMENT_3D('',#8307,#8308,#8309);
#8307 = CARTESIAN_POINT('',(50.8,126.2,11.1));
#8308 = DIRECTION('',(0.,0.,1.));
#8309 = DIRECTION('',(1.,0.,0.));
#8310 = ADVANCED_FACE('',(#8311),#8330,.T.);
#8311 = FACE_BOUND('',#8312,.T.);
#8312 = EDGE_LOOP('',(#8313,#8314,#8322,#8329));
#8313 = ORIENTED_EDGE('',*,*,#8289,.T.);
#8314 = ORIENTED_EDGE('',*,*,#8315,.T.);
#8315 = EDGE_CURVE('',#8282,#8316,#8318,.T.);
#8316 = VERTEX_POINT('',#8317);
#8317 = CARTESIAN_POINT('',(67.8,126.2,16.5));
#8318 = LINE('',#8319,#8320);
#8319 = CARTESIAN_POINT('',(67.8,126.2,9.));
#8320 = VECTOR('',#8321,1.);
#8321 = DIRECTION('',(0.,0.,1.));
#8322 = ORIENTED_EDGE('',*,*,#8323,.F.);
#8323 = EDGE_CURVE('',#8316,#8316,#8324,.T.);
#8324 = CIRCLE('',#8325,17.);
#8325 = AXIS2_PLACEMENT_3D('',#8326,#8327,#8328);
#8326 = CARTESIAN_POINT('',(50.8,126.2,16.5));
#8327 = DIRECTION('',(0.,0.,1.));
#8328 = DIRECTION('',(1.,0.,0.));
#8329 = ORIENTED_EDGE('',*,*,#8315,.F.);
#8330 = CYLINDRICAL_SURFACE('',#8331,17.);
#8331 = AXIS2_PLACEMENT_3D('',#8332,#8333,#8334);
#8332 = CARTESIAN_POINT('',(50.8,126.2,9.));
#8333 = DIRECTION('',(0.,0.,1.));
#8334 = DIRECTION('',(1.,0.,0.));
#8335 = ADVANCED_FACE('',(#8336),#8355,.T.);
#8336 = FACE_BOUND('',#8337,.T.);
#8337 = EDGE_LOOP('',(#8338,#8339,#8347,#8354));
#8338 = ORIENTED_EDGE('',*,*,#8323,.T.);
#8339 = ORIENTED_EDGE('',*,*,#8340,.T.);
#8340 = EDGE_CURVE('',#8316,#8341,#8343,.T.);
#8341 = VERTEX_POINT('',#8342);
#8342 = CARTESIAN_POINT('',(70.8,126.2,18.));
#8343 = LINE('',#8344,#8345);
#8344 = CARTESIAN_POINT('',(67.8,126.2,16.5));
#8345 = VECTOR('',#8346,1.);
#8346 = DIRECTION('',(0.894427191,0.,0.4472135955));
#8347 = ORIENTED_EDGE('',*,*,#8348,.F.);
#8348 = EDGE_CURVE('',#8341,#8341,#8349,.T.);
#8349 = CIRCLE('',#8350,20.);
#8350 = AXIS2_PLACEMENT_3D('',#8351,#8352,#8353);
#8351 = CARTESIAN_POINT('',(50.8,126.2,18.));
#8352 = DIRECTION('',(0.,0.,1.));
#8353 = DIRECTION('',(1.,0.,0.));
#8354 = ORIENTED_EDGE('',*,*,#8340,.F.);
#8355 = CONICAL_SURFACE('',#8356,17.,1.107148717794);
#8356 = AXIS2_PLACEMENT_3D('',#8357,#8358,#8359);
#8357 = CARTESIAN_POINT('',(50.8,126.2,16.5));
#8358 = DIRECTION('',(0.,0.,1.));
#8359 = DIRECTION('',(1.,0.,0.));
#8360 = ADVANCED_FACE('',(#8361),#8380,.T.);
#8361 = FACE_BOUND('',#8362,.T.);
#8362 = EDGE_LOOP('',(#8363,#8364,#8372,#8379));
#8363 = ORIENTED_EDGE('',*,*,#8348,.T.);
#8364 = ORIENTED_EDGE('',*,*,#8365,.T.);
#8365 = EDGE_CURVE('',#8341,#8366,#8368,.T.);
#8366 = VERTEX_POINT('',#8367);
#8367 = CARTESIAN_POINT('',(70.8,126.2,22.));
#8368 = LINE('',#8369,#8370);
#8369 = CARTESIAN_POINT('',(70.8,126.2,18.));
#8370 = VECTOR('',#8371,1.);
#8371 = DIRECTION('',(0.,0.,1.));
#8372 = ORIENTED_EDGE('',*,*,#8373,.F.);
#8373 = EDGE_CURVE('',#8366,#8366,#8374,.T.);
#8374 = CIRCLE('',#8375,20.);
#8375 = AXIS2_PLACEMENT_3D('',#8376,#8377,#8378);
#8376 = CARTESIAN_POINT('',(50.8,126.2,22.));
#8377 = DIRECTION('',(0.,0.,1.));
#8378 = DIRECTION('',(1.,0.,0.));
#8379 = ORIENTED_EDGE('',*,*,#8365,.F.);
#8380 = CYLINDRICAL_SURFACE('',#8381,20.);
#8381 = AXIS2_PLACEMENT_3D('',#8382,#8383,#8384);
#8382 = CARTESIAN_POINT('',(50.8,126.2,18.));
#8383 = DIRECTION('',(0.,0.,1.));
#8384 = DIRECTION('',(1.,0.,0.));
#8385 = ADVANCED_FACE('',(#8386),#8405,.T.);
#8386 = FACE_BOUND('',#8387,.T.);
#8387 = EDGE_LOOP('',(#8388,#8389,#8397,#8404));
#8388 = ORIENTED_EDGE('',*,*,#8373,.T.);
#8389 = ORIENTED_EDGE('',*,*,#8390,.T.);
#8390 = EDGE_CURVE('',#8366,#8391,#8393,.T.);
#8391 = VERTEX_POINT('',#8392);
#8392 = CARTESIAN_POINT('',(67.8,126.2,23.5));
#8393 = LINE('',#8394,#8395);
#8394 = CARTESIAN_POINT('',(70.8,126.2,22.));
#8395 = VECTOR('',#8396,1.);
#8396 = DIRECTION('',(-0.894427191,0.,0.4472135955));
#8397 = ORIENTED_EDGE('',*,*,#8398,.F.);
#8398 = EDGE_CURVE('',#8391,#8391,#8399,.T.);
#8399 = CIRCLE('',#8400,17.);
#8400 = AXIS2_PLACEMENT_3D('',#8401,#8402,#8403);
#8401 = CARTESIAN_POINT('',(50.8,126.2,23.5));
#8402 = DIRECTION('',(0.,0.,1.));
#8403 = DIRECTION('',(1.,0.,0.));
#8404 = ORIENTED_EDGE('',*,*,#8390,.F.);
#8405 = CONICAL_SURFACE('',#8406,20.,1.107148717794);
#8406 = AXIS2_PLACEMENT_3D('',#8407,#8408,#8409);
#8407 = CARTESIAN_POINT('',(50.8,126.2,22.));
#8408 = DIRECTION('',(-0.,-0.,-1.));
#8409 = DIRECTION('',(1.,0.,0.));
#8410 = ADVANCED_FACE('',(#8411),#8430,.T.);
#8411 = FACE_BOUND('',#8412,.T.);
#8412 = EDGE_LOOP('',(#8413,#8414,#8422,#8429));
#8413 = ORIENTED_EDGE('',*,*,#8398,.T.);
#8414 = ORIENTED_EDGE('',*,*,#8415,.T.);
#8415 = EDGE_CURVE('',#8391,#8416,#8418,.T.);
#8416 = VERTEX_POINT('',#8417);
#8417 = CARTESIAN_POINT('',(67.8,126.2,31.));
#8418 = LINE('',#8419,#8420);
#8419 = CARTESIAN_POINT('',(67.8,126.2,23.5));
#8420 = VECTOR('',#8421,1.);
#8421 = DIRECTION('',(0.,0.,1.));
#8422 = ORIENTED_EDGE('',*,*,#8423,.F.);
#8423 = EDGE_CURVE('',#8416,#8416,#8424,.T.);
#8424 = CIRCLE('',#8425,17.);
#8425 = AXIS2_PLACEMENT_3D('',#8426,#8427,#8428);
#8426 = CARTESIAN_POINT('',(50.8,126.2,31.));
#8427 = DIRECTION('',(0.,0.,1.));
#8428 = DIRECTION('',(1.,0.,0.));
#8429 = ORIENTED_EDGE('',*,*,#8415,.F.);
#8430 = CYLINDRICAL_SURFACE('',#8431,17.);
#8431 = AXIS2_PLACEMENT_3D('',#8432,#8433,#8434);
#8432 = CARTESIAN_POINT('',(50.8,126.2,23.5));
#8433 = DIRECTION('',(0.,0.,1.));
#8434 = DIRECTION('',(1.,0.,0.));
#8435 = ADVANCED_FACE('',(#8436),#8455,.T.);
#8436 = FACE_BOUND('',#8437,.T.);
#8437 = EDGE_LOOP('',(#8438,#8439,#8447,#8454));
#8438 = ORIENTED_EDGE('',*,*,#8423,.T.);
#8439 = ORIENTED_EDGE('',*,*,#8440,.T.);
#8440 = EDGE_CURVE('',#8416,#8441,#8443,.T.);
#8441 = VERTEX_POINT('',#8442);
#8442 = CARTESIAN_POINT('',(70.8,126.2,33.5));
#8443 = LINE('',#8444,#8445);
#8444 = CARTESIAN_POINT('',(67.8,126.2,31.));
#8445 = VECTOR('',#8446,1.);
#8446 = DIRECTION('',(0.768221279597,0.,0.640184399664));
#8447 = ORIENTED_EDGE('',*,*,#8448,.F.);
#8448 = EDGE_CURVE('',#8441,#8441,#8449,.T.);
#8449 = CIRCLE('',#8450,20.);
#8450 = AXIS2_PLACEMENT_3D('',#8451,#8452,#8453);
#8451 = CARTESIAN_POINT('',(50.8,126.2,33.5));
#8452 = DIRECTION('',(0.,0.,1.));
#8453 = DIRECTION('',(1.,0.,0.));
#8454 = ORIENTED_EDGE('',*,*,#8440,.F.);
#8455 = CONICAL_SURFACE('',#8456,17.,0.876058050598);
#8456 = AXIS2_PLACEMENT_3D('',#8457,#8458,#8459);
#8457 = CARTESIAN_POINT('',(50.8,126.2,31.));
#8458 = DIRECTION('',(0.,0.,1.));
#8459 = DIRECTION('',(1.,0.,0.));
#8460 = ADVANCED_FACE('',(#8461),#8480,.T.);
#8461 = FACE_BOUND('',#8462,.T.);
#8462 = EDGE_LOOP('',(#8463,#8464,#8472,#8479));
#8463 = ORIENTED_EDGE('',*,*,#8448,.T.);
#8464 = ORIENTED_EDGE('',*,*,#8465,.T.);
#8465 = EDGE_CURVE('',#8441,#8466,#8468,.T.);
#8466 = VERTEX_POINT('',#8467);
#8467 = CARTESIAN_POINT('',(70.8,126.2,40.));
#8468 = LINE('',#8469,#8470);
#8469 = CARTESIAN_POINT('',(70.8,126.2,33.5));
#8470 = VECTOR('',#8471,1.);
#8471 = DIRECTION('',(0.,0.,1.));
#8472 = ORIENTED_EDGE('',*,*,#8473,.F.);
#8473 = EDGE_CURVE('',#8466,#8466,#8474,.T.);
#8474 = CIRCLE('',#8475,20.);
#8475 = AXIS2_PLACEMENT_3D('',#8476,#8477,#8478);
#8476 = CARTESIAN_POINT('',(50.8,126.2,40.));
#8477 = DIRECTION('',(0.,0.,1.));
#8478 = DIRECTION('',(1.,0.,0.));
#8479 = ORIENTED_EDGE('',*,*,#8465,.F.);
#8480 = CYLINDRICAL_SURFACE('',#8481,20.);
#8481 = AXIS2_PLACEMENT_3D('',#8482,#8483,#8484);
#8482 = CARTESIAN_POINT('',(50.8,126.2,33.5));
#8483 = DIRECTION('',(0.,0.,1.));
#8484 = DIRECTION('',(1.,0.,0.));
#8485 = ADVANCED_FACE('',(#8486,#8489),#8500,.T.);
#8486 = FACE_BOUND('',#8487,.T.);
#8487 = EDGE_LOOP('',(#8488));
#8488 = ORIENTED_EDGE('',*,*,#8473,.T.);
#8489 = FACE_BOUND('',#8490,.T.);
#8490 = EDGE_LOOP('',(#8491));
#8491 = ORIENTED_EDGE('',*,*,#8492,.F.);
#8492 = EDGE_CURVE('',#8493,#8493,#8495,.T.);
#8493 = VERTEX_POINT('',#8494);
#8494 = CARTESIAN_POINT('',(55.95,126.2,40.));
#8495 = CIRCLE('',#8496,5.15);
#8496 = AXIS2_PLACEMENT_3D('',#8497,#8498,#8499);
#8497 = CARTESIAN_POINT('',(50.8,126.2,40.));
#8498 = DIRECTION('',(0.,0.,1.));
#8499 = DIRECTION('',(1.,0.,0.));
#8500 = PLANE('',#8501);
#8501 = AXIS2_PLACEMENT_3D('',#8502,#8503,#8504);
#8502 = CARTESIAN_POINT('',(50.8,126.2,40.));
#8503 = DIRECTION('',(0.,0.,1.));
#8504 = DIRECTION('',(1.,0.,0.));
#8505 = ADVANCED_FACE('',(#8506),#8525,.F.);
#8506 = FACE_BOUND('',#8507,.F.);
#8507 = EDGE_LOOP('',(#8508,#8509,#8517,#8524));
#8508 = ORIENTED_EDGE('',*,*,#8492,.F.);
#8509 = ORIENTED_EDGE('',*,*,#8510,.F.);
#8510 = EDGE_CURVE('',#8511,#8493,#8513,.T.);
#8511 = VERTEX_POINT('',#8512);
#8512 = CARTESIAN_POINT('',(55.95,126.2,29.));
#8513 = LINE('',#8514,#8515);
#8514 = CARTESIAN_POINT('',(55.95,126.2,29.));
#8515 = VECTOR('',#8516,1.);
#8516 = DIRECTION('',(0.,0.,1.));
#8517 = ORIENTED_EDGE('',*,*,#8518,.T.);
#8518 = EDGE_CURVE('',#8511,#8511,#8519,.T.);
#8519 = CIRCLE('',#8520,5.15);
#8520 = AXIS2_PLACEMENT_3D('',#8521,#8522,#8523);
#8521 = CARTESIAN_POINT('',(50.8,126.2,29.));
#8522 = DIRECTION('',(0.,0.,1.));
#8523 = DIRECTION('',(1.,0.,0.));
#8524 = ORIENTED_EDGE('',*,*,#8510,.T.);
#8525 = CYLINDRICAL_SURFACE('',#8526,5.15);
#8526 = AXIS2_PLACEMENT_3D('',#8527,#8528,#8529);
#8527 = CARTESIAN_POINT('',(50.8,126.2,29.));
#8528 = DIRECTION('',(0.,0.,1.));
#8529 = DIRECTION('',(1.,0.,0.));
#8530 = ADVANCED_FACE('',(#8531),#8534,.T.);
#8531 = FACE_BOUND('',#8532,.F.);
#8532 = EDGE_LOOP('',(#8533));
#8533 = ORIENTED_EDGE('',*,*,#8518,.F.);
#8534 = PLANE('',#8535);
#8535 = AXIS2_PLACEMENT_3D('',#8536,#8537,#8538);
#8536 = CARTESIAN_POINT('',(50.8,126.2,29.));
#8537 = DIRECTION('',(0.,0.,1.));
#8538 = DIRECTION('',(1.,0.,0.));
#8539 = MANIFOLD_SOLID_BREP('',#8540);
#8540 = CLOSED_SHELL('',(#8541,#8574,#8594,#8614));
#8541 = ADVANCED_FACE('',(#8542),#8569,.T.);
#8542 = FACE_BOUND('',#8543,.T.);
#8543 = EDGE_LOOP('',(#8544,#8553,#8561,#8568));
#8544 = ORIENTED_EDGE('',*,*,#8545,.F.);
#8545 = EDGE_CURVE('',#8546,#8546,#8548,.T.);
#8546 = VERTEX_POINT('',#8547);
#8547 = CARTESIAN_POINT('',(55.8,126.2,11.));
#8548 = CIRCLE('',#8549,5.);
#8549 = AXIS2_PLACEMENT_3D('',#8550,#8551,#8552);
#8550 = CARTESIAN_POINT('',(50.8,126.2,11.));
#8551 = DIRECTION('',(0.,0.,1.));
#8552 = DIRECTION('',(1.,0.,0.));
#8553 = ORIENTED_EDGE('',*,*,#8554,.F.);
#8554 = EDGE_CURVE('',#8555,#8546,#8557,.T.);
#8555 = VERTEX_POINT('',#8556);
#8556 = CARTESIAN_POINT('',(55.8,126.2,0.));
#8557 = LINE('',#8558,#8559);
#8558 = CARTESIAN_POINT('',(55.8,126.2,0.));
#8559 = VECTOR('',#8560,1.);
#8560 = DIRECTION('',(0.,0.,1.));
#8561 = ORIENTED_EDGE('',*,*,#8562,.T.);
#8562 = EDGE_CURVE('',#8555,#8555,#8563,.T.);
#8563 = CIRCLE('',#8564,5.);
#8564 = AXIS2_PLACEMENT_3D('',#8565,#8566,#8567);
#8565 = CARTESIAN_POINT('',(50.8,126.2,0.));
#8566 = DIRECTION('',(0.,0.,1.));
#8567 = DIRECTION('',(1.,0.,0.));
#8568 = ORIENTED_EDGE('',*,*,#8554,.T.);
#8569 = CYLINDRICAL_SURFACE('',#8570,5.);
#8570 = AXIS2_PLACEMENT_3D('',#8571,#8572,#8573);
#8571 = CARTESIAN_POINT('',(50.8,126.2,0.));
#8572 = DIRECTION('',(0.,0.,1.));
#8573 = DIRECTION('',(1.,0.,0.));
#8574 = ADVANCED_FACE('',(#8575,#8578),#8589,.T.);
#8575 = FACE_BOUND('',#8576,.T.);
#8576 = EDGE_LOOP('',(#8577));
#8577 = ORIENTED_EDGE('',*,*,#8545,.T.);
#8578 = FACE_BOUND('',#8579,.T.);
#8579 = EDGE_LOOP('',(#8580));
#8580 = ORIENTED_EDGE('',*,*,#8581,.F.);
#8581 = EDGE_CURVE('',#8582,#8582,#8584,.T.);
#8582 = VERTEX_POINT('',#8583);
#8583 = CARTESIAN_POINT('',(54.2,126.2,11.));
#8584 = CIRCLE('',#8585,3.4);
#8585 = AXIS2_PLACEMENT_3D('',#8586,#8587,#8588);
#8586 = CARTESIAN_POINT('',(50.8,126.2,11.));
#8587 = DIRECTION('',(0.,0.,1.));
#8588 = DIRECTION('',(1.,0.,0.));
#8589 = PLANE('',#8590);
#8590 = AXIS2_PLACEMENT_3D('',#8591,#8592,#8593);
#8591 = CARTESIAN_POINT('',(50.8,126.2,11.));
#8592 = DIRECTION('',(0.,0.,1.));
#8593 = DIRECTION('',(1.,0.,0.));
#8594 = ADVANCED_FACE('',(#8595,#8598),#8609,.F.);
#8595 = FACE_BOUND('',#8596,.F.);
#8596 = EDGE_LOOP('',(#8597));
#8597 = ORIENTED_EDGE('',*,*,#8562,.T.);
#8598 = FACE_BOUND('',#8599,.F.);
#8599 = EDGE_LOOP('',(#8600));
#8600 = ORIENTED_EDGE('',*,*,#8601,.F.);
#8601 = EDGE_CURVE('',#8602,#8602,#8604,.T.);
#8602 = VERTEX_POINT('',#8603);
#8603 = CARTESIAN_POINT('',(54.2,126.2,0.));
#8604 = CIRCLE('',#8605,3.4);
#8605 = AXIS2_PLACEMENT_3D('',#8606,#8607,#8608);
#8606 = CARTESIAN_POINT('',(50.8,126.2,0.));
#8607 = DIRECTION('',(0.,0.,1.));
#8608 = DIRECTION('',(1.,0.,0.));
#8609 = PLANE('',#8610);
#8610 = AXIS2_PLACEMENT_3D('',#8611,#8612,#8613);
#8611 = CARTESIAN_POINT('',(50.8,126.2,0.));
#8612 = DIRECTION('',(0.,0.,1.));
#8613 = DIRECTION('',(1.,0.,0.));
#8614 = ADVANCED_FACE('',(#8615),#8626,.F.);
#8615 = FACE_BOUND('',#8616,.F.);
#8616 = EDGE_LOOP('',(#8617,#8618,#8624,#8625));
#8617 = ORIENTED_EDGE('',*,*,#8581,.F.);
#8618 = ORIENTED_EDGE('',*,*,#8619,.F.);
#8619 = EDGE_CURVE('',#8602,#8582,#8620,.T.);
#8620 = LINE('',#8621,#8622);
#8621 = CARTESIAN_POINT('',(54.2,126.2,-0.2));
#8622 = VECTOR('',#8623,1.);
#8623 = DIRECTION('',(0.,0.,1.));
#8624 = ORIENTED_EDGE('',*,*,#8601,.T.);
#8625 = ORIENTED_EDGE('',*,*,#8619,.T.);
#8626 = CYLINDRICAL_SURFACE('',#8627,3.4);
#8627 = AXIS2_PLACEMENT_3D('',#8628,#8629,#8630);
#8628 = CARTESIAN_POINT('',(50.8,126.2,-0.2));
#8629 = DIRECTION('',(0.,0.,1.));
#8630 = DIRECTION('',(1.,0.,0.));
#8631 = MANIFOLD_SOLID_BREP('',#8632);
#8632 = CLOSED_SHELL('',(#8633,#8666,#8686,#8706));
#8633 = ADVANCED_FACE('',(#8634),#8661,.T.);
#8634 = FACE_BOUND('',#8635,.T.);
#8635 = EDGE_LOOP('',(#8636,#8645,#8653,#8660));
#8636 = ORIENTED_EDGE('',*,*,#8637,.F.);
#8637 = EDGE_CURVE('',#8638,#8638,#8640,.T.);
#8638 = VERTEX_POINT('',#8639);
#8639 = CARTESIAN_POINT('',(55.8,126.2,40.));
#8640 = CIRCLE('',#8641,5.);
#8641 = AXIS2_PLACEMENT_3D('',#8642,#8643,#8644);
#8642 = CARTESIAN_POINT('',(50.8,126.2,40.));
#8643 = DIRECTION('',(0.,0.,1.));
#8644 = DIRECTION('',(1.,0.,0.));
#8645 = ORIENTED_EDGE('',*,*,#8646,.F.);
#8646 = EDGE_CURVE('',#8647,#8638,#8649,.T.);
#8647 = VERTEX_POINT('',#8648);
#8648 = CARTESIAN_POINT('',(55.8,126.2,29.));
#8649 = LINE('',#8650,#8651);
#8650 = CARTESIAN_POINT('',(55.8,126.2,29.));
#8651 = VECTOR('',#8652,1.);
#8652 = DIRECTION('',(0.,0.,1.));
#8653 = ORIENTED_EDGE('',*,*,#8654,.T.);
#8654 = EDGE_CURVE('',#8647,#8647,#8655,.T.);
#8655 = CIRCLE('',#8656,5.);
#8656 = AXIS2_PLACEMENT_3D('',#8657,#8658,#8659);
#8657 = CARTESIAN_POINT('',(50.8,126.2,29.));
#8658 = DIRECTION('',(0.,0.,1.));
#8659 = DIRECTION('',(1.,0.,0.));
#8660 = ORIENTED_EDGE('',*,*,#8646,.T.);
#8661 = CYLINDRICAL_SURFACE('',#8662,5.);
#8662 = AXIS2_PLACEMENT_3D('',#8663,#8664,#8665);
#8663 = CARTESIAN_POINT('',(50.8,126.2,29.));
#8664 = DIRECTION('',(0.,0.,1.));
#8665 = DIRECTION('',(1.,0.,0.));
#8666 = ADVANCED_FACE('',(#8667,#8670),#8681,.T.);
#8667 = FACE_BOUND('',#8668,.T.);
#8668 = EDGE_LOOP('',(#8669));
#8669 = ORIENTED_EDGE('',*,*,#8637,.T.);
#8670 = FACE_BOUND('',#8671,.T.);
#8671 = EDGE_LOOP('',(#8672));
#8672 = ORIENTED_EDGE('',*,*,#8673,.F.);
#8673 = EDGE_CURVE('',#8674,#8674,#8676,.T.);
#8674 = VERTEX_POINT('',#8675);
#8675 = CARTESIAN_POINT('',(54.2,126.2,40.));
#8676 = CIRCLE('',#8677,3.4);
#8677 = AXIS2_PLACEMENT_3D('',#8678,#8679,#8680);
#8678 = CARTESIAN_POINT('',(50.8,126.2,40.));
#8679 = DIRECTION('',(0.,0.,1.));
#8680 = DIRECTION('',(1.,0.,0.));
#8681 = PLANE('',#8682);
#8682 = AXIS2_PLACEMENT_3D('',#8683,#8684,#8685);
#8683 = CARTESIAN_POINT('',(50.8,126.2,40.));
#8684 = DIRECTION('',(0.,0.,1.));
#8685 = DIRECTION('',(1.,0.,0.));
#8686 = ADVANCED_FACE('',(#8687,#8690),#8701,.F.);
#8687 = FACE_BOUND('',#8688,.F.);
#8688 = EDGE_LOOP('',(#8689));
#8689 = ORIENTED_EDGE('',*,*,#8654,.T.);
#8690 = FACE_BOUND('',#8691,.F.);
#8691 = EDGE_LOOP('',(#8692));
#8692 = ORIENTED_EDGE('',*,*,#8693,.F.);
#8693 = EDGE_CURVE('',#8694,#8694,#8696,.T.);
#8694 = VERTEX_POINT('',#8695);
#8695 = CARTESIAN_POINT('',(54.2,126.2,29.));
#8696 = CIRCLE('',#8697,3.4);
#8697 = AXIS2_PLACEMENT_3D('',#8698,#8699,#8700);
#8698 = CARTESIAN_POINT('',(50.8,126.2,29.));
#8699 = DIRECTION('',(0.,0.,1.));
#8700 = DIRECTION('',(1.,0.,0.));
#8701 = PLANE('',#8702);
#8702 = AXIS2_PLACEMENT_3D('',#8703,#8704,#8705);
#8703 = CARTESIAN_POINT('',(50.8,126.2,29.));
#8704 = DIRECTION('',(0.,0.,1.));
#8705 = DIRECTION('',(1.,0.,0.));
#8706 = ADVANCED_FACE('',(#8707),#8718,.F.);
#8707 = FACE_BOUND('',#8708,.F.);
#8708 = EDGE_LOOP('',(#8709,#8710,#8716,#8717));
#8709 = ORIENTED_EDGE('',*,*,#8673,.F.);
#8710 = ORIENTED_EDGE('',*,*,#8711,.F.);
#8711 = EDGE_CURVE('',#8694,#8674,#8712,.T.);
#8712 = LINE('',#8713,#8714);
#8713 = CARTESIAN_POINT('',(54.2,126.2,28.8));
#8714 = VECTOR('',#8715,1.);
#8715 = DIRECTION('',(0.,0.,1.));
#8716 = ORIENTED_EDGE('',*,*,#8693,.T.);
#8717 = ORIENTED_EDGE('',*,*,#8711,.T.);
#8718 = CYLINDRICAL_SURFACE('',#8719,3.4);
#8719 = AXIS2_PLACEMENT_3D('',#8720,#8721,#8722);
#8720 = CARTESIAN_POINT('',(50.8,126.2,28.8));
#8721 = DIRECTION('',(0.,0.,1.));
#8722 = DIRECTION('',(1.,0.,0.));
#8723 = MANIFOLD_SOLID_BREP('',#8724);
#8724 = CLOSED_SHELL('',(#8725,#8765,#8796,#8827,#8858,#8889,#8911,#8935
    ,#8959,#9038,#9055,#9134,#9151,#9163,#9175,#9192,#9209,#9226,#9243)
  );
#8725 = ADVANCED_FACE('',(#8726),#8760,.F.);
#8726 = FACE_BOUND('',#8727,.F.);
#8727 = EDGE_LOOP('',(#8728,#8738,#8746,#8754));
#8728 = ORIENTED_EDGE('',*,*,#8729,.F.);
#8729 = EDGE_CURVE('',#8730,#8732,#8734,.T.);
#8730 = VERTEX_POINT('',#8731);
#8731 = CARTESIAN_POINT('',(-5.551115123126E-17,201.6,40.8));
#8732 = VERTEX_POINT('',#8733);
#8733 = CARTESIAN_POINT('',(1.110223024625E-16,201.6,45.55));
#8734 = LINE('',#8735,#8736);
#8735 = CARTESIAN_POINT('',(0.,201.6,40.));
#8736 = VECTOR('',#8737,1.);
#8737 = DIRECTION('',(0.,0.,1.));
#8738 = ORIENTED_EDGE('',*,*,#8739,.T.);
#8739 = EDGE_CURVE('',#8730,#8740,#8742,.T.);
#8740 = VERTEX_POINT('',#8741);
#8741 = CARTESIAN_POINT('',(0.,252.4,40.8));
#8742 = LINE('',#8743,#8744);
#8743 = CARTESIAN_POINT('',(0.,201.6,40.8));
#8744 = VECTOR('',#8745,1.);
#8745 = DIRECTION('',(0.,1.,0.));
#8746 = ORIENTED_EDGE('',*,*,#8747,.T.);
#8747 = EDGE_CURVE('',#8740,#8748,#8750,.T.);
#8748 = VERTEX_POINT('',#8749);
#8749 = CARTESIAN_POINT('',(-5.551115123126E-17,252.4,45.55));
#8750 = LINE('',#8751,#8752);
#8751 = CARTESIAN_POINT('',(0.,252.4,40.));
#8752 = VECTOR('',#8753,1.);
#8753 = DIRECTION('',(0.,0.,1.));
#8754 = ORIENTED_EDGE('',*,*,#8755,.F.);
#8755 = EDGE_CURVE('',#8732,#8748,#8756,.T.);
#8756 = LINE('',#8757,#8758);
#8757 = CARTESIAN_POINT('',(0.,201.6,45.55));
#8758 = VECTOR('',#8759,1.);
#8759 = DIRECTION('',(0.,1.,0.));
#8760 = PLANE('',#8761);
#8761 = AXIS2_PLACEMENT_3D('',#8762,#8763,#8764);
#8762 = CARTESIAN_POINT('',(0.,201.6,40.));
#8763 = DIRECTION('',(1.,0.,0.));
#8764 = DIRECTION('',(0.,0.,1.));
#8765 = ADVANCED_FACE('',(#8766),#8791,.F.);
#8766 = FACE_BOUND('',#8767,.F.);
#8767 = EDGE_LOOP('',(#8768,#8778,#8784,#8785));
#8768 = ORIENTED_EDGE('',*,*,#8769,.F.);
#8769 = EDGE_CURVE('',#8770,#8772,#8774,.T.);
#8770 = VERTEX_POINT('',#8771);
#8771 = CARTESIAN_POINT('',(101.6,201.6,40.8));
#8772 = VERTEX_POINT('',#8773);
#8773 = CARTESIAN_POINT('',(101.6,201.6,45.55));
#8774 = LINE('',#8775,#8776);
#8775 = CARTESIAN_POINT('',(101.6,201.6,40.));
#8776 = VECTOR('',#8777,1.);
#8777 = DIRECTION('',(0.,0.,1.));
#8778 = ORIENTED_EDGE('',*,*,#8779,.F.);
#8779 = EDGE_CURVE('',#8730,#8770,#8780,.T.);
#8780 = LINE('',#8781,#8782);
#8781 = CARTESIAN_POINT('',(0.,201.6,40.8));
#8782 = VECTOR('',#8783,1.);
#8783 = DIRECTION('',(1.,0.,0.));
#8784 = ORIENTED_EDGE('',*,*,#8729,.T.);
#8785 = ORIENTED_EDGE('',*,*,#8786,.T.);
#8786 = EDGE_CURVE('',#8732,#8772,#8787,.T.);
#8787 = LINE('',#8788,#8789);
#8788 = CARTESIAN_POINT('',(0.,201.6,45.55));
#8789 = VECTOR('',#8790,1.);
#8790 = DIRECTION('',(1.,0.,0.));
#8791 = PLANE('',#8792);
#8792 = AXIS2_PLACEMENT_3D('',#8793,#8794,#8795);
#8793 = CARTESIAN_POINT('',(0.,201.6,40.));
#8794 = DIRECTION('',(0.,1.,0.));
#8795 = DIRECTION('',(0.,0.,1.));
#8796 = ADVANCED_FACE('',(#8797),#8822,.T.);
#8797 = FACE_BOUND('',#8798,.T.);
#8798 = EDGE_LOOP('',(#8799,#8807,#8808,#8816));
#8799 = ORIENTED_EDGE('',*,*,#8800,.F.);
#8800 = EDGE_CURVE('',#8730,#8801,#8803,.T.);
#8801 = VERTEX_POINT('',#8802);
#8802 = CARTESIAN_POINT('',(0.8,202.4,40.));
#8803 = LINE('',#8804,#8805);
#8804 = CARTESIAN_POINT('',(0.266666666667,201.86666666666,
    40.533333333333));
#8805 = VECTOR('',#8806,1.);
#8806 = DIRECTION('',(0.57735026919,0.57735026919,-0.57735026919));
#8807 = ORIENTED_EDGE('',*,*,#8739,.T.);
#8808 = ORIENTED_EDGE('',*,*,#8809,.T.);
#8809 = EDGE_CURVE('',#8740,#8810,#8812,.T.);
#8810 = VERTEX_POINT('',#8811);
#8811 = CARTESIAN_POINT('',(0.8,251.6,40.));
#8812 = LINE('',#8813,#8814);
#8813 = CARTESIAN_POINT('',(8.733333333333,243.66666666666,
    32.066666666667));
#8814 = VECTOR('',#8815,1.);
#8815 = DIRECTION('',(0.57735026919,-0.57735026919,-0.57735026919));
#8816 = ORIENTED_EDGE('',*,*,#8817,.F.);
#8817 = EDGE_CURVE('',#8801,#8810,#8818,.T.);
#8818 = LINE('',#8819,#8820);
#8819 = CARTESIAN_POINT('',(0.8,201.6,40.));
#8820 = VECTOR('',#8821,1.);
#8821 = DIRECTION('',(0.,1.,0.));
#8822 = PLANE('',#8823);
#8823 = AXIS2_PLACEMENT_3D('',#8824,#8825,#8826);
#8824 = CARTESIAN_POINT('',(0.4,201.6,40.4));
#8825 = DIRECTION('',(-0.707106781187,9.771056503467E-19,-0.707106781187
    ));
#8826 = DIRECTION('',(6.909180312959E-19,1.,6.909180312959E-19));
#8827 = ADVANCED_FACE('',(#8828),#8853,.F.);
#8828 = FACE_BOUND('',#8829,.F.);
#8829 = EDGE_LOOP('',(#8830,#8838,#8839,#8847));
#8830 = ORIENTED_EDGE('',*,*,#8831,.F.);
#8831 = EDGE_CURVE('',#8732,#8832,#8834,.T.);
#8832 = VERTEX_POINT('',#8833);
#8833 = CARTESIAN_POINT('',(0.8,202.4,46.35));
#8834 = LINE('',#8835,#8836);
#8835 = CARTESIAN_POINT('',(0.266666666667,201.86666666666,
    45.816666666667));
#8836 = VECTOR('',#8837,1.);
#8837 = DIRECTION('',(0.57735026919,0.57735026919,0.57735026919));
#8838 = ORIENTED_EDGE('',*,*,#8755,.T.);
#8839 = ORIENTED_EDGE('',*,*,#8840,.T.);
#8840 = EDGE_CURVE('',#8748,#8841,#8843,.T.);
#8841 = VERTEX_POINT('',#8842);
#8842 = CARTESIAN_POINT('',(0.8,251.6,46.35));
#8843 = LINE('',#8844,#8845);
#8844 = CARTESIAN_POINT('',(8.733333333333,243.66666666666,
    54.283333333333));
#8845 = VECTOR('',#8846,1.);
#8846 = DIRECTION('',(0.57735026919,-0.57735026919,0.57735026919));
#8847 = ORIENTED_EDGE('',*,*,#8848,.F.);
#8848 = EDGE_CURVE('',#8832,#8841,#8849,.T.);
#8849 = LINE('',#8850,#8851);
#8850 = CARTESIAN_POINT('',(0.8,201.6,46.35));
#8851 = VECTOR('',#8852,1.);
#8852 = DIRECTION('',(0.,1.,0.));
#8853 = PLANE('',#8854);
#8854 = AXIS2_PLACEMENT_3D('',#8855,#8856,#8857);
#8855 = CARTESIAN_POINT('',(0.4,201.6,45.95));
#8856 = DIRECTION('',(0.707106781187,4.107433389909E-18,-0.707106781187)
  );
#8857 = DIRECTION('',(-2.904394003277E-18,1.,2.904394003277E-18));
#8858 = ADVANCED_FACE('',(#8859),#8884,.T.);
#8859 = FACE_BOUND('',#8860,.T.);
#8860 = EDGE_LOOP('',(#8861,#8871,#8877,#8878));
#8861 = ORIENTED_EDGE('',*,*,#8862,.F.);
#8862 = EDGE_CURVE('',#8863,#8865,#8867,.T.);
#8863 = VERTEX_POINT('',#8864);
#8864 = CARTESIAN_POINT('',(101.6,252.4,40.8));
#8865 = VERTEX_POINT('',#8866);
#8866 = CARTESIAN_POINT('',(101.6,252.4,45.55));
#8867 = LINE('',#8868,#8869);
#8868 = CARTESIAN_POINT('',(101.6,252.4,40.));
#8869 = VECTOR('',#8870,1.);
#8870 = DIRECTION('',(0.,0.,1.));
#8871 = ORIENTED_EDGE('',*,*,#8872,.F.);
#8872 = EDGE_CURVE('',#8740,#8863,#8873,.T.);
#8873 = LINE('',#8874,#8875);
#8874 = CARTESIAN_POINT('',(0.,252.4,40.8));
#8875 = VECTOR('',#8876,1.);
#8876 = DIRECTION('',(1.,0.,0.));
#8877 = ORIENTED_EDGE('',*,*,#8747,.T.);
#8878 = ORIENTED_EDGE('',*,*,#8879,.T.);
#8879 = EDGE_CURVE('',#8748,#8865,#8880,.T.);
#8880 = LINE('',#8881,#8882);
#8881 = CARTESIAN_POINT('',(0.,252.4,45.55));
#8882 = VECTOR('',#8883,1.);
#8883 = DIRECTION('',(1.,0.,0.));
#8884 = PLANE('',#8885);
#8885 = AXIS2_PLACEMENT_3D('',#8886,#8887,#8888);
#8886 = CARTESIAN_POINT('',(0.,252.4,40.));
#8887 = DIRECTION('',(0.,1.,0.));
#8888 = DIRECTION('',(0.,0.,1.));
#8889 = ADVANCED_FACE('',(#8890),#8906,.T.);
#8890 = FACE_BOUND('',#8891,.T.);
#8891 = EDGE_LOOP('',(#8892,#8893,#8899,#8900));
#8892 = ORIENTED_EDGE('',*,*,#8769,.F.);
#8893 = ORIENTED_EDGE('',*,*,#8894,.T.);
#8894 = EDGE_CURVE('',#8770,#8863,#8895,.T.);
#8895 = LINE('',#8896,#8897);
#8896 = CARTESIAN_POINT('',(101.6,201.6,40.8));
#8897 = VECTOR('',#8898,1.);
#8898 = DIRECTION('',(0.,1.,0.));
#8899 = ORIENTED_EDGE('',*,*,#8862,.T.);
#8900 = ORIENTED_EDGE('',*,*,#8901,.F.);
#8901 = EDGE_CURVE('',#8772,#8865,#8902,.T.);
#8902 = LINE('',#8903,#8904);
#8903 = CARTESIAN_POINT('',(101.6,201.6,45.55));
#8904 = VECTOR('',#8905,1.);
#8905 = DIRECTION('',(0.,1.,0.));
#8906 = PLANE('',#8907);
#8907 = AXIS2_PLACEMENT_3D('',#8908,#8909,#8910);
#8908 = CARTESIAN_POINT('',(101.6,201.6,40.));
#8909 = DIRECTION('',(1.,0.,0.));
#8910 = DIRECTION('',(0.,0.,1.));
#8911 = ADVANCED_FACE('',(#8912),#8930,.T.);
#8912 = FACE_BOUND('',#8913,.F.);
#8913 = EDGE_LOOP('',(#8914,#8915,#8916,#8924));
#8914 = ORIENTED_EDGE('',*,*,#8800,.F.);
#8915 = ORIENTED_EDGE('',*,*,#8779,.T.);
#8916 = ORIENTED_EDGE('',*,*,#8917,.T.);
#8917 = EDGE_CURVE('',#8770,#8918,#8920,.T.);
#8918 = VERTEX_POINT('',#8919);
#8919 = CARTESIAN_POINT('',(100.8,202.4,40.));
#8920 = LINE('',#8921,#8922);
#8921 = CARTESIAN_POINT('',(84.4,218.8,23.6));
#8922 = VECTOR('',#8923,1.);
#8923 = DIRECTION('',(-0.57735026919,0.57735026919,-0.57735026919));
#8924 = ORIENTED_EDGE('',*,*,#8925,.F.);
#8925 = EDGE_CURVE('',#8801,#8918,#8926,.T.);
#8926 = LINE('',#8927,#8928);
#8927 = CARTESIAN_POINT('',(0.,202.4,40.));
#8928 = VECTOR('',#8929,1.);
#8929 = DIRECTION('',(1.,0.,0.));
#8930 = PLANE('',#8931);
#8931 = AXIS2_PLACEMENT_3D('',#8932,#8933,#8934);
#8932 = CARTESIAN_POINT('',(0.,202.,40.4));
#8933 = DIRECTION('',(9.771056503467E-19,-0.707106781187,-0.707106781187
    ));
#8934 = DIRECTION('',(-1.,-6.909180312959E-19,-6.909180312959E-19));
#8935 = ADVANCED_FACE('',(#8936),#8954,.F.);
#8936 = FACE_BOUND('',#8937,.T.);
#8937 = EDGE_LOOP('',(#8938,#8939,#8940,#8948));
#8938 = ORIENTED_EDGE('',*,*,#8831,.F.);
#8939 = ORIENTED_EDGE('',*,*,#8786,.T.);
#8940 = ORIENTED_EDGE('',*,*,#8941,.T.);
#8941 = EDGE_CURVE('',#8772,#8942,#8944,.T.);
#8942 = VERTEX_POINT('',#8943);
#8943 = CARTESIAN_POINT('',(100.8,202.4,46.35));
#8944 = LINE('',#8945,#8946);
#8945 = CARTESIAN_POINT('',(84.4,218.8,62.75));
#8946 = VECTOR('',#8947,1.);
#8947 = DIRECTION('',(-0.57735026919,0.57735026919,0.57735026919));
#8948 = ORIENTED_EDGE('',*,*,#8949,.F.);
#8949 = EDGE_CURVE('',#8832,#8942,#8950,.T.);
#8950 = LINE('',#8951,#8952);
#8951 = CARTESIAN_POINT('',(0.,202.4,46.35));
#8952 = VECTOR('',#8953,1.);
#8953 = DIRECTION('',(1.,0.,0.));
#8954 = PLANE('',#8955);
#8955 = AXIS2_PLACEMENT_3D('',#8956,#8957,#8958);
#8956 = CARTESIAN_POINT('',(0.,202.,45.95));
#8957 = DIRECTION('',(-4.863523573332E-18,0.707106781187,-0.707106781187
    ));
#8958 = DIRECTION('',(-1.,-3.439030499164E-18,3.439030499164E-18));
#8959 = ADVANCED_FACE('',(#8960,#8978,#8989,#9000,#9011,#9022),#9033,.F.
  );
#8960 = FACE_BOUND('',#8961,.F.);
#8961 = EDGE_LOOP('',(#8962,#8963,#8964,#8972));
#8962 = ORIENTED_EDGE('',*,*,#8817,.F.);
#8963 = ORIENTED_EDGE('',*,*,#8925,.T.);
#8964 = ORIENTED_EDGE('',*,*,#8965,.T.);
#8965 = EDGE_CURVE('',#8918,#8966,#8968,.T.);
#8966 = VERTEX_POINT('',#8967);
#8967 = CARTESIAN_POINT('',(100.8,251.6,40.));
#8968 = LINE('',#8969,#8970);
#8969 = CARTESIAN_POINT('',(100.8,201.6,40.));
#8970 = VECTOR('',#8971,1.);
#8971 = DIRECTION('',(0.,1.,0.));
#8972 = ORIENTED_EDGE('',*,*,#8973,.F.);
#8973 = EDGE_CURVE('',#8810,#8966,#8974,.T.);
#8974 = LINE('',#8975,#8976);
#8975 = CARTESIAN_POINT('',(0.,251.6,40.));
#8976 = VECTOR('',#8977,1.);
#8977 = DIRECTION('',(1.,0.,0.));
#8978 = FACE_BOUND('',#8979,.F.);
#8979 = EDGE_LOOP('',(#8980));
#8980 = ORIENTED_EDGE('',*,*,#8981,.F.);
#8981 = EDGE_CURVE('',#8982,#8982,#8984,.T.);
#8982 = VERTEX_POINT('',#8983);
#8983 = CARTESIAN_POINT('',(20.1,217.6,40.));
#8984 = CIRCLE('',#8985,4.1);
#8985 = AXIS2_PLACEMENT_3D('',#8986,#8987,#8988);
#8986 = CARTESIAN_POINT('',(16.,217.6,40.));
#8987 = DIRECTION('',(0.,0.,1.));
#8988 = DIRECTION('',(1.,0.,0.));
#8989 = FACE_BOUND('',#8990,.F.);
#8990 = EDGE_LOOP('',(#8991));
#8991 = ORIENTED_EDGE('',*,*,#8992,.F.);
#8992 = EDGE_CURVE('',#8993,#8993,#8995,.T.);
#8993 = VERTEX_POINT('',#8994);
#8994 = CARTESIAN_POINT('',(89.7,217.6,40.));
#8995 = CIRCLE('',#8996,4.1);
#8996 = AXIS2_PLACEMENT_3D('',#8997,#8998,#8999);
#8997 = CARTESIAN_POINT('',(85.6,217.6,40.));
#8998 = DIRECTION('',(0.,0.,1.));
#8999 = DIRECTION('',(1.,0.,0.));
#9000 = FACE_BOUND('',#9001,.F.);
#9001 = EDGE_LOOP('',(#9002));
#9002 = ORIENTED_EDGE('',*,*,#9003,.F.);
#9003 = EDGE_CURVE('',#9004,#9004,#9006,.T.);
#9004 = VERTEX_POINT('',#9005);
#9005 = CARTESIAN_POINT('',(18.5,236.4,40.));
#9006 = CIRCLE('',#9007,2.5);
#9007 = AXIS2_PLACEMENT_3D('',#9008,#9009,#9010);
#9008 = CARTESIAN_POINT('',(16.,236.4,40.));
#9009 = DIRECTION('',(0.,0.,1.));
#9010 = DIRECTION('',(1.,0.,0.));
#9011 = FACE_BOUND('',#9012,.F.);
#9012 = EDGE_LOOP('',(#9013));
#9013 = ORIENTED_EDGE('',*,*,#9014,.F.);
#9014 = EDGE_CURVE('',#9015,#9015,#9017,.T.);
#9015 = VERTEX_POINT('',#9016);
#9016 = CARTESIAN_POINT('',(55.05,227.,40.));
#9017 = CIRCLE('',#9018,4.25);
#9018 = AXIS2_PLACEMENT_3D('',#9019,#9020,#9021);
#9019 = CARTESIAN_POINT('',(50.8,227.,40.));
#9020 = DIRECTION('',(0.,0.,1.));
#9021 = DIRECTION('',(1.,0.,0.));
#9022 = FACE_BOUND('',#9023,.F.);
#9023 = EDGE_LOOP('',(#9024));
#9024 = ORIENTED_EDGE('',*,*,#9025,.F.);
#9025 = EDGE_CURVE('',#9026,#9026,#9028,.T.);
#9026 = VERTEX_POINT('',#9027);
#9027 = CARTESIAN_POINT('',(88.1,236.4,40.));
#9028 = CIRCLE('',#9029,2.5);
#9029 = AXIS2_PLACEMENT_3D('',#9030,#9031,#9032);
#9030 = CARTESIAN_POINT('',(85.6,236.4,40.));
#9031 = DIRECTION('',(0.,0.,1.));
#9032 = DIRECTION('',(1.,0.,0.));
#9033 = PLANE('',#9034);
#9034 = AXIS2_PLACEMENT_3D('',#9035,#9036,#9037);
#9035 = CARTESIAN_POINT('',(0.,201.6,40.));
#9036 = DIRECTION('',(0.,0.,1.));
#9037 = DIRECTION('',(1.,0.,0.));
#9038 = ADVANCED_FACE('',(#9039),#9050,.F.);
#9039 = FACE_BOUND('',#9040,.T.);
#9040 = EDGE_LOOP('',(#9041,#9042,#9043,#9049));
#9041 = ORIENTED_EDGE('',*,*,#8809,.F.);
#9042 = ORIENTED_EDGE('',*,*,#8872,.T.);
#9043 = ORIENTED_EDGE('',*,*,#9044,.T.);
#9044 = EDGE_CURVE('',#8863,#8966,#9045,.T.);
#9045 = LINE('',#9046,#9047);
#9046 = CARTESIAN_POINT('',(75.933333333333,226.73333333333,
    15.133333333333));
#9047 = VECTOR('',#9048,1.);
#9048 = DIRECTION('',(-0.57735026919,-0.57735026919,-0.57735026919));
#9049 = ORIENTED_EDGE('',*,*,#8973,.F.);
#9050 = PLANE('',#9051);
#9051 = AXIS2_PLACEMENT_3D('',#9052,#9053,#9054);
#9052 = CARTESIAN_POINT('',(0.,252.,40.4));
#9053 = DIRECTION('',(6.070692462065E-18,-0.707106781187,0.707106781187)
  );
#9054 = DIRECTION('',(-1.,-4.292627806425E-18,4.292627806425E-18));
#9055 = ADVANCED_FACE('',(#9056,#9074,#9085,#9096,#9107,#9118),#9129,.T.
  );
#9056 = FACE_BOUND('',#9057,.T.);
#9057 = EDGE_LOOP('',(#9058,#9059,#9060,#9068));
#9058 = ORIENTED_EDGE('',*,*,#8848,.F.);
#9059 = ORIENTED_EDGE('',*,*,#8949,.T.);
#9060 = ORIENTED_EDGE('',*,*,#9061,.T.);
#9061 = EDGE_CURVE('',#8942,#9062,#9064,.T.);
#9062 = VERTEX_POINT('',#9063);
#9063 = CARTESIAN_POINT('',(100.8,251.6,46.35));
#9064 = LINE('',#9065,#9066);
#9065 = CARTESIAN_POINT('',(100.8,201.6,46.35));
#9066 = VECTOR('',#9067,1.);
#9067 = DIRECTION('',(0.,1.,0.));
#9068 = ORIENTED_EDGE('',*,*,#9069,.F.);
#9069 = EDGE_CURVE('',#8841,#9062,#9070,.T.);
#9070 = LINE('',#9071,#9072);
#9071 = CARTESIAN_POINT('',(0.,251.6,46.35));
#9072 = VECTOR('',#9073,1.);
#9073 = DIRECTION('',(1.,0.,0.));
#9074 = FACE_BOUND('',#9075,.T.);
#9075 = EDGE_LOOP('',(#9076));
#9076 = ORIENTED_EDGE('',*,*,#9077,.F.);
#9077 = EDGE_CURVE('',#9078,#9078,#9080,.T.);
#9078 = VERTEX_POINT('',#9079);
#9079 = CARTESIAN_POINT('',(20.1,217.6,46.35));
#9080 = CIRCLE('',#9081,4.1);
#9081 = AXIS2_PLACEMENT_3D('',#9082,#9083,#9084);
#9082 = CARTESIAN_POINT('',(16.,217.6,46.35));
#9083 = DIRECTION('',(0.,0.,1.));
#9084 = DIRECTION('',(1.,0.,0.));
#9085 = FACE_BOUND('',#9086,.T.);
#9086 = EDGE_LOOP('',(#9087));
#9087 = ORIENTED_EDGE('',*,*,#9088,.F.);
#9088 = EDGE_CURVE('',#9089,#9089,#9091,.T.);
#9089 = VERTEX_POINT('',#9090);
#9090 = CARTESIAN_POINT('',(89.7,217.6,46.35));
#9091 = CIRCLE('',#9092,4.1);
#9092 = AXIS2_PLACEMENT_3D('',#9093,#9094,#9095);
#9093 = CARTESIAN_POINT('',(85.6,217.6,46.35));
#9094 = DIRECTION('',(0.,0.,1.));
#9095 = DIRECTION('',(1.,0.,0.));
#9096 = FACE_BOUND('',#9097,.T.);
#9097 = EDGE_LOOP('',(#9098));
#9098 = ORIENTED_EDGE('',*,*,#9099,.F.);
#9099 = EDGE_CURVE('',#9100,#9100,#9102,.T.);
#9100 = VERTEX_POINT('',#9101);
#9101 = CARTESIAN_POINT('',(18.5,236.4,46.35));
#9102 = CIRCLE('',#9103,2.5);
#9103 = AXIS2_PLACEMENT_3D('',#9104,#9105,#9106);
#9104 = CARTESIAN_POINT('',(16.,236.4,46.35));
#9105 = DIRECTION('',(0.,0.,1.));
#9106 = DIRECTION('',(1.,0.,0.));
#9107 = FACE_BOUND('',#9108,.T.);
#9108 = EDGE_LOOP('',(#9109));
#9109 = ORIENTED_EDGE('',*,*,#9110,.F.);
#9110 = EDGE_CURVE('',#9111,#9111,#9113,.T.);
#9111 = VERTEX_POINT('',#9112);
#9112 = CARTESIAN_POINT('',(55.05,227.,46.35));
#9113 = CIRCLE('',#9114,4.25);
#9114 = AXIS2_PLACEMENT_3D('',#9115,#9116,#9117);
#9115 = CARTESIAN_POINT('',(50.8,227.,46.35));
#9116 = DIRECTION('',(0.,0.,1.));
#9117 = DIRECTION('',(1.,0.,0.));
#9118 = FACE_BOUND('',#9119,.T.);
#9119 = EDGE_LOOP('',(#9120));
#9120 = ORIENTED_EDGE('',*,*,#9121,.F.);
#9121 = EDGE_CURVE('',#9122,#9122,#9124,.T.);
#9122 = VERTEX_POINT('',#9123);
#9123 = CARTESIAN_POINT('',(88.1,236.4,46.35));
#9124 = CIRCLE('',#9125,2.5);
#9125 = AXIS2_PLACEMENT_3D('',#9126,#9127,#9128);
#9126 = CARTESIAN_POINT('',(85.6,236.4,46.35));
#9127 = DIRECTION('',(0.,0.,1.));
#9128 = DIRECTION('',(1.,0.,0.));
#9129 = PLANE('',#9130);
#9130 = AXIS2_PLACEMENT_3D('',#9131,#9132,#9133);
#9131 = CARTESIAN_POINT('',(0.,201.6,46.35));
#9132 = DIRECTION('',(0.,0.,1.));
#9133 = DIRECTION('',(1.,0.,0.));
#9134 = ADVANCED_FACE('',(#9135),#9146,.T.);
#9135 = FACE_BOUND('',#9136,.T.);
#9136 = EDGE_LOOP('',(#9137,#9138,#9139,#9145));
#9137 = ORIENTED_EDGE('',*,*,#8840,.T.);
#9138 = ORIENTED_EDGE('',*,*,#9069,.T.);
#9139 = ORIENTED_EDGE('',*,*,#9140,.T.);
#9140 = EDGE_CURVE('',#9062,#8865,#9141,.T.);
#9141 = LINE('',#9142,#9143);
#9142 = CARTESIAN_POINT('',(75.933333333333,226.73333333333,
    71.216666666667));
#9143 = VECTOR('',#9144,1.);
#9144 = DIRECTION('',(0.57735026919,0.57735026919,-0.57735026919));
#9145 = ORIENTED_EDGE('',*,*,#8879,.F.);
#9146 = PLANE('',#9147);
#9147 = AXIS2_PLACEMENT_3D('',#9148,#9149,#9150);
#9148 = CARTESIAN_POINT('',(0.,252.,45.95));
#9149 = DIRECTION('',(-4.082897117453E-18,0.707106781187,0.707106781187)
  );
#9150 = DIRECTION('',(1.,2.887044238638E-18,2.887044238638E-18));
#9151 = ADVANCED_FACE('',(#9152),#9158,.F.);
#9152 = FACE_BOUND('',#9153,.T.);
#9153 = EDGE_LOOP('',(#9154,#9155,#9156,#9157));
#9154 = ORIENTED_EDGE('',*,*,#8917,.T.);
#9155 = ORIENTED_EDGE('',*,*,#8965,.T.);
#9156 = ORIENTED_EDGE('',*,*,#9044,.F.);
#9157 = ORIENTED_EDGE('',*,*,#8894,.F.);
#9158 = PLANE('',#9159);
#9159 = AXIS2_PLACEMENT_3D('',#9160,#9161,#9162);
#9160 = CARTESIAN_POINT('',(101.2,201.6,40.4));
#9161 = DIRECTION('',(-0.707106781187,-4.020751880993E-18,0.707106781187
    ));
#9162 = DIRECTION('',(2.843100920519E-18,-1.,-2.843100920519E-18));
#9163 = ADVANCED_FACE('',(#9164),#9170,.T.);
#9164 = FACE_BOUND('',#9165,.F.);
#9165 = EDGE_LOOP('',(#9166,#9167,#9168,#9169));
#9166 = ORIENTED_EDGE('',*,*,#8941,.T.);
#9167 = ORIENTED_EDGE('',*,*,#9061,.T.);
#9168 = ORIENTED_EDGE('',*,*,#9140,.T.);
#9169 = ORIENTED_EDGE('',*,*,#8901,.F.);
#9170 = PLANE('',#9171);
#9171 = AXIS2_PLACEMENT_3D('',#9172,#9173,#9174);
#9172 = CARTESIAN_POINT('',(101.2,201.6,45.95));
#9173 = DIRECTION('',(0.707106781187,4.020751880993E-18,0.707106781187)
  );
#9174 = DIRECTION('',(2.843100920519E-18,-1.,2.843100920519E-18));
#9175 = ADVANCED_FACE('',(#9176),#9187,.F.);
#9176 = FACE_BOUND('',#9177,.F.);
#9177 = EDGE_LOOP('',(#9178,#9179,#9185,#9186));
#9178 = ORIENTED_EDGE('',*,*,#9077,.F.);
#9179 = ORIENTED_EDGE('',*,*,#9180,.F.);
#9180 = EDGE_CURVE('',#8982,#9078,#9181,.T.);
#9181 = LINE('',#9182,#9183);
#9182 = CARTESIAN_POINT('',(20.1,217.6,39.));
#9183 = VECTOR('',#9184,1.);
#9184 = DIRECTION('',(0.,0.,1.));
#9185 = ORIENTED_EDGE('',*,*,#8981,.T.);
#9186 = ORIENTED_EDGE('',*,*,#9180,.T.);
#9187 = CYLINDRICAL_SURFACE('',#9188,4.1);
#9188 = AXIS2_PLACEMENT_3D('',#9189,#9190,#9191);
#9189 = CARTESIAN_POINT('',(16.,217.6,39.));
#9190 = DIRECTION('',(0.,0.,1.));
#9191 = DIRECTION('',(1.,0.,0.));
#9192 = ADVANCED_FACE('',(#9193),#9204,.F.);
#9193 = FACE_BOUND('',#9194,.F.);
#9194 = EDGE_LOOP('',(#9195,#9196,#9202,#9203));
#9195 = ORIENTED_EDGE('',*,*,#9088,.F.);
#9196 = ORIENTED_EDGE('',*,*,#9197,.F.);
#9197 = EDGE_CURVE('',#8993,#9089,#9198,.T.);
#9198 = LINE('',#9199,#9200);
#9199 = CARTESIAN_POINT('',(89.7,217.6,39.));
#9200 = VECTOR('',#9201,1.);
#9201 = DIRECTION('',(0.,0.,1.));
#9202 = ORIENTED_EDGE('',*,*,#8992,.T.);
#9203 = ORIENTED_EDGE('',*,*,#9197,.T.);
#9204 = CYLINDRICAL_SURFACE('',#9205,4.1);
#9205 = AXIS2_PLACEMENT_3D('',#9206,#9207,#9208);
#9206 = CARTESIAN_POINT('',(85.6,217.6,39.));
#9207 = DIRECTION('',(0.,0.,1.));
#9208 = DIRECTION('',(1.,0.,0.));
#9209 = ADVANCED_FACE('',(#9210),#9221,.F.);
#9210 = FACE_BOUND('',#9211,.F.);
#9211 = EDGE_LOOP('',(#9212,#9213,#9219,#9220));
#9212 = ORIENTED_EDGE('',*,*,#9099,.F.);
#9213 = ORIENTED_EDGE('',*,*,#9214,.F.);
#9214 = EDGE_CURVE('',#9004,#9100,#9215,.T.);
#9215 = LINE('',#9216,#9217);
#9216 = CARTESIAN_POINT('',(18.5,236.4,39.));
#9217 = VECTOR('',#9218,1.);
#9218 = DIRECTION('',(0.,0.,1.));
#9219 = ORIENTED_EDGE('',*,*,#9003,.T.);
#9220 = ORIENTED_EDGE('',*,*,#9214,.T.);
#9221 = CYLINDRICAL_SURFACE('',#9222,2.5);
#9222 = AXIS2_PLACEMENT_3D('',#9223,#9224,#9225);
#9223 = CARTESIAN_POINT('',(16.,236.4,39.));
#9224 = DIRECTION('',(0.,0.,1.));
#9225 = DIRECTION('',(1.,0.,0.));
#9226 = ADVANCED_FACE('',(#9227),#9238,.F.);
#9227 = FACE_BOUND('',#9228,.F.);
#9228 = EDGE_LOOP('',(#9229,#9230,#9236,#9237));
#9229 = ORIENTED_EDGE('',*,*,#9110,.F.);
#9230 = ORIENTED_EDGE('',*,*,#9231,.F.);
#9231 = EDGE_CURVE('',#9015,#9111,#9232,.T.);
#9232 = LINE('',#9233,#9234);
#9233 = CARTESIAN_POINT('',(55.05,227.,39.));
#9234 = VECTOR('',#9235,1.);
#9235 = DIRECTION('',(0.,0.,1.));
#9236 = ORIENTED_EDGE('',*,*,#9014,.T.);
#9237 = ORIENTED_EDGE('',*,*,#9231,.T.);
#9238 = CYLINDRICAL_SURFACE('',#9239,4.25);
#9239 = AXIS2_PLACEMENT_3D('',#9240,#9241,#9242);
#9240 = CARTESIAN_POINT('',(50.8,227.,39.));
#9241 = DIRECTION('',(0.,0.,1.));
#9242 = DIRECTION('',(1.,0.,0.));
#9243 = ADVANCED_FACE('',(#9244),#9255,.F.);
#9244 = FACE_BOUND('',#9245,.F.);
#9245 = EDGE_LOOP('',(#9246,#9247,#9253,#9254));
#9246 = ORIENTED_EDGE('',*,*,#9121,.F.);
#9247 = ORIENTED_EDGE('',*,*,#9248,.F.);
#9248 = EDGE_CURVE('',#9026,#9122,#9249,.T.);
#9249 = LINE('',#9250,#9251);
#9250 = CARTESIAN_POINT('',(88.1,236.4,39.));
#9251 = VECTOR('',#9252,1.);
#9252 = DIRECTION('',(0.,0.,1.));
#9253 = ORIENTED_EDGE('',*,*,#9025,.T.);
#9254 = ORIENTED_EDGE('',*,*,#9248,.T.);
#9255 = CYLINDRICAL_SURFACE('',#9256,2.5);
#9256 = AXIS2_PLACEMENT_3D('',#9257,#9258,#9259);
#9257 = CARTESIAN_POINT('',(85.6,236.4,39.));
#9258 = DIRECTION('',(0.,0.,1.));
#9259 = DIRECTION('',(1.,0.,0.));
#9260 = MANIFOLD_SOLID_BREP('',#9261);
#9261 = CLOSED_SHELL('',(#9262,#9295,#9304));
#9262 = ADVANCED_FACE('',(#9263),#9290,.T.);
#9263 = FACE_BOUND('',#9264,.T.);
#9264 = EDGE_LOOP('',(#9265,#9274,#9282,#9289));
#9265 = ORIENTED_EDGE('',*,*,#9266,.F.);
#9266 = EDGE_CURVE('',#9267,#9267,#9269,.T.);
#9267 = VERTEX_POINT('',#9268);
#9268 = CARTESIAN_POINT('',(19.969,217.6,68.35));
#9269 = CIRCLE('',#9270,3.969);
#9270 = AXIS2_PLACEMENT_3D('',#9271,#9272,#9273);
#9271 = CARTESIAN_POINT('',(16.,217.6,68.35));
#9272 = DIRECTION('',(0.,0.,1.));
#9273 = DIRECTION('',(1.,0.,0.));
#9274 = ORIENTED_EDGE('',*,*,#9275,.F.);
#9275 = EDGE_CURVE('',#9276,#9267,#9278,.T.);
#9276 = VERTEX_POINT('',#9277);
#9277 = CARTESIAN_POINT('',(19.969,217.6,32.8));
#9278 = LINE('',#9279,#9280);
#9279 = CARTESIAN_POINT('',(19.969,217.6,32.8));
#9280 = VECTOR('',#9281,1.);
#9281 = DIRECTION('',(0.,0.,1.));
#9282 = ORIENTED_EDGE('',*,*,#9283,.T.);
#9283 = EDGE_CURVE('',#9276,#9276,#9284,.T.);
#9284 = CIRCLE('',#9285,3.969);
#9285 = AXIS2_PLACEMENT_3D('',#9286,#9287,#9288);
#9286 = CARTESIAN_POINT('',(16.,217.6,32.8));
#9287 = DIRECTION('',(0.,0.,1.));
#9288 = DIRECTION('',(1.,0.,0.));
#9289 = ORIENTED_EDGE('',*,*,#9275,.T.);
#9290 = CYLINDRICAL_SURFACE('',#9291,3.969);
#9291 = AXIS2_PLACEMENT_3D('',#9292,#9293,#9294);
#9292 = CARTESIAN_POINT('',(16.,217.6,32.8));
#9293 = DIRECTION('',(0.,0.,1.));
#9294 = DIRECTION('',(1.,0.,0.));
#9295 = ADVANCED_FACE('',(#9296),#9299,.T.);
#9296 = FACE_BOUND('',#9297,.T.);
#9297 = EDGE_LOOP('',(#9298));
#9298 = ORIENTED_EDGE('',*,*,#9266,.T.);
#9299 = PLANE('',#9300);
#9300 = AXIS2_PLACEMENT_3D('',#9301,#9302,#9303);
#9301 = CARTESIAN_POINT('',(16.,217.6,68.35));
#9302 = DIRECTION('',(0.,0.,1.));
#9303 = DIRECTION('',(1.,0.,0.));
#9304 = ADVANCED_FACE('',(#9305),#9308,.F.);
#9305 = FACE_BOUND('',#9306,.T.);
#9306 = EDGE_LOOP('',(#9307));
#9307 = ORIENTED_EDGE('',*,*,#9283,.F.);
#9308 = PLANE('',#9309);
#9309 = AXIS2_PLACEMENT_3D('',#9310,#9311,#9312);
#9310 = CARTESIAN_POINT('',(16.,217.6,32.8));
#9311 = DIRECTION('',(0.,0.,1.));
#9312 = DIRECTION('',(1.,0.,0.));
#9313 = MANIFOLD_SOLID_BREP('',#9314);
#9314 = CLOSED_SHELL('',(#9315,#9348,#9368,#9388));
#9315 = ADVANCED_FACE('',(#9316),#9343,.T.);
#9316 = FACE_BOUND('',#9317,.T.);
#9317 = EDGE_LOOP('',(#9318,#9327,#9335,#9342));
#9318 = ORIENTED_EDGE('',*,*,#9319,.F.);
#9319 = EDGE_CURVE('',#9320,#9320,#9322,.T.);
#9320 = VERTEX_POINT('',#9321);
#9321 = CARTESIAN_POINT('',(27.1,217.6,48.35));
#9322 = CIRCLE('',#9323,11.1);
#9323 = AXIS2_PLACEMENT_3D('',#9324,#9325,#9326);
#9324 = CARTESIAN_POINT('',(16.,217.6,48.35));
#9325 = DIRECTION('',(0.,0.,1.));
#9326 = DIRECTION('',(1.,0.,0.));
#9327 = ORIENTED_EDGE('',*,*,#9328,.F.);
#9328 = EDGE_CURVE('',#9329,#9320,#9331,.T.);
#9329 = VERTEX_POINT('',#9330);
#9330 = CARTESIAN_POINT('',(27.1,217.6,46.35));
#9331 = LINE('',#9332,#9333);
#9332 = CARTESIAN_POINT('',(27.1,217.6,46.35));
#9333 = VECTOR('',#9334,1.);
#9334 = DIRECTION('',(0.,0.,1.));
#9335 = ORIENTED_EDGE('',*,*,#9336,.T.);
#9336 = EDGE_CURVE('',#9329,#9329,#9337,.T.);
#9337 = CIRCLE('',#9338,11.1);
#9338 = AXIS2_PLACEMENT_3D('',#9339,#9340,#9341);
#9339 = CARTESIAN_POINT('',(16.,217.6,46.35));
#9340 = DIRECTION('',(0.,0.,1.));
#9341 = DIRECTION('',(1.,0.,0.));
#9342 = ORIENTED_EDGE('',*,*,#9328,.T.);
#9343 = CYLINDRICAL_SURFACE('',#9344,11.1);
#9344 = AXIS2_PLACEMENT_3D('',#9345,#9346,#9347);
#9345 = CARTESIAN_POINT('',(16.,217.6,46.35));
#9346 = DIRECTION('',(0.,0.,1.));
#9347 = DIRECTION('',(1.,0.,0.));
#9348 = ADVANCED_FACE('',(#9349,#9352),#9363,.T.);
#9349 = FACE_BOUND('',#9350,.T.);
#9350 = EDGE_LOOP('',(#9351));
#9351 = ORIENTED_EDGE('',*,*,#9319,.T.);
#9352 = FACE_BOUND('',#9353,.T.);
#9353 = EDGE_LOOP('',(#9354));
#9354 = ORIENTED_EDGE('',*,*,#9355,.F.);
#9355 = EDGE_CURVE('',#9356,#9356,#9358,.T.);
#9356 = VERTEX_POINT('',#9357);
#9357 = CARTESIAN_POINT('',(20.2,217.6,48.35));
#9358 = CIRCLE('',#9359,4.2);
#9359 = AXIS2_PLACEMENT_3D('',#9360,#9361,#9362);
#9360 = CARTESIAN_POINT('',(16.,217.6,48.35));
#9361 = DIRECTION('',(0.,0.,1.));
#9362 = DIRECTION('',(1.,0.,0.));
#9363 = PLANE('',#9364);
#9364 = AXIS2_PLACEMENT_3D('',#9365,#9366,#9367);
#9365 = CARTESIAN_POINT('',(16.,217.6,48.35));
#9366 = DIRECTION('',(0.,0.,1.));
#9367 = DIRECTION('',(1.,0.,0.));
#9368 = ADVANCED_FACE('',(#9369,#9372),#9383,.F.);
#9369 = FACE_BOUND('',#9370,.F.);
#9370 = EDGE_LOOP('',(#9371));
#9371 = ORIENTED_EDGE('',*,*,#9336,.T.);
#9372 = FACE_BOUND('',#9373,.F.);
#9373 = EDGE_LOOP('',(#9374));
#9374 = ORIENTED_EDGE('',*,*,#9375,.F.);
#9375 = EDGE_CURVE('',#9376,#9376,#9378,.T.);
#9376 = VERTEX_POINT('',#9377);
#9377 = CARTESIAN_POINT('',(20.2,217.6,46.35));
#9378 = CIRCLE('',#9379,4.2);
#9379 = AXIS2_PLACEMENT_3D('',#9380,#9381,#9382);
#9380 = CARTESIAN_POINT('',(16.,217.6,46.35));
#9381 = DIRECTION('',(0.,0.,1.));
#9382 = DIRECTION('',(1.,0.,0.));
#9383 = PLANE('',#9384);
#9384 = AXIS2_PLACEMENT_3D('',#9385,#9386,#9387);
#9385 = CARTESIAN_POINT('',(16.,217.6,46.35));
#9386 = DIRECTION('',(0.,0.,1.));
#9387 = DIRECTION('',(1.,0.,0.));
#9388 = ADVANCED_FACE('',(#9389),#9400,.F.);
#9389 = FACE_BOUND('',#9390,.F.);
#9390 = EDGE_LOOP('',(#9391,#9392,#9398,#9399));
#9391 = ORIENTED_EDGE('',*,*,#9355,.F.);
#9392 = ORIENTED_EDGE('',*,*,#9393,.F.);
#9393 = EDGE_CURVE('',#9376,#9356,#9394,.T.);
#9394 = LINE('',#9395,#9396);
#9395 = CARTESIAN_POINT('',(20.2,217.6,46.25));
#9396 = VECTOR('',#9397,1.);
#9397 = DIRECTION('',(0.,0.,1.));
#9398 = ORIENTED_EDGE('',*,*,#9375,.T.);
#9399 = ORIENTED_EDGE('',*,*,#9393,.T.);
#9400 = CYLINDRICAL_SURFACE('',#9401,4.2);
#9401 = AXIS2_PLACEMENT_3D('',#9402,#9403,#9404);
#9402 = CARTESIAN_POINT('',(16.,217.6,46.25));
#9403 = DIRECTION('',(0.,0.,1.));
#9404 = DIRECTION('',(1.,0.,0.));
#9405 = MANIFOLD_SOLID_BREP('',#9406);
#9406 = CLOSED_SHELL('',(#9407,#9447,#9478,#9509,#9540,#9571,#9593,#9607
    ));
#9407 = ADVANCED_FACE('',(#9408),#9442,.F.);
#9408 = FACE_BOUND('',#9409,.F.);
#9409 = EDGE_LOOP('',(#9410,#9420,#9428,#9436));
#9410 = ORIENTED_EDGE('',*,*,#9411,.T.);
#9411 = EDGE_CURVE('',#9412,#9414,#9416,.T.);
#9412 = VERTEX_POINT('',#9413);
#9413 = CARTESIAN_POINT('',(22.35,221.26617420935,48.35));
#9414 = VERTEX_POINT('',#9415);
#9415 = CARTESIAN_POINT('',(22.35,221.26617420935,55.45));
#9416 = LINE('',#9417,#9418);
#9417 = CARTESIAN_POINT('',(22.35,221.26617420935,48.35));
#9418 = VECTOR('',#9419,1.);
#9419 = DIRECTION('',(0.,0.,1.));
#9420 = ORIENTED_EDGE('',*,*,#9421,.T.);
#9421 = EDGE_CURVE('',#9414,#9422,#9424,.T.);
#9422 = VERTEX_POINT('',#9423);
#9423 = CARTESIAN_POINT('',(16.,224.9323484187,55.45));
#9424 = LINE('',#9425,#9426);
#9425 = CARTESIAN_POINT('',(22.35,221.26617420935,55.45));
#9426 = VECTOR('',#9427,1.);
#9427 = DIRECTION('',(-0.866025403784,0.5,0.));
#9428 = ORIENTED_EDGE('',*,*,#9429,.F.);
#9429 = EDGE_CURVE('',#9430,#9422,#9432,.T.);
#9430 = VERTEX_POINT('',#9431);
#9431 = CARTESIAN_POINT('',(16.,224.9323484187,48.35));
#9432 = LINE('',#9433,#9434);
#9433 = CARTESIAN_POINT('',(16.,224.9323484187,48.35));
#9434 = VECTOR('',#9435,1.);
#9435 = DIRECTION('',(0.,0.,1.));
#9436 = ORIENTED_EDGE('',*,*,#9437,.F.);
#9437 = EDGE_CURVE('',#9412,#9430,#9438,.T.);
#9438 = LINE('',#9439,#9440);
#9439 = CARTESIAN_POINT('',(22.35,221.26617420935,48.35));
#9440 = VECTOR('',#9441,1.);
#9441 = DIRECTION('',(-0.866025403784,0.5,0.));
#9442 = PLANE('',#9443);
#9443 = AXIS2_PLACEMENT_3D('',#9444,#9445,#9446);
#9444 = CARTESIAN_POINT('',(22.35,221.26617420935,48.35));
#9445 = DIRECTION('',(-0.5,-0.866025403784,0.));
#9446 = DIRECTION('',(-0.866025403784,0.5,0.));
#9447 = ADVANCED_FACE('',(#9448),#9473,.F.);
#9448 = FACE_BOUND('',#9449,.F.);
#9449 = EDGE_LOOP('',(#9450,#9451,#9459,#9467));
#9450 = ORIENTED_EDGE('',*,*,#9429,.T.);
#9451 = ORIENTED_EDGE('',*,*,#9452,.T.);
#9452 = EDGE_CURVE('',#9422,#9453,#9455,.T.);
#9453 = VERTEX_POINT('',#9454);
#9454 = CARTESIAN_POINT('',(9.65,221.26617420935,55.45));
#9455 = LINE('',#9456,#9457);
#9456 = CARTESIAN_POINT('',(16.,224.9323484187,55.45));
#9457 = VECTOR('',#9458,1.);
#9458 = DIRECTION('',(-0.866025403784,-0.5,0.));
#9459 = ORIENTED_EDGE('',*,*,#9460,.F.);
#9460 = EDGE_CURVE('',#9461,#9453,#9463,.T.);
#9461 = VERTEX_POINT('',#9462);
#9462 = CARTESIAN_POINT('',(9.65,221.26617420935,48.35));
#9463 = LINE('',#9464,#9465);
#9464 = CARTESIAN_POINT('',(9.65,221.26617420935,48.35));
#9465 = VECTOR('',#9466,1.);
#9466 = DIRECTION('',(0.,0.,1.));
#9467 = ORIENTED_EDGE('',*,*,#9468,.F.);
#9468 = EDGE_CURVE('',#9430,#9461,#9469,.T.);
#9469 = LINE('',#9470,#9471);
#9470 = CARTESIAN_POINT('',(16.,224.9323484187,48.35));
#9471 = VECTOR('',#9472,1.);
#9472 = DIRECTION('',(-0.866025403784,-0.5,0.));
#9473 = PLANE('',#9474);
#9474 = AXIS2_PLACEMENT_3D('',#9475,#9476,#9477);
#9475 = CARTESIAN_POINT('',(16.,224.9323484187,48.35));
#9476 = DIRECTION('',(0.5,-0.866025403784,0.));
#9477 = DIRECTION('',(-0.866025403784,-0.5,0.));
#9478 = ADVANCED_FACE('',(#9479),#9504,.F.);
#9479 = FACE_BOUND('',#9480,.F.);
#9480 = EDGE_LOOP('',(#9481,#9482,#9490,#9498));
#9481 = ORIENTED_EDGE('',*,*,#9460,.T.);
#9482 = ORIENTED_EDGE('',*,*,#9483,.T.);
#9483 = EDGE_CURVE('',#9453,#9484,#9486,.T.);
#9484 = VERTEX_POINT('',#9485);
#9485 = CARTESIAN_POINT('',(9.65,213.93382579064,55.45));
#9486 = LINE('',#9487,#9488);
#9487 = CARTESIAN_POINT('',(9.65,221.26617420935,55.45));
#9488 = VECTOR('',#9489,1.);
#9489 = DIRECTION('',(1.211315078037E-16,-1.,0.));
#9490 = ORIENTED_EDGE('',*,*,#9491,.F.);
#9491 = EDGE_CURVE('',#9492,#9484,#9494,.T.);
#9492 = VERTEX_POINT('',#9493);
#9493 = CARTESIAN_POINT('',(9.65,213.93382579064,48.35));
#9494 = LINE('',#9495,#9496);
#9495 = CARTESIAN_POINT('',(9.65,213.93382579064,48.35));
#9496 = VECTOR('',#9497,1.);
#9497 = DIRECTION('',(0.,0.,1.));
#9498 = ORIENTED_EDGE('',*,*,#9499,.F.);
#9499 = EDGE_CURVE('',#9461,#9492,#9500,.T.);
#9500 = LINE('',#9501,#9502);
#9501 = CARTESIAN_POINT('',(9.65,221.26617420935,48.35));
#9502 = VECTOR('',#9503,1.);
#9503 = DIRECTION('',(1.211315078037E-16,-1.,0.));
#9504 = PLANE('',#9505);
#9505 = AXIS2_PLACEMENT_3D('',#9506,#9507,#9508);
#9506 = CARTESIAN_POINT('',(9.65,221.26617420935,48.35));
#9507 = DIRECTION('',(1.,1.211315078037E-16,0.));
#9508 = DIRECTION('',(1.211315078037E-16,-1.,0.));
#9509 = ADVANCED_FACE('',(#9510),#9535,.F.);
#9510 = FACE_BOUND('',#9511,.F.);
#9511 = EDGE_LOOP('',(#9512,#9513,#9521,#9529));
#9512 = ORIENTED_EDGE('',*,*,#9491,.T.);
#9513 = ORIENTED_EDGE('',*,*,#9514,.T.);
#9514 = EDGE_CURVE('',#9484,#9515,#9517,.T.);
#9515 = VERTEX_POINT('',#9516);
#9516 = CARTESIAN_POINT('',(16.,210.26765158129,55.45));
#9517 = LINE('',#9518,#9519);
#9518 = CARTESIAN_POINT('',(9.65,213.93382579064,55.45));
#9519 = VECTOR('',#9520,1.);
#9520 = DIRECTION('',(0.866025403784,-0.5,0.));
#9521 = ORIENTED_EDGE('',*,*,#9522,.F.);
#9522 = EDGE_CURVE('',#9523,#9515,#9525,.T.);
#9523 = VERTEX_POINT('',#9524);
#9524 = CARTESIAN_POINT('',(16.,210.26765158129,48.35));
#9525 = LINE('',#9526,#9527);
#9526 = CARTESIAN_POINT('',(16.,210.26765158129,48.35));
#9527 = VECTOR('',#9528,1.);
#9528 = DIRECTION('',(0.,0.,1.));
#9529 = ORIENTED_EDGE('',*,*,#9530,.F.);
#9530 = EDGE_CURVE('',#9492,#9523,#9531,.T.);
#9531 = LINE('',#9532,#9533);
#9532 = CARTESIAN_POINT('',(9.65,213.93382579064,48.35));
#9533 = VECTOR('',#9534,1.);
#9534 = DIRECTION('',(0.866025403784,-0.5,0.));
#9535 = PLANE('',#9536);
#9536 = AXIS2_PLACEMENT_3D('',#9537,#9538,#9539);
#9537 = CARTESIAN_POINT('',(9.65,213.93382579064,48.35));
#9538 = DIRECTION('',(0.5,0.866025403784,0.));
#9539 = DIRECTION('',(0.866025403784,-0.5,0.));
#9540 = ADVANCED_FACE('',(#9541),#9566,.F.);
#9541 = FACE_BOUND('',#9542,.F.);
#9542 = EDGE_LOOP('',(#9543,#9544,#9552,#9560));
#9543 = ORIENTED_EDGE('',*,*,#9522,.T.);
#9544 = ORIENTED_EDGE('',*,*,#9545,.T.);
#9545 = EDGE_CURVE('',#9515,#9546,#9548,.T.);
#9546 = VERTEX_POINT('',#9547);
#9547 = CARTESIAN_POINT('',(22.35,213.93382579064,55.45));
#9548 = LINE('',#9549,#9550);
#9549 = CARTESIAN_POINT('',(16.,210.26765158129,55.45));
#9550 = VECTOR('',#9551,1.);
#9551 = DIRECTION('',(0.866025403784,0.5,0.));
#9552 = ORIENTED_EDGE('',*,*,#9553,.F.);
#9553 = EDGE_CURVE('',#9554,#9546,#9556,.T.);
#9554 = VERTEX_POINT('',#9555);
#9555 = CARTESIAN_POINT('',(22.35,213.93382579064,48.35));
#9556 = LINE('',#9557,#9558);
#9557 = CARTESIAN_POINT('',(22.35,213.93382579064,48.35));
#9558 = VECTOR('',#9559,1.);
#9559 = DIRECTION('',(0.,0.,1.));
#9560 = ORIENTED_EDGE('',*,*,#9561,.F.);
#9561 = EDGE_CURVE('',#9523,#9554,#9562,.T.);
#9562 = LINE('',#9563,#9564);
#9563 = CARTESIAN_POINT('',(16.,210.26765158129,48.35));
#9564 = VECTOR('',#9565,1.);
#9565 = DIRECTION('',(0.866025403784,0.5,0.));
#9566 = PLANE('',#9567);
#9567 = AXIS2_PLACEMENT_3D('',#9568,#9569,#9570);
#9568 = CARTESIAN_POINT('',(16.,210.26765158129,48.35));
#9569 = DIRECTION('',(-0.5,0.866025403784,0.));
#9570 = DIRECTION('',(0.866025403784,0.5,0.));
#9571 = ADVANCED_FACE('',(#9572),#9588,.F.);
#9572 = FACE_BOUND('',#9573,.F.);
#9573 = EDGE_LOOP('',(#9574,#9575,#9581,#9582));
#9574 = ORIENTED_EDGE('',*,*,#9553,.T.);
#9575 = ORIENTED_EDGE('',*,*,#9576,.T.);
#9576 = EDGE_CURVE('',#9546,#9414,#9577,.T.);
#9577 = LINE('',#9578,#9579);
#9578 = CARTESIAN_POINT('',(22.35,213.93382579064,55.45));
#9579 = VECTOR('',#9580,1.);
#9580 = DIRECTION('',(3.633945234111E-16,1.,0.));
#9581 = ORIENTED_EDGE('',*,*,#9411,.F.);
#9582 = ORIENTED_EDGE('',*,*,#9583,.F.);
#9583 = EDGE_CURVE('',#9554,#9412,#9584,.T.);
#9584 = LINE('',#9585,#9586);
#9585 = CARTESIAN_POINT('',(22.35,213.93382579064,48.35));
#9586 = VECTOR('',#9587,1.);
#9587 = DIRECTION('',(3.633945234111E-16,1.,0.));
#9588 = PLANE('',#9589);
#9589 = AXIS2_PLACEMENT_3D('',#9590,#9591,#9592);
#9590 = CARTESIAN_POINT('',(22.35,213.93382579064,48.35));
#9591 = DIRECTION('',(-1.,3.633945234111E-16,0.));
#9592 = DIRECTION('',(3.633945234111E-16,1.,0.));
#9593 = ADVANCED_FACE('',(#9594),#9602,.F.);
#9594 = FACE_BOUND('',#9595,.F.);
#9595 = EDGE_LOOP('',(#9596,#9597,#9598,#9599,#9600,#9601));
#9596 = ORIENTED_EDGE('',*,*,#9437,.T.);
#9597 = ORIENTED_EDGE('',*,*,#9468,.T.);
#9598 = ORIENTED_EDGE('',*,*,#9499,.T.);
#9599 = ORIENTED_EDGE('',*,*,#9530,.T.);
#9600 = ORIENTED_EDGE('',*,*,#9561,.T.);
#9601 = ORIENTED_EDGE('',*,*,#9583,.T.);
#9602 = PLANE('',#9603);
#9603 = AXIS2_PLACEMENT_3D('',#9604,#9605,#9606);
#9604 = CARTESIAN_POINT('',(16.,217.6,48.35));
#9605 = DIRECTION('',(0.,0.,1.));
#9606 = DIRECTION('',(1.,0.,0.));
#9607 = ADVANCED_FACE('',(#9608),#9616,.T.);
#9608 = FACE_BOUND('',#9609,.T.);
#9609 = EDGE_LOOP('',(#9610,#9611,#9612,#9613,#9614,#9615));
#9610 = ORIENTED_EDGE('',*,*,#9421,.T.);
#9611 = ORIENTED_EDGE('',*,*,#9452,.T.);
#9612 = ORIENTED_EDGE('',*,*,#9483,.T.);
#9613 = ORIENTED_EDGE('',*,*,#9514,.T.);
#9614 = ORIENTED_EDGE('',*,*,#9545,.T.);
#9615 = ORIENTED_EDGE('',*,*,#9576,.T.);
#9616 = PLANE('',#9617);
#9617 = AXIS2_PLACEMENT_3D('',#9618,#9619,#9620);
#9618 = CARTESIAN_POINT('',(16.,217.6,55.45));
#9619 = DIRECTION('',(0.,0.,1.));
#9620 = DIRECTION('',(1.,0.,0.));
#9621 = MANIFOLD_SOLID_BREP('',#9622);
#9622 = CLOSED_SHELL('',(#9623,#9656,#9665));
#9623 = ADVANCED_FACE('',(#9624),#9651,.T.);
#9624 = FACE_BOUND('',#9625,.T.);
#9625 = EDGE_LOOP('',(#9626,#9635,#9643,#9650));
#9626 = ORIENTED_EDGE('',*,*,#9627,.F.);
#9627 = EDGE_CURVE('',#9628,#9628,#9630,.T.);
#9628 = VERTEX_POINT('',#9629);
#9629 = CARTESIAN_POINT('',(89.569,217.6,68.35));
#9630 = CIRCLE('',#9631,3.969);
#9631 = AXIS2_PLACEMENT_3D('',#9632,#9633,#9634);
#9632 = CARTESIAN_POINT('',(85.6,217.6,68.35));
#9633 = DIRECTION('',(0.,0.,1.));
#9634 = DIRECTION('',(1.,0.,0.));
#9635 = ORIENTED_EDGE('',*,*,#9636,.F.);
#9636 = EDGE_CURVE('',#9637,#9628,#9639,.T.);
#9637 = VERTEX_POINT('',#9638);
#9638 = CARTESIAN_POINT('',(89.569,217.6,32.8));
#9639 = LINE('',#9640,#9641);
#9640 = CARTESIAN_POINT('',(89.569,217.6,32.8));
#9641 = VECTOR('',#9642,1.);
#9642 = DIRECTION('',(0.,0.,1.));
#9643 = ORIENTED_EDGE('',*,*,#9644,.T.);
#9644 = EDGE_CURVE('',#9637,#9637,#9645,.T.);
#9645 = CIRCLE('',#9646,3.969);
#9646 = AXIS2_PLACEMENT_3D('',#9647,#9648,#9649);
#9647 = CARTESIAN_POINT('',(85.6,217.6,32.8));
#9648 = DIRECTION('',(0.,0.,1.));
#9649 = DIRECTION('',(1.,0.,0.));
#9650 = ORIENTED_EDGE('',*,*,#9636,.T.);
#9651 = CYLINDRICAL_SURFACE('',#9652,3.969);
#9652 = AXIS2_PLACEMENT_3D('',#9653,#9654,#9655);
#9653 = CARTESIAN_POINT('',(85.6,217.6,32.8));
#9654 = DIRECTION('',(0.,0.,1.));
#9655 = DIRECTION('',(1.,0.,0.));
#9656 = ADVANCED_FACE('',(#9657),#9660,.T.);
#9657 = FACE_BOUND('',#9658,.T.);
#9658 = EDGE_LOOP('',(#9659));
#9659 = ORIENTED_EDGE('',*,*,#9627,.T.);
#9660 = PLANE('',#9661);
#9661 = AXIS2_PLACEMENT_3D('',#9662,#9663,#9664);
#9662 = CARTESIAN_POINT('',(85.6,217.6,68.35));
#9663 = DIRECTION('',(0.,0.,1.));
#9664 = DIRECTION('',(1.,0.,0.));
#9665 = ADVANCED_FACE('',(#9666),#9669,.F.);
#9666 = FACE_BOUND('',#9667,.T.);
#9667 = EDGE_LOOP('',(#9668));
#9668 = ORIENTED_EDGE('',*,*,#9644,.F.);
#9669 = PLANE('',#9670);
#9670 = AXIS2_PLACEMENT_3D('',#9671,#9672,#9673);
#9671 = CARTESIAN_POINT('',(85.6,217.6,32.8));
#9672 = DIRECTION('',(0.,0.,1.));
#9673 = DIRECTION('',(1.,0.,0.));
#9674 = MANIFOLD_SOLID_BREP('',#9675);
#9675 = CLOSED_SHELL('',(#9676,#9709,#9729,#9749));
#9676 = ADVANCED_FACE('',(#9677),#9704,.T.);
#9677 = FACE_BOUND('',#9678,.T.);
#9678 = EDGE_LOOP('',(#9679,#9688,#9696,#9703));
#9679 = ORIENTED_EDGE('',*,*,#9680,.F.);
#9680 = EDGE_CURVE('',#9681,#9681,#9683,.T.);
#9681 = VERTEX_POINT('',#9682);
#9682 = CARTESIAN_POINT('',(96.7,217.6,48.35));
#9683 = CIRCLE('',#9684,11.1);
#9684 = AXIS2_PLACEMENT_3D('',#9685,#9686,#9687);
#9685 = CARTESIAN_POINT('',(85.6,217.6,48.35));
#9686 = DIRECTION('',(0.,0.,1.));
#9687 = DIRECTION('',(1.,0.,0.));
#9688 = ORIENTED_EDGE('',*,*,#9689,.F.);
#9689 = EDGE_CURVE('',#9690,#9681,#9692,.T.);
#9690 = VERTEX_POINT('',#9691);
#9691 = CARTESIAN_POINT('',(96.7,217.6,46.35));
#9692 = LINE('',#9693,#9694);
#9693 = CARTESIAN_POINT('',(96.7,217.6,46.35));
#9694 = VECTOR('',#9695,1.);
#9695 = DIRECTION('',(0.,0.,1.));
#9696 = ORIENTED_EDGE('',*,*,#9697,.T.);
#9697 = EDGE_CURVE('',#9690,#9690,#9698,.T.);
#9698 = CIRCLE('',#9699,11.1);
#9699 = AXIS2_PLACEMENT_3D('',#9700,#9701,#9702);
#9700 = CARTESIAN_POINT('',(85.6,217.6,46.35));
#9701 = DIRECTION('',(0.,0.,1.));
#9702 = DIRECTION('',(1.,0.,0.));
#9703 = ORIENTED_EDGE('',*,*,#9689,.T.);
#9704 = CYLINDRICAL_SURFACE('',#9705,11.1);
#9705 = AXIS2_PLACEMENT_3D('',#9706,#9707,#9708);
#9706 = CARTESIAN_POINT('',(85.6,217.6,46.35));
#9707 = DIRECTION('',(0.,0.,1.));
#9708 = DIRECTION('',(1.,0.,0.));
#9709 = ADVANCED_FACE('',(#9710,#9713),#9724,.T.);
#9710 = FACE_BOUND('',#9711,.T.);
#9711 = EDGE_LOOP('',(#9712));
#9712 = ORIENTED_EDGE('',*,*,#9680,.T.);
#9713 = FACE_BOUND('',#9714,.T.);
#9714 = EDGE_LOOP('',(#9715));
#9715 = ORIENTED_EDGE('',*,*,#9716,.F.);
#9716 = EDGE_CURVE('',#9717,#9717,#9719,.T.);
#9717 = VERTEX_POINT('',#9718);
#9718 = CARTESIAN_POINT('',(89.8,217.6,48.35));
#9719 = CIRCLE('',#9720,4.2);
#9720 = AXIS2_PLACEMENT_3D('',#9721,#9722,#9723);
#9721 = CARTESIAN_POINT('',(85.6,217.6,48.35));
#9722 = DIRECTION('',(0.,0.,1.));
#9723 = DIRECTION('',(1.,0.,0.));
#9724 = PLANE('',#9725);
#9725 = AXIS2_PLACEMENT_3D('',#9726,#9727,#9728);
#9726 = CARTESIAN_POINT('',(85.6,217.6,48.35));
#9727 = DIRECTION('',(0.,0.,1.));
#9728 = DIRECTION('',(1.,0.,0.));
#9729 = ADVANCED_FACE('',(#9730,#9733),#9744,.F.);
#9730 = FACE_BOUND('',#9731,.F.);
#9731 = EDGE_LOOP('',(#9732));
#9732 = ORIENTED_EDGE('',*,*,#9697,.T.);
#9733 = FACE_BOUND('',#9734,.F.);
#9734 = EDGE_LOOP('',(#9735));
#9735 = ORIENTED_EDGE('',*,*,#9736,.F.);
#9736 = EDGE_CURVE('',#9737,#9737,#9739,.T.);
#9737 = VERTEX_POINT('',#9738);
#9738 = CARTESIAN_POINT('',(89.8,217.6,46.35));
#9739 = CIRCLE('',#9740,4.2);
#9740 = AXIS2_PLACEMENT_3D('',#9741,#9742,#9743);
#9741 = CARTESIAN_POINT('',(85.6,217.6,46.35));
#9742 = DIRECTION('',(0.,0.,1.));
#9743 = DIRECTION('',(1.,0.,0.));
#9744 = PLANE('',#9745);
#9745 = AXIS2_PLACEMENT_3D('',#9746,#9747,#9748);
#9746 = CARTESIAN_POINT('',(85.6,217.6,46.35));
#9747 = DIRECTION('',(0.,0.,1.));
#9748 = DIRECTION('',(1.,0.,0.));
#9749 = ADVANCED_FACE('',(#9750),#9761,.F.);
#9750 = FACE_BOUND('',#9751,.F.);
#9751 = EDGE_LOOP('',(#9752,#9753,#9759,#9760));
#9752 = ORIENTED_EDGE('',*,*,#9716,.F.);
#9753 = ORIENTED_EDGE('',*,*,#9754,.F.);
#9754 = EDGE_CURVE('',#9737,#9717,#9755,.T.);
#9755 = LINE('',#9756,#9757);
#9756 = CARTESIAN_POINT('',(89.8,217.6,46.25));
#9757 = VECTOR('',#9758,1.);
#9758 = DIRECTION('',(0.,0.,1.));
#9759 = ORIENTED_EDGE('',*,*,#9736,.T.);
#9760 = ORIENTED_EDGE('',*,*,#9754,.T.);
#9761 = CYLINDRICAL_SURFACE('',#9762,4.2);
#9762 = AXIS2_PLACEMENT_3D('',#9763,#9764,#9765);
#9763 = CARTESIAN_POINT('',(85.6,217.6,46.25));
#9764 = DIRECTION('',(0.,0.,1.));
#9765 = DIRECTION('',(1.,0.,0.));
#9766 = MANIFOLD_SOLID_BREP('',#9767);
#9767 = CLOSED_SHELL('',(#9768,#9808,#9839,#9870,#9901,#9932,#9954,#9968
    ));
#9768 = ADVANCED_FACE('',(#9769),#9803,.F.);
#9769 = FACE_BOUND('',#9770,.F.);
#9770 = EDGE_LOOP('',(#9771,#9781,#9789,#9797));
#9771 = ORIENTED_EDGE('',*,*,#9772,.T.);
#9772 = EDGE_CURVE('',#9773,#9775,#9777,.T.);
#9773 = VERTEX_POINT('',#9774);
#9774 = CARTESIAN_POINT('',(91.95,221.26617420935,48.35));
#9775 = VERTEX_POINT('',#9776);
#9776 = CARTESIAN_POINT('',(91.95,221.26617420935,55.45));
#9777 = LINE('',#9778,#9779);
#9778 = CARTESIAN_POINT('',(91.95,221.26617420935,48.35));
#9779 = VECTOR('',#9780,1.);
#9780 = DIRECTION('',(0.,0.,1.));
#9781 = ORIENTED_EDGE('',*,*,#9782,.T.);
#9782 = EDGE_CURVE('',#9775,#9783,#9785,.T.);
#9783 = VERTEX_POINT('',#9784);
#9784 = CARTESIAN_POINT('',(85.6,224.9323484187,55.45));
#9785 = LINE('',#9786,#9787);
#9786 = CARTESIAN_POINT('',(91.95,221.26617420935,55.45));
#9787 = VECTOR('',#9788,1.);
#9788 = DIRECTION('',(-0.866025403784,0.5,0.));
#9789 = ORIENTED_EDGE('',*,*,#9790,.F.);
#9790 = EDGE_CURVE('',#9791,#9783,#9793,.T.);
#9791 = VERTEX_POINT('',#9792);
#9792 = CARTESIAN_POINT('',(85.6,224.9323484187,48.35));
#9793 = LINE('',#9794,#9795);
#9794 = CARTESIAN_POINT('',(85.6,224.9323484187,48.35));
#9795 = VECTOR('',#9796,1.);
#9796 = DIRECTION('',(0.,0.,1.));
#9797 = ORIENTED_EDGE('',*,*,#9798,.F.);
#9798 = EDGE_CURVE('',#9773,#9791,#9799,.T.);
#9799 = LINE('',#9800,#9801);
#9800 = CARTESIAN_POINT('',(91.95,221.26617420935,48.35));
#9801 = VECTOR('',#9802,1.);
#9802 = DIRECTION('',(-0.866025403784,0.5,0.));
#9803 = PLANE('',#9804);
#9804 = AXIS2_PLACEMENT_3D('',#9805,#9806,#9807);
#9805 = CARTESIAN_POINT('',(91.95,221.26617420935,48.35));
#9806 = DIRECTION('',(-0.5,-0.866025403784,0.));
#9807 = DIRECTION('',(-0.866025403784,0.5,0.));
#9808 = ADVANCED_FACE('',(#9809),#9834,.F.);
#9809 = FACE_BOUND('',#9810,.F.);
#9810 = EDGE_LOOP('',(#9811,#9812,#9820,#9828));
#9811 = ORIENTED_EDGE('',*,*,#9790,.T.);
#9812 = ORIENTED_EDGE('',*,*,#9813,.T.);
#9813 = EDGE_CURVE('',#9783,#9814,#9816,.T.);
#9814 = VERTEX_POINT('',#9815);
#9815 = CARTESIAN_POINT('',(79.25,221.26617420935,55.45));
#9816 = LINE('',#9817,#9818);
#9817 = CARTESIAN_POINT('',(85.6,224.9323484187,55.45));
#9818 = VECTOR('',#9819,1.);
#9819 = DIRECTION('',(-0.866025403784,-0.5,0.));
#9820 = ORIENTED_EDGE('',*,*,#9821,.F.);
#9821 = EDGE_CURVE('',#9822,#9814,#9824,.T.);
#9822 = VERTEX_POINT('',#9823);
#9823 = CARTESIAN_POINT('',(79.25,221.26617420935,48.35));
#9824 = LINE('',#9825,#9826);
#9825 = CARTESIAN_POINT('',(79.25,221.26617420935,48.35));
#9826 = VECTOR('',#9827,1.);
#9827 = DIRECTION('',(0.,0.,1.));
#9828 = ORIENTED_EDGE('',*,*,#9829,.F.);
#9829 = EDGE_CURVE('',#9791,#9822,#9830,.T.);
#9830 = LINE('',#9831,#9832);
#9831 = CARTESIAN_POINT('',(85.6,224.9323484187,48.35));
#9832 = VECTOR('',#9833,1.);
#9833 = DIRECTION('',(-0.866025403784,-0.5,0.));
#9834 = PLANE('',#9835);
#9835 = AXIS2_PLACEMENT_3D('',#9836,#9837,#9838);
#9836 = CARTESIAN_POINT('',(85.6,224.9323484187,48.35));
#9837 = DIRECTION('',(0.5,-0.866025403784,0.));
#9838 = DIRECTION('',(-0.866025403784,-0.5,0.));
#9839 = ADVANCED_FACE('',(#9840),#9865,.F.);
#9840 = FACE_BOUND('',#9841,.F.);
#9841 = EDGE_LOOP('',(#9842,#9843,#9851,#9859));
#9842 = ORIENTED_EDGE('',*,*,#9821,.T.);
#9843 = ORIENTED_EDGE('',*,*,#9844,.T.);
#9844 = EDGE_CURVE('',#9814,#9845,#9847,.T.);
#9845 = VERTEX_POINT('',#9846);
#9846 = CARTESIAN_POINT('',(79.25,213.93382579064,55.45));
#9847 = LINE('',#9848,#9849);
#9848 = CARTESIAN_POINT('',(79.25,221.26617420935,55.45));
#9849 = VECTOR('',#9850,1.);
#9850 = DIRECTION('',(1.211315078037E-16,-1.,0.));
#9851 = ORIENTED_EDGE('',*,*,#9852,.F.);
#9852 = EDGE_CURVE('',#9853,#9845,#9855,.T.);
#9853 = VERTEX_POINT('',#9854);
#9854 = CARTESIAN_POINT('',(79.25,213.93382579064,48.35));
#9855 = LINE('',#9856,#9857);
#9856 = CARTESIAN_POINT('',(79.25,213.93382579064,48.35));
#9857 = VECTOR('',#9858,1.);
#9858 = DIRECTION('',(0.,0.,1.));
#9859 = ORIENTED_EDGE('',*,*,#9860,.F.);
#9860 = EDGE_CURVE('',#9822,#9853,#9861,.T.);
#9861 = LINE('',#9862,#9863);
#9862 = CARTESIAN_POINT('',(79.25,221.26617420935,48.35));
#9863 = VECTOR('',#9864,1.);
#9864 = DIRECTION('',(1.211315078037E-16,-1.,0.));
#9865 = PLANE('',#9866);
#9866 = AXIS2_PLACEMENT_3D('',#9867,#9868,#9869);
#9867 = CARTESIAN_POINT('',(79.25,221.26617420935,48.35));
#9868 = DIRECTION('',(1.,1.211315078037E-16,0.));
#9869 = DIRECTION('',(1.211315078037E-16,-1.,0.));
#9870 = ADVANCED_FACE('',(#9871),#9896,.F.);
#9871 = FACE_BOUND('',#9872,.F.);
#9872 = EDGE_LOOP('',(#9873,#9874,#9882,#9890));
#9873 = ORIENTED_EDGE('',*,*,#9852,.T.);
#9874 = ORIENTED_EDGE('',*,*,#9875,.T.);
#9875 = EDGE_CURVE('',#9845,#9876,#9878,.T.);
#9876 = VERTEX_POINT('',#9877);
#9877 = CARTESIAN_POINT('',(85.6,210.26765158129,55.45));
#9878 = LINE('',#9879,#9880);
#9879 = CARTESIAN_POINT('',(79.25,213.93382579064,55.45));
#9880 = VECTOR('',#9881,1.);
#9881 = DIRECTION('',(0.866025403784,-0.5,0.));
#9882 = ORIENTED_EDGE('',*,*,#9883,.F.);
#9883 = EDGE_CURVE('',#9884,#9876,#9886,.T.);
#9884 = VERTEX_POINT('',#9885);
#9885 = CARTESIAN_POINT('',(85.6,210.26765158129,48.35));
#9886 = LINE('',#9887,#9888);
#9887 = CARTESIAN_POINT('',(85.6,210.26765158129,48.35));
#9888 = VECTOR('',#9889,1.);
#9889 = DIRECTION('',(0.,0.,1.));
#9890 = ORIENTED_EDGE('',*,*,#9891,.F.);
#9891 = EDGE_CURVE('',#9853,#9884,#9892,.T.);
#9892 = LINE('',#9893,#9894);
#9893 = CARTESIAN_POINT('',(79.25,213.93382579064,48.35));
#9894 = VECTOR('',#9895,1.);
#9895 = DIRECTION('',(0.866025403784,-0.5,0.));
#9896 = PLANE('',#9897);
#9897 = AXIS2_PLACEMENT_3D('',#9898,#9899,#9900);
#9898 = CARTESIAN_POINT('',(79.25,213.93382579064,48.35));
#9899 = DIRECTION('',(0.5,0.866025403784,0.));
#9900 = DIRECTION('',(0.866025403784,-0.5,0.));
#9901 = ADVANCED_FACE('',(#9902),#9927,.F.);
#9902 = FACE_BOUND('',#9903,.F.);
#9903 = EDGE_LOOP('',(#9904,#9905,#9913,#9921));
#9904 = ORIENTED_EDGE('',*,*,#9883,.T.);
#9905 = ORIENTED_EDGE('',*,*,#9906,.T.);
#9906 = EDGE_CURVE('',#9876,#9907,#9909,.T.);
#9907 = VERTEX_POINT('',#9908);
#9908 = CARTESIAN_POINT('',(91.95,213.93382579064,55.45));
#9909 = LINE('',#9910,#9911);
#9910 = CARTESIAN_POINT('',(85.6,210.26765158129,55.45));
#9911 = VECTOR('',#9912,1.);
#9912 = DIRECTION('',(0.866025403784,0.5,0.));
#9913 = ORIENTED_EDGE('',*,*,#9914,.F.);
#9914 = EDGE_CURVE('',#9915,#9907,#9917,.T.);
#9915 = VERTEX_POINT('',#9916);
#9916 = CARTESIAN_POINT('',(91.95,213.93382579064,48.35));
#9917 = LINE('',#9918,#9919);
#9918 = CARTESIAN_POINT('',(91.95,213.93382579064,48.35));
#9919 = VECTOR('',#9920,1.);
#9920 = DIRECTION('',(0.,0.,1.));
#9921 = ORIENTED_EDGE('',*,*,#9922,.F.);
#9922 = EDGE_CURVE('',#9884,#9915,#9923,.T.);
#9923 = LINE('',#9924,#9925);
#9924 = CARTESIAN_POINT('',(85.6,210.26765158129,48.35));
#9925 = VECTOR('',#9926,1.);
#9926 = DIRECTION('',(0.866025403784,0.5,0.));
#9927 = PLANE('',#9928);
#9928 = AXIS2_PLACEMENT_3D('',#9929,#9930,#9931);
#9929 = CARTESIAN_POINT('',(85.6,210.26765158129,48.35));
#9930 = DIRECTION('',(-0.5,0.866025403784,0.));
#9931 = DIRECTION('',(0.866025403784,0.5,0.));
#9932 = ADVANCED_FACE('',(#9933),#9949,.F.);
#9933 = FACE_BOUND('',#9934,.F.);
#9934 = EDGE_LOOP('',(#9935,#9936,#9942,#9943));
#9935 = ORIENTED_EDGE('',*,*,#9914,.T.);
#9936 = ORIENTED_EDGE('',*,*,#9937,.T.);
#9937 = EDGE_CURVE('',#9907,#9775,#9938,.T.);
#9938 = LINE('',#9939,#9940);
#9939 = CARTESIAN_POINT('',(91.95,213.93382579064,55.45));
#9940 = VECTOR('',#9941,1.);
#9941 = DIRECTION('',(3.633945234111E-16,1.,0.));
#9942 = ORIENTED_EDGE('',*,*,#9772,.F.);
#9943 = ORIENTED_EDGE('',*,*,#9944,.F.);
#9944 = EDGE_CURVE('',#9915,#9773,#9945,.T.);
#9945 = LINE('',#9946,#9947);
#9946 = CARTESIAN_POINT('',(91.95,213.93382579064,48.35));
#9947 = VECTOR('',#9948,1.);
#9948 = DIRECTION('',(3.633945234111E-16,1.,0.));
#9949 = PLANE('',#9950);
#9950 = AXIS2_PLACEMENT_3D('',#9951,#9952,#9953);
#9951 = CARTESIAN_POINT('',(91.95,213.93382579064,48.35));
#9952 = DIRECTION('',(-1.,3.633945234111E-16,0.));
#9953 = DIRECTION('',(3.633945234111E-16,1.,0.));
#9954 = ADVANCED_FACE('',(#9955),#9963,.F.);
#9955 = FACE_BOUND('',#9956,.F.);
#9956 = EDGE_LOOP('',(#9957,#9958,#9959,#9960,#9961,#9962));
#9957 = ORIENTED_EDGE('',*,*,#9798,.T.);
#9958 = ORIENTED_EDGE('',*,*,#9829,.T.);
#9959 = ORIENTED_EDGE('',*,*,#9860,.T.);
#9960 = ORIENTED_EDGE('',*,*,#9891,.T.);
#9961 = ORIENTED_EDGE('',*,*,#9922,.T.);
#9962 = ORIENTED_EDGE('',*,*,#9944,.T.);
#9963 = PLANE('',#9964);
#9964 = AXIS2_PLACEMENT_3D('',#9965,#9966,#9967);
#9965 = CARTESIAN_POINT('',(85.6,217.6,48.35));
#9966 = DIRECTION('',(0.,0.,1.));
#9967 = DIRECTION('',(1.,0.,0.));
#9968 = ADVANCED_FACE('',(#9969),#9977,.T.);
#9969 = FACE_BOUND('',#9970,.T.);
#9970 = EDGE_LOOP('',(#9971,#9972,#9973,#9974,#9975,#9976));
#9971 = ORIENTED_EDGE('',*,*,#9782,.T.);
#9972 = ORIENTED_EDGE('',*,*,#9813,.T.);
#9973 = ORIENTED_EDGE('',*,*,#9844,.T.);
#9974 = ORIENTED_EDGE('',*,*,#9875,.T.);
#9975 = ORIENTED_EDGE('',*,*,#9906,.T.);
#9976 = ORIENTED_EDGE('',*,*,#9937,.T.);
#9977 = PLANE('',#9978);
#9978 = AXIS2_PLACEMENT_3D('',#9979,#9980,#9981);
#9979 = CARTESIAN_POINT('',(85.6,217.6,55.45));
#9980 = DIRECTION('',(0.,0.,1.));
#9981 = DIRECTION('',(1.,0.,0.));
#9982 = MANIFOLD_SOLID_BREP('',#9983);
#9983 = CLOSED_SHELL('',(#9984,#10017,#10026));
#9984 = ADVANCED_FACE('',(#9985),#10012,.T.);
#9985 = FACE_BOUND('',#9986,.T.);
#9986 = EDGE_LOOP('',(#9987,#9996,#10004,#10011));
#9987 = ORIENTED_EDGE('',*,*,#9988,.F.);
#9988 = EDGE_CURVE('',#9989,#9989,#9991,.T.);
#9989 = VERTEX_POINT('',#9990);
#9990 = CARTESIAN_POINT('',(18.413,236.4,62.35));
#9991 = CIRCLE('',#9992,2.413);
#9992 = AXIS2_PLACEMENT_3D('',#9993,#9994,#9995);
#9993 = CARTESIAN_POINT('',(16.,236.4,62.35));
#9994 = DIRECTION('',(0.,0.,1.));
#9995 = DIRECTION('',(1.,0.,0.));
#9996 = ORIENTED_EDGE('',*,*,#9997,.F.);
#9997 = EDGE_CURVE('',#9998,#9989,#10000,.T.);
#9998 = VERTEX_POINT('',#9999);
#9999 = CARTESIAN_POINT('',(18.413,236.4,35.6));
#10000 = LINE('',#10001,#10002);
#10001 = CARTESIAN_POINT('',(18.413,236.4,35.6));
#10002 = VECTOR('',#10003,1.);
#10003 = DIRECTION('',(0.,0.,1.));
#10004 = ORIENTED_EDGE('',*,*,#10005,.T.);
#10005 = EDGE_CURVE('',#9998,#9998,#10006,.T.);
#10006 = CIRCLE('',#10007,2.413);
#10007 = AXIS2_PLACEMENT_3D('',#10008,#10009,#10010);
#10008 = CARTESIAN_POINT('',(16.,236.4,35.6));
#10009 = DIRECTION('',(0.,0.,1.));
#10010 = DIRECTION('',(1.,0.,0.));
#10011 = ORIENTED_EDGE('',*,*,#9997,.T.);
#10012 = CYLINDRICAL_SURFACE('',#10013,2.413);
#10013 = AXIS2_PLACEMENT_3D('',#10014,#10015,#10016);
#10014 = CARTESIAN_POINT('',(16.,236.4,35.6));
#10015 = DIRECTION('',(0.,0.,1.));
#10016 = DIRECTION('',(1.,0.,0.));
#10017 = ADVANCED_FACE('',(#10018),#10021,.T.);
#10018 = FACE_BOUND('',#10019,.T.);
#10019 = EDGE_LOOP('',(#10020));
#10020 = ORIENTED_EDGE('',*,*,#9988,.T.);
#10021 = PLANE('',#10022);
#10022 = AXIS2_PLACEMENT_3D('',#10023,#10024,#10025);
#10023 = CARTESIAN_POINT('',(16.,236.4,62.35));
#10024 = DIRECTION('',(0.,0.,1.));
#10025 = DIRECTION('',(1.,0.,0.));
#10026 = ADVANCED_FACE('',(#10027),#10030,.F.);
#10027 = FACE_BOUND('',#10028,.T.);
#10028 = EDGE_LOOP('',(#10029));
#10029 = ORIENTED_EDGE('',*,*,#10005,.F.);
#10030 = PLANE('',#10031);
#10031 = AXIS2_PLACEMENT_3D('',#10032,#10033,#10034);
#10032 = CARTESIAN_POINT('',(16.,236.4,35.6));
#10033 = DIRECTION('',(0.,0.,1.));
#10034 = DIRECTION('',(1.,0.,0.));
#10035 = MANIFOLD_SOLID_BREP('',#10036);
#10036 = CLOSED_SHELL('',(#10037,#10070,#10090,#10110));
#10037 = ADVANCED_FACE('',(#10038),#10065,.T.);
#10038 = FACE_BOUND('',#10039,.T.);
#10039 = EDGE_LOOP('',(#10040,#10049,#10057,#10064));
#10040 = ORIENTED_EDGE('',*,*,#10041,.F.);
#10041 = EDGE_CURVE('',#10042,#10042,#10044,.T.);
#10042 = VERTEX_POINT('',#10043);
#10043 = CARTESIAN_POINT('',(22.35,236.4,47.55));
#10044 = CIRCLE('',#10045,6.35);
#10045 = AXIS2_PLACEMENT_3D('',#10046,#10047,#10048);
#10046 = CARTESIAN_POINT('',(16.,236.4,47.55));
#10047 = DIRECTION('',(0.,0.,1.));
#10048 = DIRECTION('',(1.,0.,0.));
#10049 = ORIENTED_EDGE('',*,*,#10050,.F.);
#10050 = EDGE_CURVE('',#10051,#10042,#10053,.T.);
#10051 = VERTEX_POINT('',#10052);
#10052 = CARTESIAN_POINT('',(22.35,236.4,46.35));
#10053 = LINE('',#10054,#10055);
#10054 = CARTESIAN_POINT('',(22.35,236.4,46.35));
#10055 = VECTOR('',#10056,1.);
#10056 = DIRECTION('',(0.,0.,1.));
#10057 = ORIENTED_EDGE('',*,*,#10058,.T.);
#10058 = EDGE_CURVE('',#10051,#10051,#10059,.T.);
#10059 = CIRCLE('',#10060,6.35);
#10060 = AXIS2_PLACEMENT_3D('',#10061,#10062,#10063);
#10061 = CARTESIAN_POINT('',(16.,236.4,46.35));
#10062 = DIRECTION('',(0.,0.,1.));
#10063 = DIRECTION('',(1.,0.,0.));
#10064 = ORIENTED_EDGE('',*,*,#10050,.T.);
#10065 = CYLINDRICAL_SURFACE('',#10066,6.35);
#10066 = AXIS2_PLACEMENT_3D('',#10067,#10068,#10069);
#10067 = CARTESIAN_POINT('',(16.,236.4,46.35));
#10068 = DIRECTION('',(0.,0.,1.));
#10069 = DIRECTION('',(1.,0.,0.));
#10070 = ADVANCED_FACE('',(#10071,#10074),#10085,.T.);
#10071 = FACE_BOUND('',#10072,.T.);
#10072 = EDGE_LOOP('',(#10073));
#10073 = ORIENTED_EDGE('',*,*,#10041,.T.);
#10074 = FACE_BOUND('',#10075,.T.);
#10075 = EDGE_LOOP('',(#10076));
#10076 = ORIENTED_EDGE('',*,*,#10077,.F.);
#10077 = EDGE_CURVE('',#10078,#10078,#10080,.T.);
#10078 = VERTEX_POINT('',#10079);
#10079 = CARTESIAN_POINT('',(18.5,236.4,47.55));
#10080 = CIRCLE('',#10081,2.5);
#10081 = AXIS2_PLACEMENT_3D('',#10082,#10083,#10084);
#10082 = CARTESIAN_POINT('',(16.,236.4,47.55));
#10083 = DIRECTION('',(0.,0.,1.));
#10084 = DIRECTION('',(1.,0.,0.));
#10085 = PLANE('',#10086);
#10086 = AXIS2_PLACEMENT_3D('',#10087,#10088,#10089);
#10087 = CARTESIAN_POINT('',(16.,236.4,47.55));
#10088 = DIRECTION('',(0.,0.,1.));
#10089 = DIRECTION('',(1.,0.,0.));
#10090 = ADVANCED_FACE('',(#10091,#10094),#10105,.F.);
#10091 = FACE_BOUND('',#10092,.F.);
#10092 = EDGE_LOOP('',(#10093));
#10093 = ORIENTED_EDGE('',*,*,#10058,.T.);
#10094 = FACE_BOUND('',#10095,.F.);
#10095 = EDGE_LOOP('',(#10096));
#10096 = ORIENTED_EDGE('',*,*,#10097,.F.);
#10097 = EDGE_CURVE('',#10098,#10098,#10100,.T.);
#10098 = VERTEX_POINT('',#10099);
#10099 = CARTESIAN_POINT('',(18.5,236.4,46.35));
#10100 = CIRCLE('',#10101,2.5);
#10101 = AXIS2_PLACEMENT_3D('',#10102,#10103,#10104);
#10102 = CARTESIAN_POINT('',(16.,236.4,46.35));
#10103 = DIRECTION('',(0.,0.,1.));
#10104 = DIRECTION('',(1.,0.,0.));
#10105 = PLANE('',#10106);
#10106 = AXIS2_PLACEMENT_3D('',#10107,#10108,#10109);
#10107 = CARTESIAN_POINT('',(16.,236.4,46.35));
#10108 = DIRECTION('',(0.,0.,1.));
#10109 = DIRECTION('',(1.,0.,0.));
#10110 = ADVANCED_FACE('',(#10111),#10122,.F.);
#10111 = FACE_BOUND('',#10112,.F.);
#10112 = EDGE_LOOP('',(#10113,#10114,#10120,#10121));
#10113 = ORIENTED_EDGE('',*,*,#10077,.F.);
#10114 = ORIENTED_EDGE('',*,*,#10115,.F.);
#10115 = EDGE_CURVE('',#10098,#10078,#10116,.T.);
#10116 = LINE('',#10117,#10118);
#10117 = CARTESIAN_POINT('',(18.5,236.4,46.25));
#10118 = VECTOR('',#10119,1.);
#10119 = DIRECTION('',(0.,0.,1.));
#10120 = ORIENTED_EDGE('',*,*,#10097,.T.);
#10121 = ORIENTED_EDGE('',*,*,#10115,.T.);
#10122 = CYLINDRICAL_SURFACE('',#10123,2.5);
#10123 = AXIS2_PLACEMENT_3D('',#10124,#10125,#10126);
#10124 = CARTESIAN_POINT('',(16.,236.4,46.25));
#10125 = DIRECTION('',(0.,0.,1.));
#10126 = DIRECTION('',(1.,0.,0.));
#10127 = MANIFOLD_SOLID_BREP('',#10128);
#10128 = CLOSED_SHELL('',(#10129,#10169,#10200,#10231,#10262,#10293,
    #10315,#10329));
#10129 = ADVANCED_FACE('',(#10130),#10164,.F.);
#10130 = FACE_BOUND('',#10131,.F.);
#10131 = EDGE_LOOP('',(#10132,#10142,#10150,#10158));
#10132 = ORIENTED_EDGE('',*,*,#10133,.T.);
#10133 = EDGE_CURVE('',#10134,#10136,#10138,.T.);
#10134 = VERTEX_POINT('',#10135);
#10135 = CARTESIAN_POINT('',(20.765,239.15107403268,47.55));
#10136 = VERTEX_POINT('',#10137);
#10137 = CARTESIAN_POINT('',(20.765,239.15107403268,50.73));
#10138 = LINE('',#10139,#10140);
#10139 = CARTESIAN_POINT('',(20.765,239.15107403268,47.55));
#10140 = VECTOR('',#10141,1.);
#10141 = DIRECTION('',(0.,0.,1.));
#10142 = ORIENTED_EDGE('',*,*,#10143,.T.);
#10143 = EDGE_CURVE('',#10136,#10144,#10146,.T.);
#10144 = VERTEX_POINT('',#10145);
#10145 = CARTESIAN_POINT('',(16.,241.90214806537,50.73));
#10146 = LINE('',#10147,#10148);
#10147 = CARTESIAN_POINT('',(20.765,239.15107403268,50.73));
#10148 = VECTOR('',#10149,1.);
#10149 = DIRECTION('',(-0.866025403784,0.5,0.));
#10150 = ORIENTED_EDGE('',*,*,#10151,.F.);
#10151 = EDGE_CURVE('',#10152,#10144,#10154,.T.);
#10152 = VERTEX_POINT('',#10153);
#10153 = CARTESIAN_POINT('',(16.,241.90214806537,47.55));
#10154 = LINE('',#10155,#10156);
#10155 = CARTESIAN_POINT('',(16.,241.90214806537,47.55));
#10156 = VECTOR('',#10157,1.);
#10157 = DIRECTION('',(0.,0.,1.));
#10158 = ORIENTED_EDGE('',*,*,#10159,.F.);
#10159 = EDGE_CURVE('',#10134,#10152,#10160,.T.);
#10160 = LINE('',#10161,#10162);
#10161 = CARTESIAN_POINT('',(20.765,239.15107403268,47.55));
#10162 = VECTOR('',#10163,1.);
#10163 = DIRECTION('',(-0.866025403784,0.5,0.));
#10164 = PLANE('',#10165);
#10165 = AXIS2_PLACEMENT_3D('',#10166,#10167,#10168);
#10166 = CARTESIAN_POINT('',(20.765,239.15107403268,47.55));
#10167 = DIRECTION('',(-0.5,-0.866025403784,0.));
#10168 = DIRECTION('',(-0.866025403784,0.5,0.));
#10169 = ADVANCED_FACE('',(#10170),#10195,.F.);
#10170 = FACE_BOUND('',#10171,.F.);
#10171 = EDGE_LOOP('',(#10172,#10173,#10181,#10189));
#10172 = ORIENTED_EDGE('',*,*,#10151,.T.);
#10173 = ORIENTED_EDGE('',*,*,#10174,.T.);
#10174 = EDGE_CURVE('',#10144,#10175,#10177,.T.);
#10175 = VERTEX_POINT('',#10176);
#10176 = CARTESIAN_POINT('',(11.235,239.15107403268,50.73));
#10177 = LINE('',#10178,#10179);
#10178 = CARTESIAN_POINT('',(16.,241.90214806537,50.73));
#10179 = VECTOR('',#10180,1.);
#10180 = DIRECTION('',(-0.866025403784,-0.5,0.));
#10181 = ORIENTED_EDGE('',*,*,#10182,.F.);
#10182 = EDGE_CURVE('',#10183,#10175,#10185,.T.);
#10183 = VERTEX_POINT('',#10184);
#10184 = CARTESIAN_POINT('',(11.235,239.15107403268,47.55));
#10185 = LINE('',#10186,#10187);
#10186 = CARTESIAN_POINT('',(11.235,239.15107403268,47.55));
#10187 = VECTOR('',#10188,1.);
#10188 = DIRECTION('',(0.,0.,1.));
#10189 = ORIENTED_EDGE('',*,*,#10190,.F.);
#10190 = EDGE_CURVE('',#10152,#10183,#10191,.T.);
#10191 = LINE('',#10192,#10193);
#10192 = CARTESIAN_POINT('',(16.,241.90214806537,47.55));
#10193 = VECTOR('',#10194,1.);
#10194 = DIRECTION('',(-0.866025403784,-0.5,0.));
#10195 = PLANE('',#10196);
#10196 = AXIS2_PLACEMENT_3D('',#10197,#10198,#10199);
#10197 = CARTESIAN_POINT('',(16.,241.90214806537,47.55));
#10198 = DIRECTION('',(0.5,-0.866025403784,0.));
#10199 = DIRECTION('',(-0.866025403784,-0.5,0.));
#10200 = ADVANCED_FACE('',(#10201),#10226,.F.);
#10201 = FACE_BOUND('',#10202,.F.);
#10202 = EDGE_LOOP('',(#10203,#10204,#10212,#10220));
#10203 = ORIENTED_EDGE('',*,*,#10182,.T.);
#10204 = ORIENTED_EDGE('',*,*,#10205,.T.);
#10205 = EDGE_CURVE('',#10175,#10206,#10208,.T.);
#10206 = VERTEX_POINT('',#10207);
#10207 = CARTESIAN_POINT('',(11.235,233.64892596731,50.73));
#10208 = LINE('',#10209,#10210);
#10209 = CARTESIAN_POINT('',(11.235,239.15107403268,50.73));
#10210 = VECTOR('',#10211,1.);
#10211 = DIRECTION('',(0.,-1.,0.));
#10212 = ORIENTED_EDGE('',*,*,#10213,.F.);
#10213 = EDGE_CURVE('',#10214,#10206,#10216,.T.);
#10214 = VERTEX_POINT('',#10215);
#10215 = CARTESIAN_POINT('',(11.235,233.64892596731,47.55));
#10216 = LINE('',#10217,#10218);
#10217 = CARTESIAN_POINT('',(11.235,233.64892596731,47.55));
#10218 = VECTOR('',#10219,1.);
#10219 = DIRECTION('',(0.,0.,1.));
#10220 = ORIENTED_EDGE('',*,*,#10221,.F.);
#10221 = EDGE_CURVE('',#10183,#10214,#10222,.T.);
#10222 = LINE('',#10223,#10224);
#10223 = CARTESIAN_POINT('',(11.235,239.15107403268,47.55));
#10224 = VECTOR('',#10225,1.);
#10225 = DIRECTION('',(0.,-1.,0.));
#10226 = PLANE('',#10227);
#10227 = AXIS2_PLACEMENT_3D('',#10228,#10229,#10230);
#10228 = CARTESIAN_POINT('',(11.235,239.15107403268,47.55));
#10229 = DIRECTION('',(1.,0.,0.));
#10230 = DIRECTION('',(0.,-1.,0.));
#10231 = ADVANCED_FACE('',(#10232),#10257,.F.);
#10232 = FACE_BOUND('',#10233,.F.);
#10233 = EDGE_LOOP('',(#10234,#10235,#10243,#10251));
#10234 = ORIENTED_EDGE('',*,*,#10213,.T.);
#10235 = ORIENTED_EDGE('',*,*,#10236,.T.);
#10236 = EDGE_CURVE('',#10206,#10237,#10239,.T.);
#10237 = VERTEX_POINT('',#10238);
#10238 = CARTESIAN_POINT('',(16.,230.89785193462,50.73));
#10239 = LINE('',#10240,#10241);
#10240 = CARTESIAN_POINT('',(11.235,233.64892596731,50.73));
#10241 = VECTOR('',#10242,1.);
#10242 = DIRECTION('',(0.866025403784,-0.5,0.));
#10243 = ORIENTED_EDGE('',*,*,#10244,.F.);
#10244 = EDGE_CURVE('',#10245,#10237,#10247,.T.);
#10245 = VERTEX_POINT('',#10246);
#10246 = CARTESIAN_POINT('',(16.,230.89785193462,47.55));
#10247 = LINE('',#10248,#10249);
#10248 = CARTESIAN_POINT('',(16.,230.89785193462,47.55));
#10249 = VECTOR('',#10250,1.);
#10250 = DIRECTION('',(0.,0.,1.));
#10251 = ORIENTED_EDGE('',*,*,#10252,.F.);
#10252 = EDGE_CURVE('',#10214,#10245,#10253,.T.);
#10253 = LINE('',#10254,#10255);
#10254 = CARTESIAN_POINT('',(11.235,233.64892596731,47.55));
#10255 = VECTOR('',#10256,1.);
#10256 = DIRECTION('',(0.866025403784,-0.5,0.));
#10257 = PLANE('',#10258);
#10258 = AXIS2_PLACEMENT_3D('',#10259,#10260,#10261);
#10259 = CARTESIAN_POINT('',(11.235,233.64892596731,47.55));
#10260 = DIRECTION('',(0.5,0.866025403784,0.));
#10261 = DIRECTION('',(0.866025403784,-0.5,0.));
#10262 = ADVANCED_FACE('',(#10263),#10288,.F.);
#10263 = FACE_BOUND('',#10264,.F.);
#10264 = EDGE_LOOP('',(#10265,#10266,#10274,#10282));
#10265 = ORIENTED_EDGE('',*,*,#10244,.T.);
#10266 = ORIENTED_EDGE('',*,*,#10267,.T.);
#10267 = EDGE_CURVE('',#10237,#10268,#10270,.T.);
#10268 = VERTEX_POINT('',#10269);
#10269 = CARTESIAN_POINT('',(20.765,233.64892596731,50.73));
#10270 = LINE('',#10271,#10272);
#10271 = CARTESIAN_POINT('',(16.,230.89785193462,50.73));
#10272 = VECTOR('',#10273,1.);
#10273 = DIRECTION('',(0.866025403784,0.5,0.));
#10274 = ORIENTED_EDGE('',*,*,#10275,.F.);
#10275 = EDGE_CURVE('',#10276,#10268,#10278,.T.);
#10276 = VERTEX_POINT('',#10277);
#10277 = CARTESIAN_POINT('',(20.765,233.64892596731,47.55));
#10278 = LINE('',#10279,#10280);
#10279 = CARTESIAN_POINT('',(20.765,233.64892596731,47.55));
#10280 = VECTOR('',#10281,1.);
#10281 = DIRECTION('',(0.,0.,1.));
#10282 = ORIENTED_EDGE('',*,*,#10283,.F.);
#10283 = EDGE_CURVE('',#10245,#10276,#10284,.T.);
#10284 = LINE('',#10285,#10286);
#10285 = CARTESIAN_POINT('',(16.,230.89785193462,47.55));
#10286 = VECTOR('',#10287,1.);
#10287 = DIRECTION('',(0.866025403784,0.5,0.));
#10288 = PLANE('',#10289);
#10289 = AXIS2_PLACEMENT_3D('',#10290,#10291,#10292);
#10290 = CARTESIAN_POINT('',(16.,230.89785193462,47.55));
#10291 = DIRECTION('',(-0.5,0.866025403784,0.));
#10292 = DIRECTION('',(0.866025403784,0.5,0.));
#10293 = ADVANCED_FACE('',(#10294),#10310,.F.);
#10294 = FACE_BOUND('',#10295,.F.);
#10295 = EDGE_LOOP('',(#10296,#10297,#10303,#10304));
#10296 = ORIENTED_EDGE('',*,*,#10275,.T.);
#10297 = ORIENTED_EDGE('',*,*,#10298,.T.);
#10298 = EDGE_CURVE('',#10268,#10136,#10299,.T.);
#10299 = LINE('',#10300,#10301);
#10300 = CARTESIAN_POINT('',(20.765,233.64892596731,50.73));
#10301 = VECTOR('',#10302,1.);
#10302 = DIRECTION('',(3.228478801903E-16,1.,0.));
#10303 = ORIENTED_EDGE('',*,*,#10133,.F.);
#10304 = ORIENTED_EDGE('',*,*,#10305,.F.);
#10305 = EDGE_CURVE('',#10276,#10134,#10306,.T.);
#10306 = LINE('',#10307,#10308);
#10307 = CARTESIAN_POINT('',(20.765,233.64892596731,47.55));
#10308 = VECTOR('',#10309,1.);
#10309 = DIRECTION('',(3.228478801903E-16,1.,0.));
#10310 = PLANE('',#10311);
#10311 = AXIS2_PLACEMENT_3D('',#10312,#10313,#10314);
#10312 = CARTESIAN_POINT('',(20.765,233.64892596731,47.55));
#10313 = DIRECTION('',(-1.,3.228478801903E-16,0.));
#10314 = DIRECTION('',(3.228478801903E-16,1.,0.));
#10315 = ADVANCED_FACE('',(#10316),#10324,.F.);
#10316 = FACE_BOUND('',#10317,.F.);
#10317 = EDGE_LOOP('',(#10318,#10319,#10320,#10321,#10322,#10323));
#10318 = ORIENTED_EDGE('',*,*,#10159,.T.);
#10319 = ORIENTED_EDGE('',*,*,#10190,.T.);
#10320 = ORIENTED_EDGE('',*,*,#10221,.T.);
#10321 = ORIENTED_EDGE('',*,*,#10252,.T.);
#10322 = ORIENTED_EDGE('',*,*,#10283,.T.);
#10323 = ORIENTED_EDGE('',*,*,#10305,.T.);
#10324 = PLANE('',#10325);
#10325 = AXIS2_PLACEMENT_3D('',#10326,#10327,#10328);
#10326 = CARTESIAN_POINT('',(16.,236.4,47.55));
#10327 = DIRECTION('',(0.,0.,1.));
#10328 = DIRECTION('',(1.,0.,0.));
#10329 = ADVANCED_FACE('',(#10330),#10338,.T.);
#10330 = FACE_BOUND('',#10331,.T.);
#10331 = EDGE_LOOP('',(#10332,#10333,#10334,#10335,#10336,#10337));
#10332 = ORIENTED_EDGE('',*,*,#10143,.T.);
#10333 = ORIENTED_EDGE('',*,*,#10174,.T.);
#10334 = ORIENTED_EDGE('',*,*,#10205,.T.);
#10335 = ORIENTED_EDGE('',*,*,#10236,.T.);
#10336 = ORIENTED_EDGE('',*,*,#10267,.T.);
#10337 = ORIENTED_EDGE('',*,*,#10298,.T.);
#10338 = PLANE('',#10339);
#10339 = AXIS2_PLACEMENT_3D('',#10340,#10341,#10342);
#10340 = CARTESIAN_POINT('',(16.,236.4,50.73));
#10341 = DIRECTION('',(0.,0.,1.));
#10342 = DIRECTION('',(1.,0.,0.));
#10343 = MANIFOLD_SOLID_BREP('',#10344);
#10344 = CLOSED_SHELL('',(#10345,#10378,#10387));
#10345 = ADVANCED_FACE('',(#10346),#10373,.T.);
#10346 = FACE_BOUND('',#10347,.T.);
#10347 = EDGE_LOOP('',(#10348,#10357,#10365,#10372));
#10348 = ORIENTED_EDGE('',*,*,#10349,.F.);
#10349 = EDGE_CURVE('',#10350,#10350,#10352,.T.);
#10350 = VERTEX_POINT('',#10351);
#10351 = CARTESIAN_POINT('',(88.013,236.4,62.35));
#10352 = CIRCLE('',#10353,2.413);
#10353 = AXIS2_PLACEMENT_3D('',#10354,#10355,#10356);
#10354 = CARTESIAN_POINT('',(85.6,236.4,62.35));
#10355 = DIRECTION('',(0.,0.,1.));
#10356 = DIRECTION('',(1.,0.,0.));
#10357 = ORIENTED_EDGE('',*,*,#10358,.F.);
#10358 = EDGE_CURVE('',#10359,#10350,#10361,.T.);
#10359 = VERTEX_POINT('',#10360);
#10360 = CARTESIAN_POINT('',(88.013,236.4,35.6));
#10361 = LINE('',#10362,#10363);
#10362 = CARTESIAN_POINT('',(88.013,236.4,35.6));
#10363 = VECTOR('',#10364,1.);
#10364 = DIRECTION('',(0.,0.,1.));
#10365 = ORIENTED_EDGE('',*,*,#10366,.T.);
#10366 = EDGE_CURVE('',#10359,#10359,#10367,.T.);
#10367 = CIRCLE('',#10368,2.413);
#10368 = AXIS2_PLACEMENT_3D('',#10369,#10370,#10371);
#10369 = CARTESIAN_POINT('',(85.6,236.4,35.6));
#10370 = DIRECTION('',(0.,0.,1.));
#10371 = DIRECTION('',(1.,0.,0.));
#10372 = ORIENTED_EDGE('',*,*,#10358,.T.);
#10373 = CYLINDRICAL_SURFACE('',#10374,2.413);
#10374 = AXIS2_PLACEMENT_3D('',#10375,#10376,#10377);
#10375 = CARTESIAN_POINT('',(85.6,236.4,35.6));
#10376 = DIRECTION('',(0.,0.,1.));
#10377 = DIRECTION('',(1.,0.,0.));
#10378 = ADVANCED_FACE('',(#10379),#10382,.T.);
#10379 = FACE_BOUND('',#10380,.T.);
#10380 = EDGE_LOOP('',(#10381));
#10381 = ORIENTED_EDGE('',*,*,#10349,.T.);
#10382 = PLANE('',#10383);
#10383 = AXIS2_PLACEMENT_3D('',#10384,#10385,#10386);
#10384 = CARTESIAN_POINT('',(85.6,236.4,62.35));
#10385 = DIRECTION('',(0.,0.,1.));
#10386 = DIRECTION('',(1.,0.,0.));
#10387 = ADVANCED_FACE('',(#10388),#10391,.F.);
#10388 = FACE_BOUND('',#10389,.T.);
#10389 = EDGE_LOOP('',(#10390));
#10390 = ORIENTED_EDGE('',*,*,#10366,.F.);
#10391 = PLANE('',#10392);
#10392 = AXIS2_PLACEMENT_3D('',#10393,#10394,#10395);
#10393 = CARTESIAN_POINT('',(85.6,236.4,35.6));
#10394 = DIRECTION('',(0.,0.,1.));
#10395 = DIRECTION('',(1.,0.,0.));
#10396 = MANIFOLD_SOLID_BREP('',#10397);
#10397 = CLOSED_SHELL('',(#10398,#10431,#10451,#10471));
#10398 = ADVANCED_FACE('',(#10399),#10426,.T.);
#10399 = FACE_BOUND('',#10400,.T.);
#10400 = EDGE_LOOP('',(#10401,#10410,#10418,#10425));
#10401 = ORIENTED_EDGE('',*,*,#10402,.F.);
#10402 = EDGE_CURVE('',#10403,#10403,#10405,.T.);
#10403 = VERTEX_POINT('',#10404);
#10404 = CARTESIAN_POINT('',(91.95,236.4,47.55));
#10405 = CIRCLE('',#10406,6.35);
#10406 = AXIS2_PLACEMENT_3D('',#10407,#10408,#10409);
#10407 = CARTESIAN_POINT('',(85.6,236.4,47.55));
#10408 = DIRECTION('',(0.,0.,1.));
#10409 = DIRECTION('',(1.,0.,0.));
#10410 = ORIENTED_EDGE('',*,*,#10411,.F.);
#10411 = EDGE_CURVE('',#10412,#10403,#10414,.T.);
#10412 = VERTEX_POINT('',#10413);
#10413 = CARTESIAN_POINT('',(91.95,236.4,46.35));
#10414 = LINE('',#10415,#10416);
#10415 = CARTESIAN_POINT('',(91.95,236.4,46.35));
#10416 = VECTOR('',#10417,1.);
#10417 = DIRECTION('',(0.,0.,1.));
#10418 = ORIENTED_EDGE('',*,*,#10419,.T.);
#10419 = EDGE_CURVE('',#10412,#10412,#10420,.T.);
#10420 = CIRCLE('',#10421,6.35);
#10421 = AXIS2_PLACEMENT_3D('',#10422,#10423,#10424);
#10422 = CARTESIAN_POINT('',(85.6,236.4,46.35));
#10423 = DIRECTION('',(0.,0.,1.));
#10424 = DIRECTION('',(1.,0.,0.));
#10425 = ORIENTED_EDGE('',*,*,#10411,.T.);
#10426 = CYLINDRICAL_SURFACE('',#10427,6.35);
#10427 = AXIS2_PLACEMENT_3D('',#10428,#10429,#10430);
#10428 = CARTESIAN_POINT('',(85.6,236.4,46.35));
#10429 = DIRECTION('',(0.,0.,1.));
#10430 = DIRECTION('',(1.,0.,0.));
#10431 = ADVANCED_FACE('',(#10432,#10435),#10446,.T.);
#10432 = FACE_BOUND('',#10433,.T.);
#10433 = EDGE_LOOP('',(#10434));
#10434 = ORIENTED_EDGE('',*,*,#10402,.T.);
#10435 = FACE_BOUND('',#10436,.T.);
#10436 = EDGE_LOOP('',(#10437));
#10437 = ORIENTED_EDGE('',*,*,#10438,.F.);
#10438 = EDGE_CURVE('',#10439,#10439,#10441,.T.);
#10439 = VERTEX_POINT('',#10440);
#10440 = CARTESIAN_POINT('',(88.1,236.4,47.55));
#10441 = CIRCLE('',#10442,2.5);
#10442 = AXIS2_PLACEMENT_3D('',#10443,#10444,#10445);
#10443 = CARTESIAN_POINT('',(85.6,236.4,47.55));
#10444 = DIRECTION('',(0.,0.,1.));
#10445 = DIRECTION('',(1.,0.,0.));
#10446 = PLANE('',#10447);
#10447 = AXIS2_PLACEMENT_3D('',#10448,#10449,#10450);
#10448 = CARTESIAN_POINT('',(85.6,236.4,47.55));
#10449 = DIRECTION('',(0.,0.,1.));
#10450 = DIRECTION('',(1.,0.,0.));
#10451 = ADVANCED_FACE('',(#10452,#10455),#10466,.F.);
#10452 = FACE_BOUND('',#10453,.F.);
#10453 = EDGE_LOOP('',(#10454));
#10454 = ORIENTED_EDGE('',*,*,#10419,.T.);
#10455 = FACE_BOUND('',#10456,.F.);
#10456 = EDGE_LOOP('',(#10457));
#10457 = ORIENTED_EDGE('',*,*,#10458,.F.);
#10458 = EDGE_CURVE('',#10459,#10459,#10461,.T.);
#10459 = VERTEX_POINT('',#10460);
#10460 = CARTESIAN_POINT('',(88.1,236.4,46.35));
#10461 = CIRCLE('',#10462,2.5);
#10462 = AXIS2_PLACEMENT_3D('',#10463,#10464,#10465);
#10463 = CARTESIAN_POINT('',(85.6,236.4,46.35));
#10464 = DIRECTION('',(0.,0.,1.));
#10465 = DIRECTION('',(1.,0.,0.));
#10466 = PLANE('',#10467);
#10467 = AXIS2_PLACEMENT_3D('',#10468,#10469,#10470);
#10468 = CARTESIAN_POINT('',(85.6,236.4,46.35));
#10469 = DIRECTION('',(0.,0.,1.));
#10470 = DIRECTION('',(1.,0.,0.));
#10471 = ADVANCED_FACE('',(#10472),#10483,.F.);
#10472 = FACE_BOUND('',#10473,.F.);
#10473 = EDGE_LOOP('',(#10474,#10475,#10481,#10482));
#10474 = ORIENTED_EDGE('',*,*,#10438,.F.);
#10475 = ORIENTED_EDGE('',*,*,#10476,.F.);
#10476 = EDGE_CURVE('',#10459,#10439,#10477,.T.);
#10477 = LINE('',#10478,#10479);
#10478 = CARTESIAN_POINT('',(88.1,236.4,46.25));
#10479 = VECTOR('',#10480,1.);
#10480 = DIRECTION('',(0.,0.,1.));
#10481 = ORIENTED_EDGE('',*,*,#10458,.T.);
#10482 = ORIENTED_EDGE('',*,*,#10476,.T.);
#10483 = CYLINDRICAL_SURFACE('',#10484,2.5);
#10484 = AXIS2_PLACEMENT_3D('',#10485,#10486,#10487);
#10485 = CARTESIAN_POINT('',(85.6,236.4,46.25));
#10486 = DIRECTION('',(0.,0.,1.));
#10487 = DIRECTION('',(1.,0.,0.));
#10488 = MANIFOLD_SOLID_BREP('',#10489);
#10489 = CLOSED_SHELL('',(#10490,#10530,#10561,#10592,#10623,#10654,
    #10676,#10690));
#10490 = ADVANCED_FACE('',(#10491),#10525,.F.);
#10491 = FACE_BOUND('',#10492,.F.);
#10492 = EDGE_LOOP('',(#10493,#10503,#10511,#10519));
#10493 = ORIENTED_EDGE('',*,*,#10494,.T.);
#10494 = EDGE_CURVE('',#10495,#10497,#10499,.T.);
#10495 = VERTEX_POINT('',#10496);
#10496 = CARTESIAN_POINT('',(90.365,239.15107403268,47.55));
#10497 = VERTEX_POINT('',#10498);
#10498 = CARTESIAN_POINT('',(90.365,239.15107403268,50.73));
#10499 = LINE('',#10500,#10501);
#10500 = CARTESIAN_POINT('',(90.365,239.15107403268,47.55));
#10501 = VECTOR('',#10502,1.);
#10502 = DIRECTION('',(0.,0.,1.));
#10503 = ORIENTED_EDGE('',*,*,#10504,.T.);
#10504 = EDGE_CURVE('',#10497,#10505,#10507,.T.);
#10505 = VERTEX_POINT('',#10506);
#10506 = CARTESIAN_POINT('',(85.6,241.90214806537,50.73));
#10507 = LINE('',#10508,#10509);
#10508 = CARTESIAN_POINT('',(90.365,239.15107403268,50.73));
#10509 = VECTOR('',#10510,1.);
#10510 = DIRECTION('',(-0.866025403784,0.5,0.));
#10511 = ORIENTED_EDGE('',*,*,#10512,.F.);
#10512 = EDGE_CURVE('',#10513,#10505,#10515,.T.);
#10513 = VERTEX_POINT('',#10514);
#10514 = CARTESIAN_POINT('',(85.6,241.90214806537,47.55));
#10515 = LINE('',#10516,#10517);
#10516 = CARTESIAN_POINT('',(85.6,241.90214806537,47.55));
#10517 = VECTOR('',#10518,1.);
#10518 = DIRECTION('',(0.,0.,1.));
#10519 = ORIENTED_EDGE('',*,*,#10520,.F.);
#10520 = EDGE_CURVE('',#10495,#10513,#10521,.T.);
#10521 = LINE('',#10522,#10523);
#10522 = CARTESIAN_POINT('',(90.365,239.15107403268,47.55));
#10523 = VECTOR('',#10524,1.);
#10524 = DIRECTION('',(-0.866025403784,0.5,0.));
#10525 = PLANE('',#10526);
#10526 = AXIS2_PLACEMENT_3D('',#10527,#10528,#10529);
#10527 = CARTESIAN_POINT('',(90.365,239.15107403268,47.55));
#10528 = DIRECTION('',(-0.5,-0.866025403784,0.));
#10529 = DIRECTION('',(-0.866025403784,0.5,0.));
#10530 = ADVANCED_FACE('',(#10531),#10556,.F.);
#10531 = FACE_BOUND('',#10532,.F.);
#10532 = EDGE_LOOP('',(#10533,#10534,#10542,#10550));
#10533 = ORIENTED_EDGE('',*,*,#10512,.T.);
#10534 = ORIENTED_EDGE('',*,*,#10535,.T.);
#10535 = EDGE_CURVE('',#10505,#10536,#10538,.T.);
#10536 = VERTEX_POINT('',#10537);
#10537 = CARTESIAN_POINT('',(80.835,239.15107403268,50.73));
#10538 = LINE('',#10539,#10540);
#10539 = CARTESIAN_POINT('',(85.6,241.90214806537,50.73));
#10540 = VECTOR('',#10541,1.);
#10541 = DIRECTION('',(-0.866025403784,-0.5,0.));
#10542 = ORIENTED_EDGE('',*,*,#10543,.F.);
#10543 = EDGE_CURVE('',#10544,#10536,#10546,.T.);
#10544 = VERTEX_POINT('',#10545);
#10545 = CARTESIAN_POINT('',(80.835,239.15107403268,47.55));
#10546 = LINE('',#10547,#10548);
#10547 = CARTESIAN_POINT('',(80.835,239.15107403268,47.55));
#10548 = VECTOR('',#10549,1.);
#10549 = DIRECTION('',(0.,0.,1.));
#10550 = ORIENTED_EDGE('',*,*,#10551,.F.);
#10551 = EDGE_CURVE('',#10513,#10544,#10552,.T.);
#10552 = LINE('',#10553,#10554);
#10553 = CARTESIAN_POINT('',(85.6,241.90214806537,47.55));
#10554 = VECTOR('',#10555,1.);
#10555 = DIRECTION('',(-0.866025403784,-0.5,0.));
#10556 = PLANE('',#10557);
#10557 = AXIS2_PLACEMENT_3D('',#10558,#10559,#10560);
#10558 = CARTESIAN_POINT('',(85.6,241.90214806537,47.55));
#10559 = DIRECTION('',(0.5,-0.866025403784,0.));
#10560 = DIRECTION('',(-0.866025403784,-0.5,0.));
#10561 = ADVANCED_FACE('',(#10562),#10587,.F.);
#10562 = FACE_BOUND('',#10563,.F.);
#10563 = EDGE_LOOP('',(#10564,#10565,#10573,#10581));
#10564 = ORIENTED_EDGE('',*,*,#10543,.T.);
#10565 = ORIENTED_EDGE('',*,*,#10566,.T.);
#10566 = EDGE_CURVE('',#10536,#10567,#10569,.T.);
#10567 = VERTEX_POINT('',#10568);
#10568 = CARTESIAN_POINT('',(80.835,233.64892596731,50.73));
#10569 = LINE('',#10570,#10571);
#10570 = CARTESIAN_POINT('',(80.835,239.15107403268,50.73));
#10571 = VECTOR('',#10572,1.);
#10572 = DIRECTION('',(0.,-1.,0.));
#10573 = ORIENTED_EDGE('',*,*,#10574,.F.);
#10574 = EDGE_CURVE('',#10575,#10567,#10577,.T.);
#10575 = VERTEX_POINT('',#10576);
#10576 = CARTESIAN_POINT('',(80.835,233.64892596731,47.55));
#10577 = LINE('',#10578,#10579);
#10578 = CARTESIAN_POINT('',(80.835,233.64892596731,47.55));
#10579 = VECTOR('',#10580,1.);
#10580 = DIRECTION('',(0.,0.,1.));
#10581 = ORIENTED_EDGE('',*,*,#10582,.F.);
#10582 = EDGE_CURVE('',#10544,#10575,#10583,.T.);
#10583 = LINE('',#10584,#10585);
#10584 = CARTESIAN_POINT('',(80.835,239.15107403268,47.55));
#10585 = VECTOR('',#10586,1.);
#10586 = DIRECTION('',(0.,-1.,0.));
#10587 = PLANE('',#10588);
#10588 = AXIS2_PLACEMENT_3D('',#10589,#10590,#10591);
#10589 = CARTESIAN_POINT('',(80.835,239.15107403268,47.55));
#10590 = DIRECTION('',(1.,0.,0.));
#10591 = DIRECTION('',(0.,-1.,0.));
#10592 = ADVANCED_FACE('',(#10593),#10618,.F.);
#10593 = FACE_BOUND('',#10594,.F.);
#10594 = EDGE_LOOP('',(#10595,#10596,#10604,#10612));
#10595 = ORIENTED_EDGE('',*,*,#10574,.T.);
#10596 = ORIENTED_EDGE('',*,*,#10597,.T.);
#10597 = EDGE_CURVE('',#10567,#10598,#10600,.T.);
#10598 = VERTEX_POINT('',#10599);
#10599 = CARTESIAN_POINT('',(85.6,230.89785193462,50.73));
#10600 = LINE('',#10601,#10602);
#10601 = CARTESIAN_POINT('',(80.835,233.64892596731,50.73));
#10602 = VECTOR('',#10603,1.);
#10603 = DIRECTION('',(0.866025403784,-0.5,0.));
#10604 = ORIENTED_EDGE('',*,*,#10605,.F.);
#10605 = EDGE_CURVE('',#10606,#10598,#10608,.T.);
#10606 = VERTEX_POINT('',#10607);
#10607 = CARTESIAN_POINT('',(85.6,230.89785193462,47.55));
#10608 = LINE('',#10609,#10610);
#10609 = CARTESIAN_POINT('',(85.6,230.89785193462,47.55));
#10610 = VECTOR('',#10611,1.);
#10611 = DIRECTION('',(0.,0.,1.));
#10612 = ORIENTED_EDGE('',*,*,#10613,.F.);
#10613 = EDGE_CURVE('',#10575,#10606,#10614,.T.);
#10614 = LINE('',#10615,#10616);
#10615 = CARTESIAN_POINT('',(80.835,233.64892596731,47.55));
#10616 = VECTOR('',#10617,1.);
#10617 = DIRECTION('',(0.866025403784,-0.5,0.));
#10618 = PLANE('',#10619);
#10619 = AXIS2_PLACEMENT_3D('',#10620,#10621,#10622);
#10620 = CARTESIAN_POINT('',(80.835,233.64892596731,47.55));
#10621 = DIRECTION('',(0.5,0.866025403784,0.));
#10622 = DIRECTION('',(0.866025403784,-0.5,0.));
#10623 = ADVANCED_FACE('',(#10624),#10649,.F.);
#10624 = FACE_BOUND('',#10625,.F.);
#10625 = EDGE_LOOP('',(#10626,#10627,#10635,#10643));
#10626 = ORIENTED_EDGE('',*,*,#10605,.T.);
#10627 = ORIENTED_EDGE('',*,*,#10628,.T.);
#10628 = EDGE_CURVE('',#10598,#10629,#10631,.T.);
#10629 = VERTEX_POINT('',#10630);
#10630 = CARTESIAN_POINT('',(90.365,233.64892596731,50.73));
#10631 = LINE('',#10632,#10633);
#10632 = CARTESIAN_POINT('',(85.6,230.89785193462,50.73));
#10633 = VECTOR('',#10634,1.);
#10634 = DIRECTION('',(0.866025403784,0.5,0.));
#10635 = ORIENTED_EDGE('',*,*,#10636,.F.);
#10636 = EDGE_CURVE('',#10637,#10629,#10639,.T.);
#10637 = VERTEX_POINT('',#10638);
#10638 = CARTESIAN_POINT('',(90.365,233.64892596731,47.55));
#10639 = LINE('',#10640,#10641);
#10640 = CARTESIAN_POINT('',(90.365,233.64892596731,47.55));
#10641 = VECTOR('',#10642,1.);
#10642 = DIRECTION('',(0.,0.,1.));
#10643 = ORIENTED_EDGE('',*,*,#10644,.F.);
#10644 = EDGE_CURVE('',#10606,#10637,#10645,.T.);
#10645 = LINE('',#10646,#10647);
#10646 = CARTESIAN_POINT('',(85.6,230.89785193462,47.55));
#10647 = VECTOR('',#10648,1.);
#10648 = DIRECTION('',(0.866025403784,0.5,0.));
#10649 = PLANE('',#10650);
#10650 = AXIS2_PLACEMENT_3D('',#10651,#10652,#10653);
#10651 = CARTESIAN_POINT('',(85.6,230.89785193462,47.55));
#10652 = DIRECTION('',(-0.5,0.866025403784,0.));
#10653 = DIRECTION('',(0.866025403784,0.5,0.));
#10654 = ADVANCED_FACE('',(#10655),#10671,.F.);
#10655 = FACE_BOUND('',#10656,.F.);
#10656 = EDGE_LOOP('',(#10657,#10658,#10664,#10665));
#10657 = ORIENTED_EDGE('',*,*,#10636,.T.);
#10658 = ORIENTED_EDGE('',*,*,#10659,.T.);
#10659 = EDGE_CURVE('',#10629,#10497,#10660,.T.);
#10660 = LINE('',#10661,#10662);
#10661 = CARTESIAN_POINT('',(90.365,233.64892596731,50.73));
#10662 = VECTOR('',#10663,1.);
#10663 = DIRECTION('',(3.228478801903E-16,1.,0.));
#10664 = ORIENTED_EDGE('',*,*,#10494,.F.);
#10665 = ORIENTED_EDGE('',*,*,#10666,.F.);
#10666 = EDGE_CURVE('',#10637,#10495,#10667,.T.);
#10667 = LINE('',#10668,#10669);
#10668 = CARTESIAN_POINT('',(90.365,233.64892596731,47.55));
#10669 = VECTOR('',#10670,1.);
#10670 = DIRECTION('',(3.228478801903E-16,1.,0.));
#10671 = PLANE('',#10672);
#10672 = AXIS2_PLACEMENT_3D('',#10673,#10674,#10675);
#10673 = CARTESIAN_POINT('',(90.365,233.64892596731,47.55));
#10674 = DIRECTION('',(-1.,3.228478801903E-16,0.));
#10675 = DIRECTION('',(3.228478801903E-16,1.,0.));
#10676 = ADVANCED_FACE('',(#10677),#10685,.F.);
#10677 = FACE_BOUND('',#10678,.F.);
#10678 = EDGE_LOOP('',(#10679,#10680,#10681,#10682,#10683,#10684));
#10679 = ORIENTED_EDGE('',*,*,#10520,.T.);
#10680 = ORIENTED_EDGE('',*,*,#10551,.T.);
#10681 = ORIENTED_EDGE('',*,*,#10582,.T.);
#10682 = ORIENTED_EDGE('',*,*,#10613,.T.);
#10683 = ORIENTED_EDGE('',*,*,#10644,.T.);
#10684 = ORIENTED_EDGE('',*,*,#10666,.T.);
#10685 = PLANE('',#10686);
#10686 = AXIS2_PLACEMENT_3D('',#10687,#10688,#10689);
#10687 = CARTESIAN_POINT('',(85.6,236.4,47.55));
#10688 = DIRECTION('',(0.,0.,1.));
#10689 = DIRECTION('',(1.,0.,0.));
#10690 = ADVANCED_FACE('',(#10691),#10699,.T.);
#10691 = FACE_BOUND('',#10692,.T.);
#10692 = EDGE_LOOP('',(#10693,#10694,#10695,#10696,#10697,#10698));
#10693 = ORIENTED_EDGE('',*,*,#10504,.T.);
#10694 = ORIENTED_EDGE('',*,*,#10535,.T.);
#10695 = ORIENTED_EDGE('',*,*,#10566,.T.);
#10696 = ORIENTED_EDGE('',*,*,#10597,.T.);
#10697 = ORIENTED_EDGE('',*,*,#10628,.T.);
#10698 = ORIENTED_EDGE('',*,*,#10659,.T.);
#10699 = PLANE('',#10700);
#10700 = AXIS2_PLACEMENT_3D('',#10701,#10702,#10703);
#10701 = CARTESIAN_POINT('',(85.6,236.4,50.73));
#10702 = DIRECTION('',(0.,0.,1.));
#10703 = DIRECTION('',(1.,0.,0.));
#10704 = MANIFOLD_SOLID_BREP('',#10705);
#10705 = CLOSED_SHELL('',(#10706,#10739,#10759,#10779));
#10706 = ADVANCED_FACE('',(#10707),#10734,.T.);
#10707 = FACE_BOUND('',#10708,.T.);
#10708 = EDGE_LOOP('',(#10709,#10718,#10726,#10733));
#10709 = ORIENTED_EDGE('',*,*,#10710,.F.);
#10710 = EDGE_CURVE('',#10711,#10711,#10713,.T.);
#10711 = VERTEX_POINT('',#10712);
#10712 = CARTESIAN_POINT('',(58.8,227.,47.95));
#10713 = CIRCLE('',#10714,8.);
#10714 = AXIS2_PLACEMENT_3D('',#10715,#10716,#10717);
#10715 = CARTESIAN_POINT('',(50.8,227.,47.95));
#10716 = DIRECTION('',(0.,0.,1.));
#10717 = DIRECTION('',(1.,0.,0.));
#10718 = ORIENTED_EDGE('',*,*,#10719,.F.);
#10719 = EDGE_CURVE('',#10720,#10711,#10722,.T.);
#10720 = VERTEX_POINT('',#10721);
#10721 = CARTESIAN_POINT('',(58.8,227.,46.35));
#10722 = LINE('',#10723,#10724);
#10723 = CARTESIAN_POINT('',(58.8,227.,46.35));
#10724 = VECTOR('',#10725,1.);
#10725 = DIRECTION('',(0.,0.,1.));
#10726 = ORIENTED_EDGE('',*,*,#10727,.T.);
#10727 = EDGE_CURVE('',#10720,#10720,#10728,.T.);
#10728 = CIRCLE('',#10729,8.);
#10729 = AXIS2_PLACEMENT_3D('',#10730,#10731,#10732);
#10730 = CARTESIAN_POINT('',(50.8,227.,46.35));
#10731 = DIRECTION('',(0.,0.,1.));
#10732 = DIRECTION('',(1.,0.,0.));
#10733 = ORIENTED_EDGE('',*,*,#10719,.T.);
#10734 = CYLINDRICAL_SURFACE('',#10735,8.);
#10735 = AXIS2_PLACEMENT_3D('',#10736,#10737,#10738);
#10736 = CARTESIAN_POINT('',(50.8,227.,46.35));
#10737 = DIRECTION('',(0.,0.,1.));
#10738 = DIRECTION('',(1.,0.,0.));
#10739 = ADVANCED_FACE('',(#10740,#10743),#10754,.T.);
#10740 = FACE_BOUND('',#10741,.T.);
#10741 = EDGE_LOOP('',(#10742));
#10742 = ORIENTED_EDGE('',*,*,#10710,.T.);
#10743 = FACE_BOUND('',#10744,.T.);
#10744 = EDGE_LOOP('',(#10745));
#10745 = ORIENTED_EDGE('',*,*,#10746,.F.);
#10746 = EDGE_CURVE('',#10747,#10747,#10749,.T.);
#10747 = VERTEX_POINT('',#10748);
#10748 = CARTESIAN_POINT('',(55.05,227.,47.95));
#10749 = CIRCLE('',#10750,4.25);
#10750 = AXIS2_PLACEMENT_3D('',#10751,#10752,#10753);
#10751 = CARTESIAN_POINT('',(50.8,227.,47.95));
#10752 = DIRECTION('',(0.,0.,1.));
#10753 = DIRECTION('',(1.,0.,0.));
#10754 = PLANE('',#10755);
#10755 = AXIS2_PLACEMENT_3D('',#10756,#10757,#10758);
#10756 = CARTESIAN_POINT('',(50.8,227.,47.95));
#10757 = DIRECTION('',(0.,0.,1.));
#10758 = DIRECTION('',(1.,0.,0.));
#10759 = ADVANCED_FACE('',(#10760,#10763),#10774,.F.);
#10760 = FACE_BOUND('',#10761,.F.);
#10761 = EDGE_LOOP('',(#10762));
#10762 = ORIENTED_EDGE('',*,*,#10727,.T.);
#10763 = FACE_BOUND('',#10764,.F.);
#10764 = EDGE_LOOP('',(#10765));
#10765 = ORIENTED_EDGE('',*,*,#10766,.F.);
#10766 = EDGE_CURVE('',#10767,#10767,#10769,.T.);
#10767 = VERTEX_POINT('',#10768);
#10768 = CARTESIAN_POINT('',(55.05,227.,46.35));
#10769 = CIRCLE('',#10770,4.25);
#10770 = AXIS2_PLACEMENT_3D('',#10771,#10772,#10773);
#10771 = CARTESIAN_POINT('',(50.8,227.,46.35));
#10772 = DIRECTION('',(0.,0.,1.));
#10773 = DIRECTION('',(1.,0.,0.));
#10774 = PLANE('',#10775);
#10775 = AXIS2_PLACEMENT_3D('',#10776,#10777,#10778);
#10776 = CARTESIAN_POINT('',(50.8,227.,46.35));
#10777 = DIRECTION('',(0.,0.,1.));
#10778 = DIRECTION('',(1.,0.,0.));
#10779 = ADVANCED_FACE('',(#10780),#10791,.F.);
#10780 = FACE_BOUND('',#10781,.F.);
#10781 = EDGE_LOOP('',(#10782,#10783,#10789,#10790));
#10782 = ORIENTED_EDGE('',*,*,#10746,.F.);
#10783 = ORIENTED_EDGE('',*,*,#10784,.F.);
#10784 = EDGE_CURVE('',#10767,#10747,#10785,.T.);
#10785 = LINE('',#10786,#10787);
#10786 = CARTESIAN_POINT('',(55.05,227.,46.25));
#10787 = VECTOR('',#10788,1.);
#10788 = DIRECTION('',(0.,0.,1.));
#10789 = ORIENTED_EDGE('',*,*,#10766,.T.);
#10790 = ORIENTED_EDGE('',*,*,#10784,.T.);
#10791 = CYLINDRICAL_SURFACE('',#10792,4.25);
#10792 = AXIS2_PLACEMENT_3D('',#10793,#10794,#10795);
#10793 = CARTESIAN_POINT('',(50.8,227.,46.25));
#10794 = DIRECTION('',(0.,0.,1.));
#10795 = DIRECTION('',(1.,0.,0.));
#10796 = MANIFOLD_SOLID_BREP('',#10797);
#10797 = CLOSED_SHELL('',(#10798,#10838,#10869,#10900,#10944,#10977,
    #10994,#11011,#11023,#11048));
#10798 = ADVANCED_FACE('',(#10799),#10833,.F.);
#10799 = FACE_BOUND('',#10800,.F.);
#10800 = EDGE_LOOP('',(#10801,#10811,#10819,#10827));
#10801 = ORIENTED_EDGE('',*,*,#10802,.T.);
#10802 = EDGE_CURVE('',#10803,#10805,#10807,.T.);
#10803 = VERTEX_POINT('',#10804);
#10804 = CARTESIAN_POINT('',(57.3,230.75277674973,47.95));
#10805 = VERTEX_POINT('',#10806);
#10806 = CARTESIAN_POINT('',(57.3,230.75277674973,53.45));
#10807 = LINE('',#10808,#10809);
#10808 = CARTESIAN_POINT('',(57.3,230.75277674973,47.95));
#10809 = VECTOR('',#10810,1.);
#10810 = DIRECTION('',(0.,0.,1.));
#10811 = ORIENTED_EDGE('',*,*,#10812,.T.);
#10812 = EDGE_CURVE('',#10805,#10813,#10815,.T.);
#10813 = VERTEX_POINT('',#10814);
#10814 = CARTESIAN_POINT('',(50.8,234.50555349946,53.45));
#10815 = LINE('',#10816,#10817);
#10816 = CARTESIAN_POINT('',(57.3,230.75277674973,53.45));
#10817 = VECTOR('',#10818,1.);
#10818 = DIRECTION('',(-0.866025403784,0.5,0.));
#10819 = ORIENTED_EDGE('',*,*,#10820,.F.);
#10820 = EDGE_CURVE('',#10821,#10813,#10823,.T.);
#10821 = VERTEX_POINT('',#10822);
#10822 = CARTESIAN_POINT('',(50.8,234.50555349946,47.95));
#10823 = LINE('',#10824,#10825);
#10824 = CARTESIAN_POINT('',(50.8,234.50555349946,47.95));
#10825 = VECTOR('',#10826,1.);
#10826 = DIRECTION('',(0.,0.,1.));
#10827 = ORIENTED_EDGE('',*,*,#10828,.F.);
#10828 = EDGE_CURVE('',#10803,#10821,#10829,.T.);
#10829 = LINE('',#10830,#10831);
#10830 = CARTESIAN_POINT('',(57.3,230.75277674973,47.95));
#10831 = VECTOR('',#10832,1.);
#10832 = DIRECTION('',(-0.866025403784,0.5,0.));
#10833 = PLANE('',#10834);
#10834 = AXIS2_PLACEMENT_3D('',#10835,#10836,#10837);
#10835 = CARTESIAN_POINT('',(57.3,230.75277674973,47.95));
#10836 = DIRECTION('',(-0.5,-0.866025403784,0.));
#10837 = DIRECTION('',(-0.866025403784,0.5,0.));
#10838 = ADVANCED_FACE('',(#10839),#10864,.F.);
#10839 = FACE_BOUND('',#10840,.F.);
#10840 = EDGE_LOOP('',(#10841,#10851,#10857,#10858));
#10841 = ORIENTED_EDGE('',*,*,#10842,.T.);
#10842 = EDGE_CURVE('',#10843,#10845,#10847,.T.);
#10843 = VERTEX_POINT('',#10844);
#10844 = CARTESIAN_POINT('',(57.3,223.24722325026,47.95));
#10845 = VERTEX_POINT('',#10846);
#10846 = CARTESIAN_POINT('',(57.3,223.24722325026,53.45));
#10847 = LINE('',#10848,#10849);
#10848 = CARTESIAN_POINT('',(57.3,223.24722325026,47.95));
#10849 = VECTOR('',#10850,1.);
#10850 = DIRECTION('',(0.,0.,1.));
#10851 = ORIENTED_EDGE('',*,*,#10852,.T.);
#10852 = EDGE_CURVE('',#10845,#10805,#10853,.T.);
#10853 = LINE('',#10854,#10855);
#10854 = CARTESIAN_POINT('',(57.3,223.24722325026,53.45));
#10855 = VECTOR('',#10856,1.);
#10856 = DIRECTION('',(3.550084959477E-16,1.,0.));
#10857 = ORIENTED_EDGE('',*,*,#10802,.F.);
#10858 = ORIENTED_EDGE('',*,*,#10859,.F.);
#10859 = EDGE_CURVE('',#10843,#10803,#10860,.T.);
#10860 = LINE('',#10861,#10862);
#10861 = CARTESIAN_POINT('',(57.3,223.24722325026,47.95));
#10862 = VECTOR('',#10863,1.);
#10863 = DIRECTION('',(3.550084959477E-16,1.,0.));
#10864 = PLANE('',#10865);
#10865 = AXIS2_PLACEMENT_3D('',#10866,#10867,#10868);
#10866 = CARTESIAN_POINT('',(57.3,223.24722325026,47.95));
#10867 = DIRECTION('',(-1.,3.550084959477E-16,0.));
#10868 = DIRECTION('',(3.550084959477E-16,1.,0.));
#10869 = ADVANCED_FACE('',(#10870),#10895,.F.);
#10870 = FACE_BOUND('',#10871,.F.);
#10871 = EDGE_LOOP('',(#10872,#10873,#10881,#10889));
#10872 = ORIENTED_EDGE('',*,*,#10820,.T.);
#10873 = ORIENTED_EDGE('',*,*,#10874,.T.);
#10874 = EDGE_CURVE('',#10813,#10875,#10877,.T.);
#10875 = VERTEX_POINT('',#10876);
#10876 = CARTESIAN_POINT('',(44.3,230.75277674973,53.45));
#10877 = LINE('',#10878,#10879);
#10878 = CARTESIAN_POINT('',(50.8,234.50555349946,53.45));
#10879 = VECTOR('',#10880,1.);
#10880 = DIRECTION('',(-0.866025403784,-0.5,0.));
#10881 = ORIENTED_EDGE('',*,*,#10882,.F.);
#10882 = EDGE_CURVE('',#10883,#10875,#10885,.T.);
#10883 = VERTEX_POINT('',#10884);
#10884 = CARTESIAN_POINT('',(44.3,230.75277674973,47.95));
#10885 = LINE('',#10886,#10887);
#10886 = CARTESIAN_POINT('',(44.3,230.75277674973,47.95));
#10887 = VECTOR('',#10888,1.);
#10888 = DIRECTION('',(0.,0.,1.));
#10889 = ORIENTED_EDGE('',*,*,#10890,.F.);
#10890 = EDGE_CURVE('',#10821,#10883,#10891,.T.);
#10891 = LINE('',#10892,#10893);
#10892 = CARTESIAN_POINT('',(50.8,234.50555349946,47.95));
#10893 = VECTOR('',#10894,1.);
#10894 = DIRECTION('',(-0.866025403784,-0.5,0.));
#10895 = PLANE('',#10896);
#10896 = AXIS2_PLACEMENT_3D('',#10897,#10898,#10899);
#10897 = CARTESIAN_POINT('',(50.8,234.50555349946,47.95));
#10898 = DIRECTION('',(0.5,-0.866025403784,0.));
#10899 = DIRECTION('',(-0.866025403784,-0.5,0.));
#10900 = ADVANCED_FACE('',(#10901,#10928),#10939,.F.);
#10901 = FACE_BOUND('',#10902,.F.);
#10902 = EDGE_LOOP('',(#10903,#10904,#10905,#10913,#10921,#10927));
#10903 = ORIENTED_EDGE('',*,*,#10828,.T.);
#10904 = ORIENTED_EDGE('',*,*,#10890,.T.);
#10905 = ORIENTED_EDGE('',*,*,#10906,.T.);
#10906 = EDGE_CURVE('',#10883,#10907,#10909,.T.);
#10907 = VERTEX_POINT('',#10908);
#10908 = CARTESIAN_POINT('',(44.3,223.24722325026,47.95));
#10909 = LINE('',#10910,#10911);
#10910 = CARTESIAN_POINT('',(44.3,230.75277674973,47.95));
#10911 = VECTOR('',#10912,1.);
#10912 = DIRECTION('',(1.183361653159E-16,-1.,0.));
#10913 = ORIENTED_EDGE('',*,*,#10914,.T.);
#10914 = EDGE_CURVE('',#10907,#10915,#10917,.T.);
#10915 = VERTEX_POINT('',#10916);
#10916 = CARTESIAN_POINT('',(50.8,219.49444650053,47.95));
#10917 = LINE('',#10918,#10919);
#10918 = CARTESIAN_POINT('',(44.3,223.24722325026,47.95));
#10919 = VECTOR('',#10920,1.);
#10920 = DIRECTION('',(0.866025403784,-0.5,0.));
#10921 = ORIENTED_EDGE('',*,*,#10922,.T.);
#10922 = EDGE_CURVE('',#10915,#10843,#10923,.T.);
#10923 = LINE('',#10924,#10925);
#10924 = CARTESIAN_POINT('',(50.8,219.49444650053,47.95));
#10925 = VECTOR('',#10926,1.);
#10926 = DIRECTION('',(0.866025403784,0.5,0.));
#10927 = ORIENTED_EDGE('',*,*,#10859,.T.);
#10928 = FACE_BOUND('',#10929,.F.);
#10929 = EDGE_LOOP('',(#10930));
#10930 = ORIENTED_EDGE('',*,*,#10931,.F.);
#10931 = EDGE_CURVE('',#10932,#10932,#10934,.T.);
#10932 = VERTEX_POINT('',#10933);
#10933 = CARTESIAN_POINT('',(54.8,227.,47.95));
#10934 = CIRCLE('',#10935,4.);
#10935 = AXIS2_PLACEMENT_3D('',#10936,#10937,#10938);
#10936 = CARTESIAN_POINT('',(50.8,227.,47.95));
#10937 = DIRECTION('',(0.,0.,1.));
#10938 = DIRECTION('',(1.,0.,0.));
#10939 = PLANE('',#10940);
#10940 = AXIS2_PLACEMENT_3D('',#10941,#10942,#10943);
#10941 = CARTESIAN_POINT('',(50.8,227.,47.95));
#10942 = DIRECTION('',(0.,0.,1.));
#10943 = DIRECTION('',(1.,0.,0.));
#10944 = ADVANCED_FACE('',(#10945),#10972,.T.);
#10945 = FACE_BOUND('',#10946,.T.);
#10946 = EDGE_LOOP('',(#10947,#10948,#10949,#10957,#10965,#10971));
#10947 = ORIENTED_EDGE('',*,*,#10812,.T.);
#10948 = ORIENTED_EDGE('',*,*,#10874,.T.);
#10949 = ORIENTED_EDGE('',*,*,#10950,.T.);
#10950 = EDGE_CURVE('',#10875,#10951,#10953,.T.);
#10951 = VERTEX_POINT('',#10952);
#10952 = CARTESIAN_POINT('',(44.3,223.24722325026,53.45));
#10953 = LINE('',#10954,#10955);
#10954 = CARTESIAN_POINT('',(44.3,230.75277674973,53.45));
#10955 = VECTOR('',#10956,1.);
#10956 = DIRECTION('',(1.183361653159E-16,-1.,0.));
#10957 = ORIENTED_EDGE('',*,*,#10958,.T.);
#10958 = EDGE_CURVE('',#10951,#10959,#10961,.T.);
#10959 = VERTEX_POINT('',#10960);
#10960 = CARTESIAN_POINT('',(50.8,219.49444650053,53.45));
#10961 = LINE('',#10962,#10963);
#10962 = CARTESIAN_POINT('',(44.3,223.24722325026,53.45));
#10963 = VECTOR('',#10964,1.);
#10964 = DIRECTION('',(0.866025403784,-0.5,0.));
#10965 = ORIENTED_EDGE('',*,*,#10966,.T.);
#10966 = EDGE_CURVE('',#10959,#10845,#10967,.T.);
#10967 = LINE('',#10968,#10969);
#10968 = CARTESIAN_POINT('',(50.8,219.49444650053,53.45));
#10969 = VECTOR('',#10970,1.);
#10970 = DIRECTION('',(0.866025403784,0.5,0.));
#10971 = ORIENTED_EDGE('',*,*,#10852,.T.);
#10972 = PLANE('',#10973);
#10973 = AXIS2_PLACEMENT_3D('',#10974,#10975,#10976);
#10974 = CARTESIAN_POINT('',(50.8,227.,53.45));
#10975 = DIRECTION('',(0.,0.,1.));
#10976 = DIRECTION('',(1.,0.,0.));
#10977 = ADVANCED_FACE('',(#10978),#10989,.F.);
#10978 = FACE_BOUND('',#10979,.F.);
#10979 = EDGE_LOOP('',(#10980,#10986,#10987,#10988));
#10980 = ORIENTED_EDGE('',*,*,#10981,.T.);
#10981 = EDGE_CURVE('',#10915,#10959,#10982,.T.);
#10982 = LINE('',#10983,#10984);
#10983 = CARTESIAN_POINT('',(50.8,219.49444650053,47.95));
#10984 = VECTOR('',#10985,1.);
#10985 = DIRECTION('',(0.,0.,1.));
#10986 = ORIENTED_EDGE('',*,*,#10966,.T.);
#10987 = ORIENTED_EDGE('',*,*,#10842,.F.);
#10988 = ORIENTED_EDGE('',*,*,#10922,.F.);
#10989 = PLANE('',#10990);
#10990 = AXIS2_PLACEMENT_3D('',#10991,#10992,#10993);
#10991 = CARTESIAN_POINT('',(50.8,219.49444650053,47.95));
#10992 = DIRECTION('',(-0.5,0.866025403784,0.));
#10993 = DIRECTION('',(0.866025403784,0.5,0.));
#10994 = ADVANCED_FACE('',(#10995),#11006,.F.);
#10995 = FACE_BOUND('',#10996,.F.);
#10996 = EDGE_LOOP('',(#10997,#10998,#10999,#11005));
#10997 = ORIENTED_EDGE('',*,*,#10882,.T.);
#10998 = ORIENTED_EDGE('',*,*,#10950,.T.);
#10999 = ORIENTED_EDGE('',*,*,#11000,.F.);
#11000 = EDGE_CURVE('',#10907,#10951,#11001,.T.);
#11001 = LINE('',#11002,#11003);
#11002 = CARTESIAN_POINT('',(44.3,223.24722325026,47.95));
#11003 = VECTOR('',#11004,1.);
#11004 = DIRECTION('',(0.,0.,1.));
#11005 = ORIENTED_EDGE('',*,*,#10906,.F.);
#11006 = PLANE('',#11007);
#11007 = AXIS2_PLACEMENT_3D('',#11008,#11009,#11010);
#11008 = CARTESIAN_POINT('',(44.3,230.75277674973,47.95));
#11009 = DIRECTION('',(1.,1.183361653159E-16,0.));
#11010 = DIRECTION('',(1.183361653159E-16,-1.,0.));
#11011 = ADVANCED_FACE('',(#11012),#11018,.F.);
#11012 = FACE_BOUND('',#11013,.F.);
#11013 = EDGE_LOOP('',(#11014,#11015,#11016,#11017));
#11014 = ORIENTED_EDGE('',*,*,#11000,.T.);
#11015 = ORIENTED_EDGE('',*,*,#10958,.T.);
#11016 = ORIENTED_EDGE('',*,*,#10981,.F.);
#11017 = ORIENTED_EDGE('',*,*,#10914,.F.);
#11018 = PLANE('',#11019);
#11019 = AXIS2_PLACEMENT_3D('',#11020,#11021,#11022);
#11020 = CARTESIAN_POINT('',(44.3,223.24722325026,47.95));
#11021 = DIRECTION('',(0.5,0.866025403784,0.));
#11022 = DIRECTION('',(0.866025403784,-0.5,0.));
#11023 = ADVANCED_FACE('',(#11024),#11043,.T.);
#11024 = FACE_BOUND('',#11025,.T.);
#11025 = EDGE_LOOP('',(#11026,#11027,#11035,#11042));
#11026 = ORIENTED_EDGE('',*,*,#10931,.F.);
#11027 = ORIENTED_EDGE('',*,*,#11028,.F.);
#11028 = EDGE_CURVE('',#11029,#10932,#11031,.T.);
#11029 = VERTEX_POINT('',#11030);
#11030 = CARTESIAN_POINT('',(54.8,227.,30.2));
#11031 = LINE('',#11032,#11033);
#11032 = CARTESIAN_POINT('',(54.8,227.,30.2));
#11033 = VECTOR('',#11034,1.);
#11034 = DIRECTION('',(0.,0.,1.));
#11035 = ORIENTED_EDGE('',*,*,#11036,.T.);
#11036 = EDGE_CURVE('',#11029,#11029,#11037,.T.);
#11037 = CIRCLE('',#11038,4.);
#11038 = AXIS2_PLACEMENT_3D('',#11039,#11040,#11041);
#11039 = CARTESIAN_POINT('',(50.8,227.,30.2));
#11040 = DIRECTION('',(0.,0.,1.));
#11041 = DIRECTION('',(1.,0.,0.));
#11042 = ORIENTED_EDGE('',*,*,#11028,.T.);
#11043 = CYLINDRICAL_SURFACE('',#11044,4.);
#11044 = AXIS2_PLACEMENT_3D('',#11045,#11046,#11047);
#11045 = CARTESIAN_POINT('',(50.8,227.,30.2));
#11046 = DIRECTION('',(0.,0.,1.));
#11047 = DIRECTION('',(1.,0.,0.));
#11048 = ADVANCED_FACE('',(#11049),#11052,.F.);
#11049 = FACE_BOUND('',#11050,.T.);
#11050 = EDGE_LOOP('',(#11051));
#11051 = ORIENTED_EDGE('',*,*,#11036,.F.);
#11052 = PLANE('',#11053);
#11053 = AXIS2_PLACEMENT_3D('',#11054,#11055,#11056);
#11054 = CARTESIAN_POINT('',(50.8,227.,30.2));
#11055 = DIRECTION('',(0.,0.,1.));
#11056 = DIRECTION('',(1.,0.,0.));
#11057 = MANIFOLD_SOLID_BREP('',#11058);
#11058 = CLOSED_SHELL('',(#11059,#11099,#11130,#11161,#11194,#11238,
    #11255,#11272,#11284,#11309));
#11059 = ADVANCED_FACE('',(#11060),#11094,.F.);
#11060 = FACE_BOUND('',#11061,.F.);
#11061 = EDGE_LOOP('',(#11062,#11072,#11080,#11088));
#11062 = ORIENTED_EDGE('',*,*,#11063,.T.);
#11063 = EDGE_CURVE('',#11064,#11066,#11068,.T.);
#11064 = VERTEX_POINT('',#11065);
#11065 = CARTESIAN_POINT('',(57.3,230.75277674973,-5.5));
#11066 = VERTEX_POINT('',#11067);
#11067 = CARTESIAN_POINT('',(57.3,230.75277674973,0.));
#11068 = LINE('',#11069,#11070);
#11069 = CARTESIAN_POINT('',(57.3,230.75277674973,-5.5));
#11070 = VECTOR('',#11071,1.);
#11071 = DIRECTION('',(0.,0.,1.));
#11072 = ORIENTED_EDGE('',*,*,#11073,.T.);
#11073 = EDGE_CURVE('',#11066,#11074,#11076,.T.);
#11074 = VERTEX_POINT('',#11075);
#11075 = CARTESIAN_POINT('',(50.8,234.50555349946,0.));
#11076 = LINE('',#11077,#11078);
#11077 = CARTESIAN_POINT('',(57.3,230.75277674973,0.));
#11078 = VECTOR('',#11079,1.);
#11079 = DIRECTION('',(-0.866025403784,0.5,0.));
#11080 = ORIENTED_EDGE('',*,*,#11081,.F.);
#11081 = EDGE_CURVE('',#11082,#11074,#11084,.T.);
#11082 = VERTEX_POINT('',#11083);
#11083 = CARTESIAN_POINT('',(50.8,234.50555349946,-5.5));
#11084 = LINE('',#11085,#11086);
#11085 = CARTESIAN_POINT('',(50.8,234.50555349946,-5.5));
#11086 = VECTOR('',#11087,1.);
#11087 = DIRECTION('',(0.,0.,1.));
#11088 = ORIENTED_EDGE('',*,*,#11089,.F.);
#11089 = EDGE_CURVE('',#11064,#11082,#11090,.T.);
#11090 = LINE('',#11091,#11092);
#11091 = CARTESIAN_POINT('',(57.3,230.75277674973,-5.5));
#11092 = VECTOR('',#11093,1.);
#11093 = DIRECTION('',(-0.866025403784,0.5,0.));
#11094 = PLANE('',#11095);
#11095 = AXIS2_PLACEMENT_3D('',#11096,#11097,#11098);
#11096 = CARTESIAN_POINT('',(57.3,230.75277674973,-5.5));
#11097 = DIRECTION('',(-0.5,-0.866025403784,0.));
#11098 = DIRECTION('',(-0.866025403784,0.5,0.));
#11099 = ADVANCED_FACE('',(#11100),#11125,.F.);
#11100 = FACE_BOUND('',#11101,.F.);
#11101 = EDGE_LOOP('',(#11102,#11112,#11118,#11119));
#11102 = ORIENTED_EDGE('',*,*,#11103,.T.);
#11103 = EDGE_CURVE('',#11104,#11106,#11108,.T.);
#11104 = VERTEX_POINT('',#11105);
#11105 = CARTESIAN_POINT('',(57.3,223.24722325026,-5.5));
#11106 = VERTEX_POINT('',#11107);
#11107 = CARTESIAN_POINT('',(57.3,223.24722325026,0.));
#11108 = LINE('',#11109,#11110);
#11109 = CARTESIAN_POINT('',(57.3,223.24722325026,-5.5));
#11110 = VECTOR('',#11111,1.);
#11111 = DIRECTION('',(0.,0.,1.));
#11112 = ORIENTED_EDGE('',*,*,#11113,.T.);
#11113 = EDGE_CURVE('',#11106,#11066,#11114,.T.);
#11114 = LINE('',#11115,#11116);
#11115 = CARTESIAN_POINT('',(57.3,223.24722325026,0.));
#11116 = VECTOR('',#11117,1.);
#11117 = DIRECTION('',(3.550084959477E-16,1.,0.));
#11118 = ORIENTED_EDGE('',*,*,#11063,.F.);
#11119 = ORIENTED_EDGE('',*,*,#11120,.F.);
#11120 = EDGE_CURVE('',#11104,#11064,#11121,.T.);
#11121 = LINE('',#11122,#11123);
#11122 = CARTESIAN_POINT('',(57.3,223.24722325026,-5.5));
#11123 = VECTOR('',#11124,1.);
#11124 = DIRECTION('',(3.550084959477E-16,1.,0.));
#11125 = PLANE('',#11126);
#11126 = AXIS2_PLACEMENT_3D('',#11127,#11128,#11129);
#11127 = CARTESIAN_POINT('',(57.3,223.24722325026,-5.5));
#11128 = DIRECTION('',(-1.,3.550084959477E-16,0.));
#11129 = DIRECTION('',(3.550084959477E-16,1.,0.));
#11130 = ADVANCED_FACE('',(#11131),#11156,.F.);
#11131 = FACE_BOUND('',#11132,.F.);
#11132 = EDGE_LOOP('',(#11133,#11134,#11142,#11150));
#11133 = ORIENTED_EDGE('',*,*,#11081,.T.);
#11134 = ORIENTED_EDGE('',*,*,#11135,.T.);
#11135 = EDGE_CURVE('',#11074,#11136,#11138,.T.);
#11136 = VERTEX_POINT('',#11137);
#11137 = CARTESIAN_POINT('',(44.3,230.75277674973,0.));
#11138 = LINE('',#11139,#11140);
#11139 = CARTESIAN_POINT('',(50.8,234.50555349946,0.));
#11140 = VECTOR('',#11141,1.);
#11141 = DIRECTION('',(-0.866025403784,-0.5,0.));
#11142 = ORIENTED_EDGE('',*,*,#11143,.F.);
#11143 = EDGE_CURVE('',#11144,#11136,#11146,.T.);
#11144 = VERTEX_POINT('',#11145);
#11145 = CARTESIAN_POINT('',(44.3,230.75277674973,-5.5));
#11146 = LINE('',#11147,#11148);
#11147 = CARTESIAN_POINT('',(44.3,230.75277674973,-5.5));
#11148 = VECTOR('',#11149,1.);
#11149 = DIRECTION('',(0.,0.,1.));
#11150 = ORIENTED_EDGE('',*,*,#11151,.F.);
#11151 = EDGE_CURVE('',#11082,#11144,#11152,.T.);
#11152 = LINE('',#11153,#11154);
#11153 = CARTESIAN_POINT('',(50.8,234.50555349946,-5.5));
#11154 = VECTOR('',#11155,1.);
#11155 = DIRECTION('',(-0.866025403784,-0.5,0.));
#11156 = PLANE('',#11157);
#11157 = AXIS2_PLACEMENT_3D('',#11158,#11159,#11160);
#11158 = CARTESIAN_POINT('',(50.8,234.50555349946,-5.5));
#11159 = DIRECTION('',(0.5,-0.866025403784,0.));
#11160 = DIRECTION('',(-0.866025403784,-0.5,0.));
#11161 = ADVANCED_FACE('',(#11162),#11189,.F.);
#11162 = FACE_BOUND('',#11163,.F.);
#11163 = EDGE_LOOP('',(#11164,#11165,#11166,#11174,#11182,#11188));
#11164 = ORIENTED_EDGE('',*,*,#11089,.T.);
#11165 = ORIENTED_EDGE('',*,*,#11151,.T.);
#11166 = ORIENTED_EDGE('',*,*,#11167,.T.);
#11167 = EDGE_CURVE('',#11144,#11168,#11170,.T.);
#11168 = VERTEX_POINT('',#11169);
#11169 = CARTESIAN_POINT('',(44.3,223.24722325026,-5.5));
#11170 = LINE('',#11171,#11172);
#11171 = CARTESIAN_POINT('',(44.3,230.75277674973,-5.5));
#11172 = VECTOR('',#11173,1.);
#11173 = DIRECTION('',(1.183361653159E-16,-1.,0.));
#11174 = ORIENTED_EDGE('',*,*,#11175,.T.);
#11175 = EDGE_CURVE('',#11168,#11176,#11178,.T.);
#11176 = VERTEX_POINT('',#11177);
#11177 = CARTESIAN_POINT('',(50.8,219.49444650053,-5.5));
#11178 = LINE('',#11179,#11180);
#11179 = CARTESIAN_POINT('',(44.3,223.24722325026,-5.5));
#11180 = VECTOR('',#11181,1.);
#11181 = DIRECTION('',(0.866025403784,-0.5,0.));
#11182 = ORIENTED_EDGE('',*,*,#11183,.T.);
#11183 = EDGE_CURVE('',#11176,#11104,#11184,.T.);
#11184 = LINE('',#11185,#11186);
#11185 = CARTESIAN_POINT('',(50.8,219.49444650053,-5.5));
#11186 = VECTOR('',#11187,1.);
#11187 = DIRECTION('',(0.866025403784,0.5,0.));
#11188 = ORIENTED_EDGE('',*,*,#11120,.T.);
#11189 = PLANE('',#11190);
#11190 = AXIS2_PLACEMENT_3D('',#11191,#11192,#11193);
#11191 = CARTESIAN_POINT('',(50.8,227.,-5.5));
#11192 = DIRECTION('',(0.,0.,1.));
#11193 = DIRECTION('',(1.,0.,0.));
#11194 = ADVANCED_FACE('',(#11195,#11222),#11233,.T.);
#11195 = FACE_BOUND('',#11196,.T.);
#11196 = EDGE_LOOP('',(#11197,#11198,#11199,#11207,#11215,#11221));
#11197 = ORIENTED_EDGE('',*,*,#11073,.T.);
#11198 = ORIENTED_EDGE('',*,*,#11135,.T.);
#11199 = ORIENTED_EDGE('',*,*,#11200,.T.);
#11200 = EDGE_CURVE('',#11136,#11201,#11203,.T.);
#11201 = VERTEX_POINT('',#11202);
#11202 = CARTESIAN_POINT('',(44.3,223.24722325026,0.));
#11203 = LINE('',#11204,#11205);
#11204 = CARTESIAN_POINT('',(44.3,230.75277674973,0.));
#11205 = VECTOR('',#11206,1.);
#11206 = DIRECTION('',(1.183361653159E-16,-1.,0.));
#11207 = ORIENTED_EDGE('',*,*,#11208,.T.);
#11208 = EDGE_CURVE('',#11201,#11209,#11211,.T.);
#11209 = VERTEX_POINT('',#11210);
#11210 = CARTESIAN_POINT('',(50.8,219.49444650053,0.));
#11211 = LINE('',#11212,#11213);
#11212 = CARTESIAN_POINT('',(44.3,223.24722325026,0.));
#11213 = VECTOR('',#11214,1.);
#11214 = DIRECTION('',(0.866025403784,-0.5,0.));
#11215 = ORIENTED_EDGE('',*,*,#11216,.T.);
#11216 = EDGE_CURVE('',#11209,#11106,#11217,.T.);
#11217 = LINE('',#11218,#11219);
#11218 = CARTESIAN_POINT('',(50.8,219.49444650053,0.));
#11219 = VECTOR('',#11220,1.);
#11220 = DIRECTION('',(0.866025403784,0.5,0.));
#11221 = ORIENTED_EDGE('',*,*,#11113,.T.);
#11222 = FACE_BOUND('',#11223,.T.);
#11223 = EDGE_LOOP('',(#11224));
#11224 = ORIENTED_EDGE('',*,*,#11225,.F.);
#11225 = EDGE_CURVE('',#11226,#11226,#11228,.T.);
#11226 = VERTEX_POINT('',#11227);
#11227 = CARTESIAN_POINT('',(54.8,227.,0.));
#11228 = CIRCLE('',#11229,4.);
#11229 = AXIS2_PLACEMENT_3D('',#11230,#11231,#11232);
#11230 = CARTESIAN_POINT('',(50.8,227.,0.));
#11231 = DIRECTION('',(0.,0.,1.));
#11232 = DIRECTION('',(1.,0.,0.));
#11233 = PLANE('',#11234);
#11234 = AXIS2_PLACEMENT_3D('',#11235,#11236,#11237);
#11235 = CARTESIAN_POINT('',(50.8,227.,0.));
#11236 = DIRECTION('',(0.,0.,1.));
#11237 = DIRECTION('',(1.,0.,0.));
#11238 = ADVANCED_FACE('',(#11239),#11250,.F.);
#11239 = FACE_BOUND('',#11240,.F.);
#11240 = EDGE_LOOP('',(#11241,#11247,#11248,#11249));
#11241 = ORIENTED_EDGE('',*,*,#11242,.T.);
#11242 = EDGE_CURVE('',#11176,#11209,#11243,.T.);
#11243 = LINE('',#11244,#11245);
#11244 = CARTESIAN_POINT('',(50.8,219.49444650053,-5.5));
#11245 = VECTOR('',#11246,1.);
#11246 = DIRECTION('',(0.,0.,1.));
#11247 = ORIENTED_EDGE('',*,*,#11216,.T.);
#11248 = ORIENTED_EDGE('',*,*,#11103,.F.);
#11249 = ORIENTED_EDGE('',*,*,#11183,.F.);
#11250 = PLANE('',#11251);
#11251 = AXIS2_PLACEMENT_3D('',#11252,#11253,#11254);
#11252 = CARTESIAN_POINT('',(50.8,219.49444650053,-5.5));
#11253 = DIRECTION('',(-0.5,0.866025403784,0.));
#11254 = DIRECTION('',(0.866025403784,0.5,0.));
#11255 = ADVANCED_FACE('',(#11256),#11267,.F.);
#11256 = FACE_BOUND('',#11257,.F.);
#11257 = EDGE_LOOP('',(#11258,#11259,#11260,#11266));
#11258 = ORIENTED_EDGE('',*,*,#11143,.T.);
#11259 = ORIENTED_EDGE('',*,*,#11200,.T.);
#11260 = ORIENTED_EDGE('',*,*,#11261,.F.);
#11261 = EDGE_CURVE('',#11168,#11201,#11262,.T.);
#11262 = LINE('',#11263,#11264);
#11263 = CARTESIAN_POINT('',(44.3,223.24722325026,-5.5));
#11264 = VECTOR('',#11265,1.);
#11265 = DIRECTION('',(0.,0.,1.));
#11266 = ORIENTED_EDGE('',*,*,#11167,.F.);
#11267 = PLANE('',#11268);
#11268 = AXIS2_PLACEMENT_3D('',#11269,#11270,#11271);
#11269 = CARTESIAN_POINT('',(44.3,230.75277674973,-5.5));
#11270 = DIRECTION('',(1.,1.183361653159E-16,0.));
#11271 = DIRECTION('',(1.183361653159E-16,-1.,0.));
#11272 = ADVANCED_FACE('',(#11273),#11279,.F.);
#11273 = FACE_BOUND('',#11274,.F.);
#11274 = EDGE_LOOP('',(#11275,#11276,#11277,#11278));
#11275 = ORIENTED_EDGE('',*,*,#11261,.T.);
#11276 = ORIENTED_EDGE('',*,*,#11208,.T.);
#11277 = ORIENTED_EDGE('',*,*,#11242,.F.);
#11278 = ORIENTED_EDGE('',*,*,#11175,.F.);
#11279 = PLANE('',#11280);
#11280 = AXIS2_PLACEMENT_3D('',#11281,#11282,#11283);
#11281 = CARTESIAN_POINT('',(44.3,223.24722325026,-5.5));
#11282 = DIRECTION('',(0.5,0.866025403784,0.));
#11283 = DIRECTION('',(0.866025403784,-0.5,0.));
#11284 = ADVANCED_FACE('',(#11285),#11304,.T.);
#11285 = FACE_BOUND('',#11286,.T.);
#11286 = EDGE_LOOP('',(#11287,#11295,#11302,#11303));
#11287 = ORIENTED_EDGE('',*,*,#11288,.T.);
#11288 = EDGE_CURVE('',#11226,#11289,#11291,.T.);
#11289 = VERTEX_POINT('',#11290);
#11290 = CARTESIAN_POINT('',(54.8,227.,12.8));
#11291 = LINE('',#11292,#11293);
#11292 = CARTESIAN_POINT('',(54.8,227.,-0.2));
#11293 = VECTOR('',#11294,1.);
#11294 = DIRECTION('',(0.,0.,1.));
#11295 = ORIENTED_EDGE('',*,*,#11296,.F.);
#11296 = EDGE_CURVE('',#11289,#11289,#11297,.T.);
#11297 = CIRCLE('',#11298,4.);
#11298 = AXIS2_PLACEMENT_3D('',#11299,#11300,#11301);
#11299 = CARTESIAN_POINT('',(50.8,227.,12.8));
#11300 = DIRECTION('',(0.,0.,1.));
#11301 = DIRECTION('',(1.,0.,0.));
#11302 = ORIENTED_EDGE('',*,*,#11288,.F.);
#11303 = ORIENTED_EDGE('',*,*,#11225,.T.);
#11304 = CYLINDRICAL_SURFACE('',#11305,4.);
#11305 = AXIS2_PLACEMENT_3D('',#11306,#11307,#11308);
#11306 = CARTESIAN_POINT('',(50.8,227.,-0.2));
#11307 = DIRECTION('',(0.,0.,1.));
#11308 = DIRECTION('',(1.,0.,0.));
#11309 = ADVANCED_FACE('',(#11310),#11313,.T.);
#11310 = FACE_BOUND('',#11311,.T.);
#11311 = EDGE_LOOP('',(#11312));
#11312 = ORIENTED_EDGE('',*,*,#11296,.T.);
#11313 = PLANE('',#11314);
#11314 = AXIS2_PLACEMENT_3D('',#11315,#11316,#11317);
#11315 = CARTESIAN_POINT('',(50.8,227.,12.8));
#11316 = DIRECTION('',(0.,0.,1.));
#11317 = DIRECTION('',(1.,0.,0.));
#11318 = MANIFOLD_SOLID_BREP('',#11319);
#11319 = CLOSED_SHELL('',(#11320,#11353,#11373,#11393));
#11320 = ADVANCED_FACE('',(#11321),#11348,.T.);
#11321 = FACE_BOUND('',#11322,.T.);
#11322 = EDGE_LOOP('',(#11323,#11332,#11340,#11347));
#11323 = ORIENTED_EDGE('',*,*,#11324,.F.);
#11324 = EDGE_CURVE('',#11325,#11325,#11327,.T.);
#11325 = VERTEX_POINT('',#11326);
#11326 = CARTESIAN_POINT('',(27.1,217.6,40.));
#11327 = CIRCLE('',#11328,11.1);
#11328 = AXIS2_PLACEMENT_3D('',#11329,#11330,#11331);
#11329 = CARTESIAN_POINT('',(16.,217.6,40.));
#11330 = DIRECTION('',(0.,0.,1.));
#11331 = DIRECTION('',(1.,0.,0.));
#11332 = ORIENTED_EDGE('',*,*,#11333,.F.);
#11333 = EDGE_CURVE('',#11334,#11325,#11336,.T.);
#11334 = VERTEX_POINT('',#11335);
#11335 = CARTESIAN_POINT('',(27.1,217.6,38.));
#11336 = LINE('',#11337,#11338);
#11337 = CARTESIAN_POINT('',(27.1,217.6,38.));
#11338 = VECTOR('',#11339,1.);
#11339 = DIRECTION('',(0.,0.,1.));
#11340 = ORIENTED_EDGE('',*,*,#11341,.T.);
#11341 = EDGE_CURVE('',#11334,#11334,#11342,.T.);
#11342 = CIRCLE('',#11343,11.1);
#11343 = AXIS2_PLACEMENT_3D('',#11344,#11345,#11346);
#11344 = CARTESIAN_POINT('',(16.,217.6,38.));
#11345 = DIRECTION('',(0.,0.,1.));
#11346 = DIRECTION('',(1.,0.,0.));
#11347 = ORIENTED_EDGE('',*,*,#11333,.T.);
#11348 = CYLINDRICAL_SURFACE('',#11349,11.1);
#11349 = AXIS2_PLACEMENT_3D('',#11350,#11351,#11352);
#11350 = CARTESIAN_POINT('',(16.,217.6,38.));
#11351 = DIRECTION('',(0.,0.,1.));
#11352 = DIRECTION('',(1.,0.,0.));
#11353 = ADVANCED_FACE('',(#11354,#11357),#11368,.T.);
#11354 = FACE_BOUND('',#11355,.T.);
#11355 = EDGE_LOOP('',(#11356));
#11356 = ORIENTED_EDGE('',*,*,#11324,.T.);
#11357 = FACE_BOUND('',#11358,.T.);
#11358 = EDGE_LOOP('',(#11359));
#11359 = ORIENTED_EDGE('',*,*,#11360,.F.);
#11360 = EDGE_CURVE('',#11361,#11361,#11363,.T.);
#11361 = VERTEX_POINT('',#11362);
#11362 = CARTESIAN_POINT('',(20.2,217.6,40.));
#11363 = CIRCLE('',#11364,4.2);
#11364 = AXIS2_PLACEMENT_3D('',#11365,#11366,#11367);
#11365 = CARTESIAN_POINT('',(16.,217.6,40.));
#11366 = DIRECTION('',(0.,0.,1.));
#11367 = DIRECTION('',(1.,0.,0.));
#11368 = PLANE('',#11369);
#11369 = AXIS2_PLACEMENT_3D('',#11370,#11371,#11372);
#11370 = CARTESIAN_POINT('',(16.,217.6,40.));
#11371 = DIRECTION('',(0.,0.,1.));
#11372 = DIRECTION('',(1.,0.,0.));
#11373 = ADVANCED_FACE('',(#11374,#11377),#11388,.F.);
#11374 = FACE_BOUND('',#11375,.F.);
#11375 = EDGE_LOOP('',(#11376));
#11376 = ORIENTED_EDGE('',*,*,#11341,.T.);
#11377 = FACE_BOUND('',#11378,.F.);
#11378 = EDGE_LOOP('',(#11379));
#11379 = ORIENTED_EDGE('',*,*,#11380,.F.);
#11380 = EDGE_CURVE('',#11381,#11381,#11383,.T.);
#11381 = VERTEX_POINT('',#11382);
#11382 = CARTESIAN_POINT('',(20.2,217.6,38.));
#11383 = CIRCLE('',#11384,4.2);
#11384 = AXIS2_PLACEMENT_3D('',#11385,#11386,#11387);
#11385 = CARTESIAN_POINT('',(16.,217.6,38.));
#11386 = DIRECTION('',(0.,0.,1.));
#11387 = DIRECTION('',(1.,0.,0.));
#11388 = PLANE('',#11389);
#11389 = AXIS2_PLACEMENT_3D('',#11390,#11391,#11392);
#11390 = CARTESIAN_POINT('',(16.,217.6,38.));
#11391 = DIRECTION('',(0.,0.,1.));
#11392 = DIRECTION('',(1.,0.,0.));
#11393 = ADVANCED_FACE('',(#11394),#11405,.F.);
#11394 = FACE_BOUND('',#11395,.F.);
#11395 = EDGE_LOOP('',(#11396,#11397,#11403,#11404));
#11396 = ORIENTED_EDGE('',*,*,#11360,.F.);
#11397 = ORIENTED_EDGE('',*,*,#11398,.F.);
#11398 = EDGE_CURVE('',#11381,#11361,#11399,.T.);
#11399 = LINE('',#11400,#11401);
#11400 = CARTESIAN_POINT('',(20.2,217.6,37.9));
#11401 = VECTOR('',#11402,1.);
#11402 = DIRECTION('',(0.,0.,1.));
#11403 = ORIENTED_EDGE('',*,*,#11380,.T.);
#11404 = ORIENTED_EDGE('',*,*,#11398,.T.);
#11405 = CYLINDRICAL_SURFACE('',#11406,4.2);
#11406 = AXIS2_PLACEMENT_3D('',#11407,#11408,#11409);
#11407 = CARTESIAN_POINT('',(16.,217.6,37.9));
#11408 = DIRECTION('',(0.,0.,1.));
#11409 = DIRECTION('',(1.,0.,0.));
#11410 = MANIFOLD_SOLID_BREP('',#11411);
#11411 = CLOSED_SHELL('',(#11412,#11452,#11483,#11514,#11545,#11576,
    #11598,#11612));
#11412 = ADVANCED_FACE('',(#11413),#11447,.F.);
#11413 = FACE_BOUND('',#11414,.F.);
#11414 = EDGE_LOOP('',(#11415,#11425,#11433,#11441));
#11415 = ORIENTED_EDGE('',*,*,#11416,.T.);
#11416 = EDGE_CURVE('',#11417,#11419,#11421,.T.);
#11417 = VERTEX_POINT('',#11418);
#11418 = CARTESIAN_POINT('',(22.35,221.26617420935,32.8));
#11419 = VERTEX_POINT('',#11420);
#11420 = CARTESIAN_POINT('',(22.35,221.26617420935,38.));
#11421 = LINE('',#11422,#11423);
#11422 = CARTESIAN_POINT('',(22.35,221.26617420935,32.8));
#11423 = VECTOR('',#11424,1.);
#11424 = DIRECTION('',(0.,0.,1.));
#11425 = ORIENTED_EDGE('',*,*,#11426,.T.);
#11426 = EDGE_CURVE('',#11419,#11427,#11429,.T.);
#11427 = VERTEX_POINT('',#11428);
#11428 = CARTESIAN_POINT('',(16.,224.9323484187,38.));
#11429 = LINE('',#11430,#11431);
#11430 = CARTESIAN_POINT('',(22.35,221.26617420935,38.));
#11431 = VECTOR('',#11432,1.);
#11432 = DIRECTION('',(-0.866025403784,0.5,0.));
#11433 = ORIENTED_EDGE('',*,*,#11434,.F.);
#11434 = EDGE_CURVE('',#11435,#11427,#11437,.T.);
#11435 = VERTEX_POINT('',#11436);
#11436 = CARTESIAN_POINT('',(16.,224.9323484187,32.8));
#11437 = LINE('',#11438,#11439);
#11438 = CARTESIAN_POINT('',(16.,224.9323484187,32.8));
#11439 = VECTOR('',#11440,1.);
#11440 = DIRECTION('',(0.,0.,1.));
#11441 = ORIENTED_EDGE('',*,*,#11442,.F.);
#11442 = EDGE_CURVE('',#11417,#11435,#11443,.T.);
#11443 = LINE('',#11444,#11445);
#11444 = CARTESIAN_POINT('',(22.35,221.26617420935,32.8));
#11445 = VECTOR('',#11446,1.);
#11446 = DIRECTION('',(-0.866025403784,0.5,0.));
#11447 = PLANE('',#11448);
#11448 = AXIS2_PLACEMENT_3D('',#11449,#11450,#11451);
#11449 = CARTESIAN_POINT('',(22.35,221.26617420935,32.8));
#11450 = DIRECTION('',(-0.5,-0.866025403784,0.));
#11451 = DIRECTION('',(-0.866025403784,0.5,0.));
#11452 = ADVANCED_FACE('',(#11453),#11478,.F.);
#11453 = FACE_BOUND('',#11454,.F.);
#11454 = EDGE_LOOP('',(#11455,#11456,#11464,#11472));
#11455 = ORIENTED_EDGE('',*,*,#11434,.T.);
#11456 = ORIENTED_EDGE('',*,*,#11457,.T.);
#11457 = EDGE_CURVE('',#11427,#11458,#11460,.T.);
#11458 = VERTEX_POINT('',#11459);
#11459 = CARTESIAN_POINT('',(9.65,221.26617420935,38.));
#11460 = LINE('',#11461,#11462);
#11461 = CARTESIAN_POINT('',(16.,224.9323484187,38.));
#11462 = VECTOR('',#11463,1.);
#11463 = DIRECTION('',(-0.866025403784,-0.5,0.));
#11464 = ORIENTED_EDGE('',*,*,#11465,.F.);
#11465 = EDGE_CURVE('',#11466,#11458,#11468,.T.);
#11466 = VERTEX_POINT('',#11467);
#11467 = CARTESIAN_POINT('',(9.65,221.26617420935,32.8));
#11468 = LINE('',#11469,#11470);
#11469 = CARTESIAN_POINT('',(9.65,221.26617420935,32.8));
#11470 = VECTOR('',#11471,1.);
#11471 = DIRECTION('',(0.,0.,1.));
#11472 = ORIENTED_EDGE('',*,*,#11473,.F.);
#11473 = EDGE_CURVE('',#11435,#11466,#11474,.T.);
#11474 = LINE('',#11475,#11476);
#11475 = CARTESIAN_POINT('',(16.,224.9323484187,32.8));
#11476 = VECTOR('',#11477,1.);
#11477 = DIRECTION('',(-0.866025403784,-0.5,0.));
#11478 = PLANE('',#11479);
#11479 = AXIS2_PLACEMENT_3D('',#11480,#11481,#11482);
#11480 = CARTESIAN_POINT('',(16.,224.9323484187,32.8));
#11481 = DIRECTION('',(0.5,-0.866025403784,0.));
#11482 = DIRECTION('',(-0.866025403784,-0.5,0.));
#11483 = ADVANCED_FACE('',(#11484),#11509,.F.);
#11484 = FACE_BOUND('',#11485,.F.);
#11485 = EDGE_LOOP('',(#11486,#11487,#11495,#11503));
#11486 = ORIENTED_EDGE('',*,*,#11465,.T.);
#11487 = ORIENTED_EDGE('',*,*,#11488,.T.);
#11488 = EDGE_CURVE('',#11458,#11489,#11491,.T.);
#11489 = VERTEX_POINT('',#11490);
#11490 = CARTESIAN_POINT('',(9.65,213.93382579064,38.));
#11491 = LINE('',#11492,#11493);
#11492 = CARTESIAN_POINT('',(9.65,221.26617420935,38.));
#11493 = VECTOR('',#11494,1.);
#11494 = DIRECTION('',(1.211315078037E-16,-1.,0.));
#11495 = ORIENTED_EDGE('',*,*,#11496,.F.);
#11496 = EDGE_CURVE('',#11497,#11489,#11499,.T.);
#11497 = VERTEX_POINT('',#11498);
#11498 = CARTESIAN_POINT('',(9.65,213.93382579064,32.8));
#11499 = LINE('',#11500,#11501);
#11500 = CARTESIAN_POINT('',(9.65,213.93382579064,32.8));
#11501 = VECTOR('',#11502,1.);
#11502 = DIRECTION('',(0.,0.,1.));
#11503 = ORIENTED_EDGE('',*,*,#11504,.F.);
#11504 = EDGE_CURVE('',#11466,#11497,#11505,.T.);
#11505 = LINE('',#11506,#11507);
#11506 = CARTESIAN_POINT('',(9.65,221.26617420935,32.8));
#11507 = VECTOR('',#11508,1.);
#11508 = DIRECTION('',(1.211315078037E-16,-1.,0.));
#11509 = PLANE('',#11510);
#11510 = AXIS2_PLACEMENT_3D('',#11511,#11512,#11513);
#11511 = CARTESIAN_POINT('',(9.65,221.26617420935,32.8));
#11512 = DIRECTION('',(1.,1.211315078037E-16,0.));
#11513 = DIRECTION('',(1.211315078037E-16,-1.,0.));
#11514 = ADVANCED_FACE('',(#11515),#11540,.F.);
#11515 = FACE_BOUND('',#11516,.F.);
#11516 = EDGE_LOOP('',(#11517,#11518,#11526,#11534));
#11517 = ORIENTED_EDGE('',*,*,#11496,.T.);
#11518 = ORIENTED_EDGE('',*,*,#11519,.T.);
#11519 = EDGE_CURVE('',#11489,#11520,#11522,.T.);
#11520 = VERTEX_POINT('',#11521);
#11521 = CARTESIAN_POINT('',(16.,210.26765158129,38.));
#11522 = LINE('',#11523,#11524);
#11523 = CARTESIAN_POINT('',(9.65,213.93382579064,38.));
#11524 = VECTOR('',#11525,1.);
#11525 = DIRECTION('',(0.866025403784,-0.5,0.));
#11526 = ORIENTED_EDGE('',*,*,#11527,.F.);
#11527 = EDGE_CURVE('',#11528,#11520,#11530,.T.);
#11528 = VERTEX_POINT('',#11529);
#11529 = CARTESIAN_POINT('',(16.,210.26765158129,32.8));
#11530 = LINE('',#11531,#11532);
#11531 = CARTESIAN_POINT('',(16.,210.26765158129,32.8));
#11532 = VECTOR('',#11533,1.);
#11533 = DIRECTION('',(0.,0.,1.));
#11534 = ORIENTED_EDGE('',*,*,#11535,.F.);
#11535 = EDGE_CURVE('',#11497,#11528,#11536,.T.);
#11536 = LINE('',#11537,#11538);
#11537 = CARTESIAN_POINT('',(9.65,213.93382579064,32.8));
#11538 = VECTOR('',#11539,1.);
#11539 = DIRECTION('',(0.866025403784,-0.5,0.));
#11540 = PLANE('',#11541);
#11541 = AXIS2_PLACEMENT_3D('',#11542,#11543,#11544);
#11542 = CARTESIAN_POINT('',(9.65,213.93382579064,32.8));
#11543 = DIRECTION('',(0.5,0.866025403784,0.));
#11544 = DIRECTION('',(0.866025403784,-0.5,0.));
#11545 = ADVANCED_FACE('',(#11546),#11571,.F.);
#11546 = FACE_BOUND('',#11547,.F.);
#11547 = EDGE_LOOP('',(#11548,#11549,#11557,#11565));
#11548 = ORIENTED_EDGE('',*,*,#11527,.T.);
#11549 = ORIENTED_EDGE('',*,*,#11550,.T.);
#11550 = EDGE_CURVE('',#11520,#11551,#11553,.T.);
#11551 = VERTEX_POINT('',#11552);
#11552 = CARTESIAN_POINT('',(22.35,213.93382579064,38.));
#11553 = LINE('',#11554,#11555);
#11554 = CARTESIAN_POINT('',(16.,210.26765158129,38.));
#11555 = VECTOR('',#11556,1.);
#11556 = DIRECTION('',(0.866025403784,0.5,0.));
#11557 = ORIENTED_EDGE('',*,*,#11558,.F.);
#11558 = EDGE_CURVE('',#11559,#11551,#11561,.T.);
#11559 = VERTEX_POINT('',#11560);
#11560 = CARTESIAN_POINT('',(22.35,213.93382579064,32.8));
#11561 = LINE('',#11562,#11563);
#11562 = CARTESIAN_POINT('',(22.35,213.93382579064,32.8));
#11563 = VECTOR('',#11564,1.);
#11564 = DIRECTION('',(0.,0.,1.));
#11565 = ORIENTED_EDGE('',*,*,#11566,.F.);
#11566 = EDGE_CURVE('',#11528,#11559,#11567,.T.);
#11567 = LINE('',#11568,#11569);
#11568 = CARTESIAN_POINT('',(16.,210.26765158129,32.8));
#11569 = VECTOR('',#11570,1.);
#11570 = DIRECTION('',(0.866025403784,0.5,0.));
#11571 = PLANE('',#11572);
#11572 = AXIS2_PLACEMENT_3D('',#11573,#11574,#11575);
#11573 = CARTESIAN_POINT('',(16.,210.26765158129,32.8));
#11574 = DIRECTION('',(-0.5,0.866025403784,0.));
#11575 = DIRECTION('',(0.866025403784,0.5,0.));
#11576 = ADVANCED_FACE('',(#11577),#11593,.F.);
#11577 = FACE_BOUND('',#11578,.F.);
#11578 = EDGE_LOOP('',(#11579,#11580,#11586,#11587));
#11579 = ORIENTED_EDGE('',*,*,#11558,.T.);
#11580 = ORIENTED_EDGE('',*,*,#11581,.T.);
#11581 = EDGE_CURVE('',#11551,#11419,#11582,.T.);
#11582 = LINE('',#11583,#11584);
#11583 = CARTESIAN_POINT('',(22.35,213.93382579064,38.));
#11584 = VECTOR('',#11585,1.);
#11585 = DIRECTION('',(3.633945234111E-16,1.,0.));
#11586 = ORIENTED_EDGE('',*,*,#11416,.F.);
#11587 = ORIENTED_EDGE('',*,*,#11588,.F.);
#11588 = EDGE_CURVE('',#11559,#11417,#11589,.T.);
#11589 = LINE('',#11590,#11591);
#11590 = CARTESIAN_POINT('',(22.35,213.93382579064,32.8));
#11591 = VECTOR('',#11592,1.);
#11592 = DIRECTION('',(3.633945234111E-16,1.,0.));
#11593 = PLANE('',#11594);
#11594 = AXIS2_PLACEMENT_3D('',#11595,#11596,#11597);
#11595 = CARTESIAN_POINT('',(22.35,213.93382579064,32.8));
#11596 = DIRECTION('',(-1.,3.633945234111E-16,0.));
#11597 = DIRECTION('',(3.633945234111E-16,1.,0.));
#11598 = ADVANCED_FACE('',(#11599),#11607,.F.);
#11599 = FACE_BOUND('',#11600,.F.);
#11600 = EDGE_LOOP('',(#11601,#11602,#11603,#11604,#11605,#11606));
#11601 = ORIENTED_EDGE('',*,*,#11442,.T.);
#11602 = ORIENTED_EDGE('',*,*,#11473,.T.);
#11603 = ORIENTED_EDGE('',*,*,#11504,.T.);
#11604 = ORIENTED_EDGE('',*,*,#11535,.T.);
#11605 = ORIENTED_EDGE('',*,*,#11566,.T.);
#11606 = ORIENTED_EDGE('',*,*,#11588,.T.);
#11607 = PLANE('',#11608);
#11608 = AXIS2_PLACEMENT_3D('',#11609,#11610,#11611);
#11609 = CARTESIAN_POINT('',(16.,217.6,32.8));
#11610 = DIRECTION('',(0.,0.,1.));
#11611 = DIRECTION('',(1.,0.,0.));
#11612 = ADVANCED_FACE('',(#11613),#11621,.T.);
#11613 = FACE_BOUND('',#11614,.T.);
#11614 = EDGE_LOOP('',(#11615,#11616,#11617,#11618,#11619,#11620));
#11615 = ORIENTED_EDGE('',*,*,#11426,.T.);
#11616 = ORIENTED_EDGE('',*,*,#11457,.T.);
#11617 = ORIENTED_EDGE('',*,*,#11488,.T.);
#11618 = ORIENTED_EDGE('',*,*,#11519,.T.);
#11619 = ORIENTED_EDGE('',*,*,#11550,.T.);
#11620 = ORIENTED_EDGE('',*,*,#11581,.T.);
#11621 = PLANE('',#11622);
#11622 = AXIS2_PLACEMENT_3D('',#11623,#11624,#11625);
#11623 = CARTESIAN_POINT('',(16.,217.6,38.));
#11624 = DIRECTION('',(0.,0.,1.));
#11625 = DIRECTION('',(1.,0.,0.));
#11626 = MANIFOLD_SOLID_BREP('',#11627);
#11627 = CLOSED_SHELL('',(#11628,#11661,#11681,#11701));
#11628 = ADVANCED_FACE('',(#11629),#11656,.T.);
#11629 = FACE_BOUND('',#11630,.T.);
#11630 = EDGE_LOOP('',(#11631,#11640,#11648,#11655));
#11631 = ORIENTED_EDGE('',*,*,#11632,.F.);
#11632 = EDGE_CURVE('',#11633,#11633,#11635,.T.);
#11633 = VERTEX_POINT('',#11634);
#11634 = CARTESIAN_POINT('',(96.7,217.6,40.));
#11635 = CIRCLE('',#11636,11.1);
#11636 = AXIS2_PLACEMENT_3D('',#11637,#11638,#11639);
#11637 = CARTESIAN_POINT('',(85.6,217.6,40.));
#11638 = DIRECTION('',(0.,0.,1.));
#11639 = DIRECTION('',(1.,0.,0.));
#11640 = ORIENTED_EDGE('',*,*,#11641,.F.);
#11641 = EDGE_CURVE('',#11642,#11633,#11644,.T.);
#11642 = VERTEX_POINT('',#11643);
#11643 = CARTESIAN_POINT('',(96.7,217.6,38.));
#11644 = LINE('',#11645,#11646);
#11645 = CARTESIAN_POINT('',(96.7,217.6,38.));
#11646 = VECTOR('',#11647,1.);
#11647 = DIRECTION('',(0.,0.,1.));
#11648 = ORIENTED_EDGE('',*,*,#11649,.T.);
#11649 = EDGE_CURVE('',#11642,#11642,#11650,.T.);
#11650 = CIRCLE('',#11651,11.1);
#11651 = AXIS2_PLACEMENT_3D('',#11652,#11653,#11654);
#11652 = CARTESIAN_POINT('',(85.6,217.6,38.));
#11653 = DIRECTION('',(0.,0.,1.));
#11654 = DIRECTION('',(1.,0.,0.));
#11655 = ORIENTED_EDGE('',*,*,#11641,.T.);
#11656 = CYLINDRICAL_SURFACE('',#11657,11.1);
#11657 = AXIS2_PLACEMENT_3D('',#11658,#11659,#11660);
#11658 = CARTESIAN_POINT('',(85.6,217.6,38.));
#11659 = DIRECTION('',(0.,0.,1.));
#11660 = DIRECTION('',(1.,0.,0.));
#11661 = ADVANCED_FACE('',(#11662,#11665),#11676,.T.);
#11662 = FACE_BOUND('',#11663,.T.);
#11663 = EDGE_LOOP('',(#11664));
#11664 = ORIENTED_EDGE('',*,*,#11632,.T.);
#11665 = FACE_BOUND('',#11666,.T.);
#11666 = EDGE_LOOP('',(#11667));
#11667 = ORIENTED_EDGE('',*,*,#11668,.F.);
#11668 = EDGE_CURVE('',#11669,#11669,#11671,.T.);
#11669 = VERTEX_POINT('',#11670);
#11670 = CARTESIAN_POINT('',(89.8,217.6,40.));
#11671 = CIRCLE('',#11672,4.2);
#11672 = AXIS2_PLACEMENT_3D('',#11673,#11674,#11675);
#11673 = CARTESIAN_POINT('',(85.6,217.6,40.));
#11674 = DIRECTION('',(0.,0.,1.));
#11675 = DIRECTION('',(1.,0.,0.));
#11676 = PLANE('',#11677);
#11677 = AXIS2_PLACEMENT_3D('',#11678,#11679,#11680);
#11678 = CARTESIAN_POINT('',(85.6,217.6,40.));
#11679 = DIRECTION('',(0.,0.,1.));
#11680 = DIRECTION('',(1.,0.,0.));
#11681 = ADVANCED_FACE('',(#11682,#11685),#11696,.F.);
#11682 = FACE_BOUND('',#11683,.F.);
#11683 = EDGE_LOOP('',(#11684));
#11684 = ORIENTED_EDGE('',*,*,#11649,.T.);
#11685 = FACE_BOUND('',#11686,.F.);
#11686 = EDGE_LOOP('',(#11687));
#11687 = ORIENTED_EDGE('',*,*,#11688,.F.);
#11688 = EDGE_CURVE('',#11689,#11689,#11691,.T.);
#11689 = VERTEX_POINT('',#11690);
#11690 = CARTESIAN_POINT('',(89.8,217.6,38.));
#11691 = CIRCLE('',#11692,4.2);
#11692 = AXIS2_PLACEMENT_3D('',#11693,#11694,#11695);
#11693 = CARTESIAN_POINT('',(85.6,217.6,38.));
#11694 = DIRECTION('',(0.,0.,1.));
#11695 = DIRECTION('',(1.,0.,0.));
#11696 = PLANE('',#11697);
#11697 = AXIS2_PLACEMENT_3D('',#11698,#11699,#11700);
#11698 = CARTESIAN_POINT('',(85.6,217.6,38.));
#11699 = DIRECTION('',(0.,0.,1.));
#11700 = DIRECTION('',(1.,0.,0.));
#11701 = ADVANCED_FACE('',(#11702),#11713,.F.);
#11702 = FACE_BOUND('',#11703,.F.);
#11703 = EDGE_LOOP('',(#11704,#11705,#11711,#11712));
#11704 = ORIENTED_EDGE('',*,*,#11668,.F.);
#11705 = ORIENTED_EDGE('',*,*,#11706,.F.);
#11706 = EDGE_CURVE('',#11689,#11669,#11707,.T.);
#11707 = LINE('',#11708,#11709);
#11708 = CARTESIAN_POINT('',(89.8,217.6,37.9));
#11709 = VECTOR('',#11710,1.);
#11710 = DIRECTION('',(0.,0.,1.));
#11711 = ORIENTED_EDGE('',*,*,#11688,.T.);
#11712 = ORIENTED_EDGE('',*,*,#11706,.T.);
#11713 = CYLINDRICAL_SURFACE('',#11714,4.2);
#11714 = AXIS2_PLACEMENT_3D('',#11715,#11716,#11717);
#11715 = CARTESIAN_POINT('',(85.6,217.6,37.9));
#11716 = DIRECTION('',(0.,0.,1.));
#11717 = DIRECTION('',(1.,0.,0.));
#11718 = MANIFOLD_SOLID_BREP('',#11719);
#11719 = CLOSED_SHELL('',(#11720,#11760,#11791,#11822,#11853,#11884,
    #11906,#11920));
#11720 = ADVANCED_FACE('',(#11721),#11755,.F.);
#11721 = FACE_BOUND('',#11722,.F.);
#11722 = EDGE_LOOP('',(#11723,#11733,#11741,#11749));
#11723 = ORIENTED_EDGE('',*,*,#11724,.T.);
#11724 = EDGE_CURVE('',#11725,#11727,#11729,.T.);
#11725 = VERTEX_POINT('',#11726);
#11726 = CARTESIAN_POINT('',(91.95,221.26617420935,32.8));
#11727 = VERTEX_POINT('',#11728);
#11728 = CARTESIAN_POINT('',(91.95,221.26617420935,38.));
#11729 = LINE('',#11730,#11731);
#11730 = CARTESIAN_POINT('',(91.95,221.26617420935,32.8));
#11731 = VECTOR('',#11732,1.);
#11732 = DIRECTION('',(0.,0.,1.));
#11733 = ORIENTED_EDGE('',*,*,#11734,.T.);
#11734 = EDGE_CURVE('',#11727,#11735,#11737,.T.);
#11735 = VERTEX_POINT('',#11736);
#11736 = CARTESIAN_POINT('',(85.6,224.9323484187,38.));
#11737 = LINE('',#11738,#11739);
#11738 = CARTESIAN_POINT('',(91.95,221.26617420935,38.));
#11739 = VECTOR('',#11740,1.);
#11740 = DIRECTION('',(-0.866025403784,0.5,0.));
#11741 = ORIENTED_EDGE('',*,*,#11742,.F.);
#11742 = EDGE_CURVE('',#11743,#11735,#11745,.T.);
#11743 = VERTEX_POINT('',#11744);
#11744 = CARTESIAN_POINT('',(85.6,224.9323484187,32.8));
#11745 = LINE('',#11746,#11747);
#11746 = CARTESIAN_POINT('',(85.6,224.9323484187,32.8));
#11747 = VECTOR('',#11748,1.);
#11748 = DIRECTION('',(0.,0.,1.));
#11749 = ORIENTED_EDGE('',*,*,#11750,.F.);
#11750 = EDGE_CURVE('',#11725,#11743,#11751,.T.);
#11751 = LINE('',#11752,#11753);
#11752 = CARTESIAN_POINT('',(91.95,221.26617420935,32.8));
#11753 = VECTOR('',#11754,1.);
#11754 = DIRECTION('',(-0.866025403784,0.5,0.));
#11755 = PLANE('',#11756);
#11756 = AXIS2_PLACEMENT_3D('',#11757,#11758,#11759);
#11757 = CARTESIAN_POINT('',(91.95,221.26617420935,32.8));
#11758 = DIRECTION('',(-0.5,-0.866025403784,0.));
#11759 = DIRECTION('',(-0.866025403784,0.5,0.));
#11760 = ADVANCED_FACE('',(#11761),#11786,.F.);
#11761 = FACE_BOUND('',#11762,.F.);
#11762 = EDGE_LOOP('',(#11763,#11764,#11772,#11780));
#11763 = ORIENTED_EDGE('',*,*,#11742,.T.);
#11764 = ORIENTED_EDGE('',*,*,#11765,.T.);
#11765 = EDGE_CURVE('',#11735,#11766,#11768,.T.);
#11766 = VERTEX_POINT('',#11767);
#11767 = CARTESIAN_POINT('',(79.25,221.26617420935,38.));
#11768 = LINE('',#11769,#11770);
#11769 = CARTESIAN_POINT('',(85.6,224.9323484187,38.));
#11770 = VECTOR('',#11771,1.);
#11771 = DIRECTION('',(-0.866025403784,-0.5,0.));
#11772 = ORIENTED_EDGE('',*,*,#11773,.F.);
#11773 = EDGE_CURVE('',#11774,#11766,#11776,.T.);
#11774 = VERTEX_POINT('',#11775);
#11775 = CARTESIAN_POINT('',(79.25,221.26617420935,32.8));
#11776 = LINE('',#11777,#11778);
#11777 = CARTESIAN_POINT('',(79.25,221.26617420935,32.8));
#11778 = VECTOR('',#11779,1.);
#11779 = DIRECTION('',(0.,0.,1.));
#11780 = ORIENTED_EDGE('',*,*,#11781,.F.);
#11781 = EDGE_CURVE('',#11743,#11774,#11782,.T.);
#11782 = LINE('',#11783,#11784);
#11783 = CARTESIAN_POINT('',(85.6,224.9323484187,32.8));
#11784 = VECTOR('',#11785,1.);
#11785 = DIRECTION('',(-0.866025403784,-0.5,0.));
#11786 = PLANE('',#11787);
#11787 = AXIS2_PLACEMENT_3D('',#11788,#11789,#11790);
#11788 = CARTESIAN_POINT('',(85.6,224.9323484187,32.8));
#11789 = DIRECTION('',(0.5,-0.866025403784,0.));
#11790 = DIRECTION('',(-0.866025403784,-0.5,0.));
#11791 = ADVANCED_FACE('',(#11792),#11817,.F.);
#11792 = FACE_BOUND('',#11793,.F.);
#11793 = EDGE_LOOP('',(#11794,#11795,#11803,#11811));
#11794 = ORIENTED_EDGE('',*,*,#11773,.T.);
#11795 = ORIENTED_EDGE('',*,*,#11796,.T.);
#11796 = EDGE_CURVE('',#11766,#11797,#11799,.T.);
#11797 = VERTEX_POINT('',#11798);
#11798 = CARTESIAN_POINT('',(79.25,213.93382579064,38.));
#11799 = LINE('',#11800,#11801);
#11800 = CARTESIAN_POINT('',(79.25,221.26617420935,38.));
#11801 = VECTOR('',#11802,1.);
#11802 = DIRECTION('',(1.211315078037E-16,-1.,0.));
#11803 = ORIENTED_EDGE('',*,*,#11804,.F.);
#11804 = EDGE_CURVE('',#11805,#11797,#11807,.T.);
#11805 = VERTEX_POINT('',#11806);
#11806 = CARTESIAN_POINT('',(79.25,213.93382579064,32.8));
#11807 = LINE('',#11808,#11809);
#11808 = CARTESIAN_POINT('',(79.25,213.93382579064,32.8));
#11809 = VECTOR('',#11810,1.);
#11810 = DIRECTION('',(0.,0.,1.));
#11811 = ORIENTED_EDGE('',*,*,#11812,.F.);
#11812 = EDGE_CURVE('',#11774,#11805,#11813,.T.);
#11813 = LINE('',#11814,#11815);
#11814 = CARTESIAN_POINT('',(79.25,221.26617420935,32.8));
#11815 = VECTOR('',#11816,1.);
#11816 = DIRECTION('',(1.211315078037E-16,-1.,0.));
#11817 = PLANE('',#11818);
#11818 = AXIS2_PLACEMENT_3D('',#11819,#11820,#11821);
#11819 = CARTESIAN_POINT('',(79.25,221.26617420935,32.8));
#11820 = DIRECTION('',(1.,1.211315078037E-16,0.));
#11821 = DIRECTION('',(1.211315078037E-16,-1.,0.));
#11822 = ADVANCED_FACE('',(#11823),#11848,.F.);
#11823 = FACE_BOUND('',#11824,.F.);
#11824 = EDGE_LOOP('',(#11825,#11826,#11834,#11842));
#11825 = ORIENTED_EDGE('',*,*,#11804,.T.);
#11826 = ORIENTED_EDGE('',*,*,#11827,.T.);
#11827 = EDGE_CURVE('',#11797,#11828,#11830,.T.);
#11828 = VERTEX_POINT('',#11829);
#11829 = CARTESIAN_POINT('',(85.6,210.26765158129,38.));
#11830 = LINE('',#11831,#11832);
#11831 = CARTESIAN_POINT('',(79.25,213.93382579064,38.));
#11832 = VECTOR('',#11833,1.);
#11833 = DIRECTION('',(0.866025403784,-0.5,0.));
#11834 = ORIENTED_EDGE('',*,*,#11835,.F.);
#11835 = EDGE_CURVE('',#11836,#11828,#11838,.T.);
#11836 = VERTEX_POINT('',#11837);
#11837 = CARTESIAN_POINT('',(85.6,210.26765158129,32.8));
#11838 = LINE('',#11839,#11840);
#11839 = CARTESIAN_POINT('',(85.6,210.26765158129,32.8));
#11840 = VECTOR('',#11841,1.);
#11841 = DIRECTION('',(0.,0.,1.));
#11842 = ORIENTED_EDGE('',*,*,#11843,.F.);
#11843 = EDGE_CURVE('',#11805,#11836,#11844,.T.);
#11844 = LINE('',#11845,#11846);
#11845 = CARTESIAN_POINT('',(79.25,213.93382579064,32.8));
#11846 = VECTOR('',#11847,1.);
#11847 = DIRECTION('',(0.866025403784,-0.5,0.));
#11848 = PLANE('',#11849);
#11849 = AXIS2_PLACEMENT_3D('',#11850,#11851,#11852);
#11850 = CARTESIAN_POINT('',(79.25,213.93382579064,32.8));
#11851 = DIRECTION('',(0.5,0.866025403784,0.));
#11852 = DIRECTION('',(0.866025403784,-0.5,0.));
#11853 = ADVANCED_FACE('',(#11854),#11879,.F.);
#11854 = FACE_BOUND('',#11855,.F.);
#11855 = EDGE_LOOP('',(#11856,#11857,#11865,#11873));
#11856 = ORIENTED_EDGE('',*,*,#11835,.T.);
#11857 = ORIENTED_EDGE('',*,*,#11858,.T.);
#11858 = EDGE_CURVE('',#11828,#11859,#11861,.T.);
#11859 = VERTEX_POINT('',#11860);
#11860 = CARTESIAN_POINT('',(91.95,213.93382579064,38.));
#11861 = LINE('',#11862,#11863);
#11862 = CARTESIAN_POINT('',(85.6,210.26765158129,38.));
#11863 = VECTOR('',#11864,1.);
#11864 = DIRECTION('',(0.866025403784,0.5,0.));
#11865 = ORIENTED_EDGE('',*,*,#11866,.F.);
#11866 = EDGE_CURVE('',#11867,#11859,#11869,.T.);
#11867 = VERTEX_POINT('',#11868);
#11868 = CARTESIAN_POINT('',(91.95,213.93382579064,32.8));
#11869 = LINE('',#11870,#11871);
#11870 = CARTESIAN_POINT('',(91.95,213.93382579064,32.8));
#11871 = VECTOR('',#11872,1.);
#11872 = DIRECTION('',(0.,0.,1.));
#11873 = ORIENTED_EDGE('',*,*,#11874,.F.);
#11874 = EDGE_CURVE('',#11836,#11867,#11875,.T.);
#11875 = LINE('',#11876,#11877);
#11876 = CARTESIAN_POINT('',(85.6,210.26765158129,32.8));
#11877 = VECTOR('',#11878,1.);
#11878 = DIRECTION('',(0.866025403784,0.5,0.));
#11879 = PLANE('',#11880);
#11880 = AXIS2_PLACEMENT_3D('',#11881,#11882,#11883);
#11881 = CARTESIAN_POINT('',(85.6,210.26765158129,32.8));
#11882 = DIRECTION('',(-0.5,0.866025403784,0.));
#11883 = DIRECTION('',(0.866025403784,0.5,0.));
#11884 = ADVANCED_FACE('',(#11885),#11901,.F.);
#11885 = FACE_BOUND('',#11886,.F.);
#11886 = EDGE_LOOP('',(#11887,#11888,#11894,#11895));
#11887 = ORIENTED_EDGE('',*,*,#11866,.T.);
#11888 = ORIENTED_EDGE('',*,*,#11889,.T.);
#11889 = EDGE_CURVE('',#11859,#11727,#11890,.T.);
#11890 = LINE('',#11891,#11892);
#11891 = CARTESIAN_POINT('',(91.95,213.93382579064,38.));
#11892 = VECTOR('',#11893,1.);
#11893 = DIRECTION('',(3.633945234111E-16,1.,0.));
#11894 = ORIENTED_EDGE('',*,*,#11724,.F.);
#11895 = ORIENTED_EDGE('',*,*,#11896,.F.);
#11896 = EDGE_CURVE('',#11867,#11725,#11897,.T.);
#11897 = LINE('',#11898,#11899);
#11898 = CARTESIAN_POINT('',(91.95,213.93382579064,32.8));
#11899 = VECTOR('',#11900,1.);
#11900 = DIRECTION('',(3.633945234111E-16,1.,0.));
#11901 = PLANE('',#11902);
#11902 = AXIS2_PLACEMENT_3D('',#11903,#11904,#11905);
#11903 = CARTESIAN_POINT('',(91.95,213.93382579064,32.8));
#11904 = DIRECTION('',(-1.,3.633945234111E-16,0.));
#11905 = DIRECTION('',(3.633945234111E-16,1.,0.));
#11906 = ADVANCED_FACE('',(#11907),#11915,.F.);
#11907 = FACE_BOUND('',#11908,.F.);
#11908 = EDGE_LOOP('',(#11909,#11910,#11911,#11912,#11913,#11914));
#11909 = ORIENTED_EDGE('',*,*,#11750,.T.);
#11910 = ORIENTED_EDGE('',*,*,#11781,.T.);
#11911 = ORIENTED_EDGE('',*,*,#11812,.T.);
#11912 = ORIENTED_EDGE('',*,*,#11843,.T.);
#11913 = ORIENTED_EDGE('',*,*,#11874,.T.);
#11914 = ORIENTED_EDGE('',*,*,#11896,.T.);
#11915 = PLANE('',#11916);
#11916 = AXIS2_PLACEMENT_3D('',#11917,#11918,#11919);
#11917 = CARTESIAN_POINT('',(85.6,217.6,32.8));
#11918 = DIRECTION('',(0.,0.,1.));
#11919 = DIRECTION('',(1.,0.,0.));
#11920 = ADVANCED_FACE('',(#11921),#11929,.T.);
#11921 = FACE_BOUND('',#11922,.T.);
#11922 = EDGE_LOOP('',(#11923,#11924,#11925,#11926,#11927,#11928));
#11923 = ORIENTED_EDGE('',*,*,#11734,.T.);
#11924 = ORIENTED_EDGE('',*,*,#11765,.T.);
#11925 = ORIENTED_EDGE('',*,*,#11796,.T.);
#11926 = ORIENTED_EDGE('',*,*,#11827,.T.);
#11927 = ORIENTED_EDGE('',*,*,#11858,.T.);
#11928 = ORIENTED_EDGE('',*,*,#11889,.T.);
#11929 = PLANE('',#11930);
#11930 = AXIS2_PLACEMENT_3D('',#11931,#11932,#11933);
#11931 = CARTESIAN_POINT('',(85.6,217.6,38.));
#11932 = DIRECTION('',(0.,0.,1.));
#11933 = DIRECTION('',(1.,0.,0.));
#11934 = MANIFOLD_SOLID_BREP('',#11935);
#11935 = CLOSED_SHELL('',(#11936,#11969,#11989,#12009));
#11936 = ADVANCED_FACE('',(#11937),#11964,.T.);
#11937 = FACE_BOUND('',#11938,.T.);
#11938 = EDGE_LOOP('',(#11939,#11948,#11956,#11963));
#11939 = ORIENTED_EDGE('',*,*,#11940,.F.);
#11940 = EDGE_CURVE('',#11941,#11941,#11943,.T.);
#11941 = VERTEX_POINT('',#11942);
#11942 = CARTESIAN_POINT('',(22.35,236.4,40.));
#11943 = CIRCLE('',#11944,6.35);
#11944 = AXIS2_PLACEMENT_3D('',#11945,#11946,#11947);
#11945 = CARTESIAN_POINT('',(16.,236.4,40.));
#11946 = DIRECTION('',(0.,0.,1.));
#11947 = DIRECTION('',(1.,0.,0.));
#11948 = ORIENTED_EDGE('',*,*,#11949,.F.);
#11949 = EDGE_CURVE('',#11950,#11941,#11952,.T.);
#11950 = VERTEX_POINT('',#11951);
#11951 = CARTESIAN_POINT('',(22.35,236.4,38.8));
#11952 = LINE('',#11953,#11954);
#11953 = CARTESIAN_POINT('',(22.35,236.4,38.8));
#11954 = VECTOR('',#11955,1.);
#11955 = DIRECTION('',(0.,0.,1.));
#11956 = ORIENTED_EDGE('',*,*,#11957,.T.);
#11957 = EDGE_CURVE('',#11950,#11950,#11958,.T.);
#11958 = CIRCLE('',#11959,6.35);
#11959 = AXIS2_PLACEMENT_3D('',#11960,#11961,#11962);
#11960 = CARTESIAN_POINT('',(16.,236.4,38.8));
#11961 = DIRECTION('',(0.,0.,1.));
#11962 = DIRECTION('',(1.,0.,0.));
#11963 = ORIENTED_EDGE('',*,*,#11949,.T.);
#11964 = CYLINDRICAL_SURFACE('',#11965,6.35);
#11965 = AXIS2_PLACEMENT_3D('',#11966,#11967,#11968);
#11966 = CARTESIAN_POINT('',(16.,236.4,38.8));
#11967 = DIRECTION('',(0.,0.,1.));
#11968 = DIRECTION('',(1.,0.,0.));
#11969 = ADVANCED_FACE('',(#11970,#11973),#11984,.T.);
#11970 = FACE_BOUND('',#11971,.T.);
#11971 = EDGE_LOOP('',(#11972));
#11972 = ORIENTED_EDGE('',*,*,#11940,.T.);
#11973 = FACE_BOUND('',#11974,.T.);
#11974 = EDGE_LOOP('',(#11975));
#11975 = ORIENTED_EDGE('',*,*,#11976,.F.);
#11976 = EDGE_CURVE('',#11977,#11977,#11979,.T.);
#11977 = VERTEX_POINT('',#11978);
#11978 = CARTESIAN_POINT('',(18.5,236.4,40.));
#11979 = CIRCLE('',#11980,2.5);
#11980 = AXIS2_PLACEMENT_3D('',#11981,#11982,#11983);
#11981 = CARTESIAN_POINT('',(16.,236.4,40.));
#11982 = DIRECTION('',(0.,0.,1.));
#11983 = DIRECTION('',(1.,0.,0.));
#11984 = PLANE('',#11985);
#11985 = AXIS2_PLACEMENT_3D('',#11986,#11987,#11988);
#11986 = CARTESIAN_POINT('',(16.,236.4,40.));
#11987 = DIRECTION('',(0.,0.,1.));
#11988 = DIRECTION('',(1.,0.,0.));
#11989 = ADVANCED_FACE('',(#11990,#11993),#12004,.F.);
#11990 = FACE_BOUND('',#11991,.F.);
#11991 = EDGE_LOOP('',(#11992));
#11992 = ORIENTED_EDGE('',*,*,#11957,.T.);
#11993 = FACE_BOUND('',#11994,.F.);
#11994 = EDGE_LOOP('',(#11995));
#11995 = ORIENTED_EDGE('',*,*,#11996,.F.);
#11996 = EDGE_CURVE('',#11997,#11997,#11999,.T.);
#11997 = VERTEX_POINT('',#11998);
#11998 = CARTESIAN_POINT('',(18.5,236.4,38.8));
#11999 = CIRCLE('',#12000,2.5);
#12000 = AXIS2_PLACEMENT_3D('',#12001,#12002,#12003);
#12001 = CARTESIAN_POINT('',(16.,236.4,38.8));
#12002 = DIRECTION('',(0.,0.,1.));
#12003 = DIRECTION('',(1.,0.,0.));
#12004 = PLANE('',#12005);
#12005 = AXIS2_PLACEMENT_3D('',#12006,#12007,#12008);
#12006 = CARTESIAN_POINT('',(16.,236.4,38.8));
#12007 = DIRECTION('',(0.,0.,1.));
#12008 = DIRECTION('',(1.,0.,0.));
#12009 = ADVANCED_FACE('',(#12010),#12021,.F.);
#12010 = FACE_BOUND('',#12011,.F.);
#12011 = EDGE_LOOP('',(#12012,#12013,#12019,#12020));
#12012 = ORIENTED_EDGE('',*,*,#11976,.F.);
#12013 = ORIENTED_EDGE('',*,*,#12014,.F.);
#12014 = EDGE_CURVE('',#11997,#11977,#12015,.T.);
#12015 = LINE('',#12016,#12017);
#12016 = CARTESIAN_POINT('',(18.5,236.4,38.7));
#12017 = VECTOR('',#12018,1.);
#12018 = DIRECTION('',(0.,0.,1.));
#12019 = ORIENTED_EDGE('',*,*,#11996,.T.);
#12020 = ORIENTED_EDGE('',*,*,#12014,.T.);
#12021 = CYLINDRICAL_SURFACE('',#12022,2.5);
#12022 = AXIS2_PLACEMENT_3D('',#12023,#12024,#12025);
#12023 = CARTESIAN_POINT('',(16.,236.4,38.7));
#12024 = DIRECTION('',(0.,0.,1.));
#12025 = DIRECTION('',(1.,0.,0.));
#12026 = MANIFOLD_SOLID_BREP('',#12027);
#12027 = CLOSED_SHELL('',(#12028,#12068,#12099,#12130,#12161,#12192,
    #12214,#12228));
#12028 = ADVANCED_FACE('',(#12029),#12063,.F.);
#12029 = FACE_BOUND('',#12030,.F.);
#12030 = EDGE_LOOP('',(#12031,#12041,#12049,#12057));
#12031 = ORIENTED_EDGE('',*,*,#12032,.T.);
#12032 = EDGE_CURVE('',#12033,#12035,#12037,.T.);
#12033 = VERTEX_POINT('',#12034);
#12034 = CARTESIAN_POINT('',(20.765,239.15107403268,35.6));
#12035 = VERTEX_POINT('',#12036);
#12036 = CARTESIAN_POINT('',(20.765,239.15107403268,38.8));
#12037 = LINE('',#12038,#12039);
#12038 = CARTESIAN_POINT('',(20.765,239.15107403268,35.6));
#12039 = VECTOR('',#12040,1.);
#12040 = DIRECTION('',(0.,0.,1.));
#12041 = ORIENTED_EDGE('',*,*,#12042,.T.);
#12042 = EDGE_CURVE('',#12035,#12043,#12045,.T.);
#12043 = VERTEX_POINT('',#12044);
#12044 = CARTESIAN_POINT('',(16.,241.90214806537,38.8));
#12045 = LINE('',#12046,#12047);
#12046 = CARTESIAN_POINT('',(20.765,239.15107403268,38.8));
#12047 = VECTOR('',#12048,1.);
#12048 = DIRECTION('',(-0.866025403784,0.5,0.));
#12049 = ORIENTED_EDGE('',*,*,#12050,.F.);
#12050 = EDGE_CURVE('',#12051,#12043,#12053,.T.);
#12051 = VERTEX_POINT('',#12052);
#12052 = CARTESIAN_POINT('',(16.,241.90214806537,35.6));
#12053 = LINE('',#12054,#12055);
#12054 = CARTESIAN_POINT('',(16.,241.90214806537,35.6));
#12055 = VECTOR('',#12056,1.);
#12056 = DIRECTION('',(0.,0.,1.));
#12057 = ORIENTED_EDGE('',*,*,#12058,.F.);
#12058 = EDGE_CURVE('',#12033,#12051,#12059,.T.);
#12059 = LINE('',#12060,#12061);
#12060 = CARTESIAN_POINT('',(20.765,239.15107403268,35.6));
#12061 = VECTOR('',#12062,1.);
#12062 = DIRECTION('',(-0.866025403784,0.5,0.));
#12063 = PLANE('',#12064);
#12064 = AXIS2_PLACEMENT_3D('',#12065,#12066,#12067);
#12065 = CARTESIAN_POINT('',(20.765,239.15107403268,35.6));
#12066 = DIRECTION('',(-0.5,-0.866025403784,0.));
#12067 = DIRECTION('',(-0.866025403784,0.5,0.));
#12068 = ADVANCED_FACE('',(#12069),#12094,.F.);
#12069 = FACE_BOUND('',#12070,.F.);
#12070 = EDGE_LOOP('',(#12071,#12072,#12080,#12088));
#12071 = ORIENTED_EDGE('',*,*,#12050,.T.);
#12072 = ORIENTED_EDGE('',*,*,#12073,.T.);
#12073 = EDGE_CURVE('',#12043,#12074,#12076,.T.);
#12074 = VERTEX_POINT('',#12075);
#12075 = CARTESIAN_POINT('',(11.235,239.15107403268,38.8));
#12076 = LINE('',#12077,#12078);
#12077 = CARTESIAN_POINT('',(16.,241.90214806537,38.8));
#12078 = VECTOR('',#12079,1.);
#12079 = DIRECTION('',(-0.866025403784,-0.5,0.));
#12080 = ORIENTED_EDGE('',*,*,#12081,.F.);
#12081 = EDGE_CURVE('',#12082,#12074,#12084,.T.);
#12082 = VERTEX_POINT('',#12083);
#12083 = CARTESIAN_POINT('',(11.235,239.15107403268,35.6));
#12084 = LINE('',#12085,#12086);
#12085 = CARTESIAN_POINT('',(11.235,239.15107403268,35.6));
#12086 = VECTOR('',#12087,1.);
#12087 = DIRECTION('',(0.,0.,1.));
#12088 = ORIENTED_EDGE('',*,*,#12089,.F.);
#12089 = EDGE_CURVE('',#12051,#12082,#12090,.T.);
#12090 = LINE('',#12091,#12092);
#12091 = CARTESIAN_POINT('',(16.,241.90214806537,35.6));
#12092 = VECTOR('',#12093,1.);
#12093 = DIRECTION('',(-0.866025403784,-0.5,0.));
#12094 = PLANE('',#12095);
#12095 = AXIS2_PLACEMENT_3D('',#12096,#12097,#12098);
#12096 = CARTESIAN_POINT('',(16.,241.90214806537,35.6));
#12097 = DIRECTION('',(0.5,-0.866025403784,0.));
#12098 = DIRECTION('',(-0.866025403784,-0.5,0.));
#12099 = ADVANCED_FACE('',(#12100),#12125,.F.);
#12100 = FACE_BOUND('',#12101,.F.);
#12101 = EDGE_LOOP('',(#12102,#12103,#12111,#12119));
#12102 = ORIENTED_EDGE('',*,*,#12081,.T.);
#12103 = ORIENTED_EDGE('',*,*,#12104,.T.);
#12104 = EDGE_CURVE('',#12074,#12105,#12107,.T.);
#12105 = VERTEX_POINT('',#12106);
#12106 = CARTESIAN_POINT('',(11.235,233.64892596731,38.8));
#12107 = LINE('',#12108,#12109);
#12108 = CARTESIAN_POINT('',(11.235,239.15107403268,38.8));
#12109 = VECTOR('',#12110,1.);
#12110 = DIRECTION('',(0.,-1.,0.));
#12111 = ORIENTED_EDGE('',*,*,#12112,.F.);
#12112 = EDGE_CURVE('',#12113,#12105,#12115,.T.);
#12113 = VERTEX_POINT('',#12114);
#12114 = CARTESIAN_POINT('',(11.235,233.64892596731,35.6));
#12115 = LINE('',#12116,#12117);
#12116 = CARTESIAN_POINT('',(11.235,233.64892596731,35.6));
#12117 = VECTOR('',#12118,1.);
#12118 = DIRECTION('',(0.,0.,1.));
#12119 = ORIENTED_EDGE('',*,*,#12120,.F.);
#12120 = EDGE_CURVE('',#12082,#12113,#12121,.T.);
#12121 = LINE('',#12122,#12123);
#12122 = CARTESIAN_POINT('',(11.235,239.15107403268,35.6));
#12123 = VECTOR('',#12124,1.);
#12124 = DIRECTION('',(0.,-1.,0.));
#12125 = PLANE('',#12126);
#12126 = AXIS2_PLACEMENT_3D('',#12127,#12128,#12129);
#12127 = CARTESIAN_POINT('',(11.235,239.15107403268,35.6));
#12128 = DIRECTION('',(1.,0.,0.));
#12129 = DIRECTION('',(0.,-1.,0.));
#12130 = ADVANCED_FACE('',(#12131),#12156,.F.);
#12131 = FACE_BOUND('',#12132,.F.);
#12132 = EDGE_LOOP('',(#12133,#12134,#12142,#12150));
#12133 = ORIENTED_EDGE('',*,*,#12112,.T.);
#12134 = ORIENTED_EDGE('',*,*,#12135,.T.);
#12135 = EDGE_CURVE('',#12105,#12136,#12138,.T.);
#12136 = VERTEX_POINT('',#12137);
#12137 = CARTESIAN_POINT('',(16.,230.89785193462,38.8));
#12138 = LINE('',#12139,#12140);
#12139 = CARTESIAN_POINT('',(11.235,233.64892596731,38.8));
#12140 = VECTOR('',#12141,1.);
#12141 = DIRECTION('',(0.866025403784,-0.5,0.));
#12142 = ORIENTED_EDGE('',*,*,#12143,.F.);
#12143 = EDGE_CURVE('',#12144,#12136,#12146,.T.);
#12144 = VERTEX_POINT('',#12145);
#12145 = CARTESIAN_POINT('',(16.,230.89785193462,35.6));
#12146 = LINE('',#12147,#12148);
#12147 = CARTESIAN_POINT('',(16.,230.89785193462,35.6));
#12148 = VECTOR('',#12149,1.);
#12149 = DIRECTION('',(0.,0.,1.));
#12150 = ORIENTED_EDGE('',*,*,#12151,.F.);
#12151 = EDGE_CURVE('',#12113,#12144,#12152,.T.);
#12152 = LINE('',#12153,#12154);
#12153 = CARTESIAN_POINT('',(11.235,233.64892596731,35.6));
#12154 = VECTOR('',#12155,1.);
#12155 = DIRECTION('',(0.866025403784,-0.5,0.));
#12156 = PLANE('',#12157);
#12157 = AXIS2_PLACEMENT_3D('',#12158,#12159,#12160);
#12158 = CARTESIAN_POINT('',(11.235,233.64892596731,35.6));
#12159 = DIRECTION('',(0.5,0.866025403784,0.));
#12160 = DIRECTION('',(0.866025403784,-0.5,0.));
#12161 = ADVANCED_FACE('',(#12162),#12187,.F.);
#12162 = FACE_BOUND('',#12163,.F.);
#12163 = EDGE_LOOP('',(#12164,#12165,#12173,#12181));
#12164 = ORIENTED_EDGE('',*,*,#12143,.T.);
#12165 = ORIENTED_EDGE('',*,*,#12166,.T.);
#12166 = EDGE_CURVE('',#12136,#12167,#12169,.T.);
#12167 = VERTEX_POINT('',#12168);
#12168 = CARTESIAN_POINT('',(20.765,233.64892596731,38.8));
#12169 = LINE('',#12170,#12171);
#12170 = CARTESIAN_POINT('',(16.,230.89785193462,38.8));
#12171 = VECTOR('',#12172,1.);
#12172 = DIRECTION('',(0.866025403784,0.5,0.));
#12173 = ORIENTED_EDGE('',*,*,#12174,.F.);
#12174 = EDGE_CURVE('',#12175,#12167,#12177,.T.);
#12175 = VERTEX_POINT('',#12176);
#12176 = CARTESIAN_POINT('',(20.765,233.64892596731,35.6));
#12177 = LINE('',#12178,#12179);
#12178 = CARTESIAN_POINT('',(20.765,233.64892596731,35.6));
#12179 = VECTOR('',#12180,1.);
#12180 = DIRECTION('',(0.,0.,1.));
#12181 = ORIENTED_EDGE('',*,*,#12182,.F.);
#12182 = EDGE_CURVE('',#12144,#12175,#12183,.T.);
#12183 = LINE('',#12184,#12185);
#12184 = CARTESIAN_POINT('',(16.,230.89785193462,35.6));
#12185 = VECTOR('',#12186,1.);
#12186 = DIRECTION('',(0.866025403784,0.5,0.));
#12187 = PLANE('',#12188);
#12188 = AXIS2_PLACEMENT_3D('',#12189,#12190,#12191);
#12189 = CARTESIAN_POINT('',(16.,230.89785193462,35.6));
#12190 = DIRECTION('',(-0.5,0.866025403784,0.));
#12191 = DIRECTION('',(0.866025403784,0.5,0.));
#12192 = ADVANCED_FACE('',(#12193),#12209,.F.);
#12193 = FACE_BOUND('',#12194,.F.);
#12194 = EDGE_LOOP('',(#12195,#12196,#12202,#12203));
#12195 = ORIENTED_EDGE('',*,*,#12174,.T.);
#12196 = ORIENTED_EDGE('',*,*,#12197,.T.);
#12197 = EDGE_CURVE('',#12167,#12035,#12198,.T.);
#12198 = LINE('',#12199,#12200);
#12199 = CARTESIAN_POINT('',(20.765,233.64892596731,38.8));
#12200 = VECTOR('',#12201,1.);
#12201 = DIRECTION('',(3.228478801903E-16,1.,0.));
#12202 = ORIENTED_EDGE('',*,*,#12032,.F.);
#12203 = ORIENTED_EDGE('',*,*,#12204,.F.);
#12204 = EDGE_CURVE('',#12175,#12033,#12205,.T.);
#12205 = LINE('',#12206,#12207);
#12206 = CARTESIAN_POINT('',(20.765,233.64892596731,35.6));
#12207 = VECTOR('',#12208,1.);
#12208 = DIRECTION('',(3.228478801903E-16,1.,0.));
#12209 = PLANE('',#12210);
#12210 = AXIS2_PLACEMENT_3D('',#12211,#12212,#12213);
#12211 = CARTESIAN_POINT('',(20.765,233.64892596731,35.6));
#12212 = DIRECTION('',(-1.,3.228478801903E-16,0.));
#12213 = DIRECTION('',(3.228478801903E-16,1.,0.));
#12214 = ADVANCED_FACE('',(#12215),#12223,.F.);
#12215 = FACE_BOUND('',#12216,.F.);
#12216 = EDGE_LOOP('',(#12217,#12218,#12219,#12220,#12221,#12222));
#12217 = ORIENTED_EDGE('',*,*,#12058,.T.);
#12218 = ORIENTED_EDGE('',*,*,#12089,.T.);
#12219 = ORIENTED_EDGE('',*,*,#12120,.T.);
#12220 = ORIENTED_EDGE('',*,*,#12151,.T.);
#12221 = ORIENTED_EDGE('',*,*,#12182,.T.);
#12222 = ORIENTED_EDGE('',*,*,#12204,.T.);
#12223 = PLANE('',#12224);
#12224 = AXIS2_PLACEMENT_3D('',#12225,#12226,#12227);
#12225 = CARTESIAN_POINT('',(16.,236.4,35.6));
#12226 = DIRECTION('',(0.,0.,1.));
#12227 = DIRECTION('',(1.,0.,0.));
#12228 = ADVANCED_FACE('',(#12229),#12237,.T.);
#12229 = FACE_BOUND('',#12230,.T.);
#12230 = EDGE_LOOP('',(#12231,#12232,#12233,#12234,#12235,#12236));
#12231 = ORIENTED_EDGE('',*,*,#12042,.T.);
#12232 = ORIENTED_EDGE('',*,*,#12073,.T.);
#12233 = ORIENTED_EDGE('',*,*,#12104,.T.);
#12234 = ORIENTED_EDGE('',*,*,#12135,.T.);
#12235 = ORIENTED_EDGE('',*,*,#12166,.T.);
#12236 = ORIENTED_EDGE('',*,*,#12197,.T.);
#12237 = PLANE('',#12238);
#12238 = AXIS2_PLACEMENT_3D('',#12239,#12240,#12241);
#12239 = CARTESIAN_POINT('',(16.,236.4,38.8));
#12240 = DIRECTION('',(0.,0.,1.));
#12241 = DIRECTION('',(1.,0.,0.));
#12242 = MANIFOLD_SOLID_BREP('',#12243);
#12243 = CLOSED_SHELL('',(#12244,#12277,#12297,#12317));
#12244 = ADVANCED_FACE('',(#12245),#12272,.T.);
#12245 = FACE_BOUND('',#12246,.T.);
#12246 = EDGE_LOOP('',(#12247,#12256,#12264,#12271));
#12247 = ORIENTED_EDGE('',*,*,#12248,.F.);
#12248 = EDGE_CURVE('',#12249,#12249,#12251,.T.);
#12249 = VERTEX_POINT('',#12250);
#12250 = CARTESIAN_POINT('',(91.95,236.4,40.));
#12251 = CIRCLE('',#12252,6.35);
#12252 = AXIS2_PLACEMENT_3D('',#12253,#12254,#12255);
#12253 = CARTESIAN_POINT('',(85.6,236.4,40.));
#12254 = DIRECTION('',(0.,0.,1.));
#12255 = DIRECTION('',(1.,0.,0.));
#12256 = ORIENTED_EDGE('',*,*,#12257,.F.);
#12257 = EDGE_CURVE('',#12258,#12249,#12260,.T.);
#12258 = VERTEX_POINT('',#12259);
#12259 = CARTESIAN_POINT('',(91.95,236.4,38.8));
#12260 = LINE('',#12261,#12262);
#12261 = CARTESIAN_POINT('',(91.95,236.4,38.8));
#12262 = VECTOR('',#12263,1.);
#12263 = DIRECTION('',(0.,0.,1.));
#12264 = ORIENTED_EDGE('',*,*,#12265,.T.);
#12265 = EDGE_CURVE('',#12258,#12258,#12266,.T.);
#12266 = CIRCLE('',#12267,6.35);
#12267 = AXIS2_PLACEMENT_3D('',#12268,#12269,#12270);
#12268 = CARTESIAN_POINT('',(85.6,236.4,38.8));
#12269 = DIRECTION('',(0.,0.,1.));
#12270 = DIRECTION('',(1.,0.,0.));
#12271 = ORIENTED_EDGE('',*,*,#12257,.T.);
#12272 = CYLINDRICAL_SURFACE('',#12273,6.35);
#12273 = AXIS2_PLACEMENT_3D('',#12274,#12275,#12276);
#12274 = CARTESIAN_POINT('',(85.6,236.4,38.8));
#12275 = DIRECTION('',(0.,0.,1.));
#12276 = DIRECTION('',(1.,0.,0.));
#12277 = ADVANCED_FACE('',(#12278,#12281),#12292,.T.);
#12278 = FACE_BOUND('',#12279,.T.);
#12279 = EDGE_LOOP('',(#12280));
#12280 = ORIENTED_EDGE('',*,*,#12248,.T.);
#12281 = FACE_BOUND('',#12282,.T.);
#12282 = EDGE_LOOP('',(#12283));
#12283 = ORIENTED_EDGE('',*,*,#12284,.F.);
#12284 = EDGE_CURVE('',#12285,#12285,#12287,.T.);
#12285 = VERTEX_POINT('',#12286);
#12286 = CARTESIAN_POINT('',(88.1,236.4,40.));
#12287 = CIRCLE('',#12288,2.5);
#12288 = AXIS2_PLACEMENT_3D('',#12289,#12290,#12291);
#12289 = CARTESIAN_POINT('',(85.6,236.4,40.));
#12290 = DIRECTION('',(0.,0.,1.));
#12291 = DIRECTION('',(1.,0.,0.));
#12292 = PLANE('',#12293);
#12293 = AXIS2_PLACEMENT_3D('',#12294,#12295,#12296);
#12294 = CARTESIAN_POINT('',(85.6,236.4,40.));
#12295 = DIRECTION('',(0.,0.,1.));
#12296 = DIRECTION('',(1.,0.,0.));
#12297 = ADVANCED_FACE('',(#12298,#12301),#12312,.F.);
#12298 = FACE_BOUND('',#12299,.F.);
#12299 = EDGE_LOOP('',(#12300));
#12300 = ORIENTED_EDGE('',*,*,#12265,.T.);
#12301 = FACE_BOUND('',#12302,.F.);
#12302 = EDGE_LOOP('',(#12303));
#12303 = ORIENTED_EDGE('',*,*,#12304,.F.);
#12304 = EDGE_CURVE('',#12305,#12305,#12307,.T.);
#12305 = VERTEX_POINT('',#12306);
#12306 = CARTESIAN_POINT('',(88.1,236.4,38.8));
#12307 = CIRCLE('',#12308,2.5);
#12308 = AXIS2_PLACEMENT_3D('',#12309,#12310,#12311);
#12309 = CARTESIAN_POINT('',(85.6,236.4,38.8));
#12310 = DIRECTION('',(0.,0.,1.));
#12311 = DIRECTION('',(1.,0.,0.));
#12312 = PLANE('',#12313);
#12313 = AXIS2_PLACEMENT_3D('',#12314,#12315,#12316);
#12314 = CARTESIAN_POINT('',(85.6,236.4,38.8));
#12315 = DIRECTION('',(0.,0.,1.));
#12316 = DIRECTION('',(1.,0.,0.));
#12317 = ADVANCED_FACE('',(#12318),#12329,.F.);
#12318 = FACE_BOUND('',#12319,.F.);
#12319 = EDGE_LOOP('',(#12320,#12321,#12327,#12328));
#12320 = ORIENTED_EDGE('',*,*,#12284,.F.);
#12321 = ORIENTED_EDGE('',*,*,#12322,.F.);
#12322 = EDGE_CURVE('',#12305,#12285,#12323,.T.);
#12323 = LINE('',#12324,#12325);
#12324 = CARTESIAN_POINT('',(88.1,236.4,38.7));
#12325 = VECTOR('',#12326,1.);
#12326 = DIRECTION('',(0.,0.,1.));
#12327 = ORIENTED_EDGE('',*,*,#12304,.T.);
#12328 = ORIENTED_EDGE('',*,*,#12322,.T.);
#12329 = CYLINDRICAL_SURFACE('',#12330,2.5);
#12330 = AXIS2_PLACEMENT_3D('',#12331,#12332,#12333);
#12331 = CARTESIAN_POINT('',(85.6,236.4,38.7));
#12332 = DIRECTION('',(0.,0.,1.));
#12333 = DIRECTION('',(1.,0.,0.));
#12334 = MANIFOLD_SOLID_BREP('',#12335);
#12335 = CLOSED_SHELL('',(#12336,#12376,#12407,#12438,#12469,#12500,
    #12522,#12536));
#12336 = ADVANCED_FACE('',(#12337),#12371,.F.);
#12337 = FACE_BOUND('',#12338,.F.);
#12338 = EDGE_LOOP('',(#12339,#12349,#12357,#12365));
#12339 = ORIENTED_EDGE('',*,*,#12340,.T.);
#12340 = EDGE_CURVE('',#12341,#12343,#12345,.T.);
#12341 = VERTEX_POINT('',#12342);
#12342 = CARTESIAN_POINT('',(90.365,239.15107403268,35.6));
#12343 = VERTEX_POINT('',#12344);
#12344 = CARTESIAN_POINT('',(90.365,239.15107403268,38.8));
#12345 = LINE('',#12346,#12347);
#12346 = CARTESIAN_POINT('',(90.365,239.15107403268,35.6));
#12347 = VECTOR('',#12348,1.);
#12348 = DIRECTION('',(0.,0.,1.));
#12349 = ORIENTED_EDGE('',*,*,#12350,.T.);
#12350 = EDGE_CURVE('',#12343,#12351,#12353,.T.);
#12351 = VERTEX_POINT('',#12352);
#12352 = CARTESIAN_POINT('',(85.6,241.90214806537,38.8));
#12353 = LINE('',#12354,#12355);
#12354 = CARTESIAN_POINT('',(90.365,239.15107403268,38.8));
#12355 = VECTOR('',#12356,1.);
#12356 = DIRECTION('',(-0.866025403784,0.5,0.));
#12357 = ORIENTED_EDGE('',*,*,#12358,.F.);
#12358 = EDGE_CURVE('',#12359,#12351,#12361,.T.);
#12359 = VERTEX_POINT('',#12360);
#12360 = CARTESIAN_POINT('',(85.6,241.90214806537,35.6));
#12361 = LINE('',#12362,#12363);
#12362 = CARTESIAN_POINT('',(85.6,241.90214806537,35.6));
#12363 = VECTOR('',#12364,1.);
#12364 = DIRECTION('',(0.,0.,1.));
#12365 = ORIENTED_EDGE('',*,*,#12366,.F.);
#12366 = EDGE_CURVE('',#12341,#12359,#12367,.T.);
#12367 = LINE('',#12368,#12369);
#12368 = CARTESIAN_POINT('',(90.365,239.15107403268,35.6));
#12369 = VECTOR('',#12370,1.);
#12370 = DIRECTION('',(-0.866025403784,0.5,0.));
#12371 = PLANE('',#12372);
#12372 = AXIS2_PLACEMENT_3D('',#12373,#12374,#12375);
#12373 = CARTESIAN_POINT('',(90.365,239.15107403268,35.6));
#12374 = DIRECTION('',(-0.5,-0.866025403784,0.));
#12375 = DIRECTION('',(-0.866025403784,0.5,0.));
#12376 = ADVANCED_FACE('',(#12377),#12402,.F.);
#12377 = FACE_BOUND('',#12378,.F.);
#12378 = EDGE_LOOP('',(#12379,#12380,#12388,#12396));
#12379 = ORIENTED_EDGE('',*,*,#12358,.T.);
#12380 = ORIENTED_EDGE('',*,*,#12381,.T.);
#12381 = EDGE_CURVE('',#12351,#12382,#12384,.T.);
#12382 = VERTEX_POINT('',#12383);
#12383 = CARTESIAN_POINT('',(80.835,239.15107403268,38.8));
#12384 = LINE('',#12385,#12386);
#12385 = CARTESIAN_POINT('',(85.6,241.90214806537,38.8));
#12386 = VECTOR('',#12387,1.);
#12387 = DIRECTION('',(-0.866025403784,-0.5,0.));
#12388 = ORIENTED_EDGE('',*,*,#12389,.F.);
#12389 = EDGE_CURVE('',#12390,#12382,#12392,.T.);
#12390 = VERTEX_POINT('',#12391);
#12391 = CARTESIAN_POINT('',(80.835,239.15107403268,35.6));
#12392 = LINE('',#12393,#12394);
#12393 = CARTESIAN_POINT('',(80.835,239.15107403268,35.6));
#12394 = VECTOR('',#12395,1.);
#12395 = DIRECTION('',(0.,0.,1.));
#12396 = ORIENTED_EDGE('',*,*,#12397,.F.);
#12397 = EDGE_CURVE('',#12359,#12390,#12398,.T.);
#12398 = LINE('',#12399,#12400);
#12399 = CARTESIAN_POINT('',(85.6,241.90214806537,35.6));
#12400 = VECTOR('',#12401,1.);
#12401 = DIRECTION('',(-0.866025403784,-0.5,0.));
#12402 = PLANE('',#12403);
#12403 = AXIS2_PLACEMENT_3D('',#12404,#12405,#12406);
#12404 = CARTESIAN_POINT('',(85.6,241.90214806537,35.6));
#12405 = DIRECTION('',(0.5,-0.866025403784,0.));
#12406 = DIRECTION('',(-0.866025403784,-0.5,0.));
#12407 = ADVANCED_FACE('',(#12408),#12433,.F.);
#12408 = FACE_BOUND('',#12409,.F.);
#12409 = EDGE_LOOP('',(#12410,#12411,#12419,#12427));
#12410 = ORIENTED_EDGE('',*,*,#12389,.T.);
#12411 = ORIENTED_EDGE('',*,*,#12412,.T.);
#12412 = EDGE_CURVE('',#12382,#12413,#12415,.T.);
#12413 = VERTEX_POINT('',#12414);
#12414 = CARTESIAN_POINT('',(80.835,233.64892596731,38.8));
#12415 = LINE('',#12416,#12417);
#12416 = CARTESIAN_POINT('',(80.835,239.15107403268,38.8));
#12417 = VECTOR('',#12418,1.);
#12418 = DIRECTION('',(0.,-1.,0.));
#12419 = ORIENTED_EDGE('',*,*,#12420,.F.);
#12420 = EDGE_CURVE('',#12421,#12413,#12423,.T.);
#12421 = VERTEX_POINT('',#12422);
#12422 = CARTESIAN_POINT('',(80.835,233.64892596731,35.6));
#12423 = LINE('',#12424,#12425);
#12424 = CARTESIAN_POINT('',(80.835,233.64892596731,35.6));
#12425 = VECTOR('',#12426,1.);
#12426 = DIRECTION('',(0.,0.,1.));
#12427 = ORIENTED_EDGE('',*,*,#12428,.F.);
#12428 = EDGE_CURVE('',#12390,#12421,#12429,.T.);
#12429 = LINE('',#12430,#12431);
#12430 = CARTESIAN_POINT('',(80.835,239.15107403268,35.6));
#12431 = VECTOR('',#12432,1.);
#12432 = DIRECTION('',(0.,-1.,0.));
#12433 = PLANE('',#12434);
#12434 = AXIS2_PLACEMENT_3D('',#12435,#12436,#12437);
#12435 = CARTESIAN_POINT('',(80.835,239.15107403268,35.6));
#12436 = DIRECTION('',(1.,0.,0.));
#12437 = DIRECTION('',(0.,-1.,0.));
#12438 = ADVANCED_FACE('',(#12439),#12464,.F.);
#12439 = FACE_BOUND('',#12440,.F.);
#12440 = EDGE_LOOP('',(#12441,#12442,#12450,#12458));
#12441 = ORIENTED_EDGE('',*,*,#12420,.T.);
#12442 = ORIENTED_EDGE('',*,*,#12443,.T.);
#12443 = EDGE_CURVE('',#12413,#12444,#12446,.T.);
#12444 = VERTEX_POINT('',#12445);
#12445 = CARTESIAN_POINT('',(85.6,230.89785193462,38.8));
#12446 = LINE('',#12447,#12448);
#12447 = CARTESIAN_POINT('',(80.835,233.64892596731,38.8));
#12448 = VECTOR('',#12449,1.);
#12449 = DIRECTION('',(0.866025403784,-0.5,0.));
#12450 = ORIENTED_EDGE('',*,*,#12451,.F.);
#12451 = EDGE_CURVE('',#12452,#12444,#12454,.T.);
#12452 = VERTEX_POINT('',#12453);
#12453 = CARTESIAN_POINT('',(85.6,230.89785193462,35.6));
#12454 = LINE('',#12455,#12456);
#12455 = CARTESIAN_POINT('',(85.6,230.89785193462,35.6));
#12456 = VECTOR('',#12457,1.);
#12457 = DIRECTION('',(0.,0.,1.));
#12458 = ORIENTED_EDGE('',*,*,#12459,.F.);
#12459 = EDGE_CURVE('',#12421,#12452,#12460,.T.);
#12460 = LINE('',#12461,#12462);
#12461 = CARTESIAN_POINT('',(80.835,233.64892596731,35.6));
#12462 = VECTOR('',#12463,1.);
#12463 = DIRECTION('',(0.866025403784,-0.5,0.));
#12464 = PLANE('',#12465);
#12465 = AXIS2_PLACEMENT_3D('',#12466,#12467,#12468);
#12466 = CARTESIAN_POINT('',(80.835,233.64892596731,35.6));
#12467 = DIRECTION('',(0.5,0.866025403784,0.));
#12468 = DIRECTION('',(0.866025403784,-0.5,0.));
#12469 = ADVANCED_FACE('',(#12470),#12495,.F.);
#12470 = FACE_BOUND('',#12471,.F.);
#12471 = EDGE_LOOP('',(#12472,#12473,#12481,#12489));
#12472 = ORIENTED_EDGE('',*,*,#12451,.T.);
#12473 = ORIENTED_EDGE('',*,*,#12474,.T.);
#12474 = EDGE_CURVE('',#12444,#12475,#12477,.T.);
#12475 = VERTEX_POINT('',#12476);
#12476 = CARTESIAN_POINT('',(90.365,233.64892596731,38.8));
#12477 = LINE('',#12478,#12479);
#12478 = CARTESIAN_POINT('',(85.6,230.89785193462,38.8));
#12479 = VECTOR('',#12480,1.);
#12480 = DIRECTION('',(0.866025403784,0.5,0.));
#12481 = ORIENTED_EDGE('',*,*,#12482,.F.);
#12482 = EDGE_CURVE('',#12483,#12475,#12485,.T.);
#12483 = VERTEX_POINT('',#12484);
#12484 = CARTESIAN_POINT('',(90.365,233.64892596731,35.6));
#12485 = LINE('',#12486,#12487);
#12486 = CARTESIAN_POINT('',(90.365,233.64892596731,35.6));
#12487 = VECTOR('',#12488,1.);
#12488 = DIRECTION('',(0.,0.,1.));
#12489 = ORIENTED_EDGE('',*,*,#12490,.F.);
#12490 = EDGE_CURVE('',#12452,#12483,#12491,.T.);
#12491 = LINE('',#12492,#12493);
#12492 = CARTESIAN_POINT('',(85.6,230.89785193462,35.6));
#12493 = VECTOR('',#12494,1.);
#12494 = DIRECTION('',(0.866025403784,0.5,0.));
#12495 = PLANE('',#12496);
#12496 = AXIS2_PLACEMENT_3D('',#12497,#12498,#12499);
#12497 = CARTESIAN_POINT('',(85.6,230.89785193462,35.6));
#12498 = DIRECTION('',(-0.5,0.866025403784,0.));
#12499 = DIRECTION('',(0.866025403784,0.5,0.));
#12500 = ADVANCED_FACE('',(#12501),#12517,.F.);
#12501 = FACE_BOUND('',#12502,.F.);
#12502 = EDGE_LOOP('',(#12503,#12504,#12510,#12511));
#12503 = ORIENTED_EDGE('',*,*,#12482,.T.);
#12504 = ORIENTED_EDGE('',*,*,#12505,.T.);
#12505 = EDGE_CURVE('',#12475,#12343,#12506,.T.);
#12506 = LINE('',#12507,#12508);
#12507 = CARTESIAN_POINT('',(90.365,233.64892596731,38.8));
#12508 = VECTOR('',#12509,1.);
#12509 = DIRECTION('',(3.228478801903E-16,1.,0.));
#12510 = ORIENTED_EDGE('',*,*,#12340,.F.);
#12511 = ORIENTED_EDGE('',*,*,#12512,.F.);
#12512 = EDGE_CURVE('',#12483,#12341,#12513,.T.);
#12513 = LINE('',#12514,#12515);
#12514 = CARTESIAN_POINT('',(90.365,233.64892596731,35.6));
#12515 = VECTOR('',#12516,1.);
#12516 = DIRECTION('',(3.228478801903E-16,1.,0.));
#12517 = PLANE('',#12518);
#12518 = AXIS2_PLACEMENT_3D('',#12519,#12520,#12521);
#12519 = CARTESIAN_POINT('',(90.365,233.64892596731,35.6));
#12520 = DIRECTION('',(-1.,3.228478801903E-16,0.));
#12521 = DIRECTION('',(3.228478801903E-16,1.,0.));
#12522 = ADVANCED_FACE('',(#12523),#12531,.F.);
#12523 = FACE_BOUND('',#12524,.F.);
#12524 = EDGE_LOOP('',(#12525,#12526,#12527,#12528,#12529,#12530));
#12525 = ORIENTED_EDGE('',*,*,#12366,.T.);
#12526 = ORIENTED_EDGE('',*,*,#12397,.T.);
#12527 = ORIENTED_EDGE('',*,*,#12428,.T.);
#12528 = ORIENTED_EDGE('',*,*,#12459,.T.);
#12529 = ORIENTED_EDGE('',*,*,#12490,.T.);
#12530 = ORIENTED_EDGE('',*,*,#12512,.T.);
#12531 = PLANE('',#12532);
#12532 = AXIS2_PLACEMENT_3D('',#12533,#12534,#12535);
#12533 = CARTESIAN_POINT('',(85.6,236.4,35.6));
#12534 = DIRECTION('',(0.,0.,1.));
#12535 = DIRECTION('',(1.,0.,0.));
#12536 = ADVANCED_FACE('',(#12537),#12545,.T.);
#12537 = FACE_BOUND('',#12538,.T.);
#12538 = EDGE_LOOP('',(#12539,#12540,#12541,#12542,#12543,#12544));
#12539 = ORIENTED_EDGE('',*,*,#12350,.T.);
#12540 = ORIENTED_EDGE('',*,*,#12381,.T.);
#12541 = ORIENTED_EDGE('',*,*,#12412,.T.);
#12542 = ORIENTED_EDGE('',*,*,#12443,.T.);
#12543 = ORIENTED_EDGE('',*,*,#12474,.T.);
#12544 = ORIENTED_EDGE('',*,*,#12505,.T.);
#12545 = PLANE('',#12546);
#12546 = AXIS2_PLACEMENT_3D('',#12547,#12548,#12549);
#12547 = CARTESIAN_POINT('',(85.6,236.4,38.8));
#12548 = DIRECTION('',(0.,0.,1.));
#12549 = DIRECTION('',(1.,0.,0.));
#12550 = MANIFOLD_SOLID_BREP('',#12551);
#12551 = CLOSED_SHELL('',(#12552,#12580,#12605,#12630,#12655,#12664,
    #12689,#12714,#12739,#12764,#12789,#12814,#12839,#12859,#12884));
#12552 = ADVANCED_FACE('',(#12553,#12564),#12575,.F.);
#12553 = FACE_BOUND('',#12554,.T.);
#12554 = EDGE_LOOP('',(#12555));
#12555 = ORIENTED_EDGE('',*,*,#12556,.F.);
#12556 = EDGE_CURVE('',#12557,#12557,#12559,.T.);
#12557 = VERTEX_POINT('',#12558);
#12558 = CARTESIAN_POINT('',(70.8,227.,0.));
#12559 = CIRCLE('',#12560,20.);
#12560 = AXIS2_PLACEMENT_3D('',#12561,#12562,#12563);
#12561 = CARTESIAN_POINT('',(50.8,227.,0.));
#12562 = DIRECTION('',(0.,0.,1.));
#12563 = DIRECTION('',(1.,0.,0.));
#12564 = FACE_BOUND('',#12565,.T.);
#12565 = EDGE_LOOP('',(#12566));
#12566 = ORIENTED_EDGE('',*,*,#12567,.T.);
#12567 = EDGE_CURVE('',#12568,#12568,#12570,.T.);
#12568 = VERTEX_POINT('',#12569);
#12569 = CARTESIAN_POINT('',(55.95,227.,0.));
#12570 = CIRCLE('',#12571,5.15);
#12571 = AXIS2_PLACEMENT_3D('',#12572,#12573,#12574);
#12572 = CARTESIAN_POINT('',(50.8,227.,0.));
#12573 = DIRECTION('',(0.,0.,1.));
#12574 = DIRECTION('',(1.,0.,0.));
#12575 = PLANE('',#12576);
#12576 = AXIS2_PLACEMENT_3D('',#12577,#12578,#12579);
#12577 = CARTESIAN_POINT('',(50.8,227.,0.));
#12578 = DIRECTION('',(0.,0.,1.));
#12579 = DIRECTION('',(1.,0.,0.));
#12580 = ADVANCED_FACE('',(#12581),#12600,.T.);
#12581 = FACE_BOUND('',#12582,.T.);
#12582 = EDGE_LOOP('',(#12583,#12584,#12592,#12599));
#12583 = ORIENTED_EDGE('',*,*,#12556,.T.);
#12584 = ORIENTED_EDGE('',*,*,#12585,.T.);
#12585 = EDGE_CURVE('',#12557,#12586,#12588,.T.);
#12586 = VERTEX_POINT('',#12587);
#12587 = CARTESIAN_POINT('',(70.8,227.,6.5));
#12588 = LINE('',#12589,#12590);
#12589 = CARTESIAN_POINT('',(70.8,227.,0.));
#12590 = VECTOR('',#12591,1.);
#12591 = DIRECTION('',(0.,0.,1.));
#12592 = ORIENTED_EDGE('',*,*,#12593,.F.);
#12593 = EDGE_CURVE('',#12586,#12586,#12594,.T.);
#12594 = CIRCLE('',#12595,20.);
#12595 = AXIS2_PLACEMENT_3D('',#12596,#12597,#12598);
#12596 = CARTESIAN_POINT('',(50.8,227.,6.5));
#12597 = DIRECTION('',(0.,0.,1.));
#12598 = DIRECTION('',(1.,0.,0.));
#12599 = ORIENTED_EDGE('',*,*,#12585,.F.);
#12600 = CYLINDRICAL_SURFACE('',#12601,20.);
#12601 = AXIS2_PLACEMENT_3D('',#12602,#12603,#12604);
#12602 = CARTESIAN_POINT('',(50.8,227.,0.));
#12603 = DIRECTION('',(0.,0.,1.));
#12604 = DIRECTION('',(1.,0.,0.));
#12605 = ADVANCED_FACE('',(#12606),#12625,.F.);
#12606 = FACE_BOUND('',#12607,.F.);
#12607 = EDGE_LOOP('',(#12608,#12616,#12623,#12624));
#12608 = ORIENTED_EDGE('',*,*,#12609,.T.);
#12609 = EDGE_CURVE('',#12568,#12610,#12612,.T.);
#12610 = VERTEX_POINT('',#12611);
#12611 = CARTESIAN_POINT('',(55.95,227.,11.1));
#12612 = LINE('',#12613,#12614);
#12613 = CARTESIAN_POINT('',(55.95,227.,-0.1));
#12614 = VECTOR('',#12615,1.);
#12615 = DIRECTION('',(0.,0.,1.));
#12616 = ORIENTED_EDGE('',*,*,#12617,.F.);
#12617 = EDGE_CURVE('',#12610,#12610,#12618,.T.);
#12618 = CIRCLE('',#12619,5.15);
#12619 = AXIS2_PLACEMENT_3D('',#12620,#12621,#12622);
#12620 = CARTESIAN_POINT('',(50.8,227.,11.1));
#12621 = DIRECTION('',(0.,0.,1.));
#12622 = DIRECTION('',(1.,0.,0.));
#12623 = ORIENTED_EDGE('',*,*,#12609,.F.);
#12624 = ORIENTED_EDGE('',*,*,#12567,.T.);
#12625 = CYLINDRICAL_SURFACE('',#12626,5.15);
#12626 = AXIS2_PLACEMENT_3D('',#12627,#12628,#12629);
#12627 = CARTESIAN_POINT('',(50.8,227.,-0.1));
#12628 = DIRECTION('',(0.,0.,1.));
#12629 = DIRECTION('',(1.,0.,0.));
#12630 = ADVANCED_FACE('',(#12631),#12650,.T.);
#12631 = FACE_BOUND('',#12632,.T.);
#12632 = EDGE_LOOP('',(#12633,#12634,#12642,#12649));
#12633 = ORIENTED_EDGE('',*,*,#12593,.T.);
#12634 = ORIENTED_EDGE('',*,*,#12635,.T.);
#12635 = EDGE_CURVE('',#12586,#12636,#12638,.T.);
#12636 = VERTEX_POINT('',#12637);
#12637 = CARTESIAN_POINT('',(67.8,227.,9.));
#12638 = LINE('',#12639,#12640);
#12639 = CARTESIAN_POINT('',(70.8,227.,6.5));
#12640 = VECTOR('',#12641,1.);
#12641 = DIRECTION('',(-0.768221279597,0.,0.640184399664));
#12642 = ORIENTED_EDGE('',*,*,#12643,.F.);
#12643 = EDGE_CURVE('',#12636,#12636,#12644,.T.);
#12644 = CIRCLE('',#12645,17.);
#12645 = AXIS2_PLACEMENT_3D('',#12646,#12647,#12648);
#12646 = CARTESIAN_POINT('',(50.8,227.,9.));
#12647 = DIRECTION('',(0.,0.,1.));
#12648 = DIRECTION('',(1.,0.,0.));
#12649 = ORIENTED_EDGE('',*,*,#12635,.F.);
#12650 = CONICAL_SURFACE('',#12651,20.,0.876058050598);
#12651 = AXIS2_PLACEMENT_3D('',#12652,#12653,#12654);
#12652 = CARTESIAN_POINT('',(50.8,227.,6.5));
#12653 = DIRECTION('',(-0.,-0.,-1.));
#12654 = DIRECTION('',(1.,0.,0.));
#12655 = ADVANCED_FACE('',(#12656),#12659,.F.);
#12656 = FACE_BOUND('',#12657,.F.);
#12657 = EDGE_LOOP('',(#12658));
#12658 = ORIENTED_EDGE('',*,*,#12617,.T.);
#12659 = PLANE('',#12660);
#12660 = AXIS2_PLACEMENT_3D('',#12661,#12662,#12663);
#12661 = CARTESIAN_POINT('',(50.8,227.,11.1));
#12662 = DIRECTION('',(0.,0.,1.));
#12663 = DIRECTION('',(1.,0.,0.));
#12664 = ADVANCED_FACE('',(#12665),#12684,.T.);
#12665 = FACE_BOUND('',#12666,.T.);
#12666 = EDGE_LOOP('',(#12667,#12668,#12676,#12683));
#12667 = ORIENTED_EDGE('',*,*,#12643,.T.);
#12668 = ORIENTED_EDGE('',*,*,#12669,.T.);
#12669 = EDGE_CURVE('',#12636,#12670,#12672,.T.);
#12670 = VERTEX_POINT('',#12671);
#12671 = CARTESIAN_POINT('',(67.8,227.,16.5));
#12672 = LINE('',#12673,#12674);
#12673 = CARTESIAN_POINT('',(67.8,227.,9.));
#12674 = VECTOR('',#12675,1.);
#12675 = DIRECTION('',(0.,0.,1.));
#12676 = ORIENTED_EDGE('',*,*,#12677,.F.);
#12677 = EDGE_CURVE('',#12670,#12670,#12678,.T.);
#12678 = CIRCLE('',#12679,17.);
#12679 = AXIS2_PLACEMENT_3D('',#12680,#12681,#12682);
#12680 = CARTESIAN_POINT('',(50.8,227.,16.5));
#12681 = DIRECTION('',(0.,0.,1.));
#12682 = DIRECTION('',(1.,0.,0.));
#12683 = ORIENTED_EDGE('',*,*,#12669,.F.);
#12684 = CYLINDRICAL_SURFACE('',#12685,17.);
#12685 = AXIS2_PLACEMENT_3D('',#12686,#12687,#12688);
#12686 = CARTESIAN_POINT('',(50.8,227.,9.));
#12687 = DIRECTION('',(0.,0.,1.));
#12688 = DIRECTION('',(1.,0.,0.));
#12689 = ADVANCED_FACE('',(#12690),#12709,.T.);
#12690 = FACE_BOUND('',#12691,.T.);
#12691 = EDGE_LOOP('',(#12692,#12693,#12701,#12708));
#12692 = ORIENTED_EDGE('',*,*,#12677,.T.);
#12693 = ORIENTED_EDGE('',*,*,#12694,.T.);
#12694 = EDGE_CURVE('',#12670,#12695,#12697,.T.);
#12695 = VERTEX_POINT('',#12696);
#12696 = CARTESIAN_POINT('',(70.8,227.,18.));
#12697 = LINE('',#12698,#12699);
#12698 = CARTESIAN_POINT('',(67.8,227.,16.5));
#12699 = VECTOR('',#12700,1.);
#12700 = DIRECTION('',(0.894427191,0.,0.4472135955));
#12701 = ORIENTED_EDGE('',*,*,#12702,.F.);
#12702 = EDGE_CURVE('',#12695,#12695,#12703,.T.);
#12703 = CIRCLE('',#12704,20.);
#12704 = AXIS2_PLACEMENT_3D('',#12705,#12706,#12707);
#12705 = CARTESIAN_POINT('',(50.8,227.,18.));
#12706 = DIRECTION('',(0.,0.,1.));
#12707 = DIRECTION('',(1.,0.,0.));
#12708 = ORIENTED_EDGE('',*,*,#12694,.F.);
#12709 = CONICAL_SURFACE('',#12710,17.,1.107148717794);
#12710 = AXIS2_PLACEMENT_3D('',#12711,#12712,#12713);
#12711 = CARTESIAN_POINT('',(50.8,227.,16.5));
#12712 = DIRECTION('',(0.,0.,1.));
#12713 = DIRECTION('',(1.,0.,0.));
#12714 = ADVANCED_FACE('',(#12715),#12734,.T.);
#12715 = FACE_BOUND('',#12716,.T.);
#12716 = EDGE_LOOP('',(#12717,#12718,#12726,#12733));
#12717 = ORIENTED_EDGE('',*,*,#12702,.T.);
#12718 = ORIENTED_EDGE('',*,*,#12719,.T.);
#12719 = EDGE_CURVE('',#12695,#12720,#12722,.T.);
#12720 = VERTEX_POINT('',#12721);
#12721 = CARTESIAN_POINT('',(70.8,227.,22.));
#12722 = LINE('',#12723,#12724);
#12723 = CARTESIAN_POINT('',(70.8,227.,18.));
#12724 = VECTOR('',#12725,1.);
#12725 = DIRECTION('',(0.,0.,1.));
#12726 = ORIENTED_EDGE('',*,*,#12727,.F.);
#12727 = EDGE_CURVE('',#12720,#12720,#12728,.T.);
#12728 = CIRCLE('',#12729,20.);
#12729 = AXIS2_PLACEMENT_3D('',#12730,#12731,#12732);
#12730 = CARTESIAN_POINT('',(50.8,227.,22.));
#12731 = DIRECTION('',(0.,0.,1.));
#12732 = DIRECTION('',(1.,0.,0.));
#12733 = ORIENTED_EDGE('',*,*,#12719,.F.);
#12734 = CYLINDRICAL_SURFACE('',#12735,20.);
#12735 = AXIS2_PLACEMENT_3D('',#12736,#12737,#12738);
#12736 = CARTESIAN_POINT('',(50.8,227.,18.));
#12737 = DIRECTION('',(0.,0.,1.));
#12738 = DIRECTION('',(1.,0.,0.));
#12739 = ADVANCED_FACE('',(#12740),#12759,.T.);
#12740 = FACE_BOUND('',#12741,.T.);
#12741 = EDGE_LOOP('',(#12742,#12743,#12751,#12758));
#12742 = ORIENTED_EDGE('',*,*,#12727,.T.);
#12743 = ORIENTED_EDGE('',*,*,#12744,.T.);
#12744 = EDGE_CURVE('',#12720,#12745,#12747,.T.);
#12745 = VERTEX_POINT('',#12746);
#12746 = CARTESIAN_POINT('',(67.8,227.,23.5));
#12747 = LINE('',#12748,#12749);
#12748 = CARTESIAN_POINT('',(70.8,227.,22.));
#12749 = VECTOR('',#12750,1.);
#12750 = DIRECTION('',(-0.894427191,0.,0.4472135955));
#12751 = ORIENTED_EDGE('',*,*,#12752,.F.);
#12752 = EDGE_CURVE('',#12745,#12745,#12753,.T.);
#12753 = CIRCLE('',#12754,17.);
#12754 = AXIS2_PLACEMENT_3D('',#12755,#12756,#12757);
#12755 = CARTESIAN_POINT('',(50.8,227.,23.5));
#12756 = DIRECTION('',(0.,0.,1.));
#12757 = DIRECTION('',(1.,0.,0.));
#12758 = ORIENTED_EDGE('',*,*,#12744,.F.);
#12759 = CONICAL_SURFACE('',#12760,20.,1.107148717794);
#12760 = AXIS2_PLACEMENT_3D('',#12761,#12762,#12763);
#12761 = CARTESIAN_POINT('',(50.8,227.,22.));
#12762 = DIRECTION('',(-0.,-0.,-1.));
#12763 = DIRECTION('',(1.,0.,0.));
#12764 = ADVANCED_FACE('',(#12765),#12784,.T.);
#12765 = FACE_BOUND('',#12766,.T.);
#12766 = EDGE_LOOP('',(#12767,#12768,#12776,#12783));
#12767 = ORIENTED_EDGE('',*,*,#12752,.T.);
#12768 = ORIENTED_EDGE('',*,*,#12769,.T.);
#12769 = EDGE_CURVE('',#12745,#12770,#12772,.T.);
#12770 = VERTEX_POINT('',#12771);
#12771 = CARTESIAN_POINT('',(67.8,227.,31.));
#12772 = LINE('',#12773,#12774);
#12773 = CARTESIAN_POINT('',(67.8,227.,23.5));
#12774 = VECTOR('',#12775,1.);
#12775 = DIRECTION('',(0.,0.,1.));
#12776 = ORIENTED_EDGE('',*,*,#12777,.F.);
#12777 = EDGE_CURVE('',#12770,#12770,#12778,.T.);
#12778 = CIRCLE('',#12779,17.);
#12779 = AXIS2_PLACEMENT_3D('',#12780,#12781,#12782);
#12780 = CARTESIAN_POINT('',(50.8,227.,31.));
#12781 = DIRECTION('',(0.,0.,1.));
#12782 = DIRECTION('',(1.,0.,0.));
#12783 = ORIENTED_EDGE('',*,*,#12769,.F.);
#12784 = CYLINDRICAL_SURFACE('',#12785,17.);
#12785 = AXIS2_PLACEMENT_3D('',#12786,#12787,#12788);
#12786 = CARTESIAN_POINT('',(50.8,227.,23.5));
#12787 = DIRECTION('',(0.,0.,1.));
#12788 = DIRECTION('',(1.,0.,0.));
#12789 = ADVANCED_FACE('',(#12790),#12809,.T.);
#12790 = FACE_BOUND('',#12791,.T.);
#12791 = EDGE_LOOP('',(#12792,#12793,#12801,#12808));
#12792 = ORIENTED_EDGE('',*,*,#12777,.T.);
#12793 = ORIENTED_EDGE('',*,*,#12794,.T.);
#12794 = EDGE_CURVE('',#12770,#12795,#12797,.T.);
#12795 = VERTEX_POINT('',#12796);
#12796 = CARTESIAN_POINT('',(70.8,227.,33.5));
#12797 = LINE('',#12798,#12799);
#12798 = CARTESIAN_POINT('',(67.8,227.,31.));
#12799 = VECTOR('',#12800,1.);
#12800 = DIRECTION('',(0.768221279597,0.,0.640184399664));
#12801 = ORIENTED_EDGE('',*,*,#12802,.F.);
#12802 = EDGE_CURVE('',#12795,#12795,#12803,.T.);
#12803 = CIRCLE('',#12804,20.);
#12804 = AXIS2_PLACEMENT_3D('',#12805,#12806,#12807);
#12805 = CARTESIAN_POINT('',(50.8,227.,33.5));
#12806 = DIRECTION('',(0.,0.,1.));
#12807 = DIRECTION('',(1.,0.,0.));
#12808 = ORIENTED_EDGE('',*,*,#12794,.F.);
#12809 = CONICAL_SURFACE('',#12810,17.,0.876058050598);
#12810 = AXIS2_PLACEMENT_3D('',#12811,#12812,#12813);
#12811 = CARTESIAN_POINT('',(50.8,227.,31.));
#12812 = DIRECTION('',(0.,0.,1.));
#12813 = DIRECTION('',(1.,0.,0.));
#12814 = ADVANCED_FACE('',(#12815),#12834,.T.);
#12815 = FACE_BOUND('',#12816,.T.);
#12816 = EDGE_LOOP('',(#12817,#12818,#12826,#12833));
#12817 = ORIENTED_EDGE('',*,*,#12802,.T.);
#12818 = ORIENTED_EDGE('',*,*,#12819,.T.);
#12819 = EDGE_CURVE('',#12795,#12820,#12822,.T.);
#12820 = VERTEX_POINT('',#12821);
#12821 = CARTESIAN_POINT('',(70.8,227.,40.));
#12822 = LINE('',#12823,#12824);
#12823 = CARTESIAN_POINT('',(70.8,227.,33.5));
#12824 = VECTOR('',#12825,1.);
#12825 = DIRECTION('',(0.,0.,1.));
#12826 = ORIENTED_EDGE('',*,*,#12827,.F.);
#12827 = EDGE_CURVE('',#12820,#12820,#12828,.T.);
#12828 = CIRCLE('',#12829,20.);
#12829 = AXIS2_PLACEMENT_3D('',#12830,#12831,#12832);
#12830 = CARTESIAN_POINT('',(50.8,227.,40.));
#12831 = DIRECTION('',(0.,0.,1.));
#12832 = DIRECTION('',(1.,0.,0.));
#12833 = ORIENTED_EDGE('',*,*,#12819,.F.);
#12834 = CYLINDRICAL_SURFACE('',#12835,20.);
#12835 = AXIS2_PLACEMENT_3D('',#12836,#12837,#12838);
#12836 = CARTESIAN_POINT('',(50.8,227.,33.5));
#12837 = DIRECTION('',(0.,0.,1.));
#12838 = DIRECTION('',(1.,0.,0.));
#12839 = ADVANCED_FACE('',(#12840,#12843),#12854,.T.);
#12840 = FACE_BOUND('',#12841,.T.);
#12841 = EDGE_LOOP('',(#12842));
#12842 = ORIENTED_EDGE('',*,*,#12827,.T.);
#12843 = FACE_BOUND('',#12844,.T.);
#12844 = EDGE_LOOP('',(#12845));
#12845 = ORIENTED_EDGE('',*,*,#12846,.F.);
#12846 = EDGE_CURVE('',#12847,#12847,#12849,.T.);
#12847 = VERTEX_POINT('',#12848);
#12848 = CARTESIAN_POINT('',(55.95,227.,40.));
#12849 = CIRCLE('',#12850,5.15);
#12850 = AXIS2_PLACEMENT_3D('',#12851,#12852,#12853);
#12851 = CARTESIAN_POINT('',(50.8,227.,40.));
#12852 = DIRECTION('',(0.,0.,1.));
#12853 = DIRECTION('',(1.,0.,0.));
#12854 = PLANE('',#12855);
#12855 = AXIS2_PLACEMENT_3D('',#12856,#12857,#12858);
#12856 = CARTESIAN_POINT('',(50.8,227.,40.));
#12857 = DIRECTION('',(0.,0.,1.));
#12858 = DIRECTION('',(1.,0.,0.));
#12859 = ADVANCED_FACE('',(#12860),#12879,.F.);
#12860 = FACE_BOUND('',#12861,.F.);
#12861 = EDGE_LOOP('',(#12862,#12863,#12871,#12878));
#12862 = ORIENTED_EDGE('',*,*,#12846,.F.);
#12863 = ORIENTED_EDGE('',*,*,#12864,.F.);
#12864 = EDGE_CURVE('',#12865,#12847,#12867,.T.);
#12865 = VERTEX_POINT('',#12866);
#12866 = CARTESIAN_POINT('',(55.95,227.,29.));
#12867 = LINE('',#12868,#12869);
#12868 = CARTESIAN_POINT('',(55.95,227.,29.));
#12869 = VECTOR('',#12870,1.);
#12870 = DIRECTION('',(0.,0.,1.));
#12871 = ORIENTED_EDGE('',*,*,#12872,.T.);
#12872 = EDGE_CURVE('',#12865,#12865,#12873,.T.);
#12873 = CIRCLE('',#12874,5.15);
#12874 = AXIS2_PLACEMENT_3D('',#12875,#12876,#12877);
#12875 = CARTESIAN_POINT('',(50.8,227.,29.));
#12876 = DIRECTION('',(0.,0.,1.));
#12877 = DIRECTION('',(1.,0.,0.));
#12878 = ORIENTED_EDGE('',*,*,#12864,.T.);
#12879 = CYLINDRICAL_SURFACE('',#12880,5.15);
#12880 = AXIS2_PLACEMENT_3D('',#12881,#12882,#12883);
#12881 = CARTESIAN_POINT('',(50.8,227.,29.));
#12882 = DIRECTION('',(0.,0.,1.));
#12883 = DIRECTION('',(1.,0.,0.));
#12884 = ADVANCED_FACE('',(#12885),#12888,.T.);
#12885 = FACE_BOUND('',#12886,.F.);
#12886 = EDGE_LOOP('',(#12887));
#12887 = ORIENTED_EDGE('',*,*,#12872,.F.);
#12888 = PLANE('',#12889);
#12889 = AXIS2_PLACEMENT_3D('',#12890,#12891,#12892);
#12890 = CARTESIAN_POINT('',(50.8,227.,29.));
#12891 = DIRECTION('',(0.,0.,1.));
#12892 = DIRECTION('',(1.,0.,0.));
#12893 = MANIFOLD_SOLID_BREP('',#12894);
#12894 = CLOSED_SHELL('',(#12895,#12928,#12948,#12968));
#12895 = ADVANCED_FACE('',(#12896),#12923,.T.);
#12896 = FACE_BOUND('',#12897,.T.);
#12897 = EDGE_LOOP('',(#12898,#12907,#12915,#12922));
#12898 = ORIENTED_EDGE('',*,*,#12899,.F.);
#12899 = EDGE_CURVE('',#12900,#12900,#12902,.T.);
#12900 = VERTEX_POINT('',#12901);
#12901 = CARTESIAN_POINT('',(55.8,227.,11.));
#12902 = CIRCLE('',#12903,5.);
#12903 = AXIS2_PLACEMENT_3D('',#12904,#12905,#12906);
#12904 = CARTESIAN_POINT('',(50.8,227.,11.));
#12905 = DIRECTION('',(0.,0.,1.));
#12906 = DIRECTION('',(1.,0.,0.));
#12907 = ORIENTED_EDGE('',*,*,#12908,.F.);
#12908 = EDGE_CURVE('',#12909,#12900,#12911,.T.);
#12909 = VERTEX_POINT('',#12910);
#12910 = CARTESIAN_POINT('',(55.8,227.,0.));
#12911 = LINE('',#12912,#12913);
#12912 = CARTESIAN_POINT('',(55.8,227.,0.));
#12913 = VECTOR('',#12914,1.);
#12914 = DIRECTION('',(0.,0.,1.));
#12915 = ORIENTED_EDGE('',*,*,#12916,.T.);
#12916 = EDGE_CURVE('',#12909,#12909,#12917,.T.);
#12917 = CIRCLE('',#12918,5.);
#12918 = AXIS2_PLACEMENT_3D('',#12919,#12920,#12921);
#12919 = CARTESIAN_POINT('',(50.8,227.,0.));
#12920 = DIRECTION('',(0.,0.,1.));
#12921 = DIRECTION('',(1.,0.,0.));
#12922 = ORIENTED_EDGE('',*,*,#12908,.T.);
#12923 = CYLINDRICAL_SURFACE('',#12924,5.);
#12924 = AXIS2_PLACEMENT_3D('',#12925,#12926,#12927);
#12925 = CARTESIAN_POINT('',(50.8,227.,0.));
#12926 = DIRECTION('',(0.,0.,1.));
#12927 = DIRECTION('',(1.,0.,0.));
#12928 = ADVANCED_FACE('',(#12929,#12932),#12943,.T.);
#12929 = FACE_BOUND('',#12930,.T.);
#12930 = EDGE_LOOP('',(#12931));
#12931 = ORIENTED_EDGE('',*,*,#12899,.T.);
#12932 = FACE_BOUND('',#12933,.T.);
#12933 = EDGE_LOOP('',(#12934));
#12934 = ORIENTED_EDGE('',*,*,#12935,.F.);
#12935 = EDGE_CURVE('',#12936,#12936,#12938,.T.);
#12936 = VERTEX_POINT('',#12937);
#12937 = CARTESIAN_POINT('',(54.2,227.,11.));
#12938 = CIRCLE('',#12939,3.4);
#12939 = AXIS2_PLACEMENT_3D('',#12940,#12941,#12942);
#12940 = CARTESIAN_POINT('',(50.8,227.,11.));
#12941 = DIRECTION('',(0.,0.,1.));
#12942 = DIRECTION('',(1.,0.,0.));
#12943 = PLANE('',#12944);
#12944 = AXIS2_PLACEMENT_3D('',#12945,#12946,#12947);
#12945 = CARTESIAN_POINT('',(50.8,227.,11.));
#12946 = DIRECTION('',(0.,0.,1.));
#12947 = DIRECTION('',(1.,0.,0.));
#12948 = ADVANCED_FACE('',(#12949,#12952),#12963,.F.);
#12949 = FACE_BOUND('',#12950,.F.);
#12950 = EDGE_LOOP('',(#12951));
#12951 = ORIENTED_EDGE('',*,*,#12916,.T.);
#12952 = FACE_BOUND('',#12953,.F.);
#12953 = EDGE_LOOP('',(#12954));
#12954 = ORIENTED_EDGE('',*,*,#12955,.F.);
#12955 = EDGE_CURVE('',#12956,#12956,#12958,.T.);
#12956 = VERTEX_POINT('',#12957);
#12957 = CARTESIAN_POINT('',(54.2,227.,0.));
#12958 = CIRCLE('',#12959,3.4);
#12959 = AXIS2_PLACEMENT_3D('',#12960,#12961,#12962);
#12960 = CARTESIAN_POINT('',(50.8,227.,0.));
#12961 = DIRECTION('',(0.,0.,1.));
#12962 = DIRECTION('',(1.,0.,0.));
#12963 = PLANE('',#12964);
#12964 = AXIS2_PLACEMENT_3D('',#12965,#12966,#12967);
#12965 = CARTESIAN_POINT('',(50.8,227.,0.));
#12966 = DIRECTION('',(0.,0.,1.));
#12967 = DIRECTION('',(1.,0.,0.));
#12968 = ADVANCED_FACE('',(#12969),#12980,.F.);
#12969 = FACE_BOUND('',#12970,.F.);
#12970 = EDGE_LOOP('',(#12971,#12972,#12978,#12979));
#12971 = ORIENTED_EDGE('',*,*,#12935,.F.);
#12972 = ORIENTED_EDGE('',*,*,#12973,.F.);
#12973 = EDGE_CURVE('',#12956,#12936,#12974,.T.);
#12974 = LINE('',#12975,#12976);
#12975 = CARTESIAN_POINT('',(54.2,227.,-0.2));
#12976 = VECTOR('',#12977,1.);
#12977 = DIRECTION('',(0.,0.,1.));
#12978 = ORIENTED_EDGE('',*,*,#12955,.T.);
#12979 = ORIENTED_EDGE('',*,*,#12973,.T.);
#12980 = CYLINDRICAL_SURFACE('',#12981,3.4);
#12981 = AXIS2_PLACEMENT_3D('',#12982,#12983,#12984);
#12982 = CARTESIAN_POINT('',(50.8,227.,-0.2));
#12983 = DIRECTION('',(0.,0.,1.));
#12984 = DIRECTION('',(1.,0.,0.));
#12985 = MANIFOLD_SOLID_BREP('',#12986);
#12986 = CLOSED_SHELL('',(#12987,#13020,#13040,#13060));
#12987 = ADVANCED_FACE('',(#12988),#13015,.T.);
#12988 = FACE_BOUND('',#12989,.T.);
#12989 = EDGE_LOOP('',(#12990,#12999,#13007,#13014));
#12990 = ORIENTED_EDGE('',*,*,#12991,.F.);
#12991 = EDGE_CURVE('',#12992,#12992,#12994,.T.);
#12992 = VERTEX_POINT('',#12993);
#12993 = CARTESIAN_POINT('',(55.8,227.,40.));
#12994 = CIRCLE('',#12995,5.);
#12995 = AXIS2_PLACEMENT_3D('',#12996,#12997,#12998);
#12996 = CARTESIAN_POINT('',(50.8,227.,40.));
#12997 = DIRECTION('',(0.,0.,1.));
#12998 = DIRECTION('',(1.,0.,0.));
#12999 = ORIENTED_EDGE('',*,*,#13000,.F.);
#13000 = EDGE_CURVE('',#13001,#12992,#13003,.T.);
#13001 = VERTEX_POINT('',#13002);
#13002 = CARTESIAN_POINT('',(55.8,227.,29.));
#13003 = LINE('',#13004,#13005);
#13004 = CARTESIAN_POINT('',(55.8,227.,29.));
#13005 = VECTOR('',#13006,1.);
#13006 = DIRECTION('',(0.,0.,1.));
#13007 = ORIENTED_EDGE('',*,*,#13008,.T.);
#13008 = EDGE_CURVE('',#13001,#13001,#13009,.T.);
#13009 = CIRCLE('',#13010,5.);
#13010 = AXIS2_PLACEMENT_3D('',#13011,#13012,#13013);
#13011 = CARTESIAN_POINT('',(50.8,227.,29.));
#13012 = DIRECTION('',(0.,0.,1.));
#13013 = DIRECTION('',(1.,0.,0.));
#13014 = ORIENTED_EDGE('',*,*,#13000,.T.);
#13015 = CYLINDRICAL_SURFACE('',#13016,5.);
#13016 = AXIS2_PLACEMENT_3D('',#13017,#13018,#13019);
#13017 = CARTESIAN_POINT('',(50.8,227.,29.));
#13018 = DIRECTION('',(0.,0.,1.));
#13019 = DIRECTION('',(1.,0.,0.));
#13020 = ADVANCED_FACE('',(#13021,#13024),#13035,.T.);
#13021 = FACE_BOUND('',#13022,.T.);
#13022 = EDGE_LOOP('',(#13023));
#13023 = ORIENTED_EDGE('',*,*,#12991,.T.);
#13024 = FACE_BOUND('',#13025,.T.);
#13025 = EDGE_LOOP('',(#13026));
#13026 = ORIENTED_EDGE('',*,*,#13027,.F.);
#13027 = EDGE_CURVE('',#13028,#13028,#13030,.T.);
#13028 = VERTEX_POINT('',#13029);
#13029 = CARTESIAN_POINT('',(54.2,227.,40.));
#13030 = CIRCLE('',#13031,3.4);
#13031 = AXIS2_PLACEMENT_3D('',#13032,#13033,#13034);
#13032 = CARTESIAN_POINT('',(50.8,227.,40.));
#13033 = DIRECTION('',(0.,0.,1.));
#13034 = DIRECTION('',(1.,0.,0.));
#13035 = PLANE('',#13036);
#13036 = AXIS2_PLACEMENT_3D('',#13037,#13038,#13039);
#13037 = CARTESIAN_POINT('',(50.8,227.,40.));
#13038 = DIRECTION('',(0.,0.,1.));
#13039 = DIRECTION('',(1.,0.,0.));
#13040 = ADVANCED_FACE('',(#13041,#13044),#13055,.F.);
#13041 = FACE_BOUND('',#13042,.F.);
#13042 = EDGE_LOOP('',(#13043));
#13043 = ORIENTED_EDGE('',*,*,#13008,.T.);
#13044 = FACE_BOUND('',#13045,.F.);
#13045 = EDGE_LOOP('',(#13046));
#13046 = ORIENTED_EDGE('',*,*,#13047,.F.);
#13047 = EDGE_CURVE('',#13048,#13048,#13050,.T.);
#13048 = VERTEX_POINT('',#13049);
#13049 = CARTESIAN_POINT('',(54.2,227.,29.));
#13050 = CIRCLE('',#13051,3.4);
#13051 = AXIS2_PLACEMENT_3D('',#13052,#13053,#13054);
#13052 = CARTESIAN_POINT('',(50.8,227.,29.));
#13053 = DIRECTION('',(0.,0.,1.));
#13054 = DIRECTION('',(1.,0.,0.));
#13055 = PLANE('',#13056);
#13056 = AXIS2_PLACEMENT_3D('',#13057,#13058,#13059);
#13057 = CARTESIAN_POINT('',(50.8,227.,29.));
#13058 = DIRECTION('',(0.,0.,1.));
#13059 = DIRECTION('',(1.,0.,0.));
#13060 = ADVANCED_FACE('',(#13061),#13072,.F.);
#13061 = FACE_BOUND('',#13062,.F.);
#13062 = EDGE_LOOP('',(#13063,#13064,#13070,#13071));
#13063 = ORIENTED_EDGE('',*,*,#13027,.F.);
#13064 = ORIENTED_EDGE('',*,*,#13065,.F.);
#13065 = EDGE_CURVE('',#13048,#13028,#13066,.T.);
#13066 = LINE('',#13067,#13068);
#13067 = CARTESIAN_POINT('',(54.2,227.,28.8));
#13068 = VECTOR('',#13069,1.);
#13069 = DIRECTION('',(0.,0.,1.));
#13070 = ORIENTED_EDGE('',*,*,#13047,.T.);
#13071 = ORIENTED_EDGE('',*,*,#13065,.T.);
#13072 = CYLINDRICAL_SURFACE('',#13073,3.4);
#13073 = AXIS2_PLACEMENT_3D('',#13074,#13075,#13076);
#13074 = CARTESIAN_POINT('',(50.8,227.,28.8));
#13075 = DIRECTION('',(0.,0.,1.));
#13076 = DIRECTION('',(1.,0.,0.));
#13077 = ( GEOMETRIC_REPRESENTATION_CONTEXT(3) 
GLOBAL_UNCERTAINTY_ASSIGNED_CONTEXT((#13081)) 
GLOBAL_UNIT_ASSIGNED_CONTEXT((#13078,#13079,#13080)) 
REPRESENTATION_CONTEXT('Context #1',
  '3D Context with UNIT and UNCERTAINTY') );
#13078 = ( LENGTH_UNIT() NAMED_UNIT(*) SI_UNIT(.MILLI.,.METRE.) );
#13079 = ( NAMED_UNIT(*) PLANE_ANGLE_UNIT() SI_UNIT($,.RADIAN.) );
#13080 = ( NAMED_UNIT(*) SI_UNIT($,.STERADIAN.) SOLID_ANGLE_UNIT() );
#13081 = UNCERTAINTY_MEASURE_WITH_UNIT(LENGTH_MEASURE(1.E-07),#13078,
  'distance_accuracy_value','confusion accuracy');
#13082 = PRODUCT_RELATED_PRODUCT_CATEGORY('part',$,(#7));
ENDSEC;
END-ISO-10303-21;
