ISO-10303-21;
HEADER;
FILE_DESCRIPTION(('FreeCAD Model'),'2;1');
FILE_NAME('Open CASCADE Shape Model','2026-09-20T23:10:57',('FreeCAD'),(
    'FreeCAD'),'Open CASCADE STEP processor 7.8','FreeCAD','Unknown');
FILE_SCHEMA(('AUTOMOTIVE_DESIGN { 1 0 10303 214 1 1 1 1 }'));
ENDSEC;
DATA;
#1 = APPLICATION_PROTOCOL_DEFINITION('international standard',
  'automotive_design',2000,#2);
#2 = APPLICATION_CONTEXT(
  'core data for automotive mechanical design processes');
#3 = SHAPE_DEFINITION_REPRESENTATION(#4,#10);
#4 = PRODUCT_DEFINITION_SHAPE('','',#5);
#5 = PRODUCT_DEFINITION('design','',#6,#9);
#6 = PRODUCT_DEFINITION_FORMATION('','',#7);
#7 = PRODUCT('Open CASCADE STEP translator 7.8 126',
  'Open CASCADE STEP translator 7.8 126','',(#8));
#8 = PRODUCT_CONTEXT('',#2,'mechanical');
#9 = PRODUCT_DEFINITION_CONTEXT('part definition',#2,'design');
#10 = ADVANCED_BREP_SHAPE_REPRESENTATION('',(#11,#15),#6778);
#11 = AXIS2_PLACEMENT_3D('',#12,#13,#14);
#12 = CARTESIAN_POINT('',(0.,0.,0.));
#13 = DIRECTION('',(0.,0.,1.));
#14 = DIRECTION('',(1.,0.,-0.));
#15 = MANIFOLD_SOLID_BREP('',#16);
#16 = CLOSED_SHELL('',(#17,#77,#120,#240,#308,#421,#438,#455,#530,#547,
    #585,#613,#642,#659,#697,#725,#754,#771,#809,#823,#840,#889,#913,
    #955,#972,#989,#1006,#1023,#1824,#1848,#2642,#2659,#2713,#2730,#2747
    ,#2764,#2781,#2798,#2815,#2832,#2849,#2866,#2883,#2900,#2917,#2934,
    #2951,#2968,#2985,#3002,#3019,#3036,#3053,#3070,#3087,#3104,#3121,
    #3138,#3155,#3172,#3189,#3206,#3223,#3240,#3252,#3269,#3286,#3303,
    #3320,#3337,#3354,#3371,#3388,#3405,#3422,#3439,#3456,#3473,#3490,
    #3507,#3524,#3541,#3558,#3575,#3592,#3609,#3626,#3643,#3660,#3677,
    #3694,#3711,#3728,#3745,#3762,#3779,#3796,#3813,#3830,#3847,#3864,
    #3881,#3898,#3915,#3932,#3949,#3966,#3983,#4000,#4017,#4034,#4051,
    #4068,#4085,#4102,#4119,#4136,#4153,#4170,#4187,#4236,#4260,#4284,
    #4308,#4332,#4356,#4380,#4404,#4421,#4445,#4469,#4493,#4517,#4541,
    #4565,#4589,#4606,#5142,#5166,#5695,#5712,#5729,#5746,#5763,#5780,
    #5797,#5814,#5831,#5848,#5865,#5882,#5899,#5916,#5933,#5950,#5967,
    #5984,#6001,#6018,#6035,#6052,#6069,#6086,#6103,#6120,#6137,#6154,
    #6171,#6188,#6205,#6222,#6239,#6256,#6273,#6290,#6307,#6324,#6341,
    #6358,#6375,#6392,#6409,#6426,#6443,#6460,#6477,#6494,#6511,#6528,
    #6545,#6562,#6579,#6596,#6613,#6630,#6647,#6664,#6681,#6698,#6715,
    #6732,#6749,#6766));
#17 = ADVANCED_FACE('',(#18),#72,.T.);
#18 = FACE_BOUND('',#19,.T.);
#19 = EDGE_LOOP('',(#20,#31,#39,#48,#57,#65));
#20 = ORIENTED_EDGE('',*,*,#21,.T.);
#21 = EDGE_CURVE('',#22,#24,#26,.T.);
#22 = VERTEX_POINT('',#23);
#23 = CARTESIAN_POINT('',(-65.88,37.4,42.));
#24 = VERTEX_POINT('',#25);
#25 = CARTESIAN_POINT('',(-72.58820393249,37.4,27.));
#26 = CIRCLE('',#27,9.);
#27 = AXIS2_PLACEMENT_3D('',#28,#29,#30);
#28 = CARTESIAN_POINT('',(-65.88,37.4,33.));
#29 = DIRECTION('',(0.,1.,0.));
#30 = DIRECTION('',(0.,-0.,1.));
#31 = ORIENTED_EDGE('',*,*,#32,.T.);
#32 = EDGE_CURVE('',#24,#33,#35,.T.);
#33 = VERTEX_POINT('',#34);
#34 = CARTESIAN_POINT('',(-72.58820393249,51.4,27.));
#35 = LINE('',#36,#37);
#36 = CARTESIAN_POINT('',(-72.58820393249,37.4,27.));
#37 = VECTOR('',#38,1.);
#38 = DIRECTION('',(0.,1.,0.));
#39 = ORIENTED_EDGE('',*,*,#40,.F.);
#40 = EDGE_CURVE('',#41,#33,#43,.T.);
#41 = VERTEX_POINT('',#42);
#42 = CARTESIAN_POINT('',(-65.88,51.4,42.));
#43 = CIRCLE('',#44,9.);
#44 = AXIS2_PLACEMENT_3D('',#45,#46,#47);
#45 = CARTESIAN_POINT('',(-65.88,51.4,33.));
#46 = DIRECTION('',(0.,1.,0.));
#47 = DIRECTION('',(0.,-0.,1.));
#48 = ORIENTED_EDGE('',*,*,#49,.F.);
#49 = EDGE_CURVE('',#50,#41,#52,.T.);
#50 = VERTEX_POINT('',#51);
#51 = CARTESIAN_POINT('',(-72.58820393249,51.4,39.));
#52 = CIRCLE('',#53,9.);
#53 = AXIS2_PLACEMENT_3D('',#54,#55,#56);
#54 = CARTESIAN_POINT('',(-65.88,51.4,33.));
#55 = DIRECTION('',(0.,1.,0.));
#56 = DIRECTION('',(0.,-0.,1.));
#57 = ORIENTED_EDGE('',*,*,#58,.F.);
#58 = EDGE_CURVE('',#59,#50,#61,.T.);
#59 = VERTEX_POINT('',#60);
#60 = CARTESIAN_POINT('',(-72.58820393249,37.4,39.));
#61 = LINE('',#62,#63);
#62 = CARTESIAN_POINT('',(-72.58820393249,37.4,39.));
#63 = VECTOR('',#64,1.);
#64 = DIRECTION('',(0.,1.,0.));
#65 = ORIENTED_EDGE('',*,*,#66,.T.);
#66 = EDGE_CURVE('',#59,#22,#67,.T.);
#67 = CIRCLE('',#68,9.);
#68 = AXIS2_PLACEMENT_3D('',#69,#70,#71);
#69 = CARTESIAN_POINT('',(-65.88,37.4,33.));
#70 = DIRECTION('',(0.,1.,0.));
#71 = DIRECTION('',(0.,-0.,1.));
#72 = CYLINDRICAL_SURFACE('',#73,9.);
#73 = AXIS2_PLACEMENT_3D('',#74,#75,#76);
#74 = CARTESIAN_POINT('',(-65.88,37.4,33.));
#75 = DIRECTION('',(0.,1.,0.));
#76 = DIRECTION('',(0.,-0.,1.));
#77 = ADVANCED_FACE('',(#78,#104),#115,.T.);
#78 = FACE_BOUND('',#79,.T.);
#79 = EDGE_LOOP('',(#80,#81,#89,#97,#103));
#80 = ORIENTED_EDGE('',*,*,#66,.F.);
#81 = ORIENTED_EDGE('',*,*,#82,.F.);
#82 = EDGE_CURVE('',#83,#59,#85,.T.);
#83 = VERTEX_POINT('',#84);
#84 = CARTESIAN_POINT('',(-75.48,37.4,39.));
#85 = LINE('',#86,#87);
#86 = CARTESIAN_POINT('',(-76.48,37.4,39.));
#87 = VECTOR('',#88,1.);
#88 = DIRECTION('',(1.,0.,-0.));
#89 = ORIENTED_EDGE('',*,*,#90,.F.);
#90 = EDGE_CURVE('',#91,#83,#93,.T.);
#91 = VERTEX_POINT('',#92);
#92 = CARTESIAN_POINT('',(-75.48,37.4,27.));
#93 = LINE('',#94,#95);
#94 = CARTESIAN_POINT('',(-75.48,37.4,30.100886118965));
#95 = VECTOR('',#96,1.);
#96 = DIRECTION('',(0.,-0.,1.));
#97 = ORIENTED_EDGE('',*,*,#98,.T.);
#98 = EDGE_CURVE('',#91,#24,#99,.T.);
#99 = LINE('',#100,#101);
#100 = CARTESIAN_POINT('',(-76.48,37.4,27.));
#101 = VECTOR('',#102,1.);
#102 = DIRECTION('',(1.,0.,-0.));
#103 = ORIENTED_EDGE('',*,*,#21,.F.);
#104 = FACE_BOUND('',#105,.T.);
#105 = EDGE_LOOP('',(#106));
#106 = ORIENTED_EDGE('',*,*,#107,.T.);
#107 = EDGE_CURVE('',#108,#108,#110,.T.);
#108 = VERTEX_POINT('',#109);
#109 = CARTESIAN_POINT('',(-65.88,37.4,36.3));
#110 = CIRCLE('',#111,3.3);
#111 = AXIS2_PLACEMENT_3D('',#112,#113,#114);
#112 = CARTESIAN_POINT('',(-65.88,37.4,33.));
#113 = DIRECTION('',(0.,1.,0.));
#114 = DIRECTION('',(0.,-0.,1.));
#115 = PLANE('',#116);
#116 = AXIS2_PLACEMENT_3D('',#117,#118,#119);
#117 = CARTESIAN_POINT('',(-67.77709679573,37.4,33.20177223793));
#118 = DIRECTION('',(-0.,-1.,-0.));
#119 = DIRECTION('',(0.,0.,-1.));
#120 = ADVANCED_FACE('',(#121),#235,.T.);
#121 = FACE_BOUND('',#122,.T.);
#122 = EDGE_LOOP('',(#123,#133,#141,#147,#148,#149,#157,#165,#173,#181,
    #189,#197,#205,#213,#221,#229));
#123 = ORIENTED_EDGE('',*,*,#124,.F.);
#124 = EDGE_CURVE('',#125,#127,#129,.T.);
#125 = VERTEX_POINT('',#126);
#126 = CARTESIAN_POINT('',(-76.48,-51.4,27.));
#127 = VERTEX_POINT('',#128);
#128 = CARTESIAN_POINT('',(-72.58820393249,-51.4,27.));
#129 = LINE('',#130,#131);
#130 = CARTESIAN_POINT('',(-76.48,-51.4,27.));
#131 = VECTOR('',#132,1.);
#132 = DIRECTION('',(1.,0.,-0.));
#133 = ORIENTED_EDGE('',*,*,#134,.T.);
#134 = EDGE_CURVE('',#125,#135,#137,.T.);
#135 = VERTEX_POINT('',#136);
#136 = CARTESIAN_POINT('',(-76.48,51.4,27.));
#137 = LINE('',#138,#139);
#138 = CARTESIAN_POINT('',(-76.48,37.4,27.));
#139 = VECTOR('',#140,1.);
#140 = DIRECTION('',(-0.,1.,0.));
#141 = ORIENTED_EDGE('',*,*,#142,.T.);
#142 = EDGE_CURVE('',#135,#33,#143,.T.);
#143 = LINE('',#144,#145);
#144 = CARTESIAN_POINT('',(-76.48,51.4,27.));
#145 = VECTOR('',#146,1.);
#146 = DIRECTION('',(1.,0.,-0.));
#147 = ORIENTED_EDGE('',*,*,#32,.F.);
#148 = ORIENTED_EDGE('',*,*,#98,.F.);
#149 = ORIENTED_EDGE('',*,*,#150,.F.);
#150 = EDGE_CURVE('',#151,#91,#153,.T.);
#151 = VERTEX_POINT('',#152);
#152 = CARTESIAN_POINT('',(-75.48,21.8,27.));
#153 = LINE('',#154,#155);
#154 = CARTESIAN_POINT('',(-75.48,-51.4,27.));
#155 = VECTOR('',#156,1.);
#156 = DIRECTION('',(-0.,1.,0.));
#157 = ORIENTED_EDGE('',*,*,#158,.T.);
#158 = EDGE_CURVE('',#151,#159,#161,.T.);
#159 = VERTEX_POINT('',#160);
#160 = CARTESIAN_POINT('',(-72.58820393249,21.8,27.));
#161 = LINE('',#162,#163);
#162 = CARTESIAN_POINT('',(-76.48,21.8,27.));
#163 = VECTOR('',#164,1.);
#164 = DIRECTION('',(1.,0.,-0.));
#165 = ORIENTED_EDGE('',*,*,#166,.F.);
#166 = EDGE_CURVE('',#167,#159,#169,.T.);
#167 = VERTEX_POINT('',#168);
#168 = CARTESIAN_POINT('',(-72.58820393249,7.8,27.));
#169 = LINE('',#170,#171);
#170 = CARTESIAN_POINT('',(-72.58820393249,7.8,27.));
#171 = VECTOR('',#172,1.);
#172 = DIRECTION('',(0.,1.,0.));
#173 = ORIENTED_EDGE('',*,*,#174,.F.);
#174 = EDGE_CURVE('',#175,#167,#177,.T.);
#175 = VERTEX_POINT('',#176);
#176 = CARTESIAN_POINT('',(-75.48,7.8,27.));
#177 = LINE('',#178,#179);
#178 = CARTESIAN_POINT('',(-76.48,7.8,27.));
#179 = VECTOR('',#180,1.);
#180 = DIRECTION('',(1.,0.,-0.));
#181 = ORIENTED_EDGE('',*,*,#182,.F.);
#182 = EDGE_CURVE('',#183,#175,#185,.T.);
#183 = VERTEX_POINT('',#184);
#184 = CARTESIAN_POINT('',(-75.48,-7.8,27.));
#185 = LINE('',#186,#187);
#186 = CARTESIAN_POINT('',(-75.48,-51.4,27.));
#187 = VECTOR('',#188,1.);
#188 = DIRECTION('',(-0.,1.,0.));
#189 = ORIENTED_EDGE('',*,*,#190,.T.);
#190 = EDGE_CURVE('',#183,#191,#193,.T.);
#191 = VERTEX_POINT('',#192);
#192 = CARTESIAN_POINT('',(-72.58820393249,-7.8,27.));
#193 = LINE('',#194,#195);
#194 = CARTESIAN_POINT('',(-76.48,-7.8,27.));
#195 = VECTOR('',#196,1.);
#196 = DIRECTION('',(1.,0.,-0.));
#197 = ORIENTED_EDGE('',*,*,#198,.F.);
#198 = EDGE_CURVE('',#199,#191,#201,.T.);
#199 = VERTEX_POINT('',#200);
#200 = CARTESIAN_POINT('',(-72.58820393249,-21.8,27.));
#201 = LINE('',#202,#203);
#202 = CARTESIAN_POINT('',(-72.58820393249,-21.8,27.));
#203 = VECTOR('',#204,1.);
#204 = DIRECTION('',(0.,1.,0.));
#205 = ORIENTED_EDGE('',*,*,#206,.F.);
#206 = EDGE_CURVE('',#207,#199,#209,.T.);
#207 = VERTEX_POINT('',#208);
#208 = CARTESIAN_POINT('',(-75.48,-21.8,27.));
#209 = LINE('',#210,#211);
#210 = CARTESIAN_POINT('',(-76.48,-21.8,27.));
#211 = VECTOR('',#212,1.);
#212 = DIRECTION('',(1.,0.,-0.));
#213 = ORIENTED_EDGE('',*,*,#214,.F.);
#214 = EDGE_CURVE('',#215,#207,#217,.T.);
#215 = VERTEX_POINT('',#216);
#216 = CARTESIAN_POINT('',(-75.48,-37.4,27.));
#217 = LINE('',#218,#219);
#218 = CARTESIAN_POINT('',(-75.48,-51.4,27.));
#219 = VECTOR('',#220,1.);
#220 = DIRECTION('',(-0.,1.,0.));
#221 = ORIENTED_EDGE('',*,*,#222,.T.);
#222 = EDGE_CURVE('',#215,#223,#225,.T.);
#223 = VERTEX_POINT('',#224);
#224 = CARTESIAN_POINT('',(-72.58820393249,-37.4,27.));
#225 = LINE('',#226,#227);
#226 = CARTESIAN_POINT('',(-76.48,-37.4,27.));
#227 = VECTOR('',#228,1.);
#228 = DIRECTION('',(1.,0.,-0.));
#229 = ORIENTED_EDGE('',*,*,#230,.F.);
#230 = EDGE_CURVE('',#127,#223,#231,.T.);
#231 = LINE('',#232,#233);
#232 = CARTESIAN_POINT('',(-72.58820393249,-51.4,27.));
#233 = VECTOR('',#234,1.);
#234 = DIRECTION('',(0.,1.,0.));
#235 = PLANE('',#236);
#236 = AXIS2_PLACEMENT_3D('',#237,#238,#239);
#237 = CARTESIAN_POINT('',(-75.08304778892,-1.20715762537E-14,27.));
#238 = DIRECTION('',(-0.,-0.,-1.));
#239 = DIRECTION('',(-1.,0.,0.));
#240 = ADVANCED_FACE('',(#241,#292),#303,.T.);
#241 = FACE_BOUND('',#242,.T.);
#242 = EDGE_LOOP('',(#243,#251,#252,#253,#254,#262,#270,#278,#286));
#243 = ORIENTED_EDGE('',*,*,#244,.T.);
#244 = EDGE_CURVE('',#245,#50,#247,.T.);
#245 = VERTEX_POINT('',#246);
#246 = CARTESIAN_POINT('',(-85.88,51.4,39.));
#247 = LINE('',#248,#249);
#248 = CARTESIAN_POINT('',(-76.48,51.4,39.));
#249 = VECTOR('',#250,1.);
#250 = DIRECTION('',(1.,0.,-0.));
#251 = ORIENTED_EDGE('',*,*,#49,.T.);
#252 = ORIENTED_EDGE('',*,*,#40,.T.);
#253 = ORIENTED_EDGE('',*,*,#142,.F.);
#254 = ORIENTED_EDGE('',*,*,#255,.F.);
#255 = EDGE_CURVE('',#256,#135,#258,.T.);
#256 = VERTEX_POINT('',#257);
#257 = CARTESIAN_POINT('',(-76.48,51.4,7.));
#258 = LINE('',#259,#260);
#259 = CARTESIAN_POINT('',(-76.48,51.4,7.));
#260 = VECTOR('',#261,1.);
#261 = DIRECTION('',(0.,0.,1.));
#262 = ORIENTED_EDGE('',*,*,#263,.F.);
#263 = EDGE_CURVE('',#264,#256,#266,.T.);
#264 = VERTEX_POINT('',#265);
#265 = CARTESIAN_POINT('',(-116.68,51.4,7.));
#266 = LINE('',#267,#268);
#267 = CARTESIAN_POINT('',(-85.88,51.4,7.));
#268 = VECTOR('',#269,1.);
#269 = DIRECTION('',(1.,0.,-0.));
#270 = ORIENTED_EDGE('',*,*,#271,.T.);
#271 = EDGE_CURVE('',#264,#272,#274,.T.);
#272 = VERTEX_POINT('',#273);
#273 = CARTESIAN_POINT('',(-116.68,51.4,19.));
#274 = LINE('',#275,#276);
#275 = CARTESIAN_POINT('',(-116.68,51.4,7.));
#276 = VECTOR('',#277,1.);
#277 = DIRECTION('',(0.,0.,1.));
#278 = ORIENTED_EDGE('',*,*,#279,.T.);
#279 = EDGE_CURVE('',#272,#280,#282,.T.);
#280 = VERTEX_POINT('',#281);
#281 = CARTESIAN_POINT('',(-85.88,51.4,19.));
#282 = LINE('',#283,#284);
#283 = CARTESIAN_POINT('',(-116.68,51.4,19.));
#284 = VECTOR('',#285,1.);
#285 = DIRECTION('',(1.,0.,-0.));
#286 = ORIENTED_EDGE('',*,*,#287,.T.);
#287 = EDGE_CURVE('',#280,#245,#288,.T.);
#288 = LINE('',#289,#290);
#289 = CARTESIAN_POINT('',(-85.88,51.4,7.));
#290 = VECTOR('',#291,1.);
#291 = DIRECTION('',(0.,0.,1.));
#292 = FACE_BOUND('',#293,.T.);
#293 = EDGE_LOOP('',(#294));
#294 = ORIENTED_EDGE('',*,*,#295,.F.);
#295 = EDGE_CURVE('',#296,#296,#298,.T.);
#296 = VERTEX_POINT('',#297);
#297 = CARTESIAN_POINT('',(-65.88,51.4,36.3));
#298 = CIRCLE('',#299,3.3);
#299 = AXIS2_PLACEMENT_3D('',#300,#301,#302);
#300 = CARTESIAN_POINT('',(-65.88,51.4,33.));
#301 = DIRECTION('',(0.,1.,0.));
#302 = DIRECTION('',(0.,-0.,1.));
#303 = PLANE('',#304);
#304 = AXIS2_PLACEMENT_3D('',#305,#306,#307);
#305 = CARTESIAN_POINT('',(-86.19871589377,51.4,21.686188941336));
#306 = DIRECTION('',(0.,1.,0.));
#307 = DIRECTION('',(0.,-0.,1.));
#308 = ADVANCED_FACE('',(#309),#416,.T.);
#309 = FACE_BOUND('',#310,.T.);
#310 = EDGE_LOOP('',(#311,#321,#329,#337,#345,#353,#361,#369,#377,#385,
    #393,#399,#400,#401,#402,#410));
#311 = ORIENTED_EDGE('',*,*,#312,.T.);
#312 = EDGE_CURVE('',#313,#315,#317,.T.);
#313 = VERTEX_POINT('',#314);
#314 = CARTESIAN_POINT('',(-72.58820393249,-51.4,39.));
#315 = VERTEX_POINT('',#316);
#316 = CARTESIAN_POINT('',(-72.58820393249,-37.4,39.));
#317 = LINE('',#318,#319);
#318 = CARTESIAN_POINT('',(-72.58820393249,-51.4,39.));
#319 = VECTOR('',#320,1.);
#320 = DIRECTION('',(0.,1.,0.));
#321 = ORIENTED_EDGE('',*,*,#322,.F.);
#322 = EDGE_CURVE('',#323,#315,#325,.T.);
#323 = VERTEX_POINT('',#324);
#324 = CARTESIAN_POINT('',(-75.48,-37.4,39.));
#325 = LINE('',#326,#327);
#326 = CARTESIAN_POINT('',(-76.48,-37.4,39.));
#327 = VECTOR('',#328,1.);
#328 = DIRECTION('',(1.,0.,-0.));
#329 = ORIENTED_EDGE('',*,*,#330,.T.);
#330 = EDGE_CURVE('',#323,#331,#333,.T.);
#331 = VERTEX_POINT('',#332);
#332 = CARTESIAN_POINT('',(-75.48,-21.8,39.));
#333 = LINE('',#334,#335);
#334 = CARTESIAN_POINT('',(-75.48,-51.4,39.));
#335 = VECTOR('',#336,1.);
#336 = DIRECTION('',(-0.,1.,0.));
#337 = ORIENTED_EDGE('',*,*,#338,.T.);
#338 = EDGE_CURVE('',#331,#339,#341,.T.);
#339 = VERTEX_POINT('',#340);
#340 = CARTESIAN_POINT('',(-72.58820393249,-21.8,39.));
#341 = LINE('',#342,#343);
#342 = CARTESIAN_POINT('',(-76.48,-21.8,39.));
#343 = VECTOR('',#344,1.);
#344 = DIRECTION('',(1.,0.,-0.));
#345 = ORIENTED_EDGE('',*,*,#346,.T.);
#346 = EDGE_CURVE('',#339,#347,#349,.T.);
#347 = VERTEX_POINT('',#348);
#348 = CARTESIAN_POINT('',(-72.58820393249,-7.8,39.));
#349 = LINE('',#350,#351);
#350 = CARTESIAN_POINT('',(-72.58820393249,-21.8,39.));
#351 = VECTOR('',#352,1.);
#352 = DIRECTION('',(0.,1.,0.));
#353 = ORIENTED_EDGE('',*,*,#354,.F.);
#354 = EDGE_CURVE('',#355,#347,#357,.T.);
#355 = VERTEX_POINT('',#356);
#356 = CARTESIAN_POINT('',(-75.48,-7.8,39.));
#357 = LINE('',#358,#359);
#358 = CARTESIAN_POINT('',(-76.48,-7.8,39.));
#359 = VECTOR('',#360,1.);
#360 = DIRECTION('',(1.,0.,-0.));
#361 = ORIENTED_EDGE('',*,*,#362,.T.);
#362 = EDGE_CURVE('',#355,#363,#365,.T.);
#363 = VERTEX_POINT('',#364);
#364 = CARTESIAN_POINT('',(-75.48,7.8,39.));
#365 = LINE('',#366,#367);
#366 = CARTESIAN_POINT('',(-75.48,-51.4,39.));
#367 = VECTOR('',#368,1.);
#368 = DIRECTION('',(-0.,1.,0.));
#369 = ORIENTED_EDGE('',*,*,#370,.T.);
#370 = EDGE_CURVE('',#363,#371,#373,.T.);
#371 = VERTEX_POINT('',#372);
#372 = CARTESIAN_POINT('',(-72.58820393249,7.8,39.));
#373 = LINE('',#374,#375);
#374 = CARTESIAN_POINT('',(-76.48,7.8,39.));
#375 = VECTOR('',#376,1.);
#376 = DIRECTION('',(1.,0.,-0.));
#377 = ORIENTED_EDGE('',*,*,#378,.T.);
#378 = EDGE_CURVE('',#371,#379,#381,.T.);
#379 = VERTEX_POINT('',#380);
#380 = CARTESIAN_POINT('',(-72.58820393249,21.8,39.));
#381 = LINE('',#382,#383);
#382 = CARTESIAN_POINT('',(-72.58820393249,7.8,39.));
#383 = VECTOR('',#384,1.);
#384 = DIRECTION('',(0.,1.,0.));
#385 = ORIENTED_EDGE('',*,*,#386,.F.);
#386 = EDGE_CURVE('',#387,#379,#389,.T.);
#387 = VERTEX_POINT('',#388);
#388 = CARTESIAN_POINT('',(-75.48,21.8,39.));
#389 = LINE('',#390,#391);
#390 = CARTESIAN_POINT('',(-76.48,21.8,39.));
#391 = VECTOR('',#392,1.);
#392 = DIRECTION('',(1.,0.,-0.));
#393 = ORIENTED_EDGE('',*,*,#394,.T.);
#394 = EDGE_CURVE('',#387,#83,#395,.T.);
#395 = LINE('',#396,#397);
#396 = CARTESIAN_POINT('',(-75.48,-51.4,39.));
#397 = VECTOR('',#398,1.);
#398 = DIRECTION('',(-0.,1.,0.));
#399 = ORIENTED_EDGE('',*,*,#82,.T.);
#400 = ORIENTED_EDGE('',*,*,#58,.T.);
#401 = ORIENTED_EDGE('',*,*,#244,.F.);
#402 = ORIENTED_EDGE('',*,*,#403,.F.);
#403 = EDGE_CURVE('',#404,#245,#406,.T.);
#404 = VERTEX_POINT('',#405);
#405 = CARTESIAN_POINT('',(-85.88,-51.4,39.));
#406 = LINE('',#407,#408);
#407 = CARTESIAN_POINT('',(-85.88,-51.4,39.));
#408 = VECTOR('',#409,1.);
#409 = DIRECTION('',(-0.,1.,0.));
#410 = ORIENTED_EDGE('',*,*,#411,.T.);
#411 = EDGE_CURVE('',#404,#313,#412,.T.);
#412 = LINE('',#413,#414);
#413 = CARTESIAN_POINT('',(-85.88,-51.4,39.));
#414 = VECTOR('',#415,1.);
#415 = DIRECTION('',(1.,0.,-0.));
#416 = PLANE('',#417);
#417 = AXIS2_PLACEMENT_3D('',#418,#419,#420);
#418 = CARTESIAN_POINT('',(-79.4148867572,-7.517332515685E-15,39.));
#419 = DIRECTION('',(0.,0.,1.));
#420 = DIRECTION('',(1.,0.,-0.));
#421 = ADVANCED_FACE('',(#422),#433,.T.);
#422 = FACE_BOUND('',#423,.T.);
#423 = EDGE_LOOP('',(#424,#430,#431,#432));
#424 = ORIENTED_EDGE('',*,*,#425,.T.);
#425 = EDGE_CURVE('',#387,#151,#426,.T.);
#426 = LINE('',#427,#428);
#427 = CARTESIAN_POINT('',(-75.48,21.8,30.100886118965));
#428 = VECTOR('',#429,1.);
#429 = DIRECTION('',(-0.,0.,-1.));
#430 = ORIENTED_EDGE('',*,*,#150,.T.);
#431 = ORIENTED_EDGE('',*,*,#90,.T.);
#432 = ORIENTED_EDGE('',*,*,#394,.F.);
#433 = PLANE('',#434);
#434 = AXIS2_PLACEMENT_3D('',#435,#436,#437);
#435 = CARTESIAN_POINT('',(-75.48,-51.4,27.));
#436 = DIRECTION('',(1.,0.,-0.));
#437 = DIRECTION('',(0.,0.,1.));
#438 = ADVANCED_FACE('',(#439),#450,.F.);
#439 = FACE_BOUND('',#440,.F.);
#440 = EDGE_LOOP('',(#441,#442,#448,#449));
#441 = ORIENTED_EDGE('',*,*,#295,.F.);
#442 = ORIENTED_EDGE('',*,*,#443,.F.);
#443 = EDGE_CURVE('',#108,#296,#444,.T.);
#444 = LINE('',#445,#446);
#445 = CARTESIAN_POINT('',(-65.88,-86.2,36.3));
#446 = VECTOR('',#447,1.);
#447 = DIRECTION('',(0.,1.,0.));
#448 = ORIENTED_EDGE('',*,*,#107,.T.);
#449 = ORIENTED_EDGE('',*,*,#443,.T.);
#450 = CYLINDRICAL_SURFACE('',#451,3.3);
#451 = AXIS2_PLACEMENT_3D('',#452,#453,#454);
#452 = CARTESIAN_POINT('',(-65.88,-86.2,33.));
#453 = DIRECTION('',(0.,1.,0.));
#454 = DIRECTION('',(0.,-0.,1.));
#455 = ADVANCED_FACE('',(#456,#514),#525,.T.);
#456 = FACE_BOUND('',#457,.T.);
#457 = EDGE_LOOP('',(#458,#459,#468,#475,#476,#484,#492,#500,#508));
#458 = ORIENTED_EDGE('',*,*,#124,.T.);
#459 = ORIENTED_EDGE('',*,*,#460,.F.);
#460 = EDGE_CURVE('',#461,#127,#463,.T.);
#461 = VERTEX_POINT('',#462);
#462 = CARTESIAN_POINT('',(-65.88,-51.4,42.));
#463 = CIRCLE('',#464,9.);
#464 = AXIS2_PLACEMENT_3D('',#465,#466,#467);
#465 = CARTESIAN_POINT('',(-65.88,-51.4,33.));
#466 = DIRECTION('',(0.,1.,0.));
#467 = DIRECTION('',(0.,-0.,1.));
#468 = ORIENTED_EDGE('',*,*,#469,.F.);
#469 = EDGE_CURVE('',#313,#461,#470,.T.);
#470 = CIRCLE('',#471,9.);
#471 = AXIS2_PLACEMENT_3D('',#472,#473,#474);
#472 = CARTESIAN_POINT('',(-65.88,-51.4,33.));
#473 = DIRECTION('',(0.,1.,0.));
#474 = DIRECTION('',(0.,-0.,1.));
#475 = ORIENTED_EDGE('',*,*,#411,.F.);
#476 = ORIENTED_EDGE('',*,*,#477,.F.);
#477 = EDGE_CURVE('',#478,#404,#480,.T.);
#478 = VERTEX_POINT('',#479);
#479 = CARTESIAN_POINT('',(-85.88,-51.4,19.));
#480 = LINE('',#481,#482);
#481 = CARTESIAN_POINT('',(-85.88,-51.4,27.));
#482 = VECTOR('',#483,1.);
#483 = DIRECTION('',(0.,0.,1.));
#484 = ORIENTED_EDGE('',*,*,#485,.F.);
#485 = EDGE_CURVE('',#486,#478,#488,.T.);
#486 = VERTEX_POINT('',#487);
#487 = CARTESIAN_POINT('',(-116.68,-51.4,19.));
#488 = LINE('',#489,#490);
#489 = CARTESIAN_POINT('',(-116.68,-51.4,19.));
#490 = VECTOR('',#491,1.);
#491 = DIRECTION('',(1.,0.,-0.));
#492 = ORIENTED_EDGE('',*,*,#493,.F.);
#493 = EDGE_CURVE('',#494,#486,#496,.T.);
#494 = VERTEX_POINT('',#495);
#495 = CARTESIAN_POINT('',(-116.68,-51.4,7.));
#496 = LINE('',#497,#498);
#497 = CARTESIAN_POINT('',(-116.68,-51.4,7.));
#498 = VECTOR('',#499,1.);
#499 = DIRECTION('',(0.,0.,1.));
#500 = ORIENTED_EDGE('',*,*,#501,.T.);
#501 = EDGE_CURVE('',#494,#502,#504,.T.);
#502 = VERTEX_POINT('',#503);
#503 = CARTESIAN_POINT('',(-76.48,-51.4,7.));
#504 = LINE('',#505,#506);
#505 = CARTESIAN_POINT('',(-116.68,-51.4,7.));
#506 = VECTOR('',#507,1.);
#507 = DIRECTION('',(1.,0.,-0.));
#508 = ORIENTED_EDGE('',*,*,#509,.T.);
#509 = EDGE_CURVE('',#502,#125,#510,.T.);
#510 = LINE('',#511,#512);
#511 = CARTESIAN_POINT('',(-76.48,-51.4,7.));
#512 = VECTOR('',#513,1.);
#513 = DIRECTION('',(0.,0.,1.));
#514 = FACE_BOUND('',#515,.T.);
#515 = EDGE_LOOP('',(#516));
#516 = ORIENTED_EDGE('',*,*,#517,.T.);
#517 = EDGE_CURVE('',#518,#518,#520,.T.);
#518 = VERTEX_POINT('',#519);
#519 = CARTESIAN_POINT('',(-65.88,-51.4,36.3));
#520 = CIRCLE('',#521,3.3);
#521 = AXIS2_PLACEMENT_3D('',#522,#523,#524);
#522 = CARTESIAN_POINT('',(-65.88,-51.4,33.));
#523 = DIRECTION('',(0.,1.,0.));
#524 = DIRECTION('',(0.,-0.,1.));
#525 = PLANE('',#526);
#526 = AXIS2_PLACEMENT_3D('',#527,#528,#529);
#527 = CARTESIAN_POINT('',(-86.19871589377,-51.4,21.686188941336));
#528 = DIRECTION('',(-0.,-1.,-0.));
#529 = DIRECTION('',(0.,0.,-1.));
#530 = ADVANCED_FACE('',(#531),#542,.T.);
#531 = FACE_BOUND('',#532,.T.);
#532 = EDGE_LOOP('',(#533,#534,#540,#541));
#533 = ORIENTED_EDGE('',*,*,#509,.F.);
#534 = ORIENTED_EDGE('',*,*,#535,.T.);
#535 = EDGE_CURVE('',#502,#256,#536,.T.);
#536 = LINE('',#537,#538);
#537 = CARTESIAN_POINT('',(-76.48,-51.4,7.));
#538 = VECTOR('',#539,1.);
#539 = DIRECTION('',(-0.,1.,0.));
#540 = ORIENTED_EDGE('',*,*,#255,.T.);
#541 = ORIENTED_EDGE('',*,*,#134,.F.);
#542 = PLANE('',#543);
#543 = AXIS2_PLACEMENT_3D('',#544,#545,#546);
#544 = CARTESIAN_POINT('',(-76.48,-51.4,7.));
#545 = DIRECTION('',(1.,0.,-0.));
#546 = DIRECTION('',(0.,0.,1.));
#547 = ADVANCED_FACE('',(#548,#569),#580,.T.);
#548 = FACE_BOUND('',#549,.T.);
#549 = EDGE_LOOP('',(#550,#551,#560,#567,#568));
#550 = ORIENTED_EDGE('',*,*,#386,.T.);
#551 = ORIENTED_EDGE('',*,*,#552,.T.);
#552 = EDGE_CURVE('',#379,#553,#555,.T.);
#553 = VERTEX_POINT('',#554);
#554 = CARTESIAN_POINT('',(-65.88,21.8,42.));
#555 = CIRCLE('',#556,9.);
#556 = AXIS2_PLACEMENT_3D('',#557,#558,#559);
#557 = CARTESIAN_POINT('',(-65.88,21.8,33.));
#558 = DIRECTION('',(0.,1.,0.));
#559 = DIRECTION('',(0.,-0.,1.));
#560 = ORIENTED_EDGE('',*,*,#561,.T.);
#561 = EDGE_CURVE('',#553,#159,#562,.T.);
#562 = CIRCLE('',#563,9.);
#563 = AXIS2_PLACEMENT_3D('',#564,#565,#566);
#564 = CARTESIAN_POINT('',(-65.88,21.8,33.));
#565 = DIRECTION('',(0.,1.,0.));
#566 = DIRECTION('',(0.,-0.,1.));
#567 = ORIENTED_EDGE('',*,*,#158,.F.);
#568 = ORIENTED_EDGE('',*,*,#425,.F.);
#569 = FACE_BOUND('',#570,.T.);
#570 = EDGE_LOOP('',(#571));
#571 = ORIENTED_EDGE('',*,*,#572,.F.);
#572 = EDGE_CURVE('',#573,#573,#575,.T.);
#573 = VERTEX_POINT('',#574);
#574 = CARTESIAN_POINT('',(-65.88,21.8,36.3));
#575 = CIRCLE('',#576,3.3);
#576 = AXIS2_PLACEMENT_3D('',#577,#578,#579);
#577 = CARTESIAN_POINT('',(-65.88,21.8,33.));
#578 = DIRECTION('',(0.,1.,0.));
#579 = DIRECTION('',(0.,-0.,1.));
#580 = PLANE('',#581);
#581 = AXIS2_PLACEMENT_3D('',#582,#583,#584);
#582 = CARTESIAN_POINT('',(-67.77709679573,21.8,33.20177223793));
#583 = DIRECTION('',(0.,1.,0.));
#584 = DIRECTION('',(0.,-0.,1.));
#585 = ADVANCED_FACE('',(#586),#608,.T.);
#586 = FACE_BOUND('',#587,.T.);
#587 = EDGE_LOOP('',(#588,#597,#598,#599,#600,#601));
#588 = ORIENTED_EDGE('',*,*,#589,.T.);
#589 = EDGE_CURVE('',#590,#167,#592,.T.);
#590 = VERTEX_POINT('',#591);
#591 = CARTESIAN_POINT('',(-65.88,7.8,42.));
#592 = CIRCLE('',#593,9.);
#593 = AXIS2_PLACEMENT_3D('',#594,#595,#596);
#594 = CARTESIAN_POINT('',(-65.88,7.8,33.));
#595 = DIRECTION('',(0.,1.,0.));
#596 = DIRECTION('',(0.,-0.,1.));
#597 = ORIENTED_EDGE('',*,*,#166,.T.);
#598 = ORIENTED_EDGE('',*,*,#561,.F.);
#599 = ORIENTED_EDGE('',*,*,#552,.F.);
#600 = ORIENTED_EDGE('',*,*,#378,.F.);
#601 = ORIENTED_EDGE('',*,*,#602,.T.);
#602 = EDGE_CURVE('',#371,#590,#603,.T.);
#603 = CIRCLE('',#604,9.);
#604 = AXIS2_PLACEMENT_3D('',#605,#606,#607);
#605 = CARTESIAN_POINT('',(-65.88,7.8,33.));
#606 = DIRECTION('',(0.,1.,0.));
#607 = DIRECTION('',(0.,-0.,1.));
#608 = CYLINDRICAL_SURFACE('',#609,9.);
#609 = AXIS2_PLACEMENT_3D('',#610,#611,#612);
#610 = CARTESIAN_POINT('',(-65.88,7.8,33.));
#611 = DIRECTION('',(0.,1.,0.));
#612 = DIRECTION('',(0.,-0.,1.));
#613 = ADVANCED_FACE('',(#614,#626),#637,.T.);
#614 = FACE_BOUND('',#615,.T.);
#615 = EDGE_LOOP('',(#616,#617,#618,#624,#625));
#616 = ORIENTED_EDGE('',*,*,#602,.F.);
#617 = ORIENTED_EDGE('',*,*,#370,.F.);
#618 = ORIENTED_EDGE('',*,*,#619,.F.);
#619 = EDGE_CURVE('',#175,#363,#620,.T.);
#620 = LINE('',#621,#622);
#621 = CARTESIAN_POINT('',(-75.48,7.8,30.100886118965));
#622 = VECTOR('',#623,1.);
#623 = DIRECTION('',(0.,-0.,1.));
#624 = ORIENTED_EDGE('',*,*,#174,.T.);
#625 = ORIENTED_EDGE('',*,*,#589,.F.);
#626 = FACE_BOUND('',#627,.T.);
#627 = EDGE_LOOP('',(#628));
#628 = ORIENTED_EDGE('',*,*,#629,.T.);
#629 = EDGE_CURVE('',#630,#630,#632,.T.);
#630 = VERTEX_POINT('',#631);
#631 = CARTESIAN_POINT('',(-65.88,7.8,36.3));
#632 = CIRCLE('',#633,3.3);
#633 = AXIS2_PLACEMENT_3D('',#634,#635,#636);
#634 = CARTESIAN_POINT('',(-65.88,7.8,33.));
#635 = DIRECTION('',(0.,1.,0.));
#636 = DIRECTION('',(0.,-0.,1.));
#637 = PLANE('',#638);
#638 = AXIS2_PLACEMENT_3D('',#639,#640,#641);
#639 = CARTESIAN_POINT('',(-67.77709679573,7.8,33.20177223793));
#640 = DIRECTION('',(-0.,-1.,-0.));
#641 = DIRECTION('',(0.,0.,-1.));
#642 = ADVANCED_FACE('',(#643),#654,.T.);
#643 = FACE_BOUND('',#644,.T.);
#644 = EDGE_LOOP('',(#645,#651,#652,#653));
#645 = ORIENTED_EDGE('',*,*,#646,.T.);
#646 = EDGE_CURVE('',#355,#183,#647,.T.);
#647 = LINE('',#648,#649);
#648 = CARTESIAN_POINT('',(-75.48,-7.8,30.100886118965));
#649 = VECTOR('',#650,1.);
#650 = DIRECTION('',(-0.,0.,-1.));
#651 = ORIENTED_EDGE('',*,*,#182,.T.);
#652 = ORIENTED_EDGE('',*,*,#619,.T.);
#653 = ORIENTED_EDGE('',*,*,#362,.F.);
#654 = PLANE('',#655);
#655 = AXIS2_PLACEMENT_3D('',#656,#657,#658);
#656 = CARTESIAN_POINT('',(-75.48,-51.4,27.));
#657 = DIRECTION('',(1.,0.,-0.));
#658 = DIRECTION('',(0.,0.,1.));
#659 = ADVANCED_FACE('',(#660,#681),#692,.T.);
#660 = FACE_BOUND('',#661,.T.);
#661 = EDGE_LOOP('',(#662,#663,#672,#679,#680));
#662 = ORIENTED_EDGE('',*,*,#354,.T.);
#663 = ORIENTED_EDGE('',*,*,#664,.T.);
#664 = EDGE_CURVE('',#347,#665,#667,.T.);
#665 = VERTEX_POINT('',#666);
#666 = CARTESIAN_POINT('',(-65.88,-7.8,42.));
#667 = CIRCLE('',#668,9.);
#668 = AXIS2_PLACEMENT_3D('',#669,#670,#671);
#669 = CARTESIAN_POINT('',(-65.88,-7.8,33.));
#670 = DIRECTION('',(0.,1.,0.));
#671 = DIRECTION('',(0.,-0.,1.));
#672 = ORIENTED_EDGE('',*,*,#673,.T.);
#673 = EDGE_CURVE('',#665,#191,#674,.T.);
#674 = CIRCLE('',#675,9.);
#675 = AXIS2_PLACEMENT_3D('',#676,#677,#678);
#676 = CARTESIAN_POINT('',(-65.88,-7.8,33.));
#677 = DIRECTION('',(0.,1.,0.));
#678 = DIRECTION('',(0.,-0.,1.));
#679 = ORIENTED_EDGE('',*,*,#190,.F.);
#680 = ORIENTED_EDGE('',*,*,#646,.F.);
#681 = FACE_BOUND('',#682,.T.);
#682 = EDGE_LOOP('',(#683));
#683 = ORIENTED_EDGE('',*,*,#684,.F.);
#684 = EDGE_CURVE('',#685,#685,#687,.T.);
#685 = VERTEX_POINT('',#686);
#686 = CARTESIAN_POINT('',(-65.88,-7.8,36.3));
#687 = CIRCLE('',#688,3.3);
#688 = AXIS2_PLACEMENT_3D('',#689,#690,#691);
#689 = CARTESIAN_POINT('',(-65.88,-7.8,33.));
#690 = DIRECTION('',(0.,1.,0.));
#691 = DIRECTION('',(0.,-0.,1.));
#692 = PLANE('',#693);
#693 = AXIS2_PLACEMENT_3D('',#694,#695,#696);
#694 = CARTESIAN_POINT('',(-67.77709679573,-7.8,33.20177223793));
#695 = DIRECTION('',(0.,1.,0.));
#696 = DIRECTION('',(0.,-0.,1.));
#697 = ADVANCED_FACE('',(#698),#720,.T.);
#698 = FACE_BOUND('',#699,.T.);
#699 = EDGE_LOOP('',(#700,#709,#710,#711,#712,#713));
#700 = ORIENTED_EDGE('',*,*,#701,.T.);
#701 = EDGE_CURVE('',#702,#199,#704,.T.);
#702 = VERTEX_POINT('',#703);
#703 = CARTESIAN_POINT('',(-65.88,-21.8,42.));
#704 = CIRCLE('',#705,9.);
#705 = AXIS2_PLACEMENT_3D('',#706,#707,#708);
#706 = CARTESIAN_POINT('',(-65.88,-21.8,33.));
#707 = DIRECTION('',(0.,1.,0.));
#708 = DIRECTION('',(0.,-0.,1.));
#709 = ORIENTED_EDGE('',*,*,#198,.T.);
#710 = ORIENTED_EDGE('',*,*,#673,.F.);
#711 = ORIENTED_EDGE('',*,*,#664,.F.);
#712 = ORIENTED_EDGE('',*,*,#346,.F.);
#713 = ORIENTED_EDGE('',*,*,#714,.T.);
#714 = EDGE_CURVE('',#339,#702,#715,.T.);
#715 = CIRCLE('',#716,9.);
#716 = AXIS2_PLACEMENT_3D('',#717,#718,#719);
#717 = CARTESIAN_POINT('',(-65.88,-21.8,33.));
#718 = DIRECTION('',(0.,1.,0.));
#719 = DIRECTION('',(0.,-0.,1.));
#720 = CYLINDRICAL_SURFACE('',#721,9.);
#721 = AXIS2_PLACEMENT_3D('',#722,#723,#724);
#722 = CARTESIAN_POINT('',(-65.88,-21.8,33.));
#723 = DIRECTION('',(0.,1.,0.));
#724 = DIRECTION('',(0.,-0.,1.));
#725 = ADVANCED_FACE('',(#726,#738),#749,.T.);
#726 = FACE_BOUND('',#727,.T.);
#727 = EDGE_LOOP('',(#728,#729,#730,#736,#737));
#728 = ORIENTED_EDGE('',*,*,#714,.F.);
#729 = ORIENTED_EDGE('',*,*,#338,.F.);
#730 = ORIENTED_EDGE('',*,*,#731,.F.);
#731 = EDGE_CURVE('',#207,#331,#732,.T.);
#732 = LINE('',#733,#734);
#733 = CARTESIAN_POINT('',(-75.48,-21.8,30.100886118965));
#734 = VECTOR('',#735,1.);
#735 = DIRECTION('',(0.,-0.,1.));
#736 = ORIENTED_EDGE('',*,*,#206,.T.);
#737 = ORIENTED_EDGE('',*,*,#701,.F.);
#738 = FACE_BOUND('',#739,.T.);
#739 = EDGE_LOOP('',(#740));
#740 = ORIENTED_EDGE('',*,*,#741,.T.);
#741 = EDGE_CURVE('',#742,#742,#744,.T.);
#742 = VERTEX_POINT('',#743);
#743 = CARTESIAN_POINT('',(-65.88,-21.8,36.3));
#744 = CIRCLE('',#745,3.3);
#745 = AXIS2_PLACEMENT_3D('',#746,#747,#748);
#746 = CARTESIAN_POINT('',(-65.88,-21.8,33.));
#747 = DIRECTION('',(0.,1.,0.));
#748 = DIRECTION('',(0.,-0.,1.));
#749 = PLANE('',#750);
#750 = AXIS2_PLACEMENT_3D('',#751,#752,#753);
#751 = CARTESIAN_POINT('',(-67.77709679573,-21.8,33.20177223793));
#752 = DIRECTION('',(-0.,-1.,-0.));
#753 = DIRECTION('',(0.,0.,-1.));
#754 = ADVANCED_FACE('',(#755),#766,.T.);
#755 = FACE_BOUND('',#756,.T.);
#756 = EDGE_LOOP('',(#757,#763,#764,#765));
#757 = ORIENTED_EDGE('',*,*,#758,.T.);
#758 = EDGE_CURVE('',#323,#215,#759,.T.);
#759 = LINE('',#760,#761);
#760 = CARTESIAN_POINT('',(-75.48,-37.4,30.100886118965));
#761 = VECTOR('',#762,1.);
#762 = DIRECTION('',(-0.,0.,-1.));
#763 = ORIENTED_EDGE('',*,*,#214,.T.);
#764 = ORIENTED_EDGE('',*,*,#731,.T.);
#765 = ORIENTED_EDGE('',*,*,#330,.F.);
#766 = PLANE('',#767);
#767 = AXIS2_PLACEMENT_3D('',#768,#769,#770);
#768 = CARTESIAN_POINT('',(-75.48,-51.4,27.));
#769 = DIRECTION('',(1.,0.,-0.));
#770 = DIRECTION('',(0.,0.,1.));
#771 = ADVANCED_FACE('',(#772,#793),#804,.T.);
#772 = FACE_BOUND('',#773,.T.);
#773 = EDGE_LOOP('',(#774,#775,#784,#791,#792));
#774 = ORIENTED_EDGE('',*,*,#322,.T.);
#775 = ORIENTED_EDGE('',*,*,#776,.T.);
#776 = EDGE_CURVE('',#315,#777,#779,.T.);
#777 = VERTEX_POINT('',#778);
#778 = CARTESIAN_POINT('',(-65.88,-37.4,42.));
#779 = CIRCLE('',#780,9.);
#780 = AXIS2_PLACEMENT_3D('',#781,#782,#783);
#781 = CARTESIAN_POINT('',(-65.88,-37.4,33.));
#782 = DIRECTION('',(0.,1.,0.));
#783 = DIRECTION('',(0.,-0.,1.));
#784 = ORIENTED_EDGE('',*,*,#785,.T.);
#785 = EDGE_CURVE('',#777,#223,#786,.T.);
#786 = CIRCLE('',#787,9.);
#787 = AXIS2_PLACEMENT_3D('',#788,#789,#790);
#788 = CARTESIAN_POINT('',(-65.88,-37.4,33.));
#789 = DIRECTION('',(0.,1.,0.));
#790 = DIRECTION('',(0.,-0.,1.));
#791 = ORIENTED_EDGE('',*,*,#222,.F.);
#792 = ORIENTED_EDGE('',*,*,#758,.F.);
#793 = FACE_BOUND('',#794,.T.);
#794 = EDGE_LOOP('',(#795));
#795 = ORIENTED_EDGE('',*,*,#796,.F.);
#796 = EDGE_CURVE('',#797,#797,#799,.T.);
#797 = VERTEX_POINT('',#798);
#798 = CARTESIAN_POINT('',(-65.88,-37.4,36.3));
#799 = CIRCLE('',#800,3.3);
#800 = AXIS2_PLACEMENT_3D('',#801,#802,#803);
#801 = CARTESIAN_POINT('',(-65.88,-37.4,33.));
#802 = DIRECTION('',(0.,1.,0.));
#803 = DIRECTION('',(0.,-0.,1.));
#804 = PLANE('',#805);
#805 = AXIS2_PLACEMENT_3D('',#806,#807,#808);
#806 = CARTESIAN_POINT('',(-67.77709679573,-37.4,33.20177223793));
#807 = DIRECTION('',(0.,1.,0.));
#808 = DIRECTION('',(0.,-0.,1.));
#809 = ADVANCED_FACE('',(#810),#818,.T.);
#810 = FACE_BOUND('',#811,.T.);
#811 = EDGE_LOOP('',(#812,#813,#814,#815,#816,#817));
#812 = ORIENTED_EDGE('',*,*,#460,.T.);
#813 = ORIENTED_EDGE('',*,*,#230,.T.);
#814 = ORIENTED_EDGE('',*,*,#785,.F.);
#815 = ORIENTED_EDGE('',*,*,#776,.F.);
#816 = ORIENTED_EDGE('',*,*,#312,.F.);
#817 = ORIENTED_EDGE('',*,*,#469,.T.);
#818 = CYLINDRICAL_SURFACE('',#819,9.);
#819 = AXIS2_PLACEMENT_3D('',#820,#821,#822);
#820 = CARTESIAN_POINT('',(-65.88,-51.4,33.));
#821 = DIRECTION('',(0.,1.,0.));
#822 = DIRECTION('',(0.,-0.,1.));
#823 = ADVANCED_FACE('',(#824),#835,.T.);
#824 = FACE_BOUND('',#825,.T.);
#825 = EDGE_LOOP('',(#826,#827,#828,#829));
#826 = ORIENTED_EDGE('',*,*,#477,.T.);
#827 = ORIENTED_EDGE('',*,*,#403,.T.);
#828 = ORIENTED_EDGE('',*,*,#287,.F.);
#829 = ORIENTED_EDGE('',*,*,#830,.F.);
#830 = EDGE_CURVE('',#478,#280,#831,.T.);
#831 = LINE('',#832,#833);
#832 = CARTESIAN_POINT('',(-85.88,-51.4,19.));
#833 = VECTOR('',#834,1.);
#834 = DIRECTION('',(-0.,1.,0.));
#835 = PLANE('',#836);
#836 = AXIS2_PLACEMENT_3D('',#837,#838,#839);
#837 = CARTESIAN_POINT('',(-85.88,-4.628942903975E-15,29.));
#838 = DIRECTION('',(-1.,-0.,-0.));
#839 = DIRECTION('',(0.,0.,-1.));
#840 = ADVANCED_FACE('',(#841),#884,.T.);
#841 = FACE_BOUND('',#842,.T.);
#842 = EDGE_LOOP('',(#843,#851,#852,#853,#854,#862,#870,#878));
#843 = ORIENTED_EDGE('',*,*,#844,.F.);
#844 = EDGE_CURVE('',#486,#845,#847,.T.);
#845 = VERTEX_POINT('',#846);
#846 = CARTESIAN_POINT('',(-116.68,-14.,19.));
#847 = LINE('',#848,#849);
#848 = CARTESIAN_POINT('',(-116.68,-51.4,19.));
#849 = VECTOR('',#850,1.);
#850 = DIRECTION('',(-0.,1.,0.));
#851 = ORIENTED_EDGE('',*,*,#485,.T.);
#852 = ORIENTED_EDGE('',*,*,#830,.T.);
#853 = ORIENTED_EDGE('',*,*,#279,.F.);
#854 = ORIENTED_EDGE('',*,*,#855,.F.);
#855 = EDGE_CURVE('',#856,#272,#858,.T.);
#856 = VERTEX_POINT('',#857);
#857 = CARTESIAN_POINT('',(-116.68,14.,19.));
#858 = LINE('',#859,#860);
#859 = CARTESIAN_POINT('',(-116.68,-51.4,19.));
#860 = VECTOR('',#861,1.);
#861 = DIRECTION('',(-0.,1.,0.));
#862 = ORIENTED_EDGE('',*,*,#863,.T.);
#863 = EDGE_CURVE('',#856,#864,#866,.T.);
#864 = VERTEX_POINT('',#865);
#865 = CARTESIAN_POINT('',(-104.0692630049,14.,19.));
#866 = LINE('',#867,#868);
#867 = CARTESIAN_POINT('',(-118.68,14.,19.));
#868 = VECTOR('',#869,1.);
#869 = DIRECTION('',(1.,0.,-0.));
#870 = ORIENTED_EDGE('',*,*,#871,.F.);
#871 = EDGE_CURVE('',#872,#864,#874,.T.);
#872 = VERTEX_POINT('',#873);
#873 = CARTESIAN_POINT('',(-104.0692630049,-14.,19.));
#874 = LINE('',#875,#876);
#875 = CARTESIAN_POINT('',(-104.0692630049,-32.7,19.));
#876 = VECTOR('',#877,1.);
#877 = DIRECTION('',(0.,1.,-0.));
#878 = ORIENTED_EDGE('',*,*,#879,.F.);
#879 = EDGE_CURVE('',#845,#872,#880,.T.);
#880 = LINE('',#881,#882);
#881 = CARTESIAN_POINT('',(-116.7265105523,-14.,19.));
#882 = VECTOR('',#883,1.);
#883 = DIRECTION('',(1.,0.,0.));
#884 = PLANE('',#885);
#885 = AXIS2_PLACEMENT_3D('',#886,#887,#888);
#886 = CARTESIAN_POINT('',(-116.68,-51.4,19.));
#887 = DIRECTION('',(0.,0.,1.));
#888 = DIRECTION('',(1.,0.,-0.));
#889 = ADVANCED_FACE('',(#890),#908,.F.);
#890 = FACE_BOUND('',#891,.F.);
#891 = EDGE_LOOP('',(#892,#893,#901,#907));
#892 = ORIENTED_EDGE('',*,*,#855,.F.);
#893 = ORIENTED_EDGE('',*,*,#894,.F.);
#894 = EDGE_CURVE('',#895,#856,#897,.T.);
#895 = VERTEX_POINT('',#896);
#896 = CARTESIAN_POINT('',(-116.68,14.,7.));
#897 = LINE('',#898,#899);
#898 = CARTESIAN_POINT('',(-116.68,14.,7.));
#899 = VECTOR('',#900,1.);
#900 = DIRECTION('',(0.,0.,1.));
#901 = ORIENTED_EDGE('',*,*,#902,.T.);
#902 = EDGE_CURVE('',#895,#264,#903,.T.);
#903 = LINE('',#904,#905);
#904 = CARTESIAN_POINT('',(-116.68,-51.4,7.));
#905 = VECTOR('',#906,1.);
#906 = DIRECTION('',(-0.,1.,0.));
#907 = ORIENTED_EDGE('',*,*,#271,.T.);
#908 = PLANE('',#909);
#909 = AXIS2_PLACEMENT_3D('',#910,#911,#912);
#910 = CARTESIAN_POINT('',(-116.68,-51.4,7.));
#911 = DIRECTION('',(1.,0.,-0.));
#912 = DIRECTION('',(0.,0.,1.));
#913 = ADVANCED_FACE('',(#914),#950,.T.);
#914 = FACE_BOUND('',#915,.T.);
#915 = EDGE_LOOP('',(#916,#917,#918,#919,#927,#935,#943,#949));
#916 = ORIENTED_EDGE('',*,*,#263,.T.);
#917 = ORIENTED_EDGE('',*,*,#535,.F.);
#918 = ORIENTED_EDGE('',*,*,#501,.F.);
#919 = ORIENTED_EDGE('',*,*,#920,.T.);
#920 = EDGE_CURVE('',#494,#921,#923,.T.);
#921 = VERTEX_POINT('',#922);
#922 = CARTESIAN_POINT('',(-116.68,-14.,7.));
#923 = LINE('',#924,#925);
#924 = CARTESIAN_POINT('',(-116.68,-51.4,7.));
#925 = VECTOR('',#926,1.);
#926 = DIRECTION('',(-0.,1.,0.));
#927 = ORIENTED_EDGE('',*,*,#928,.T.);
#928 = EDGE_CURVE('',#921,#929,#931,.T.);
#929 = VERTEX_POINT('',#930);
#930 = CARTESIAN_POINT('',(-114.157905343,-14.,7.));
#931 = LINE('',#932,#933);
#932 = CARTESIAN_POINT('',(-118.68,-14.,7.));
#933 = VECTOR('',#934,1.);
#934 = DIRECTION('',(1.,0.,-0.));
#935 = ORIENTED_EDGE('',*,*,#936,.T.);
#936 = EDGE_CURVE('',#929,#937,#939,.T.);
#937 = VERTEX_POINT('',#938);
#938 = CARTESIAN_POINT('',(-114.157905343,14.,7.));
#939 = LINE('',#940,#941);
#940 = CARTESIAN_POINT('',(-114.157905343,-32.7,7.));
#941 = VECTOR('',#942,1.);
#942 = DIRECTION('',(-0.,1.,0.));
#943 = ORIENTED_EDGE('',*,*,#944,.F.);
#944 = EDGE_CURVE('',#895,#937,#945,.T.);
#945 = LINE('',#946,#947);
#946 = CARTESIAN_POINT('',(-118.68,14.,7.));
#947 = VECTOR('',#948,1.);
#948 = DIRECTION('',(1.,0.,-0.));
#949 = ORIENTED_EDGE('',*,*,#902,.T.);
#950 = PLANE('',#951);
#951 = AXIS2_PLACEMENT_3D('',#952,#953,#954);
#952 = CARTESIAN_POINT('',(-96.66386559241,-6.249873628585E-15,7.));
#953 = DIRECTION('',(-0.,-0.,-1.));
#954 = DIRECTION('',(-1.,0.,0.));
#955 = ADVANCED_FACE('',(#956),#967,.F.);
#956 = FACE_BOUND('',#957,.F.);
#957 = EDGE_LOOP('',(#958,#959,#960,#961));
#958 = ORIENTED_EDGE('',*,*,#844,.F.);
#959 = ORIENTED_EDGE('',*,*,#493,.F.);
#960 = ORIENTED_EDGE('',*,*,#920,.T.);
#961 = ORIENTED_EDGE('',*,*,#962,.T.);
#962 = EDGE_CURVE('',#921,#845,#963,.T.);
#963 = LINE('',#964,#965);
#964 = CARTESIAN_POINT('',(-116.68,-14.,7.));
#965 = VECTOR('',#966,1.);
#966 = DIRECTION('',(0.,0.,1.));
#967 = PLANE('',#968);
#968 = AXIS2_PLACEMENT_3D('',#969,#970,#971);
#969 = CARTESIAN_POINT('',(-116.68,-51.4,7.));
#970 = DIRECTION('',(1.,0.,-0.));
#971 = DIRECTION('',(0.,0.,1.));
#972 = ADVANCED_FACE('',(#973),#984,.F.);
#973 = FACE_BOUND('',#974,.F.);
#974 = EDGE_LOOP('',(#975,#976,#982,#983));
#975 = ORIENTED_EDGE('',*,*,#796,.F.);
#976 = ORIENTED_EDGE('',*,*,#977,.F.);
#977 = EDGE_CURVE('',#518,#797,#978,.T.);
#978 = LINE('',#979,#980);
#979 = CARTESIAN_POINT('',(-65.88,-86.2,36.3));
#980 = VECTOR('',#981,1.);
#981 = DIRECTION('',(0.,1.,0.));
#982 = ORIENTED_EDGE('',*,*,#517,.T.);
#983 = ORIENTED_EDGE('',*,*,#977,.T.);
#984 = CYLINDRICAL_SURFACE('',#985,3.3);
#985 = AXIS2_PLACEMENT_3D('',#986,#987,#988);
#986 = CARTESIAN_POINT('',(-65.88,-86.2,33.));
#987 = DIRECTION('',(0.,1.,0.));
#988 = DIRECTION('',(0.,-0.,1.));
#989 = ADVANCED_FACE('',(#990),#1001,.F.);
#990 = FACE_BOUND('',#991,.F.);
#991 = EDGE_LOOP('',(#992,#993,#999,#1000));
#992 = ORIENTED_EDGE('',*,*,#572,.F.);
#993 = ORIENTED_EDGE('',*,*,#994,.F.);
#994 = EDGE_CURVE('',#630,#573,#995,.T.);
#995 = LINE('',#996,#997);
#996 = CARTESIAN_POINT('',(-65.88,-86.2,36.3));
#997 = VECTOR('',#998,1.);
#998 = DIRECTION('',(0.,1.,0.));
#999 = ORIENTED_EDGE('',*,*,#629,.T.);
#1000 = ORIENTED_EDGE('',*,*,#994,.T.);
#1001 = CYLINDRICAL_SURFACE('',#1002,3.3);
#1002 = AXIS2_PLACEMENT_3D('',#1003,#1004,#1005);
#1003 = CARTESIAN_POINT('',(-65.88,-86.2,33.));
#1004 = DIRECTION('',(0.,1.,0.));
#1005 = DIRECTION('',(0.,-0.,1.));
#1006 = ADVANCED_FACE('',(#1007),#1018,.F.);
#1007 = FACE_BOUND('',#1008,.F.);
#1008 = EDGE_LOOP('',(#1009,#1010,#1016,#1017));
#1009 = ORIENTED_EDGE('',*,*,#684,.F.);
#1010 = ORIENTED_EDGE('',*,*,#1011,.F.);
#1011 = EDGE_CURVE('',#742,#685,#1012,.T.);
#1012 = LINE('',#1013,#1014);
#1013 = CARTESIAN_POINT('',(-65.88,-86.2,36.3));
#1014 = VECTOR('',#1015,1.);
#1015 = DIRECTION('',(0.,1.,0.));
#1016 = ORIENTED_EDGE('',*,*,#741,.T.);
#1017 = ORIENTED_EDGE('',*,*,#1011,.T.);
#1018 = CYLINDRICAL_SURFACE('',#1019,3.3);
#1019 = AXIS2_PLACEMENT_3D('',#1020,#1021,#1022);
#1020 = CARTESIAN_POINT('',(-65.88,-86.2,33.));
#1021 = DIRECTION('',(0.,1.,0.));
#1022 = DIRECTION('',(0.,-0.,1.));
#1023 = ADVANCED_FACE('',(#1024),#1819,.T.);
#1024 = FACE_BOUND('',#1025,.T.);
#1025 = EDGE_LOOP('',(#1026,#1036,#1044,#1052,#1060,#1068,#1076,#1084,
    #1092,#1100,#1108,#1116,#1124,#1132,#1140,#1148,#1156,#1164,#1172,
    #1180,#1188,#1196,#1204,#1212,#1220,#1228,#1236,#1244,#1252,#1260,
    #1268,#1276,#1284,#1292,#1298,#1299,#1300,#1301,#1309,#1317,#1325,
    #1333,#1341,#1349,#1357,#1365,#1373,#1381,#1389,#1397,#1405,#1413,
    #1421,#1429,#1437,#1445,#1453,#1461,#1469,#1477,#1485,#1493,#1501,
    #1509,#1517,#1525,#1533,#1541,#1549,#1557,#1565,#1573,#1581,#1589,
    #1597,#1605,#1613,#1621,#1629,#1637,#1645,#1653,#1661,#1669,#1677,
    #1685,#1693,#1701,#1709,#1717,#1725,#1733,#1741,#1749,#1757,#1765,
    #1773,#1781,#1789,#1797,#1805,#1813));
#1026 = ORIENTED_EDGE('',*,*,#1027,.T.);
#1027 = EDGE_CURVE('',#1028,#1030,#1032,.T.);
#1028 = VERTEX_POINT('',#1029);
#1029 = CARTESIAN_POINT('',(-131.3841505931,-14.,15.714634141325));
#1030 = VERTEX_POINT('',#1031);
#1031 = CARTESIAN_POINT('',(-128.9658005839,-14.,2.941553728486));
#1032 = LINE('',#1033,#1034);
#1033 = CARTESIAN_POINT('',(-131.3841505931,-14.,15.714634141325));
#1034 = VECTOR('',#1035,1.);
#1035 = DIRECTION('',(0.186026923787,0.,-0.982544647141));
#1036 = ORIENTED_EDGE('',*,*,#1037,.T.);
#1037 = EDGE_CURVE('',#1030,#1038,#1040,.T.);
#1038 = VERTEX_POINT('',#1039);
#1039 = CARTESIAN_POINT('',(-128.5048012134,-14.,3.030008217968));
#1040 = LINE('',#1041,#1042);
#1041 = CARTESIAN_POINT('',(-128.9658005839,-14.,2.941553728486));
#1042 = VECTOR('',#1043,1.);
#1043 = DIRECTION('',(0.982085073711,0.,0.188438074693));
#1044 = ORIENTED_EDGE('',*,*,#1045,.T.);
#1045 = EDGE_CURVE('',#1038,#1046,#1048,.T.);
#1046 = VERTEX_POINT('',#1047);
#1047 = CARTESIAN_POINT('',(-128.0442416295,-14.,3.120724732737));
#1048 = LINE('',#1049,#1050);
#1049 = CARTESIAN_POINT('',(-128.5048012134,-14.,3.030008217968));
#1050 = VECTOR('',#1051,1.);
#1051 = DIRECTION('',(0.98114817889,0.,0.193256956049));
#1052 = ORIENTED_EDGE('',*,*,#1053,.T.);
#1053 = EDGE_CURVE('',#1046,#1054,#1056,.T.);
#1054 = VERTEX_POINT('',#1055);
#1055 = CARTESIAN_POINT('',(-127.5841329315,-14.,3.213701086582));
#1056 = LINE('',#1057,#1058);
#1057 = CARTESIAN_POINT('',(-128.0442416295,-14.,3.120724732737));
#1058 = VECTOR('',#1059,1.);
#1059 = DIRECTION('',(0.980187638997,0.,0.198071180029));
#1060 = ORIENTED_EDGE('',*,*,#1061,.T.);
#1061 = EDGE_CURVE('',#1054,#1062,#1064,.T.);
#1062 = VERTEX_POINT('',#1063);
#1063 = CARTESIAN_POINT('',(-127.1244862077,-14.,3.308935038828));
#1064 = LINE('',#1065,#1066);
#1065 = CARTESIAN_POINT('',(-127.5841329315,-14.,3.213701086582));
#1066 = VECTOR('',#1067,1.);
#1067 = DIRECTION('',(0.97920347718,0.,0.202880630615));
#1068 = ORIENTED_EDGE('',*,*,#1069,.T.);
#1069 = EDGE_CURVE('',#1062,#1070,#1072,.T.);
#1070 = VERTEX_POINT('',#1071);
#1071 = CARTESIAN_POINT('',(-126.6653125353,-14.,3.406424294397));
#1072 = LINE('',#1073,#1074);
#1073 = CARTESIAN_POINT('',(-127.1244862077,-14.,3.308935038828));
#1074 = VECTOR('',#1075,1.);
#1075 = DIRECTION('',(0.978195717157,0.,0.207685191902));
#1076 = ORIENTED_EDGE('',*,*,#1077,.T.);
#1077 = EDGE_CURVE('',#1070,#1078,#1080,.T.);
#1078 = VERTEX_POINT('',#1079);
#1079 = CARTESIAN_POINT('',(-126.2066229801,-14.,3.506166503855));
#1080 = LINE('',#1081,#1082);
#1081 = CARTESIAN_POINT('',(-126.6653125353,-14.,3.406424294397));
#1082 = VECTOR('',#1083,1.);
#1083 = DIRECTION('',(0.977164383215,0.,0.212484748103));
#1084 = ORIENTED_EDGE('',*,*,#1085,.T.);
#1085 = EDGE_CURVE('',#1078,#1086,#1088,.T.);
#1086 = VERTEX_POINT('',#1087);
#1087 = CARTESIAN_POINT('',(-125.7484285963,-14.,3.608159263478));
#1088 = LINE('',#1089,#1090);
#1089 = CARTESIAN_POINT('',(-126.2066229801,-14.,3.506166503855));
#1090 = VECTOR('',#1091,1.);
#1091 = DIRECTION('',(0.976109500208,0.,0.217279183551));
#1092 = ORIENTED_EDGE('',*,*,#1093,.T.);
#1093 = EDGE_CURVE('',#1086,#1094,#1096,.T.);
#1094 = VERTEX_POINT('',#1095);
#1095 = CARTESIAN_POINT('',(-125.2907404261,-14.,3.712400115301));
#1096 = LINE('',#1097,#1098);
#1097 = CARTESIAN_POINT('',(-125.7484285963,-14.,3.608159263478));
#1098 = VECTOR('',#1099,1.);
#1099 = DIRECTION('',(0.975031093557,0.,0.222068382703));
#1100 = ORIENTED_EDGE('',*,*,#1101,.T.);
#1101 = EDGE_CURVE('',#1094,#1102,#1104,.T.);
#1102 = VERTEX_POINT('',#1103);
#1103 = CARTESIAN_POINT('',(-124.8335694994,-14.,3.818886547184));
#1104 = LINE('',#1105,#1106);
#1105 = CARTESIAN_POINT('',(-125.2907404261,-14.,3.712400115301));
#1106 = VECTOR('',#1107,1.);
#1107 = DIRECTION('',(0.973929189253,0.,0.226852230143));
#1108 = ORIENTED_EDGE('',*,*,#1109,.T.);
#1109 = EDGE_CURVE('',#1102,#1110,#1112,.T.);
#1110 = VERTEX_POINT('',#1111);
#1111 = CARTESIAN_POINT('',(-124.3769268338,-14.,3.927615992869));
#1112 = LINE('',#1113,#1114);
#1113 = CARTESIAN_POINT('',(-124.8335694994,-14.,3.818886547184));
#1114 = VECTOR('',#1115,1.);
#1115 = DIRECTION('',(0.97280381385,0.,0.231630610582));
#1116 = ORIENTED_EDGE('',*,*,#1117,.T.);
#1117 = EDGE_CURVE('',#1110,#1118,#1120,.T.);
#1118 = VERTEX_POINT('',#1119);
#1119 = CARTESIAN_POINT('',(-123.9208234342,-14.,4.038585832042));
#1120 = LINE('',#1121,#1122);
#1121 = CARTESIAN_POINT('',(-124.3769268338,-14.,3.927615992869));
#1122 = VECTOR('',#1123,1.);
#1123 = DIRECTION('',(0.971654994469,0.,0.236403408865));
#1124 = ORIENTED_EDGE('',*,*,#1125,.T.);
#1125 = EDGE_CURVE('',#1118,#1126,#1128,.T.);
#1126 = VERTEX_POINT('',#1127);
#1127 = CARTESIAN_POINT('',(-123.4652702923,-14.,4.151793390399));
#1128 = LINE('',#1129,#1130);
#1129 = CARTESIAN_POINT('',(-123.9208234342,-14.,4.038585832042));
#1130 = VECTOR('',#1131,1.);
#1131 = DIRECTION('',(0.970482758796,0.,0.241170509971));
#1132 = ORIENTED_EDGE('',*,*,#1133,.T.);
#1133 = EDGE_CURVE('',#1126,#1134,#1136,.T.);
#1134 = VERTEX_POINT('',#1135);
#1135 = CARTESIAN_POINT('',(-123.0102783867,-14.,4.267235939705));
#1136 = LINE('',#1137,#1138);
#1137 = CARTESIAN_POINT('',(-123.4652702923,-14.,4.151793390399));
#1138 = VECTOR('',#1139,1.);
#1139 = DIRECTION('',(0.969287135081,0.,0.245931799014));
#1140 = ORIENTED_EDGE('',*,*,#1141,.T.);
#1141 = EDGE_CURVE('',#1134,#1142,#1144,.T.);
#1142 = VERTEX_POINT('',#1143);
#1143 = CARTESIAN_POINT('',(-122.5558586824,-14.,4.384910697867));
#1144 = LINE('',#1145,#1146);
#1145 = CARTESIAN_POINT('',(-123.0102783867,-14.,4.267235939705));
#1146 = VECTOR('',#1147,1.);
#1147 = DIRECTION('',(0.968068152138,0.,0.250687161251));
#1148 = ORIENTED_EDGE('',*,*,#1149,.T.);
#1149 = EDGE_CURVE('',#1142,#1150,#1152,.T.);
#1150 = VERTEX_POINT('',#1151);
#1151 = CARTESIAN_POINT('',(-122.1020221307,-14.,4.504814828995));
#1152 = LINE('',#1153,#1154);
#1153 = CARTESIAN_POINT('',(-122.5558586824,-14.,4.384910697867));
#1154 = VECTOR('',#1155,1.);
#1155 = DIRECTION('',(0.966825839343,0.,0.255436482081));
#1156 = ORIENTED_EDGE('',*,*,#1157,.T.);
#1157 = EDGE_CURVE('',#1150,#1158,#1160,.T.);
#1158 = VERTEX_POINT('',#1159);
#1159 = CARTESIAN_POINT('',(-121.6487796686,-14.,4.626945443471));
#1160 = LINE('',#1161,#1162);
#1161 = CARTESIAN_POINT('',(-122.1020221307,-14.,4.504814828995));
#1162 = VECTOR('',#1163,1.);
#1163 = DIRECTION('',(0.965560226637,0.,0.260179647047));
#1164 = ORIENTED_EDGE('',*,*,#1165,.T.);
#1165 = EDGE_CURVE('',#1158,#1166,#1168,.T.);
#1166 = VERTEX_POINT('',#1167);
#1167 = CARTESIAN_POINT('',(-121.1961422192,-14.,4.751299598023));
#1168 = LINE('',#1169,#1170);
#1169 = CARTESIAN_POINT('',(-121.6487796686,-14.,4.626945443471));
#1170 = VECTOR('',#1171,1.);
#1171 = DIRECTION('',(0.964271344518,0.,0.264916541843));
#1172 = ORIENTED_EDGE('',*,*,#1173,.T.);
#1173 = EDGE_CURVE('',#1166,#1174,#1176,.T.);
#1174 = VERTEX_POINT('',#1175);
#1175 = CARTESIAN_POINT('',(-120.7441206907,-14.,4.877874295792));
#1176 = LINE('',#1177,#1178);
#1177 = CARTESIAN_POINT('',(-121.1961422192,-14.,4.751299598023));
#1178 = VECTOR('',#1179,1.);
#1179 = DIRECTION('',(0.962959224048,0.,0.269647052312));
#1180 = ORIENTED_EDGE('',*,*,#1181,.T.);
#1181 = EDGE_CURVE('',#1174,#1182,#1184,.T.);
#1182 = VERTEX_POINT('',#1183);
#1183 = CARTESIAN_POINT('',(-120.2927259765,-14.,5.006666486404));
#1184 = LINE('',#1185,#1186);
#1185 = CARTESIAN_POINT('',(-120.7441206907,-14.,4.877874295792));
#1186 = VECTOR('',#1187,1.);
#1187 = DIRECTION('',(0.961623896849,0.,0.274371064452));
#1188 = ORIENTED_EDGE('',*,*,#1189,.T.);
#1189 = EDGE_CURVE('',#1182,#1190,#1192,.T.);
#1190 = VERTEX_POINT('',#1191);
#1191 = CARTESIAN_POINT('',(-119.841968955,-14.,5.137673066047));
#1192 = LINE('',#1193,#1194);
#1193 = CARTESIAN_POINT('',(-120.2927259765,-14.,5.006666486404));
#1194 = VECTOR('',#1195,1.);
#1195 = DIRECTION('',(0.960265395102,0.,0.279088464416));
#1196 = ORIENTED_EDGE('',*,*,#1197,.T.);
#1197 = EDGE_CURVE('',#1190,#1198,#1200,.T.);
#1198 = VERTEX_POINT('',#1199);
#1199 = CARTESIAN_POINT('',(-119.3918604891,-14.,5.270890877542));
#1200 = LINE('',#1201,#1202);
#1201 = CARTESIAN_POINT('',(-119.841968955,-14.,5.137673066047));
#1202 = VECTOR('',#1203,1.);
#1203 = DIRECTION('',(0.958883751544,0.,0.283799138519));
#1204 = ORIENTED_EDGE('',*,*,#1205,.T.);
#1205 = EDGE_CURVE('',#1198,#1206,#1208,.T.);
#1206 = VERTEX_POINT('',#1207);
#1207 = CARTESIAN_POINT('',(-118.9424114262,-14.,5.406316710421));
#1208 = LINE('',#1209,#1210);
#1209 = CARTESIAN_POINT('',(-119.3918604891,-14.,5.270890877542));
#1210 = VECTOR('',#1211,1.);
#1211 = DIRECTION('',(0.957478999474,0.,0.288502973236));
#1212 = ORIENTED_EDGE('',*,*,#1213,.T.);
#1213 = EDGE_CURVE('',#1206,#1214,#1216,.T.);
#1214 = VERTEX_POINT('',#1215);
#1215 = CARTESIAN_POINT('',(-118.4936325977,-14.,5.543947301004));
#1216 = LINE('',#1217,#1218);
#1217 = CARTESIAN_POINT('',(-118.9424114262,-14.,5.406316710421));
#1218 = VECTOR('',#1219,1.);
#1219 = DIRECTION('',(0.956051172745,0.,0.293199855207));
#1220 = ORIENTED_EDGE('',*,*,#1221,.T.);
#1221 = EDGE_CURVE('',#1214,#1222,#1224,.T.);
#1222 = VERTEX_POINT('',#1223);
#1223 = CARTESIAN_POINT('',(-118.0455348189,-14.,5.683779332478));
#1224 = LINE('',#1225,#1226);
#1225 = CARTESIAN_POINT('',(-118.4936325977,-14.,5.543947301004));
#1226 = VECTOR('',#1227,1.);
#1227 = DIRECTION('',(0.954600305766,0.,0.297889671241));
#1228 = ORIENTED_EDGE('',*,*,#1229,.T.);
#1229 = EDGE_CURVE('',#1222,#1230,#1232,.T.);
#1230 = VERTEX_POINT('',#1231);
#1231 = CARTESIAN_POINT('',(-117.5981288888,-14.,5.825809434976));
#1232 = LINE('',#1233,#1234);
#1233 = CARTESIAN_POINT('',(-118.0455348189,-14.,5.683779332478));
#1234 = VECTOR('',#1235,1.);
#1235 = DIRECTION('',(0.953126433502,0.,0.302572308316));
#1236 = ORIENTED_EDGE('',*,*,#1237,.T.);
#1237 = EDGE_CURVE('',#1230,#1238,#1240,.T.);
#1238 = VERTEX_POINT('',#1239);
#1239 = CARTESIAN_POINT('',(-117.1514255894,-14.,5.97003418566));
#1240 = LINE('',#1241,#1242);
#1241 = CARTESIAN_POINT('',(-117.5981288888,-14.,5.825809434976));
#1242 = VECTOR('',#1243,1.);
#1243 = DIRECTION('',(0.951629591474,0.,0.307247653582));
#1244 = ORIENTED_EDGE('',*,*,#1245,.T.);
#1245 = EDGE_CURVE('',#1238,#1246,#1248,.T.);
#1246 = VERTEX_POINT('',#1247);
#1247 = CARTESIAN_POINT('',(-116.7054356862,-14.,6.116450108801));
#1248 = LINE('',#1249,#1250);
#1249 = CARTESIAN_POINT('',(-117.1514255894,-14.,5.97003418566));
#1250 = VECTOR('',#1251,1.);
#1251 = DIRECTION('',(0.950109815753,0.,0.311915594368));
#1252 = ORIENTED_EDGE('',*,*,#1253,.T.);
#1253 = EDGE_CURVE('',#1246,#1254,#1256,.T.);
#1254 = VERTEX_POINT('',#1255);
#1255 = CARTESIAN_POINT('',(-116.2601699271,-14.,6.265053675865));
#1256 = LINE('',#1257,#1258);
#1257 = CARTESIAN_POINT('',(-116.7054356862,-14.,6.116450108801));
#1258 = VECTOR('',#1259,1.);
#1259 = DIRECTION('',(0.948567142966,0.,0.316576018179));
#1260 = ORIENTED_EDGE('',*,*,#1261,.T.);
#1261 = EDGE_CURVE('',#1254,#1262,#1264,.T.);
#1262 = VERTEX_POINT('',#1263);
#1263 = CARTESIAN_POINT('',(-115.8156390428,-14.,6.415841305596));
#1264 = LINE('',#1265,#1266);
#1265 = CARTESIAN_POINT('',(-116.2601699271,-14.,6.265053675865));
#1266 = VECTOR('',#1267,1.);
#1267 = DIRECTION('',(0.94700161029,0.,0.321228812701));
#1268 = ORIENTED_EDGE('',*,*,#1269,.T.);
#1269 = EDGE_CURVE('',#1262,#1270,#1272,.T.);
#1270 = VERTEX_POINT('',#1271);
#1271 = CARTESIAN_POINT('',(-115.3718537462,-14.,6.568809364105));
#1272 = LINE('',#1273,#1274);
#1273 = CARTESIAN_POINT('',(-115.8156390428,-14.,6.415841305596));
#1274 = VECTOR('',#1275,1.);
#1275 = DIRECTION('',(0.945413255453,0.,0.325873865804));
#1276 = ORIENTED_EDGE('',*,*,#1277,.T.);
#1277 = EDGE_CURVE('',#1270,#1278,#1280,.T.);
#1278 = VERTEX_POINT('',#1279);
#1279 = CARTESIAN_POINT('',(-114.9288247324,-14.,6.723954164956));
#1280 = LINE('',#1281,#1282);
#1281 = CARTESIAN_POINT('',(-115.3718537462,-14.,6.568809364105));
#1282 = VECTOR('',#1283,1.);
#1283 = DIRECTION('',(0.943802116734,0.,0.330511065547));
#1284 = ORIENTED_EDGE('',*,*,#1285,.T.);
#1285 = EDGE_CURVE('',#1278,#1286,#1288,.T.);
#1286 = VERTEX_POINT('',#1287);
#1287 = CARTESIAN_POINT('',(-114.4865626779,-14.,6.881271969252));
#1288 = LINE('',#1289,#1290);
#1289 = CARTESIAN_POINT('',(-114.9288247324,-14.,6.723954164956));
#1290 = VECTOR('',#1291,1.);
#1291 = DIRECTION('',(0.94216823296,0.,0.335140300174));
#1292 = ORIENTED_EDGE('',*,*,#1293,.T.);
#1293 = EDGE_CURVE('',#1286,#929,#1294,.T.);
#1294 = LINE('',#1295,#1296);
#1295 = CARTESIAN_POINT('',(-114.4865626779,-14.,6.881271969252));
#1296 = VECTOR('',#1297,1.);
#1297 = DIRECTION('',(0.940511643507,0.,0.339761458125));
#1298 = ORIENTED_EDGE('',*,*,#928,.F.);
#1299 = ORIENTED_EDGE('',*,*,#962,.T.);
#1300 = ORIENTED_EDGE('',*,*,#879,.T.);
#1301 = ORIENTED_EDGE('',*,*,#1302,.T.);
#1302 = EDGE_CURVE('',#872,#1303,#1305,.T.);
#1303 = VERTEX_POINT('',#1304);
#1304 = CARTESIAN_POINT('',(-107.049333863,-14.,24.438162131568));
#1305 = LINE('',#1306,#1307);
#1306 = CARTESIAN_POINT('',(-100.8019706569,-14.,13.037703677162));
#1307 = VECTOR('',#1308,1.);
#1308 = DIRECTION('',(-0.480566400472,0.,0.876958342647));
#1309 = ORIENTED_EDGE('',*,*,#1310,.T.);
#1310 = EDGE_CURVE('',#1303,#1311,#1313,.T.);
#1311 = VERTEX_POINT('',#1312);
#1312 = CARTESIAN_POINT('',(-107.4054970376,-14.,24.244122686206));
#1313 = LINE('',#1314,#1315);
#1314 = CARTESIAN_POINT('',(-107.049333863,-14.,24.438162131568));
#1315 = VECTOR('',#1316,1.);
#1316 = DIRECTION('',(-0.878135278229,0.,-0.478412409046));
#1317 = ORIENTED_EDGE('',*,*,#1318,.T.);
#1318 = EDGE_CURVE('',#1311,#1319,#1321,.T.);
#1319 = VERTEX_POINT('',#1320);
#1320 = CARTESIAN_POINT('',(-107.7626084791,-14.,24.051834018927));
#1321 = LINE('',#1322,#1323);
#1322 = CARTESIAN_POINT('',(-107.4054970376,-14.,24.244122686206));
#1323 = VECTOR('',#1324,1.);
#1324 = DIRECTION('',(-0.880473270419,0.,-0.47409579209));
#1325 = ORIENTED_EDGE('',*,*,#1326,.T.);
#1326 = EDGE_CURVE('',#1319,#1327,#1329,.T.);
#1327 = VERTEX_POINT('',#1328);
#1328 = CARTESIAN_POINT('',(-108.1206595815,-14.,23.861300763769));
#1329 = LINE('',#1330,#1331);
#1330 = CARTESIAN_POINT('',(-107.7626084791,-14.,24.051834018927));
#1331 = VECTOR('',#1332,1.);
#1332 = DIRECTION('',(-0.882790043741,0.,-0.469767749715));
#1333 = ORIENTED_EDGE('',*,*,#1334,.T.);
#1334 = EDGE_CURVE('',#1327,#1335,#1337,.T.);
#1335 = VERTEX_POINT('',#1336);
#1336 = CARTESIAN_POINT('',(-108.4796417159,-14.,23.672527512468));
#1337 = LINE('',#1338,#1339);
#1338 = CARTESIAN_POINT('',(-108.1206595815,-14.,23.861300763769));
#1339 = VECTOR('',#1340,1.);
#1340 = DIRECTION('',(-0.885085542361,0.,-0.465428386224));
#1341 = ORIENTED_EDGE('',*,*,#1342,.T.);
#1342 = EDGE_CURVE('',#1335,#1343,#1345,.T.);
#1343 = VERTEX_POINT('',#1344);
#1344 = CARTESIAN_POINT('',(-108.8395462312,-14.,23.485518814343));
#1345 = LINE('',#1346,#1347);
#1346 = CARTESIAN_POINT('',(-108.4796417159,-14.,23.672527512468));
#1347 = VECTOR('',#1348,1.);
#1348 = DIRECTION('',(-0.88735971096,0.,-0.461077806193));
#1349 = ORIENTED_EDGE('',*,*,#1350,.T.);
#1350 = EDGE_CURVE('',#1343,#1351,#1353,.T.);
#1351 = VERTEX_POINT('',#1352);
#1352 = CARTESIAN_POINT('',(-109.2003644537,-14.,23.300279176191));
#1353 = LINE('',#1354,#1355);
#1354 = CARTESIAN_POINT('',(-108.8395462312,-14.,23.485518814343));
#1355 = VECTOR('',#1356,1.);
#1356 = DIRECTION('',(-0.889612494733,0.,-0.456716114469));
#1357 = ORIENTED_EDGE('',*,*,#1358,.T.);
#1358 = EDGE_CURVE('',#1351,#1359,#1361,.T.);
#1359 = VERTEX_POINT('',#1360);
#1360 = CARTESIAN_POINT('',(-109.562087688,-14.,23.116813062173));
#1361 = LINE('',#1362,#1363);
#1362 = CARTESIAN_POINT('',(-109.2003644537,-14.,23.300279176191));
#1363 = VECTOR('',#1364,1.);
#1364 = DIRECTION('',(-0.891843839387,0.,-0.452343416165));
#1365 = ORIENTED_EDGE('',*,*,#1366,.T.);
#1366 = EDGE_CURVE('',#1359,#1367,#1369,.T.);
#1367 = VERTEX_POINT('',#1368);
#1368 = CARTESIAN_POINT('',(-109.9247072168,-14.,22.935124893711));
#1369 = LINE('',#1370,#1371);
#1370 = CARTESIAN_POINT('',(-109.562087688,-14.,23.116813062173));
#1371 = VECTOR('',#1372,1.);
#1372 = DIRECTION('',(-0.894053691149,0.,-0.447959816661));
#1373 = ORIENTED_EDGE('',*,*,#1374,.T.);
#1374 = EDGE_CURVE('',#1367,#1375,#1377,.T.);
#1375 = VERTEX_POINT('',#1376);
#1376 = CARTESIAN_POINT('',(-110.2882143013,-14.,22.755219049378));
#1377 = LINE('',#1378,#1379);
#1378 = CARTESIAN_POINT('',(-109.9247072168,-14.,22.935124893711));
#1379 = VECTOR('',#1380,1.);
#1380 = DIRECTION('',(-0.896241996763,0.,-0.443565421599));
#1381 = ORIENTED_EDGE('',*,*,#1382,.T.);
#1382 = EDGE_CURVE('',#1375,#1383,#1385,.T.);
#1383 = VERTEX_POINT('',#1384);
#1384 = CARTESIAN_POINT('',(-110.652600181,-14.,22.577099864796));
#1385 = LINE('',#1386,#1387);
#1386 = CARTESIAN_POINT('',(-110.2882143013,-14.,22.755219049378));
#1387 = VECTOR('',#1388,1.);
#1388 = DIRECTION('',(-0.898408703492,0.,-0.439160336881));
#1389 = ORIENTED_EDGE('',*,*,#1390,.T.);
#1390 = EDGE_CURVE('',#1383,#1391,#1393,.T.);
#1391 = VERTEX_POINT('',#1392);
#1392 = CARTESIAN_POINT('',(-111.0178560745,-14.,22.400771632528));
#1393 = LINE('',#1394,#1395);
#1394 = CARTESIAN_POINT('',(-110.652600181,-14.,22.577099864796));
#1395 = VECTOR('',#1396,1.);
#1396 = DIRECTION('',(-0.90055375912,0.,-0.434744668667));
#1397 = ORIENTED_EDGE('',*,*,#1398,.T.);
#1398 = EDGE_CURVE('',#1391,#1399,#1401,.T.);
#1399 = VERTEX_POINT('',#1400);
#1400 = CARTESIAN_POINT('',(-111.3839731794,-14.,22.226238601977));
#1401 = LINE('',#1402,#1403);
#1402 = CARTESIAN_POINT('',(-111.0178560745,-14.,22.400771632528));
#1403 = VECTOR('',#1404,1.);
#1404 = DIRECTION('',(-0.902677111952,0.,-0.430318523372));
#1405 = ORIENTED_EDGE('',*,*,#1406,.T.);
#1406 = EDGE_CURVE('',#1399,#1407,#1409,.T.);
#1407 = VERTEX_POINT('',#1408);
#1408 = CARTESIAN_POINT('',(-111.7509426724,-14.,22.053504979283));
#1409 = LINE('',#1410,#1411);
#1410 = CARTESIAN_POINT('',(-111.3839731794,-14.,22.226238601977));
#1411 = VECTOR('',#1412,1.);
#1412 = DIRECTION('',(-0.904778710817,0.,-0.425882007664));
#1413 = ORIENTED_EDGE('',*,*,#1414,.T.);
#1414 = EDGE_CURVE('',#1407,#1415,#1417,.T.);
#1415 = VERTEX_POINT('',#1416);
#1416 = CARTESIAN_POINT('',(-112.1187557099,-14.,21.88257492722));
#1417 = LINE('',#1418,#1419);
#1418 = CARTESIAN_POINT('',(-111.7509426724,-14.,22.053504979283));
#1419 = VECTOR('',#1420,1.);
#1420 = DIRECTION('',(-0.906858505068,0.,-0.421435228459));
#1421 = ORIENTED_EDGE('',*,*,#1422,.T.);
#1422 = EDGE_CURVE('',#1415,#1423,#1425,.T.);
#1423 = VERTEX_POINT('',#1424);
#1424 = CARTESIAN_POINT('',(-112.4874034278,-14.,21.713452565098));
#1425 = LINE('',#1426,#1427);
#1426 = CARTESIAN_POINT('',(-112.1187557099,-14.,21.88257492722));
#1427 = VECTOR('',#1428,1.);
#1428 = DIRECTION('',(-0.908916444582,0.,-0.416978292922));
#1429 = ORIENTED_EDGE('',*,*,#1430,.T.);
#1430 = EDGE_CURVE('',#1423,#1431,#1433,.T.);
#1431 = VERTEX_POINT('',#1432);
#1432 = CARTESIAN_POINT('',(-112.8568769418,-14.,21.546141968662));
#1433 = LINE('',#1434,#1435);
#1434 = CARTESIAN_POINT('',(-112.4874034278,-14.,21.713452565098));
#1435 = VECTOR('',#1436,1.);
#1436 = DIRECTION('',(-0.910952479765,0.,-0.412511308463));
#1437 = ORIENTED_EDGE('',*,*,#1438,.T.);
#1438 = EDGE_CURVE('',#1431,#1439,#1441,.T.);
#1439 = VERTEX_POINT('',#1440);
#1440 = CARTESIAN_POINT('',(-113.2271673479,-14.,21.380647169997));
#1441 = LINE('',#1442,#1443);
#1442 = CARTESIAN_POINT('',(-112.8568769418,-14.,21.546141968662));
#1443 = VECTOR('',#1444,1.);
#1444 = DIRECTION('',(-0.912966561549,0.,-0.408034382733));
#1445 = ORIENTED_EDGE('',*,*,#1446,.T.);
#1446 = EDGE_CURVE('',#1439,#1447,#1449,.T.);
#1447 = VERTEX_POINT('',#1448);
#1448 = CARTESIAN_POINT('',(-113.5982657224,-14.,21.216972157425));
#1449 = LINE('',#1450,#1451);
#1450 = CARTESIAN_POINT('',(-113.2271673479,-14.,21.380647169997));
#1451 = VECTOR('',#1452,1.);
#1452 = DIRECTION('',(-0.914958641397,0.,-0.403547623624));
#1453 = ORIENTED_EDGE('',*,*,#1454,.T.);
#1454 = EDGE_CURVE('',#1447,#1455,#1457,.T.);
#1455 = VERTEX_POINT('',#1456);
#1456 = CARTESIAN_POINT('',(-113.9701631219,-14.,21.055120875415));
#1457 = LINE('',#1458,#1459);
#1458 = CARTESIAN_POINT('',(-113.5982657224,-14.,21.216972157425));
#1459 = VECTOR('',#1460,1.);
#1460 = DIRECTION('',(-0.9169286713,0.,-0.399051139264));
#1461 = ORIENTED_EDGE('',*,*,#1462,.T.);
#1462 = EDGE_CURVE('',#1455,#1463,#1465,.T.);
#1463 = VERTEX_POINT('',#1464);
#1464 = CARTESIAN_POINT('',(-114.3428505839,-14.,20.895097224484));
#1465 = LINE('',#1466,#1467);
#1466 = CARTESIAN_POINT('',(-113.9701631219,-14.,21.055120875415));
#1467 = VECTOR('',#1468,1.);
#1468 = DIRECTION('',(-0.918876603782,0.,-0.394545038015));
#1469 = ORIENTED_EDGE('',*,*,#1470,.T.);
#1470 = EDGE_CURVE('',#1463,#1471,#1473,.T.);
#1471 = VERTEX_POINT('',#1472);
#1472 = CARTESIAN_POINT('',(-114.7163191271,-14.,20.736905061103));
#1473 = LINE('',#1474,#1475);
#1474 = CARTESIAN_POINT('',(-114.3428505839,-14.,20.895097224484));
#1475 = VECTOR('',#1476,1.);
#1476 = DIRECTION('',(-0.920802391899,0.,-0.390029428471));
#1477 = ORIENTED_EDGE('',*,*,#1478,.T.);
#1478 = EDGE_CURVE('',#1471,#1479,#1481,.T.);
#1479 = VERTEX_POINT('',#1480);
#1480 = CARTESIAN_POINT('',(-115.0905597508,-14.,20.580548197608));
#1481 = LINE('',#1482,#1483);
#1482 = CARTESIAN_POINT('',(-114.7163191271,-14.,20.736905061103));
#1483 = VECTOR('',#1484,1.);
#1484 = DIRECTION('',(-0.92270598924,0.,-0.385504419456));
#1485 = ORIENTED_EDGE('',*,*,#1486,.T.);
#1486 = EDGE_CURVE('',#1479,#1487,#1489,.T.);
#1487 = VERTEX_POINT('',#1488);
#1488 = CARTESIAN_POINT('',(-115.4655634363,-14.,20.426030402103));
#1489 = LINE('',#1490,#1491);
#1490 = CARTESIAN_POINT('',(-115.0905597508,-14.,20.580548197608));
#1491 = VECTOR('',#1492,1.);
#1492 = DIRECTION('',(-0.924587349931,0.,-0.38097012002));
#1493 = ORIENTED_EDGE('',*,*,#1494,.T.);
#1494 = EDGE_CURVE('',#1487,#1495,#1497,.T.);
#1495 = VERTEX_POINT('',#1496);
#1496 = CARTESIAN_POINT('',(-115.8413211461,-14.,20.273355398373));
#1497 = LINE('',#1498,#1499);
#1498 = CARTESIAN_POINT('',(-115.4655634363,-14.,20.426030402103));
#1499 = VECTOR('',#1500,1.);
#1500 = DIRECTION('',(-0.926446428631,0.,-0.376426639437));
#1501 = ORIENTED_EDGE('',*,*,#1502,.T.);
#1502 = EDGE_CURVE('',#1495,#1503,#1505,.T.);
#1503 = VERTEX_POINT('',#1504);
#1504 = CARTESIAN_POINT('',(-116.2178238247,-14.,20.122526865792));
#1505 = LINE('',#1506,#1507);
#1506 = CARTESIAN_POINT('',(-115.8413211461,-14.,20.273355398373));
#1507 = VECTOR('',#1508,1.);
#1508 = DIRECTION('',(-0.928283180537,0.,-0.371874087202));
#1509 = ORIENTED_EDGE('',*,*,#1510,.T.);
#1510 = EDGE_CURVE('',#1503,#1511,#1513,.T.);
#1511 = VERTEX_POINT('',#1512);
#1512 = CARTESIAN_POINT('',(-116.5950623987,-14.,19.973548439235));
#1513 = LINE('',#1514,#1515);
#1514 = CARTESIAN_POINT('',(-116.2178238247,-14.,20.122526865792));
#1515 = VECTOR('',#1516,1.);
#1516 = DIRECTION('',(-0.930097561386,0.,-0.367312573028));
#1517 = ORIENTED_EDGE('',*,*,#1518,.T.);
#1518 = EDGE_CURVE('',#1511,#1519,#1521,.T.);
#1519 = VERTEX_POINT('',#1520);
#1520 = CARTESIAN_POINT('',(-116.9730277767,-14.,19.826423708993));
#1521 = LINE('',#1522,#1523);
#1522 = CARTESIAN_POINT('',(-116.5950623987,-14.,19.973548439235));
#1523 = VECTOR('',#1524,1.);
#1524 = DIRECTION('',(-0.931889527451,0.,-0.362742206845));
#1525 = ORIENTED_EDGE('',*,*,#1526,.T.);
#1526 = EDGE_CURVE('',#1519,#1527,#1529,.T.);
#1527 = VERTEX_POINT('',#1528);
#1528 = CARTESIAN_POINT('',(-117.3517108501,-14.,19.681156220681));
#1529 = LINE('',#1530,#1531);
#1530 = CARTESIAN_POINT('',(-116.9730277767,-14.,19.826423708993));
#1531 = VECTOR('',#1532,1.);
#1532 = DIRECTION('',(-0.933659035548,0.,-0.358163098797));
#1533 = ORIENTED_EDGE('',*,*,#1534,.T.);
#1534 = EDGE_CURVE('',#1527,#1535,#1537,.T.);
#1535 = VERTEX_POINT('',#1536);
#1536 = CARTESIAN_POINT('',(-117.7311024929,-14.,19.537749475157));
#1537 = LINE('',#1538,#1539);
#1538 = CARTESIAN_POINT('',(-117.3517108501,-14.,19.681156220681));
#1539 = VECTOR('',#1540,1.);
#1540 = DIRECTION('',(-0.935406043032,0.,-0.353575359236));
#1541 = ORIENTED_EDGE('',*,*,#1542,.T.);
#1542 = EDGE_CURVE('',#1535,#1543,#1545,.T.);
#1543 = VERTEX_POINT('',#1544);
#1544 = CARTESIAN_POINT('',(-118.1111935618,-14.,19.396206928435));
#1545 = LINE('',#1546,#1547);
#1546 = CARTESIAN_POINT('',(-117.7311024929,-14.,19.537749475157));
#1547 = VECTOR('',#1548,1.);
#1548 = DIRECTION('',(-0.937130507802,0.,-0.348979098726));
#1549 = ORIENTED_EDGE('',*,*,#1550,.T.);
#1550 = EDGE_CURVE('',#1543,#1551,#1553,.T.);
#1551 = VERTEX_POINT('',#1552);
#1552 = CARTESIAN_POINT('',(-118.4919748971,-14.,19.256531991605));
#1553 = LINE('',#1554,#1555);
#1554 = CARTESIAN_POINT('',(-118.1111935618,-14.,19.396206928435));
#1555 = VECTOR('',#1556,1.);
#1556 = DIRECTION('',(-0.938832388298,0.,-0.344374428032));
#1557 = ORIENTED_EDGE('',*,*,#1558,.T.);
#1558 = EDGE_CURVE('',#1551,#1559,#1561,.T.);
#1559 = VERTEX_POINT('',#1560);
#1560 = CARTESIAN_POINT('',(-118.873437322,-14.,19.118728030748));
#1561 = LINE('',#1562,#1563);
#1562 = CARTESIAN_POINT('',(-118.4919748971,-14.,19.256531991605));
#1563 = VECTOR('',#1564,1.);
#1564 = DIRECTION('',(-0.940511643507,0.,-0.339761458125));
#1565 = ORIENTED_EDGE('',*,*,#1566,.T.);
#1566 = EDGE_CURVE('',#1559,#1567,#1569,.T.);
#1567 = VERTEX_POINT('',#1568);
#1568 = CARTESIAN_POINT('',(-119.2555716436,-14.,18.982798366855));
#1569 = LINE('',#1570,#1571);
#1570 = CARTESIAN_POINT('',(-118.873437322,-14.,19.118728030748));
#1571 = VECTOR('',#1572,1.);
#1572 = DIRECTION('',(-0.94216823296,0.,-0.335140300174));
#1573 = ORIENTED_EDGE('',*,*,#1574,.T.);
#1574 = EDGE_CURVE('',#1567,#1575,#1577,.T.);
#1575 = VERTEX_POINT('',#1576);
#1576 = CARTESIAN_POINT('',(-119.6383686526,-14.,18.848746275747));
#1577 = LINE('',#1578,#1579);
#1578 = CARTESIAN_POINT('',(-119.2555716436,-14.,18.982798366855));
#1579 = VECTOR('',#1580,1.);
#1580 = DIRECTION('',(-0.943802116734,0.,-0.330511065547));
#1581 = ORIENTED_EDGE('',*,*,#1582,.T.);
#1582 = EDGE_CURVE('',#1575,#1583,#1585,.T.);
#1583 = VERTEX_POINT('',#1584);
#1584 = CARTESIAN_POINT('',(-120.0218191239,-14.,18.716574987998));
#1585 = LINE('',#1586,#1587);
#1586 = CARTESIAN_POINT('',(-119.6383686526,-14.,18.848746275747));
#1587 = VECTOR('',#1588,1.);
#1588 = DIRECTION('',(-0.945413255453,0.,-0.325873865804));
#1589 = ORIENTED_EDGE('',*,*,#1590,.T.);
#1590 = EDGE_CURVE('',#1583,#1591,#1593,.T.);
#1591 = VERTEX_POINT('',#1592);
#1592 = CARTESIAN_POINT('',(-120.4059138165,-14.,18.586287688856));
#1593 = LINE('',#1594,#1595);
#1594 = CARTESIAN_POINT('',(-120.0218191239,-14.,18.716574987998));
#1595 = VECTOR('',#1596,1.);
#1596 = DIRECTION('',(-0.94700161029,0.,-0.321228812701));
#1597 = ORIENTED_EDGE('',*,*,#1598,.T.);
#1598 = EDGE_CURVE('',#1591,#1599,#1601,.T.);
#1599 = VERTEX_POINT('',#1600);
#1600 = CARTESIAN_POINT('',(-120.7906434741,-14.,18.457887518166));
#1601 = LINE('',#1602,#1603);
#1602 = CARTESIAN_POINT('',(-120.4059138165,-14.,18.586287688856));
#1603 = VECTOR('',#1604,1.);
#1604 = DIRECTION('',(-0.948567142966,0.,-0.316576018179));
#1605 = ORIENTED_EDGE('',*,*,#1606,.T.);
#1606 = EDGE_CURVE('',#1599,#1607,#1609,.T.);
#1607 = VERTEX_POINT('',#1608);
#1608 = CARTESIAN_POINT('',(-121.1759988248,-14.,18.331377570291));
#1609 = LINE('',#1610,#1611);
#1610 = CARTESIAN_POINT('',(-120.7906434741,-14.,18.457887518166));
#1611 = VECTOR('',#1612,1.);
#1612 = DIRECTION('',(-0.950109815753,0.,-0.311915594368));
#1613 = ORIENTED_EDGE('',*,*,#1614,.T.);
#1614 = EDGE_CURVE('',#1607,#1615,#1617,.T.);
#1615 = VERTEX_POINT('',#1616);
#1616 = CARTESIAN_POINT('',(-121.5619705819,-14.,18.206760894046));
#1617 = LINE('',#1618,#1619);
#1618 = CARTESIAN_POINT('',(-121.1759988248,-14.,18.331377570291));
#1619 = VECTOR('',#1620,1.);
#1620 = DIRECTION('',(-0.951629591474,0.,-0.307247653582));
#1621 = ORIENTED_EDGE('',*,*,#1622,.T.);
#1622 = EDGE_CURVE('',#1615,#1623,#1625,.T.);
#1623 = VERTEX_POINT('',#1624);
#1624 = CARTESIAN_POINT('',(-121.9485494436,-14.,18.084040492616));
#1625 = LINE('',#1626,#1627);
#1626 = CARTESIAN_POINT('',(-121.5619705819,-14.,18.206760894046));
#1627 = VECTOR('',#1628,1.);
#1628 = DIRECTION('',(-0.953126433502,0.,-0.302572308316));
#1629 = ORIENTED_EDGE('',*,*,#1630,.T.);
#1630 = EDGE_CURVE('',#1623,#1631,#1633,.T.);
#1631 = VERTEX_POINT('',#1632);
#1632 = CARTESIAN_POINT('',(-122.3357260937,-14.,17.963219323487));
#1633 = LINE('',#1634,#1635);
#1634 = CARTESIAN_POINT('',(-121.9485494436,-14.,18.084040492616));
#1635 = VECTOR('',#1636,1.);
#1636 = DIRECTION('',(-0.954600305766,0.,-0.297889671241));
#1637 = ORIENTED_EDGE('',*,*,#1638,.T.);
#1638 = EDGE_CURVE('',#1631,#1639,#1641,.T.);
#1639 = VERTEX_POINT('',#1640);
#1640 = CARTESIAN_POINT('',(-122.7234912013,-14.,17.844300298377));
#1641 = LINE('',#1642,#1643);
#1642 = CARTESIAN_POINT('',(-122.3357260937,-14.,17.963219323487));
#1643 = VECTOR('',#1644,1.);
#1644 = DIRECTION('',(-0.956051172745,0.,-0.293199855207));
#1645 = ORIENTED_EDGE('',*,*,#1646,.T.);
#1646 = EDGE_CURVE('',#1639,#1647,#1649,.T.);
#1647 = VERTEX_POINT('',#1648);
#1648 = CARTESIAN_POINT('',(-123.1118354217,-14.,17.727286283161));
#1649 = LINE('',#1650,#1651);
#1650 = CARTESIAN_POINT('',(-122.7234912013,-14.,17.844300298377));
#1651 = VECTOR('',#1652,1.);
#1652 = DIRECTION('',(-0.957478999474,0.,-0.288502973236));
#1653 = ORIENTED_EDGE('',*,*,#1654,.T.);
#1654 = EDGE_CURVE('',#1647,#1655,#1657,.T.);
#1655 = VERTEX_POINT('',#1656);
#1656 = CARTESIAN_POINT('',(-123.5007493959,-14.,17.612180097805));
#1657 = LINE('',#1658,#1659);
#1658 = CARTESIAN_POINT('',(-123.1118354217,-14.,17.727286283161));
#1659 = VECTOR('',#1660,1.);
#1660 = DIRECTION('',(-0.958883751544,0.,-0.283799138519));
#1661 = ORIENTED_EDGE('',*,*,#1662,.T.);
#1662 = EDGE_CURVE('',#1655,#1663,#1665,.T.);
#1663 = VERTEX_POINT('',#1664);
#1664 = CARTESIAN_POINT('',(-123.8902237514,-14.,17.498984516298));
#1665 = LINE('',#1666,#1667);
#1666 = CARTESIAN_POINT('',(-123.5007493959,-14.,17.612180097805));
#1667 = VECTOR('',#1668,1.);
#1668 = DIRECTION('',(-0.960265395102,0.,-0.279088464416));
#1669 = ORIENTED_EDGE('',*,*,#1670,.T.);
#1670 = EDGE_CURVE('',#1663,#1671,#1673,.T.);
#1671 = VERTEX_POINT('',#1672);
#1672 = CARTESIAN_POINT('',(-124.280249102,-14.,17.387702266585));
#1673 = LINE('',#1674,#1675);
#1674 = CARTESIAN_POINT('',(-123.8902237514,-14.,17.498984516298));
#1675 = VECTOR('',#1676,1.);
#1676 = DIRECTION('',(-0.961623896849,0.,-0.274371064451));
#1677 = ORIENTED_EDGE('',*,*,#1678,.T.);
#1678 = EDGE_CURVE('',#1671,#1679,#1681,.T.);
#1679 = VERTEX_POINT('',#1680);
#1680 = CARTESIAN_POINT('',(-124.6708160485,-14.,17.278336030499));
#1681 = LINE('',#1682,#1683);
#1682 = CARTESIAN_POINT('',(-124.280249102,-14.,17.387702266585));
#1683 = VECTOR('',#1684,1.);
#1684 = DIRECTION('',(-0.962959224048,0.,-0.269647052312));
#1685 = ORIENTED_EDGE('',*,*,#1686,.T.);
#1686 = EDGE_CURVE('',#1679,#1687,#1689,.T.);
#1687 = VERTEX_POINT('',#1688);
#1688 = CARTESIAN_POINT('',(-125.0619151783,-14.,17.170888443701));
#1689 = LINE('',#1690,#1691);
#1690 = CARTESIAN_POINT('',(-124.6708160485,-14.,17.278336030499));
#1691 = VECTOR('',#1692,1.);
#1692 = DIRECTION('',(-0.964271344518,0.,-0.264916541843));
#1693 = ORIENTED_EDGE('',*,*,#1694,.T.);
#1694 = EDGE_CURVE('',#1687,#1695,#1697,.T.);
#1695 = VERTEX_POINT('',#1696);
#1696 = CARTESIAN_POINT('',(-125.4535370662,-14.,17.065362095611));
#1697 = LINE('',#1698,#1699);
#1698 = CARTESIAN_POINT('',(-125.0619151783,-14.,17.170888443701));
#1699 = VECTOR('',#1700,1.);
#1700 = DIRECTION('',(-0.965560226636,0.,-0.260179647047));
#1701 = ORIENTED_EDGE('',*,*,#1702,.T.);
#1702 = EDGE_CURVE('',#1695,#1703,#1705,.T.);
#1703 = VERTEX_POINT('',#1704);
#1704 = CARTESIAN_POINT('',(-125.8456722744,-14.,16.96175952935));
#1705 = LINE('',#1706,#1707);
#1706 = CARTESIAN_POINT('',(-125.4535370662,-14.,17.065362095611));
#1707 = VECTOR('',#1708,1.);
#1708 = DIRECTION('',(-0.966825839343,0.,-0.255436482081));
#1709 = ORIENTED_EDGE('',*,*,#1710,.T.);
#1710 = EDGE_CURVE('',#1703,#1711,#1713,.T.);
#1711 = VERTEX_POINT('',#1712);
#1712 = CARTESIAN_POINT('',(-126.2383113526,-14.,16.860083241677));
#1713 = LINE('',#1714,#1715);
#1714 = CARTESIAN_POINT('',(-125.8456722744,-14.,16.96175952935));
#1715 = VECTOR('',#1716,1.);
#1716 = DIRECTION('',(-0.968068152138,0.,-0.250687161251));
#1717 = ORIENTED_EDGE('',*,*,#1718,.T.);
#1718 = EDGE_CURVE('',#1711,#1719,#1721,.T.);
#1719 = VERTEX_POINT('',#1720);
#1720 = CARTESIAN_POINT('',(-126.6314448386,-14.,16.760335682929));
#1721 = LINE('',#1722,#1723);
#1722 = CARTESIAN_POINT('',(-126.2383113526,-14.,16.860083241677));
#1723 = VECTOR('',#1724,1.);
#1724 = DIRECTION('',(-0.969287135081,0.,-0.245931799014));
#1725 = ORIENTED_EDGE('',*,*,#1726,.T.);
#1726 = EDGE_CURVE('',#1719,#1727,#1729,.T.);
#1727 = VERTEX_POINT('',#1728);
#1728 = CARTESIAN_POINT('',(-127.0250632579,-14.,16.662519256959));
#1729 = LINE('',#1730,#1731);
#1730 = CARTESIAN_POINT('',(-126.6314448386,-14.,16.760335682929));
#1731 = VECTOR('',#1732,1.);
#1732 = DIRECTION('',(-0.970482758796,0.,-0.241170509971));
#1733 = ORIENTED_EDGE('',*,*,#1734,.T.);
#1734 = EDGE_CURVE('',#1727,#1735,#1737,.T.);
#1735 = VERTEX_POINT('',#1736);
#1736 = CARTESIAN_POINT('',(-127.4191571248,-14.,16.566636321085));
#1737 = LINE('',#1738,#1739);
#1738 = CARTESIAN_POINT('',(-127.0250632579,-14.,16.662519256959));
#1739 = VECTOR('',#1740,1.);
#1740 = DIRECTION('',(-0.971654994469,0.,-0.236403408865));
#1741 = ORIENTED_EDGE('',*,*,#1742,.T.);
#1742 = EDGE_CURVE('',#1735,#1743,#1745,.T.);
#1743 = VERTEX_POINT('',#1744);
#1744 = CARTESIAN_POINT('',(-127.8137169416,-14.,16.472689186027));
#1745 = LINE('',#1746,#1747);
#1746 = CARTESIAN_POINT('',(-127.4191571248,-14.,16.566636321085));
#1747 = VECTOR('',#1748,1.);
#1748 = DIRECTION('',(-0.97280381385,0.,-0.231630610582));
#1749 = ORIENTED_EDGE('',*,*,#1750,.T.);
#1750 = EDGE_CURVE('',#1743,#1751,#1753,.T.);
#1751 = VERTEX_POINT('',#1752);
#1752 = CARTESIAN_POINT('',(-128.2087331998,-14.,16.380680115854));
#1753 = LINE('',#1754,#1755);
#1754 = CARTESIAN_POINT('',(-127.8137169416,-14.,16.472689186027));
#1755 = VECTOR('',#1756,1.);
#1756 = DIRECTION('',(-0.973929189253,0.,-0.226852230143));
#1757 = ORIENTED_EDGE('',*,*,#1758,.T.);
#1758 = EDGE_CURVE('',#1751,#1759,#1761,.T.);
#1759 = VERTEX_POINT('',#1760);
#1760 = CARTESIAN_POINT('',(-128.6041963797,-14.,16.290611327927));
#1761 = LINE('',#1762,#1763);
#1762 = CARTESIAN_POINT('',(-128.2087331998,-14.,16.380680115854));
#1763 = VECTOR('',#1764,1.);
#1764 = DIRECTION('',(-0.975031093557,0.,-0.222068382703));
#1765 = ORIENTED_EDGE('',*,*,#1766,.T.);
#1766 = EDGE_CURVE('',#1759,#1767,#1769,.T.);
#1767 = VERTEX_POINT('',#1768);
#1768 = CARTESIAN_POINT('',(-129.000096951,-14.,16.202484992849));
#1769 = LINE('',#1770,#1771);
#1770 = CARTESIAN_POINT('',(-128.6041963797,-14.,16.290611327927));
#1771 = VECTOR('',#1772,1.);
#1772 = DIRECTION('',(-0.976109500208,0.,-0.217279183551));
#1773 = ORIENTED_EDGE('',*,*,#1774,.T.);
#1774 = EDGE_CURVE('',#1767,#1775,#1777,.T.);
#1775 = VERTEX_POINT('',#1776);
#1776 = CARTESIAN_POINT('',(-129.3964253726,-14.,16.116303234412));
#1777 = LINE('',#1778,#1779);
#1778 = CARTESIAN_POINT('',(-129.000096951,-14.,16.202484992849));
#1779 = VECTOR('',#1780,1.);
#1780 = DIRECTION('',(-0.977164383215,0.,-0.212484748103));
#1781 = ORIENTED_EDGE('',*,*,#1782,.T.);
#1782 = EDGE_CURVE('',#1775,#1783,#1785,.T.);
#1783 = VERTEX_POINT('',#1784);
#1784 = CARTESIAN_POINT('',(-129.7931720932,-14.,16.032068129543));
#1785 = LINE('',#1786,#1787);
#1786 = CARTESIAN_POINT('',(-129.3964253726,-14.,16.116303234412));
#1787 = VECTOR('',#1788,1.);
#1788 = DIRECTION('',(-0.978195717157,0.,-0.207685191902));
#1789 = ORIENTED_EDGE('',*,*,#1790,.T.);
#1790 = EDGE_CURVE('',#1783,#1791,#1793,.T.);
#1791 = VERTEX_POINT('',#1792);
#1792 = CARTESIAN_POINT('',(-130.1903275516,-14.,15.949781708257));
#1793 = LINE('',#1794,#1795);
#1794 = CARTESIAN_POINT('',(-129.7931720932,-14.,16.032068129543));
#1795 = VECTOR('',#1796,1.);
#1796 = DIRECTION('',(-0.97920347718,0.,-0.202880630616));
#1797 = ORIENTED_EDGE('',*,*,#1798,.T.);
#1798 = EDGE_CURVE('',#1791,#1799,#1801,.T.);
#1799 = VERTEX_POINT('',#1800);
#1800 = CARTESIAN_POINT('',(-130.5878821765,-14.,15.869445953607));
#1801 = LINE('',#1802,#1803);
#1802 = CARTESIAN_POINT('',(-130.1903275516,-14.,15.949781708257));
#1803 = VECTOR('',#1804,1.);
#1804 = DIRECTION('',(-0.980187638997,0.,-0.198071180029));
#1805 = ORIENTED_EDGE('',*,*,#1806,.T.);
#1806 = EDGE_CURVE('',#1799,#1807,#1809,.T.);
#1807 = VERTEX_POINT('',#1808);
#1808 = CARTESIAN_POINT('',(-130.9858263871,-14.,15.791062801634));
#1809 = LINE('',#1810,#1811);
#1810 = CARTESIAN_POINT('',(-130.5878821765,-14.,15.869445953607));
#1811 = VECTOR('',#1812,1.);
#1812 = DIRECTION('',(-0.98114817889,0.,-0.193256956049));
#1813 = ORIENTED_EDGE('',*,*,#1814,.T.);
#1814 = EDGE_CURVE('',#1807,#1028,#1815,.T.);
#1815 = LINE('',#1816,#1817);
#1816 = CARTESIAN_POINT('',(-130.9858263871,-14.,15.791062801634));
#1817 = VECTOR('',#1818,1.);
#1818 = DIRECTION('',(-0.982085073711,0.,-0.188438074693));
#1819 = PLANE('',#1820);
#1820 = AXIS2_PLACEMENT_3D('',#1821,#1822,#1823);
#1821 = CARTESIAN_POINT('',(-118.4811120379,-14.,14.226627305454));
#1822 = DIRECTION('',(-0.,-1.,-0.));
#1823 = DIRECTION('',(0.,0.,-1.));
#1824 = ADVANCED_FACE('',(#1825),#1843,.T.);
#1825 = FACE_BOUND('',#1826,.T.);
#1826 = EDGE_LOOP('',(#1827,#1828,#1829,#1837));
#1827 = ORIENTED_EDGE('',*,*,#1302,.F.);
#1828 = ORIENTED_EDGE('',*,*,#871,.T.);
#1829 = ORIENTED_EDGE('',*,*,#1830,.T.);
#1830 = EDGE_CURVE('',#864,#1831,#1833,.T.);
#1831 = VERTEX_POINT('',#1832);
#1832 = CARTESIAN_POINT('',(-107.049333863,14.,24.438162131568));
#1833 = LINE('',#1834,#1835);
#1834 = CARTESIAN_POINT('',(-100.8019706569,14.,13.037703677162));
#1835 = VECTOR('',#1836,1.);
#1836 = DIRECTION('',(-0.480566400472,0.,0.876958342647));
#1837 = ORIENTED_EDGE('',*,*,#1838,.F.);
#1838 = EDGE_CURVE('',#1303,#1831,#1839,.T.);
#1839 = LINE('',#1840,#1841);
#1840 = CARTESIAN_POINT('',(-107.049333863,-14.,24.438162131568));
#1841 = VECTOR('',#1842,1.);
#1842 = DIRECTION('',(0.,1.,0.));
#1843 = PLANE('',#1844);
#1844 = AXIS2_PLACEMENT_3D('',#1845,#1846,#1847);
#1845 = CARTESIAN_POINT('',(-100.8019706569,-14.,13.037703677162));
#1846 = DIRECTION('',(0.876958342647,-0.,0.480566400472));
#1847 = DIRECTION('',(-0.480566400472,0.,0.876958342647));
#1848 = ADVANCED_FACE('',(#1849),#2637,.T.);
#1849 = FACE_BOUND('',#1850,.T.);
#1850 = EDGE_LOOP('',(#1851,#1861,#1869,#1877,#1885,#1893,#1901,#1909,
    #1917,#1925,#1933,#1941,#1949,#1957,#1965,#1973,#1981,#1989,#1997,
    #2005,#2013,#2021,#2029,#2037,#2045,#2053,#2061,#2069,#2077,#2085,
    #2093,#2101,#2109,#2117,#2125,#2133,#2141,#2149,#2157,#2165,#2173,
    #2181,#2189,#2197,#2205,#2213,#2221,#2229,#2237,#2245,#2253,#2261,
    #2269,#2277,#2285,#2293,#2301,#2309,#2317,#2325,#2333,#2341,#2349,
    #2357,#2365,#2371,#2372,#2373,#2374,#2375,#2383,#2391,#2399,#2407,
    #2415,#2423,#2431,#2439,#2447,#2455,#2463,#2471,#2479,#2487,#2495,
    #2503,#2511,#2519,#2527,#2535,#2543,#2551,#2559,#2567,#2575,#2583,
    #2591,#2599,#2607,#2615,#2623,#2631));
#1851 = ORIENTED_EDGE('',*,*,#1852,.F.);
#1852 = EDGE_CURVE('',#1853,#1855,#1857,.T.);
#1853 = VERTEX_POINT('',#1854);
#1854 = CARTESIAN_POINT('',(-131.3841505931,14.,15.714634141325));
#1855 = VERTEX_POINT('',#1856);
#1856 = CARTESIAN_POINT('',(-128.9658005839,14.,2.941553728486));
#1857 = LINE('',#1858,#1859);
#1858 = CARTESIAN_POINT('',(-131.3841505931,14.,15.714634141325));
#1859 = VECTOR('',#1860,1.);
#1860 = DIRECTION('',(0.186026923787,0.,-0.982544647141));
#1861 = ORIENTED_EDGE('',*,*,#1862,.F.);
#1862 = EDGE_CURVE('',#1863,#1853,#1865,.T.);
#1863 = VERTEX_POINT('',#1864);
#1864 = CARTESIAN_POINT('',(-130.9858263871,14.,15.791062801634));
#1865 = LINE('',#1866,#1867);
#1866 = CARTESIAN_POINT('',(-130.9858263871,14.,15.791062801634));
#1867 = VECTOR('',#1868,1.);
#1868 = DIRECTION('',(-0.982085073711,0.,-0.188438074693));
#1869 = ORIENTED_EDGE('',*,*,#1870,.F.);
#1870 = EDGE_CURVE('',#1871,#1863,#1873,.T.);
#1871 = VERTEX_POINT('',#1872);
#1872 = CARTESIAN_POINT('',(-130.5878821765,14.,15.869445953607));
#1873 = LINE('',#1874,#1875);
#1874 = CARTESIAN_POINT('',(-130.5878821765,14.,15.869445953607));
#1875 = VECTOR('',#1876,1.);
#1876 = DIRECTION('',(-0.98114817889,0.,-0.193256956049));
#1877 = ORIENTED_EDGE('',*,*,#1878,.F.);
#1878 = EDGE_CURVE('',#1879,#1871,#1881,.T.);
#1879 = VERTEX_POINT('',#1880);
#1880 = CARTESIAN_POINT('',(-130.1903275516,14.,15.949781708257));
#1881 = LINE('',#1882,#1883);
#1882 = CARTESIAN_POINT('',(-130.1903275516,14.,15.949781708257));
#1883 = VECTOR('',#1884,1.);
#1884 = DIRECTION('',(-0.980187638997,0.,-0.198071180029));
#1885 = ORIENTED_EDGE('',*,*,#1886,.F.);
#1886 = EDGE_CURVE('',#1887,#1879,#1889,.T.);
#1887 = VERTEX_POINT('',#1888);
#1888 = CARTESIAN_POINT('',(-129.7931720932,14.,16.032068129543));
#1889 = LINE('',#1890,#1891);
#1890 = CARTESIAN_POINT('',(-129.7931720932,14.,16.032068129543));
#1891 = VECTOR('',#1892,1.);
#1892 = DIRECTION('',(-0.97920347718,0.,-0.202880630616));
#1893 = ORIENTED_EDGE('',*,*,#1894,.F.);
#1894 = EDGE_CURVE('',#1895,#1887,#1897,.T.);
#1895 = VERTEX_POINT('',#1896);
#1896 = CARTESIAN_POINT('',(-129.3964253726,14.,16.116303234412));
#1897 = LINE('',#1898,#1899);
#1898 = CARTESIAN_POINT('',(-129.3964253726,14.,16.116303234412));
#1899 = VECTOR('',#1900,1.);
#1900 = DIRECTION('',(-0.978195717157,0.,-0.207685191902));
#1901 = ORIENTED_EDGE('',*,*,#1902,.F.);
#1902 = EDGE_CURVE('',#1903,#1895,#1905,.T.);
#1903 = VERTEX_POINT('',#1904);
#1904 = CARTESIAN_POINT('',(-129.000096951,14.,16.202484992849));
#1905 = LINE('',#1906,#1907);
#1906 = CARTESIAN_POINT('',(-129.000096951,14.,16.202484992849));
#1907 = VECTOR('',#1908,1.);
#1908 = DIRECTION('',(-0.977164383215,0.,-0.212484748103));
#1909 = ORIENTED_EDGE('',*,*,#1910,.F.);
#1910 = EDGE_CURVE('',#1911,#1903,#1913,.T.);
#1911 = VERTEX_POINT('',#1912);
#1912 = CARTESIAN_POINT('',(-128.6041963797,14.,16.290611327927));
#1913 = LINE('',#1914,#1915);
#1914 = CARTESIAN_POINT('',(-128.6041963797,14.,16.290611327927));
#1915 = VECTOR('',#1916,1.);
#1916 = DIRECTION('',(-0.976109500208,0.,-0.217279183551));
#1917 = ORIENTED_EDGE('',*,*,#1918,.F.);
#1918 = EDGE_CURVE('',#1919,#1911,#1921,.T.);
#1919 = VERTEX_POINT('',#1920);
#1920 = CARTESIAN_POINT('',(-128.2087331998,14.,16.380680115854));
#1921 = LINE('',#1922,#1923);
#1922 = CARTESIAN_POINT('',(-128.2087331998,14.,16.380680115854));
#1923 = VECTOR('',#1924,1.);
#1924 = DIRECTION('',(-0.975031093557,0.,-0.222068382703));
#1925 = ORIENTED_EDGE('',*,*,#1926,.F.);
#1926 = EDGE_CURVE('',#1927,#1919,#1929,.T.);
#1927 = VERTEX_POINT('',#1928);
#1928 = CARTESIAN_POINT('',(-127.8137169416,14.,16.472689186027));
#1929 = LINE('',#1930,#1931);
#1930 = CARTESIAN_POINT('',(-127.8137169416,14.,16.472689186027));
#1931 = VECTOR('',#1932,1.);
#1932 = DIRECTION('',(-0.973929189253,0.,-0.226852230143));
#1933 = ORIENTED_EDGE('',*,*,#1934,.F.);
#1934 = EDGE_CURVE('',#1935,#1927,#1937,.T.);
#1935 = VERTEX_POINT('',#1936);
#1936 = CARTESIAN_POINT('',(-127.4191571248,14.,16.566636321085));
#1937 = LINE('',#1938,#1939);
#1938 = CARTESIAN_POINT('',(-127.4191571248,14.,16.566636321085));
#1939 = VECTOR('',#1940,1.);
#1940 = DIRECTION('',(-0.97280381385,0.,-0.231630610582));
#1941 = ORIENTED_EDGE('',*,*,#1942,.F.);
#1942 = EDGE_CURVE('',#1943,#1935,#1945,.T.);
#1943 = VERTEX_POINT('',#1944);
#1944 = CARTESIAN_POINT('',(-127.0250632579,14.,16.662519256959));
#1945 = LINE('',#1946,#1947);
#1946 = CARTESIAN_POINT('',(-127.0250632579,14.,16.662519256959));
#1947 = VECTOR('',#1948,1.);
#1948 = DIRECTION('',(-0.971654994469,0.,-0.236403408865));
#1949 = ORIENTED_EDGE('',*,*,#1950,.F.);
#1950 = EDGE_CURVE('',#1951,#1943,#1953,.T.);
#1951 = VERTEX_POINT('',#1952);
#1952 = CARTESIAN_POINT('',(-126.6314448386,14.,16.760335682929));
#1953 = LINE('',#1954,#1955);
#1954 = CARTESIAN_POINT('',(-126.6314448386,14.,16.760335682929));
#1955 = VECTOR('',#1956,1.);
#1956 = DIRECTION('',(-0.970482758796,0.,-0.241170509971));
#1957 = ORIENTED_EDGE('',*,*,#1958,.F.);
#1958 = EDGE_CURVE('',#1959,#1951,#1961,.T.);
#1959 = VERTEX_POINT('',#1960);
#1960 = CARTESIAN_POINT('',(-126.2383113526,14.,16.860083241677));
#1961 = LINE('',#1962,#1963);
#1962 = CARTESIAN_POINT('',(-126.2383113526,14.,16.860083241677));
#1963 = VECTOR('',#1964,1.);
#1964 = DIRECTION('',(-0.969287135081,0.,-0.245931799014));
#1965 = ORIENTED_EDGE('',*,*,#1966,.F.);
#1966 = EDGE_CURVE('',#1967,#1959,#1969,.T.);
#1967 = VERTEX_POINT('',#1968);
#1968 = CARTESIAN_POINT('',(-125.8456722744,14.,16.96175952935));
#1969 = LINE('',#1970,#1971);
#1970 = CARTESIAN_POINT('',(-125.8456722744,14.,16.96175952935));
#1971 = VECTOR('',#1972,1.);
#1972 = DIRECTION('',(-0.968068152138,0.,-0.250687161251));
#1973 = ORIENTED_EDGE('',*,*,#1974,.F.);
#1974 = EDGE_CURVE('',#1975,#1967,#1977,.T.);
#1975 = VERTEX_POINT('',#1976);
#1976 = CARTESIAN_POINT('',(-125.4535370662,14.,17.065362095611));
#1977 = LINE('',#1978,#1979);
#1978 = CARTESIAN_POINT('',(-125.4535370662,14.,17.065362095611));
#1979 = VECTOR('',#1980,1.);
#1980 = DIRECTION('',(-0.966825839343,0.,-0.255436482081));
#1981 = ORIENTED_EDGE('',*,*,#1982,.F.);
#1982 = EDGE_CURVE('',#1983,#1975,#1985,.T.);
#1983 = VERTEX_POINT('',#1984);
#1984 = CARTESIAN_POINT('',(-125.0619151783,14.,17.170888443701));
#1985 = LINE('',#1986,#1987);
#1986 = CARTESIAN_POINT('',(-125.0619151783,14.,17.170888443701));
#1987 = VECTOR('',#1988,1.);
#1988 = DIRECTION('',(-0.965560226636,0.,-0.260179647047));
#1989 = ORIENTED_EDGE('',*,*,#1990,.F.);
#1990 = EDGE_CURVE('',#1991,#1983,#1993,.T.);
#1991 = VERTEX_POINT('',#1992);
#1992 = CARTESIAN_POINT('',(-124.6708160485,14.,17.278336030499));
#1993 = LINE('',#1994,#1995);
#1994 = CARTESIAN_POINT('',(-124.6708160485,14.,17.278336030499));
#1995 = VECTOR('',#1996,1.);
#1996 = DIRECTION('',(-0.964271344518,0.,-0.264916541843));
#1997 = ORIENTED_EDGE('',*,*,#1998,.F.);
#1998 = EDGE_CURVE('',#1999,#1991,#2001,.T.);
#1999 = VERTEX_POINT('',#2000);
#2000 = CARTESIAN_POINT('',(-124.280249102,14.,17.387702266585));
#2001 = LINE('',#2002,#2003);
#2002 = CARTESIAN_POINT('',(-124.280249102,14.,17.387702266585));
#2003 = VECTOR('',#2004,1.);
#2004 = DIRECTION('',(-0.962959224048,0.,-0.269647052312));
#2005 = ORIENTED_EDGE('',*,*,#2006,.F.);
#2006 = EDGE_CURVE('',#2007,#1999,#2009,.T.);
#2007 = VERTEX_POINT('',#2008);
#2008 = CARTESIAN_POINT('',(-123.8902237514,14.,17.498984516298));
#2009 = LINE('',#2010,#2011);
#2010 = CARTESIAN_POINT('',(-123.8902237514,14.,17.498984516298));
#2011 = VECTOR('',#2012,1.);
#2012 = DIRECTION('',(-0.961623896849,0.,-0.274371064451));
#2013 = ORIENTED_EDGE('',*,*,#2014,.F.);
#2014 = EDGE_CURVE('',#2015,#2007,#2017,.T.);
#2015 = VERTEX_POINT('',#2016);
#2016 = CARTESIAN_POINT('',(-123.5007493959,14.,17.612180097805));
#2017 = LINE('',#2018,#2019);
#2018 = CARTESIAN_POINT('',(-123.5007493959,14.,17.612180097805));
#2019 = VECTOR('',#2020,1.);
#2020 = DIRECTION('',(-0.960265395102,0.,-0.279088464416));
#2021 = ORIENTED_EDGE('',*,*,#2022,.F.);
#2022 = EDGE_CURVE('',#2023,#2015,#2025,.T.);
#2023 = VERTEX_POINT('',#2024);
#2024 = CARTESIAN_POINT('',(-123.1118354217,14.,17.727286283161));
#2025 = LINE('',#2026,#2027);
#2026 = CARTESIAN_POINT('',(-123.1118354217,14.,17.727286283161));
#2027 = VECTOR('',#2028,1.);
#2028 = DIRECTION('',(-0.958883751544,0.,-0.283799138519));
#2029 = ORIENTED_EDGE('',*,*,#2030,.F.);
#2030 = EDGE_CURVE('',#2031,#2023,#2033,.T.);
#2031 = VERTEX_POINT('',#2032);
#2032 = CARTESIAN_POINT('',(-122.7234912013,14.,17.844300298377));
#2033 = LINE('',#2034,#2035);
#2034 = CARTESIAN_POINT('',(-122.7234912013,14.,17.844300298377));
#2035 = VECTOR('',#2036,1.);
#2036 = DIRECTION('',(-0.957478999474,0.,-0.288502973236));
#2037 = ORIENTED_EDGE('',*,*,#2038,.F.);
#2038 = EDGE_CURVE('',#2039,#2031,#2041,.T.);
#2039 = VERTEX_POINT('',#2040);
#2040 = CARTESIAN_POINT('',(-122.3357260937,14.,17.963219323487));
#2041 = LINE('',#2042,#2043);
#2042 = CARTESIAN_POINT('',(-122.3357260937,14.,17.963219323487));
#2043 = VECTOR('',#2044,1.);
#2044 = DIRECTION('',(-0.956051172745,0.,-0.293199855207));
#2045 = ORIENTED_EDGE('',*,*,#2046,.F.);
#2046 = EDGE_CURVE('',#2047,#2039,#2049,.T.);
#2047 = VERTEX_POINT('',#2048);
#2048 = CARTESIAN_POINT('',(-121.9485494436,14.,18.084040492616));
#2049 = LINE('',#2050,#2051);
#2050 = CARTESIAN_POINT('',(-121.9485494436,14.,18.084040492616));
#2051 = VECTOR('',#2052,1.);
#2052 = DIRECTION('',(-0.954600305766,0.,-0.297889671241));
#2053 = ORIENTED_EDGE('',*,*,#2054,.F.);
#2054 = EDGE_CURVE('',#2055,#2047,#2057,.T.);
#2055 = VERTEX_POINT('',#2056);
#2056 = CARTESIAN_POINT('',(-121.5619705819,14.,18.206760894046));
#2057 = LINE('',#2058,#2059);
#2058 = CARTESIAN_POINT('',(-121.5619705819,14.,18.206760894046));
#2059 = VECTOR('',#2060,1.);
#2060 = DIRECTION('',(-0.953126433502,0.,-0.302572308316));
#2061 = ORIENTED_EDGE('',*,*,#2062,.F.);
#2062 = EDGE_CURVE('',#2063,#2055,#2065,.T.);
#2063 = VERTEX_POINT('',#2064);
#2064 = CARTESIAN_POINT('',(-121.1759988248,14.,18.331377570291));
#2065 = LINE('',#2066,#2067);
#2066 = CARTESIAN_POINT('',(-121.1759988248,14.,18.331377570291));
#2067 = VECTOR('',#2068,1.);
#2068 = DIRECTION('',(-0.951629591474,0.,-0.307247653582));
#2069 = ORIENTED_EDGE('',*,*,#2070,.F.);
#2070 = EDGE_CURVE('',#2071,#2063,#2073,.T.);
#2071 = VERTEX_POINT('',#2072);
#2072 = CARTESIAN_POINT('',(-120.7906434741,14.,18.457887518166));
#2073 = LINE('',#2074,#2075);
#2074 = CARTESIAN_POINT('',(-120.7906434741,14.,18.457887518166));
#2075 = VECTOR('',#2076,1.);
#2076 = DIRECTION('',(-0.950109815753,0.,-0.311915594368));
#2077 = ORIENTED_EDGE('',*,*,#2078,.F.);
#2078 = EDGE_CURVE('',#2079,#2071,#2081,.T.);
#2079 = VERTEX_POINT('',#2080);
#2080 = CARTESIAN_POINT('',(-120.4059138165,14.,18.586287688856));
#2081 = LINE('',#2082,#2083);
#2082 = CARTESIAN_POINT('',(-120.4059138165,14.,18.586287688856));
#2083 = VECTOR('',#2084,1.);
#2084 = DIRECTION('',(-0.948567142966,0.,-0.316576018179));
#2085 = ORIENTED_EDGE('',*,*,#2086,.F.);
#2086 = EDGE_CURVE('',#2087,#2079,#2089,.T.);
#2087 = VERTEX_POINT('',#2088);
#2088 = CARTESIAN_POINT('',(-120.0218191239,14.,18.716574987998));
#2089 = LINE('',#2090,#2091);
#2090 = CARTESIAN_POINT('',(-120.0218191239,14.,18.716574987998));
#2091 = VECTOR('',#2092,1.);
#2092 = DIRECTION('',(-0.94700161029,0.,-0.321228812701));
#2093 = ORIENTED_EDGE('',*,*,#2094,.F.);
#2094 = EDGE_CURVE('',#2095,#2087,#2097,.T.);
#2095 = VERTEX_POINT('',#2096);
#2096 = CARTESIAN_POINT('',(-119.6383686526,14.,18.848746275747));
#2097 = LINE('',#2098,#2099);
#2098 = CARTESIAN_POINT('',(-119.6383686526,14.,18.848746275747));
#2099 = VECTOR('',#2100,1.);
#2100 = DIRECTION('',(-0.945413255453,0.,-0.325873865804));
#2101 = ORIENTED_EDGE('',*,*,#2102,.F.);
#2102 = EDGE_CURVE('',#2103,#2095,#2105,.T.);
#2103 = VERTEX_POINT('',#2104);
#2104 = CARTESIAN_POINT('',(-119.2555716436,14.,18.982798366855));
#2105 = LINE('',#2106,#2107);
#2106 = CARTESIAN_POINT('',(-119.2555716436,14.,18.982798366855));
#2107 = VECTOR('',#2108,1.);
#2108 = DIRECTION('',(-0.943802116734,0.,-0.330511065547));
#2109 = ORIENTED_EDGE('',*,*,#2110,.F.);
#2110 = EDGE_CURVE('',#2111,#2103,#2113,.T.);
#2111 = VERTEX_POINT('',#2112);
#2112 = CARTESIAN_POINT('',(-118.873437322,14.,19.118728030748));
#2113 = LINE('',#2114,#2115);
#2114 = CARTESIAN_POINT('',(-118.873437322,14.,19.118728030748));
#2115 = VECTOR('',#2116,1.);
#2116 = DIRECTION('',(-0.94216823296,0.,-0.335140300174));
#2117 = ORIENTED_EDGE('',*,*,#2118,.F.);
#2118 = EDGE_CURVE('',#2119,#2111,#2121,.T.);
#2119 = VERTEX_POINT('',#2120);
#2120 = CARTESIAN_POINT('',(-118.4919748971,14.,19.256531991605));
#2121 = LINE('',#2122,#2123);
#2122 = CARTESIAN_POINT('',(-118.4919748971,14.,19.256531991605));
#2123 = VECTOR('',#2124,1.);
#2124 = DIRECTION('',(-0.940511643507,0.,-0.339761458125));
#2125 = ORIENTED_EDGE('',*,*,#2126,.F.);
#2126 = EDGE_CURVE('',#2127,#2119,#2129,.T.);
#2127 = VERTEX_POINT('',#2128);
#2128 = CARTESIAN_POINT('',(-118.1111935618,14.,19.396206928435));
#2129 = LINE('',#2130,#2131);
#2130 = CARTESIAN_POINT('',(-118.1111935618,14.,19.396206928435));
#2131 = VECTOR('',#2132,1.);
#2132 = DIRECTION('',(-0.938832388298,0.,-0.344374428032));
#2133 = ORIENTED_EDGE('',*,*,#2134,.F.);
#2134 = EDGE_CURVE('',#2135,#2127,#2137,.T.);
#2135 = VERTEX_POINT('',#2136);
#2136 = CARTESIAN_POINT('',(-117.7311024929,14.,19.537749475157));
#2137 = LINE('',#2138,#2139);
#2138 = CARTESIAN_POINT('',(-117.7311024929,14.,19.537749475157));
#2139 = VECTOR('',#2140,1.);
#2140 = DIRECTION('',(-0.937130507802,0.,-0.348979098726));
#2141 = ORIENTED_EDGE('',*,*,#2142,.F.);
#2142 = EDGE_CURVE('',#2143,#2135,#2145,.T.);
#2143 = VERTEX_POINT('',#2144);
#2144 = CARTESIAN_POINT('',(-117.3517108501,14.,19.681156220681));
#2145 = LINE('',#2146,#2147);
#2146 = CARTESIAN_POINT('',(-117.3517108501,14.,19.681156220681));
#2147 = VECTOR('',#2148,1.);
#2148 = DIRECTION('',(-0.935406043032,0.,-0.353575359236));
#2149 = ORIENTED_EDGE('',*,*,#2150,.F.);
#2150 = EDGE_CURVE('',#2151,#2143,#2153,.T.);
#2151 = VERTEX_POINT('',#2152);
#2152 = CARTESIAN_POINT('',(-116.9730277767,14.,19.826423708993));
#2153 = LINE('',#2154,#2155);
#2154 = CARTESIAN_POINT('',(-116.9730277767,14.,19.826423708993));
#2155 = VECTOR('',#2156,1.);
#2156 = DIRECTION('',(-0.933659035548,0.,-0.358163098797));
#2157 = ORIENTED_EDGE('',*,*,#2158,.F.);
#2158 = EDGE_CURVE('',#2159,#2151,#2161,.T.);
#2159 = VERTEX_POINT('',#2160);
#2160 = CARTESIAN_POINT('',(-116.5950623987,14.,19.973548439235));
#2161 = LINE('',#2162,#2163);
#2162 = CARTESIAN_POINT('',(-116.5950623987,14.,19.973548439235));
#2163 = VECTOR('',#2164,1.);
#2164 = DIRECTION('',(-0.931889527451,0.,-0.362742206845));
#2165 = ORIENTED_EDGE('',*,*,#2166,.F.);
#2166 = EDGE_CURVE('',#2167,#2159,#2169,.T.);
#2167 = VERTEX_POINT('',#2168);
#2168 = CARTESIAN_POINT('',(-116.2178238247,14.,20.122526865792));
#2169 = LINE('',#2170,#2171);
#2170 = CARTESIAN_POINT('',(-116.2178238247,14.,20.122526865792));
#2171 = VECTOR('',#2172,1.);
#2172 = DIRECTION('',(-0.930097561386,0.,-0.367312573028));
#2173 = ORIENTED_EDGE('',*,*,#2174,.F.);
#2174 = EDGE_CURVE('',#2175,#2167,#2177,.T.);
#2175 = VERTEX_POINT('',#2176);
#2176 = CARTESIAN_POINT('',(-115.8413211461,14.,20.273355398373));
#2177 = LINE('',#2178,#2179);
#2178 = CARTESIAN_POINT('',(-115.8413211461,14.,20.273355398373));
#2179 = VECTOR('',#2180,1.);
#2180 = DIRECTION('',(-0.928283180537,0.,-0.371874087202));
#2181 = ORIENTED_EDGE('',*,*,#2182,.F.);
#2182 = EDGE_CURVE('',#2183,#2175,#2185,.T.);
#2183 = VERTEX_POINT('',#2184);
#2184 = CARTESIAN_POINT('',(-115.4655634363,14.,20.426030402103));
#2185 = LINE('',#2186,#2187);
#2186 = CARTESIAN_POINT('',(-115.4655634363,14.,20.426030402103));
#2187 = VECTOR('',#2188,1.);
#2188 = DIRECTION('',(-0.926446428631,0.,-0.376426639437));
#2189 = ORIENTED_EDGE('',*,*,#2190,.F.);
#2190 = EDGE_CURVE('',#2191,#2183,#2193,.T.);
#2191 = VERTEX_POINT('',#2192);
#2192 = CARTESIAN_POINT('',(-115.0905597508,14.,20.580548197608));
#2193 = LINE('',#2194,#2195);
#2194 = CARTESIAN_POINT('',(-115.0905597508,14.,20.580548197608));
#2195 = VECTOR('',#2196,1.);
#2196 = DIRECTION('',(-0.924587349931,0.,-0.38097012002));
#2197 = ORIENTED_EDGE('',*,*,#2198,.F.);
#2198 = EDGE_CURVE('',#2199,#2191,#2201,.T.);
#2199 = VERTEX_POINT('',#2200);
#2200 = CARTESIAN_POINT('',(-114.7163191271,14.,20.736905061103));
#2201 = LINE('',#2202,#2203);
#2202 = CARTESIAN_POINT('',(-114.7163191271,14.,20.736905061103));
#2203 = VECTOR('',#2204,1.);
#2204 = DIRECTION('',(-0.92270598924,0.,-0.385504419456));
#2205 = ORIENTED_EDGE('',*,*,#2206,.F.);
#2206 = EDGE_CURVE('',#2207,#2199,#2209,.T.);
#2207 = VERTEX_POINT('',#2208);
#2208 = CARTESIAN_POINT('',(-114.3428505839,14.,20.895097224484));
#2209 = LINE('',#2210,#2211);
#2210 = CARTESIAN_POINT('',(-114.3428505839,14.,20.895097224484));
#2211 = VECTOR('',#2212,1.);
#2212 = DIRECTION('',(-0.920802391899,0.,-0.390029428471));
#2213 = ORIENTED_EDGE('',*,*,#2214,.F.);
#2214 = EDGE_CURVE('',#2215,#2207,#2217,.T.);
#2215 = VERTEX_POINT('',#2216);
#2216 = CARTESIAN_POINT('',(-113.9701631219,14.,21.055120875415));
#2217 = LINE('',#2218,#2219);
#2218 = CARTESIAN_POINT('',(-113.9701631219,14.,21.055120875415));
#2219 = VECTOR('',#2220,1.);
#2220 = DIRECTION('',(-0.918876603782,0.,-0.394545038015));
#2221 = ORIENTED_EDGE('',*,*,#2222,.F.);
#2222 = EDGE_CURVE('',#2223,#2215,#2225,.T.);
#2223 = VERTEX_POINT('',#2224);
#2224 = CARTESIAN_POINT('',(-113.5982657224,14.,21.216972157425));
#2225 = LINE('',#2226,#2227);
#2226 = CARTESIAN_POINT('',(-113.5982657224,14.,21.216972157425));
#2227 = VECTOR('',#2228,1.);
#2228 = DIRECTION('',(-0.9169286713,0.,-0.399051139264));
#2229 = ORIENTED_EDGE('',*,*,#2230,.F.);
#2230 = EDGE_CURVE('',#2231,#2223,#2233,.T.);
#2231 = VERTEX_POINT('',#2232);
#2232 = CARTESIAN_POINT('',(-113.2271673479,14.,21.380647169997));
#2233 = LINE('',#2234,#2235);
#2234 = CARTESIAN_POINT('',(-113.2271673479,14.,21.380647169997));
#2235 = VECTOR('',#2236,1.);
#2236 = DIRECTION('',(-0.914958641397,0.,-0.403547623624));
#2237 = ORIENTED_EDGE('',*,*,#2238,.F.);
#2238 = EDGE_CURVE('',#2239,#2231,#2241,.T.);
#2239 = VERTEX_POINT('',#2240);
#2240 = CARTESIAN_POINT('',(-112.8568769418,14.,21.546141968662));
#2241 = LINE('',#2242,#2243);
#2242 = CARTESIAN_POINT('',(-112.8568769418,14.,21.546141968662));
#2243 = VECTOR('',#2244,1.);
#2244 = DIRECTION('',(-0.912966561549,0.,-0.408034382733));
#2245 = ORIENTED_EDGE('',*,*,#2246,.F.);
#2246 = EDGE_CURVE('',#2247,#2239,#2249,.T.);
#2247 = VERTEX_POINT('',#2248);
#2248 = CARTESIAN_POINT('',(-112.4874034278,14.,21.713452565098));
#2249 = LINE('',#2250,#2251);
#2250 = CARTESIAN_POINT('',(-112.4874034278,14.,21.713452565098));
#2251 = VECTOR('',#2252,1.);
#2252 = DIRECTION('',(-0.910952479765,0.,-0.412511308463));
#2253 = ORIENTED_EDGE('',*,*,#2254,.F.);
#2254 = EDGE_CURVE('',#2255,#2247,#2257,.T.);
#2255 = VERTEX_POINT('',#2256);
#2256 = CARTESIAN_POINT('',(-112.1187557099,14.,21.88257492722));
#2257 = LINE('',#2258,#2259);
#2258 = CARTESIAN_POINT('',(-112.1187557099,14.,21.88257492722));
#2259 = VECTOR('',#2260,1.);
#2260 = DIRECTION('',(-0.908916444582,0.,-0.416978292922));
#2261 = ORIENTED_EDGE('',*,*,#2262,.F.);
#2262 = EDGE_CURVE('',#2263,#2255,#2265,.T.);
#2263 = VERTEX_POINT('',#2264);
#2264 = CARTESIAN_POINT('',(-111.7509426724,14.,22.053504979283));
#2265 = LINE('',#2266,#2267);
#2266 = CARTESIAN_POINT('',(-111.7509426724,14.,22.053504979283));
#2267 = VECTOR('',#2268,1.);
#2268 = DIRECTION('',(-0.906858505068,0.,-0.421435228459));
#2269 = ORIENTED_EDGE('',*,*,#2270,.F.);
#2270 = EDGE_CURVE('',#2271,#2263,#2273,.T.);
#2271 = VERTEX_POINT('',#2272);
#2272 = CARTESIAN_POINT('',(-111.3839731794,14.,22.226238601977));
#2273 = LINE('',#2274,#2275);
#2274 = CARTESIAN_POINT('',(-111.3839731794,14.,22.226238601977));
#2275 = VECTOR('',#2276,1.);
#2276 = DIRECTION('',(-0.904778710817,0.,-0.425882007664));
#2277 = ORIENTED_EDGE('',*,*,#2278,.F.);
#2278 = EDGE_CURVE('',#2279,#2271,#2281,.T.);
#2279 = VERTEX_POINT('',#2280);
#2280 = CARTESIAN_POINT('',(-111.0178560745,14.,22.400771632528));
#2281 = LINE('',#2282,#2283);
#2282 = CARTESIAN_POINT('',(-111.0178560745,14.,22.400771632528));
#2283 = VECTOR('',#2284,1.);
#2284 = DIRECTION('',(-0.902677111952,0.,-0.430318523372));
#2285 = ORIENTED_EDGE('',*,*,#2286,.F.);
#2286 = EDGE_CURVE('',#2287,#2279,#2289,.T.);
#2287 = VERTEX_POINT('',#2288);
#2288 = CARTESIAN_POINT('',(-110.652600181,14.,22.577099864796));
#2289 = LINE('',#2290,#2291);
#2290 = CARTESIAN_POINT('',(-110.652600181,14.,22.577099864796));
#2291 = VECTOR('',#2292,1.);
#2292 = DIRECTION('',(-0.90055375912,0.,-0.434744668667));
#2293 = ORIENTED_EDGE('',*,*,#2294,.F.);
#2294 = EDGE_CURVE('',#2295,#2287,#2297,.T.);
#2295 = VERTEX_POINT('',#2296);
#2296 = CARTESIAN_POINT('',(-110.2882143013,14.,22.755219049378));
#2297 = LINE('',#2298,#2299);
#2298 = CARTESIAN_POINT('',(-110.2882143013,14.,22.755219049378));
#2299 = VECTOR('',#2300,1.);
#2300 = DIRECTION('',(-0.898408703492,0.,-0.439160336881));
#2301 = ORIENTED_EDGE('',*,*,#2302,.F.);
#2302 = EDGE_CURVE('',#2303,#2295,#2305,.T.);
#2303 = VERTEX_POINT('',#2304);
#2304 = CARTESIAN_POINT('',(-109.9247072168,14.,22.935124893711));
#2305 = LINE('',#2306,#2307);
#2306 = CARTESIAN_POINT('',(-109.9247072168,14.,22.935124893711));
#2307 = VECTOR('',#2308,1.);
#2308 = DIRECTION('',(-0.896241996763,0.,-0.443565421599));
#2309 = ORIENTED_EDGE('',*,*,#2310,.F.);
#2310 = EDGE_CURVE('',#2311,#2303,#2313,.T.);
#2311 = VERTEX_POINT('',#2312);
#2312 = CARTESIAN_POINT('',(-109.562087688,14.,23.116813062173));
#2313 = LINE('',#2314,#2315);
#2314 = CARTESIAN_POINT('',(-109.562087688,14.,23.116813062173));
#2315 = VECTOR('',#2316,1.);
#2316 = DIRECTION('',(-0.894053691149,0.,-0.447959816661));
#2317 = ORIENTED_EDGE('',*,*,#2318,.F.);
#2318 = EDGE_CURVE('',#2319,#2311,#2321,.T.);
#2319 = VERTEX_POINT('',#2320);
#2320 = CARTESIAN_POINT('',(-109.2003644537,14.,23.300279176191));
#2321 = LINE('',#2322,#2323);
#2322 = CARTESIAN_POINT('',(-109.2003644537,14.,23.300279176191));
#2323 = VECTOR('',#2324,1.);
#2324 = DIRECTION('',(-0.891843839387,0.,-0.452343416165));
#2325 = ORIENTED_EDGE('',*,*,#2326,.F.);
#2326 = EDGE_CURVE('',#2327,#2319,#2329,.T.);
#2327 = VERTEX_POINT('',#2328);
#2328 = CARTESIAN_POINT('',(-108.8395462312,14.,23.485518814343));
#2329 = LINE('',#2330,#2331);
#2330 = CARTESIAN_POINT('',(-108.8395462312,14.,23.485518814343));
#2331 = VECTOR('',#2332,1.);
#2332 = DIRECTION('',(-0.889612494733,0.,-0.456716114469));
#2333 = ORIENTED_EDGE('',*,*,#2334,.F.);
#2334 = EDGE_CURVE('',#2335,#2327,#2337,.T.);
#2335 = VERTEX_POINT('',#2336);
#2336 = CARTESIAN_POINT('',(-108.4796417159,14.,23.672527512468));
#2337 = LINE('',#2338,#2339);
#2338 = CARTESIAN_POINT('',(-108.4796417159,14.,23.672527512468));
#2339 = VECTOR('',#2340,1.);
#2340 = DIRECTION('',(-0.88735971096,0.,-0.461077806193));
#2341 = ORIENTED_EDGE('',*,*,#2342,.F.);
#2342 = EDGE_CURVE('',#2343,#2335,#2345,.T.);
#2343 = VERTEX_POINT('',#2344);
#2344 = CARTESIAN_POINT('',(-108.1206595815,14.,23.861300763769));
#2345 = LINE('',#2346,#2347);
#2346 = CARTESIAN_POINT('',(-108.1206595815,14.,23.861300763769));
#2347 = VECTOR('',#2348,1.);
#2348 = DIRECTION('',(-0.885085542361,0.,-0.465428386224));
#2349 = ORIENTED_EDGE('',*,*,#2350,.F.);
#2350 = EDGE_CURVE('',#2351,#2343,#2353,.T.);
#2351 = VERTEX_POINT('',#2352);
#2352 = CARTESIAN_POINT('',(-107.7626084791,14.,24.051834018927));
#2353 = LINE('',#2354,#2355);
#2354 = CARTESIAN_POINT('',(-107.7626084791,14.,24.051834018927));
#2355 = VECTOR('',#2356,1.);
#2356 = DIRECTION('',(-0.882790043741,0.,-0.469767749715));
#2357 = ORIENTED_EDGE('',*,*,#2358,.F.);
#2358 = EDGE_CURVE('',#2359,#2351,#2361,.T.);
#2359 = VERTEX_POINT('',#2360);
#2360 = CARTESIAN_POINT('',(-107.4054970376,14.,24.244122686206));
#2361 = LINE('',#2362,#2363);
#2362 = CARTESIAN_POINT('',(-107.4054970376,14.,24.244122686206));
#2363 = VECTOR('',#2364,1.);
#2364 = DIRECTION('',(-0.880473270419,0.,-0.47409579209));
#2365 = ORIENTED_EDGE('',*,*,#2366,.F.);
#2366 = EDGE_CURVE('',#1831,#2359,#2367,.T.);
#2367 = LINE('',#2368,#2369);
#2368 = CARTESIAN_POINT('',(-107.049333863,14.,24.438162131568));
#2369 = VECTOR('',#2370,1.);
#2370 = DIRECTION('',(-0.878135278229,0.,-0.478412409046));
#2371 = ORIENTED_EDGE('',*,*,#1830,.F.);
#2372 = ORIENTED_EDGE('',*,*,#863,.F.);
#2373 = ORIENTED_EDGE('',*,*,#894,.F.);
#2374 = ORIENTED_EDGE('',*,*,#944,.T.);
#2375 = ORIENTED_EDGE('',*,*,#2376,.F.);
#2376 = EDGE_CURVE('',#2377,#937,#2379,.T.);
#2377 = VERTEX_POINT('',#2378);
#2378 = CARTESIAN_POINT('',(-114.4865626779,14.,6.881271969252));
#2379 = LINE('',#2380,#2381);
#2380 = CARTESIAN_POINT('',(-114.4865626779,14.,6.881271969252));
#2381 = VECTOR('',#2382,1.);
#2382 = DIRECTION('',(0.940511643507,0.,0.339761458125));
#2383 = ORIENTED_EDGE('',*,*,#2384,.F.);
#2384 = EDGE_CURVE('',#2385,#2377,#2387,.T.);
#2385 = VERTEX_POINT('',#2386);
#2386 = CARTESIAN_POINT('',(-114.9288247324,14.,6.723954164956));
#2387 = LINE('',#2388,#2389);
#2388 = CARTESIAN_POINT('',(-114.9288247324,14.,6.723954164956));
#2389 = VECTOR('',#2390,1.);
#2390 = DIRECTION('',(0.94216823296,0.,0.335140300174));
#2391 = ORIENTED_EDGE('',*,*,#2392,.F.);
#2392 = EDGE_CURVE('',#2393,#2385,#2395,.T.);
#2393 = VERTEX_POINT('',#2394);
#2394 = CARTESIAN_POINT('',(-115.3718537462,14.,6.568809364105));
#2395 = LINE('',#2396,#2397);
#2396 = CARTESIAN_POINT('',(-115.3718537462,14.,6.568809364105));
#2397 = VECTOR('',#2398,1.);
#2398 = DIRECTION('',(0.943802116734,0.,0.330511065547));
#2399 = ORIENTED_EDGE('',*,*,#2400,.F.);
#2400 = EDGE_CURVE('',#2401,#2393,#2403,.T.);
#2401 = VERTEX_POINT('',#2402);
#2402 = CARTESIAN_POINT('',(-115.8156390428,14.,6.415841305596));
#2403 = LINE('',#2404,#2405);
#2404 = CARTESIAN_POINT('',(-115.8156390428,14.,6.415841305596));
#2405 = VECTOR('',#2406,1.);
#2406 = DIRECTION('',(0.945413255453,0.,0.325873865804));
#2407 = ORIENTED_EDGE('',*,*,#2408,.F.);
#2408 = EDGE_CURVE('',#2409,#2401,#2411,.T.);
#2409 = VERTEX_POINT('',#2410);
#2410 = CARTESIAN_POINT('',(-116.2601699271,14.,6.265053675865));
#2411 = LINE('',#2412,#2413);
#2412 = CARTESIAN_POINT('',(-116.2601699271,14.,6.265053675865));
#2413 = VECTOR('',#2414,1.);
#2414 = DIRECTION('',(0.94700161029,0.,0.321228812701));
#2415 = ORIENTED_EDGE('',*,*,#2416,.F.);
#2416 = EDGE_CURVE('',#2417,#2409,#2419,.T.);
#2417 = VERTEX_POINT('',#2418);
#2418 = CARTESIAN_POINT('',(-116.7054356862,14.,6.116450108801));
#2419 = LINE('',#2420,#2421);
#2420 = CARTESIAN_POINT('',(-116.7054356862,14.,6.116450108801));
#2421 = VECTOR('',#2422,1.);
#2422 = DIRECTION('',(0.948567142966,0.,0.316576018179));
#2423 = ORIENTED_EDGE('',*,*,#2424,.F.);
#2424 = EDGE_CURVE('',#2425,#2417,#2427,.T.);
#2425 = VERTEX_POINT('',#2426);
#2426 = CARTESIAN_POINT('',(-117.1514255894,14.,5.97003418566));
#2427 = LINE('',#2428,#2429);
#2428 = CARTESIAN_POINT('',(-117.1514255894,14.,5.97003418566));
#2429 = VECTOR('',#2430,1.);
#2430 = DIRECTION('',(0.950109815753,0.,0.311915594368));
#2431 = ORIENTED_EDGE('',*,*,#2432,.F.);
#2432 = EDGE_CURVE('',#2433,#2425,#2435,.T.);
#2433 = VERTEX_POINT('',#2434);
#2434 = CARTESIAN_POINT('',(-117.5981288888,14.,5.825809434976));
#2435 = LINE('',#2436,#2437);
#2436 = CARTESIAN_POINT('',(-117.5981288888,14.,5.825809434976));
#2437 = VECTOR('',#2438,1.);
#2438 = DIRECTION('',(0.951629591474,0.,0.307247653582));
#2439 = ORIENTED_EDGE('',*,*,#2440,.F.);
#2440 = EDGE_CURVE('',#2441,#2433,#2443,.T.);
#2441 = VERTEX_POINT('',#2442);
#2442 = CARTESIAN_POINT('',(-118.0455348189,14.,5.683779332478));
#2443 = LINE('',#2444,#2445);
#2444 = CARTESIAN_POINT('',(-118.0455348189,14.,5.683779332478));
#2445 = VECTOR('',#2446,1.);
#2446 = DIRECTION('',(0.953126433502,0.,0.302572308316));
#2447 = ORIENTED_EDGE('',*,*,#2448,.F.);
#2448 = EDGE_CURVE('',#2449,#2441,#2451,.T.);
#2449 = VERTEX_POINT('',#2450);
#2450 = CARTESIAN_POINT('',(-118.4936325977,14.,5.543947301004));
#2451 = LINE('',#2452,#2453);
#2452 = CARTESIAN_POINT('',(-118.4936325977,14.,5.543947301004));
#2453 = VECTOR('',#2454,1.);
#2454 = DIRECTION('',(0.954600305766,0.,0.297889671241));
#2455 = ORIENTED_EDGE('',*,*,#2456,.F.);
#2456 = EDGE_CURVE('',#2457,#2449,#2459,.T.);
#2457 = VERTEX_POINT('',#2458);
#2458 = CARTESIAN_POINT('',(-118.9424114262,14.,5.406316710421));
#2459 = LINE('',#2460,#2461);
#2460 = CARTESIAN_POINT('',(-118.9424114262,14.,5.406316710421));
#2461 = VECTOR('',#2462,1.);
#2462 = DIRECTION('',(0.956051172745,0.,0.293199855207));
#2463 = ORIENTED_EDGE('',*,*,#2464,.F.);
#2464 = EDGE_CURVE('',#2465,#2457,#2467,.T.);
#2465 = VERTEX_POINT('',#2466);
#2466 = CARTESIAN_POINT('',(-119.3918604891,14.,5.270890877542));
#2467 = LINE('',#2468,#2469);
#2468 = CARTESIAN_POINT('',(-119.3918604891,14.,5.270890877542));
#2469 = VECTOR('',#2470,1.);
#2470 = DIRECTION('',(0.957478999474,0.,0.288502973236));
#2471 = ORIENTED_EDGE('',*,*,#2472,.F.);
#2472 = EDGE_CURVE('',#2473,#2465,#2475,.T.);
#2473 = VERTEX_POINT('',#2474);
#2474 = CARTESIAN_POINT('',(-119.841968955,14.,5.137673066047));
#2475 = LINE('',#2476,#2477);
#2476 = CARTESIAN_POINT('',(-119.841968955,14.,5.137673066047));
#2477 = VECTOR('',#2478,1.);
#2478 = DIRECTION('',(0.958883751544,0.,0.283799138519));
#2479 = ORIENTED_EDGE('',*,*,#2480,.F.);
#2480 = EDGE_CURVE('',#2481,#2473,#2483,.T.);
#2481 = VERTEX_POINT('',#2482);
#2482 = CARTESIAN_POINT('',(-120.2927259765,14.,5.006666486404));
#2483 = LINE('',#2484,#2485);
#2484 = CARTESIAN_POINT('',(-120.2927259765,14.,5.006666486404));
#2485 = VECTOR('',#2486,1.);
#2486 = DIRECTION('',(0.960265395102,0.,0.279088464416));
#2487 = ORIENTED_EDGE('',*,*,#2488,.F.);
#2488 = EDGE_CURVE('',#2489,#2481,#2491,.T.);
#2489 = VERTEX_POINT('',#2490);
#2490 = CARTESIAN_POINT('',(-120.7441206907,14.,4.877874295792));
#2491 = LINE('',#2492,#2493);
#2492 = CARTESIAN_POINT('',(-120.7441206907,14.,4.877874295792));
#2493 = VECTOR('',#2494,1.);
#2494 = DIRECTION('',(0.961623896849,0.,0.274371064452));
#2495 = ORIENTED_EDGE('',*,*,#2496,.F.);
#2496 = EDGE_CURVE('',#2497,#2489,#2499,.T.);
#2497 = VERTEX_POINT('',#2498);
#2498 = CARTESIAN_POINT('',(-121.1961422192,14.,4.751299598023));
#2499 = LINE('',#2500,#2501);
#2500 = CARTESIAN_POINT('',(-121.1961422192,14.,4.751299598023));
#2501 = VECTOR('',#2502,1.);
#2502 = DIRECTION('',(0.962959224048,0.,0.269647052312));
#2503 = ORIENTED_EDGE('',*,*,#2504,.F.);
#2504 = EDGE_CURVE('',#2505,#2497,#2507,.T.);
#2505 = VERTEX_POINT('',#2506);
#2506 = CARTESIAN_POINT('',(-121.6487796686,14.,4.626945443471));
#2507 = LINE('',#2508,#2509);
#2508 = CARTESIAN_POINT('',(-121.6487796686,14.,4.626945443471));
#2509 = VECTOR('',#2510,1.);
#2510 = DIRECTION('',(0.964271344518,0.,0.264916541843));
#2511 = ORIENTED_EDGE('',*,*,#2512,.F.);
#2512 = EDGE_CURVE('',#2513,#2505,#2515,.T.);
#2513 = VERTEX_POINT('',#2514);
#2514 = CARTESIAN_POINT('',(-122.1020221307,14.,4.504814828995));
#2515 = LINE('',#2516,#2517);
#2516 = CARTESIAN_POINT('',(-122.1020221307,14.,4.504814828995));
#2517 = VECTOR('',#2518,1.);
#2518 = DIRECTION('',(0.965560226637,0.,0.260179647047));
#2519 = ORIENTED_EDGE('',*,*,#2520,.F.);
#2520 = EDGE_CURVE('',#2521,#2513,#2523,.T.);
#2521 = VERTEX_POINT('',#2522);
#2522 = CARTESIAN_POINT('',(-122.5558586824,14.,4.384910697867));
#2523 = LINE('',#2524,#2525);
#2524 = CARTESIAN_POINT('',(-122.5558586824,14.,4.384910697867));
#2525 = VECTOR('',#2526,1.);
#2526 = DIRECTION('',(0.966825839343,0.,0.255436482081));
#2527 = ORIENTED_EDGE('',*,*,#2528,.F.);
#2528 = EDGE_CURVE('',#2529,#2521,#2531,.T.);
#2529 = VERTEX_POINT('',#2530);
#2530 = CARTESIAN_POINT('',(-123.0102783867,14.,4.267235939705));
#2531 = LINE('',#2532,#2533);
#2532 = CARTESIAN_POINT('',(-123.0102783867,14.,4.267235939705));
#2533 = VECTOR('',#2534,1.);
#2534 = DIRECTION('',(0.968068152138,0.,0.250687161251));
#2535 = ORIENTED_EDGE('',*,*,#2536,.F.);
#2536 = EDGE_CURVE('',#2537,#2529,#2539,.T.);
#2537 = VERTEX_POINT('',#2538);
#2538 = CARTESIAN_POINT('',(-123.4652702923,14.,4.151793390399));
#2539 = LINE('',#2540,#2541);
#2540 = CARTESIAN_POINT('',(-123.4652702923,14.,4.151793390399));
#2541 = VECTOR('',#2542,1.);
#2542 = DIRECTION('',(0.969287135081,0.,0.245931799014));
#2543 = ORIENTED_EDGE('',*,*,#2544,.F.);
#2544 = EDGE_CURVE('',#2545,#2537,#2547,.T.);
#2545 = VERTEX_POINT('',#2546);
#2546 = CARTESIAN_POINT('',(-123.9208234342,14.,4.038585832042));
#2547 = LINE('',#2548,#2549);
#2548 = CARTESIAN_POINT('',(-123.9208234342,14.,4.038585832042));
#2549 = VECTOR('',#2550,1.);
#2550 = DIRECTION('',(0.970482758796,0.,0.241170509971));
#2551 = ORIENTED_EDGE('',*,*,#2552,.F.);
#2552 = EDGE_CURVE('',#2553,#2545,#2555,.T.);
#2553 = VERTEX_POINT('',#2554);
#2554 = CARTESIAN_POINT('',(-124.3769268338,14.,3.927615992869));
#2555 = LINE('',#2556,#2557);
#2556 = CARTESIAN_POINT('',(-124.3769268338,14.,3.927615992869));
#2557 = VECTOR('',#2558,1.);
#2558 = DIRECTION('',(0.971654994469,0.,0.236403408865));
#2559 = ORIENTED_EDGE('',*,*,#2560,.F.);
#2560 = EDGE_CURVE('',#2561,#2553,#2563,.T.);
#2561 = VERTEX_POINT('',#2562);
#2562 = CARTESIAN_POINT('',(-124.8335694994,14.,3.818886547184));
#2563 = LINE('',#2564,#2565);
#2564 = CARTESIAN_POINT('',(-124.8335694994,14.,3.818886547184));
#2565 = VECTOR('',#2566,1.);
#2566 = DIRECTION('',(0.97280381385,0.,0.231630610582));
#2567 = ORIENTED_EDGE('',*,*,#2568,.F.);
#2568 = EDGE_CURVE('',#2569,#2561,#2571,.T.);
#2569 = VERTEX_POINT('',#2570);
#2570 = CARTESIAN_POINT('',(-125.2907404261,14.,3.712400115301));
#2571 = LINE('',#2572,#2573);
#2572 = CARTESIAN_POINT('',(-125.2907404261,14.,3.712400115301));
#2573 = VECTOR('',#2574,1.);
#2574 = DIRECTION('',(0.973929189253,0.,0.226852230143));
#2575 = ORIENTED_EDGE('',*,*,#2576,.F.);
#2576 = EDGE_CURVE('',#2577,#2569,#2579,.T.);
#2577 = VERTEX_POINT('',#2578);
#2578 = CARTESIAN_POINT('',(-125.7484285963,14.,3.608159263478));
#2579 = LINE('',#2580,#2581);
#2580 = CARTESIAN_POINT('',(-125.7484285963,14.,3.608159263478));
#2581 = VECTOR('',#2582,1.);
#2582 = DIRECTION('',(0.975031093557,0.,0.222068382703));
#2583 = ORIENTED_EDGE('',*,*,#2584,.F.);
#2584 = EDGE_CURVE('',#2585,#2577,#2587,.T.);
#2585 = VERTEX_POINT('',#2586);
#2586 = CARTESIAN_POINT('',(-126.2066229801,14.,3.506166503855));
#2587 = LINE('',#2588,#2589);
#2588 = CARTESIAN_POINT('',(-126.2066229801,14.,3.506166503855));
#2589 = VECTOR('',#2590,1.);
#2590 = DIRECTION('',(0.976109500208,0.,0.217279183551));
#2591 = ORIENTED_EDGE('',*,*,#2592,.F.);
#2592 = EDGE_CURVE('',#2593,#2585,#2595,.T.);
#2593 = VERTEX_POINT('',#2594);
#2594 = CARTESIAN_POINT('',(-126.6653125353,14.,3.406424294397));
#2595 = LINE('',#2596,#2597);
#2596 = CARTESIAN_POINT('',(-126.6653125353,14.,3.406424294397));
#2597 = VECTOR('',#2598,1.);
#2598 = DIRECTION('',(0.977164383215,0.,0.212484748103));
#2599 = ORIENTED_EDGE('',*,*,#2600,.F.);
#2600 = EDGE_CURVE('',#2601,#2593,#2603,.T.);
#2601 = VERTEX_POINT('',#2602);
#2602 = CARTESIAN_POINT('',(-127.1244862077,14.,3.308935038828));
#2603 = LINE('',#2604,#2605);
#2604 = CARTESIAN_POINT('',(-127.1244862077,14.,3.308935038828));
#2605 = VECTOR('',#2606,1.);
#2606 = DIRECTION('',(0.978195717157,0.,0.207685191902));
#2607 = ORIENTED_EDGE('',*,*,#2608,.F.);
#2608 = EDGE_CURVE('',#2609,#2601,#2611,.T.);
#2609 = VERTEX_POINT('',#2610);
#2610 = CARTESIAN_POINT('',(-127.5841329315,14.,3.213701086582));
#2611 = LINE('',#2612,#2613);
#2612 = CARTESIAN_POINT('',(-127.5841329315,14.,3.213701086582));
#2613 = VECTOR('',#2614,1.);
#2614 = DIRECTION('',(0.97920347718,0.,0.202880630615));
#2615 = ORIENTED_EDGE('',*,*,#2616,.F.);
#2616 = EDGE_CURVE('',#2617,#2609,#2619,.T.);
#2617 = VERTEX_POINT('',#2618);
#2618 = CARTESIAN_POINT('',(-128.0442416295,14.,3.120724732737));
#2619 = LINE('',#2620,#2621);
#2620 = CARTESIAN_POINT('',(-128.0442416295,14.,3.120724732737));
#2621 = VECTOR('',#2622,1.);
#2622 = DIRECTION('',(0.980187638997,0.,0.198071180029));
#2623 = ORIENTED_EDGE('',*,*,#2624,.F.);
#2624 = EDGE_CURVE('',#2625,#2617,#2627,.T.);
#2625 = VERTEX_POINT('',#2626);
#2626 = CARTESIAN_POINT('',(-128.5048012134,14.,3.030008217968));
#2627 = LINE('',#2628,#2629);
#2628 = CARTESIAN_POINT('',(-128.5048012134,14.,3.030008217968));
#2629 = VECTOR('',#2630,1.);
#2630 = DIRECTION('',(0.98114817889,0.,0.193256956049));
#2631 = ORIENTED_EDGE('',*,*,#2632,.F.);
#2632 = EDGE_CURVE('',#1855,#2625,#2633,.T.);
#2633 = LINE('',#2634,#2635);
#2634 = CARTESIAN_POINT('',(-128.9658005839,14.,2.941553728486));
#2635 = VECTOR('',#2636,1.);
#2636 = DIRECTION('',(0.982085073711,0.,0.188438074693));
#2637 = PLANE('',#2638);
#2638 = AXIS2_PLACEMENT_3D('',#2639,#2640,#2641);
#2639 = CARTESIAN_POINT('',(-118.4811120379,14.,14.226627305454));
#2640 = DIRECTION('',(0.,1.,0.));
#2641 = DIRECTION('',(0.,-0.,1.));
#2642 = ADVANCED_FACE('',(#2643),#2654,.T.);
#2643 = FACE_BOUND('',#2644,.T.);
#2644 = EDGE_LOOP('',(#2645,#2646,#2652,#2653));
#2645 = ORIENTED_EDGE('',*,*,#1293,.F.);
#2646 = ORIENTED_EDGE('',*,*,#2647,.T.);
#2647 = EDGE_CURVE('',#1286,#2377,#2648,.T.);
#2648 = LINE('',#2649,#2650);
#2649 = CARTESIAN_POINT('',(-114.4865626779,-14.,6.881271969252));
#2650 = VECTOR('',#2651,1.);
#2651 = DIRECTION('',(0.,1.,0.));
#2652 = ORIENTED_EDGE('',*,*,#2376,.T.);
#2653 = ORIENTED_EDGE('',*,*,#936,.F.);
#2654 = PLANE('',#2655);
#2655 = AXIS2_PLACEMENT_3D('',#2656,#2657,#2658);
#2656 = CARTESIAN_POINT('',(-114.4865626779,-14.,6.881271969252));
#2657 = DIRECTION('',(0.339761458125,0.,-0.940511643507));
#2658 = DIRECTION('',(0.940511643507,0.,0.339761458125));
#2659 = ADVANCED_FACE('',(#2660),#2708,.T.);
#2660 = FACE_BOUND('',#2661,.T.);
#2661 = EDGE_LOOP('',(#2662,#2663,#2671,#2679,#2687,#2695,#2701,#2702));
#2662 = ORIENTED_EDGE('',*,*,#1027,.F.);
#2663 = ORIENTED_EDGE('',*,*,#2664,.T.);
#2664 = EDGE_CURVE('',#1028,#2665,#2667,.T.);
#2665 = VERTEX_POINT('',#2666);
#2666 = CARTESIAN_POINT('',(-131.3841505931,-13.,15.714634141325));
#2667 = LINE('',#2668,#2669);
#2668 = CARTESIAN_POINT('',(-131.3841505931,-14.,15.714634141325));
#2669 = VECTOR('',#2670,1.);
#2670 = DIRECTION('',(0.,1.,0.));
#2671 = ORIENTED_EDGE('',*,*,#2672,.T.);
#2672 = EDGE_CURVE('',#2665,#2673,#2675,.T.);
#2673 = VERTEX_POINT('',#2674);
#2674 = CARTESIAN_POINT('',(-130.9190832837,-13.,13.258272523471));
#2675 = LINE('',#2676,#2677);
#2676 = CARTESIAN_POINT('',(-131.4399586703,-13.,16.009397535467));
#2677 = VECTOR('',#2678,1.);
#2678 = DIRECTION('',(0.186026923787,0.,-0.982544647141));
#2679 = ORIENTED_EDGE('',*,*,#2680,.T.);
#2680 = EDGE_CURVE('',#2673,#2681,#2683,.T.);
#2681 = VERTEX_POINT('',#2682);
#2682 = CARTESIAN_POINT('',(-130.9190832837,13.,13.258272523471));
#2683 = LINE('',#2684,#2685);
#2684 = CARTESIAN_POINT('',(-130.9190832837,-13.,13.258272523471));
#2685 = VECTOR('',#2686,1.);
#2686 = DIRECTION('',(0.,1.,0.));
#2687 = ORIENTED_EDGE('',*,*,#2688,.F.);
#2688 = EDGE_CURVE('',#2689,#2681,#2691,.T.);
#2689 = VERTEX_POINT('',#2690);
#2690 = CARTESIAN_POINT('',(-131.3841505931,13.,15.714634141325));
#2691 = LINE('',#2692,#2693);
#2692 = CARTESIAN_POINT('',(-131.4399586703,13.,16.009397535467));
#2693 = VECTOR('',#2694,1.);
#2694 = DIRECTION('',(0.186026923787,0.,-0.982544647141));
#2695 = ORIENTED_EDGE('',*,*,#2696,.T.);
#2696 = EDGE_CURVE('',#2689,#1853,#2697,.T.);
#2697 = LINE('',#2698,#2699);
#2698 = CARTESIAN_POINT('',(-131.3841505931,-14.,15.714634141325));
#2699 = VECTOR('',#2700,1.);
#2700 = DIRECTION('',(0.,1.,0.));
#2701 = ORIENTED_EDGE('',*,*,#1852,.T.);
#2702 = ORIENTED_EDGE('',*,*,#2703,.F.);
#2703 = EDGE_CURVE('',#1030,#1855,#2704,.T.);
#2704 = LINE('',#2705,#2706);
#2705 = CARTESIAN_POINT('',(-128.9658005839,-14.,2.941553728486));
#2706 = VECTOR('',#2707,1.);
#2707 = DIRECTION('',(0.,1.,0.));
#2708 = PLANE('',#2709);
#2709 = AXIS2_PLACEMENT_3D('',#2710,#2711,#2712);
#2710 = CARTESIAN_POINT('',(-131.3841505931,-14.,15.714634141325));
#2711 = DIRECTION('',(-0.982544647141,0.,-0.186026923787));
#2712 = DIRECTION('',(0.186026923787,0.,-0.982544647141));
#2713 = ADVANCED_FACE('',(#2714),#2725,.T.);
#2714 = FACE_BOUND('',#2715,.T.);
#2715 = EDGE_LOOP('',(#2716,#2717,#2718,#2724));
#2716 = ORIENTED_EDGE('',*,*,#2703,.T.);
#2717 = ORIENTED_EDGE('',*,*,#2632,.T.);
#2718 = ORIENTED_EDGE('',*,*,#2719,.F.);
#2719 = EDGE_CURVE('',#1038,#2625,#2720,.T.);
#2720 = LINE('',#2721,#2722);
#2721 = CARTESIAN_POINT('',(-128.5048012134,-14.,3.030008217968));
#2722 = VECTOR('',#2723,1.);
#2723 = DIRECTION('',(0.,1.,0.));
#2724 = ORIENTED_EDGE('',*,*,#1037,.F.);
#2725 = PLANE('',#2726);
#2726 = AXIS2_PLACEMENT_3D('',#2727,#2728,#2729);
#2727 = CARTESIAN_POINT('',(-128.9658005839,-14.,2.941553728486));
#2728 = DIRECTION('',(0.188438074693,0.,-0.982085073711));
#2729 = DIRECTION('',(0.982085073711,0.,0.188438074693));
#2730 = ADVANCED_FACE('',(#2731),#2742,.T.);
#2731 = FACE_BOUND('',#2732,.T.);
#2732 = EDGE_LOOP('',(#2733,#2734,#2735,#2741));
#2733 = ORIENTED_EDGE('',*,*,#2719,.T.);
#2734 = ORIENTED_EDGE('',*,*,#2624,.T.);
#2735 = ORIENTED_EDGE('',*,*,#2736,.F.);
#2736 = EDGE_CURVE('',#1046,#2617,#2737,.T.);
#2737 = LINE('',#2738,#2739);
#2738 = CARTESIAN_POINT('',(-128.0442416295,-14.,3.120724732737));
#2739 = VECTOR('',#2740,1.);
#2740 = DIRECTION('',(0.,1.,0.));
#2741 = ORIENTED_EDGE('',*,*,#1045,.F.);
#2742 = PLANE('',#2743);
#2743 = AXIS2_PLACEMENT_3D('',#2744,#2745,#2746);
#2744 = CARTESIAN_POINT('',(-128.5048012134,-14.,3.030008217968));
#2745 = DIRECTION('',(0.193256956049,0.,-0.98114817889));
#2746 = DIRECTION('',(0.98114817889,0.,0.193256956049));
#2747 = ADVANCED_FACE('',(#2748),#2759,.T.);
#2748 = FACE_BOUND('',#2749,.T.);
#2749 = EDGE_LOOP('',(#2750,#2751,#2752,#2758));
#2750 = ORIENTED_EDGE('',*,*,#2736,.T.);
#2751 = ORIENTED_EDGE('',*,*,#2616,.T.);
#2752 = ORIENTED_EDGE('',*,*,#2753,.F.);
#2753 = EDGE_CURVE('',#1054,#2609,#2754,.T.);
#2754 = LINE('',#2755,#2756);
#2755 = CARTESIAN_POINT('',(-127.5841329315,-14.,3.213701086582));
#2756 = VECTOR('',#2757,1.);
#2757 = DIRECTION('',(0.,1.,0.));
#2758 = ORIENTED_EDGE('',*,*,#1053,.F.);
#2759 = PLANE('',#2760);
#2760 = AXIS2_PLACEMENT_3D('',#2761,#2762,#2763);
#2761 = CARTESIAN_POINT('',(-128.0442416295,-14.,3.120724732737));
#2762 = DIRECTION('',(0.198071180029,0.,-0.980187638997));
#2763 = DIRECTION('',(0.980187638997,0.,0.198071180029));
#2764 = ADVANCED_FACE('',(#2765),#2776,.T.);
#2765 = FACE_BOUND('',#2766,.T.);
#2766 = EDGE_LOOP('',(#2767,#2768,#2769,#2775));
#2767 = ORIENTED_EDGE('',*,*,#2753,.T.);
#2768 = ORIENTED_EDGE('',*,*,#2608,.T.);
#2769 = ORIENTED_EDGE('',*,*,#2770,.F.);
#2770 = EDGE_CURVE('',#1062,#2601,#2771,.T.);
#2771 = LINE('',#2772,#2773);
#2772 = CARTESIAN_POINT('',(-127.1244862077,-14.,3.308935038828));
#2773 = VECTOR('',#2774,1.);
#2774 = DIRECTION('',(0.,1.,0.));
#2775 = ORIENTED_EDGE('',*,*,#1061,.F.);
#2776 = PLANE('',#2777);
#2777 = AXIS2_PLACEMENT_3D('',#2778,#2779,#2780);
#2778 = CARTESIAN_POINT('',(-127.5841329315,-14.,3.213701086582));
#2779 = DIRECTION('',(0.202880630615,0.,-0.97920347718));
#2780 = DIRECTION('',(0.97920347718,0.,0.202880630615));
#2781 = ADVANCED_FACE('',(#2782),#2793,.T.);
#2782 = FACE_BOUND('',#2783,.T.);
#2783 = EDGE_LOOP('',(#2784,#2785,#2786,#2792));
#2784 = ORIENTED_EDGE('',*,*,#2770,.T.);
#2785 = ORIENTED_EDGE('',*,*,#2600,.T.);
#2786 = ORIENTED_EDGE('',*,*,#2787,.F.);
#2787 = EDGE_CURVE('',#1070,#2593,#2788,.T.);
#2788 = LINE('',#2789,#2790);
#2789 = CARTESIAN_POINT('',(-126.6653125353,-14.,3.406424294397));
#2790 = VECTOR('',#2791,1.);
#2791 = DIRECTION('',(0.,1.,0.));
#2792 = ORIENTED_EDGE('',*,*,#1069,.F.);
#2793 = PLANE('',#2794);
#2794 = AXIS2_PLACEMENT_3D('',#2795,#2796,#2797);
#2795 = CARTESIAN_POINT('',(-127.1244862077,-14.,3.308935038828));
#2796 = DIRECTION('',(0.207685191902,0.,-0.978195717157));
#2797 = DIRECTION('',(0.978195717157,0.,0.207685191902));
#2798 = ADVANCED_FACE('',(#2799),#2810,.T.);
#2799 = FACE_BOUND('',#2800,.T.);
#2800 = EDGE_LOOP('',(#2801,#2802,#2803,#2809));
#2801 = ORIENTED_EDGE('',*,*,#2787,.T.);
#2802 = ORIENTED_EDGE('',*,*,#2592,.T.);
#2803 = ORIENTED_EDGE('',*,*,#2804,.F.);
#2804 = EDGE_CURVE('',#1078,#2585,#2805,.T.);
#2805 = LINE('',#2806,#2807);
#2806 = CARTESIAN_POINT('',(-126.2066229801,-14.,3.506166503855));
#2807 = VECTOR('',#2808,1.);
#2808 = DIRECTION('',(0.,1.,0.));
#2809 = ORIENTED_EDGE('',*,*,#1077,.F.);
#2810 = PLANE('',#2811);
#2811 = AXIS2_PLACEMENT_3D('',#2812,#2813,#2814);
#2812 = CARTESIAN_POINT('',(-126.6653125353,-14.,3.406424294397));
#2813 = DIRECTION('',(0.212484748103,0.,-0.977164383215));
#2814 = DIRECTION('',(0.977164383215,0.,0.212484748103));
#2815 = ADVANCED_FACE('',(#2816),#2827,.T.);
#2816 = FACE_BOUND('',#2817,.T.);
#2817 = EDGE_LOOP('',(#2818,#2819,#2820,#2826));
#2818 = ORIENTED_EDGE('',*,*,#2804,.T.);
#2819 = ORIENTED_EDGE('',*,*,#2584,.T.);
#2820 = ORIENTED_EDGE('',*,*,#2821,.F.);
#2821 = EDGE_CURVE('',#1086,#2577,#2822,.T.);
#2822 = LINE('',#2823,#2824);
#2823 = CARTESIAN_POINT('',(-125.7484285963,-14.,3.608159263478));
#2824 = VECTOR('',#2825,1.);
#2825 = DIRECTION('',(0.,1.,0.));
#2826 = ORIENTED_EDGE('',*,*,#1085,.F.);
#2827 = PLANE('',#2828);
#2828 = AXIS2_PLACEMENT_3D('',#2829,#2830,#2831);
#2829 = CARTESIAN_POINT('',(-126.2066229801,-14.,3.506166503855));
#2830 = DIRECTION('',(0.217279183551,0.,-0.976109500208));
#2831 = DIRECTION('',(0.976109500208,0.,0.217279183551));
#2832 = ADVANCED_FACE('',(#2833),#2844,.T.);
#2833 = FACE_BOUND('',#2834,.T.);
#2834 = EDGE_LOOP('',(#2835,#2836,#2837,#2843));
#2835 = ORIENTED_EDGE('',*,*,#2821,.T.);
#2836 = ORIENTED_EDGE('',*,*,#2576,.T.);
#2837 = ORIENTED_EDGE('',*,*,#2838,.F.);
#2838 = EDGE_CURVE('',#1094,#2569,#2839,.T.);
#2839 = LINE('',#2840,#2841);
#2840 = CARTESIAN_POINT('',(-125.2907404261,-14.,3.712400115301));
#2841 = VECTOR('',#2842,1.);
#2842 = DIRECTION('',(0.,1.,0.));
#2843 = ORIENTED_EDGE('',*,*,#1093,.F.);
#2844 = PLANE('',#2845);
#2845 = AXIS2_PLACEMENT_3D('',#2846,#2847,#2848);
#2846 = CARTESIAN_POINT('',(-125.7484285963,-14.,3.608159263478));
#2847 = DIRECTION('',(0.222068382703,0.,-0.975031093557));
#2848 = DIRECTION('',(0.975031093557,0.,0.222068382703));
#2849 = ADVANCED_FACE('',(#2850),#2861,.T.);
#2850 = FACE_BOUND('',#2851,.T.);
#2851 = EDGE_LOOP('',(#2852,#2853,#2854,#2860));
#2852 = ORIENTED_EDGE('',*,*,#2838,.T.);
#2853 = ORIENTED_EDGE('',*,*,#2568,.T.);
#2854 = ORIENTED_EDGE('',*,*,#2855,.F.);
#2855 = EDGE_CURVE('',#1102,#2561,#2856,.T.);
#2856 = LINE('',#2857,#2858);
#2857 = CARTESIAN_POINT('',(-124.8335694994,-14.,3.818886547184));
#2858 = VECTOR('',#2859,1.);
#2859 = DIRECTION('',(0.,1.,0.));
#2860 = ORIENTED_EDGE('',*,*,#1101,.F.);
#2861 = PLANE('',#2862);
#2862 = AXIS2_PLACEMENT_3D('',#2863,#2864,#2865);
#2863 = CARTESIAN_POINT('',(-125.2907404261,-14.,3.712400115301));
#2864 = DIRECTION('',(0.226852230143,0.,-0.973929189253));
#2865 = DIRECTION('',(0.973929189253,0.,0.226852230143));
#2866 = ADVANCED_FACE('',(#2867),#2878,.T.);
#2867 = FACE_BOUND('',#2868,.T.);
#2868 = EDGE_LOOP('',(#2869,#2870,#2871,#2877));
#2869 = ORIENTED_EDGE('',*,*,#2855,.T.);
#2870 = ORIENTED_EDGE('',*,*,#2560,.T.);
#2871 = ORIENTED_EDGE('',*,*,#2872,.F.);
#2872 = EDGE_CURVE('',#1110,#2553,#2873,.T.);
#2873 = LINE('',#2874,#2875);
#2874 = CARTESIAN_POINT('',(-124.3769268338,-14.,3.927615992869));
#2875 = VECTOR('',#2876,1.);
#2876 = DIRECTION('',(0.,1.,0.));
#2877 = ORIENTED_EDGE('',*,*,#1109,.F.);
#2878 = PLANE('',#2879);
#2879 = AXIS2_PLACEMENT_3D('',#2880,#2881,#2882);
#2880 = CARTESIAN_POINT('',(-124.8335694994,-14.,3.818886547184));
#2881 = DIRECTION('',(0.231630610582,0.,-0.97280381385));
#2882 = DIRECTION('',(0.97280381385,0.,0.231630610582));
#2883 = ADVANCED_FACE('',(#2884),#2895,.T.);
#2884 = FACE_BOUND('',#2885,.T.);
#2885 = EDGE_LOOP('',(#2886,#2887,#2888,#2894));
#2886 = ORIENTED_EDGE('',*,*,#2872,.T.);
#2887 = ORIENTED_EDGE('',*,*,#2552,.T.);
#2888 = ORIENTED_EDGE('',*,*,#2889,.F.);
#2889 = EDGE_CURVE('',#1118,#2545,#2890,.T.);
#2890 = LINE('',#2891,#2892);
#2891 = CARTESIAN_POINT('',(-123.9208234342,-14.,4.038585832042));
#2892 = VECTOR('',#2893,1.);
#2893 = DIRECTION('',(0.,1.,0.));
#2894 = ORIENTED_EDGE('',*,*,#1117,.F.);
#2895 = PLANE('',#2896);
#2896 = AXIS2_PLACEMENT_3D('',#2897,#2898,#2899);
#2897 = CARTESIAN_POINT('',(-124.3769268338,-14.,3.927615992869));
#2898 = DIRECTION('',(0.236403408865,0.,-0.971654994469));
#2899 = DIRECTION('',(0.971654994469,0.,0.236403408865));
#2900 = ADVANCED_FACE('',(#2901),#2912,.T.);
#2901 = FACE_BOUND('',#2902,.T.);
#2902 = EDGE_LOOP('',(#2903,#2904,#2905,#2911));
#2903 = ORIENTED_EDGE('',*,*,#2889,.T.);
#2904 = ORIENTED_EDGE('',*,*,#2544,.T.);
#2905 = ORIENTED_EDGE('',*,*,#2906,.F.);
#2906 = EDGE_CURVE('',#1126,#2537,#2907,.T.);
#2907 = LINE('',#2908,#2909);
#2908 = CARTESIAN_POINT('',(-123.4652702923,-14.,4.151793390399));
#2909 = VECTOR('',#2910,1.);
#2910 = DIRECTION('',(0.,1.,0.));
#2911 = ORIENTED_EDGE('',*,*,#1125,.F.);
#2912 = PLANE('',#2913);
#2913 = AXIS2_PLACEMENT_3D('',#2914,#2915,#2916);
#2914 = CARTESIAN_POINT('',(-123.9208234342,-14.,4.038585832042));
#2915 = DIRECTION('',(0.241170509971,0.,-0.970482758796));
#2916 = DIRECTION('',(0.970482758796,0.,0.241170509971));
#2917 = ADVANCED_FACE('',(#2918),#2929,.T.);
#2918 = FACE_BOUND('',#2919,.T.);
#2919 = EDGE_LOOP('',(#2920,#2921,#2922,#2928));
#2920 = ORIENTED_EDGE('',*,*,#2906,.T.);
#2921 = ORIENTED_EDGE('',*,*,#2536,.T.);
#2922 = ORIENTED_EDGE('',*,*,#2923,.F.);
#2923 = EDGE_CURVE('',#1134,#2529,#2924,.T.);
#2924 = LINE('',#2925,#2926);
#2925 = CARTESIAN_POINT('',(-123.0102783867,-14.,4.267235939705));
#2926 = VECTOR('',#2927,1.);
#2927 = DIRECTION('',(0.,1.,0.));
#2928 = ORIENTED_EDGE('',*,*,#1133,.F.);
#2929 = PLANE('',#2930);
#2930 = AXIS2_PLACEMENT_3D('',#2931,#2932,#2933);
#2931 = CARTESIAN_POINT('',(-123.4652702923,-14.,4.151793390399));
#2932 = DIRECTION('',(0.245931799014,0.,-0.969287135081));
#2933 = DIRECTION('',(0.969287135081,0.,0.245931799014));
#2934 = ADVANCED_FACE('',(#2935),#2946,.T.);
#2935 = FACE_BOUND('',#2936,.T.);
#2936 = EDGE_LOOP('',(#2937,#2938,#2939,#2945));
#2937 = ORIENTED_EDGE('',*,*,#2923,.T.);
#2938 = ORIENTED_EDGE('',*,*,#2528,.T.);
#2939 = ORIENTED_EDGE('',*,*,#2940,.F.);
#2940 = EDGE_CURVE('',#1142,#2521,#2941,.T.);
#2941 = LINE('',#2942,#2943);
#2942 = CARTESIAN_POINT('',(-122.5558586824,-14.,4.384910697867));
#2943 = VECTOR('',#2944,1.);
#2944 = DIRECTION('',(0.,1.,0.));
#2945 = ORIENTED_EDGE('',*,*,#1141,.F.);
#2946 = PLANE('',#2947);
#2947 = AXIS2_PLACEMENT_3D('',#2948,#2949,#2950);
#2948 = CARTESIAN_POINT('',(-123.0102783867,-14.,4.267235939705));
#2949 = DIRECTION('',(0.250687161251,0.,-0.968068152138));
#2950 = DIRECTION('',(0.968068152138,0.,0.250687161251));
#2951 = ADVANCED_FACE('',(#2952),#2963,.T.);
#2952 = FACE_BOUND('',#2953,.T.);
#2953 = EDGE_LOOP('',(#2954,#2955,#2956,#2962));
#2954 = ORIENTED_EDGE('',*,*,#2940,.T.);
#2955 = ORIENTED_EDGE('',*,*,#2520,.T.);
#2956 = ORIENTED_EDGE('',*,*,#2957,.F.);
#2957 = EDGE_CURVE('',#1150,#2513,#2958,.T.);
#2958 = LINE('',#2959,#2960);
#2959 = CARTESIAN_POINT('',(-122.1020221307,-14.,4.504814828995));
#2960 = VECTOR('',#2961,1.);
#2961 = DIRECTION('',(0.,1.,0.));
#2962 = ORIENTED_EDGE('',*,*,#1149,.F.);
#2963 = PLANE('',#2964);
#2964 = AXIS2_PLACEMENT_3D('',#2965,#2966,#2967);
#2965 = CARTESIAN_POINT('',(-122.5558586824,-14.,4.384910697867));
#2966 = DIRECTION('',(0.255436482081,0.,-0.966825839343));
#2967 = DIRECTION('',(0.966825839343,0.,0.255436482081));
#2968 = ADVANCED_FACE('',(#2969),#2980,.T.);
#2969 = FACE_BOUND('',#2970,.T.);
#2970 = EDGE_LOOP('',(#2971,#2972,#2973,#2979));
#2971 = ORIENTED_EDGE('',*,*,#2957,.T.);
#2972 = ORIENTED_EDGE('',*,*,#2512,.T.);
#2973 = ORIENTED_EDGE('',*,*,#2974,.F.);
#2974 = EDGE_CURVE('',#1158,#2505,#2975,.T.);
#2975 = LINE('',#2976,#2977);
#2976 = CARTESIAN_POINT('',(-121.6487796686,-14.,4.626945443471));
#2977 = VECTOR('',#2978,1.);
#2978 = DIRECTION('',(0.,1.,0.));
#2979 = ORIENTED_EDGE('',*,*,#1157,.F.);
#2980 = PLANE('',#2981);
#2981 = AXIS2_PLACEMENT_3D('',#2982,#2983,#2984);
#2982 = CARTESIAN_POINT('',(-122.1020221307,-14.,4.504814828995));
#2983 = DIRECTION('',(0.260179647047,0.,-0.965560226637));
#2984 = DIRECTION('',(0.965560226637,0.,0.260179647047));
#2985 = ADVANCED_FACE('',(#2986),#2997,.T.);
#2986 = FACE_BOUND('',#2987,.T.);
#2987 = EDGE_LOOP('',(#2988,#2989,#2990,#2996));
#2988 = ORIENTED_EDGE('',*,*,#2974,.T.);
#2989 = ORIENTED_EDGE('',*,*,#2504,.T.);
#2990 = ORIENTED_EDGE('',*,*,#2991,.F.);
#2991 = EDGE_CURVE('',#1166,#2497,#2992,.T.);
#2992 = LINE('',#2993,#2994);
#2993 = CARTESIAN_POINT('',(-121.1961422192,-14.,4.751299598023));
#2994 = VECTOR('',#2995,1.);
#2995 = DIRECTION('',(0.,1.,0.));
#2996 = ORIENTED_EDGE('',*,*,#1165,.F.);
#2997 = PLANE('',#2998);
#2998 = AXIS2_PLACEMENT_3D('',#2999,#3000,#3001);
#2999 = CARTESIAN_POINT('',(-121.6487796686,-14.,4.626945443471));
#3000 = DIRECTION('',(0.264916541843,0.,-0.964271344518));
#3001 = DIRECTION('',(0.964271344518,0.,0.264916541843));
#3002 = ADVANCED_FACE('',(#3003),#3014,.T.);
#3003 = FACE_BOUND('',#3004,.T.);
#3004 = EDGE_LOOP('',(#3005,#3006,#3007,#3013));
#3005 = ORIENTED_EDGE('',*,*,#2991,.T.);
#3006 = ORIENTED_EDGE('',*,*,#2496,.T.);
#3007 = ORIENTED_EDGE('',*,*,#3008,.F.);
#3008 = EDGE_CURVE('',#1174,#2489,#3009,.T.);
#3009 = LINE('',#3010,#3011);
#3010 = CARTESIAN_POINT('',(-120.7441206907,-14.,4.877874295792));
#3011 = VECTOR('',#3012,1.);
#3012 = DIRECTION('',(0.,1.,0.));
#3013 = ORIENTED_EDGE('',*,*,#1173,.F.);
#3014 = PLANE('',#3015);
#3015 = AXIS2_PLACEMENT_3D('',#3016,#3017,#3018);
#3016 = CARTESIAN_POINT('',(-121.1961422192,-14.,4.751299598023));
#3017 = DIRECTION('',(0.269647052312,0.,-0.962959224048));
#3018 = DIRECTION('',(0.962959224048,0.,0.269647052312));
#3019 = ADVANCED_FACE('',(#3020),#3031,.T.);
#3020 = FACE_BOUND('',#3021,.T.);
#3021 = EDGE_LOOP('',(#3022,#3023,#3024,#3030));
#3022 = ORIENTED_EDGE('',*,*,#3008,.T.);
#3023 = ORIENTED_EDGE('',*,*,#2488,.T.);
#3024 = ORIENTED_EDGE('',*,*,#3025,.F.);
#3025 = EDGE_CURVE('',#1182,#2481,#3026,.T.);
#3026 = LINE('',#3027,#3028);
#3027 = CARTESIAN_POINT('',(-120.2927259765,-14.,5.006666486404));
#3028 = VECTOR('',#3029,1.);
#3029 = DIRECTION('',(0.,1.,0.));
#3030 = ORIENTED_EDGE('',*,*,#1181,.F.);
#3031 = PLANE('',#3032);
#3032 = AXIS2_PLACEMENT_3D('',#3033,#3034,#3035);
#3033 = CARTESIAN_POINT('',(-120.7441206907,-14.,4.877874295792));
#3034 = DIRECTION('',(0.274371064452,0.,-0.961623896849));
#3035 = DIRECTION('',(0.961623896849,0.,0.274371064452));
#3036 = ADVANCED_FACE('',(#3037),#3048,.T.);
#3037 = FACE_BOUND('',#3038,.T.);
#3038 = EDGE_LOOP('',(#3039,#3040,#3041,#3047));
#3039 = ORIENTED_EDGE('',*,*,#3025,.T.);
#3040 = ORIENTED_EDGE('',*,*,#2480,.T.);
#3041 = ORIENTED_EDGE('',*,*,#3042,.F.);
#3042 = EDGE_CURVE('',#1190,#2473,#3043,.T.);
#3043 = LINE('',#3044,#3045);
#3044 = CARTESIAN_POINT('',(-119.841968955,-14.,5.137673066047));
#3045 = VECTOR('',#3046,1.);
#3046 = DIRECTION('',(0.,1.,0.));
#3047 = ORIENTED_EDGE('',*,*,#1189,.F.);
#3048 = PLANE('',#3049);
#3049 = AXIS2_PLACEMENT_3D('',#3050,#3051,#3052);
#3050 = CARTESIAN_POINT('',(-120.2927259765,-14.,5.006666486404));
#3051 = DIRECTION('',(0.279088464416,0.,-0.960265395102));
#3052 = DIRECTION('',(0.960265395102,0.,0.279088464416));
#3053 = ADVANCED_FACE('',(#3054),#3065,.T.);
#3054 = FACE_BOUND('',#3055,.T.);
#3055 = EDGE_LOOP('',(#3056,#3057,#3058,#3064));
#3056 = ORIENTED_EDGE('',*,*,#3042,.T.);
#3057 = ORIENTED_EDGE('',*,*,#2472,.T.);
#3058 = ORIENTED_EDGE('',*,*,#3059,.F.);
#3059 = EDGE_CURVE('',#1198,#2465,#3060,.T.);
#3060 = LINE('',#3061,#3062);
#3061 = CARTESIAN_POINT('',(-119.3918604891,-14.,5.270890877542));
#3062 = VECTOR('',#3063,1.);
#3063 = DIRECTION('',(0.,1.,0.));
#3064 = ORIENTED_EDGE('',*,*,#1197,.F.);
#3065 = PLANE('',#3066);
#3066 = AXIS2_PLACEMENT_3D('',#3067,#3068,#3069);
#3067 = CARTESIAN_POINT('',(-119.841968955,-14.,5.137673066047));
#3068 = DIRECTION('',(0.283799138519,0.,-0.958883751544));
#3069 = DIRECTION('',(0.958883751544,0.,0.283799138519));
#3070 = ADVANCED_FACE('',(#3071),#3082,.T.);
#3071 = FACE_BOUND('',#3072,.T.);
#3072 = EDGE_LOOP('',(#3073,#3074,#3075,#3081));
#3073 = ORIENTED_EDGE('',*,*,#3059,.T.);
#3074 = ORIENTED_EDGE('',*,*,#2464,.T.);
#3075 = ORIENTED_EDGE('',*,*,#3076,.F.);
#3076 = EDGE_CURVE('',#1206,#2457,#3077,.T.);
#3077 = LINE('',#3078,#3079);
#3078 = CARTESIAN_POINT('',(-118.9424114262,-14.,5.406316710421));
#3079 = VECTOR('',#3080,1.);
#3080 = DIRECTION('',(0.,1.,0.));
#3081 = ORIENTED_EDGE('',*,*,#1205,.F.);
#3082 = PLANE('',#3083);
#3083 = AXIS2_PLACEMENT_3D('',#3084,#3085,#3086);
#3084 = CARTESIAN_POINT('',(-119.3918604891,-14.,5.270890877542));
#3085 = DIRECTION('',(0.288502973236,0.,-0.957478999474));
#3086 = DIRECTION('',(0.957478999474,0.,0.288502973236));
#3087 = ADVANCED_FACE('',(#3088),#3099,.T.);
#3088 = FACE_BOUND('',#3089,.T.);
#3089 = EDGE_LOOP('',(#3090,#3091,#3092,#3098));
#3090 = ORIENTED_EDGE('',*,*,#3076,.T.);
#3091 = ORIENTED_EDGE('',*,*,#2456,.T.);
#3092 = ORIENTED_EDGE('',*,*,#3093,.F.);
#3093 = EDGE_CURVE('',#1214,#2449,#3094,.T.);
#3094 = LINE('',#3095,#3096);
#3095 = CARTESIAN_POINT('',(-118.4936325977,-14.,5.543947301004));
#3096 = VECTOR('',#3097,1.);
#3097 = DIRECTION('',(0.,1.,0.));
#3098 = ORIENTED_EDGE('',*,*,#1213,.F.);
#3099 = PLANE('',#3100);
#3100 = AXIS2_PLACEMENT_3D('',#3101,#3102,#3103);
#3101 = CARTESIAN_POINT('',(-118.9424114262,-14.,5.406316710421));
#3102 = DIRECTION('',(0.293199855207,0.,-0.956051172745));
#3103 = DIRECTION('',(0.956051172745,0.,0.293199855207));
#3104 = ADVANCED_FACE('',(#3105),#3116,.T.);
#3105 = FACE_BOUND('',#3106,.T.);
#3106 = EDGE_LOOP('',(#3107,#3108,#3109,#3115));
#3107 = ORIENTED_EDGE('',*,*,#3093,.T.);
#3108 = ORIENTED_EDGE('',*,*,#2448,.T.);
#3109 = ORIENTED_EDGE('',*,*,#3110,.F.);
#3110 = EDGE_CURVE('',#1222,#2441,#3111,.T.);
#3111 = LINE('',#3112,#3113);
#3112 = CARTESIAN_POINT('',(-118.0455348189,-14.,5.683779332478));
#3113 = VECTOR('',#3114,1.);
#3114 = DIRECTION('',(0.,1.,0.));
#3115 = ORIENTED_EDGE('',*,*,#1221,.F.);
#3116 = PLANE('',#3117);
#3117 = AXIS2_PLACEMENT_3D('',#3118,#3119,#3120);
#3118 = CARTESIAN_POINT('',(-118.4936325977,-14.,5.543947301004));
#3119 = DIRECTION('',(0.297889671241,0.,-0.954600305766));
#3120 = DIRECTION('',(0.954600305766,0.,0.297889671241));
#3121 = ADVANCED_FACE('',(#3122),#3133,.T.);
#3122 = FACE_BOUND('',#3123,.T.);
#3123 = EDGE_LOOP('',(#3124,#3125,#3126,#3132));
#3124 = ORIENTED_EDGE('',*,*,#3110,.T.);
#3125 = ORIENTED_EDGE('',*,*,#2440,.T.);
#3126 = ORIENTED_EDGE('',*,*,#3127,.F.);
#3127 = EDGE_CURVE('',#1230,#2433,#3128,.T.);
#3128 = LINE('',#3129,#3130);
#3129 = CARTESIAN_POINT('',(-117.5981288888,-14.,5.825809434976));
#3130 = VECTOR('',#3131,1.);
#3131 = DIRECTION('',(0.,1.,0.));
#3132 = ORIENTED_EDGE('',*,*,#1229,.F.);
#3133 = PLANE('',#3134);
#3134 = AXIS2_PLACEMENT_3D('',#3135,#3136,#3137);
#3135 = CARTESIAN_POINT('',(-118.0455348189,-14.,5.683779332478));
#3136 = DIRECTION('',(0.302572308316,0.,-0.953126433502));
#3137 = DIRECTION('',(0.953126433502,0.,0.302572308316));
#3138 = ADVANCED_FACE('',(#3139),#3150,.T.);
#3139 = FACE_BOUND('',#3140,.T.);
#3140 = EDGE_LOOP('',(#3141,#3142,#3143,#3149));
#3141 = ORIENTED_EDGE('',*,*,#3127,.T.);
#3142 = ORIENTED_EDGE('',*,*,#2432,.T.);
#3143 = ORIENTED_EDGE('',*,*,#3144,.F.);
#3144 = EDGE_CURVE('',#1238,#2425,#3145,.T.);
#3145 = LINE('',#3146,#3147);
#3146 = CARTESIAN_POINT('',(-117.1514255894,-14.,5.97003418566));
#3147 = VECTOR('',#3148,1.);
#3148 = DIRECTION('',(0.,1.,0.));
#3149 = ORIENTED_EDGE('',*,*,#1237,.F.);
#3150 = PLANE('',#3151);
#3151 = AXIS2_PLACEMENT_3D('',#3152,#3153,#3154);
#3152 = CARTESIAN_POINT('',(-117.5981288888,-14.,5.825809434976));
#3153 = DIRECTION('',(0.307247653582,0.,-0.951629591474));
#3154 = DIRECTION('',(0.951629591474,0.,0.307247653582));
#3155 = ADVANCED_FACE('',(#3156),#3167,.T.);
#3156 = FACE_BOUND('',#3157,.T.);
#3157 = EDGE_LOOP('',(#3158,#3159,#3160,#3166));
#3158 = ORIENTED_EDGE('',*,*,#3144,.T.);
#3159 = ORIENTED_EDGE('',*,*,#2424,.T.);
#3160 = ORIENTED_EDGE('',*,*,#3161,.F.);
#3161 = EDGE_CURVE('',#1246,#2417,#3162,.T.);
#3162 = LINE('',#3163,#3164);
#3163 = CARTESIAN_POINT('',(-116.7054356862,-14.,6.116450108801));
#3164 = VECTOR('',#3165,1.);
#3165 = DIRECTION('',(0.,1.,0.));
#3166 = ORIENTED_EDGE('',*,*,#1245,.F.);
#3167 = PLANE('',#3168);
#3168 = AXIS2_PLACEMENT_3D('',#3169,#3170,#3171);
#3169 = CARTESIAN_POINT('',(-117.1514255894,-14.,5.97003418566));
#3170 = DIRECTION('',(0.311915594368,0.,-0.950109815753));
#3171 = DIRECTION('',(0.950109815753,0.,0.311915594368));
#3172 = ADVANCED_FACE('',(#3173),#3184,.T.);
#3173 = FACE_BOUND('',#3174,.T.);
#3174 = EDGE_LOOP('',(#3175,#3176,#3177,#3183));
#3175 = ORIENTED_EDGE('',*,*,#3161,.T.);
#3176 = ORIENTED_EDGE('',*,*,#2416,.T.);
#3177 = ORIENTED_EDGE('',*,*,#3178,.F.);
#3178 = EDGE_CURVE('',#1254,#2409,#3179,.T.);
#3179 = LINE('',#3180,#3181);
#3180 = CARTESIAN_POINT('',(-116.2601699271,-14.,6.265053675865));
#3181 = VECTOR('',#3182,1.);
#3182 = DIRECTION('',(0.,1.,0.));
#3183 = ORIENTED_EDGE('',*,*,#1253,.F.);
#3184 = PLANE('',#3185);
#3185 = AXIS2_PLACEMENT_3D('',#3186,#3187,#3188);
#3186 = CARTESIAN_POINT('',(-116.7054356862,-14.,6.116450108801));
#3187 = DIRECTION('',(0.316576018179,0.,-0.948567142966));
#3188 = DIRECTION('',(0.948567142966,0.,0.316576018179));
#3189 = ADVANCED_FACE('',(#3190),#3201,.T.);
#3190 = FACE_BOUND('',#3191,.T.);
#3191 = EDGE_LOOP('',(#3192,#3193,#3194,#3200));
#3192 = ORIENTED_EDGE('',*,*,#3178,.T.);
#3193 = ORIENTED_EDGE('',*,*,#2408,.T.);
#3194 = ORIENTED_EDGE('',*,*,#3195,.F.);
#3195 = EDGE_CURVE('',#1262,#2401,#3196,.T.);
#3196 = LINE('',#3197,#3198);
#3197 = CARTESIAN_POINT('',(-115.8156390428,-14.,6.415841305596));
#3198 = VECTOR('',#3199,1.);
#3199 = DIRECTION('',(0.,1.,0.));
#3200 = ORIENTED_EDGE('',*,*,#1261,.F.);
#3201 = PLANE('',#3202);
#3202 = AXIS2_PLACEMENT_3D('',#3203,#3204,#3205);
#3203 = CARTESIAN_POINT('',(-116.2601699271,-14.,6.265053675865));
#3204 = DIRECTION('',(0.321228812701,0.,-0.94700161029));
#3205 = DIRECTION('',(0.94700161029,0.,0.321228812701));
#3206 = ADVANCED_FACE('',(#3207),#3218,.T.);
#3207 = FACE_BOUND('',#3208,.T.);
#3208 = EDGE_LOOP('',(#3209,#3210,#3211,#3217));
#3209 = ORIENTED_EDGE('',*,*,#3195,.T.);
#3210 = ORIENTED_EDGE('',*,*,#2400,.T.);
#3211 = ORIENTED_EDGE('',*,*,#3212,.F.);
#3212 = EDGE_CURVE('',#1270,#2393,#3213,.T.);
#3213 = LINE('',#3214,#3215);
#3214 = CARTESIAN_POINT('',(-115.3718537462,-14.,6.568809364105));
#3215 = VECTOR('',#3216,1.);
#3216 = DIRECTION('',(0.,1.,0.));
#3217 = ORIENTED_EDGE('',*,*,#1269,.F.);
#3218 = PLANE('',#3219);
#3219 = AXIS2_PLACEMENT_3D('',#3220,#3221,#3222);
#3220 = CARTESIAN_POINT('',(-115.8156390428,-14.,6.415841305596));
#3221 = DIRECTION('',(0.325873865804,0.,-0.945413255453));
#3222 = DIRECTION('',(0.945413255453,0.,0.325873865804));
#3223 = ADVANCED_FACE('',(#3224),#3235,.T.);
#3224 = FACE_BOUND('',#3225,.T.);
#3225 = EDGE_LOOP('',(#3226,#3227,#3228,#3234));
#3226 = ORIENTED_EDGE('',*,*,#3212,.T.);
#3227 = ORIENTED_EDGE('',*,*,#2392,.T.);
#3228 = ORIENTED_EDGE('',*,*,#3229,.F.);
#3229 = EDGE_CURVE('',#1278,#2385,#3230,.T.);
#3230 = LINE('',#3231,#3232);
#3231 = CARTESIAN_POINT('',(-114.9288247324,-14.,6.723954164956));
#3232 = VECTOR('',#3233,1.);
#3233 = DIRECTION('',(0.,1.,0.));
#3234 = ORIENTED_EDGE('',*,*,#1277,.F.);
#3235 = PLANE('',#3236);
#3236 = AXIS2_PLACEMENT_3D('',#3237,#3238,#3239);
#3237 = CARTESIAN_POINT('',(-115.3718537462,-14.,6.568809364105));
#3238 = DIRECTION('',(0.330511065547,0.,-0.943802116734));
#3239 = DIRECTION('',(0.943802116734,0.,0.330511065547));
#3240 = ADVANCED_FACE('',(#3241),#3247,.T.);
#3241 = FACE_BOUND('',#3242,.T.);
#3242 = EDGE_LOOP('',(#3243,#3244,#3245,#3246));
#3243 = ORIENTED_EDGE('',*,*,#3229,.T.);
#3244 = ORIENTED_EDGE('',*,*,#2384,.T.);
#3245 = ORIENTED_EDGE('',*,*,#2647,.F.);
#3246 = ORIENTED_EDGE('',*,*,#1285,.F.);
#3247 = PLANE('',#3248);
#3248 = AXIS2_PLACEMENT_3D('',#3249,#3250,#3251);
#3249 = CARTESIAN_POINT('',(-114.9288247324,-14.,6.723954164956));
#3250 = DIRECTION('',(0.335140300174,0.,-0.94216823296));
#3251 = DIRECTION('',(0.94216823296,0.,0.335140300174));
#3252 = ADVANCED_FACE('',(#3253),#3264,.T.);
#3253 = FACE_BOUND('',#3254,.T.);
#3254 = EDGE_LOOP('',(#3255,#3256,#3257,#3263));
#3255 = ORIENTED_EDGE('',*,*,#1838,.T.);
#3256 = ORIENTED_EDGE('',*,*,#2366,.T.);
#3257 = ORIENTED_EDGE('',*,*,#3258,.F.);
#3258 = EDGE_CURVE('',#1311,#2359,#3259,.T.);
#3259 = LINE('',#3260,#3261);
#3260 = CARTESIAN_POINT('',(-107.4054970376,-14.,24.244122686206));
#3261 = VECTOR('',#3262,1.);
#3262 = DIRECTION('',(0.,1.,0.));
#3263 = ORIENTED_EDGE('',*,*,#1310,.F.);
#3264 = PLANE('',#3265);
#3265 = AXIS2_PLACEMENT_3D('',#3266,#3267,#3268);
#3266 = CARTESIAN_POINT('',(-107.049333863,-14.,24.438162131568));
#3267 = DIRECTION('',(-0.478412409046,0.,0.878135278229));
#3268 = DIRECTION('',(-0.878135278229,0.,-0.478412409046));
#3269 = ADVANCED_FACE('',(#3270),#3281,.T.);
#3270 = FACE_BOUND('',#3271,.T.);
#3271 = EDGE_LOOP('',(#3272,#3273,#3274,#3280));
#3272 = ORIENTED_EDGE('',*,*,#3258,.T.);
#3273 = ORIENTED_EDGE('',*,*,#2358,.T.);
#3274 = ORIENTED_EDGE('',*,*,#3275,.F.);
#3275 = EDGE_CURVE('',#1319,#2351,#3276,.T.);
#3276 = LINE('',#3277,#3278);
#3277 = CARTESIAN_POINT('',(-107.7626084791,-14.,24.051834018927));
#3278 = VECTOR('',#3279,1.);
#3279 = DIRECTION('',(0.,1.,0.));
#3280 = ORIENTED_EDGE('',*,*,#1318,.F.);
#3281 = PLANE('',#3282);
#3282 = AXIS2_PLACEMENT_3D('',#3283,#3284,#3285);
#3283 = CARTESIAN_POINT('',(-107.4054970376,-14.,24.244122686206));
#3284 = DIRECTION('',(-0.47409579209,0.,0.880473270419));
#3285 = DIRECTION('',(-0.880473270419,0.,-0.47409579209));
#3286 = ADVANCED_FACE('',(#3287),#3298,.T.);
#3287 = FACE_BOUND('',#3288,.T.);
#3288 = EDGE_LOOP('',(#3289,#3290,#3291,#3297));
#3289 = ORIENTED_EDGE('',*,*,#3275,.T.);
#3290 = ORIENTED_EDGE('',*,*,#2350,.T.);
#3291 = ORIENTED_EDGE('',*,*,#3292,.F.);
#3292 = EDGE_CURVE('',#1327,#2343,#3293,.T.);
#3293 = LINE('',#3294,#3295);
#3294 = CARTESIAN_POINT('',(-108.1206595815,-14.,23.861300763769));
#3295 = VECTOR('',#3296,1.);
#3296 = DIRECTION('',(0.,1.,0.));
#3297 = ORIENTED_EDGE('',*,*,#1326,.F.);
#3298 = PLANE('',#3299);
#3299 = AXIS2_PLACEMENT_3D('',#3300,#3301,#3302);
#3300 = CARTESIAN_POINT('',(-107.7626084791,-14.,24.051834018927));
#3301 = DIRECTION('',(-0.469767749715,0.,0.882790043741));
#3302 = DIRECTION('',(-0.882790043741,0.,-0.469767749715));
#3303 = ADVANCED_FACE('',(#3304),#3315,.T.);
#3304 = FACE_BOUND('',#3305,.T.);
#3305 = EDGE_LOOP('',(#3306,#3307,#3308,#3314));
#3306 = ORIENTED_EDGE('',*,*,#3292,.T.);
#3307 = ORIENTED_EDGE('',*,*,#2342,.T.);
#3308 = ORIENTED_EDGE('',*,*,#3309,.F.);
#3309 = EDGE_CURVE('',#1335,#2335,#3310,.T.);
#3310 = LINE('',#3311,#3312);
#3311 = CARTESIAN_POINT('',(-108.4796417159,-14.,23.672527512468));
#3312 = VECTOR('',#3313,1.);
#3313 = DIRECTION('',(0.,1.,0.));
#3314 = ORIENTED_EDGE('',*,*,#1334,.F.);
#3315 = PLANE('',#3316);
#3316 = AXIS2_PLACEMENT_3D('',#3317,#3318,#3319);
#3317 = CARTESIAN_POINT('',(-108.1206595815,-14.,23.861300763769));
#3318 = DIRECTION('',(-0.465428386224,0.,0.885085542361));
#3319 = DIRECTION('',(-0.885085542361,0.,-0.465428386224));
#3320 = ADVANCED_FACE('',(#3321),#3332,.T.);
#3321 = FACE_BOUND('',#3322,.T.);
#3322 = EDGE_LOOP('',(#3323,#3324,#3325,#3331));
#3323 = ORIENTED_EDGE('',*,*,#3309,.T.);
#3324 = ORIENTED_EDGE('',*,*,#2334,.T.);
#3325 = ORIENTED_EDGE('',*,*,#3326,.F.);
#3326 = EDGE_CURVE('',#1343,#2327,#3327,.T.);
#3327 = LINE('',#3328,#3329);
#3328 = CARTESIAN_POINT('',(-108.8395462312,-14.,23.485518814343));
#3329 = VECTOR('',#3330,1.);
#3330 = DIRECTION('',(0.,1.,0.));
#3331 = ORIENTED_EDGE('',*,*,#1342,.F.);
#3332 = PLANE('',#3333);
#3333 = AXIS2_PLACEMENT_3D('',#3334,#3335,#3336);
#3334 = CARTESIAN_POINT('',(-108.4796417159,-14.,23.672527512468));
#3335 = DIRECTION('',(-0.461077806193,0.,0.88735971096));
#3336 = DIRECTION('',(-0.88735971096,0.,-0.461077806193));
#3337 = ADVANCED_FACE('',(#3338),#3349,.T.);
#3338 = FACE_BOUND('',#3339,.T.);
#3339 = EDGE_LOOP('',(#3340,#3341,#3342,#3348));
#3340 = ORIENTED_EDGE('',*,*,#3326,.T.);
#3341 = ORIENTED_EDGE('',*,*,#2326,.T.);
#3342 = ORIENTED_EDGE('',*,*,#3343,.F.);
#3343 = EDGE_CURVE('',#1351,#2319,#3344,.T.);
#3344 = LINE('',#3345,#3346);
#3345 = CARTESIAN_POINT('',(-109.2003644537,-14.,23.300279176191));
#3346 = VECTOR('',#3347,1.);
#3347 = DIRECTION('',(0.,1.,0.));
#3348 = ORIENTED_EDGE('',*,*,#1350,.F.);
#3349 = PLANE('',#3350);
#3350 = AXIS2_PLACEMENT_3D('',#3351,#3352,#3353);
#3351 = CARTESIAN_POINT('',(-108.8395462312,-14.,23.485518814343));
#3352 = DIRECTION('',(-0.456716114469,0.,0.889612494733));
#3353 = DIRECTION('',(-0.889612494733,0.,-0.456716114469));
#3354 = ADVANCED_FACE('',(#3355),#3366,.T.);
#3355 = FACE_BOUND('',#3356,.T.);
#3356 = EDGE_LOOP('',(#3357,#3358,#3359,#3365));
#3357 = ORIENTED_EDGE('',*,*,#3343,.T.);
#3358 = ORIENTED_EDGE('',*,*,#2318,.T.);
#3359 = ORIENTED_EDGE('',*,*,#3360,.F.);
#3360 = EDGE_CURVE('',#1359,#2311,#3361,.T.);
#3361 = LINE('',#3362,#3363);
#3362 = CARTESIAN_POINT('',(-109.562087688,-14.,23.116813062173));
#3363 = VECTOR('',#3364,1.);
#3364 = DIRECTION('',(0.,1.,0.));
#3365 = ORIENTED_EDGE('',*,*,#1358,.F.);
#3366 = PLANE('',#3367);
#3367 = AXIS2_PLACEMENT_3D('',#3368,#3369,#3370);
#3368 = CARTESIAN_POINT('',(-109.2003644537,-14.,23.300279176191));
#3369 = DIRECTION('',(-0.452343416165,0.,0.891843839387));
#3370 = DIRECTION('',(-0.891843839387,0.,-0.452343416165));
#3371 = ADVANCED_FACE('',(#3372),#3383,.T.);
#3372 = FACE_BOUND('',#3373,.T.);
#3373 = EDGE_LOOP('',(#3374,#3375,#3376,#3382));
#3374 = ORIENTED_EDGE('',*,*,#3360,.T.);
#3375 = ORIENTED_EDGE('',*,*,#2310,.T.);
#3376 = ORIENTED_EDGE('',*,*,#3377,.F.);
#3377 = EDGE_CURVE('',#1367,#2303,#3378,.T.);
#3378 = LINE('',#3379,#3380);
#3379 = CARTESIAN_POINT('',(-109.9247072168,-14.,22.935124893711));
#3380 = VECTOR('',#3381,1.);
#3381 = DIRECTION('',(0.,1.,0.));
#3382 = ORIENTED_EDGE('',*,*,#1366,.F.);
#3383 = PLANE('',#3384);
#3384 = AXIS2_PLACEMENT_3D('',#3385,#3386,#3387);
#3385 = CARTESIAN_POINT('',(-109.562087688,-14.,23.116813062173));
#3386 = DIRECTION('',(-0.447959816661,0.,0.894053691149));
#3387 = DIRECTION('',(-0.894053691149,0.,-0.447959816661));
#3388 = ADVANCED_FACE('',(#3389),#3400,.T.);
#3389 = FACE_BOUND('',#3390,.T.);
#3390 = EDGE_LOOP('',(#3391,#3392,#3393,#3399));
#3391 = ORIENTED_EDGE('',*,*,#3377,.T.);
#3392 = ORIENTED_EDGE('',*,*,#2302,.T.);
#3393 = ORIENTED_EDGE('',*,*,#3394,.F.);
#3394 = EDGE_CURVE('',#1375,#2295,#3395,.T.);
#3395 = LINE('',#3396,#3397);
#3396 = CARTESIAN_POINT('',(-110.2882143013,-14.,22.755219049378));
#3397 = VECTOR('',#3398,1.);
#3398 = DIRECTION('',(0.,1.,0.));
#3399 = ORIENTED_EDGE('',*,*,#1374,.F.);
#3400 = PLANE('',#3401);
#3401 = AXIS2_PLACEMENT_3D('',#3402,#3403,#3404);
#3402 = CARTESIAN_POINT('',(-109.9247072168,-14.,22.935124893711));
#3403 = DIRECTION('',(-0.443565421599,0.,0.896241996763));
#3404 = DIRECTION('',(-0.896241996763,0.,-0.443565421599));
#3405 = ADVANCED_FACE('',(#3406),#3417,.T.);
#3406 = FACE_BOUND('',#3407,.T.);
#3407 = EDGE_LOOP('',(#3408,#3409,#3410,#3416));
#3408 = ORIENTED_EDGE('',*,*,#3394,.T.);
#3409 = ORIENTED_EDGE('',*,*,#2294,.T.);
#3410 = ORIENTED_EDGE('',*,*,#3411,.F.);
#3411 = EDGE_CURVE('',#1383,#2287,#3412,.T.);
#3412 = LINE('',#3413,#3414);
#3413 = CARTESIAN_POINT('',(-110.652600181,-14.,22.577099864796));
#3414 = VECTOR('',#3415,1.);
#3415 = DIRECTION('',(0.,1.,0.));
#3416 = ORIENTED_EDGE('',*,*,#1382,.F.);
#3417 = PLANE('',#3418);
#3418 = AXIS2_PLACEMENT_3D('',#3419,#3420,#3421);
#3419 = CARTESIAN_POINT('',(-110.2882143013,-14.,22.755219049378));
#3420 = DIRECTION('',(-0.439160336881,0.,0.898408703492));
#3421 = DIRECTION('',(-0.898408703492,0.,-0.439160336881));
#3422 = ADVANCED_FACE('',(#3423),#3434,.T.);
#3423 = FACE_BOUND('',#3424,.T.);
#3424 = EDGE_LOOP('',(#3425,#3426,#3427,#3433));
#3425 = ORIENTED_EDGE('',*,*,#3411,.T.);
#3426 = ORIENTED_EDGE('',*,*,#2286,.T.);
#3427 = ORIENTED_EDGE('',*,*,#3428,.F.);
#3428 = EDGE_CURVE('',#1391,#2279,#3429,.T.);
#3429 = LINE('',#3430,#3431);
#3430 = CARTESIAN_POINT('',(-111.0178560745,-14.,22.400771632528));
#3431 = VECTOR('',#3432,1.);
#3432 = DIRECTION('',(0.,1.,0.));
#3433 = ORIENTED_EDGE('',*,*,#1390,.F.);
#3434 = PLANE('',#3435);
#3435 = AXIS2_PLACEMENT_3D('',#3436,#3437,#3438);
#3436 = CARTESIAN_POINT('',(-110.652600181,-14.,22.577099864796));
#3437 = DIRECTION('',(-0.434744668667,0.,0.90055375912));
#3438 = DIRECTION('',(-0.90055375912,0.,-0.434744668667));
#3439 = ADVANCED_FACE('',(#3440),#3451,.T.);
#3440 = FACE_BOUND('',#3441,.T.);
#3441 = EDGE_LOOP('',(#3442,#3443,#3444,#3450));
#3442 = ORIENTED_EDGE('',*,*,#3428,.T.);
#3443 = ORIENTED_EDGE('',*,*,#2278,.T.);
#3444 = ORIENTED_EDGE('',*,*,#3445,.F.);
#3445 = EDGE_CURVE('',#1399,#2271,#3446,.T.);
#3446 = LINE('',#3447,#3448);
#3447 = CARTESIAN_POINT('',(-111.3839731794,-14.,22.226238601977));
#3448 = VECTOR('',#3449,1.);
#3449 = DIRECTION('',(0.,1.,0.));
#3450 = ORIENTED_EDGE('',*,*,#1398,.F.);
#3451 = PLANE('',#3452);
#3452 = AXIS2_PLACEMENT_3D('',#3453,#3454,#3455);
#3453 = CARTESIAN_POINT('',(-111.0178560745,-14.,22.400771632528));
#3454 = DIRECTION('',(-0.430318523372,0.,0.902677111952));
#3455 = DIRECTION('',(-0.902677111952,0.,-0.430318523372));
#3456 = ADVANCED_FACE('',(#3457),#3468,.T.);
#3457 = FACE_BOUND('',#3458,.T.);
#3458 = EDGE_LOOP('',(#3459,#3460,#3461,#3467));
#3459 = ORIENTED_EDGE('',*,*,#3445,.T.);
#3460 = ORIENTED_EDGE('',*,*,#2270,.T.);
#3461 = ORIENTED_EDGE('',*,*,#3462,.F.);
#3462 = EDGE_CURVE('',#1407,#2263,#3463,.T.);
#3463 = LINE('',#3464,#3465);
#3464 = CARTESIAN_POINT('',(-111.7509426724,-14.,22.053504979283));
#3465 = VECTOR('',#3466,1.);
#3466 = DIRECTION('',(0.,1.,0.));
#3467 = ORIENTED_EDGE('',*,*,#1406,.F.);
#3468 = PLANE('',#3469);
#3469 = AXIS2_PLACEMENT_3D('',#3470,#3471,#3472);
#3470 = CARTESIAN_POINT('',(-111.3839731794,-14.,22.226238601977));
#3471 = DIRECTION('',(-0.425882007664,0.,0.904778710817));
#3472 = DIRECTION('',(-0.904778710817,0.,-0.425882007664));
#3473 = ADVANCED_FACE('',(#3474),#3485,.T.);
#3474 = FACE_BOUND('',#3475,.T.);
#3475 = EDGE_LOOP('',(#3476,#3477,#3478,#3484));
#3476 = ORIENTED_EDGE('',*,*,#3462,.T.);
#3477 = ORIENTED_EDGE('',*,*,#2262,.T.);
#3478 = ORIENTED_EDGE('',*,*,#3479,.F.);
#3479 = EDGE_CURVE('',#1415,#2255,#3480,.T.);
#3480 = LINE('',#3481,#3482);
#3481 = CARTESIAN_POINT('',(-112.1187557099,-14.,21.88257492722));
#3482 = VECTOR('',#3483,1.);
#3483 = DIRECTION('',(0.,1.,0.));
#3484 = ORIENTED_EDGE('',*,*,#1414,.F.);
#3485 = PLANE('',#3486);
#3486 = AXIS2_PLACEMENT_3D('',#3487,#3488,#3489);
#3487 = CARTESIAN_POINT('',(-111.7509426724,-14.,22.053504979283));
#3488 = DIRECTION('',(-0.421435228459,0.,0.906858505068));
#3489 = DIRECTION('',(-0.906858505068,0.,-0.421435228459));
#3490 = ADVANCED_FACE('',(#3491),#3502,.T.);
#3491 = FACE_BOUND('',#3492,.T.);
#3492 = EDGE_LOOP('',(#3493,#3494,#3495,#3501));
#3493 = ORIENTED_EDGE('',*,*,#3479,.T.);
#3494 = ORIENTED_EDGE('',*,*,#2254,.T.);
#3495 = ORIENTED_EDGE('',*,*,#3496,.F.);
#3496 = EDGE_CURVE('',#1423,#2247,#3497,.T.);
#3497 = LINE('',#3498,#3499);
#3498 = CARTESIAN_POINT('',(-112.4874034278,-14.,21.713452565098));
#3499 = VECTOR('',#3500,1.);
#3500 = DIRECTION('',(0.,1.,0.));
#3501 = ORIENTED_EDGE('',*,*,#1422,.F.);
#3502 = PLANE('',#3503);
#3503 = AXIS2_PLACEMENT_3D('',#3504,#3505,#3506);
#3504 = CARTESIAN_POINT('',(-112.1187557099,-14.,21.88257492722));
#3505 = DIRECTION('',(-0.416978292922,0.,0.908916444582));
#3506 = DIRECTION('',(-0.908916444582,0.,-0.416978292922));
#3507 = ADVANCED_FACE('',(#3508),#3519,.T.);
#3508 = FACE_BOUND('',#3509,.T.);
#3509 = EDGE_LOOP('',(#3510,#3511,#3512,#3518));
#3510 = ORIENTED_EDGE('',*,*,#3496,.T.);
#3511 = ORIENTED_EDGE('',*,*,#2246,.T.);
#3512 = ORIENTED_EDGE('',*,*,#3513,.F.);
#3513 = EDGE_CURVE('',#1431,#2239,#3514,.T.);
#3514 = LINE('',#3515,#3516);
#3515 = CARTESIAN_POINT('',(-112.8568769418,-14.,21.546141968662));
#3516 = VECTOR('',#3517,1.);
#3517 = DIRECTION('',(0.,1.,0.));
#3518 = ORIENTED_EDGE('',*,*,#1430,.F.);
#3519 = PLANE('',#3520);
#3520 = AXIS2_PLACEMENT_3D('',#3521,#3522,#3523);
#3521 = CARTESIAN_POINT('',(-112.4874034278,-14.,21.713452565098));
#3522 = DIRECTION('',(-0.412511308463,0.,0.910952479765));
#3523 = DIRECTION('',(-0.910952479765,0.,-0.412511308463));
#3524 = ADVANCED_FACE('',(#3525),#3536,.T.);
#3525 = FACE_BOUND('',#3526,.T.);
#3526 = EDGE_LOOP('',(#3527,#3528,#3529,#3535));
#3527 = ORIENTED_EDGE('',*,*,#3513,.T.);
#3528 = ORIENTED_EDGE('',*,*,#2238,.T.);
#3529 = ORIENTED_EDGE('',*,*,#3530,.F.);
#3530 = EDGE_CURVE('',#1439,#2231,#3531,.T.);
#3531 = LINE('',#3532,#3533);
#3532 = CARTESIAN_POINT('',(-113.2271673479,-14.,21.380647169997));
#3533 = VECTOR('',#3534,1.);
#3534 = DIRECTION('',(0.,1.,0.));
#3535 = ORIENTED_EDGE('',*,*,#1438,.F.);
#3536 = PLANE('',#3537);
#3537 = AXIS2_PLACEMENT_3D('',#3538,#3539,#3540);
#3538 = CARTESIAN_POINT('',(-112.8568769418,-14.,21.546141968662));
#3539 = DIRECTION('',(-0.408034382733,0.,0.912966561549));
#3540 = DIRECTION('',(-0.912966561549,0.,-0.408034382733));
#3541 = ADVANCED_FACE('',(#3542),#3553,.T.);
#3542 = FACE_BOUND('',#3543,.T.);
#3543 = EDGE_LOOP('',(#3544,#3545,#3546,#3552));
#3544 = ORIENTED_EDGE('',*,*,#3530,.T.);
#3545 = ORIENTED_EDGE('',*,*,#2230,.T.);
#3546 = ORIENTED_EDGE('',*,*,#3547,.F.);
#3547 = EDGE_CURVE('',#1447,#2223,#3548,.T.);
#3548 = LINE('',#3549,#3550);
#3549 = CARTESIAN_POINT('',(-113.5982657224,-14.,21.216972157425));
#3550 = VECTOR('',#3551,1.);
#3551 = DIRECTION('',(0.,1.,0.));
#3552 = ORIENTED_EDGE('',*,*,#1446,.F.);
#3553 = PLANE('',#3554);
#3554 = AXIS2_PLACEMENT_3D('',#3555,#3556,#3557);
#3555 = CARTESIAN_POINT('',(-113.2271673479,-14.,21.380647169997));
#3556 = DIRECTION('',(-0.403547623624,0.,0.914958641397));
#3557 = DIRECTION('',(-0.914958641397,0.,-0.403547623624));
#3558 = ADVANCED_FACE('',(#3559),#3570,.T.);
#3559 = FACE_BOUND('',#3560,.T.);
#3560 = EDGE_LOOP('',(#3561,#3562,#3563,#3569));
#3561 = ORIENTED_EDGE('',*,*,#3547,.T.);
#3562 = ORIENTED_EDGE('',*,*,#2222,.T.);
#3563 = ORIENTED_EDGE('',*,*,#3564,.F.);
#3564 = EDGE_CURVE('',#1455,#2215,#3565,.T.);
#3565 = LINE('',#3566,#3567);
#3566 = CARTESIAN_POINT('',(-113.9701631219,-14.,21.055120875415));
#3567 = VECTOR('',#3568,1.);
#3568 = DIRECTION('',(0.,1.,0.));
#3569 = ORIENTED_EDGE('',*,*,#1454,.F.);
#3570 = PLANE('',#3571);
#3571 = AXIS2_PLACEMENT_3D('',#3572,#3573,#3574);
#3572 = CARTESIAN_POINT('',(-113.5982657224,-14.,21.216972157425));
#3573 = DIRECTION('',(-0.399051139264,0.,0.9169286713));
#3574 = DIRECTION('',(-0.9169286713,0.,-0.399051139264));
#3575 = ADVANCED_FACE('',(#3576),#3587,.T.);
#3576 = FACE_BOUND('',#3577,.T.);
#3577 = EDGE_LOOP('',(#3578,#3579,#3580,#3586));
#3578 = ORIENTED_EDGE('',*,*,#3564,.T.);
#3579 = ORIENTED_EDGE('',*,*,#2214,.T.);
#3580 = ORIENTED_EDGE('',*,*,#3581,.F.);
#3581 = EDGE_CURVE('',#1463,#2207,#3582,.T.);
#3582 = LINE('',#3583,#3584);
#3583 = CARTESIAN_POINT('',(-114.3428505839,-14.,20.895097224484));
#3584 = VECTOR('',#3585,1.);
#3585 = DIRECTION('',(0.,1.,0.));
#3586 = ORIENTED_EDGE('',*,*,#1462,.F.);
#3587 = PLANE('',#3588);
#3588 = AXIS2_PLACEMENT_3D('',#3589,#3590,#3591);
#3589 = CARTESIAN_POINT('',(-113.9701631219,-14.,21.055120875415));
#3590 = DIRECTION('',(-0.394545038015,0.,0.918876603782));
#3591 = DIRECTION('',(-0.918876603782,0.,-0.394545038015));
#3592 = ADVANCED_FACE('',(#3593),#3604,.T.);
#3593 = FACE_BOUND('',#3594,.T.);
#3594 = EDGE_LOOP('',(#3595,#3596,#3597,#3603));
#3595 = ORIENTED_EDGE('',*,*,#3581,.T.);
#3596 = ORIENTED_EDGE('',*,*,#2206,.T.);
#3597 = ORIENTED_EDGE('',*,*,#3598,.F.);
#3598 = EDGE_CURVE('',#1471,#2199,#3599,.T.);
#3599 = LINE('',#3600,#3601);
#3600 = CARTESIAN_POINT('',(-114.7163191271,-14.,20.736905061103));
#3601 = VECTOR('',#3602,1.);
#3602 = DIRECTION('',(0.,1.,0.));
#3603 = ORIENTED_EDGE('',*,*,#1470,.F.);
#3604 = PLANE('',#3605);
#3605 = AXIS2_PLACEMENT_3D('',#3606,#3607,#3608);
#3606 = CARTESIAN_POINT('',(-114.3428505839,-14.,20.895097224484));
#3607 = DIRECTION('',(-0.390029428471,0.,0.920802391899));
#3608 = DIRECTION('',(-0.920802391899,0.,-0.390029428471));
#3609 = ADVANCED_FACE('',(#3610),#3621,.T.);
#3610 = FACE_BOUND('',#3611,.T.);
#3611 = EDGE_LOOP('',(#3612,#3613,#3614,#3620));
#3612 = ORIENTED_EDGE('',*,*,#3598,.T.);
#3613 = ORIENTED_EDGE('',*,*,#2198,.T.);
#3614 = ORIENTED_EDGE('',*,*,#3615,.F.);
#3615 = EDGE_CURVE('',#1479,#2191,#3616,.T.);
#3616 = LINE('',#3617,#3618);
#3617 = CARTESIAN_POINT('',(-115.0905597508,-14.,20.580548197608));
#3618 = VECTOR('',#3619,1.);
#3619 = DIRECTION('',(0.,1.,0.));
#3620 = ORIENTED_EDGE('',*,*,#1478,.F.);
#3621 = PLANE('',#3622);
#3622 = AXIS2_PLACEMENT_3D('',#3623,#3624,#3625);
#3623 = CARTESIAN_POINT('',(-114.7163191271,-14.,20.736905061103));
#3624 = DIRECTION('',(-0.385504419456,0.,0.92270598924));
#3625 = DIRECTION('',(-0.92270598924,0.,-0.385504419456));
#3626 = ADVANCED_FACE('',(#3627),#3638,.T.);
#3627 = FACE_BOUND('',#3628,.T.);
#3628 = EDGE_LOOP('',(#3629,#3630,#3631,#3637));
#3629 = ORIENTED_EDGE('',*,*,#3615,.T.);
#3630 = ORIENTED_EDGE('',*,*,#2190,.T.);
#3631 = ORIENTED_EDGE('',*,*,#3632,.F.);
#3632 = EDGE_CURVE('',#1487,#2183,#3633,.T.);
#3633 = LINE('',#3634,#3635);
#3634 = CARTESIAN_POINT('',(-115.4655634363,-14.,20.426030402103));
#3635 = VECTOR('',#3636,1.);
#3636 = DIRECTION('',(0.,1.,0.));
#3637 = ORIENTED_EDGE('',*,*,#1486,.F.);
#3638 = PLANE('',#3639);
#3639 = AXIS2_PLACEMENT_3D('',#3640,#3641,#3642);
#3640 = CARTESIAN_POINT('',(-115.0905597508,-14.,20.580548197608));
#3641 = DIRECTION('',(-0.38097012002,0.,0.924587349931));
#3642 = DIRECTION('',(-0.924587349931,0.,-0.38097012002));
#3643 = ADVANCED_FACE('',(#3644),#3655,.T.);
#3644 = FACE_BOUND('',#3645,.T.);
#3645 = EDGE_LOOP('',(#3646,#3647,#3648,#3654));
#3646 = ORIENTED_EDGE('',*,*,#3632,.T.);
#3647 = ORIENTED_EDGE('',*,*,#2182,.T.);
#3648 = ORIENTED_EDGE('',*,*,#3649,.F.);
#3649 = EDGE_CURVE('',#1495,#2175,#3650,.T.);
#3650 = LINE('',#3651,#3652);
#3651 = CARTESIAN_POINT('',(-115.8413211461,-14.,20.273355398373));
#3652 = VECTOR('',#3653,1.);
#3653 = DIRECTION('',(0.,1.,0.));
#3654 = ORIENTED_EDGE('',*,*,#1494,.F.);
#3655 = PLANE('',#3656);
#3656 = AXIS2_PLACEMENT_3D('',#3657,#3658,#3659);
#3657 = CARTESIAN_POINT('',(-115.4655634363,-14.,20.426030402103));
#3658 = DIRECTION('',(-0.376426639437,0.,0.926446428631));
#3659 = DIRECTION('',(-0.926446428631,0.,-0.376426639437));
#3660 = ADVANCED_FACE('',(#3661),#3672,.T.);
#3661 = FACE_BOUND('',#3662,.T.);
#3662 = EDGE_LOOP('',(#3663,#3664,#3665,#3671));
#3663 = ORIENTED_EDGE('',*,*,#3649,.T.);
#3664 = ORIENTED_EDGE('',*,*,#2174,.T.);
#3665 = ORIENTED_EDGE('',*,*,#3666,.F.);
#3666 = EDGE_CURVE('',#1503,#2167,#3667,.T.);
#3667 = LINE('',#3668,#3669);
#3668 = CARTESIAN_POINT('',(-116.2178238247,-14.,20.122526865792));
#3669 = VECTOR('',#3670,1.);
#3670 = DIRECTION('',(0.,1.,0.));
#3671 = ORIENTED_EDGE('',*,*,#1502,.F.);
#3672 = PLANE('',#3673);
#3673 = AXIS2_PLACEMENT_3D('',#3674,#3675,#3676);
#3674 = CARTESIAN_POINT('',(-115.8413211461,-14.,20.273355398373));
#3675 = DIRECTION('',(-0.371874087202,0.,0.928283180537));
#3676 = DIRECTION('',(-0.928283180537,0.,-0.371874087202));
#3677 = ADVANCED_FACE('',(#3678),#3689,.T.);
#3678 = FACE_BOUND('',#3679,.T.);
#3679 = EDGE_LOOP('',(#3680,#3681,#3682,#3688));
#3680 = ORIENTED_EDGE('',*,*,#3666,.T.);
#3681 = ORIENTED_EDGE('',*,*,#2166,.T.);
#3682 = ORIENTED_EDGE('',*,*,#3683,.F.);
#3683 = EDGE_CURVE('',#1511,#2159,#3684,.T.);
#3684 = LINE('',#3685,#3686);
#3685 = CARTESIAN_POINT('',(-116.5950623987,-14.,19.973548439235));
#3686 = VECTOR('',#3687,1.);
#3687 = DIRECTION('',(0.,1.,0.));
#3688 = ORIENTED_EDGE('',*,*,#1510,.F.);
#3689 = PLANE('',#3690);
#3690 = AXIS2_PLACEMENT_3D('',#3691,#3692,#3693);
#3691 = CARTESIAN_POINT('',(-116.2178238247,-14.,20.122526865792));
#3692 = DIRECTION('',(-0.367312573028,0.,0.930097561386));
#3693 = DIRECTION('',(-0.930097561386,0.,-0.367312573028));
#3694 = ADVANCED_FACE('',(#3695),#3706,.T.);
#3695 = FACE_BOUND('',#3696,.T.);
#3696 = EDGE_LOOP('',(#3697,#3698,#3699,#3705));
#3697 = ORIENTED_EDGE('',*,*,#3683,.T.);
#3698 = ORIENTED_EDGE('',*,*,#2158,.T.);
#3699 = ORIENTED_EDGE('',*,*,#3700,.F.);
#3700 = EDGE_CURVE('',#1519,#2151,#3701,.T.);
#3701 = LINE('',#3702,#3703);
#3702 = CARTESIAN_POINT('',(-116.9730277767,-14.,19.826423708993));
#3703 = VECTOR('',#3704,1.);
#3704 = DIRECTION('',(0.,1.,0.));
#3705 = ORIENTED_EDGE('',*,*,#1518,.F.);
#3706 = PLANE('',#3707);
#3707 = AXIS2_PLACEMENT_3D('',#3708,#3709,#3710);
#3708 = CARTESIAN_POINT('',(-116.5950623987,-14.,19.973548439235));
#3709 = DIRECTION('',(-0.362742206845,0.,0.931889527451));
#3710 = DIRECTION('',(-0.931889527451,0.,-0.362742206845));
#3711 = ADVANCED_FACE('',(#3712),#3723,.T.);
#3712 = FACE_BOUND('',#3713,.T.);
#3713 = EDGE_LOOP('',(#3714,#3715,#3716,#3722));
#3714 = ORIENTED_EDGE('',*,*,#3700,.T.);
#3715 = ORIENTED_EDGE('',*,*,#2150,.T.);
#3716 = ORIENTED_EDGE('',*,*,#3717,.F.);
#3717 = EDGE_CURVE('',#1527,#2143,#3718,.T.);
#3718 = LINE('',#3719,#3720);
#3719 = CARTESIAN_POINT('',(-117.3517108501,-14.,19.681156220681));
#3720 = VECTOR('',#3721,1.);
#3721 = DIRECTION('',(0.,1.,0.));
#3722 = ORIENTED_EDGE('',*,*,#1526,.F.);
#3723 = PLANE('',#3724);
#3724 = AXIS2_PLACEMENT_3D('',#3725,#3726,#3727);
#3725 = CARTESIAN_POINT('',(-116.9730277767,-14.,19.826423708993));
#3726 = DIRECTION('',(-0.358163098797,0.,0.933659035548));
#3727 = DIRECTION('',(-0.933659035548,0.,-0.358163098797));
#3728 = ADVANCED_FACE('',(#3729),#3740,.T.);
#3729 = FACE_BOUND('',#3730,.T.);
#3730 = EDGE_LOOP('',(#3731,#3732,#3733,#3739));
#3731 = ORIENTED_EDGE('',*,*,#3717,.T.);
#3732 = ORIENTED_EDGE('',*,*,#2142,.T.);
#3733 = ORIENTED_EDGE('',*,*,#3734,.F.);
#3734 = EDGE_CURVE('',#1535,#2135,#3735,.T.);
#3735 = LINE('',#3736,#3737);
#3736 = CARTESIAN_POINT('',(-117.7311024929,-14.,19.537749475157));
#3737 = VECTOR('',#3738,1.);
#3738 = DIRECTION('',(0.,1.,0.));
#3739 = ORIENTED_EDGE('',*,*,#1534,.F.);
#3740 = PLANE('',#3741);
#3741 = AXIS2_PLACEMENT_3D('',#3742,#3743,#3744);
#3742 = CARTESIAN_POINT('',(-117.3517108501,-14.,19.681156220681));
#3743 = DIRECTION('',(-0.353575359236,0.,0.935406043032));
#3744 = DIRECTION('',(-0.935406043032,0.,-0.353575359236));
#3745 = ADVANCED_FACE('',(#3746),#3757,.T.);
#3746 = FACE_BOUND('',#3747,.T.);
#3747 = EDGE_LOOP('',(#3748,#3749,#3750,#3756));
#3748 = ORIENTED_EDGE('',*,*,#3734,.T.);
#3749 = ORIENTED_EDGE('',*,*,#2134,.T.);
#3750 = ORIENTED_EDGE('',*,*,#3751,.F.);
#3751 = EDGE_CURVE('',#1543,#2127,#3752,.T.);
#3752 = LINE('',#3753,#3754);
#3753 = CARTESIAN_POINT('',(-118.1111935618,-14.,19.396206928435));
#3754 = VECTOR('',#3755,1.);
#3755 = DIRECTION('',(0.,1.,0.));
#3756 = ORIENTED_EDGE('',*,*,#1542,.F.);
#3757 = PLANE('',#3758);
#3758 = AXIS2_PLACEMENT_3D('',#3759,#3760,#3761);
#3759 = CARTESIAN_POINT('',(-117.7311024929,-14.,19.537749475157));
#3760 = DIRECTION('',(-0.348979098726,0.,0.937130507802));
#3761 = DIRECTION('',(-0.937130507802,0.,-0.348979098726));
#3762 = ADVANCED_FACE('',(#3763),#3774,.T.);
#3763 = FACE_BOUND('',#3764,.T.);
#3764 = EDGE_LOOP('',(#3765,#3766,#3767,#3773));
#3765 = ORIENTED_EDGE('',*,*,#3751,.T.);
#3766 = ORIENTED_EDGE('',*,*,#2126,.T.);
#3767 = ORIENTED_EDGE('',*,*,#3768,.F.);
#3768 = EDGE_CURVE('',#1551,#2119,#3769,.T.);
#3769 = LINE('',#3770,#3771);
#3770 = CARTESIAN_POINT('',(-118.4919748971,-14.,19.256531991605));
#3771 = VECTOR('',#3772,1.);
#3772 = DIRECTION('',(0.,1.,0.));
#3773 = ORIENTED_EDGE('',*,*,#1550,.F.);
#3774 = PLANE('',#3775);
#3775 = AXIS2_PLACEMENT_3D('',#3776,#3777,#3778);
#3776 = CARTESIAN_POINT('',(-118.1111935618,-14.,19.396206928435));
#3777 = DIRECTION('',(-0.344374428032,0.,0.938832388298));
#3778 = DIRECTION('',(-0.938832388298,0.,-0.344374428032));
#3779 = ADVANCED_FACE('',(#3780),#3791,.T.);
#3780 = FACE_BOUND('',#3781,.T.);
#3781 = EDGE_LOOP('',(#3782,#3783,#3784,#3790));
#3782 = ORIENTED_EDGE('',*,*,#3768,.T.);
#3783 = ORIENTED_EDGE('',*,*,#2118,.T.);
#3784 = ORIENTED_EDGE('',*,*,#3785,.F.);
#3785 = EDGE_CURVE('',#1559,#2111,#3786,.T.);
#3786 = LINE('',#3787,#3788);
#3787 = CARTESIAN_POINT('',(-118.873437322,-14.,19.118728030748));
#3788 = VECTOR('',#3789,1.);
#3789 = DIRECTION('',(0.,1.,0.));
#3790 = ORIENTED_EDGE('',*,*,#1558,.F.);
#3791 = PLANE('',#3792);
#3792 = AXIS2_PLACEMENT_3D('',#3793,#3794,#3795);
#3793 = CARTESIAN_POINT('',(-118.4919748971,-14.,19.256531991605));
#3794 = DIRECTION('',(-0.339761458125,0.,0.940511643507));
#3795 = DIRECTION('',(-0.940511643507,0.,-0.339761458125));
#3796 = ADVANCED_FACE('',(#3797),#3808,.T.);
#3797 = FACE_BOUND('',#3798,.T.);
#3798 = EDGE_LOOP('',(#3799,#3800,#3801,#3807));
#3799 = ORIENTED_EDGE('',*,*,#3785,.T.);
#3800 = ORIENTED_EDGE('',*,*,#2110,.T.);
#3801 = ORIENTED_EDGE('',*,*,#3802,.F.);
#3802 = EDGE_CURVE('',#1567,#2103,#3803,.T.);
#3803 = LINE('',#3804,#3805);
#3804 = CARTESIAN_POINT('',(-119.2555716436,-14.,18.982798366855));
#3805 = VECTOR('',#3806,1.);
#3806 = DIRECTION('',(0.,1.,0.));
#3807 = ORIENTED_EDGE('',*,*,#1566,.F.);
#3808 = PLANE('',#3809);
#3809 = AXIS2_PLACEMENT_3D('',#3810,#3811,#3812);
#3810 = CARTESIAN_POINT('',(-118.873437322,-14.,19.118728030748));
#3811 = DIRECTION('',(-0.335140300174,0.,0.94216823296));
#3812 = DIRECTION('',(-0.94216823296,0.,-0.335140300174));
#3813 = ADVANCED_FACE('',(#3814),#3825,.T.);
#3814 = FACE_BOUND('',#3815,.T.);
#3815 = EDGE_LOOP('',(#3816,#3817,#3818,#3824));
#3816 = ORIENTED_EDGE('',*,*,#3802,.T.);
#3817 = ORIENTED_EDGE('',*,*,#2102,.T.);
#3818 = ORIENTED_EDGE('',*,*,#3819,.F.);
#3819 = EDGE_CURVE('',#1575,#2095,#3820,.T.);
#3820 = LINE('',#3821,#3822);
#3821 = CARTESIAN_POINT('',(-119.6383686526,-14.,18.848746275747));
#3822 = VECTOR('',#3823,1.);
#3823 = DIRECTION('',(0.,1.,0.));
#3824 = ORIENTED_EDGE('',*,*,#1574,.F.);
#3825 = PLANE('',#3826);
#3826 = AXIS2_PLACEMENT_3D('',#3827,#3828,#3829);
#3827 = CARTESIAN_POINT('',(-119.2555716436,-14.,18.982798366855));
#3828 = DIRECTION('',(-0.330511065547,0.,0.943802116734));
#3829 = DIRECTION('',(-0.943802116734,0.,-0.330511065547));
#3830 = ADVANCED_FACE('',(#3831),#3842,.T.);
#3831 = FACE_BOUND('',#3832,.T.);
#3832 = EDGE_LOOP('',(#3833,#3834,#3835,#3841));
#3833 = ORIENTED_EDGE('',*,*,#3819,.T.);
#3834 = ORIENTED_EDGE('',*,*,#2094,.T.);
#3835 = ORIENTED_EDGE('',*,*,#3836,.F.);
#3836 = EDGE_CURVE('',#1583,#2087,#3837,.T.);
#3837 = LINE('',#3838,#3839);
#3838 = CARTESIAN_POINT('',(-120.0218191239,-14.,18.716574987998));
#3839 = VECTOR('',#3840,1.);
#3840 = DIRECTION('',(0.,1.,0.));
#3841 = ORIENTED_EDGE('',*,*,#1582,.F.);
#3842 = PLANE('',#3843);
#3843 = AXIS2_PLACEMENT_3D('',#3844,#3845,#3846);
#3844 = CARTESIAN_POINT('',(-119.6383686526,-14.,18.848746275747));
#3845 = DIRECTION('',(-0.325873865804,0.,0.945413255453));
#3846 = DIRECTION('',(-0.945413255453,0.,-0.325873865804));
#3847 = ADVANCED_FACE('',(#3848),#3859,.T.);
#3848 = FACE_BOUND('',#3849,.T.);
#3849 = EDGE_LOOP('',(#3850,#3851,#3852,#3858));
#3850 = ORIENTED_EDGE('',*,*,#3836,.T.);
#3851 = ORIENTED_EDGE('',*,*,#2086,.T.);
#3852 = ORIENTED_EDGE('',*,*,#3853,.F.);
#3853 = EDGE_CURVE('',#1591,#2079,#3854,.T.);
#3854 = LINE('',#3855,#3856);
#3855 = CARTESIAN_POINT('',(-120.4059138165,-14.,18.586287688856));
#3856 = VECTOR('',#3857,1.);
#3857 = DIRECTION('',(0.,1.,0.));
#3858 = ORIENTED_EDGE('',*,*,#1590,.F.);
#3859 = PLANE('',#3860);
#3860 = AXIS2_PLACEMENT_3D('',#3861,#3862,#3863);
#3861 = CARTESIAN_POINT('',(-120.0218191239,-14.,18.716574987998));
#3862 = DIRECTION('',(-0.321228812701,0.,0.94700161029));
#3863 = DIRECTION('',(-0.94700161029,0.,-0.321228812701));
#3864 = ADVANCED_FACE('',(#3865),#3876,.T.);
#3865 = FACE_BOUND('',#3866,.T.);
#3866 = EDGE_LOOP('',(#3867,#3868,#3869,#3875));
#3867 = ORIENTED_EDGE('',*,*,#3853,.T.);
#3868 = ORIENTED_EDGE('',*,*,#2078,.T.);
#3869 = ORIENTED_EDGE('',*,*,#3870,.F.);
#3870 = EDGE_CURVE('',#1599,#2071,#3871,.T.);
#3871 = LINE('',#3872,#3873);
#3872 = CARTESIAN_POINT('',(-120.7906434741,-14.,18.457887518166));
#3873 = VECTOR('',#3874,1.);
#3874 = DIRECTION('',(0.,1.,0.));
#3875 = ORIENTED_EDGE('',*,*,#1598,.F.);
#3876 = PLANE('',#3877);
#3877 = AXIS2_PLACEMENT_3D('',#3878,#3879,#3880);
#3878 = CARTESIAN_POINT('',(-120.4059138165,-14.,18.586287688856));
#3879 = DIRECTION('',(-0.316576018179,0.,0.948567142966));
#3880 = DIRECTION('',(-0.948567142966,0.,-0.316576018179));
#3881 = ADVANCED_FACE('',(#3882),#3893,.T.);
#3882 = FACE_BOUND('',#3883,.T.);
#3883 = EDGE_LOOP('',(#3884,#3885,#3886,#3892));
#3884 = ORIENTED_EDGE('',*,*,#3870,.T.);
#3885 = ORIENTED_EDGE('',*,*,#2070,.T.);
#3886 = ORIENTED_EDGE('',*,*,#3887,.F.);
#3887 = EDGE_CURVE('',#1607,#2063,#3888,.T.);
#3888 = LINE('',#3889,#3890);
#3889 = CARTESIAN_POINT('',(-121.1759988248,-14.,18.331377570291));
#3890 = VECTOR('',#3891,1.);
#3891 = DIRECTION('',(0.,1.,0.));
#3892 = ORIENTED_EDGE('',*,*,#1606,.F.);
#3893 = PLANE('',#3894);
#3894 = AXIS2_PLACEMENT_3D('',#3895,#3896,#3897);
#3895 = CARTESIAN_POINT('',(-120.7906434741,-14.,18.457887518166));
#3896 = DIRECTION('',(-0.311915594368,0.,0.950109815753));
#3897 = DIRECTION('',(-0.950109815753,0.,-0.311915594368));
#3898 = ADVANCED_FACE('',(#3899),#3910,.T.);
#3899 = FACE_BOUND('',#3900,.T.);
#3900 = EDGE_LOOP('',(#3901,#3902,#3903,#3909));
#3901 = ORIENTED_EDGE('',*,*,#3887,.T.);
#3902 = ORIENTED_EDGE('',*,*,#2062,.T.);
#3903 = ORIENTED_EDGE('',*,*,#3904,.F.);
#3904 = EDGE_CURVE('',#1615,#2055,#3905,.T.);
#3905 = LINE('',#3906,#3907);
#3906 = CARTESIAN_POINT('',(-121.5619705819,-14.,18.206760894046));
#3907 = VECTOR('',#3908,1.);
#3908 = DIRECTION('',(0.,1.,0.));
#3909 = ORIENTED_EDGE('',*,*,#1614,.F.);
#3910 = PLANE('',#3911);
#3911 = AXIS2_PLACEMENT_3D('',#3912,#3913,#3914);
#3912 = CARTESIAN_POINT('',(-121.1759988248,-14.,18.331377570291));
#3913 = DIRECTION('',(-0.307247653582,0.,0.951629591474));
#3914 = DIRECTION('',(-0.951629591474,0.,-0.307247653582));
#3915 = ADVANCED_FACE('',(#3916),#3927,.T.);
#3916 = FACE_BOUND('',#3917,.T.);
#3917 = EDGE_LOOP('',(#3918,#3919,#3920,#3926));
#3918 = ORIENTED_EDGE('',*,*,#3904,.T.);
#3919 = ORIENTED_EDGE('',*,*,#2054,.T.);
#3920 = ORIENTED_EDGE('',*,*,#3921,.F.);
#3921 = EDGE_CURVE('',#1623,#2047,#3922,.T.);
#3922 = LINE('',#3923,#3924);
#3923 = CARTESIAN_POINT('',(-121.9485494436,-14.,18.084040492616));
#3924 = VECTOR('',#3925,1.);
#3925 = DIRECTION('',(0.,1.,0.));
#3926 = ORIENTED_EDGE('',*,*,#1622,.F.);
#3927 = PLANE('',#3928);
#3928 = AXIS2_PLACEMENT_3D('',#3929,#3930,#3931);
#3929 = CARTESIAN_POINT('',(-121.5619705819,-14.,18.206760894046));
#3930 = DIRECTION('',(-0.302572308316,0.,0.953126433502));
#3931 = DIRECTION('',(-0.953126433502,0.,-0.302572308316));
#3932 = ADVANCED_FACE('',(#3933),#3944,.T.);
#3933 = FACE_BOUND('',#3934,.T.);
#3934 = EDGE_LOOP('',(#3935,#3936,#3937,#3943));
#3935 = ORIENTED_EDGE('',*,*,#3921,.T.);
#3936 = ORIENTED_EDGE('',*,*,#2046,.T.);
#3937 = ORIENTED_EDGE('',*,*,#3938,.F.);
#3938 = EDGE_CURVE('',#1631,#2039,#3939,.T.);
#3939 = LINE('',#3940,#3941);
#3940 = CARTESIAN_POINT('',(-122.3357260937,-14.,17.963219323487));
#3941 = VECTOR('',#3942,1.);
#3942 = DIRECTION('',(0.,1.,0.));
#3943 = ORIENTED_EDGE('',*,*,#1630,.F.);
#3944 = PLANE('',#3945);
#3945 = AXIS2_PLACEMENT_3D('',#3946,#3947,#3948);
#3946 = CARTESIAN_POINT('',(-121.9485494436,-14.,18.084040492616));
#3947 = DIRECTION('',(-0.297889671241,0.,0.954600305766));
#3948 = DIRECTION('',(-0.954600305766,0.,-0.297889671241));
#3949 = ADVANCED_FACE('',(#3950),#3961,.T.);
#3950 = FACE_BOUND('',#3951,.T.);
#3951 = EDGE_LOOP('',(#3952,#3953,#3954,#3960));
#3952 = ORIENTED_EDGE('',*,*,#3938,.T.);
#3953 = ORIENTED_EDGE('',*,*,#2038,.T.);
#3954 = ORIENTED_EDGE('',*,*,#3955,.F.);
#3955 = EDGE_CURVE('',#1639,#2031,#3956,.T.);
#3956 = LINE('',#3957,#3958);
#3957 = CARTESIAN_POINT('',(-122.7234912013,-14.,17.844300298377));
#3958 = VECTOR('',#3959,1.);
#3959 = DIRECTION('',(0.,1.,0.));
#3960 = ORIENTED_EDGE('',*,*,#1638,.F.);
#3961 = PLANE('',#3962);
#3962 = AXIS2_PLACEMENT_3D('',#3963,#3964,#3965);
#3963 = CARTESIAN_POINT('',(-122.3357260937,-14.,17.963219323487));
#3964 = DIRECTION('',(-0.293199855207,0.,0.956051172745));
#3965 = DIRECTION('',(-0.956051172745,0.,-0.293199855207));
#3966 = ADVANCED_FACE('',(#3967),#3978,.T.);
#3967 = FACE_BOUND('',#3968,.T.);
#3968 = EDGE_LOOP('',(#3969,#3970,#3971,#3977));
#3969 = ORIENTED_EDGE('',*,*,#3955,.T.);
#3970 = ORIENTED_EDGE('',*,*,#2030,.T.);
#3971 = ORIENTED_EDGE('',*,*,#3972,.F.);
#3972 = EDGE_CURVE('',#1647,#2023,#3973,.T.);
#3973 = LINE('',#3974,#3975);
#3974 = CARTESIAN_POINT('',(-123.1118354217,-14.,17.727286283161));
#3975 = VECTOR('',#3976,1.);
#3976 = DIRECTION('',(0.,1.,0.));
#3977 = ORIENTED_EDGE('',*,*,#1646,.F.);
#3978 = PLANE('',#3979);
#3979 = AXIS2_PLACEMENT_3D('',#3980,#3981,#3982);
#3980 = CARTESIAN_POINT('',(-122.7234912013,-14.,17.844300298377));
#3981 = DIRECTION('',(-0.288502973236,0.,0.957478999474));
#3982 = DIRECTION('',(-0.957478999474,0.,-0.288502973236));
#3983 = ADVANCED_FACE('',(#3984),#3995,.T.);
#3984 = FACE_BOUND('',#3985,.T.);
#3985 = EDGE_LOOP('',(#3986,#3987,#3988,#3994));
#3986 = ORIENTED_EDGE('',*,*,#3972,.T.);
#3987 = ORIENTED_EDGE('',*,*,#2022,.T.);
#3988 = ORIENTED_EDGE('',*,*,#3989,.F.);
#3989 = EDGE_CURVE('',#1655,#2015,#3990,.T.);
#3990 = LINE('',#3991,#3992);
#3991 = CARTESIAN_POINT('',(-123.5007493959,-14.,17.612180097805));
#3992 = VECTOR('',#3993,1.);
#3993 = DIRECTION('',(0.,1.,0.));
#3994 = ORIENTED_EDGE('',*,*,#1654,.F.);
#3995 = PLANE('',#3996);
#3996 = AXIS2_PLACEMENT_3D('',#3997,#3998,#3999);
#3997 = CARTESIAN_POINT('',(-123.1118354217,-14.,17.727286283161));
#3998 = DIRECTION('',(-0.283799138519,0.,0.958883751544));
#3999 = DIRECTION('',(-0.958883751544,0.,-0.283799138519));
#4000 = ADVANCED_FACE('',(#4001),#4012,.T.);
#4001 = FACE_BOUND('',#4002,.T.);
#4002 = EDGE_LOOP('',(#4003,#4004,#4005,#4011));
#4003 = ORIENTED_EDGE('',*,*,#3989,.T.);
#4004 = ORIENTED_EDGE('',*,*,#2014,.T.);
#4005 = ORIENTED_EDGE('',*,*,#4006,.F.);
#4006 = EDGE_CURVE('',#1663,#2007,#4007,.T.);
#4007 = LINE('',#4008,#4009);
#4008 = CARTESIAN_POINT('',(-123.8902237514,-14.,17.498984516298));
#4009 = VECTOR('',#4010,1.);
#4010 = DIRECTION('',(0.,1.,0.));
#4011 = ORIENTED_EDGE('',*,*,#1662,.F.);
#4012 = PLANE('',#4013);
#4013 = AXIS2_PLACEMENT_3D('',#4014,#4015,#4016);
#4014 = CARTESIAN_POINT('',(-123.5007493959,-14.,17.612180097805));
#4015 = DIRECTION('',(-0.279088464416,0.,0.960265395102));
#4016 = DIRECTION('',(-0.960265395102,0.,-0.279088464416));
#4017 = ADVANCED_FACE('',(#4018),#4029,.T.);
#4018 = FACE_BOUND('',#4019,.T.);
#4019 = EDGE_LOOP('',(#4020,#4021,#4022,#4028));
#4020 = ORIENTED_EDGE('',*,*,#4006,.T.);
#4021 = ORIENTED_EDGE('',*,*,#2006,.T.);
#4022 = ORIENTED_EDGE('',*,*,#4023,.F.);
#4023 = EDGE_CURVE('',#1671,#1999,#4024,.T.);
#4024 = LINE('',#4025,#4026);
#4025 = CARTESIAN_POINT('',(-124.280249102,-14.,17.387702266585));
#4026 = VECTOR('',#4027,1.);
#4027 = DIRECTION('',(0.,1.,0.));
#4028 = ORIENTED_EDGE('',*,*,#1670,.F.);
#4029 = PLANE('',#4030);
#4030 = AXIS2_PLACEMENT_3D('',#4031,#4032,#4033);
#4031 = CARTESIAN_POINT('',(-123.8902237514,-14.,17.498984516298));
#4032 = DIRECTION('',(-0.274371064451,0.,0.961623896849));
#4033 = DIRECTION('',(-0.961623896849,0.,-0.274371064451));
#4034 = ADVANCED_FACE('',(#4035),#4046,.T.);
#4035 = FACE_BOUND('',#4036,.T.);
#4036 = EDGE_LOOP('',(#4037,#4038,#4039,#4045));
#4037 = ORIENTED_EDGE('',*,*,#4023,.T.);
#4038 = ORIENTED_EDGE('',*,*,#1998,.T.);
#4039 = ORIENTED_EDGE('',*,*,#4040,.F.);
#4040 = EDGE_CURVE('',#1679,#1991,#4041,.T.);
#4041 = LINE('',#4042,#4043);
#4042 = CARTESIAN_POINT('',(-124.6708160485,-14.,17.278336030499));
#4043 = VECTOR('',#4044,1.);
#4044 = DIRECTION('',(0.,1.,0.));
#4045 = ORIENTED_EDGE('',*,*,#1678,.F.);
#4046 = PLANE('',#4047);
#4047 = AXIS2_PLACEMENT_3D('',#4048,#4049,#4050);
#4048 = CARTESIAN_POINT('',(-124.280249102,-14.,17.387702266585));
#4049 = DIRECTION('',(-0.269647052312,0.,0.962959224048));
#4050 = DIRECTION('',(-0.962959224048,0.,-0.269647052312));
#4051 = ADVANCED_FACE('',(#4052),#4063,.T.);
#4052 = FACE_BOUND('',#4053,.T.);
#4053 = EDGE_LOOP('',(#4054,#4055,#4056,#4062));
#4054 = ORIENTED_EDGE('',*,*,#4040,.T.);
#4055 = ORIENTED_EDGE('',*,*,#1990,.T.);
#4056 = ORIENTED_EDGE('',*,*,#4057,.F.);
#4057 = EDGE_CURVE('',#1687,#1983,#4058,.T.);
#4058 = LINE('',#4059,#4060);
#4059 = CARTESIAN_POINT('',(-125.0619151783,-14.,17.170888443701));
#4060 = VECTOR('',#4061,1.);
#4061 = DIRECTION('',(0.,1.,0.));
#4062 = ORIENTED_EDGE('',*,*,#1686,.F.);
#4063 = PLANE('',#4064);
#4064 = AXIS2_PLACEMENT_3D('',#4065,#4066,#4067);
#4065 = CARTESIAN_POINT('',(-124.6708160485,-14.,17.278336030499));
#4066 = DIRECTION('',(-0.264916541843,0.,0.964271344518));
#4067 = DIRECTION('',(-0.964271344518,0.,-0.264916541843));
#4068 = ADVANCED_FACE('',(#4069),#4080,.T.);
#4069 = FACE_BOUND('',#4070,.T.);
#4070 = EDGE_LOOP('',(#4071,#4072,#4073,#4079));
#4071 = ORIENTED_EDGE('',*,*,#4057,.T.);
#4072 = ORIENTED_EDGE('',*,*,#1982,.T.);
#4073 = ORIENTED_EDGE('',*,*,#4074,.F.);
#4074 = EDGE_CURVE('',#1695,#1975,#4075,.T.);
#4075 = LINE('',#4076,#4077);
#4076 = CARTESIAN_POINT('',(-125.4535370662,-14.,17.065362095611));
#4077 = VECTOR('',#4078,1.);
#4078 = DIRECTION('',(0.,1.,0.));
#4079 = ORIENTED_EDGE('',*,*,#1694,.F.);
#4080 = PLANE('',#4081);
#4081 = AXIS2_PLACEMENT_3D('',#4082,#4083,#4084);
#4082 = CARTESIAN_POINT('',(-125.0619151783,-14.,17.170888443701));
#4083 = DIRECTION('',(-0.260179647047,0.,0.965560226636));
#4084 = DIRECTION('',(-0.965560226636,0.,-0.260179647047));
#4085 = ADVANCED_FACE('',(#4086),#4097,.T.);
#4086 = FACE_BOUND('',#4087,.T.);
#4087 = EDGE_LOOP('',(#4088,#4089,#4090,#4096));
#4088 = ORIENTED_EDGE('',*,*,#4074,.T.);
#4089 = ORIENTED_EDGE('',*,*,#1974,.T.);
#4090 = ORIENTED_EDGE('',*,*,#4091,.F.);
#4091 = EDGE_CURVE('',#1703,#1967,#4092,.T.);
#4092 = LINE('',#4093,#4094);
#4093 = CARTESIAN_POINT('',(-125.8456722744,-14.,16.96175952935));
#4094 = VECTOR('',#4095,1.);
#4095 = DIRECTION('',(0.,1.,0.));
#4096 = ORIENTED_EDGE('',*,*,#1702,.F.);
#4097 = PLANE('',#4098);
#4098 = AXIS2_PLACEMENT_3D('',#4099,#4100,#4101);
#4099 = CARTESIAN_POINT('',(-125.4535370662,-14.,17.065362095611));
#4100 = DIRECTION('',(-0.255436482081,0.,0.966825839343));
#4101 = DIRECTION('',(-0.966825839343,0.,-0.255436482081));
#4102 = ADVANCED_FACE('',(#4103),#4114,.T.);
#4103 = FACE_BOUND('',#4104,.T.);
#4104 = EDGE_LOOP('',(#4105,#4106,#4107,#4113));
#4105 = ORIENTED_EDGE('',*,*,#4091,.T.);
#4106 = ORIENTED_EDGE('',*,*,#1966,.T.);
#4107 = ORIENTED_EDGE('',*,*,#4108,.F.);
#4108 = EDGE_CURVE('',#1711,#1959,#4109,.T.);
#4109 = LINE('',#4110,#4111);
#4110 = CARTESIAN_POINT('',(-126.2383113526,-14.,16.860083241677));
#4111 = VECTOR('',#4112,1.);
#4112 = DIRECTION('',(0.,1.,0.));
#4113 = ORIENTED_EDGE('',*,*,#1710,.F.);
#4114 = PLANE('',#4115);
#4115 = AXIS2_PLACEMENT_3D('',#4116,#4117,#4118);
#4116 = CARTESIAN_POINT('',(-125.8456722744,-14.,16.96175952935));
#4117 = DIRECTION('',(-0.250687161251,0.,0.968068152138));
#4118 = DIRECTION('',(-0.968068152138,0.,-0.250687161251));
#4119 = ADVANCED_FACE('',(#4120),#4131,.T.);
#4120 = FACE_BOUND('',#4121,.T.);
#4121 = EDGE_LOOP('',(#4122,#4123,#4124,#4130));
#4122 = ORIENTED_EDGE('',*,*,#4108,.T.);
#4123 = ORIENTED_EDGE('',*,*,#1958,.T.);
#4124 = ORIENTED_EDGE('',*,*,#4125,.F.);
#4125 = EDGE_CURVE('',#1719,#1951,#4126,.T.);
#4126 = LINE('',#4127,#4128);
#4127 = CARTESIAN_POINT('',(-126.6314448386,-14.,16.760335682929));
#4128 = VECTOR('',#4129,1.);
#4129 = DIRECTION('',(0.,1.,0.));
#4130 = ORIENTED_EDGE('',*,*,#1718,.F.);
#4131 = PLANE('',#4132);
#4132 = AXIS2_PLACEMENT_3D('',#4133,#4134,#4135);
#4133 = CARTESIAN_POINT('',(-126.2383113526,-14.,16.860083241677));
#4134 = DIRECTION('',(-0.245931799014,0.,0.969287135081));
#4135 = DIRECTION('',(-0.969287135081,0.,-0.245931799014));
#4136 = ADVANCED_FACE('',(#4137),#4148,.T.);
#4137 = FACE_BOUND('',#4138,.T.);
#4138 = EDGE_LOOP('',(#4139,#4140,#4141,#4147));
#4139 = ORIENTED_EDGE('',*,*,#4125,.T.);
#4140 = ORIENTED_EDGE('',*,*,#1950,.T.);
#4141 = ORIENTED_EDGE('',*,*,#4142,.F.);
#4142 = EDGE_CURVE('',#1727,#1943,#4143,.T.);
#4143 = LINE('',#4144,#4145);
#4144 = CARTESIAN_POINT('',(-127.0250632579,-14.,16.662519256959));
#4145 = VECTOR('',#4146,1.);
#4146 = DIRECTION('',(0.,1.,0.));
#4147 = ORIENTED_EDGE('',*,*,#1726,.F.);
#4148 = PLANE('',#4149);
#4149 = AXIS2_PLACEMENT_3D('',#4150,#4151,#4152);
#4150 = CARTESIAN_POINT('',(-126.6314448386,-14.,16.760335682929));
#4151 = DIRECTION('',(-0.241170509971,0.,0.970482758796));
#4152 = DIRECTION('',(-0.970482758796,0.,-0.241170509971));
#4153 = ADVANCED_FACE('',(#4154),#4165,.T.);
#4154 = FACE_BOUND('',#4155,.T.);
#4155 = EDGE_LOOP('',(#4156,#4157,#4158,#4164));
#4156 = ORIENTED_EDGE('',*,*,#4142,.T.);
#4157 = ORIENTED_EDGE('',*,*,#1942,.T.);
#4158 = ORIENTED_EDGE('',*,*,#4159,.F.);
#4159 = EDGE_CURVE('',#1735,#1935,#4160,.T.);
#4160 = LINE('',#4161,#4162);
#4161 = CARTESIAN_POINT('',(-127.4191571248,-14.,16.566636321085));
#4162 = VECTOR('',#4163,1.);
#4163 = DIRECTION('',(0.,1.,0.));
#4164 = ORIENTED_EDGE('',*,*,#1734,.F.);
#4165 = PLANE('',#4166);
#4166 = AXIS2_PLACEMENT_3D('',#4167,#4168,#4169);
#4167 = CARTESIAN_POINT('',(-127.0250632579,-14.,16.662519256959));
#4168 = DIRECTION('',(-0.236403408865,0.,0.971654994469));
#4169 = DIRECTION('',(-0.971654994469,0.,-0.236403408865));
#4170 = ADVANCED_FACE('',(#4171),#4182,.T.);
#4171 = FACE_BOUND('',#4172,.T.);
#4172 = EDGE_LOOP('',(#4173,#4174,#4175,#4181));
#4173 = ORIENTED_EDGE('',*,*,#4159,.T.);
#4174 = ORIENTED_EDGE('',*,*,#1934,.T.);
#4175 = ORIENTED_EDGE('',*,*,#4176,.F.);
#4176 = EDGE_CURVE('',#1743,#1927,#4177,.T.);
#4177 = LINE('',#4178,#4179);
#4178 = CARTESIAN_POINT('',(-127.8137169416,-14.,16.472689186027));
#4179 = VECTOR('',#4180,1.);
#4180 = DIRECTION('',(0.,1.,0.));
#4181 = ORIENTED_EDGE('',*,*,#1742,.F.);
#4182 = PLANE('',#4183);
#4183 = AXIS2_PLACEMENT_3D('',#4184,#4185,#4186);
#4184 = CARTESIAN_POINT('',(-127.4191571248,-14.,16.566636321085));
#4185 = DIRECTION('',(-0.231630610582,0.,0.97280381385));
#4186 = DIRECTION('',(-0.97280381385,0.,-0.231630610582));
#4187 = ADVANCED_FACE('',(#4188),#4231,.T.);
#4188 = FACE_BOUND('',#4189,.T.);
#4189 = EDGE_LOOP('',(#4190,#4191,#4192,#4193,#4201,#4209,#4217,#4225));
#4190 = ORIENTED_EDGE('',*,*,#1750,.F.);
#4191 = ORIENTED_EDGE('',*,*,#4176,.T.);
#4192 = ORIENTED_EDGE('',*,*,#1926,.T.);
#4193 = ORIENTED_EDGE('',*,*,#4194,.F.);
#4194 = EDGE_CURVE('',#4195,#1919,#4197,.T.);
#4195 = VERTEX_POINT('',#4196);
#4196 = CARTESIAN_POINT('',(-128.2087331998,13.,16.380680115854));
#4197 = LINE('',#4198,#4199);
#4198 = CARTESIAN_POINT('',(-128.2087331998,-14.,16.380680115854));
#4199 = VECTOR('',#4200,1.);
#4200 = DIRECTION('',(0.,1.,0.));
#4201 = ORIENTED_EDGE('',*,*,#4202,.T.);
#4202 = EDGE_CURVE('',#4195,#4203,#4205,.T.);
#4203 = VERTEX_POINT('',#4204);
#4204 = CARTESIAN_POINT('',(-127.8578790571,13.,16.462402735537));
#4205 = LINE('',#4206,#4207);
#4206 = CARTESIAN_POINT('',(-128.7241648781,13.,16.260623311921));
#4207 = VECTOR('',#4208,1.);
#4208 = DIRECTION('',(0.973929189253,-0.,0.226852230143));
#4209 = ORIENTED_EDGE('',*,*,#4210,.F.);
#4210 = EDGE_CURVE('',#4211,#4203,#4213,.T.);
#4211 = VERTEX_POINT('',#4212);
#4212 = CARTESIAN_POINT('',(-127.8578790571,-13.,16.462402735537));
#4213 = LINE('',#4214,#4215);
#4214 = CARTESIAN_POINT('',(-127.8578790571,-13.5,16.462402735537));
#4215 = VECTOR('',#4216,1.);
#4216 = DIRECTION('',(0.,1.,0.));
#4217 = ORIENTED_EDGE('',*,*,#4218,.F.);
#4218 = EDGE_CURVE('',#4219,#4211,#4221,.T.);
#4219 = VERTEX_POINT('',#4220);
#4220 = CARTESIAN_POINT('',(-128.2087331998,-13.,16.380680115854));
#4221 = LINE('',#4222,#4223);
#4222 = CARTESIAN_POINT('',(-128.7241648781,-13.,16.260623311921));
#4223 = VECTOR('',#4224,1.);
#4224 = DIRECTION('',(0.973929189253,-0.,0.226852230143));
#4225 = ORIENTED_EDGE('',*,*,#4226,.F.);
#4226 = EDGE_CURVE('',#1751,#4219,#4227,.T.);
#4227 = LINE('',#4228,#4229);
#4228 = CARTESIAN_POINT('',(-128.2087331998,-14.,16.380680115854));
#4229 = VECTOR('',#4230,1.);
#4230 = DIRECTION('',(0.,1.,0.));
#4231 = PLANE('',#4232);
#4232 = AXIS2_PLACEMENT_3D('',#4233,#4234,#4235);
#4233 = CARTESIAN_POINT('',(-127.8137169416,-14.,16.472689186027));
#4234 = DIRECTION('',(-0.226852230143,0.,0.973929189253));
#4235 = DIRECTION('',(-0.973929189253,0.,-0.226852230143));
#4236 = ADVANCED_FACE('',(#4237),#4255,.T.);
#4237 = FACE_BOUND('',#4238,.T.);
#4238 = EDGE_LOOP('',(#4239,#4240,#4241,#4249));
#4239 = ORIENTED_EDGE('',*,*,#1758,.F.);
#4240 = ORIENTED_EDGE('',*,*,#4226,.T.);
#4241 = ORIENTED_EDGE('',*,*,#4242,.F.);
#4242 = EDGE_CURVE('',#4243,#4219,#4245,.T.);
#4243 = VERTEX_POINT('',#4244);
#4244 = CARTESIAN_POINT('',(-128.6041963797,-13.,16.290611327927));
#4245 = LINE('',#4246,#4247);
#4246 = CARTESIAN_POINT('',(-128.9198755353,-13.,16.218713764879));
#4247 = VECTOR('',#4248,1.);
#4248 = DIRECTION('',(0.975031093557,-0.,0.222068382703));
#4249 = ORIENTED_EDGE('',*,*,#4250,.F.);
#4250 = EDGE_CURVE('',#1759,#4243,#4251,.T.);
#4251 = LINE('',#4252,#4253);
#4252 = CARTESIAN_POINT('',(-128.6041963797,-14.,16.290611327927));
#4253 = VECTOR('',#4254,1.);
#4254 = DIRECTION('',(0.,1.,0.));
#4255 = PLANE('',#4256);
#4256 = AXIS2_PLACEMENT_3D('',#4257,#4258,#4259);
#4257 = CARTESIAN_POINT('',(-128.2087331998,-14.,16.380680115854));
#4258 = DIRECTION('',(-0.222068382703,0.,0.975031093557));
#4259 = DIRECTION('',(-0.975031093557,0.,-0.222068382703));
#4260 = ADVANCED_FACE('',(#4261),#4279,.T.);
#4261 = FACE_BOUND('',#4262,.T.);
#4262 = EDGE_LOOP('',(#4263,#4264,#4265,#4273));
#4263 = ORIENTED_EDGE('',*,*,#1766,.F.);
#4264 = ORIENTED_EDGE('',*,*,#4250,.T.);
#4265 = ORIENTED_EDGE('',*,*,#4266,.F.);
#4266 = EDGE_CURVE('',#4267,#4243,#4269,.T.);
#4267 = VERTEX_POINT('',#4268);
#4268 = CARTESIAN_POINT('',(-129.000096951,-13.,16.202484992849));
#4269 = LINE('',#4270,#4271);
#4270 = CARTESIAN_POINT('',(-129.1155532246,-13.,16.176784756497));
#4271 = VECTOR('',#4272,1.);
#4272 = DIRECTION('',(0.976109500208,-0.,0.217279183551));
#4273 = ORIENTED_EDGE('',*,*,#4274,.F.);
#4274 = EDGE_CURVE('',#1767,#4267,#4275,.T.);
#4275 = LINE('',#4276,#4277);
#4276 = CARTESIAN_POINT('',(-129.000096951,-14.,16.202484992849));
#4277 = VECTOR('',#4278,1.);
#4278 = DIRECTION('',(0.,1.,0.));
#4279 = PLANE('',#4280);
#4280 = AXIS2_PLACEMENT_3D('',#4281,#4282,#4283);
#4281 = CARTESIAN_POINT('',(-128.6041963797,-14.,16.290611327927));
#4282 = DIRECTION('',(-0.217279183551,0.,0.976109500208));
#4283 = DIRECTION('',(-0.976109500208,0.,-0.217279183551));
#4284 = ADVANCED_FACE('',(#4285),#4303,.T.);
#4285 = FACE_BOUND('',#4286,.T.);
#4286 = EDGE_LOOP('',(#4287,#4288,#4289,#4297));
#4287 = ORIENTED_EDGE('',*,*,#1774,.F.);
#4288 = ORIENTED_EDGE('',*,*,#4274,.T.);
#4289 = ORIENTED_EDGE('',*,*,#4290,.F.);
#4290 = EDGE_CURVE('',#4291,#4267,#4293,.T.);
#4291 = VERTEX_POINT('',#4292);
#4292 = CARTESIAN_POINT('',(-129.3964253726,-13.,16.116303234412));
#4293 = LINE('',#4294,#4295);
#4294 = CARTESIAN_POINT('',(-129.3112076823,-13.,16.134833851955));
#4295 = VECTOR('',#4296,1.);
#4296 = DIRECTION('',(0.977164383215,-0.,0.212484748103));
#4297 = ORIENTED_EDGE('',*,*,#4298,.F.);
#4298 = EDGE_CURVE('',#1775,#4291,#4299,.T.);
#4299 = LINE('',#4300,#4301);
#4300 = CARTESIAN_POINT('',(-129.3964253726,-14.,16.116303234412));
#4301 = VECTOR('',#4302,1.);
#4302 = DIRECTION('',(0.,1.,0.));
#4303 = PLANE('',#4304);
#4304 = AXIS2_PLACEMENT_3D('',#4305,#4306,#4307);
#4305 = CARTESIAN_POINT('',(-129.000096951,-14.,16.202484992849));
#4306 = DIRECTION('',(-0.212484748103,0.,0.977164383215));
#4307 = DIRECTION('',(-0.977164383215,0.,-0.212484748103));
#4308 = ADVANCED_FACE('',(#4309),#4327,.T.);
#4309 = FACE_BOUND('',#4310,.T.);
#4310 = EDGE_LOOP('',(#4311,#4312,#4313,#4321));
#4311 = ORIENTED_EDGE('',*,*,#1782,.F.);
#4312 = ORIENTED_EDGE('',*,*,#4298,.T.);
#4313 = ORIENTED_EDGE('',*,*,#4314,.F.);
#4314 = EDGE_CURVE('',#4315,#4291,#4317,.T.);
#4315 = VERTEX_POINT('',#4316);
#4316 = CARTESIAN_POINT('',(-129.7931720932,-13.,16.032068129543));
#4317 = LINE('',#4318,#4319);
#4318 = CARTESIAN_POINT('',(-129.5068486782,-13.,16.09285875902));
#4319 = VECTOR('',#4320,1.);
#4320 = DIRECTION('',(0.978195717157,-0.,0.207685191902));
#4321 = ORIENTED_EDGE('',*,*,#4322,.F.);
#4322 = EDGE_CURVE('',#1783,#4315,#4323,.T.);
#4323 = LINE('',#4324,#4325);
#4324 = CARTESIAN_POINT('',(-129.7931720932,-14.,16.032068129543));
#4325 = VECTOR('',#4326,1.);
#4326 = DIRECTION('',(0.,1.,0.));
#4327 = PLANE('',#4328);
#4328 = AXIS2_PLACEMENT_3D('',#4329,#4330,#4331);
#4329 = CARTESIAN_POINT('',(-129.3964253726,-14.,16.116303234412));
#4330 = DIRECTION('',(-0.207685191902,0.,0.978195717157));
#4331 = DIRECTION('',(-0.978195717157,0.,-0.207685191902));
#4332 = ADVANCED_FACE('',(#4333),#4351,.T.);
#4333 = FACE_BOUND('',#4334,.T.);
#4334 = EDGE_LOOP('',(#4335,#4336,#4337,#4345));
#4335 = ORIENTED_EDGE('',*,*,#1790,.F.);
#4336 = ORIENTED_EDGE('',*,*,#4322,.T.);
#4337 = ORIENTED_EDGE('',*,*,#4338,.F.);
#4338 = EDGE_CURVE('',#4339,#4315,#4341,.T.);
#4339 = VERTEX_POINT('',#4340);
#4340 = CARTESIAN_POINT('',(-130.1903275516,-13.,15.949781708257));
#4341 = LINE('',#4342,#4343);
#4342 = CARTESIAN_POINT('',(-129.7024860144,-13.,16.050857328415));
#4343 = VECTOR('',#4344,1.);
#4344 = DIRECTION('',(0.97920347718,-0.,0.202880630616));
#4345 = ORIENTED_EDGE('',*,*,#4346,.F.);
#4346 = EDGE_CURVE('',#1791,#4339,#4347,.T.);
#4347 = LINE('',#4348,#4349);
#4348 = CARTESIAN_POINT('',(-130.1903275516,-14.,15.949781708257));
#4349 = VECTOR('',#4350,1.);
#4350 = DIRECTION('',(0.,1.,0.));
#4351 = PLANE('',#4352);
#4352 = AXIS2_PLACEMENT_3D('',#4353,#4354,#4355);
#4353 = CARTESIAN_POINT('',(-129.7931720932,-14.,16.032068129543));
#4354 = DIRECTION('',(-0.202880630616,0.,0.97920347718));
#4355 = DIRECTION('',(-0.97920347718,0.,-0.202880630616));
#4356 = ADVANCED_FACE('',(#4357),#4375,.T.);
#4357 = FACE_BOUND('',#4358,.T.);
#4358 = EDGE_LOOP('',(#4359,#4360,#4361,#4369));
#4359 = ORIENTED_EDGE('',*,*,#1798,.F.);
#4360 = ORIENTED_EDGE('',*,*,#4346,.T.);
#4361 = ORIENTED_EDGE('',*,*,#4362,.F.);
#4362 = EDGE_CURVE('',#4363,#4339,#4365,.T.);
#4363 = VERTEX_POINT('',#4364);
#4364 = CARTESIAN_POINT('',(-130.5878821765,-13.,15.869445953607));
#4365 = LINE('',#4366,#4367);
#4366 = CARTESIAN_POINT('',(-129.8981295231,-13.,16.008827554178));
#4367 = VECTOR('',#4368,1.);
#4368 = DIRECTION('',(0.980187638997,-0.,0.198071180029));
#4369 = ORIENTED_EDGE('',*,*,#4370,.F.);
#4370 = EDGE_CURVE('',#1799,#4363,#4371,.T.);
#4371 = LINE('',#4372,#4373);
#4372 = CARTESIAN_POINT('',(-130.5878821765,-14.,15.869445953607));
#4373 = VECTOR('',#4374,1.);
#4374 = DIRECTION('',(0.,1.,0.));
#4375 = PLANE('',#4376);
#4376 = AXIS2_PLACEMENT_3D('',#4377,#4378,#4379);
#4377 = CARTESIAN_POINT('',(-130.1903275516,-14.,15.949781708257));
#4378 = DIRECTION('',(-0.198071180029,0.,0.980187638997));
#4379 = DIRECTION('',(-0.980187638997,0.,-0.198071180029));
#4380 = ADVANCED_FACE('',(#4381),#4399,.T.);
#4381 = FACE_BOUND('',#4382,.T.);
#4382 = EDGE_LOOP('',(#4383,#4384,#4385,#4393));
#4383 = ORIENTED_EDGE('',*,*,#1806,.F.);
#4384 = ORIENTED_EDGE('',*,*,#4370,.T.);
#4385 = ORIENTED_EDGE('',*,*,#4386,.F.);
#4386 = EDGE_CURVE('',#4387,#4363,#4389,.T.);
#4387 = VERTEX_POINT('',#4388);
#4388 = CARTESIAN_POINT('',(-130.9858263871,-13.,15.791062801634));
#4389 = LINE('',#4390,#4391);
#4390 = CARTESIAN_POINT('',(-130.0937890656,-13.,15.966767574));
#4391 = VECTOR('',#4392,1.);
#4392 = DIRECTION('',(0.98114817889,-0.,0.193256956049));
#4393 = ORIENTED_EDGE('',*,*,#4394,.F.);
#4394 = EDGE_CURVE('',#1807,#4387,#4395,.T.);
#4395 = LINE('',#4396,#4397);
#4396 = CARTESIAN_POINT('',(-130.9858263871,-14.,15.791062801634));
#4397 = VECTOR('',#4398,1.);
#4398 = DIRECTION('',(0.,1.,0.));
#4399 = PLANE('',#4400);
#4400 = AXIS2_PLACEMENT_3D('',#4401,#4402,#4403);
#4401 = CARTESIAN_POINT('',(-130.5878821765,-14.,15.869445953607));
#4402 = DIRECTION('',(-0.193256956049,0.,0.98114817889));
#4403 = DIRECTION('',(-0.98114817889,0.,-0.193256956049));
#4404 = ADVANCED_FACE('',(#4405),#4416,.T.);
#4405 = FACE_BOUND('',#4406,.T.);
#4406 = EDGE_LOOP('',(#4407,#4408,#4409,#4415));
#4407 = ORIENTED_EDGE('',*,*,#1814,.F.);
#4408 = ORIENTED_EDGE('',*,*,#4394,.T.);
#4409 = ORIENTED_EDGE('',*,*,#4410,.F.);
#4410 = EDGE_CURVE('',#2665,#4387,#4411,.T.);
#4411 = LINE('',#4412,#4413);
#4412 = CARTESIAN_POINT('',(-130.2894745301,-13.,15.924675669546));
#4413 = VECTOR('',#4414,1.);
#4414 = DIRECTION('',(0.982085073711,-0.,0.188438074693));
#4415 = ORIENTED_EDGE('',*,*,#2664,.F.);
#4416 = PLANE('',#4417);
#4417 = AXIS2_PLACEMENT_3D('',#4418,#4419,#4420);
#4418 = CARTESIAN_POINT('',(-130.9858263871,-14.,15.791062801634));
#4419 = DIRECTION('',(-0.188438074693,0.,0.982085073711));
#4420 = DIRECTION('',(-0.982085073711,0.,-0.188438074693));
#4421 = ADVANCED_FACE('',(#4422),#4440,.T.);
#4422 = FACE_BOUND('',#4423,.T.);
#4423 = EDGE_LOOP('',(#4424,#4432,#4438,#4439));
#4424 = ORIENTED_EDGE('',*,*,#4425,.T.);
#4425 = EDGE_CURVE('',#2689,#4426,#4428,.T.);
#4426 = VERTEX_POINT('',#4427);
#4427 = CARTESIAN_POINT('',(-130.9858263871,13.,15.791062801634));
#4428 = LINE('',#4429,#4430);
#4429 = CARTESIAN_POINT('',(-130.2894745301,13.,15.924675669546));
#4430 = VECTOR('',#4431,1.);
#4431 = DIRECTION('',(0.982085073711,-0.,0.188438074693));
#4432 = ORIENTED_EDGE('',*,*,#4433,.T.);
#4433 = EDGE_CURVE('',#4426,#1863,#4434,.T.);
#4434 = LINE('',#4435,#4436);
#4435 = CARTESIAN_POINT('',(-130.9858263871,-14.,15.791062801634));
#4436 = VECTOR('',#4437,1.);
#4437 = DIRECTION('',(0.,1.,0.));
#4438 = ORIENTED_EDGE('',*,*,#1862,.T.);
#4439 = ORIENTED_EDGE('',*,*,#2696,.F.);
#4440 = PLANE('',#4441);
#4441 = AXIS2_PLACEMENT_3D('',#4442,#4443,#4444);
#4442 = CARTESIAN_POINT('',(-130.9858263871,-14.,15.791062801634));
#4443 = DIRECTION('',(-0.188438074693,0.,0.982085073711));
#4444 = DIRECTION('',(-0.982085073711,0.,-0.188438074693));
#4445 = ADVANCED_FACE('',(#4446),#4464,.T.);
#4446 = FACE_BOUND('',#4447,.T.);
#4447 = EDGE_LOOP('',(#4448,#4456,#4462,#4463));
#4448 = ORIENTED_EDGE('',*,*,#4449,.T.);
#4449 = EDGE_CURVE('',#4426,#4450,#4452,.T.);
#4450 = VERTEX_POINT('',#4451);
#4451 = CARTESIAN_POINT('',(-130.5878821765,13.,15.869445953607));
#4452 = LINE('',#4453,#4454);
#4453 = CARTESIAN_POINT('',(-130.0937890656,13.,15.966767574));
#4454 = VECTOR('',#4455,1.);
#4455 = DIRECTION('',(0.98114817889,-0.,0.193256956049));
#4456 = ORIENTED_EDGE('',*,*,#4457,.T.);
#4457 = EDGE_CURVE('',#4450,#1871,#4458,.T.);
#4458 = LINE('',#4459,#4460);
#4459 = CARTESIAN_POINT('',(-130.5878821765,-14.,15.869445953607));
#4460 = VECTOR('',#4461,1.);
#4461 = DIRECTION('',(0.,1.,0.));
#4462 = ORIENTED_EDGE('',*,*,#1870,.T.);
#4463 = ORIENTED_EDGE('',*,*,#4433,.F.);
#4464 = PLANE('',#4465);
#4465 = AXIS2_PLACEMENT_3D('',#4466,#4467,#4468);
#4466 = CARTESIAN_POINT('',(-130.5878821765,-14.,15.869445953607));
#4467 = DIRECTION('',(-0.193256956049,0.,0.98114817889));
#4468 = DIRECTION('',(-0.98114817889,0.,-0.193256956049));
#4469 = ADVANCED_FACE('',(#4470),#4488,.T.);
#4470 = FACE_BOUND('',#4471,.T.);
#4471 = EDGE_LOOP('',(#4472,#4480,#4486,#4487));
#4472 = ORIENTED_EDGE('',*,*,#4473,.T.);
#4473 = EDGE_CURVE('',#4450,#4474,#4476,.T.);
#4474 = VERTEX_POINT('',#4475);
#4475 = CARTESIAN_POINT('',(-130.1903275516,13.,15.949781708257));
#4476 = LINE('',#4477,#4478);
#4477 = CARTESIAN_POINT('',(-129.8981295231,13.,16.008827554178));
#4478 = VECTOR('',#4479,1.);
#4479 = DIRECTION('',(0.980187638997,-0.,0.198071180029));
#4480 = ORIENTED_EDGE('',*,*,#4481,.T.);
#4481 = EDGE_CURVE('',#4474,#1879,#4482,.T.);
#4482 = LINE('',#4483,#4484);
#4483 = CARTESIAN_POINT('',(-130.1903275516,-14.,15.949781708257));
#4484 = VECTOR('',#4485,1.);
#4485 = DIRECTION('',(0.,1.,0.));
#4486 = ORIENTED_EDGE('',*,*,#1878,.T.);
#4487 = ORIENTED_EDGE('',*,*,#4457,.F.);
#4488 = PLANE('',#4489);
#4489 = AXIS2_PLACEMENT_3D('',#4490,#4491,#4492);
#4490 = CARTESIAN_POINT('',(-130.1903275516,-14.,15.949781708257));
#4491 = DIRECTION('',(-0.198071180029,0.,0.980187638997));
#4492 = DIRECTION('',(-0.980187638997,0.,-0.198071180029));
#4493 = ADVANCED_FACE('',(#4494),#4512,.T.);
#4494 = FACE_BOUND('',#4495,.T.);
#4495 = EDGE_LOOP('',(#4496,#4504,#4510,#4511));
#4496 = ORIENTED_EDGE('',*,*,#4497,.T.);
#4497 = EDGE_CURVE('',#4474,#4498,#4500,.T.);
#4498 = VERTEX_POINT('',#4499);
#4499 = CARTESIAN_POINT('',(-129.7931720932,13.,16.032068129543));
#4500 = LINE('',#4501,#4502);
#4501 = CARTESIAN_POINT('',(-129.7024860144,13.,16.050857328415));
#4502 = VECTOR('',#4503,1.);
#4503 = DIRECTION('',(0.97920347718,-0.,0.202880630616));
#4504 = ORIENTED_EDGE('',*,*,#4505,.T.);
#4505 = EDGE_CURVE('',#4498,#1887,#4506,.T.);
#4506 = LINE('',#4507,#4508);
#4507 = CARTESIAN_POINT('',(-129.7931720932,-14.,16.032068129543));
#4508 = VECTOR('',#4509,1.);
#4509 = DIRECTION('',(0.,1.,0.));
#4510 = ORIENTED_EDGE('',*,*,#1886,.T.);
#4511 = ORIENTED_EDGE('',*,*,#4481,.F.);
#4512 = PLANE('',#4513);
#4513 = AXIS2_PLACEMENT_3D('',#4514,#4515,#4516);
#4514 = CARTESIAN_POINT('',(-129.7931720932,-14.,16.032068129543));
#4515 = DIRECTION('',(-0.202880630616,0.,0.97920347718));
#4516 = DIRECTION('',(-0.97920347718,0.,-0.202880630616));
#4517 = ADVANCED_FACE('',(#4518),#4536,.T.);
#4518 = FACE_BOUND('',#4519,.T.);
#4519 = EDGE_LOOP('',(#4520,#4528,#4534,#4535));
#4520 = ORIENTED_EDGE('',*,*,#4521,.T.);
#4521 = EDGE_CURVE('',#4498,#4522,#4524,.T.);
#4522 = VERTEX_POINT('',#4523);
#4523 = CARTESIAN_POINT('',(-129.3964253726,13.,16.116303234412));
#4524 = LINE('',#4525,#4526);
#4525 = CARTESIAN_POINT('',(-129.5068486782,13.,16.09285875902));
#4526 = VECTOR('',#4527,1.);
#4527 = DIRECTION('',(0.978195717157,-0.,0.207685191902));
#4528 = ORIENTED_EDGE('',*,*,#4529,.T.);
#4529 = EDGE_CURVE('',#4522,#1895,#4530,.T.);
#4530 = LINE('',#4531,#4532);
#4531 = CARTESIAN_POINT('',(-129.3964253726,-14.,16.116303234412));
#4532 = VECTOR('',#4533,1.);
#4533 = DIRECTION('',(0.,1.,0.));
#4534 = ORIENTED_EDGE('',*,*,#1894,.T.);
#4535 = ORIENTED_EDGE('',*,*,#4505,.F.);
#4536 = PLANE('',#4537);
#4537 = AXIS2_PLACEMENT_3D('',#4538,#4539,#4540);
#4538 = CARTESIAN_POINT('',(-129.3964253726,-14.,16.116303234412));
#4539 = DIRECTION('',(-0.207685191902,0.,0.978195717157));
#4540 = DIRECTION('',(-0.978195717157,0.,-0.207685191902));
#4541 = ADVANCED_FACE('',(#4542),#4560,.T.);
#4542 = FACE_BOUND('',#4543,.T.);
#4543 = EDGE_LOOP('',(#4544,#4552,#4558,#4559));
#4544 = ORIENTED_EDGE('',*,*,#4545,.T.);
#4545 = EDGE_CURVE('',#4522,#4546,#4548,.T.);
#4546 = VERTEX_POINT('',#4547);
#4547 = CARTESIAN_POINT('',(-129.000096951,13.,16.202484992849));
#4548 = LINE('',#4549,#4550);
#4549 = CARTESIAN_POINT('',(-129.3112076823,13.,16.134833851955));
#4550 = VECTOR('',#4551,1.);
#4551 = DIRECTION('',(0.977164383215,-0.,0.212484748103));
#4552 = ORIENTED_EDGE('',*,*,#4553,.T.);
#4553 = EDGE_CURVE('',#4546,#1903,#4554,.T.);
#4554 = LINE('',#4555,#4556);
#4555 = CARTESIAN_POINT('',(-129.000096951,-14.,16.202484992849));
#4556 = VECTOR('',#4557,1.);
#4557 = DIRECTION('',(0.,1.,0.));
#4558 = ORIENTED_EDGE('',*,*,#1902,.T.);
#4559 = ORIENTED_EDGE('',*,*,#4529,.F.);
#4560 = PLANE('',#4561);
#4561 = AXIS2_PLACEMENT_3D('',#4562,#4563,#4564);
#4562 = CARTESIAN_POINT('',(-129.000096951,-14.,16.202484992849));
#4563 = DIRECTION('',(-0.212484748103,0.,0.977164383215));
#4564 = DIRECTION('',(-0.977164383215,0.,-0.212484748103));
#4565 = ADVANCED_FACE('',(#4566),#4584,.T.);
#4566 = FACE_BOUND('',#4567,.T.);
#4567 = EDGE_LOOP('',(#4568,#4576,#4582,#4583));
#4568 = ORIENTED_EDGE('',*,*,#4569,.T.);
#4569 = EDGE_CURVE('',#4546,#4570,#4572,.T.);
#4570 = VERTEX_POINT('',#4571);
#4571 = CARTESIAN_POINT('',(-128.6041963797,13.,16.290611327927));
#4572 = LINE('',#4573,#4574);
#4573 = CARTESIAN_POINT('',(-129.1155532246,13.,16.176784756497));
#4574 = VECTOR('',#4575,1.);
#4575 = DIRECTION('',(0.976109500208,-0.,0.217279183551));
#4576 = ORIENTED_EDGE('',*,*,#4577,.T.);
#4577 = EDGE_CURVE('',#4570,#1911,#4578,.T.);
#4578 = LINE('',#4579,#4580);
#4579 = CARTESIAN_POINT('',(-128.6041963797,-14.,16.290611327927));
#4580 = VECTOR('',#4581,1.);
#4581 = DIRECTION('',(0.,1.,0.));
#4582 = ORIENTED_EDGE('',*,*,#1910,.T.);
#4583 = ORIENTED_EDGE('',*,*,#4553,.F.);
#4584 = PLANE('',#4585);
#4585 = AXIS2_PLACEMENT_3D('',#4586,#4587,#4588);
#4586 = CARTESIAN_POINT('',(-128.6041963797,-14.,16.290611327927));
#4587 = DIRECTION('',(-0.217279183551,0.,0.976109500208));
#4588 = DIRECTION('',(-0.976109500208,0.,-0.217279183551));
#4589 = ADVANCED_FACE('',(#4590),#4601,.T.);
#4590 = FACE_BOUND('',#4591,.T.);
#4591 = EDGE_LOOP('',(#4592,#4598,#4599,#4600));
#4592 = ORIENTED_EDGE('',*,*,#4593,.T.);
#4593 = EDGE_CURVE('',#4570,#4195,#4594,.T.);
#4594 = LINE('',#4595,#4596);
#4595 = CARTESIAN_POINT('',(-128.9198755353,13.,16.218713764879));
#4596 = VECTOR('',#4597,1.);
#4597 = DIRECTION('',(0.975031093557,-0.,0.222068382703));
#4598 = ORIENTED_EDGE('',*,*,#4194,.T.);
#4599 = ORIENTED_EDGE('',*,*,#1918,.T.);
#4600 = ORIENTED_EDGE('',*,*,#4577,.F.);
#4601 = PLANE('',#4602);
#4602 = AXIS2_PLACEMENT_3D('',#4603,#4604,#4605);
#4603 = CARTESIAN_POINT('',(-128.2087331998,-14.,16.380680115854));
#4604 = DIRECTION('',(-0.222068382703,0.,0.975031093557));
#4605 = DIRECTION('',(-0.975031093557,0.,-0.222068382703));
#4606 = ADVANCED_FACE('',(#4607),#5137,.T.);
#4607 = FACE_BOUND('',#4608,.T.);
#4608 = EDGE_LOOP('',(#4609,#4610,#4618,#4626,#4634,#4642,#4650,#4658,
    #4666,#4674,#4682,#4690,#4698,#4706,#4714,#4722,#4730,#4738,#4746,
    #4754,#4762,#4770,#4778,#4786,#4794,#4802,#4810,#4818,#4826,#4834,
    #4842,#4850,#4858,#4866,#4874,#4882,#4890,#4898,#4906,#4914,#4922,
    #4930,#4938,#4946,#4954,#4962,#4970,#4978,#4986,#4994,#5002,#5010,
    #5018,#5026,#5034,#5042,#5050,#5058,#5066,#5074,#5082,#5090,#5098,
    #5106,#5114,#5122,#5128,#5129,#5130,#5131,#5132,#5133,#5134,#5135,
    #5136));
#4609 = ORIENTED_EDGE('',*,*,#2688,.T.);
#4610 = ORIENTED_EDGE('',*,*,#4611,.T.);
#4611 = EDGE_CURVE('',#2681,#4612,#4614,.T.);
#4612 = VERTEX_POINT('',#4613);
#4613 = CARTESIAN_POINT('',(-130.8620678222,13.,13.26908749579));
#4614 = LINE('',#4615,#4616);
#4615 = CARTESIAN_POINT('',(-130.9190832837,13.,13.258272523471));
#4616 = VECTOR('',#4617,1.);
#4617 = DIRECTION('',(0.982481176339,0.,0.186361847331));
#4618 = ORIENTED_EDGE('',*,*,#4619,.T.);
#4619 = EDGE_CURVE('',#4612,#4620,#4622,.T.);
#4620 = VERTEX_POINT('',#4621);
#4621 = CARTESIAN_POINT('',(-130.8050597473,13.,13.279941336981));
#4622 = LINE('',#4623,#4624);
#4623 = CARTESIAN_POINT('',(-130.8620678222,13.,13.26908749579));
#4624 = VECTOR('',#4625,1.);
#4625 = DIRECTION('',(0.98235389224,0.,0.187031629411));
#4626 = ORIENTED_EDGE('',*,*,#4627,.T.);
#4627 = EDGE_CURVE('',#4620,#4628,#4630,.T.);
#4628 = VERTEX_POINT('',#4629);
#4629 = CARTESIAN_POINT('',(-130.7480590855,13.,13.290834041998));
#4630 = LINE('',#4631,#4632);
#4631 = CARTESIAN_POINT('',(-130.8050597473,13.,13.279941336981));
#4632 = VECTOR('',#4633,1.);
#4633 = DIRECTION('',(0.982226151535,0.,0.187701324558));
#4634 = ORIENTED_EDGE('',*,*,#4635,.T.);
#4635 = EDGE_CURVE('',#4628,#4636,#4638,.T.);
#4636 = VERTEX_POINT('',#4637);
#4637 = CARTESIAN_POINT('',(-130.6910658632,13.,13.301765605778));
#4638 = LINE('',#4639,#4640);
#4639 = CARTESIAN_POINT('',(-130.7480590855,13.,13.290834041998));
#4640 = VECTOR('',#4641,1.);
#4641 = DIRECTION('',(0.982097954282,0.,0.188370932459));
#4642 = ORIENTED_EDGE('',*,*,#4643,.T.);
#4643 = EDGE_CURVE('',#4636,#4644,#4646,.T.);
#4644 = VERTEX_POINT('',#4645);
#4645 = CARTESIAN_POINT('',(-130.6340801069,13.,13.31273602324));
#4646 = LINE('',#4647,#4648);
#4647 = CARTESIAN_POINT('',(-130.6910658632,13.,13.301765605778));
#4648 = VECTOR('',#4649,1.);
#4649 = DIRECTION('',(0.98196930054,0.,0.189040452804));
#4650 = ORIENTED_EDGE('',*,*,#4651,.T.);
#4651 = EDGE_CURVE('',#4644,#4652,#4654,.T.);
#4652 = VERTEX_POINT('',#4653);
#4653 = CARTESIAN_POINT('',(-130.5771018432,13.,13.323745289285));
#4654 = LINE('',#4655,#4656);
#4655 = CARTESIAN_POINT('',(-130.6340801069,13.,13.31273602324));
#4656 = VECTOR('',#4657,1.);
#4657 = DIRECTION('',(0.98184019037,0.,0.189709885281));
#4658 = ORIENTED_EDGE('',*,*,#4659,.T.);
#4659 = EDGE_CURVE('',#4652,#4660,#4662,.T.);
#4660 = VERTEX_POINT('',#4661);
#4661 = CARTESIAN_POINT('',(-130.5201310986,13.,13.334793398797));
#4662 = LINE('',#4663,#4664);
#4663 = CARTESIAN_POINT('',(-130.5771018432,13.,13.323745289285));
#4664 = VECTOR('',#4665,1.);
#4665 = DIRECTION('',(0.981710623832,0.,0.190379229579));
#4666 = ORIENTED_EDGE('',*,*,#4667,.T.);
#4667 = EDGE_CURVE('',#4660,#4668,#4670,.T.);
#4668 = VERTEX_POINT('',#4669);
#4669 = CARTESIAN_POINT('',(-130.4631678994,13.,13.345880346639));
#4670 = LINE('',#4671,#4672);
#4671 = CARTESIAN_POINT('',(-130.5201310986,13.,13.334793398797));
#4672 = VECTOR('',#4673,1.);
#4673 = DIRECTION('',(0.981580600986,0.,0.191048485388));
#4674 = ORIENTED_EDGE('',*,*,#4675,.T.);
#4675 = EDGE_CURVE('',#4668,#4676,#4678,.T.);
#4676 = VERTEX_POINT('',#4677);
#4677 = CARTESIAN_POINT('',(-130.4062122722,13.,13.357006127658));
#4678 = LINE('',#4679,#4680);
#4679 = CARTESIAN_POINT('',(-130.4631678994,13.,13.345880346639));
#4680 = VECTOR('',#4681,1.);
#4681 = DIRECTION('',(0.981450121891,0.,0.191717652395));
#4682 = ORIENTED_EDGE('',*,*,#4683,.T.);
#4683 = EDGE_CURVE('',#4676,#4684,#4686,.T.);
#4684 = VERTEX_POINT('',#4685);
#4685 = CARTESIAN_POINT('',(-130.3492642434,13.,13.368170736683));
#4686 = LINE('',#4687,#4688);
#4687 = CARTESIAN_POINT('',(-130.4062122722,13.,13.357006127658));
#4688 = VECTOR('',#4689,1.);
#4689 = DIRECTION('',(0.98131918661,0.,0.19238673029));
#4690 = ORIENTED_EDGE('',*,*,#4691,.T.);
#4691 = EDGE_CURVE('',#4684,#4692,#4694,.T.);
#4692 = VERTEX_POINT('',#4693);
#4693 = CARTESIAN_POINT('',(-130.2923238396,13.,13.379374168525));
#4694 = LINE('',#4695,#4696);
#4695 = CARTESIAN_POINT('',(-130.3492642434,13.,13.368170736683));
#4696 = VECTOR('',#4697,1.);
#4697 = DIRECTION('',(0.981187795202,0.,0.193055718761));
#4698 = ORIENTED_EDGE('',*,*,#4699,.T.);
#4699 = EDGE_CURVE('',#4692,#4700,#4702,.T.);
#4700 = VERTEX_POINT('',#4701);
#4701 = CARTESIAN_POINT('',(-130.2353910872,13.,13.390616417975));
#4702 = LINE('',#4703,#4704);
#4703 = CARTESIAN_POINT('',(-130.2923238396,13.,13.379374168525));
#4704 = VECTOR('',#4705,1.);
#4705 = DIRECTION('',(0.981055947729,0.,0.193724617499));
#4706 = ORIENTED_EDGE('',*,*,#4707,.T.);
#4707 = EDGE_CURVE('',#4700,#4708,#4710,.T.);
#4708 = VERTEX_POINT('',#4709);
#4709 = CARTESIAN_POINT('',(-130.1784660126,13.,13.401897479809));
#4710 = LINE('',#4711,#4712);
#4711 = CARTESIAN_POINT('',(-130.2353910872,13.,13.390616417975));
#4712 = VECTOR('',#4713,1.);
#4713 = DIRECTION('',(0.980923644252,0.,0.194393426192));
#4714 = ORIENTED_EDGE('',*,*,#4715,.T.);
#4715 = EDGE_CURVE('',#4708,#4716,#4718,.T.);
#4716 = VERTEX_POINT('',#4717);
#4717 = CARTESIAN_POINT('',(-130.1215486423,13.,13.413217348784));
#4718 = LINE('',#4719,#4720);
#4719 = CARTESIAN_POINT('',(-130.1784660126,13.,13.401897479809));
#4720 = VECTOR('',#4721,1.);
#4721 = DIRECTION('',(0.980790884833,0.,0.195062144528));
#4722 = ORIENTED_EDGE('',*,*,#4723,.T.);
#4723 = EDGE_CURVE('',#4716,#4724,#4726,.T.);
#4724 = VERTEX_POINT('',#4725);
#4725 = CARTESIAN_POINT('',(-130.0646390028,13.,13.424576019636));
#4726 = LINE('',#4727,#4728);
#4727 = CARTESIAN_POINT('',(-130.1215486423,13.,13.413217348784));
#4728 = VECTOR('',#4729,1.);
#4729 = DIRECTION('',(0.980657669533,0.,0.195730772198));
#4730 = ORIENTED_EDGE('',*,*,#4731,.T.);
#4731 = EDGE_CURVE('',#4724,#4732,#4734,.T.);
#4732 = VERTEX_POINT('',#4733);
#4733 = CARTESIAN_POINT('',(-130.0077371205,13.,13.435973487088));
#4734 = LINE('',#4735,#4736);
#4735 = CARTESIAN_POINT('',(-130.0646390028,13.,13.424576019636));
#4736 = VECTOR('',#4737,1.);
#4737 = DIRECTION('',(0.980523998415,0.,0.196399308891));
#4738 = ORIENTED_EDGE('',*,*,#4739,.T.);
#4739 = EDGE_CURVE('',#4732,#4740,#4742,.T.);
#4740 = VERTEX_POINT('',#4741);
#4741 = CARTESIAN_POINT('',(-129.9508430219,13.,13.44740974584));
#4742 = LINE('',#4743,#4744);
#4743 = CARTESIAN_POINT('',(-130.0077371205,13.,13.435973487088));
#4744 = VECTOR('',#4745,1.);
#4745 = DIRECTION('',(0.980389871539,0.,0.197067754295));
#4746 = ORIENTED_EDGE('',*,*,#4747,.T.);
#4747 = EDGE_CURVE('',#4740,#4748,#4750,.T.);
#4748 = VERTEX_POINT('',#4749);
#4749 = CARTESIAN_POINT('',(-129.8939567333,13.,13.458884790579));
#4750 = LINE('',#4751,#4752);
#4751 = CARTESIAN_POINT('',(-129.9508430219,13.,13.44740974584));
#4752 = VECTOR('',#4753,1.);
#4753 = DIRECTION('',(0.98025528897,0.,0.197736108101));
#4754 = ORIENTED_EDGE('',*,*,#4755,.T.);
#4755 = EDGE_CURVE('',#4748,#4756,#4758,.T.);
#4756 = VERTEX_POINT('',#4757);
#4757 = CARTESIAN_POINT('',(-129.8370782814,13.,13.470398615968));
#4758 = LINE('',#4759,#4760);
#4759 = CARTESIAN_POINT('',(-129.8939567333,13.,13.458884790579));
#4760 = VECTOR('',#4761,1.);
#4761 = DIRECTION('',(0.980120250768,0.,0.198404369997));
#4762 = ORIENTED_EDGE('',*,*,#4763,.T.);
#4763 = EDGE_CURVE('',#4756,#4764,#4766,.T.);
#4764 = VERTEX_POINT('',#4765);
#4765 = CARTESIAN_POINT('',(-129.7802076924,13.,13.481951216658));
#4766 = LINE('',#4767,#4768);
#4767 = CARTESIAN_POINT('',(-129.8370782814,13.,13.470398615968));
#4768 = VECTOR('',#4769,1.);
#4769 = DIRECTION('',(0.979984756998,0.,0.199072539672));
#4770 = ORIENTED_EDGE('',*,*,#4771,.T.);
#4771 = EDGE_CURVE('',#4764,#4772,#4774,.T.);
#4772 = VERTEX_POINT('',#4773);
#4773 = CARTESIAN_POINT('',(-129.7233449929,13.,13.493542587279));
#4774 = LINE('',#4775,#4776);
#4775 = CARTESIAN_POINT('',(-129.7802076924,13.,13.481951216658));
#4776 = VECTOR('',#4777,1.);
#4777 = DIRECTION('',(0.979848807722,0.,0.199740616817));
#4778 = ORIENTED_EDGE('',*,*,#4779,.T.);
#4779 = EDGE_CURVE('',#4772,#4780,#4782,.T.);
#4780 = VERTEX_POINT('',#4781);
#4781 = CARTESIAN_POINT('',(-129.6664902092,13.,13.505172722441));
#4782 = LINE('',#4783,#4784);
#4783 = CARTESIAN_POINT('',(-129.7233449929,13.,13.493542587279));
#4784 = VECTOR('',#4785,1.);
#4785 = DIRECTION('',(0.979712403002,0.,0.200408601121));
#4786 = ORIENTED_EDGE('',*,*,#4787,.T.);
#4787 = EDGE_CURVE('',#4780,#4788,#4790,.T.);
#4788 = VERTEX_POINT('',#4789);
#4789 = CARTESIAN_POINT('',(-129.6096433677,13.,13.516841616741));
#4790 = LINE('',#4791,#4792);
#4791 = CARTESIAN_POINT('',(-129.6664902092,13.,13.505172722441));
#4792 = VECTOR('',#4793,1.);
#4793 = DIRECTION('',(0.979575542904,0.,0.201076492273));
#4794 = ORIENTED_EDGE('',*,*,#4795,.T.);
#4795 = EDGE_CURVE('',#4788,#4796,#4798,.T.);
#4796 = VERTEX_POINT('',#4797);
#4797 = CARTESIAN_POINT('',(-129.552804495,13.,13.528549264753));
#4798 = LINE('',#4799,#4800);
#4799 = CARTESIAN_POINT('',(-129.6096433677,13.,13.516841616741));
#4800 = VECTOR('',#4801,1.);
#4801 = DIRECTION('',(0.979438227489,0.,0.201744289962));
#4802 = ORIENTED_EDGE('',*,*,#4803,.T.);
#4803 = EDGE_CURVE('',#4796,#4804,#4806,.T.);
#4804 = VERTEX_POINT('',#4805);
#4805 = CARTESIAN_POINT('',(-129.4959736174,13.,13.540295661037));
#4806 = LINE('',#4807,#4808);
#4807 = CARTESIAN_POINT('',(-129.552804495,13.,13.528549264753));
#4808 = VECTOR('',#4809,1.);
#4809 = DIRECTION('',(0.979300456823,0.,0.202411993879));
#4810 = ORIENTED_EDGE('',*,*,#4811,.T.);
#4811 = EDGE_CURVE('',#4804,#4812,#4814,.T.);
#4812 = VERTEX_POINT('',#4813);
#4813 = CARTESIAN_POINT('',(-129.4391507614,13.,13.552080800131));
#4814 = LINE('',#4815,#4816);
#4815 = CARTESIAN_POINT('',(-129.4959736174,13.,13.540295661037));
#4816 = VECTOR('',#4817,1.);
#4817 = DIRECTION('',(0.979162230969,0.,0.203079603714));
#4818 = ORIENTED_EDGE('',*,*,#4819,.T.);
#4819 = EDGE_CURVE('',#4812,#4820,#4822,.T.);
#4820 = VERTEX_POINT('',#4821);
#4821 = CARTESIAN_POINT('',(-129.3823359533,13.,13.563904676559));
#4822 = LINE('',#4823,#4824);
#4823 = CARTESIAN_POINT('',(-129.4391507614,13.,13.552080800131));
#4824 = VECTOR('',#4825,1.);
#4825 = DIRECTION('',(0.979023549991,0.,0.203747119154));
#4826 = ORIENTED_EDGE('',*,*,#4827,.T.);
#4827 = EDGE_CURVE('',#4820,#4828,#4830,.T.);
#4828 = VERTEX_POINT('',#4829);
#4829 = CARTESIAN_POINT('',(-129.3255292196,13.,13.575767284825));
#4830 = LINE('',#4831,#4832);
#4831 = CARTESIAN_POINT('',(-129.3823359533,13.,13.563904676559));
#4832 = VECTOR('',#4833,1.);
#4833 = DIRECTION('',(0.978884413953,0.,0.204414539891));
#4834 = ORIENTED_EDGE('',*,*,#4835,.T.);
#4835 = EDGE_CURVE('',#4828,#4836,#4838,.T.);
#4836 = VERTEX_POINT('',#4837);
#4837 = CARTESIAN_POINT('',(-129.2687305866,13.,13.587668619415));
#4838 = LINE('',#4839,#4840);
#4839 = CARTESIAN_POINT('',(-129.3255292196,13.,13.575767284825));
#4840 = VECTOR('',#4841,1.);
#4841 = DIRECTION('',(0.978744822922,0.,0.205081865615));
#4842 = ORIENTED_EDGE('',*,*,#4843,.T.);
#4843 = EDGE_CURVE('',#4836,#4844,#4846,.T.);
#4844 = VERTEX_POINT('',#4845);
#4845 = CARTESIAN_POINT('',(-129.2119400808,13.,13.599608674796));
#4846 = LINE('',#4847,#4848);
#4847 = CARTESIAN_POINT('',(-129.2687305866,13.,13.587668619415));
#4848 = VECTOR('',#4849,1.);
#4849 = DIRECTION('',(0.97860477696,0.,0.205749096014));
#4850 = ORIENTED_EDGE('',*,*,#4851,.T.);
#4851 = EDGE_CURVE('',#4844,#4852,#4854,.T.);
#4852 = VERTEX_POINT('',#4853);
#4853 = CARTESIAN_POINT('',(-129.1551577285,13.,13.611587445419));
#4854 = LINE('',#4855,#4856);
#4855 = CARTESIAN_POINT('',(-129.2119400808,13.,13.599608674796));
#4856 = VECTOR('',#4857,1.);
#4857 = DIRECTION('',(0.978464276134,0.,0.20641623078));
#4858 = ORIENTED_EDGE('',*,*,#4859,.T.);
#4859 = EDGE_CURVE('',#4852,#4860,#4862,.T.);
#4860 = VERTEX_POINT('',#4861);
#4861 = CARTESIAN_POINT('',(-129.0983835562,13.,13.623604925716));
#4862 = LINE('',#4863,#4864);
#4863 = CARTESIAN_POINT('',(-129.1551577285,13.,13.611587445419));
#4864 = VECTOR('',#4865,1.);
#4865 = DIRECTION('',(0.978323320509,0.,0.207083269601));
#4866 = ORIENTED_EDGE('',*,*,#4867,.T.);
#4867 = EDGE_CURVE('',#4860,#4868,#4870,.T.);
#4868 = VERTEX_POINT('',#4869);
#4869 = CARTESIAN_POINT('',(-129.0416175903,13.,13.635661110102));
#4870 = LINE('',#4871,#4872);
#4871 = CARTESIAN_POINT('',(-129.0983835562,13.,13.623604925716));
#4872 = VECTOR('',#4873,1.);
#4873 = DIRECTION('',(0.97818191015,0.,0.207750212168));
#4874 = ORIENTED_EDGE('',*,*,#4875,.T.);
#4875 = EDGE_CURVE('',#4868,#4876,#4878,.T.);
#4876 = VERTEX_POINT('',#4877);
#4877 = CARTESIAN_POINT('',(-128.984859857,13.,13.647755992972));
#4878 = LINE('',#4879,#4880);
#4879 = CARTESIAN_POINT('',(-129.0416175903,13.,13.635661110102));
#4880 = VECTOR('',#4881,1.);
#4881 = DIRECTION('',(0.978040045123,0.,0.208417058171));
#4882 = ORIENTED_EDGE('',*,*,#4883,.T.);
#4883 = EDGE_CURVE('',#4876,#4884,#4886,.T.);
#4884 = VERTEX_POINT('',#4885);
#4885 = CARTESIAN_POINT('',(-128.9281103829,13.,13.659889568705));
#4886 = LINE('',#4887,#4888);
#4887 = CARTESIAN_POINT('',(-128.984859857,13.,13.647755992972));
#4888 = VECTOR('',#4889,1.);
#4889 = DIRECTION('',(0.977897725493,0.,0.2090838073));
#4890 = ORIENTED_EDGE('',*,*,#4891,.T.);
#4891 = EDGE_CURVE('',#4884,#4892,#4894,.T.);
#4892 = VERTEX_POINT('',#4893);
#4893 = CARTESIAN_POINT('',(-128.8713691943,13.,13.672061831661));
#4894 = LINE('',#4895,#4896);
#4895 = CARTESIAN_POINT('',(-128.9281103829,13.,13.659889568705));
#4896 = VECTOR('',#4897,1.);
#4897 = DIRECTION('',(0.977754951328,0.,0.209750459244));
#4898 = ORIENTED_EDGE('',*,*,#4899,.T.);
#4899 = EDGE_CURVE('',#4892,#4900,#4902,.T.);
#4900 = VERTEX_POINT('',#4901);
#4901 = CARTESIAN_POINT('',(-128.8146363175,13.,13.684272776182));
#4902 = LINE('',#4903,#4904);
#4903 = CARTESIAN_POINT('',(-128.8713691943,13.,13.672061831661));
#4904 = VECTOR('',#4905,1.);
#4905 = DIRECTION('',(0.977611722694,0.,0.210417013694));
#4906 = ORIENTED_EDGE('',*,*,#4907,.T.);
#4907 = EDGE_CURVE('',#4900,#4908,#4910,.T.);
#4908 = VERTEX_POINT('',#4909);
#4909 = CARTESIAN_POINT('',(-128.757911779,13.,13.696522396592));
#4910 = LINE('',#4911,#4912);
#4911 = CARTESIAN_POINT('',(-128.8146363175,13.,13.684272776182));
#4912 = VECTOR('',#4913,1.);
#4913 = DIRECTION('',(0.977468039656,0.,0.211083470341));
#4914 = ORIENTED_EDGE('',*,*,#4915,.T.);
#4915 = EDGE_CURVE('',#4908,#4916,#4918,.T.);
#4916 = VERTEX_POINT('',#4917);
#4917 = CARTESIAN_POINT('',(-128.701195605,13.,13.708810687198));
#4918 = LINE('',#4919,#4920);
#4919 = CARTESIAN_POINT('',(-128.757911779,13.,13.696522396592));
#4920 = VECTOR('',#4921,1.);
#4921 = DIRECTION('',(0.977323902282,0.,0.211749828874));
#4922 = ORIENTED_EDGE('',*,*,#4923,.T.);
#4923 = EDGE_CURVE('',#4916,#4924,#4926,.T.);
#4924 = VERTEX_POINT('',#4925);
#4925 = CARTESIAN_POINT('',(-128.644487822,13.,13.721137642288));
#4926 = LINE('',#4927,#4928);
#4927 = CARTESIAN_POINT('',(-128.701195605,13.,13.708810687198));
#4928 = VECTOR('',#4929,1.);
#4929 = DIRECTION('',(0.977179310639,0.,0.212416088984));
#4930 = ORIENTED_EDGE('',*,*,#4931,.T.);
#4931 = EDGE_CURVE('',#4924,#4932,#4934,.T.);
#4932 = VERTEX_POINT('',#4933);
#4933 = CARTESIAN_POINT('',(-128.5877884564,13.,13.733503256132));
#4934 = LINE('',#4935,#4936);
#4935 = CARTESIAN_POINT('',(-128.644487822,13.,13.721137642288));
#4936 = VECTOR('',#4937,1.);
#4937 = DIRECTION('',(0.977034264794,0.,0.213082250361));
#4938 = ORIENTED_EDGE('',*,*,#4939,.T.);
#4939 = EDGE_CURVE('',#4932,#4940,#4942,.T.);
#4940 = VERTEX_POINT('',#4941);
#4941 = CARTESIAN_POINT('',(-128.5310975344,13.,13.745907522983));
#4942 = LINE('',#4943,#4944);
#4943 = CARTESIAN_POINT('',(-128.5877884564,13.,13.733503256132));
#4944 = VECTOR('',#4945,1.);
#4945 = DIRECTION('',(0.976888764814,0.,0.213748312696));
#4946 = ORIENTED_EDGE('',*,*,#4947,.T.);
#4947 = EDGE_CURVE('',#4940,#4948,#4950,.T.);
#4948 = VERTEX_POINT('',#4949);
#4949 = CARTESIAN_POINT('',(-128.4744150824,13.,13.758350437074));
#4950 = LINE('',#4951,#4952);
#4951 = CARTESIAN_POINT('',(-128.5310975344,13.,13.745907522983));
#4952 = VECTOR('',#4953,1.);
#4953 = DIRECTION('',(0.976742810767,0.,0.214414275678));
#4954 = ORIENTED_EDGE('',*,*,#4955,.T.);
#4955 = EDGE_CURVE('',#4948,#4956,#4958,.T.);
#4956 = VERTEX_POINT('',#4957);
#4957 = CARTESIAN_POINT('',(-128.4177411268,13.,13.770831992623));
#4958 = LINE('',#4959,#4960);
#4959 = CARTESIAN_POINT('',(-128.4744150824,13.,13.758350437074));
#4960 = VECTOR('',#4961,1.);
#4961 = DIRECTION('',(0.976596402722,0.,0.215080138998));
#4962 = ORIENTED_EDGE('',*,*,#4963,.T.);
#4963 = EDGE_CURVE('',#4956,#4964,#4966,.T.);
#4964 = VERTEX_POINT('',#4965);
#4965 = CARTESIAN_POINT('',(-128.3610756939,13.,13.783352183828));
#4966 = LINE('',#4967,#4968);
#4967 = CARTESIAN_POINT('',(-128.4177411268,13.,13.770831992623));
#4968 = VECTOR('',#4969,1.);
#4969 = DIRECTION('',(0.976449540745,0.,0.215745902347));
#4970 = ORIENTED_EDGE('',*,*,#4971,.T.);
#4971 = EDGE_CURVE('',#4964,#4972,#4974,.T.);
#4972 = VERTEX_POINT('',#4973);
#4973 = CARTESIAN_POINT('',(-128.30441881,13.,13.795911004869));
#4974 = LINE('',#4975,#4976);
#4975 = CARTESIAN_POINT('',(-128.3610756939,13.,13.783352183828));
#4976 = VECTOR('',#4977,1.);
#4977 = DIRECTION('',(0.976302224905,0.,0.216411565416));
#4978 = ORIENTED_EDGE('',*,*,#4979,.T.);
#4979 = EDGE_CURVE('',#4972,#4980,#4982,.T.);
#4980 = VERTEX_POINT('',#4981);
#4981 = CARTESIAN_POINT('',(-128.2477705016,13.,13.808508449909));
#4982 = LINE('',#4983,#4984);
#4983 = CARTESIAN_POINT('',(-128.30441881,13.,13.795911004869));
#4984 = VECTOR('',#4985,1.);
#4985 = DIRECTION('',(0.976154455271,0.,0.217077127894));
#4986 = ORIENTED_EDGE('',*,*,#4987,.T.);
#4987 = EDGE_CURVE('',#4980,#4988,#4990,.T.);
#4988 = VERTEX_POINT('',#4989);
#4989 = CARTESIAN_POINT('',(-128.1911307948,13.,13.821144513092));
#4990 = LINE('',#4991,#4992);
#4991 = CARTESIAN_POINT('',(-128.2477705016,13.,13.808508449909));
#4992 = VECTOR('',#4993,1.);
#4993 = DIRECTION('',(0.976006231911,0.,0.217742589473));
#4994 = ORIENTED_EDGE('',*,*,#4995,.T.);
#4995 = EDGE_CURVE('',#4988,#4996,#4998,.T.);
#4996 = VERTEX_POINT('',#4997);
#4997 = CARTESIAN_POINT('',(-128.1344997161,13.,13.833819188546));
#4998 = LINE('',#4999,#5000);
#4999 = CARTESIAN_POINT('',(-128.1911307948,13.,13.821144513092));
#5000 = VECTOR('',#5001,1.);
#5001 = DIRECTION('',(0.975857554895,0.,0.218407949843));
#5002 = ORIENTED_EDGE('',*,*,#5003,.T.);
#5003 = EDGE_CURVE('',#4996,#5004,#5006,.T.);
#5004 = VERTEX_POINT('',#5005);
#5005 = CARTESIAN_POINT('',(-128.0778772918,13.,13.846532470378));
#5006 = LINE('',#5007,#5008);
#5007 = CARTESIAN_POINT('',(-128.1344997161,13.,13.833819188546));
#5008 = VECTOR('',#5009,1.);
#5009 = DIRECTION('',(0.975708424291,0.,0.219073208695));
#5010 = ORIENTED_EDGE('',*,*,#5011,.T.);
#5011 = EDGE_CURVE('',#5004,#5012,#5014,.T.);
#5012 = VERTEX_POINT('',#5013);
#5013 = CARTESIAN_POINT('',(-128.0212635481,13.,13.85928435268));
#5014 = LINE('',#5015,#5016);
#5015 = CARTESIAN_POINT('',(-128.0778772918,13.,13.846532470378));
#5016 = VECTOR('',#5017,1.);
#5017 = DIRECTION('',(0.975558840168,0.,0.21973836572));
#5018 = ORIENTED_EDGE('',*,*,#5019,.T.);
#5019 = EDGE_CURVE('',#5012,#5020,#5022,.T.);
#5020 = VERTEX_POINT('',#5021);
#5021 = CARTESIAN_POINT('',(-127.9646585115,13.,13.872074829524));
#5022 = LINE('',#5023,#5024);
#5023 = CARTESIAN_POINT('',(-128.0212635481,13.,13.85928435268));
#5024 = VECTOR('',#5025,1.);
#5025 = DIRECTION('',(0.975408802597,0.,0.220403420608));
#5026 = ORIENTED_EDGE('',*,*,#5027,.T.);
#5027 = EDGE_CURVE('',#5020,#5028,#5030,.T.);
#5028 = VERTEX_POINT('',#5029);
#5029 = CARTESIAN_POINT('',(-127.9080622081,13.,13.884903894965));
#5030 = LINE('',#5031,#5032);
#5031 = CARTESIAN_POINT('',(-127.9646585115,13.,13.872074829524));
#5032 = VECTOR('',#5033,1.);
#5033 = DIRECTION('',(0.975258311647,0.,0.221068373051));
#5034 = ORIENTED_EDGE('',*,*,#5035,.T.);
#5035 = EDGE_CURVE('',#5028,#5036,#5038,.T.);
#5036 = VERTEX_POINT('',#5037);
#5037 = CARTESIAN_POINT('',(-127.8514746644,13.,13.897771543041));
#5038 = LINE('',#5039,#5040);
#5039 = CARTESIAN_POINT('',(-127.9080622081,13.,13.884903894965));
#5040 = VECTOR('',#5041,1.);
#5041 = DIRECTION('',(0.975107367388,0.,0.221733222739));
#5042 = ORIENTED_EDGE('',*,*,#5043,.T.);
#5043 = EDGE_CURVE('',#5036,#5044,#5046,.T.);
#5044 = VERTEX_POINT('',#5045);
#5045 = CARTESIAN_POINT('',(-127.7948959066,13.,13.910677767769));
#5046 = LINE('',#5047,#5048);
#5047 = CARTESIAN_POINT('',(-127.8514746644,13.,13.897771543041));
#5048 = VECTOR('',#5049,1.);
#5049 = DIRECTION('',(0.974955969889,0.,0.222397969364));
#5050 = ORIENTED_EDGE('',*,*,#5051,.T.);
#5051 = EDGE_CURVE('',#5044,#5052,#5054,.T.);
#5052 = VERTEX_POINT('',#5053);
#5053 = CARTESIAN_POINT('',(-127.738325961,13.,13.923622563152));
#5054 = LINE('',#5055,#5056);
#5055 = CARTESIAN_POINT('',(-127.7948959066,13.,13.910677767769));
#5056 = VECTOR('',#5057,1.);
#5057 = DIRECTION('',(0.974804119222,0.,0.223062612616));
#5058 = ORIENTED_EDGE('',*,*,#5059,.T.);
#5059 = EDGE_CURVE('',#5052,#5060,#5062,.T.);
#5060 = VERTEX_POINT('',#5061);
#5061 = CARTESIAN_POINT('',(-127.6817648539,13.,13.936605923172));
#5062 = LINE('',#5063,#5064);
#5063 = CARTESIAN_POINT('',(-127.738325961,13.,13.923622563152));
#5064 = VECTOR('',#5065,1.);
#5065 = DIRECTION('',(0.974651815458,0.,0.223727152186));
#5066 = ORIENTED_EDGE('',*,*,#5067,.T.);
#5067 = EDGE_CURVE('',#5060,#5068,#5070,.T.);
#5068 = VERTEX_POINT('',#5069);
#5069 = CARTESIAN_POINT('',(-127.6252126116,13.,13.949627841795));
#5070 = LINE('',#5071,#5072);
#5071 = CARTESIAN_POINT('',(-127.6817648539,13.,13.936605923172));
#5072 = VECTOR('',#5073,1.);
#5073 = DIRECTION('',(0.974499058665,0.,0.224391587766));
#5074 = ORIENTED_EDGE('',*,*,#5075,.T.);
#5075 = EDGE_CURVE('',#5068,#5076,#5078,.T.);
#5076 = VERTEX_POINT('',#5077);
#5077 = CARTESIAN_POINT('',(-127.5686692604,13.,13.962688312968));
#5078 = LINE('',#5079,#5080);
#5079 = CARTESIAN_POINT('',(-127.6252126116,13.,13.949627841795));
#5080 = VECTOR('',#5081,1.);
#5081 = DIRECTION('',(0.974345848917,0.,0.225055919047));
#5082 = ORIENTED_EDGE('',*,*,#5083,.T.);
#5083 = EDGE_CURVE('',#5076,#5084,#5086,.T.);
#5084 = VERTEX_POINT('',#5085);
#5085 = CARTESIAN_POINT('',(-127.5121348265,13.,13.97578733062));
#5086 = LINE('',#5087,#5088);
#5087 = CARTESIAN_POINT('',(-127.5686692604,13.,13.962688312968));
#5088 = VECTOR('',#5089,1.);
#5089 = DIRECTION('',(0.974192186284,0.,0.225720145719));
#5090 = ORIENTED_EDGE('',*,*,#5091,.T.);
#5091 = EDGE_CURVE('',#5084,#5092,#5094,.T.);
#5092 = VERTEX_POINT('',#5093);
#5093 = CARTESIAN_POINT('',(-127.4556093363,13.,13.988924888662));
#5094 = LINE('',#5095,#5096);
#5095 = CARTESIAN_POINT('',(-127.5121348265,13.,13.97578733062));
#5096 = VECTOR('',#5097,1.);
#5097 = DIRECTION('',(0.974038070837,0.,0.226384267474));
#5098 = ORIENTED_EDGE('',*,*,#5099,.T.);
#5099 = EDGE_CURVE('',#5092,#5100,#5102,.T.);
#5100 = VERTEX_POINT('',#5101);
#5101 = CARTESIAN_POINT('',(-127.3990928161,13.,14.002100980989));
#5102 = LINE('',#5103,#5104);
#5103 = CARTESIAN_POINT('',(-127.4556093363,13.,13.988924888662));
#5104 = VECTOR('',#5105,1.);
#5105 = DIRECTION('',(0.973883502648,0.,0.227048284005));
#5106 = ORIENTED_EDGE('',*,*,#5107,.T.);
#5107 = EDGE_CURVE('',#5100,#5108,#5110,.T.);
#5108 = VERTEX_POINT('',#5109);
#5109 = CARTESIAN_POINT('',(-127.342585292,13.,14.015315601476));
#5110 = LINE('',#5111,#5112);
#5111 = CARTESIAN_POINT('',(-127.3990928161,13.,14.002100980989));
#5112 = VECTOR('',#5113,1.);
#5113 = DIRECTION('',(0.973728481789,0.,0.227712195001));
#5114 = ORIENTED_EDGE('',*,*,#5115,.T.);
#5115 = EDGE_CURVE('',#5108,#5116,#5118,.T.);
#5116 = VERTEX_POINT('',#5117);
#5117 = CARTESIAN_POINT('',(-127.2860867904,13.,14.02856874398));
#5118 = LINE('',#5119,#5120);
#5119 = CARTESIAN_POINT('',(-127.342585292,13.,14.015315601476));
#5120 = VECTOR('',#5121,1.);
#5121 = DIRECTION('',(0.973573008333,0.,0.228376000154));
#5122 = ORIENTED_EDGE('',*,*,#5123,.T.);
#5123 = EDGE_CURVE('',#5116,#4203,#5124,.T.);
#5124 = LINE('',#5125,#5126);
#5125 = CARTESIAN_POINT('',(-127.2860867904,13.,14.02856874398));
#5126 = VECTOR('',#5127,1.);
#5127 = DIRECTION('',(-0.228707862943,0.,0.973495101902));
#5128 = ORIENTED_EDGE('',*,*,#4202,.F.);
#5129 = ORIENTED_EDGE('',*,*,#4593,.F.);
#5130 = ORIENTED_EDGE('',*,*,#4569,.F.);
#5131 = ORIENTED_EDGE('',*,*,#4545,.F.);
#5132 = ORIENTED_EDGE('',*,*,#4521,.F.);
#5133 = ORIENTED_EDGE('',*,*,#4497,.F.);
#5134 = ORIENTED_EDGE('',*,*,#4473,.F.);
#5135 = ORIENTED_EDGE('',*,*,#4449,.F.);
#5136 = ORIENTED_EDGE('',*,*,#4425,.F.);
#5137 = PLANE('',#5138);
#5138 = AXIS2_PLACEMENT_3D('',#5139,#5140,#5141);
#5139 = CARTESIAN_POINT('',(-129.3885915719,13.,14.992331235331));
#5140 = DIRECTION('',(-0.,-1.,-0.));
#5141 = DIRECTION('',(0.,0.,-1.));
#5142 = ADVANCED_FACE('',(#5143),#5161,.F.);
#5143 = FACE_BOUND('',#5144,.F.);
#5144 = EDGE_LOOP('',(#5145,#5146,#5147,#5155));
#5145 = ORIENTED_EDGE('',*,*,#2680,.T.);
#5146 = ORIENTED_EDGE('',*,*,#4611,.T.);
#5147 = ORIENTED_EDGE('',*,*,#5148,.F.);
#5148 = EDGE_CURVE('',#5149,#4612,#5151,.T.);
#5149 = VERTEX_POINT('',#5150);
#5150 = CARTESIAN_POINT('',(-130.8620678222,-13.,13.26908749579));
#5151 = LINE('',#5152,#5153);
#5152 = CARTESIAN_POINT('',(-130.8620678222,-13.,13.26908749579));
#5153 = VECTOR('',#5154,1.);
#5154 = DIRECTION('',(0.,1.,0.));
#5155 = ORIENTED_EDGE('',*,*,#5156,.F.);
#5156 = EDGE_CURVE('',#2673,#5149,#5157,.T.);
#5157 = LINE('',#5158,#5159);
#5158 = CARTESIAN_POINT('',(-130.9190832837,-13.,13.258272523471));
#5159 = VECTOR('',#5160,1.);
#5160 = DIRECTION('',(0.982481176339,0.,0.186361847331));
#5161 = PLANE('',#5162);
#5162 = AXIS2_PLACEMENT_3D('',#5163,#5164,#5165);
#5163 = CARTESIAN_POINT('',(-130.9190832837,-13.,13.258272523471));
#5164 = DIRECTION('',(0.186361847331,0.,-0.982481176339));
#5165 = DIRECTION('',(0.982481176339,0.,0.186361847331));
#5166 = ADVANCED_FACE('',(#5167),#5690,.F.);
#5167 = FACE_BOUND('',#5168,.F.);
#5168 = EDGE_LOOP('',(#5169,#5170,#5171,#5179,#5187,#5195,#5203,#5211,
    #5219,#5227,#5235,#5243,#5251,#5259,#5267,#5275,#5283,#5291,#5299,
    #5307,#5315,#5323,#5331,#5339,#5347,#5355,#5363,#5371,#5379,#5387,
    #5395,#5403,#5411,#5419,#5427,#5435,#5443,#5451,#5459,#5467,#5475,
    #5483,#5491,#5499,#5507,#5515,#5523,#5531,#5539,#5547,#5555,#5563,
    #5571,#5579,#5587,#5595,#5603,#5611,#5619,#5627,#5635,#5643,#5651,
    #5659,#5667,#5675,#5681,#5682,#5683,#5684,#5685,#5686,#5687,#5688,
    #5689));
#5169 = ORIENTED_EDGE('',*,*,#2672,.T.);
#5170 = ORIENTED_EDGE('',*,*,#5156,.T.);
#5171 = ORIENTED_EDGE('',*,*,#5172,.T.);
#5172 = EDGE_CURVE('',#5149,#5173,#5175,.T.);
#5173 = VERTEX_POINT('',#5174);
#5174 = CARTESIAN_POINT('',(-130.8050597473,-13.,13.279941336981));
#5175 = LINE('',#5176,#5177);
#5176 = CARTESIAN_POINT('',(-130.8620678222,-13.,13.26908749579));
#5177 = VECTOR('',#5178,1.);
#5178 = DIRECTION('',(0.98235389224,0.,0.187031629411));
#5179 = ORIENTED_EDGE('',*,*,#5180,.T.);
#5180 = EDGE_CURVE('',#5173,#5181,#5183,.T.);
#5181 = VERTEX_POINT('',#5182);
#5182 = CARTESIAN_POINT('',(-130.7480590855,-13.,13.290834041998));
#5183 = LINE('',#5184,#5185);
#5184 = CARTESIAN_POINT('',(-130.8050597473,-13.,13.279941336981));
#5185 = VECTOR('',#5186,1.);
#5186 = DIRECTION('',(0.982226151535,0.,0.187701324558));
#5187 = ORIENTED_EDGE('',*,*,#5188,.T.);
#5188 = EDGE_CURVE('',#5181,#5189,#5191,.T.);
#5189 = VERTEX_POINT('',#5190);
#5190 = CARTESIAN_POINT('',(-130.6910658632,-13.,13.301765605778));
#5191 = LINE('',#5192,#5193);
#5192 = CARTESIAN_POINT('',(-130.7480590855,-13.,13.290834041998));
#5193 = VECTOR('',#5194,1.);
#5194 = DIRECTION('',(0.982097954282,0.,0.188370932459));
#5195 = ORIENTED_EDGE('',*,*,#5196,.T.);
#5196 = EDGE_CURVE('',#5189,#5197,#5199,.T.);
#5197 = VERTEX_POINT('',#5198);
#5198 = CARTESIAN_POINT('',(-130.6340801069,-13.,13.31273602324));
#5199 = LINE('',#5200,#5201);
#5200 = CARTESIAN_POINT('',(-130.6910658632,-13.,13.301765605778));
#5201 = VECTOR('',#5202,1.);
#5202 = DIRECTION('',(0.98196930054,0.,0.189040452804));
#5203 = ORIENTED_EDGE('',*,*,#5204,.T.);
#5204 = EDGE_CURVE('',#5197,#5205,#5207,.T.);
#5205 = VERTEX_POINT('',#5206);
#5206 = CARTESIAN_POINT('',(-130.5771018432,-13.,13.323745289285));
#5207 = LINE('',#5208,#5209);
#5208 = CARTESIAN_POINT('',(-130.6340801069,-13.,13.31273602324));
#5209 = VECTOR('',#5210,1.);
#5210 = DIRECTION('',(0.98184019037,0.,0.189709885281));
#5211 = ORIENTED_EDGE('',*,*,#5212,.T.);
#5212 = EDGE_CURVE('',#5205,#5213,#5215,.T.);
#5213 = VERTEX_POINT('',#5214);
#5214 = CARTESIAN_POINT('',(-130.5201310986,-13.,13.334793398797));
#5215 = LINE('',#5216,#5217);
#5216 = CARTESIAN_POINT('',(-130.5771018432,-13.,13.323745289285));
#5217 = VECTOR('',#5218,1.);
#5218 = DIRECTION('',(0.981710623832,0.,0.190379229579));
#5219 = ORIENTED_EDGE('',*,*,#5220,.T.);
#5220 = EDGE_CURVE('',#5213,#5221,#5223,.T.);
#5221 = VERTEX_POINT('',#5222);
#5222 = CARTESIAN_POINT('',(-130.4631678994,-13.,13.345880346639));
#5223 = LINE('',#5224,#5225);
#5224 = CARTESIAN_POINT('',(-130.5201310986,-13.,13.334793398797));
#5225 = VECTOR('',#5226,1.);
#5226 = DIRECTION('',(0.981580600986,0.,0.191048485388));
#5227 = ORIENTED_EDGE('',*,*,#5228,.T.);
#5228 = EDGE_CURVE('',#5221,#5229,#5231,.T.);
#5229 = VERTEX_POINT('',#5230);
#5230 = CARTESIAN_POINT('',(-130.4062122722,-13.,13.357006127658));
#5231 = LINE('',#5232,#5233);
#5232 = CARTESIAN_POINT('',(-130.4631678994,-13.,13.345880346639));
#5233 = VECTOR('',#5234,1.);
#5234 = DIRECTION('',(0.981450121891,0.,0.191717652395));
#5235 = ORIENTED_EDGE('',*,*,#5236,.T.);
#5236 = EDGE_CURVE('',#5229,#5237,#5239,.T.);
#5237 = VERTEX_POINT('',#5238);
#5238 = CARTESIAN_POINT('',(-130.3492642434,-13.,13.368170736683));
#5239 = LINE('',#5240,#5241);
#5240 = CARTESIAN_POINT('',(-130.4062122722,-13.,13.357006127658));
#5241 = VECTOR('',#5242,1.);
#5242 = DIRECTION('',(0.98131918661,0.,0.19238673029));
#5243 = ORIENTED_EDGE('',*,*,#5244,.T.);
#5244 = EDGE_CURVE('',#5237,#5245,#5247,.T.);
#5245 = VERTEX_POINT('',#5246);
#5246 = CARTESIAN_POINT('',(-130.2923238396,-13.,13.379374168525));
#5247 = LINE('',#5248,#5249);
#5248 = CARTESIAN_POINT('',(-130.3492642434,-13.,13.368170736683));
#5249 = VECTOR('',#5250,1.);
#5250 = DIRECTION('',(0.981187795202,0.,0.193055718761));
#5251 = ORIENTED_EDGE('',*,*,#5252,.T.);
#5252 = EDGE_CURVE('',#5245,#5253,#5255,.T.);
#5253 = VERTEX_POINT('',#5254);
#5254 = CARTESIAN_POINT('',(-130.2353910872,-13.,13.390616417975));
#5255 = LINE('',#5256,#5257);
#5256 = CARTESIAN_POINT('',(-130.2923238396,-13.,13.379374168525));
#5257 = VECTOR('',#5258,1.);
#5258 = DIRECTION('',(0.981055947729,0.,0.193724617499));
#5259 = ORIENTED_EDGE('',*,*,#5260,.T.);
#5260 = EDGE_CURVE('',#5253,#5261,#5263,.T.);
#5261 = VERTEX_POINT('',#5262);
#5262 = CARTESIAN_POINT('',(-130.1784660126,-13.,13.401897479809));
#5263 = LINE('',#5264,#5265);
#5264 = CARTESIAN_POINT('',(-130.2353910872,-13.,13.390616417975));
#5265 = VECTOR('',#5266,1.);
#5266 = DIRECTION('',(0.980923644252,0.,0.194393426192));
#5267 = ORIENTED_EDGE('',*,*,#5268,.T.);
#5268 = EDGE_CURVE('',#5261,#5269,#5271,.T.);
#5269 = VERTEX_POINT('',#5270);
#5270 = CARTESIAN_POINT('',(-130.1215486423,-13.,13.413217348784));
#5271 = LINE('',#5272,#5273);
#5272 = CARTESIAN_POINT('',(-130.1784660126,-13.,13.401897479809));
#5273 = VECTOR('',#5274,1.);
#5274 = DIRECTION('',(0.980790884833,0.,0.195062144528));
#5275 = ORIENTED_EDGE('',*,*,#5276,.T.);
#5276 = EDGE_CURVE('',#5269,#5277,#5279,.T.);
#5277 = VERTEX_POINT('',#5278);
#5278 = CARTESIAN_POINT('',(-130.0646390028,-13.,13.424576019636));
#5279 = LINE('',#5280,#5281);
#5280 = CARTESIAN_POINT('',(-130.1215486423,-13.,13.413217348784));
#5281 = VECTOR('',#5282,1.);
#5282 = DIRECTION('',(0.980657669533,0.,0.195730772198));
#5283 = ORIENTED_EDGE('',*,*,#5284,.T.);
#5284 = EDGE_CURVE('',#5277,#5285,#5287,.T.);
#5285 = VERTEX_POINT('',#5286);
#5286 = CARTESIAN_POINT('',(-130.0077371205,-13.,13.435973487088));
#5287 = LINE('',#5288,#5289);
#5288 = CARTESIAN_POINT('',(-130.0646390028,-13.,13.424576019636));
#5289 = VECTOR('',#5290,1.);
#5290 = DIRECTION('',(0.980523998415,0.,0.196399308891));
#5291 = ORIENTED_EDGE('',*,*,#5292,.T.);
#5292 = EDGE_CURVE('',#5285,#5293,#5295,.T.);
#5293 = VERTEX_POINT('',#5294);
#5294 = CARTESIAN_POINT('',(-129.9508430219,-13.,13.44740974584));
#5295 = LINE('',#5296,#5297);
#5296 = CARTESIAN_POINT('',(-130.0077371205,-13.,13.435973487088));
#5297 = VECTOR('',#5298,1.);
#5298 = DIRECTION('',(0.980389871539,0.,0.197067754295));
#5299 = ORIENTED_EDGE('',*,*,#5300,.T.);
#5300 = EDGE_CURVE('',#5293,#5301,#5303,.T.);
#5301 = VERTEX_POINT('',#5302);
#5302 = CARTESIAN_POINT('',(-129.8939567333,-13.,13.458884790579));
#5303 = LINE('',#5304,#5305);
#5304 = CARTESIAN_POINT('',(-129.9508430219,-13.,13.44740974584));
#5305 = VECTOR('',#5306,1.);
#5306 = DIRECTION('',(0.98025528897,0.,0.197736108101));
#5307 = ORIENTED_EDGE('',*,*,#5308,.T.);
#5308 = EDGE_CURVE('',#5301,#5309,#5311,.T.);
#5309 = VERTEX_POINT('',#5310);
#5310 = CARTESIAN_POINT('',(-129.8370782814,-13.,13.470398615968));
#5311 = LINE('',#5312,#5313);
#5312 = CARTESIAN_POINT('',(-129.8939567333,-13.,13.458884790579));
#5313 = VECTOR('',#5314,1.);
#5314 = DIRECTION('',(0.980120250768,0.,0.198404369997));
#5315 = ORIENTED_EDGE('',*,*,#5316,.T.);
#5316 = EDGE_CURVE('',#5309,#5317,#5319,.T.);
#5317 = VERTEX_POINT('',#5318);
#5318 = CARTESIAN_POINT('',(-129.7802076924,-13.,13.481951216658));
#5319 = LINE('',#5320,#5321);
#5320 = CARTESIAN_POINT('',(-129.8370782814,-13.,13.470398615968));
#5321 = VECTOR('',#5322,1.);
#5322 = DIRECTION('',(0.979984756998,0.,0.199072539672));
#5323 = ORIENTED_EDGE('',*,*,#5324,.T.);
#5324 = EDGE_CURVE('',#5317,#5325,#5327,.T.);
#5325 = VERTEX_POINT('',#5326);
#5326 = CARTESIAN_POINT('',(-129.7233449929,-13.,13.493542587279));
#5327 = LINE('',#5328,#5329);
#5328 = CARTESIAN_POINT('',(-129.7802076924,-13.,13.481951216658));
#5329 = VECTOR('',#5330,1.);
#5330 = DIRECTION('',(0.979848807722,0.,0.199740616817));
#5331 = ORIENTED_EDGE('',*,*,#5332,.T.);
#5332 = EDGE_CURVE('',#5325,#5333,#5335,.T.);
#5333 = VERTEX_POINT('',#5334);
#5334 = CARTESIAN_POINT('',(-129.6664902092,-13.,13.505172722441));
#5335 = LINE('',#5336,#5337);
#5336 = CARTESIAN_POINT('',(-129.7233449929,-13.,13.493542587279));
#5337 = VECTOR('',#5338,1.);
#5338 = DIRECTION('',(0.979712403002,0.,0.200408601121));
#5339 = ORIENTED_EDGE('',*,*,#5340,.T.);
#5340 = EDGE_CURVE('',#5333,#5341,#5343,.T.);
#5341 = VERTEX_POINT('',#5342);
#5342 = CARTESIAN_POINT('',(-129.6096433677,-13.,13.516841616741));
#5343 = LINE('',#5344,#5345);
#5344 = CARTESIAN_POINT('',(-129.6664902092,-13.,13.505172722441));
#5345 = VECTOR('',#5346,1.);
#5346 = DIRECTION('',(0.979575542904,0.,0.201076492273));
#5347 = ORIENTED_EDGE('',*,*,#5348,.T.);
#5348 = EDGE_CURVE('',#5341,#5349,#5351,.T.);
#5349 = VERTEX_POINT('',#5350);
#5350 = CARTESIAN_POINT('',(-129.552804495,-13.,13.528549264753));
#5351 = LINE('',#5352,#5353);
#5352 = CARTESIAN_POINT('',(-129.6096433677,-13.,13.516841616741));
#5353 = VECTOR('',#5354,1.);
#5354 = DIRECTION('',(0.979438227489,0.,0.201744289962));
#5355 = ORIENTED_EDGE('',*,*,#5356,.T.);
#5356 = EDGE_CURVE('',#5349,#5357,#5359,.T.);
#5357 = VERTEX_POINT('',#5358);
#5358 = CARTESIAN_POINT('',(-129.4959736174,-13.,13.540295661037));
#5359 = LINE('',#5360,#5361);
#5360 = CARTESIAN_POINT('',(-129.552804495,-13.,13.528549264753));
#5361 = VECTOR('',#5362,1.);
#5362 = DIRECTION('',(0.979300456823,0.,0.202411993879));
#5363 = ORIENTED_EDGE('',*,*,#5364,.T.);
#5364 = EDGE_CURVE('',#5357,#5365,#5367,.T.);
#5365 = VERTEX_POINT('',#5366);
#5366 = CARTESIAN_POINT('',(-129.4391507614,-13.,13.552080800131));
#5367 = LINE('',#5368,#5369);
#5368 = CARTESIAN_POINT('',(-129.4959736174,-13.,13.540295661037));
#5369 = VECTOR('',#5370,1.);
#5370 = DIRECTION('',(0.979162230969,0.,0.203079603714));
#5371 = ORIENTED_EDGE('',*,*,#5372,.T.);
#5372 = EDGE_CURVE('',#5365,#5373,#5375,.T.);
#5373 = VERTEX_POINT('',#5374);
#5374 = CARTESIAN_POINT('',(-129.3823359533,-13.,13.563904676559));
#5375 = LINE('',#5376,#5377);
#5376 = CARTESIAN_POINT('',(-129.4391507614,-13.,13.552080800131));
#5377 = VECTOR('',#5378,1.);
#5378 = DIRECTION('',(0.979023549991,0.,0.203747119154));
#5379 = ORIENTED_EDGE('',*,*,#5380,.T.);
#5380 = EDGE_CURVE('',#5373,#5381,#5383,.T.);
#5381 = VERTEX_POINT('',#5382);
#5382 = CARTESIAN_POINT('',(-129.3255292196,-13.,13.575767284825));
#5383 = LINE('',#5384,#5385);
#5384 = CARTESIAN_POINT('',(-129.3823359533,-13.,13.563904676559));
#5385 = VECTOR('',#5386,1.);
#5386 = DIRECTION('',(0.978884413953,0.,0.204414539891));
#5387 = ORIENTED_EDGE('',*,*,#5388,.T.);
#5388 = EDGE_CURVE('',#5381,#5389,#5391,.T.);
#5389 = VERTEX_POINT('',#5390);
#5390 = CARTESIAN_POINT('',(-129.2687305866,-13.,13.587668619415));
#5391 = LINE('',#5392,#5393);
#5392 = CARTESIAN_POINT('',(-129.3255292196,-13.,13.575767284825));
#5393 = VECTOR('',#5394,1.);
#5394 = DIRECTION('',(0.978744822922,0.,0.205081865615));
#5395 = ORIENTED_EDGE('',*,*,#5396,.T.);
#5396 = EDGE_CURVE('',#5389,#5397,#5399,.T.);
#5397 = VERTEX_POINT('',#5398);
#5398 = CARTESIAN_POINT('',(-129.2119400808,-13.,13.599608674796));
#5399 = LINE('',#5400,#5401);
#5400 = CARTESIAN_POINT('',(-129.2687305866,-13.,13.587668619415));
#5401 = VECTOR('',#5402,1.);
#5402 = DIRECTION('',(0.97860477696,0.,0.205749096014));
#5403 = ORIENTED_EDGE('',*,*,#5404,.T.);
#5404 = EDGE_CURVE('',#5397,#5405,#5407,.T.);
#5405 = VERTEX_POINT('',#5406);
#5406 = CARTESIAN_POINT('',(-129.1551577285,-13.,13.611587445419));
#5407 = LINE('',#5408,#5409);
#5408 = CARTESIAN_POINT('',(-129.2119400808,-13.,13.599608674796));
#5409 = VECTOR('',#5410,1.);
#5410 = DIRECTION('',(0.978464276134,0.,0.20641623078));
#5411 = ORIENTED_EDGE('',*,*,#5412,.T.);
#5412 = EDGE_CURVE('',#5405,#5413,#5415,.T.);
#5413 = VERTEX_POINT('',#5414);
#5414 = CARTESIAN_POINT('',(-129.0983835562,-13.,13.623604925716));
#5415 = LINE('',#5416,#5417);
#5416 = CARTESIAN_POINT('',(-129.1551577285,-13.,13.611587445419));
#5417 = VECTOR('',#5418,1.);
#5418 = DIRECTION('',(0.978323320509,0.,0.207083269601));
#5419 = ORIENTED_EDGE('',*,*,#5420,.T.);
#5420 = EDGE_CURVE('',#5413,#5421,#5423,.T.);
#5421 = VERTEX_POINT('',#5422);
#5422 = CARTESIAN_POINT('',(-129.0416175903,-13.,13.635661110102));
#5423 = LINE('',#5424,#5425);
#5424 = CARTESIAN_POINT('',(-129.0983835562,-13.,13.623604925716));
#5425 = VECTOR('',#5426,1.);
#5426 = DIRECTION('',(0.97818191015,0.,0.207750212168));
#5427 = ORIENTED_EDGE('',*,*,#5428,.T.);
#5428 = EDGE_CURVE('',#5421,#5429,#5431,.T.);
#5429 = VERTEX_POINT('',#5430);
#5430 = CARTESIAN_POINT('',(-128.984859857,-13.,13.647755992972));
#5431 = LINE('',#5432,#5433);
#5432 = CARTESIAN_POINT('',(-129.0416175903,-13.,13.635661110102));
#5433 = VECTOR('',#5434,1.);
#5434 = DIRECTION('',(0.978040045123,0.,0.208417058171));
#5435 = ORIENTED_EDGE('',*,*,#5436,.T.);
#5436 = EDGE_CURVE('',#5429,#5437,#5439,.T.);
#5437 = VERTEX_POINT('',#5438);
#5438 = CARTESIAN_POINT('',(-128.9281103829,-13.,13.659889568705));
#5439 = LINE('',#5440,#5441);
#5440 = CARTESIAN_POINT('',(-128.984859857,-13.,13.647755992972));
#5441 = VECTOR('',#5442,1.);
#5442 = DIRECTION('',(0.977897725493,0.,0.2090838073));
#5443 = ORIENTED_EDGE('',*,*,#5444,.T.);
#5444 = EDGE_CURVE('',#5437,#5445,#5447,.T.);
#5445 = VERTEX_POINT('',#5446);
#5446 = CARTESIAN_POINT('',(-128.8713691943,-13.,13.672061831661));
#5447 = LINE('',#5448,#5449);
#5448 = CARTESIAN_POINT('',(-128.9281103829,-13.,13.659889568705));
#5449 = VECTOR('',#5450,1.);
#5450 = DIRECTION('',(0.977754951328,0.,0.209750459244));
#5451 = ORIENTED_EDGE('',*,*,#5452,.T.);
#5452 = EDGE_CURVE('',#5445,#5453,#5455,.T.);
#5453 = VERTEX_POINT('',#5454);
#5454 = CARTESIAN_POINT('',(-128.8146363175,-13.,13.684272776182));
#5455 = LINE('',#5456,#5457);
#5456 = CARTESIAN_POINT('',(-128.8713691943,-13.,13.672061831661));
#5457 = VECTOR('',#5458,1.);
#5458 = DIRECTION('',(0.977611722694,0.,0.210417013694));
#5459 = ORIENTED_EDGE('',*,*,#5460,.T.);
#5460 = EDGE_CURVE('',#5453,#5461,#5463,.T.);
#5461 = VERTEX_POINT('',#5462);
#5462 = CARTESIAN_POINT('',(-128.757911779,-13.,13.696522396592));
#5463 = LINE('',#5464,#5465);
#5464 = CARTESIAN_POINT('',(-128.8146363175,-13.,13.684272776182));
#5465 = VECTOR('',#5466,1.);
#5466 = DIRECTION('',(0.977468039656,0.,0.211083470341));
#5467 = ORIENTED_EDGE('',*,*,#5468,.T.);
#5468 = EDGE_CURVE('',#5461,#5469,#5471,.T.);
#5469 = VERTEX_POINT('',#5470);
#5470 = CARTESIAN_POINT('',(-128.701195605,-13.,13.708810687198));
#5471 = LINE('',#5472,#5473);
#5472 = CARTESIAN_POINT('',(-128.757911779,-13.,13.696522396592));
#5473 = VECTOR('',#5474,1.);
#5474 = DIRECTION('',(0.977323902282,0.,0.211749828874));
#5475 = ORIENTED_EDGE('',*,*,#5476,.T.);
#5476 = EDGE_CURVE('',#5469,#5477,#5479,.T.);
#5477 = VERTEX_POINT('',#5478);
#5478 = CARTESIAN_POINT('',(-128.644487822,-13.,13.721137642288));
#5479 = LINE('',#5480,#5481);
#5480 = CARTESIAN_POINT('',(-128.701195605,-13.,13.708810687198));
#5481 = VECTOR('',#5482,1.);
#5482 = DIRECTION('',(0.977179310639,0.,0.212416088984));
#5483 = ORIENTED_EDGE('',*,*,#5484,.T.);
#5484 = EDGE_CURVE('',#5477,#5485,#5487,.T.);
#5485 = VERTEX_POINT('',#5486);
#5486 = CARTESIAN_POINT('',(-128.5877884564,-13.,13.733503256132));
#5487 = LINE('',#5488,#5489);
#5488 = CARTESIAN_POINT('',(-128.644487822,-13.,13.721137642288));
#5489 = VECTOR('',#5490,1.);
#5490 = DIRECTION('',(0.977034264794,0.,0.213082250361));
#5491 = ORIENTED_EDGE('',*,*,#5492,.T.);
#5492 = EDGE_CURVE('',#5485,#5493,#5495,.T.);
#5493 = VERTEX_POINT('',#5494);
#5494 = CARTESIAN_POINT('',(-128.5310975344,-13.,13.745907522983));
#5495 = LINE('',#5496,#5497);
#5496 = CARTESIAN_POINT('',(-128.5877884564,-13.,13.733503256132));
#5497 = VECTOR('',#5498,1.);
#5498 = DIRECTION('',(0.976888764814,0.,0.213748312696));
#5499 = ORIENTED_EDGE('',*,*,#5500,.T.);
#5500 = EDGE_CURVE('',#5493,#5501,#5503,.T.);
#5501 = VERTEX_POINT('',#5502);
#5502 = CARTESIAN_POINT('',(-128.4744150824,-13.,13.758350437074));
#5503 = LINE('',#5504,#5505);
#5504 = CARTESIAN_POINT('',(-128.5310975344,-13.,13.745907522983));
#5505 = VECTOR('',#5506,1.);
#5506 = DIRECTION('',(0.976742810767,0.,0.214414275678));
#5507 = ORIENTED_EDGE('',*,*,#5508,.T.);
#5508 = EDGE_CURVE('',#5501,#5509,#5511,.T.);
#5509 = VERTEX_POINT('',#5510);
#5510 = CARTESIAN_POINT('',(-128.4177411268,-13.,13.770831992623));
#5511 = LINE('',#5512,#5513);
#5512 = CARTESIAN_POINT('',(-128.4744150824,-13.,13.758350437074));
#5513 = VECTOR('',#5514,1.);
#5514 = DIRECTION('',(0.976596402722,0.,0.215080138998));
#5515 = ORIENTED_EDGE('',*,*,#5516,.T.);
#5516 = EDGE_CURVE('',#5509,#5517,#5519,.T.);
#5517 = VERTEX_POINT('',#5518);
#5518 = CARTESIAN_POINT('',(-128.3610756939,-13.,13.783352183828));
#5519 = LINE('',#5520,#5521);
#5520 = CARTESIAN_POINT('',(-128.4177411268,-13.,13.770831992623));
#5521 = VECTOR('',#5522,1.);
#5522 = DIRECTION('',(0.976449540745,0.,0.215745902347));
#5523 = ORIENTED_EDGE('',*,*,#5524,.T.);
#5524 = EDGE_CURVE('',#5517,#5525,#5527,.T.);
#5525 = VERTEX_POINT('',#5526);
#5526 = CARTESIAN_POINT('',(-128.30441881,-13.,13.795911004869));
#5527 = LINE('',#5528,#5529);
#5528 = CARTESIAN_POINT('',(-128.3610756939,-13.,13.783352183828));
#5529 = VECTOR('',#5530,1.);
#5530 = DIRECTION('',(0.976302224905,0.,0.216411565416));
#5531 = ORIENTED_EDGE('',*,*,#5532,.T.);
#5532 = EDGE_CURVE('',#5525,#5533,#5535,.T.);
#5533 = VERTEX_POINT('',#5534);
#5534 = CARTESIAN_POINT('',(-128.2477705016,-13.,13.808508449909));
#5535 = LINE('',#5536,#5537);
#5536 = CARTESIAN_POINT('',(-128.30441881,-13.,13.795911004869));
#5537 = VECTOR('',#5538,1.);
#5538 = DIRECTION('',(0.976154455271,0.,0.217077127894));
#5539 = ORIENTED_EDGE('',*,*,#5540,.T.);
#5540 = EDGE_CURVE('',#5533,#5541,#5543,.T.);
#5541 = VERTEX_POINT('',#5542);
#5542 = CARTESIAN_POINT('',(-128.1911307948,-13.,13.821144513092));
#5543 = LINE('',#5544,#5545);
#5544 = CARTESIAN_POINT('',(-128.2477705016,-13.,13.808508449909));
#5545 = VECTOR('',#5546,1.);
#5546 = DIRECTION('',(0.976006231911,0.,0.217742589473));
#5547 = ORIENTED_EDGE('',*,*,#5548,.T.);
#5548 = EDGE_CURVE('',#5541,#5549,#5551,.T.);
#5549 = VERTEX_POINT('',#5550);
#5550 = CARTESIAN_POINT('',(-128.1344997161,-13.,13.833819188546));
#5551 = LINE('',#5552,#5553);
#5552 = CARTESIAN_POINT('',(-128.1911307948,-13.,13.821144513092));
#5553 = VECTOR('',#5554,1.);
#5554 = DIRECTION('',(0.975857554895,0.,0.218407949843));
#5555 = ORIENTED_EDGE('',*,*,#5556,.T.);
#5556 = EDGE_CURVE('',#5549,#5557,#5559,.T.);
#5557 = VERTEX_POINT('',#5558);
#5558 = CARTESIAN_POINT('',(-128.0778772918,-13.,13.846532470378));
#5559 = LINE('',#5560,#5561);
#5560 = CARTESIAN_POINT('',(-128.1344997161,-13.,13.833819188546));
#5561 = VECTOR('',#5562,1.);
#5562 = DIRECTION('',(0.975708424291,0.,0.219073208695));
#5563 = ORIENTED_EDGE('',*,*,#5564,.T.);
#5564 = EDGE_CURVE('',#5557,#5565,#5567,.T.);
#5565 = VERTEX_POINT('',#5566);
#5566 = CARTESIAN_POINT('',(-128.0212635481,-13.,13.85928435268));
#5567 = LINE('',#5568,#5569);
#5568 = CARTESIAN_POINT('',(-128.0778772918,-13.,13.846532470378));
#5569 = VECTOR('',#5570,1.);
#5570 = DIRECTION('',(0.975558840168,0.,0.21973836572));
#5571 = ORIENTED_EDGE('',*,*,#5572,.T.);
#5572 = EDGE_CURVE('',#5565,#5573,#5575,.T.);
#5573 = VERTEX_POINT('',#5574);
#5574 = CARTESIAN_POINT('',(-127.9646585115,-13.,13.872074829524));
#5575 = LINE('',#5576,#5577);
#5576 = CARTESIAN_POINT('',(-128.0212635481,-13.,13.85928435268));
#5577 = VECTOR('',#5578,1.);
#5578 = DIRECTION('',(0.975408802597,0.,0.220403420608));
#5579 = ORIENTED_EDGE('',*,*,#5580,.T.);
#5580 = EDGE_CURVE('',#5573,#5581,#5583,.T.);
#5581 = VERTEX_POINT('',#5582);
#5582 = CARTESIAN_POINT('',(-127.9080622081,-13.,13.884903894965));
#5583 = LINE('',#5584,#5585);
#5584 = CARTESIAN_POINT('',(-127.9646585115,-13.,13.872074829524));
#5585 = VECTOR('',#5586,1.);
#5586 = DIRECTION('',(0.975258311647,0.,0.221068373051));
#5587 = ORIENTED_EDGE('',*,*,#5588,.T.);
#5588 = EDGE_CURVE('',#5581,#5589,#5591,.T.);
#5589 = VERTEX_POINT('',#5590);
#5590 = CARTESIAN_POINT('',(-127.8514746644,-13.,13.897771543041));
#5591 = LINE('',#5592,#5593);
#5592 = CARTESIAN_POINT('',(-127.9080622081,-13.,13.884903894965));
#5593 = VECTOR('',#5594,1.);
#5594 = DIRECTION('',(0.975107367388,0.,0.221733222739));
#5595 = ORIENTED_EDGE('',*,*,#5596,.T.);
#5596 = EDGE_CURVE('',#5589,#5597,#5599,.T.);
#5597 = VERTEX_POINT('',#5598);
#5598 = CARTESIAN_POINT('',(-127.7948959066,-13.,13.910677767769));
#5599 = LINE('',#5600,#5601);
#5600 = CARTESIAN_POINT('',(-127.8514746644,-13.,13.897771543041));
#5601 = VECTOR('',#5602,1.);
#5602 = DIRECTION('',(0.974955969889,0.,0.222397969364));
#5603 = ORIENTED_EDGE('',*,*,#5604,.T.);
#5604 = EDGE_CURVE('',#5597,#5605,#5607,.T.);
#5605 = VERTEX_POINT('',#5606);
#5606 = CARTESIAN_POINT('',(-127.738325961,-13.,13.923622563152));
#5607 = LINE('',#5608,#5609);
#5608 = CARTESIAN_POINT('',(-127.7948959066,-13.,13.910677767769));
#5609 = VECTOR('',#5610,1.);
#5610 = DIRECTION('',(0.974804119222,0.,0.223062612616));
#5611 = ORIENTED_EDGE('',*,*,#5612,.T.);
#5612 = EDGE_CURVE('',#5605,#5613,#5615,.T.);
#5613 = VERTEX_POINT('',#5614);
#5614 = CARTESIAN_POINT('',(-127.6817648539,-13.,13.936605923172));
#5615 = LINE('',#5616,#5617);
#5616 = CARTESIAN_POINT('',(-127.738325961,-13.,13.923622563152));
#5617 = VECTOR('',#5618,1.);
#5618 = DIRECTION('',(0.974651815458,0.,0.223727152186));
#5619 = ORIENTED_EDGE('',*,*,#5620,.T.);
#5620 = EDGE_CURVE('',#5613,#5621,#5623,.T.);
#5621 = VERTEX_POINT('',#5622);
#5622 = CARTESIAN_POINT('',(-127.6252126116,-13.,13.949627841795));
#5623 = LINE('',#5624,#5625);
#5624 = CARTESIAN_POINT('',(-127.6817648539,-13.,13.936605923172));
#5625 = VECTOR('',#5626,1.);
#5626 = DIRECTION('',(0.974499058665,0.,0.224391587766));
#5627 = ORIENTED_EDGE('',*,*,#5628,.T.);
#5628 = EDGE_CURVE('',#5621,#5629,#5631,.T.);
#5629 = VERTEX_POINT('',#5630);
#5630 = CARTESIAN_POINT('',(-127.5686692604,-13.,13.962688312968));
#5631 = LINE('',#5632,#5633);
#5632 = CARTESIAN_POINT('',(-127.6252126116,-13.,13.949627841795));
#5633 = VECTOR('',#5634,1.);
#5634 = DIRECTION('',(0.974345848917,0.,0.225055919047));
#5635 = ORIENTED_EDGE('',*,*,#5636,.T.);
#5636 = EDGE_CURVE('',#5629,#5637,#5639,.T.);
#5637 = VERTEX_POINT('',#5638);
#5638 = CARTESIAN_POINT('',(-127.5121348265,-13.,13.97578733062));
#5639 = LINE('',#5640,#5641);
#5640 = CARTESIAN_POINT('',(-127.5686692604,-13.,13.962688312968));
#5641 = VECTOR('',#5642,1.);
#5642 = DIRECTION('',(0.974192186284,0.,0.225720145719));
#5643 = ORIENTED_EDGE('',*,*,#5644,.T.);
#5644 = EDGE_CURVE('',#5637,#5645,#5647,.T.);
#5645 = VERTEX_POINT('',#5646);
#5646 = CARTESIAN_POINT('',(-127.4556093363,-13.,13.988924888662));
#5647 = LINE('',#5648,#5649);
#5648 = CARTESIAN_POINT('',(-127.5121348265,-13.,13.97578733062));
#5649 = VECTOR('',#5650,1.);
#5650 = DIRECTION('',(0.974038070837,0.,0.226384267474));
#5651 = ORIENTED_EDGE('',*,*,#5652,.T.);
#5652 = EDGE_CURVE('',#5645,#5653,#5655,.T.);
#5653 = VERTEX_POINT('',#5654);
#5654 = CARTESIAN_POINT('',(-127.3990928161,-13.,14.002100980989));
#5655 = LINE('',#5656,#5657);
#5656 = CARTESIAN_POINT('',(-127.4556093363,-13.,13.988924888662));
#5657 = VECTOR('',#5658,1.);
#5658 = DIRECTION('',(0.973883502648,0.,0.227048284005));
#5659 = ORIENTED_EDGE('',*,*,#5660,.T.);
#5660 = EDGE_CURVE('',#5653,#5661,#5663,.T.);
#5661 = VERTEX_POINT('',#5662);
#5662 = CARTESIAN_POINT('',(-127.342585292,-13.,14.015315601476));
#5663 = LINE('',#5664,#5665);
#5664 = CARTESIAN_POINT('',(-127.3990928161,-13.,14.002100980989));
#5665 = VECTOR('',#5666,1.);
#5666 = DIRECTION('',(0.973728481789,0.,0.227712195001));
#5667 = ORIENTED_EDGE('',*,*,#5668,.T.);
#5668 = EDGE_CURVE('',#5661,#5669,#5671,.T.);
#5669 = VERTEX_POINT('',#5670);
#5670 = CARTESIAN_POINT('',(-127.2860867904,-13.,14.02856874398));
#5671 = LINE('',#5672,#5673);
#5672 = CARTESIAN_POINT('',(-127.342585292,-13.,14.015315601476));
#5673 = VECTOR('',#5674,1.);
#5674 = DIRECTION('',(0.973573008333,0.,0.228376000154));
#5675 = ORIENTED_EDGE('',*,*,#5676,.T.);
#5676 = EDGE_CURVE('',#5669,#4211,#5677,.T.);
#5677 = LINE('',#5678,#5679);
#5678 = CARTESIAN_POINT('',(-127.2860867904,-13.,14.02856874398));
#5679 = VECTOR('',#5680,1.);
#5680 = DIRECTION('',(-0.228707862943,0.,0.973495101902));
#5681 = ORIENTED_EDGE('',*,*,#4218,.F.);
#5682 = ORIENTED_EDGE('',*,*,#4242,.F.);
#5683 = ORIENTED_EDGE('',*,*,#4266,.F.);
#5684 = ORIENTED_EDGE('',*,*,#4290,.F.);
#5685 = ORIENTED_EDGE('',*,*,#4314,.F.);
#5686 = ORIENTED_EDGE('',*,*,#4338,.F.);
#5687 = ORIENTED_EDGE('',*,*,#4362,.F.);
#5688 = ORIENTED_EDGE('',*,*,#4386,.F.);
#5689 = ORIENTED_EDGE('',*,*,#4410,.F.);
#5690 = PLANE('',#5691);
#5691 = AXIS2_PLACEMENT_3D('',#5692,#5693,#5694);
#5692 = CARTESIAN_POINT('',(-129.3885915719,-13.,14.992331235331));
#5693 = DIRECTION('',(-0.,-1.,-0.));
#5694 = DIRECTION('',(0.,0.,-1.));
#5695 = ADVANCED_FACE('',(#5696),#5707,.F.);
#5696 = FACE_BOUND('',#5697,.F.);
#5697 = EDGE_LOOP('',(#5698,#5699,#5705,#5706));
#5698 = ORIENTED_EDGE('',*,*,#5676,.F.);
#5699 = ORIENTED_EDGE('',*,*,#5700,.T.);
#5700 = EDGE_CURVE('',#5669,#5116,#5701,.T.);
#5701 = LINE('',#5702,#5703);
#5702 = CARTESIAN_POINT('',(-127.2860867904,-13.,14.02856874398));
#5703 = VECTOR('',#5704,1.);
#5704 = DIRECTION('',(0.,1.,0.));
#5705 = ORIENTED_EDGE('',*,*,#5123,.T.);
#5706 = ORIENTED_EDGE('',*,*,#4210,.F.);
#5707 = PLANE('',#5708);
#5708 = AXIS2_PLACEMENT_3D('',#5709,#5710,#5711);
#5709 = CARTESIAN_POINT('',(-127.2860867904,-13.,14.02856874398));
#5710 = DIRECTION('',(0.973495101902,-0.,0.228707862943));
#5711 = DIRECTION('',(-0.228707862943,0.,0.973495101902));
#5712 = ADVANCED_FACE('',(#5713),#5724,.F.);
#5713 = FACE_BOUND('',#5714,.F.);
#5714 = EDGE_LOOP('',(#5715,#5721,#5722,#5723));
#5715 = ORIENTED_EDGE('',*,*,#5716,.T.);
#5716 = EDGE_CURVE('',#5661,#5108,#5717,.T.);
#5717 = LINE('',#5718,#5719);
#5718 = CARTESIAN_POINT('',(-127.342585292,-13.,14.015315601476));
#5719 = VECTOR('',#5720,1.);
#5720 = DIRECTION('',(0.,1.,0.));
#5721 = ORIENTED_EDGE('',*,*,#5115,.T.);
#5722 = ORIENTED_EDGE('',*,*,#5700,.F.);
#5723 = ORIENTED_EDGE('',*,*,#5668,.F.);
#5724 = PLANE('',#5725);
#5725 = AXIS2_PLACEMENT_3D('',#5726,#5727,#5728);
#5726 = CARTESIAN_POINT('',(-127.342585292,-13.,14.015315601476));
#5727 = DIRECTION('',(0.228376000154,0.,-0.973573008333));
#5728 = DIRECTION('',(0.973573008333,0.,0.228376000154));
#5729 = ADVANCED_FACE('',(#5730),#5741,.F.);
#5730 = FACE_BOUND('',#5731,.F.);
#5731 = EDGE_LOOP('',(#5732,#5738,#5739,#5740));
#5732 = ORIENTED_EDGE('',*,*,#5733,.T.);
#5733 = EDGE_CURVE('',#5653,#5100,#5734,.T.);
#5734 = LINE('',#5735,#5736);
#5735 = CARTESIAN_POINT('',(-127.3990928161,-13.,14.002100980989));
#5736 = VECTOR('',#5737,1.);
#5737 = DIRECTION('',(0.,1.,0.));
#5738 = ORIENTED_EDGE('',*,*,#5107,.T.);
#5739 = ORIENTED_EDGE('',*,*,#5716,.F.);
#5740 = ORIENTED_EDGE('',*,*,#5660,.F.);
#5741 = PLANE('',#5742);
#5742 = AXIS2_PLACEMENT_3D('',#5743,#5744,#5745);
#5743 = CARTESIAN_POINT('',(-127.3990928161,-13.,14.002100980989));
#5744 = DIRECTION('',(0.227712195001,0.,-0.973728481789));
#5745 = DIRECTION('',(0.973728481789,0.,0.227712195001));
#5746 = ADVANCED_FACE('',(#5747),#5758,.F.);
#5747 = FACE_BOUND('',#5748,.F.);
#5748 = EDGE_LOOP('',(#5749,#5755,#5756,#5757));
#5749 = ORIENTED_EDGE('',*,*,#5750,.T.);
#5750 = EDGE_CURVE('',#5645,#5092,#5751,.T.);
#5751 = LINE('',#5752,#5753);
#5752 = CARTESIAN_POINT('',(-127.4556093363,-13.,13.988924888662));
#5753 = VECTOR('',#5754,1.);
#5754 = DIRECTION('',(0.,1.,0.));
#5755 = ORIENTED_EDGE('',*,*,#5099,.T.);
#5756 = ORIENTED_EDGE('',*,*,#5733,.F.);
#5757 = ORIENTED_EDGE('',*,*,#5652,.F.);
#5758 = PLANE('',#5759);
#5759 = AXIS2_PLACEMENT_3D('',#5760,#5761,#5762);
#5760 = CARTESIAN_POINT('',(-127.4556093363,-13.,13.988924888662));
#5761 = DIRECTION('',(0.227048284005,0.,-0.973883502648));
#5762 = DIRECTION('',(0.973883502648,0.,0.227048284005));
#5763 = ADVANCED_FACE('',(#5764),#5775,.F.);
#5764 = FACE_BOUND('',#5765,.F.);
#5765 = EDGE_LOOP('',(#5766,#5772,#5773,#5774));
#5766 = ORIENTED_EDGE('',*,*,#5767,.T.);
#5767 = EDGE_CURVE('',#5637,#5084,#5768,.T.);
#5768 = LINE('',#5769,#5770);
#5769 = CARTESIAN_POINT('',(-127.5121348265,-13.,13.97578733062));
#5770 = VECTOR('',#5771,1.);
#5771 = DIRECTION('',(0.,1.,0.));
#5772 = ORIENTED_EDGE('',*,*,#5091,.T.);
#5773 = ORIENTED_EDGE('',*,*,#5750,.F.);
#5774 = ORIENTED_EDGE('',*,*,#5644,.F.);
#5775 = PLANE('',#5776);
#5776 = AXIS2_PLACEMENT_3D('',#5777,#5778,#5779);
#5777 = CARTESIAN_POINT('',(-127.5121348265,-13.,13.97578733062));
#5778 = DIRECTION('',(0.226384267474,0.,-0.974038070837));
#5779 = DIRECTION('',(0.974038070837,0.,0.226384267474));
#5780 = ADVANCED_FACE('',(#5781),#5792,.F.);
#5781 = FACE_BOUND('',#5782,.F.);
#5782 = EDGE_LOOP('',(#5783,#5789,#5790,#5791));
#5783 = ORIENTED_EDGE('',*,*,#5784,.T.);
#5784 = EDGE_CURVE('',#5629,#5076,#5785,.T.);
#5785 = LINE('',#5786,#5787);
#5786 = CARTESIAN_POINT('',(-127.5686692604,-13.,13.962688312968));
#5787 = VECTOR('',#5788,1.);
#5788 = DIRECTION('',(0.,1.,0.));
#5789 = ORIENTED_EDGE('',*,*,#5083,.T.);
#5790 = ORIENTED_EDGE('',*,*,#5767,.F.);
#5791 = ORIENTED_EDGE('',*,*,#5636,.F.);
#5792 = PLANE('',#5793);
#5793 = AXIS2_PLACEMENT_3D('',#5794,#5795,#5796);
#5794 = CARTESIAN_POINT('',(-127.5686692604,-13.,13.962688312968));
#5795 = DIRECTION('',(0.225720145719,0.,-0.974192186284));
#5796 = DIRECTION('',(0.974192186284,0.,0.225720145719));
#5797 = ADVANCED_FACE('',(#5798),#5809,.F.);
#5798 = FACE_BOUND('',#5799,.F.);
#5799 = EDGE_LOOP('',(#5800,#5806,#5807,#5808));
#5800 = ORIENTED_EDGE('',*,*,#5801,.T.);
#5801 = EDGE_CURVE('',#5621,#5068,#5802,.T.);
#5802 = LINE('',#5803,#5804);
#5803 = CARTESIAN_POINT('',(-127.6252126116,-13.,13.949627841795));
#5804 = VECTOR('',#5805,1.);
#5805 = DIRECTION('',(0.,1.,0.));
#5806 = ORIENTED_EDGE('',*,*,#5075,.T.);
#5807 = ORIENTED_EDGE('',*,*,#5784,.F.);
#5808 = ORIENTED_EDGE('',*,*,#5628,.F.);
#5809 = PLANE('',#5810);
#5810 = AXIS2_PLACEMENT_3D('',#5811,#5812,#5813);
#5811 = CARTESIAN_POINT('',(-127.6252126116,-13.,13.949627841795));
#5812 = DIRECTION('',(0.225055919047,0.,-0.974345848917));
#5813 = DIRECTION('',(0.974345848917,0.,0.225055919047));
#5814 = ADVANCED_FACE('',(#5815),#5826,.F.);
#5815 = FACE_BOUND('',#5816,.F.);
#5816 = EDGE_LOOP('',(#5817,#5823,#5824,#5825));
#5817 = ORIENTED_EDGE('',*,*,#5818,.T.);
#5818 = EDGE_CURVE('',#5613,#5060,#5819,.T.);
#5819 = LINE('',#5820,#5821);
#5820 = CARTESIAN_POINT('',(-127.6817648539,-13.,13.936605923172));
#5821 = VECTOR('',#5822,1.);
#5822 = DIRECTION('',(0.,1.,0.));
#5823 = ORIENTED_EDGE('',*,*,#5067,.T.);
#5824 = ORIENTED_EDGE('',*,*,#5801,.F.);
#5825 = ORIENTED_EDGE('',*,*,#5620,.F.);
#5826 = PLANE('',#5827);
#5827 = AXIS2_PLACEMENT_3D('',#5828,#5829,#5830);
#5828 = CARTESIAN_POINT('',(-127.6817648539,-13.,13.936605923172));
#5829 = DIRECTION('',(0.224391587766,0.,-0.974499058665));
#5830 = DIRECTION('',(0.974499058665,0.,0.224391587766));
#5831 = ADVANCED_FACE('',(#5832),#5843,.F.);
#5832 = FACE_BOUND('',#5833,.F.);
#5833 = EDGE_LOOP('',(#5834,#5840,#5841,#5842));
#5834 = ORIENTED_EDGE('',*,*,#5835,.T.);
#5835 = EDGE_CURVE('',#5605,#5052,#5836,.T.);
#5836 = LINE('',#5837,#5838);
#5837 = CARTESIAN_POINT('',(-127.738325961,-13.,13.923622563152));
#5838 = VECTOR('',#5839,1.);
#5839 = DIRECTION('',(0.,1.,0.));
#5840 = ORIENTED_EDGE('',*,*,#5059,.T.);
#5841 = ORIENTED_EDGE('',*,*,#5818,.F.);
#5842 = ORIENTED_EDGE('',*,*,#5612,.F.);
#5843 = PLANE('',#5844);
#5844 = AXIS2_PLACEMENT_3D('',#5845,#5846,#5847);
#5845 = CARTESIAN_POINT('',(-127.738325961,-13.,13.923622563152));
#5846 = DIRECTION('',(0.223727152186,0.,-0.974651815458));
#5847 = DIRECTION('',(0.974651815458,0.,0.223727152186));
#5848 = ADVANCED_FACE('',(#5849),#5860,.F.);
#5849 = FACE_BOUND('',#5850,.F.);
#5850 = EDGE_LOOP('',(#5851,#5857,#5858,#5859));
#5851 = ORIENTED_EDGE('',*,*,#5852,.T.);
#5852 = EDGE_CURVE('',#5597,#5044,#5853,.T.);
#5853 = LINE('',#5854,#5855);
#5854 = CARTESIAN_POINT('',(-127.7948959066,-13.,13.910677767769));
#5855 = VECTOR('',#5856,1.);
#5856 = DIRECTION('',(0.,1.,0.));
#5857 = ORIENTED_EDGE('',*,*,#5051,.T.);
#5858 = ORIENTED_EDGE('',*,*,#5835,.F.);
#5859 = ORIENTED_EDGE('',*,*,#5604,.F.);
#5860 = PLANE('',#5861);
#5861 = AXIS2_PLACEMENT_3D('',#5862,#5863,#5864);
#5862 = CARTESIAN_POINT('',(-127.7948959066,-13.,13.910677767769));
#5863 = DIRECTION('',(0.223062612616,0.,-0.974804119222));
#5864 = DIRECTION('',(0.974804119222,0.,0.223062612616));
#5865 = ADVANCED_FACE('',(#5866),#5877,.F.);
#5866 = FACE_BOUND('',#5867,.F.);
#5867 = EDGE_LOOP('',(#5868,#5874,#5875,#5876));
#5868 = ORIENTED_EDGE('',*,*,#5869,.T.);
#5869 = EDGE_CURVE('',#5589,#5036,#5870,.T.);
#5870 = LINE('',#5871,#5872);
#5871 = CARTESIAN_POINT('',(-127.8514746644,-13.,13.897771543041));
#5872 = VECTOR('',#5873,1.);
#5873 = DIRECTION('',(0.,1.,0.));
#5874 = ORIENTED_EDGE('',*,*,#5043,.T.);
#5875 = ORIENTED_EDGE('',*,*,#5852,.F.);
#5876 = ORIENTED_EDGE('',*,*,#5596,.F.);
#5877 = PLANE('',#5878);
#5878 = AXIS2_PLACEMENT_3D('',#5879,#5880,#5881);
#5879 = CARTESIAN_POINT('',(-127.8514746644,-13.,13.897771543041));
#5880 = DIRECTION('',(0.222397969364,0.,-0.974955969889));
#5881 = DIRECTION('',(0.974955969889,0.,0.222397969364));
#5882 = ADVANCED_FACE('',(#5883),#5894,.F.);
#5883 = FACE_BOUND('',#5884,.F.);
#5884 = EDGE_LOOP('',(#5885,#5891,#5892,#5893));
#5885 = ORIENTED_EDGE('',*,*,#5886,.T.);
#5886 = EDGE_CURVE('',#5581,#5028,#5887,.T.);
#5887 = LINE('',#5888,#5889);
#5888 = CARTESIAN_POINT('',(-127.9080622081,-13.,13.884903894965));
#5889 = VECTOR('',#5890,1.);
#5890 = DIRECTION('',(0.,1.,0.));
#5891 = ORIENTED_EDGE('',*,*,#5035,.T.);
#5892 = ORIENTED_EDGE('',*,*,#5869,.F.);
#5893 = ORIENTED_EDGE('',*,*,#5588,.F.);
#5894 = PLANE('',#5895);
#5895 = AXIS2_PLACEMENT_3D('',#5896,#5897,#5898);
#5896 = CARTESIAN_POINT('',(-127.9080622081,-13.,13.884903894965));
#5897 = DIRECTION('',(0.221733222739,0.,-0.975107367388));
#5898 = DIRECTION('',(0.975107367388,0.,0.221733222739));
#5899 = ADVANCED_FACE('',(#5900),#5911,.F.);
#5900 = FACE_BOUND('',#5901,.F.);
#5901 = EDGE_LOOP('',(#5902,#5908,#5909,#5910));
#5902 = ORIENTED_EDGE('',*,*,#5903,.T.);
#5903 = EDGE_CURVE('',#5573,#5020,#5904,.T.);
#5904 = LINE('',#5905,#5906);
#5905 = CARTESIAN_POINT('',(-127.9646585115,-13.,13.872074829524));
#5906 = VECTOR('',#5907,1.);
#5907 = DIRECTION('',(0.,1.,0.));
#5908 = ORIENTED_EDGE('',*,*,#5027,.T.);
#5909 = ORIENTED_EDGE('',*,*,#5886,.F.);
#5910 = ORIENTED_EDGE('',*,*,#5580,.F.);
#5911 = PLANE('',#5912);
#5912 = AXIS2_PLACEMENT_3D('',#5913,#5914,#5915);
#5913 = CARTESIAN_POINT('',(-127.9646585115,-13.,13.872074829524));
#5914 = DIRECTION('',(0.221068373051,0.,-0.975258311647));
#5915 = DIRECTION('',(0.975258311647,0.,0.221068373051));
#5916 = ADVANCED_FACE('',(#5917),#5928,.F.);
#5917 = FACE_BOUND('',#5918,.F.);
#5918 = EDGE_LOOP('',(#5919,#5925,#5926,#5927));
#5919 = ORIENTED_EDGE('',*,*,#5920,.T.);
#5920 = EDGE_CURVE('',#5565,#5012,#5921,.T.);
#5921 = LINE('',#5922,#5923);
#5922 = CARTESIAN_POINT('',(-128.0212635481,-13.,13.85928435268));
#5923 = VECTOR('',#5924,1.);
#5924 = DIRECTION('',(0.,1.,0.));
#5925 = ORIENTED_EDGE('',*,*,#5019,.T.);
#5926 = ORIENTED_EDGE('',*,*,#5903,.F.);
#5927 = ORIENTED_EDGE('',*,*,#5572,.F.);
#5928 = PLANE('',#5929);
#5929 = AXIS2_PLACEMENT_3D('',#5930,#5931,#5932);
#5930 = CARTESIAN_POINT('',(-128.0212635481,-13.,13.85928435268));
#5931 = DIRECTION('',(0.220403420608,0.,-0.975408802597));
#5932 = DIRECTION('',(0.975408802597,0.,0.220403420608));
#5933 = ADVANCED_FACE('',(#5934),#5945,.F.);
#5934 = FACE_BOUND('',#5935,.F.);
#5935 = EDGE_LOOP('',(#5936,#5942,#5943,#5944));
#5936 = ORIENTED_EDGE('',*,*,#5937,.T.);
#5937 = EDGE_CURVE('',#5557,#5004,#5938,.T.);
#5938 = LINE('',#5939,#5940);
#5939 = CARTESIAN_POINT('',(-128.0778772918,-13.,13.846532470378));
#5940 = VECTOR('',#5941,1.);
#5941 = DIRECTION('',(0.,1.,0.));
#5942 = ORIENTED_EDGE('',*,*,#5011,.T.);
#5943 = ORIENTED_EDGE('',*,*,#5920,.F.);
#5944 = ORIENTED_EDGE('',*,*,#5564,.F.);
#5945 = PLANE('',#5946);
#5946 = AXIS2_PLACEMENT_3D('',#5947,#5948,#5949);
#5947 = CARTESIAN_POINT('',(-128.0778772918,-13.,13.846532470378));
#5948 = DIRECTION('',(0.21973836572,0.,-0.975558840168));
#5949 = DIRECTION('',(0.975558840168,0.,0.21973836572));
#5950 = ADVANCED_FACE('',(#5951),#5962,.F.);
#5951 = FACE_BOUND('',#5952,.F.);
#5952 = EDGE_LOOP('',(#5953,#5959,#5960,#5961));
#5953 = ORIENTED_EDGE('',*,*,#5954,.T.);
#5954 = EDGE_CURVE('',#5549,#4996,#5955,.T.);
#5955 = LINE('',#5956,#5957);
#5956 = CARTESIAN_POINT('',(-128.1344997161,-13.,13.833819188546));
#5957 = VECTOR('',#5958,1.);
#5958 = DIRECTION('',(0.,1.,0.));
#5959 = ORIENTED_EDGE('',*,*,#5003,.T.);
#5960 = ORIENTED_EDGE('',*,*,#5937,.F.);
#5961 = ORIENTED_EDGE('',*,*,#5556,.F.);
#5962 = PLANE('',#5963);
#5963 = AXIS2_PLACEMENT_3D('',#5964,#5965,#5966);
#5964 = CARTESIAN_POINT('',(-128.1344997161,-13.,13.833819188546));
#5965 = DIRECTION('',(0.219073208695,0.,-0.975708424291));
#5966 = DIRECTION('',(0.975708424291,0.,0.219073208695));
#5967 = ADVANCED_FACE('',(#5968),#5979,.F.);
#5968 = FACE_BOUND('',#5969,.F.);
#5969 = EDGE_LOOP('',(#5970,#5976,#5977,#5978));
#5970 = ORIENTED_EDGE('',*,*,#5971,.T.);
#5971 = EDGE_CURVE('',#5541,#4988,#5972,.T.);
#5972 = LINE('',#5973,#5974);
#5973 = CARTESIAN_POINT('',(-128.1911307948,-13.,13.821144513092));
#5974 = VECTOR('',#5975,1.);
#5975 = DIRECTION('',(0.,1.,0.));
#5976 = ORIENTED_EDGE('',*,*,#4995,.T.);
#5977 = ORIENTED_EDGE('',*,*,#5954,.F.);
#5978 = ORIENTED_EDGE('',*,*,#5548,.F.);
#5979 = PLANE('',#5980);
#5980 = AXIS2_PLACEMENT_3D('',#5981,#5982,#5983);
#5981 = CARTESIAN_POINT('',(-128.1911307948,-13.,13.821144513092));
#5982 = DIRECTION('',(0.218407949843,0.,-0.975857554895));
#5983 = DIRECTION('',(0.975857554895,0.,0.218407949843));
#5984 = ADVANCED_FACE('',(#5985),#5996,.F.);
#5985 = FACE_BOUND('',#5986,.F.);
#5986 = EDGE_LOOP('',(#5987,#5993,#5994,#5995));
#5987 = ORIENTED_EDGE('',*,*,#5988,.T.);
#5988 = EDGE_CURVE('',#5533,#4980,#5989,.T.);
#5989 = LINE('',#5990,#5991);
#5990 = CARTESIAN_POINT('',(-128.2477705016,-13.,13.808508449909));
#5991 = VECTOR('',#5992,1.);
#5992 = DIRECTION('',(0.,1.,0.));
#5993 = ORIENTED_EDGE('',*,*,#4987,.T.);
#5994 = ORIENTED_EDGE('',*,*,#5971,.F.);
#5995 = ORIENTED_EDGE('',*,*,#5540,.F.);
#5996 = PLANE('',#5997);
#5997 = AXIS2_PLACEMENT_3D('',#5998,#5999,#6000);
#5998 = CARTESIAN_POINT('',(-128.2477705016,-13.,13.808508449909));
#5999 = DIRECTION('',(0.217742589473,0.,-0.976006231911));
#6000 = DIRECTION('',(0.976006231911,0.,0.217742589473));
#6001 = ADVANCED_FACE('',(#6002),#6013,.F.);
#6002 = FACE_BOUND('',#6003,.F.);
#6003 = EDGE_LOOP('',(#6004,#6010,#6011,#6012));
#6004 = ORIENTED_EDGE('',*,*,#6005,.T.);
#6005 = EDGE_CURVE('',#5525,#4972,#6006,.T.);
#6006 = LINE('',#6007,#6008);
#6007 = CARTESIAN_POINT('',(-128.30441881,-13.,13.795911004869));
#6008 = VECTOR('',#6009,1.);
#6009 = DIRECTION('',(0.,1.,0.));
#6010 = ORIENTED_EDGE('',*,*,#4979,.T.);
#6011 = ORIENTED_EDGE('',*,*,#5988,.F.);
#6012 = ORIENTED_EDGE('',*,*,#5532,.F.);
#6013 = PLANE('',#6014);
#6014 = AXIS2_PLACEMENT_3D('',#6015,#6016,#6017);
#6015 = CARTESIAN_POINT('',(-128.30441881,-13.,13.795911004869));
#6016 = DIRECTION('',(0.217077127894,0.,-0.976154455271));
#6017 = DIRECTION('',(0.976154455271,0.,0.217077127894));
#6018 = ADVANCED_FACE('',(#6019),#6030,.F.);
#6019 = FACE_BOUND('',#6020,.F.);
#6020 = EDGE_LOOP('',(#6021,#6027,#6028,#6029));
#6021 = ORIENTED_EDGE('',*,*,#6022,.T.);
#6022 = EDGE_CURVE('',#5517,#4964,#6023,.T.);
#6023 = LINE('',#6024,#6025);
#6024 = CARTESIAN_POINT('',(-128.3610756939,-13.,13.783352183828));
#6025 = VECTOR('',#6026,1.);
#6026 = DIRECTION('',(0.,1.,0.));
#6027 = ORIENTED_EDGE('',*,*,#4971,.T.);
#6028 = ORIENTED_EDGE('',*,*,#6005,.F.);
#6029 = ORIENTED_EDGE('',*,*,#5524,.F.);
#6030 = PLANE('',#6031);
#6031 = AXIS2_PLACEMENT_3D('',#6032,#6033,#6034);
#6032 = CARTESIAN_POINT('',(-128.3610756939,-13.,13.783352183828));
#6033 = DIRECTION('',(0.216411565416,0.,-0.976302224905));
#6034 = DIRECTION('',(0.976302224905,0.,0.216411565416));
#6035 = ADVANCED_FACE('',(#6036),#6047,.F.);
#6036 = FACE_BOUND('',#6037,.F.);
#6037 = EDGE_LOOP('',(#6038,#6044,#6045,#6046));
#6038 = ORIENTED_EDGE('',*,*,#6039,.T.);
#6039 = EDGE_CURVE('',#5509,#4956,#6040,.T.);
#6040 = LINE('',#6041,#6042);
#6041 = CARTESIAN_POINT('',(-128.4177411268,-13.,13.770831992623));
#6042 = VECTOR('',#6043,1.);
#6043 = DIRECTION('',(0.,1.,0.));
#6044 = ORIENTED_EDGE('',*,*,#4963,.T.);
#6045 = ORIENTED_EDGE('',*,*,#6022,.F.);
#6046 = ORIENTED_EDGE('',*,*,#5516,.F.);
#6047 = PLANE('',#6048);
#6048 = AXIS2_PLACEMENT_3D('',#6049,#6050,#6051);
#6049 = CARTESIAN_POINT('',(-128.4177411268,-13.,13.770831992623));
#6050 = DIRECTION('',(0.215745902347,0.,-0.976449540745));
#6051 = DIRECTION('',(0.976449540745,0.,0.215745902347));
#6052 = ADVANCED_FACE('',(#6053),#6064,.F.);
#6053 = FACE_BOUND('',#6054,.F.);
#6054 = EDGE_LOOP('',(#6055,#6061,#6062,#6063));
#6055 = ORIENTED_EDGE('',*,*,#6056,.T.);
#6056 = EDGE_CURVE('',#5501,#4948,#6057,.T.);
#6057 = LINE('',#6058,#6059);
#6058 = CARTESIAN_POINT('',(-128.4744150824,-13.,13.758350437074));
#6059 = VECTOR('',#6060,1.);
#6060 = DIRECTION('',(0.,1.,0.));
#6061 = ORIENTED_EDGE('',*,*,#4955,.T.);
#6062 = ORIENTED_EDGE('',*,*,#6039,.F.);
#6063 = ORIENTED_EDGE('',*,*,#5508,.F.);
#6064 = PLANE('',#6065);
#6065 = AXIS2_PLACEMENT_3D('',#6066,#6067,#6068);
#6066 = CARTESIAN_POINT('',(-128.4744150824,-13.,13.758350437074));
#6067 = DIRECTION('',(0.215080138998,0.,-0.976596402722));
#6068 = DIRECTION('',(0.976596402722,0.,0.215080138998));
#6069 = ADVANCED_FACE('',(#6070),#6081,.F.);
#6070 = FACE_BOUND('',#6071,.F.);
#6071 = EDGE_LOOP('',(#6072,#6078,#6079,#6080));
#6072 = ORIENTED_EDGE('',*,*,#6073,.T.);
#6073 = EDGE_CURVE('',#5493,#4940,#6074,.T.);
#6074 = LINE('',#6075,#6076);
#6075 = CARTESIAN_POINT('',(-128.5310975344,-13.,13.745907522983));
#6076 = VECTOR('',#6077,1.);
#6077 = DIRECTION('',(0.,1.,0.));
#6078 = ORIENTED_EDGE('',*,*,#4947,.T.);
#6079 = ORIENTED_EDGE('',*,*,#6056,.F.);
#6080 = ORIENTED_EDGE('',*,*,#5500,.F.);
#6081 = PLANE('',#6082);
#6082 = AXIS2_PLACEMENT_3D('',#6083,#6084,#6085);
#6083 = CARTESIAN_POINT('',(-128.5310975344,-13.,13.745907522983));
#6084 = DIRECTION('',(0.214414275678,0.,-0.976742810767));
#6085 = DIRECTION('',(0.976742810767,0.,0.214414275678));
#6086 = ADVANCED_FACE('',(#6087),#6098,.F.);
#6087 = FACE_BOUND('',#6088,.F.);
#6088 = EDGE_LOOP('',(#6089,#6095,#6096,#6097));
#6089 = ORIENTED_EDGE('',*,*,#6090,.T.);
#6090 = EDGE_CURVE('',#5485,#4932,#6091,.T.);
#6091 = LINE('',#6092,#6093);
#6092 = CARTESIAN_POINT('',(-128.5877884564,-13.,13.733503256132));
#6093 = VECTOR('',#6094,1.);
#6094 = DIRECTION('',(0.,1.,0.));
#6095 = ORIENTED_EDGE('',*,*,#4939,.T.);
#6096 = ORIENTED_EDGE('',*,*,#6073,.F.);
#6097 = ORIENTED_EDGE('',*,*,#5492,.F.);
#6098 = PLANE('',#6099);
#6099 = AXIS2_PLACEMENT_3D('',#6100,#6101,#6102);
#6100 = CARTESIAN_POINT('',(-128.5877884564,-13.,13.733503256132));
#6101 = DIRECTION('',(0.213748312696,0.,-0.976888764814));
#6102 = DIRECTION('',(0.976888764814,0.,0.213748312696));
#6103 = ADVANCED_FACE('',(#6104),#6115,.F.);
#6104 = FACE_BOUND('',#6105,.F.);
#6105 = EDGE_LOOP('',(#6106,#6112,#6113,#6114));
#6106 = ORIENTED_EDGE('',*,*,#6107,.T.);
#6107 = EDGE_CURVE('',#5477,#4924,#6108,.T.);
#6108 = LINE('',#6109,#6110);
#6109 = CARTESIAN_POINT('',(-128.644487822,-13.,13.721137642288));
#6110 = VECTOR('',#6111,1.);
#6111 = DIRECTION('',(0.,1.,0.));
#6112 = ORIENTED_EDGE('',*,*,#4931,.T.);
#6113 = ORIENTED_EDGE('',*,*,#6090,.F.);
#6114 = ORIENTED_EDGE('',*,*,#5484,.F.);
#6115 = PLANE('',#6116);
#6116 = AXIS2_PLACEMENT_3D('',#6117,#6118,#6119);
#6117 = CARTESIAN_POINT('',(-128.644487822,-13.,13.721137642288));
#6118 = DIRECTION('',(0.213082250361,0.,-0.977034264794));
#6119 = DIRECTION('',(0.977034264794,0.,0.213082250361));
#6120 = ADVANCED_FACE('',(#6121),#6132,.F.);
#6121 = FACE_BOUND('',#6122,.F.);
#6122 = EDGE_LOOP('',(#6123,#6129,#6130,#6131));
#6123 = ORIENTED_EDGE('',*,*,#6124,.T.);
#6124 = EDGE_CURVE('',#5469,#4916,#6125,.T.);
#6125 = LINE('',#6126,#6127);
#6126 = CARTESIAN_POINT('',(-128.701195605,-13.,13.708810687198));
#6127 = VECTOR('',#6128,1.);
#6128 = DIRECTION('',(0.,1.,0.));
#6129 = ORIENTED_EDGE('',*,*,#4923,.T.);
#6130 = ORIENTED_EDGE('',*,*,#6107,.F.);
#6131 = ORIENTED_EDGE('',*,*,#5476,.F.);
#6132 = PLANE('',#6133);
#6133 = AXIS2_PLACEMENT_3D('',#6134,#6135,#6136);
#6134 = CARTESIAN_POINT('',(-128.701195605,-13.,13.708810687198));
#6135 = DIRECTION('',(0.212416088984,0.,-0.977179310639));
#6136 = DIRECTION('',(0.977179310639,0.,0.212416088984));
#6137 = ADVANCED_FACE('',(#6138),#6149,.F.);
#6138 = FACE_BOUND('',#6139,.F.);
#6139 = EDGE_LOOP('',(#6140,#6146,#6147,#6148));
#6140 = ORIENTED_EDGE('',*,*,#6141,.T.);
#6141 = EDGE_CURVE('',#5461,#4908,#6142,.T.);
#6142 = LINE('',#6143,#6144);
#6143 = CARTESIAN_POINT('',(-128.757911779,-13.,13.696522396592));
#6144 = VECTOR('',#6145,1.);
#6145 = DIRECTION('',(0.,1.,0.));
#6146 = ORIENTED_EDGE('',*,*,#4915,.T.);
#6147 = ORIENTED_EDGE('',*,*,#6124,.F.);
#6148 = ORIENTED_EDGE('',*,*,#5468,.F.);
#6149 = PLANE('',#6150);
#6150 = AXIS2_PLACEMENT_3D('',#6151,#6152,#6153);
#6151 = CARTESIAN_POINT('',(-128.757911779,-13.,13.696522396592));
#6152 = DIRECTION('',(0.211749828874,0.,-0.977323902282));
#6153 = DIRECTION('',(0.977323902282,0.,0.211749828874));
#6154 = ADVANCED_FACE('',(#6155),#6166,.F.);
#6155 = FACE_BOUND('',#6156,.F.);
#6156 = EDGE_LOOP('',(#6157,#6163,#6164,#6165));
#6157 = ORIENTED_EDGE('',*,*,#6158,.T.);
#6158 = EDGE_CURVE('',#5453,#4900,#6159,.T.);
#6159 = LINE('',#6160,#6161);
#6160 = CARTESIAN_POINT('',(-128.8146363175,-13.,13.684272776182));
#6161 = VECTOR('',#6162,1.);
#6162 = DIRECTION('',(0.,1.,0.));
#6163 = ORIENTED_EDGE('',*,*,#4907,.T.);
#6164 = ORIENTED_EDGE('',*,*,#6141,.F.);
#6165 = ORIENTED_EDGE('',*,*,#5460,.F.);
#6166 = PLANE('',#6167);
#6167 = AXIS2_PLACEMENT_3D('',#6168,#6169,#6170);
#6168 = CARTESIAN_POINT('',(-128.8146363175,-13.,13.684272776182));
#6169 = DIRECTION('',(0.211083470341,0.,-0.977468039656));
#6170 = DIRECTION('',(0.977468039656,0.,0.211083470341));
#6171 = ADVANCED_FACE('',(#6172),#6183,.F.);
#6172 = FACE_BOUND('',#6173,.F.);
#6173 = EDGE_LOOP('',(#6174,#6180,#6181,#6182));
#6174 = ORIENTED_EDGE('',*,*,#6175,.T.);
#6175 = EDGE_CURVE('',#5445,#4892,#6176,.T.);
#6176 = LINE('',#6177,#6178);
#6177 = CARTESIAN_POINT('',(-128.8713691943,-13.,13.672061831661));
#6178 = VECTOR('',#6179,1.);
#6179 = DIRECTION('',(0.,1.,0.));
#6180 = ORIENTED_EDGE('',*,*,#4899,.T.);
#6181 = ORIENTED_EDGE('',*,*,#6158,.F.);
#6182 = ORIENTED_EDGE('',*,*,#5452,.F.);
#6183 = PLANE('',#6184);
#6184 = AXIS2_PLACEMENT_3D('',#6185,#6186,#6187);
#6185 = CARTESIAN_POINT('',(-128.8713691943,-13.,13.672061831661));
#6186 = DIRECTION('',(0.210417013694,0.,-0.977611722694));
#6187 = DIRECTION('',(0.977611722694,0.,0.210417013694));
#6188 = ADVANCED_FACE('',(#6189),#6200,.F.);
#6189 = FACE_BOUND('',#6190,.F.);
#6190 = EDGE_LOOP('',(#6191,#6197,#6198,#6199));
#6191 = ORIENTED_EDGE('',*,*,#6192,.T.);
#6192 = EDGE_CURVE('',#5437,#4884,#6193,.T.);
#6193 = LINE('',#6194,#6195);
#6194 = CARTESIAN_POINT('',(-128.9281103829,-13.,13.659889568705));
#6195 = VECTOR('',#6196,1.);
#6196 = DIRECTION('',(0.,1.,0.));
#6197 = ORIENTED_EDGE('',*,*,#4891,.T.);
#6198 = ORIENTED_EDGE('',*,*,#6175,.F.);
#6199 = ORIENTED_EDGE('',*,*,#5444,.F.);
#6200 = PLANE('',#6201);
#6201 = AXIS2_PLACEMENT_3D('',#6202,#6203,#6204);
#6202 = CARTESIAN_POINT('',(-128.9281103829,-13.,13.659889568705));
#6203 = DIRECTION('',(0.209750459244,0.,-0.977754951328));
#6204 = DIRECTION('',(0.977754951328,0.,0.209750459244));
#6205 = ADVANCED_FACE('',(#6206),#6217,.F.);
#6206 = FACE_BOUND('',#6207,.F.);
#6207 = EDGE_LOOP('',(#6208,#6214,#6215,#6216));
#6208 = ORIENTED_EDGE('',*,*,#6209,.T.);
#6209 = EDGE_CURVE('',#5429,#4876,#6210,.T.);
#6210 = LINE('',#6211,#6212);
#6211 = CARTESIAN_POINT('',(-128.984859857,-13.,13.647755992972));
#6212 = VECTOR('',#6213,1.);
#6213 = DIRECTION('',(0.,1.,0.));
#6214 = ORIENTED_EDGE('',*,*,#4883,.T.);
#6215 = ORIENTED_EDGE('',*,*,#6192,.F.);
#6216 = ORIENTED_EDGE('',*,*,#5436,.F.);
#6217 = PLANE('',#6218);
#6218 = AXIS2_PLACEMENT_3D('',#6219,#6220,#6221);
#6219 = CARTESIAN_POINT('',(-128.984859857,-13.,13.647755992972));
#6220 = DIRECTION('',(0.2090838073,0.,-0.977897725493));
#6221 = DIRECTION('',(0.977897725493,0.,0.2090838073));
#6222 = ADVANCED_FACE('',(#6223),#6234,.F.);
#6223 = FACE_BOUND('',#6224,.F.);
#6224 = EDGE_LOOP('',(#6225,#6231,#6232,#6233));
#6225 = ORIENTED_EDGE('',*,*,#6226,.T.);
#6226 = EDGE_CURVE('',#5421,#4868,#6227,.T.);
#6227 = LINE('',#6228,#6229);
#6228 = CARTESIAN_POINT('',(-129.0416175903,-13.,13.635661110102));
#6229 = VECTOR('',#6230,1.);
#6230 = DIRECTION('',(0.,1.,0.));
#6231 = ORIENTED_EDGE('',*,*,#4875,.T.);
#6232 = ORIENTED_EDGE('',*,*,#6209,.F.);
#6233 = ORIENTED_EDGE('',*,*,#5428,.F.);
#6234 = PLANE('',#6235);
#6235 = AXIS2_PLACEMENT_3D('',#6236,#6237,#6238);
#6236 = CARTESIAN_POINT('',(-129.0416175903,-13.,13.635661110102));
#6237 = DIRECTION('',(0.208417058171,0.,-0.978040045123));
#6238 = DIRECTION('',(0.978040045123,0.,0.208417058171));
#6239 = ADVANCED_FACE('',(#6240),#6251,.F.);
#6240 = FACE_BOUND('',#6241,.F.);
#6241 = EDGE_LOOP('',(#6242,#6248,#6249,#6250));
#6242 = ORIENTED_EDGE('',*,*,#6243,.T.);
#6243 = EDGE_CURVE('',#5413,#4860,#6244,.T.);
#6244 = LINE('',#6245,#6246);
#6245 = CARTESIAN_POINT('',(-129.0983835562,-13.,13.623604925716));
#6246 = VECTOR('',#6247,1.);
#6247 = DIRECTION('',(0.,1.,0.));
#6248 = ORIENTED_EDGE('',*,*,#4867,.T.);
#6249 = ORIENTED_EDGE('',*,*,#6226,.F.);
#6250 = ORIENTED_EDGE('',*,*,#5420,.F.);
#6251 = PLANE('',#6252);
#6252 = AXIS2_PLACEMENT_3D('',#6253,#6254,#6255);
#6253 = CARTESIAN_POINT('',(-129.0983835562,-13.,13.623604925716));
#6254 = DIRECTION('',(0.207750212168,0.,-0.97818191015));
#6255 = DIRECTION('',(0.97818191015,0.,0.207750212168));
#6256 = ADVANCED_FACE('',(#6257),#6268,.F.);
#6257 = FACE_BOUND('',#6258,.F.);
#6258 = EDGE_LOOP('',(#6259,#6265,#6266,#6267));
#6259 = ORIENTED_EDGE('',*,*,#6260,.T.);
#6260 = EDGE_CURVE('',#5405,#4852,#6261,.T.);
#6261 = LINE('',#6262,#6263);
#6262 = CARTESIAN_POINT('',(-129.1551577285,-13.,13.611587445419));
#6263 = VECTOR('',#6264,1.);
#6264 = DIRECTION('',(0.,1.,0.));
#6265 = ORIENTED_EDGE('',*,*,#4859,.T.);
#6266 = ORIENTED_EDGE('',*,*,#6243,.F.);
#6267 = ORIENTED_EDGE('',*,*,#5412,.F.);
#6268 = PLANE('',#6269);
#6269 = AXIS2_PLACEMENT_3D('',#6270,#6271,#6272);
#6270 = CARTESIAN_POINT('',(-129.1551577285,-13.,13.611587445419));
#6271 = DIRECTION('',(0.207083269601,0.,-0.978323320509));
#6272 = DIRECTION('',(0.978323320509,0.,0.207083269601));
#6273 = ADVANCED_FACE('',(#6274),#6285,.F.);
#6274 = FACE_BOUND('',#6275,.F.);
#6275 = EDGE_LOOP('',(#6276,#6282,#6283,#6284));
#6276 = ORIENTED_EDGE('',*,*,#6277,.T.);
#6277 = EDGE_CURVE('',#5397,#4844,#6278,.T.);
#6278 = LINE('',#6279,#6280);
#6279 = CARTESIAN_POINT('',(-129.2119400808,-13.,13.599608674796));
#6280 = VECTOR('',#6281,1.);
#6281 = DIRECTION('',(0.,1.,0.));
#6282 = ORIENTED_EDGE('',*,*,#4851,.T.);
#6283 = ORIENTED_EDGE('',*,*,#6260,.F.);
#6284 = ORIENTED_EDGE('',*,*,#5404,.F.);
#6285 = PLANE('',#6286);
#6286 = AXIS2_PLACEMENT_3D('',#6287,#6288,#6289);
#6287 = CARTESIAN_POINT('',(-129.2119400808,-13.,13.599608674796));
#6288 = DIRECTION('',(0.20641623078,0.,-0.978464276134));
#6289 = DIRECTION('',(0.978464276134,0.,0.20641623078));
#6290 = ADVANCED_FACE('',(#6291),#6302,.F.);
#6291 = FACE_BOUND('',#6292,.F.);
#6292 = EDGE_LOOP('',(#6293,#6299,#6300,#6301));
#6293 = ORIENTED_EDGE('',*,*,#6294,.T.);
#6294 = EDGE_CURVE('',#5389,#4836,#6295,.T.);
#6295 = LINE('',#6296,#6297);
#6296 = CARTESIAN_POINT('',(-129.2687305866,-13.,13.587668619415));
#6297 = VECTOR('',#6298,1.);
#6298 = DIRECTION('',(0.,1.,0.));
#6299 = ORIENTED_EDGE('',*,*,#4843,.T.);
#6300 = ORIENTED_EDGE('',*,*,#6277,.F.);
#6301 = ORIENTED_EDGE('',*,*,#5396,.F.);
#6302 = PLANE('',#6303);
#6303 = AXIS2_PLACEMENT_3D('',#6304,#6305,#6306);
#6304 = CARTESIAN_POINT('',(-129.2687305866,-13.,13.587668619415));
#6305 = DIRECTION('',(0.205749096014,0.,-0.97860477696));
#6306 = DIRECTION('',(0.97860477696,0.,0.205749096014));
#6307 = ADVANCED_FACE('',(#6308),#6319,.F.);
#6308 = FACE_BOUND('',#6309,.F.);
#6309 = EDGE_LOOP('',(#6310,#6316,#6317,#6318));
#6310 = ORIENTED_EDGE('',*,*,#6311,.T.);
#6311 = EDGE_CURVE('',#5381,#4828,#6312,.T.);
#6312 = LINE('',#6313,#6314);
#6313 = CARTESIAN_POINT('',(-129.3255292196,-13.,13.575767284825));
#6314 = VECTOR('',#6315,1.);
#6315 = DIRECTION('',(0.,1.,0.));
#6316 = ORIENTED_EDGE('',*,*,#4835,.T.);
#6317 = ORIENTED_EDGE('',*,*,#6294,.F.);
#6318 = ORIENTED_EDGE('',*,*,#5388,.F.);
#6319 = PLANE('',#6320);
#6320 = AXIS2_PLACEMENT_3D('',#6321,#6322,#6323);
#6321 = CARTESIAN_POINT('',(-129.3255292196,-13.,13.575767284825));
#6322 = DIRECTION('',(0.205081865615,0.,-0.978744822922));
#6323 = DIRECTION('',(0.978744822922,0.,0.205081865615));
#6324 = ADVANCED_FACE('',(#6325),#6336,.F.);
#6325 = FACE_BOUND('',#6326,.F.);
#6326 = EDGE_LOOP('',(#6327,#6333,#6334,#6335));
#6327 = ORIENTED_EDGE('',*,*,#6328,.T.);
#6328 = EDGE_CURVE('',#5373,#4820,#6329,.T.);
#6329 = LINE('',#6330,#6331);
#6330 = CARTESIAN_POINT('',(-129.3823359533,-13.,13.563904676559));
#6331 = VECTOR('',#6332,1.);
#6332 = DIRECTION('',(0.,1.,0.));
#6333 = ORIENTED_EDGE('',*,*,#4827,.T.);
#6334 = ORIENTED_EDGE('',*,*,#6311,.F.);
#6335 = ORIENTED_EDGE('',*,*,#5380,.F.);
#6336 = PLANE('',#6337);
#6337 = AXIS2_PLACEMENT_3D('',#6338,#6339,#6340);
#6338 = CARTESIAN_POINT('',(-129.3823359533,-13.,13.563904676559));
#6339 = DIRECTION('',(0.204414539891,0.,-0.978884413953));
#6340 = DIRECTION('',(0.978884413953,0.,0.204414539891));
#6341 = ADVANCED_FACE('',(#6342),#6353,.F.);
#6342 = FACE_BOUND('',#6343,.F.);
#6343 = EDGE_LOOP('',(#6344,#6350,#6351,#6352));
#6344 = ORIENTED_EDGE('',*,*,#6345,.T.);
#6345 = EDGE_CURVE('',#5365,#4812,#6346,.T.);
#6346 = LINE('',#6347,#6348);
#6347 = CARTESIAN_POINT('',(-129.4391507614,-13.,13.552080800131));
#6348 = VECTOR('',#6349,1.);
#6349 = DIRECTION('',(0.,1.,0.));
#6350 = ORIENTED_EDGE('',*,*,#4819,.T.);
#6351 = ORIENTED_EDGE('',*,*,#6328,.F.);
#6352 = ORIENTED_EDGE('',*,*,#5372,.F.);
#6353 = PLANE('',#6354);
#6354 = AXIS2_PLACEMENT_3D('',#6355,#6356,#6357);
#6355 = CARTESIAN_POINT('',(-129.4391507614,-13.,13.552080800131));
#6356 = DIRECTION('',(0.203747119154,0.,-0.979023549991));
#6357 = DIRECTION('',(0.979023549991,0.,0.203747119154));
#6358 = ADVANCED_FACE('',(#6359),#6370,.F.);
#6359 = FACE_BOUND('',#6360,.F.);
#6360 = EDGE_LOOP('',(#6361,#6367,#6368,#6369));
#6361 = ORIENTED_EDGE('',*,*,#6362,.T.);
#6362 = EDGE_CURVE('',#5357,#4804,#6363,.T.);
#6363 = LINE('',#6364,#6365);
#6364 = CARTESIAN_POINT('',(-129.4959736174,-13.,13.540295661037));
#6365 = VECTOR('',#6366,1.);
#6366 = DIRECTION('',(0.,1.,0.));
#6367 = ORIENTED_EDGE('',*,*,#4811,.T.);
#6368 = ORIENTED_EDGE('',*,*,#6345,.F.);
#6369 = ORIENTED_EDGE('',*,*,#5364,.F.);
#6370 = PLANE('',#6371);
#6371 = AXIS2_PLACEMENT_3D('',#6372,#6373,#6374);
#6372 = CARTESIAN_POINT('',(-129.4959736174,-13.,13.540295661037));
#6373 = DIRECTION('',(0.203079603714,0.,-0.979162230969));
#6374 = DIRECTION('',(0.979162230969,0.,0.203079603714));
#6375 = ADVANCED_FACE('',(#6376),#6387,.F.);
#6376 = FACE_BOUND('',#6377,.F.);
#6377 = EDGE_LOOP('',(#6378,#6384,#6385,#6386));
#6378 = ORIENTED_EDGE('',*,*,#6379,.T.);
#6379 = EDGE_CURVE('',#5349,#4796,#6380,.T.);
#6380 = LINE('',#6381,#6382);
#6381 = CARTESIAN_POINT('',(-129.552804495,-13.,13.528549264753));
#6382 = VECTOR('',#6383,1.);
#6383 = DIRECTION('',(0.,1.,0.));
#6384 = ORIENTED_EDGE('',*,*,#4803,.T.);
#6385 = ORIENTED_EDGE('',*,*,#6362,.F.);
#6386 = ORIENTED_EDGE('',*,*,#5356,.F.);
#6387 = PLANE('',#6388);
#6388 = AXIS2_PLACEMENT_3D('',#6389,#6390,#6391);
#6389 = CARTESIAN_POINT('',(-129.552804495,-13.,13.528549264753));
#6390 = DIRECTION('',(0.202411993879,0.,-0.979300456823));
#6391 = DIRECTION('',(0.979300456823,0.,0.202411993879));
#6392 = ADVANCED_FACE('',(#6393),#6404,.F.);
#6393 = FACE_BOUND('',#6394,.F.);
#6394 = EDGE_LOOP('',(#6395,#6401,#6402,#6403));
#6395 = ORIENTED_EDGE('',*,*,#6396,.T.);
#6396 = EDGE_CURVE('',#5341,#4788,#6397,.T.);
#6397 = LINE('',#6398,#6399);
#6398 = CARTESIAN_POINT('',(-129.6096433677,-13.,13.516841616741));
#6399 = VECTOR('',#6400,1.);
#6400 = DIRECTION('',(0.,1.,0.));
#6401 = ORIENTED_EDGE('',*,*,#4795,.T.);
#6402 = ORIENTED_EDGE('',*,*,#6379,.F.);
#6403 = ORIENTED_EDGE('',*,*,#5348,.F.);
#6404 = PLANE('',#6405);
#6405 = AXIS2_PLACEMENT_3D('',#6406,#6407,#6408);
#6406 = CARTESIAN_POINT('',(-129.6096433677,-13.,13.516841616741));
#6407 = DIRECTION('',(0.201744289962,0.,-0.979438227489));
#6408 = DIRECTION('',(0.979438227489,0.,0.201744289962));
#6409 = ADVANCED_FACE('',(#6410),#6421,.F.);
#6410 = FACE_BOUND('',#6411,.F.);
#6411 = EDGE_LOOP('',(#6412,#6418,#6419,#6420));
#6412 = ORIENTED_EDGE('',*,*,#6413,.T.);
#6413 = EDGE_CURVE('',#5333,#4780,#6414,.T.);
#6414 = LINE('',#6415,#6416);
#6415 = CARTESIAN_POINT('',(-129.6664902092,-13.,13.505172722441));
#6416 = VECTOR('',#6417,1.);
#6417 = DIRECTION('',(0.,1.,0.));
#6418 = ORIENTED_EDGE('',*,*,#4787,.T.);
#6419 = ORIENTED_EDGE('',*,*,#6396,.F.);
#6420 = ORIENTED_EDGE('',*,*,#5340,.F.);
#6421 = PLANE('',#6422);
#6422 = AXIS2_PLACEMENT_3D('',#6423,#6424,#6425);
#6423 = CARTESIAN_POINT('',(-129.6664902092,-13.,13.505172722441));
#6424 = DIRECTION('',(0.201076492273,0.,-0.979575542904));
#6425 = DIRECTION('',(0.979575542904,0.,0.201076492273));
#6426 = ADVANCED_FACE('',(#6427),#6438,.F.);
#6427 = FACE_BOUND('',#6428,.F.);
#6428 = EDGE_LOOP('',(#6429,#6435,#6436,#6437));
#6429 = ORIENTED_EDGE('',*,*,#6430,.T.);
#6430 = EDGE_CURVE('',#5325,#4772,#6431,.T.);
#6431 = LINE('',#6432,#6433);
#6432 = CARTESIAN_POINT('',(-129.7233449929,-13.,13.493542587279));
#6433 = VECTOR('',#6434,1.);
#6434 = DIRECTION('',(0.,1.,0.));
#6435 = ORIENTED_EDGE('',*,*,#4779,.T.);
#6436 = ORIENTED_EDGE('',*,*,#6413,.F.);
#6437 = ORIENTED_EDGE('',*,*,#5332,.F.);
#6438 = PLANE('',#6439);
#6439 = AXIS2_PLACEMENT_3D('',#6440,#6441,#6442);
#6440 = CARTESIAN_POINT('',(-129.7233449929,-13.,13.493542587279));
#6441 = DIRECTION('',(0.200408601121,0.,-0.979712403002));
#6442 = DIRECTION('',(0.979712403002,0.,0.200408601121));
#6443 = ADVANCED_FACE('',(#6444),#6455,.F.);
#6444 = FACE_BOUND('',#6445,.F.);
#6445 = EDGE_LOOP('',(#6446,#6452,#6453,#6454));
#6446 = ORIENTED_EDGE('',*,*,#6447,.T.);
#6447 = EDGE_CURVE('',#5317,#4764,#6448,.T.);
#6448 = LINE('',#6449,#6450);
#6449 = CARTESIAN_POINT('',(-129.7802076924,-13.,13.481951216658));
#6450 = VECTOR('',#6451,1.);
#6451 = DIRECTION('',(0.,1.,0.));
#6452 = ORIENTED_EDGE('',*,*,#4771,.T.);
#6453 = ORIENTED_EDGE('',*,*,#6430,.F.);
#6454 = ORIENTED_EDGE('',*,*,#5324,.F.);
#6455 = PLANE('',#6456);
#6456 = AXIS2_PLACEMENT_3D('',#6457,#6458,#6459);
#6457 = CARTESIAN_POINT('',(-129.7802076924,-13.,13.481951216658));
#6458 = DIRECTION('',(0.199740616817,0.,-0.979848807722));
#6459 = DIRECTION('',(0.979848807722,0.,0.199740616817));
#6460 = ADVANCED_FACE('',(#6461),#6472,.F.);
#6461 = FACE_BOUND('',#6462,.F.);
#6462 = EDGE_LOOP('',(#6463,#6469,#6470,#6471));
#6463 = ORIENTED_EDGE('',*,*,#6464,.T.);
#6464 = EDGE_CURVE('',#5309,#4756,#6465,.T.);
#6465 = LINE('',#6466,#6467);
#6466 = CARTESIAN_POINT('',(-129.8370782814,-13.,13.470398615968));
#6467 = VECTOR('',#6468,1.);
#6468 = DIRECTION('',(0.,1.,0.));
#6469 = ORIENTED_EDGE('',*,*,#4763,.T.);
#6470 = ORIENTED_EDGE('',*,*,#6447,.F.);
#6471 = ORIENTED_EDGE('',*,*,#5316,.F.);
#6472 = PLANE('',#6473);
#6473 = AXIS2_PLACEMENT_3D('',#6474,#6475,#6476);
#6474 = CARTESIAN_POINT('',(-129.8370782814,-13.,13.470398615968));
#6475 = DIRECTION('',(0.199072539672,0.,-0.979984756998));
#6476 = DIRECTION('',(0.979984756998,0.,0.199072539672));
#6477 = ADVANCED_FACE('',(#6478),#6489,.F.);
#6478 = FACE_BOUND('',#6479,.F.);
#6479 = EDGE_LOOP('',(#6480,#6486,#6487,#6488));
#6480 = ORIENTED_EDGE('',*,*,#6481,.T.);
#6481 = EDGE_CURVE('',#5301,#4748,#6482,.T.);
#6482 = LINE('',#6483,#6484);
#6483 = CARTESIAN_POINT('',(-129.8939567333,-13.,13.458884790579));
#6484 = VECTOR('',#6485,1.);
#6485 = DIRECTION('',(0.,1.,0.));
#6486 = ORIENTED_EDGE('',*,*,#4755,.T.);
#6487 = ORIENTED_EDGE('',*,*,#6464,.F.);
#6488 = ORIENTED_EDGE('',*,*,#5308,.F.);
#6489 = PLANE('',#6490);
#6490 = AXIS2_PLACEMENT_3D('',#6491,#6492,#6493);
#6491 = CARTESIAN_POINT('',(-129.8939567333,-13.,13.458884790579));
#6492 = DIRECTION('',(0.198404369997,0.,-0.980120250768));
#6493 = DIRECTION('',(0.980120250768,0.,0.198404369997));
#6494 = ADVANCED_FACE('',(#6495),#6506,.F.);
#6495 = FACE_BOUND('',#6496,.F.);
#6496 = EDGE_LOOP('',(#6497,#6503,#6504,#6505));
#6497 = ORIENTED_EDGE('',*,*,#6498,.T.);
#6498 = EDGE_CURVE('',#5293,#4740,#6499,.T.);
#6499 = LINE('',#6500,#6501);
#6500 = CARTESIAN_POINT('',(-129.9508430219,-13.,13.44740974584));
#6501 = VECTOR('',#6502,1.);
#6502 = DIRECTION('',(0.,1.,0.));
#6503 = ORIENTED_EDGE('',*,*,#4747,.T.);
#6504 = ORIENTED_EDGE('',*,*,#6481,.F.);
#6505 = ORIENTED_EDGE('',*,*,#5300,.F.);
#6506 = PLANE('',#6507);
#6507 = AXIS2_PLACEMENT_3D('',#6508,#6509,#6510);
#6508 = CARTESIAN_POINT('',(-129.9508430219,-13.,13.44740974584));
#6509 = DIRECTION('',(0.197736108101,0.,-0.98025528897));
#6510 = DIRECTION('',(0.98025528897,0.,0.197736108101));
#6511 = ADVANCED_FACE('',(#6512),#6523,.F.);
#6512 = FACE_BOUND('',#6513,.F.);
#6513 = EDGE_LOOP('',(#6514,#6520,#6521,#6522));
#6514 = ORIENTED_EDGE('',*,*,#6515,.T.);
#6515 = EDGE_CURVE('',#5285,#4732,#6516,.T.);
#6516 = LINE('',#6517,#6518);
#6517 = CARTESIAN_POINT('',(-130.0077371205,-13.,13.435973487088));
#6518 = VECTOR('',#6519,1.);
#6519 = DIRECTION('',(0.,1.,0.));
#6520 = ORIENTED_EDGE('',*,*,#4739,.T.);
#6521 = ORIENTED_EDGE('',*,*,#6498,.F.);
#6522 = ORIENTED_EDGE('',*,*,#5292,.F.);
#6523 = PLANE('',#6524);
#6524 = AXIS2_PLACEMENT_3D('',#6525,#6526,#6527);
#6525 = CARTESIAN_POINT('',(-130.0077371205,-13.,13.435973487088));
#6526 = DIRECTION('',(0.197067754295,0.,-0.980389871539));
#6527 = DIRECTION('',(0.980389871539,0.,0.197067754295));
#6528 = ADVANCED_FACE('',(#6529),#6540,.F.);
#6529 = FACE_BOUND('',#6530,.F.);
#6530 = EDGE_LOOP('',(#6531,#6537,#6538,#6539));
#6531 = ORIENTED_EDGE('',*,*,#6532,.T.);
#6532 = EDGE_CURVE('',#5277,#4724,#6533,.T.);
#6533 = LINE('',#6534,#6535);
#6534 = CARTESIAN_POINT('',(-130.0646390028,-13.,13.424576019636));
#6535 = VECTOR('',#6536,1.);
#6536 = DIRECTION('',(0.,1.,0.));
#6537 = ORIENTED_EDGE('',*,*,#4731,.T.);
#6538 = ORIENTED_EDGE('',*,*,#6515,.F.);
#6539 = ORIENTED_EDGE('',*,*,#5284,.F.);
#6540 = PLANE('',#6541);
#6541 = AXIS2_PLACEMENT_3D('',#6542,#6543,#6544);
#6542 = CARTESIAN_POINT('',(-130.0646390028,-13.,13.424576019636));
#6543 = DIRECTION('',(0.196399308891,0.,-0.980523998415));
#6544 = DIRECTION('',(0.980523998415,0.,0.196399308891));
#6545 = ADVANCED_FACE('',(#6546),#6557,.F.);
#6546 = FACE_BOUND('',#6547,.F.);
#6547 = EDGE_LOOP('',(#6548,#6554,#6555,#6556));
#6548 = ORIENTED_EDGE('',*,*,#6549,.T.);
#6549 = EDGE_CURVE('',#5269,#4716,#6550,.T.);
#6550 = LINE('',#6551,#6552);
#6551 = CARTESIAN_POINT('',(-130.1215486423,-13.,13.413217348784));
#6552 = VECTOR('',#6553,1.);
#6553 = DIRECTION('',(0.,1.,0.));
#6554 = ORIENTED_EDGE('',*,*,#4723,.T.);
#6555 = ORIENTED_EDGE('',*,*,#6532,.F.);
#6556 = ORIENTED_EDGE('',*,*,#5276,.F.);
#6557 = PLANE('',#6558);
#6558 = AXIS2_PLACEMENT_3D('',#6559,#6560,#6561);
#6559 = CARTESIAN_POINT('',(-130.1215486423,-13.,13.413217348784));
#6560 = DIRECTION('',(0.195730772198,0.,-0.980657669533));
#6561 = DIRECTION('',(0.980657669533,0.,0.195730772198));
#6562 = ADVANCED_FACE('',(#6563),#6574,.F.);
#6563 = FACE_BOUND('',#6564,.F.);
#6564 = EDGE_LOOP('',(#6565,#6571,#6572,#6573));
#6565 = ORIENTED_EDGE('',*,*,#6566,.T.);
#6566 = EDGE_CURVE('',#5261,#4708,#6567,.T.);
#6567 = LINE('',#6568,#6569);
#6568 = CARTESIAN_POINT('',(-130.1784660126,-13.,13.401897479809));
#6569 = VECTOR('',#6570,1.);
#6570 = DIRECTION('',(0.,1.,0.));
#6571 = ORIENTED_EDGE('',*,*,#4715,.T.);
#6572 = ORIENTED_EDGE('',*,*,#6549,.F.);
#6573 = ORIENTED_EDGE('',*,*,#5268,.F.);
#6574 = PLANE('',#6575);
#6575 = AXIS2_PLACEMENT_3D('',#6576,#6577,#6578);
#6576 = CARTESIAN_POINT('',(-130.1784660126,-13.,13.401897479809));
#6577 = DIRECTION('',(0.195062144528,0.,-0.980790884833));
#6578 = DIRECTION('',(0.980790884833,0.,0.195062144528));
#6579 = ADVANCED_FACE('',(#6580),#6591,.F.);
#6580 = FACE_BOUND('',#6581,.F.);
#6581 = EDGE_LOOP('',(#6582,#6588,#6589,#6590));
#6582 = ORIENTED_EDGE('',*,*,#6583,.T.);
#6583 = EDGE_CURVE('',#5253,#4700,#6584,.T.);
#6584 = LINE('',#6585,#6586);
#6585 = CARTESIAN_POINT('',(-130.2353910872,-13.,13.390616417975));
#6586 = VECTOR('',#6587,1.);
#6587 = DIRECTION('',(0.,1.,0.));
#6588 = ORIENTED_EDGE('',*,*,#4707,.T.);
#6589 = ORIENTED_EDGE('',*,*,#6566,.F.);
#6590 = ORIENTED_EDGE('',*,*,#5260,.F.);
#6591 = PLANE('',#6592);
#6592 = AXIS2_PLACEMENT_3D('',#6593,#6594,#6595);
#6593 = CARTESIAN_POINT('',(-130.2353910872,-13.,13.390616417975));
#6594 = DIRECTION('',(0.194393426192,0.,-0.980923644252));
#6595 = DIRECTION('',(0.980923644252,0.,0.194393426192));
#6596 = ADVANCED_FACE('',(#6597),#6608,.F.);
#6597 = FACE_BOUND('',#6598,.F.);
#6598 = EDGE_LOOP('',(#6599,#6605,#6606,#6607));
#6599 = ORIENTED_EDGE('',*,*,#6600,.T.);
#6600 = EDGE_CURVE('',#5245,#4692,#6601,.T.);
#6601 = LINE('',#6602,#6603);
#6602 = CARTESIAN_POINT('',(-130.2923238396,-13.,13.379374168525));
#6603 = VECTOR('',#6604,1.);
#6604 = DIRECTION('',(0.,1.,0.));
#6605 = ORIENTED_EDGE('',*,*,#4699,.T.);
#6606 = ORIENTED_EDGE('',*,*,#6583,.F.);
#6607 = ORIENTED_EDGE('',*,*,#5252,.F.);
#6608 = PLANE('',#6609);
#6609 = AXIS2_PLACEMENT_3D('',#6610,#6611,#6612);
#6610 = CARTESIAN_POINT('',(-130.2923238396,-13.,13.379374168525));
#6611 = DIRECTION('',(0.193724617499,0.,-0.981055947729));
#6612 = DIRECTION('',(0.981055947729,0.,0.193724617499));
#6613 = ADVANCED_FACE('',(#6614),#6625,.F.);
#6614 = FACE_BOUND('',#6615,.F.);
#6615 = EDGE_LOOP('',(#6616,#6622,#6623,#6624));
#6616 = ORIENTED_EDGE('',*,*,#6617,.T.);
#6617 = EDGE_CURVE('',#5237,#4684,#6618,.T.);
#6618 = LINE('',#6619,#6620);
#6619 = CARTESIAN_POINT('',(-130.3492642434,-13.,13.368170736683));
#6620 = VECTOR('',#6621,1.);
#6621 = DIRECTION('',(0.,1.,0.));
#6622 = ORIENTED_EDGE('',*,*,#4691,.T.);
#6623 = ORIENTED_EDGE('',*,*,#6600,.F.);
#6624 = ORIENTED_EDGE('',*,*,#5244,.F.);
#6625 = PLANE('',#6626);
#6626 = AXIS2_PLACEMENT_3D('',#6627,#6628,#6629);
#6627 = CARTESIAN_POINT('',(-130.3492642434,-13.,13.368170736683));
#6628 = DIRECTION('',(0.193055718761,0.,-0.981187795202));
#6629 = DIRECTION('',(0.981187795202,0.,0.193055718761));
#6630 = ADVANCED_FACE('',(#6631),#6642,.F.);
#6631 = FACE_BOUND('',#6632,.F.);
#6632 = EDGE_LOOP('',(#6633,#6639,#6640,#6641));
#6633 = ORIENTED_EDGE('',*,*,#6634,.T.);
#6634 = EDGE_CURVE('',#5229,#4676,#6635,.T.);
#6635 = LINE('',#6636,#6637);
#6636 = CARTESIAN_POINT('',(-130.4062122722,-13.,13.357006127658));
#6637 = VECTOR('',#6638,1.);
#6638 = DIRECTION('',(0.,1.,0.));
#6639 = ORIENTED_EDGE('',*,*,#4683,.T.);
#6640 = ORIENTED_EDGE('',*,*,#6617,.F.);
#6641 = ORIENTED_EDGE('',*,*,#5236,.F.);
#6642 = PLANE('',#6643);
#6643 = AXIS2_PLACEMENT_3D('',#6644,#6645,#6646);
#6644 = CARTESIAN_POINT('',(-130.4062122722,-13.,13.357006127658));
#6645 = DIRECTION('',(0.19238673029,0.,-0.98131918661));
#6646 = DIRECTION('',(0.98131918661,0.,0.19238673029));
#6647 = ADVANCED_FACE('',(#6648),#6659,.F.);
#6648 = FACE_BOUND('',#6649,.F.);
#6649 = EDGE_LOOP('',(#6650,#6656,#6657,#6658));
#6650 = ORIENTED_EDGE('',*,*,#6651,.T.);
#6651 = EDGE_CURVE('',#5221,#4668,#6652,.T.);
#6652 = LINE('',#6653,#6654);
#6653 = CARTESIAN_POINT('',(-130.4631678994,-13.,13.345880346639));
#6654 = VECTOR('',#6655,1.);
#6655 = DIRECTION('',(0.,1.,0.));
#6656 = ORIENTED_EDGE('',*,*,#4675,.T.);
#6657 = ORIENTED_EDGE('',*,*,#6634,.F.);
#6658 = ORIENTED_EDGE('',*,*,#5228,.F.);
#6659 = PLANE('',#6660);
#6660 = AXIS2_PLACEMENT_3D('',#6661,#6662,#6663);
#6661 = CARTESIAN_POINT('',(-130.4631678994,-13.,13.345880346639));
#6662 = DIRECTION('',(0.191717652395,0.,-0.981450121891));
#6663 = DIRECTION('',(0.981450121891,0.,0.191717652395));
#6664 = ADVANCED_FACE('',(#6665),#6676,.F.);
#6665 = FACE_BOUND('',#6666,.F.);
#6666 = EDGE_LOOP('',(#6667,#6673,#6674,#6675));
#6667 = ORIENTED_EDGE('',*,*,#6668,.T.);
#6668 = EDGE_CURVE('',#5213,#4660,#6669,.T.);
#6669 = LINE('',#6670,#6671);
#6670 = CARTESIAN_POINT('',(-130.5201310986,-13.,13.334793398797));
#6671 = VECTOR('',#6672,1.);
#6672 = DIRECTION('',(0.,1.,0.));
#6673 = ORIENTED_EDGE('',*,*,#4667,.T.);
#6674 = ORIENTED_EDGE('',*,*,#6651,.F.);
#6675 = ORIENTED_EDGE('',*,*,#5220,.F.);
#6676 = PLANE('',#6677);
#6677 = AXIS2_PLACEMENT_3D('',#6678,#6679,#6680);
#6678 = CARTESIAN_POINT('',(-130.5201310986,-13.,13.334793398797));
#6679 = DIRECTION('',(0.191048485388,0.,-0.981580600986));
#6680 = DIRECTION('',(0.981580600986,0.,0.191048485388));
#6681 = ADVANCED_FACE('',(#6682),#6693,.F.);
#6682 = FACE_BOUND('',#6683,.F.);
#6683 = EDGE_LOOP('',(#6684,#6690,#6691,#6692));
#6684 = ORIENTED_EDGE('',*,*,#6685,.T.);
#6685 = EDGE_CURVE('',#5205,#4652,#6686,.T.);
#6686 = LINE('',#6687,#6688);
#6687 = CARTESIAN_POINT('',(-130.5771018432,-13.,13.323745289285));
#6688 = VECTOR('',#6689,1.);
#6689 = DIRECTION('',(0.,1.,0.));
#6690 = ORIENTED_EDGE('',*,*,#4659,.T.);
#6691 = ORIENTED_EDGE('',*,*,#6668,.F.);
#6692 = ORIENTED_EDGE('',*,*,#5212,.F.);
#6693 = PLANE('',#6694);
#6694 = AXIS2_PLACEMENT_3D('',#6695,#6696,#6697);
#6695 = CARTESIAN_POINT('',(-130.5771018432,-13.,13.323745289285));
#6696 = DIRECTION('',(0.190379229579,0.,-0.981710623832));
#6697 = DIRECTION('',(0.981710623832,0.,0.190379229579));
#6698 = ADVANCED_FACE('',(#6699),#6710,.F.);
#6699 = FACE_BOUND('',#6700,.F.);
#6700 = EDGE_LOOP('',(#6701,#6707,#6708,#6709));
#6701 = ORIENTED_EDGE('',*,*,#6702,.T.);
#6702 = EDGE_CURVE('',#5197,#4644,#6703,.T.);
#6703 = LINE('',#6704,#6705);
#6704 = CARTESIAN_POINT('',(-130.6340801069,-13.,13.31273602324));
#6705 = VECTOR('',#6706,1.);
#6706 = DIRECTION('',(0.,1.,0.));
#6707 = ORIENTED_EDGE('',*,*,#4651,.T.);
#6708 = ORIENTED_EDGE('',*,*,#6685,.F.);
#6709 = ORIENTED_EDGE('',*,*,#5204,.F.);
#6710 = PLANE('',#6711);
#6711 = AXIS2_PLACEMENT_3D('',#6712,#6713,#6714);
#6712 = CARTESIAN_POINT('',(-130.6340801069,-13.,13.31273602324));
#6713 = DIRECTION('',(0.189709885281,0.,-0.98184019037));
#6714 = DIRECTION('',(0.98184019037,0.,0.189709885281));
#6715 = ADVANCED_FACE('',(#6716),#6727,.F.);
#6716 = FACE_BOUND('',#6717,.F.);
#6717 = EDGE_LOOP('',(#6718,#6724,#6725,#6726));
#6718 = ORIENTED_EDGE('',*,*,#6719,.T.);
#6719 = EDGE_CURVE('',#5189,#4636,#6720,.T.);
#6720 = LINE('',#6721,#6722);
#6721 = CARTESIAN_POINT('',(-130.6910658632,-13.,13.301765605778));
#6722 = VECTOR('',#6723,1.);
#6723 = DIRECTION('',(0.,1.,0.));
#6724 = ORIENTED_EDGE('',*,*,#4643,.T.);
#6725 = ORIENTED_EDGE('',*,*,#6702,.F.);
#6726 = ORIENTED_EDGE('',*,*,#5196,.F.);
#6727 = PLANE('',#6728);
#6728 = AXIS2_PLACEMENT_3D('',#6729,#6730,#6731);
#6729 = CARTESIAN_POINT('',(-130.6910658632,-13.,13.301765605778));
#6730 = DIRECTION('',(0.189040452804,0.,-0.98196930054));
#6731 = DIRECTION('',(0.98196930054,0.,0.189040452804));
#6732 = ADVANCED_FACE('',(#6733),#6744,.F.);
#6733 = FACE_BOUND('',#6734,.F.);
#6734 = EDGE_LOOP('',(#6735,#6741,#6742,#6743));
#6735 = ORIENTED_EDGE('',*,*,#6736,.T.);
#6736 = EDGE_CURVE('',#5181,#4628,#6737,.T.);
#6737 = LINE('',#6738,#6739);
#6738 = CARTESIAN_POINT('',(-130.7480590855,-13.,13.290834041998));
#6739 = VECTOR('',#6740,1.);
#6740 = DIRECTION('',(0.,1.,0.));
#6741 = ORIENTED_EDGE('',*,*,#4635,.T.);
#6742 = ORIENTED_EDGE('',*,*,#6719,.F.);
#6743 = ORIENTED_EDGE('',*,*,#5188,.F.);
#6744 = PLANE('',#6745);
#6745 = AXIS2_PLACEMENT_3D('',#6746,#6747,#6748);
#6746 = CARTESIAN_POINT('',(-130.7480590855,-13.,13.290834041998));
#6747 = DIRECTION('',(0.188370932459,0.,-0.982097954282));
#6748 = DIRECTION('',(0.982097954282,0.,0.188370932459));
#6749 = ADVANCED_FACE('',(#6750),#6761,.F.);
#6750 = FACE_BOUND('',#6751,.F.);
#6751 = EDGE_LOOP('',(#6752,#6758,#6759,#6760));
#6752 = ORIENTED_EDGE('',*,*,#6753,.T.);
#6753 = EDGE_CURVE('',#5173,#4620,#6754,.T.);
#6754 = LINE('',#6755,#6756);
#6755 = CARTESIAN_POINT('',(-130.8050597473,-13.,13.279941336981));
#6756 = VECTOR('',#6757,1.);
#6757 = DIRECTION('',(0.,1.,0.));
#6758 = ORIENTED_EDGE('',*,*,#4627,.T.);
#6759 = ORIENTED_EDGE('',*,*,#6736,.F.);
#6760 = ORIENTED_EDGE('',*,*,#5180,.F.);
#6761 = PLANE('',#6762);
#6762 = AXIS2_PLACEMENT_3D('',#6763,#6764,#6765);
#6763 = CARTESIAN_POINT('',(-130.8050597473,-13.,13.279941336981));
#6764 = DIRECTION('',(0.187701324558,0.,-0.982226151535));
#6765 = DIRECTION('',(0.982226151535,0.,0.187701324558));
#6766 = ADVANCED_FACE('',(#6767),#6773,.F.);
#6767 = FACE_BOUND('',#6768,.F.);
#6768 = EDGE_LOOP('',(#6769,#6770,#6771,#6772));
#6769 = ORIENTED_EDGE('',*,*,#5148,.T.);
#6770 = ORIENTED_EDGE('',*,*,#4619,.T.);
#6771 = ORIENTED_EDGE('',*,*,#6753,.F.);
#6772 = ORIENTED_EDGE('',*,*,#5172,.F.);
#6773 = PLANE('',#6774);
#6774 = AXIS2_PLACEMENT_3D('',#6775,#6776,#6777);
#6775 = CARTESIAN_POINT('',(-130.8620678222,-13.,13.26908749579));
#6776 = DIRECTION('',(0.187031629411,0.,-0.98235389224));
#6777 = DIRECTION('',(0.98235389224,0.,0.187031629411));
#6778 = ( GEOMETRIC_REPRESENTATION_CONTEXT(3) 
GLOBAL_UNCERTAINTY_ASSIGNED_CONTEXT((#6782)) 
GLOBAL_UNIT_ASSIGNED_CONTEXT((#6779,#6780,#6781)) REPRESENTATION_CONTEXT
('Context #1','3D Context with UNIT and UNCERTAINTY') );
#6779 = ( LENGTH_UNIT() NAMED_UNIT(*) SI_UNIT(.MILLI.,.METRE.) );
#6780 = ( NAMED_UNIT(*) PLANE_ANGLE_UNIT() SI_UNIT($,.RADIAN.) );
#6781 = ( NAMED_UNIT(*) SI_UNIT($,.STERADIAN.) SOLID_ANGLE_UNIT() );
#6782 = UNCERTAINTY_MEASURE_WITH_UNIT(LENGTH_MEASURE(1.E-07),#6779,
  'distance_accuracy_value','confusion accuracy');
#6783 = PRODUCT_RELATED_PRODUCT_CATEGORY('part',$,(#7));
ENDSEC;
END-ISO-10303-21;
