ISO-10303-21;
HEADER;
FILE_DESCRIPTION(('FreeCAD Model'),'2;1');
FILE_NAME('Open CASCADE Shape Model','2026-09-18T13:58:41',('FreeCAD'),(
    'FreeCAD'),'Open CASCADE STEP processor 7.8','FreeCAD','Unknown');
FILE_SCHEMA(('AUTOMOTIVE_DESIGN { 1 0 10303 214 1 1 1 1 }'));
ENDSEC;
DATA;
#1 = APPLICATION_PROTOCOL_DEFINITION('international standard',
  'automotive_design',2000,#2);
#2 = APPLICATION_CONTEXT(
  'core data for automotive mechanical design processes');
#3 = SHAPE_DEFINITION_REPRESENTATION(#4,#10);
#4 = PRODUCT_DEFINITION_SHAPE('','',#5);
#5 = PRODUCT_DEFINITION('design','',#6,#9);
#6 = PRODUCT_DEFINITION_FORMATION('','',#7);
#7 = PRODUCT('Open CASCADE STEP translator 7.8 7',
  'Open CASCADE STEP translator 7.8 7','',(#8));
#8 = PRODUCT_CONTEXT('',#2,'mechanical');
#9 = PRODUCT_DEFINITION_CONTEXT('part definition',#2,'design');
#10 = ADVANCED_BREP_SHAPE_REPRESENTATION('',(#11,#15),#5191);
#11 = AXIS2_PLACEMENT_3D('',#12,#13,#14);
#12 = CARTESIAN_POINT('',(0.,0.,0.));
#13 = DIRECTION('',(0.,0.,1.));
#14 = DIRECTION('',(1.,0.,-0.));
#15 = MANIFOLD_SOLID_BREP('',#16);
#16 = CLOSED_SHELL('',(#17,#57,#90,#123,#274,#1287,#1363,#1380,#1412,
    #1437,#1461,#1486,#1510,#1535,#1559,#1584,#1609,#1660,#1677,#1694,
    #1706,#1757,#1816,#1847,#1871,#1895,#1912,#1943,#1967,#1991,#2008,
    #2039,#2063,#2087,#2104,#2135,#2159,#2183,#2200,#2259,#2290,#2314,
    #2338,#2355,#2386,#2410,#2434,#2451,#2482,#2506,#2530,#2547,#2578,
    #2602,#2626,#2643,#2674,#2698,#2722,#2739,#2770,#2794,#2818,#2835,
    #2866,#2890,#2914,#2931,#2962,#2986,#3010,#3027,#3058,#3082,#3106,
    #3123,#3154,#3178,#3202,#3219,#3250,#3274,#3298,#3315,#3346,#3370,
    #3394,#3411,#3442,#3466,#3490,#3507,#3566,#3597,#3621,#3645,#3662,
    #3693,#3717,#3741,#3758,#3789,#3813,#3837,#3854,#3885,#3909,#3933,
    #3950,#3981,#4005,#4029,#4046,#4077,#4101,#4125,#4142,#4173,#4197,
    #4221,#4238,#4269,#4293,#4317,#4334,#4365,#4389,#4413,#4430,#4461,
    #4485,#4509,#4526,#4585,#4609,#4668,#4692,#4751,#4768,#4867,#4879,
    #4889,#4901,#4911,#5111,#5123,#5135,#5147,#5159,#5171,#5181));
#17 = ADVANCED_FACE('',(#18),#52,.F.);
#18 = FACE_BOUND('',#19,.F.);
#19 = EDGE_LOOP('',(#20,#30,#38,#46));
#20 = ORIENTED_EDGE('',*,*,#21,.T.);
#21 = EDGE_CURVE('',#22,#24,#26,.T.);
#22 = VERTEX_POINT('',#23);
#23 = CARTESIAN_POINT('',(-42.4,-67.195,40.));
#24 = VERTEX_POINT('',#25);
#25 = CARTESIAN_POINT('',(-42.4,-67.195,43.));
#26 = LINE('',#27,#28);
#27 = CARTESIAN_POINT('',(-42.4,-67.195,40.));
#28 = VECTOR('',#29,1.);
#29 = DIRECTION('',(0.,0.,1.));
#30 = ORIENTED_EDGE('',*,*,#31,.T.);
#31 = EDGE_CURVE('',#24,#32,#34,.T.);
#32 = VERTEX_POINT('',#33);
#33 = CARTESIAN_POINT('',(42.4,-67.195,43.));
#34 = LINE('',#35,#36);
#35 = CARTESIAN_POINT('',(-42.4,-67.195,43.));
#36 = VECTOR('',#37,1.);
#37 = DIRECTION('',(1.,0.,0.));
#38 = ORIENTED_EDGE('',*,*,#39,.F.);
#39 = EDGE_CURVE('',#40,#32,#42,.T.);
#40 = VERTEX_POINT('',#41);
#41 = CARTESIAN_POINT('',(42.4,-67.195,40.));
#42 = LINE('',#43,#44);
#43 = CARTESIAN_POINT('',(42.4,-67.195,40.));
#44 = VECTOR('',#45,1.);
#45 = DIRECTION('',(0.,0.,1.));
#46 = ORIENTED_EDGE('',*,*,#47,.F.);
#47 = EDGE_CURVE('',#22,#40,#48,.T.);
#48 = LINE('',#49,#50);
#49 = CARTESIAN_POINT('',(-42.4,-67.195,40.));
#50 = VECTOR('',#51,1.);
#51 = DIRECTION('',(1.,0.,0.));
#52 = PLANE('',#53);
#53 = AXIS2_PLACEMENT_3D('',#54,#55,#56);
#54 = CARTESIAN_POINT('',(-42.4,-67.195,40.));
#55 = DIRECTION('',(0.,1.,0.));
#56 = DIRECTION('',(1.,0.,0.));
#57 = ADVANCED_FACE('',(#58),#85,.T.);
#58 = FACE_BOUND('',#59,.F.);
#59 = EDGE_LOOP('',(#60,#70,#77,#78));
#60 = ORIENTED_EDGE('',*,*,#61,.T.);
#61 = EDGE_CURVE('',#62,#64,#66,.T.);
#62 = VERTEX_POINT('',#63);
#63 = CARTESIAN_POINT('',(-48.,-61.595,40.));
#64 = VERTEX_POINT('',#65);
#65 = CARTESIAN_POINT('',(-48.,-61.595,43.));
#66 = LINE('',#67,#68);
#67 = CARTESIAN_POINT('',(-48.,-61.595,40.));
#68 = VECTOR('',#69,1.);
#69 = DIRECTION('',(0.,0.,1.));
#70 = ORIENTED_EDGE('',*,*,#71,.T.);
#71 = EDGE_CURVE('',#64,#24,#72,.T.);
#72 = CIRCLE('',#73,5.6);
#73 = AXIS2_PLACEMENT_3D('',#74,#75,#76);
#74 = CARTESIAN_POINT('',(-42.4,-61.595,43.));
#75 = DIRECTION('',(0.,0.,1.));
#76 = DIRECTION('',(-1.,0.,0.));
#77 = ORIENTED_EDGE('',*,*,#21,.F.);
#78 = ORIENTED_EDGE('',*,*,#79,.F.);
#79 = EDGE_CURVE('',#62,#22,#80,.T.);
#80 = CIRCLE('',#81,5.6);
#81 = AXIS2_PLACEMENT_3D('',#82,#83,#84);
#82 = CARTESIAN_POINT('',(-42.4,-61.595,40.));
#83 = DIRECTION('',(0.,0.,1.));
#84 = DIRECTION('',(-1.,0.,0.));
#85 = CYLINDRICAL_SURFACE('',#86,5.6);
#86 = AXIS2_PLACEMENT_3D('',#87,#88,#89);
#87 = CARTESIAN_POINT('',(-42.4,-61.595,40.));
#88 = DIRECTION('',(-0.,-0.,-1.));
#89 = DIRECTION('',(-1.,0.,0.));
#90 = ADVANCED_FACE('',(#91),#118,.T.);
#91 = FACE_BOUND('',#92,.F.);
#92 = EDGE_LOOP('',(#93,#94,#103,#111));
#93 = ORIENTED_EDGE('',*,*,#39,.T.);
#94 = ORIENTED_EDGE('',*,*,#95,.T.);
#95 = EDGE_CURVE('',#32,#96,#98,.T.);
#96 = VERTEX_POINT('',#97);
#97 = CARTESIAN_POINT('',(48.,-61.595,43.));
#98 = CIRCLE('',#99,5.6);
#99 = AXIS2_PLACEMENT_3D('',#100,#101,#102);
#100 = CARTESIAN_POINT('',(42.4,-61.595,43.));
#101 = DIRECTION('',(0.,0.,1.));
#102 = DIRECTION('',(0.,-1.,0.));
#103 = ORIENTED_EDGE('',*,*,#104,.F.);
#104 = EDGE_CURVE('',#105,#96,#107,.T.);
#105 = VERTEX_POINT('',#106);
#106 = CARTESIAN_POINT('',(48.,-61.595,40.));
#107 = LINE('',#108,#109);
#108 = CARTESIAN_POINT('',(48.,-61.595,40.));
#109 = VECTOR('',#110,1.);
#110 = DIRECTION('',(0.,0.,1.));
#111 = ORIENTED_EDGE('',*,*,#112,.F.);
#112 = EDGE_CURVE('',#40,#105,#113,.T.);
#113 = CIRCLE('',#114,5.6);
#114 = AXIS2_PLACEMENT_3D('',#115,#116,#117);
#115 = CARTESIAN_POINT('',(42.4,-61.595,40.));
#116 = DIRECTION('',(0.,0.,1.));
#117 = DIRECTION('',(0.,-1.,0.));
#118 = CYLINDRICAL_SURFACE('',#119,5.6);
#119 = AXIS2_PLACEMENT_3D('',#120,#121,#122);
#120 = CARTESIAN_POINT('',(42.4,-61.595,40.));
#121 = DIRECTION('',(-0.,-0.,-1.));
#122 = DIRECTION('',(0.,-1.,0.));
#123 = ADVANCED_FACE('',(#124),#269,.F.);
#124 = FACE_BOUND('',#125,.F.);
#125 = EDGE_LOOP('',(#126,#136,#144,#150,#151,#152,#153,#161,#170,#178,
    #187,#195,#203,#211,#220,#228,#237,#245,#254,#262));
#126 = ORIENTED_EDGE('',*,*,#127,.T.);
#127 = EDGE_CURVE('',#128,#130,#132,.T.);
#128 = VERTEX_POINT('',#129);
#129 = CARTESIAN_POINT('',(-44.7,-60.095,40.));
#130 = VERTEX_POINT('',#131);
#131 = CARTESIAN_POINT('',(-44.7,2.265,40.));
#132 = LINE('',#133,#134);
#133 = CARTESIAN_POINT('',(-44.7,30.0475,40.));
#134 = VECTOR('',#135,1.);
#135 = DIRECTION('',(-0.,1.,0.));
#136 = ORIENTED_EDGE('',*,*,#137,.T.);
#137 = EDGE_CURVE('',#130,#138,#140,.T.);
#138 = VERTEX_POINT('',#139);
#139 = CARTESIAN_POINT('',(-48.,2.265,40.));
#140 = LINE('',#141,#142);
#141 = CARTESIAN_POINT('',(-44.,2.265,40.));
#142 = VECTOR('',#143,1.);
#143 = DIRECTION('',(-1.,0.,0.));
#144 = ORIENTED_EDGE('',*,*,#145,.T.);
#145 = EDGE_CURVE('',#138,#62,#146,.T.);
#146 = LINE('',#147,#148);
#147 = CARTESIAN_POINT('',(-48.,61.595,40.));
#148 = VECTOR('',#149,1.);
#149 = DIRECTION('',(0.,-1.,0.));
#150 = ORIENTED_EDGE('',*,*,#79,.T.);
#151 = ORIENTED_EDGE('',*,*,#47,.T.);
#152 = ORIENTED_EDGE('',*,*,#112,.T.);
#153 = ORIENTED_EDGE('',*,*,#154,.T.);
#154 = EDGE_CURVE('',#105,#155,#157,.T.);
#155 = VERTEX_POINT('',#156);
#156 = CARTESIAN_POINT('',(48.,61.595,40.));
#157 = LINE('',#158,#159);
#158 = CARTESIAN_POINT('',(48.,-61.595,40.));
#159 = VECTOR('',#160,1.);
#160 = DIRECTION('',(0.,1.,0.));
#161 = ORIENTED_EDGE('',*,*,#162,.T.);
#162 = EDGE_CURVE('',#155,#163,#165,.T.);
#163 = VERTEX_POINT('',#164);
#164 = CARTESIAN_POINT('',(42.4,67.195,40.));
#165 = CIRCLE('',#166,5.6);
#166 = AXIS2_PLACEMENT_3D('',#167,#168,#169);
#167 = CARTESIAN_POINT('',(42.4,61.595,40.));
#168 = DIRECTION('',(0.,0.,1.));
#169 = DIRECTION('',(1.,0.,-0.));
#170 = ORIENTED_EDGE('',*,*,#171,.T.);
#171 = EDGE_CURVE('',#163,#172,#174,.T.);
#172 = VERTEX_POINT('',#173);
#173 = CARTESIAN_POINT('',(-42.4,67.195,40.));
#174 = LINE('',#175,#176);
#175 = CARTESIAN_POINT('',(42.4,67.195,40.));
#176 = VECTOR('',#177,1.);
#177 = DIRECTION('',(-1.,0.,0.));
#178 = ORIENTED_EDGE('',*,*,#179,.T.);
#179 = EDGE_CURVE('',#172,#180,#182,.T.);
#180 = VERTEX_POINT('',#181);
#181 = CARTESIAN_POINT('',(-48.,61.595,40.));
#182 = CIRCLE('',#183,5.6);
#183 = AXIS2_PLACEMENT_3D('',#184,#185,#186);
#184 = CARTESIAN_POINT('',(-42.4,61.595,40.));
#185 = DIRECTION('',(0.,-0.,1.));
#186 = DIRECTION('',(0.,1.,0.));
#187 = ORIENTED_EDGE('',*,*,#188,.T.);
#188 = EDGE_CURVE('',#180,#189,#191,.T.);
#189 = VERTEX_POINT('',#190);
#190 = CARTESIAN_POINT('',(-48.,22.105,40.));
#191 = LINE('',#192,#193);
#192 = CARTESIAN_POINT('',(-48.,61.595,40.));
#193 = VECTOR('',#194,1.);
#194 = DIRECTION('',(0.,-1.,0.));
#195 = ORIENTED_EDGE('',*,*,#196,.F.);
#196 = EDGE_CURVE('',#197,#189,#199,.T.);
#197 = VERTEX_POINT('',#198);
#198 = CARTESIAN_POINT('',(-44.7,22.105,40.));
#199 = LINE('',#200,#201);
#200 = CARTESIAN_POINT('',(-44.,22.105,40.));
#201 = VECTOR('',#202,1.);
#202 = DIRECTION('',(-1.,0.,0.));
#203 = ORIENTED_EDGE('',*,*,#204,.T.);
#204 = EDGE_CURVE('',#197,#205,#207,.T.);
#205 = VERTEX_POINT('',#206);
#206 = CARTESIAN_POINT('',(-44.7,60.095,40.));
#207 = LINE('',#208,#209);
#208 = CARTESIAN_POINT('',(-44.7,30.0475,40.));
#209 = VECTOR('',#210,1.);
#210 = DIRECTION('',(-0.,1.,0.));
#211 = ORIENTED_EDGE('',*,*,#212,.T.);
#212 = EDGE_CURVE('',#205,#213,#215,.T.);
#213 = VERTEX_POINT('',#214);
#214 = CARTESIAN_POINT('',(-40.9,63.895,40.));
#215 = CIRCLE('',#216,3.8);
#216 = AXIS2_PLACEMENT_3D('',#217,#218,#219);
#217 = CARTESIAN_POINT('',(-40.9,60.095,40.));
#218 = DIRECTION('',(-0.,0.,-1.));
#219 = DIRECTION('',(-5.609547913896E-15,1.,0.));
#220 = ORIENTED_EDGE('',*,*,#221,.T.);
#221 = EDGE_CURVE('',#213,#222,#224,.T.);
#222 = VERTEX_POINT('',#223);
#223 = CARTESIAN_POINT('',(40.9,63.895,40.));
#224 = LINE('',#225,#226);
#225 = CARTESIAN_POINT('',(20.45,63.895,40.));
#226 = VECTOR('',#227,1.);
#227 = DIRECTION('',(1.,0.,-0.));
#228 = ORIENTED_EDGE('',*,*,#229,.T.);
#229 = EDGE_CURVE('',#222,#230,#232,.T.);
#230 = VERTEX_POINT('',#231);
#231 = CARTESIAN_POINT('',(44.7,60.095,40.));
#232 = CIRCLE('',#233,3.8);
#233 = AXIS2_PLACEMENT_3D('',#234,#235,#236);
#234 = CARTESIAN_POINT('',(40.9,60.095,40.));
#235 = DIRECTION('',(0.,-0.,-1.));
#236 = DIRECTION('',(1.,5.609547913896E-15,-0.));
#237 = ORIENTED_EDGE('',*,*,#238,.T.);
#238 = EDGE_CURVE('',#230,#239,#241,.T.);
#239 = VERTEX_POINT('',#240);
#240 = CARTESIAN_POINT('',(44.7,-60.095,40.));
#241 = LINE('',#242,#243);
#242 = CARTESIAN_POINT('',(44.7,-30.0475,40.));
#243 = VECTOR('',#244,1.);
#244 = DIRECTION('',(0.,-1.,0.));
#245 = ORIENTED_EDGE('',*,*,#246,.T.);
#246 = EDGE_CURVE('',#239,#247,#249,.T.);
#247 = VERTEX_POINT('',#248);
#248 = CARTESIAN_POINT('',(40.9,-63.895,40.));
#249 = CIRCLE('',#250,3.8);
#250 = AXIS2_PLACEMENT_3D('',#251,#252,#253);
#251 = CARTESIAN_POINT('',(40.9,-60.095,40.));
#252 = DIRECTION('',(0.,-0.,-1.));
#253 = DIRECTION('',(5.609547913896E-15,-1.,0.));
#254 = ORIENTED_EDGE('',*,*,#255,.T.);
#255 = EDGE_CURVE('',#247,#256,#258,.T.);
#256 = VERTEX_POINT('',#257);
#257 = CARTESIAN_POINT('',(-40.9,-63.895,40.));
#258 = LINE('',#259,#260);
#259 = CARTESIAN_POINT('',(-20.45,-63.895,40.));
#260 = VECTOR('',#261,1.);
#261 = DIRECTION('',(-1.,0.,0.));
#262 = ORIENTED_EDGE('',*,*,#263,.T.);
#263 = EDGE_CURVE('',#256,#128,#264,.T.);
#264 = CIRCLE('',#265,3.8);
#265 = AXIS2_PLACEMENT_3D('',#266,#267,#268);
#266 = CARTESIAN_POINT('',(-40.9,-60.095,40.));
#267 = DIRECTION('',(-0.,0.,-1.));
#268 = DIRECTION('',(-1.,-5.609547913896E-15,0.));
#269 = PLANE('',#270);
#270 = AXIS2_PLACEMENT_3D('',#271,#272,#273);
#271 = CARTESIAN_POINT('',(-2.332928680119E-15,4.918065866197E-15,40.));
#272 = DIRECTION('',(0.,0.,1.));
#273 = DIRECTION('',(1.,0.,-0.));
#274 = ADVANCED_FACE('',(#275,#320,#331,#365,#399,#433,#467,#478,#512,
    #546,#580,#614,#648,#682,#716,#750,#784,#818,#852,#886,#920,#931,
    #965,#999,#1033,#1067,#1101,#1135,#1169,#1203,#1237,#1271),#1282,.T.
  );
#275 = FACE_BOUND('',#276,.T.);
#276 = EDGE_LOOP('',(#277,#278,#279,#287,#296,#304,#313,#319));
#277 = ORIENTED_EDGE('',*,*,#31,.T.);
#278 = ORIENTED_EDGE('',*,*,#95,.T.);
#279 = ORIENTED_EDGE('',*,*,#280,.T.);
#280 = EDGE_CURVE('',#96,#281,#283,.T.);
#281 = VERTEX_POINT('',#282);
#282 = CARTESIAN_POINT('',(48.,61.595,43.));
#283 = LINE('',#284,#285);
#284 = CARTESIAN_POINT('',(48.,-61.595,43.));
#285 = VECTOR('',#286,1.);
#286 = DIRECTION('',(0.,1.,0.));
#287 = ORIENTED_EDGE('',*,*,#288,.T.);
#288 = EDGE_CURVE('',#281,#289,#291,.T.);
#289 = VERTEX_POINT('',#290);
#290 = CARTESIAN_POINT('',(42.4,67.195,43.));
#291 = CIRCLE('',#292,5.6);
#292 = AXIS2_PLACEMENT_3D('',#293,#294,#295);
#293 = CARTESIAN_POINT('',(42.4,61.595,43.));
#294 = DIRECTION('',(0.,0.,1.));
#295 = DIRECTION('',(1.,0.,-0.));
#296 = ORIENTED_EDGE('',*,*,#297,.T.);
#297 = EDGE_CURVE('',#289,#298,#300,.T.);
#298 = VERTEX_POINT('',#299);
#299 = CARTESIAN_POINT('',(-42.4,67.195,43.));
#300 = LINE('',#301,#302);
#301 = CARTESIAN_POINT('',(42.4,67.195,43.));
#302 = VECTOR('',#303,1.);
#303 = DIRECTION('',(-1.,0.,0.));
#304 = ORIENTED_EDGE('',*,*,#305,.T.);
#305 = EDGE_CURVE('',#298,#306,#308,.T.);
#306 = VERTEX_POINT('',#307);
#307 = CARTESIAN_POINT('',(-48.,61.595,43.));
#308 = CIRCLE('',#309,5.6);
#309 = AXIS2_PLACEMENT_3D('',#310,#311,#312);
#310 = CARTESIAN_POINT('',(-42.4,61.595,43.));
#311 = DIRECTION('',(0.,-0.,1.));
#312 = DIRECTION('',(0.,1.,0.));
#313 = ORIENTED_EDGE('',*,*,#314,.T.);
#314 = EDGE_CURVE('',#306,#64,#315,.T.);
#315 = LINE('',#316,#317);
#316 = CARTESIAN_POINT('',(-48.,61.595,43.));
#317 = VECTOR('',#318,1.);
#318 = DIRECTION('',(0.,-1.,0.));
#319 = ORIENTED_EDGE('',*,*,#71,.T.);
#320 = FACE_BOUND('',#321,.T.);
#321 = EDGE_LOOP('',(#322));
#322 = ORIENTED_EDGE('',*,*,#323,.F.);
#323 = EDGE_CURVE('',#324,#324,#326,.T.);
#324 = VERTEX_POINT('',#325);
#325 = CARTESIAN_POINT('',(-39.95,-60.795,43.));
#326 = CIRCLE('',#327,1.65);
#327 = AXIS2_PLACEMENT_3D('',#328,#329,#330);
#328 = CARTESIAN_POINT('',(-41.6,-60.795,43.));
#329 = DIRECTION('',(0.,0.,1.));
#330 = DIRECTION('',(1.,0.,-0.));
#331 = FACE_BOUND('',#332,.T.);
#332 = EDGE_LOOP('',(#333,#343,#351,#359));
#333 = ORIENTED_EDGE('',*,*,#334,.T.);
#334 = EDGE_CURVE('',#335,#337,#339,.T.);
#335 = VERTEX_POINT('',#336);
#336 = CARTESIAN_POINT('',(-28.5,-39.,43.));
#337 = VERTEX_POINT('',#338);
#338 = CARTESIAN_POINT('',(-31.5,-39.,43.));
#339 = LINE('',#340,#341);
#340 = CARTESIAN_POINT('',(-15.75,-39.,43.));
#341 = VECTOR('',#342,1.);
#342 = DIRECTION('',(-1.,-0.,0.));
#343 = ORIENTED_EDGE('',*,*,#344,.T.);
#344 = EDGE_CURVE('',#337,#345,#347,.T.);
#345 = VERTEX_POINT('',#346);
#346 = CARTESIAN_POINT('',(-31.5,-17.,43.));
#347 = LINE('',#348,#349);
#348 = CARTESIAN_POINT('',(-31.5,-19.5,43.));
#349 = VECTOR('',#350,1.);
#350 = DIRECTION('',(-0.,1.,0.));
#351 = ORIENTED_EDGE('',*,*,#352,.F.);
#352 = EDGE_CURVE('',#353,#345,#355,.T.);
#353 = VERTEX_POINT('',#354);
#354 = CARTESIAN_POINT('',(-28.5,-17.,43.));
#355 = LINE('',#356,#357);
#356 = CARTESIAN_POINT('',(-15.75,-17.,43.));
#357 = VECTOR('',#358,1.);
#358 = DIRECTION('',(-1.,-0.,0.));
#359 = ORIENTED_EDGE('',*,*,#360,.F.);
#360 = EDGE_CURVE('',#335,#353,#361,.T.);
#361 = LINE('',#362,#363);
#362 = CARTESIAN_POINT('',(-28.5,-19.5,43.));
#363 = VECTOR('',#364,1.);
#364 = DIRECTION('',(-0.,1.,0.));
#365 = FACE_BOUND('',#366,.T.);
#366 = EDGE_LOOP('',(#367,#377,#385,#393));
#367 = ORIENTED_EDGE('',*,*,#368,.T.);
#368 = EDGE_CURVE('',#369,#371,#373,.T.);
#369 = VERTEX_POINT('',#370);
#370 = CARTESIAN_POINT('',(-21.,-39.,43.));
#371 = VERTEX_POINT('',#372);
#372 = CARTESIAN_POINT('',(-24.,-39.,43.));
#373 = LINE('',#374,#375);
#374 = CARTESIAN_POINT('',(-12.,-39.,43.));
#375 = VECTOR('',#376,1.);
#376 = DIRECTION('',(-1.,-0.,0.));
#377 = ORIENTED_EDGE('',*,*,#378,.T.);
#378 = EDGE_CURVE('',#371,#379,#381,.T.);
#379 = VERTEX_POINT('',#380);
#380 = CARTESIAN_POINT('',(-24.,-17.,43.));
#381 = LINE('',#382,#383);
#382 = CARTESIAN_POINT('',(-24.,-19.5,43.));
#383 = VECTOR('',#384,1.);
#384 = DIRECTION('',(-0.,1.,0.));
#385 = ORIENTED_EDGE('',*,*,#386,.F.);
#386 = EDGE_CURVE('',#387,#379,#389,.T.);
#387 = VERTEX_POINT('',#388);
#388 = CARTESIAN_POINT('',(-21.,-17.,43.));
#389 = LINE('',#390,#391);
#390 = CARTESIAN_POINT('',(-12.,-17.,43.));
#391 = VECTOR('',#392,1.);
#392 = DIRECTION('',(-1.,-0.,0.));
#393 = ORIENTED_EDGE('',*,*,#394,.F.);
#394 = EDGE_CURVE('',#369,#387,#395,.T.);
#395 = LINE('',#396,#397);
#396 = CARTESIAN_POINT('',(-21.,-19.5,43.));
#397 = VECTOR('',#398,1.);
#398 = DIRECTION('',(-0.,1.,0.));
#399 = FACE_BOUND('',#400,.T.);
#400 = EDGE_LOOP('',(#401,#411,#419,#427));
#401 = ORIENTED_EDGE('',*,*,#402,.T.);
#402 = EDGE_CURVE('',#403,#405,#407,.T.);
#403 = VERTEX_POINT('',#404);
#404 = CARTESIAN_POINT('',(-13.5,-39.,43.));
#405 = VERTEX_POINT('',#406);
#406 = CARTESIAN_POINT('',(-16.5,-39.,43.));
#407 = LINE('',#408,#409);
#408 = CARTESIAN_POINT('',(-8.25,-39.,43.));
#409 = VECTOR('',#410,1.);
#410 = DIRECTION('',(-1.,-0.,0.));
#411 = ORIENTED_EDGE('',*,*,#412,.T.);
#412 = EDGE_CURVE('',#405,#413,#415,.T.);
#413 = VERTEX_POINT('',#414);
#414 = CARTESIAN_POINT('',(-16.5,-17.,43.));
#415 = LINE('',#416,#417);
#416 = CARTESIAN_POINT('',(-16.5,-19.5,43.));
#417 = VECTOR('',#418,1.);
#418 = DIRECTION('',(-0.,1.,0.));
#419 = ORIENTED_EDGE('',*,*,#420,.F.);
#420 = EDGE_CURVE('',#421,#413,#423,.T.);
#421 = VERTEX_POINT('',#422);
#422 = CARTESIAN_POINT('',(-13.5,-17.,43.));
#423 = LINE('',#424,#425);
#424 = CARTESIAN_POINT('',(-8.25,-17.,43.));
#425 = VECTOR('',#426,1.);
#426 = DIRECTION('',(-1.,-0.,0.));
#427 = ORIENTED_EDGE('',*,*,#428,.F.);
#428 = EDGE_CURVE('',#403,#421,#429,.T.);
#429 = LINE('',#430,#431);
#430 = CARTESIAN_POINT('',(-13.5,-19.5,43.));
#431 = VECTOR('',#432,1.);
#432 = DIRECTION('',(-0.,1.,0.));
#433 = FACE_BOUND('',#434,.T.);
#434 = EDGE_LOOP('',(#435,#445,#453,#461));
#435 = ORIENTED_EDGE('',*,*,#436,.T.);
#436 = EDGE_CURVE('',#437,#439,#441,.T.);
#437 = VERTEX_POINT('',#438);
#438 = CARTESIAN_POINT('',(-6.,-39.,43.));
#439 = VERTEX_POINT('',#440);
#440 = CARTESIAN_POINT('',(-9.,-39.,43.));
#441 = LINE('',#442,#443);
#442 = CARTESIAN_POINT('',(-4.5,-39.,43.));
#443 = VECTOR('',#444,1.);
#444 = DIRECTION('',(-1.,-0.,0.));
#445 = ORIENTED_EDGE('',*,*,#446,.T.);
#446 = EDGE_CURVE('',#439,#447,#449,.T.);
#447 = VERTEX_POINT('',#448);
#448 = CARTESIAN_POINT('',(-9.,-17.,43.));
#449 = LINE('',#450,#451);
#450 = CARTESIAN_POINT('',(-9.,-19.5,43.));
#451 = VECTOR('',#452,1.);
#452 = DIRECTION('',(-0.,1.,0.));
#453 = ORIENTED_EDGE('',*,*,#454,.F.);
#454 = EDGE_CURVE('',#455,#447,#457,.T.);
#455 = VERTEX_POINT('',#456);
#456 = CARTESIAN_POINT('',(-6.,-17.,43.));
#457 = LINE('',#458,#459);
#458 = CARTESIAN_POINT('',(-4.5,-17.,43.));
#459 = VECTOR('',#460,1.);
#460 = DIRECTION('',(-1.,-0.,0.));
#461 = ORIENTED_EDGE('',*,*,#462,.F.);
#462 = EDGE_CURVE('',#437,#455,#463,.T.);
#463 = LINE('',#464,#465);
#464 = CARTESIAN_POINT('',(-6.,-19.5,43.));
#465 = VECTOR('',#466,1.);
#466 = DIRECTION('',(-0.,1.,0.));
#467 = FACE_BOUND('',#468,.T.);
#468 = EDGE_LOOP('',(#469));
#469 = ORIENTED_EDGE('',*,*,#470,.F.);
#470 = EDGE_CURVE('',#471,#471,#473,.T.);
#471 = VERTEX_POINT('',#472);
#472 = CARTESIAN_POINT('',(43.25,-60.795,43.));
#473 = CIRCLE('',#474,1.65);
#474 = AXIS2_PLACEMENT_3D('',#475,#476,#477);
#475 = CARTESIAN_POINT('',(41.6,-60.795,43.));
#476 = DIRECTION('',(0.,0.,1.));
#477 = DIRECTION('',(1.,0.,-0.));
#478 = FACE_BOUND('',#479,.T.);
#479 = EDGE_LOOP('',(#480,#490,#498,#506));
#480 = ORIENTED_EDGE('',*,*,#481,.T.);
#481 = EDGE_CURVE('',#482,#484,#486,.T.);
#482 = VERTEX_POINT('',#483);
#483 = CARTESIAN_POINT('',(1.5,-39.,43.));
#484 = VERTEX_POINT('',#485);
#485 = CARTESIAN_POINT('',(-1.5,-39.,43.));
#486 = LINE('',#487,#488);
#487 = CARTESIAN_POINT('',(-0.75,-39.,43.));
#488 = VECTOR('',#489,1.);
#489 = DIRECTION('',(-1.,-0.,0.));
#490 = ORIENTED_EDGE('',*,*,#491,.T.);
#491 = EDGE_CURVE('',#484,#492,#494,.T.);
#492 = VERTEX_POINT('',#493);
#493 = CARTESIAN_POINT('',(-1.5,-17.,43.));
#494 = LINE('',#495,#496);
#495 = CARTESIAN_POINT('',(-1.5,-19.5,43.));
#496 = VECTOR('',#497,1.);
#497 = DIRECTION('',(-0.,1.,0.));
#498 = ORIENTED_EDGE('',*,*,#499,.F.);
#499 = EDGE_CURVE('',#500,#492,#502,.T.);
#500 = VERTEX_POINT('',#501);
#501 = CARTESIAN_POINT('',(1.5,-17.,43.));
#502 = LINE('',#503,#504);
#503 = CARTESIAN_POINT('',(-0.75,-17.,43.));
#504 = VECTOR('',#505,1.);
#505 = DIRECTION('',(-1.,-0.,0.));
#506 = ORIENTED_EDGE('',*,*,#507,.F.);
#507 = EDGE_CURVE('',#482,#500,#508,.T.);
#508 = LINE('',#509,#510);
#509 = CARTESIAN_POINT('',(1.5,-19.5,43.));
#510 = VECTOR('',#511,1.);
#511 = DIRECTION('',(-0.,1.,0.));
#512 = FACE_BOUND('',#513,.T.);
#513 = EDGE_LOOP('',(#514,#524,#532,#540));
#514 = ORIENTED_EDGE('',*,*,#515,.T.);
#515 = EDGE_CURVE('',#516,#518,#520,.T.);
#516 = VERTEX_POINT('',#517);
#517 = CARTESIAN_POINT('',(9.,-39.,43.));
#518 = VERTEX_POINT('',#519);
#519 = CARTESIAN_POINT('',(6.,-39.,43.));
#520 = LINE('',#521,#522);
#521 = CARTESIAN_POINT('',(3.,-39.,43.));
#522 = VECTOR('',#523,1.);
#523 = DIRECTION('',(-1.,-0.,0.));
#524 = ORIENTED_EDGE('',*,*,#525,.T.);
#525 = EDGE_CURVE('',#518,#526,#528,.T.);
#526 = VERTEX_POINT('',#527);
#527 = CARTESIAN_POINT('',(6.,-17.,43.));
#528 = LINE('',#529,#530);
#529 = CARTESIAN_POINT('',(6.,-19.5,43.));
#530 = VECTOR('',#531,1.);
#531 = DIRECTION('',(-0.,1.,0.));
#532 = ORIENTED_EDGE('',*,*,#533,.F.);
#533 = EDGE_CURVE('',#534,#526,#536,.T.);
#534 = VERTEX_POINT('',#535);
#535 = CARTESIAN_POINT('',(9.,-17.,43.));
#536 = LINE('',#537,#538);
#537 = CARTESIAN_POINT('',(3.,-17.,43.));
#538 = VECTOR('',#539,1.);
#539 = DIRECTION('',(-1.,-0.,0.));
#540 = ORIENTED_EDGE('',*,*,#541,.F.);
#541 = EDGE_CURVE('',#516,#534,#542,.T.);
#542 = LINE('',#543,#544);
#543 = CARTESIAN_POINT('',(9.,-19.5,43.));
#544 = VECTOR('',#545,1.);
#545 = DIRECTION('',(-0.,1.,0.));
#546 = FACE_BOUND('',#547,.T.);
#547 = EDGE_LOOP('',(#548,#558,#566,#574));
#548 = ORIENTED_EDGE('',*,*,#549,.T.);
#549 = EDGE_CURVE('',#550,#552,#554,.T.);
#550 = VERTEX_POINT('',#551);
#551 = CARTESIAN_POINT('',(16.5,-39.,43.));
#552 = VERTEX_POINT('',#553);
#553 = CARTESIAN_POINT('',(13.5,-39.,43.));
#554 = LINE('',#555,#556);
#555 = CARTESIAN_POINT('',(6.75,-39.,43.));
#556 = VECTOR('',#557,1.);
#557 = DIRECTION('',(-1.,-0.,0.));
#558 = ORIENTED_EDGE('',*,*,#559,.T.);
#559 = EDGE_CURVE('',#552,#560,#562,.T.);
#560 = VERTEX_POINT('',#561);
#561 = CARTESIAN_POINT('',(13.5,-17.,43.));
#562 = LINE('',#563,#564);
#563 = CARTESIAN_POINT('',(13.5,-19.5,43.));
#564 = VECTOR('',#565,1.);
#565 = DIRECTION('',(-0.,1.,0.));
#566 = ORIENTED_EDGE('',*,*,#567,.F.);
#567 = EDGE_CURVE('',#568,#560,#570,.T.);
#568 = VERTEX_POINT('',#569);
#569 = CARTESIAN_POINT('',(16.5,-17.,43.));
#570 = LINE('',#571,#572);
#571 = CARTESIAN_POINT('',(6.75,-17.,43.));
#572 = VECTOR('',#573,1.);
#573 = DIRECTION('',(-1.,-0.,0.));
#574 = ORIENTED_EDGE('',*,*,#575,.F.);
#575 = EDGE_CURVE('',#550,#568,#576,.T.);
#576 = LINE('',#577,#578);
#577 = CARTESIAN_POINT('',(16.5,-19.5,43.));
#578 = VECTOR('',#579,1.);
#579 = DIRECTION('',(-0.,1.,0.));
#580 = FACE_BOUND('',#581,.T.);
#581 = EDGE_LOOP('',(#582,#592,#600,#608));
#582 = ORIENTED_EDGE('',*,*,#583,.T.);
#583 = EDGE_CURVE('',#584,#586,#588,.T.);
#584 = VERTEX_POINT('',#585);
#585 = CARTESIAN_POINT('',(24.,-39.,43.));
#586 = VERTEX_POINT('',#587);
#587 = CARTESIAN_POINT('',(21.,-39.,43.));
#588 = LINE('',#589,#590);
#589 = CARTESIAN_POINT('',(10.5,-39.,43.));
#590 = VECTOR('',#591,1.);
#591 = DIRECTION('',(-1.,-0.,0.));
#592 = ORIENTED_EDGE('',*,*,#593,.T.);
#593 = EDGE_CURVE('',#586,#594,#596,.T.);
#594 = VERTEX_POINT('',#595);
#595 = CARTESIAN_POINT('',(21.,-17.,43.));
#596 = LINE('',#597,#598);
#597 = CARTESIAN_POINT('',(21.,-19.5,43.));
#598 = VECTOR('',#599,1.);
#599 = DIRECTION('',(-0.,1.,0.));
#600 = ORIENTED_EDGE('',*,*,#601,.F.);
#601 = EDGE_CURVE('',#602,#594,#604,.T.);
#602 = VERTEX_POINT('',#603);
#603 = CARTESIAN_POINT('',(24.,-17.,43.));
#604 = LINE('',#605,#606);
#605 = CARTESIAN_POINT('',(10.5,-17.,43.));
#606 = VECTOR('',#607,1.);
#607 = DIRECTION('',(-1.,-0.,0.));
#608 = ORIENTED_EDGE('',*,*,#609,.F.);
#609 = EDGE_CURVE('',#584,#602,#610,.T.);
#610 = LINE('',#611,#612);
#611 = CARTESIAN_POINT('',(24.,-19.5,43.));
#612 = VECTOR('',#613,1.);
#613 = DIRECTION('',(-0.,1.,0.));
#614 = FACE_BOUND('',#615,.T.);
#615 = EDGE_LOOP('',(#616,#626,#634,#642));
#616 = ORIENTED_EDGE('',*,*,#617,.T.);
#617 = EDGE_CURVE('',#618,#620,#622,.T.);
#618 = VERTEX_POINT('',#619);
#619 = CARTESIAN_POINT('',(31.5,-39.,43.));
#620 = VERTEX_POINT('',#621);
#621 = CARTESIAN_POINT('',(28.5,-39.,43.));
#622 = LINE('',#623,#624);
#623 = CARTESIAN_POINT('',(14.25,-39.,43.));
#624 = VECTOR('',#625,1.);
#625 = DIRECTION('',(-1.,-0.,0.));
#626 = ORIENTED_EDGE('',*,*,#627,.T.);
#627 = EDGE_CURVE('',#620,#628,#630,.T.);
#628 = VERTEX_POINT('',#629);
#629 = CARTESIAN_POINT('',(28.5,-17.,43.));
#630 = LINE('',#631,#632);
#631 = CARTESIAN_POINT('',(28.5,-19.5,43.));
#632 = VECTOR('',#633,1.);
#633 = DIRECTION('',(-0.,1.,0.));
#634 = ORIENTED_EDGE('',*,*,#635,.F.);
#635 = EDGE_CURVE('',#636,#628,#638,.T.);
#636 = VERTEX_POINT('',#637);
#637 = CARTESIAN_POINT('',(31.5,-17.,43.));
#638 = LINE('',#639,#640);
#639 = CARTESIAN_POINT('',(14.25,-17.,43.));
#640 = VECTOR('',#641,1.);
#641 = DIRECTION('',(-1.,-0.,0.));
#642 = ORIENTED_EDGE('',*,*,#643,.F.);
#643 = EDGE_CURVE('',#618,#636,#644,.T.);
#644 = LINE('',#645,#646);
#645 = CARTESIAN_POINT('',(31.5,-19.5,43.));
#646 = VECTOR('',#647,1.);
#647 = DIRECTION('',(-0.,1.,0.));
#648 = FACE_BOUND('',#649,.T.);
#649 = EDGE_LOOP('',(#650,#660,#668,#676));
#650 = ORIENTED_EDGE('',*,*,#651,.T.);
#651 = EDGE_CURVE('',#652,#654,#656,.T.);
#652 = VERTEX_POINT('',#653);
#653 = CARTESIAN_POINT('',(-28.5,-11.,43.));
#654 = VERTEX_POINT('',#655);
#655 = CARTESIAN_POINT('',(-31.5,-11.,43.));
#656 = LINE('',#657,#658);
#657 = CARTESIAN_POINT('',(-15.75,-11.,43.));
#658 = VECTOR('',#659,1.);
#659 = DIRECTION('',(-1.,-0.,0.));
#660 = ORIENTED_EDGE('',*,*,#661,.T.);
#661 = EDGE_CURVE('',#654,#662,#664,.T.);
#662 = VERTEX_POINT('',#663);
#663 = CARTESIAN_POINT('',(-31.5,11.,43.));
#664 = LINE('',#665,#666);
#665 = CARTESIAN_POINT('',(-31.5,-5.5,43.));
#666 = VECTOR('',#667,1.);
#667 = DIRECTION('',(-0.,1.,0.));
#668 = ORIENTED_EDGE('',*,*,#669,.F.);
#669 = EDGE_CURVE('',#670,#662,#672,.T.);
#670 = VERTEX_POINT('',#671);
#671 = CARTESIAN_POINT('',(-28.5,11.,43.));
#672 = LINE('',#673,#674);
#673 = CARTESIAN_POINT('',(-15.75,11.,43.));
#674 = VECTOR('',#675,1.);
#675 = DIRECTION('',(-1.,-0.,0.));
#676 = ORIENTED_EDGE('',*,*,#677,.F.);
#677 = EDGE_CURVE('',#652,#670,#678,.T.);
#678 = LINE('',#679,#680);
#679 = CARTESIAN_POINT('',(-28.5,-5.5,43.));
#680 = VECTOR('',#681,1.);
#681 = DIRECTION('',(-0.,1.,0.));
#682 = FACE_BOUND('',#683,.T.);
#683 = EDGE_LOOP('',(#684,#694,#702,#710));
#684 = ORIENTED_EDGE('',*,*,#685,.T.);
#685 = EDGE_CURVE('',#686,#688,#690,.T.);
#686 = VERTEX_POINT('',#687);
#687 = CARTESIAN_POINT('',(-21.,-11.,43.));
#688 = VERTEX_POINT('',#689);
#689 = CARTESIAN_POINT('',(-24.,-11.,43.));
#690 = LINE('',#691,#692);
#691 = CARTESIAN_POINT('',(-12.,-11.,43.));
#692 = VECTOR('',#693,1.);
#693 = DIRECTION('',(-1.,-0.,0.));
#694 = ORIENTED_EDGE('',*,*,#695,.T.);
#695 = EDGE_CURVE('',#688,#696,#698,.T.);
#696 = VERTEX_POINT('',#697);
#697 = CARTESIAN_POINT('',(-24.,11.,43.));
#698 = LINE('',#699,#700);
#699 = CARTESIAN_POINT('',(-24.,-5.5,43.));
#700 = VECTOR('',#701,1.);
#701 = DIRECTION('',(-0.,1.,0.));
#702 = ORIENTED_EDGE('',*,*,#703,.F.);
#703 = EDGE_CURVE('',#704,#696,#706,.T.);
#704 = VERTEX_POINT('',#705);
#705 = CARTESIAN_POINT('',(-21.,11.,43.));
#706 = LINE('',#707,#708);
#707 = CARTESIAN_POINT('',(-12.,11.,43.));
#708 = VECTOR('',#709,1.);
#709 = DIRECTION('',(-1.,-0.,0.));
#710 = ORIENTED_EDGE('',*,*,#711,.F.);
#711 = EDGE_CURVE('',#686,#704,#712,.T.);
#712 = LINE('',#713,#714);
#713 = CARTESIAN_POINT('',(-21.,-5.5,43.));
#714 = VECTOR('',#715,1.);
#715 = DIRECTION('',(-0.,1.,0.));
#716 = FACE_BOUND('',#717,.T.);
#717 = EDGE_LOOP('',(#718,#728,#736,#744));
#718 = ORIENTED_EDGE('',*,*,#719,.T.);
#719 = EDGE_CURVE('',#720,#722,#724,.T.);
#720 = VERTEX_POINT('',#721);
#721 = CARTESIAN_POINT('',(-28.5,17.,43.));
#722 = VERTEX_POINT('',#723);
#723 = CARTESIAN_POINT('',(-31.5,17.,43.));
#724 = LINE('',#725,#726);
#725 = CARTESIAN_POINT('',(-15.75,17.,43.));
#726 = VECTOR('',#727,1.);
#727 = DIRECTION('',(-1.,-0.,0.));
#728 = ORIENTED_EDGE('',*,*,#729,.T.);
#729 = EDGE_CURVE('',#722,#730,#732,.T.);
#730 = VERTEX_POINT('',#731);
#731 = CARTESIAN_POINT('',(-31.5,39.,43.));
#732 = LINE('',#733,#734);
#733 = CARTESIAN_POINT('',(-31.5,8.5,43.));
#734 = VECTOR('',#735,1.);
#735 = DIRECTION('',(-0.,1.,0.));
#736 = ORIENTED_EDGE('',*,*,#737,.F.);
#737 = EDGE_CURVE('',#738,#730,#740,.T.);
#738 = VERTEX_POINT('',#739);
#739 = CARTESIAN_POINT('',(-28.5,39.,43.));
#740 = LINE('',#741,#742);
#741 = CARTESIAN_POINT('',(-15.75,39.,43.));
#742 = VECTOR('',#743,1.);
#743 = DIRECTION('',(-1.,-0.,0.));
#744 = ORIENTED_EDGE('',*,*,#745,.F.);
#745 = EDGE_CURVE('',#720,#738,#746,.T.);
#746 = LINE('',#747,#748);
#747 = CARTESIAN_POINT('',(-28.5,8.5,43.));
#748 = VECTOR('',#749,1.);
#749 = DIRECTION('',(-0.,1.,0.));
#750 = FACE_BOUND('',#751,.T.);
#751 = EDGE_LOOP('',(#752,#762,#770,#778));
#752 = ORIENTED_EDGE('',*,*,#753,.T.);
#753 = EDGE_CURVE('',#754,#756,#758,.T.);
#754 = VERTEX_POINT('',#755);
#755 = CARTESIAN_POINT('',(-21.,17.,43.));
#756 = VERTEX_POINT('',#757);
#757 = CARTESIAN_POINT('',(-24.,17.,43.));
#758 = LINE('',#759,#760);
#759 = CARTESIAN_POINT('',(-12.,17.,43.));
#760 = VECTOR('',#761,1.);
#761 = DIRECTION('',(-1.,-0.,0.));
#762 = ORIENTED_EDGE('',*,*,#763,.T.);
#763 = EDGE_CURVE('',#756,#764,#766,.T.);
#764 = VERTEX_POINT('',#765);
#765 = CARTESIAN_POINT('',(-24.,39.,43.));
#766 = LINE('',#767,#768);
#767 = CARTESIAN_POINT('',(-24.,8.5,43.));
#768 = VECTOR('',#769,1.);
#769 = DIRECTION('',(-0.,1.,0.));
#770 = ORIENTED_EDGE('',*,*,#771,.F.);
#771 = EDGE_CURVE('',#772,#764,#774,.T.);
#772 = VERTEX_POINT('',#773);
#773 = CARTESIAN_POINT('',(-21.,39.,43.));
#774 = LINE('',#775,#776);
#775 = CARTESIAN_POINT('',(-12.,39.,43.));
#776 = VECTOR('',#777,1.);
#777 = DIRECTION('',(-1.,-0.,0.));
#778 = ORIENTED_EDGE('',*,*,#779,.F.);
#779 = EDGE_CURVE('',#754,#772,#780,.T.);
#780 = LINE('',#781,#782);
#781 = CARTESIAN_POINT('',(-21.,8.5,43.));
#782 = VECTOR('',#783,1.);
#783 = DIRECTION('',(-0.,1.,0.));
#784 = FACE_BOUND('',#785,.T.);
#785 = EDGE_LOOP('',(#786,#796,#804,#812));
#786 = ORIENTED_EDGE('',*,*,#787,.T.);
#787 = EDGE_CURVE('',#788,#790,#792,.T.);
#788 = VERTEX_POINT('',#789);
#789 = CARTESIAN_POINT('',(-13.5,-11.,43.));
#790 = VERTEX_POINT('',#791);
#791 = CARTESIAN_POINT('',(-16.5,-11.,43.));
#792 = LINE('',#793,#794);
#793 = CARTESIAN_POINT('',(-8.25,-11.,43.));
#794 = VECTOR('',#795,1.);
#795 = DIRECTION('',(-1.,-0.,0.));
#796 = ORIENTED_EDGE('',*,*,#797,.T.);
#797 = EDGE_CURVE('',#790,#798,#800,.T.);
#798 = VERTEX_POINT('',#799);
#799 = CARTESIAN_POINT('',(-16.5,11.,43.));
#800 = LINE('',#801,#802);
#801 = CARTESIAN_POINT('',(-16.5,-5.5,43.));
#802 = VECTOR('',#803,1.);
#803 = DIRECTION('',(-0.,1.,0.));
#804 = ORIENTED_EDGE('',*,*,#805,.F.);
#805 = EDGE_CURVE('',#806,#798,#808,.T.);
#806 = VERTEX_POINT('',#807);
#807 = CARTESIAN_POINT('',(-13.5,11.,43.));
#808 = LINE('',#809,#810);
#809 = CARTESIAN_POINT('',(-8.25,11.,43.));
#810 = VECTOR('',#811,1.);
#811 = DIRECTION('',(-1.,-0.,0.));
#812 = ORIENTED_EDGE('',*,*,#813,.F.);
#813 = EDGE_CURVE('',#788,#806,#814,.T.);
#814 = LINE('',#815,#816);
#815 = CARTESIAN_POINT('',(-13.5,-5.5,43.));
#816 = VECTOR('',#817,1.);
#817 = DIRECTION('',(-0.,1.,0.));
#818 = FACE_BOUND('',#819,.T.);
#819 = EDGE_LOOP('',(#820,#830,#838,#846));
#820 = ORIENTED_EDGE('',*,*,#821,.T.);
#821 = EDGE_CURVE('',#822,#824,#826,.T.);
#822 = VERTEX_POINT('',#823);
#823 = CARTESIAN_POINT('',(-6.,-11.,43.));
#824 = VERTEX_POINT('',#825);
#825 = CARTESIAN_POINT('',(-9.,-11.,43.));
#826 = LINE('',#827,#828);
#827 = CARTESIAN_POINT('',(-4.5,-11.,43.));
#828 = VECTOR('',#829,1.);
#829 = DIRECTION('',(-1.,-0.,0.));
#830 = ORIENTED_EDGE('',*,*,#831,.T.);
#831 = EDGE_CURVE('',#824,#832,#834,.T.);
#832 = VERTEX_POINT('',#833);
#833 = CARTESIAN_POINT('',(-9.,11.,43.));
#834 = LINE('',#835,#836);
#835 = CARTESIAN_POINT('',(-9.,-5.5,43.));
#836 = VECTOR('',#837,1.);
#837 = DIRECTION('',(-0.,1.,0.));
#838 = ORIENTED_EDGE('',*,*,#839,.F.);
#839 = EDGE_CURVE('',#840,#832,#842,.T.);
#840 = VERTEX_POINT('',#841);
#841 = CARTESIAN_POINT('',(-6.,11.,43.));
#842 = LINE('',#843,#844);
#843 = CARTESIAN_POINT('',(-4.5,11.,43.));
#844 = VECTOR('',#845,1.);
#845 = DIRECTION('',(-1.,-0.,0.));
#846 = ORIENTED_EDGE('',*,*,#847,.F.);
#847 = EDGE_CURVE('',#822,#840,#848,.T.);
#848 = LINE('',#849,#850);
#849 = CARTESIAN_POINT('',(-6.,-5.5,43.));
#850 = VECTOR('',#851,1.);
#851 = DIRECTION('',(-0.,1.,0.));
#852 = FACE_BOUND('',#853,.T.);
#853 = EDGE_LOOP('',(#854,#864,#872,#880));
#854 = ORIENTED_EDGE('',*,*,#855,.T.);
#855 = EDGE_CURVE('',#856,#858,#860,.T.);
#856 = VERTEX_POINT('',#857);
#857 = CARTESIAN_POINT('',(-13.5,17.,43.));
#858 = VERTEX_POINT('',#859);
#859 = CARTESIAN_POINT('',(-16.5,17.,43.));
#860 = LINE('',#861,#862);
#861 = CARTESIAN_POINT('',(-8.25,17.,43.));
#862 = VECTOR('',#863,1.);
#863 = DIRECTION('',(-1.,-0.,0.));
#864 = ORIENTED_EDGE('',*,*,#865,.T.);
#865 = EDGE_CURVE('',#858,#866,#868,.T.);
#866 = VERTEX_POINT('',#867);
#867 = CARTESIAN_POINT('',(-16.5,39.,43.));
#868 = LINE('',#869,#870);
#869 = CARTESIAN_POINT('',(-16.5,8.5,43.));
#870 = VECTOR('',#871,1.);
#871 = DIRECTION('',(-0.,1.,0.));
#872 = ORIENTED_EDGE('',*,*,#873,.F.);
#873 = EDGE_CURVE('',#874,#866,#876,.T.);
#874 = VERTEX_POINT('',#875);
#875 = CARTESIAN_POINT('',(-13.5,39.,43.));
#876 = LINE('',#877,#878);
#877 = CARTESIAN_POINT('',(-8.25,39.,43.));
#878 = VECTOR('',#879,1.);
#879 = DIRECTION('',(-1.,-0.,0.));
#880 = ORIENTED_EDGE('',*,*,#881,.F.);
#881 = EDGE_CURVE('',#856,#874,#882,.T.);
#882 = LINE('',#883,#884);
#883 = CARTESIAN_POINT('',(-13.5,8.5,43.));
#884 = VECTOR('',#885,1.);
#885 = DIRECTION('',(-0.,1.,0.));
#886 = FACE_BOUND('',#887,.T.);
#887 = EDGE_LOOP('',(#888,#898,#906,#914));
#888 = ORIENTED_EDGE('',*,*,#889,.T.);
#889 = EDGE_CURVE('',#890,#892,#894,.T.);
#890 = VERTEX_POINT('',#891);
#891 = CARTESIAN_POINT('',(-6.,17.,43.));
#892 = VERTEX_POINT('',#893);
#893 = CARTESIAN_POINT('',(-9.,17.,43.));
#894 = LINE('',#895,#896);
#895 = CARTESIAN_POINT('',(-4.5,17.,43.));
#896 = VECTOR('',#897,1.);
#897 = DIRECTION('',(-1.,-0.,0.));
#898 = ORIENTED_EDGE('',*,*,#899,.T.);
#899 = EDGE_CURVE('',#892,#900,#902,.T.);
#900 = VERTEX_POINT('',#901);
#901 = CARTESIAN_POINT('',(-9.,39.,43.));
#902 = LINE('',#903,#904);
#903 = CARTESIAN_POINT('',(-9.,8.5,43.));
#904 = VECTOR('',#905,1.);
#905 = DIRECTION('',(-0.,1.,0.));
#906 = ORIENTED_EDGE('',*,*,#907,.F.);
#907 = EDGE_CURVE('',#908,#900,#910,.T.);
#908 = VERTEX_POINT('',#909);
#909 = CARTESIAN_POINT('',(-6.,39.,43.));
#910 = LINE('',#911,#912);
#911 = CARTESIAN_POINT('',(-4.5,39.,43.));
#912 = VECTOR('',#913,1.);
#913 = DIRECTION('',(-1.,-0.,0.));
#914 = ORIENTED_EDGE('',*,*,#915,.F.);
#915 = EDGE_CURVE('',#890,#908,#916,.T.);
#916 = LINE('',#917,#918);
#917 = CARTESIAN_POINT('',(-6.,8.5,43.));
#918 = VECTOR('',#919,1.);
#919 = DIRECTION('',(-0.,1.,0.));
#920 = FACE_BOUND('',#921,.T.);
#921 = EDGE_LOOP('',(#922));
#922 = ORIENTED_EDGE('',*,*,#923,.F.);
#923 = EDGE_CURVE('',#924,#924,#926,.T.);
#924 = VERTEX_POINT('',#925);
#925 = CARTESIAN_POINT('',(-39.95,60.795,43.));
#926 = CIRCLE('',#927,1.65);
#927 = AXIS2_PLACEMENT_3D('',#928,#929,#930);
#928 = CARTESIAN_POINT('',(-41.6,60.795,43.));
#929 = DIRECTION('',(0.,0.,1.));
#930 = DIRECTION('',(1.,0.,-0.));
#931 = FACE_BOUND('',#932,.T.);
#932 = EDGE_LOOP('',(#933,#943,#951,#959));
#933 = ORIENTED_EDGE('',*,*,#934,.T.);
#934 = EDGE_CURVE('',#935,#937,#939,.T.);
#935 = VERTEX_POINT('',#936);
#936 = CARTESIAN_POINT('',(1.5,-11.,43.));
#937 = VERTEX_POINT('',#938);
#938 = CARTESIAN_POINT('',(-1.5,-11.,43.));
#939 = LINE('',#940,#941);
#940 = CARTESIAN_POINT('',(-0.75,-11.,43.));
#941 = VECTOR('',#942,1.);
#942 = DIRECTION('',(-1.,-0.,0.));
#943 = ORIENTED_EDGE('',*,*,#944,.T.);
#944 = EDGE_CURVE('',#937,#945,#947,.T.);
#945 = VERTEX_POINT('',#946);
#946 = CARTESIAN_POINT('',(-1.5,11.,43.));
#947 = LINE('',#948,#949);
#948 = CARTESIAN_POINT('',(-1.5,-5.5,43.));
#949 = VECTOR('',#950,1.);
#950 = DIRECTION('',(-0.,1.,0.));
#951 = ORIENTED_EDGE('',*,*,#952,.F.);
#952 = EDGE_CURVE('',#953,#945,#955,.T.);
#953 = VERTEX_POINT('',#954);
#954 = CARTESIAN_POINT('',(1.5,11.,43.));
#955 = LINE('',#956,#957);
#956 = CARTESIAN_POINT('',(-0.75,11.,43.));
#957 = VECTOR('',#958,1.);
#958 = DIRECTION('',(-1.,-0.,0.));
#959 = ORIENTED_EDGE('',*,*,#960,.F.);
#960 = EDGE_CURVE('',#935,#953,#961,.T.);
#961 = LINE('',#962,#963);
#962 = CARTESIAN_POINT('',(1.5,-5.5,43.));
#963 = VECTOR('',#964,1.);
#964 = DIRECTION('',(-0.,1.,0.));
#965 = FACE_BOUND('',#966,.T.);
#966 = EDGE_LOOP('',(#967,#977,#985,#993));
#967 = ORIENTED_EDGE('',*,*,#968,.T.);
#968 = EDGE_CURVE('',#969,#971,#973,.T.);
#969 = VERTEX_POINT('',#970);
#970 = CARTESIAN_POINT('',(9.,-11.,43.));
#971 = VERTEX_POINT('',#972);
#972 = CARTESIAN_POINT('',(6.,-11.,43.));
#973 = LINE('',#974,#975);
#974 = CARTESIAN_POINT('',(3.,-11.,43.));
#975 = VECTOR('',#976,1.);
#976 = DIRECTION('',(-1.,-0.,0.));
#977 = ORIENTED_EDGE('',*,*,#978,.T.);
#978 = EDGE_CURVE('',#971,#979,#981,.T.);
#979 = VERTEX_POINT('',#980);
#980 = CARTESIAN_POINT('',(6.,11.,43.));
#981 = LINE('',#982,#983);
#982 = CARTESIAN_POINT('',(6.,-5.5,43.));
#983 = VECTOR('',#984,1.);
#984 = DIRECTION('',(-0.,1.,0.));
#985 = ORIENTED_EDGE('',*,*,#986,.F.);
#986 = EDGE_CURVE('',#987,#979,#989,.T.);
#987 = VERTEX_POINT('',#988);
#988 = CARTESIAN_POINT('',(9.,11.,43.));
#989 = LINE('',#990,#991);
#990 = CARTESIAN_POINT('',(3.,11.,43.));
#991 = VECTOR('',#992,1.);
#992 = DIRECTION('',(-1.,-0.,0.));
#993 = ORIENTED_EDGE('',*,*,#994,.F.);
#994 = EDGE_CURVE('',#969,#987,#995,.T.);
#995 = LINE('',#996,#997);
#996 = CARTESIAN_POINT('',(9.,-5.5,43.));
#997 = VECTOR('',#998,1.);
#998 = DIRECTION('',(-0.,1.,0.));
#999 = FACE_BOUND('',#1000,.T.);
#1000 = EDGE_LOOP('',(#1001,#1011,#1019,#1027));
#1001 = ORIENTED_EDGE('',*,*,#1002,.T.);
#1002 = EDGE_CURVE('',#1003,#1005,#1007,.T.);
#1003 = VERTEX_POINT('',#1004);
#1004 = CARTESIAN_POINT('',(16.5,-11.,43.));
#1005 = VERTEX_POINT('',#1006);
#1006 = CARTESIAN_POINT('',(13.5,-11.,43.));
#1007 = LINE('',#1008,#1009);
#1008 = CARTESIAN_POINT('',(6.75,-11.,43.));
#1009 = VECTOR('',#1010,1.);
#1010 = DIRECTION('',(-1.,-0.,0.));
#1011 = ORIENTED_EDGE('',*,*,#1012,.T.);
#1012 = EDGE_CURVE('',#1005,#1013,#1015,.T.);
#1013 = VERTEX_POINT('',#1014);
#1014 = CARTESIAN_POINT('',(13.5,11.,43.));
#1015 = LINE('',#1016,#1017);
#1016 = CARTESIAN_POINT('',(13.5,-5.5,43.));
#1017 = VECTOR('',#1018,1.);
#1018 = DIRECTION('',(-0.,1.,0.));
#1019 = ORIENTED_EDGE('',*,*,#1020,.F.);
#1020 = EDGE_CURVE('',#1021,#1013,#1023,.T.);
#1021 = VERTEX_POINT('',#1022);
#1022 = CARTESIAN_POINT('',(16.5,11.,43.));
#1023 = LINE('',#1024,#1025);
#1024 = CARTESIAN_POINT('',(6.75,11.,43.));
#1025 = VECTOR('',#1026,1.);
#1026 = DIRECTION('',(-1.,-0.,0.));
#1027 = ORIENTED_EDGE('',*,*,#1028,.F.);
#1028 = EDGE_CURVE('',#1003,#1021,#1029,.T.);
#1029 = LINE('',#1030,#1031);
#1030 = CARTESIAN_POINT('',(16.5,-5.5,43.));
#1031 = VECTOR('',#1032,1.);
#1032 = DIRECTION('',(-0.,1.,0.));
#1033 = FACE_BOUND('',#1034,.T.);
#1034 = EDGE_LOOP('',(#1035,#1045,#1053,#1061));
#1035 = ORIENTED_EDGE('',*,*,#1036,.T.);
#1036 = EDGE_CURVE('',#1037,#1039,#1041,.T.);
#1037 = VERTEX_POINT('',#1038);
#1038 = CARTESIAN_POINT('',(1.5,17.,43.));
#1039 = VERTEX_POINT('',#1040);
#1040 = CARTESIAN_POINT('',(-1.5,17.,43.));
#1041 = LINE('',#1042,#1043);
#1042 = CARTESIAN_POINT('',(-0.75,17.,43.));
#1043 = VECTOR('',#1044,1.);
#1044 = DIRECTION('',(-1.,-0.,0.));
#1045 = ORIENTED_EDGE('',*,*,#1046,.T.);
#1046 = EDGE_CURVE('',#1039,#1047,#1049,.T.);
#1047 = VERTEX_POINT('',#1048);
#1048 = CARTESIAN_POINT('',(-1.5,39.,43.));
#1049 = LINE('',#1050,#1051);
#1050 = CARTESIAN_POINT('',(-1.5,8.5,43.));
#1051 = VECTOR('',#1052,1.);
#1052 = DIRECTION('',(-0.,1.,0.));
#1053 = ORIENTED_EDGE('',*,*,#1054,.F.);
#1054 = EDGE_CURVE('',#1055,#1047,#1057,.T.);
#1055 = VERTEX_POINT('',#1056);
#1056 = CARTESIAN_POINT('',(1.5,39.,43.));
#1057 = LINE('',#1058,#1059);
#1058 = CARTESIAN_POINT('',(-0.75,39.,43.));
#1059 = VECTOR('',#1060,1.);
#1060 = DIRECTION('',(-1.,-0.,0.));
#1061 = ORIENTED_EDGE('',*,*,#1062,.F.);
#1062 = EDGE_CURVE('',#1037,#1055,#1063,.T.);
#1063 = LINE('',#1064,#1065);
#1064 = CARTESIAN_POINT('',(1.5,8.5,43.));
#1065 = VECTOR('',#1066,1.);
#1066 = DIRECTION('',(-0.,1.,0.));
#1067 = FACE_BOUND('',#1068,.T.);
#1068 = EDGE_LOOP('',(#1069,#1079,#1087,#1095));
#1069 = ORIENTED_EDGE('',*,*,#1070,.T.);
#1070 = EDGE_CURVE('',#1071,#1073,#1075,.T.);
#1071 = VERTEX_POINT('',#1072);
#1072 = CARTESIAN_POINT('',(9.,17.,43.));
#1073 = VERTEX_POINT('',#1074);
#1074 = CARTESIAN_POINT('',(6.,17.,43.));
#1075 = LINE('',#1076,#1077);
#1076 = CARTESIAN_POINT('',(3.,17.,43.));
#1077 = VECTOR('',#1078,1.);
#1078 = DIRECTION('',(-1.,-0.,0.));
#1079 = ORIENTED_EDGE('',*,*,#1080,.T.);
#1080 = EDGE_CURVE('',#1073,#1081,#1083,.T.);
#1081 = VERTEX_POINT('',#1082);
#1082 = CARTESIAN_POINT('',(6.,39.,43.));
#1083 = LINE('',#1084,#1085);
#1084 = CARTESIAN_POINT('',(6.,8.5,43.));
#1085 = VECTOR('',#1086,1.);
#1086 = DIRECTION('',(-0.,1.,0.));
#1087 = ORIENTED_EDGE('',*,*,#1088,.F.);
#1088 = EDGE_CURVE('',#1089,#1081,#1091,.T.);
#1089 = VERTEX_POINT('',#1090);
#1090 = CARTESIAN_POINT('',(9.,39.,43.));
#1091 = LINE('',#1092,#1093);
#1092 = CARTESIAN_POINT('',(3.,39.,43.));
#1093 = VECTOR('',#1094,1.);
#1094 = DIRECTION('',(-1.,-0.,0.));
#1095 = ORIENTED_EDGE('',*,*,#1096,.F.);
#1096 = EDGE_CURVE('',#1071,#1089,#1097,.T.);
#1097 = LINE('',#1098,#1099);
#1098 = CARTESIAN_POINT('',(9.,8.5,43.));
#1099 = VECTOR('',#1100,1.);
#1100 = DIRECTION('',(-0.,1.,0.));
#1101 = FACE_BOUND('',#1102,.T.);
#1102 = EDGE_LOOP('',(#1103,#1113,#1121,#1129));
#1103 = ORIENTED_EDGE('',*,*,#1104,.T.);
#1104 = EDGE_CURVE('',#1105,#1107,#1109,.T.);
#1105 = VERTEX_POINT('',#1106);
#1106 = CARTESIAN_POINT('',(16.5,17.,43.));
#1107 = VERTEX_POINT('',#1108);
#1108 = CARTESIAN_POINT('',(13.5,17.,43.));
#1109 = LINE('',#1110,#1111);
#1110 = CARTESIAN_POINT('',(6.75,17.,43.));
#1111 = VECTOR('',#1112,1.);
#1112 = DIRECTION('',(-1.,-0.,0.));
#1113 = ORIENTED_EDGE('',*,*,#1114,.T.);
#1114 = EDGE_CURVE('',#1107,#1115,#1117,.T.);
#1115 = VERTEX_POINT('',#1116);
#1116 = CARTESIAN_POINT('',(13.5,39.,43.));
#1117 = LINE('',#1118,#1119);
#1118 = CARTESIAN_POINT('',(13.5,8.5,43.));
#1119 = VECTOR('',#1120,1.);
#1120 = DIRECTION('',(-0.,1.,0.));
#1121 = ORIENTED_EDGE('',*,*,#1122,.F.);
#1122 = EDGE_CURVE('',#1123,#1115,#1125,.T.);
#1123 = VERTEX_POINT('',#1124);
#1124 = CARTESIAN_POINT('',(16.5,39.,43.));
#1125 = LINE('',#1126,#1127);
#1126 = CARTESIAN_POINT('',(6.75,39.,43.));
#1127 = VECTOR('',#1128,1.);
#1128 = DIRECTION('',(-1.,-0.,0.));
#1129 = ORIENTED_EDGE('',*,*,#1130,.F.);
#1130 = EDGE_CURVE('',#1105,#1123,#1131,.T.);
#1131 = LINE('',#1132,#1133);
#1132 = CARTESIAN_POINT('',(16.5,8.5,43.));
#1133 = VECTOR('',#1134,1.);
#1134 = DIRECTION('',(-0.,1.,0.));
#1135 = FACE_BOUND('',#1136,.T.);
#1136 = EDGE_LOOP('',(#1137,#1147,#1155,#1163));
#1137 = ORIENTED_EDGE('',*,*,#1138,.T.);
#1138 = EDGE_CURVE('',#1139,#1141,#1143,.T.);
#1139 = VERTEX_POINT('',#1140);
#1140 = CARTESIAN_POINT('',(24.,-11.,43.));
#1141 = VERTEX_POINT('',#1142);
#1142 = CARTESIAN_POINT('',(21.,-11.,43.));
#1143 = LINE('',#1144,#1145);
#1144 = CARTESIAN_POINT('',(10.5,-11.,43.));
#1145 = VECTOR('',#1146,1.);
#1146 = DIRECTION('',(-1.,-0.,0.));
#1147 = ORIENTED_EDGE('',*,*,#1148,.T.);
#1148 = EDGE_CURVE('',#1141,#1149,#1151,.T.);
#1149 = VERTEX_POINT('',#1150);
#1150 = CARTESIAN_POINT('',(21.,11.,43.));
#1151 = LINE('',#1152,#1153);
#1152 = CARTESIAN_POINT('',(21.,-5.5,43.));
#1153 = VECTOR('',#1154,1.);
#1154 = DIRECTION('',(-0.,1.,0.));
#1155 = ORIENTED_EDGE('',*,*,#1156,.F.);
#1156 = EDGE_CURVE('',#1157,#1149,#1159,.T.);
#1157 = VERTEX_POINT('',#1158);
#1158 = CARTESIAN_POINT('',(24.,11.,43.));
#1159 = LINE('',#1160,#1161);
#1160 = CARTESIAN_POINT('',(10.5,11.,43.));
#1161 = VECTOR('',#1162,1.);
#1162 = DIRECTION('',(-1.,-0.,0.));
#1163 = ORIENTED_EDGE('',*,*,#1164,.F.);
#1164 = EDGE_CURVE('',#1139,#1157,#1165,.T.);
#1165 = LINE('',#1166,#1167);
#1166 = CARTESIAN_POINT('',(24.,-5.5,43.));
#1167 = VECTOR('',#1168,1.);
#1168 = DIRECTION('',(-0.,1.,0.));
#1169 = FACE_BOUND('',#1170,.T.);
#1170 = EDGE_LOOP('',(#1171,#1181,#1189,#1197));
#1171 = ORIENTED_EDGE('',*,*,#1172,.T.);
#1172 = EDGE_CURVE('',#1173,#1175,#1177,.T.);
#1173 = VERTEX_POINT('',#1174);
#1174 = CARTESIAN_POINT('',(31.5,-11.,43.));
#1175 = VERTEX_POINT('',#1176);
#1176 = CARTESIAN_POINT('',(28.5,-11.,43.));
#1177 = LINE('',#1178,#1179);
#1178 = CARTESIAN_POINT('',(14.25,-11.,43.));
#1179 = VECTOR('',#1180,1.);
#1180 = DIRECTION('',(-1.,-0.,0.));
#1181 = ORIENTED_EDGE('',*,*,#1182,.T.);
#1182 = EDGE_CURVE('',#1175,#1183,#1185,.T.);
#1183 = VERTEX_POINT('',#1184);
#1184 = CARTESIAN_POINT('',(28.5,11.,43.));
#1185 = LINE('',#1186,#1187);
#1186 = CARTESIAN_POINT('',(28.5,-5.5,43.));
#1187 = VECTOR('',#1188,1.);
#1188 = DIRECTION('',(-0.,1.,0.));
#1189 = ORIENTED_EDGE('',*,*,#1190,.F.);
#1190 = EDGE_CURVE('',#1191,#1183,#1193,.T.);
#1191 = VERTEX_POINT('',#1192);
#1192 = CARTESIAN_POINT('',(31.5,11.,43.));
#1193 = LINE('',#1194,#1195);
#1194 = CARTESIAN_POINT('',(14.25,11.,43.));
#1195 = VECTOR('',#1196,1.);
#1196 = DIRECTION('',(-1.,-0.,0.));
#1197 = ORIENTED_EDGE('',*,*,#1198,.F.);
#1198 = EDGE_CURVE('',#1173,#1191,#1199,.T.);
#1199 = LINE('',#1200,#1201);
#1200 = CARTESIAN_POINT('',(31.5,-5.5,43.));
#1201 = VECTOR('',#1202,1.);
#1202 = DIRECTION('',(-0.,1.,0.));
#1203 = FACE_BOUND('',#1204,.T.);
#1204 = EDGE_LOOP('',(#1205,#1215,#1223,#1231));
#1205 = ORIENTED_EDGE('',*,*,#1206,.T.);
#1206 = EDGE_CURVE('',#1207,#1209,#1211,.T.);
#1207 = VERTEX_POINT('',#1208);
#1208 = CARTESIAN_POINT('',(24.,17.,43.));
#1209 = VERTEX_POINT('',#1210);
#1210 = CARTESIAN_POINT('',(21.,17.,43.));
#1211 = LINE('',#1212,#1213);
#1212 = CARTESIAN_POINT('',(10.5,17.,43.));
#1213 = VECTOR('',#1214,1.);
#1214 = DIRECTION('',(-1.,-0.,0.));
#1215 = ORIENTED_EDGE('',*,*,#1216,.T.);
#1216 = EDGE_CURVE('',#1209,#1217,#1219,.T.);
#1217 = VERTEX_POINT('',#1218);
#1218 = CARTESIAN_POINT('',(21.,39.,43.));
#1219 = LINE('',#1220,#1221);
#1220 = CARTESIAN_POINT('',(21.,8.5,43.));
#1221 = VECTOR('',#1222,1.);
#1222 = DIRECTION('',(-0.,1.,0.));
#1223 = ORIENTED_EDGE('',*,*,#1224,.F.);
#1224 = EDGE_CURVE('',#1225,#1217,#1227,.T.);
#1225 = VERTEX_POINT('',#1226);
#1226 = CARTESIAN_POINT('',(24.,39.,43.));
#1227 = LINE('',#1228,#1229);
#1228 = CARTESIAN_POINT('',(10.5,39.,43.));
#1229 = VECTOR('',#1230,1.);
#1230 = DIRECTION('',(-1.,-0.,0.));
#1231 = ORIENTED_EDGE('',*,*,#1232,.F.);
#1232 = EDGE_CURVE('',#1207,#1225,#1233,.T.);
#1233 = LINE('',#1234,#1235);
#1234 = CARTESIAN_POINT('',(24.,8.5,43.));
#1235 = VECTOR('',#1236,1.);
#1236 = DIRECTION('',(-0.,1.,0.));
#1237 = FACE_BOUND('',#1238,.T.);
#1238 = EDGE_LOOP('',(#1239,#1249,#1257,#1265));
#1239 = ORIENTED_EDGE('',*,*,#1240,.T.);
#1240 = EDGE_CURVE('',#1241,#1243,#1245,.T.);
#1241 = VERTEX_POINT('',#1242);
#1242 = CARTESIAN_POINT('',(31.5,17.,43.));
#1243 = VERTEX_POINT('',#1244);
#1244 = CARTESIAN_POINT('',(28.5,17.,43.));
#1245 = LINE('',#1246,#1247);
#1246 = CARTESIAN_POINT('',(14.25,17.,43.));
#1247 = VECTOR('',#1248,1.);
#1248 = DIRECTION('',(-1.,-0.,0.));
#1249 = ORIENTED_EDGE('',*,*,#1250,.T.);
#1250 = EDGE_CURVE('',#1243,#1251,#1253,.T.);
#1251 = VERTEX_POINT('',#1252);
#1252 = CARTESIAN_POINT('',(28.5,39.,43.));
#1253 = LINE('',#1254,#1255);
#1254 = CARTESIAN_POINT('',(28.5,8.5,43.));
#1255 = VECTOR('',#1256,1.);
#1256 = DIRECTION('',(-0.,1.,0.));
#1257 = ORIENTED_EDGE('',*,*,#1258,.F.);
#1258 = EDGE_CURVE('',#1259,#1251,#1261,.T.);
#1259 = VERTEX_POINT('',#1260);
#1260 = CARTESIAN_POINT('',(31.5,39.,43.));
#1261 = LINE('',#1262,#1263);
#1262 = CARTESIAN_POINT('',(14.25,39.,43.));
#1263 = VECTOR('',#1264,1.);
#1264 = DIRECTION('',(-1.,-0.,0.));
#1265 = ORIENTED_EDGE('',*,*,#1266,.F.);
#1266 = EDGE_CURVE('',#1241,#1259,#1267,.T.);
#1267 = LINE('',#1268,#1269);
#1268 = CARTESIAN_POINT('',(31.5,8.5,43.));
#1269 = VECTOR('',#1270,1.);
#1270 = DIRECTION('',(-0.,1.,0.));
#1271 = FACE_BOUND('',#1272,.T.);
#1272 = EDGE_LOOP('',(#1273));
#1273 = ORIENTED_EDGE('',*,*,#1274,.F.);
#1274 = EDGE_CURVE('',#1275,#1275,#1277,.T.);
#1275 = VERTEX_POINT('',#1276);
#1276 = CARTESIAN_POINT('',(43.25,60.795,43.));
#1277 = CIRCLE('',#1278,1.65);
#1278 = AXIS2_PLACEMENT_3D('',#1279,#1280,#1281);
#1279 = CARTESIAN_POINT('',(41.6,60.795,43.));
#1280 = DIRECTION('',(0.,0.,1.));
#1281 = DIRECTION('',(1.,0.,-0.));
#1282 = PLANE('',#1283);
#1283 = AXIS2_PLACEMENT_3D('',#1284,#1285,#1286);
#1284 = CARTESIAN_POINT('',(-2.332928680119E-15,4.918065866197E-15,43.)
  );
#1285 = DIRECTION('',(0.,0.,1.));
#1286 = DIRECTION('',(1.,0.,-0.));
#1287 = ADVANCED_FACE('',(#1288),#1358,.F.);
#1288 = FACE_BOUND('',#1289,.F.);
#1289 = EDGE_LOOP('',(#1290,#1291,#1297,#1298,#1299,#1300,#1309,#1317,
    #1326,#1334,#1343,#1351));
#1290 = ORIENTED_EDGE('',*,*,#188,.F.);
#1291 = ORIENTED_EDGE('',*,*,#1292,.T.);
#1292 = EDGE_CURVE('',#180,#306,#1293,.T.);
#1293 = LINE('',#1294,#1295);
#1294 = CARTESIAN_POINT('',(-48.,61.595,40.));
#1295 = VECTOR('',#1296,1.);
#1296 = DIRECTION('',(0.,0.,1.));
#1297 = ORIENTED_EDGE('',*,*,#314,.T.);
#1298 = ORIENTED_EDGE('',*,*,#61,.F.);
#1299 = ORIENTED_EDGE('',*,*,#145,.F.);
#1300 = ORIENTED_EDGE('',*,*,#1301,.T.);
#1301 = EDGE_CURVE('',#138,#1302,#1304,.T.);
#1302 = VERTEX_POINT('',#1303);
#1303 = CARTESIAN_POINT('',(-48.,6.865,40.));
#1304 = CIRCLE('',#1305,2.3);
#1305 = AXIS2_PLACEMENT_3D('',#1306,#1307,#1308);
#1306 = CARTESIAN_POINT('',(-48.,4.565,40.));
#1307 = DIRECTION('',(-1.,0.,0.));
#1308 = DIRECTION('',(0.,0.,-1.));
#1309 = ORIENTED_EDGE('',*,*,#1310,.F.);
#1310 = EDGE_CURVE('',#1311,#1302,#1313,.T.);
#1311 = VERTEX_POINT('',#1312);
#1312 = CARTESIAN_POINT('',(-48.,7.345,40.));
#1313 = LINE('',#1314,#1315);
#1314 = CARTESIAN_POINT('',(-48.,61.595,40.));
#1315 = VECTOR('',#1316,1.);
#1316 = DIRECTION('',(0.,-1.,0.));
#1317 = ORIENTED_EDGE('',*,*,#1318,.T.);
#1318 = EDGE_CURVE('',#1311,#1319,#1321,.T.);
#1319 = VERTEX_POINT('',#1320);
#1320 = CARTESIAN_POINT('',(-48.,11.945,40.));
#1321 = CIRCLE('',#1322,2.3);
#1322 = AXIS2_PLACEMENT_3D('',#1323,#1324,#1325);
#1323 = CARTESIAN_POINT('',(-48.,9.645,40.));
#1324 = DIRECTION('',(-1.,0.,0.));
#1325 = DIRECTION('',(0.,0.,-1.));
#1326 = ORIENTED_EDGE('',*,*,#1327,.F.);
#1327 = EDGE_CURVE('',#1328,#1319,#1330,.T.);
#1328 = VERTEX_POINT('',#1329);
#1329 = CARTESIAN_POINT('',(-48.,12.425,40.));
#1330 = LINE('',#1331,#1332);
#1331 = CARTESIAN_POINT('',(-48.,61.595,40.));
#1332 = VECTOR('',#1333,1.);
#1333 = DIRECTION('',(0.,-1.,0.));
#1334 = ORIENTED_EDGE('',*,*,#1335,.T.);
#1335 = EDGE_CURVE('',#1328,#1336,#1338,.T.);
#1336 = VERTEX_POINT('',#1337);
#1337 = CARTESIAN_POINT('',(-48.,17.025,40.));
#1338 = CIRCLE('',#1339,2.3);
#1339 = AXIS2_PLACEMENT_3D('',#1340,#1341,#1342);
#1340 = CARTESIAN_POINT('',(-48.,14.725,40.));
#1341 = DIRECTION('',(-1.,0.,0.));
#1342 = DIRECTION('',(0.,0.,-1.));
#1343 = ORIENTED_EDGE('',*,*,#1344,.F.);
#1344 = EDGE_CURVE('',#1345,#1336,#1347,.T.);
#1345 = VERTEX_POINT('',#1346);
#1346 = CARTESIAN_POINT('',(-48.,17.505,40.));
#1347 = LINE('',#1348,#1349);
#1348 = CARTESIAN_POINT('',(-48.,61.595,40.));
#1349 = VECTOR('',#1350,1.);
#1350 = DIRECTION('',(0.,-1.,0.));
#1351 = ORIENTED_EDGE('',*,*,#1352,.T.);
#1352 = EDGE_CURVE('',#1345,#189,#1353,.T.);
#1353 = CIRCLE('',#1354,2.3);
#1354 = AXIS2_PLACEMENT_3D('',#1355,#1356,#1357);
#1355 = CARTESIAN_POINT('',(-48.,19.805,40.));
#1356 = DIRECTION('',(-1.,0.,0.));
#1357 = DIRECTION('',(0.,0.,-1.));
#1358 = PLANE('',#1359);
#1359 = AXIS2_PLACEMENT_3D('',#1360,#1361,#1362);
#1360 = CARTESIAN_POINT('',(-48.,61.595,40.));
#1361 = DIRECTION('',(1.,0.,-0.));
#1362 = DIRECTION('',(0.,-1.,0.));
#1363 = ADVANCED_FACE('',(#1364),#1375,.F.);
#1364 = FACE_BOUND('',#1365,.F.);
#1365 = EDGE_LOOP('',(#1366,#1367,#1368,#1374));
#1366 = ORIENTED_EDGE('',*,*,#104,.T.);
#1367 = ORIENTED_EDGE('',*,*,#280,.T.);
#1368 = ORIENTED_EDGE('',*,*,#1369,.F.);
#1369 = EDGE_CURVE('',#155,#281,#1370,.T.);
#1370 = LINE('',#1371,#1372);
#1371 = CARTESIAN_POINT('',(48.,61.595,40.));
#1372 = VECTOR('',#1373,1.);
#1373 = DIRECTION('',(0.,0.,1.));
#1374 = ORIENTED_EDGE('',*,*,#154,.F.);
#1375 = PLANE('',#1376);
#1376 = AXIS2_PLACEMENT_3D('',#1377,#1378,#1379);
#1377 = CARTESIAN_POINT('',(48.,-61.595,40.));
#1378 = DIRECTION('',(-1.,0.,0.));
#1379 = DIRECTION('',(0.,1.,0.));
#1380 = ADVANCED_FACE('',(#1381),#1407,.F.);
#1381 = FACE_BOUND('',#1382,.F.);
#1382 = EDGE_LOOP('',(#1383,#1393,#1400,#1401));
#1383 = ORIENTED_EDGE('',*,*,#1384,.F.);
#1384 = EDGE_CURVE('',#1385,#1387,#1389,.T.);
#1385 = VERTEX_POINT('',#1386);
#1386 = CARTESIAN_POINT('',(-44.7,2.602858312965,38.8));
#1387 = VERTEX_POINT('',#1388);
#1388 = CARTESIAN_POINT('',(-44.7,-60.095,38.8));
#1389 = LINE('',#1390,#1391);
#1390 = CARTESIAN_POINT('',(-44.7,60.095,38.8));
#1391 = VECTOR('',#1392,1.);
#1392 = DIRECTION('',(0.,-1.,0.));
#1393 = ORIENTED_EDGE('',*,*,#1394,.T.);
#1394 = EDGE_CURVE('',#1385,#130,#1395,.T.);
#1395 = CIRCLE('',#1396,2.3);
#1396 = AXIS2_PLACEMENT_3D('',#1397,#1398,#1399);
#1397 = CARTESIAN_POINT('',(-44.7,4.565,40.));
#1398 = DIRECTION('',(-1.,0.,0.));
#1399 = DIRECTION('',(0.,0.,-1.));
#1400 = ORIENTED_EDGE('',*,*,#127,.F.);
#1401 = ORIENTED_EDGE('',*,*,#1402,.F.);
#1402 = EDGE_CURVE('',#1387,#128,#1403,.T.);
#1403 = LINE('',#1404,#1405);
#1404 = CARTESIAN_POINT('',(-44.7,-60.095,38.8));
#1405 = VECTOR('',#1406,1.);
#1406 = DIRECTION('',(0.,0.,1.));
#1407 = PLANE('',#1408);
#1408 = AXIS2_PLACEMENT_3D('',#1409,#1410,#1411);
#1409 = CARTESIAN_POINT('',(-44.7,60.095,38.8));
#1410 = DIRECTION('',(1.,0.,-0.));
#1411 = DIRECTION('',(0.,-1.,0.));
#1412 = ADVANCED_FACE('',(#1413),#1432,.T.);
#1413 = FACE_BOUND('',#1414,.F.);
#1414 = EDGE_LOOP('',(#1415,#1424,#1425,#1426));
#1415 = ORIENTED_EDGE('',*,*,#1416,.F.);
#1416 = EDGE_CURVE('',#1387,#1417,#1419,.T.);
#1417 = VERTEX_POINT('',#1418);
#1418 = CARTESIAN_POINT('',(-40.9,-63.895,38.8));
#1419 = CIRCLE('',#1420,3.8);
#1420 = AXIS2_PLACEMENT_3D('',#1421,#1422,#1423);
#1421 = CARTESIAN_POINT('',(-40.9,-60.095,38.8));
#1422 = DIRECTION('',(0.,0.,1.));
#1423 = DIRECTION('',(-1.,-5.609547913896E-15,0.));
#1424 = ORIENTED_EDGE('',*,*,#1402,.T.);
#1425 = ORIENTED_EDGE('',*,*,#263,.F.);
#1426 = ORIENTED_EDGE('',*,*,#1427,.F.);
#1427 = EDGE_CURVE('',#1417,#256,#1428,.T.);
#1428 = LINE('',#1429,#1430);
#1429 = CARTESIAN_POINT('',(-40.9,-63.895,38.8));
#1430 = VECTOR('',#1431,1.);
#1431 = DIRECTION('',(0.,0.,1.));
#1432 = CYLINDRICAL_SURFACE('',#1433,3.8);
#1433 = AXIS2_PLACEMENT_3D('',#1434,#1435,#1436);
#1434 = CARTESIAN_POINT('',(-40.9,-60.095,38.8));
#1435 = DIRECTION('',(-0.,-0.,-1.));
#1436 = DIRECTION('',(-1.,-5.609547913896E-15,0.));
#1437 = ADVANCED_FACE('',(#1438),#1456,.F.);
#1438 = FACE_BOUND('',#1439,.F.);
#1439 = EDGE_LOOP('',(#1440,#1448,#1449,#1450));
#1440 = ORIENTED_EDGE('',*,*,#1441,.F.);
#1441 = EDGE_CURVE('',#1417,#1442,#1444,.T.);
#1442 = VERTEX_POINT('',#1443);
#1443 = CARTESIAN_POINT('',(40.9,-63.895,38.8));
#1444 = LINE('',#1445,#1446);
#1445 = CARTESIAN_POINT('',(-40.9,-63.895,38.8));
#1446 = VECTOR('',#1447,1.);
#1447 = DIRECTION('',(1.,0.,0.));
#1448 = ORIENTED_EDGE('',*,*,#1427,.T.);
#1449 = ORIENTED_EDGE('',*,*,#255,.F.);
#1450 = ORIENTED_EDGE('',*,*,#1451,.F.);
#1451 = EDGE_CURVE('',#1442,#247,#1452,.T.);
#1452 = LINE('',#1453,#1454);
#1453 = CARTESIAN_POINT('',(40.9,-63.895,38.8));
#1454 = VECTOR('',#1455,1.);
#1455 = DIRECTION('',(0.,0.,1.));
#1456 = PLANE('',#1457);
#1457 = AXIS2_PLACEMENT_3D('',#1458,#1459,#1460);
#1458 = CARTESIAN_POINT('',(-40.9,-63.895,38.8));
#1459 = DIRECTION('',(0.,1.,0.));
#1460 = DIRECTION('',(1.,0.,0.));
#1461 = ADVANCED_FACE('',(#1462),#1481,.T.);
#1462 = FACE_BOUND('',#1463,.F.);
#1463 = EDGE_LOOP('',(#1464,#1473,#1474,#1475));
#1464 = ORIENTED_EDGE('',*,*,#1465,.F.);
#1465 = EDGE_CURVE('',#1442,#1466,#1468,.T.);
#1466 = VERTEX_POINT('',#1467);
#1467 = CARTESIAN_POINT('',(44.7,-60.095,38.8));
#1468 = CIRCLE('',#1469,3.8);
#1469 = AXIS2_PLACEMENT_3D('',#1470,#1471,#1472);
#1470 = CARTESIAN_POINT('',(40.9,-60.095,38.8));
#1471 = DIRECTION('',(0.,0.,1.));
#1472 = DIRECTION('',(5.609547913896E-15,-1.,0.));
#1473 = ORIENTED_EDGE('',*,*,#1451,.T.);
#1474 = ORIENTED_EDGE('',*,*,#246,.F.);
#1475 = ORIENTED_EDGE('',*,*,#1476,.F.);
#1476 = EDGE_CURVE('',#1466,#239,#1477,.T.);
#1477 = LINE('',#1478,#1479);
#1478 = CARTESIAN_POINT('',(44.7,-60.095,38.8));
#1479 = VECTOR('',#1480,1.);
#1480 = DIRECTION('',(0.,0.,1.));
#1481 = CYLINDRICAL_SURFACE('',#1482,3.8);
#1482 = AXIS2_PLACEMENT_3D('',#1483,#1484,#1485);
#1483 = CARTESIAN_POINT('',(40.9,-60.095,38.8));
#1484 = DIRECTION('',(-0.,-0.,-1.));
#1485 = DIRECTION('',(5.609547913896E-15,-1.,0.));
#1486 = ADVANCED_FACE('',(#1487),#1505,.F.);
#1487 = FACE_BOUND('',#1488,.F.);
#1488 = EDGE_LOOP('',(#1489,#1497,#1498,#1499));
#1489 = ORIENTED_EDGE('',*,*,#1490,.F.);
#1490 = EDGE_CURVE('',#1466,#1491,#1493,.T.);
#1491 = VERTEX_POINT('',#1492);
#1492 = CARTESIAN_POINT('',(44.7,60.095,38.8));
#1493 = LINE('',#1494,#1495);
#1494 = CARTESIAN_POINT('',(44.7,-60.095,38.8));
#1495 = VECTOR('',#1496,1.);
#1496 = DIRECTION('',(0.,1.,0.));
#1497 = ORIENTED_EDGE('',*,*,#1476,.T.);
#1498 = ORIENTED_EDGE('',*,*,#238,.F.);
#1499 = ORIENTED_EDGE('',*,*,#1500,.F.);
#1500 = EDGE_CURVE('',#1491,#230,#1501,.T.);
#1501 = LINE('',#1502,#1503);
#1502 = CARTESIAN_POINT('',(44.7,60.095,38.8));
#1503 = VECTOR('',#1504,1.);
#1504 = DIRECTION('',(0.,0.,1.));
#1505 = PLANE('',#1506);
#1506 = AXIS2_PLACEMENT_3D('',#1507,#1508,#1509);
#1507 = CARTESIAN_POINT('',(44.7,-60.095,38.8));
#1508 = DIRECTION('',(-1.,0.,0.));
#1509 = DIRECTION('',(0.,1.,0.));
#1510 = ADVANCED_FACE('',(#1511),#1530,.T.);
#1511 = FACE_BOUND('',#1512,.F.);
#1512 = EDGE_LOOP('',(#1513,#1522,#1523,#1524));
#1513 = ORIENTED_EDGE('',*,*,#1514,.F.);
#1514 = EDGE_CURVE('',#1491,#1515,#1517,.T.);
#1515 = VERTEX_POINT('',#1516);
#1516 = CARTESIAN_POINT('',(40.9,63.895,38.8));
#1517 = CIRCLE('',#1518,3.8);
#1518 = AXIS2_PLACEMENT_3D('',#1519,#1520,#1521);
#1519 = CARTESIAN_POINT('',(40.9,60.095,38.8));
#1520 = DIRECTION('',(0.,0.,1.));
#1521 = DIRECTION('',(1.,5.609547913896E-15,-0.));
#1522 = ORIENTED_EDGE('',*,*,#1500,.T.);
#1523 = ORIENTED_EDGE('',*,*,#229,.F.);
#1524 = ORIENTED_EDGE('',*,*,#1525,.F.);
#1525 = EDGE_CURVE('',#1515,#222,#1526,.T.);
#1526 = LINE('',#1527,#1528);
#1527 = CARTESIAN_POINT('',(40.9,63.895,38.8));
#1528 = VECTOR('',#1529,1.);
#1529 = DIRECTION('',(0.,0.,1.));
#1530 = CYLINDRICAL_SURFACE('',#1531,3.8);
#1531 = AXIS2_PLACEMENT_3D('',#1532,#1533,#1534);
#1532 = CARTESIAN_POINT('',(40.9,60.095,38.8));
#1533 = DIRECTION('',(-0.,-0.,-1.));
#1534 = DIRECTION('',(1.,5.609547913896E-15,-0.));
#1535 = ADVANCED_FACE('',(#1536),#1554,.F.);
#1536 = FACE_BOUND('',#1537,.F.);
#1537 = EDGE_LOOP('',(#1538,#1546,#1547,#1548));
#1538 = ORIENTED_EDGE('',*,*,#1539,.F.);
#1539 = EDGE_CURVE('',#1515,#1540,#1542,.T.);
#1540 = VERTEX_POINT('',#1541);
#1541 = CARTESIAN_POINT('',(-40.9,63.895,38.8));
#1542 = LINE('',#1543,#1544);
#1543 = CARTESIAN_POINT('',(40.9,63.895,38.8));
#1544 = VECTOR('',#1545,1.);
#1545 = DIRECTION('',(-1.,0.,0.));
#1546 = ORIENTED_EDGE('',*,*,#1525,.T.);
#1547 = ORIENTED_EDGE('',*,*,#221,.F.);
#1548 = ORIENTED_EDGE('',*,*,#1549,.F.);
#1549 = EDGE_CURVE('',#1540,#213,#1550,.T.);
#1550 = LINE('',#1551,#1552);
#1551 = CARTESIAN_POINT('',(-40.9,63.895,38.8));
#1552 = VECTOR('',#1553,1.);
#1553 = DIRECTION('',(0.,0.,1.));
#1554 = PLANE('',#1555);
#1555 = AXIS2_PLACEMENT_3D('',#1556,#1557,#1558);
#1556 = CARTESIAN_POINT('',(40.9,63.895,38.8));
#1557 = DIRECTION('',(0.,-1.,0.));
#1558 = DIRECTION('',(-1.,0.,0.));
#1559 = ADVANCED_FACE('',(#1560),#1579,.T.);
#1560 = FACE_BOUND('',#1561,.F.);
#1561 = EDGE_LOOP('',(#1562,#1571,#1572,#1573));
#1562 = ORIENTED_EDGE('',*,*,#1563,.F.);
#1563 = EDGE_CURVE('',#1540,#1564,#1566,.T.);
#1564 = VERTEX_POINT('',#1565);
#1565 = CARTESIAN_POINT('',(-44.7,60.095,38.8));
#1566 = CIRCLE('',#1567,3.8);
#1567 = AXIS2_PLACEMENT_3D('',#1568,#1569,#1570);
#1568 = CARTESIAN_POINT('',(-40.9,60.095,38.8));
#1569 = DIRECTION('',(0.,0.,1.));
#1570 = DIRECTION('',(-5.609547913896E-15,1.,0.));
#1571 = ORIENTED_EDGE('',*,*,#1549,.T.);
#1572 = ORIENTED_EDGE('',*,*,#212,.F.);
#1573 = ORIENTED_EDGE('',*,*,#1574,.F.);
#1574 = EDGE_CURVE('',#1564,#205,#1575,.T.);
#1575 = LINE('',#1576,#1577);
#1576 = CARTESIAN_POINT('',(-44.7,60.095,38.8));
#1577 = VECTOR('',#1578,1.);
#1578 = DIRECTION('',(0.,0.,1.));
#1579 = CYLINDRICAL_SURFACE('',#1580,3.8);
#1580 = AXIS2_PLACEMENT_3D('',#1581,#1582,#1583);
#1581 = CARTESIAN_POINT('',(-40.9,60.095,38.8));
#1582 = DIRECTION('',(-0.,-0.,-1.));
#1583 = DIRECTION('',(-5.609547913896E-15,1.,0.));
#1584 = ADVANCED_FACE('',(#1585),#1604,.F.);
#1585 = FACE_BOUND('',#1586,.F.);
#1586 = EDGE_LOOP('',(#1587,#1595,#1596,#1597));
#1587 = ORIENTED_EDGE('',*,*,#1588,.F.);
#1588 = EDGE_CURVE('',#1564,#1589,#1591,.T.);
#1589 = VERTEX_POINT('',#1590);
#1590 = CARTESIAN_POINT('',(-44.7,21.767141687035,38.8));
#1591 = LINE('',#1592,#1593);
#1592 = CARTESIAN_POINT('',(-44.7,60.095,38.8));
#1593 = VECTOR('',#1594,1.);
#1594 = DIRECTION('',(0.,-1.,0.));
#1595 = ORIENTED_EDGE('',*,*,#1574,.T.);
#1596 = ORIENTED_EDGE('',*,*,#204,.F.);
#1597 = ORIENTED_EDGE('',*,*,#1598,.T.);
#1598 = EDGE_CURVE('',#197,#1589,#1599,.T.);
#1599 = CIRCLE('',#1600,2.3);
#1600 = AXIS2_PLACEMENT_3D('',#1601,#1602,#1603);
#1601 = CARTESIAN_POINT('',(-44.7,19.805,40.));
#1602 = DIRECTION('',(-1.,0.,0.));
#1603 = DIRECTION('',(0.,0.,-1.));
#1604 = PLANE('',#1605);
#1605 = AXIS2_PLACEMENT_3D('',#1606,#1607,#1608);
#1606 = CARTESIAN_POINT('',(-44.7,60.095,38.8));
#1607 = DIRECTION('',(1.,0.,-0.));
#1608 = DIRECTION('',(0.,-1.,0.));
#1609 = ADVANCED_FACE('',(#1610),#1655,.F.);
#1610 = FACE_BOUND('',#1611,.F.);
#1611 = EDGE_LOOP('',(#1612,#1622,#1631,#1637,#1638,#1639,#1640,#1648));
#1612 = ORIENTED_EDGE('',*,*,#1613,.F.);
#1613 = EDGE_CURVE('',#1614,#1616,#1618,.T.);
#1614 = VERTEX_POINT('',#1615);
#1615 = CARTESIAN_POINT('',(-44.,17.842858312965,38.8));
#1616 = VERTEX_POINT('',#1617);
#1617 = CARTESIAN_POINT('',(-44.7,17.842858312965,38.8));
#1618 = LINE('',#1619,#1620);
#1619 = CARTESIAN_POINT('',(-44.,17.842858312965,38.8));
#1620 = VECTOR('',#1621,1.);
#1621 = DIRECTION('',(-1.,0.,0.));
#1622 = ORIENTED_EDGE('',*,*,#1623,.T.);
#1623 = EDGE_CURVE('',#1614,#1624,#1626,.T.);
#1624 = VERTEX_POINT('',#1625);
#1625 = CARTESIAN_POINT('',(-44.,21.767141687035,38.8));
#1626 = CIRCLE('',#1627,2.3);
#1627 = AXIS2_PLACEMENT_3D('',#1628,#1629,#1630);
#1628 = CARTESIAN_POINT('',(-44.,19.805,40.));
#1629 = DIRECTION('',(-1.,0.,0.));
#1630 = DIRECTION('',(0.,0.,-1.));
#1631 = ORIENTED_EDGE('',*,*,#1632,.T.);
#1632 = EDGE_CURVE('',#1624,#1589,#1633,.T.);
#1633 = LINE('',#1634,#1635);
#1634 = CARTESIAN_POINT('',(-44.,21.767141687035,38.8));
#1635 = VECTOR('',#1636,1.);
#1636 = DIRECTION('',(-1.,0.,0.));
#1637 = ORIENTED_EDGE('',*,*,#1598,.F.);
#1638 = ORIENTED_EDGE('',*,*,#196,.T.);
#1639 = ORIENTED_EDGE('',*,*,#1352,.F.);
#1640 = ORIENTED_EDGE('',*,*,#1641,.F.);
#1641 = EDGE_CURVE('',#1642,#1345,#1644,.T.);
#1642 = VERTEX_POINT('',#1643);
#1643 = CARTESIAN_POINT('',(-44.7,17.505,40.));
#1644 = LINE('',#1645,#1646);
#1645 = CARTESIAN_POINT('',(-44.,17.505,40.));
#1646 = VECTOR('',#1647,1.);
#1647 = DIRECTION('',(-1.,0.,0.));
#1648 = ORIENTED_EDGE('',*,*,#1649,.F.);
#1649 = EDGE_CURVE('',#1616,#1642,#1650,.T.);
#1650 = CIRCLE('',#1651,2.3);
#1651 = AXIS2_PLACEMENT_3D('',#1652,#1653,#1654);
#1652 = CARTESIAN_POINT('',(-44.7,19.805,40.));
#1653 = DIRECTION('',(-1.,0.,0.));
#1654 = DIRECTION('',(0.,0.,-1.));
#1655 = CYLINDRICAL_SURFACE('',#1656,2.3);
#1656 = AXIS2_PLACEMENT_3D('',#1657,#1658,#1659);
#1657 = CARTESIAN_POINT('',(-44.,19.805,40.));
#1658 = DIRECTION('',(-1.,0.,0.));
#1659 = DIRECTION('',(0.,0.,-1.));
#1660 = ADVANCED_FACE('',(#1661),#1672,.T.);
#1661 = FACE_BOUND('',#1662,.F.);
#1662 = EDGE_LOOP('',(#1663,#1669,#1670,#1671));
#1663 = ORIENTED_EDGE('',*,*,#1664,.T.);
#1664 = EDGE_CURVE('',#172,#298,#1665,.T.);
#1665 = LINE('',#1666,#1667);
#1666 = CARTESIAN_POINT('',(-42.4,67.195,40.));
#1667 = VECTOR('',#1668,1.);
#1668 = DIRECTION('',(0.,0.,1.));
#1669 = ORIENTED_EDGE('',*,*,#305,.T.);
#1670 = ORIENTED_EDGE('',*,*,#1292,.F.);
#1671 = ORIENTED_EDGE('',*,*,#179,.F.);
#1672 = CYLINDRICAL_SURFACE('',#1673,5.6);
#1673 = AXIS2_PLACEMENT_3D('',#1674,#1675,#1676);
#1674 = CARTESIAN_POINT('',(-42.4,61.595,40.));
#1675 = DIRECTION('',(-0.,0.,-1.));
#1676 = DIRECTION('',(0.,1.,0.));
#1677 = ADVANCED_FACE('',(#1678),#1689,.F.);
#1678 = FACE_BOUND('',#1679,.F.);
#1679 = EDGE_LOOP('',(#1680,#1686,#1687,#1688));
#1680 = ORIENTED_EDGE('',*,*,#1681,.T.);
#1681 = EDGE_CURVE('',#163,#289,#1682,.T.);
#1682 = LINE('',#1683,#1684);
#1683 = CARTESIAN_POINT('',(42.4,67.195,40.));
#1684 = VECTOR('',#1685,1.);
#1685 = DIRECTION('',(0.,0.,1.));
#1686 = ORIENTED_EDGE('',*,*,#297,.T.);
#1687 = ORIENTED_EDGE('',*,*,#1664,.F.);
#1688 = ORIENTED_EDGE('',*,*,#171,.F.);
#1689 = PLANE('',#1690);
#1690 = AXIS2_PLACEMENT_3D('',#1691,#1692,#1693);
#1691 = CARTESIAN_POINT('',(42.4,67.195,40.));
#1692 = DIRECTION('',(0.,-1.,0.));
#1693 = DIRECTION('',(-1.,0.,0.));
#1694 = ADVANCED_FACE('',(#1695),#1701,.T.);
#1695 = FACE_BOUND('',#1696,.F.);
#1696 = EDGE_LOOP('',(#1697,#1698,#1699,#1700));
#1697 = ORIENTED_EDGE('',*,*,#1369,.T.);
#1698 = ORIENTED_EDGE('',*,*,#288,.T.);
#1699 = ORIENTED_EDGE('',*,*,#1681,.F.);
#1700 = ORIENTED_EDGE('',*,*,#162,.F.);
#1701 = CYLINDRICAL_SURFACE('',#1702,5.6);
#1702 = AXIS2_PLACEMENT_3D('',#1703,#1704,#1705);
#1703 = CARTESIAN_POINT('',(42.4,61.595,40.));
#1704 = DIRECTION('',(-0.,-0.,-1.));
#1705 = DIRECTION('',(1.,0.,-0.));
#1706 = ADVANCED_FACE('',(#1707),#1752,.F.);
#1707 = FACE_BOUND('',#1708,.F.);
#1708 = EDGE_LOOP('',(#1709,#1717,#1726,#1734,#1743,#1749,#1750,#1751));
#1709 = ORIENTED_EDGE('',*,*,#1710,.F.);
#1710 = EDGE_CURVE('',#1711,#1385,#1713,.T.);
#1711 = VERTEX_POINT('',#1712);
#1712 = CARTESIAN_POINT('',(-44.,2.602858312965,38.8));
#1713 = LINE('',#1714,#1715);
#1714 = CARTESIAN_POINT('',(-44.,2.602858312965,38.8));
#1715 = VECTOR('',#1716,1.);
#1716 = DIRECTION('',(-1.,0.,0.));
#1717 = ORIENTED_EDGE('',*,*,#1718,.T.);
#1718 = EDGE_CURVE('',#1711,#1719,#1721,.T.);
#1719 = VERTEX_POINT('',#1720);
#1720 = CARTESIAN_POINT('',(-44.,6.527141687035,38.8));
#1721 = CIRCLE('',#1722,2.3);
#1722 = AXIS2_PLACEMENT_3D('',#1723,#1724,#1725);
#1723 = CARTESIAN_POINT('',(-44.,4.565,40.));
#1724 = DIRECTION('',(-1.,0.,0.));
#1725 = DIRECTION('',(0.,0.,-1.));
#1726 = ORIENTED_EDGE('',*,*,#1727,.T.);
#1727 = EDGE_CURVE('',#1719,#1728,#1730,.T.);
#1728 = VERTEX_POINT('',#1729);
#1729 = CARTESIAN_POINT('',(-44.7,6.527141687035,38.8));
#1730 = LINE('',#1731,#1732);
#1731 = CARTESIAN_POINT('',(-44.,6.527141687035,38.8));
#1732 = VECTOR('',#1733,1.);
#1733 = DIRECTION('',(-1.,0.,0.));
#1734 = ORIENTED_EDGE('',*,*,#1735,.F.);
#1735 = EDGE_CURVE('',#1736,#1728,#1738,.T.);
#1736 = VERTEX_POINT('',#1737);
#1737 = CARTESIAN_POINT('',(-44.7,6.865,40.));
#1738 = CIRCLE('',#1739,2.3);
#1739 = AXIS2_PLACEMENT_3D('',#1740,#1741,#1742);
#1740 = CARTESIAN_POINT('',(-44.7,4.565,40.));
#1741 = DIRECTION('',(-1.,0.,0.));
#1742 = DIRECTION('',(0.,0.,-1.));
#1743 = ORIENTED_EDGE('',*,*,#1744,.T.);
#1744 = EDGE_CURVE('',#1736,#1302,#1745,.T.);
#1745 = LINE('',#1746,#1747);
#1746 = CARTESIAN_POINT('',(-44.,6.865,40.));
#1747 = VECTOR('',#1748,1.);
#1748 = DIRECTION('',(-1.,0.,0.));
#1749 = ORIENTED_EDGE('',*,*,#1301,.F.);
#1750 = ORIENTED_EDGE('',*,*,#137,.F.);
#1751 = ORIENTED_EDGE('',*,*,#1394,.F.);
#1752 = CYLINDRICAL_SURFACE('',#1753,2.3);
#1753 = AXIS2_PLACEMENT_3D('',#1754,#1755,#1756);
#1754 = CARTESIAN_POINT('',(-44.,4.565,40.));
#1755 = DIRECTION('',(-1.,0.,0.));
#1756 = DIRECTION('',(0.,0.,-1.));
#1757 = ADVANCED_FACE('',(#1758),#1811,.F.);
#1758 = FACE_BOUND('',#1759,.F.);
#1759 = EDGE_LOOP('',(#1760,#1761,#1769,#1778,#1786,#1795,#1803,#1810));
#1760 = ORIENTED_EDGE('',*,*,#323,.F.);
#1761 = ORIENTED_EDGE('',*,*,#1762,.F.);
#1762 = EDGE_CURVE('',#1763,#324,#1765,.T.);
#1763 = VERTEX_POINT('',#1764);
#1764 = CARTESIAN_POINT('',(-39.95,-60.795,40.));
#1765 = LINE('',#1766,#1767);
#1766 = CARTESIAN_POINT('',(-39.95,-60.795,38.));
#1767 = VECTOR('',#1768,1.);
#1768 = DIRECTION('',(0.,0.,1.));
#1769 = ORIENTED_EDGE('',*,*,#1770,.T.);
#1770 = EDGE_CURVE('',#1763,#1771,#1773,.T.);
#1771 = VERTEX_POINT('',#1772);
#1772 = CARTESIAN_POINT('',(-43.,-59.92178754017,40.));
#1773 = CIRCLE('',#1774,1.65);
#1774 = AXIS2_PLACEMENT_3D('',#1775,#1776,#1777);
#1775 = CARTESIAN_POINT('',(-41.6,-60.795,40.));
#1776 = DIRECTION('',(0.,0.,1.));
#1777 = DIRECTION('',(1.,0.,-0.));
#1778 = ORIENTED_EDGE('',*,*,#1779,.F.);
#1779 = EDGE_CURVE('',#1780,#1771,#1782,.T.);
#1780 = VERTEX_POINT('',#1781);
#1781 = CARTESIAN_POINT('',(-43.,-59.92178754017,38.8));
#1782 = LINE('',#1783,#1784);
#1783 = CARTESIAN_POINT('',(-43.,-59.92178754017,38.));
#1784 = VECTOR('',#1785,1.);
#1785 = DIRECTION('',(0.,0.,1.));
#1786 = ORIENTED_EDGE('',*,*,#1787,.T.);
#1787 = EDGE_CURVE('',#1780,#1788,#1790,.T.);
#1788 = VERTEX_POINT('',#1789);
#1789 = CARTESIAN_POINT('',(-40.72678754017,-62.195,38.8));
#1790 = CIRCLE('',#1791,1.65);
#1791 = AXIS2_PLACEMENT_3D('',#1792,#1793,#1794);
#1792 = CARTESIAN_POINT('',(-41.6,-60.795,38.8));
#1793 = DIRECTION('',(0.,0.,1.));
#1794 = DIRECTION('',(1.,0.,-0.));
#1795 = ORIENTED_EDGE('',*,*,#1796,.T.);
#1796 = EDGE_CURVE('',#1788,#1797,#1799,.T.);
#1797 = VERTEX_POINT('',#1798);
#1798 = CARTESIAN_POINT('',(-40.72678754017,-62.195,40.));
#1799 = LINE('',#1800,#1801);
#1800 = CARTESIAN_POINT('',(-40.72678754017,-62.195,38.));
#1801 = VECTOR('',#1802,1.);
#1802 = DIRECTION('',(0.,0.,1.));
#1803 = ORIENTED_EDGE('',*,*,#1804,.T.);
#1804 = EDGE_CURVE('',#1797,#1763,#1805,.T.);
#1805 = CIRCLE('',#1806,1.65);
#1806 = AXIS2_PLACEMENT_3D('',#1807,#1808,#1809);
#1807 = CARTESIAN_POINT('',(-41.6,-60.795,40.));
#1808 = DIRECTION('',(0.,0.,1.));
#1809 = DIRECTION('',(1.,0.,-0.));
#1810 = ORIENTED_EDGE('',*,*,#1762,.T.);
#1811 = CYLINDRICAL_SURFACE('',#1812,1.65);
#1812 = AXIS2_PLACEMENT_3D('',#1813,#1814,#1815);
#1813 = CARTESIAN_POINT('',(-41.6,-60.795,38.));
#1814 = DIRECTION('',(0.,0.,1.));
#1815 = DIRECTION('',(1.,0.,-0.));
#1816 = ADVANCED_FACE('',(#1817),#1842,.T.);
#1817 = FACE_BOUND('',#1818,.T.);
#1818 = EDGE_LOOP('',(#1819,#1827,#1835,#1841));
#1819 = ORIENTED_EDGE('',*,*,#1820,.F.);
#1820 = EDGE_CURVE('',#1821,#335,#1823,.T.);
#1821 = VERTEX_POINT('',#1822);
#1822 = CARTESIAN_POINT('',(-28.5,-39.,40.));
#1823 = LINE('',#1824,#1825);
#1824 = CARTESIAN_POINT('',(-28.5,-39.,38.));
#1825 = VECTOR('',#1826,1.);
#1826 = DIRECTION('',(0.,0.,1.));
#1827 = ORIENTED_EDGE('',*,*,#1828,.T.);
#1828 = EDGE_CURVE('',#1821,#1829,#1831,.T.);
#1829 = VERTEX_POINT('',#1830);
#1830 = CARTESIAN_POINT('',(-31.5,-39.,40.));
#1831 = LINE('',#1832,#1833);
#1832 = CARTESIAN_POINT('',(-15.75,-39.,40.));
#1833 = VECTOR('',#1834,1.);
#1834 = DIRECTION('',(-1.,-0.,0.));
#1835 = ORIENTED_EDGE('',*,*,#1836,.T.);
#1836 = EDGE_CURVE('',#1829,#337,#1837,.T.);
#1837 = LINE('',#1838,#1839);
#1838 = CARTESIAN_POINT('',(-31.5,-39.,38.));
#1839 = VECTOR('',#1840,1.);
#1840 = DIRECTION('',(0.,0.,1.));
#1841 = ORIENTED_EDGE('',*,*,#334,.F.);
#1842 = PLANE('',#1843);
#1843 = AXIS2_PLACEMENT_3D('',#1844,#1845,#1846);
#1844 = CARTESIAN_POINT('',(-31.5,-39.,38.));
#1845 = DIRECTION('',(-0.,1.,0.));
#1846 = DIRECTION('',(0.,0.,1.));
#1847 = ADVANCED_FACE('',(#1848),#1866,.F.);
#1848 = FACE_BOUND('',#1849,.F.);
#1849 = EDGE_LOOP('',(#1850,#1851,#1859,#1865));
#1850 = ORIENTED_EDGE('',*,*,#1820,.F.);
#1851 = ORIENTED_EDGE('',*,*,#1852,.T.);
#1852 = EDGE_CURVE('',#1821,#1853,#1855,.T.);
#1853 = VERTEX_POINT('',#1854);
#1854 = CARTESIAN_POINT('',(-28.5,-17.,40.));
#1855 = LINE('',#1856,#1857);
#1856 = CARTESIAN_POINT('',(-28.5,-19.5,40.));
#1857 = VECTOR('',#1858,1.);
#1858 = DIRECTION('',(-0.,1.,0.));
#1859 = ORIENTED_EDGE('',*,*,#1860,.T.);
#1860 = EDGE_CURVE('',#1853,#353,#1861,.T.);
#1861 = LINE('',#1862,#1863);
#1862 = CARTESIAN_POINT('',(-28.5,-17.,38.));
#1863 = VECTOR('',#1864,1.);
#1864 = DIRECTION('',(0.,0.,1.));
#1865 = ORIENTED_EDGE('',*,*,#360,.F.);
#1866 = PLANE('',#1867);
#1867 = AXIS2_PLACEMENT_3D('',#1868,#1869,#1870);
#1868 = CARTESIAN_POINT('',(-28.5,-39.,38.));
#1869 = DIRECTION('',(1.,0.,-0.));
#1870 = DIRECTION('',(0.,0.,1.));
#1871 = ADVANCED_FACE('',(#1872),#1890,.T.);
#1872 = FACE_BOUND('',#1873,.T.);
#1873 = EDGE_LOOP('',(#1874,#1875,#1883,#1889));
#1874 = ORIENTED_EDGE('',*,*,#1836,.F.);
#1875 = ORIENTED_EDGE('',*,*,#1876,.T.);
#1876 = EDGE_CURVE('',#1829,#1877,#1879,.T.);
#1877 = VERTEX_POINT('',#1878);
#1878 = CARTESIAN_POINT('',(-31.5,-17.,40.));
#1879 = LINE('',#1880,#1881);
#1880 = CARTESIAN_POINT('',(-31.5,-19.5,40.));
#1881 = VECTOR('',#1882,1.);
#1882 = DIRECTION('',(-0.,1.,0.));
#1883 = ORIENTED_EDGE('',*,*,#1884,.T.);
#1884 = EDGE_CURVE('',#1877,#345,#1885,.T.);
#1885 = LINE('',#1886,#1887);
#1886 = CARTESIAN_POINT('',(-31.5,-17.,38.));
#1887 = VECTOR('',#1888,1.);
#1888 = DIRECTION('',(0.,0.,1.));
#1889 = ORIENTED_EDGE('',*,*,#344,.F.);
#1890 = PLANE('',#1891);
#1891 = AXIS2_PLACEMENT_3D('',#1892,#1893,#1894);
#1892 = CARTESIAN_POINT('',(-31.5,-39.,38.));
#1893 = DIRECTION('',(1.,0.,-0.));
#1894 = DIRECTION('',(0.,0.,1.));
#1895 = ADVANCED_FACE('',(#1896),#1907,.F.);
#1896 = FACE_BOUND('',#1897,.F.);
#1897 = EDGE_LOOP('',(#1898,#1899,#1905,#1906));
#1898 = ORIENTED_EDGE('',*,*,#1860,.F.);
#1899 = ORIENTED_EDGE('',*,*,#1900,.T.);
#1900 = EDGE_CURVE('',#1853,#1877,#1901,.T.);
#1901 = LINE('',#1902,#1903);
#1902 = CARTESIAN_POINT('',(-15.75,-17.,40.));
#1903 = VECTOR('',#1904,1.);
#1904 = DIRECTION('',(-1.,-0.,0.));
#1905 = ORIENTED_EDGE('',*,*,#1884,.T.);
#1906 = ORIENTED_EDGE('',*,*,#352,.F.);
#1907 = PLANE('',#1908);
#1908 = AXIS2_PLACEMENT_3D('',#1909,#1910,#1911);
#1909 = CARTESIAN_POINT('',(-31.5,-17.,38.));
#1910 = DIRECTION('',(-0.,1.,0.));
#1911 = DIRECTION('',(0.,0.,1.));
#1912 = ADVANCED_FACE('',(#1913),#1938,.T.);
#1913 = FACE_BOUND('',#1914,.T.);
#1914 = EDGE_LOOP('',(#1915,#1923,#1931,#1937));
#1915 = ORIENTED_EDGE('',*,*,#1916,.F.);
#1916 = EDGE_CURVE('',#1917,#369,#1919,.T.);
#1917 = VERTEX_POINT('',#1918);
#1918 = CARTESIAN_POINT('',(-21.,-39.,40.));
#1919 = LINE('',#1920,#1921);
#1920 = CARTESIAN_POINT('',(-21.,-39.,38.));
#1921 = VECTOR('',#1922,1.);
#1922 = DIRECTION('',(0.,0.,1.));
#1923 = ORIENTED_EDGE('',*,*,#1924,.T.);
#1924 = EDGE_CURVE('',#1917,#1925,#1927,.T.);
#1925 = VERTEX_POINT('',#1926);
#1926 = CARTESIAN_POINT('',(-24.,-39.,40.));
#1927 = LINE('',#1928,#1929);
#1928 = CARTESIAN_POINT('',(-12.,-39.,40.));
#1929 = VECTOR('',#1930,1.);
#1930 = DIRECTION('',(-1.,-0.,0.));
#1931 = ORIENTED_EDGE('',*,*,#1932,.T.);
#1932 = EDGE_CURVE('',#1925,#371,#1933,.T.);
#1933 = LINE('',#1934,#1935);
#1934 = CARTESIAN_POINT('',(-24.,-39.,38.));
#1935 = VECTOR('',#1936,1.);
#1936 = DIRECTION('',(0.,0.,1.));
#1937 = ORIENTED_EDGE('',*,*,#368,.F.);
#1938 = PLANE('',#1939);
#1939 = AXIS2_PLACEMENT_3D('',#1940,#1941,#1942);
#1940 = CARTESIAN_POINT('',(-24.,-39.,38.));
#1941 = DIRECTION('',(-0.,1.,0.));
#1942 = DIRECTION('',(0.,0.,1.));
#1943 = ADVANCED_FACE('',(#1944),#1962,.F.);
#1944 = FACE_BOUND('',#1945,.F.);
#1945 = EDGE_LOOP('',(#1946,#1947,#1955,#1961));
#1946 = ORIENTED_EDGE('',*,*,#1916,.F.);
#1947 = ORIENTED_EDGE('',*,*,#1948,.T.);
#1948 = EDGE_CURVE('',#1917,#1949,#1951,.T.);
#1949 = VERTEX_POINT('',#1950);
#1950 = CARTESIAN_POINT('',(-21.,-17.,40.));
#1951 = LINE('',#1952,#1953);
#1952 = CARTESIAN_POINT('',(-21.,-19.5,40.));
#1953 = VECTOR('',#1954,1.);
#1954 = DIRECTION('',(-0.,1.,0.));
#1955 = ORIENTED_EDGE('',*,*,#1956,.T.);
#1956 = EDGE_CURVE('',#1949,#387,#1957,.T.);
#1957 = LINE('',#1958,#1959);
#1958 = CARTESIAN_POINT('',(-21.,-17.,38.));
#1959 = VECTOR('',#1960,1.);
#1960 = DIRECTION('',(0.,0.,1.));
#1961 = ORIENTED_EDGE('',*,*,#394,.F.);
#1962 = PLANE('',#1963);
#1963 = AXIS2_PLACEMENT_3D('',#1964,#1965,#1966);
#1964 = CARTESIAN_POINT('',(-21.,-39.,38.));
#1965 = DIRECTION('',(1.,0.,-0.));
#1966 = DIRECTION('',(0.,0.,1.));
#1967 = ADVANCED_FACE('',(#1968),#1986,.T.);
#1968 = FACE_BOUND('',#1969,.T.);
#1969 = EDGE_LOOP('',(#1970,#1971,#1979,#1985));
#1970 = ORIENTED_EDGE('',*,*,#1932,.F.);
#1971 = ORIENTED_EDGE('',*,*,#1972,.T.);
#1972 = EDGE_CURVE('',#1925,#1973,#1975,.T.);
#1973 = VERTEX_POINT('',#1974);
#1974 = CARTESIAN_POINT('',(-24.,-17.,40.));
#1975 = LINE('',#1976,#1977);
#1976 = CARTESIAN_POINT('',(-24.,-19.5,40.));
#1977 = VECTOR('',#1978,1.);
#1978 = DIRECTION('',(-0.,1.,0.));
#1979 = ORIENTED_EDGE('',*,*,#1980,.T.);
#1980 = EDGE_CURVE('',#1973,#379,#1981,.T.);
#1981 = LINE('',#1982,#1983);
#1982 = CARTESIAN_POINT('',(-24.,-17.,38.));
#1983 = VECTOR('',#1984,1.);
#1984 = DIRECTION('',(0.,0.,1.));
#1985 = ORIENTED_EDGE('',*,*,#378,.F.);
#1986 = PLANE('',#1987);
#1987 = AXIS2_PLACEMENT_3D('',#1988,#1989,#1990);
#1988 = CARTESIAN_POINT('',(-24.,-39.,38.));
#1989 = DIRECTION('',(1.,0.,-0.));
#1990 = DIRECTION('',(0.,0.,1.));
#1991 = ADVANCED_FACE('',(#1992),#2003,.F.);
#1992 = FACE_BOUND('',#1993,.F.);
#1993 = EDGE_LOOP('',(#1994,#1995,#2001,#2002));
#1994 = ORIENTED_EDGE('',*,*,#1956,.F.);
#1995 = ORIENTED_EDGE('',*,*,#1996,.T.);
#1996 = EDGE_CURVE('',#1949,#1973,#1997,.T.);
#1997 = LINE('',#1998,#1999);
#1998 = CARTESIAN_POINT('',(-12.,-17.,40.));
#1999 = VECTOR('',#2000,1.);
#2000 = DIRECTION('',(-1.,-0.,0.));
#2001 = ORIENTED_EDGE('',*,*,#1980,.T.);
#2002 = ORIENTED_EDGE('',*,*,#386,.F.);
#2003 = PLANE('',#2004);
#2004 = AXIS2_PLACEMENT_3D('',#2005,#2006,#2007);
#2005 = CARTESIAN_POINT('',(-24.,-17.,38.));
#2006 = DIRECTION('',(-0.,1.,0.));
#2007 = DIRECTION('',(0.,0.,1.));
#2008 = ADVANCED_FACE('',(#2009),#2034,.T.);
#2009 = FACE_BOUND('',#2010,.T.);
#2010 = EDGE_LOOP('',(#2011,#2019,#2027,#2033));
#2011 = ORIENTED_EDGE('',*,*,#2012,.F.);
#2012 = EDGE_CURVE('',#2013,#403,#2015,.T.);
#2013 = VERTEX_POINT('',#2014);
#2014 = CARTESIAN_POINT('',(-13.5,-39.,40.));
#2015 = LINE('',#2016,#2017);
#2016 = CARTESIAN_POINT('',(-13.5,-39.,38.));
#2017 = VECTOR('',#2018,1.);
#2018 = DIRECTION('',(0.,0.,1.));
#2019 = ORIENTED_EDGE('',*,*,#2020,.T.);
#2020 = EDGE_CURVE('',#2013,#2021,#2023,.T.);
#2021 = VERTEX_POINT('',#2022);
#2022 = CARTESIAN_POINT('',(-16.5,-39.,40.));
#2023 = LINE('',#2024,#2025);
#2024 = CARTESIAN_POINT('',(-8.25,-39.,40.));
#2025 = VECTOR('',#2026,1.);
#2026 = DIRECTION('',(-1.,-0.,0.));
#2027 = ORIENTED_EDGE('',*,*,#2028,.T.);
#2028 = EDGE_CURVE('',#2021,#405,#2029,.T.);
#2029 = LINE('',#2030,#2031);
#2030 = CARTESIAN_POINT('',(-16.5,-39.,38.));
#2031 = VECTOR('',#2032,1.);
#2032 = DIRECTION('',(0.,0.,1.));
#2033 = ORIENTED_EDGE('',*,*,#402,.F.);
#2034 = PLANE('',#2035);
#2035 = AXIS2_PLACEMENT_3D('',#2036,#2037,#2038);
#2036 = CARTESIAN_POINT('',(-16.5,-39.,38.));
#2037 = DIRECTION('',(-0.,1.,0.));
#2038 = DIRECTION('',(0.,0.,1.));
#2039 = ADVANCED_FACE('',(#2040),#2058,.F.);
#2040 = FACE_BOUND('',#2041,.F.);
#2041 = EDGE_LOOP('',(#2042,#2043,#2051,#2057));
#2042 = ORIENTED_EDGE('',*,*,#2012,.F.);
#2043 = ORIENTED_EDGE('',*,*,#2044,.T.);
#2044 = EDGE_CURVE('',#2013,#2045,#2047,.T.);
#2045 = VERTEX_POINT('',#2046);
#2046 = CARTESIAN_POINT('',(-13.5,-17.,40.));
#2047 = LINE('',#2048,#2049);
#2048 = CARTESIAN_POINT('',(-13.5,-19.5,40.));
#2049 = VECTOR('',#2050,1.);
#2050 = DIRECTION('',(-0.,1.,0.));
#2051 = ORIENTED_EDGE('',*,*,#2052,.T.);
#2052 = EDGE_CURVE('',#2045,#421,#2053,.T.);
#2053 = LINE('',#2054,#2055);
#2054 = CARTESIAN_POINT('',(-13.5,-17.,38.));
#2055 = VECTOR('',#2056,1.);
#2056 = DIRECTION('',(0.,0.,1.));
#2057 = ORIENTED_EDGE('',*,*,#428,.F.);
#2058 = PLANE('',#2059);
#2059 = AXIS2_PLACEMENT_3D('',#2060,#2061,#2062);
#2060 = CARTESIAN_POINT('',(-13.5,-39.,38.));
#2061 = DIRECTION('',(1.,0.,-0.));
#2062 = DIRECTION('',(0.,0.,1.));
#2063 = ADVANCED_FACE('',(#2064),#2082,.T.);
#2064 = FACE_BOUND('',#2065,.T.);
#2065 = EDGE_LOOP('',(#2066,#2067,#2075,#2081));
#2066 = ORIENTED_EDGE('',*,*,#2028,.F.);
#2067 = ORIENTED_EDGE('',*,*,#2068,.T.);
#2068 = EDGE_CURVE('',#2021,#2069,#2071,.T.);
#2069 = VERTEX_POINT('',#2070);
#2070 = CARTESIAN_POINT('',(-16.5,-17.,40.));
#2071 = LINE('',#2072,#2073);
#2072 = CARTESIAN_POINT('',(-16.5,-19.5,40.));
#2073 = VECTOR('',#2074,1.);
#2074 = DIRECTION('',(-0.,1.,0.));
#2075 = ORIENTED_EDGE('',*,*,#2076,.T.);
#2076 = EDGE_CURVE('',#2069,#413,#2077,.T.);
#2077 = LINE('',#2078,#2079);
#2078 = CARTESIAN_POINT('',(-16.5,-17.,38.));
#2079 = VECTOR('',#2080,1.);
#2080 = DIRECTION('',(0.,0.,1.));
#2081 = ORIENTED_EDGE('',*,*,#412,.F.);
#2082 = PLANE('',#2083);
#2083 = AXIS2_PLACEMENT_3D('',#2084,#2085,#2086);
#2084 = CARTESIAN_POINT('',(-16.5,-39.,38.));
#2085 = DIRECTION('',(1.,0.,-0.));
#2086 = DIRECTION('',(0.,0.,1.));
#2087 = ADVANCED_FACE('',(#2088),#2099,.F.);
#2088 = FACE_BOUND('',#2089,.F.);
#2089 = EDGE_LOOP('',(#2090,#2091,#2097,#2098));
#2090 = ORIENTED_EDGE('',*,*,#2052,.F.);
#2091 = ORIENTED_EDGE('',*,*,#2092,.T.);
#2092 = EDGE_CURVE('',#2045,#2069,#2093,.T.);
#2093 = LINE('',#2094,#2095);
#2094 = CARTESIAN_POINT('',(-8.25,-17.,40.));
#2095 = VECTOR('',#2096,1.);
#2096 = DIRECTION('',(-1.,-0.,0.));
#2097 = ORIENTED_EDGE('',*,*,#2076,.T.);
#2098 = ORIENTED_EDGE('',*,*,#420,.F.);
#2099 = PLANE('',#2100);
#2100 = AXIS2_PLACEMENT_3D('',#2101,#2102,#2103);
#2101 = CARTESIAN_POINT('',(-16.5,-17.,38.));
#2102 = DIRECTION('',(-0.,1.,0.));
#2103 = DIRECTION('',(0.,0.,1.));
#2104 = ADVANCED_FACE('',(#2105),#2130,.T.);
#2105 = FACE_BOUND('',#2106,.T.);
#2106 = EDGE_LOOP('',(#2107,#2115,#2123,#2129));
#2107 = ORIENTED_EDGE('',*,*,#2108,.F.);
#2108 = EDGE_CURVE('',#2109,#437,#2111,.T.);
#2109 = VERTEX_POINT('',#2110);
#2110 = CARTESIAN_POINT('',(-6.,-39.,40.));
#2111 = LINE('',#2112,#2113);
#2112 = CARTESIAN_POINT('',(-6.,-39.,38.));
#2113 = VECTOR('',#2114,1.);
#2114 = DIRECTION('',(0.,0.,1.));
#2115 = ORIENTED_EDGE('',*,*,#2116,.T.);
#2116 = EDGE_CURVE('',#2109,#2117,#2119,.T.);
#2117 = VERTEX_POINT('',#2118);
#2118 = CARTESIAN_POINT('',(-9.,-39.,40.));
#2119 = LINE('',#2120,#2121);
#2120 = CARTESIAN_POINT('',(-4.5,-39.,40.));
#2121 = VECTOR('',#2122,1.);
#2122 = DIRECTION('',(-1.,-0.,0.));
#2123 = ORIENTED_EDGE('',*,*,#2124,.T.);
#2124 = EDGE_CURVE('',#2117,#439,#2125,.T.);
#2125 = LINE('',#2126,#2127);
#2126 = CARTESIAN_POINT('',(-9.,-39.,38.));
#2127 = VECTOR('',#2128,1.);
#2128 = DIRECTION('',(0.,0.,1.));
#2129 = ORIENTED_EDGE('',*,*,#436,.F.);
#2130 = PLANE('',#2131);
#2131 = AXIS2_PLACEMENT_3D('',#2132,#2133,#2134);
#2132 = CARTESIAN_POINT('',(-9.,-39.,38.));
#2133 = DIRECTION('',(-0.,1.,0.));
#2134 = DIRECTION('',(0.,0.,1.));
#2135 = ADVANCED_FACE('',(#2136),#2154,.F.);
#2136 = FACE_BOUND('',#2137,.F.);
#2137 = EDGE_LOOP('',(#2138,#2139,#2147,#2153));
#2138 = ORIENTED_EDGE('',*,*,#2108,.F.);
#2139 = ORIENTED_EDGE('',*,*,#2140,.T.);
#2140 = EDGE_CURVE('',#2109,#2141,#2143,.T.);
#2141 = VERTEX_POINT('',#2142);
#2142 = CARTESIAN_POINT('',(-6.,-17.,40.));
#2143 = LINE('',#2144,#2145);
#2144 = CARTESIAN_POINT('',(-6.,-19.5,40.));
#2145 = VECTOR('',#2146,1.);
#2146 = DIRECTION('',(-0.,1.,0.));
#2147 = ORIENTED_EDGE('',*,*,#2148,.T.);
#2148 = EDGE_CURVE('',#2141,#455,#2149,.T.);
#2149 = LINE('',#2150,#2151);
#2150 = CARTESIAN_POINT('',(-6.,-17.,38.));
#2151 = VECTOR('',#2152,1.);
#2152 = DIRECTION('',(0.,0.,1.));
#2153 = ORIENTED_EDGE('',*,*,#462,.F.);
#2154 = PLANE('',#2155);
#2155 = AXIS2_PLACEMENT_3D('',#2156,#2157,#2158);
#2156 = CARTESIAN_POINT('',(-6.,-39.,38.));
#2157 = DIRECTION('',(1.,0.,-0.));
#2158 = DIRECTION('',(0.,0.,1.));
#2159 = ADVANCED_FACE('',(#2160),#2178,.T.);
#2160 = FACE_BOUND('',#2161,.T.);
#2161 = EDGE_LOOP('',(#2162,#2163,#2171,#2177));
#2162 = ORIENTED_EDGE('',*,*,#2124,.F.);
#2163 = ORIENTED_EDGE('',*,*,#2164,.T.);
#2164 = EDGE_CURVE('',#2117,#2165,#2167,.T.);
#2165 = VERTEX_POINT('',#2166);
#2166 = CARTESIAN_POINT('',(-9.,-17.,40.));
#2167 = LINE('',#2168,#2169);
#2168 = CARTESIAN_POINT('',(-9.,-19.5,40.));
#2169 = VECTOR('',#2170,1.);
#2170 = DIRECTION('',(-0.,1.,0.));
#2171 = ORIENTED_EDGE('',*,*,#2172,.T.);
#2172 = EDGE_CURVE('',#2165,#447,#2173,.T.);
#2173 = LINE('',#2174,#2175);
#2174 = CARTESIAN_POINT('',(-9.,-17.,38.));
#2175 = VECTOR('',#2176,1.);
#2176 = DIRECTION('',(0.,0.,1.));
#2177 = ORIENTED_EDGE('',*,*,#446,.F.);
#2178 = PLANE('',#2179);
#2179 = AXIS2_PLACEMENT_3D('',#2180,#2181,#2182);
#2180 = CARTESIAN_POINT('',(-9.,-39.,38.));
#2181 = DIRECTION('',(1.,0.,-0.));
#2182 = DIRECTION('',(0.,0.,1.));
#2183 = ADVANCED_FACE('',(#2184),#2195,.F.);
#2184 = FACE_BOUND('',#2185,.F.);
#2185 = EDGE_LOOP('',(#2186,#2187,#2193,#2194));
#2186 = ORIENTED_EDGE('',*,*,#2148,.F.);
#2187 = ORIENTED_EDGE('',*,*,#2188,.T.);
#2188 = EDGE_CURVE('',#2141,#2165,#2189,.T.);
#2189 = LINE('',#2190,#2191);
#2190 = CARTESIAN_POINT('',(-4.5,-17.,40.));
#2191 = VECTOR('',#2192,1.);
#2192 = DIRECTION('',(-1.,-0.,0.));
#2193 = ORIENTED_EDGE('',*,*,#2172,.T.);
#2194 = ORIENTED_EDGE('',*,*,#454,.F.);
#2195 = PLANE('',#2196);
#2196 = AXIS2_PLACEMENT_3D('',#2197,#2198,#2199);
#2197 = CARTESIAN_POINT('',(-9.,-17.,38.));
#2198 = DIRECTION('',(-0.,1.,0.));
#2199 = DIRECTION('',(0.,0.,1.));
#2200 = ADVANCED_FACE('',(#2201),#2254,.F.);
#2201 = FACE_BOUND('',#2202,.F.);
#2202 = EDGE_LOOP('',(#2203,#2204,#2212,#2221,#2229,#2238,#2246,#2253));
#2203 = ORIENTED_EDGE('',*,*,#470,.F.);
#2204 = ORIENTED_EDGE('',*,*,#2205,.F.);
#2205 = EDGE_CURVE('',#2206,#471,#2208,.T.);
#2206 = VERTEX_POINT('',#2207);
#2207 = CARTESIAN_POINT('',(43.25,-60.795,38.8));
#2208 = LINE('',#2209,#2210);
#2209 = CARTESIAN_POINT('',(43.25,-60.795,38.));
#2210 = VECTOR('',#2211,1.);
#2211 = DIRECTION('',(0.,0.,1.));
#2212 = ORIENTED_EDGE('',*,*,#2213,.T.);
#2213 = EDGE_CURVE('',#2206,#2214,#2216,.T.);
#2214 = VERTEX_POINT('',#2215);
#2215 = CARTESIAN_POINT('',(43.,-59.92178754017,38.8));
#2216 = CIRCLE('',#2217,1.65);
#2217 = AXIS2_PLACEMENT_3D('',#2218,#2219,#2220);
#2218 = CARTESIAN_POINT('',(41.6,-60.795,38.8));
#2219 = DIRECTION('',(0.,0.,1.));
#2220 = DIRECTION('',(1.,0.,-0.));
#2221 = ORIENTED_EDGE('',*,*,#2222,.T.);
#2222 = EDGE_CURVE('',#2214,#2223,#2225,.T.);
#2223 = VERTEX_POINT('',#2224);
#2224 = CARTESIAN_POINT('',(43.,-59.92178754017,40.));
#2225 = LINE('',#2226,#2227);
#2226 = CARTESIAN_POINT('',(43.,-59.92178754017,38.));
#2227 = VECTOR('',#2228,1.);
#2228 = DIRECTION('',(0.,0.,1.));
#2229 = ORIENTED_EDGE('',*,*,#2230,.T.);
#2230 = EDGE_CURVE('',#2223,#2231,#2233,.T.);
#2231 = VERTEX_POINT('',#2232);
#2232 = CARTESIAN_POINT('',(40.726787540171,-62.195,40.));
#2233 = CIRCLE('',#2234,1.65);
#2234 = AXIS2_PLACEMENT_3D('',#2235,#2236,#2237);
#2235 = CARTESIAN_POINT('',(41.6,-60.795,40.));
#2236 = DIRECTION('',(0.,0.,1.));
#2237 = DIRECTION('',(1.,0.,-0.));
#2238 = ORIENTED_EDGE('',*,*,#2239,.F.);
#2239 = EDGE_CURVE('',#2240,#2231,#2242,.T.);
#2240 = VERTEX_POINT('',#2241);
#2241 = CARTESIAN_POINT('',(40.726787540171,-62.195,38.8));
#2242 = LINE('',#2243,#2244);
#2243 = CARTESIAN_POINT('',(40.726787540171,-62.195,38.));
#2244 = VECTOR('',#2245,1.);
#2245 = DIRECTION('',(0.,0.,1.));
#2246 = ORIENTED_EDGE('',*,*,#2247,.T.);
#2247 = EDGE_CURVE('',#2240,#2206,#2248,.T.);
#2248 = CIRCLE('',#2249,1.65);
#2249 = AXIS2_PLACEMENT_3D('',#2250,#2251,#2252);
#2250 = CARTESIAN_POINT('',(41.6,-60.795,38.8));
#2251 = DIRECTION('',(0.,0.,1.));
#2252 = DIRECTION('',(1.,0.,-0.));
#2253 = ORIENTED_EDGE('',*,*,#2205,.T.);
#2254 = CYLINDRICAL_SURFACE('',#2255,1.65);
#2255 = AXIS2_PLACEMENT_3D('',#2256,#2257,#2258);
#2256 = CARTESIAN_POINT('',(41.6,-60.795,38.));
#2257 = DIRECTION('',(0.,0.,1.));
#2258 = DIRECTION('',(1.,0.,-0.));
#2259 = ADVANCED_FACE('',(#2260),#2285,.T.);
#2260 = FACE_BOUND('',#2261,.T.);
#2261 = EDGE_LOOP('',(#2262,#2270,#2278,#2284));
#2262 = ORIENTED_EDGE('',*,*,#2263,.F.);
#2263 = EDGE_CURVE('',#2264,#482,#2266,.T.);
#2264 = VERTEX_POINT('',#2265);
#2265 = CARTESIAN_POINT('',(1.5,-39.,40.));
#2266 = LINE('',#2267,#2268);
#2267 = CARTESIAN_POINT('',(1.5,-39.,38.));
#2268 = VECTOR('',#2269,1.);
#2269 = DIRECTION('',(0.,0.,1.));
#2270 = ORIENTED_EDGE('',*,*,#2271,.T.);
#2271 = EDGE_CURVE('',#2264,#2272,#2274,.T.);
#2272 = VERTEX_POINT('',#2273);
#2273 = CARTESIAN_POINT('',(-1.5,-39.,40.));
#2274 = LINE('',#2275,#2276);
#2275 = CARTESIAN_POINT('',(-0.75,-39.,40.));
#2276 = VECTOR('',#2277,1.);
#2277 = DIRECTION('',(-1.,-0.,0.));
#2278 = ORIENTED_EDGE('',*,*,#2279,.T.);
#2279 = EDGE_CURVE('',#2272,#484,#2280,.T.);
#2280 = LINE('',#2281,#2282);
#2281 = CARTESIAN_POINT('',(-1.5,-39.,38.));
#2282 = VECTOR('',#2283,1.);
#2283 = DIRECTION('',(0.,0.,1.));
#2284 = ORIENTED_EDGE('',*,*,#481,.F.);
#2285 = PLANE('',#2286);
#2286 = AXIS2_PLACEMENT_3D('',#2287,#2288,#2289);
#2287 = CARTESIAN_POINT('',(-1.5,-39.,38.));
#2288 = DIRECTION('',(-0.,1.,0.));
#2289 = DIRECTION('',(0.,0.,1.));
#2290 = ADVANCED_FACE('',(#2291),#2309,.F.);
#2291 = FACE_BOUND('',#2292,.F.);
#2292 = EDGE_LOOP('',(#2293,#2294,#2302,#2308));
#2293 = ORIENTED_EDGE('',*,*,#2263,.F.);
#2294 = ORIENTED_EDGE('',*,*,#2295,.T.);
#2295 = EDGE_CURVE('',#2264,#2296,#2298,.T.);
#2296 = VERTEX_POINT('',#2297);
#2297 = CARTESIAN_POINT('',(1.5,-17.,40.));
#2298 = LINE('',#2299,#2300);
#2299 = CARTESIAN_POINT('',(1.5,-19.5,40.));
#2300 = VECTOR('',#2301,1.);
#2301 = DIRECTION('',(-0.,1.,0.));
#2302 = ORIENTED_EDGE('',*,*,#2303,.T.);
#2303 = EDGE_CURVE('',#2296,#500,#2304,.T.);
#2304 = LINE('',#2305,#2306);
#2305 = CARTESIAN_POINT('',(1.5,-17.,38.));
#2306 = VECTOR('',#2307,1.);
#2307 = DIRECTION('',(0.,0.,1.));
#2308 = ORIENTED_EDGE('',*,*,#507,.F.);
#2309 = PLANE('',#2310);
#2310 = AXIS2_PLACEMENT_3D('',#2311,#2312,#2313);
#2311 = CARTESIAN_POINT('',(1.5,-39.,38.));
#2312 = DIRECTION('',(1.,0.,-0.));
#2313 = DIRECTION('',(0.,0.,1.));
#2314 = ADVANCED_FACE('',(#2315),#2333,.T.);
#2315 = FACE_BOUND('',#2316,.T.);
#2316 = EDGE_LOOP('',(#2317,#2318,#2326,#2332));
#2317 = ORIENTED_EDGE('',*,*,#2279,.F.);
#2318 = ORIENTED_EDGE('',*,*,#2319,.T.);
#2319 = EDGE_CURVE('',#2272,#2320,#2322,.T.);
#2320 = VERTEX_POINT('',#2321);
#2321 = CARTESIAN_POINT('',(-1.5,-17.,40.));
#2322 = LINE('',#2323,#2324);
#2323 = CARTESIAN_POINT('',(-1.5,-19.5,40.));
#2324 = VECTOR('',#2325,1.);
#2325 = DIRECTION('',(-0.,1.,0.));
#2326 = ORIENTED_EDGE('',*,*,#2327,.T.);
#2327 = EDGE_CURVE('',#2320,#492,#2328,.T.);
#2328 = LINE('',#2329,#2330);
#2329 = CARTESIAN_POINT('',(-1.5,-17.,38.));
#2330 = VECTOR('',#2331,1.);
#2331 = DIRECTION('',(0.,0.,1.));
#2332 = ORIENTED_EDGE('',*,*,#491,.F.);
#2333 = PLANE('',#2334);
#2334 = AXIS2_PLACEMENT_3D('',#2335,#2336,#2337);
#2335 = CARTESIAN_POINT('',(-1.5,-39.,38.));
#2336 = DIRECTION('',(1.,0.,-0.));
#2337 = DIRECTION('',(0.,0.,1.));
#2338 = ADVANCED_FACE('',(#2339),#2350,.F.);
#2339 = FACE_BOUND('',#2340,.F.);
#2340 = EDGE_LOOP('',(#2341,#2342,#2348,#2349));
#2341 = ORIENTED_EDGE('',*,*,#2303,.F.);
#2342 = ORIENTED_EDGE('',*,*,#2343,.T.);
#2343 = EDGE_CURVE('',#2296,#2320,#2344,.T.);
#2344 = LINE('',#2345,#2346);
#2345 = CARTESIAN_POINT('',(-0.75,-17.,40.));
#2346 = VECTOR('',#2347,1.);
#2347 = DIRECTION('',(-1.,-0.,0.));
#2348 = ORIENTED_EDGE('',*,*,#2327,.T.);
#2349 = ORIENTED_EDGE('',*,*,#499,.F.);
#2350 = PLANE('',#2351);
#2351 = AXIS2_PLACEMENT_3D('',#2352,#2353,#2354);
#2352 = CARTESIAN_POINT('',(-1.5,-17.,38.));
#2353 = DIRECTION('',(-0.,1.,0.));
#2354 = DIRECTION('',(0.,0.,1.));
#2355 = ADVANCED_FACE('',(#2356),#2381,.T.);
#2356 = FACE_BOUND('',#2357,.T.);
#2357 = EDGE_LOOP('',(#2358,#2366,#2374,#2380));
#2358 = ORIENTED_EDGE('',*,*,#2359,.F.);
#2359 = EDGE_CURVE('',#2360,#516,#2362,.T.);
#2360 = VERTEX_POINT('',#2361);
#2361 = CARTESIAN_POINT('',(9.,-39.,40.));
#2362 = LINE('',#2363,#2364);
#2363 = CARTESIAN_POINT('',(9.,-39.,38.));
#2364 = VECTOR('',#2365,1.);
#2365 = DIRECTION('',(0.,0.,1.));
#2366 = ORIENTED_EDGE('',*,*,#2367,.T.);
#2367 = EDGE_CURVE('',#2360,#2368,#2370,.T.);
#2368 = VERTEX_POINT('',#2369);
#2369 = CARTESIAN_POINT('',(6.,-39.,40.));
#2370 = LINE('',#2371,#2372);
#2371 = CARTESIAN_POINT('',(3.,-39.,40.));
#2372 = VECTOR('',#2373,1.);
#2373 = DIRECTION('',(-1.,-0.,0.));
#2374 = ORIENTED_EDGE('',*,*,#2375,.T.);
#2375 = EDGE_CURVE('',#2368,#518,#2376,.T.);
#2376 = LINE('',#2377,#2378);
#2377 = CARTESIAN_POINT('',(6.,-39.,38.));
#2378 = VECTOR('',#2379,1.);
#2379 = DIRECTION('',(0.,0.,1.));
#2380 = ORIENTED_EDGE('',*,*,#515,.F.);
#2381 = PLANE('',#2382);
#2382 = AXIS2_PLACEMENT_3D('',#2383,#2384,#2385);
#2383 = CARTESIAN_POINT('',(6.,-39.,38.));
#2384 = DIRECTION('',(-0.,1.,0.));
#2385 = DIRECTION('',(0.,0.,1.));
#2386 = ADVANCED_FACE('',(#2387),#2405,.F.);
#2387 = FACE_BOUND('',#2388,.F.);
#2388 = EDGE_LOOP('',(#2389,#2390,#2398,#2404));
#2389 = ORIENTED_EDGE('',*,*,#2359,.F.);
#2390 = ORIENTED_EDGE('',*,*,#2391,.T.);
#2391 = EDGE_CURVE('',#2360,#2392,#2394,.T.);
#2392 = VERTEX_POINT('',#2393);
#2393 = CARTESIAN_POINT('',(9.,-17.,40.));
#2394 = LINE('',#2395,#2396);
#2395 = CARTESIAN_POINT('',(9.,-19.5,40.));
#2396 = VECTOR('',#2397,1.);
#2397 = DIRECTION('',(-0.,1.,0.));
#2398 = ORIENTED_EDGE('',*,*,#2399,.T.);
#2399 = EDGE_CURVE('',#2392,#534,#2400,.T.);
#2400 = LINE('',#2401,#2402);
#2401 = CARTESIAN_POINT('',(9.,-17.,38.));
#2402 = VECTOR('',#2403,1.);
#2403 = DIRECTION('',(0.,0.,1.));
#2404 = ORIENTED_EDGE('',*,*,#541,.F.);
#2405 = PLANE('',#2406);
#2406 = AXIS2_PLACEMENT_3D('',#2407,#2408,#2409);
#2407 = CARTESIAN_POINT('',(9.,-39.,38.));
#2408 = DIRECTION('',(1.,0.,-0.));
#2409 = DIRECTION('',(0.,0.,1.));
#2410 = ADVANCED_FACE('',(#2411),#2429,.T.);
#2411 = FACE_BOUND('',#2412,.T.);
#2412 = EDGE_LOOP('',(#2413,#2414,#2422,#2428));
#2413 = ORIENTED_EDGE('',*,*,#2375,.F.);
#2414 = ORIENTED_EDGE('',*,*,#2415,.T.);
#2415 = EDGE_CURVE('',#2368,#2416,#2418,.T.);
#2416 = VERTEX_POINT('',#2417);
#2417 = CARTESIAN_POINT('',(6.,-17.,40.));
#2418 = LINE('',#2419,#2420);
#2419 = CARTESIAN_POINT('',(6.,-19.5,40.));
#2420 = VECTOR('',#2421,1.);
#2421 = DIRECTION('',(-0.,1.,0.));
#2422 = ORIENTED_EDGE('',*,*,#2423,.T.);
#2423 = EDGE_CURVE('',#2416,#526,#2424,.T.);
#2424 = LINE('',#2425,#2426);
#2425 = CARTESIAN_POINT('',(6.,-17.,38.));
#2426 = VECTOR('',#2427,1.);
#2427 = DIRECTION('',(0.,0.,1.));
#2428 = ORIENTED_EDGE('',*,*,#525,.F.);
#2429 = PLANE('',#2430);
#2430 = AXIS2_PLACEMENT_3D('',#2431,#2432,#2433);
#2431 = CARTESIAN_POINT('',(6.,-39.,38.));
#2432 = DIRECTION('',(1.,0.,-0.));
#2433 = DIRECTION('',(0.,0.,1.));
#2434 = ADVANCED_FACE('',(#2435),#2446,.F.);
#2435 = FACE_BOUND('',#2436,.F.);
#2436 = EDGE_LOOP('',(#2437,#2438,#2444,#2445));
#2437 = ORIENTED_EDGE('',*,*,#2399,.F.);
#2438 = ORIENTED_EDGE('',*,*,#2439,.T.);
#2439 = EDGE_CURVE('',#2392,#2416,#2440,.T.);
#2440 = LINE('',#2441,#2442);
#2441 = CARTESIAN_POINT('',(3.,-17.,40.));
#2442 = VECTOR('',#2443,1.);
#2443 = DIRECTION('',(-1.,-0.,0.));
#2444 = ORIENTED_EDGE('',*,*,#2423,.T.);
#2445 = ORIENTED_EDGE('',*,*,#533,.F.);
#2446 = PLANE('',#2447);
#2447 = AXIS2_PLACEMENT_3D('',#2448,#2449,#2450);
#2448 = CARTESIAN_POINT('',(6.,-17.,38.));
#2449 = DIRECTION('',(-0.,1.,0.));
#2450 = DIRECTION('',(0.,0.,1.));
#2451 = ADVANCED_FACE('',(#2452),#2477,.T.);
#2452 = FACE_BOUND('',#2453,.T.);
#2453 = EDGE_LOOP('',(#2454,#2462,#2470,#2476));
#2454 = ORIENTED_EDGE('',*,*,#2455,.F.);
#2455 = EDGE_CURVE('',#2456,#550,#2458,.T.);
#2456 = VERTEX_POINT('',#2457);
#2457 = CARTESIAN_POINT('',(16.5,-39.,40.));
#2458 = LINE('',#2459,#2460);
#2459 = CARTESIAN_POINT('',(16.5,-39.,38.));
#2460 = VECTOR('',#2461,1.);
#2461 = DIRECTION('',(0.,0.,1.));
#2462 = ORIENTED_EDGE('',*,*,#2463,.T.);
#2463 = EDGE_CURVE('',#2456,#2464,#2466,.T.);
#2464 = VERTEX_POINT('',#2465);
#2465 = CARTESIAN_POINT('',(13.5,-39.,40.));
#2466 = LINE('',#2467,#2468);
#2467 = CARTESIAN_POINT('',(6.75,-39.,40.));
#2468 = VECTOR('',#2469,1.);
#2469 = DIRECTION('',(-1.,-0.,0.));
#2470 = ORIENTED_EDGE('',*,*,#2471,.T.);
#2471 = EDGE_CURVE('',#2464,#552,#2472,.T.);
#2472 = LINE('',#2473,#2474);
#2473 = CARTESIAN_POINT('',(13.5,-39.,38.));
#2474 = VECTOR('',#2475,1.);
#2475 = DIRECTION('',(0.,0.,1.));
#2476 = ORIENTED_EDGE('',*,*,#549,.F.);
#2477 = PLANE('',#2478);
#2478 = AXIS2_PLACEMENT_3D('',#2479,#2480,#2481);
#2479 = CARTESIAN_POINT('',(13.5,-39.,38.));
#2480 = DIRECTION('',(-0.,1.,0.));
#2481 = DIRECTION('',(0.,0.,1.));
#2482 = ADVANCED_FACE('',(#2483),#2501,.F.);
#2483 = FACE_BOUND('',#2484,.F.);
#2484 = EDGE_LOOP('',(#2485,#2486,#2494,#2500));
#2485 = ORIENTED_EDGE('',*,*,#2455,.F.);
#2486 = ORIENTED_EDGE('',*,*,#2487,.T.);
#2487 = EDGE_CURVE('',#2456,#2488,#2490,.T.);
#2488 = VERTEX_POINT('',#2489);
#2489 = CARTESIAN_POINT('',(16.5,-17.,40.));
#2490 = LINE('',#2491,#2492);
#2491 = CARTESIAN_POINT('',(16.5,-19.5,40.));
#2492 = VECTOR('',#2493,1.);
#2493 = DIRECTION('',(-0.,1.,0.));
#2494 = ORIENTED_EDGE('',*,*,#2495,.T.);
#2495 = EDGE_CURVE('',#2488,#568,#2496,.T.);
#2496 = LINE('',#2497,#2498);
#2497 = CARTESIAN_POINT('',(16.5,-17.,38.));
#2498 = VECTOR('',#2499,1.);
#2499 = DIRECTION('',(0.,0.,1.));
#2500 = ORIENTED_EDGE('',*,*,#575,.F.);
#2501 = PLANE('',#2502);
#2502 = AXIS2_PLACEMENT_3D('',#2503,#2504,#2505);
#2503 = CARTESIAN_POINT('',(16.5,-39.,38.));
#2504 = DIRECTION('',(1.,0.,-0.));
#2505 = DIRECTION('',(0.,0.,1.));
#2506 = ADVANCED_FACE('',(#2507),#2525,.T.);
#2507 = FACE_BOUND('',#2508,.T.);
#2508 = EDGE_LOOP('',(#2509,#2510,#2518,#2524));
#2509 = ORIENTED_EDGE('',*,*,#2471,.F.);
#2510 = ORIENTED_EDGE('',*,*,#2511,.T.);
#2511 = EDGE_CURVE('',#2464,#2512,#2514,.T.);
#2512 = VERTEX_POINT('',#2513);
#2513 = CARTESIAN_POINT('',(13.5,-17.,40.));
#2514 = LINE('',#2515,#2516);
#2515 = CARTESIAN_POINT('',(13.5,-19.5,40.));
#2516 = VECTOR('',#2517,1.);
#2517 = DIRECTION('',(-0.,1.,0.));
#2518 = ORIENTED_EDGE('',*,*,#2519,.T.);
#2519 = EDGE_CURVE('',#2512,#560,#2520,.T.);
#2520 = LINE('',#2521,#2522);
#2521 = CARTESIAN_POINT('',(13.5,-17.,38.));
#2522 = VECTOR('',#2523,1.);
#2523 = DIRECTION('',(0.,0.,1.));
#2524 = ORIENTED_EDGE('',*,*,#559,.F.);
#2525 = PLANE('',#2526);
#2526 = AXIS2_PLACEMENT_3D('',#2527,#2528,#2529);
#2527 = CARTESIAN_POINT('',(13.5,-39.,38.));
#2528 = DIRECTION('',(1.,0.,-0.));
#2529 = DIRECTION('',(0.,0.,1.));
#2530 = ADVANCED_FACE('',(#2531),#2542,.F.);
#2531 = FACE_BOUND('',#2532,.F.);
#2532 = EDGE_LOOP('',(#2533,#2534,#2540,#2541));
#2533 = ORIENTED_EDGE('',*,*,#2495,.F.);
#2534 = ORIENTED_EDGE('',*,*,#2535,.T.);
#2535 = EDGE_CURVE('',#2488,#2512,#2536,.T.);
#2536 = LINE('',#2537,#2538);
#2537 = CARTESIAN_POINT('',(6.75,-17.,40.));
#2538 = VECTOR('',#2539,1.);
#2539 = DIRECTION('',(-1.,-0.,0.));
#2540 = ORIENTED_EDGE('',*,*,#2519,.T.);
#2541 = ORIENTED_EDGE('',*,*,#567,.F.);
#2542 = PLANE('',#2543);
#2543 = AXIS2_PLACEMENT_3D('',#2544,#2545,#2546);
#2544 = CARTESIAN_POINT('',(13.5,-17.,38.));
#2545 = DIRECTION('',(-0.,1.,0.));
#2546 = DIRECTION('',(0.,0.,1.));
#2547 = ADVANCED_FACE('',(#2548),#2573,.T.);
#2548 = FACE_BOUND('',#2549,.T.);
#2549 = EDGE_LOOP('',(#2550,#2558,#2566,#2572));
#2550 = ORIENTED_EDGE('',*,*,#2551,.F.);
#2551 = EDGE_CURVE('',#2552,#584,#2554,.T.);
#2552 = VERTEX_POINT('',#2553);
#2553 = CARTESIAN_POINT('',(24.,-39.,40.));
#2554 = LINE('',#2555,#2556);
#2555 = CARTESIAN_POINT('',(24.,-39.,38.));
#2556 = VECTOR('',#2557,1.);
#2557 = DIRECTION('',(0.,0.,1.));
#2558 = ORIENTED_EDGE('',*,*,#2559,.T.);
#2559 = EDGE_CURVE('',#2552,#2560,#2562,.T.);
#2560 = VERTEX_POINT('',#2561);
#2561 = CARTESIAN_POINT('',(21.,-39.,40.));
#2562 = LINE('',#2563,#2564);
#2563 = CARTESIAN_POINT('',(10.5,-39.,40.));
#2564 = VECTOR('',#2565,1.);
#2565 = DIRECTION('',(-1.,-0.,0.));
#2566 = ORIENTED_EDGE('',*,*,#2567,.T.);
#2567 = EDGE_CURVE('',#2560,#586,#2568,.T.);
#2568 = LINE('',#2569,#2570);
#2569 = CARTESIAN_POINT('',(21.,-39.,38.));
#2570 = VECTOR('',#2571,1.);
#2571 = DIRECTION('',(0.,0.,1.));
#2572 = ORIENTED_EDGE('',*,*,#583,.F.);
#2573 = PLANE('',#2574);
#2574 = AXIS2_PLACEMENT_3D('',#2575,#2576,#2577);
#2575 = CARTESIAN_POINT('',(21.,-39.,38.));
#2576 = DIRECTION('',(-0.,1.,0.));
#2577 = DIRECTION('',(0.,0.,1.));
#2578 = ADVANCED_FACE('',(#2579),#2597,.F.);
#2579 = FACE_BOUND('',#2580,.F.);
#2580 = EDGE_LOOP('',(#2581,#2582,#2590,#2596));
#2581 = ORIENTED_EDGE('',*,*,#2551,.F.);
#2582 = ORIENTED_EDGE('',*,*,#2583,.T.);
#2583 = EDGE_CURVE('',#2552,#2584,#2586,.T.);
#2584 = VERTEX_POINT('',#2585);
#2585 = CARTESIAN_POINT('',(24.,-17.,40.));
#2586 = LINE('',#2587,#2588);
#2587 = CARTESIAN_POINT('',(24.,-19.5,40.));
#2588 = VECTOR('',#2589,1.);
#2589 = DIRECTION('',(-0.,1.,0.));
#2590 = ORIENTED_EDGE('',*,*,#2591,.T.);
#2591 = EDGE_CURVE('',#2584,#602,#2592,.T.);
#2592 = LINE('',#2593,#2594);
#2593 = CARTESIAN_POINT('',(24.,-17.,38.));
#2594 = VECTOR('',#2595,1.);
#2595 = DIRECTION('',(0.,0.,1.));
#2596 = ORIENTED_EDGE('',*,*,#609,.F.);
#2597 = PLANE('',#2598);
#2598 = AXIS2_PLACEMENT_3D('',#2599,#2600,#2601);
#2599 = CARTESIAN_POINT('',(24.,-39.,38.));
#2600 = DIRECTION('',(1.,0.,-0.));
#2601 = DIRECTION('',(0.,0.,1.));
#2602 = ADVANCED_FACE('',(#2603),#2621,.T.);
#2603 = FACE_BOUND('',#2604,.T.);
#2604 = EDGE_LOOP('',(#2605,#2606,#2614,#2620));
#2605 = ORIENTED_EDGE('',*,*,#2567,.F.);
#2606 = ORIENTED_EDGE('',*,*,#2607,.T.);
#2607 = EDGE_CURVE('',#2560,#2608,#2610,.T.);
#2608 = VERTEX_POINT('',#2609);
#2609 = CARTESIAN_POINT('',(21.,-17.,40.));
#2610 = LINE('',#2611,#2612);
#2611 = CARTESIAN_POINT('',(21.,-19.5,40.));
#2612 = VECTOR('',#2613,1.);
#2613 = DIRECTION('',(-0.,1.,0.));
#2614 = ORIENTED_EDGE('',*,*,#2615,.T.);
#2615 = EDGE_CURVE('',#2608,#594,#2616,.T.);
#2616 = LINE('',#2617,#2618);
#2617 = CARTESIAN_POINT('',(21.,-17.,38.));
#2618 = VECTOR('',#2619,1.);
#2619 = DIRECTION('',(0.,0.,1.));
#2620 = ORIENTED_EDGE('',*,*,#593,.F.);
#2621 = PLANE('',#2622);
#2622 = AXIS2_PLACEMENT_3D('',#2623,#2624,#2625);
#2623 = CARTESIAN_POINT('',(21.,-39.,38.));
#2624 = DIRECTION('',(1.,0.,-0.));
#2625 = DIRECTION('',(0.,0.,1.));
#2626 = ADVANCED_FACE('',(#2627),#2638,.F.);
#2627 = FACE_BOUND('',#2628,.F.);
#2628 = EDGE_LOOP('',(#2629,#2630,#2636,#2637));
#2629 = ORIENTED_EDGE('',*,*,#2591,.F.);
#2630 = ORIENTED_EDGE('',*,*,#2631,.T.);
#2631 = EDGE_CURVE('',#2584,#2608,#2632,.T.);
#2632 = LINE('',#2633,#2634);
#2633 = CARTESIAN_POINT('',(10.5,-17.,40.));
#2634 = VECTOR('',#2635,1.);
#2635 = DIRECTION('',(-1.,-0.,0.));
#2636 = ORIENTED_EDGE('',*,*,#2615,.T.);
#2637 = ORIENTED_EDGE('',*,*,#601,.F.);
#2638 = PLANE('',#2639);
#2639 = AXIS2_PLACEMENT_3D('',#2640,#2641,#2642);
#2640 = CARTESIAN_POINT('',(21.,-17.,38.));
#2641 = DIRECTION('',(-0.,1.,0.));
#2642 = DIRECTION('',(0.,0.,1.));
#2643 = ADVANCED_FACE('',(#2644),#2669,.T.);
#2644 = FACE_BOUND('',#2645,.T.);
#2645 = EDGE_LOOP('',(#2646,#2654,#2662,#2668));
#2646 = ORIENTED_EDGE('',*,*,#2647,.F.);
#2647 = EDGE_CURVE('',#2648,#618,#2650,.T.);
#2648 = VERTEX_POINT('',#2649);
#2649 = CARTESIAN_POINT('',(31.5,-39.,40.));
#2650 = LINE('',#2651,#2652);
#2651 = CARTESIAN_POINT('',(31.5,-39.,38.));
#2652 = VECTOR('',#2653,1.);
#2653 = DIRECTION('',(0.,0.,1.));
#2654 = ORIENTED_EDGE('',*,*,#2655,.T.);
#2655 = EDGE_CURVE('',#2648,#2656,#2658,.T.);
#2656 = VERTEX_POINT('',#2657);
#2657 = CARTESIAN_POINT('',(28.5,-39.,40.));
#2658 = LINE('',#2659,#2660);
#2659 = CARTESIAN_POINT('',(14.25,-39.,40.));
#2660 = VECTOR('',#2661,1.);
#2661 = DIRECTION('',(-1.,-0.,0.));
#2662 = ORIENTED_EDGE('',*,*,#2663,.T.);
#2663 = EDGE_CURVE('',#2656,#620,#2664,.T.);
#2664 = LINE('',#2665,#2666);
#2665 = CARTESIAN_POINT('',(28.5,-39.,38.));
#2666 = VECTOR('',#2667,1.);
#2667 = DIRECTION('',(0.,0.,1.));
#2668 = ORIENTED_EDGE('',*,*,#617,.F.);
#2669 = PLANE('',#2670);
#2670 = AXIS2_PLACEMENT_3D('',#2671,#2672,#2673);
#2671 = CARTESIAN_POINT('',(28.5,-39.,38.));
#2672 = DIRECTION('',(-0.,1.,0.));
#2673 = DIRECTION('',(0.,0.,1.));
#2674 = ADVANCED_FACE('',(#2675),#2693,.F.);
#2675 = FACE_BOUND('',#2676,.F.);
#2676 = EDGE_LOOP('',(#2677,#2678,#2686,#2692));
#2677 = ORIENTED_EDGE('',*,*,#2647,.F.);
#2678 = ORIENTED_EDGE('',*,*,#2679,.T.);
#2679 = EDGE_CURVE('',#2648,#2680,#2682,.T.);
#2680 = VERTEX_POINT('',#2681);
#2681 = CARTESIAN_POINT('',(31.5,-17.,40.));
#2682 = LINE('',#2683,#2684);
#2683 = CARTESIAN_POINT('',(31.5,-19.5,40.));
#2684 = VECTOR('',#2685,1.);
#2685 = DIRECTION('',(-0.,1.,0.));
#2686 = ORIENTED_EDGE('',*,*,#2687,.T.);
#2687 = EDGE_CURVE('',#2680,#636,#2688,.T.);
#2688 = LINE('',#2689,#2690);
#2689 = CARTESIAN_POINT('',(31.5,-17.,38.));
#2690 = VECTOR('',#2691,1.);
#2691 = DIRECTION('',(0.,0.,1.));
#2692 = ORIENTED_EDGE('',*,*,#643,.F.);
#2693 = PLANE('',#2694);
#2694 = AXIS2_PLACEMENT_3D('',#2695,#2696,#2697);
#2695 = CARTESIAN_POINT('',(31.5,-39.,38.));
#2696 = DIRECTION('',(1.,0.,-0.));
#2697 = DIRECTION('',(0.,0.,1.));
#2698 = ADVANCED_FACE('',(#2699),#2717,.T.);
#2699 = FACE_BOUND('',#2700,.T.);
#2700 = EDGE_LOOP('',(#2701,#2702,#2710,#2716));
#2701 = ORIENTED_EDGE('',*,*,#2663,.F.);
#2702 = ORIENTED_EDGE('',*,*,#2703,.T.);
#2703 = EDGE_CURVE('',#2656,#2704,#2706,.T.);
#2704 = VERTEX_POINT('',#2705);
#2705 = CARTESIAN_POINT('',(28.5,-17.,40.));
#2706 = LINE('',#2707,#2708);
#2707 = CARTESIAN_POINT('',(28.5,-19.5,40.));
#2708 = VECTOR('',#2709,1.);
#2709 = DIRECTION('',(-0.,1.,0.));
#2710 = ORIENTED_EDGE('',*,*,#2711,.T.);
#2711 = EDGE_CURVE('',#2704,#628,#2712,.T.);
#2712 = LINE('',#2713,#2714);
#2713 = CARTESIAN_POINT('',(28.5,-17.,38.));
#2714 = VECTOR('',#2715,1.);
#2715 = DIRECTION('',(0.,0.,1.));
#2716 = ORIENTED_EDGE('',*,*,#627,.F.);
#2717 = PLANE('',#2718);
#2718 = AXIS2_PLACEMENT_3D('',#2719,#2720,#2721);
#2719 = CARTESIAN_POINT('',(28.5,-39.,38.));
#2720 = DIRECTION('',(1.,0.,-0.));
#2721 = DIRECTION('',(0.,0.,1.));
#2722 = ADVANCED_FACE('',(#2723),#2734,.F.);
#2723 = FACE_BOUND('',#2724,.F.);
#2724 = EDGE_LOOP('',(#2725,#2726,#2732,#2733));
#2725 = ORIENTED_EDGE('',*,*,#2687,.F.);
#2726 = ORIENTED_EDGE('',*,*,#2727,.T.);
#2727 = EDGE_CURVE('',#2680,#2704,#2728,.T.);
#2728 = LINE('',#2729,#2730);
#2729 = CARTESIAN_POINT('',(14.25,-17.,40.));
#2730 = VECTOR('',#2731,1.);
#2731 = DIRECTION('',(-1.,-0.,0.));
#2732 = ORIENTED_EDGE('',*,*,#2711,.T.);
#2733 = ORIENTED_EDGE('',*,*,#635,.F.);
#2734 = PLANE('',#2735);
#2735 = AXIS2_PLACEMENT_3D('',#2736,#2737,#2738);
#2736 = CARTESIAN_POINT('',(28.5,-17.,38.));
#2737 = DIRECTION('',(-0.,1.,0.));
#2738 = DIRECTION('',(0.,0.,1.));
#2739 = ADVANCED_FACE('',(#2740),#2765,.T.);
#2740 = FACE_BOUND('',#2741,.T.);
#2741 = EDGE_LOOP('',(#2742,#2750,#2758,#2764));
#2742 = ORIENTED_EDGE('',*,*,#2743,.F.);
#2743 = EDGE_CURVE('',#2744,#652,#2746,.T.);
#2744 = VERTEX_POINT('',#2745);
#2745 = CARTESIAN_POINT('',(-28.5,-11.,40.));
#2746 = LINE('',#2747,#2748);
#2747 = CARTESIAN_POINT('',(-28.5,-11.,38.));
#2748 = VECTOR('',#2749,1.);
#2749 = DIRECTION('',(0.,0.,1.));
#2750 = ORIENTED_EDGE('',*,*,#2751,.T.);
#2751 = EDGE_CURVE('',#2744,#2752,#2754,.T.);
#2752 = VERTEX_POINT('',#2753);
#2753 = CARTESIAN_POINT('',(-31.5,-11.,40.));
#2754 = LINE('',#2755,#2756);
#2755 = CARTESIAN_POINT('',(-15.75,-11.,40.));
#2756 = VECTOR('',#2757,1.);
#2757 = DIRECTION('',(-1.,-0.,0.));
#2758 = ORIENTED_EDGE('',*,*,#2759,.T.);
#2759 = EDGE_CURVE('',#2752,#654,#2760,.T.);
#2760 = LINE('',#2761,#2762);
#2761 = CARTESIAN_POINT('',(-31.5,-11.,38.));
#2762 = VECTOR('',#2763,1.);
#2763 = DIRECTION('',(0.,0.,1.));
#2764 = ORIENTED_EDGE('',*,*,#651,.F.);
#2765 = PLANE('',#2766);
#2766 = AXIS2_PLACEMENT_3D('',#2767,#2768,#2769);
#2767 = CARTESIAN_POINT('',(-31.5,-11.,38.));
#2768 = DIRECTION('',(-0.,1.,0.));
#2769 = DIRECTION('',(0.,0.,1.));
#2770 = ADVANCED_FACE('',(#2771),#2789,.F.);
#2771 = FACE_BOUND('',#2772,.F.);
#2772 = EDGE_LOOP('',(#2773,#2774,#2782,#2788));
#2773 = ORIENTED_EDGE('',*,*,#2743,.F.);
#2774 = ORIENTED_EDGE('',*,*,#2775,.T.);
#2775 = EDGE_CURVE('',#2744,#2776,#2778,.T.);
#2776 = VERTEX_POINT('',#2777);
#2777 = CARTESIAN_POINT('',(-28.5,11.,40.));
#2778 = LINE('',#2779,#2780);
#2779 = CARTESIAN_POINT('',(-28.5,-5.5,40.));
#2780 = VECTOR('',#2781,1.);
#2781 = DIRECTION('',(-0.,1.,0.));
#2782 = ORIENTED_EDGE('',*,*,#2783,.T.);
#2783 = EDGE_CURVE('',#2776,#670,#2784,.T.);
#2784 = LINE('',#2785,#2786);
#2785 = CARTESIAN_POINT('',(-28.5,11.,38.));
#2786 = VECTOR('',#2787,1.);
#2787 = DIRECTION('',(0.,0.,1.));
#2788 = ORIENTED_EDGE('',*,*,#677,.F.);
#2789 = PLANE('',#2790);
#2790 = AXIS2_PLACEMENT_3D('',#2791,#2792,#2793);
#2791 = CARTESIAN_POINT('',(-28.5,-11.,38.));
#2792 = DIRECTION('',(1.,0.,-0.));
#2793 = DIRECTION('',(0.,0.,1.));
#2794 = ADVANCED_FACE('',(#2795),#2813,.T.);
#2795 = FACE_BOUND('',#2796,.T.);
#2796 = EDGE_LOOP('',(#2797,#2798,#2806,#2812));
#2797 = ORIENTED_EDGE('',*,*,#2759,.F.);
#2798 = ORIENTED_EDGE('',*,*,#2799,.T.);
#2799 = EDGE_CURVE('',#2752,#2800,#2802,.T.);
#2800 = VERTEX_POINT('',#2801);
#2801 = CARTESIAN_POINT('',(-31.5,11.,40.));
#2802 = LINE('',#2803,#2804);
#2803 = CARTESIAN_POINT('',(-31.5,-5.5,40.));
#2804 = VECTOR('',#2805,1.);
#2805 = DIRECTION('',(-0.,1.,0.));
#2806 = ORIENTED_EDGE('',*,*,#2807,.T.);
#2807 = EDGE_CURVE('',#2800,#662,#2808,.T.);
#2808 = LINE('',#2809,#2810);
#2809 = CARTESIAN_POINT('',(-31.5,11.,38.));
#2810 = VECTOR('',#2811,1.);
#2811 = DIRECTION('',(0.,0.,1.));
#2812 = ORIENTED_EDGE('',*,*,#661,.F.);
#2813 = PLANE('',#2814);
#2814 = AXIS2_PLACEMENT_3D('',#2815,#2816,#2817);
#2815 = CARTESIAN_POINT('',(-31.5,-11.,38.));
#2816 = DIRECTION('',(1.,0.,-0.));
#2817 = DIRECTION('',(0.,0.,1.));
#2818 = ADVANCED_FACE('',(#2819),#2830,.F.);
#2819 = FACE_BOUND('',#2820,.F.);
#2820 = EDGE_LOOP('',(#2821,#2822,#2828,#2829));
#2821 = ORIENTED_EDGE('',*,*,#2783,.F.);
#2822 = ORIENTED_EDGE('',*,*,#2823,.T.);
#2823 = EDGE_CURVE('',#2776,#2800,#2824,.T.);
#2824 = LINE('',#2825,#2826);
#2825 = CARTESIAN_POINT('',(-15.75,11.,40.));
#2826 = VECTOR('',#2827,1.);
#2827 = DIRECTION('',(-1.,-0.,0.));
#2828 = ORIENTED_EDGE('',*,*,#2807,.T.);
#2829 = ORIENTED_EDGE('',*,*,#669,.F.);
#2830 = PLANE('',#2831);
#2831 = AXIS2_PLACEMENT_3D('',#2832,#2833,#2834);
#2832 = CARTESIAN_POINT('',(-31.5,11.,38.));
#2833 = DIRECTION('',(-0.,1.,0.));
#2834 = DIRECTION('',(0.,0.,1.));
#2835 = ADVANCED_FACE('',(#2836),#2861,.T.);
#2836 = FACE_BOUND('',#2837,.T.);
#2837 = EDGE_LOOP('',(#2838,#2846,#2854,#2860));
#2838 = ORIENTED_EDGE('',*,*,#2839,.F.);
#2839 = EDGE_CURVE('',#2840,#686,#2842,.T.);
#2840 = VERTEX_POINT('',#2841);
#2841 = CARTESIAN_POINT('',(-21.,-11.,40.));
#2842 = LINE('',#2843,#2844);
#2843 = CARTESIAN_POINT('',(-21.,-11.,38.));
#2844 = VECTOR('',#2845,1.);
#2845 = DIRECTION('',(0.,0.,1.));
#2846 = ORIENTED_EDGE('',*,*,#2847,.T.);
#2847 = EDGE_CURVE('',#2840,#2848,#2850,.T.);
#2848 = VERTEX_POINT('',#2849);
#2849 = CARTESIAN_POINT('',(-24.,-11.,40.));
#2850 = LINE('',#2851,#2852);
#2851 = CARTESIAN_POINT('',(-12.,-11.,40.));
#2852 = VECTOR('',#2853,1.);
#2853 = DIRECTION('',(-1.,-0.,0.));
#2854 = ORIENTED_EDGE('',*,*,#2855,.T.);
#2855 = EDGE_CURVE('',#2848,#688,#2856,.T.);
#2856 = LINE('',#2857,#2858);
#2857 = CARTESIAN_POINT('',(-24.,-11.,38.));
#2858 = VECTOR('',#2859,1.);
#2859 = DIRECTION('',(0.,0.,1.));
#2860 = ORIENTED_EDGE('',*,*,#685,.F.);
#2861 = PLANE('',#2862);
#2862 = AXIS2_PLACEMENT_3D('',#2863,#2864,#2865);
#2863 = CARTESIAN_POINT('',(-24.,-11.,38.));
#2864 = DIRECTION('',(-0.,1.,0.));
#2865 = DIRECTION('',(0.,0.,1.));
#2866 = ADVANCED_FACE('',(#2867),#2885,.F.);
#2867 = FACE_BOUND('',#2868,.F.);
#2868 = EDGE_LOOP('',(#2869,#2870,#2878,#2884));
#2869 = ORIENTED_EDGE('',*,*,#2839,.F.);
#2870 = ORIENTED_EDGE('',*,*,#2871,.T.);
#2871 = EDGE_CURVE('',#2840,#2872,#2874,.T.);
#2872 = VERTEX_POINT('',#2873);
#2873 = CARTESIAN_POINT('',(-21.,11.,40.));
#2874 = LINE('',#2875,#2876);
#2875 = CARTESIAN_POINT('',(-21.,-5.5,40.));
#2876 = VECTOR('',#2877,1.);
#2877 = DIRECTION('',(-0.,1.,0.));
#2878 = ORIENTED_EDGE('',*,*,#2879,.T.);
#2879 = EDGE_CURVE('',#2872,#704,#2880,.T.);
#2880 = LINE('',#2881,#2882);
#2881 = CARTESIAN_POINT('',(-21.,11.,38.));
#2882 = VECTOR('',#2883,1.);
#2883 = DIRECTION('',(0.,0.,1.));
#2884 = ORIENTED_EDGE('',*,*,#711,.F.);
#2885 = PLANE('',#2886);
#2886 = AXIS2_PLACEMENT_3D('',#2887,#2888,#2889);
#2887 = CARTESIAN_POINT('',(-21.,-11.,38.));
#2888 = DIRECTION('',(1.,0.,-0.));
#2889 = DIRECTION('',(0.,0.,1.));
#2890 = ADVANCED_FACE('',(#2891),#2909,.T.);
#2891 = FACE_BOUND('',#2892,.T.);
#2892 = EDGE_LOOP('',(#2893,#2894,#2902,#2908));
#2893 = ORIENTED_EDGE('',*,*,#2855,.F.);
#2894 = ORIENTED_EDGE('',*,*,#2895,.T.);
#2895 = EDGE_CURVE('',#2848,#2896,#2898,.T.);
#2896 = VERTEX_POINT('',#2897);
#2897 = CARTESIAN_POINT('',(-24.,11.,40.));
#2898 = LINE('',#2899,#2900);
#2899 = CARTESIAN_POINT('',(-24.,-5.5,40.));
#2900 = VECTOR('',#2901,1.);
#2901 = DIRECTION('',(-0.,1.,0.));
#2902 = ORIENTED_EDGE('',*,*,#2903,.T.);
#2903 = EDGE_CURVE('',#2896,#696,#2904,.T.);
#2904 = LINE('',#2905,#2906);
#2905 = CARTESIAN_POINT('',(-24.,11.,38.));
#2906 = VECTOR('',#2907,1.);
#2907 = DIRECTION('',(0.,0.,1.));
#2908 = ORIENTED_EDGE('',*,*,#695,.F.);
#2909 = PLANE('',#2910);
#2910 = AXIS2_PLACEMENT_3D('',#2911,#2912,#2913);
#2911 = CARTESIAN_POINT('',(-24.,-11.,38.));
#2912 = DIRECTION('',(1.,0.,-0.));
#2913 = DIRECTION('',(0.,0.,1.));
#2914 = ADVANCED_FACE('',(#2915),#2926,.F.);
#2915 = FACE_BOUND('',#2916,.F.);
#2916 = EDGE_LOOP('',(#2917,#2918,#2924,#2925));
#2917 = ORIENTED_EDGE('',*,*,#2879,.F.);
#2918 = ORIENTED_EDGE('',*,*,#2919,.T.);
#2919 = EDGE_CURVE('',#2872,#2896,#2920,.T.);
#2920 = LINE('',#2921,#2922);
#2921 = CARTESIAN_POINT('',(-12.,11.,40.));
#2922 = VECTOR('',#2923,1.);
#2923 = DIRECTION('',(-1.,-0.,0.));
#2924 = ORIENTED_EDGE('',*,*,#2903,.T.);
#2925 = ORIENTED_EDGE('',*,*,#703,.F.);
#2926 = PLANE('',#2927);
#2927 = AXIS2_PLACEMENT_3D('',#2928,#2929,#2930);
#2928 = CARTESIAN_POINT('',(-24.,11.,38.));
#2929 = DIRECTION('',(-0.,1.,0.));
#2930 = DIRECTION('',(0.,0.,1.));
#2931 = ADVANCED_FACE('',(#2932),#2957,.T.);
#2932 = FACE_BOUND('',#2933,.T.);
#2933 = EDGE_LOOP('',(#2934,#2942,#2950,#2956));
#2934 = ORIENTED_EDGE('',*,*,#2935,.F.);
#2935 = EDGE_CURVE('',#2936,#720,#2938,.T.);
#2936 = VERTEX_POINT('',#2937);
#2937 = CARTESIAN_POINT('',(-28.5,17.,40.));
#2938 = LINE('',#2939,#2940);
#2939 = CARTESIAN_POINT('',(-28.5,17.,38.));
#2940 = VECTOR('',#2941,1.);
#2941 = DIRECTION('',(0.,0.,1.));
#2942 = ORIENTED_EDGE('',*,*,#2943,.T.);
#2943 = EDGE_CURVE('',#2936,#2944,#2946,.T.);
#2944 = VERTEX_POINT('',#2945);
#2945 = CARTESIAN_POINT('',(-31.5,17.,40.));
#2946 = LINE('',#2947,#2948);
#2947 = CARTESIAN_POINT('',(-15.75,17.,40.));
#2948 = VECTOR('',#2949,1.);
#2949 = DIRECTION('',(-1.,-0.,0.));
#2950 = ORIENTED_EDGE('',*,*,#2951,.T.);
#2951 = EDGE_CURVE('',#2944,#722,#2952,.T.);
#2952 = LINE('',#2953,#2954);
#2953 = CARTESIAN_POINT('',(-31.5,17.,38.));
#2954 = VECTOR('',#2955,1.);
#2955 = DIRECTION('',(0.,0.,1.));
#2956 = ORIENTED_EDGE('',*,*,#719,.F.);
#2957 = PLANE('',#2958);
#2958 = AXIS2_PLACEMENT_3D('',#2959,#2960,#2961);
#2959 = CARTESIAN_POINT('',(-31.5,17.,38.));
#2960 = DIRECTION('',(-0.,1.,0.));
#2961 = DIRECTION('',(0.,0.,1.));
#2962 = ADVANCED_FACE('',(#2963),#2981,.F.);
#2963 = FACE_BOUND('',#2964,.F.);
#2964 = EDGE_LOOP('',(#2965,#2966,#2974,#2980));
#2965 = ORIENTED_EDGE('',*,*,#2935,.F.);
#2966 = ORIENTED_EDGE('',*,*,#2967,.T.);
#2967 = EDGE_CURVE('',#2936,#2968,#2970,.T.);
#2968 = VERTEX_POINT('',#2969);
#2969 = CARTESIAN_POINT('',(-28.5,39.,40.));
#2970 = LINE('',#2971,#2972);
#2971 = CARTESIAN_POINT('',(-28.5,8.5,40.));
#2972 = VECTOR('',#2973,1.);
#2973 = DIRECTION('',(-0.,1.,0.));
#2974 = ORIENTED_EDGE('',*,*,#2975,.T.);
#2975 = EDGE_CURVE('',#2968,#738,#2976,.T.);
#2976 = LINE('',#2977,#2978);
#2977 = CARTESIAN_POINT('',(-28.5,39.,38.));
#2978 = VECTOR('',#2979,1.);
#2979 = DIRECTION('',(0.,0.,1.));
#2980 = ORIENTED_EDGE('',*,*,#745,.F.);
#2981 = PLANE('',#2982);
#2982 = AXIS2_PLACEMENT_3D('',#2983,#2984,#2985);
#2983 = CARTESIAN_POINT('',(-28.5,17.,38.));
#2984 = DIRECTION('',(1.,0.,-0.));
#2985 = DIRECTION('',(0.,0.,1.));
#2986 = ADVANCED_FACE('',(#2987),#3005,.T.);
#2987 = FACE_BOUND('',#2988,.T.);
#2988 = EDGE_LOOP('',(#2989,#2990,#2998,#3004));
#2989 = ORIENTED_EDGE('',*,*,#2951,.F.);
#2990 = ORIENTED_EDGE('',*,*,#2991,.T.);
#2991 = EDGE_CURVE('',#2944,#2992,#2994,.T.);
#2992 = VERTEX_POINT('',#2993);
#2993 = CARTESIAN_POINT('',(-31.5,39.,40.));
#2994 = LINE('',#2995,#2996);
#2995 = CARTESIAN_POINT('',(-31.5,8.5,40.));
#2996 = VECTOR('',#2997,1.);
#2997 = DIRECTION('',(-0.,1.,0.));
#2998 = ORIENTED_EDGE('',*,*,#2999,.T.);
#2999 = EDGE_CURVE('',#2992,#730,#3000,.T.);
#3000 = LINE('',#3001,#3002);
#3001 = CARTESIAN_POINT('',(-31.5,39.,38.));
#3002 = VECTOR('',#3003,1.);
#3003 = DIRECTION('',(0.,0.,1.));
#3004 = ORIENTED_EDGE('',*,*,#729,.F.);
#3005 = PLANE('',#3006);
#3006 = AXIS2_PLACEMENT_3D('',#3007,#3008,#3009);
#3007 = CARTESIAN_POINT('',(-31.5,17.,38.));
#3008 = DIRECTION('',(1.,0.,-0.));
#3009 = DIRECTION('',(0.,0.,1.));
#3010 = ADVANCED_FACE('',(#3011),#3022,.F.);
#3011 = FACE_BOUND('',#3012,.F.);
#3012 = EDGE_LOOP('',(#3013,#3014,#3020,#3021));
#3013 = ORIENTED_EDGE('',*,*,#2975,.F.);
#3014 = ORIENTED_EDGE('',*,*,#3015,.T.);
#3015 = EDGE_CURVE('',#2968,#2992,#3016,.T.);
#3016 = LINE('',#3017,#3018);
#3017 = CARTESIAN_POINT('',(-15.75,39.,40.));
#3018 = VECTOR('',#3019,1.);
#3019 = DIRECTION('',(-1.,-0.,0.));
#3020 = ORIENTED_EDGE('',*,*,#2999,.T.);
#3021 = ORIENTED_EDGE('',*,*,#737,.F.);
#3022 = PLANE('',#3023);
#3023 = AXIS2_PLACEMENT_3D('',#3024,#3025,#3026);
#3024 = CARTESIAN_POINT('',(-31.5,39.,38.));
#3025 = DIRECTION('',(-0.,1.,0.));
#3026 = DIRECTION('',(0.,0.,1.));
#3027 = ADVANCED_FACE('',(#3028),#3053,.T.);
#3028 = FACE_BOUND('',#3029,.T.);
#3029 = EDGE_LOOP('',(#3030,#3038,#3046,#3052));
#3030 = ORIENTED_EDGE('',*,*,#3031,.F.);
#3031 = EDGE_CURVE('',#3032,#754,#3034,.T.);
#3032 = VERTEX_POINT('',#3033);
#3033 = CARTESIAN_POINT('',(-21.,17.,40.));
#3034 = LINE('',#3035,#3036);
#3035 = CARTESIAN_POINT('',(-21.,17.,38.));
#3036 = VECTOR('',#3037,1.);
#3037 = DIRECTION('',(0.,0.,1.));
#3038 = ORIENTED_EDGE('',*,*,#3039,.T.);
#3039 = EDGE_CURVE('',#3032,#3040,#3042,.T.);
#3040 = VERTEX_POINT('',#3041);
#3041 = CARTESIAN_POINT('',(-24.,17.,40.));
#3042 = LINE('',#3043,#3044);
#3043 = CARTESIAN_POINT('',(-12.,17.,40.));
#3044 = VECTOR('',#3045,1.);
#3045 = DIRECTION('',(-1.,-0.,0.));
#3046 = ORIENTED_EDGE('',*,*,#3047,.T.);
#3047 = EDGE_CURVE('',#3040,#756,#3048,.T.);
#3048 = LINE('',#3049,#3050);
#3049 = CARTESIAN_POINT('',(-24.,17.,38.));
#3050 = VECTOR('',#3051,1.);
#3051 = DIRECTION('',(0.,0.,1.));
#3052 = ORIENTED_EDGE('',*,*,#753,.F.);
#3053 = PLANE('',#3054);
#3054 = AXIS2_PLACEMENT_3D('',#3055,#3056,#3057);
#3055 = CARTESIAN_POINT('',(-24.,17.,38.));
#3056 = DIRECTION('',(-0.,1.,0.));
#3057 = DIRECTION('',(0.,0.,1.));
#3058 = ADVANCED_FACE('',(#3059),#3077,.F.);
#3059 = FACE_BOUND('',#3060,.F.);
#3060 = EDGE_LOOP('',(#3061,#3062,#3070,#3076));
#3061 = ORIENTED_EDGE('',*,*,#3031,.F.);
#3062 = ORIENTED_EDGE('',*,*,#3063,.T.);
#3063 = EDGE_CURVE('',#3032,#3064,#3066,.T.);
#3064 = VERTEX_POINT('',#3065);
#3065 = CARTESIAN_POINT('',(-21.,39.,40.));
#3066 = LINE('',#3067,#3068);
#3067 = CARTESIAN_POINT('',(-21.,8.5,40.));
#3068 = VECTOR('',#3069,1.);
#3069 = DIRECTION('',(-0.,1.,0.));
#3070 = ORIENTED_EDGE('',*,*,#3071,.T.);
#3071 = EDGE_CURVE('',#3064,#772,#3072,.T.);
#3072 = LINE('',#3073,#3074);
#3073 = CARTESIAN_POINT('',(-21.,39.,38.));
#3074 = VECTOR('',#3075,1.);
#3075 = DIRECTION('',(0.,0.,1.));
#3076 = ORIENTED_EDGE('',*,*,#779,.F.);
#3077 = PLANE('',#3078);
#3078 = AXIS2_PLACEMENT_3D('',#3079,#3080,#3081);
#3079 = CARTESIAN_POINT('',(-21.,17.,38.));
#3080 = DIRECTION('',(1.,0.,-0.));
#3081 = DIRECTION('',(0.,0.,1.));
#3082 = ADVANCED_FACE('',(#3083),#3101,.T.);
#3083 = FACE_BOUND('',#3084,.T.);
#3084 = EDGE_LOOP('',(#3085,#3086,#3094,#3100));
#3085 = ORIENTED_EDGE('',*,*,#3047,.F.);
#3086 = ORIENTED_EDGE('',*,*,#3087,.T.);
#3087 = EDGE_CURVE('',#3040,#3088,#3090,.T.);
#3088 = VERTEX_POINT('',#3089);
#3089 = CARTESIAN_POINT('',(-24.,39.,40.));
#3090 = LINE('',#3091,#3092);
#3091 = CARTESIAN_POINT('',(-24.,8.5,40.));
#3092 = VECTOR('',#3093,1.);
#3093 = DIRECTION('',(-0.,1.,0.));
#3094 = ORIENTED_EDGE('',*,*,#3095,.T.);
#3095 = EDGE_CURVE('',#3088,#764,#3096,.T.);
#3096 = LINE('',#3097,#3098);
#3097 = CARTESIAN_POINT('',(-24.,39.,38.));
#3098 = VECTOR('',#3099,1.);
#3099 = DIRECTION('',(0.,0.,1.));
#3100 = ORIENTED_EDGE('',*,*,#763,.F.);
#3101 = PLANE('',#3102);
#3102 = AXIS2_PLACEMENT_3D('',#3103,#3104,#3105);
#3103 = CARTESIAN_POINT('',(-24.,17.,38.));
#3104 = DIRECTION('',(1.,0.,-0.));
#3105 = DIRECTION('',(0.,0.,1.));
#3106 = ADVANCED_FACE('',(#3107),#3118,.F.);
#3107 = FACE_BOUND('',#3108,.F.);
#3108 = EDGE_LOOP('',(#3109,#3110,#3116,#3117));
#3109 = ORIENTED_EDGE('',*,*,#3071,.F.);
#3110 = ORIENTED_EDGE('',*,*,#3111,.T.);
#3111 = EDGE_CURVE('',#3064,#3088,#3112,.T.);
#3112 = LINE('',#3113,#3114);
#3113 = CARTESIAN_POINT('',(-12.,39.,40.));
#3114 = VECTOR('',#3115,1.);
#3115 = DIRECTION('',(-1.,-0.,0.));
#3116 = ORIENTED_EDGE('',*,*,#3095,.T.);
#3117 = ORIENTED_EDGE('',*,*,#771,.F.);
#3118 = PLANE('',#3119);
#3119 = AXIS2_PLACEMENT_3D('',#3120,#3121,#3122);
#3120 = CARTESIAN_POINT('',(-24.,39.,38.));
#3121 = DIRECTION('',(-0.,1.,0.));
#3122 = DIRECTION('',(0.,0.,1.));
#3123 = ADVANCED_FACE('',(#3124),#3149,.T.);
#3124 = FACE_BOUND('',#3125,.T.);
#3125 = EDGE_LOOP('',(#3126,#3134,#3142,#3148));
#3126 = ORIENTED_EDGE('',*,*,#3127,.F.);
#3127 = EDGE_CURVE('',#3128,#788,#3130,.T.);
#3128 = VERTEX_POINT('',#3129);
#3129 = CARTESIAN_POINT('',(-13.5,-11.,40.));
#3130 = LINE('',#3131,#3132);
#3131 = CARTESIAN_POINT('',(-13.5,-11.,38.));
#3132 = VECTOR('',#3133,1.);
#3133 = DIRECTION('',(0.,0.,1.));
#3134 = ORIENTED_EDGE('',*,*,#3135,.T.);
#3135 = EDGE_CURVE('',#3128,#3136,#3138,.T.);
#3136 = VERTEX_POINT('',#3137);
#3137 = CARTESIAN_POINT('',(-16.5,-11.,40.));
#3138 = LINE('',#3139,#3140);
#3139 = CARTESIAN_POINT('',(-8.25,-11.,40.));
#3140 = VECTOR('',#3141,1.);
#3141 = DIRECTION('',(-1.,-0.,0.));
#3142 = ORIENTED_EDGE('',*,*,#3143,.T.);
#3143 = EDGE_CURVE('',#3136,#790,#3144,.T.);
#3144 = LINE('',#3145,#3146);
#3145 = CARTESIAN_POINT('',(-16.5,-11.,38.));
#3146 = VECTOR('',#3147,1.);
#3147 = DIRECTION('',(0.,0.,1.));
#3148 = ORIENTED_EDGE('',*,*,#787,.F.);
#3149 = PLANE('',#3150);
#3150 = AXIS2_PLACEMENT_3D('',#3151,#3152,#3153);
#3151 = CARTESIAN_POINT('',(-16.5,-11.,38.));
#3152 = DIRECTION('',(-0.,1.,0.));
#3153 = DIRECTION('',(0.,0.,1.));
#3154 = ADVANCED_FACE('',(#3155),#3173,.F.);
#3155 = FACE_BOUND('',#3156,.F.);
#3156 = EDGE_LOOP('',(#3157,#3158,#3166,#3172));
#3157 = ORIENTED_EDGE('',*,*,#3127,.F.);
#3158 = ORIENTED_EDGE('',*,*,#3159,.T.);
#3159 = EDGE_CURVE('',#3128,#3160,#3162,.T.);
#3160 = VERTEX_POINT('',#3161);
#3161 = CARTESIAN_POINT('',(-13.5,11.,40.));
#3162 = LINE('',#3163,#3164);
#3163 = CARTESIAN_POINT('',(-13.5,-5.5,40.));
#3164 = VECTOR('',#3165,1.);
#3165 = DIRECTION('',(-0.,1.,0.));
#3166 = ORIENTED_EDGE('',*,*,#3167,.T.);
#3167 = EDGE_CURVE('',#3160,#806,#3168,.T.);
#3168 = LINE('',#3169,#3170);
#3169 = CARTESIAN_POINT('',(-13.5,11.,38.));
#3170 = VECTOR('',#3171,1.);
#3171 = DIRECTION('',(0.,0.,1.));
#3172 = ORIENTED_EDGE('',*,*,#813,.F.);
#3173 = PLANE('',#3174);
#3174 = AXIS2_PLACEMENT_3D('',#3175,#3176,#3177);
#3175 = CARTESIAN_POINT('',(-13.5,-11.,38.));
#3176 = DIRECTION('',(1.,0.,-0.));
#3177 = DIRECTION('',(0.,0.,1.));
#3178 = ADVANCED_FACE('',(#3179),#3197,.T.);
#3179 = FACE_BOUND('',#3180,.T.);
#3180 = EDGE_LOOP('',(#3181,#3182,#3190,#3196));
#3181 = ORIENTED_EDGE('',*,*,#3143,.F.);
#3182 = ORIENTED_EDGE('',*,*,#3183,.T.);
#3183 = EDGE_CURVE('',#3136,#3184,#3186,.T.);
#3184 = VERTEX_POINT('',#3185);
#3185 = CARTESIAN_POINT('',(-16.5,11.,40.));
#3186 = LINE('',#3187,#3188);
#3187 = CARTESIAN_POINT('',(-16.5,-5.5,40.));
#3188 = VECTOR('',#3189,1.);
#3189 = DIRECTION('',(-0.,1.,0.));
#3190 = ORIENTED_EDGE('',*,*,#3191,.T.);
#3191 = EDGE_CURVE('',#3184,#798,#3192,.T.);
#3192 = LINE('',#3193,#3194);
#3193 = CARTESIAN_POINT('',(-16.5,11.,38.));
#3194 = VECTOR('',#3195,1.);
#3195 = DIRECTION('',(0.,0.,1.));
#3196 = ORIENTED_EDGE('',*,*,#797,.F.);
#3197 = PLANE('',#3198);
#3198 = AXIS2_PLACEMENT_3D('',#3199,#3200,#3201);
#3199 = CARTESIAN_POINT('',(-16.5,-11.,38.));
#3200 = DIRECTION('',(1.,0.,-0.));
#3201 = DIRECTION('',(0.,0.,1.));
#3202 = ADVANCED_FACE('',(#3203),#3214,.F.);
#3203 = FACE_BOUND('',#3204,.F.);
#3204 = EDGE_LOOP('',(#3205,#3206,#3212,#3213));
#3205 = ORIENTED_EDGE('',*,*,#3167,.F.);
#3206 = ORIENTED_EDGE('',*,*,#3207,.T.);
#3207 = EDGE_CURVE('',#3160,#3184,#3208,.T.);
#3208 = LINE('',#3209,#3210);
#3209 = CARTESIAN_POINT('',(-8.25,11.,40.));
#3210 = VECTOR('',#3211,1.);
#3211 = DIRECTION('',(-1.,-0.,0.));
#3212 = ORIENTED_EDGE('',*,*,#3191,.T.);
#3213 = ORIENTED_EDGE('',*,*,#805,.F.);
#3214 = PLANE('',#3215);
#3215 = AXIS2_PLACEMENT_3D('',#3216,#3217,#3218);
#3216 = CARTESIAN_POINT('',(-16.5,11.,38.));
#3217 = DIRECTION('',(-0.,1.,0.));
#3218 = DIRECTION('',(0.,0.,1.));
#3219 = ADVANCED_FACE('',(#3220),#3245,.T.);
#3220 = FACE_BOUND('',#3221,.T.);
#3221 = EDGE_LOOP('',(#3222,#3230,#3238,#3244));
#3222 = ORIENTED_EDGE('',*,*,#3223,.F.);
#3223 = EDGE_CURVE('',#3224,#822,#3226,.T.);
#3224 = VERTEX_POINT('',#3225);
#3225 = CARTESIAN_POINT('',(-6.,-11.,40.));
#3226 = LINE('',#3227,#3228);
#3227 = CARTESIAN_POINT('',(-6.,-11.,38.));
#3228 = VECTOR('',#3229,1.);
#3229 = DIRECTION('',(0.,0.,1.));
#3230 = ORIENTED_EDGE('',*,*,#3231,.T.);
#3231 = EDGE_CURVE('',#3224,#3232,#3234,.T.);
#3232 = VERTEX_POINT('',#3233);
#3233 = CARTESIAN_POINT('',(-9.,-11.,40.));
#3234 = LINE('',#3235,#3236);
#3235 = CARTESIAN_POINT('',(-4.5,-11.,40.));
#3236 = VECTOR('',#3237,1.);
#3237 = DIRECTION('',(-1.,-0.,0.));
#3238 = ORIENTED_EDGE('',*,*,#3239,.T.);
#3239 = EDGE_CURVE('',#3232,#824,#3240,.T.);
#3240 = LINE('',#3241,#3242);
#3241 = CARTESIAN_POINT('',(-9.,-11.,38.));
#3242 = VECTOR('',#3243,1.);
#3243 = DIRECTION('',(0.,0.,1.));
#3244 = ORIENTED_EDGE('',*,*,#821,.F.);
#3245 = PLANE('',#3246);
#3246 = AXIS2_PLACEMENT_3D('',#3247,#3248,#3249);
#3247 = CARTESIAN_POINT('',(-9.,-11.,38.));
#3248 = DIRECTION('',(-0.,1.,0.));
#3249 = DIRECTION('',(0.,0.,1.));
#3250 = ADVANCED_FACE('',(#3251),#3269,.F.);
#3251 = FACE_BOUND('',#3252,.F.);
#3252 = EDGE_LOOP('',(#3253,#3254,#3262,#3268));
#3253 = ORIENTED_EDGE('',*,*,#3223,.F.);
#3254 = ORIENTED_EDGE('',*,*,#3255,.T.);
#3255 = EDGE_CURVE('',#3224,#3256,#3258,.T.);
#3256 = VERTEX_POINT('',#3257);
#3257 = CARTESIAN_POINT('',(-6.,11.,40.));
#3258 = LINE('',#3259,#3260);
#3259 = CARTESIAN_POINT('',(-6.,-5.5,40.));
#3260 = VECTOR('',#3261,1.);
#3261 = DIRECTION('',(-0.,1.,0.));
#3262 = ORIENTED_EDGE('',*,*,#3263,.T.);
#3263 = EDGE_CURVE('',#3256,#840,#3264,.T.);
#3264 = LINE('',#3265,#3266);
#3265 = CARTESIAN_POINT('',(-6.,11.,38.));
#3266 = VECTOR('',#3267,1.);
#3267 = DIRECTION('',(0.,0.,1.));
#3268 = ORIENTED_EDGE('',*,*,#847,.F.);
#3269 = PLANE('',#3270);
#3270 = AXIS2_PLACEMENT_3D('',#3271,#3272,#3273);
#3271 = CARTESIAN_POINT('',(-6.,-11.,38.));
#3272 = DIRECTION('',(1.,0.,-0.));
#3273 = DIRECTION('',(0.,0.,1.));
#3274 = ADVANCED_FACE('',(#3275),#3293,.T.);
#3275 = FACE_BOUND('',#3276,.T.);
#3276 = EDGE_LOOP('',(#3277,#3278,#3286,#3292));
#3277 = ORIENTED_EDGE('',*,*,#3239,.F.);
#3278 = ORIENTED_EDGE('',*,*,#3279,.T.);
#3279 = EDGE_CURVE('',#3232,#3280,#3282,.T.);
#3280 = VERTEX_POINT('',#3281);
#3281 = CARTESIAN_POINT('',(-9.,11.,40.));
#3282 = LINE('',#3283,#3284);
#3283 = CARTESIAN_POINT('',(-9.,-5.5,40.));
#3284 = VECTOR('',#3285,1.);
#3285 = DIRECTION('',(-0.,1.,0.));
#3286 = ORIENTED_EDGE('',*,*,#3287,.T.);
#3287 = EDGE_CURVE('',#3280,#832,#3288,.T.);
#3288 = LINE('',#3289,#3290);
#3289 = CARTESIAN_POINT('',(-9.,11.,38.));
#3290 = VECTOR('',#3291,1.);
#3291 = DIRECTION('',(0.,0.,1.));
#3292 = ORIENTED_EDGE('',*,*,#831,.F.);
#3293 = PLANE('',#3294);
#3294 = AXIS2_PLACEMENT_3D('',#3295,#3296,#3297);
#3295 = CARTESIAN_POINT('',(-9.,-11.,38.));
#3296 = DIRECTION('',(1.,0.,-0.));
#3297 = DIRECTION('',(0.,0.,1.));
#3298 = ADVANCED_FACE('',(#3299),#3310,.F.);
#3299 = FACE_BOUND('',#3300,.F.);
#3300 = EDGE_LOOP('',(#3301,#3302,#3308,#3309));
#3301 = ORIENTED_EDGE('',*,*,#3263,.F.);
#3302 = ORIENTED_EDGE('',*,*,#3303,.T.);
#3303 = EDGE_CURVE('',#3256,#3280,#3304,.T.);
#3304 = LINE('',#3305,#3306);
#3305 = CARTESIAN_POINT('',(-4.5,11.,40.));
#3306 = VECTOR('',#3307,1.);
#3307 = DIRECTION('',(-1.,-0.,0.));
#3308 = ORIENTED_EDGE('',*,*,#3287,.T.);
#3309 = ORIENTED_EDGE('',*,*,#839,.F.);
#3310 = PLANE('',#3311);
#3311 = AXIS2_PLACEMENT_3D('',#3312,#3313,#3314);
#3312 = CARTESIAN_POINT('',(-9.,11.,38.));
#3313 = DIRECTION('',(-0.,1.,0.));
#3314 = DIRECTION('',(0.,0.,1.));
#3315 = ADVANCED_FACE('',(#3316),#3341,.T.);
#3316 = FACE_BOUND('',#3317,.T.);
#3317 = EDGE_LOOP('',(#3318,#3326,#3334,#3340));
#3318 = ORIENTED_EDGE('',*,*,#3319,.F.);
#3319 = EDGE_CURVE('',#3320,#856,#3322,.T.);
#3320 = VERTEX_POINT('',#3321);
#3321 = CARTESIAN_POINT('',(-13.5,17.,40.));
#3322 = LINE('',#3323,#3324);
#3323 = CARTESIAN_POINT('',(-13.5,17.,38.));
#3324 = VECTOR('',#3325,1.);
#3325 = DIRECTION('',(0.,0.,1.));
#3326 = ORIENTED_EDGE('',*,*,#3327,.T.);
#3327 = EDGE_CURVE('',#3320,#3328,#3330,.T.);
#3328 = VERTEX_POINT('',#3329);
#3329 = CARTESIAN_POINT('',(-16.5,17.,40.));
#3330 = LINE('',#3331,#3332);
#3331 = CARTESIAN_POINT('',(-8.25,17.,40.));
#3332 = VECTOR('',#3333,1.);
#3333 = DIRECTION('',(-1.,-0.,0.));
#3334 = ORIENTED_EDGE('',*,*,#3335,.T.);
#3335 = EDGE_CURVE('',#3328,#858,#3336,.T.);
#3336 = LINE('',#3337,#3338);
#3337 = CARTESIAN_POINT('',(-16.5,17.,38.));
#3338 = VECTOR('',#3339,1.);
#3339 = DIRECTION('',(0.,0.,1.));
#3340 = ORIENTED_EDGE('',*,*,#855,.F.);
#3341 = PLANE('',#3342);
#3342 = AXIS2_PLACEMENT_3D('',#3343,#3344,#3345);
#3343 = CARTESIAN_POINT('',(-16.5,17.,38.));
#3344 = DIRECTION('',(-0.,1.,0.));
#3345 = DIRECTION('',(0.,0.,1.));
#3346 = ADVANCED_FACE('',(#3347),#3365,.F.);
#3347 = FACE_BOUND('',#3348,.F.);
#3348 = EDGE_LOOP('',(#3349,#3350,#3358,#3364));
#3349 = ORIENTED_EDGE('',*,*,#3319,.F.);
#3350 = ORIENTED_EDGE('',*,*,#3351,.T.);
#3351 = EDGE_CURVE('',#3320,#3352,#3354,.T.);
#3352 = VERTEX_POINT('',#3353);
#3353 = CARTESIAN_POINT('',(-13.5,39.,40.));
#3354 = LINE('',#3355,#3356);
#3355 = CARTESIAN_POINT('',(-13.5,8.5,40.));
#3356 = VECTOR('',#3357,1.);
#3357 = DIRECTION('',(-0.,1.,0.));
#3358 = ORIENTED_EDGE('',*,*,#3359,.T.);
#3359 = EDGE_CURVE('',#3352,#874,#3360,.T.);
#3360 = LINE('',#3361,#3362);
#3361 = CARTESIAN_POINT('',(-13.5,39.,38.));
#3362 = VECTOR('',#3363,1.);
#3363 = DIRECTION('',(0.,0.,1.));
#3364 = ORIENTED_EDGE('',*,*,#881,.F.);
#3365 = PLANE('',#3366);
#3366 = AXIS2_PLACEMENT_3D('',#3367,#3368,#3369);
#3367 = CARTESIAN_POINT('',(-13.5,17.,38.));
#3368 = DIRECTION('',(1.,0.,-0.));
#3369 = DIRECTION('',(0.,0.,1.));
#3370 = ADVANCED_FACE('',(#3371),#3389,.T.);
#3371 = FACE_BOUND('',#3372,.T.);
#3372 = EDGE_LOOP('',(#3373,#3374,#3382,#3388));
#3373 = ORIENTED_EDGE('',*,*,#3335,.F.);
#3374 = ORIENTED_EDGE('',*,*,#3375,.T.);
#3375 = EDGE_CURVE('',#3328,#3376,#3378,.T.);
#3376 = VERTEX_POINT('',#3377);
#3377 = CARTESIAN_POINT('',(-16.5,39.,40.));
#3378 = LINE('',#3379,#3380);
#3379 = CARTESIAN_POINT('',(-16.5,8.5,40.));
#3380 = VECTOR('',#3381,1.);
#3381 = DIRECTION('',(-0.,1.,0.));
#3382 = ORIENTED_EDGE('',*,*,#3383,.T.);
#3383 = EDGE_CURVE('',#3376,#866,#3384,.T.);
#3384 = LINE('',#3385,#3386);
#3385 = CARTESIAN_POINT('',(-16.5,39.,38.));
#3386 = VECTOR('',#3387,1.);
#3387 = DIRECTION('',(0.,0.,1.));
#3388 = ORIENTED_EDGE('',*,*,#865,.F.);
#3389 = PLANE('',#3390);
#3390 = AXIS2_PLACEMENT_3D('',#3391,#3392,#3393);
#3391 = CARTESIAN_POINT('',(-16.5,17.,38.));
#3392 = DIRECTION('',(1.,0.,-0.));
#3393 = DIRECTION('',(0.,0.,1.));
#3394 = ADVANCED_FACE('',(#3395),#3406,.F.);
#3395 = FACE_BOUND('',#3396,.F.);
#3396 = EDGE_LOOP('',(#3397,#3398,#3404,#3405));
#3397 = ORIENTED_EDGE('',*,*,#3359,.F.);
#3398 = ORIENTED_EDGE('',*,*,#3399,.T.);
#3399 = EDGE_CURVE('',#3352,#3376,#3400,.T.);
#3400 = LINE('',#3401,#3402);
#3401 = CARTESIAN_POINT('',(-8.25,39.,40.));
#3402 = VECTOR('',#3403,1.);
#3403 = DIRECTION('',(-1.,-0.,0.));
#3404 = ORIENTED_EDGE('',*,*,#3383,.T.);
#3405 = ORIENTED_EDGE('',*,*,#873,.F.);
#3406 = PLANE('',#3407);
#3407 = AXIS2_PLACEMENT_3D('',#3408,#3409,#3410);
#3408 = CARTESIAN_POINT('',(-16.5,39.,38.));
#3409 = DIRECTION('',(-0.,1.,0.));
#3410 = DIRECTION('',(0.,0.,1.));
#3411 = ADVANCED_FACE('',(#3412),#3437,.T.);
#3412 = FACE_BOUND('',#3413,.T.);
#3413 = EDGE_LOOP('',(#3414,#3422,#3430,#3436));
#3414 = ORIENTED_EDGE('',*,*,#3415,.F.);
#3415 = EDGE_CURVE('',#3416,#890,#3418,.T.);
#3416 = VERTEX_POINT('',#3417);
#3417 = CARTESIAN_POINT('',(-6.,17.,40.));
#3418 = LINE('',#3419,#3420);
#3419 = CARTESIAN_POINT('',(-6.,17.,38.));
#3420 = VECTOR('',#3421,1.);
#3421 = DIRECTION('',(0.,0.,1.));
#3422 = ORIENTED_EDGE('',*,*,#3423,.T.);
#3423 = EDGE_CURVE('',#3416,#3424,#3426,.T.);
#3424 = VERTEX_POINT('',#3425);
#3425 = CARTESIAN_POINT('',(-9.,17.,40.));
#3426 = LINE('',#3427,#3428);
#3427 = CARTESIAN_POINT('',(-4.5,17.,40.));
#3428 = VECTOR('',#3429,1.);
#3429 = DIRECTION('',(-1.,-0.,0.));
#3430 = ORIENTED_EDGE('',*,*,#3431,.T.);
#3431 = EDGE_CURVE('',#3424,#892,#3432,.T.);
#3432 = LINE('',#3433,#3434);
#3433 = CARTESIAN_POINT('',(-9.,17.,38.));
#3434 = VECTOR('',#3435,1.);
#3435 = DIRECTION('',(0.,0.,1.));
#3436 = ORIENTED_EDGE('',*,*,#889,.F.);
#3437 = PLANE('',#3438);
#3438 = AXIS2_PLACEMENT_3D('',#3439,#3440,#3441);
#3439 = CARTESIAN_POINT('',(-9.,17.,38.));
#3440 = DIRECTION('',(-0.,1.,0.));
#3441 = DIRECTION('',(0.,0.,1.));
#3442 = ADVANCED_FACE('',(#3443),#3461,.F.);
#3443 = FACE_BOUND('',#3444,.F.);
#3444 = EDGE_LOOP('',(#3445,#3446,#3454,#3460));
#3445 = ORIENTED_EDGE('',*,*,#3415,.F.);
#3446 = ORIENTED_EDGE('',*,*,#3447,.T.);
#3447 = EDGE_CURVE('',#3416,#3448,#3450,.T.);
#3448 = VERTEX_POINT('',#3449);
#3449 = CARTESIAN_POINT('',(-6.,39.,40.));
#3450 = LINE('',#3451,#3452);
#3451 = CARTESIAN_POINT('',(-6.,8.5,40.));
#3452 = VECTOR('',#3453,1.);
#3453 = DIRECTION('',(-0.,1.,0.));
#3454 = ORIENTED_EDGE('',*,*,#3455,.T.);
#3455 = EDGE_CURVE('',#3448,#908,#3456,.T.);
#3456 = LINE('',#3457,#3458);
#3457 = CARTESIAN_POINT('',(-6.,39.,38.));
#3458 = VECTOR('',#3459,1.);
#3459 = DIRECTION('',(0.,0.,1.));
#3460 = ORIENTED_EDGE('',*,*,#915,.F.);
#3461 = PLANE('',#3462);
#3462 = AXIS2_PLACEMENT_3D('',#3463,#3464,#3465);
#3463 = CARTESIAN_POINT('',(-6.,17.,38.));
#3464 = DIRECTION('',(1.,0.,-0.));
#3465 = DIRECTION('',(0.,0.,1.));
#3466 = ADVANCED_FACE('',(#3467),#3485,.T.);
#3467 = FACE_BOUND('',#3468,.T.);
#3468 = EDGE_LOOP('',(#3469,#3470,#3478,#3484));
#3469 = ORIENTED_EDGE('',*,*,#3431,.F.);
#3470 = ORIENTED_EDGE('',*,*,#3471,.T.);
#3471 = EDGE_CURVE('',#3424,#3472,#3474,.T.);
#3472 = VERTEX_POINT('',#3473);
#3473 = CARTESIAN_POINT('',(-9.,39.,40.));
#3474 = LINE('',#3475,#3476);
#3475 = CARTESIAN_POINT('',(-9.,8.5,40.));
#3476 = VECTOR('',#3477,1.);
#3477 = DIRECTION('',(-0.,1.,0.));
#3478 = ORIENTED_EDGE('',*,*,#3479,.T.);
#3479 = EDGE_CURVE('',#3472,#900,#3480,.T.);
#3480 = LINE('',#3481,#3482);
#3481 = CARTESIAN_POINT('',(-9.,39.,38.));
#3482 = VECTOR('',#3483,1.);
#3483 = DIRECTION('',(0.,0.,1.));
#3484 = ORIENTED_EDGE('',*,*,#899,.F.);
#3485 = PLANE('',#3486);
#3486 = AXIS2_PLACEMENT_3D('',#3487,#3488,#3489);
#3487 = CARTESIAN_POINT('',(-9.,17.,38.));
#3488 = DIRECTION('',(1.,0.,-0.));
#3489 = DIRECTION('',(0.,0.,1.));
#3490 = ADVANCED_FACE('',(#3491),#3502,.F.);
#3491 = FACE_BOUND('',#3492,.F.);
#3492 = EDGE_LOOP('',(#3493,#3494,#3500,#3501));
#3493 = ORIENTED_EDGE('',*,*,#3455,.F.);
#3494 = ORIENTED_EDGE('',*,*,#3495,.T.);
#3495 = EDGE_CURVE('',#3448,#3472,#3496,.T.);
#3496 = LINE('',#3497,#3498);
#3497 = CARTESIAN_POINT('',(-4.5,39.,40.));
#3498 = VECTOR('',#3499,1.);
#3499 = DIRECTION('',(-1.,-0.,0.));
#3500 = ORIENTED_EDGE('',*,*,#3479,.T.);
#3501 = ORIENTED_EDGE('',*,*,#907,.F.);
#3502 = PLANE('',#3503);
#3503 = AXIS2_PLACEMENT_3D('',#3504,#3505,#3506);
#3504 = CARTESIAN_POINT('',(-9.,39.,38.));
#3505 = DIRECTION('',(-0.,1.,0.));
#3506 = DIRECTION('',(0.,0.,1.));
#3507 = ADVANCED_FACE('',(#3508),#3561,.F.);
#3508 = FACE_BOUND('',#3509,.F.);
#3509 = EDGE_LOOP('',(#3510,#3511,#3519,#3528,#3536,#3545,#3553,#3560));
#3510 = ORIENTED_EDGE('',*,*,#923,.F.);
#3511 = ORIENTED_EDGE('',*,*,#3512,.F.);
#3512 = EDGE_CURVE('',#3513,#924,#3515,.T.);
#3513 = VERTEX_POINT('',#3514);
#3514 = CARTESIAN_POINT('',(-39.95,60.795,40.));
#3515 = LINE('',#3516,#3517);
#3516 = CARTESIAN_POINT('',(-39.95,60.795,38.));
#3517 = VECTOR('',#3518,1.);
#3518 = DIRECTION('',(0.,0.,1.));
#3519 = ORIENTED_EDGE('',*,*,#3520,.T.);
#3520 = EDGE_CURVE('',#3513,#3521,#3523,.T.);
#3521 = VERTEX_POINT('',#3522);
#3522 = CARTESIAN_POINT('',(-40.72678754017,62.195,40.));
#3523 = CIRCLE('',#3524,1.65);
#3524 = AXIS2_PLACEMENT_3D('',#3525,#3526,#3527);
#3525 = CARTESIAN_POINT('',(-41.6,60.795,40.));
#3526 = DIRECTION('',(0.,0.,1.));
#3527 = DIRECTION('',(1.,0.,-0.));
#3528 = ORIENTED_EDGE('',*,*,#3529,.F.);
#3529 = EDGE_CURVE('',#3530,#3521,#3532,.T.);
#3530 = VERTEX_POINT('',#3531);
#3531 = CARTESIAN_POINT('',(-40.72678754017,62.195,38.8));
#3532 = LINE('',#3533,#3534);
#3533 = CARTESIAN_POINT('',(-40.72678754017,62.195,38.));
#3534 = VECTOR('',#3535,1.);
#3535 = DIRECTION('',(0.,0.,1.));
#3536 = ORIENTED_EDGE('',*,*,#3537,.T.);
#3537 = EDGE_CURVE('',#3530,#3538,#3540,.T.);
#3538 = VERTEX_POINT('',#3539);
#3539 = CARTESIAN_POINT('',(-43.,59.921787540171,38.8));
#3540 = CIRCLE('',#3541,1.65);
#3541 = AXIS2_PLACEMENT_3D('',#3542,#3543,#3544);
#3542 = CARTESIAN_POINT('',(-41.6,60.795,38.8));
#3543 = DIRECTION('',(0.,0.,1.));
#3544 = DIRECTION('',(1.,0.,-0.));
#3545 = ORIENTED_EDGE('',*,*,#3546,.T.);
#3546 = EDGE_CURVE('',#3538,#3547,#3549,.T.);
#3547 = VERTEX_POINT('',#3548);
#3548 = CARTESIAN_POINT('',(-43.,59.921787540171,40.));
#3549 = LINE('',#3550,#3551);
#3550 = CARTESIAN_POINT('',(-43.,59.921787540171,38.));
#3551 = VECTOR('',#3552,1.);
#3552 = DIRECTION('',(0.,0.,1.));
#3553 = ORIENTED_EDGE('',*,*,#3554,.T.);
#3554 = EDGE_CURVE('',#3547,#3513,#3555,.T.);
#3555 = CIRCLE('',#3556,1.65);
#3556 = AXIS2_PLACEMENT_3D('',#3557,#3558,#3559);
#3557 = CARTESIAN_POINT('',(-41.6,60.795,40.));
#3558 = DIRECTION('',(0.,0.,1.));
#3559 = DIRECTION('',(1.,0.,-0.));
#3560 = ORIENTED_EDGE('',*,*,#3512,.T.);
#3561 = CYLINDRICAL_SURFACE('',#3562,1.65);
#3562 = AXIS2_PLACEMENT_3D('',#3563,#3564,#3565);
#3563 = CARTESIAN_POINT('',(-41.6,60.795,38.));
#3564 = DIRECTION('',(0.,0.,1.));
#3565 = DIRECTION('',(1.,0.,-0.));
#3566 = ADVANCED_FACE('',(#3567),#3592,.T.);
#3567 = FACE_BOUND('',#3568,.T.);
#3568 = EDGE_LOOP('',(#3569,#3577,#3585,#3591));
#3569 = ORIENTED_EDGE('',*,*,#3570,.F.);
#3570 = EDGE_CURVE('',#3571,#935,#3573,.T.);
#3571 = VERTEX_POINT('',#3572);
#3572 = CARTESIAN_POINT('',(1.5,-11.,40.));
#3573 = LINE('',#3574,#3575);
#3574 = CARTESIAN_POINT('',(1.5,-11.,38.));
#3575 = VECTOR('',#3576,1.);
#3576 = DIRECTION('',(0.,0.,1.));
#3577 = ORIENTED_EDGE('',*,*,#3578,.T.);
#3578 = EDGE_CURVE('',#3571,#3579,#3581,.T.);
#3579 = VERTEX_POINT('',#3580);
#3580 = CARTESIAN_POINT('',(-1.5,-11.,40.));
#3581 = LINE('',#3582,#3583);
#3582 = CARTESIAN_POINT('',(-0.75,-11.,40.));
#3583 = VECTOR('',#3584,1.);
#3584 = DIRECTION('',(-1.,-0.,0.));
#3585 = ORIENTED_EDGE('',*,*,#3586,.T.);
#3586 = EDGE_CURVE('',#3579,#937,#3587,.T.);
#3587 = LINE('',#3588,#3589);
#3588 = CARTESIAN_POINT('',(-1.5,-11.,38.));
#3589 = VECTOR('',#3590,1.);
#3590 = DIRECTION('',(0.,0.,1.));
#3591 = ORIENTED_EDGE('',*,*,#934,.F.);
#3592 = PLANE('',#3593);
#3593 = AXIS2_PLACEMENT_3D('',#3594,#3595,#3596);
#3594 = CARTESIAN_POINT('',(-1.5,-11.,38.));
#3595 = DIRECTION('',(-0.,1.,0.));
#3596 = DIRECTION('',(0.,0.,1.));
#3597 = ADVANCED_FACE('',(#3598),#3616,.F.);
#3598 = FACE_BOUND('',#3599,.F.);
#3599 = EDGE_LOOP('',(#3600,#3601,#3609,#3615));
#3600 = ORIENTED_EDGE('',*,*,#3570,.F.);
#3601 = ORIENTED_EDGE('',*,*,#3602,.T.);
#3602 = EDGE_CURVE('',#3571,#3603,#3605,.T.);
#3603 = VERTEX_POINT('',#3604);
#3604 = CARTESIAN_POINT('',(1.5,11.,40.));
#3605 = LINE('',#3606,#3607);
#3606 = CARTESIAN_POINT('',(1.5,-5.5,40.));
#3607 = VECTOR('',#3608,1.);
#3608 = DIRECTION('',(-0.,1.,0.));
#3609 = ORIENTED_EDGE('',*,*,#3610,.T.);
#3610 = EDGE_CURVE('',#3603,#953,#3611,.T.);
#3611 = LINE('',#3612,#3613);
#3612 = CARTESIAN_POINT('',(1.5,11.,38.));
#3613 = VECTOR('',#3614,1.);
#3614 = DIRECTION('',(0.,0.,1.));
#3615 = ORIENTED_EDGE('',*,*,#960,.F.);
#3616 = PLANE('',#3617);
#3617 = AXIS2_PLACEMENT_3D('',#3618,#3619,#3620);
#3618 = CARTESIAN_POINT('',(1.5,-11.,38.));
#3619 = DIRECTION('',(1.,0.,-0.));
#3620 = DIRECTION('',(0.,0.,1.));
#3621 = ADVANCED_FACE('',(#3622),#3640,.T.);
#3622 = FACE_BOUND('',#3623,.T.);
#3623 = EDGE_LOOP('',(#3624,#3625,#3633,#3639));
#3624 = ORIENTED_EDGE('',*,*,#3586,.F.);
#3625 = ORIENTED_EDGE('',*,*,#3626,.T.);
#3626 = EDGE_CURVE('',#3579,#3627,#3629,.T.);
#3627 = VERTEX_POINT('',#3628);
#3628 = CARTESIAN_POINT('',(-1.5,11.,40.));
#3629 = LINE('',#3630,#3631);
#3630 = CARTESIAN_POINT('',(-1.5,-5.5,40.));
#3631 = VECTOR('',#3632,1.);
#3632 = DIRECTION('',(-0.,1.,0.));
#3633 = ORIENTED_EDGE('',*,*,#3634,.T.);
#3634 = EDGE_CURVE('',#3627,#945,#3635,.T.);
#3635 = LINE('',#3636,#3637);
#3636 = CARTESIAN_POINT('',(-1.5,11.,38.));
#3637 = VECTOR('',#3638,1.);
#3638 = DIRECTION('',(0.,0.,1.));
#3639 = ORIENTED_EDGE('',*,*,#944,.F.);
#3640 = PLANE('',#3641);
#3641 = AXIS2_PLACEMENT_3D('',#3642,#3643,#3644);
#3642 = CARTESIAN_POINT('',(-1.5,-11.,38.));
#3643 = DIRECTION('',(1.,0.,-0.));
#3644 = DIRECTION('',(0.,0.,1.));
#3645 = ADVANCED_FACE('',(#3646),#3657,.F.);
#3646 = FACE_BOUND('',#3647,.F.);
#3647 = EDGE_LOOP('',(#3648,#3649,#3655,#3656));
#3648 = ORIENTED_EDGE('',*,*,#3610,.F.);
#3649 = ORIENTED_EDGE('',*,*,#3650,.T.);
#3650 = EDGE_CURVE('',#3603,#3627,#3651,.T.);
#3651 = LINE('',#3652,#3653);
#3652 = CARTESIAN_POINT('',(-0.75,11.,40.));
#3653 = VECTOR('',#3654,1.);
#3654 = DIRECTION('',(-1.,-0.,0.));
#3655 = ORIENTED_EDGE('',*,*,#3634,.T.);
#3656 = ORIENTED_EDGE('',*,*,#952,.F.);
#3657 = PLANE('',#3658);
#3658 = AXIS2_PLACEMENT_3D('',#3659,#3660,#3661);
#3659 = CARTESIAN_POINT('',(-1.5,11.,38.));
#3660 = DIRECTION('',(-0.,1.,0.));
#3661 = DIRECTION('',(0.,0.,1.));
#3662 = ADVANCED_FACE('',(#3663),#3688,.T.);
#3663 = FACE_BOUND('',#3664,.T.);
#3664 = EDGE_LOOP('',(#3665,#3673,#3681,#3687));
#3665 = ORIENTED_EDGE('',*,*,#3666,.F.);
#3666 = EDGE_CURVE('',#3667,#969,#3669,.T.);
#3667 = VERTEX_POINT('',#3668);
#3668 = CARTESIAN_POINT('',(9.,-11.,40.));
#3669 = LINE('',#3670,#3671);
#3670 = CARTESIAN_POINT('',(9.,-11.,38.));
#3671 = VECTOR('',#3672,1.);
#3672 = DIRECTION('',(0.,0.,1.));
#3673 = ORIENTED_EDGE('',*,*,#3674,.T.);
#3674 = EDGE_CURVE('',#3667,#3675,#3677,.T.);
#3675 = VERTEX_POINT('',#3676);
#3676 = CARTESIAN_POINT('',(6.,-11.,40.));
#3677 = LINE('',#3678,#3679);
#3678 = CARTESIAN_POINT('',(3.,-11.,40.));
#3679 = VECTOR('',#3680,1.);
#3680 = DIRECTION('',(-1.,-0.,0.));
#3681 = ORIENTED_EDGE('',*,*,#3682,.T.);
#3682 = EDGE_CURVE('',#3675,#971,#3683,.T.);
#3683 = LINE('',#3684,#3685);
#3684 = CARTESIAN_POINT('',(6.,-11.,38.));
#3685 = VECTOR('',#3686,1.);
#3686 = DIRECTION('',(0.,0.,1.));
#3687 = ORIENTED_EDGE('',*,*,#968,.F.);
#3688 = PLANE('',#3689);
#3689 = AXIS2_PLACEMENT_3D('',#3690,#3691,#3692);
#3690 = CARTESIAN_POINT('',(6.,-11.,38.));
#3691 = DIRECTION('',(-0.,1.,0.));
#3692 = DIRECTION('',(0.,0.,1.));
#3693 = ADVANCED_FACE('',(#3694),#3712,.F.);
#3694 = FACE_BOUND('',#3695,.F.);
#3695 = EDGE_LOOP('',(#3696,#3697,#3705,#3711));
#3696 = ORIENTED_EDGE('',*,*,#3666,.F.);
#3697 = ORIENTED_EDGE('',*,*,#3698,.T.);
#3698 = EDGE_CURVE('',#3667,#3699,#3701,.T.);
#3699 = VERTEX_POINT('',#3700);
#3700 = CARTESIAN_POINT('',(9.,11.,40.));
#3701 = LINE('',#3702,#3703);
#3702 = CARTESIAN_POINT('',(9.,-5.5,40.));
#3703 = VECTOR('',#3704,1.);
#3704 = DIRECTION('',(-0.,1.,0.));
#3705 = ORIENTED_EDGE('',*,*,#3706,.T.);
#3706 = EDGE_CURVE('',#3699,#987,#3707,.T.);
#3707 = LINE('',#3708,#3709);
#3708 = CARTESIAN_POINT('',(9.,11.,38.));
#3709 = VECTOR('',#3710,1.);
#3710 = DIRECTION('',(0.,0.,1.));
#3711 = ORIENTED_EDGE('',*,*,#994,.F.);
#3712 = PLANE('',#3713);
#3713 = AXIS2_PLACEMENT_3D('',#3714,#3715,#3716);
#3714 = CARTESIAN_POINT('',(9.,-11.,38.));
#3715 = DIRECTION('',(1.,0.,-0.));
#3716 = DIRECTION('',(0.,0.,1.));
#3717 = ADVANCED_FACE('',(#3718),#3736,.T.);
#3718 = FACE_BOUND('',#3719,.T.);
#3719 = EDGE_LOOP('',(#3720,#3721,#3729,#3735));
#3720 = ORIENTED_EDGE('',*,*,#3682,.F.);
#3721 = ORIENTED_EDGE('',*,*,#3722,.T.);
#3722 = EDGE_CURVE('',#3675,#3723,#3725,.T.);
#3723 = VERTEX_POINT('',#3724);
#3724 = CARTESIAN_POINT('',(6.,11.,40.));
#3725 = LINE('',#3726,#3727);
#3726 = CARTESIAN_POINT('',(6.,-5.5,40.));
#3727 = VECTOR('',#3728,1.);
#3728 = DIRECTION('',(-0.,1.,0.));
#3729 = ORIENTED_EDGE('',*,*,#3730,.T.);
#3730 = EDGE_CURVE('',#3723,#979,#3731,.T.);
#3731 = LINE('',#3732,#3733);
#3732 = CARTESIAN_POINT('',(6.,11.,38.));
#3733 = VECTOR('',#3734,1.);
#3734 = DIRECTION('',(0.,0.,1.));
#3735 = ORIENTED_EDGE('',*,*,#978,.F.);
#3736 = PLANE('',#3737);
#3737 = AXIS2_PLACEMENT_3D('',#3738,#3739,#3740);
#3738 = CARTESIAN_POINT('',(6.,-11.,38.));
#3739 = DIRECTION('',(1.,0.,-0.));
#3740 = DIRECTION('',(0.,0.,1.));
#3741 = ADVANCED_FACE('',(#3742),#3753,.F.);
#3742 = FACE_BOUND('',#3743,.F.);
#3743 = EDGE_LOOP('',(#3744,#3745,#3751,#3752));
#3744 = ORIENTED_EDGE('',*,*,#3706,.F.);
#3745 = ORIENTED_EDGE('',*,*,#3746,.T.);
#3746 = EDGE_CURVE('',#3699,#3723,#3747,.T.);
#3747 = LINE('',#3748,#3749);
#3748 = CARTESIAN_POINT('',(3.,11.,40.));
#3749 = VECTOR('',#3750,1.);
#3750 = DIRECTION('',(-1.,-0.,0.));
#3751 = ORIENTED_EDGE('',*,*,#3730,.T.);
#3752 = ORIENTED_EDGE('',*,*,#986,.F.);
#3753 = PLANE('',#3754);
#3754 = AXIS2_PLACEMENT_3D('',#3755,#3756,#3757);
#3755 = CARTESIAN_POINT('',(6.,11.,38.));
#3756 = DIRECTION('',(-0.,1.,0.));
#3757 = DIRECTION('',(0.,0.,1.));
#3758 = ADVANCED_FACE('',(#3759),#3784,.T.);
#3759 = FACE_BOUND('',#3760,.T.);
#3760 = EDGE_LOOP('',(#3761,#3769,#3777,#3783));
#3761 = ORIENTED_EDGE('',*,*,#3762,.F.);
#3762 = EDGE_CURVE('',#3763,#1003,#3765,.T.);
#3763 = VERTEX_POINT('',#3764);
#3764 = CARTESIAN_POINT('',(16.5,-11.,40.));
#3765 = LINE('',#3766,#3767);
#3766 = CARTESIAN_POINT('',(16.5,-11.,38.));
#3767 = VECTOR('',#3768,1.);
#3768 = DIRECTION('',(0.,0.,1.));
#3769 = ORIENTED_EDGE('',*,*,#3770,.T.);
#3770 = EDGE_CURVE('',#3763,#3771,#3773,.T.);
#3771 = VERTEX_POINT('',#3772);
#3772 = CARTESIAN_POINT('',(13.5,-11.,40.));
#3773 = LINE('',#3774,#3775);
#3774 = CARTESIAN_POINT('',(6.75,-11.,40.));
#3775 = VECTOR('',#3776,1.);
#3776 = DIRECTION('',(-1.,-0.,0.));
#3777 = ORIENTED_EDGE('',*,*,#3778,.T.);
#3778 = EDGE_CURVE('',#3771,#1005,#3779,.T.);
#3779 = LINE('',#3780,#3781);
#3780 = CARTESIAN_POINT('',(13.5,-11.,38.));
#3781 = VECTOR('',#3782,1.);
#3782 = DIRECTION('',(0.,0.,1.));
#3783 = ORIENTED_EDGE('',*,*,#1002,.F.);
#3784 = PLANE('',#3785);
#3785 = AXIS2_PLACEMENT_3D('',#3786,#3787,#3788);
#3786 = CARTESIAN_POINT('',(13.5,-11.,38.));
#3787 = DIRECTION('',(-0.,1.,0.));
#3788 = DIRECTION('',(0.,0.,1.));
#3789 = ADVANCED_FACE('',(#3790),#3808,.F.);
#3790 = FACE_BOUND('',#3791,.F.);
#3791 = EDGE_LOOP('',(#3792,#3793,#3801,#3807));
#3792 = ORIENTED_EDGE('',*,*,#3762,.F.);
#3793 = ORIENTED_EDGE('',*,*,#3794,.T.);
#3794 = EDGE_CURVE('',#3763,#3795,#3797,.T.);
#3795 = VERTEX_POINT('',#3796);
#3796 = CARTESIAN_POINT('',(16.5,11.,40.));
#3797 = LINE('',#3798,#3799);
#3798 = CARTESIAN_POINT('',(16.5,-5.5,40.));
#3799 = VECTOR('',#3800,1.);
#3800 = DIRECTION('',(-0.,1.,0.));
#3801 = ORIENTED_EDGE('',*,*,#3802,.T.);
#3802 = EDGE_CURVE('',#3795,#1021,#3803,.T.);
#3803 = LINE('',#3804,#3805);
#3804 = CARTESIAN_POINT('',(16.5,11.,38.));
#3805 = VECTOR('',#3806,1.);
#3806 = DIRECTION('',(0.,0.,1.));
#3807 = ORIENTED_EDGE('',*,*,#1028,.F.);
#3808 = PLANE('',#3809);
#3809 = AXIS2_PLACEMENT_3D('',#3810,#3811,#3812);
#3810 = CARTESIAN_POINT('',(16.5,-11.,38.));
#3811 = DIRECTION('',(1.,0.,-0.));
#3812 = DIRECTION('',(0.,0.,1.));
#3813 = ADVANCED_FACE('',(#3814),#3832,.T.);
#3814 = FACE_BOUND('',#3815,.T.);
#3815 = EDGE_LOOP('',(#3816,#3817,#3825,#3831));
#3816 = ORIENTED_EDGE('',*,*,#3778,.F.);
#3817 = ORIENTED_EDGE('',*,*,#3818,.T.);
#3818 = EDGE_CURVE('',#3771,#3819,#3821,.T.);
#3819 = VERTEX_POINT('',#3820);
#3820 = CARTESIAN_POINT('',(13.5,11.,40.));
#3821 = LINE('',#3822,#3823);
#3822 = CARTESIAN_POINT('',(13.5,-5.5,40.));
#3823 = VECTOR('',#3824,1.);
#3824 = DIRECTION('',(-0.,1.,0.));
#3825 = ORIENTED_EDGE('',*,*,#3826,.T.);
#3826 = EDGE_CURVE('',#3819,#1013,#3827,.T.);
#3827 = LINE('',#3828,#3829);
#3828 = CARTESIAN_POINT('',(13.5,11.,38.));
#3829 = VECTOR('',#3830,1.);
#3830 = DIRECTION('',(0.,0.,1.));
#3831 = ORIENTED_EDGE('',*,*,#1012,.F.);
#3832 = PLANE('',#3833);
#3833 = AXIS2_PLACEMENT_3D('',#3834,#3835,#3836);
#3834 = CARTESIAN_POINT('',(13.5,-11.,38.));
#3835 = DIRECTION('',(1.,0.,-0.));
#3836 = DIRECTION('',(0.,0.,1.));
#3837 = ADVANCED_FACE('',(#3838),#3849,.F.);
#3838 = FACE_BOUND('',#3839,.F.);
#3839 = EDGE_LOOP('',(#3840,#3841,#3847,#3848));
#3840 = ORIENTED_EDGE('',*,*,#3802,.F.);
#3841 = ORIENTED_EDGE('',*,*,#3842,.T.);
#3842 = EDGE_CURVE('',#3795,#3819,#3843,.T.);
#3843 = LINE('',#3844,#3845);
#3844 = CARTESIAN_POINT('',(6.75,11.,40.));
#3845 = VECTOR('',#3846,1.);
#3846 = DIRECTION('',(-1.,-0.,0.));
#3847 = ORIENTED_EDGE('',*,*,#3826,.T.);
#3848 = ORIENTED_EDGE('',*,*,#1020,.F.);
#3849 = PLANE('',#3850);
#3850 = AXIS2_PLACEMENT_3D('',#3851,#3852,#3853);
#3851 = CARTESIAN_POINT('',(13.5,11.,38.));
#3852 = DIRECTION('',(-0.,1.,0.));
#3853 = DIRECTION('',(0.,0.,1.));
#3854 = ADVANCED_FACE('',(#3855),#3880,.T.);
#3855 = FACE_BOUND('',#3856,.T.);
#3856 = EDGE_LOOP('',(#3857,#3865,#3873,#3879));
#3857 = ORIENTED_EDGE('',*,*,#3858,.F.);
#3858 = EDGE_CURVE('',#3859,#1037,#3861,.T.);
#3859 = VERTEX_POINT('',#3860);
#3860 = CARTESIAN_POINT('',(1.5,17.,40.));
#3861 = LINE('',#3862,#3863);
#3862 = CARTESIAN_POINT('',(1.5,17.,38.));
#3863 = VECTOR('',#3864,1.);
#3864 = DIRECTION('',(0.,0.,1.));
#3865 = ORIENTED_EDGE('',*,*,#3866,.T.);
#3866 = EDGE_CURVE('',#3859,#3867,#3869,.T.);
#3867 = VERTEX_POINT('',#3868);
#3868 = CARTESIAN_POINT('',(-1.5,17.,40.));
#3869 = LINE('',#3870,#3871);
#3870 = CARTESIAN_POINT('',(-0.75,17.,40.));
#3871 = VECTOR('',#3872,1.);
#3872 = DIRECTION('',(-1.,-0.,0.));
#3873 = ORIENTED_EDGE('',*,*,#3874,.T.);
#3874 = EDGE_CURVE('',#3867,#1039,#3875,.T.);
#3875 = LINE('',#3876,#3877);
#3876 = CARTESIAN_POINT('',(-1.5,17.,38.));
#3877 = VECTOR('',#3878,1.);
#3878 = DIRECTION('',(0.,0.,1.));
#3879 = ORIENTED_EDGE('',*,*,#1036,.F.);
#3880 = PLANE('',#3881);
#3881 = AXIS2_PLACEMENT_3D('',#3882,#3883,#3884);
#3882 = CARTESIAN_POINT('',(-1.5,17.,38.));
#3883 = DIRECTION('',(-0.,1.,0.));
#3884 = DIRECTION('',(0.,0.,1.));
#3885 = ADVANCED_FACE('',(#3886),#3904,.F.);
#3886 = FACE_BOUND('',#3887,.F.);
#3887 = EDGE_LOOP('',(#3888,#3889,#3897,#3903));
#3888 = ORIENTED_EDGE('',*,*,#3858,.F.);
#3889 = ORIENTED_EDGE('',*,*,#3890,.T.);
#3890 = EDGE_CURVE('',#3859,#3891,#3893,.T.);
#3891 = VERTEX_POINT('',#3892);
#3892 = CARTESIAN_POINT('',(1.5,39.,40.));
#3893 = LINE('',#3894,#3895);
#3894 = CARTESIAN_POINT('',(1.5,8.5,40.));
#3895 = VECTOR('',#3896,1.);
#3896 = DIRECTION('',(-0.,1.,0.));
#3897 = ORIENTED_EDGE('',*,*,#3898,.T.);
#3898 = EDGE_CURVE('',#3891,#1055,#3899,.T.);
#3899 = LINE('',#3900,#3901);
#3900 = CARTESIAN_POINT('',(1.5,39.,38.));
#3901 = VECTOR('',#3902,1.);
#3902 = DIRECTION('',(0.,0.,1.));
#3903 = ORIENTED_EDGE('',*,*,#1062,.F.);
#3904 = PLANE('',#3905);
#3905 = AXIS2_PLACEMENT_3D('',#3906,#3907,#3908);
#3906 = CARTESIAN_POINT('',(1.5,17.,38.));
#3907 = DIRECTION('',(1.,0.,-0.));
#3908 = DIRECTION('',(0.,0.,1.));
#3909 = ADVANCED_FACE('',(#3910),#3928,.T.);
#3910 = FACE_BOUND('',#3911,.T.);
#3911 = EDGE_LOOP('',(#3912,#3913,#3921,#3927));
#3912 = ORIENTED_EDGE('',*,*,#3874,.F.);
#3913 = ORIENTED_EDGE('',*,*,#3914,.T.);
#3914 = EDGE_CURVE('',#3867,#3915,#3917,.T.);
#3915 = VERTEX_POINT('',#3916);
#3916 = CARTESIAN_POINT('',(-1.5,39.,40.));
#3917 = LINE('',#3918,#3919);
#3918 = CARTESIAN_POINT('',(-1.5,8.5,40.));
#3919 = VECTOR('',#3920,1.);
#3920 = DIRECTION('',(-0.,1.,0.));
#3921 = ORIENTED_EDGE('',*,*,#3922,.T.);
#3922 = EDGE_CURVE('',#3915,#1047,#3923,.T.);
#3923 = LINE('',#3924,#3925);
#3924 = CARTESIAN_POINT('',(-1.5,39.,38.));
#3925 = VECTOR('',#3926,1.);
#3926 = DIRECTION('',(0.,0.,1.));
#3927 = ORIENTED_EDGE('',*,*,#1046,.F.);
#3928 = PLANE('',#3929);
#3929 = AXIS2_PLACEMENT_3D('',#3930,#3931,#3932);
#3930 = CARTESIAN_POINT('',(-1.5,17.,38.));
#3931 = DIRECTION('',(1.,0.,-0.));
#3932 = DIRECTION('',(0.,0.,1.));
#3933 = ADVANCED_FACE('',(#3934),#3945,.F.);
#3934 = FACE_BOUND('',#3935,.F.);
#3935 = EDGE_LOOP('',(#3936,#3937,#3943,#3944));
#3936 = ORIENTED_EDGE('',*,*,#3898,.F.);
#3937 = ORIENTED_EDGE('',*,*,#3938,.T.);
#3938 = EDGE_CURVE('',#3891,#3915,#3939,.T.);
#3939 = LINE('',#3940,#3941);
#3940 = CARTESIAN_POINT('',(-0.75,39.,40.));
#3941 = VECTOR('',#3942,1.);
#3942 = DIRECTION('',(-1.,-0.,0.));
#3943 = ORIENTED_EDGE('',*,*,#3922,.T.);
#3944 = ORIENTED_EDGE('',*,*,#1054,.F.);
#3945 = PLANE('',#3946);
#3946 = AXIS2_PLACEMENT_3D('',#3947,#3948,#3949);
#3947 = CARTESIAN_POINT('',(-1.5,39.,38.));
#3948 = DIRECTION('',(-0.,1.,0.));
#3949 = DIRECTION('',(0.,0.,1.));
#3950 = ADVANCED_FACE('',(#3951),#3976,.T.);
#3951 = FACE_BOUND('',#3952,.T.);
#3952 = EDGE_LOOP('',(#3953,#3961,#3969,#3975));
#3953 = ORIENTED_EDGE('',*,*,#3954,.F.);
#3954 = EDGE_CURVE('',#3955,#1071,#3957,.T.);
#3955 = VERTEX_POINT('',#3956);
#3956 = CARTESIAN_POINT('',(9.,17.,40.));
#3957 = LINE('',#3958,#3959);
#3958 = CARTESIAN_POINT('',(9.,17.,38.));
#3959 = VECTOR('',#3960,1.);
#3960 = DIRECTION('',(0.,0.,1.));
#3961 = ORIENTED_EDGE('',*,*,#3962,.T.);
#3962 = EDGE_CURVE('',#3955,#3963,#3965,.T.);
#3963 = VERTEX_POINT('',#3964);
#3964 = CARTESIAN_POINT('',(6.,17.,40.));
#3965 = LINE('',#3966,#3967);
#3966 = CARTESIAN_POINT('',(3.,17.,40.));
#3967 = VECTOR('',#3968,1.);
#3968 = DIRECTION('',(-1.,-0.,0.));
#3969 = ORIENTED_EDGE('',*,*,#3970,.T.);
#3970 = EDGE_CURVE('',#3963,#1073,#3971,.T.);
#3971 = LINE('',#3972,#3973);
#3972 = CARTESIAN_POINT('',(6.,17.,38.));
#3973 = VECTOR('',#3974,1.);
#3974 = DIRECTION('',(0.,0.,1.));
#3975 = ORIENTED_EDGE('',*,*,#1070,.F.);
#3976 = PLANE('',#3977);
#3977 = AXIS2_PLACEMENT_3D('',#3978,#3979,#3980);
#3978 = CARTESIAN_POINT('',(6.,17.,38.));
#3979 = DIRECTION('',(-0.,1.,0.));
#3980 = DIRECTION('',(0.,0.,1.));
#3981 = ADVANCED_FACE('',(#3982),#4000,.F.);
#3982 = FACE_BOUND('',#3983,.F.);
#3983 = EDGE_LOOP('',(#3984,#3985,#3993,#3999));
#3984 = ORIENTED_EDGE('',*,*,#3954,.F.);
#3985 = ORIENTED_EDGE('',*,*,#3986,.T.);
#3986 = EDGE_CURVE('',#3955,#3987,#3989,.T.);
#3987 = VERTEX_POINT('',#3988);
#3988 = CARTESIAN_POINT('',(9.,39.,40.));
#3989 = LINE('',#3990,#3991);
#3990 = CARTESIAN_POINT('',(9.,8.5,40.));
#3991 = VECTOR('',#3992,1.);
#3992 = DIRECTION('',(-0.,1.,0.));
#3993 = ORIENTED_EDGE('',*,*,#3994,.T.);
#3994 = EDGE_CURVE('',#3987,#1089,#3995,.T.);
#3995 = LINE('',#3996,#3997);
#3996 = CARTESIAN_POINT('',(9.,39.,38.));
#3997 = VECTOR('',#3998,1.);
#3998 = DIRECTION('',(0.,0.,1.));
#3999 = ORIENTED_EDGE('',*,*,#1096,.F.);
#4000 = PLANE('',#4001);
#4001 = AXIS2_PLACEMENT_3D('',#4002,#4003,#4004);
#4002 = CARTESIAN_POINT('',(9.,17.,38.));
#4003 = DIRECTION('',(1.,0.,-0.));
#4004 = DIRECTION('',(0.,0.,1.));
#4005 = ADVANCED_FACE('',(#4006),#4024,.T.);
#4006 = FACE_BOUND('',#4007,.T.);
#4007 = EDGE_LOOP('',(#4008,#4009,#4017,#4023));
#4008 = ORIENTED_EDGE('',*,*,#3970,.F.);
#4009 = ORIENTED_EDGE('',*,*,#4010,.T.);
#4010 = EDGE_CURVE('',#3963,#4011,#4013,.T.);
#4011 = VERTEX_POINT('',#4012);
#4012 = CARTESIAN_POINT('',(6.,39.,40.));
#4013 = LINE('',#4014,#4015);
#4014 = CARTESIAN_POINT('',(6.,8.5,40.));
#4015 = VECTOR('',#4016,1.);
#4016 = DIRECTION('',(-0.,1.,0.));
#4017 = ORIENTED_EDGE('',*,*,#4018,.T.);
#4018 = EDGE_CURVE('',#4011,#1081,#4019,.T.);
#4019 = LINE('',#4020,#4021);
#4020 = CARTESIAN_POINT('',(6.,39.,38.));
#4021 = VECTOR('',#4022,1.);
#4022 = DIRECTION('',(0.,0.,1.));
#4023 = ORIENTED_EDGE('',*,*,#1080,.F.);
#4024 = PLANE('',#4025);
#4025 = AXIS2_PLACEMENT_3D('',#4026,#4027,#4028);
#4026 = CARTESIAN_POINT('',(6.,17.,38.));
#4027 = DIRECTION('',(1.,0.,-0.));
#4028 = DIRECTION('',(0.,0.,1.));
#4029 = ADVANCED_FACE('',(#4030),#4041,.F.);
#4030 = FACE_BOUND('',#4031,.F.);
#4031 = EDGE_LOOP('',(#4032,#4033,#4039,#4040));
#4032 = ORIENTED_EDGE('',*,*,#3994,.F.);
#4033 = ORIENTED_EDGE('',*,*,#4034,.T.);
#4034 = EDGE_CURVE('',#3987,#4011,#4035,.T.);
#4035 = LINE('',#4036,#4037);
#4036 = CARTESIAN_POINT('',(3.,39.,40.));
#4037 = VECTOR('',#4038,1.);
#4038 = DIRECTION('',(-1.,-0.,0.));
#4039 = ORIENTED_EDGE('',*,*,#4018,.T.);
#4040 = ORIENTED_EDGE('',*,*,#1088,.F.);
#4041 = PLANE('',#4042);
#4042 = AXIS2_PLACEMENT_3D('',#4043,#4044,#4045);
#4043 = CARTESIAN_POINT('',(6.,39.,38.));
#4044 = DIRECTION('',(-0.,1.,0.));
#4045 = DIRECTION('',(0.,0.,1.));
#4046 = ADVANCED_FACE('',(#4047),#4072,.T.);
#4047 = FACE_BOUND('',#4048,.T.);
#4048 = EDGE_LOOP('',(#4049,#4057,#4065,#4071));
#4049 = ORIENTED_EDGE('',*,*,#4050,.F.);
#4050 = EDGE_CURVE('',#4051,#1105,#4053,.T.);
#4051 = VERTEX_POINT('',#4052);
#4052 = CARTESIAN_POINT('',(16.5,17.,40.));
#4053 = LINE('',#4054,#4055);
#4054 = CARTESIAN_POINT('',(16.5,17.,38.));
#4055 = VECTOR('',#4056,1.);
#4056 = DIRECTION('',(0.,0.,1.));
#4057 = ORIENTED_EDGE('',*,*,#4058,.T.);
#4058 = EDGE_CURVE('',#4051,#4059,#4061,.T.);
#4059 = VERTEX_POINT('',#4060);
#4060 = CARTESIAN_POINT('',(13.5,17.,40.));
#4061 = LINE('',#4062,#4063);
#4062 = CARTESIAN_POINT('',(6.75,17.,40.));
#4063 = VECTOR('',#4064,1.);
#4064 = DIRECTION('',(-1.,-0.,0.));
#4065 = ORIENTED_EDGE('',*,*,#4066,.T.);
#4066 = EDGE_CURVE('',#4059,#1107,#4067,.T.);
#4067 = LINE('',#4068,#4069);
#4068 = CARTESIAN_POINT('',(13.5,17.,38.));
#4069 = VECTOR('',#4070,1.);
#4070 = DIRECTION('',(0.,0.,1.));
#4071 = ORIENTED_EDGE('',*,*,#1104,.F.);
#4072 = PLANE('',#4073);
#4073 = AXIS2_PLACEMENT_3D('',#4074,#4075,#4076);
#4074 = CARTESIAN_POINT('',(13.5,17.,38.));
#4075 = DIRECTION('',(-0.,1.,0.));
#4076 = DIRECTION('',(0.,0.,1.));
#4077 = ADVANCED_FACE('',(#4078),#4096,.F.);
#4078 = FACE_BOUND('',#4079,.F.);
#4079 = EDGE_LOOP('',(#4080,#4081,#4089,#4095));
#4080 = ORIENTED_EDGE('',*,*,#4050,.F.);
#4081 = ORIENTED_EDGE('',*,*,#4082,.T.);
#4082 = EDGE_CURVE('',#4051,#4083,#4085,.T.);
#4083 = VERTEX_POINT('',#4084);
#4084 = CARTESIAN_POINT('',(16.5,39.,40.));
#4085 = LINE('',#4086,#4087);
#4086 = CARTESIAN_POINT('',(16.5,8.5,40.));
#4087 = VECTOR('',#4088,1.);
#4088 = DIRECTION('',(-0.,1.,0.));
#4089 = ORIENTED_EDGE('',*,*,#4090,.T.);
#4090 = EDGE_CURVE('',#4083,#1123,#4091,.T.);
#4091 = LINE('',#4092,#4093);
#4092 = CARTESIAN_POINT('',(16.5,39.,38.));
#4093 = VECTOR('',#4094,1.);
#4094 = DIRECTION('',(0.,0.,1.));
#4095 = ORIENTED_EDGE('',*,*,#1130,.F.);
#4096 = PLANE('',#4097);
#4097 = AXIS2_PLACEMENT_3D('',#4098,#4099,#4100);
#4098 = CARTESIAN_POINT('',(16.5,17.,38.));
#4099 = DIRECTION('',(1.,0.,-0.));
#4100 = DIRECTION('',(0.,0.,1.));
#4101 = ADVANCED_FACE('',(#4102),#4120,.T.);
#4102 = FACE_BOUND('',#4103,.T.);
#4103 = EDGE_LOOP('',(#4104,#4105,#4113,#4119));
#4104 = ORIENTED_EDGE('',*,*,#4066,.F.);
#4105 = ORIENTED_EDGE('',*,*,#4106,.T.);
#4106 = EDGE_CURVE('',#4059,#4107,#4109,.T.);
#4107 = VERTEX_POINT('',#4108);
#4108 = CARTESIAN_POINT('',(13.5,39.,40.));
#4109 = LINE('',#4110,#4111);
#4110 = CARTESIAN_POINT('',(13.5,8.5,40.));
#4111 = VECTOR('',#4112,1.);
#4112 = DIRECTION('',(-0.,1.,0.));
#4113 = ORIENTED_EDGE('',*,*,#4114,.T.);
#4114 = EDGE_CURVE('',#4107,#1115,#4115,.T.);
#4115 = LINE('',#4116,#4117);
#4116 = CARTESIAN_POINT('',(13.5,39.,38.));
#4117 = VECTOR('',#4118,1.);
#4118 = DIRECTION('',(0.,0.,1.));
#4119 = ORIENTED_EDGE('',*,*,#1114,.F.);
#4120 = PLANE('',#4121);
#4121 = AXIS2_PLACEMENT_3D('',#4122,#4123,#4124);
#4122 = CARTESIAN_POINT('',(13.5,17.,38.));
#4123 = DIRECTION('',(1.,0.,-0.));
#4124 = DIRECTION('',(0.,0.,1.));
#4125 = ADVANCED_FACE('',(#4126),#4137,.F.);
#4126 = FACE_BOUND('',#4127,.F.);
#4127 = EDGE_LOOP('',(#4128,#4129,#4135,#4136));
#4128 = ORIENTED_EDGE('',*,*,#4090,.F.);
#4129 = ORIENTED_EDGE('',*,*,#4130,.T.);
#4130 = EDGE_CURVE('',#4083,#4107,#4131,.T.);
#4131 = LINE('',#4132,#4133);
#4132 = CARTESIAN_POINT('',(6.75,39.,40.));
#4133 = VECTOR('',#4134,1.);
#4134 = DIRECTION('',(-1.,-0.,0.));
#4135 = ORIENTED_EDGE('',*,*,#4114,.T.);
#4136 = ORIENTED_EDGE('',*,*,#1122,.F.);
#4137 = PLANE('',#4138);
#4138 = AXIS2_PLACEMENT_3D('',#4139,#4140,#4141);
#4139 = CARTESIAN_POINT('',(13.5,39.,38.));
#4140 = DIRECTION('',(-0.,1.,0.));
#4141 = DIRECTION('',(0.,0.,1.));
#4142 = ADVANCED_FACE('',(#4143),#4168,.T.);
#4143 = FACE_BOUND('',#4144,.T.);
#4144 = EDGE_LOOP('',(#4145,#4153,#4161,#4167));
#4145 = ORIENTED_EDGE('',*,*,#4146,.F.);
#4146 = EDGE_CURVE('',#4147,#1139,#4149,.T.);
#4147 = VERTEX_POINT('',#4148);
#4148 = CARTESIAN_POINT('',(24.,-11.,40.));
#4149 = LINE('',#4150,#4151);
#4150 = CARTESIAN_POINT('',(24.,-11.,38.));
#4151 = VECTOR('',#4152,1.);
#4152 = DIRECTION('',(0.,0.,1.));
#4153 = ORIENTED_EDGE('',*,*,#4154,.T.);
#4154 = EDGE_CURVE('',#4147,#4155,#4157,.T.);
#4155 = VERTEX_POINT('',#4156);
#4156 = CARTESIAN_POINT('',(21.,-11.,40.));
#4157 = LINE('',#4158,#4159);
#4158 = CARTESIAN_POINT('',(10.5,-11.,40.));
#4159 = VECTOR('',#4160,1.);
#4160 = DIRECTION('',(-1.,-0.,0.));
#4161 = ORIENTED_EDGE('',*,*,#4162,.T.);
#4162 = EDGE_CURVE('',#4155,#1141,#4163,.T.);
#4163 = LINE('',#4164,#4165);
#4164 = CARTESIAN_POINT('',(21.,-11.,38.));
#4165 = VECTOR('',#4166,1.);
#4166 = DIRECTION('',(0.,0.,1.));
#4167 = ORIENTED_EDGE('',*,*,#1138,.F.);
#4168 = PLANE('',#4169);
#4169 = AXIS2_PLACEMENT_3D('',#4170,#4171,#4172);
#4170 = CARTESIAN_POINT('',(21.,-11.,38.));
#4171 = DIRECTION('',(-0.,1.,0.));
#4172 = DIRECTION('',(0.,0.,1.));
#4173 = ADVANCED_FACE('',(#4174),#4192,.F.);
#4174 = FACE_BOUND('',#4175,.F.);
#4175 = EDGE_LOOP('',(#4176,#4177,#4185,#4191));
#4176 = ORIENTED_EDGE('',*,*,#4146,.F.);
#4177 = ORIENTED_EDGE('',*,*,#4178,.T.);
#4178 = EDGE_CURVE('',#4147,#4179,#4181,.T.);
#4179 = VERTEX_POINT('',#4180);
#4180 = CARTESIAN_POINT('',(24.,11.,40.));
#4181 = LINE('',#4182,#4183);
#4182 = CARTESIAN_POINT('',(24.,-5.5,40.));
#4183 = VECTOR('',#4184,1.);
#4184 = DIRECTION('',(-0.,1.,0.));
#4185 = ORIENTED_EDGE('',*,*,#4186,.T.);
#4186 = EDGE_CURVE('',#4179,#1157,#4187,.T.);
#4187 = LINE('',#4188,#4189);
#4188 = CARTESIAN_POINT('',(24.,11.,38.));
#4189 = VECTOR('',#4190,1.);
#4190 = DIRECTION('',(0.,0.,1.));
#4191 = ORIENTED_EDGE('',*,*,#1164,.F.);
#4192 = PLANE('',#4193);
#4193 = AXIS2_PLACEMENT_3D('',#4194,#4195,#4196);
#4194 = CARTESIAN_POINT('',(24.,-11.,38.));
#4195 = DIRECTION('',(1.,0.,-0.));
#4196 = DIRECTION('',(0.,0.,1.));
#4197 = ADVANCED_FACE('',(#4198),#4216,.T.);
#4198 = FACE_BOUND('',#4199,.T.);
#4199 = EDGE_LOOP('',(#4200,#4201,#4209,#4215));
#4200 = ORIENTED_EDGE('',*,*,#4162,.F.);
#4201 = ORIENTED_EDGE('',*,*,#4202,.T.);
#4202 = EDGE_CURVE('',#4155,#4203,#4205,.T.);
#4203 = VERTEX_POINT('',#4204);
#4204 = CARTESIAN_POINT('',(21.,11.,40.));
#4205 = LINE('',#4206,#4207);
#4206 = CARTESIAN_POINT('',(21.,-5.5,40.));
#4207 = VECTOR('',#4208,1.);
#4208 = DIRECTION('',(-0.,1.,0.));
#4209 = ORIENTED_EDGE('',*,*,#4210,.T.);
#4210 = EDGE_CURVE('',#4203,#1149,#4211,.T.);
#4211 = LINE('',#4212,#4213);
#4212 = CARTESIAN_POINT('',(21.,11.,38.));
#4213 = VECTOR('',#4214,1.);
#4214 = DIRECTION('',(0.,0.,1.));
#4215 = ORIENTED_EDGE('',*,*,#1148,.F.);
#4216 = PLANE('',#4217);
#4217 = AXIS2_PLACEMENT_3D('',#4218,#4219,#4220);
#4218 = CARTESIAN_POINT('',(21.,-11.,38.));
#4219 = DIRECTION('',(1.,0.,-0.));
#4220 = DIRECTION('',(0.,0.,1.));
#4221 = ADVANCED_FACE('',(#4222),#4233,.F.);
#4222 = FACE_BOUND('',#4223,.F.);
#4223 = EDGE_LOOP('',(#4224,#4225,#4231,#4232));
#4224 = ORIENTED_EDGE('',*,*,#4186,.F.);
#4225 = ORIENTED_EDGE('',*,*,#4226,.T.);
#4226 = EDGE_CURVE('',#4179,#4203,#4227,.T.);
#4227 = LINE('',#4228,#4229);
#4228 = CARTESIAN_POINT('',(10.5,11.,40.));
#4229 = VECTOR('',#4230,1.);
#4230 = DIRECTION('',(-1.,-0.,0.));
#4231 = ORIENTED_EDGE('',*,*,#4210,.T.);
#4232 = ORIENTED_EDGE('',*,*,#1156,.F.);
#4233 = PLANE('',#4234);
#4234 = AXIS2_PLACEMENT_3D('',#4235,#4236,#4237);
#4235 = CARTESIAN_POINT('',(21.,11.,38.));
#4236 = DIRECTION('',(-0.,1.,0.));
#4237 = DIRECTION('',(0.,0.,1.));
#4238 = ADVANCED_FACE('',(#4239),#4264,.T.);
#4239 = FACE_BOUND('',#4240,.T.);
#4240 = EDGE_LOOP('',(#4241,#4249,#4257,#4263));
#4241 = ORIENTED_EDGE('',*,*,#4242,.F.);
#4242 = EDGE_CURVE('',#4243,#1173,#4245,.T.);
#4243 = VERTEX_POINT('',#4244);
#4244 = CARTESIAN_POINT('',(31.5,-11.,40.));
#4245 = LINE('',#4246,#4247);
#4246 = CARTESIAN_POINT('',(31.5,-11.,38.));
#4247 = VECTOR('',#4248,1.);
#4248 = DIRECTION('',(0.,0.,1.));
#4249 = ORIENTED_EDGE('',*,*,#4250,.T.);
#4250 = EDGE_CURVE('',#4243,#4251,#4253,.T.);
#4251 = VERTEX_POINT('',#4252);
#4252 = CARTESIAN_POINT('',(28.5,-11.,40.));
#4253 = LINE('',#4254,#4255);
#4254 = CARTESIAN_POINT('',(14.25,-11.,40.));
#4255 = VECTOR('',#4256,1.);
#4256 = DIRECTION('',(-1.,-0.,0.));
#4257 = ORIENTED_EDGE('',*,*,#4258,.T.);
#4258 = EDGE_CURVE('',#4251,#1175,#4259,.T.);
#4259 = LINE('',#4260,#4261);
#4260 = CARTESIAN_POINT('',(28.5,-11.,38.));
#4261 = VECTOR('',#4262,1.);
#4262 = DIRECTION('',(0.,0.,1.));
#4263 = ORIENTED_EDGE('',*,*,#1172,.F.);
#4264 = PLANE('',#4265);
#4265 = AXIS2_PLACEMENT_3D('',#4266,#4267,#4268);
#4266 = CARTESIAN_POINT('',(28.5,-11.,38.));
#4267 = DIRECTION('',(-0.,1.,0.));
#4268 = DIRECTION('',(0.,0.,1.));
#4269 = ADVANCED_FACE('',(#4270),#4288,.F.);
#4270 = FACE_BOUND('',#4271,.F.);
#4271 = EDGE_LOOP('',(#4272,#4273,#4281,#4287));
#4272 = ORIENTED_EDGE('',*,*,#4242,.F.);
#4273 = ORIENTED_EDGE('',*,*,#4274,.T.);
#4274 = EDGE_CURVE('',#4243,#4275,#4277,.T.);
#4275 = VERTEX_POINT('',#4276);
#4276 = CARTESIAN_POINT('',(31.5,11.,40.));
#4277 = LINE('',#4278,#4279);
#4278 = CARTESIAN_POINT('',(31.5,-5.5,40.));
#4279 = VECTOR('',#4280,1.);
#4280 = DIRECTION('',(-0.,1.,0.));
#4281 = ORIENTED_EDGE('',*,*,#4282,.T.);
#4282 = EDGE_CURVE('',#4275,#1191,#4283,.T.);
#4283 = LINE('',#4284,#4285);
#4284 = CARTESIAN_POINT('',(31.5,11.,38.));
#4285 = VECTOR('',#4286,1.);
#4286 = DIRECTION('',(0.,0.,1.));
#4287 = ORIENTED_EDGE('',*,*,#1198,.F.);
#4288 = PLANE('',#4289);
#4289 = AXIS2_PLACEMENT_3D('',#4290,#4291,#4292);
#4290 = CARTESIAN_POINT('',(31.5,-11.,38.));
#4291 = DIRECTION('',(1.,0.,-0.));
#4292 = DIRECTION('',(0.,0.,1.));
#4293 = ADVANCED_FACE('',(#4294),#4312,.T.);
#4294 = FACE_BOUND('',#4295,.T.);
#4295 = EDGE_LOOP('',(#4296,#4297,#4305,#4311));
#4296 = ORIENTED_EDGE('',*,*,#4258,.F.);
#4297 = ORIENTED_EDGE('',*,*,#4298,.T.);
#4298 = EDGE_CURVE('',#4251,#4299,#4301,.T.);
#4299 = VERTEX_POINT('',#4300);
#4300 = CARTESIAN_POINT('',(28.5,11.,40.));
#4301 = LINE('',#4302,#4303);
#4302 = CARTESIAN_POINT('',(28.5,-5.5,40.));
#4303 = VECTOR('',#4304,1.);
#4304 = DIRECTION('',(-0.,1.,0.));
#4305 = ORIENTED_EDGE('',*,*,#4306,.T.);
#4306 = EDGE_CURVE('',#4299,#1183,#4307,.T.);
#4307 = LINE('',#4308,#4309);
#4308 = CARTESIAN_POINT('',(28.5,11.,38.));
#4309 = VECTOR('',#4310,1.);
#4310 = DIRECTION('',(0.,0.,1.));
#4311 = ORIENTED_EDGE('',*,*,#1182,.F.);
#4312 = PLANE('',#4313);
#4313 = AXIS2_PLACEMENT_3D('',#4314,#4315,#4316);
#4314 = CARTESIAN_POINT('',(28.5,-11.,38.));
#4315 = DIRECTION('',(1.,0.,-0.));
#4316 = DIRECTION('',(0.,0.,1.));
#4317 = ADVANCED_FACE('',(#4318),#4329,.F.);
#4318 = FACE_BOUND('',#4319,.F.);
#4319 = EDGE_LOOP('',(#4320,#4321,#4327,#4328));
#4320 = ORIENTED_EDGE('',*,*,#4282,.F.);
#4321 = ORIENTED_EDGE('',*,*,#4322,.T.);
#4322 = EDGE_CURVE('',#4275,#4299,#4323,.T.);
#4323 = LINE('',#4324,#4325);
#4324 = CARTESIAN_POINT('',(14.25,11.,40.));
#4325 = VECTOR('',#4326,1.);
#4326 = DIRECTION('',(-1.,-0.,0.));
#4327 = ORIENTED_EDGE('',*,*,#4306,.T.);
#4328 = ORIENTED_EDGE('',*,*,#1190,.F.);
#4329 = PLANE('',#4330);
#4330 = AXIS2_PLACEMENT_3D('',#4331,#4332,#4333);
#4331 = CARTESIAN_POINT('',(28.5,11.,38.));
#4332 = DIRECTION('',(-0.,1.,0.));
#4333 = DIRECTION('',(0.,0.,1.));
#4334 = ADVANCED_FACE('',(#4335),#4360,.T.);
#4335 = FACE_BOUND('',#4336,.T.);
#4336 = EDGE_LOOP('',(#4337,#4345,#4353,#4359));
#4337 = ORIENTED_EDGE('',*,*,#4338,.F.);
#4338 = EDGE_CURVE('',#4339,#1207,#4341,.T.);
#4339 = VERTEX_POINT('',#4340);
#4340 = CARTESIAN_POINT('',(24.,17.,40.));
#4341 = LINE('',#4342,#4343);
#4342 = CARTESIAN_POINT('',(24.,17.,38.));
#4343 = VECTOR('',#4344,1.);
#4344 = DIRECTION('',(0.,0.,1.));
#4345 = ORIENTED_EDGE('',*,*,#4346,.T.);
#4346 = EDGE_CURVE('',#4339,#4347,#4349,.T.);
#4347 = VERTEX_POINT('',#4348);
#4348 = CARTESIAN_POINT('',(21.,17.,40.));
#4349 = LINE('',#4350,#4351);
#4350 = CARTESIAN_POINT('',(10.5,17.,40.));
#4351 = VECTOR('',#4352,1.);
#4352 = DIRECTION('',(-1.,-0.,0.));
#4353 = ORIENTED_EDGE('',*,*,#4354,.T.);
#4354 = EDGE_CURVE('',#4347,#1209,#4355,.T.);
#4355 = LINE('',#4356,#4357);
#4356 = CARTESIAN_POINT('',(21.,17.,38.));
#4357 = VECTOR('',#4358,1.);
#4358 = DIRECTION('',(0.,0.,1.));
#4359 = ORIENTED_EDGE('',*,*,#1206,.F.);
#4360 = PLANE('',#4361);
#4361 = AXIS2_PLACEMENT_3D('',#4362,#4363,#4364);
#4362 = CARTESIAN_POINT('',(21.,17.,38.));
#4363 = DIRECTION('',(-0.,1.,0.));
#4364 = DIRECTION('',(0.,0.,1.));
#4365 = ADVANCED_FACE('',(#4366),#4384,.F.);
#4366 = FACE_BOUND('',#4367,.F.);
#4367 = EDGE_LOOP('',(#4368,#4369,#4377,#4383));
#4368 = ORIENTED_EDGE('',*,*,#4338,.F.);
#4369 = ORIENTED_EDGE('',*,*,#4370,.T.);
#4370 = EDGE_CURVE('',#4339,#4371,#4373,.T.);
#4371 = VERTEX_POINT('',#4372);
#4372 = CARTESIAN_POINT('',(24.,39.,40.));
#4373 = LINE('',#4374,#4375);
#4374 = CARTESIAN_POINT('',(24.,8.5,40.));
#4375 = VECTOR('',#4376,1.);
#4376 = DIRECTION('',(-0.,1.,0.));
#4377 = ORIENTED_EDGE('',*,*,#4378,.T.);
#4378 = EDGE_CURVE('',#4371,#1225,#4379,.T.);
#4379 = LINE('',#4380,#4381);
#4380 = CARTESIAN_POINT('',(24.,39.,38.));
#4381 = VECTOR('',#4382,1.);
#4382 = DIRECTION('',(0.,0.,1.));
#4383 = ORIENTED_EDGE('',*,*,#1232,.F.);
#4384 = PLANE('',#4385);
#4385 = AXIS2_PLACEMENT_3D('',#4386,#4387,#4388);
#4386 = CARTESIAN_POINT('',(24.,17.,38.));
#4387 = DIRECTION('',(1.,0.,-0.));
#4388 = DIRECTION('',(0.,0.,1.));
#4389 = ADVANCED_FACE('',(#4390),#4408,.T.);
#4390 = FACE_BOUND('',#4391,.T.);
#4391 = EDGE_LOOP('',(#4392,#4393,#4401,#4407));
#4392 = ORIENTED_EDGE('',*,*,#4354,.F.);
#4393 = ORIENTED_EDGE('',*,*,#4394,.T.);
#4394 = EDGE_CURVE('',#4347,#4395,#4397,.T.);
#4395 = VERTEX_POINT('',#4396);
#4396 = CARTESIAN_POINT('',(21.,39.,40.));
#4397 = LINE('',#4398,#4399);
#4398 = CARTESIAN_POINT('',(21.,8.5,40.));
#4399 = VECTOR('',#4400,1.);
#4400 = DIRECTION('',(-0.,1.,0.));
#4401 = ORIENTED_EDGE('',*,*,#4402,.T.);
#4402 = EDGE_CURVE('',#4395,#1217,#4403,.T.);
#4403 = LINE('',#4404,#4405);
#4404 = CARTESIAN_POINT('',(21.,39.,38.));
#4405 = VECTOR('',#4406,1.);
#4406 = DIRECTION('',(0.,0.,1.));
#4407 = ORIENTED_EDGE('',*,*,#1216,.F.);
#4408 = PLANE('',#4409);
#4409 = AXIS2_PLACEMENT_3D('',#4410,#4411,#4412);
#4410 = CARTESIAN_POINT('',(21.,17.,38.));
#4411 = DIRECTION('',(1.,0.,-0.));
#4412 = DIRECTION('',(0.,0.,1.));
#4413 = ADVANCED_FACE('',(#4414),#4425,.F.);
#4414 = FACE_BOUND('',#4415,.F.);
#4415 = EDGE_LOOP('',(#4416,#4417,#4423,#4424));
#4416 = ORIENTED_EDGE('',*,*,#4378,.F.);
#4417 = ORIENTED_EDGE('',*,*,#4418,.T.);
#4418 = EDGE_CURVE('',#4371,#4395,#4419,.T.);
#4419 = LINE('',#4420,#4421);
#4420 = CARTESIAN_POINT('',(10.5,39.,40.));
#4421 = VECTOR('',#4422,1.);
#4422 = DIRECTION('',(-1.,-0.,0.));
#4423 = ORIENTED_EDGE('',*,*,#4402,.T.);
#4424 = ORIENTED_EDGE('',*,*,#1224,.F.);
#4425 = PLANE('',#4426);
#4426 = AXIS2_PLACEMENT_3D('',#4427,#4428,#4429);
#4427 = CARTESIAN_POINT('',(21.,39.,38.));
#4428 = DIRECTION('',(-0.,1.,0.));
#4429 = DIRECTION('',(0.,0.,1.));
#4430 = ADVANCED_FACE('',(#4431),#4456,.T.);
#4431 = FACE_BOUND('',#4432,.T.);
#4432 = EDGE_LOOP('',(#4433,#4441,#4449,#4455));
#4433 = ORIENTED_EDGE('',*,*,#4434,.F.);
#4434 = EDGE_CURVE('',#4435,#1241,#4437,.T.);
#4435 = VERTEX_POINT('',#4436);
#4436 = CARTESIAN_POINT('',(31.5,17.,40.));
#4437 = LINE('',#4438,#4439);
#4438 = CARTESIAN_POINT('',(31.5,17.,38.));
#4439 = VECTOR('',#4440,1.);
#4440 = DIRECTION('',(0.,0.,1.));
#4441 = ORIENTED_EDGE('',*,*,#4442,.T.);
#4442 = EDGE_CURVE('',#4435,#4443,#4445,.T.);
#4443 = VERTEX_POINT('',#4444);
#4444 = CARTESIAN_POINT('',(28.5,17.,40.));
#4445 = LINE('',#4446,#4447);
#4446 = CARTESIAN_POINT('',(14.25,17.,40.));
#4447 = VECTOR('',#4448,1.);
#4448 = DIRECTION('',(-1.,-0.,0.));
#4449 = ORIENTED_EDGE('',*,*,#4450,.T.);
#4450 = EDGE_CURVE('',#4443,#1243,#4451,.T.);
#4451 = LINE('',#4452,#4453);
#4452 = CARTESIAN_POINT('',(28.5,17.,38.));
#4453 = VECTOR('',#4454,1.);
#4454 = DIRECTION('',(0.,0.,1.));
#4455 = ORIENTED_EDGE('',*,*,#1240,.F.);
#4456 = PLANE('',#4457);
#4457 = AXIS2_PLACEMENT_3D('',#4458,#4459,#4460);
#4458 = CARTESIAN_POINT('',(28.5,17.,38.));
#4459 = DIRECTION('',(-0.,1.,0.));
#4460 = DIRECTION('',(0.,0.,1.));
#4461 = ADVANCED_FACE('',(#4462),#4480,.F.);
#4462 = FACE_BOUND('',#4463,.F.);
#4463 = EDGE_LOOP('',(#4464,#4465,#4473,#4479));
#4464 = ORIENTED_EDGE('',*,*,#4434,.F.);
#4465 = ORIENTED_EDGE('',*,*,#4466,.T.);
#4466 = EDGE_CURVE('',#4435,#4467,#4469,.T.);
#4467 = VERTEX_POINT('',#4468);
#4468 = CARTESIAN_POINT('',(31.5,39.,40.));
#4469 = LINE('',#4470,#4471);
#4470 = CARTESIAN_POINT('',(31.5,8.5,40.));
#4471 = VECTOR('',#4472,1.);
#4472 = DIRECTION('',(-0.,1.,0.));
#4473 = ORIENTED_EDGE('',*,*,#4474,.T.);
#4474 = EDGE_CURVE('',#4467,#1259,#4475,.T.);
#4475 = LINE('',#4476,#4477);
#4476 = CARTESIAN_POINT('',(31.5,39.,38.));
#4477 = VECTOR('',#4478,1.);
#4478 = DIRECTION('',(0.,0.,1.));
#4479 = ORIENTED_EDGE('',*,*,#1266,.F.);
#4480 = PLANE('',#4481);
#4481 = AXIS2_PLACEMENT_3D('',#4482,#4483,#4484);
#4482 = CARTESIAN_POINT('',(31.5,17.,38.));
#4483 = DIRECTION('',(1.,0.,-0.));
#4484 = DIRECTION('',(0.,0.,1.));
#4485 = ADVANCED_FACE('',(#4486),#4504,.F.);
#4486 = FACE_BOUND('',#4487,.F.);
#4487 = EDGE_LOOP('',(#4488,#4489,#4497,#4503));
#4488 = ORIENTED_EDGE('',*,*,#4474,.F.);
#4489 = ORIENTED_EDGE('',*,*,#4490,.T.);
#4490 = EDGE_CURVE('',#4467,#4491,#4493,.T.);
#4491 = VERTEX_POINT('',#4492);
#4492 = CARTESIAN_POINT('',(28.5,39.,40.));
#4493 = LINE('',#4494,#4495);
#4494 = CARTESIAN_POINT('',(14.25,39.,40.));
#4495 = VECTOR('',#4496,1.);
#4496 = DIRECTION('',(-1.,-0.,0.));
#4497 = ORIENTED_EDGE('',*,*,#4498,.T.);
#4498 = EDGE_CURVE('',#4491,#1251,#4499,.T.);
#4499 = LINE('',#4500,#4501);
#4500 = CARTESIAN_POINT('',(28.5,39.,38.));
#4501 = VECTOR('',#4502,1.);
#4502 = DIRECTION('',(0.,0.,1.));
#4503 = ORIENTED_EDGE('',*,*,#1258,.F.);
#4504 = PLANE('',#4505);
#4505 = AXIS2_PLACEMENT_3D('',#4506,#4507,#4508);
#4506 = CARTESIAN_POINT('',(28.5,39.,38.));
#4507 = DIRECTION('',(-0.,1.,0.));
#4508 = DIRECTION('',(0.,0.,1.));
#4509 = ADVANCED_FACE('',(#4510),#4521,.T.);
#4510 = FACE_BOUND('',#4511,.T.);
#4511 = EDGE_LOOP('',(#4512,#4513,#4519,#4520));
#4512 = ORIENTED_EDGE('',*,*,#4450,.F.);
#4513 = ORIENTED_EDGE('',*,*,#4514,.T.);
#4514 = EDGE_CURVE('',#4443,#4491,#4515,.T.);
#4515 = LINE('',#4516,#4517);
#4516 = CARTESIAN_POINT('',(28.5,8.5,40.));
#4517 = VECTOR('',#4518,1.);
#4518 = DIRECTION('',(-0.,1.,0.));
#4519 = ORIENTED_EDGE('',*,*,#4498,.T.);
#4520 = ORIENTED_EDGE('',*,*,#1250,.F.);
#4521 = PLANE('',#4522);
#4522 = AXIS2_PLACEMENT_3D('',#4523,#4524,#4525);
#4523 = CARTESIAN_POINT('',(28.5,17.,38.));
#4524 = DIRECTION('',(1.,0.,-0.));
#4525 = DIRECTION('',(0.,0.,1.));
#4526 = ADVANCED_FACE('',(#4527),#4580,.F.);
#4527 = FACE_BOUND('',#4528,.F.);
#4528 = EDGE_LOOP('',(#4529,#4530,#4538,#4547,#4555,#4564,#4572,#4579));
#4529 = ORIENTED_EDGE('',*,*,#1274,.F.);
#4530 = ORIENTED_EDGE('',*,*,#4531,.F.);
#4531 = EDGE_CURVE('',#4532,#1275,#4534,.T.);
#4532 = VERTEX_POINT('',#4533);
#4533 = CARTESIAN_POINT('',(43.25,60.795,38.8));
#4534 = LINE('',#4535,#4536);
#4535 = CARTESIAN_POINT('',(43.25,60.795,38.));
#4536 = VECTOR('',#4537,1.);
#4537 = DIRECTION('',(0.,0.,1.));
#4538 = ORIENTED_EDGE('',*,*,#4539,.T.);
#4539 = EDGE_CURVE('',#4532,#4540,#4542,.T.);
#4540 = VERTEX_POINT('',#4541);
#4541 = CARTESIAN_POINT('',(40.726787540171,62.195,38.8));
#4542 = CIRCLE('',#4543,1.65);
#4543 = AXIS2_PLACEMENT_3D('',#4544,#4545,#4546);
#4544 = CARTESIAN_POINT('',(41.6,60.795,38.8));
#4545 = DIRECTION('',(0.,0.,1.));
#4546 = DIRECTION('',(1.,0.,-0.));
#4547 = ORIENTED_EDGE('',*,*,#4548,.T.);
#4548 = EDGE_CURVE('',#4540,#4549,#4551,.T.);
#4549 = VERTEX_POINT('',#4550);
#4550 = CARTESIAN_POINT('',(40.726787540171,62.195,40.));
#4551 = LINE('',#4552,#4553);
#4552 = CARTESIAN_POINT('',(40.726787540171,62.195,38.));
#4553 = VECTOR('',#4554,1.);
#4554 = DIRECTION('',(0.,0.,1.));
#4555 = ORIENTED_EDGE('',*,*,#4556,.T.);
#4556 = EDGE_CURVE('',#4549,#4557,#4559,.T.);
#4557 = VERTEX_POINT('',#4558);
#4558 = CARTESIAN_POINT('',(43.,59.921787540171,40.));
#4559 = CIRCLE('',#4560,1.65);
#4560 = AXIS2_PLACEMENT_3D('',#4561,#4562,#4563);
#4561 = CARTESIAN_POINT('',(41.6,60.795,40.));
#4562 = DIRECTION('',(0.,0.,1.));
#4563 = DIRECTION('',(1.,0.,-0.));
#4564 = ORIENTED_EDGE('',*,*,#4565,.F.);
#4565 = EDGE_CURVE('',#4566,#4557,#4568,.T.);
#4566 = VERTEX_POINT('',#4567);
#4567 = CARTESIAN_POINT('',(43.,59.921787540171,38.8));
#4568 = LINE('',#4569,#4570);
#4569 = CARTESIAN_POINT('',(43.,59.921787540171,38.));
#4570 = VECTOR('',#4571,1.);
#4571 = DIRECTION('',(0.,0.,1.));
#4572 = ORIENTED_EDGE('',*,*,#4573,.T.);
#4573 = EDGE_CURVE('',#4566,#4532,#4574,.T.);
#4574 = CIRCLE('',#4575,1.65);
#4575 = AXIS2_PLACEMENT_3D('',#4576,#4577,#4578);
#4576 = CARTESIAN_POINT('',(41.6,60.795,38.8));
#4577 = DIRECTION('',(0.,0.,1.));
#4578 = DIRECTION('',(1.,0.,-0.));
#4579 = ORIENTED_EDGE('',*,*,#4531,.T.);
#4580 = CYLINDRICAL_SURFACE('',#4581,1.65);
#4581 = AXIS2_PLACEMENT_3D('',#4582,#4583,#4584);
#4582 = CARTESIAN_POINT('',(41.6,60.795,38.));
#4583 = DIRECTION('',(0.,0.,1.));
#4584 = DIRECTION('',(1.,0.,-0.));
#4585 = ADVANCED_FACE('',(#4586),#4604,.F.);
#4586 = FACE_BOUND('',#4587,.F.);
#4587 = EDGE_LOOP('',(#4588,#4596,#4597,#4598));
#4588 = ORIENTED_EDGE('',*,*,#4589,.T.);
#4589 = EDGE_CURVE('',#4590,#1642,#4592,.T.);
#4590 = VERTEX_POINT('',#4591);
#4591 = CARTESIAN_POINT('',(-44.7,17.025,40.));
#4592 = LINE('',#4593,#4594);
#4593 = CARTESIAN_POINT('',(-44.7,30.0475,40.));
#4594 = VECTOR('',#4595,1.);
#4595 = DIRECTION('',(-0.,1.,0.));
#4596 = ORIENTED_EDGE('',*,*,#1641,.T.);
#4597 = ORIENTED_EDGE('',*,*,#1344,.T.);
#4598 = ORIENTED_EDGE('',*,*,#4599,.F.);
#4599 = EDGE_CURVE('',#4590,#1336,#4600,.T.);
#4600 = LINE('',#4601,#4602);
#4601 = CARTESIAN_POINT('',(-44.,17.025,40.));
#4602 = VECTOR('',#4603,1.);
#4603 = DIRECTION('',(-1.,0.,0.));
#4604 = PLANE('',#4605);
#4605 = AXIS2_PLACEMENT_3D('',#4606,#4607,#4608);
#4606 = CARTESIAN_POINT('',(-2.332928680119E-15,4.918065866197E-15,40.)
  );
#4607 = DIRECTION('',(0.,0.,1.));
#4608 = DIRECTION('',(1.,0.,-0.));
#4609 = ADVANCED_FACE('',(#4610),#4663,.F.);
#4610 = FACE_BOUND('',#4611,.F.);
#4611 = EDGE_LOOP('',(#4612,#4622,#4631,#4639,#4646,#4647,#4648,#4656));
#4612 = ORIENTED_EDGE('',*,*,#4613,.F.);
#4613 = EDGE_CURVE('',#4614,#4616,#4618,.T.);
#4614 = VERTEX_POINT('',#4615);
#4615 = CARTESIAN_POINT('',(-44.,12.762858312965,38.8));
#4616 = VERTEX_POINT('',#4617);
#4617 = CARTESIAN_POINT('',(-44.7,12.762858312965,38.8));
#4618 = LINE('',#4619,#4620);
#4619 = CARTESIAN_POINT('',(-44.,12.762858312965,38.8));
#4620 = VECTOR('',#4621,1.);
#4621 = DIRECTION('',(-1.,0.,0.));
#4622 = ORIENTED_EDGE('',*,*,#4623,.T.);
#4623 = EDGE_CURVE('',#4614,#4624,#4626,.T.);
#4624 = VERTEX_POINT('',#4625);
#4625 = CARTESIAN_POINT('',(-44.,16.687141687035,38.8));
#4626 = CIRCLE('',#4627,2.3);
#4627 = AXIS2_PLACEMENT_3D('',#4628,#4629,#4630);
#4628 = CARTESIAN_POINT('',(-44.,14.725,40.));
#4629 = DIRECTION('',(-1.,0.,0.));
#4630 = DIRECTION('',(0.,0.,-1.));
#4631 = ORIENTED_EDGE('',*,*,#4632,.T.);
#4632 = EDGE_CURVE('',#4624,#4633,#4635,.T.);
#4633 = VERTEX_POINT('',#4634);
#4634 = CARTESIAN_POINT('',(-44.7,16.687141687035,38.8));
#4635 = LINE('',#4636,#4637);
#4636 = CARTESIAN_POINT('',(-44.,16.687141687035,38.8));
#4637 = VECTOR('',#4638,1.);
#4638 = DIRECTION('',(-1.,0.,0.));
#4639 = ORIENTED_EDGE('',*,*,#4640,.F.);
#4640 = EDGE_CURVE('',#4590,#4633,#4641,.T.);
#4641 = CIRCLE('',#4642,2.3);
#4642 = AXIS2_PLACEMENT_3D('',#4643,#4644,#4645);
#4643 = CARTESIAN_POINT('',(-44.7,14.725,40.));
#4644 = DIRECTION('',(-1.,0.,0.));
#4645 = DIRECTION('',(0.,0.,-1.));
#4646 = ORIENTED_EDGE('',*,*,#4599,.T.);
#4647 = ORIENTED_EDGE('',*,*,#1335,.F.);
#4648 = ORIENTED_EDGE('',*,*,#4649,.F.);
#4649 = EDGE_CURVE('',#4650,#1328,#4652,.T.);
#4650 = VERTEX_POINT('',#4651);
#4651 = CARTESIAN_POINT('',(-44.7,12.425,40.));
#4652 = LINE('',#4653,#4654);
#4653 = CARTESIAN_POINT('',(-44.,12.425,40.));
#4654 = VECTOR('',#4655,1.);
#4655 = DIRECTION('',(-1.,0.,0.));
#4656 = ORIENTED_EDGE('',*,*,#4657,.F.);
#4657 = EDGE_CURVE('',#4616,#4650,#4658,.T.);
#4658 = CIRCLE('',#4659,2.3);
#4659 = AXIS2_PLACEMENT_3D('',#4660,#4661,#4662);
#4660 = CARTESIAN_POINT('',(-44.7,14.725,40.));
#4661 = DIRECTION('',(-1.,0.,0.));
#4662 = DIRECTION('',(0.,0.,-1.));
#4663 = CYLINDRICAL_SURFACE('',#4664,2.3);
#4664 = AXIS2_PLACEMENT_3D('',#4665,#4666,#4667);
#4665 = CARTESIAN_POINT('',(-44.,14.725,40.));
#4666 = DIRECTION('',(-1.,0.,0.));
#4667 = DIRECTION('',(0.,0.,-1.));
#4668 = ADVANCED_FACE('',(#4669),#4687,.F.);
#4669 = FACE_BOUND('',#4670,.F.);
#4670 = EDGE_LOOP('',(#4671,#4672,#4673,#4681));
#4671 = ORIENTED_EDGE('',*,*,#4649,.T.);
#4672 = ORIENTED_EDGE('',*,*,#1327,.T.);
#4673 = ORIENTED_EDGE('',*,*,#4674,.F.);
#4674 = EDGE_CURVE('',#4675,#1319,#4677,.T.);
#4675 = VERTEX_POINT('',#4676);
#4676 = CARTESIAN_POINT('',(-44.7,11.945,40.));
#4677 = LINE('',#4678,#4679);
#4678 = CARTESIAN_POINT('',(-44.,11.945,40.));
#4679 = VECTOR('',#4680,1.);
#4680 = DIRECTION('',(-1.,0.,0.));
#4681 = ORIENTED_EDGE('',*,*,#4682,.T.);
#4682 = EDGE_CURVE('',#4675,#4650,#4683,.T.);
#4683 = LINE('',#4684,#4685);
#4684 = CARTESIAN_POINT('',(-44.7,30.0475,40.));
#4685 = VECTOR('',#4686,1.);
#4686 = DIRECTION('',(-0.,1.,0.));
#4687 = PLANE('',#4688);
#4688 = AXIS2_PLACEMENT_3D('',#4689,#4690,#4691);
#4689 = CARTESIAN_POINT('',(-2.332928680119E-15,4.918065866197E-15,40.)
  );
#4690 = DIRECTION('',(0.,0.,1.));
#4691 = DIRECTION('',(1.,0.,-0.));
#4692 = ADVANCED_FACE('',(#4693),#4746,.F.);
#4693 = FACE_BOUND('',#4694,.F.);
#4694 = EDGE_LOOP('',(#4695,#4705,#4714,#4722,#4729,#4730,#4731,#4739));
#4695 = ORIENTED_EDGE('',*,*,#4696,.F.);
#4696 = EDGE_CURVE('',#4697,#4699,#4701,.T.);
#4697 = VERTEX_POINT('',#4698);
#4698 = CARTESIAN_POINT('',(-44.,7.682858312965,38.8));
#4699 = VERTEX_POINT('',#4700);
#4700 = CARTESIAN_POINT('',(-44.7,7.682858312965,38.8));
#4701 = LINE('',#4702,#4703);
#4702 = CARTESIAN_POINT('',(-44.,7.682858312965,38.8));
#4703 = VECTOR('',#4704,1.);
#4704 = DIRECTION('',(-1.,0.,0.));
#4705 = ORIENTED_EDGE('',*,*,#4706,.T.);
#4706 = EDGE_CURVE('',#4697,#4707,#4709,.T.);
#4707 = VERTEX_POINT('',#4708);
#4708 = CARTESIAN_POINT('',(-44.,11.607141687035,38.8));
#4709 = CIRCLE('',#4710,2.3);
#4710 = AXIS2_PLACEMENT_3D('',#4711,#4712,#4713);
#4711 = CARTESIAN_POINT('',(-44.,9.645,40.));
#4712 = DIRECTION('',(-1.,0.,0.));
#4713 = DIRECTION('',(0.,0.,-1.));
#4714 = ORIENTED_EDGE('',*,*,#4715,.T.);
#4715 = EDGE_CURVE('',#4707,#4716,#4718,.T.);
#4716 = VERTEX_POINT('',#4717);
#4717 = CARTESIAN_POINT('',(-44.7,11.607141687035,38.8));
#4718 = LINE('',#4719,#4720);
#4719 = CARTESIAN_POINT('',(-44.,11.607141687035,38.8));
#4720 = VECTOR('',#4721,1.);
#4721 = DIRECTION('',(-1.,0.,0.));
#4722 = ORIENTED_EDGE('',*,*,#4723,.F.);
#4723 = EDGE_CURVE('',#4675,#4716,#4724,.T.);
#4724 = CIRCLE('',#4725,2.3);
#4725 = AXIS2_PLACEMENT_3D('',#4726,#4727,#4728);
#4726 = CARTESIAN_POINT('',(-44.7,9.645,40.));
#4727 = DIRECTION('',(-1.,0.,0.));
#4728 = DIRECTION('',(0.,0.,-1.));
#4729 = ORIENTED_EDGE('',*,*,#4674,.T.);
#4730 = ORIENTED_EDGE('',*,*,#1318,.F.);
#4731 = ORIENTED_EDGE('',*,*,#4732,.F.);
#4732 = EDGE_CURVE('',#4733,#1311,#4735,.T.);
#4733 = VERTEX_POINT('',#4734);
#4734 = CARTESIAN_POINT('',(-44.7,7.345,40.));
#4735 = LINE('',#4736,#4737);
#4736 = CARTESIAN_POINT('',(-44.,7.345,40.));
#4737 = VECTOR('',#4738,1.);
#4738 = DIRECTION('',(-1.,0.,0.));
#4739 = ORIENTED_EDGE('',*,*,#4740,.F.);
#4740 = EDGE_CURVE('',#4699,#4733,#4741,.T.);
#4741 = CIRCLE('',#4742,2.3);
#4742 = AXIS2_PLACEMENT_3D('',#4743,#4744,#4745);
#4743 = CARTESIAN_POINT('',(-44.7,9.645,40.));
#4744 = DIRECTION('',(-1.,0.,0.));
#4745 = DIRECTION('',(0.,0.,-1.));
#4746 = CYLINDRICAL_SURFACE('',#4747,2.3);
#4747 = AXIS2_PLACEMENT_3D('',#4748,#4749,#4750);
#4748 = CARTESIAN_POINT('',(-44.,9.645,40.));
#4749 = DIRECTION('',(-1.,0.,0.));
#4750 = DIRECTION('',(0.,0.,-1.));
#4751 = ADVANCED_FACE('',(#4752),#4763,.F.);
#4752 = FACE_BOUND('',#4753,.F.);
#4753 = EDGE_LOOP('',(#4754,#4755,#4756,#4757));
#4754 = ORIENTED_EDGE('',*,*,#4732,.T.);
#4755 = ORIENTED_EDGE('',*,*,#1310,.T.);
#4756 = ORIENTED_EDGE('',*,*,#1744,.F.);
#4757 = ORIENTED_EDGE('',*,*,#4758,.T.);
#4758 = EDGE_CURVE('',#1736,#4733,#4759,.T.);
#4759 = LINE('',#4760,#4761);
#4760 = CARTESIAN_POINT('',(-44.7,30.0475,40.));
#4761 = VECTOR('',#4762,1.);
#4762 = DIRECTION('',(-0.,1.,0.));
#4763 = PLANE('',#4764);
#4764 = AXIS2_PLACEMENT_3D('',#4765,#4766,#4767);
#4765 = CARTESIAN_POINT('',(-2.332928680119E-15,4.918065866197E-15,40.)
  );
#4766 = DIRECTION('',(0.,0.,1.));
#4767 = DIRECTION('',(1.,0.,-0.));
#4768 = ADVANCED_FACE('',(#4769,#4830),#4862,.F.);
#4769 = FACE_BOUND('',#4770,.F.);
#4770 = EDGE_LOOP('',(#4771,#4777,#4778,#4779,#4780,#4781,#4782,#4783,
    #4784,#4785,#4786,#4787,#4788,#4794,#4795,#4801,#4802,#4808,#4809,
    #4815,#4816,#4822,#4823,#4829));
#4771 = ORIENTED_EDGE('',*,*,#4772,.T.);
#4772 = EDGE_CURVE('',#1719,#1711,#4773,.T.);
#4773 = LINE('',#4774,#4775);
#4774 = CARTESIAN_POINT('',(-44.,2.2825,38.8));
#4775 = VECTOR('',#4776,1.);
#4776 = DIRECTION('',(0.,-1.,0.));
#4777 = ORIENTED_EDGE('',*,*,#1710,.T.);
#4778 = ORIENTED_EDGE('',*,*,#1384,.T.);
#4779 = ORIENTED_EDGE('',*,*,#1416,.T.);
#4780 = ORIENTED_EDGE('',*,*,#1441,.T.);
#4781 = ORIENTED_EDGE('',*,*,#1465,.T.);
#4782 = ORIENTED_EDGE('',*,*,#1490,.T.);
#4783 = ORIENTED_EDGE('',*,*,#1514,.T.);
#4784 = ORIENTED_EDGE('',*,*,#1539,.T.);
#4785 = ORIENTED_EDGE('',*,*,#1563,.T.);
#4786 = ORIENTED_EDGE('',*,*,#1588,.T.);
#4787 = ORIENTED_EDGE('',*,*,#1632,.F.);
#4788 = ORIENTED_EDGE('',*,*,#4789,.T.);
#4789 = EDGE_CURVE('',#1624,#1614,#4790,.T.);
#4790 = LINE('',#4791,#4792);
#4791 = CARTESIAN_POINT('',(-44.,9.9025,38.8));
#4792 = VECTOR('',#4793,1.);
#4793 = DIRECTION('',(0.,-1.,0.));
#4794 = ORIENTED_EDGE('',*,*,#1613,.T.);
#4795 = ORIENTED_EDGE('',*,*,#4796,.T.);
#4796 = EDGE_CURVE('',#1616,#4633,#4797,.T.);
#4797 = LINE('',#4798,#4799);
#4798 = CARTESIAN_POINT('',(-44.7,60.095,38.8));
#4799 = VECTOR('',#4800,1.);
#4800 = DIRECTION('',(0.,-1.,0.));
#4801 = ORIENTED_EDGE('',*,*,#4632,.F.);
#4802 = ORIENTED_EDGE('',*,*,#4803,.T.);
#4803 = EDGE_CURVE('',#4624,#4614,#4804,.T.);
#4804 = LINE('',#4805,#4806);
#4805 = CARTESIAN_POINT('',(-44.,7.3625,38.8));
#4806 = VECTOR('',#4807,1.);
#4807 = DIRECTION('',(0.,-1.,0.));
#4808 = ORIENTED_EDGE('',*,*,#4613,.T.);
#4809 = ORIENTED_EDGE('',*,*,#4810,.T.);
#4810 = EDGE_CURVE('',#4616,#4716,#4811,.T.);
#4811 = LINE('',#4812,#4813);
#4812 = CARTESIAN_POINT('',(-44.7,60.095,38.8));
#4813 = VECTOR('',#4814,1.);
#4814 = DIRECTION('',(0.,-1.,0.));
#4815 = ORIENTED_EDGE('',*,*,#4715,.F.);
#4816 = ORIENTED_EDGE('',*,*,#4817,.T.);
#4817 = EDGE_CURVE('',#4707,#4697,#4818,.T.);
#4818 = LINE('',#4819,#4820);
#4819 = CARTESIAN_POINT('',(-44.,4.8225,38.8));
#4820 = VECTOR('',#4821,1.);
#4821 = DIRECTION('',(0.,-1.,0.));
#4822 = ORIENTED_EDGE('',*,*,#4696,.T.);
#4823 = ORIENTED_EDGE('',*,*,#4824,.T.);
#4824 = EDGE_CURVE('',#4699,#1728,#4825,.T.);
#4825 = LINE('',#4826,#4827);
#4826 = CARTESIAN_POINT('',(-44.7,60.095,38.8));
#4827 = VECTOR('',#4828,1.);
#4828 = DIRECTION('',(0.,-1.,0.));
#4829 = ORIENTED_EDGE('',*,*,#1727,.F.);
#4830 = FACE_BOUND('',#4831,.F.);
#4831 = EDGE_LOOP('',(#4832,#4833,#4839,#4840,#4841,#4847,#4848,#4849,
    #4855,#4856));
#4832 = ORIENTED_EDGE('',*,*,#3537,.F.);
#4833 = ORIENTED_EDGE('',*,*,#4834,.T.);
#4834 = EDGE_CURVE('',#3530,#4540,#4835,.T.);
#4835 = LINE('',#4836,#4837);
#4836 = CARTESIAN_POINT('',(20.4,62.195,38.8));
#4837 = VECTOR('',#4838,1.);
#4838 = DIRECTION('',(1.,0.,-0.));
#4839 = ORIENTED_EDGE('',*,*,#4539,.F.);
#4840 = ORIENTED_EDGE('',*,*,#4573,.F.);
#4841 = ORIENTED_EDGE('',*,*,#4842,.T.);
#4842 = EDGE_CURVE('',#4566,#2214,#4843,.T.);
#4843 = LINE('',#4844,#4845);
#4844 = CARTESIAN_POINT('',(43.,-29.9975,38.8));
#4845 = VECTOR('',#4846,1.);
#4846 = DIRECTION('',(0.,-1.,0.));
#4847 = ORIENTED_EDGE('',*,*,#2213,.F.);
#4848 = ORIENTED_EDGE('',*,*,#2247,.F.);
#4849 = ORIENTED_EDGE('',*,*,#4850,.T.);
#4850 = EDGE_CURVE('',#2240,#1788,#4851,.T.);
#4851 = LINE('',#4852,#4853);
#4852 = CARTESIAN_POINT('',(-20.4,-62.195,38.8));
#4853 = VECTOR('',#4854,1.);
#4854 = DIRECTION('',(-1.,0.,0.));
#4855 = ORIENTED_EDGE('',*,*,#1787,.F.);
#4856 = ORIENTED_EDGE('',*,*,#4857,.T.);
#4857 = EDGE_CURVE('',#1780,#3538,#4858,.T.);
#4858 = LINE('',#4859,#4860);
#4859 = CARTESIAN_POINT('',(-43.,29.9975,38.8));
#4860 = VECTOR('',#4861,1.);
#4861 = DIRECTION('',(-0.,1.,0.));
#4862 = PLANE('',#4863);
#4863 = AXIS2_PLACEMENT_3D('',#4864,#4865,#4866);
#4864 = CARTESIAN_POINT('',(4.486753607186E-15,1.462349323824E-15,38.8)
  );
#4865 = DIRECTION('',(0.,0.,1.));
#4866 = DIRECTION('',(1.,0.,-0.));
#4867 = ADVANCED_FACE('',(#4868),#4874,.F.);
#4868 = FACE_BOUND('',#4869,.F.);
#4869 = EDGE_LOOP('',(#4870,#4871,#4872,#4873));
#4870 = ORIENTED_EDGE('',*,*,#4796,.F.);
#4871 = ORIENTED_EDGE('',*,*,#1649,.T.);
#4872 = ORIENTED_EDGE('',*,*,#4589,.F.);
#4873 = ORIENTED_EDGE('',*,*,#4640,.T.);
#4874 = PLANE('',#4875);
#4875 = AXIS2_PLACEMENT_3D('',#4876,#4877,#4878);
#4876 = CARTESIAN_POINT('',(-44.7,60.095,38.8));
#4877 = DIRECTION('',(1.,0.,-0.));
#4878 = DIRECTION('',(0.,-1.,0.));
#4879 = ADVANCED_FACE('',(#4880),#4884,.T.);
#4880 = FACE_BOUND('',#4881,.T.);
#4881 = EDGE_LOOP('',(#4882,#4883));
#4882 = ORIENTED_EDGE('',*,*,#4789,.T.);
#4883 = ORIENTED_EDGE('',*,*,#1623,.T.);
#4884 = PLANE('',#4885);
#4885 = AXIS2_PLACEMENT_3D('',#4886,#4887,#4888);
#4886 = CARTESIAN_POINT('',(-44.,19.805,40.));
#4887 = DIRECTION('',(-1.,0.,0.));
#4888 = DIRECTION('',(0.,0.,-1.));
#4889 = ADVANCED_FACE('',(#4890),#4896,.F.);
#4890 = FACE_BOUND('',#4891,.F.);
#4891 = EDGE_LOOP('',(#4892,#4893,#4894,#4895));
#4892 = ORIENTED_EDGE('',*,*,#4824,.F.);
#4893 = ORIENTED_EDGE('',*,*,#4740,.T.);
#4894 = ORIENTED_EDGE('',*,*,#4758,.F.);
#4895 = ORIENTED_EDGE('',*,*,#1735,.T.);
#4896 = PLANE('',#4897);
#4897 = AXIS2_PLACEMENT_3D('',#4898,#4899,#4900);
#4898 = CARTESIAN_POINT('',(-44.7,60.095,38.8));
#4899 = DIRECTION('',(1.,0.,-0.));
#4900 = DIRECTION('',(0.,-1.,0.));
#4901 = ADVANCED_FACE('',(#4902),#4906,.T.);
#4902 = FACE_BOUND('',#4903,.T.);
#4903 = EDGE_LOOP('',(#4904,#4905));
#4904 = ORIENTED_EDGE('',*,*,#4772,.T.);
#4905 = ORIENTED_EDGE('',*,*,#1718,.T.);
#4906 = PLANE('',#4907);
#4907 = AXIS2_PLACEMENT_3D('',#4908,#4909,#4910);
#4908 = CARTESIAN_POINT('',(-44.,4.565,40.));
#4909 = DIRECTION('',(-1.,0.,0.));
#4910 = DIRECTION('',(0.,0.,-1.));
#4911 = ADVANCED_FACE('',(#4912,#4944,#4950,#4956,#4962,#4968,#4974,
    #4980,#4986,#4992,#4998,#5004,#5010,#5016,#5022,#5028,#5034,#5040,
    #5046,#5052,#5058,#5064,#5070,#5076,#5082,#5088,#5094,#5100),#5106,
  .F.);
#4912 = FACE_BOUND('',#4913,.F.);
#4913 = EDGE_LOOP('',(#4914,#4915,#4921,#4922,#4928,#4929,#4930,#4936,
    #4937,#4938));
#4914 = ORIENTED_EDGE('',*,*,#2230,.F.);
#4915 = ORIENTED_EDGE('',*,*,#4916,.F.);
#4916 = EDGE_CURVE('',#4557,#2223,#4917,.T.);
#4917 = LINE('',#4918,#4919);
#4918 = CARTESIAN_POINT('',(43.,-29.9975,40.));
#4919 = VECTOR('',#4920,1.);
#4920 = DIRECTION('',(0.,-1.,0.));
#4921 = ORIENTED_EDGE('',*,*,#4556,.F.);
#4922 = ORIENTED_EDGE('',*,*,#4923,.F.);
#4923 = EDGE_CURVE('',#3521,#4549,#4924,.T.);
#4924 = LINE('',#4925,#4926);
#4925 = CARTESIAN_POINT('',(20.4,62.195,40.));
#4926 = VECTOR('',#4927,1.);
#4927 = DIRECTION('',(1.,0.,-0.));
#4928 = ORIENTED_EDGE('',*,*,#3520,.F.);
#4929 = ORIENTED_EDGE('',*,*,#3554,.F.);
#4930 = ORIENTED_EDGE('',*,*,#4931,.F.);
#4931 = EDGE_CURVE('',#1771,#3547,#4932,.T.);
#4932 = LINE('',#4933,#4934);
#4933 = CARTESIAN_POINT('',(-43.,29.9975,40.));
#4934 = VECTOR('',#4935,1.);
#4935 = DIRECTION('',(-0.,1.,0.));
#4936 = ORIENTED_EDGE('',*,*,#1770,.F.);
#4937 = ORIENTED_EDGE('',*,*,#1804,.F.);
#4938 = ORIENTED_EDGE('',*,*,#4939,.F.);
#4939 = EDGE_CURVE('',#2231,#1797,#4940,.T.);
#4940 = LINE('',#4941,#4942);
#4941 = CARTESIAN_POINT('',(-20.4,-62.195,40.));
#4942 = VECTOR('',#4943,1.);
#4943 = DIRECTION('',(-1.,0.,0.));
#4944 = FACE_BOUND('',#4945,.F.);
#4945 = EDGE_LOOP('',(#4946,#4947,#4948,#4949));
#4946 = ORIENTED_EDGE('',*,*,#1828,.T.);
#4947 = ORIENTED_EDGE('',*,*,#1876,.T.);
#4948 = ORIENTED_EDGE('',*,*,#1900,.F.);
#4949 = ORIENTED_EDGE('',*,*,#1852,.F.);
#4950 = FACE_BOUND('',#4951,.F.);
#4951 = EDGE_LOOP('',(#4952,#4953,#4954,#4955));
#4952 = ORIENTED_EDGE('',*,*,#1924,.T.);
#4953 = ORIENTED_EDGE('',*,*,#1972,.T.);
#4954 = ORIENTED_EDGE('',*,*,#1996,.F.);
#4955 = ORIENTED_EDGE('',*,*,#1948,.F.);
#4956 = FACE_BOUND('',#4957,.F.);
#4957 = EDGE_LOOP('',(#4958,#4959,#4960,#4961));
#4958 = ORIENTED_EDGE('',*,*,#2020,.T.);
#4959 = ORIENTED_EDGE('',*,*,#2068,.T.);
#4960 = ORIENTED_EDGE('',*,*,#2092,.F.);
#4961 = ORIENTED_EDGE('',*,*,#2044,.F.);
#4962 = FACE_BOUND('',#4963,.F.);
#4963 = EDGE_LOOP('',(#4964,#4965,#4966,#4967));
#4964 = ORIENTED_EDGE('',*,*,#2116,.T.);
#4965 = ORIENTED_EDGE('',*,*,#2164,.T.);
#4966 = ORIENTED_EDGE('',*,*,#2188,.F.);
#4967 = ORIENTED_EDGE('',*,*,#2140,.F.);
#4968 = FACE_BOUND('',#4969,.F.);
#4969 = EDGE_LOOP('',(#4970,#4971,#4972,#4973));
#4970 = ORIENTED_EDGE('',*,*,#2271,.T.);
#4971 = ORIENTED_EDGE('',*,*,#2319,.T.);
#4972 = ORIENTED_EDGE('',*,*,#2343,.F.);
#4973 = ORIENTED_EDGE('',*,*,#2295,.F.);
#4974 = FACE_BOUND('',#4975,.F.);
#4975 = EDGE_LOOP('',(#4976,#4977,#4978,#4979));
#4976 = ORIENTED_EDGE('',*,*,#2367,.T.);
#4977 = ORIENTED_EDGE('',*,*,#2415,.T.);
#4978 = ORIENTED_EDGE('',*,*,#2439,.F.);
#4979 = ORIENTED_EDGE('',*,*,#2391,.F.);
#4980 = FACE_BOUND('',#4981,.F.);
#4981 = EDGE_LOOP('',(#4982,#4983,#4984,#4985));
#4982 = ORIENTED_EDGE('',*,*,#2463,.T.);
#4983 = ORIENTED_EDGE('',*,*,#2511,.T.);
#4984 = ORIENTED_EDGE('',*,*,#2535,.F.);
#4985 = ORIENTED_EDGE('',*,*,#2487,.F.);
#4986 = FACE_BOUND('',#4987,.F.);
#4987 = EDGE_LOOP('',(#4988,#4989,#4990,#4991));
#4988 = ORIENTED_EDGE('',*,*,#2559,.T.);
#4989 = ORIENTED_EDGE('',*,*,#2607,.T.);
#4990 = ORIENTED_EDGE('',*,*,#2631,.F.);
#4991 = ORIENTED_EDGE('',*,*,#2583,.F.);
#4992 = FACE_BOUND('',#4993,.F.);
#4993 = EDGE_LOOP('',(#4994,#4995,#4996,#4997));
#4994 = ORIENTED_EDGE('',*,*,#2655,.T.);
#4995 = ORIENTED_EDGE('',*,*,#2703,.T.);
#4996 = ORIENTED_EDGE('',*,*,#2727,.F.);
#4997 = ORIENTED_EDGE('',*,*,#2679,.F.);
#4998 = FACE_BOUND('',#4999,.F.);
#4999 = EDGE_LOOP('',(#5000,#5001,#5002,#5003));
#5000 = ORIENTED_EDGE('',*,*,#2751,.T.);
#5001 = ORIENTED_EDGE('',*,*,#2799,.T.);
#5002 = ORIENTED_EDGE('',*,*,#2823,.F.);
#5003 = ORIENTED_EDGE('',*,*,#2775,.F.);
#5004 = FACE_BOUND('',#5005,.F.);
#5005 = EDGE_LOOP('',(#5006,#5007,#5008,#5009));
#5006 = ORIENTED_EDGE('',*,*,#2847,.T.);
#5007 = ORIENTED_EDGE('',*,*,#2895,.T.);
#5008 = ORIENTED_EDGE('',*,*,#2919,.F.);
#5009 = ORIENTED_EDGE('',*,*,#2871,.F.);
#5010 = FACE_BOUND('',#5011,.F.);
#5011 = EDGE_LOOP('',(#5012,#5013,#5014,#5015));
#5012 = ORIENTED_EDGE('',*,*,#3135,.T.);
#5013 = ORIENTED_EDGE('',*,*,#3183,.T.);
#5014 = ORIENTED_EDGE('',*,*,#3207,.F.);
#5015 = ORIENTED_EDGE('',*,*,#3159,.F.);
#5016 = FACE_BOUND('',#5017,.F.);
#5017 = EDGE_LOOP('',(#5018,#5019,#5020,#5021));
#5018 = ORIENTED_EDGE('',*,*,#3231,.T.);
#5019 = ORIENTED_EDGE('',*,*,#3279,.T.);
#5020 = ORIENTED_EDGE('',*,*,#3303,.F.);
#5021 = ORIENTED_EDGE('',*,*,#3255,.F.);
#5022 = FACE_BOUND('',#5023,.F.);
#5023 = EDGE_LOOP('',(#5024,#5025,#5026,#5027));
#5024 = ORIENTED_EDGE('',*,*,#2943,.T.);
#5025 = ORIENTED_EDGE('',*,*,#2991,.T.);
#5026 = ORIENTED_EDGE('',*,*,#3015,.F.);
#5027 = ORIENTED_EDGE('',*,*,#2967,.F.);
#5028 = FACE_BOUND('',#5029,.F.);
#5029 = EDGE_LOOP('',(#5030,#5031,#5032,#5033));
#5030 = ORIENTED_EDGE('',*,*,#3039,.T.);
#5031 = ORIENTED_EDGE('',*,*,#3087,.T.);
#5032 = ORIENTED_EDGE('',*,*,#3111,.F.);
#5033 = ORIENTED_EDGE('',*,*,#3063,.F.);
#5034 = FACE_BOUND('',#5035,.F.);
#5035 = EDGE_LOOP('',(#5036,#5037,#5038,#5039));
#5036 = ORIENTED_EDGE('',*,*,#3327,.T.);
#5037 = ORIENTED_EDGE('',*,*,#3375,.T.);
#5038 = ORIENTED_EDGE('',*,*,#3399,.F.);
#5039 = ORIENTED_EDGE('',*,*,#3351,.F.);
#5040 = FACE_BOUND('',#5041,.F.);
#5041 = EDGE_LOOP('',(#5042,#5043,#5044,#5045));
#5042 = ORIENTED_EDGE('',*,*,#3423,.T.);
#5043 = ORIENTED_EDGE('',*,*,#3471,.T.);
#5044 = ORIENTED_EDGE('',*,*,#3495,.F.);
#5045 = ORIENTED_EDGE('',*,*,#3447,.F.);
#5046 = FACE_BOUND('',#5047,.F.);
#5047 = EDGE_LOOP('',(#5048,#5049,#5050,#5051));
#5048 = ORIENTED_EDGE('',*,*,#3578,.T.);
#5049 = ORIENTED_EDGE('',*,*,#3626,.T.);
#5050 = ORIENTED_EDGE('',*,*,#3650,.F.);
#5051 = ORIENTED_EDGE('',*,*,#3602,.F.);
#5052 = FACE_BOUND('',#5053,.F.);
#5053 = EDGE_LOOP('',(#5054,#5055,#5056,#5057));
#5054 = ORIENTED_EDGE('',*,*,#3674,.T.);
#5055 = ORIENTED_EDGE('',*,*,#3722,.T.);
#5056 = ORIENTED_EDGE('',*,*,#3746,.F.);
#5057 = ORIENTED_EDGE('',*,*,#3698,.F.);
#5058 = FACE_BOUND('',#5059,.F.);
#5059 = EDGE_LOOP('',(#5060,#5061,#5062,#5063));
#5060 = ORIENTED_EDGE('',*,*,#3770,.T.);
#5061 = ORIENTED_EDGE('',*,*,#3818,.T.);
#5062 = ORIENTED_EDGE('',*,*,#3842,.F.);
#5063 = ORIENTED_EDGE('',*,*,#3794,.F.);
#5064 = FACE_BOUND('',#5065,.F.);
#5065 = EDGE_LOOP('',(#5066,#5067,#5068,#5069));
#5066 = ORIENTED_EDGE('',*,*,#4154,.T.);
#5067 = ORIENTED_EDGE('',*,*,#4202,.T.);
#5068 = ORIENTED_EDGE('',*,*,#4226,.F.);
#5069 = ORIENTED_EDGE('',*,*,#4178,.F.);
#5070 = FACE_BOUND('',#5071,.F.);
#5071 = EDGE_LOOP('',(#5072,#5073,#5074,#5075));
#5072 = ORIENTED_EDGE('',*,*,#4250,.T.);
#5073 = ORIENTED_EDGE('',*,*,#4298,.T.);
#5074 = ORIENTED_EDGE('',*,*,#4322,.F.);
#5075 = ORIENTED_EDGE('',*,*,#4274,.F.);
#5076 = FACE_BOUND('',#5077,.F.);
#5077 = EDGE_LOOP('',(#5078,#5079,#5080,#5081));
#5078 = ORIENTED_EDGE('',*,*,#3866,.T.);
#5079 = ORIENTED_EDGE('',*,*,#3914,.T.);
#5080 = ORIENTED_EDGE('',*,*,#3938,.F.);
#5081 = ORIENTED_EDGE('',*,*,#3890,.F.);
#5082 = FACE_BOUND('',#5083,.F.);
#5083 = EDGE_LOOP('',(#5084,#5085,#5086,#5087));
#5084 = ORIENTED_EDGE('',*,*,#3962,.T.);
#5085 = ORIENTED_EDGE('',*,*,#4010,.T.);
#5086 = ORIENTED_EDGE('',*,*,#4034,.F.);
#5087 = ORIENTED_EDGE('',*,*,#3986,.F.);
#5088 = FACE_BOUND('',#5089,.F.);
#5089 = EDGE_LOOP('',(#5090,#5091,#5092,#5093));
#5090 = ORIENTED_EDGE('',*,*,#4058,.T.);
#5091 = ORIENTED_EDGE('',*,*,#4106,.T.);
#5092 = ORIENTED_EDGE('',*,*,#4130,.F.);
#5093 = ORIENTED_EDGE('',*,*,#4082,.F.);
#5094 = FACE_BOUND('',#5095,.F.);
#5095 = EDGE_LOOP('',(#5096,#5097,#5098,#5099));
#5096 = ORIENTED_EDGE('',*,*,#4346,.T.);
#5097 = ORIENTED_EDGE('',*,*,#4394,.T.);
#5098 = ORIENTED_EDGE('',*,*,#4418,.F.);
#5099 = ORIENTED_EDGE('',*,*,#4370,.F.);
#5100 = FACE_BOUND('',#5101,.F.);
#5101 = EDGE_LOOP('',(#5102,#5103,#5104,#5105));
#5102 = ORIENTED_EDGE('',*,*,#4442,.T.);
#5103 = ORIENTED_EDGE('',*,*,#4514,.T.);
#5104 = ORIENTED_EDGE('',*,*,#4490,.F.);
#5105 = ORIENTED_EDGE('',*,*,#4466,.F.);
#5106 = PLANE('',#5107);
#5107 = AXIS2_PLACEMENT_3D('',#5108,#5109,#5110);
#5108 = CARTESIAN_POINT('',(-2.332928680119E-15,4.918065866197E-15,40.)
  );
#5109 = DIRECTION('',(0.,0.,1.));
#5110 = DIRECTION('',(1.,0.,-0.));
#5111 = ADVANCED_FACE('',(#5112),#5118,.T.);
#5112 = FACE_BOUND('',#5113,.T.);
#5113 = EDGE_LOOP('',(#5114,#5115,#5116,#5117));
#5114 = ORIENTED_EDGE('',*,*,#2239,.F.);
#5115 = ORIENTED_EDGE('',*,*,#4850,.T.);
#5116 = ORIENTED_EDGE('',*,*,#1796,.T.);
#5117 = ORIENTED_EDGE('',*,*,#4939,.F.);
#5118 = PLANE('',#5119);
#5119 = AXIS2_PLACEMENT_3D('',#5120,#5121,#5122);
#5120 = CARTESIAN_POINT('',(-40.8,-62.195,38.5));
#5121 = DIRECTION('',(0.,1.,0.));
#5122 = DIRECTION('',(1.,0.,0.));
#5123 = ADVANCED_FACE('',(#5124),#5130,.T.);
#5124 = FACE_BOUND('',#5125,.T.);
#5125 = EDGE_LOOP('',(#5126,#5127,#5128,#5129));
#5126 = ORIENTED_EDGE('',*,*,#1779,.F.);
#5127 = ORIENTED_EDGE('',*,*,#4857,.T.);
#5128 = ORIENTED_EDGE('',*,*,#3546,.T.);
#5129 = ORIENTED_EDGE('',*,*,#4931,.F.);
#5130 = PLANE('',#5131);
#5131 = AXIS2_PLACEMENT_3D('',#5132,#5133,#5134);
#5132 = CARTESIAN_POINT('',(-43.,59.995,38.5));
#5133 = DIRECTION('',(1.,0.,-0.));
#5134 = DIRECTION('',(0.,-1.,0.));
#5135 = ADVANCED_FACE('',(#5136),#5142,.T.);
#5136 = FACE_BOUND('',#5137,.T.);
#5137 = EDGE_LOOP('',(#5138,#5139,#5140,#5141));
#5138 = ORIENTED_EDGE('',*,*,#4565,.F.);
#5139 = ORIENTED_EDGE('',*,*,#4842,.T.);
#5140 = ORIENTED_EDGE('',*,*,#2222,.T.);
#5141 = ORIENTED_EDGE('',*,*,#4916,.F.);
#5142 = PLANE('',#5143);
#5143 = AXIS2_PLACEMENT_3D('',#5144,#5145,#5146);
#5144 = CARTESIAN_POINT('',(43.,-59.995,38.5));
#5145 = DIRECTION('',(-1.,0.,0.));
#5146 = DIRECTION('',(0.,1.,0.));
#5147 = ADVANCED_FACE('',(#5148),#5154,.T.);
#5148 = FACE_BOUND('',#5149,.T.);
#5149 = EDGE_LOOP('',(#5150,#5151,#5152,#5153));
#5150 = ORIENTED_EDGE('',*,*,#3529,.F.);
#5151 = ORIENTED_EDGE('',*,*,#4834,.T.);
#5152 = ORIENTED_EDGE('',*,*,#4548,.T.);
#5153 = ORIENTED_EDGE('',*,*,#4923,.F.);
#5154 = PLANE('',#5155);
#5155 = AXIS2_PLACEMENT_3D('',#5156,#5157,#5158);
#5156 = CARTESIAN_POINT('',(40.8,62.195,38.5));
#5157 = DIRECTION('',(0.,-1.,0.));
#5158 = DIRECTION('',(-1.,0.,0.));
#5159 = ADVANCED_FACE('',(#5160),#5166,.F.);
#5160 = FACE_BOUND('',#5161,.F.);
#5161 = EDGE_LOOP('',(#5162,#5163,#5164,#5165));
#5162 = ORIENTED_EDGE('',*,*,#4810,.F.);
#5163 = ORIENTED_EDGE('',*,*,#4657,.T.);
#5164 = ORIENTED_EDGE('',*,*,#4682,.F.);
#5165 = ORIENTED_EDGE('',*,*,#4723,.T.);
#5166 = PLANE('',#5167);
#5167 = AXIS2_PLACEMENT_3D('',#5168,#5169,#5170);
#5168 = CARTESIAN_POINT('',(-44.7,60.095,38.8));
#5169 = DIRECTION('',(1.,0.,-0.));
#5170 = DIRECTION('',(0.,-1.,0.));
#5171 = ADVANCED_FACE('',(#5172),#5176,.T.);
#5172 = FACE_BOUND('',#5173,.T.);
#5173 = EDGE_LOOP('',(#5174,#5175));
#5174 = ORIENTED_EDGE('',*,*,#4803,.T.);
#5175 = ORIENTED_EDGE('',*,*,#4623,.T.);
#5176 = PLANE('',#5177);
#5177 = AXIS2_PLACEMENT_3D('',#5178,#5179,#5180);
#5178 = CARTESIAN_POINT('',(-44.,14.725,40.));
#5179 = DIRECTION('',(-1.,0.,0.));
#5180 = DIRECTION('',(0.,0.,-1.));
#5181 = ADVANCED_FACE('',(#5182),#5186,.T.);
#5182 = FACE_BOUND('',#5183,.T.);
#5183 = EDGE_LOOP('',(#5184,#5185));
#5184 = ORIENTED_EDGE('',*,*,#4817,.T.);
#5185 = ORIENTED_EDGE('',*,*,#4706,.T.);
#5186 = PLANE('',#5187);
#5187 = AXIS2_PLACEMENT_3D('',#5188,#5189,#5190);
#5188 = CARTESIAN_POINT('',(-44.,9.645,40.));
#5189 = DIRECTION('',(-1.,0.,0.));
#5190 = DIRECTION('',(0.,0.,-1.));
#5191 = ( GEOMETRIC_REPRESENTATION_CONTEXT(3) 
GLOBAL_UNCERTAINTY_ASSIGNED_CONTEXT((#5195)) 
GLOBAL_UNIT_ASSIGNED_CONTEXT((#5192,#5193,#5194)) REPRESENTATION_CONTEXT
('Context #1','3D Context with UNIT and UNCERTAINTY') );
#5192 = ( LENGTH_UNIT() NAMED_UNIT(*) SI_UNIT(.MILLI.,.METRE.) );
#5193 = ( NAMED_UNIT(*) PLANE_ANGLE_UNIT() SI_UNIT($,.RADIAN.) );
#5194 = ( NAMED_UNIT(*) SI_UNIT($,.STERADIAN.) SOLID_ANGLE_UNIT() );
#5195 = UNCERTAINTY_MEASURE_WITH_UNIT(LENGTH_MEASURE(2.E-07),#5192,
  'distance_accuracy_value','confusion accuracy');
#5196 = PRODUCT_RELATED_PRODUCT_CATEGORY('part',$,(#7));
ENDSEC;
END-ISO-10303-21;
