ISO-10303-21;
HEADER;
FILE_DESCRIPTION(('FreeCAD Model'),'2;1');
FILE_NAME('Open CASCADE Shape Model','2026-09-19T17:11:40',('FreeCAD'),(
    'FreeCAD'),'Open CASCADE STEP processor 7.8','FreeCAD','Unknown');
FILE_SCHEMA(('AUTOMOTIVE_DESIGN { 1 0 10303 214 1 1 1 1 }'));
ENDSEC;
DATA;
#1 = APPLICATION_PROTOCOL_DEFINITION('international standard',
  'automotive_design',2000,#2);
#2 = APPLICATION_CONTEXT(
  'core data for automotive mechanical design processes');
#3 = SHAPE_DEFINITION_REPRESENTATION(#4,#10);
#4 = PRODUCT_DEFINITION_SHAPE('','',#5);
#5 = PRODUCT_DEFINITION('design','',#6,#9);
#6 = PRODUCT_DEFINITION_FORMATION('','',#7);
#7 = PRODUCT('Open CASCADE STEP translator 7.8 56',
  'Open CASCADE STEP translator 7.8 56','',(#8));
#8 = PRODUCT_CONTEXT('',#2,'mechanical');
#9 = PRODUCT_DEFINITION_CONTEXT('part definition',#2,'design');
#10 = SHAPE_REPRESENTATION('',(#11,#15,#3710),#14123);
#11 = AXIS2_PLACEMENT_3D('',#12,#13,#14);
#12 = CARTESIAN_POINT('',(0.,0.,0.));
#13 = DIRECTION('',(0.,0.,1.));
#14 = DIRECTION('',(1.,0.,-0.));
#15 = MANIFOLD_SOLID_BREP('',#16);
#16 = CLOSED_SHELL('',(#17,#57,#104,#128,#168,#199,#1061,#1073,#1097,
    #1121,#1145,#1162,#1193,#1217,#1241,#1265,#1289,#1313,#1337,#1361,
    #1385,#1409,#1433,#1457,#1481,#1505,#1529,#1553,#1577,#1601,#1625,
    #1649,#1673,#1697,#1721,#1745,#1769,#1793,#1817,#1841,#1865,#1889,
    #1913,#1937,#1961,#1985,#2009,#2033,#2057,#2081,#2105,#2129,#2153,
    #2177,#2201,#2225,#2249,#2273,#2297,#2321,#2345,#2362,#2387,#2418,
    #2442,#2466,#2490,#2514,#2538,#2562,#2586,#2610,#2634,#2658,#2682,
    #2706,#2730,#2754,#2778,#2802,#2826,#2850,#2874,#2898,#2922,#2946,
    #2970,#2994,#3018,#3042,#3066,#3090,#3114,#3138,#3162,#3186,#3210,
    #3234,#3258,#3282,#3306,#3330,#3354,#3378,#3402,#3426,#3450,#3474,
    #3498,#3522,#3546,#3570,#3587));
#17 = ADVANCED_FACE('',(#18),#52,.F.);
#18 = FACE_BOUND('',#19,.F.);
#19 = EDGE_LOOP('',(#20,#30,#38,#46));
#20 = ORIENTED_EDGE('',*,*,#21,.F.);
#21 = EDGE_CURVE('',#22,#24,#26,.T.);
#22 = VERTEX_POINT('',#23);
#23 = CARTESIAN_POINT('',(-138.88,-9.,13.));
#24 = VERTEX_POINT('',#25);
#25 = CARTESIAN_POINT('',(-138.88,-9.,42.));
#26 = LINE('',#27,#28);
#27 = CARTESIAN_POINT('',(-138.88,-9.,13.));
#28 = VECTOR('',#29,1.);
#29 = DIRECTION('',(0.,0.,1.));
#30 = ORIENTED_EDGE('',*,*,#31,.T.);
#31 = EDGE_CURVE('',#22,#32,#34,.T.);
#32 = VERTEX_POINT('',#33);
#33 = CARTESIAN_POINT('',(-138.88,9.,13.));
#34 = LINE('',#35,#36);
#35 = CARTESIAN_POINT('',(-138.88,-9.,13.));
#36 = VECTOR('',#37,1.);
#37 = DIRECTION('',(-0.,1.,0.));
#38 = ORIENTED_EDGE('',*,*,#39,.T.);
#39 = EDGE_CURVE('',#32,#40,#42,.T.);
#40 = VERTEX_POINT('',#41);
#41 = CARTESIAN_POINT('',(-138.88,9.,42.));
#42 = LINE('',#43,#44);
#43 = CARTESIAN_POINT('',(-138.88,9.,13.));
#44 = VECTOR('',#45,1.);
#45 = DIRECTION('',(0.,0.,1.));
#46 = ORIENTED_EDGE('',*,*,#47,.F.);
#47 = EDGE_CURVE('',#24,#40,#48,.T.);
#48 = LINE('',#49,#50);
#49 = CARTESIAN_POINT('',(-138.88,-9.,42.));
#50 = VECTOR('',#51,1.);
#51 = DIRECTION('',(-0.,1.,0.));
#52 = PLANE('',#53);
#53 = AXIS2_PLACEMENT_3D('',#54,#55,#56);
#54 = CARTESIAN_POINT('',(-138.88,-9.,13.));
#55 = DIRECTION('',(1.,0.,-0.));
#56 = DIRECTION('',(0.,0.,1.));
#57 = ADVANCED_FACE('',(#58),#99,.F.);
#58 = FACE_BOUND('',#59,.F.);
#59 = EDGE_LOOP('',(#60,#68,#69,#77,#85,#93));
#60 = ORIENTED_EDGE('',*,*,#61,.F.);
#61 = EDGE_CURVE('',#22,#62,#64,.T.);
#62 = VERTEX_POINT('',#63);
#63 = CARTESIAN_POINT('',(-125.88,-9.,13.));
#64 = LINE('',#65,#66);
#65 = CARTESIAN_POINT('',(-138.88,-9.,13.));
#66 = VECTOR('',#67,1.);
#67 = DIRECTION('',(1.,0.,-0.));
#68 = ORIENTED_EDGE('',*,*,#21,.T.);
#69 = ORIENTED_EDGE('',*,*,#70,.T.);
#70 = EDGE_CURVE('',#24,#71,#73,.T.);
#71 = VERTEX_POINT('',#72);
#72 = CARTESIAN_POINT('',(-120.88,-9.,42.));
#73 = LINE('',#74,#75);
#74 = CARTESIAN_POINT('',(-138.88,-9.,42.));
#75 = VECTOR('',#76,1.);
#76 = DIRECTION('',(1.,0.,-0.));
#77 = ORIENTED_EDGE('',*,*,#78,.F.);
#78 = EDGE_CURVE('',#79,#71,#81,.T.);
#79 = VERTEX_POINT('',#80);
#80 = CARTESIAN_POINT('',(-120.88,-9.,19.));
#81 = LINE('',#82,#83);
#82 = CARTESIAN_POINT('',(-120.88,-9.,13.));
#83 = VECTOR('',#84,1.);
#84 = DIRECTION('',(0.,0.,1.));
#85 = ORIENTED_EDGE('',*,*,#86,.F.);
#86 = EDGE_CURVE('',#87,#79,#89,.T.);
#87 = VERTEX_POINT('',#88);
#88 = CARTESIAN_POINT('',(-125.88,-9.,19.));
#89 = LINE('',#90,#91);
#90 = CARTESIAN_POINT('',(-132.38,-9.,19.));
#91 = VECTOR('',#92,1.);
#92 = DIRECTION('',(1.,0.,-0.));
#93 = ORIENTED_EDGE('',*,*,#94,.T.);
#94 = EDGE_CURVE('',#87,#62,#95,.T.);
#95 = LINE('',#96,#97);
#96 = CARTESIAN_POINT('',(-125.88,-9.,13.));
#97 = VECTOR('',#98,1.);
#98 = DIRECTION('',(-0.,0.,-1.));
#99 = PLANE('',#100);
#100 = AXIS2_PLACEMENT_3D('',#101,#102,#103);
#101 = CARTESIAN_POINT('',(-138.88,-9.,13.));
#102 = DIRECTION('',(-0.,1.,0.));
#103 = DIRECTION('',(0.,0.,1.));
#104 = ADVANCED_FACE('',(#105),#123,.T.);
#105 = FACE_BOUND('',#106,.T.);
#106 = EDGE_LOOP('',(#107,#108,#109,#117));
#107 = ORIENTED_EDGE('',*,*,#47,.F.);
#108 = ORIENTED_EDGE('',*,*,#70,.T.);
#109 = ORIENTED_EDGE('',*,*,#110,.T.);
#110 = EDGE_CURVE('',#71,#111,#113,.T.);
#111 = VERTEX_POINT('',#112);
#112 = CARTESIAN_POINT('',(-120.88,9.,42.));
#113 = LINE('',#114,#115);
#114 = CARTESIAN_POINT('',(-120.88,-9.,42.));
#115 = VECTOR('',#116,1.);
#116 = DIRECTION('',(-0.,1.,0.));
#117 = ORIENTED_EDGE('',*,*,#118,.F.);
#118 = EDGE_CURVE('',#40,#111,#119,.T.);
#119 = LINE('',#120,#121);
#120 = CARTESIAN_POINT('',(-138.88,9.,42.));
#121 = VECTOR('',#122,1.);
#122 = DIRECTION('',(1.,0.,-0.));
#123 = PLANE('',#124);
#124 = AXIS2_PLACEMENT_3D('',#125,#126,#127);
#125 = CARTESIAN_POINT('',(-138.88,-9.,42.));
#126 = DIRECTION('',(0.,0.,1.));
#127 = DIRECTION('',(1.,0.,-0.));
#128 = ADVANCED_FACE('',(#129),#163,.T.);
#129 = FACE_BOUND('',#130,.T.);
#130 = EDGE_LOOP('',(#131,#139,#140,#141,#149,#157));
#131 = ORIENTED_EDGE('',*,*,#132,.F.);
#132 = EDGE_CURVE('',#32,#133,#135,.T.);
#133 = VERTEX_POINT('',#134);
#134 = CARTESIAN_POINT('',(-125.88,9.,13.));
#135 = LINE('',#136,#137);
#136 = CARTESIAN_POINT('',(-138.88,9.,13.));
#137 = VECTOR('',#138,1.);
#138 = DIRECTION('',(1.,0.,-0.));
#139 = ORIENTED_EDGE('',*,*,#39,.T.);
#140 = ORIENTED_EDGE('',*,*,#118,.T.);
#141 = ORIENTED_EDGE('',*,*,#142,.F.);
#142 = EDGE_CURVE('',#143,#111,#145,.T.);
#143 = VERTEX_POINT('',#144);
#144 = CARTESIAN_POINT('',(-120.88,9.,19.));
#145 = LINE('',#146,#147);
#146 = CARTESIAN_POINT('',(-120.88,9.,13.));
#147 = VECTOR('',#148,1.);
#148 = DIRECTION('',(0.,0.,1.));
#149 = ORIENTED_EDGE('',*,*,#150,.F.);
#150 = EDGE_CURVE('',#151,#143,#153,.T.);
#151 = VERTEX_POINT('',#152);
#152 = CARTESIAN_POINT('',(-125.88,9.,19.));
#153 = LINE('',#154,#155);
#154 = CARTESIAN_POINT('',(-132.38,9.,19.));
#155 = VECTOR('',#156,1.);
#156 = DIRECTION('',(1.,0.,-0.));
#157 = ORIENTED_EDGE('',*,*,#158,.T.);
#158 = EDGE_CURVE('',#151,#133,#159,.T.);
#159 = LINE('',#160,#161);
#160 = CARTESIAN_POINT('',(-125.88,9.,13.));
#161 = VECTOR('',#162,1.);
#162 = DIRECTION('',(-0.,0.,-1.));
#163 = PLANE('',#164);
#164 = AXIS2_PLACEMENT_3D('',#165,#166,#167);
#165 = CARTESIAN_POINT('',(-138.88,9.,13.));
#166 = DIRECTION('',(-0.,1.,0.));
#167 = DIRECTION('',(0.,0.,1.));
#168 = ADVANCED_FACE('',(#169),#194,.F.);
#169 = FACE_BOUND('',#170,.F.);
#170 = EDGE_LOOP('',(#171,#179,#187,#193));
#171 = ORIENTED_EDGE('',*,*,#172,.F.);
#172 = EDGE_CURVE('',#173,#87,#175,.T.);
#173 = VERTEX_POINT('',#174);
#174 = CARTESIAN_POINT('',(-125.88,-76.2,19.));
#175 = LINE('',#176,#177);
#176 = CARTESIAN_POINT('',(-125.88,-76.2,19.));
#177 = VECTOR('',#178,1.);
#178 = DIRECTION('',(-0.,1.,0.));
#179 = ORIENTED_EDGE('',*,*,#180,.F.);
#180 = EDGE_CURVE('',#181,#173,#183,.T.);
#181 = VERTEX_POINT('',#182);
#182 = CARTESIAN_POINT('',(-125.88,-76.2,13.));
#183 = LINE('',#184,#185);
#184 = CARTESIAN_POINT('',(-125.88,-76.2,13.));
#185 = VECTOR('',#186,1.);
#186 = DIRECTION('',(0.,0.,1.));
#187 = ORIENTED_EDGE('',*,*,#188,.T.);
#188 = EDGE_CURVE('',#181,#62,#189,.T.);
#189 = LINE('',#190,#191);
#190 = CARTESIAN_POINT('',(-125.88,-76.2,13.));
#191 = VECTOR('',#192,1.);
#192 = DIRECTION('',(-0.,1.,0.));
#193 = ORIENTED_EDGE('',*,*,#94,.F.);
#194 = PLANE('',#195);
#195 = AXIS2_PLACEMENT_3D('',#196,#197,#198);
#196 = CARTESIAN_POINT('',(-125.88,-76.2,13.));
#197 = DIRECTION('',(1.,0.,-0.));
#198 = DIRECTION('',(0.,0.,1.));
#199 = ADVANCED_FACE('',(#200,#241,#643,#654),#1056,.T.);
#200 = FACE_BOUND('',#201,.T.);
#201 = EDGE_LOOP('',(#202,#203,#211,#219,#227,#233,#234,#240));
#202 = ORIENTED_EDGE('',*,*,#172,.F.);
#203 = ORIENTED_EDGE('',*,*,#204,.T.);
#204 = EDGE_CURVE('',#173,#205,#207,.T.);
#205 = VERTEX_POINT('',#206);
#206 = CARTESIAN_POINT('',(-84.88,-76.2,19.));
#207 = LINE('',#208,#209);
#208 = CARTESIAN_POINT('',(-125.88,-76.2,19.));
#209 = VECTOR('',#210,1.);
#210 = DIRECTION('',(1.,0.,-0.));
#211 = ORIENTED_EDGE('',*,*,#212,.T.);
#212 = EDGE_CURVE('',#205,#213,#215,.T.);
#213 = VERTEX_POINT('',#214);
#214 = CARTESIAN_POINT('',(-84.88,76.2,19.));
#215 = LINE('',#216,#217);
#216 = CARTESIAN_POINT('',(-84.88,-76.2,19.));
#217 = VECTOR('',#218,1.);
#218 = DIRECTION('',(-0.,1.,0.));
#219 = ORIENTED_EDGE('',*,*,#220,.F.);
#220 = EDGE_CURVE('',#221,#213,#223,.T.);
#221 = VERTEX_POINT('',#222);
#222 = CARTESIAN_POINT('',(-125.88,76.2,19.));
#223 = LINE('',#224,#225);
#224 = CARTESIAN_POINT('',(-125.88,76.2,19.));
#225 = VECTOR('',#226,1.);
#226 = DIRECTION('',(1.,0.,-0.));
#227 = ORIENTED_EDGE('',*,*,#228,.F.);
#228 = EDGE_CURVE('',#151,#221,#229,.T.);
#229 = LINE('',#230,#231);
#230 = CARTESIAN_POINT('',(-125.88,-76.2,19.));
#231 = VECTOR('',#232,1.);
#232 = DIRECTION('',(-0.,1.,0.));
#233 = ORIENTED_EDGE('',*,*,#150,.T.);
#234 = ORIENTED_EDGE('',*,*,#235,.T.);
#235 = EDGE_CURVE('',#143,#79,#236,.T.);
#236 = LINE('',#237,#238);
#237 = CARTESIAN_POINT('',(-120.88,-42.6,19.));
#238 = VECTOR('',#239,1.);
#239 = DIRECTION('',(0.,-1.,0.));
#240 = ORIENTED_EDGE('',*,*,#86,.F.);
#241 = FACE_BOUND('',#242,.T.);
#242 = EDGE_LOOP('',(#243,#253,#261,#269,#277,#285,#293,#301,#309,#317,
    #325,#333,#341,#349,#357,#365,#373,#381,#389,#397,#405,#413,#421,
    #429,#437,#445,#453,#461,#469,#477,#485,#493,#501,#509,#517,#525,
    #533,#541,#549,#557,#565,#573,#581,#589,#597,#605,#613,#621,#629,
    #637));
#243 = ORIENTED_EDGE('',*,*,#244,.T.);
#244 = EDGE_CURVE('',#245,#247,#249,.T.);
#245 = VERTEX_POINT('',#246);
#246 = CARTESIAN_POINT('',(-108.9143018303,-30.17666963793,19.));
#247 = VERTEX_POINT('',#248);
#248 = CARTESIAN_POINT('',(-109.7881598187,-29.90114327255,19.));
#249 = LINE('',#250,#251);
#250 = CARTESIAN_POINT('',(-110.467552497,-29.68693158391,19.));
#251 = VECTOR('',#252,1.);
#252 = DIRECTION('',(-0.953716950748,0.300705799504,0.));
#253 = ORIENTED_EDGE('',*,*,#254,.T.);
#254 = EDGE_CURVE('',#247,#255,#257,.T.);
#255 = VERTEX_POINT('',#256);
#256 = CARTESIAN_POINT('',(-110.6536345147,-29.60031755475,19.));
#257 = LINE('',#258,#259);
#258 = CARTESIAN_POINT('',(-110.220481554,-29.75087487424,19.));
#259 = VECTOR('',#260,1.);
#260 = DIRECTION('',(-0.944567537268,0.328317175214,0.));
#261 = ORIENTED_EDGE('',*,*,#262,.T.);
#262 = EDGE_CURVE('',#255,#263,#265,.T.);
#263 = VERTEX_POINT('',#264);
#264 = CARTESIAN_POINT('',(-108.2594935114,-23.02246920925,19.));
#265 = LINE('',#266,#267);
#266 = CARTESIAN_POINT('',(-117.8355618399,-49.332500709,19.));
#267 = VECTOR('',#268,1.);
#268 = DIRECTION('',(0.342020143326,0.939692620786,-0.));
#269 = ORIENTED_EDGE('',*,*,#270,.T.);
#270 = EDGE_CURVE('',#263,#271,#273,.T.);
#271 = VERTEX_POINT('',#272);
#272 = CARTESIAN_POINT('',(-107.5863465257,-23.25644476753,19.));
#273 = LINE('',#274,#275);
#274 = CARTESIAN_POINT('',(-107.5378489854,-23.273301768,19.));
#275 = VECTOR('',#276,1.);
#276 = DIRECTION('',(0.944567537268,-0.328317175214,0.));
#277 = ORIENTED_EDGE('',*,*,#278,.T.);
#278 = EDGE_CURVE('',#271,#279,#281,.T.);
#279 = VERTEX_POINT('',#280);
#280 = CARTESIAN_POINT('',(-106.9066792014,-23.47074305172,19.));
#281 = LINE('',#282,#283);
#282 = CARTESIAN_POINT('',(-107.9744532078,-23.13407520069,19.));
#283 = VECTOR('',#284,1.);
#284 = DIRECTION('',(0.953716950748,-0.300705799504,0.));
#285 = ORIENTED_EDGE('',*,*,#286,.T.);
#286 = EDGE_CURVE('',#279,#287,#289,.T.);
#287 = VERTEX_POINT('',#288);
#288 = CARTESIAN_POINT('',(-106.221066605,-23.66518274408,19.));
#289 = LINE('',#290,#291);
#290 = CARTESIAN_POINT('',(-108.4239242695,-23.04045243889,19.));
#291 = VECTOR('',#292,1.);
#292 = DIRECTION('',(0.962059424474,-0.272839996667,0.));
#293 = ORIENTED_EDGE('',*,*,#294,.T.);
#294 = EDGE_CURVE('',#287,#295,#297,.T.);
#295 = VERTEX_POINT('',#296);
#296 = CARTESIAN_POINT('',(-105.5300888331,-23.8395993292,19.));
#297 = LINE('',#298,#299);
#298 = CARTESIAN_POINT('',(-108.8830052751,-22.99325627758,19.));
#299 = VECTOR('',#300,1.);
#300 = DIRECTION('',(0.969587899878,-0.244743343954,0.));
#301 = ORIENTED_EDGE('',*,*,#302,.T.);
#302 = EDGE_CURVE('',#295,#303,#305,.T.);
#303 = VERTEX_POINT('',#304);
#304 = CARTESIAN_POINT('',(-104.8343305221,-23.99384523325,19.));
#305 = LINE('',#306,#307);
#306 = CARTESIAN_POINT('',(-109.3483928294,-22.99310171288,19.));
#307 = VECTOR('',#308,1.);
#308 = DIRECTION('',(0.97629600712,-0.216439613938,0.));
#309 = ORIENTED_EDGE('',*,*,#310,.T.);
#310 = EDGE_CURVE('',#303,#311,#313,.T.);
#311 = VERTEX_POINT('',#312);
#312 = CARTESIAN_POINT('',(-104.1343803528,-24.12778994879,19.));
#313 = LINE('',#314,#315);
#314 = CARTESIAN_POINT('',(-109.8167496963,-23.04039347586,19.));
#315 = VECTOR('',#316,1.);
#316 = DIRECTION('',(0.982178070471,-0.1879527544,0.));
#317 = ORIENTED_EDGE('',*,*,#318,.T.);
#318 = EDGE_CURVE('',#311,#319,#321,.T.);
#319 = VERTEX_POINT('',#320);
#320 = CARTESIAN_POINT('',(-103.430830553,-24.24132014523,19.));
#321 = LINE('',#322,#323);
#322 = CARTESIAN_POINT('',(-110.2847175815,-23.13532432107,19.));
#323 = VECTOR('',#324,1.);
#324 = DIRECTION('',(0.987229113117,-0.159306868068,0.));
#325 = ORIENTED_EDGE('',*,*,#326,.T.);
#326 = EDGE_CURVE('',#319,#327,#329,.T.);
#327 = VERTEX_POINT('',#328);
#328 = CARTESIAN_POINT('',(-102.724276396,-24.33433976467,19.));
#329 = LINE('',#330,#331);
#330 = CARTESIAN_POINT('',(-110.7489299969,-23.27787407584,19.));
#331 = VECTOR('',#332,1.);
#332 = DIRECTION('',(0.991444861374,-0.13052619222,0.));
#333 = ORIENTED_EDGE('',*,*,#334,.T.);
#334 = EDGE_CURVE('',#327,#335,#337,.T.);
#335 = VERTEX_POINT('',#336);
#336 = CARTESIAN_POINT('',(-102.0153156973,-24.40677010324,19.));
#337 = LINE('',#338,#339);
#338 = CARTESIAN_POINT('',(-111.2060251605,-23.46780945381,19.));
#339 = VECTOR('',#340,1.);
#340 = DIRECTION('',(0.994821748296,-0.101635078183,0.));
#341 = ORIENTED_EDGE('',*,*,#342,.T.);
#342 = EDGE_CURVE('',#335,#343,#345,.T.);
#343 = VERTEX_POINT('',#344);
#344 = CARTESIAN_POINT('',(-101.3045483083,-24.45854987764,19.));
#345 = LINE('',#346,#347);
#346 = CARTESIAN_POINT('',(-111.6526588865,-23.70468463358,19.));
#347 = VECTOR('',#348,1.);
#348 = DIRECTION('',(0.997356916701,-7.265797072261E-02,0.));
#349 = ORIENTED_EDGE('',*,*,#350,.T.);
#350 = EDGE_CURVE('',#343,#351,#353,.T.);
#351 = VERTEX_POINT('',#352);
#352 = CARTESIAN_POINT('',(-100.5925756092,-24.48963527701,19.));
#353 = LINE('',#354,#355);
#354 = CARTESIAN_POINT('',(-112.0855174222,-23.98784260066,19.));
#355 = VECTOR('',#356,1.);
#356 = DIRECTION('',(0.999048221582,-4.361938736534E-02,0.));
#357 = ORIENTED_EDGE('',*,*,#358,.T.);
#358 = EDGE_CURVE('',#351,#359,#361,.T.);
#359 = VERTEX_POINT('',#360);
#360 = CARTESIAN_POINT('',(-99.88,-24.5,19.));
#361 = LINE('',#362,#363);
#362 = CARTESIAN_POINT('',(-112.5013301857,-24.31641724835,19.));
#363 = VECTOR('',#364,1.);
#364 = DIRECTION('',(0.999894231927,-1.454389765158E-02,0.));
#365 = ORIENTED_EDGE('',*,*,#366,.T.);
#366 = EDGE_CURVE('',#359,#367,#369,.T.);
#367 = VERTEX_POINT('',#368);
#368 = CARTESIAN_POINT('',(-99.16742439079,-24.48963527701,19.));
#369 = LINE('',#370,#371);
#370 = CARTESIAN_POINT('',(-112.8968823606,-24.68933623052,19.));
#371 = VECTOR('',#372,1.);
#372 = DIRECTION('',(0.999894231927,1.454389765158E-02,-0.));
#373 = ORIENTED_EDGE('',*,*,#374,.T.);
#374 = EDGE_CURVE('',#367,#375,#377,.T.);
#375 = VERTEX_POINT('',#376);
#376 = CARTESIAN_POINT('',(-98.45545169169,-24.45854987764,19.));
#377 = LINE('',#378,#379);
#378 = CARTESIAN_POINT('',(-113.2690273034,-25.1053245567,19.));
#379 = VECTOR('',#380,1.);
#380 = DIRECTION('',(0.999048221582,4.361938736534E-02,-0.));
#381 = ORIENTED_EDGE('',*,*,#382,.T.);
#382 = EDGE_CURVE('',#375,#383,#385,.T.);
#383 = VERTEX_POINT('',#384);
#384 = CARTESIAN_POINT('',(-97.74468430268,-24.40677010324,19.));
#385 = LINE('',#386,#387);
#386 = CARTESIAN_POINT('',(-113.6146987205,-25.56290891737,19.));
#387 = VECTOR('',#388,1.);
#388 = DIRECTION('',(0.997356916701,7.265797072261E-02,-0.));
#389 = ORIENTED_EDGE('',*,*,#390,.T.);
#390 = EDGE_CURVE('',#383,#391,#393,.T.);
#391 = VERTEX_POINT('',#392);
#392 = CARTESIAN_POINT('',(-97.03572360393,-24.33433976467,19.));
#393 = LINE('',#394,#395);
#394 = CARTESIAN_POINT('',(-113.930922573,-26.06042272484,19.));
#395 = VECTOR('',#396,1.);
#396 = DIRECTION('',(0.994821748296,0.101635078183,-0.));
#397 = ORIENTED_EDGE('',*,*,#398,.T.);
#398 = EDGE_CURVE('',#391,#399,#401,.T.);
#399 = VERTEX_POINT('',#400);
#400 = CARTESIAN_POINT('',(-96.32916944697,-24.24132014523,19.));
#401 = LINE('',#402,#403);
#402 = CARTESIAN_POINT('',(-114.2148286662,-26.59601185245,19.));
#403 = VECTOR('',#404,1.);
#404 = DIRECTION('',(0.991444861374,0.13052619222,-0.));
#405 = ORIENTED_EDGE('',*,*,#406,.T.);
#406 = EDGE_CURVE('',#399,#407,#409,.T.);
#407 = VERTEX_POINT('',#408);
#408 = CARTESIAN_POINT('',(-95.62561964716,-24.12778994879,19.));
#409 = LINE('',#410,#411);
#410 = CARTESIAN_POINT('',(-114.463661885,-27.16764105282,19.));
#411 = VECTOR('',#412,1.);
#412 = DIRECTION('',(0.987229113117,0.159306868068,-0.));
#413 = ORIENTED_EDGE('',*,*,#414,.T.);
#414 = EDGE_CURVE('',#407,#415,#417,.T.);
#415 = VERTEX_POINT('',#416);
#416 = CARTESIAN_POINT('',(-94.92566947786,-23.99384523325,19.));
#417 = LINE('',#418,#419);
#418 = CARTESIAN_POINT('',(-114.6747930339,-27.77310103315,19.));
#419 = VECTOR('',#420,1.);
#420 = DIRECTION('',(0.982178070471,0.1879527544,-0.));
#421 = ORIENTED_EDGE('',*,*,#422,.T.);
#422 = EDGE_CURVE('',#415,#423,#425,.T.);
#423 = VERTEX_POINT('',#424);
#424 = CARTESIAN_POINT('',(-94.22991116681,-23.8395993292,19.));
#425 = LINE('',#426,#427);
#426 = CARTESIAN_POINT('',(-114.8457292464,-28.41001616348,19.));
#427 = VECTOR('',#428,1.);
#428 = DIRECTION('',(0.97629600712,0.216439613938,-0.));
#429 = ORIENTED_EDGE('',*,*,#430,.T.);
#430 = EDGE_CURVE('',#423,#431,#433,.T.);
#431 = VERTEX_POINT('',#432);
#432 = CARTESIAN_POINT('',(-93.53893339498,-23.66518274408,19.));
#433 = LINE('',#434,#435);
#434 = CARTESIAN_POINT('',(-114.9741239243,-29.07585279174,19.));
#435 = VECTOR('',#436,1.);
#436 = DIRECTION('',(0.969587899878,0.244743343954,-0.));
#437 = ORIENTED_EDGE('',*,*,#438,.T.);
#438 = EDGE_CURVE('',#431,#439,#441,.T.);
#439 = VERTEX_POINT('',#440);
#440 = CARTESIAN_POINT('',(-92.85332079857,-23.47074305172,19.));
#441 = LINE('',#442,#443);
#442 = CARTESIAN_POINT('',(-115.0577861738,-29.76792813706,19.));
#443 = VECTOR('',#444,1.);
#444 = DIRECTION('',(0.962059424474,0.272839996667,-0.));
#445 = ORIENTED_EDGE('',*,*,#446,.T.);
#446 = EDGE_CURVE('',#439,#447,#449,.T.);
#447 = VERTEX_POINT('',#448);
#448 = CARTESIAN_POINT('',(-92.17365347428,-23.25644476753,19.));
#449 = LINE('',#450,#451);
#450 = CARTESIAN_POINT('',(-115.0946897057,-30.48341973116,19.));
#451 = VECTOR('',#452,1.);
#452 = DIRECTION('',(0.953716950748,0.300705799504,-0.));
#453 = ORIENTED_EDGE('',*,*,#454,.T.);
#454 = EDGE_CURVE('',#447,#455,#457,.T.);
#455 = VERTEX_POINT('',#456);
#456 = CARTESIAN_POINT('',(-91.50050648852,-23.02246920925,19.));
#457 = LINE('',#458,#459);
#458 = CARTESIAN_POINT('',(-115.0829811656,-31.21937537535,19.));
#459 = VECTOR('',#460,1.);
#460 = DIRECTION('',(0.944567537268,0.328317175214,-0.));
#461 = ORIENTED_EDGE('',*,*,#462,.T.);
#462 = EDGE_CURVE('',#455,#463,#465,.T.);
#463 = VERTEX_POINT('',#464);
#464 = CARTESIAN_POINT('',(-89.10636548524,-29.60031755475,19.));
#465 = LINE('',#466,#467);
#466 = CARTESIAN_POINT('',(-83.76878989781,-44.26518595583,19.));
#467 = VECTOR('',#468,1.);
#468 = DIRECTION('',(0.342020143326,-0.939692620786,0.));
#469 = ORIENTED_EDGE('',*,*,#470,.T.);
#470 = EDGE_CURVE('',#463,#471,#473,.T.);
#471 = VERTEX_POINT('',#472);
#472 = CARTESIAN_POINT('',(-89.97184018122,-29.90114327255,19.));
#473 = LINE('',#474,#475);
#474 = CARTESIAN_POINT('',(-113.1696594378,-37.96434911962,19.));
#475 = VECTOR('',#476,1.);
#476 = DIRECTION('',(-0.944567537268,-0.328317175214,0.));
#477 = ORIENTED_EDGE('',*,*,#478,.T.);
#478 = EDGE_CURVE('',#471,#479,#481,.T.);
#479 = VERTEX_POINT('',#480);
#480 = CARTESIAN_POINT('',(-90.8456981696,-30.17666963793,19.));
#481 = LINE('',#482,#483);
#482 = CARTESIAN_POINT('',(-113.3783530728,-37.28118843916,19.));
#483 = VECTOR('',#484,1.);
#484 = DIRECTION('',(-0.953716950748,-0.300705799504,0.));
#485 = ORIENTED_EDGE('',*,*,#486,.T.);
#486 = EDGE_CURVE('',#479,#487,#489,.T.);
#487 = VERTEX_POINT('',#488);
#488 = CARTESIAN_POINT('',(-91.72720007927,-30.4266635281,19.));
#489 = LINE('',#490,#491);
#490 = CARTESIAN_POINT('',(-113.539886828,-36.61274021781,19.));
#491 = VECTOR('',#492,1.);
#492 = DIRECTION('',(-0.962059424474,-0.272839996667,0.));
#493 = ORIENTED_EDGE('',*,*,#494,.T.);
#494 = EDGE_CURVE('',#487,#495,#497,.T.);
#495 = VERTEX_POINT('',#496);
#496 = CARTESIAN_POINT('',(-92.61560007161,-30.65091342326,19.));
#497 = LINE('',#498,#499);
#498 = CARTESIAN_POINT('',(-113.6559461598,-35.96191685085,19.));
#499 = VECTOR('',#500,1.);
#500 = DIRECTION('',(-0.969587899878,-0.244743343954,0.));
#501 = ORIENTED_EDGE('',*,*,#502,.T.);
#502 = EDGE_CURVE('',#495,#503,#505,.T.);
#503 = VERTEX_POINT('',#504);
#504 = CARTESIAN_POINT('',(-93.51014647154,-30.84922958561,19.));
#505 = LINE('',#506,#507);
#506 = CARTESIAN_POINT('',(-113.7283883734,-35.33150590329,19.));
#507 = VECTOR('',#508,1.);
#508 = DIRECTION('',(-0.97629600712,-0.216439613938,0.));
#509 = ORIENTED_EDGE('',*,*,#510,.T.);
#510 = EDGE_CURVE('',#503,#511,#513,.T.);
#511 = VERTEX_POINT('',#512);
#512 = CARTESIAN_POINT('',(-94.41008240349,-31.02144421988,19.));
#513 = LINE('',#514,#515);
#514 = CARTESIAN_POINT('',(-113.7592344342,-34.72416018232,19.));
#515 = VECTOR('',#516,1.);
#516 = DIRECTION('',(-0.982178070471,-0.1879527544,0.));
#517 = ORIENTED_EDGE('',*,*,#518,.T.);
#518 = EDGE_CURVE('',#511,#519,#521,.T.);
#519 = VERTEX_POINT('',#520);
#520 = CARTESIAN_POINT('',(-95.31464643182,-31.1674116153,19.));
#521 = LINE('',#522,#523);
#522 = CARTESIAN_POINT('',(-113.7506602126,-34.14238832136,19.));
#523 = VECTOR('',#524,1.);
#524 = DIRECTION('',(-0.987229113117,-0.159306868068,0.));
#525 = ORIENTED_EDGE('',*,*,#526,.T.);
#526 = EDGE_CURVE('',#519,#527,#529,.T.);
#527 = VERTEX_POINT('',#528);
#528 = CARTESIAN_POINT('',(-96.22307320505,-31.28700826887,19.));
#529 = LINE('',#530,#531);
#530 = CARTESIAN_POINT('',(-113.7049871918,-33.58854590783,19.));
#531 = VECTOR('',#532,1.);
#532 = DIRECTION('',(-0.991444861374,-0.13052619222,0.));
#533 = ORIENTED_EDGE('',*,*,#534,.T.);
#534 = EDGE_CURVE('',#527,#535,#537,.T.);
#535 = VERTEX_POINT('',#536);
#536 = CARTESIAN_POINT('',(-97.13459410344,-31.38013298989,19.));
#537 = LINE('',#538,#539);
#538 = CARTESIAN_POINT('',(-113.6246726732,-33.06482718516,19.));
#539 = VECTOR('',#540,1.);
#540 = DIRECTION('',(-0.994821748296,-0.101635078183,0.));
#541 = ORIENTED_EDGE('',*,*,#542,.T.);
#542 = EDGE_CURVE('',#535,#543,#545,.T.);
#543 = VERTEX_POINT('',#544);
#544 = CARTESIAN_POINT('',(-98.04843788932,-31.44670698554,19.));
#545 = LINE('',#546,#547);
#546 = CARTESIAN_POINT('',(-113.5122995134,-32.57325735716,19.));
#547 = VECTOR('',#548,1.);
#548 = DIRECTION('',(-0.997356916701,-7.265797072261E-02,0.));
#549 = ORIENTED_EDGE('',*,*,#550,.T.);
#550 = EDGE_CURVE('',#543,#551,#553,.T.);
#551 = VERTEX_POINT('',#552);
#552 = CARTESIAN_POINT('',(-98.96383135959,-31.48667392758,19.));
#553 = LINE('',#554,#555);
#554 = CARTESIAN_POINT('',(-113.3705654289,-32.11568552129,19.));
#555 = VECTOR('',#556,1.);
#556 = DIRECTION('',(-0.999048221582,-4.361938736534E-02,0.));
#557 = ORIENTED_EDGE('',*,*,#558,.T.);
#558 = EDGE_CURVE('',#551,#559,#561,.T.);
#559 = VERTEX_POINT('',#560);
#560 = CARTESIAN_POINT('',(-99.88,-31.5,19.));
#561 = LINE('',#562,#563);
#562 = CARTESIAN_POINT('',(-113.2022719074,-31.69377825466,19.));
#563 = VECTOR('',#564,1.);
#564 = DIRECTION('',(-0.999894231927,-1.454389765158E-02,0.));
#565 = ORIENTED_EDGE('',*,*,#566,.T.);
#566 = EDGE_CURVE('',#559,#567,#569,.T.);
#567 = VERTEX_POINT('',#568);
#568 = CARTESIAN_POINT('',(-100.7961686404,-31.48667392758,19.));
#569 = LINE('',#570,#571);
#570 = CARTESIAN_POINT('',(-113.0103127637,-31.30901387479,19.));
#571 = VECTOR('',#572,1.);
#572 = DIRECTION('',(-0.999894231927,1.454389765158E-02,0.));
#573 = ORIENTED_EDGE('',*,*,#574,.T.);
#574 = EDGE_CURVE('',#567,#575,#577,.T.);
#575 = VERTEX_POINT('',#576);
#576 = CARTESIAN_POINT('',(-101.7115621106,-31.44670698554,19.));
#577 = LINE('',#578,#579);
#578 = CARTESIAN_POINT('',(-112.7976623813,-30.96267739454,19.));
#579 = VECTOR('',#580,1.);
#580 = DIRECTION('',(-0.999048221582,4.361938736534E-02,0.));
#581 = ORIENTED_EDGE('',*,*,#582,.T.);
#582 = EDGE_CURVE('',#575,#583,#585,.T.);
#583 = VERTEX_POINT('',#584);
#584 = CARTESIAN_POINT('',(-102.6254058965,-31.38013298989,19.));
#585 = LINE('',#586,#587);
#586 = CARTESIAN_POINT('',(-112.567363681,-30.65585618834,19.));
#587 = VECTOR('',#588,1.);
#588 = DIRECTION('',(-0.997356916701,7.265797072261E-02,0.));
#589 = ORIENTED_EDGE('',*,*,#590,.T.);
#590 = EDGE_CURVE('',#583,#591,#593,.T.);
#591 = VERTEX_POINT('',#592);
#592 = CARTESIAN_POINT('',(-103.5369267949,-31.28700826887,19.));
#593 = LINE('',#594,#595);
#594 = CARTESIAN_POINT('',(-112.3225158588,-30.38943638433,19.));
#595 = VECTOR('',#596,1.);
#596 = DIRECTION('',(-0.994821748296,0.101635078183,0.));
#597 = ORIENTED_EDGE('',*,*,#598,.T.);
#598 = EDGE_CURVE('',#591,#599,#601,.T.);
#599 = VERTEX_POINT('',#600);
#600 = CARTESIAN_POINT('',(-104.4453535681,-31.1674116153,19.));
#601 = LINE('',#602,#603);
#602 = CARTESIAN_POINT('',(-112.0662619365,-30.16409999471,19.));
#603 = VECTOR('',#604,1.);
#604 = DIRECTION('',(-0.991444861374,0.13052619222,0.));
#605 = ORIENTED_EDGE('',*,*,#606,.T.);
#606 = EDGE_CURVE('',#599,#607,#609,.T.);
#607 = VERTEX_POINT('',#608);
#608 = CARTESIAN_POINT('',(-105.3499175965,-31.02144421988,19.));
#609 = LINE('',#610,#611);
#610 = CARTESIAN_POINT('',(-111.8017761679,-29.98032279368,19.));
#611 = VECTOR('',#612,1.);
#612 = DIRECTION('',(-0.987229113117,0.159306868068,0.));
#613 = ORIENTED_EDGE('',*,*,#614,.T.);
#614 = EDGE_CURVE('',#607,#615,#617,.T.);
#615 = VERTEX_POINT('',#616);
#616 = CARTESIAN_POINT('',(-106.2498535284,-30.84922958561,19.));
#617 = LINE('',#618,#619);
#618 = CARTESIAN_POINT('',(-111.5322513466,-29.83837295012,19.));
#619 = VECTOR('',#620,1.);
#620 = DIRECTION('',(-0.982178070471,0.1879527544,0.));
#621 = ORIENTED_EDGE('',*,*,#622,.T.);
#622 = EDGE_CURVE('',#615,#623,#625,.T.);
#623 = VERTEX_POINT('',#624);
#624 = CARTESIAN_POINT('',(-107.1443999283,-30.65091342326,19.));
#625 = LINE('',#626,#627);
#626 = CARTESIAN_POINT('',(-111.2608860579,-29.73831041948,19.));
#627 = VECTOR('',#628,1.);
#628 = DIRECTION('',(-0.97629600712,0.216439613938,0.));
#629 = ORIENTED_EDGE('',*,*,#630,.T.);
#630 = EDGE_CURVE('',#623,#631,#633,.T.);
#631 = VERTEX_POINT('',#632);
#632 = CARTESIAN_POINT('',(-108.0327999207,-30.4266635281,19.));
#633 = LINE('',#634,#635);
#634 = CARTESIAN_POINT('',(-110.9908719216,-29.67998709655,19.));
#635 = VECTOR('',#636,1.);
#636 = DIRECTION('',(-0.969587899878,0.244743343954,0.));
#637 = ORIENTED_EDGE('',*,*,#638,.T.);
#638 = EDGE_CURVE('',#631,#245,#639,.T.);
#639 = LINE('',#640,#641);
#640 = CARTESIAN_POINT('',(-110.7253808684,-29.66304772838,19.));
#641 = VECTOR('',#642,1.);
#642 = DIRECTION('',(-0.962059424474,0.272839996667,0.));
#643 = FACE_BOUND('',#644,.T.);
#644 = EDGE_LOOP('',(#645));
#645 = ORIENTED_EDGE('',*,*,#646,.F.);
#646 = EDGE_CURVE('',#647,#647,#649,.T.);
#647 = VERTEX_POINT('',#648);
#648 = CARTESIAN_POINT('',(-96.68,-7.837739514543E-16,19.));
#649 = CIRCLE('',#650,3.2);
#650 = AXIS2_PLACEMENT_3D('',#651,#652,#653);
#651 = CARTESIAN_POINT('',(-99.88,0.,19.));
#652 = DIRECTION('',(0.,0.,1.));
#653 = DIRECTION('',(1.,0.,-0.));
#654 = FACE_BOUND('',#655,.T.);
#655 = EDGE_LOOP('',(#656,#666,#674,#682,#690,#698,#706,#714,#722,#730,
    #738,#746,#754,#762,#770,#778,#786,#794,#802,#810,#818,#826,#834,
    #842,#850,#858,#866,#874,#882,#890,#898,#906,#914,#922,#930,#938,
    #946,#954,#962,#970,#978,#986,#994,#1002,#1010,#1018,#1026,#1034,
    #1042,#1050));
#656 = ORIENTED_EDGE('',*,*,#657,.T.);
#657 = EDGE_CURVE('',#658,#660,#662,.T.);
#658 = VERTEX_POINT('',#659);
#659 = CARTESIAN_POINT('',(-90.8456981696,30.176669637938,19.));
#660 = VERTEX_POINT('',#661);
#661 = CARTESIAN_POINT('',(-89.97184018122,29.901143272551,19.));
#662 = LINE('',#663,#664);
#663 = CARTESIAN_POINT('',(-91.0881618537,30.253118143884,19.));
#664 = VECTOR('',#665,1.);
#665 = DIRECTION('',(0.953716950748,-0.300705799504,0.));
#666 = ORIENTED_EDGE('',*,*,#667,.T.);
#667 = EDGE_CURVE('',#660,#668,#670,.T.);
#668 = VERTEX_POINT('',#669);
#669 = CARTESIAN_POINT('',(-89.10636548524,29.600317554756,19.));
#670 = LINE('',#671,#672);
#671 = CARTESIAN_POINT('',(-89.10594987255,29.600173094166,19.));
#672 = VECTOR('',#673,1.);
#673 = DIRECTION('',(0.944567537268,-0.328317175214,0.));
#674 = ORIENTED_EDGE('',*,*,#675,.T.);
#675 = EDGE_CURVE('',#668,#676,#678,.T.);
#676 = VERTEX_POINT('',#677);
#677 = CARTESIAN_POINT('',(-91.50050648852,23.022469209255,19.));
#678 = LINE('',#679,#680);
#679 = CARTESIAN_POINT('',(-109.4560683285,-26.31003149975,19.));
#680 = VECTOR('',#681,1.);
#681 = DIRECTION('',(-0.342020143326,-0.939692620786,0.));
#682 = ORIENTED_EDGE('',*,*,#683,.T.);
#683 = EDGE_CURVE('',#676,#684,#686,.T.);
#684 = VERTEX_POINT('',#685);
#685 = CARTESIAN_POINT('',(-92.17365347428,23.256444767539,19.));
#686 = LINE('',#687,#688);
#687 = CARTESIAN_POINT('',(-91.78858244116,23.12259998793,19.));
#688 = VECTOR('',#689,1.);
#689 = DIRECTION('',(-0.944567537268,0.328317175214,0.));
#690 = ORIENTED_EDGE('',*,*,#691,.T.);
#691 = EDGE_CURVE('',#684,#692,#694,.T.);
#692 = VERTEX_POINT('',#693);
#693 = CARTESIAN_POINT('',(-92.85332079857,23.470743051729,19.));
#694 = LINE('',#695,#696);
#695 = CARTESIAN_POINT('',(-93.58126114289,23.700261760669,19.));
#696 = VECTOR('',#697,1.);
#697 = DIRECTION('',(-0.953716950748,0.300705799504,0.));
#698 = ORIENTED_EDGE('',*,*,#699,.T.);
#699 = EDGE_CURVE('',#692,#700,#702,.T.);
#700 = VERTEX_POINT('',#701);
#701 = CARTESIAN_POINT('',(-93.53893339498,23.665182744082,19.));
#702 = LINE('',#703,#704);
#703 = CARTESIAN_POINT('',(-95.39898476135,24.192693203094,19.));
#704 = VECTOR('',#705,1.);
#705 = DIRECTION('',(-0.962059424474,0.272839996667,0.));
#706 = ORIENTED_EDGE('',*,*,#707,.T.);
#707 = EDGE_CURVE('',#700,#708,#710,.T.);
#708 = VERTEX_POINT('',#709);
#709 = CARTESIAN_POINT('',(-94.22991116681,23.839599329206,19.));
#710 = LINE('',#711,#712);
#711 = CARTESIAN_POINT('',(-97.23733872283,24.598734088266,19.));
#712 = VECTOR('',#713,1.);
#713 = DIRECTION('',(-0.969587899878,0.244743343954,0.));
#714 = ORIENTED_EDGE('',*,*,#715,.T.);
#715 = EDGE_CURVE('',#708,#716,#718,.T.);
#716 = VERTEX_POINT('',#717);
#717 = CARTESIAN_POINT('',(-94.92566947786,23.993845233256,19.));
#718 = LINE('',#719,#720);
#719 = CARTESIAN_POINT('',(-99.09185262967,24.917465801606,19.));
#720 = VECTOR('',#721,1.);
#721 = DIRECTION('',(-0.97629600712,0.216439613938,0.));
#722 = ORIENTED_EDGE('',*,*,#723,.T.);
#723 = EDGE_CURVE('',#716,#724,#726,.T.);
#724 = VERTEX_POINT('',#725);
#725 = CARTESIAN_POINT('',(-95.62561964716,24.127789948799,19.));
#726 = LINE('',#727,#728);
#727 = CARTESIAN_POINT('',(-100.958013906,25.148214063967,19.));
#728 = VECTOR('',#729,1.);
#729 = DIRECTION('',(-0.982178070471,0.1879527544,0.));
#730 = ORIENTED_EDGE('',*,*,#731,.T.);
#731 = EDGE_CURVE('',#724,#732,#734,.T.);
#732 = VERTEX_POINT('',#733);
#733 = CARTESIAN_POINT('',(-96.32916944697,24.241320145233,19.));
#734 = LINE('',#735,#736);
#735 = CARTESIAN_POINT('',(-102.8312815755,25.290550871176,19.));
#736 = VECTOR('',#737,1.);
#737 = DIRECTION('',(-0.987229113117,0.159306868068,0.));
#738 = ORIENTED_EDGE('',*,*,#739,.T.);
#739 = EDGE_CURVE('',#732,#740,#742,.T.);
#740 = VERTEX_POINT('',#741);
#741 = CARTESIAN_POINT('',(-97.03572360393,24.334339764678,19.));
#742 = LINE('',#743,#744);
#743 = CARTESIAN_POINT('',(-104.7071001263,25.34429564379,19.));
#744 = VECTOR('',#745,1.);
#745 = DIRECTION('',(-0.991444861374,0.13052619222,0.));
#746 = ORIENTED_EDGE('',*,*,#747,.T.);
#747 = EDGE_CURVE('',#740,#748,#750,.T.);
#748 = VERTEX_POINT('',#749);
#749 = CARTESIAN_POINT('',(-97.74468430268,24.406770103248,19.));
#750 = LINE('',#751,#752);
#751 = CARTESIAN_POINT('',(-106.5809134165,25.309515583397,19.));
#752 = VECTOR('',#753,1.);
#753 = DIRECTION('',(-0.994821748296,0.101635078183,0.));
#754 = ORIENTED_EDGE('',*,*,#755,.T.);
#755 = EDGE_CURVE('',#748,#756,#758,.T.);
#756 = VERTEX_POINT('',#757);
#757 = CARTESIAN_POINT('',(-98.45545169169,24.458549877646,19.));
#758 = LINE('',#759,#760);
#759 = CARTESIAN_POINT('',(-108.4481785754,25.186525234511,19.));
#760 = VECTOR('',#761,1.);
#761 = DIRECTION('',(-0.997356916701,7.265797072261E-02,0.));
#762 = ORIENTED_EDGE('',*,*,#763,.T.);
#763 = EDGE_CURVE('',#756,#764,#766,.T.);
#764 = VERTEX_POINT('',#765);
#765 = CARTESIAN_POINT('',(-99.16742439079,24.489635277014,19.));
#766 = LINE('',#767,#768);
#767 = CARTESIAN_POINT('',(-110.3043798542,24.975885253679,19.));
#768 = VECTOR('',#769,1.);
#769 = DIRECTION('',(-0.999048221582,4.361938736534E-02,0.));
#770 = ORIENTED_EDGE('',*,*,#771,.T.);
#771 = EDGE_CURVE('',#764,#772,#774,.T.);
#772 = VERTEX_POINT('',#773);
#773 = CARTESIAN_POINT('',(-99.88,24.5,19.));
#774 = LINE('',#775,#776);
#775 = CARTESIAN_POINT('',(-112.1450423811,24.67840039015,19.));
#776 = VECTOR('',#777,1.);
#777 = DIRECTION('',(-0.999894231927,1.454389765158E-02,0.));
#778 = ORIENTED_EDGE('',*,*,#779,.T.);
#779 = EDGE_CURVE('',#772,#780,#782,.T.);
#780 = VERTEX_POINT('',#781);
#781 = CARTESIAN_POINT('',(-100.5925756092,24.489635277014,19.));
#782 = LINE('',#783,#784);
#783 = CARTESIAN_POINT('',(-113.9657457744,24.295116684996,19.));
#784 = VECTOR('',#785,1.);
#785 = DIRECTION('',(-0.999894231927,-1.454389765158E-02,0.));
#786 = ORIENTED_EDGE('',*,*,#787,.T.);
#787 = EDGE_CURVE('',#780,#788,#790,.T.);
#788 = VERTEX_POINT('',#789);
#789 = CARTESIAN_POINT('',(-101.3045483083,24.458549877646,19.));
#790 = LINE('',#791,#792);
#791 = CARTESIAN_POINT('',(-115.7621375704,23.827317898276,19.));
#792 = VECTOR('',#793,1.);
#793 = DIRECTION('',(-0.999048221582,-4.361938736534E-02,0.));
#794 = ORIENTED_EDGE('',*,*,#795,.T.);
#795 = EDGE_CURVE('',#788,#796,#798,.T.);
#796 = VERTEX_POINT('',#797);
#797 = CARTESIAN_POINT('',(-102.0153156973,24.406770103248,19.));
#798 = LINE('',#799,#800);
#799 = CARTESIAN_POINT('',(-117.5299464206,23.276521176317,19.));
#800 = VECTOR('',#801,1.);
#801 = DIRECTION('',(-0.997356916701,-7.265797072261E-02,0.));
#802 = ORIENTED_EDGE('',*,*,#803,.T.);
#803 = EDGE_CURVE('',#796,#804,#806,.T.);
#804 = VERTEX_POINT('',#805);
#805 = CARTESIAN_POINT('',(-102.724276396,24.334339764678,19.));
#806 = LINE('',#807,#808);
#807 = CARTESIAN_POINT('',(-119.2649950157,22.644471973796,19.));
#808 = VECTOR('',#809,1.);
#809 = DIRECTION('',(-0.994821748296,-0.101635078183,0.));
#810 = ORIENTED_EDGE('',*,*,#811,.T.);
#811 = EDGE_CURVE('',#804,#812,#814,.T.);
#812 = VERTEX_POINT('',#813);
#813 = CARTESIAN_POINT('',(-103.430830553,24.241320145233,19.));
#814 = LINE('',#815,#816);
#815 = CARTESIAN_POINT('',(-120.9632126938,21.933138247735,19.));
#816 = VECTOR('',#817,1.);
#817 = DIRECTION('',(-0.991444861374,-0.13052619222,0.));
#818 = ORIENTED_EDGE('',*,*,#819,.T.);
#819 = EDGE_CURVE('',#812,#820,#822,.T.);
#820 = VERTEX_POINT('',#821);
#821 = CARTESIAN_POINT('',(-104.1343803528,24.127789948799,19.));
#822 = LINE('',#823,#824);
#823 = CARTESIAN_POINT('',(-122.6206476908,21.144703942988,19.));
#824 = VECTOR('',#825,1.);
#825 = DIRECTION('',(-0.987229113117,-0.159306868068,0.));
#826 = ORIENTED_EDGE('',*,*,#827,.T.);
#827 = EDGE_CURVE('',#820,#828,#830,.T.);
#828 = VERTEX_POINT('',#829);
#829 = CARTESIAN_POINT('',(-104.8343305221,23.993845233256,19.));
#830 = LINE('',#831,#832);
#831 = CARTESIAN_POINT('',(-124.2334789935,20.28156179113,19.));
#832 = VECTOR('',#833,1.);
#833 = DIRECTION('',(-0.982178070471,-0.1879527544,0.));
#834 = ORIENTED_EDGE('',*,*,#835,.T.);
#835 = EDGE_CURVE('',#828,#836,#838,.T.);
#836 = VERTEX_POINT('',#837);
#837 = CARTESIAN_POINT('',(-105.5300888331,23.839599329206,19.));
#838 = LINE('',#839,#840);
#839 = CARTESIAN_POINT('',(-125.7980277573,19.346305446952,19.));
#840 = VECTOR('',#841,1.);
#841 = DIRECTION('',(-0.97629600712,-0.216439613938,0.));
#842 = ORIENTED_EDGE('',*,*,#843,.T.);
#843 = EDGE_CURVE('',#836,#844,#846,.T.);
#844 = VERTEX_POINT('',#845);
#845 = CARTESIAN_POINT('',(-106.221066605,23.665182744082,19.));
#846 = LINE('',#847,#848);
#847 = CARTESIAN_POINT('',(-127.3107682484,18.341720988985,19.));
#848 = VECTOR('',#849,1.);
#849 = DIRECTION('',(-0.969587899878,-0.244743343954,0.));
#850 = ORIENTED_EDGE('',*,*,#851,.T.);
#851 = EDGE_CURVE('',#844,#852,#854,.T.);
#852 = VERTEX_POINT('',#853);
#853 = CARTESIAN_POINT('',(-106.9066792014,23.470743051729,19.));
#854 = LINE('',#855,#856);
#855 = CARTESIAN_POINT('',(-128.7683382785,17.270777812568,19.));
#856 = VECTOR('',#857,1.);
#857 = DIRECTION('',(-0.962059424474,-0.272839996667,0.));
#858 = ORIENTED_EDGE('',*,*,#859,.T.);
#859 = EDGE_CURVE('',#852,#860,#862,.T.);
#860 = VERTEX_POINT('',#861);
#861 = CARTESIAN_POINT('',(-107.5863465257,23.256444767539,19.));
#862 = LINE('',#863,#864);
#863 = CARTESIAN_POINT('',(-130.167549095,16.13661894601,19.));
#864 = VECTOR('',#865,1.);
#865 = DIRECTION('',(-0.953716950748,-0.300705799504,0.));
#866 = ORIENTED_EDGE('',*,*,#867,.T.);
#867 = EDGE_CURVE('',#860,#868,#870,.T.);
#868 = VERTEX_POINT('',#869);
#869 = CARTESIAN_POINT('',(-108.2594935114,23.022469209255,19.));
#870 = LINE('',#871,#872);
#871 = CARTESIAN_POINT('',(-131.5053946956,14.9425508223,19.));
#872 = VECTOR('',#873,1.);
#873 = DIRECTION('',(-0.944567537268,-0.328317175214,0.));
#874 = ORIENTED_EDGE('',*,*,#875,.T.);
#875 = EDGE_CURVE('',#868,#876,#878,.T.);
#876 = VERTEX_POINT('',#877);
#877 = CARTESIAN_POINT('',(-110.6536345147,29.600317554756,19.));
#878 = LINE('',#879,#880);
#879 = CARTESIAN_POINT('',(-94.54242441257,-14.66486840107,19.));
#880 = VECTOR('',#881,1.);
#881 = DIRECTION('',(-0.342020143326,0.939692620786,0.));
#882 = ORIENTED_EDGE('',*,*,#883,.T.);
#883 = EDGE_CURVE('',#876,#884,#886,.T.);
#884 = VERTEX_POINT('',#885);
#885 = CARTESIAN_POINT('',(-109.7881598187,29.901143272551,19.));
#886 = LINE('',#887,#888);
#887 = CARTESIAN_POINT('',(-133.4187164234,21.687524566576,19.));
#888 = VECTOR('',#889,1.);
#889 = DIRECTION('',(0.944567537268,0.328317175214,-0.));
#890 = ORIENTED_EDGE('',*,*,#891,.T.);
#891 = EDGE_CURVE('',#884,#892,#894,.T.);
#892 = VERTEX_POINT('',#893);
#893 = CARTESIAN_POINT('',(-108.9143018303,30.176669637938,19.));
#894 = LINE('',#895,#896);
#895 = CARTESIAN_POINT('',(-131.8838857278,22.934387654014,19.));
#896 = VECTOR('',#897,1.);
#897 = DIRECTION('',(0.953716950748,0.300705799504,-0.));
#898 = ORIENTED_EDGE('',*,*,#899,.T.);
#899 = EDGE_CURVE('',#892,#900,#902,.T.);
#900 = VERTEX_POINT('',#901);
#901 = CARTESIAN_POINT('',(-108.0327999207,30.426663528106,19.));
#902 = LINE('',#903,#904);
#903 = CARTESIAN_POINT('',(-130.2862376243,24.115589893314,19.));
#904 = VECTOR('',#905,1.);
#905 = DIRECTION('',(0.962059424474,0.272839996667,-0.));
#906 = ORIENTED_EDGE('',*,*,#907,.T.);
#907 = EDGE_CURVE('',#900,#908,#910,.T.);
#908 = VERTEX_POINT('',#909);
#909 = CARTESIAN_POINT('',(-107.1443999283,30.650913423264,19.));
#910 = LINE('',#911,#912);
#911 = CARTESIAN_POINT('',(-128.6289460128,25.227785048096,19.));
#912 = VECTOR('',#913,1.);
#913 = DIRECTION('',(0.969587899878,0.244743343954,-0.));
#914 = ORIENTED_EDGE('',*,*,#915,.T.);
#915 = EDGE_CURVE('',#908,#916,#918,.T.);
#916 = VERTEX_POINT('',#917);
#917 = CARTESIAN_POINT('',(-106.2498535284,30.849229585615,19.));
#918 = LINE('',#919,#920);
#919 = CARTESIAN_POINT('',(-126.9153686303,26.267795186761,19.));
#920 = VECTOR('',#921,1.);
#921 = DIRECTION('',(0.97629600712,0.216439613938,-0.));
#922 = ORIENTED_EDGE('',*,*,#923,.T.);
#923 = EDGE_CURVE('',#916,#924,#926,.T.);
#924 = VERTEX_POINT('',#925);
#925 = CARTESIAN_POINT('',(-105.3499175965,31.021444219885,19.));
#926 = LINE('',#927,#928);
#927 = CARTESIAN_POINT('',(-125.1490375932,27.232620940306,19.));
#928 = VECTOR('',#929,1.);
#929 = DIRECTION('',(0.982178070471,0.1879527544,-0.));
#930 = ORIENTED_EDGE('',*,*,#931,.T.);
#931 = EDGE_CURVE('',#924,#932,#934,.T.);
#932 = VERTEX_POINT('',#933);
#933 = CARTESIAN_POINT('',(-104.4453535681,31.1674116153,19.));
#934 = LINE('',#935,#936);
#935 = CARTESIAN_POINT('',(-123.3336493631,28.119451211527,19.));
#936 = VECTOR('',#937,1.);
#937 = DIRECTION('',(0.987229113117,0.159306868068,-0.));
#938 = ORIENTED_EDGE('',*,*,#939,.T.);
#939 = EDGE_CURVE('',#932,#940,#942,.T.);
#940 = VERTEX_POINT('',#941);
#941 = CARTESIAN_POINT('',(-103.5369267949,31.287008268871,19.));
#942 = LINE('',#943,#944);
#943 = CARTESIAN_POINT('',(-121.4730541683,28.925672303119,19.));
#944 = VECTOR('',#945,1.);
#945 = DIRECTION('',(0.991444861374,0.13052619222,-0.));
#946 = ORIENTED_EDGE('',*,*,#947,.T.);
#947 = EDGE_CURVE('',#940,#948,#950,.T.);
#948 = VERTEX_POINT('',#949);
#949 = CARTESIAN_POINT('',(-102.6254058965,31.38013298989,19.));
#950 = LINE('',#951,#952);
#951 = CARTESIAN_POINT('',(-119.5712449155,29.648876434111,19.));
#952 = VECTOR('',#953,1.);
#953 = DIRECTION('',(0.994821748296,0.101635078183,-0.));
#954 = ORIENTED_EDGE('',*,*,#955,.T.);
#955 = EDGE_CURVE('',#948,#956,#958,.T.);
#956 = VERTEX_POINT('',#957);
#957 = CARTESIAN_POINT('',(-101.7115621106,31.446706985545,19.));
#958 = LINE('',#959,#960);
#959 = CARTESIAN_POINT('',(-117.6323456277,30.286869616101,19.));
#960 = VECTOR('',#961,1.);
#961 = DIRECTION('',(0.997356916701,7.265797072261E-02,-0.));
#962 = ORIENTED_EDGE('',*,*,#963,.T.);
#963 = EDGE_CURVE('',#956,#964,#966,.T.);
#964 = VERTEX_POINT('',#965);
#965 = CARTESIAN_POINT('',(-100.7961686404,31.486673927589,19.));
#966 = LINE('',#967,#968);
#967 = CARTESIAN_POINT('',(-115.6605994449,30.837678862866,19.));
#968 = VECTOR('',#969,1.);
#969 = DIRECTION('',(0.999048221582,4.361938736534E-02,-0.));
#970 = ORIENTED_EDGE('',*,*,#971,.T.);
#971 = EDGE_CURVE('',#964,#972,#974,.T.);
#972 = VERTEX_POINT('',#973);
#973 = CARTESIAN_POINT('',(-99.88,31.5,19.));
#974 = LINE('',#975,#976);
#975 = CARTESIAN_POINT('',(-113.6603562276,31.299558709133,19.));
#976 = VECTOR('',#977,1.);
#977 = DIRECTION('',(0.999894231927,1.454389765158E-02,-0.));
#978 = ORIENTED_EDGE('',*,*,#979,.T.);
#979 = EDGE_CURVE('',#972,#980,#982,.T.);
#980 = VERTEX_POINT('',#981);
#981 = CARTESIAN_POINT('',(-98.96383135959,31.486673927589,19.));
#982 = LINE('',#983,#984);
#983 = CARTESIAN_POINT('',(-111.6360598031,31.670997016588,19.));
#984 = VECTOR('',#985,1.);
#985 = DIRECTION('',(0.999894231927,-1.454389765158E-02,0.));
#986 = ORIENTED_EDGE('',*,*,#987,.T.);
#987 = EDGE_CURVE('',#980,#988,#990,.T.);
#988 = VERTEX_POINT('',#989);
#989 = CARTESIAN_POINT('',(-98.04843788932,31.446706985545,19.));
#990 = LINE('',#991,#992);
#991 = CARTESIAN_POINT('',(-109.5922348951,31.950720047564,19.));
#992 = VECTOR('',#993,1.);
#993 = DIRECTION('',(0.999048221582,-4.361938736534E-02,0.));
#994 = ORIENTED_EDGE('',*,*,#995,.T.);
#995 = EDGE_CURVE('',#988,#996,#998,.T.);
#996 = VERTEX_POINT('',#997);
#997 = CARTESIAN_POINT('',(-97.13459410344,31.38013298989,19.));
#998 = LINE('',#999,#1000);
#999 = CARTESIAN_POINT('',(-107.5334737808,32.137696789268,19.));
#1000 = VECTOR('',#1001,1.);
#1001 = DIRECTION('',(0.997356916701,-7.265797072261E-02,0.));
#1002 = ORIENTED_EDGE('',*,*,#1003,.T.);
#1003 = EDGE_CURVE('',#996,#1004,#1006,.T.);
#1004 = VERTEX_POINT('',#1005);
#1005 = CARTESIAN_POINT('',(-96.22307320505,31.287008268871,19.));
#1006 = LINE('',#1007,#1008);
#1007 = CARTESIAN_POINT('',(-105.4644227182,32.231142513918,19.));
#1008 = VECTOR('',#1009,1.);
#1009 = DIRECTION('',(0.994821748296,-0.101635078183,0.));
#1010 = ORIENTED_EDGE('',*,*,#1011,.T.);
#1011 = EDGE_CURVE('',#1004,#1012,#1014,.T.);
#1012 = VERTEX_POINT('',#1013);
#1013 = CARTESIAN_POINT('',(-95.31464643182,31.1674116153,19.));
#1014 = LINE('',#1015,#1016);
#1015 = CARTESIAN_POINT('',(-103.3897681868,32.230521562666,19.));
#1016 = VECTOR('',#1017,1.);
#1017 = DIRECTION('',(0.991444861374,-0.13052619222,0.));
#1018 = ORIENTED_EDGE('',*,*,#1019,.T.);
#1019 = EDGE_CURVE('',#1012,#1020,#1022,.T.);
#1020 = VERTEX_POINT('',#1021);
#1021 = CARTESIAN_POINT('',(-94.41008240349,31.021444219885,19.));
#1022 = LINE('',#1023,#1024);
#1023 = CARTESIAN_POINT('',(-101.3142229891,32.13554934379,19.));
#1024 = VECTOR('',#1025,1.);
#1025 = DIRECTION('',(0.987229113117,-0.159306868068,0.));
#1026 = ORIENTED_EDGE('',*,*,#1027,.T.);
#1027 = EDGE_CURVE('',#1020,#1028,#1030,.T.);
#1028 = VERTEX_POINT('',#1029);
#1029 = CARTESIAN_POINT('',(-93.51014647154,30.849229585615,19.));
#1030 = LINE('',#1031,#1032);
#1031 = CARTESIAN_POINT('',(-99.24251225569,31.946193538236,19.));
#1032 = VECTOR('',#1033,1.);
#1033 = DIRECTION('',(0.982178070471,-0.1879527544,0.));
#1034 = ORIENTED_EDGE('',*,*,#1035,.T.);
#1035 = EDGE_CURVE('',#1028,#1036,#1038,.T.);
#1036 = VERTEX_POINT('',#1037);
#1037 = CARTESIAN_POINT('',(-92.61560007161,30.650913423264,19.));
#1038 = LINE('',#1039,#1040);
#1039 = CARTESIAN_POINT('',(-97.17935940117,31.662674508215,19.));
#1040 = VECTOR('',#1041,1.);
#1041 = DIRECTION('',(0.97629600712,-0.216439613938,0.));
#1042 = ORIENTED_EDGE('',*,*,#1043,.T.);
#1043 = EDGE_CURVE('',#1036,#1044,#1046,.T.);
#1044 = VERTEX_POINT('',#1045);
#1045 = CARTESIAN_POINT('',(-91.72720007927,30.426663528106,19.));
#1046 = LINE('',#1047,#1048);
#1047 = CARTESIAN_POINT('',(-95.12947207633,31.285464907236,19.));
#1048 = VECTOR('',#1049,1.);
#1049 = DIRECTION('',(0.969587899878,-0.244743343954,0.));
#1050 = ORIENTED_EDGE('',*,*,#1051,.T.);
#1051 = EDGE_CURVE('',#1044,#658,#1052,.T.);
#1052 = LINE('',#1053,#1054);
#1053 = CARTESIAN_POINT('',(-93.09752816248,30.815288492579,19.));
#1054 = VECTOR('',#1055,1.);
#1055 = DIRECTION('',(0.962059424474,-0.272839996667,0.));
#1056 = PLANE('',#1057);
#1057 = AXIS2_PLACEMENT_3D('',#1058,#1059,#1060);
#1058 = CARTESIAN_POINT('',(-125.88,-76.2,19.));
#1059 = DIRECTION('',(0.,0.,1.));
#1060 = DIRECTION('',(1.,0.,-0.));
#1061 = ADVANCED_FACE('',(#1062),#1068,.T.);
#1062 = FACE_BOUND('',#1063,.T.);
#1063 = EDGE_LOOP('',(#1064,#1065,#1066,#1067));
#1064 = ORIENTED_EDGE('',*,*,#78,.F.);
#1065 = ORIENTED_EDGE('',*,*,#235,.F.);
#1066 = ORIENTED_EDGE('',*,*,#142,.T.);
#1067 = ORIENTED_EDGE('',*,*,#110,.F.);
#1068 = PLANE('',#1069);
#1069 = AXIS2_PLACEMENT_3D('',#1070,#1071,#1072);
#1070 = CARTESIAN_POINT('',(-120.88,-9.,13.));
#1071 = DIRECTION('',(1.,0.,-0.));
#1072 = DIRECTION('',(0.,0.,1.));
#1073 = ADVANCED_FACE('',(#1074),#1092,.F.);
#1074 = FACE_BOUND('',#1075,.F.);
#1075 = EDGE_LOOP('',(#1076,#1077,#1078,#1086));
#1076 = ORIENTED_EDGE('',*,*,#228,.F.);
#1077 = ORIENTED_EDGE('',*,*,#158,.T.);
#1078 = ORIENTED_EDGE('',*,*,#1079,.T.);
#1079 = EDGE_CURVE('',#133,#1080,#1082,.T.);
#1080 = VERTEX_POINT('',#1081);
#1081 = CARTESIAN_POINT('',(-125.88,76.2,13.));
#1082 = LINE('',#1083,#1084);
#1083 = CARTESIAN_POINT('',(-125.88,-76.2,13.));
#1084 = VECTOR('',#1085,1.);
#1085 = DIRECTION('',(-0.,1.,0.));
#1086 = ORIENTED_EDGE('',*,*,#1087,.T.);
#1087 = EDGE_CURVE('',#1080,#221,#1088,.T.);
#1088 = LINE('',#1089,#1090);
#1089 = CARTESIAN_POINT('',(-125.88,76.2,13.));
#1090 = VECTOR('',#1091,1.);
#1091 = DIRECTION('',(0.,0.,1.));
#1092 = PLANE('',#1093);
#1093 = AXIS2_PLACEMENT_3D('',#1094,#1095,#1096);
#1094 = CARTESIAN_POINT('',(-125.88,-76.2,13.));
#1095 = DIRECTION('',(1.,0.,-0.));
#1096 = DIRECTION('',(0.,0.,1.));
#1097 = ADVANCED_FACE('',(#1098),#1116,.F.);
#1098 = FACE_BOUND('',#1099,.F.);
#1099 = EDGE_LOOP('',(#1100,#1108,#1109,#1110));
#1100 = ORIENTED_EDGE('',*,*,#1101,.F.);
#1101 = EDGE_CURVE('',#181,#1102,#1104,.T.);
#1102 = VERTEX_POINT('',#1103);
#1103 = CARTESIAN_POINT('',(-84.88,-76.2,13.));
#1104 = LINE('',#1105,#1106);
#1105 = CARTESIAN_POINT('',(-125.88,-76.2,13.));
#1106 = VECTOR('',#1107,1.);
#1107 = DIRECTION('',(1.,0.,-0.));
#1108 = ORIENTED_EDGE('',*,*,#180,.T.);
#1109 = ORIENTED_EDGE('',*,*,#204,.T.);
#1110 = ORIENTED_EDGE('',*,*,#1111,.F.);
#1111 = EDGE_CURVE('',#1102,#205,#1112,.T.);
#1112 = LINE('',#1113,#1114);
#1113 = CARTESIAN_POINT('',(-84.88,-76.2,13.));
#1114 = VECTOR('',#1115,1.);
#1115 = DIRECTION('',(0.,0.,1.));
#1116 = PLANE('',#1117);
#1117 = AXIS2_PLACEMENT_3D('',#1118,#1119,#1120);
#1118 = CARTESIAN_POINT('',(-125.88,-76.2,13.));
#1119 = DIRECTION('',(-0.,1.,0.));
#1120 = DIRECTION('',(0.,0.,1.));
#1121 = ADVANCED_FACE('',(#1122),#1140,.T.);
#1122 = FACE_BOUND('',#1123,.T.);
#1123 = EDGE_LOOP('',(#1124,#1132,#1133,#1134));
#1124 = ORIENTED_EDGE('',*,*,#1125,.F.);
#1125 = EDGE_CURVE('',#1080,#1126,#1128,.T.);
#1126 = VERTEX_POINT('',#1127);
#1127 = CARTESIAN_POINT('',(-84.88,76.2,13.));
#1128 = LINE('',#1129,#1130);
#1129 = CARTESIAN_POINT('',(-125.88,76.2,13.));
#1130 = VECTOR('',#1131,1.);
#1131 = DIRECTION('',(1.,0.,-0.));
#1132 = ORIENTED_EDGE('',*,*,#1087,.T.);
#1133 = ORIENTED_EDGE('',*,*,#220,.T.);
#1134 = ORIENTED_EDGE('',*,*,#1135,.F.);
#1135 = EDGE_CURVE('',#1126,#213,#1136,.T.);
#1136 = LINE('',#1137,#1138);
#1137 = CARTESIAN_POINT('',(-84.88,76.2,13.));
#1138 = VECTOR('',#1139,1.);
#1139 = DIRECTION('',(0.,0.,1.));
#1140 = PLANE('',#1141);
#1141 = AXIS2_PLACEMENT_3D('',#1142,#1143,#1144);
#1142 = CARTESIAN_POINT('',(-125.88,76.2,13.));
#1143 = DIRECTION('',(-0.,1.,0.));
#1144 = DIRECTION('',(0.,0.,1.));
#1145 = ADVANCED_FACE('',(#1146),#1157,.T.);
#1146 = FACE_BOUND('',#1147,.T.);
#1147 = EDGE_LOOP('',(#1148,#1149,#1155,#1156));
#1148 = ORIENTED_EDGE('',*,*,#1111,.F.);
#1149 = ORIENTED_EDGE('',*,*,#1150,.T.);
#1150 = EDGE_CURVE('',#1102,#1126,#1151,.T.);
#1151 = LINE('',#1152,#1153);
#1152 = CARTESIAN_POINT('',(-84.88,-76.2,13.));
#1153 = VECTOR('',#1154,1.);
#1154 = DIRECTION('',(-0.,1.,0.));
#1155 = ORIENTED_EDGE('',*,*,#1135,.T.);
#1156 = ORIENTED_EDGE('',*,*,#212,.F.);
#1157 = PLANE('',#1158);
#1158 = AXIS2_PLACEMENT_3D('',#1159,#1160,#1161);
#1159 = CARTESIAN_POINT('',(-84.88,-76.2,13.));
#1160 = DIRECTION('',(1.,0.,-0.));
#1161 = DIRECTION('',(0.,0.,1.));
#1162 = ADVANCED_FACE('',(#1163),#1188,.T.);
#1163 = FACE_BOUND('',#1164,.T.);
#1164 = EDGE_LOOP('',(#1165,#1175,#1181,#1182));
#1165 = ORIENTED_EDGE('',*,*,#1166,.T.);
#1166 = EDGE_CURVE('',#1167,#1169,#1171,.T.);
#1167 = VERTEX_POINT('',#1168);
#1168 = CARTESIAN_POINT('',(-108.9143018303,-30.17666963793,13.));
#1169 = VERTEX_POINT('',#1170);
#1170 = CARTESIAN_POINT('',(-109.7881598187,-29.90114327255,13.));
#1171 = LINE('',#1172,#1173);
#1172 = CARTESIAN_POINT('',(-110.467552497,-29.68693158391,13.));
#1173 = VECTOR('',#1174,1.);
#1174 = DIRECTION('',(-0.953716950748,0.300705799504,0.));
#1175 = ORIENTED_EDGE('',*,*,#1176,.T.);
#1176 = EDGE_CURVE('',#1169,#247,#1177,.T.);
#1177 = LINE('',#1178,#1179);
#1178 = CARTESIAN_POINT('',(-109.7881598187,-29.90114327255,12.5));
#1179 = VECTOR('',#1180,1.);
#1180 = DIRECTION('',(0.,0.,1.));
#1181 = ORIENTED_EDGE('',*,*,#244,.F.);
#1182 = ORIENTED_EDGE('',*,*,#1183,.F.);
#1183 = EDGE_CURVE('',#1167,#245,#1184,.T.);
#1184 = LINE('',#1185,#1186);
#1185 = CARTESIAN_POINT('',(-108.9143018303,-30.17666963793,12.5));
#1186 = VECTOR('',#1187,1.);
#1187 = DIRECTION('',(0.,0.,1.));
#1188 = PLANE('',#1189);
#1189 = AXIS2_PLACEMENT_3D('',#1190,#1191,#1192);
#1190 = CARTESIAN_POINT('',(-109.7881598187,-29.90114327255,12.5));
#1191 = DIRECTION('',(0.300705799504,0.953716950748,-0.));
#1192 = DIRECTION('',(0.953716950748,-0.300705799504,0.));
#1193 = ADVANCED_FACE('',(#1194),#1212,.T.);
#1194 = FACE_BOUND('',#1195,.T.);
#1195 = EDGE_LOOP('',(#1196,#1204,#1205,#1206));
#1196 = ORIENTED_EDGE('',*,*,#1197,.T.);
#1197 = EDGE_CURVE('',#1198,#1167,#1200,.T.);
#1198 = VERTEX_POINT('',#1199);
#1199 = CARTESIAN_POINT('',(-108.0327999207,-30.4266635281,13.));
#1200 = LINE('',#1201,#1202);
#1201 = CARTESIAN_POINT('',(-110.7253808684,-29.66304772838,13.));
#1202 = VECTOR('',#1203,1.);
#1203 = DIRECTION('',(-0.962059424474,0.272839996667,0.));
#1204 = ORIENTED_EDGE('',*,*,#1183,.T.);
#1205 = ORIENTED_EDGE('',*,*,#638,.F.);
#1206 = ORIENTED_EDGE('',*,*,#1207,.F.);
#1207 = EDGE_CURVE('',#1198,#631,#1208,.T.);
#1208 = LINE('',#1209,#1210);
#1209 = CARTESIAN_POINT('',(-108.0327999207,-30.4266635281,12.5));
#1210 = VECTOR('',#1211,1.);
#1211 = DIRECTION('',(0.,0.,1.));
#1212 = PLANE('',#1213);
#1213 = AXIS2_PLACEMENT_3D('',#1214,#1215,#1216);
#1214 = CARTESIAN_POINT('',(-108.9143018303,-30.17666963793,12.5));
#1215 = DIRECTION('',(0.272839996667,0.962059424474,-0.));
#1216 = DIRECTION('',(0.962059424474,-0.272839996667,0.));
#1217 = ADVANCED_FACE('',(#1218),#1236,.T.);
#1218 = FACE_BOUND('',#1219,.T.);
#1219 = EDGE_LOOP('',(#1220,#1228,#1234,#1235));
#1220 = ORIENTED_EDGE('',*,*,#1221,.T.);
#1221 = EDGE_CURVE('',#1169,#1222,#1224,.T.);
#1222 = VERTEX_POINT('',#1223);
#1223 = CARTESIAN_POINT('',(-110.6536345147,-29.60031755475,13.));
#1224 = LINE('',#1225,#1226);
#1225 = CARTESIAN_POINT('',(-110.220481554,-29.75087487424,13.));
#1226 = VECTOR('',#1227,1.);
#1227 = DIRECTION('',(-0.944567537268,0.328317175214,0.));
#1228 = ORIENTED_EDGE('',*,*,#1229,.T.);
#1229 = EDGE_CURVE('',#1222,#255,#1230,.T.);
#1230 = LINE('',#1231,#1232);
#1231 = CARTESIAN_POINT('',(-110.6536345147,-29.60031755475,12.5));
#1232 = VECTOR('',#1233,1.);
#1233 = DIRECTION('',(0.,0.,1.));
#1234 = ORIENTED_EDGE('',*,*,#254,.F.);
#1235 = ORIENTED_EDGE('',*,*,#1176,.F.);
#1236 = PLANE('',#1237);
#1237 = AXIS2_PLACEMENT_3D('',#1238,#1239,#1240);
#1238 = CARTESIAN_POINT('',(-110.6536345147,-29.60031755475,12.5));
#1239 = DIRECTION('',(0.328317175214,0.944567537268,-0.));
#1240 = DIRECTION('',(0.944567537268,-0.328317175214,0.));
#1241 = ADVANCED_FACE('',(#1242),#1260,.T.);
#1242 = FACE_BOUND('',#1243,.T.);
#1243 = EDGE_LOOP('',(#1244,#1252,#1253,#1254));
#1244 = ORIENTED_EDGE('',*,*,#1245,.T.);
#1245 = EDGE_CURVE('',#1246,#1198,#1248,.T.);
#1246 = VERTEX_POINT('',#1247);
#1247 = CARTESIAN_POINT('',(-107.1443999283,-30.65091342326,13.));
#1248 = LINE('',#1249,#1250);
#1249 = CARTESIAN_POINT('',(-110.9908719216,-29.67998709655,13.));
#1250 = VECTOR('',#1251,1.);
#1251 = DIRECTION('',(-0.969587899878,0.244743343954,0.));
#1252 = ORIENTED_EDGE('',*,*,#1207,.T.);
#1253 = ORIENTED_EDGE('',*,*,#630,.F.);
#1254 = ORIENTED_EDGE('',*,*,#1255,.F.);
#1255 = EDGE_CURVE('',#1246,#623,#1256,.T.);
#1256 = LINE('',#1257,#1258);
#1257 = CARTESIAN_POINT('',(-107.1443999283,-30.65091342326,12.5));
#1258 = VECTOR('',#1259,1.);
#1259 = DIRECTION('',(0.,0.,1.));
#1260 = PLANE('',#1261);
#1261 = AXIS2_PLACEMENT_3D('',#1262,#1263,#1264);
#1262 = CARTESIAN_POINT('',(-108.0327999207,-30.4266635281,12.5));
#1263 = DIRECTION('',(0.244743343954,0.969587899878,-0.));
#1264 = DIRECTION('',(0.969587899878,-0.244743343954,0.));
#1265 = ADVANCED_FACE('',(#1266),#1284,.T.);
#1266 = FACE_BOUND('',#1267,.T.);
#1267 = EDGE_LOOP('',(#1268,#1276,#1282,#1283));
#1268 = ORIENTED_EDGE('',*,*,#1269,.T.);
#1269 = EDGE_CURVE('',#1222,#1270,#1272,.T.);
#1270 = VERTEX_POINT('',#1271);
#1271 = CARTESIAN_POINT('',(-108.2594935114,-23.02246920925,13.));
#1272 = LINE('',#1273,#1274);
#1273 = CARTESIAN_POINT('',(-117.8355618399,-49.332500709,13.));
#1274 = VECTOR('',#1275,1.);
#1275 = DIRECTION('',(0.342020143326,0.939692620786,-0.));
#1276 = ORIENTED_EDGE('',*,*,#1277,.T.);
#1277 = EDGE_CURVE('',#1270,#263,#1278,.T.);
#1278 = LINE('',#1279,#1280);
#1279 = CARTESIAN_POINT('',(-108.2594935114,-23.02246920925,12.5));
#1280 = VECTOR('',#1281,1.);
#1281 = DIRECTION('',(0.,0.,1.));
#1282 = ORIENTED_EDGE('',*,*,#262,.F.);
#1283 = ORIENTED_EDGE('',*,*,#1229,.F.);
#1284 = PLANE('',#1285);
#1285 = AXIS2_PLACEMENT_3D('',#1286,#1287,#1288);
#1286 = CARTESIAN_POINT('',(-108.2594935114,-23.02246920925,12.5));
#1287 = DIRECTION('',(0.939692620786,-0.342020143326,0.));
#1288 = DIRECTION('',(-0.342020143326,-0.939692620786,0.));
#1289 = ADVANCED_FACE('',(#1290),#1308,.T.);
#1290 = FACE_BOUND('',#1291,.T.);
#1291 = EDGE_LOOP('',(#1292,#1300,#1301,#1302));
#1292 = ORIENTED_EDGE('',*,*,#1293,.T.);
#1293 = EDGE_CURVE('',#1294,#1246,#1296,.T.);
#1294 = VERTEX_POINT('',#1295);
#1295 = CARTESIAN_POINT('',(-106.2498535284,-30.84922958561,13.));
#1296 = LINE('',#1297,#1298);
#1297 = CARTESIAN_POINT('',(-111.2608860579,-29.73831041948,13.));
#1298 = VECTOR('',#1299,1.);
#1299 = DIRECTION('',(-0.97629600712,0.216439613938,0.));
#1300 = ORIENTED_EDGE('',*,*,#1255,.T.);
#1301 = ORIENTED_EDGE('',*,*,#622,.F.);
#1302 = ORIENTED_EDGE('',*,*,#1303,.F.);
#1303 = EDGE_CURVE('',#1294,#615,#1304,.T.);
#1304 = LINE('',#1305,#1306);
#1305 = CARTESIAN_POINT('',(-106.2498535284,-30.84922958561,12.5));
#1306 = VECTOR('',#1307,1.);
#1307 = DIRECTION('',(0.,0.,1.));
#1308 = PLANE('',#1309);
#1309 = AXIS2_PLACEMENT_3D('',#1310,#1311,#1312);
#1310 = CARTESIAN_POINT('',(-107.1443999283,-30.65091342326,12.5));
#1311 = DIRECTION('',(0.216439613938,0.97629600712,-0.));
#1312 = DIRECTION('',(0.97629600712,-0.216439613938,0.));
#1313 = ADVANCED_FACE('',(#1314),#1332,.T.);
#1314 = FACE_BOUND('',#1315,.T.);
#1315 = EDGE_LOOP('',(#1316,#1324,#1330,#1331));
#1316 = ORIENTED_EDGE('',*,*,#1317,.T.);
#1317 = EDGE_CURVE('',#1270,#1318,#1320,.T.);
#1318 = VERTEX_POINT('',#1319);
#1319 = CARTESIAN_POINT('',(-107.5863465257,-23.25644476753,13.));
#1320 = LINE('',#1321,#1322);
#1321 = CARTESIAN_POINT('',(-107.5378489854,-23.273301768,13.));
#1322 = VECTOR('',#1323,1.);
#1323 = DIRECTION('',(0.944567537268,-0.328317175214,0.));
#1324 = ORIENTED_EDGE('',*,*,#1325,.T.);
#1325 = EDGE_CURVE('',#1318,#271,#1326,.T.);
#1326 = LINE('',#1327,#1328);
#1327 = CARTESIAN_POINT('',(-107.5863465257,-23.25644476753,12.5));
#1328 = VECTOR('',#1329,1.);
#1329 = DIRECTION('',(0.,0.,1.));
#1330 = ORIENTED_EDGE('',*,*,#270,.F.);
#1331 = ORIENTED_EDGE('',*,*,#1277,.F.);
#1332 = PLANE('',#1333);
#1333 = AXIS2_PLACEMENT_3D('',#1334,#1335,#1336);
#1334 = CARTESIAN_POINT('',(-107.5863465257,-23.25644476753,12.5));
#1335 = DIRECTION('',(-0.328317175214,-0.944567537268,0.));
#1336 = DIRECTION('',(-0.944567537268,0.328317175214,0.));
#1337 = ADVANCED_FACE('',(#1338),#1356,.T.);
#1338 = FACE_BOUND('',#1339,.T.);
#1339 = EDGE_LOOP('',(#1340,#1348,#1349,#1350));
#1340 = ORIENTED_EDGE('',*,*,#1341,.T.);
#1341 = EDGE_CURVE('',#1342,#1294,#1344,.T.);
#1342 = VERTEX_POINT('',#1343);
#1343 = CARTESIAN_POINT('',(-105.3499175965,-31.02144421988,13.));
#1344 = LINE('',#1345,#1346);
#1345 = CARTESIAN_POINT('',(-111.5322513466,-29.83837295012,13.));
#1346 = VECTOR('',#1347,1.);
#1347 = DIRECTION('',(-0.982178070471,0.1879527544,0.));
#1348 = ORIENTED_EDGE('',*,*,#1303,.T.);
#1349 = ORIENTED_EDGE('',*,*,#614,.F.);
#1350 = ORIENTED_EDGE('',*,*,#1351,.F.);
#1351 = EDGE_CURVE('',#1342,#607,#1352,.T.);
#1352 = LINE('',#1353,#1354);
#1353 = CARTESIAN_POINT('',(-105.3499175965,-31.02144421988,12.5));
#1354 = VECTOR('',#1355,1.);
#1355 = DIRECTION('',(0.,0.,1.));
#1356 = PLANE('',#1357);
#1357 = AXIS2_PLACEMENT_3D('',#1358,#1359,#1360);
#1358 = CARTESIAN_POINT('',(-106.2498535284,-30.84922958561,12.5));
#1359 = DIRECTION('',(0.1879527544,0.982178070471,-0.));
#1360 = DIRECTION('',(0.982178070471,-0.1879527544,0.));
#1361 = ADVANCED_FACE('',(#1362),#1380,.T.);
#1362 = FACE_BOUND('',#1363,.T.);
#1363 = EDGE_LOOP('',(#1364,#1372,#1378,#1379));
#1364 = ORIENTED_EDGE('',*,*,#1365,.T.);
#1365 = EDGE_CURVE('',#1318,#1366,#1368,.T.);
#1366 = VERTEX_POINT('',#1367);
#1367 = CARTESIAN_POINT('',(-106.9066792014,-23.47074305172,13.));
#1368 = LINE('',#1369,#1370);
#1369 = CARTESIAN_POINT('',(-107.9744532078,-23.13407520069,13.));
#1370 = VECTOR('',#1371,1.);
#1371 = DIRECTION('',(0.953716950748,-0.300705799504,0.));
#1372 = ORIENTED_EDGE('',*,*,#1373,.T.);
#1373 = EDGE_CURVE('',#1366,#279,#1374,.T.);
#1374 = LINE('',#1375,#1376);
#1375 = CARTESIAN_POINT('',(-106.9066792014,-23.47074305172,12.5));
#1376 = VECTOR('',#1377,1.);
#1377 = DIRECTION('',(0.,0.,1.));
#1378 = ORIENTED_EDGE('',*,*,#278,.F.);
#1379 = ORIENTED_EDGE('',*,*,#1325,.F.);
#1380 = PLANE('',#1381);
#1381 = AXIS2_PLACEMENT_3D('',#1382,#1383,#1384);
#1382 = CARTESIAN_POINT('',(-106.9066792014,-23.47074305172,12.5));
#1383 = DIRECTION('',(-0.300705799504,-0.953716950748,0.));
#1384 = DIRECTION('',(-0.953716950748,0.300705799504,0.));
#1385 = ADVANCED_FACE('',(#1386),#1404,.T.);
#1386 = FACE_BOUND('',#1387,.T.);
#1387 = EDGE_LOOP('',(#1388,#1396,#1397,#1398));
#1388 = ORIENTED_EDGE('',*,*,#1389,.T.);
#1389 = EDGE_CURVE('',#1390,#1342,#1392,.T.);
#1390 = VERTEX_POINT('',#1391);
#1391 = CARTESIAN_POINT('',(-104.4453535681,-31.1674116153,13.));
#1392 = LINE('',#1393,#1394);
#1393 = CARTESIAN_POINT('',(-111.8017761679,-29.98032279368,13.));
#1394 = VECTOR('',#1395,1.);
#1395 = DIRECTION('',(-0.987229113117,0.159306868068,0.));
#1396 = ORIENTED_EDGE('',*,*,#1351,.T.);
#1397 = ORIENTED_EDGE('',*,*,#606,.F.);
#1398 = ORIENTED_EDGE('',*,*,#1399,.F.);
#1399 = EDGE_CURVE('',#1390,#599,#1400,.T.);
#1400 = LINE('',#1401,#1402);
#1401 = CARTESIAN_POINT('',(-104.4453535681,-31.1674116153,12.5));
#1402 = VECTOR('',#1403,1.);
#1403 = DIRECTION('',(0.,0.,1.));
#1404 = PLANE('',#1405);
#1405 = AXIS2_PLACEMENT_3D('',#1406,#1407,#1408);
#1406 = CARTESIAN_POINT('',(-105.3499175965,-31.02144421988,12.5));
#1407 = DIRECTION('',(0.159306868068,0.987229113117,-0.));
#1408 = DIRECTION('',(0.987229113117,-0.159306868068,0.));
#1409 = ADVANCED_FACE('',(#1410),#1428,.T.);
#1410 = FACE_BOUND('',#1411,.T.);
#1411 = EDGE_LOOP('',(#1412,#1420,#1426,#1427));
#1412 = ORIENTED_EDGE('',*,*,#1413,.T.);
#1413 = EDGE_CURVE('',#1366,#1414,#1416,.T.);
#1414 = VERTEX_POINT('',#1415);
#1415 = CARTESIAN_POINT('',(-106.221066605,-23.66518274408,13.));
#1416 = LINE('',#1417,#1418);
#1417 = CARTESIAN_POINT('',(-108.4239242695,-23.04045243889,13.));
#1418 = VECTOR('',#1419,1.);
#1419 = DIRECTION('',(0.962059424474,-0.272839996667,0.));
#1420 = ORIENTED_EDGE('',*,*,#1421,.T.);
#1421 = EDGE_CURVE('',#1414,#287,#1422,.T.);
#1422 = LINE('',#1423,#1424);
#1423 = CARTESIAN_POINT('',(-106.221066605,-23.66518274408,12.5));
#1424 = VECTOR('',#1425,1.);
#1425 = DIRECTION('',(0.,0.,1.));
#1426 = ORIENTED_EDGE('',*,*,#286,.F.);
#1427 = ORIENTED_EDGE('',*,*,#1373,.F.);
#1428 = PLANE('',#1429);
#1429 = AXIS2_PLACEMENT_3D('',#1430,#1431,#1432);
#1430 = CARTESIAN_POINT('',(-106.221066605,-23.66518274408,12.5));
#1431 = DIRECTION('',(-0.272839996667,-0.962059424474,0.));
#1432 = DIRECTION('',(-0.962059424474,0.272839996667,0.));
#1433 = ADVANCED_FACE('',(#1434),#1452,.T.);
#1434 = FACE_BOUND('',#1435,.T.);
#1435 = EDGE_LOOP('',(#1436,#1444,#1445,#1446));
#1436 = ORIENTED_EDGE('',*,*,#1437,.T.);
#1437 = EDGE_CURVE('',#1438,#1390,#1440,.T.);
#1438 = VERTEX_POINT('',#1439);
#1439 = CARTESIAN_POINT('',(-103.5369267949,-31.28700826887,13.));
#1440 = LINE('',#1441,#1442);
#1441 = CARTESIAN_POINT('',(-112.0662619365,-30.16409999471,13.));
#1442 = VECTOR('',#1443,1.);
#1443 = DIRECTION('',(-0.991444861374,0.13052619222,0.));
#1444 = ORIENTED_EDGE('',*,*,#1399,.T.);
#1445 = ORIENTED_EDGE('',*,*,#598,.F.);
#1446 = ORIENTED_EDGE('',*,*,#1447,.F.);
#1447 = EDGE_CURVE('',#1438,#591,#1448,.T.);
#1448 = LINE('',#1449,#1450);
#1449 = CARTESIAN_POINT('',(-103.5369267949,-31.28700826887,12.5));
#1450 = VECTOR('',#1451,1.);
#1451 = DIRECTION('',(0.,0.,1.));
#1452 = PLANE('',#1453);
#1453 = AXIS2_PLACEMENT_3D('',#1454,#1455,#1456);
#1454 = CARTESIAN_POINT('',(-104.4453535681,-31.1674116153,12.5));
#1455 = DIRECTION('',(0.13052619222,0.991444861374,-0.));
#1456 = DIRECTION('',(0.991444861374,-0.13052619222,0.));
#1457 = ADVANCED_FACE('',(#1458),#1476,.T.);
#1458 = FACE_BOUND('',#1459,.T.);
#1459 = EDGE_LOOP('',(#1460,#1468,#1474,#1475));
#1460 = ORIENTED_EDGE('',*,*,#1461,.T.);
#1461 = EDGE_CURVE('',#1414,#1462,#1464,.T.);
#1462 = VERTEX_POINT('',#1463);
#1463 = CARTESIAN_POINT('',(-105.5300888331,-23.8395993292,13.));
#1464 = LINE('',#1465,#1466);
#1465 = CARTESIAN_POINT('',(-108.8830052751,-22.99325627758,13.));
#1466 = VECTOR('',#1467,1.);
#1467 = DIRECTION('',(0.969587899878,-0.244743343954,0.));
#1468 = ORIENTED_EDGE('',*,*,#1469,.T.);
#1469 = EDGE_CURVE('',#1462,#295,#1470,.T.);
#1470 = LINE('',#1471,#1472);
#1471 = CARTESIAN_POINT('',(-105.5300888331,-23.8395993292,12.5));
#1472 = VECTOR('',#1473,1.);
#1473 = DIRECTION('',(0.,0.,1.));
#1474 = ORIENTED_EDGE('',*,*,#294,.F.);
#1475 = ORIENTED_EDGE('',*,*,#1421,.F.);
#1476 = PLANE('',#1477);
#1477 = AXIS2_PLACEMENT_3D('',#1478,#1479,#1480);
#1478 = CARTESIAN_POINT('',(-105.5300888331,-23.8395993292,12.5));
#1479 = DIRECTION('',(-0.244743343954,-0.969587899878,0.));
#1480 = DIRECTION('',(-0.969587899878,0.244743343954,0.));
#1481 = ADVANCED_FACE('',(#1482),#1500,.T.);
#1482 = FACE_BOUND('',#1483,.T.);
#1483 = EDGE_LOOP('',(#1484,#1492,#1493,#1494));
#1484 = ORIENTED_EDGE('',*,*,#1485,.T.);
#1485 = EDGE_CURVE('',#1486,#1438,#1488,.T.);
#1486 = VERTEX_POINT('',#1487);
#1487 = CARTESIAN_POINT('',(-102.6254058965,-31.38013298989,13.));
#1488 = LINE('',#1489,#1490);
#1489 = CARTESIAN_POINT('',(-112.3225158588,-30.38943638433,13.));
#1490 = VECTOR('',#1491,1.);
#1491 = DIRECTION('',(-0.994821748296,0.101635078183,0.));
#1492 = ORIENTED_EDGE('',*,*,#1447,.T.);
#1493 = ORIENTED_EDGE('',*,*,#590,.F.);
#1494 = ORIENTED_EDGE('',*,*,#1495,.F.);
#1495 = EDGE_CURVE('',#1486,#583,#1496,.T.);
#1496 = LINE('',#1497,#1498);
#1497 = CARTESIAN_POINT('',(-102.6254058965,-31.38013298989,12.5));
#1498 = VECTOR('',#1499,1.);
#1499 = DIRECTION('',(0.,0.,1.));
#1500 = PLANE('',#1501);
#1501 = AXIS2_PLACEMENT_3D('',#1502,#1503,#1504);
#1502 = CARTESIAN_POINT('',(-103.5369267949,-31.28700826887,12.5));
#1503 = DIRECTION('',(0.101635078183,0.994821748296,-0.));
#1504 = DIRECTION('',(0.994821748296,-0.101635078183,0.));
#1505 = ADVANCED_FACE('',(#1506),#1524,.T.);
#1506 = FACE_BOUND('',#1507,.T.);
#1507 = EDGE_LOOP('',(#1508,#1516,#1522,#1523));
#1508 = ORIENTED_EDGE('',*,*,#1509,.T.);
#1509 = EDGE_CURVE('',#1462,#1510,#1512,.T.);
#1510 = VERTEX_POINT('',#1511);
#1511 = CARTESIAN_POINT('',(-104.8343305221,-23.99384523325,13.));
#1512 = LINE('',#1513,#1514);
#1513 = CARTESIAN_POINT('',(-109.3483928294,-22.99310171288,13.));
#1514 = VECTOR('',#1515,1.);
#1515 = DIRECTION('',(0.97629600712,-0.216439613938,0.));
#1516 = ORIENTED_EDGE('',*,*,#1517,.T.);
#1517 = EDGE_CURVE('',#1510,#303,#1518,.T.);
#1518 = LINE('',#1519,#1520);
#1519 = CARTESIAN_POINT('',(-104.8343305221,-23.99384523325,12.5));
#1520 = VECTOR('',#1521,1.);
#1521 = DIRECTION('',(0.,0.,1.));
#1522 = ORIENTED_EDGE('',*,*,#302,.F.);
#1523 = ORIENTED_EDGE('',*,*,#1469,.F.);
#1524 = PLANE('',#1525);
#1525 = AXIS2_PLACEMENT_3D('',#1526,#1527,#1528);
#1526 = CARTESIAN_POINT('',(-104.8343305221,-23.99384523325,12.5));
#1527 = DIRECTION('',(-0.216439613938,-0.97629600712,0.));
#1528 = DIRECTION('',(-0.97629600712,0.216439613938,0.));
#1529 = ADVANCED_FACE('',(#1530),#1548,.T.);
#1530 = FACE_BOUND('',#1531,.T.);
#1531 = EDGE_LOOP('',(#1532,#1540,#1541,#1542));
#1532 = ORIENTED_EDGE('',*,*,#1533,.T.);
#1533 = EDGE_CURVE('',#1534,#1486,#1536,.T.);
#1534 = VERTEX_POINT('',#1535);
#1535 = CARTESIAN_POINT('',(-101.7115621106,-31.44670698554,13.));
#1536 = LINE('',#1537,#1538);
#1537 = CARTESIAN_POINT('',(-112.567363681,-30.65585618834,13.));
#1538 = VECTOR('',#1539,1.);
#1539 = DIRECTION('',(-0.997356916701,7.265797072261E-02,0.));
#1540 = ORIENTED_EDGE('',*,*,#1495,.T.);
#1541 = ORIENTED_EDGE('',*,*,#582,.F.);
#1542 = ORIENTED_EDGE('',*,*,#1543,.F.);
#1543 = EDGE_CURVE('',#1534,#575,#1544,.T.);
#1544 = LINE('',#1545,#1546);
#1545 = CARTESIAN_POINT('',(-101.7115621106,-31.44670698554,12.5));
#1546 = VECTOR('',#1547,1.);
#1547 = DIRECTION('',(0.,0.,1.));
#1548 = PLANE('',#1549);
#1549 = AXIS2_PLACEMENT_3D('',#1550,#1551,#1552);
#1550 = CARTESIAN_POINT('',(-102.6254058965,-31.38013298989,12.5));
#1551 = DIRECTION('',(7.265797072261E-02,0.997356916701,-0.));
#1552 = DIRECTION('',(0.997356916701,-7.265797072261E-02,0.));
#1553 = ADVANCED_FACE('',(#1554),#1572,.T.);
#1554 = FACE_BOUND('',#1555,.T.);
#1555 = EDGE_LOOP('',(#1556,#1564,#1570,#1571));
#1556 = ORIENTED_EDGE('',*,*,#1557,.T.);
#1557 = EDGE_CURVE('',#1510,#1558,#1560,.T.);
#1558 = VERTEX_POINT('',#1559);
#1559 = CARTESIAN_POINT('',(-104.1343803528,-24.12778994879,13.));
#1560 = LINE('',#1561,#1562);
#1561 = CARTESIAN_POINT('',(-109.8167496963,-23.04039347586,13.));
#1562 = VECTOR('',#1563,1.);
#1563 = DIRECTION('',(0.982178070471,-0.1879527544,0.));
#1564 = ORIENTED_EDGE('',*,*,#1565,.T.);
#1565 = EDGE_CURVE('',#1558,#311,#1566,.T.);
#1566 = LINE('',#1567,#1568);
#1567 = CARTESIAN_POINT('',(-104.1343803528,-24.12778994879,12.5));
#1568 = VECTOR('',#1569,1.);
#1569 = DIRECTION('',(0.,0.,1.));
#1570 = ORIENTED_EDGE('',*,*,#310,.F.);
#1571 = ORIENTED_EDGE('',*,*,#1517,.F.);
#1572 = PLANE('',#1573);
#1573 = AXIS2_PLACEMENT_3D('',#1574,#1575,#1576);
#1574 = CARTESIAN_POINT('',(-104.1343803528,-24.12778994879,12.5));
#1575 = DIRECTION('',(-0.1879527544,-0.982178070471,0.));
#1576 = DIRECTION('',(-0.982178070471,0.1879527544,0.));
#1577 = ADVANCED_FACE('',(#1578),#1596,.T.);
#1578 = FACE_BOUND('',#1579,.T.);
#1579 = EDGE_LOOP('',(#1580,#1588,#1589,#1590));
#1580 = ORIENTED_EDGE('',*,*,#1581,.T.);
#1581 = EDGE_CURVE('',#1582,#1534,#1584,.T.);
#1582 = VERTEX_POINT('',#1583);
#1583 = CARTESIAN_POINT('',(-100.7961686404,-31.48667392758,13.));
#1584 = LINE('',#1585,#1586);
#1585 = CARTESIAN_POINT('',(-112.7976623813,-30.96267739454,13.));
#1586 = VECTOR('',#1587,1.);
#1587 = DIRECTION('',(-0.999048221582,4.361938736534E-02,0.));
#1588 = ORIENTED_EDGE('',*,*,#1543,.T.);
#1589 = ORIENTED_EDGE('',*,*,#574,.F.);
#1590 = ORIENTED_EDGE('',*,*,#1591,.F.);
#1591 = EDGE_CURVE('',#1582,#567,#1592,.T.);
#1592 = LINE('',#1593,#1594);
#1593 = CARTESIAN_POINT('',(-100.7961686404,-31.48667392758,12.5));
#1594 = VECTOR('',#1595,1.);
#1595 = DIRECTION('',(0.,0.,1.));
#1596 = PLANE('',#1597);
#1597 = AXIS2_PLACEMENT_3D('',#1598,#1599,#1600);
#1598 = CARTESIAN_POINT('',(-101.7115621106,-31.44670698554,12.5));
#1599 = DIRECTION('',(4.361938736534E-02,0.999048221582,-0.));
#1600 = DIRECTION('',(0.999048221582,-4.361938736534E-02,0.));
#1601 = ADVANCED_FACE('',(#1602),#1620,.T.);
#1602 = FACE_BOUND('',#1603,.T.);
#1603 = EDGE_LOOP('',(#1604,#1612,#1618,#1619));
#1604 = ORIENTED_EDGE('',*,*,#1605,.T.);
#1605 = EDGE_CURVE('',#1558,#1606,#1608,.T.);
#1606 = VERTEX_POINT('',#1607);
#1607 = CARTESIAN_POINT('',(-103.430830553,-24.24132014523,13.));
#1608 = LINE('',#1609,#1610);
#1609 = CARTESIAN_POINT('',(-110.2847175815,-23.13532432107,13.));
#1610 = VECTOR('',#1611,1.);
#1611 = DIRECTION('',(0.987229113117,-0.159306868068,0.));
#1612 = ORIENTED_EDGE('',*,*,#1613,.T.);
#1613 = EDGE_CURVE('',#1606,#319,#1614,.T.);
#1614 = LINE('',#1615,#1616);
#1615 = CARTESIAN_POINT('',(-103.430830553,-24.24132014523,12.5));
#1616 = VECTOR('',#1617,1.);
#1617 = DIRECTION('',(0.,0.,1.));
#1618 = ORIENTED_EDGE('',*,*,#318,.F.);
#1619 = ORIENTED_EDGE('',*,*,#1565,.F.);
#1620 = PLANE('',#1621);
#1621 = AXIS2_PLACEMENT_3D('',#1622,#1623,#1624);
#1622 = CARTESIAN_POINT('',(-103.430830553,-24.24132014523,12.5));
#1623 = DIRECTION('',(-0.159306868068,-0.987229113117,0.));
#1624 = DIRECTION('',(-0.987229113117,0.159306868068,0.));
#1625 = ADVANCED_FACE('',(#1626),#1644,.T.);
#1626 = FACE_BOUND('',#1627,.T.);
#1627 = EDGE_LOOP('',(#1628,#1636,#1637,#1638));
#1628 = ORIENTED_EDGE('',*,*,#1629,.T.);
#1629 = EDGE_CURVE('',#1630,#1582,#1632,.T.);
#1630 = VERTEX_POINT('',#1631);
#1631 = CARTESIAN_POINT('',(-99.88,-31.5,13.));
#1632 = LINE('',#1633,#1634);
#1633 = CARTESIAN_POINT('',(-113.0103127637,-31.30901387479,13.));
#1634 = VECTOR('',#1635,1.);
#1635 = DIRECTION('',(-0.999894231927,1.454389765158E-02,0.));
#1636 = ORIENTED_EDGE('',*,*,#1591,.T.);
#1637 = ORIENTED_EDGE('',*,*,#566,.F.);
#1638 = ORIENTED_EDGE('',*,*,#1639,.F.);
#1639 = EDGE_CURVE('',#1630,#559,#1640,.T.);
#1640 = LINE('',#1641,#1642);
#1641 = CARTESIAN_POINT('',(-99.88,-31.5,12.5));
#1642 = VECTOR('',#1643,1.);
#1643 = DIRECTION('',(0.,0.,1.));
#1644 = PLANE('',#1645);
#1645 = AXIS2_PLACEMENT_3D('',#1646,#1647,#1648);
#1646 = CARTESIAN_POINT('',(-100.7961686404,-31.48667392758,12.5));
#1647 = DIRECTION('',(1.454389765158E-02,0.999894231927,-0.));
#1648 = DIRECTION('',(0.999894231927,-1.454389765158E-02,0.));
#1649 = ADVANCED_FACE('',(#1650),#1668,.T.);
#1650 = FACE_BOUND('',#1651,.T.);
#1651 = EDGE_LOOP('',(#1652,#1660,#1666,#1667));
#1652 = ORIENTED_EDGE('',*,*,#1653,.T.);
#1653 = EDGE_CURVE('',#1606,#1654,#1656,.T.);
#1654 = VERTEX_POINT('',#1655);
#1655 = CARTESIAN_POINT('',(-102.724276396,-24.33433976467,13.));
#1656 = LINE('',#1657,#1658);
#1657 = CARTESIAN_POINT('',(-110.7489299969,-23.27787407584,13.));
#1658 = VECTOR('',#1659,1.);
#1659 = DIRECTION('',(0.991444861374,-0.13052619222,0.));
#1660 = ORIENTED_EDGE('',*,*,#1661,.T.);
#1661 = EDGE_CURVE('',#1654,#327,#1662,.T.);
#1662 = LINE('',#1663,#1664);
#1663 = CARTESIAN_POINT('',(-102.724276396,-24.33433976467,12.5));
#1664 = VECTOR('',#1665,1.);
#1665 = DIRECTION('',(0.,0.,1.));
#1666 = ORIENTED_EDGE('',*,*,#326,.F.);
#1667 = ORIENTED_EDGE('',*,*,#1613,.F.);
#1668 = PLANE('',#1669);
#1669 = AXIS2_PLACEMENT_3D('',#1670,#1671,#1672);
#1670 = CARTESIAN_POINT('',(-102.724276396,-24.33433976467,12.5));
#1671 = DIRECTION('',(-0.13052619222,-0.991444861374,0.));
#1672 = DIRECTION('',(-0.991444861374,0.13052619222,0.));
#1673 = ADVANCED_FACE('',(#1674),#1692,.T.);
#1674 = FACE_BOUND('',#1675,.T.);
#1675 = EDGE_LOOP('',(#1676,#1684,#1685,#1686));
#1676 = ORIENTED_EDGE('',*,*,#1677,.T.);
#1677 = EDGE_CURVE('',#1678,#1630,#1680,.T.);
#1678 = VERTEX_POINT('',#1679);
#1679 = CARTESIAN_POINT('',(-98.96383135959,-31.48667392758,13.));
#1680 = LINE('',#1681,#1682);
#1681 = CARTESIAN_POINT('',(-113.2022719074,-31.69377825466,13.));
#1682 = VECTOR('',#1683,1.);
#1683 = DIRECTION('',(-0.999894231927,-1.454389765158E-02,0.));
#1684 = ORIENTED_EDGE('',*,*,#1639,.T.);
#1685 = ORIENTED_EDGE('',*,*,#558,.F.);
#1686 = ORIENTED_EDGE('',*,*,#1687,.F.);
#1687 = EDGE_CURVE('',#1678,#551,#1688,.T.);
#1688 = LINE('',#1689,#1690);
#1689 = CARTESIAN_POINT('',(-98.96383135959,-31.48667392758,12.5));
#1690 = VECTOR('',#1691,1.);
#1691 = DIRECTION('',(0.,0.,1.));
#1692 = PLANE('',#1693);
#1693 = AXIS2_PLACEMENT_3D('',#1694,#1695,#1696);
#1694 = CARTESIAN_POINT('',(-99.88,-31.5,12.5));
#1695 = DIRECTION('',(-1.454389765158E-02,0.999894231927,0.));
#1696 = DIRECTION('',(0.999894231927,1.454389765158E-02,0.));
#1697 = ADVANCED_FACE('',(#1698),#1716,.T.);
#1698 = FACE_BOUND('',#1699,.T.);
#1699 = EDGE_LOOP('',(#1700,#1708,#1714,#1715));
#1700 = ORIENTED_EDGE('',*,*,#1701,.T.);
#1701 = EDGE_CURVE('',#1654,#1702,#1704,.T.);
#1702 = VERTEX_POINT('',#1703);
#1703 = CARTESIAN_POINT('',(-102.0153156973,-24.40677010324,13.));
#1704 = LINE('',#1705,#1706);
#1705 = CARTESIAN_POINT('',(-111.2060251605,-23.46780945381,13.));
#1706 = VECTOR('',#1707,1.);
#1707 = DIRECTION('',(0.994821748296,-0.101635078183,0.));
#1708 = ORIENTED_EDGE('',*,*,#1709,.T.);
#1709 = EDGE_CURVE('',#1702,#335,#1710,.T.);
#1710 = LINE('',#1711,#1712);
#1711 = CARTESIAN_POINT('',(-102.0153156973,-24.40677010324,12.5));
#1712 = VECTOR('',#1713,1.);
#1713 = DIRECTION('',(0.,0.,1.));
#1714 = ORIENTED_EDGE('',*,*,#334,.F.);
#1715 = ORIENTED_EDGE('',*,*,#1661,.F.);
#1716 = PLANE('',#1717);
#1717 = AXIS2_PLACEMENT_3D('',#1718,#1719,#1720);
#1718 = CARTESIAN_POINT('',(-102.0153156973,-24.40677010324,12.5));
#1719 = DIRECTION('',(-0.101635078183,-0.994821748296,0.));
#1720 = DIRECTION('',(-0.994821748296,0.101635078183,0.));
#1721 = ADVANCED_FACE('',(#1722),#1740,.T.);
#1722 = FACE_BOUND('',#1723,.T.);
#1723 = EDGE_LOOP('',(#1724,#1732,#1733,#1734));
#1724 = ORIENTED_EDGE('',*,*,#1725,.T.);
#1725 = EDGE_CURVE('',#1726,#1678,#1728,.T.);
#1726 = VERTEX_POINT('',#1727);
#1727 = CARTESIAN_POINT('',(-98.04843788932,-31.44670698554,13.));
#1728 = LINE('',#1729,#1730);
#1729 = CARTESIAN_POINT('',(-113.3705654289,-32.11568552129,13.));
#1730 = VECTOR('',#1731,1.);
#1731 = DIRECTION('',(-0.999048221582,-4.361938736534E-02,0.));
#1732 = ORIENTED_EDGE('',*,*,#1687,.T.);
#1733 = ORIENTED_EDGE('',*,*,#550,.F.);
#1734 = ORIENTED_EDGE('',*,*,#1735,.F.);
#1735 = EDGE_CURVE('',#1726,#543,#1736,.T.);
#1736 = LINE('',#1737,#1738);
#1737 = CARTESIAN_POINT('',(-98.04843788932,-31.44670698554,12.5));
#1738 = VECTOR('',#1739,1.);
#1739 = DIRECTION('',(0.,0.,1.));
#1740 = PLANE('',#1741);
#1741 = AXIS2_PLACEMENT_3D('',#1742,#1743,#1744);
#1742 = CARTESIAN_POINT('',(-98.96383135959,-31.48667392758,12.5));
#1743 = DIRECTION('',(-4.361938736534E-02,0.999048221582,0.));
#1744 = DIRECTION('',(0.999048221582,4.361938736534E-02,0.));
#1745 = ADVANCED_FACE('',(#1746),#1764,.T.);
#1746 = FACE_BOUND('',#1747,.T.);
#1747 = EDGE_LOOP('',(#1748,#1756,#1762,#1763));
#1748 = ORIENTED_EDGE('',*,*,#1749,.T.);
#1749 = EDGE_CURVE('',#1702,#1750,#1752,.T.);
#1750 = VERTEX_POINT('',#1751);
#1751 = CARTESIAN_POINT('',(-101.3045483083,-24.45854987764,13.));
#1752 = LINE('',#1753,#1754);
#1753 = CARTESIAN_POINT('',(-111.6526588865,-23.70468463358,13.));
#1754 = VECTOR('',#1755,1.);
#1755 = DIRECTION('',(0.997356916701,-7.265797072261E-02,0.));
#1756 = ORIENTED_EDGE('',*,*,#1757,.T.);
#1757 = EDGE_CURVE('',#1750,#343,#1758,.T.);
#1758 = LINE('',#1759,#1760);
#1759 = CARTESIAN_POINT('',(-101.3045483083,-24.45854987764,12.5));
#1760 = VECTOR('',#1761,1.);
#1761 = DIRECTION('',(0.,0.,1.));
#1762 = ORIENTED_EDGE('',*,*,#342,.F.);
#1763 = ORIENTED_EDGE('',*,*,#1709,.F.);
#1764 = PLANE('',#1765);
#1765 = AXIS2_PLACEMENT_3D('',#1766,#1767,#1768);
#1766 = CARTESIAN_POINT('',(-101.3045483083,-24.45854987764,12.5));
#1767 = DIRECTION('',(-7.265797072261E-02,-0.997356916701,0.));
#1768 = DIRECTION('',(-0.997356916701,7.265797072261E-02,0.));
#1769 = ADVANCED_FACE('',(#1770),#1788,.T.);
#1770 = FACE_BOUND('',#1771,.T.);
#1771 = EDGE_LOOP('',(#1772,#1780,#1781,#1782));
#1772 = ORIENTED_EDGE('',*,*,#1773,.T.);
#1773 = EDGE_CURVE('',#1774,#1726,#1776,.T.);
#1774 = VERTEX_POINT('',#1775);
#1775 = CARTESIAN_POINT('',(-97.13459410344,-31.38013298989,13.));
#1776 = LINE('',#1777,#1778);
#1777 = CARTESIAN_POINT('',(-113.5122995134,-32.57325735716,13.));
#1778 = VECTOR('',#1779,1.);
#1779 = DIRECTION('',(-0.997356916701,-7.265797072261E-02,0.));
#1780 = ORIENTED_EDGE('',*,*,#1735,.T.);
#1781 = ORIENTED_EDGE('',*,*,#542,.F.);
#1782 = ORIENTED_EDGE('',*,*,#1783,.F.);
#1783 = EDGE_CURVE('',#1774,#535,#1784,.T.);
#1784 = LINE('',#1785,#1786);
#1785 = CARTESIAN_POINT('',(-97.13459410344,-31.38013298989,12.5));
#1786 = VECTOR('',#1787,1.);
#1787 = DIRECTION('',(0.,0.,1.));
#1788 = PLANE('',#1789);
#1789 = AXIS2_PLACEMENT_3D('',#1790,#1791,#1792);
#1790 = CARTESIAN_POINT('',(-98.04843788932,-31.44670698554,12.5));
#1791 = DIRECTION('',(-7.265797072261E-02,0.997356916701,0.));
#1792 = DIRECTION('',(0.997356916701,7.265797072261E-02,0.));
#1793 = ADVANCED_FACE('',(#1794),#1812,.T.);
#1794 = FACE_BOUND('',#1795,.T.);
#1795 = EDGE_LOOP('',(#1796,#1804,#1810,#1811));
#1796 = ORIENTED_EDGE('',*,*,#1797,.T.);
#1797 = EDGE_CURVE('',#1750,#1798,#1800,.T.);
#1798 = VERTEX_POINT('',#1799);
#1799 = CARTESIAN_POINT('',(-100.5925756092,-24.48963527701,13.));
#1800 = LINE('',#1801,#1802);
#1801 = CARTESIAN_POINT('',(-112.0855174222,-23.98784260066,13.));
#1802 = VECTOR('',#1803,1.);
#1803 = DIRECTION('',(0.999048221582,-4.361938736534E-02,0.));
#1804 = ORIENTED_EDGE('',*,*,#1805,.T.);
#1805 = EDGE_CURVE('',#1798,#351,#1806,.T.);
#1806 = LINE('',#1807,#1808);
#1807 = CARTESIAN_POINT('',(-100.5925756092,-24.48963527701,12.5));
#1808 = VECTOR('',#1809,1.);
#1809 = DIRECTION('',(0.,0.,1.));
#1810 = ORIENTED_EDGE('',*,*,#350,.F.);
#1811 = ORIENTED_EDGE('',*,*,#1757,.F.);
#1812 = PLANE('',#1813);
#1813 = AXIS2_PLACEMENT_3D('',#1814,#1815,#1816);
#1814 = CARTESIAN_POINT('',(-100.5925756092,-24.48963527701,12.5));
#1815 = DIRECTION('',(-4.361938736534E-02,-0.999048221582,0.));
#1816 = DIRECTION('',(-0.999048221582,4.361938736534E-02,0.));
#1817 = ADVANCED_FACE('',(#1818),#1836,.T.);
#1818 = FACE_BOUND('',#1819,.T.);
#1819 = EDGE_LOOP('',(#1820,#1828,#1829,#1830));
#1820 = ORIENTED_EDGE('',*,*,#1821,.T.);
#1821 = EDGE_CURVE('',#1822,#1774,#1824,.T.);
#1822 = VERTEX_POINT('',#1823);
#1823 = CARTESIAN_POINT('',(-96.22307320505,-31.28700826887,13.));
#1824 = LINE('',#1825,#1826);
#1825 = CARTESIAN_POINT('',(-113.6246726732,-33.06482718516,13.));
#1826 = VECTOR('',#1827,1.);
#1827 = DIRECTION('',(-0.994821748296,-0.101635078183,0.));
#1828 = ORIENTED_EDGE('',*,*,#1783,.T.);
#1829 = ORIENTED_EDGE('',*,*,#534,.F.);
#1830 = ORIENTED_EDGE('',*,*,#1831,.F.);
#1831 = EDGE_CURVE('',#1822,#527,#1832,.T.);
#1832 = LINE('',#1833,#1834);
#1833 = CARTESIAN_POINT('',(-96.22307320505,-31.28700826887,12.5));
#1834 = VECTOR('',#1835,1.);
#1835 = DIRECTION('',(0.,0.,1.));
#1836 = PLANE('',#1837);
#1837 = AXIS2_PLACEMENT_3D('',#1838,#1839,#1840);
#1838 = CARTESIAN_POINT('',(-97.13459410344,-31.38013298989,12.5));
#1839 = DIRECTION('',(-0.101635078183,0.994821748296,0.));
#1840 = DIRECTION('',(0.994821748296,0.101635078183,0.));
#1841 = ADVANCED_FACE('',(#1842),#1860,.T.);
#1842 = FACE_BOUND('',#1843,.T.);
#1843 = EDGE_LOOP('',(#1844,#1852,#1858,#1859));
#1844 = ORIENTED_EDGE('',*,*,#1845,.T.);
#1845 = EDGE_CURVE('',#1798,#1846,#1848,.T.);
#1846 = VERTEX_POINT('',#1847);
#1847 = CARTESIAN_POINT('',(-99.88,-24.5,13.));
#1848 = LINE('',#1849,#1850);
#1849 = CARTESIAN_POINT('',(-112.5013301857,-24.31641724835,13.));
#1850 = VECTOR('',#1851,1.);
#1851 = DIRECTION('',(0.999894231927,-1.454389765158E-02,0.));
#1852 = ORIENTED_EDGE('',*,*,#1853,.T.);
#1853 = EDGE_CURVE('',#1846,#359,#1854,.T.);
#1854 = LINE('',#1855,#1856);
#1855 = CARTESIAN_POINT('',(-99.88,-24.5,12.5));
#1856 = VECTOR('',#1857,1.);
#1857 = DIRECTION('',(0.,0.,1.));
#1858 = ORIENTED_EDGE('',*,*,#358,.F.);
#1859 = ORIENTED_EDGE('',*,*,#1805,.F.);
#1860 = PLANE('',#1861);
#1861 = AXIS2_PLACEMENT_3D('',#1862,#1863,#1864);
#1862 = CARTESIAN_POINT('',(-99.88,-24.5,12.5));
#1863 = DIRECTION('',(-1.454389765158E-02,-0.999894231927,0.));
#1864 = DIRECTION('',(-0.999894231927,1.454389765158E-02,0.));
#1865 = ADVANCED_FACE('',(#1866),#1884,.T.);
#1866 = FACE_BOUND('',#1867,.T.);
#1867 = EDGE_LOOP('',(#1868,#1876,#1877,#1878));
#1868 = ORIENTED_EDGE('',*,*,#1869,.T.);
#1869 = EDGE_CURVE('',#1870,#1822,#1872,.T.);
#1870 = VERTEX_POINT('',#1871);
#1871 = CARTESIAN_POINT('',(-95.31464643182,-31.1674116153,13.));
#1872 = LINE('',#1873,#1874);
#1873 = CARTESIAN_POINT('',(-113.7049871918,-33.58854590783,13.));
#1874 = VECTOR('',#1875,1.);
#1875 = DIRECTION('',(-0.991444861374,-0.13052619222,0.));
#1876 = ORIENTED_EDGE('',*,*,#1831,.T.);
#1877 = ORIENTED_EDGE('',*,*,#526,.F.);
#1878 = ORIENTED_EDGE('',*,*,#1879,.F.);
#1879 = EDGE_CURVE('',#1870,#519,#1880,.T.);
#1880 = LINE('',#1881,#1882);
#1881 = CARTESIAN_POINT('',(-95.31464643182,-31.1674116153,12.5));
#1882 = VECTOR('',#1883,1.);
#1883 = DIRECTION('',(0.,0.,1.));
#1884 = PLANE('',#1885);
#1885 = AXIS2_PLACEMENT_3D('',#1886,#1887,#1888);
#1886 = CARTESIAN_POINT('',(-96.22307320505,-31.28700826887,12.5));
#1887 = DIRECTION('',(-0.13052619222,0.991444861374,0.));
#1888 = DIRECTION('',(0.991444861374,0.13052619222,0.));
#1889 = ADVANCED_FACE('',(#1890),#1908,.T.);
#1890 = FACE_BOUND('',#1891,.T.);
#1891 = EDGE_LOOP('',(#1892,#1900,#1906,#1907));
#1892 = ORIENTED_EDGE('',*,*,#1893,.T.);
#1893 = EDGE_CURVE('',#1846,#1894,#1896,.T.);
#1894 = VERTEX_POINT('',#1895);
#1895 = CARTESIAN_POINT('',(-99.16742439079,-24.48963527701,13.));
#1896 = LINE('',#1897,#1898);
#1897 = CARTESIAN_POINT('',(-112.8968823606,-24.68933623052,13.));
#1898 = VECTOR('',#1899,1.);
#1899 = DIRECTION('',(0.999894231927,1.454389765158E-02,-0.));
#1900 = ORIENTED_EDGE('',*,*,#1901,.T.);
#1901 = EDGE_CURVE('',#1894,#367,#1902,.T.);
#1902 = LINE('',#1903,#1904);
#1903 = CARTESIAN_POINT('',(-99.16742439079,-24.48963527701,12.5));
#1904 = VECTOR('',#1905,1.);
#1905 = DIRECTION('',(0.,0.,1.));
#1906 = ORIENTED_EDGE('',*,*,#366,.F.);
#1907 = ORIENTED_EDGE('',*,*,#1853,.F.);
#1908 = PLANE('',#1909);
#1909 = AXIS2_PLACEMENT_3D('',#1910,#1911,#1912);
#1910 = CARTESIAN_POINT('',(-99.16742439079,-24.48963527701,12.5));
#1911 = DIRECTION('',(1.454389765158E-02,-0.999894231927,0.));
#1912 = DIRECTION('',(-0.999894231927,-1.454389765158E-02,0.));
#1913 = ADVANCED_FACE('',(#1914),#1932,.T.);
#1914 = FACE_BOUND('',#1915,.T.);
#1915 = EDGE_LOOP('',(#1916,#1924,#1925,#1926));
#1916 = ORIENTED_EDGE('',*,*,#1917,.T.);
#1917 = EDGE_CURVE('',#1918,#1870,#1920,.T.);
#1918 = VERTEX_POINT('',#1919);
#1919 = CARTESIAN_POINT('',(-94.41008240349,-31.02144421988,13.));
#1920 = LINE('',#1921,#1922);
#1921 = CARTESIAN_POINT('',(-113.7506602126,-34.14238832136,13.));
#1922 = VECTOR('',#1923,1.);
#1923 = DIRECTION('',(-0.987229113117,-0.159306868068,0.));
#1924 = ORIENTED_EDGE('',*,*,#1879,.T.);
#1925 = ORIENTED_EDGE('',*,*,#518,.F.);
#1926 = ORIENTED_EDGE('',*,*,#1927,.F.);
#1927 = EDGE_CURVE('',#1918,#511,#1928,.T.);
#1928 = LINE('',#1929,#1930);
#1929 = CARTESIAN_POINT('',(-94.41008240349,-31.02144421988,12.5));
#1930 = VECTOR('',#1931,1.);
#1931 = DIRECTION('',(0.,0.,1.));
#1932 = PLANE('',#1933);
#1933 = AXIS2_PLACEMENT_3D('',#1934,#1935,#1936);
#1934 = CARTESIAN_POINT('',(-95.31464643182,-31.1674116153,12.5));
#1935 = DIRECTION('',(-0.159306868068,0.987229113117,0.));
#1936 = DIRECTION('',(0.987229113117,0.159306868068,0.));
#1937 = ADVANCED_FACE('',(#1938),#1956,.T.);
#1938 = FACE_BOUND('',#1939,.T.);
#1939 = EDGE_LOOP('',(#1940,#1948,#1954,#1955));
#1940 = ORIENTED_EDGE('',*,*,#1941,.T.);
#1941 = EDGE_CURVE('',#1894,#1942,#1944,.T.);
#1942 = VERTEX_POINT('',#1943);
#1943 = CARTESIAN_POINT('',(-98.45545169169,-24.45854987764,13.));
#1944 = LINE('',#1945,#1946);
#1945 = CARTESIAN_POINT('',(-113.2690273034,-25.1053245567,13.));
#1946 = VECTOR('',#1947,1.);
#1947 = DIRECTION('',(0.999048221582,4.361938736534E-02,-0.));
#1948 = ORIENTED_EDGE('',*,*,#1949,.T.);
#1949 = EDGE_CURVE('',#1942,#375,#1950,.T.);
#1950 = LINE('',#1951,#1952);
#1951 = CARTESIAN_POINT('',(-98.45545169169,-24.45854987764,12.5));
#1952 = VECTOR('',#1953,1.);
#1953 = DIRECTION('',(0.,0.,1.));
#1954 = ORIENTED_EDGE('',*,*,#374,.F.);
#1955 = ORIENTED_EDGE('',*,*,#1901,.F.);
#1956 = PLANE('',#1957);
#1957 = AXIS2_PLACEMENT_3D('',#1958,#1959,#1960);
#1958 = CARTESIAN_POINT('',(-98.45545169169,-24.45854987764,12.5));
#1959 = DIRECTION('',(4.361938736534E-02,-0.999048221582,0.));
#1960 = DIRECTION('',(-0.999048221582,-4.361938736534E-02,0.));
#1961 = ADVANCED_FACE('',(#1962),#1980,.T.);
#1962 = FACE_BOUND('',#1963,.T.);
#1963 = EDGE_LOOP('',(#1964,#1972,#1973,#1974));
#1964 = ORIENTED_EDGE('',*,*,#1965,.T.);
#1965 = EDGE_CURVE('',#1966,#1918,#1968,.T.);
#1966 = VERTEX_POINT('',#1967);
#1967 = CARTESIAN_POINT('',(-93.51014647154,-30.84922958561,13.));
#1968 = LINE('',#1969,#1970);
#1969 = CARTESIAN_POINT('',(-113.7592344342,-34.72416018232,13.));
#1970 = VECTOR('',#1971,1.);
#1971 = DIRECTION('',(-0.982178070471,-0.1879527544,0.));
#1972 = ORIENTED_EDGE('',*,*,#1927,.T.);
#1973 = ORIENTED_EDGE('',*,*,#510,.F.);
#1974 = ORIENTED_EDGE('',*,*,#1975,.F.);
#1975 = EDGE_CURVE('',#1966,#503,#1976,.T.);
#1976 = LINE('',#1977,#1978);
#1977 = CARTESIAN_POINT('',(-93.51014647154,-30.84922958561,12.5));
#1978 = VECTOR('',#1979,1.);
#1979 = DIRECTION('',(0.,0.,1.));
#1980 = PLANE('',#1981);
#1981 = AXIS2_PLACEMENT_3D('',#1982,#1983,#1984);
#1982 = CARTESIAN_POINT('',(-94.41008240349,-31.02144421988,12.5));
#1983 = DIRECTION('',(-0.1879527544,0.982178070471,0.));
#1984 = DIRECTION('',(0.982178070471,0.1879527544,0.));
#1985 = ADVANCED_FACE('',(#1986),#2004,.T.);
#1986 = FACE_BOUND('',#1987,.T.);
#1987 = EDGE_LOOP('',(#1988,#1996,#2002,#2003));
#1988 = ORIENTED_EDGE('',*,*,#1989,.T.);
#1989 = EDGE_CURVE('',#1942,#1990,#1992,.T.);
#1990 = VERTEX_POINT('',#1991);
#1991 = CARTESIAN_POINT('',(-97.74468430268,-24.40677010324,13.));
#1992 = LINE('',#1993,#1994);
#1993 = CARTESIAN_POINT('',(-113.6146987205,-25.56290891737,13.));
#1994 = VECTOR('',#1995,1.);
#1995 = DIRECTION('',(0.997356916701,7.265797072261E-02,-0.));
#1996 = ORIENTED_EDGE('',*,*,#1997,.T.);
#1997 = EDGE_CURVE('',#1990,#383,#1998,.T.);
#1998 = LINE('',#1999,#2000);
#1999 = CARTESIAN_POINT('',(-97.74468430268,-24.40677010324,12.5));
#2000 = VECTOR('',#2001,1.);
#2001 = DIRECTION('',(0.,0.,1.));
#2002 = ORIENTED_EDGE('',*,*,#382,.F.);
#2003 = ORIENTED_EDGE('',*,*,#1949,.F.);
#2004 = PLANE('',#2005);
#2005 = AXIS2_PLACEMENT_3D('',#2006,#2007,#2008);
#2006 = CARTESIAN_POINT('',(-97.74468430268,-24.40677010324,12.5));
#2007 = DIRECTION('',(7.265797072261E-02,-0.997356916701,0.));
#2008 = DIRECTION('',(-0.997356916701,-7.265797072261E-02,0.));
#2009 = ADVANCED_FACE('',(#2010),#2028,.T.);
#2010 = FACE_BOUND('',#2011,.T.);
#2011 = EDGE_LOOP('',(#2012,#2020,#2021,#2022));
#2012 = ORIENTED_EDGE('',*,*,#2013,.T.);
#2013 = EDGE_CURVE('',#2014,#1966,#2016,.T.);
#2014 = VERTEX_POINT('',#2015);
#2015 = CARTESIAN_POINT('',(-92.61560007161,-30.65091342326,13.));
#2016 = LINE('',#2017,#2018);
#2017 = CARTESIAN_POINT('',(-113.7283883734,-35.33150590329,13.));
#2018 = VECTOR('',#2019,1.);
#2019 = DIRECTION('',(-0.97629600712,-0.216439613938,0.));
#2020 = ORIENTED_EDGE('',*,*,#1975,.T.);
#2021 = ORIENTED_EDGE('',*,*,#502,.F.);
#2022 = ORIENTED_EDGE('',*,*,#2023,.F.);
#2023 = EDGE_CURVE('',#2014,#495,#2024,.T.);
#2024 = LINE('',#2025,#2026);
#2025 = CARTESIAN_POINT('',(-92.61560007161,-30.65091342326,12.5));
#2026 = VECTOR('',#2027,1.);
#2027 = DIRECTION('',(0.,0.,1.));
#2028 = PLANE('',#2029);
#2029 = AXIS2_PLACEMENT_3D('',#2030,#2031,#2032);
#2030 = CARTESIAN_POINT('',(-93.51014647154,-30.84922958561,12.5));
#2031 = DIRECTION('',(-0.216439613938,0.97629600712,0.));
#2032 = DIRECTION('',(0.97629600712,0.216439613938,0.));
#2033 = ADVANCED_FACE('',(#2034),#2052,.T.);
#2034 = FACE_BOUND('',#2035,.T.);
#2035 = EDGE_LOOP('',(#2036,#2044,#2050,#2051));
#2036 = ORIENTED_EDGE('',*,*,#2037,.T.);
#2037 = EDGE_CURVE('',#1990,#2038,#2040,.T.);
#2038 = VERTEX_POINT('',#2039);
#2039 = CARTESIAN_POINT('',(-97.03572360393,-24.33433976467,13.));
#2040 = LINE('',#2041,#2042);
#2041 = CARTESIAN_POINT('',(-113.930922573,-26.06042272484,13.));
#2042 = VECTOR('',#2043,1.);
#2043 = DIRECTION('',(0.994821748296,0.101635078183,-0.));
#2044 = ORIENTED_EDGE('',*,*,#2045,.T.);
#2045 = EDGE_CURVE('',#2038,#391,#2046,.T.);
#2046 = LINE('',#2047,#2048);
#2047 = CARTESIAN_POINT('',(-97.03572360393,-24.33433976467,12.5));
#2048 = VECTOR('',#2049,1.);
#2049 = DIRECTION('',(0.,0.,1.));
#2050 = ORIENTED_EDGE('',*,*,#390,.F.);
#2051 = ORIENTED_EDGE('',*,*,#1997,.F.);
#2052 = PLANE('',#2053);
#2053 = AXIS2_PLACEMENT_3D('',#2054,#2055,#2056);
#2054 = CARTESIAN_POINT('',(-97.03572360393,-24.33433976467,12.5));
#2055 = DIRECTION('',(0.101635078183,-0.994821748296,0.));
#2056 = DIRECTION('',(-0.994821748296,-0.101635078183,0.));
#2057 = ADVANCED_FACE('',(#2058),#2076,.T.);
#2058 = FACE_BOUND('',#2059,.T.);
#2059 = EDGE_LOOP('',(#2060,#2068,#2069,#2070));
#2060 = ORIENTED_EDGE('',*,*,#2061,.T.);
#2061 = EDGE_CURVE('',#2062,#2014,#2064,.T.);
#2062 = VERTEX_POINT('',#2063);
#2063 = CARTESIAN_POINT('',(-91.72720007927,-30.4266635281,13.));
#2064 = LINE('',#2065,#2066);
#2065 = CARTESIAN_POINT('',(-113.6559461598,-35.96191685085,13.));
#2066 = VECTOR('',#2067,1.);
#2067 = DIRECTION('',(-0.969587899878,-0.244743343954,0.));
#2068 = ORIENTED_EDGE('',*,*,#2023,.T.);
#2069 = ORIENTED_EDGE('',*,*,#494,.F.);
#2070 = ORIENTED_EDGE('',*,*,#2071,.F.);
#2071 = EDGE_CURVE('',#2062,#487,#2072,.T.);
#2072 = LINE('',#2073,#2074);
#2073 = CARTESIAN_POINT('',(-91.72720007927,-30.4266635281,12.5));
#2074 = VECTOR('',#2075,1.);
#2075 = DIRECTION('',(0.,0.,1.));
#2076 = PLANE('',#2077);
#2077 = AXIS2_PLACEMENT_3D('',#2078,#2079,#2080);
#2078 = CARTESIAN_POINT('',(-92.61560007161,-30.65091342326,12.5));
#2079 = DIRECTION('',(-0.244743343954,0.969587899878,0.));
#2080 = DIRECTION('',(0.969587899878,0.244743343954,0.));
#2081 = ADVANCED_FACE('',(#2082),#2100,.T.);
#2082 = FACE_BOUND('',#2083,.T.);
#2083 = EDGE_LOOP('',(#2084,#2092,#2098,#2099));
#2084 = ORIENTED_EDGE('',*,*,#2085,.T.);
#2085 = EDGE_CURVE('',#2038,#2086,#2088,.T.);
#2086 = VERTEX_POINT('',#2087);
#2087 = CARTESIAN_POINT('',(-96.32916944697,-24.24132014523,13.));
#2088 = LINE('',#2089,#2090);
#2089 = CARTESIAN_POINT('',(-114.2148286662,-26.59601185245,13.));
#2090 = VECTOR('',#2091,1.);
#2091 = DIRECTION('',(0.991444861374,0.13052619222,-0.));
#2092 = ORIENTED_EDGE('',*,*,#2093,.T.);
#2093 = EDGE_CURVE('',#2086,#399,#2094,.T.);
#2094 = LINE('',#2095,#2096);
#2095 = CARTESIAN_POINT('',(-96.32916944697,-24.24132014523,12.5));
#2096 = VECTOR('',#2097,1.);
#2097 = DIRECTION('',(0.,0.,1.));
#2098 = ORIENTED_EDGE('',*,*,#398,.F.);
#2099 = ORIENTED_EDGE('',*,*,#2045,.F.);
#2100 = PLANE('',#2101);
#2101 = AXIS2_PLACEMENT_3D('',#2102,#2103,#2104);
#2102 = CARTESIAN_POINT('',(-96.32916944697,-24.24132014523,12.5));
#2103 = DIRECTION('',(0.13052619222,-0.991444861374,0.));
#2104 = DIRECTION('',(-0.991444861374,-0.13052619222,0.));
#2105 = ADVANCED_FACE('',(#2106),#2124,.T.);
#2106 = FACE_BOUND('',#2107,.T.);
#2107 = EDGE_LOOP('',(#2108,#2116,#2117,#2118));
#2108 = ORIENTED_EDGE('',*,*,#2109,.T.);
#2109 = EDGE_CURVE('',#2110,#2062,#2112,.T.);
#2110 = VERTEX_POINT('',#2111);
#2111 = CARTESIAN_POINT('',(-90.8456981696,-30.17666963793,13.));
#2112 = LINE('',#2113,#2114);
#2113 = CARTESIAN_POINT('',(-113.539886828,-36.61274021781,13.));
#2114 = VECTOR('',#2115,1.);
#2115 = DIRECTION('',(-0.962059424474,-0.272839996667,0.));
#2116 = ORIENTED_EDGE('',*,*,#2071,.T.);
#2117 = ORIENTED_EDGE('',*,*,#486,.F.);
#2118 = ORIENTED_EDGE('',*,*,#2119,.F.);
#2119 = EDGE_CURVE('',#2110,#479,#2120,.T.);
#2120 = LINE('',#2121,#2122);
#2121 = CARTESIAN_POINT('',(-90.8456981696,-30.17666963793,12.5));
#2122 = VECTOR('',#2123,1.);
#2123 = DIRECTION('',(0.,0.,1.));
#2124 = PLANE('',#2125);
#2125 = AXIS2_PLACEMENT_3D('',#2126,#2127,#2128);
#2126 = CARTESIAN_POINT('',(-91.72720007927,-30.4266635281,12.5));
#2127 = DIRECTION('',(-0.272839996667,0.962059424474,0.));
#2128 = DIRECTION('',(0.962059424474,0.272839996667,0.));
#2129 = ADVANCED_FACE('',(#2130),#2148,.T.);
#2130 = FACE_BOUND('',#2131,.T.);
#2131 = EDGE_LOOP('',(#2132,#2140,#2146,#2147));
#2132 = ORIENTED_EDGE('',*,*,#2133,.T.);
#2133 = EDGE_CURVE('',#2086,#2134,#2136,.T.);
#2134 = VERTEX_POINT('',#2135);
#2135 = CARTESIAN_POINT('',(-95.62561964716,-24.12778994879,13.));
#2136 = LINE('',#2137,#2138);
#2137 = CARTESIAN_POINT('',(-114.463661885,-27.16764105282,13.));
#2138 = VECTOR('',#2139,1.);
#2139 = DIRECTION('',(0.987229113117,0.159306868068,-0.));
#2140 = ORIENTED_EDGE('',*,*,#2141,.T.);
#2141 = EDGE_CURVE('',#2134,#407,#2142,.T.);
#2142 = LINE('',#2143,#2144);
#2143 = CARTESIAN_POINT('',(-95.62561964716,-24.12778994879,12.5));
#2144 = VECTOR('',#2145,1.);
#2145 = DIRECTION('',(0.,0.,1.));
#2146 = ORIENTED_EDGE('',*,*,#406,.F.);
#2147 = ORIENTED_EDGE('',*,*,#2093,.F.);
#2148 = PLANE('',#2149);
#2149 = AXIS2_PLACEMENT_3D('',#2150,#2151,#2152);
#2150 = CARTESIAN_POINT('',(-95.62561964716,-24.12778994879,12.5));
#2151 = DIRECTION('',(0.159306868068,-0.987229113117,0.));
#2152 = DIRECTION('',(-0.987229113117,-0.159306868068,0.));
#2153 = ADVANCED_FACE('',(#2154),#2172,.T.);
#2154 = FACE_BOUND('',#2155,.T.);
#2155 = EDGE_LOOP('',(#2156,#2164,#2165,#2166));
#2156 = ORIENTED_EDGE('',*,*,#2157,.T.);
#2157 = EDGE_CURVE('',#2158,#2110,#2160,.T.);
#2158 = VERTEX_POINT('',#2159);
#2159 = CARTESIAN_POINT('',(-89.97184018122,-29.90114327255,13.));
#2160 = LINE('',#2161,#2162);
#2161 = CARTESIAN_POINT('',(-113.3783530728,-37.28118843916,13.));
#2162 = VECTOR('',#2163,1.);
#2163 = DIRECTION('',(-0.953716950748,-0.300705799504,0.));
#2164 = ORIENTED_EDGE('',*,*,#2119,.T.);
#2165 = ORIENTED_EDGE('',*,*,#478,.F.);
#2166 = ORIENTED_EDGE('',*,*,#2167,.F.);
#2167 = EDGE_CURVE('',#2158,#471,#2168,.T.);
#2168 = LINE('',#2169,#2170);
#2169 = CARTESIAN_POINT('',(-89.97184018122,-29.90114327255,12.5));
#2170 = VECTOR('',#2171,1.);
#2171 = DIRECTION('',(0.,0.,1.));
#2172 = PLANE('',#2173);
#2173 = AXIS2_PLACEMENT_3D('',#2174,#2175,#2176);
#2174 = CARTESIAN_POINT('',(-90.8456981696,-30.17666963793,12.5));
#2175 = DIRECTION('',(-0.300705799504,0.953716950748,0.));
#2176 = DIRECTION('',(0.953716950748,0.300705799504,0.));
#2177 = ADVANCED_FACE('',(#2178),#2196,.T.);
#2178 = FACE_BOUND('',#2179,.T.);
#2179 = EDGE_LOOP('',(#2180,#2188,#2194,#2195));
#2180 = ORIENTED_EDGE('',*,*,#2181,.T.);
#2181 = EDGE_CURVE('',#2134,#2182,#2184,.T.);
#2182 = VERTEX_POINT('',#2183);
#2183 = CARTESIAN_POINT('',(-94.92566947786,-23.99384523325,13.));
#2184 = LINE('',#2185,#2186);
#2185 = CARTESIAN_POINT('',(-114.6747930339,-27.77310103315,13.));
#2186 = VECTOR('',#2187,1.);
#2187 = DIRECTION('',(0.982178070471,0.1879527544,-0.));
#2188 = ORIENTED_EDGE('',*,*,#2189,.T.);
#2189 = EDGE_CURVE('',#2182,#415,#2190,.T.);
#2190 = LINE('',#2191,#2192);
#2191 = CARTESIAN_POINT('',(-94.92566947786,-23.99384523325,12.5));
#2192 = VECTOR('',#2193,1.);
#2193 = DIRECTION('',(0.,0.,1.));
#2194 = ORIENTED_EDGE('',*,*,#414,.F.);
#2195 = ORIENTED_EDGE('',*,*,#2141,.F.);
#2196 = PLANE('',#2197);
#2197 = AXIS2_PLACEMENT_3D('',#2198,#2199,#2200);
#2198 = CARTESIAN_POINT('',(-94.92566947786,-23.99384523325,12.5));
#2199 = DIRECTION('',(0.1879527544,-0.982178070471,0.));
#2200 = DIRECTION('',(-0.982178070471,-0.1879527544,0.));
#2201 = ADVANCED_FACE('',(#2202),#2220,.T.);
#2202 = FACE_BOUND('',#2203,.T.);
#2203 = EDGE_LOOP('',(#2204,#2212,#2213,#2214));
#2204 = ORIENTED_EDGE('',*,*,#2205,.T.);
#2205 = EDGE_CURVE('',#2206,#2158,#2208,.T.);
#2206 = VERTEX_POINT('',#2207);
#2207 = CARTESIAN_POINT('',(-89.10636548524,-29.60031755475,13.));
#2208 = LINE('',#2209,#2210);
#2209 = CARTESIAN_POINT('',(-113.1696594378,-37.96434911962,13.));
#2210 = VECTOR('',#2211,1.);
#2211 = DIRECTION('',(-0.944567537268,-0.328317175214,0.));
#2212 = ORIENTED_EDGE('',*,*,#2167,.T.);
#2213 = ORIENTED_EDGE('',*,*,#470,.F.);
#2214 = ORIENTED_EDGE('',*,*,#2215,.F.);
#2215 = EDGE_CURVE('',#2206,#463,#2216,.T.);
#2216 = LINE('',#2217,#2218);
#2217 = CARTESIAN_POINT('',(-89.10636548524,-29.60031755475,12.5));
#2218 = VECTOR('',#2219,1.);
#2219 = DIRECTION('',(0.,0.,1.));
#2220 = PLANE('',#2221);
#2221 = AXIS2_PLACEMENT_3D('',#2222,#2223,#2224);
#2222 = CARTESIAN_POINT('',(-89.97184018122,-29.90114327255,12.5));
#2223 = DIRECTION('',(-0.328317175214,0.944567537268,0.));
#2224 = DIRECTION('',(0.944567537268,0.328317175214,0.));
#2225 = ADVANCED_FACE('',(#2226),#2244,.T.);
#2226 = FACE_BOUND('',#2227,.T.);
#2227 = EDGE_LOOP('',(#2228,#2236,#2242,#2243));
#2228 = ORIENTED_EDGE('',*,*,#2229,.T.);
#2229 = EDGE_CURVE('',#2182,#2230,#2232,.T.);
#2230 = VERTEX_POINT('',#2231);
#2231 = CARTESIAN_POINT('',(-94.22991116681,-23.8395993292,13.));
#2232 = LINE('',#2233,#2234);
#2233 = CARTESIAN_POINT('',(-114.8457292464,-28.41001616348,13.));
#2234 = VECTOR('',#2235,1.);
#2235 = DIRECTION('',(0.97629600712,0.216439613938,-0.));
#2236 = ORIENTED_EDGE('',*,*,#2237,.T.);
#2237 = EDGE_CURVE('',#2230,#423,#2238,.T.);
#2238 = LINE('',#2239,#2240);
#2239 = CARTESIAN_POINT('',(-94.22991116681,-23.8395993292,12.5));
#2240 = VECTOR('',#2241,1.);
#2241 = DIRECTION('',(0.,0.,1.));
#2242 = ORIENTED_EDGE('',*,*,#422,.F.);
#2243 = ORIENTED_EDGE('',*,*,#2189,.F.);
#2244 = PLANE('',#2245);
#2245 = AXIS2_PLACEMENT_3D('',#2246,#2247,#2248);
#2246 = CARTESIAN_POINT('',(-94.22991116681,-23.8395993292,12.5));
#2247 = DIRECTION('',(0.216439613938,-0.97629600712,0.));
#2248 = DIRECTION('',(-0.97629600712,-0.216439613938,0.));
#2249 = ADVANCED_FACE('',(#2250),#2268,.T.);
#2250 = FACE_BOUND('',#2251,.T.);
#2251 = EDGE_LOOP('',(#2252,#2260,#2261,#2262));
#2252 = ORIENTED_EDGE('',*,*,#2253,.T.);
#2253 = EDGE_CURVE('',#2254,#2206,#2256,.T.);
#2254 = VERTEX_POINT('',#2255);
#2255 = CARTESIAN_POINT('',(-91.50050648852,-23.02246920925,13.));
#2256 = LINE('',#2257,#2258);
#2257 = CARTESIAN_POINT('',(-83.76878989781,-44.26518595583,13.));
#2258 = VECTOR('',#2259,1.);
#2259 = DIRECTION('',(0.342020143326,-0.939692620786,0.));
#2260 = ORIENTED_EDGE('',*,*,#2215,.T.);
#2261 = ORIENTED_EDGE('',*,*,#462,.F.);
#2262 = ORIENTED_EDGE('',*,*,#2263,.F.);
#2263 = EDGE_CURVE('',#2254,#455,#2264,.T.);
#2264 = LINE('',#2265,#2266);
#2265 = CARTESIAN_POINT('',(-91.50050648852,-23.02246920925,12.5));
#2266 = VECTOR('',#2267,1.);
#2267 = DIRECTION('',(0.,0.,1.));
#2268 = PLANE('',#2269);
#2269 = AXIS2_PLACEMENT_3D('',#2270,#2271,#2272);
#2270 = CARTESIAN_POINT('',(-89.10636548524,-29.60031755475,12.5));
#2271 = DIRECTION('',(-0.939692620786,-0.342020143326,0.));
#2272 = DIRECTION('',(-0.342020143326,0.939692620786,0.));
#2273 = ADVANCED_FACE('',(#2274),#2292,.T.);
#2274 = FACE_BOUND('',#2275,.T.);
#2275 = EDGE_LOOP('',(#2276,#2284,#2290,#2291));
#2276 = ORIENTED_EDGE('',*,*,#2277,.T.);
#2277 = EDGE_CURVE('',#2230,#2278,#2280,.T.);
#2278 = VERTEX_POINT('',#2279);
#2279 = CARTESIAN_POINT('',(-93.53893339498,-23.66518274408,13.));
#2280 = LINE('',#2281,#2282);
#2281 = CARTESIAN_POINT('',(-114.9741239243,-29.07585279174,13.));
#2282 = VECTOR('',#2283,1.);
#2283 = DIRECTION('',(0.969587899878,0.244743343954,-0.));
#2284 = ORIENTED_EDGE('',*,*,#2285,.T.);
#2285 = EDGE_CURVE('',#2278,#431,#2286,.T.);
#2286 = LINE('',#2287,#2288);
#2287 = CARTESIAN_POINT('',(-93.53893339498,-23.66518274408,12.5));
#2288 = VECTOR('',#2289,1.);
#2289 = DIRECTION('',(0.,0.,1.));
#2290 = ORIENTED_EDGE('',*,*,#430,.F.);
#2291 = ORIENTED_EDGE('',*,*,#2237,.F.);
#2292 = PLANE('',#2293);
#2293 = AXIS2_PLACEMENT_3D('',#2294,#2295,#2296);
#2294 = CARTESIAN_POINT('',(-93.53893339498,-23.66518274408,12.5));
#2295 = DIRECTION('',(0.244743343954,-0.969587899878,0.));
#2296 = DIRECTION('',(-0.969587899878,-0.244743343954,0.));
#2297 = ADVANCED_FACE('',(#2298),#2316,.T.);
#2298 = FACE_BOUND('',#2299,.T.);
#2299 = EDGE_LOOP('',(#2300,#2308,#2309,#2310));
#2300 = ORIENTED_EDGE('',*,*,#2301,.T.);
#2301 = EDGE_CURVE('',#2302,#2254,#2304,.T.);
#2302 = VERTEX_POINT('',#2303);
#2303 = CARTESIAN_POINT('',(-92.17365347428,-23.25644476753,13.));
#2304 = LINE('',#2305,#2306);
#2305 = CARTESIAN_POINT('',(-115.0829811656,-31.21937537535,13.));
#2306 = VECTOR('',#2307,1.);
#2307 = DIRECTION('',(0.944567537268,0.328317175214,-0.));
#2308 = ORIENTED_EDGE('',*,*,#2263,.T.);
#2309 = ORIENTED_EDGE('',*,*,#454,.F.);
#2310 = ORIENTED_EDGE('',*,*,#2311,.F.);
#2311 = EDGE_CURVE('',#2302,#447,#2312,.T.);
#2312 = LINE('',#2313,#2314);
#2313 = CARTESIAN_POINT('',(-92.17365347428,-23.25644476753,12.5));
#2314 = VECTOR('',#2315,1.);
#2315 = DIRECTION('',(0.,0.,1.));
#2316 = PLANE('',#2317);
#2317 = AXIS2_PLACEMENT_3D('',#2318,#2319,#2320);
#2318 = CARTESIAN_POINT('',(-91.50050648852,-23.02246920925,12.5));
#2319 = DIRECTION('',(0.328317175214,-0.944567537268,0.));
#2320 = DIRECTION('',(-0.944567537268,-0.328317175214,0.));
#2321 = ADVANCED_FACE('',(#2322),#2340,.T.);
#2322 = FACE_BOUND('',#2323,.T.);
#2323 = EDGE_LOOP('',(#2324,#2332,#2338,#2339));
#2324 = ORIENTED_EDGE('',*,*,#2325,.T.);
#2325 = EDGE_CURVE('',#2278,#2326,#2328,.T.);
#2326 = VERTEX_POINT('',#2327);
#2327 = CARTESIAN_POINT('',(-92.85332079857,-23.47074305172,13.));
#2328 = LINE('',#2329,#2330);
#2329 = CARTESIAN_POINT('',(-115.0577861738,-29.76792813706,13.));
#2330 = VECTOR('',#2331,1.);
#2331 = DIRECTION('',(0.962059424474,0.272839996667,-0.));
#2332 = ORIENTED_EDGE('',*,*,#2333,.T.);
#2333 = EDGE_CURVE('',#2326,#439,#2334,.T.);
#2334 = LINE('',#2335,#2336);
#2335 = CARTESIAN_POINT('',(-92.85332079857,-23.47074305172,12.5));
#2336 = VECTOR('',#2337,1.);
#2337 = DIRECTION('',(0.,0.,1.));
#2338 = ORIENTED_EDGE('',*,*,#438,.F.);
#2339 = ORIENTED_EDGE('',*,*,#2285,.F.);
#2340 = PLANE('',#2341);
#2341 = AXIS2_PLACEMENT_3D('',#2342,#2343,#2344);
#2342 = CARTESIAN_POINT('',(-92.85332079857,-23.47074305172,12.5));
#2343 = DIRECTION('',(0.272839996667,-0.962059424474,0.));
#2344 = DIRECTION('',(-0.962059424474,-0.272839996667,0.));
#2345 = ADVANCED_FACE('',(#2346),#2357,.T.);
#2346 = FACE_BOUND('',#2347,.T.);
#2347 = EDGE_LOOP('',(#2348,#2354,#2355,#2356));
#2348 = ORIENTED_EDGE('',*,*,#2349,.T.);
#2349 = EDGE_CURVE('',#2326,#2302,#2350,.T.);
#2350 = LINE('',#2351,#2352);
#2351 = CARTESIAN_POINT('',(-115.0946897057,-30.48341973116,13.));
#2352 = VECTOR('',#2353,1.);
#2353 = DIRECTION('',(0.953716950748,0.300705799504,-0.));
#2354 = ORIENTED_EDGE('',*,*,#2311,.T.);
#2355 = ORIENTED_EDGE('',*,*,#446,.F.);
#2356 = ORIENTED_EDGE('',*,*,#2333,.F.);
#2357 = PLANE('',#2358);
#2358 = AXIS2_PLACEMENT_3D('',#2359,#2360,#2361);
#2359 = CARTESIAN_POINT('',(-92.17365347428,-23.25644476753,12.5));
#2360 = DIRECTION('',(0.300705799504,-0.953716950748,0.));
#2361 = DIRECTION('',(-0.953716950748,-0.300705799504,0.));
#2362 = ADVANCED_FACE('',(#2363),#2382,.F.);
#2363 = FACE_BOUND('',#2364,.F.);
#2364 = EDGE_LOOP('',(#2365,#2366,#2374,#2381));
#2365 = ORIENTED_EDGE('',*,*,#646,.F.);
#2366 = ORIENTED_EDGE('',*,*,#2367,.F.);
#2367 = EDGE_CURVE('',#2368,#647,#2370,.T.);
#2368 = VERTEX_POINT('',#2369);
#2369 = CARTESIAN_POINT('',(-96.68,-7.837739514543E-16,13.));
#2370 = LINE('',#2371,#2372);
#2371 = CARTESIAN_POINT('',(-96.68,-7.837739514543E-16,12.));
#2372 = VECTOR('',#2373,1.);
#2373 = DIRECTION('',(0.,0.,1.));
#2374 = ORIENTED_EDGE('',*,*,#2375,.T.);
#2375 = EDGE_CURVE('',#2368,#2368,#2376,.T.);
#2376 = CIRCLE('',#2377,3.2);
#2377 = AXIS2_PLACEMENT_3D('',#2378,#2379,#2380);
#2378 = CARTESIAN_POINT('',(-99.88,0.,13.));
#2379 = DIRECTION('',(0.,0.,1.));
#2380 = DIRECTION('',(1.,0.,-0.));
#2381 = ORIENTED_EDGE('',*,*,#2367,.T.);
#2382 = CYLINDRICAL_SURFACE('',#2383,3.2);
#2383 = AXIS2_PLACEMENT_3D('',#2384,#2385,#2386);
#2384 = CARTESIAN_POINT('',(-99.88,0.,12.));
#2385 = DIRECTION('',(0.,0.,1.));
#2386 = DIRECTION('',(1.,0.,-0.));
#2387 = ADVANCED_FACE('',(#2388),#2413,.T.);
#2388 = FACE_BOUND('',#2389,.T.);
#2389 = EDGE_LOOP('',(#2390,#2400,#2406,#2407));
#2390 = ORIENTED_EDGE('',*,*,#2391,.T.);
#2391 = EDGE_CURVE('',#2392,#2394,#2396,.T.);
#2392 = VERTEX_POINT('',#2393);
#2393 = CARTESIAN_POINT('',(-90.8456981696,30.176669637938,13.));
#2394 = VERTEX_POINT('',#2395);
#2395 = CARTESIAN_POINT('',(-89.97184018122,29.901143272551,13.));
#2396 = LINE('',#2397,#2398);
#2397 = CARTESIAN_POINT('',(-91.0881618537,30.253118143884,13.));
#2398 = VECTOR('',#2399,1.);
#2399 = DIRECTION('',(0.953716950748,-0.300705799504,0.));
#2400 = ORIENTED_EDGE('',*,*,#2401,.T.);
#2401 = EDGE_CURVE('',#2394,#660,#2402,.T.);
#2402 = LINE('',#2403,#2404);
#2403 = CARTESIAN_POINT('',(-89.97184018122,29.901143272551,12.5));
#2404 = VECTOR('',#2405,1.);
#2405 = DIRECTION('',(0.,0.,1.));
#2406 = ORIENTED_EDGE('',*,*,#657,.F.);
#2407 = ORIENTED_EDGE('',*,*,#2408,.F.);
#2408 = EDGE_CURVE('',#2392,#658,#2409,.T.);
#2409 = LINE('',#2410,#2411);
#2410 = CARTESIAN_POINT('',(-90.8456981696,30.176669637938,12.5));
#2411 = VECTOR('',#2412,1.);
#2412 = DIRECTION('',(0.,0.,1.));
#2413 = PLANE('',#2414);
#2414 = AXIS2_PLACEMENT_3D('',#2415,#2416,#2417);
#2415 = CARTESIAN_POINT('',(-89.97184018122,29.901143272551,12.5));
#2416 = DIRECTION('',(-0.300705799504,-0.953716950748,0.));
#2417 = DIRECTION('',(-0.953716950748,0.300705799504,0.));
#2418 = ADVANCED_FACE('',(#2419),#2437,.T.);
#2419 = FACE_BOUND('',#2420,.T.);
#2420 = EDGE_LOOP('',(#2421,#2429,#2430,#2431));
#2421 = ORIENTED_EDGE('',*,*,#2422,.T.);
#2422 = EDGE_CURVE('',#2423,#2392,#2425,.T.);
#2423 = VERTEX_POINT('',#2424);
#2424 = CARTESIAN_POINT('',(-91.72720007927,30.426663528106,13.));
#2425 = LINE('',#2426,#2427);
#2426 = CARTESIAN_POINT('',(-93.09752816248,30.815288492579,13.));
#2427 = VECTOR('',#2428,1.);
#2428 = DIRECTION('',(0.962059424474,-0.272839996667,0.));
#2429 = ORIENTED_EDGE('',*,*,#2408,.T.);
#2430 = ORIENTED_EDGE('',*,*,#1051,.F.);
#2431 = ORIENTED_EDGE('',*,*,#2432,.F.);
#2432 = EDGE_CURVE('',#2423,#1044,#2433,.T.);
#2433 = LINE('',#2434,#2435);
#2434 = CARTESIAN_POINT('',(-91.72720007927,30.426663528106,12.5));
#2435 = VECTOR('',#2436,1.);
#2436 = DIRECTION('',(0.,0.,1.));
#2437 = PLANE('',#2438);
#2438 = AXIS2_PLACEMENT_3D('',#2439,#2440,#2441);
#2439 = CARTESIAN_POINT('',(-90.8456981696,30.176669637938,12.5));
#2440 = DIRECTION('',(-0.272839996667,-0.962059424474,0.));
#2441 = DIRECTION('',(-0.962059424474,0.272839996667,0.));
#2442 = ADVANCED_FACE('',(#2443),#2461,.T.);
#2443 = FACE_BOUND('',#2444,.T.);
#2444 = EDGE_LOOP('',(#2445,#2453,#2459,#2460));
#2445 = ORIENTED_EDGE('',*,*,#2446,.T.);
#2446 = EDGE_CURVE('',#2394,#2447,#2449,.T.);
#2447 = VERTEX_POINT('',#2448);
#2448 = CARTESIAN_POINT('',(-89.10636548524,29.600317554756,13.));
#2449 = LINE('',#2450,#2451);
#2450 = CARTESIAN_POINT('',(-89.10594987255,29.600173094166,13.));
#2451 = VECTOR('',#2452,1.);
#2452 = DIRECTION('',(0.944567537268,-0.328317175214,0.));
#2453 = ORIENTED_EDGE('',*,*,#2454,.T.);
#2454 = EDGE_CURVE('',#2447,#668,#2455,.T.);
#2455 = LINE('',#2456,#2457);
#2456 = CARTESIAN_POINT('',(-89.10636548524,29.600317554756,12.5));
#2457 = VECTOR('',#2458,1.);
#2458 = DIRECTION('',(0.,0.,1.));
#2459 = ORIENTED_EDGE('',*,*,#667,.F.);
#2460 = ORIENTED_EDGE('',*,*,#2401,.F.);
#2461 = PLANE('',#2462);
#2462 = AXIS2_PLACEMENT_3D('',#2463,#2464,#2465);
#2463 = CARTESIAN_POINT('',(-89.10636548524,29.600317554756,12.5));
#2464 = DIRECTION('',(-0.328317175214,-0.944567537268,0.));
#2465 = DIRECTION('',(-0.944567537268,0.328317175214,0.));
#2466 = ADVANCED_FACE('',(#2467),#2485,.T.);
#2467 = FACE_BOUND('',#2468,.T.);
#2468 = EDGE_LOOP('',(#2469,#2477,#2478,#2479));
#2469 = ORIENTED_EDGE('',*,*,#2470,.T.);
#2470 = EDGE_CURVE('',#2471,#2423,#2473,.T.);
#2471 = VERTEX_POINT('',#2472);
#2472 = CARTESIAN_POINT('',(-92.61560007161,30.650913423264,13.));
#2473 = LINE('',#2474,#2475);
#2474 = CARTESIAN_POINT('',(-95.12947207633,31.285464907236,13.));
#2475 = VECTOR('',#2476,1.);
#2476 = DIRECTION('',(0.969587899878,-0.244743343954,0.));
#2477 = ORIENTED_EDGE('',*,*,#2432,.T.);
#2478 = ORIENTED_EDGE('',*,*,#1043,.F.);
#2479 = ORIENTED_EDGE('',*,*,#2480,.F.);
#2480 = EDGE_CURVE('',#2471,#1036,#2481,.T.);
#2481 = LINE('',#2482,#2483);
#2482 = CARTESIAN_POINT('',(-92.61560007161,30.650913423264,12.5));
#2483 = VECTOR('',#2484,1.);
#2484 = DIRECTION('',(0.,0.,1.));
#2485 = PLANE('',#2486);
#2486 = AXIS2_PLACEMENT_3D('',#2487,#2488,#2489);
#2487 = CARTESIAN_POINT('',(-91.72720007927,30.426663528106,12.5));
#2488 = DIRECTION('',(-0.244743343954,-0.969587899878,0.));
#2489 = DIRECTION('',(-0.969587899878,0.244743343954,0.));
#2490 = ADVANCED_FACE('',(#2491),#2509,.T.);
#2491 = FACE_BOUND('',#2492,.T.);
#2492 = EDGE_LOOP('',(#2493,#2501,#2507,#2508));
#2493 = ORIENTED_EDGE('',*,*,#2494,.T.);
#2494 = EDGE_CURVE('',#2447,#2495,#2497,.T.);
#2495 = VERTEX_POINT('',#2496);
#2496 = CARTESIAN_POINT('',(-91.50050648852,23.022469209255,13.));
#2497 = LINE('',#2498,#2499);
#2498 = CARTESIAN_POINT('',(-109.4560683285,-26.31003149975,13.));
#2499 = VECTOR('',#2500,1.);
#2500 = DIRECTION('',(-0.342020143326,-0.939692620786,0.));
#2501 = ORIENTED_EDGE('',*,*,#2502,.T.);
#2502 = EDGE_CURVE('',#2495,#676,#2503,.T.);
#2503 = LINE('',#2504,#2505);
#2504 = CARTESIAN_POINT('',(-91.50050648852,23.022469209255,12.5));
#2505 = VECTOR('',#2506,1.);
#2506 = DIRECTION('',(0.,0.,1.));
#2507 = ORIENTED_EDGE('',*,*,#675,.F.);
#2508 = ORIENTED_EDGE('',*,*,#2454,.F.);
#2509 = PLANE('',#2510);
#2510 = AXIS2_PLACEMENT_3D('',#2511,#2512,#2513);
#2511 = CARTESIAN_POINT('',(-91.50050648852,23.022469209255,12.5));
#2512 = DIRECTION('',(-0.939692620786,0.342020143326,0.));
#2513 = DIRECTION('',(0.342020143326,0.939692620786,0.));
#2514 = ADVANCED_FACE('',(#2515),#2533,.T.);
#2515 = FACE_BOUND('',#2516,.T.);
#2516 = EDGE_LOOP('',(#2517,#2525,#2526,#2527));
#2517 = ORIENTED_EDGE('',*,*,#2518,.T.);
#2518 = EDGE_CURVE('',#2519,#2471,#2521,.T.);
#2519 = VERTEX_POINT('',#2520);
#2520 = CARTESIAN_POINT('',(-93.51014647154,30.849229585615,13.));
#2521 = LINE('',#2522,#2523);
#2522 = CARTESIAN_POINT('',(-97.17935940117,31.662674508215,13.));
#2523 = VECTOR('',#2524,1.);
#2524 = DIRECTION('',(0.97629600712,-0.216439613938,0.));
#2525 = ORIENTED_EDGE('',*,*,#2480,.T.);
#2526 = ORIENTED_EDGE('',*,*,#1035,.F.);
#2527 = ORIENTED_EDGE('',*,*,#2528,.F.);
#2528 = EDGE_CURVE('',#2519,#1028,#2529,.T.);
#2529 = LINE('',#2530,#2531);
#2530 = CARTESIAN_POINT('',(-93.51014647154,30.849229585615,12.5));
#2531 = VECTOR('',#2532,1.);
#2532 = DIRECTION('',(0.,0.,1.));
#2533 = PLANE('',#2534);
#2534 = AXIS2_PLACEMENT_3D('',#2535,#2536,#2537);
#2535 = CARTESIAN_POINT('',(-92.61560007161,30.650913423264,12.5));
#2536 = DIRECTION('',(-0.216439613938,-0.97629600712,0.));
#2537 = DIRECTION('',(-0.97629600712,0.216439613938,0.));
#2538 = ADVANCED_FACE('',(#2539),#2557,.T.);
#2539 = FACE_BOUND('',#2540,.T.);
#2540 = EDGE_LOOP('',(#2541,#2549,#2555,#2556));
#2541 = ORIENTED_EDGE('',*,*,#2542,.T.);
#2542 = EDGE_CURVE('',#2495,#2543,#2545,.T.);
#2543 = VERTEX_POINT('',#2544);
#2544 = CARTESIAN_POINT('',(-92.17365347428,23.256444767539,13.));
#2545 = LINE('',#2546,#2547);
#2546 = CARTESIAN_POINT('',(-91.78858244116,23.12259998793,13.));
#2547 = VECTOR('',#2548,1.);
#2548 = DIRECTION('',(-0.944567537268,0.328317175214,0.));
#2549 = ORIENTED_EDGE('',*,*,#2550,.T.);
#2550 = EDGE_CURVE('',#2543,#684,#2551,.T.);
#2551 = LINE('',#2552,#2553);
#2552 = CARTESIAN_POINT('',(-92.17365347428,23.256444767539,12.5));
#2553 = VECTOR('',#2554,1.);
#2554 = DIRECTION('',(0.,0.,1.));
#2555 = ORIENTED_EDGE('',*,*,#683,.F.);
#2556 = ORIENTED_EDGE('',*,*,#2502,.F.);
#2557 = PLANE('',#2558);
#2558 = AXIS2_PLACEMENT_3D('',#2559,#2560,#2561);
#2559 = CARTESIAN_POINT('',(-92.17365347428,23.256444767539,12.5));
#2560 = DIRECTION('',(0.328317175214,0.944567537268,-0.));
#2561 = DIRECTION('',(0.944567537268,-0.328317175214,0.));
#2562 = ADVANCED_FACE('',(#2563),#2581,.T.);
#2563 = FACE_BOUND('',#2564,.T.);
#2564 = EDGE_LOOP('',(#2565,#2573,#2574,#2575));
#2565 = ORIENTED_EDGE('',*,*,#2566,.T.);
#2566 = EDGE_CURVE('',#2567,#2519,#2569,.T.);
#2567 = VERTEX_POINT('',#2568);
#2568 = CARTESIAN_POINT('',(-94.41008240349,31.021444219885,13.));
#2569 = LINE('',#2570,#2571);
#2570 = CARTESIAN_POINT('',(-99.24251225569,31.946193538236,13.));
#2571 = VECTOR('',#2572,1.);
#2572 = DIRECTION('',(0.982178070471,-0.1879527544,0.));
#2573 = ORIENTED_EDGE('',*,*,#2528,.T.);
#2574 = ORIENTED_EDGE('',*,*,#1027,.F.);
#2575 = ORIENTED_EDGE('',*,*,#2576,.F.);
#2576 = EDGE_CURVE('',#2567,#1020,#2577,.T.);
#2577 = LINE('',#2578,#2579);
#2578 = CARTESIAN_POINT('',(-94.41008240349,31.021444219885,12.5));
#2579 = VECTOR('',#2580,1.);
#2580 = DIRECTION('',(0.,0.,1.));
#2581 = PLANE('',#2582);
#2582 = AXIS2_PLACEMENT_3D('',#2583,#2584,#2585);
#2583 = CARTESIAN_POINT('',(-93.51014647154,30.849229585615,12.5));
#2584 = DIRECTION('',(-0.1879527544,-0.982178070471,0.));
#2585 = DIRECTION('',(-0.982178070471,0.1879527544,0.));
#2586 = ADVANCED_FACE('',(#2587),#2605,.T.);
#2587 = FACE_BOUND('',#2588,.T.);
#2588 = EDGE_LOOP('',(#2589,#2597,#2603,#2604));
#2589 = ORIENTED_EDGE('',*,*,#2590,.T.);
#2590 = EDGE_CURVE('',#2543,#2591,#2593,.T.);
#2591 = VERTEX_POINT('',#2592);
#2592 = CARTESIAN_POINT('',(-92.85332079857,23.470743051729,13.));
#2593 = LINE('',#2594,#2595);
#2594 = CARTESIAN_POINT('',(-93.58126114289,23.700261760669,13.));
#2595 = VECTOR('',#2596,1.);
#2596 = DIRECTION('',(-0.953716950748,0.300705799504,0.));
#2597 = ORIENTED_EDGE('',*,*,#2598,.T.);
#2598 = EDGE_CURVE('',#2591,#692,#2599,.T.);
#2599 = LINE('',#2600,#2601);
#2600 = CARTESIAN_POINT('',(-92.85332079857,23.470743051729,12.5));
#2601 = VECTOR('',#2602,1.);
#2602 = DIRECTION('',(0.,0.,1.));
#2603 = ORIENTED_EDGE('',*,*,#691,.F.);
#2604 = ORIENTED_EDGE('',*,*,#2550,.F.);
#2605 = PLANE('',#2606);
#2606 = AXIS2_PLACEMENT_3D('',#2607,#2608,#2609);
#2607 = CARTESIAN_POINT('',(-92.85332079857,23.470743051729,12.5));
#2608 = DIRECTION('',(0.300705799504,0.953716950748,-0.));
#2609 = DIRECTION('',(0.953716950748,-0.300705799504,0.));
#2610 = ADVANCED_FACE('',(#2611),#2629,.T.);
#2611 = FACE_BOUND('',#2612,.T.);
#2612 = EDGE_LOOP('',(#2613,#2621,#2622,#2623));
#2613 = ORIENTED_EDGE('',*,*,#2614,.T.);
#2614 = EDGE_CURVE('',#2615,#2567,#2617,.T.);
#2615 = VERTEX_POINT('',#2616);
#2616 = CARTESIAN_POINT('',(-95.31464643182,31.1674116153,13.));
#2617 = LINE('',#2618,#2619);
#2618 = CARTESIAN_POINT('',(-101.3142229891,32.13554934379,13.));
#2619 = VECTOR('',#2620,1.);
#2620 = DIRECTION('',(0.987229113117,-0.159306868068,0.));
#2621 = ORIENTED_EDGE('',*,*,#2576,.T.);
#2622 = ORIENTED_EDGE('',*,*,#1019,.F.);
#2623 = ORIENTED_EDGE('',*,*,#2624,.F.);
#2624 = EDGE_CURVE('',#2615,#1012,#2625,.T.);
#2625 = LINE('',#2626,#2627);
#2626 = CARTESIAN_POINT('',(-95.31464643182,31.1674116153,12.5));
#2627 = VECTOR('',#2628,1.);
#2628 = DIRECTION('',(0.,0.,1.));
#2629 = PLANE('',#2630);
#2630 = AXIS2_PLACEMENT_3D('',#2631,#2632,#2633);
#2631 = CARTESIAN_POINT('',(-94.41008240349,31.021444219885,12.5));
#2632 = DIRECTION('',(-0.159306868068,-0.987229113117,0.));
#2633 = DIRECTION('',(-0.987229113117,0.159306868068,0.));
#2634 = ADVANCED_FACE('',(#2635),#2653,.T.);
#2635 = FACE_BOUND('',#2636,.T.);
#2636 = EDGE_LOOP('',(#2637,#2645,#2651,#2652));
#2637 = ORIENTED_EDGE('',*,*,#2638,.T.);
#2638 = EDGE_CURVE('',#2591,#2639,#2641,.T.);
#2639 = VERTEX_POINT('',#2640);
#2640 = CARTESIAN_POINT('',(-93.53893339498,23.665182744082,13.));
#2641 = LINE('',#2642,#2643);
#2642 = CARTESIAN_POINT('',(-95.39898476135,24.192693203094,13.));
#2643 = VECTOR('',#2644,1.);
#2644 = DIRECTION('',(-0.962059424474,0.272839996667,0.));
#2645 = ORIENTED_EDGE('',*,*,#2646,.T.);
#2646 = EDGE_CURVE('',#2639,#700,#2647,.T.);
#2647 = LINE('',#2648,#2649);
#2648 = CARTESIAN_POINT('',(-93.53893339498,23.665182744082,12.5));
#2649 = VECTOR('',#2650,1.);
#2650 = DIRECTION('',(0.,0.,1.));
#2651 = ORIENTED_EDGE('',*,*,#699,.F.);
#2652 = ORIENTED_EDGE('',*,*,#2598,.F.);
#2653 = PLANE('',#2654);
#2654 = AXIS2_PLACEMENT_3D('',#2655,#2656,#2657);
#2655 = CARTESIAN_POINT('',(-93.53893339498,23.665182744082,12.5));
#2656 = DIRECTION('',(0.272839996667,0.962059424474,-0.));
#2657 = DIRECTION('',(0.962059424474,-0.272839996667,0.));
#2658 = ADVANCED_FACE('',(#2659),#2677,.T.);
#2659 = FACE_BOUND('',#2660,.T.);
#2660 = EDGE_LOOP('',(#2661,#2669,#2670,#2671));
#2661 = ORIENTED_EDGE('',*,*,#2662,.T.);
#2662 = EDGE_CURVE('',#2663,#2615,#2665,.T.);
#2663 = VERTEX_POINT('',#2664);
#2664 = CARTESIAN_POINT('',(-96.22307320505,31.287008268871,13.));
#2665 = LINE('',#2666,#2667);
#2666 = CARTESIAN_POINT('',(-103.3897681868,32.230521562666,13.));
#2667 = VECTOR('',#2668,1.);
#2668 = DIRECTION('',(0.991444861374,-0.13052619222,0.));
#2669 = ORIENTED_EDGE('',*,*,#2624,.T.);
#2670 = ORIENTED_EDGE('',*,*,#1011,.F.);
#2671 = ORIENTED_EDGE('',*,*,#2672,.F.);
#2672 = EDGE_CURVE('',#2663,#1004,#2673,.T.);
#2673 = LINE('',#2674,#2675);
#2674 = CARTESIAN_POINT('',(-96.22307320505,31.287008268871,12.5));
#2675 = VECTOR('',#2676,1.);
#2676 = DIRECTION('',(0.,0.,1.));
#2677 = PLANE('',#2678);
#2678 = AXIS2_PLACEMENT_3D('',#2679,#2680,#2681);
#2679 = CARTESIAN_POINT('',(-95.31464643182,31.1674116153,12.5));
#2680 = DIRECTION('',(-0.13052619222,-0.991444861374,0.));
#2681 = DIRECTION('',(-0.991444861374,0.13052619222,0.));
#2682 = ADVANCED_FACE('',(#2683),#2701,.T.);
#2683 = FACE_BOUND('',#2684,.T.);
#2684 = EDGE_LOOP('',(#2685,#2693,#2699,#2700));
#2685 = ORIENTED_EDGE('',*,*,#2686,.T.);
#2686 = EDGE_CURVE('',#2639,#2687,#2689,.T.);
#2687 = VERTEX_POINT('',#2688);
#2688 = CARTESIAN_POINT('',(-94.22991116681,23.839599329206,13.));
#2689 = LINE('',#2690,#2691);
#2690 = CARTESIAN_POINT('',(-97.23733872283,24.598734088266,13.));
#2691 = VECTOR('',#2692,1.);
#2692 = DIRECTION('',(-0.969587899878,0.244743343954,0.));
#2693 = ORIENTED_EDGE('',*,*,#2694,.T.);
#2694 = EDGE_CURVE('',#2687,#708,#2695,.T.);
#2695 = LINE('',#2696,#2697);
#2696 = CARTESIAN_POINT('',(-94.22991116681,23.839599329206,12.5));
#2697 = VECTOR('',#2698,1.);
#2698 = DIRECTION('',(0.,0.,1.));
#2699 = ORIENTED_EDGE('',*,*,#707,.F.);
#2700 = ORIENTED_EDGE('',*,*,#2646,.F.);
#2701 = PLANE('',#2702);
#2702 = AXIS2_PLACEMENT_3D('',#2703,#2704,#2705);
#2703 = CARTESIAN_POINT('',(-94.22991116681,23.839599329206,12.5));
#2704 = DIRECTION('',(0.244743343954,0.969587899878,-0.));
#2705 = DIRECTION('',(0.969587899878,-0.244743343954,0.));
#2706 = ADVANCED_FACE('',(#2707),#2725,.T.);
#2707 = FACE_BOUND('',#2708,.T.);
#2708 = EDGE_LOOP('',(#2709,#2717,#2718,#2719));
#2709 = ORIENTED_EDGE('',*,*,#2710,.T.);
#2710 = EDGE_CURVE('',#2711,#2663,#2713,.T.);
#2711 = VERTEX_POINT('',#2712);
#2712 = CARTESIAN_POINT('',(-97.13459410344,31.38013298989,13.));
#2713 = LINE('',#2714,#2715);
#2714 = CARTESIAN_POINT('',(-105.4644227182,32.231142513918,13.));
#2715 = VECTOR('',#2716,1.);
#2716 = DIRECTION('',(0.994821748296,-0.101635078183,0.));
#2717 = ORIENTED_EDGE('',*,*,#2672,.T.);
#2718 = ORIENTED_EDGE('',*,*,#1003,.F.);
#2719 = ORIENTED_EDGE('',*,*,#2720,.F.);
#2720 = EDGE_CURVE('',#2711,#996,#2721,.T.);
#2721 = LINE('',#2722,#2723);
#2722 = CARTESIAN_POINT('',(-97.13459410344,31.38013298989,12.5));
#2723 = VECTOR('',#2724,1.);
#2724 = DIRECTION('',(0.,0.,1.));
#2725 = PLANE('',#2726);
#2726 = AXIS2_PLACEMENT_3D('',#2727,#2728,#2729);
#2727 = CARTESIAN_POINT('',(-96.22307320505,31.287008268871,12.5));
#2728 = DIRECTION('',(-0.101635078183,-0.994821748296,0.));
#2729 = DIRECTION('',(-0.994821748296,0.101635078183,0.));
#2730 = ADVANCED_FACE('',(#2731),#2749,.T.);
#2731 = FACE_BOUND('',#2732,.T.);
#2732 = EDGE_LOOP('',(#2733,#2741,#2747,#2748));
#2733 = ORIENTED_EDGE('',*,*,#2734,.T.);
#2734 = EDGE_CURVE('',#2687,#2735,#2737,.T.);
#2735 = VERTEX_POINT('',#2736);
#2736 = CARTESIAN_POINT('',(-94.92566947786,23.993845233256,13.));
#2737 = LINE('',#2738,#2739);
#2738 = CARTESIAN_POINT('',(-99.09185262967,24.917465801606,13.));
#2739 = VECTOR('',#2740,1.);
#2740 = DIRECTION('',(-0.97629600712,0.216439613938,0.));
#2741 = ORIENTED_EDGE('',*,*,#2742,.T.);
#2742 = EDGE_CURVE('',#2735,#716,#2743,.T.);
#2743 = LINE('',#2744,#2745);
#2744 = CARTESIAN_POINT('',(-94.92566947786,23.993845233256,12.5));
#2745 = VECTOR('',#2746,1.);
#2746 = DIRECTION('',(0.,0.,1.));
#2747 = ORIENTED_EDGE('',*,*,#715,.F.);
#2748 = ORIENTED_EDGE('',*,*,#2694,.F.);
#2749 = PLANE('',#2750);
#2750 = AXIS2_PLACEMENT_3D('',#2751,#2752,#2753);
#2751 = CARTESIAN_POINT('',(-94.92566947786,23.993845233256,12.5));
#2752 = DIRECTION('',(0.216439613938,0.97629600712,-0.));
#2753 = DIRECTION('',(0.97629600712,-0.216439613938,0.));
#2754 = ADVANCED_FACE('',(#2755),#2773,.T.);
#2755 = FACE_BOUND('',#2756,.T.);
#2756 = EDGE_LOOP('',(#2757,#2765,#2766,#2767));
#2757 = ORIENTED_EDGE('',*,*,#2758,.T.);
#2758 = EDGE_CURVE('',#2759,#2711,#2761,.T.);
#2759 = VERTEX_POINT('',#2760);
#2760 = CARTESIAN_POINT('',(-98.04843788932,31.446706985545,13.));
#2761 = LINE('',#2762,#2763);
#2762 = CARTESIAN_POINT('',(-107.5334737808,32.137696789268,13.));
#2763 = VECTOR('',#2764,1.);
#2764 = DIRECTION('',(0.997356916701,-7.265797072261E-02,0.));
#2765 = ORIENTED_EDGE('',*,*,#2720,.T.);
#2766 = ORIENTED_EDGE('',*,*,#995,.F.);
#2767 = ORIENTED_EDGE('',*,*,#2768,.F.);
#2768 = EDGE_CURVE('',#2759,#988,#2769,.T.);
#2769 = LINE('',#2770,#2771);
#2770 = CARTESIAN_POINT('',(-98.04843788932,31.446706985545,12.5));
#2771 = VECTOR('',#2772,1.);
#2772 = DIRECTION('',(0.,0.,1.));
#2773 = PLANE('',#2774);
#2774 = AXIS2_PLACEMENT_3D('',#2775,#2776,#2777);
#2775 = CARTESIAN_POINT('',(-97.13459410344,31.38013298989,12.5));
#2776 = DIRECTION('',(-7.265797072261E-02,-0.997356916701,0.));
#2777 = DIRECTION('',(-0.997356916701,7.265797072261E-02,0.));
#2778 = ADVANCED_FACE('',(#2779),#2797,.T.);
#2779 = FACE_BOUND('',#2780,.T.);
#2780 = EDGE_LOOP('',(#2781,#2789,#2795,#2796));
#2781 = ORIENTED_EDGE('',*,*,#2782,.T.);
#2782 = EDGE_CURVE('',#2735,#2783,#2785,.T.);
#2783 = VERTEX_POINT('',#2784);
#2784 = CARTESIAN_POINT('',(-95.62561964716,24.127789948799,13.));
#2785 = LINE('',#2786,#2787);
#2786 = CARTESIAN_POINT('',(-100.958013906,25.148214063967,13.));
#2787 = VECTOR('',#2788,1.);
#2788 = DIRECTION('',(-0.982178070471,0.1879527544,0.));
#2789 = ORIENTED_EDGE('',*,*,#2790,.T.);
#2790 = EDGE_CURVE('',#2783,#724,#2791,.T.);
#2791 = LINE('',#2792,#2793);
#2792 = CARTESIAN_POINT('',(-95.62561964716,24.127789948799,12.5));
#2793 = VECTOR('',#2794,1.);
#2794 = DIRECTION('',(0.,0.,1.));
#2795 = ORIENTED_EDGE('',*,*,#723,.F.);
#2796 = ORIENTED_EDGE('',*,*,#2742,.F.);
#2797 = PLANE('',#2798);
#2798 = AXIS2_PLACEMENT_3D('',#2799,#2800,#2801);
#2799 = CARTESIAN_POINT('',(-95.62561964716,24.127789948799,12.5));
#2800 = DIRECTION('',(0.1879527544,0.982178070471,-0.));
#2801 = DIRECTION('',(0.982178070471,-0.1879527544,0.));
#2802 = ADVANCED_FACE('',(#2803),#2821,.T.);
#2803 = FACE_BOUND('',#2804,.T.);
#2804 = EDGE_LOOP('',(#2805,#2813,#2814,#2815));
#2805 = ORIENTED_EDGE('',*,*,#2806,.T.);
#2806 = EDGE_CURVE('',#2807,#2759,#2809,.T.);
#2807 = VERTEX_POINT('',#2808);
#2808 = CARTESIAN_POINT('',(-98.96383135959,31.486673927589,13.));
#2809 = LINE('',#2810,#2811);
#2810 = CARTESIAN_POINT('',(-109.5922348951,31.950720047564,13.));
#2811 = VECTOR('',#2812,1.);
#2812 = DIRECTION('',(0.999048221582,-4.361938736534E-02,0.));
#2813 = ORIENTED_EDGE('',*,*,#2768,.T.);
#2814 = ORIENTED_EDGE('',*,*,#987,.F.);
#2815 = ORIENTED_EDGE('',*,*,#2816,.F.);
#2816 = EDGE_CURVE('',#2807,#980,#2817,.T.);
#2817 = LINE('',#2818,#2819);
#2818 = CARTESIAN_POINT('',(-98.96383135959,31.486673927589,12.5));
#2819 = VECTOR('',#2820,1.);
#2820 = DIRECTION('',(0.,0.,1.));
#2821 = PLANE('',#2822);
#2822 = AXIS2_PLACEMENT_3D('',#2823,#2824,#2825);
#2823 = CARTESIAN_POINT('',(-98.04843788932,31.446706985545,12.5));
#2824 = DIRECTION('',(-4.361938736534E-02,-0.999048221582,0.));
#2825 = DIRECTION('',(-0.999048221582,4.361938736534E-02,0.));
#2826 = ADVANCED_FACE('',(#2827),#2845,.T.);
#2827 = FACE_BOUND('',#2828,.T.);
#2828 = EDGE_LOOP('',(#2829,#2837,#2843,#2844));
#2829 = ORIENTED_EDGE('',*,*,#2830,.T.);
#2830 = EDGE_CURVE('',#2783,#2831,#2833,.T.);
#2831 = VERTEX_POINT('',#2832);
#2832 = CARTESIAN_POINT('',(-96.32916944697,24.241320145233,13.));
#2833 = LINE('',#2834,#2835);
#2834 = CARTESIAN_POINT('',(-102.8312815755,25.290550871176,13.));
#2835 = VECTOR('',#2836,1.);
#2836 = DIRECTION('',(-0.987229113117,0.159306868068,0.));
#2837 = ORIENTED_EDGE('',*,*,#2838,.T.);
#2838 = EDGE_CURVE('',#2831,#732,#2839,.T.);
#2839 = LINE('',#2840,#2841);
#2840 = CARTESIAN_POINT('',(-96.32916944697,24.241320145233,12.5));
#2841 = VECTOR('',#2842,1.);
#2842 = DIRECTION('',(0.,0.,1.));
#2843 = ORIENTED_EDGE('',*,*,#731,.F.);
#2844 = ORIENTED_EDGE('',*,*,#2790,.F.);
#2845 = PLANE('',#2846);
#2846 = AXIS2_PLACEMENT_3D('',#2847,#2848,#2849);
#2847 = CARTESIAN_POINT('',(-96.32916944697,24.241320145233,12.5));
#2848 = DIRECTION('',(0.159306868068,0.987229113117,-0.));
#2849 = DIRECTION('',(0.987229113117,-0.159306868068,0.));
#2850 = ADVANCED_FACE('',(#2851),#2869,.T.);
#2851 = FACE_BOUND('',#2852,.T.);
#2852 = EDGE_LOOP('',(#2853,#2861,#2862,#2863));
#2853 = ORIENTED_EDGE('',*,*,#2854,.T.);
#2854 = EDGE_CURVE('',#2855,#2807,#2857,.T.);
#2855 = VERTEX_POINT('',#2856);
#2856 = CARTESIAN_POINT('',(-99.88,31.5,13.));
#2857 = LINE('',#2858,#2859);
#2858 = CARTESIAN_POINT('',(-111.6360598031,31.670997016588,13.));
#2859 = VECTOR('',#2860,1.);
#2860 = DIRECTION('',(0.999894231927,-1.454389765158E-02,0.));
#2861 = ORIENTED_EDGE('',*,*,#2816,.T.);
#2862 = ORIENTED_EDGE('',*,*,#979,.F.);
#2863 = ORIENTED_EDGE('',*,*,#2864,.F.);
#2864 = EDGE_CURVE('',#2855,#972,#2865,.T.);
#2865 = LINE('',#2866,#2867);
#2866 = CARTESIAN_POINT('',(-99.88,31.5,12.5));
#2867 = VECTOR('',#2868,1.);
#2868 = DIRECTION('',(0.,0.,1.));
#2869 = PLANE('',#2870);
#2870 = AXIS2_PLACEMENT_3D('',#2871,#2872,#2873);
#2871 = CARTESIAN_POINT('',(-98.96383135959,31.486673927589,12.5));
#2872 = DIRECTION('',(-1.454389765158E-02,-0.999894231927,0.));
#2873 = DIRECTION('',(-0.999894231927,1.454389765158E-02,0.));
#2874 = ADVANCED_FACE('',(#2875),#2893,.T.);
#2875 = FACE_BOUND('',#2876,.T.);
#2876 = EDGE_LOOP('',(#2877,#2885,#2891,#2892));
#2877 = ORIENTED_EDGE('',*,*,#2878,.T.);
#2878 = EDGE_CURVE('',#2831,#2879,#2881,.T.);
#2879 = VERTEX_POINT('',#2880);
#2880 = CARTESIAN_POINT('',(-97.03572360393,24.334339764678,13.));
#2881 = LINE('',#2882,#2883);
#2882 = CARTESIAN_POINT('',(-104.7071001263,25.34429564379,13.));
#2883 = VECTOR('',#2884,1.);
#2884 = DIRECTION('',(-0.991444861374,0.13052619222,0.));
#2885 = ORIENTED_EDGE('',*,*,#2886,.T.);
#2886 = EDGE_CURVE('',#2879,#740,#2887,.T.);
#2887 = LINE('',#2888,#2889);
#2888 = CARTESIAN_POINT('',(-97.03572360393,24.334339764678,12.5));
#2889 = VECTOR('',#2890,1.);
#2890 = DIRECTION('',(0.,0.,1.));
#2891 = ORIENTED_EDGE('',*,*,#739,.F.);
#2892 = ORIENTED_EDGE('',*,*,#2838,.F.);
#2893 = PLANE('',#2894);
#2894 = AXIS2_PLACEMENT_3D('',#2895,#2896,#2897);
#2895 = CARTESIAN_POINT('',(-97.03572360393,24.334339764678,12.5));
#2896 = DIRECTION('',(0.13052619222,0.991444861374,-0.));
#2897 = DIRECTION('',(0.991444861374,-0.13052619222,0.));
#2898 = ADVANCED_FACE('',(#2899),#2917,.T.);
#2899 = FACE_BOUND('',#2900,.T.);
#2900 = EDGE_LOOP('',(#2901,#2909,#2910,#2911));
#2901 = ORIENTED_EDGE('',*,*,#2902,.T.);
#2902 = EDGE_CURVE('',#2903,#2855,#2905,.T.);
#2903 = VERTEX_POINT('',#2904);
#2904 = CARTESIAN_POINT('',(-100.7961686404,31.486673927589,13.));
#2905 = LINE('',#2906,#2907);
#2906 = CARTESIAN_POINT('',(-113.6603562276,31.299558709133,13.));
#2907 = VECTOR('',#2908,1.);
#2908 = DIRECTION('',(0.999894231927,1.454389765158E-02,-0.));
#2909 = ORIENTED_EDGE('',*,*,#2864,.T.);
#2910 = ORIENTED_EDGE('',*,*,#971,.F.);
#2911 = ORIENTED_EDGE('',*,*,#2912,.F.);
#2912 = EDGE_CURVE('',#2903,#964,#2913,.T.);
#2913 = LINE('',#2914,#2915);
#2914 = CARTESIAN_POINT('',(-100.7961686404,31.486673927589,12.5));
#2915 = VECTOR('',#2916,1.);
#2916 = DIRECTION('',(0.,0.,1.));
#2917 = PLANE('',#2918);
#2918 = AXIS2_PLACEMENT_3D('',#2919,#2920,#2921);
#2919 = CARTESIAN_POINT('',(-99.88,31.5,12.5));
#2920 = DIRECTION('',(1.454389765158E-02,-0.999894231927,0.));
#2921 = DIRECTION('',(-0.999894231927,-1.454389765158E-02,0.));
#2922 = ADVANCED_FACE('',(#2923),#2941,.T.);
#2923 = FACE_BOUND('',#2924,.T.);
#2924 = EDGE_LOOP('',(#2925,#2933,#2939,#2940));
#2925 = ORIENTED_EDGE('',*,*,#2926,.T.);
#2926 = EDGE_CURVE('',#2879,#2927,#2929,.T.);
#2927 = VERTEX_POINT('',#2928);
#2928 = CARTESIAN_POINT('',(-97.74468430268,24.406770103248,13.));
#2929 = LINE('',#2930,#2931);
#2930 = CARTESIAN_POINT('',(-106.5809134165,25.309515583397,13.));
#2931 = VECTOR('',#2932,1.);
#2932 = DIRECTION('',(-0.994821748296,0.101635078183,0.));
#2933 = ORIENTED_EDGE('',*,*,#2934,.T.);
#2934 = EDGE_CURVE('',#2927,#748,#2935,.T.);
#2935 = LINE('',#2936,#2937);
#2936 = CARTESIAN_POINT('',(-97.74468430268,24.406770103248,12.5));
#2937 = VECTOR('',#2938,1.);
#2938 = DIRECTION('',(0.,0.,1.));
#2939 = ORIENTED_EDGE('',*,*,#747,.F.);
#2940 = ORIENTED_EDGE('',*,*,#2886,.F.);
#2941 = PLANE('',#2942);
#2942 = AXIS2_PLACEMENT_3D('',#2943,#2944,#2945);
#2943 = CARTESIAN_POINT('',(-97.74468430268,24.406770103248,12.5));
#2944 = DIRECTION('',(0.101635078183,0.994821748296,-0.));
#2945 = DIRECTION('',(0.994821748296,-0.101635078183,0.));
#2946 = ADVANCED_FACE('',(#2947),#2965,.T.);
#2947 = FACE_BOUND('',#2948,.T.);
#2948 = EDGE_LOOP('',(#2949,#2957,#2958,#2959));
#2949 = ORIENTED_EDGE('',*,*,#2950,.T.);
#2950 = EDGE_CURVE('',#2951,#2903,#2953,.T.);
#2951 = VERTEX_POINT('',#2952);
#2952 = CARTESIAN_POINT('',(-101.7115621106,31.446706985545,13.));
#2953 = LINE('',#2954,#2955);
#2954 = CARTESIAN_POINT('',(-115.6605994449,30.837678862866,13.));
#2955 = VECTOR('',#2956,1.);
#2956 = DIRECTION('',(0.999048221582,4.361938736534E-02,-0.));
#2957 = ORIENTED_EDGE('',*,*,#2912,.T.);
#2958 = ORIENTED_EDGE('',*,*,#963,.F.);
#2959 = ORIENTED_EDGE('',*,*,#2960,.F.);
#2960 = EDGE_CURVE('',#2951,#956,#2961,.T.);
#2961 = LINE('',#2962,#2963);
#2962 = CARTESIAN_POINT('',(-101.7115621106,31.446706985545,12.5));
#2963 = VECTOR('',#2964,1.);
#2964 = DIRECTION('',(0.,0.,1.));
#2965 = PLANE('',#2966);
#2966 = AXIS2_PLACEMENT_3D('',#2967,#2968,#2969);
#2967 = CARTESIAN_POINT('',(-100.7961686404,31.486673927589,12.5));
#2968 = DIRECTION('',(4.361938736534E-02,-0.999048221582,0.));
#2969 = DIRECTION('',(-0.999048221582,-4.361938736534E-02,0.));
#2970 = ADVANCED_FACE('',(#2971),#2989,.T.);
#2971 = FACE_BOUND('',#2972,.T.);
#2972 = EDGE_LOOP('',(#2973,#2981,#2987,#2988));
#2973 = ORIENTED_EDGE('',*,*,#2974,.T.);
#2974 = EDGE_CURVE('',#2927,#2975,#2977,.T.);
#2975 = VERTEX_POINT('',#2976);
#2976 = CARTESIAN_POINT('',(-98.45545169169,24.458549877646,13.));
#2977 = LINE('',#2978,#2979);
#2978 = CARTESIAN_POINT('',(-108.4481785754,25.186525234511,13.));
#2979 = VECTOR('',#2980,1.);
#2980 = DIRECTION('',(-0.997356916701,7.265797072261E-02,0.));
#2981 = ORIENTED_EDGE('',*,*,#2982,.T.);
#2982 = EDGE_CURVE('',#2975,#756,#2983,.T.);
#2983 = LINE('',#2984,#2985);
#2984 = CARTESIAN_POINT('',(-98.45545169169,24.458549877646,12.5));
#2985 = VECTOR('',#2986,1.);
#2986 = DIRECTION('',(0.,0.,1.));
#2987 = ORIENTED_EDGE('',*,*,#755,.F.);
#2988 = ORIENTED_EDGE('',*,*,#2934,.F.);
#2989 = PLANE('',#2990);
#2990 = AXIS2_PLACEMENT_3D('',#2991,#2992,#2993);
#2991 = CARTESIAN_POINT('',(-98.45545169169,24.458549877646,12.5));
#2992 = DIRECTION('',(7.265797072261E-02,0.997356916701,-0.));
#2993 = DIRECTION('',(0.997356916701,-7.265797072261E-02,0.));
#2994 = ADVANCED_FACE('',(#2995),#3013,.T.);
#2995 = FACE_BOUND('',#2996,.T.);
#2996 = EDGE_LOOP('',(#2997,#3005,#3006,#3007));
#2997 = ORIENTED_EDGE('',*,*,#2998,.T.);
#2998 = EDGE_CURVE('',#2999,#2951,#3001,.T.);
#2999 = VERTEX_POINT('',#3000);
#3000 = CARTESIAN_POINT('',(-102.6254058965,31.38013298989,13.));
#3001 = LINE('',#3002,#3003);
#3002 = CARTESIAN_POINT('',(-117.6323456277,30.286869616101,13.));
#3003 = VECTOR('',#3004,1.);
#3004 = DIRECTION('',(0.997356916701,7.265797072261E-02,-0.));
#3005 = ORIENTED_EDGE('',*,*,#2960,.T.);
#3006 = ORIENTED_EDGE('',*,*,#955,.F.);
#3007 = ORIENTED_EDGE('',*,*,#3008,.F.);
#3008 = EDGE_CURVE('',#2999,#948,#3009,.T.);
#3009 = LINE('',#3010,#3011);
#3010 = CARTESIAN_POINT('',(-102.6254058965,31.38013298989,12.5));
#3011 = VECTOR('',#3012,1.);
#3012 = DIRECTION('',(0.,0.,1.));
#3013 = PLANE('',#3014);
#3014 = AXIS2_PLACEMENT_3D('',#3015,#3016,#3017);
#3015 = CARTESIAN_POINT('',(-101.7115621106,31.446706985545,12.5));
#3016 = DIRECTION('',(7.265797072261E-02,-0.997356916701,0.));
#3017 = DIRECTION('',(-0.997356916701,-7.265797072261E-02,0.));
#3018 = ADVANCED_FACE('',(#3019),#3037,.T.);
#3019 = FACE_BOUND('',#3020,.T.);
#3020 = EDGE_LOOP('',(#3021,#3029,#3035,#3036));
#3021 = ORIENTED_EDGE('',*,*,#3022,.T.);
#3022 = EDGE_CURVE('',#2975,#3023,#3025,.T.);
#3023 = VERTEX_POINT('',#3024);
#3024 = CARTESIAN_POINT('',(-99.16742439079,24.489635277014,13.));
#3025 = LINE('',#3026,#3027);
#3026 = CARTESIAN_POINT('',(-110.3043798542,24.975885253679,13.));
#3027 = VECTOR('',#3028,1.);
#3028 = DIRECTION('',(-0.999048221582,4.361938736534E-02,0.));
#3029 = ORIENTED_EDGE('',*,*,#3030,.T.);
#3030 = EDGE_CURVE('',#3023,#764,#3031,.T.);
#3031 = LINE('',#3032,#3033);
#3032 = CARTESIAN_POINT('',(-99.16742439079,24.489635277014,12.5));
#3033 = VECTOR('',#3034,1.);
#3034 = DIRECTION('',(0.,0.,1.));
#3035 = ORIENTED_EDGE('',*,*,#763,.F.);
#3036 = ORIENTED_EDGE('',*,*,#2982,.F.);
#3037 = PLANE('',#3038);
#3038 = AXIS2_PLACEMENT_3D('',#3039,#3040,#3041);
#3039 = CARTESIAN_POINT('',(-99.16742439079,24.489635277014,12.5));
#3040 = DIRECTION('',(4.361938736534E-02,0.999048221582,-0.));
#3041 = DIRECTION('',(0.999048221582,-4.361938736534E-02,0.));
#3042 = ADVANCED_FACE('',(#3043),#3061,.T.);
#3043 = FACE_BOUND('',#3044,.T.);
#3044 = EDGE_LOOP('',(#3045,#3053,#3054,#3055));
#3045 = ORIENTED_EDGE('',*,*,#3046,.T.);
#3046 = EDGE_CURVE('',#3047,#2999,#3049,.T.);
#3047 = VERTEX_POINT('',#3048);
#3048 = CARTESIAN_POINT('',(-103.5369267949,31.287008268871,13.));
#3049 = LINE('',#3050,#3051);
#3050 = CARTESIAN_POINT('',(-119.5712449155,29.648876434111,13.));
#3051 = VECTOR('',#3052,1.);
#3052 = DIRECTION('',(0.994821748296,0.101635078183,-0.));
#3053 = ORIENTED_EDGE('',*,*,#3008,.T.);
#3054 = ORIENTED_EDGE('',*,*,#947,.F.);
#3055 = ORIENTED_EDGE('',*,*,#3056,.F.);
#3056 = EDGE_CURVE('',#3047,#940,#3057,.T.);
#3057 = LINE('',#3058,#3059);
#3058 = CARTESIAN_POINT('',(-103.5369267949,31.287008268871,12.5));
#3059 = VECTOR('',#3060,1.);
#3060 = DIRECTION('',(0.,0.,1.));
#3061 = PLANE('',#3062);
#3062 = AXIS2_PLACEMENT_3D('',#3063,#3064,#3065);
#3063 = CARTESIAN_POINT('',(-102.6254058965,31.38013298989,12.5));
#3064 = DIRECTION('',(0.101635078183,-0.994821748296,0.));
#3065 = DIRECTION('',(-0.994821748296,-0.101635078183,0.));
#3066 = ADVANCED_FACE('',(#3067),#3085,.T.);
#3067 = FACE_BOUND('',#3068,.T.);
#3068 = EDGE_LOOP('',(#3069,#3077,#3083,#3084));
#3069 = ORIENTED_EDGE('',*,*,#3070,.T.);
#3070 = EDGE_CURVE('',#3023,#3071,#3073,.T.);
#3071 = VERTEX_POINT('',#3072);
#3072 = CARTESIAN_POINT('',(-99.88,24.5,13.));
#3073 = LINE('',#3074,#3075);
#3074 = CARTESIAN_POINT('',(-112.1450423811,24.67840039015,13.));
#3075 = VECTOR('',#3076,1.);
#3076 = DIRECTION('',(-0.999894231927,1.454389765158E-02,0.));
#3077 = ORIENTED_EDGE('',*,*,#3078,.T.);
#3078 = EDGE_CURVE('',#3071,#772,#3079,.T.);
#3079 = LINE('',#3080,#3081);
#3080 = CARTESIAN_POINT('',(-99.88,24.5,12.5));
#3081 = VECTOR('',#3082,1.);
#3082 = DIRECTION('',(0.,0.,1.));
#3083 = ORIENTED_EDGE('',*,*,#771,.F.);
#3084 = ORIENTED_EDGE('',*,*,#3030,.F.);
#3085 = PLANE('',#3086);
#3086 = AXIS2_PLACEMENT_3D('',#3087,#3088,#3089);
#3087 = CARTESIAN_POINT('',(-99.88,24.5,12.5));
#3088 = DIRECTION('',(1.454389765158E-02,0.999894231927,-0.));
#3089 = DIRECTION('',(0.999894231927,-1.454389765158E-02,0.));
#3090 = ADVANCED_FACE('',(#3091),#3109,.T.);
#3091 = FACE_BOUND('',#3092,.T.);
#3092 = EDGE_LOOP('',(#3093,#3101,#3102,#3103));
#3093 = ORIENTED_EDGE('',*,*,#3094,.T.);
#3094 = EDGE_CURVE('',#3095,#3047,#3097,.T.);
#3095 = VERTEX_POINT('',#3096);
#3096 = CARTESIAN_POINT('',(-104.4453535681,31.1674116153,13.));
#3097 = LINE('',#3098,#3099);
#3098 = CARTESIAN_POINT('',(-121.4730541683,28.925672303119,13.));
#3099 = VECTOR('',#3100,1.);
#3100 = DIRECTION('',(0.991444861374,0.13052619222,-0.));
#3101 = ORIENTED_EDGE('',*,*,#3056,.T.);
#3102 = ORIENTED_EDGE('',*,*,#939,.F.);
#3103 = ORIENTED_EDGE('',*,*,#3104,.F.);
#3104 = EDGE_CURVE('',#3095,#932,#3105,.T.);
#3105 = LINE('',#3106,#3107);
#3106 = CARTESIAN_POINT('',(-104.4453535681,31.1674116153,12.5));
#3107 = VECTOR('',#3108,1.);
#3108 = DIRECTION('',(0.,0.,1.));
#3109 = PLANE('',#3110);
#3110 = AXIS2_PLACEMENT_3D('',#3111,#3112,#3113);
#3111 = CARTESIAN_POINT('',(-103.5369267949,31.287008268871,12.5));
#3112 = DIRECTION('',(0.13052619222,-0.991444861374,0.));
#3113 = DIRECTION('',(-0.991444861374,-0.13052619222,0.));
#3114 = ADVANCED_FACE('',(#3115),#3133,.T.);
#3115 = FACE_BOUND('',#3116,.T.);
#3116 = EDGE_LOOP('',(#3117,#3125,#3131,#3132));
#3117 = ORIENTED_EDGE('',*,*,#3118,.T.);
#3118 = EDGE_CURVE('',#3071,#3119,#3121,.T.);
#3119 = VERTEX_POINT('',#3120);
#3120 = CARTESIAN_POINT('',(-100.5925756092,24.489635277014,13.));
#3121 = LINE('',#3122,#3123);
#3122 = CARTESIAN_POINT('',(-113.9657457744,24.295116684996,13.));
#3123 = VECTOR('',#3124,1.);
#3124 = DIRECTION('',(-0.999894231927,-1.454389765158E-02,0.));
#3125 = ORIENTED_EDGE('',*,*,#3126,.T.);
#3126 = EDGE_CURVE('',#3119,#780,#3127,.T.);
#3127 = LINE('',#3128,#3129);
#3128 = CARTESIAN_POINT('',(-100.5925756092,24.489635277014,12.5));
#3129 = VECTOR('',#3130,1.);
#3130 = DIRECTION('',(0.,0.,1.));
#3131 = ORIENTED_EDGE('',*,*,#779,.F.);
#3132 = ORIENTED_EDGE('',*,*,#3078,.F.);
#3133 = PLANE('',#3134);
#3134 = AXIS2_PLACEMENT_3D('',#3135,#3136,#3137);
#3135 = CARTESIAN_POINT('',(-100.5925756092,24.489635277014,12.5));
#3136 = DIRECTION('',(-1.454389765158E-02,0.999894231927,0.));
#3137 = DIRECTION('',(0.999894231927,1.454389765158E-02,0.));
#3138 = ADVANCED_FACE('',(#3139),#3157,.T.);
#3139 = FACE_BOUND('',#3140,.T.);
#3140 = EDGE_LOOP('',(#3141,#3149,#3150,#3151));
#3141 = ORIENTED_EDGE('',*,*,#3142,.T.);
#3142 = EDGE_CURVE('',#3143,#3095,#3145,.T.);
#3143 = VERTEX_POINT('',#3144);
#3144 = CARTESIAN_POINT('',(-105.3499175965,31.021444219885,13.));
#3145 = LINE('',#3146,#3147);
#3146 = CARTESIAN_POINT('',(-123.3336493631,28.119451211527,13.));
#3147 = VECTOR('',#3148,1.);
#3148 = DIRECTION('',(0.987229113117,0.159306868068,-0.));
#3149 = ORIENTED_EDGE('',*,*,#3104,.T.);
#3150 = ORIENTED_EDGE('',*,*,#931,.F.);
#3151 = ORIENTED_EDGE('',*,*,#3152,.F.);
#3152 = EDGE_CURVE('',#3143,#924,#3153,.T.);
#3153 = LINE('',#3154,#3155);
#3154 = CARTESIAN_POINT('',(-105.3499175965,31.021444219885,12.5));
#3155 = VECTOR('',#3156,1.);
#3156 = DIRECTION('',(0.,0.,1.));
#3157 = PLANE('',#3158);
#3158 = AXIS2_PLACEMENT_3D('',#3159,#3160,#3161);
#3159 = CARTESIAN_POINT('',(-104.4453535681,31.1674116153,12.5));
#3160 = DIRECTION('',(0.159306868068,-0.987229113117,0.));
#3161 = DIRECTION('',(-0.987229113117,-0.159306868068,0.));
#3162 = ADVANCED_FACE('',(#3163),#3181,.T.);
#3163 = FACE_BOUND('',#3164,.T.);
#3164 = EDGE_LOOP('',(#3165,#3173,#3179,#3180));
#3165 = ORIENTED_EDGE('',*,*,#3166,.T.);
#3166 = EDGE_CURVE('',#3119,#3167,#3169,.T.);
#3167 = VERTEX_POINT('',#3168);
#3168 = CARTESIAN_POINT('',(-101.3045483083,24.458549877646,13.));
#3169 = LINE('',#3170,#3171);
#3170 = CARTESIAN_POINT('',(-115.7621375704,23.827317898276,13.));
#3171 = VECTOR('',#3172,1.);
#3172 = DIRECTION('',(-0.999048221582,-4.361938736534E-02,0.));
#3173 = ORIENTED_EDGE('',*,*,#3174,.T.);
#3174 = EDGE_CURVE('',#3167,#788,#3175,.T.);
#3175 = LINE('',#3176,#3177);
#3176 = CARTESIAN_POINT('',(-101.3045483083,24.458549877646,12.5));
#3177 = VECTOR('',#3178,1.);
#3178 = DIRECTION('',(0.,0.,1.));
#3179 = ORIENTED_EDGE('',*,*,#787,.F.);
#3180 = ORIENTED_EDGE('',*,*,#3126,.F.);
#3181 = PLANE('',#3182);
#3182 = AXIS2_PLACEMENT_3D('',#3183,#3184,#3185);
#3183 = CARTESIAN_POINT('',(-101.3045483083,24.458549877646,12.5));
#3184 = DIRECTION('',(-4.361938736534E-02,0.999048221582,0.));
#3185 = DIRECTION('',(0.999048221582,4.361938736534E-02,0.));
#3186 = ADVANCED_FACE('',(#3187),#3205,.T.);
#3187 = FACE_BOUND('',#3188,.T.);
#3188 = EDGE_LOOP('',(#3189,#3197,#3198,#3199));
#3189 = ORIENTED_EDGE('',*,*,#3190,.T.);
#3190 = EDGE_CURVE('',#3191,#3143,#3193,.T.);
#3191 = VERTEX_POINT('',#3192);
#3192 = CARTESIAN_POINT('',(-106.2498535284,30.849229585615,13.));
#3193 = LINE('',#3194,#3195);
#3194 = CARTESIAN_POINT('',(-125.1490375932,27.232620940306,13.));
#3195 = VECTOR('',#3196,1.);
#3196 = DIRECTION('',(0.982178070471,0.1879527544,-0.));
#3197 = ORIENTED_EDGE('',*,*,#3152,.T.);
#3198 = ORIENTED_EDGE('',*,*,#923,.F.);
#3199 = ORIENTED_EDGE('',*,*,#3200,.F.);
#3200 = EDGE_CURVE('',#3191,#916,#3201,.T.);
#3201 = LINE('',#3202,#3203);
#3202 = CARTESIAN_POINT('',(-106.2498535284,30.849229585615,12.5));
#3203 = VECTOR('',#3204,1.);
#3204 = DIRECTION('',(0.,0.,1.));
#3205 = PLANE('',#3206);
#3206 = AXIS2_PLACEMENT_3D('',#3207,#3208,#3209);
#3207 = CARTESIAN_POINT('',(-105.3499175965,31.021444219885,12.5));
#3208 = DIRECTION('',(0.1879527544,-0.982178070471,0.));
#3209 = DIRECTION('',(-0.982178070471,-0.1879527544,0.));
#3210 = ADVANCED_FACE('',(#3211),#3229,.T.);
#3211 = FACE_BOUND('',#3212,.T.);
#3212 = EDGE_LOOP('',(#3213,#3221,#3227,#3228));
#3213 = ORIENTED_EDGE('',*,*,#3214,.T.);
#3214 = EDGE_CURVE('',#3167,#3215,#3217,.T.);
#3215 = VERTEX_POINT('',#3216);
#3216 = CARTESIAN_POINT('',(-102.0153156973,24.406770103248,13.));
#3217 = LINE('',#3218,#3219);
#3218 = CARTESIAN_POINT('',(-117.5299464206,23.276521176317,13.));
#3219 = VECTOR('',#3220,1.);
#3220 = DIRECTION('',(-0.997356916701,-7.265797072261E-02,0.));
#3221 = ORIENTED_EDGE('',*,*,#3222,.T.);
#3222 = EDGE_CURVE('',#3215,#796,#3223,.T.);
#3223 = LINE('',#3224,#3225);
#3224 = CARTESIAN_POINT('',(-102.0153156973,24.406770103248,12.5));
#3225 = VECTOR('',#3226,1.);
#3226 = DIRECTION('',(0.,0.,1.));
#3227 = ORIENTED_EDGE('',*,*,#795,.F.);
#3228 = ORIENTED_EDGE('',*,*,#3174,.F.);
#3229 = PLANE('',#3230);
#3230 = AXIS2_PLACEMENT_3D('',#3231,#3232,#3233);
#3231 = CARTESIAN_POINT('',(-102.0153156973,24.406770103248,12.5));
#3232 = DIRECTION('',(-7.265797072261E-02,0.997356916701,0.));
#3233 = DIRECTION('',(0.997356916701,7.265797072261E-02,0.));
#3234 = ADVANCED_FACE('',(#3235),#3253,.T.);
#3235 = FACE_BOUND('',#3236,.T.);
#3236 = EDGE_LOOP('',(#3237,#3245,#3246,#3247));
#3237 = ORIENTED_EDGE('',*,*,#3238,.T.);
#3238 = EDGE_CURVE('',#3239,#3191,#3241,.T.);
#3239 = VERTEX_POINT('',#3240);
#3240 = CARTESIAN_POINT('',(-107.1443999283,30.650913423264,13.));
#3241 = LINE('',#3242,#3243);
#3242 = CARTESIAN_POINT('',(-126.9153686303,26.267795186761,13.));
#3243 = VECTOR('',#3244,1.);
#3244 = DIRECTION('',(0.97629600712,0.216439613938,-0.));
#3245 = ORIENTED_EDGE('',*,*,#3200,.T.);
#3246 = ORIENTED_EDGE('',*,*,#915,.F.);
#3247 = ORIENTED_EDGE('',*,*,#3248,.F.);
#3248 = EDGE_CURVE('',#3239,#908,#3249,.T.);
#3249 = LINE('',#3250,#3251);
#3250 = CARTESIAN_POINT('',(-107.1443999283,30.650913423264,12.5));
#3251 = VECTOR('',#3252,1.);
#3252 = DIRECTION('',(0.,0.,1.));
#3253 = PLANE('',#3254);
#3254 = AXIS2_PLACEMENT_3D('',#3255,#3256,#3257);
#3255 = CARTESIAN_POINT('',(-106.2498535284,30.849229585615,12.5));
#3256 = DIRECTION('',(0.216439613938,-0.97629600712,0.));
#3257 = DIRECTION('',(-0.97629600712,-0.216439613938,0.));
#3258 = ADVANCED_FACE('',(#3259),#3277,.T.);
#3259 = FACE_BOUND('',#3260,.T.);
#3260 = EDGE_LOOP('',(#3261,#3269,#3275,#3276));
#3261 = ORIENTED_EDGE('',*,*,#3262,.T.);
#3262 = EDGE_CURVE('',#3215,#3263,#3265,.T.);
#3263 = VERTEX_POINT('',#3264);
#3264 = CARTESIAN_POINT('',(-102.724276396,24.334339764678,13.));
#3265 = LINE('',#3266,#3267);
#3266 = CARTESIAN_POINT('',(-119.2649950157,22.644471973796,13.));
#3267 = VECTOR('',#3268,1.);
#3268 = DIRECTION('',(-0.994821748296,-0.101635078183,0.));
#3269 = ORIENTED_EDGE('',*,*,#3270,.T.);
#3270 = EDGE_CURVE('',#3263,#804,#3271,.T.);
#3271 = LINE('',#3272,#3273);
#3272 = CARTESIAN_POINT('',(-102.724276396,24.334339764678,12.5));
#3273 = VECTOR('',#3274,1.);
#3274 = DIRECTION('',(0.,0.,1.));
#3275 = ORIENTED_EDGE('',*,*,#803,.F.);
#3276 = ORIENTED_EDGE('',*,*,#3222,.F.);
#3277 = PLANE('',#3278);
#3278 = AXIS2_PLACEMENT_3D('',#3279,#3280,#3281);
#3279 = CARTESIAN_POINT('',(-102.724276396,24.334339764678,12.5));
#3280 = DIRECTION('',(-0.101635078183,0.994821748296,0.));
#3281 = DIRECTION('',(0.994821748296,0.101635078183,0.));
#3282 = ADVANCED_FACE('',(#3283),#3301,.T.);
#3283 = FACE_BOUND('',#3284,.T.);
#3284 = EDGE_LOOP('',(#3285,#3293,#3294,#3295));
#3285 = ORIENTED_EDGE('',*,*,#3286,.T.);
#3286 = EDGE_CURVE('',#3287,#3239,#3289,.T.);
#3287 = VERTEX_POINT('',#3288);
#3288 = CARTESIAN_POINT('',(-108.0327999207,30.426663528106,13.));
#3289 = LINE('',#3290,#3291);
#3290 = CARTESIAN_POINT('',(-128.6289460128,25.227785048096,13.));
#3291 = VECTOR('',#3292,1.);
#3292 = DIRECTION('',(0.969587899878,0.244743343954,-0.));
#3293 = ORIENTED_EDGE('',*,*,#3248,.T.);
#3294 = ORIENTED_EDGE('',*,*,#907,.F.);
#3295 = ORIENTED_EDGE('',*,*,#3296,.F.);
#3296 = EDGE_CURVE('',#3287,#900,#3297,.T.);
#3297 = LINE('',#3298,#3299);
#3298 = CARTESIAN_POINT('',(-108.0327999207,30.426663528106,12.5));
#3299 = VECTOR('',#3300,1.);
#3300 = DIRECTION('',(0.,0.,1.));
#3301 = PLANE('',#3302);
#3302 = AXIS2_PLACEMENT_3D('',#3303,#3304,#3305);
#3303 = CARTESIAN_POINT('',(-107.1443999283,30.650913423264,12.5));
#3304 = DIRECTION('',(0.244743343954,-0.969587899878,0.));
#3305 = DIRECTION('',(-0.969587899878,-0.244743343954,0.));
#3306 = ADVANCED_FACE('',(#3307),#3325,.T.);
#3307 = FACE_BOUND('',#3308,.T.);
#3308 = EDGE_LOOP('',(#3309,#3317,#3323,#3324));
#3309 = ORIENTED_EDGE('',*,*,#3310,.T.);
#3310 = EDGE_CURVE('',#3263,#3311,#3313,.T.);
#3311 = VERTEX_POINT('',#3312);
#3312 = CARTESIAN_POINT('',(-103.430830553,24.241320145233,13.));
#3313 = LINE('',#3314,#3315);
#3314 = CARTESIAN_POINT('',(-120.9632126938,21.933138247735,13.));
#3315 = VECTOR('',#3316,1.);
#3316 = DIRECTION('',(-0.991444861374,-0.13052619222,0.));
#3317 = ORIENTED_EDGE('',*,*,#3318,.T.);
#3318 = EDGE_CURVE('',#3311,#812,#3319,.T.);
#3319 = LINE('',#3320,#3321);
#3320 = CARTESIAN_POINT('',(-103.430830553,24.241320145233,12.5));
#3321 = VECTOR('',#3322,1.);
#3322 = DIRECTION('',(0.,0.,1.));
#3323 = ORIENTED_EDGE('',*,*,#811,.F.);
#3324 = ORIENTED_EDGE('',*,*,#3270,.F.);
#3325 = PLANE('',#3326);
#3326 = AXIS2_PLACEMENT_3D('',#3327,#3328,#3329);
#3327 = CARTESIAN_POINT('',(-103.430830553,24.241320145233,12.5));
#3328 = DIRECTION('',(-0.13052619222,0.991444861374,0.));
#3329 = DIRECTION('',(0.991444861374,0.13052619222,0.));
#3330 = ADVANCED_FACE('',(#3331),#3349,.T.);
#3331 = FACE_BOUND('',#3332,.T.);
#3332 = EDGE_LOOP('',(#3333,#3341,#3342,#3343));
#3333 = ORIENTED_EDGE('',*,*,#3334,.T.);
#3334 = EDGE_CURVE('',#3335,#3287,#3337,.T.);
#3335 = VERTEX_POINT('',#3336);
#3336 = CARTESIAN_POINT('',(-108.9143018303,30.176669637938,13.));
#3337 = LINE('',#3338,#3339);
#3338 = CARTESIAN_POINT('',(-130.2862376243,24.115589893314,13.));
#3339 = VECTOR('',#3340,1.);
#3340 = DIRECTION('',(0.962059424474,0.272839996667,-0.));
#3341 = ORIENTED_EDGE('',*,*,#3296,.T.);
#3342 = ORIENTED_EDGE('',*,*,#899,.F.);
#3343 = ORIENTED_EDGE('',*,*,#3344,.F.);
#3344 = EDGE_CURVE('',#3335,#892,#3345,.T.);
#3345 = LINE('',#3346,#3347);
#3346 = CARTESIAN_POINT('',(-108.9143018303,30.176669637938,12.5));
#3347 = VECTOR('',#3348,1.);
#3348 = DIRECTION('',(0.,0.,1.));
#3349 = PLANE('',#3350);
#3350 = AXIS2_PLACEMENT_3D('',#3351,#3352,#3353);
#3351 = CARTESIAN_POINT('',(-108.0327999207,30.426663528106,12.5));
#3352 = DIRECTION('',(0.272839996667,-0.962059424474,0.));
#3353 = DIRECTION('',(-0.962059424474,-0.272839996667,0.));
#3354 = ADVANCED_FACE('',(#3355),#3373,.T.);
#3355 = FACE_BOUND('',#3356,.T.);
#3356 = EDGE_LOOP('',(#3357,#3365,#3371,#3372));
#3357 = ORIENTED_EDGE('',*,*,#3358,.T.);
#3358 = EDGE_CURVE('',#3311,#3359,#3361,.T.);
#3359 = VERTEX_POINT('',#3360);
#3360 = CARTESIAN_POINT('',(-104.1343803528,24.127789948799,13.));
#3361 = LINE('',#3362,#3363);
#3362 = CARTESIAN_POINT('',(-122.6206476908,21.144703942988,13.));
#3363 = VECTOR('',#3364,1.);
#3364 = DIRECTION('',(-0.987229113117,-0.159306868068,0.));
#3365 = ORIENTED_EDGE('',*,*,#3366,.T.);
#3366 = EDGE_CURVE('',#3359,#820,#3367,.T.);
#3367 = LINE('',#3368,#3369);
#3368 = CARTESIAN_POINT('',(-104.1343803528,24.127789948799,12.5));
#3369 = VECTOR('',#3370,1.);
#3370 = DIRECTION('',(0.,0.,1.));
#3371 = ORIENTED_EDGE('',*,*,#819,.F.);
#3372 = ORIENTED_EDGE('',*,*,#3318,.F.);
#3373 = PLANE('',#3374);
#3374 = AXIS2_PLACEMENT_3D('',#3375,#3376,#3377);
#3375 = CARTESIAN_POINT('',(-104.1343803528,24.127789948799,12.5));
#3376 = DIRECTION('',(-0.159306868068,0.987229113117,0.));
#3377 = DIRECTION('',(0.987229113117,0.159306868068,0.));
#3378 = ADVANCED_FACE('',(#3379),#3397,.T.);
#3379 = FACE_BOUND('',#3380,.T.);
#3380 = EDGE_LOOP('',(#3381,#3389,#3390,#3391));
#3381 = ORIENTED_EDGE('',*,*,#3382,.T.);
#3382 = EDGE_CURVE('',#3383,#3335,#3385,.T.);
#3383 = VERTEX_POINT('',#3384);
#3384 = CARTESIAN_POINT('',(-109.7881598187,29.901143272551,13.));
#3385 = LINE('',#3386,#3387);
#3386 = CARTESIAN_POINT('',(-131.8838857278,22.934387654014,13.));
#3387 = VECTOR('',#3388,1.);
#3388 = DIRECTION('',(0.953716950748,0.300705799504,-0.));
#3389 = ORIENTED_EDGE('',*,*,#3344,.T.);
#3390 = ORIENTED_EDGE('',*,*,#891,.F.);
#3391 = ORIENTED_EDGE('',*,*,#3392,.F.);
#3392 = EDGE_CURVE('',#3383,#884,#3393,.T.);
#3393 = LINE('',#3394,#3395);
#3394 = CARTESIAN_POINT('',(-109.7881598187,29.901143272551,12.5));
#3395 = VECTOR('',#3396,1.);
#3396 = DIRECTION('',(0.,0.,1.));
#3397 = PLANE('',#3398);
#3398 = AXIS2_PLACEMENT_3D('',#3399,#3400,#3401);
#3399 = CARTESIAN_POINT('',(-108.9143018303,30.176669637938,12.5));
#3400 = DIRECTION('',(0.300705799504,-0.953716950748,0.));
#3401 = DIRECTION('',(-0.953716950748,-0.300705799504,0.));
#3402 = ADVANCED_FACE('',(#3403),#3421,.T.);
#3403 = FACE_BOUND('',#3404,.T.);
#3404 = EDGE_LOOP('',(#3405,#3413,#3419,#3420));
#3405 = ORIENTED_EDGE('',*,*,#3406,.T.);
#3406 = EDGE_CURVE('',#3359,#3407,#3409,.T.);
#3407 = VERTEX_POINT('',#3408);
#3408 = CARTESIAN_POINT('',(-104.8343305221,23.993845233256,13.));
#3409 = LINE('',#3410,#3411);
#3410 = CARTESIAN_POINT('',(-124.2334789935,20.28156179113,13.));
#3411 = VECTOR('',#3412,1.);
#3412 = DIRECTION('',(-0.982178070471,-0.1879527544,0.));
#3413 = ORIENTED_EDGE('',*,*,#3414,.T.);
#3414 = EDGE_CURVE('',#3407,#828,#3415,.T.);
#3415 = LINE('',#3416,#3417);
#3416 = CARTESIAN_POINT('',(-104.8343305221,23.993845233256,12.5));
#3417 = VECTOR('',#3418,1.);
#3418 = DIRECTION('',(0.,0.,1.));
#3419 = ORIENTED_EDGE('',*,*,#827,.F.);
#3420 = ORIENTED_EDGE('',*,*,#3366,.F.);
#3421 = PLANE('',#3422);
#3422 = AXIS2_PLACEMENT_3D('',#3423,#3424,#3425);
#3423 = CARTESIAN_POINT('',(-104.8343305221,23.993845233256,12.5));
#3424 = DIRECTION('',(-0.1879527544,0.982178070471,0.));
#3425 = DIRECTION('',(0.982178070471,0.1879527544,0.));
#3426 = ADVANCED_FACE('',(#3427),#3445,.T.);
#3427 = FACE_BOUND('',#3428,.T.);
#3428 = EDGE_LOOP('',(#3429,#3437,#3438,#3439));
#3429 = ORIENTED_EDGE('',*,*,#3430,.T.);
#3430 = EDGE_CURVE('',#3431,#3383,#3433,.T.);
#3431 = VERTEX_POINT('',#3432);
#3432 = CARTESIAN_POINT('',(-110.6536345147,29.600317554756,13.));
#3433 = LINE('',#3434,#3435);
#3434 = CARTESIAN_POINT('',(-133.4187164234,21.687524566576,13.));
#3435 = VECTOR('',#3436,1.);
#3436 = DIRECTION('',(0.944567537268,0.328317175214,-0.));
#3437 = ORIENTED_EDGE('',*,*,#3392,.T.);
#3438 = ORIENTED_EDGE('',*,*,#883,.F.);
#3439 = ORIENTED_EDGE('',*,*,#3440,.F.);
#3440 = EDGE_CURVE('',#3431,#876,#3441,.T.);
#3441 = LINE('',#3442,#3443);
#3442 = CARTESIAN_POINT('',(-110.6536345147,29.600317554756,12.5));
#3443 = VECTOR('',#3444,1.);
#3444 = DIRECTION('',(0.,0.,1.));
#3445 = PLANE('',#3446);
#3446 = AXIS2_PLACEMENT_3D('',#3447,#3448,#3449);
#3447 = CARTESIAN_POINT('',(-109.7881598187,29.901143272551,12.5));
#3448 = DIRECTION('',(0.328317175214,-0.944567537268,0.));
#3449 = DIRECTION('',(-0.944567537268,-0.328317175214,0.));
#3450 = ADVANCED_FACE('',(#3451),#3469,.T.);
#3451 = FACE_BOUND('',#3452,.T.);
#3452 = EDGE_LOOP('',(#3453,#3461,#3467,#3468));
#3453 = ORIENTED_EDGE('',*,*,#3454,.T.);
#3454 = EDGE_CURVE('',#3407,#3455,#3457,.T.);
#3455 = VERTEX_POINT('',#3456);
#3456 = CARTESIAN_POINT('',(-105.5300888331,23.839599329206,13.));
#3457 = LINE('',#3458,#3459);
#3458 = CARTESIAN_POINT('',(-125.7980277573,19.346305446952,13.));
#3459 = VECTOR('',#3460,1.);
#3460 = DIRECTION('',(-0.97629600712,-0.216439613938,0.));
#3461 = ORIENTED_EDGE('',*,*,#3462,.T.);
#3462 = EDGE_CURVE('',#3455,#836,#3463,.T.);
#3463 = LINE('',#3464,#3465);
#3464 = CARTESIAN_POINT('',(-105.5300888331,23.839599329206,12.5));
#3465 = VECTOR('',#3466,1.);
#3466 = DIRECTION('',(0.,0.,1.));
#3467 = ORIENTED_EDGE('',*,*,#835,.F.);
#3468 = ORIENTED_EDGE('',*,*,#3414,.F.);
#3469 = PLANE('',#3470);
#3470 = AXIS2_PLACEMENT_3D('',#3471,#3472,#3473);
#3471 = CARTESIAN_POINT('',(-105.5300888331,23.839599329206,12.5));
#3472 = DIRECTION('',(-0.216439613938,0.97629600712,0.));
#3473 = DIRECTION('',(0.97629600712,0.216439613938,0.));
#3474 = ADVANCED_FACE('',(#3475),#3493,.T.);
#3475 = FACE_BOUND('',#3476,.T.);
#3476 = EDGE_LOOP('',(#3477,#3485,#3486,#3487));
#3477 = ORIENTED_EDGE('',*,*,#3478,.T.);
#3478 = EDGE_CURVE('',#3479,#3431,#3481,.T.);
#3479 = VERTEX_POINT('',#3480);
#3480 = CARTESIAN_POINT('',(-108.2594935114,23.022469209255,13.));
#3481 = LINE('',#3482,#3483);
#3482 = CARTESIAN_POINT('',(-94.54242441257,-14.66486840107,13.));
#3483 = VECTOR('',#3484,1.);
#3484 = DIRECTION('',(-0.342020143326,0.939692620786,0.));
#3485 = ORIENTED_EDGE('',*,*,#3440,.T.);
#3486 = ORIENTED_EDGE('',*,*,#875,.F.);
#3487 = ORIENTED_EDGE('',*,*,#3488,.F.);
#3488 = EDGE_CURVE('',#3479,#868,#3489,.T.);
#3489 = LINE('',#3490,#3491);
#3490 = CARTESIAN_POINT('',(-108.2594935114,23.022469209255,12.5));
#3491 = VECTOR('',#3492,1.);
#3492 = DIRECTION('',(0.,0.,1.));
#3493 = PLANE('',#3494);
#3494 = AXIS2_PLACEMENT_3D('',#3495,#3496,#3497);
#3495 = CARTESIAN_POINT('',(-110.6536345147,29.600317554756,12.5));
#3496 = DIRECTION('',(0.939692620786,0.342020143326,-0.));
#3497 = DIRECTION('',(0.342020143326,-0.939692620786,0.));
#3498 = ADVANCED_FACE('',(#3499),#3517,.T.);
#3499 = FACE_BOUND('',#3500,.T.);
#3500 = EDGE_LOOP('',(#3501,#3509,#3515,#3516));
#3501 = ORIENTED_EDGE('',*,*,#3502,.T.);
#3502 = EDGE_CURVE('',#3455,#3503,#3505,.T.);
#3503 = VERTEX_POINT('',#3504);
#3504 = CARTESIAN_POINT('',(-106.221066605,23.665182744082,13.));
#3505 = LINE('',#3506,#3507);
#3506 = CARTESIAN_POINT('',(-127.3107682484,18.341720988985,13.));
#3507 = VECTOR('',#3508,1.);
#3508 = DIRECTION('',(-0.969587899878,-0.244743343954,0.));
#3509 = ORIENTED_EDGE('',*,*,#3510,.T.);
#3510 = EDGE_CURVE('',#3503,#844,#3511,.T.);
#3511 = LINE('',#3512,#3513);
#3512 = CARTESIAN_POINT('',(-106.221066605,23.665182744082,12.5));
#3513 = VECTOR('',#3514,1.);
#3514 = DIRECTION('',(0.,0.,1.));
#3515 = ORIENTED_EDGE('',*,*,#843,.F.);
#3516 = ORIENTED_EDGE('',*,*,#3462,.F.);
#3517 = PLANE('',#3518);
#3518 = AXIS2_PLACEMENT_3D('',#3519,#3520,#3521);
#3519 = CARTESIAN_POINT('',(-106.221066605,23.665182744082,12.5));
#3520 = DIRECTION('',(-0.244743343954,0.969587899878,0.));
#3521 = DIRECTION('',(0.969587899878,0.244743343954,0.));
#3522 = ADVANCED_FACE('',(#3523),#3541,.T.);
#3523 = FACE_BOUND('',#3524,.T.);
#3524 = EDGE_LOOP('',(#3525,#3533,#3534,#3535));
#3525 = ORIENTED_EDGE('',*,*,#3526,.T.);
#3526 = EDGE_CURVE('',#3527,#3479,#3529,.T.);
#3527 = VERTEX_POINT('',#3528);
#3528 = CARTESIAN_POINT('',(-107.5863465257,23.256444767539,13.));
#3529 = LINE('',#3530,#3531);
#3530 = CARTESIAN_POINT('',(-131.5053946956,14.9425508223,13.));
#3531 = VECTOR('',#3532,1.);
#3532 = DIRECTION('',(-0.944567537268,-0.328317175214,0.));
#3533 = ORIENTED_EDGE('',*,*,#3488,.T.);
#3534 = ORIENTED_EDGE('',*,*,#867,.F.);
#3535 = ORIENTED_EDGE('',*,*,#3536,.F.);
#3536 = EDGE_CURVE('',#3527,#860,#3537,.T.);
#3537 = LINE('',#3538,#3539);
#3538 = CARTESIAN_POINT('',(-107.5863465257,23.256444767539,12.5));
#3539 = VECTOR('',#3540,1.);
#3540 = DIRECTION('',(0.,0.,1.));
#3541 = PLANE('',#3542);
#3542 = AXIS2_PLACEMENT_3D('',#3543,#3544,#3545);
#3543 = CARTESIAN_POINT('',(-108.2594935114,23.022469209255,12.5));
#3544 = DIRECTION('',(-0.328317175214,0.944567537268,0.));
#3545 = DIRECTION('',(0.944567537268,0.328317175214,0.));
#3546 = ADVANCED_FACE('',(#3547),#3565,.T.);
#3547 = FACE_BOUND('',#3548,.T.);
#3548 = EDGE_LOOP('',(#3549,#3557,#3563,#3564));
#3549 = ORIENTED_EDGE('',*,*,#3550,.T.);
#3550 = EDGE_CURVE('',#3503,#3551,#3553,.T.);
#3551 = VERTEX_POINT('',#3552);
#3552 = CARTESIAN_POINT('',(-106.9066792014,23.470743051729,13.));
#3553 = LINE('',#3554,#3555);
#3554 = CARTESIAN_POINT('',(-128.7683382785,17.270777812568,13.));
#3555 = VECTOR('',#3556,1.);
#3556 = DIRECTION('',(-0.962059424474,-0.272839996667,0.));
#3557 = ORIENTED_EDGE('',*,*,#3558,.T.);
#3558 = EDGE_CURVE('',#3551,#852,#3559,.T.);
#3559 = LINE('',#3560,#3561);
#3560 = CARTESIAN_POINT('',(-106.9066792014,23.470743051729,12.5));
#3561 = VECTOR('',#3562,1.);
#3562 = DIRECTION('',(0.,0.,1.));
#3563 = ORIENTED_EDGE('',*,*,#851,.F.);
#3564 = ORIENTED_EDGE('',*,*,#3510,.F.);
#3565 = PLANE('',#3566);
#3566 = AXIS2_PLACEMENT_3D('',#3567,#3568,#3569);
#3567 = CARTESIAN_POINT('',(-106.9066792014,23.470743051729,12.5));
#3568 = DIRECTION('',(-0.272839996667,0.962059424474,0.));
#3569 = DIRECTION('',(0.962059424474,0.272839996667,0.));
#3570 = ADVANCED_FACE('',(#3571),#3582,.T.);
#3571 = FACE_BOUND('',#3572,.T.);
#3572 = EDGE_LOOP('',(#3573,#3579,#3580,#3581));
#3573 = ORIENTED_EDGE('',*,*,#3574,.T.);
#3574 = EDGE_CURVE('',#3551,#3527,#3575,.T.);
#3575 = LINE('',#3576,#3577);
#3576 = CARTESIAN_POINT('',(-130.167549095,16.13661894601,13.));
#3577 = VECTOR('',#3578,1.);
#3578 = DIRECTION('',(-0.953716950748,-0.300705799504,0.));
#3579 = ORIENTED_EDGE('',*,*,#3536,.T.);
#3580 = ORIENTED_EDGE('',*,*,#859,.F.);
#3581 = ORIENTED_EDGE('',*,*,#3558,.F.);
#3582 = PLANE('',#3583);
#3583 = AXIS2_PLACEMENT_3D('',#3584,#3585,#3586);
#3584 = CARTESIAN_POINT('',(-107.5863465257,23.256444767539,12.5));
#3585 = DIRECTION('',(-0.300705799504,0.953716950748,0.));
#3586 = DIRECTION('',(0.953716950748,0.300705799504,0.));
#3587 = ADVANCED_FACE('',(#3588,#3598,#3650,#3702),#3705,.T.);
#3588 = FACE_BOUND('',#3589,.T.);
#3589 = EDGE_LOOP('',(#3590,#3591,#3592,#3593,#3594,#3595,#3596,#3597));
#3590 = ORIENTED_EDGE('',*,*,#132,.T.);
#3591 = ORIENTED_EDGE('',*,*,#1079,.T.);
#3592 = ORIENTED_EDGE('',*,*,#1125,.T.);
#3593 = ORIENTED_EDGE('',*,*,#1150,.F.);
#3594 = ORIENTED_EDGE('',*,*,#1101,.F.);
#3595 = ORIENTED_EDGE('',*,*,#188,.T.);
#3596 = ORIENTED_EDGE('',*,*,#61,.F.);
#3597 = ORIENTED_EDGE('',*,*,#31,.T.);
#3598 = FACE_BOUND('',#3599,.T.);
#3599 = EDGE_LOOP('',(#3600,#3601,#3602,#3603,#3604,#3605,#3606,#3607,
    #3608,#3609,#3610,#3611,#3612,#3613,#3614,#3615,#3616,#3617,#3618,
    #3619,#3620,#3621,#3622,#3623,#3624,#3625,#3626,#3627,#3628,#3629,
    #3630,#3631,#3632,#3633,#3634,#3635,#3636,#3637,#3638,#3639,#3640,
    #3641,#3642,#3643,#3644,#3645,#3646,#3647,#3648,#3649));
#3600 = ORIENTED_EDGE('',*,*,#1166,.F.);
#3601 = ORIENTED_EDGE('',*,*,#1197,.F.);
#3602 = ORIENTED_EDGE('',*,*,#1245,.F.);
#3603 = ORIENTED_EDGE('',*,*,#1293,.F.);
#3604 = ORIENTED_EDGE('',*,*,#1341,.F.);
#3605 = ORIENTED_EDGE('',*,*,#1389,.F.);
#3606 = ORIENTED_EDGE('',*,*,#1437,.F.);
#3607 = ORIENTED_EDGE('',*,*,#1485,.F.);
#3608 = ORIENTED_EDGE('',*,*,#1533,.F.);
#3609 = ORIENTED_EDGE('',*,*,#1581,.F.);
#3610 = ORIENTED_EDGE('',*,*,#1629,.F.);
#3611 = ORIENTED_EDGE('',*,*,#1677,.F.);
#3612 = ORIENTED_EDGE('',*,*,#1725,.F.);
#3613 = ORIENTED_EDGE('',*,*,#1773,.F.);
#3614 = ORIENTED_EDGE('',*,*,#1821,.F.);
#3615 = ORIENTED_EDGE('',*,*,#1869,.F.);
#3616 = ORIENTED_EDGE('',*,*,#1917,.F.);
#3617 = ORIENTED_EDGE('',*,*,#1965,.F.);
#3618 = ORIENTED_EDGE('',*,*,#2013,.F.);
#3619 = ORIENTED_EDGE('',*,*,#2061,.F.);
#3620 = ORIENTED_EDGE('',*,*,#2109,.F.);
#3621 = ORIENTED_EDGE('',*,*,#2157,.F.);
#3622 = ORIENTED_EDGE('',*,*,#2205,.F.);
#3623 = ORIENTED_EDGE('',*,*,#2253,.F.);
#3624 = ORIENTED_EDGE('',*,*,#2301,.F.);
#3625 = ORIENTED_EDGE('',*,*,#2349,.F.);
#3626 = ORIENTED_EDGE('',*,*,#2325,.F.);
#3627 = ORIENTED_EDGE('',*,*,#2277,.F.);
#3628 = ORIENTED_EDGE('',*,*,#2229,.F.);
#3629 = ORIENTED_EDGE('',*,*,#2181,.F.);
#3630 = ORIENTED_EDGE('',*,*,#2133,.F.);
#3631 = ORIENTED_EDGE('',*,*,#2085,.F.);
#3632 = ORIENTED_EDGE('',*,*,#2037,.F.);
#3633 = ORIENTED_EDGE('',*,*,#1989,.F.);
#3634 = ORIENTED_EDGE('',*,*,#1941,.F.);
#3635 = ORIENTED_EDGE('',*,*,#1893,.F.);
#3636 = ORIENTED_EDGE('',*,*,#1845,.F.);
#3637 = ORIENTED_EDGE('',*,*,#1797,.F.);
#3638 = ORIENTED_EDGE('',*,*,#1749,.F.);
#3639 = ORIENTED_EDGE('',*,*,#1701,.F.);
#3640 = ORIENTED_EDGE('',*,*,#1653,.F.);
#3641 = ORIENTED_EDGE('',*,*,#1605,.F.);
#3642 = ORIENTED_EDGE('',*,*,#1557,.F.);
#3643 = ORIENTED_EDGE('',*,*,#1509,.F.);
#3644 = ORIENTED_EDGE('',*,*,#1461,.F.);
#3645 = ORIENTED_EDGE('',*,*,#1413,.F.);
#3646 = ORIENTED_EDGE('',*,*,#1365,.F.);
#3647 = ORIENTED_EDGE('',*,*,#1317,.F.);
#3648 = ORIENTED_EDGE('',*,*,#1269,.F.);
#3649 = ORIENTED_EDGE('',*,*,#1221,.F.);
#3650 = FACE_BOUND('',#3651,.T.);
#3651 = EDGE_LOOP('',(#3652,#3653,#3654,#3655,#3656,#3657,#3658,#3659,
    #3660,#3661,#3662,#3663,#3664,#3665,#3666,#3667,#3668,#3669,#3670,
    #3671,#3672,#3673,#3674,#3675,#3676,#3677,#3678,#3679,#3680,#3681,
    #3682,#3683,#3684,#3685,#3686,#3687,#3688,#3689,#3690,#3691,#3692,
    #3693,#3694,#3695,#3696,#3697,#3698,#3699,#3700,#3701));
#3652 = ORIENTED_EDGE('',*,*,#2391,.F.);
#3653 = ORIENTED_EDGE('',*,*,#2422,.F.);
#3654 = ORIENTED_EDGE('',*,*,#2470,.F.);
#3655 = ORIENTED_EDGE('',*,*,#2518,.F.);
#3656 = ORIENTED_EDGE('',*,*,#2566,.F.);
#3657 = ORIENTED_EDGE('',*,*,#2614,.F.);
#3658 = ORIENTED_EDGE('',*,*,#2662,.F.);
#3659 = ORIENTED_EDGE('',*,*,#2710,.F.);
#3660 = ORIENTED_EDGE('',*,*,#2758,.F.);
#3661 = ORIENTED_EDGE('',*,*,#2806,.F.);
#3662 = ORIENTED_EDGE('',*,*,#2854,.F.);
#3663 = ORIENTED_EDGE('',*,*,#2902,.F.);
#3664 = ORIENTED_EDGE('',*,*,#2950,.F.);
#3665 = ORIENTED_EDGE('',*,*,#2998,.F.);
#3666 = ORIENTED_EDGE('',*,*,#3046,.F.);
#3667 = ORIENTED_EDGE('',*,*,#3094,.F.);
#3668 = ORIENTED_EDGE('',*,*,#3142,.F.);
#3669 = ORIENTED_EDGE('',*,*,#3190,.F.);
#3670 = ORIENTED_EDGE('',*,*,#3238,.F.);
#3671 = ORIENTED_EDGE('',*,*,#3286,.F.);
#3672 = ORIENTED_EDGE('',*,*,#3334,.F.);
#3673 = ORIENTED_EDGE('',*,*,#3382,.F.);
#3674 = ORIENTED_EDGE('',*,*,#3430,.F.);
#3675 = ORIENTED_EDGE('',*,*,#3478,.F.);
#3676 = ORIENTED_EDGE('',*,*,#3526,.F.);
#3677 = ORIENTED_EDGE('',*,*,#3574,.F.);
#3678 = ORIENTED_EDGE('',*,*,#3550,.F.);
#3679 = ORIENTED_EDGE('',*,*,#3502,.F.);
#3680 = ORIENTED_EDGE('',*,*,#3454,.F.);
#3681 = ORIENTED_EDGE('',*,*,#3406,.F.);
#3682 = ORIENTED_EDGE('',*,*,#3358,.F.);
#3683 = ORIENTED_EDGE('',*,*,#3310,.F.);
#3684 = ORIENTED_EDGE('',*,*,#3262,.F.);
#3685 = ORIENTED_EDGE('',*,*,#3214,.F.);
#3686 = ORIENTED_EDGE('',*,*,#3166,.F.);
#3687 = ORIENTED_EDGE('',*,*,#3118,.F.);
#3688 = ORIENTED_EDGE('',*,*,#3070,.F.);
#3689 = ORIENTED_EDGE('',*,*,#3022,.F.);
#3690 = ORIENTED_EDGE('',*,*,#2974,.F.);
#3691 = ORIENTED_EDGE('',*,*,#2926,.F.);
#3692 = ORIENTED_EDGE('',*,*,#2878,.F.);
#3693 = ORIENTED_EDGE('',*,*,#2830,.F.);
#3694 = ORIENTED_EDGE('',*,*,#2782,.F.);
#3695 = ORIENTED_EDGE('',*,*,#2734,.F.);
#3696 = ORIENTED_EDGE('',*,*,#2686,.F.);
#3697 = ORIENTED_EDGE('',*,*,#2638,.F.);
#3698 = ORIENTED_EDGE('',*,*,#2590,.F.);
#3699 = ORIENTED_EDGE('',*,*,#2542,.F.);
#3700 = ORIENTED_EDGE('',*,*,#2494,.F.);
#3701 = ORIENTED_EDGE('',*,*,#2446,.F.);
#3702 = FACE_BOUND('',#3703,.T.);
#3703 = EDGE_LOOP('',(#3704));
#3704 = ORIENTED_EDGE('',*,*,#2375,.T.);
#3705 = PLANE('',#3706);
#3706 = AXIS2_PLACEMENT_3D('',#3707,#3708,#3709);
#3707 = CARTESIAN_POINT('',(-107.6474418604,4.475317618644E-16,13.));
#3708 = DIRECTION('',(-0.,-0.,-1.));
#3709 = DIRECTION('',(-1.,0.,0.));
#3710 = MANIFOLD_SOLID_BREP('',#3711);
#3711 = CLOSED_SHELL('',(#3712,#3752,#3783,#3814,#4839,#5864,#5881,#5898
    ,#5915,#5932,#5949,#5966,#5983,#6000,#6017,#6034,#6051,#6068,#6117,
    #6141,#6165,#6189,#6213,#6237,#6261,#6285,#6309,#6333,#6357,#6381,
    #6405,#6429,#6453,#6477,#6501,#6525,#6549,#6573,#6597,#6621,#6645,
    #6669,#6693,#6717,#6741,#6765,#6789,#6813,#6837,#6861,#6885,#6909,
    #6933,#6957,#6981,#7028,#7045,#7062,#7079,#7096,#7113,#7130,#7147,
    #7164,#7181,#7198,#7215,#7232,#7249,#7266,#7283,#7300,#7317,#7334,
    #7351,#7368,#7385,#7402,#7419,#7436,#7453,#7470,#7487,#7504,#7521,
    #7538,#7555,#7572,#7589,#7606,#7623,#7640,#7657,#7674,#7691,#7708,
    #7725,#7742,#7791,#7815,#7839,#7863,#7887,#7911,#7935,#7959,#7983,
    #8007,#8031,#8055,#8079,#8103,#8150,#8167,#8184,#8201,#8218,#8235,
    #8252,#8269,#8286,#8303,#8320,#8337,#8354,#8371,#8388,#8405,#8422,
    #8439,#8456,#8473,#8485,#8509,#8533,#8557,#8581,#8605,#8629,#8653,
    #8677,#8701,#8725,#8749,#8773,#8797,#8821,#8845,#8869,#8893,#8917,
    #8941,#8965,#8989,#9013,#9037,#9061,#9085,#9109,#9133,#9157,#9181,
    #9205,#9229,#9253,#9277,#9301,#9325,#9342,#9366,#9390,#9414,#9438,
    #9462,#9486,#9510,#9534,#9558,#9582,#9606,#9630,#9647,#10219,#10243,
    #10808,#10825,#11374,#11398,#11940,#11957,#11974,#11991,#12008,
    #12025,#12042,#12059,#12076,#12093,#12110,#12127,#12144,#12161,
    #12178,#12195,#12212,#12229,#12246,#12263,#12280,#12297,#12314,
    #12331,#12348,#12365,#12382,#12399,#12416,#12433,#12450,#12467,
    #12484,#12501,#12518,#12535,#12552,#12569,#12586,#12603,#12620,
    #12637,#12654,#12671,#12688,#12705,#12722,#12739,#12756,#12773,
    #12790,#12807,#12824,#12841,#12858,#12875,#12892,#12909,#12926,
    #12943,#12960,#12977,#12994,#13011,#13028,#13040,#13057,#13074,
    #13091,#13108,#13125,#13142,#13159,#13176,#13193,#13210,#13227,
    #13244,#13261,#13278,#13295,#13312,#13329,#13346,#13363,#13380,
    #13397,#13414,#13431,#13448,#13465,#13482,#13499,#13516,#13533,
    #13550,#13567,#13584,#13601,#13618,#13635,#13652,#13669,#13686,
    #13703,#13720,#13737,#13754,#13771,#13788,#13805,#13822,#13839,
    #13856,#13873,#13890,#13907,#13924,#13941,#13958,#13975,#13992,
    #14009,#14026,#14043,#14060,#14077,#14094,#14111));
#3712 = ADVANCED_FACE('',(#3713),#3747,.T.);
#3713 = FACE_BOUND('',#3714,.T.);
#3714 = EDGE_LOOP('',(#3715,#3725,#3733,#3741));
#3715 = ORIENTED_EDGE('',*,*,#3716,.T.);
#3716 = EDGE_CURVE('',#3717,#3719,#3721,.T.);
#3717 = VERTEX_POINT('',#3718);
#3718 = CARTESIAN_POINT('',(-124.9423992967,-21.55,52.381688409113));
#3719 = VERTEX_POINT('',#3720);
#3720 = CARTESIAN_POINT('',(-124.9423992967,21.55,52.381688409113));
#3721 = LINE('',#3722,#3723);
#3722 = CARTESIAN_POINT('',(-124.9423992967,-21.55,52.381688409113));
#3723 = VECTOR('',#3724,1.);
#3724 = DIRECTION('',(0.,1.,0.));
#3725 = ORIENTED_EDGE('',*,*,#3726,.T.);
#3726 = EDGE_CURVE('',#3719,#3727,#3729,.T.);
#3727 = VERTEX_POINT('',#3728);
#3728 = CARTESIAN_POINT('',(-124.1651015322,21.55,52.263064380554));
#3729 = LINE('',#3730,#3731);
#3730 = CARTESIAN_POINT('',(-124.9423992967,21.55,52.381688409113));
#3731 = VECTOR('',#3732,1.);
#3732 = DIRECTION('',(0.988554513797,0.,-0.150864088676));
#3733 = ORIENTED_EDGE('',*,*,#3734,.F.);
#3734 = EDGE_CURVE('',#3735,#3727,#3737,.T.);
#3735 = VERTEX_POINT('',#3736);
#3736 = CARTESIAN_POINT('',(-124.1651015322,-21.55,52.263064380554));
#3737 = LINE('',#3738,#3739);
#3738 = CARTESIAN_POINT('',(-124.1651015322,-21.55,52.263064380554));
#3739 = VECTOR('',#3740,1.);
#3740 = DIRECTION('',(0.,1.,0.));
#3741 = ORIENTED_EDGE('',*,*,#3742,.F.);
#3742 = EDGE_CURVE('',#3717,#3735,#3743,.T.);
#3743 = LINE('',#3744,#3745);
#3744 = CARTESIAN_POINT('',(-124.9423992967,-21.55,52.381688409113));
#3745 = VECTOR('',#3746,1.);
#3746 = DIRECTION('',(0.988554513797,0.,-0.150864088676));
#3747 = PLANE('',#3748);
#3748 = AXIS2_PLACEMENT_3D('',#3749,#3750,#3751);
#3749 = CARTESIAN_POINT('',(-124.9423992967,-21.55,52.381688409113));
#3750 = DIRECTION('',(-0.150864088676,0.,-0.988554513797));
#3751 = DIRECTION('',(0.988554513797,0.,-0.150864088676));
#3752 = ADVANCED_FACE('',(#3753),#3778,.T.);
#3753 = FACE_BOUND('',#3754,.T.);
#3754 = EDGE_LOOP('',(#3755,#3765,#3771,#3772));
#3755 = ORIENTED_EDGE('',*,*,#3756,.T.);
#3756 = EDGE_CURVE('',#3757,#3759,#3761,.T.);
#3757 = VERTEX_POINT('',#3758);
#3758 = CARTESIAN_POINT('',(-122.6284755463,-21.55,67.303342368284));
#3759 = VERTEX_POINT('',#3760);
#3760 = CARTESIAN_POINT('',(-122.6284755463,21.55,67.303342368284));
#3761 = LINE('',#3762,#3763);
#3762 = CARTESIAN_POINT('',(-122.6284755463,-21.55,67.303342368284));
#3763 = VECTOR('',#3764,1.);
#3764 = DIRECTION('',(0.,1.,0.));
#3765 = ORIENTED_EDGE('',*,*,#3766,.T.);
#3766 = EDGE_CURVE('',#3759,#3719,#3767,.T.);
#3767 = LINE('',#3768,#3769);
#3768 = CARTESIAN_POINT('',(-122.6284755463,21.55,67.303342368284));
#3769 = VECTOR('',#3770,1.);
#3770 = DIRECTION('',(-0.153239983472,0.,-0.988189003919));
#3771 = ORIENTED_EDGE('',*,*,#3716,.F.);
#3772 = ORIENTED_EDGE('',*,*,#3773,.F.);
#3773 = EDGE_CURVE('',#3757,#3717,#3774,.T.);
#3774 = LINE('',#3775,#3776);
#3775 = CARTESIAN_POINT('',(-122.6284755463,-21.55,67.303342368284));
#3776 = VECTOR('',#3777,1.);
#3777 = DIRECTION('',(-0.153239983472,0.,-0.988189003919));
#3778 = PLANE('',#3779);
#3779 = AXIS2_PLACEMENT_3D('',#3780,#3781,#3782);
#3780 = CARTESIAN_POINT('',(-122.6284755463,-21.55,67.303342368284));
#3781 = DIRECTION('',(-0.988189003919,0.,0.153239983472));
#3782 = DIRECTION('',(-0.153239983472,0.,-0.988189003919));
#3783 = ADVANCED_FACE('',(#3784),#3809,.T.);
#3784 = FACE_BOUND('',#3785,.T.);
#3785 = EDGE_LOOP('',(#3786,#3787,#3795,#3803));
#3786 = ORIENTED_EDGE('',*,*,#3734,.T.);
#3787 = ORIENTED_EDGE('',*,*,#3788,.T.);
#3788 = EDGE_CURVE('',#3727,#3789,#3791,.T.);
#3789 = VERTEX_POINT('',#3790);
#3790 = CARTESIAN_POINT('',(-123.3872424452,21.55,52.148178717013));
#3791 = LINE('',#3792,#3793);
#3792 = CARTESIAN_POINT('',(-124.1651015322,21.55,52.263064380554));
#3793 = VECTOR('',#3794,1.);
#3794 = DIRECTION('',(0.989268394466,0.,-0.146109697528));
#3795 = ORIENTED_EDGE('',*,*,#3796,.F.);
#3796 = EDGE_CURVE('',#3797,#3789,#3799,.T.);
#3797 = VERTEX_POINT('',#3798);
#3798 = CARTESIAN_POINT('',(-123.3872424452,-21.55,52.148178717013));
#3799 = LINE('',#3800,#3801);
#3800 = CARTESIAN_POINT('',(-123.3872424452,-21.55,52.148178717013));
#3801 = VECTOR('',#3802,1.);
#3802 = DIRECTION('',(0.,1.,0.));
#3803 = ORIENTED_EDGE('',*,*,#3804,.F.);
#3804 = EDGE_CURVE('',#3735,#3797,#3805,.T.);
#3805 = LINE('',#3806,#3807);
#3806 = CARTESIAN_POINT('',(-124.1651015322,-21.55,52.263064380554));
#3807 = VECTOR('',#3808,1.);
#3808 = DIRECTION('',(0.989268394466,0.,-0.146109697528));
#3809 = PLANE('',#3810);
#3810 = AXIS2_PLACEMENT_3D('',#3811,#3812,#3813);
#3811 = CARTESIAN_POINT('',(-124.1651015322,-21.55,52.263064380554));
#3812 = DIRECTION('',(-0.146109697528,0.,-0.989268394466));
#3813 = DIRECTION('',(0.989268394466,0.,-0.146109697528));
#3814 = ADVANCED_FACE('',(#3815),#4834,.T.);
#3815 = FACE_BOUND('',#3816,.T.);
#3816 = EDGE_LOOP('',(#3817,#3818,#3819,#3827,#3835,#3843,#3851,#3859,
    #3867,#3875,#3883,#3891,#3899,#3907,#3915,#3923,#3931,#3939,#3947,
    #3955,#3963,#3971,#3979,#3987,#3995,#4003,#4011,#4019,#4027,#4035,
    #4043,#4051,#4059,#4067,#4075,#4083,#4091,#4099,#4107,#4115,#4123,
    #4131,#4139,#4147,#4155,#4163,#4171,#4179,#4187,#4195,#4203,#4211,
    #4219,#4227,#4235,#4243,#4251,#4259,#4267,#4275,#4283,#4291,#4299,
    #4307,#4315,#4323,#4331,#4339,#4347,#4355,#4363,#4371,#4379,#4387,
    #4395,#4403,#4411,#4419,#4427,#4435,#4443,#4451,#4459,#4467,#4475,
    #4483,#4491,#4499,#4507,#4515,#4523,#4531,#4539,#4547,#4555,#4563,
    #4571,#4579,#4587,#4595,#4603,#4611,#4619,#4627,#4635,#4643,#4651,
    #4659,#4667,#4675,#4683,#4691,#4699,#4707,#4715,#4723,#4731,#4739,
    #4747,#4755,#4763,#4771,#4779,#4787,#4795,#4803,#4811,#4819,#4827,
    #4833));
#3817 = ORIENTED_EDGE('',*,*,#3742,.T.);
#3818 = ORIENTED_EDGE('',*,*,#3804,.T.);
#3819 = ORIENTED_EDGE('',*,*,#3820,.T.);
#3820 = EDGE_CURVE('',#3797,#3821,#3823,.T.);
#3821 = VERTEX_POINT('',#3822);
#3822 = CARTESIAN_POINT('',(-122.6088400151,-21.55,52.037034073939));
#3823 = LINE('',#3824,#3825);
#3824 = CARTESIAN_POINT('',(-123.3872424452,-21.55,52.148178717013));
#3825 = VECTOR('',#3826,1.);
#3826 = DIRECTION('',(0.989959409322,0.,-0.14135192922));
#3827 = ORIENTED_EDGE('',*,*,#3828,.T.);
#3828 = EDGE_CURVE('',#3821,#3829,#3831,.T.);
#3829 = VERTEX_POINT('',#3830);
#3830 = CARTESIAN_POINT('',(-121.8299122337,-21.55,51.929633020315));
#3831 = LINE('',#3832,#3833);
#3832 = CARTESIAN_POINT('',(-122.6088400151,-21.55,52.037034073939));
#3833 = VECTOR('',#3834,1.);
#3834 = DIRECTION('',(0.990627542395,0.,-0.136590893723));
#3835 = ORIENTED_EDGE('',*,*,#3836,.T.);
#3836 = EDGE_CURVE('',#3829,#3837,#3839,.T.);
#3837 = VERTEX_POINT('',#3838);
#3838 = CARTESIAN_POINT('',(-121.0504771051,-21.55,51.825978038594));
#3839 = LINE('',#3840,#3841);
#3840 = CARTESIAN_POINT('',(-121.8299122337,-21.55,51.929633020315));
#3841 = VECTOR('',#3842,1.);
#3842 = DIRECTION('',(0.991272778241,0.,-0.131826701083));
#3843 = ORIENTED_EDGE('',*,*,#3844,.T.);
#3844 = EDGE_CURVE('',#3837,#3845,#3847,.T.);
#3845 = VERTEX_POINT('',#3846);
#3846 = CARTESIAN_POINT('',(-120.2705526451,-21.55,51.726071524643));
#3847 = LINE('',#3848,#3849);
#3848 = CARTESIAN_POINT('',(-121.0504771051,-21.55,51.825978038594));
#3849 = VECTOR('',#3850,1.);
#3850 = DIRECTION('',(0.991895101946,0.,-0.12705946142));
#3851 = ORIENTED_EDGE('',*,*,#3852,.T.);
#3852 = EDGE_CURVE('',#3845,#3853,#3855,.T.);
#3853 = VERTEX_POINT('',#3854);
#3854 = CARTESIAN_POINT('',(-119.4901568807,-21.55,51.629915787687));
#3855 = LINE('',#3856,#3857);
#3856 = CARTESIAN_POINT('',(-120.2705526451,-21.55,51.726071524643));
#3857 = VECTOR('',#3858,1.);
#3858 = DIRECTION('',(0.992494499125,0.,-0.122289284921));
#3859 = ORIENTED_EDGE('',*,*,#3860,.T.);
#3860 = EDGE_CURVE('',#3853,#3861,#3863,.T.);
#3861 = VERTEX_POINT('',#3862);
#3862 = CARTESIAN_POINT('',(-118.7093078498,-21.55,51.537513050256));
#3863 = LINE('',#3864,#3865);
#3864 = CARTESIAN_POINT('',(-119.4901568807,-21.55,51.629915787687));
#3865 = VECTOR('',#3866,1.);
#3866 = DIRECTION('',(0.993070955925,0.,-0.117516281845));
#3867 = ORIENTED_EDGE('',*,*,#3868,.T.);
#3868 = EDGE_CURVE('',#3861,#3869,#3871,.T.);
#3869 = VERTEX_POINT('',#3870);
#3870 = CARTESIAN_POINT('',(-117.9280236009,-21.55,51.448865448135));
#3871 = LINE('',#3872,#3873);
#3872 = CARTESIAN_POINT('',(-118.7093078498,-21.55,51.537513050256));
#3873 = VECTOR('',#3874,1.);
#3874 = DIRECTION('',(0.993624459021,0.,-0.112740562514));
#3875 = ORIENTED_EDGE('',*,*,#3876,.T.);
#3876 = EDGE_CURVE('',#3869,#3877,#3879,.T.);
#3877 = VERTEX_POINT('',#3878);
#3878 = CARTESIAN_POINT('',(-117.1463221925,-21.55,51.363975030311));
#3879 = LINE('',#3880,#3881);
#3880 = CARTESIAN_POINT('',(-117.9280236009,-21.55,51.448865448135));
#3881 = VECTOR('',#3882,1.);
#3882 = DIRECTION('',(0.994154995619,0.,-0.107962237314));
#3883 = ORIENTED_EDGE('',*,*,#3884,.T.);
#3884 = EDGE_CURVE('',#3877,#3885,#3887,.T.);
#3885 = VERTEX_POINT('',#3886);
#3886 = CARTESIAN_POINT('',(-116.3642216928,-21.55,51.28284375893));
#3887 = LINE('',#3888,#3889);
#3888 = CARTESIAN_POINT('',(-117.1463221925,-21.55,51.363975030311));
#3889 = VECTOR('',#3890,1.);
#3890 = DIRECTION('',(0.994662553457,0.,-0.103181416689));
#3891 = ORIENTED_EDGE('',*,*,#3892,.T.);
#3892 = EDGE_CURVE('',#3885,#3893,#3895,.T.);
#3893 = VERTEX_POINT('',#3894);
#3894 = CARTESIAN_POINT('',(-115.5817401791,-21.55,51.205473509248));
#3895 = LINE('',#3896,#3897);
#3896 = CARTESIAN_POINT('',(-116.3642216928,-21.55,51.28284375893));
#3897 = VECTOR('',#3898,1.);
#3898 = DIRECTION('',(0.995147120804,0.,-9.839821114367E-02));
#3899 = ORIENTED_EDGE('',*,*,#3900,.T.);
#3900 = EDGE_CURVE('',#3893,#3901,#3903,.T.);
#3901 = VERTEX_POINT('',#3902);
#3902 = CARTESIAN_POINT('',(-114.7988957375,-21.55,51.131866069592));
#3903 = LINE('',#3904,#3905);
#3904 = CARTESIAN_POINT('',(-115.5817401791,-21.55,51.205473509248));
#3905 = VECTOR('',#3906,1.);
#3906 = DIRECTION('',(0.995608686458,0.,-9.361273123551E-02));
#3907 = ORIENTED_EDGE('',*,*,#3908,.T.);
#3908 = EDGE_CURVE('',#3901,#3909,#3911,.T.);
#3909 = VERTEX_POINT('',#3910);
#3910 = CARTESIAN_POINT('',(-114.0157064626,-21.55,51.062023141313));
#3911 = LINE('',#3912,#3913);
#3912 = CARTESIAN_POINT('',(-114.7988957375,-21.55,51.131866069592));
#3913 = VECTOR('',#3914,1.);
#3914 = DIRECTION('',(0.996047239752,0.,-8.882508757571E-02));
#3915 = ORIENTED_EDGE('',*,*,#3916,.T.);
#3916 = EDGE_CURVE('',#3909,#3917,#3919,.T.);
#3917 = VERTEX_POINT('',#3918);
#3918 = CARTESIAN_POINT('',(-113.232190457,-21.55,50.995946338751));
#3919 = LINE('',#3920,#3921);
#3920 = CARTESIAN_POINT('',(-114.0157064626,-21.55,51.062023141313));
#3921 = VECTOR('',#3922,1.);
#3922 = DIRECTION('',(0.996462770548,0.,-8.403539082528E-02));
#3923 = ORIENTED_EDGE('',*,*,#3924,.T.);
#3924 = EDGE_CURVE('',#3917,#3925,#3927,.T.);
#3925 = VERTEX_POINT('',#3926);
#3926 = CARTESIAN_POINT('',(-112.4483658307,-21.55,50.933637189196));
#3927 = LINE('',#3928,#3929);
#3928 = CARTESIAN_POINT('',(-113.232190457,-21.55,50.995946338751));
#3929 = VECTOR('',#3930,1.);
#3930 = DIRECTION('',(0.996855269243,0.,-7.924375169247E-02));
#3931 = ORIENTED_EDGE('',*,*,#3932,.T.);
#3932 = EDGE_CURVE('',#3925,#3933,#3935,.T.);
#3933 = VERTEX_POINT('',#3934);
#3934 = CARTESIAN_POINT('',(-111.6642507009,-21.55,50.875097132853));
#3935 = LINE('',#3936,#3937);
#3936 = CARTESIAN_POINT('',(-112.4483658307,-21.55,50.933637189196));
#3937 = VECTOR('',#3938,1.);
#3938 = DIRECTION('',(0.997224726764,0.,-7.445028093061E-02));
#3939 = ORIENTED_EDGE('',*,*,#3940,.T.);
#3940 = EDGE_CURVE('',#3933,#3941,#3943,.T.);
#3941 = VERTEX_POINT('',#3942);
#3942 = CARTESIAN_POINT('',(-110.8798631917,-21.55,50.820327522808));
#3943 = LINE('',#3944,#3945);
#3944 = CARTESIAN_POINT('',(-111.6642507009,-21.55,50.875097132853));
#3945 = VECTOR('',#3946,1.);
#3946 = DIRECTION('',(0.997571134571,0.,-6.96550893353E-02));
#3947 = ORIENTED_EDGE('',*,*,#3948,.T.);
#3948 = EDGE_CURVE('',#3941,#3949,#3951,.T.);
#3949 = VERTEX_POINT('',#3950);
#3950 = CARTESIAN_POINT('',(-110.0952214331,-21.55,50.769329624999));
#3951 = LINE('',#3952,#3953);
#3952 = CARTESIAN_POINT('',(-110.8798631917,-21.55,50.820327522808));
#3953 = VECTOR('',#3954,1.);
#3954 = DIRECTION('',(0.997894484658,0.,-6.485828774199E-02));
#3955 = ORIENTED_EDGE('',*,*,#3956,.T.);
#3956 = EDGE_CURVE('',#3949,#3957,#3959,.T.);
#3957 = VERTEX_POINT('',#3958);
#3958 = CARTESIAN_POINT('',(-109.3103435613,-21.55,50.722104618184));
#3959 = LINE('',#3960,#3961);
#3960 = CARTESIAN_POINT('',(-110.0952214331,-21.55,50.769329624999));
#3961 = VECTOR('',#3962,1.);
#3962 = DIRECTION('',(0.998194769551,0.,-6.005998702326E-02));
#3963 = ORIENTED_EDGE('',*,*,#3964,.T.);
#3964 = EDGE_CURVE('',#3957,#3965,#3967,.T.);
#3965 = VERTEX_POINT('',#3966);
#3966 = CARTESIAN_POINT('',(-108.5252477178,-21.55,50.678653593915));
#3967 = LINE('',#3968,#3969);
#3968 = CARTESIAN_POINT('',(-109.3103435613,-21.55,50.722104618184));
#3969 = VECTOR('',#3970,1.);
#3970 = DIRECTION('',(0.998471982309,0.,-5.526029808631E-02));
#3971 = ORIENTED_EDGE('',*,*,#3972,.T.);
#3972 = EDGE_CURVE('',#3965,#3973,#3975,.T.);
#3973 = VERTEX_POINT('',#3974);
#3974 = CARTESIAN_POINT('',(-107.7399520493,-21.55,50.638977556514));
#3975 = LINE('',#3976,#3977);
#3976 = CARTESIAN_POINT('',(-108.5252477178,-21.55,50.678653593915));
#3977 = VECTOR('',#3978,1.);
#3978 = DIRECTION('',(0.998726116524,0.,-5.045933187053E-02));
#3979 = ORIENTED_EDGE('',*,*,#3980,.T.);
#3980 = EDGE_CURVE('',#3973,#3981,#3983,.T.);
#3981 = VERTEX_POINT('',#3982);
#3982 = CARTESIAN_POINT('',(-106.954474707,-21.55,50.603077423046));
#3983 = LINE('',#3984,#3985);
#3984 = CARTESIAN_POINT('',(-107.7399520493,-21.55,50.638977556514));
#3985 = VECTOR('',#3986,1.);
#3986 = DIRECTION('',(0.998957166323,0.,-4.565719934476E-02));
#3987 = ORIENTED_EDGE('',*,*,#3988,.T.);
#3988 = EDGE_CURVE('',#3981,#3989,#3991,.T.);
#3989 = VERTEX_POINT('',#3990);
#3990 = CARTESIAN_POINT('',(-106.1688338463,-21.55,50.570954023302));
#3991 = LINE('',#3992,#3993);
#3992 = CARTESIAN_POINT('',(-106.954474707,-21.55,50.603077423046));
#3993 = VECTOR('',#3994,1.);
#3994 = DIRECTION('',(0.999165126365,0.,-4.085401150493E-02));
#3995 = ORIENTED_EDGE('',*,*,#3996,.T.);
#3996 = EDGE_CURVE('',#3989,#3997,#3999,.T.);
#3997 = VERTEX_POINT('',#3998);
#3998 = CARTESIAN_POINT('',(-105.3830476263,-21.55,50.542608099779));
#3999 = LINE('',#4000,#4001);
#4000 = CARTESIAN_POINT('',(-106.1688338463,-21.55,50.570954023302));
#4001 = VECTOR('',#4002,1.);
#4002 = DIRECTION('',(0.999349991843,0.,-3.604987937105E-02));
#4003 = ORIENTED_EDGE('',*,*,#4004,.T.);
#4004 = EDGE_CURVE('',#3997,#4005,#4007,.T.);
#4005 = VERTEX_POINT('',#4006);
#4006 = CARTESIAN_POINT('',(-104.5971342096,-21.55,50.51804030766));
#4007 = LINE('',#4008,#4009);
#4008 = CARTESIAN_POINT('',(-105.3830476263,-21.55,50.542608099779));
#4009 = VECTOR('',#4010,1.);
#4010 = DIRECTION('',(0.999511758485,0.,-3.124491398533E-02));
#4011 = ORIENTED_EDGE('',*,*,#4012,.T.);
#4012 = EDGE_CURVE('',#4005,#4013,#4015,.T.);
#4013 = VERTEX_POINT('',#4014);
#4014 = CARTESIAN_POINT('',(-103.8111117618,-21.55,50.4972512148));
#4015 = LINE('',#4016,#4017);
#4016 = CARTESIAN_POINT('',(-104.5971342096,-21.55,50.51804030766));
#4017 = VECTOR('',#4018,1.);
#4018 = DIRECTION('',(0.999650422551,0.,-2.643922640899E-02));
#4019 = ORIENTED_EDGE('',*,*,#4020,.T.);
#4020 = EDGE_CURVE('',#4013,#4021,#4023,.T.);
#4021 = VERTEX_POINT('',#4022);
#4022 = CARTESIAN_POINT('',(-103.0249984508,-21.55,50.480241301718));
#4023 = LINE('',#4024,#4025);
#4024 = CARTESIAN_POINT('',(-103.8111117618,-21.55,50.4972512148));
#4025 = VECTOR('',#4026,1.);
#4026 = DIRECTION('',(0.999765980837,0.,-2.163292772007E-02));
#4027 = ORIENTED_EDGE('',*,*,#4028,.T.);
#4028 = EDGE_CURVE('',#4021,#4029,#4031,.T.);
#4029 = VERTEX_POINT('',#4030);
#4030 = CARTESIAN_POINT('',(-102.2388124467,-21.55,50.467010961577));
#4031 = LINE('',#4032,#4033);
#4032 = CARTESIAN_POINT('',(-103.0249984508,-21.55,50.480241301718));
#4033 = VECTOR('',#4034,1.);
#4034 = DIRECTION('',(0.99985843067,0.,-1.682612901069E-02));
#4035 = ORIENTED_EDGE('',*,*,#4036,.T.);
#4036 = EDGE_CURVE('',#4029,#4037,#4039,.T.);
#4037 = VERTEX_POINT('',#4038);
#4038 = CARTESIAN_POINT('',(-101.4525719213,-21.55,50.457560500181));
#4039 = LINE('',#4040,#4041);
#4040 = CARTESIAN_POINT('',(-102.2388124467,-21.55,50.467010961577));
#4041 = VECTOR('',#4042,1.);
#4042 = DIRECTION('',(0.999927769915,0.,-1.201894138448E-02));
#4043 = ORIENTED_EDGE('',*,*,#4044,.T.);
#4044 = EDGE_CURVE('',#4037,#4045,#4047,.T.);
#4045 = VERTEX_POINT('',#4046);
#4046 = CARTESIAN_POINT('',(-100.6662950478,-21.55,50.451890135967));
#4047 = LINE('',#4048,#4049);
#4048 = CARTESIAN_POINT('',(-101.4525719213,-21.55,50.457560500181));
#4049 = VECTOR('',#4050,1.);
#4050 = DIRECTION('',(0.999973996969,0.,-7.211475954173E-03));
#4051 = ORIENTED_EDGE('',*,*,#4052,.T.);
#4052 = EDGE_CURVE('',#4045,#4053,#4055,.T.);
#4053 = VERTEX_POINT('',#4054);
#4054 = CARTESIAN_POINT('',(-99.88,-21.55,50.45));
#4055 = LINE('',#4056,#4057);
#4056 = CARTESIAN_POINT('',(-100.6662950478,-21.55,50.451890135967));
#4057 = VECTOR('',#4058,1.);
#4058 = DIRECTION('',(0.999997110763,0.,-2.40384383874E-03));
#4059 = ORIENTED_EDGE('',*,*,#4060,.T.);
#4060 = EDGE_CURVE('',#4053,#4061,#4063,.T.);
#4061 = VERTEX_POINT('',#4062);
#4062 = CARTESIAN_POINT('',(-99.09370495214,-21.55,50.451890135967));
#4063 = LINE('',#4064,#4065);
#4064 = CARTESIAN_POINT('',(-99.88,-21.55,50.45));
#4065 = VECTOR('',#4066,1.);
#4066 = DIRECTION('',(0.999997110763,0.,2.40384383874E-03));
#4067 = ORIENTED_EDGE('',*,*,#4068,.T.);
#4068 = EDGE_CURVE('',#4061,#4069,#4071,.T.);
#4069 = VERTEX_POINT('',#4070);
#4070 = CARTESIAN_POINT('',(-98.3074280786,-21.55,50.457560500181));
#4071 = LINE('',#4072,#4073);
#4072 = CARTESIAN_POINT('',(-99.09370495214,-21.55,50.451890135967));
#4073 = VECTOR('',#4074,1.);
#4074 = DIRECTION('',(0.999973996969,0.,7.211475954173E-03));
#4075 = ORIENTED_EDGE('',*,*,#4076,.T.);
#4076 = EDGE_CURVE('',#4069,#4077,#4079,.T.);
#4077 = VERTEX_POINT('',#4078);
#4078 = CARTESIAN_POINT('',(-97.52118755326,-21.55,50.467010961577));
#4079 = LINE('',#4080,#4081);
#4080 = CARTESIAN_POINT('',(-98.3074280786,-21.55,50.457560500181));
#4081 = VECTOR('',#4082,1.);
#4082 = DIRECTION('',(0.999927769915,0.,1.201894138448E-02));
#4083 = ORIENTED_EDGE('',*,*,#4084,.T.);
#4084 = EDGE_CURVE('',#4077,#4085,#4087,.T.);
#4085 = VERTEX_POINT('',#4086);
#4086 = CARTESIAN_POINT('',(-96.73500154919,-21.55,50.480241301718));
#4087 = LINE('',#4088,#4089);
#4088 = CARTESIAN_POINT('',(-97.52118755326,-21.55,50.467010961577));
#4089 = VECTOR('',#4090,1.);
#4090 = DIRECTION('',(0.99985843067,0.,1.682612901069E-02));
#4091 = ORIENTED_EDGE('',*,*,#4092,.T.);
#4092 = EDGE_CURVE('',#4085,#4093,#4095,.T.);
#4093 = VERTEX_POINT('',#4094);
#4094 = CARTESIAN_POINT('',(-95.94888823818,-21.55,50.4972512148));
#4095 = LINE('',#4096,#4097);
#4096 = CARTESIAN_POINT('',(-96.73500154919,-21.55,50.480241301718));
#4097 = VECTOR('',#4098,1.);
#4098 = DIRECTION('',(0.999765980837,0.,2.163292772008E-02));
#4099 = ORIENTED_EDGE('',*,*,#4100,.T.);
#4100 = EDGE_CURVE('',#4093,#4101,#4103,.T.);
#4101 = VERTEX_POINT('',#4102);
#4102 = CARTESIAN_POINT('',(-95.16286579033,-21.55,50.51804030766));
#4103 = LINE('',#4104,#4105);
#4104 = CARTESIAN_POINT('',(-95.94888823818,-21.55,50.4972512148));
#4105 = VECTOR('',#4106,1.);
#4106 = DIRECTION('',(0.999650422551,0.,2.643922640899E-02));
#4107 = ORIENTED_EDGE('',*,*,#4108,.T.);
#4108 = EDGE_CURVE('',#4101,#4109,#4111,.T.);
#4109 = VERTEX_POINT('',#4110);
#4110 = CARTESIAN_POINT('',(-94.37695237367,-21.55,50.542608099779));
#4111 = LINE('',#4112,#4113);
#4112 = CARTESIAN_POINT('',(-95.16286579033,-21.55,50.51804030766));
#4113 = VECTOR('',#4114,1.);
#4114 = DIRECTION('',(0.999511758485,0.,3.124491398533E-02));
#4115 = ORIENTED_EDGE('',*,*,#4116,.T.);
#4116 = EDGE_CURVE('',#4109,#4117,#4119,.T.);
#4117 = VERTEX_POINT('',#4118);
#4118 = CARTESIAN_POINT('',(-93.59116615369,-21.55,50.570954023302));
#4119 = LINE('',#4120,#4121);
#4120 = CARTESIAN_POINT('',(-94.37695237367,-21.55,50.542608099779));
#4121 = VECTOR('',#4122,1.);
#4122 = DIRECTION('',(0.999349991843,0.,3.604987937105E-02));
#4123 = ORIENTED_EDGE('',*,*,#4124,.T.);
#4124 = EDGE_CURVE('',#4117,#4125,#4127,.T.);
#4125 = VERTEX_POINT('',#4126);
#4126 = CARTESIAN_POINT('',(-92.80552529293,-21.55,50.603077423046));
#4127 = LINE('',#4128,#4129);
#4128 = CARTESIAN_POINT('',(-93.59116615369,-21.55,50.570954023302));
#4129 = VECTOR('',#4130,1.);
#4130 = DIRECTION('',(0.999165126365,0.,4.085401150493E-02));
#4131 = ORIENTED_EDGE('',*,*,#4132,.T.);
#4132 = EDGE_CURVE('',#4125,#4133,#4135,.T.);
#4133 = VERTEX_POINT('',#4134);
#4134 = CARTESIAN_POINT('',(-92.0200479506,-21.55,50.638977556514));
#4135 = LINE('',#4136,#4137);
#4136 = CARTESIAN_POINT('',(-92.80552529293,-21.55,50.603077423046));
#4137 = VECTOR('',#4138,1.);
#4138 = DIRECTION('',(0.998957166323,0.,4.565719934476E-02));
#4139 = ORIENTED_EDGE('',*,*,#4140,.T.);
#4140 = EDGE_CURVE('',#4133,#4141,#4143,.T.);
#4141 = VERTEX_POINT('',#4142);
#4142 = CARTESIAN_POINT('',(-91.23475228211,-21.55,50.678653593915));
#4143 = LINE('',#4144,#4145);
#4144 = CARTESIAN_POINT('',(-92.0200479506,-21.55,50.638977556514));
#4145 = VECTOR('',#4146,1.);
#4146 = DIRECTION('',(0.998726116524,0.,5.045933187053E-02));
#4147 = ORIENTED_EDGE('',*,*,#4148,.T.);
#4148 = EDGE_CURVE('',#4141,#4149,#4151,.T.);
#4149 = VERTEX_POINT('',#4150);
#4150 = CARTESIAN_POINT('',(-90.44965643867,-21.55,50.722104618184));
#4151 = LINE('',#4152,#4153);
#4152 = CARTESIAN_POINT('',(-91.23475228211,-21.55,50.678653593915));
#4153 = VECTOR('',#4154,1.);
#4154 = DIRECTION('',(0.998471982309,0.,5.526029808631E-02));
#4155 = ORIENTED_EDGE('',*,*,#4156,.T.);
#4156 = EDGE_CURVE('',#4149,#4157,#4159,.T.);
#4157 = VERTEX_POINT('',#4158);
#4158 = CARTESIAN_POINT('',(-89.66477856687,-21.55,50.769329624999));
#4159 = LINE('',#4160,#4161);
#4160 = CARTESIAN_POINT('',(-90.44965643867,-21.55,50.722104618184));
#4161 = VECTOR('',#4162,1.);
#4162 = DIRECTION('',(0.998194769551,0.,6.005998702326E-02));
#4163 = ORIENTED_EDGE('',*,*,#4164,.T.);
#4164 = EDGE_CURVE('',#4157,#4165,#4167,.T.);
#4165 = VERTEX_POINT('',#4166);
#4166 = CARTESIAN_POINT('',(-88.88013680829,-21.55,50.820327522808));
#4167 = LINE('',#4168,#4169);
#4168 = CARTESIAN_POINT('',(-89.66477856687,-21.55,50.769329624999));
#4169 = VECTOR('',#4170,1.);
#4170 = DIRECTION('',(0.997894484658,0.,6.4858287742E-02));
#4171 = ORIENTED_EDGE('',*,*,#4172,.T.);
#4172 = EDGE_CURVE('',#4165,#4173,#4175,.T.);
#4173 = VERTEX_POINT('',#4174);
#4174 = CARTESIAN_POINT('',(-88.09574929901,-21.55,50.875097132853));
#4175 = LINE('',#4176,#4177);
#4176 = CARTESIAN_POINT('',(-88.88013680829,-21.55,50.820327522808));
#4177 = VECTOR('',#4178,1.);
#4178 = DIRECTION('',(0.997571134571,0.,6.96550893353E-02));
#4179 = ORIENTED_EDGE('',*,*,#4180,.T.);
#4180 = EDGE_CURVE('',#4173,#4181,#4183,.T.);
#4181 = VERTEX_POINT('',#4182);
#4182 = CARTESIAN_POINT('',(-87.31163416926,-21.55,50.933637189196));
#4183 = LINE('',#4184,#4185);
#4184 = CARTESIAN_POINT('',(-88.09574929901,-21.55,50.875097132853));
#4185 = VECTOR('',#4186,1.);
#4186 = DIRECTION('',(0.997224726764,0.,7.445028093061E-02));
#4187 = ORIENTED_EDGE('',*,*,#4188,.T.);
#4188 = EDGE_CURVE('',#4181,#4189,#4191,.T.);
#4189 = VERTEX_POINT('',#4190);
#4190 = CARTESIAN_POINT('',(-86.52780954297,-21.55,50.995946338751));
#4191 = LINE('',#4192,#4193);
#4192 = CARTESIAN_POINT('',(-87.31163416926,-21.55,50.933637189196));
#4193 = VECTOR('',#4194,1.);
#4194 = DIRECTION('',(0.996855269243,0.,7.924375169247E-02));
#4195 = ORIENTED_EDGE('',*,*,#4196,.T.);
#4196 = EDGE_CURVE('',#4189,#4197,#4199,.T.);
#4197 = VERTEX_POINT('',#4198);
#4198 = CARTESIAN_POINT('',(-85.74429353735,-21.55,51.062023141313));
#4199 = LINE('',#4200,#4201);
#4200 = CARTESIAN_POINT('',(-86.52780954297,-21.55,50.995946338751));
#4201 = VECTOR('',#4202,1.);
#4202 = DIRECTION('',(0.996462770548,0.,8.403539082525E-02));
#4203 = ORIENTED_EDGE('',*,*,#4204,.T.);
#4204 = EDGE_CURVE('',#4197,#4205,#4207,.T.);
#4205 = VERTEX_POINT('',#4206);
#4206 = CARTESIAN_POINT('',(-84.96110426248,-21.55,51.131866069592));
#4207 = LINE('',#4208,#4209);
#4208 = CARTESIAN_POINT('',(-85.74429353735,-21.55,51.062023141313));
#4209 = VECTOR('',#4210,1.);
#4210 = DIRECTION('',(0.996047239752,0.,8.882508757574E-02));
#4211 = ORIENTED_EDGE('',*,*,#4212,.T.);
#4212 = EDGE_CURVE('',#4205,#4213,#4215,.T.);
#4213 = VERTEX_POINT('',#4214);
#4214 = CARTESIAN_POINT('',(-84.17825982089,-21.55,51.205473509248));
#4215 = LINE('',#4216,#4217);
#4216 = CARTESIAN_POINT('',(-84.96110426248,-21.55,51.131866069592));
#4217 = VECTOR('',#4218,1.);
#4218 = DIRECTION('',(0.995608686458,0.,9.361273123551E-02));
#4219 = ORIENTED_EDGE('',*,*,#4220,.T.);
#4220 = EDGE_CURVE('',#4213,#4221,#4223,.T.);
#4221 = VERTEX_POINT('',#4222);
#4222 = CARTESIAN_POINT('',(-83.39577830714,-21.55,51.28284375893));
#4223 = LINE('',#4224,#4225);
#4224 = CARTESIAN_POINT('',(-84.17825982089,-21.55,51.205473509248));
#4225 = VECTOR('',#4226,1.);
#4226 = DIRECTION('',(0.995147120804,0.,9.839821114367E-02));
#4227 = ORIENTED_EDGE('',*,*,#4228,.T.);
#4228 = EDGE_CURVE('',#4221,#4229,#4231,.T.);
#4229 = VERTEX_POINT('',#4230);
#4230 = CARTESIAN_POINT('',(-82.6136778074,-21.55,51.363975030311));
#4231 = LINE('',#4232,#4233);
#4232 = CARTESIAN_POINT('',(-83.39577830714,-21.55,51.28284375893));
#4233 = VECTOR('',#4234,1.);
#4234 = DIRECTION('',(0.994662553457,0.,0.103181416689));
#4235 = ORIENTED_EDGE('',*,*,#4236,.T.);
#4236 = EDGE_CURVE('',#4229,#4237,#4239,.T.);
#4237 = VERTEX_POINT('',#4238);
#4238 = CARTESIAN_POINT('',(-81.83197639902,-21.55,51.448865448135));
#4239 = LINE('',#4240,#4241);
#4240 = CARTESIAN_POINT('',(-82.6136778074,-21.55,51.363975030311));
#4241 = VECTOR('',#4242,1.);
#4242 = DIRECTION('',(0.994154995619,0.,0.107962237314));
#4243 = ORIENTED_EDGE('',*,*,#4244,.T.);
#4244 = EDGE_CURVE('',#4237,#4245,#4247,.T.);
#4245 = VERTEX_POINT('',#4246);
#4246 = CARTESIAN_POINT('',(-81.05069215015,-21.55,51.537513050256));
#4247 = LINE('',#4248,#4249);
#4248 = CARTESIAN_POINT('',(-81.83197639902,-21.55,51.448865448135));
#4249 = VECTOR('',#4250,1.);
#4250 = DIRECTION('',(0.993624459021,0.,0.112740562514));
#4251 = ORIENTED_EDGE('',*,*,#4252,.T.);
#4252 = EDGE_CURVE('',#4245,#4253,#4255,.T.);
#4253 = VERTEX_POINT('',#4254);
#4254 = CARTESIAN_POINT('',(-80.26984311928,-21.55,51.629915787687));
#4255 = LINE('',#4256,#4257);
#4256 = CARTESIAN_POINT('',(-81.05069215015,-21.55,51.537513050256));
#4257 = VECTOR('',#4258,1.);
#4258 = DIRECTION('',(0.993070955925,0.,0.117516281845));
#4259 = ORIENTED_EDGE('',*,*,#4260,.T.);
#4260 = EDGE_CURVE('',#4253,#4261,#4263,.T.);
#4261 = VERTEX_POINT('',#4262);
#4262 = CARTESIAN_POINT('',(-79.48944735484,-21.55,51.726071524643));
#4263 = LINE('',#4264,#4265);
#4264 = CARTESIAN_POINT('',(-80.26984311928,-21.55,51.629915787687));
#4265 = VECTOR('',#4266,1.);
#4266 = DIRECTION('',(0.992494499125,0.,0.122289284921));
#4267 = ORIENTED_EDGE('',*,*,#4268,.T.);
#4268 = EDGE_CURVE('',#4261,#4269,#4271,.T.);
#4269 = VERTEX_POINT('',#4270);
#4270 = CARTESIAN_POINT('',(-78.7095228948,-21.55,51.825978038594));
#4271 = LINE('',#4272,#4273);
#4272 = CARTESIAN_POINT('',(-79.48944735484,-21.55,51.726071524643));
#4273 = VECTOR('',#4274,1.);
#4274 = DIRECTION('',(0.991895101946,0.,0.12705946142));
#4275 = ORIENTED_EDGE('',*,*,#4276,.T.);
#4276 = EDGE_CURVE('',#4269,#4277,#4279,.T.);
#4277 = VERTEX_POINT('',#4278);
#4278 = CARTESIAN_POINT('',(-77.93008776622,-21.55,51.929633020315));
#4279 = LINE('',#4280,#4281);
#4280 = CARTESIAN_POINT('',(-78.7095228948,-21.55,51.825978038594));
#4281 = VECTOR('',#4282,1.);
#4282 = DIRECTION('',(0.991272778241,0.,0.131826701083));
#4283 = ORIENTED_EDGE('',*,*,#4284,.T.);
#4284 = EDGE_CURVE('',#4277,#4285,#4287,.T.);
#4285 = VERTEX_POINT('',#4286);
#4286 = CARTESIAN_POINT('',(-77.15115998486,-21.55,52.037034073939));
#4287 = LINE('',#4288,#4289);
#4288 = CARTESIAN_POINT('',(-77.93008776622,-21.55,51.929633020315));
#4289 = VECTOR('',#4290,1.);
#4290 = DIRECTION('',(0.990627542395,0.,0.136590893723));
#4291 = ORIENTED_EDGE('',*,*,#4292,.T.);
#4292 = EDGE_CURVE('',#4285,#4293,#4295,.T.);
#4293 = VERTEX_POINT('',#4294);
#4294 = CARTESIAN_POINT('',(-76.37275755474,-21.55,52.148178717013));
#4295 = LINE('',#4296,#4297);
#4296 = CARTESIAN_POINT('',(-77.15115998486,-21.55,52.037034073939));
#4297 = VECTOR('',#4298,1.);
#4298 = DIRECTION('',(0.989959409322,0.,0.14135192922));
#4299 = ORIENTED_EDGE('',*,*,#4300,.T.);
#4300 = EDGE_CURVE('',#4293,#4301,#4303,.T.);
#4301 = VERTEX_POINT('',#4302);
#4302 = CARTESIAN_POINT('',(-75.59489846775,-21.55,52.263064380554));
#4303 = LINE('',#4304,#4305);
#4304 = CARTESIAN_POINT('',(-76.37275755474,-21.55,52.148178717013));
#4305 = VECTOR('',#4306,1.);
#4306 = DIRECTION('',(0.989268394466,0.,0.146109697528));
#4307 = ORIENTED_EDGE('',*,*,#4308,.T.);
#4308 = EDGE_CURVE('',#4301,#4309,#4311,.T.);
#4309 = VERTEX_POINT('',#4310);
#4310 = CARTESIAN_POINT('',(-74.81760070322,-21.55,52.381688409113));
#4311 = LINE('',#4312,#4313);
#4312 = CARTESIAN_POINT('',(-75.59489846775,-21.55,52.263064380554));
#4313 = VECTOR('',#4314,1.);
#4314 = DIRECTION('',(0.988554513797,0.,0.150864088676));
#4315 = ORIENTED_EDGE('',*,*,#4316,.T.);
#4316 = EDGE_CURVE('',#4309,#4317,#4319,.T.);
#4317 = VERTEX_POINT('',#4318);
#4318 = CARTESIAN_POINT('',(-77.13152445364,-21.55,67.303342368284));
#4319 = LINE('',#4320,#4321);
#4320 = CARTESIAN_POINT('',(-74.81760070322,-21.55,52.381688409113));
#4321 = VECTOR('',#4322,1.);
#4322 = DIRECTION('',(-0.153239983472,0.,0.988189003919));
#4323 = ORIENTED_EDGE('',*,*,#4324,.T.);
#4324 = EDGE_CURVE('',#4317,#4325,#4327,.T.);
#4325 = VERTEX_POINT('',#4326);
#4326 = CARTESIAN_POINT('',(-77.83705703172,-21.55,67.195670481769));
#4327 = LINE('',#4328,#4329);
#4328 = CARTESIAN_POINT('',(-77.13152445364,-21.55,67.303342368284));
#4329 = VECTOR('',#4330,1.);
#4330 = DIRECTION('',(-0.988554513797,0.,-0.150864088676));
#4331 = ORIENTED_EDGE('',*,*,#4332,.T.);
#4332 = EDGE_CURVE('',#4325,#4333,#4335,.T.);
#4333 = VERTEX_POINT('',#4334);
#4334 = CARTESIAN_POINT('',(-78.54309910732,-21.55,67.091391810092));
#4335 = LINE('',#4336,#4337);
#4336 = CARTESIAN_POINT('',(-77.83705703172,-21.55,67.195670481769));
#4337 = VECTOR('',#4338,1.);
#4338 = DIRECTION('',(-0.989268394466,0.,-0.146109697528));
#4339 = ORIENTED_EDGE('',*,*,#4340,.T.);
#4340 = EDGE_CURVE('',#4333,#4341,#4343,.T.);
#4341 = VERTEX_POINT('',#4342);
#4342 = CARTESIAN_POINT('',(-79.24963436107,-21.55,66.990508763536));
#4343 = LINE('',#4344,#4345);
#4344 = CARTESIAN_POINT('',(-78.54309910732,-21.55,67.091391810092));
#4345 = VECTOR('',#4346,1.);
#4346 = DIRECTION('',(-0.989959409322,0.,-0.14135192922));
#4347 = ORIENTED_EDGE('',*,*,#4348,.T.);
#4348 = EDGE_CURVE('',#4341,#4349,#4351,.T.);
#4349 = VERTEX_POINT('',#4350);
#4350 = CARTESIAN_POINT('',(-79.95664646222,-21.55,66.893023673897));
#4351 = LINE('',#4352,#4353);
#4352 = CARTESIAN_POINT('',(-79.24963436107,-21.55,66.990508763536));
#4353 = VECTOR('',#4354,1.);
#4354 = DIRECTION('',(-0.990627542395,0.,-0.136590893723));
#4355 = ORIENTED_EDGE('',*,*,#4356,.T.);
#4356 = EDGE_CURVE('',#4349,#4357,#4359,.T.);
#4357 = VERTEX_POINT('',#4358);
#4358 = CARTESIAN_POINT('',(-80.66411906899,-21.55,66.798938794432));
#4359 = LINE('',#4360,#4361);
#4360 = CARTESIAN_POINT('',(-79.95664646222,-21.55,66.893023673897));
#4361 = VECTOR('',#4362,1.);
#4362 = DIRECTION('',(-0.991272778241,0.,-0.131826701083));
#4363 = ORIENTED_EDGE('',*,*,#4364,.T.);
#4364 = EDGE_CURVE('',#4357,#4365,#4367,.T.);
#4365 = VERTEX_POINT('',#4366);
#4366 = CARTESIAN_POINT('',(-81.37203582896,-21.55,66.708256299806));
#4367 = LINE('',#4368,#4369);
#4368 = CARTESIAN_POINT('',(-80.66411906899,-21.55,66.798938794432));
#4369 = VECTOR('',#4370,1.);
#4370 = DIRECTION('',(-0.991895101946,0.,-0.12705946142));
#4371 = ORIENTED_EDGE('',*,*,#4372,.T.);
#4372 = EDGE_CURVE('',#4365,#4373,#4375,.T.);
#4373 = VERTEX_POINT('',#4374);
#4374 = CARTESIAN_POINT('',(-82.08038037943,-21.55,66.620978286042));
#4375 = LINE('',#4376,#4377);
#4376 = CARTESIAN_POINT('',(-81.37203582896,-21.55,66.708256299806));
#4377 = VECTOR('',#4378,1.);
#4378 = DIRECTION('',(-0.992494499125,0.,-0.122289284921));
#4379 = ORIENTED_EDGE('',*,*,#4380,.T.);
#4380 = EDGE_CURVE('',#4373,#4381,#4383,.T.);
#4381 = VERTEX_POINT('',#4382);
#4382 = CARTESIAN_POINT('',(-82.78913634784,-21.55,66.537106770471));
#4383 = LINE('',#4384,#4385);
#4384 = CARTESIAN_POINT('',(-82.08038037943,-21.55,66.620978286042));
#4385 = VECTOR('',#4386,1.);
#4386 = DIRECTION('',(-0.993070955925,0.,-0.117516281845));
#4387 = ORIENTED_EDGE('',*,*,#4388,.T.);
#4388 = EDGE_CURVE('',#4381,#4389,#4391,.T.);
#4389 = VERTEX_POINT('',#4390);
#4390 = CARTESIAN_POINT('',(-83.49828735209,-21.55,66.456643691688));
#4391 = LINE('',#4392,#4393);
#4392 = CARTESIAN_POINT('',(-82.78913634784,-21.55,66.537106770471));
#4393 = VECTOR('',#4394,1.);
#4394 = DIRECTION('',(-0.993624459021,0.,-0.112740562514));
#4395 = ORIENTED_EDGE('',*,*,#4396,.T.);
#4396 = EDGE_CURVE('',#4389,#4397,#4399,.T.);
#4397 = VERTEX_POINT('',#4398);
#4398 = CARTESIAN_POINT('',(-84.20781700097,-21.55,66.379590909505));
#4399 = LINE('',#4400,#4401);
#4400 = CARTESIAN_POINT('',(-83.49828735209,-21.55,66.456643691688));
#4401 = VECTOR('',#4402,1.);
#4402 = DIRECTION('',(-0.994154995619,0.,-0.107962237314));
#4403 = ORIENTED_EDGE('',*,*,#4404,.T.);
#4404 = EDGE_CURVE('',#4397,#4405,#4407,.T.);
#4405 = VERTEX_POINT('',#4406);
#4406 = CARTESIAN_POINT('',(-84.9177088945,-21.55,66.30595020491));
#4407 = LINE('',#4408,#4409);
#4408 = CARTESIAN_POINT('',(-84.20781700097,-21.55,66.379590909505));
#4409 = VECTOR('',#4410,1.);
#4410 = DIRECTION('',(-0.994662553457,0.,-0.103181416689));
#4411 = ORIENTED_EDGE('',*,*,#4412,.T.);
#4412 = EDGE_CURVE('',#4405,#4413,#4415,.T.);
#4413 = VERTEX_POINT('',#4414);
#4414 = CARTESIAN_POINT('',(-85.62794662435,-21.55,66.235723280024));
#4415 = LINE('',#4416,#4417);
#4416 = CARTESIAN_POINT('',(-84.9177088945,-21.55,66.30595020491));
#4417 = VECTOR('',#4418,1.);
#4418 = DIRECTION('',(-0.995147120804,0.,-9.839821114366E-02));
#4419 = ORIENTED_EDGE('',*,*,#4420,.T.);
#4420 = EDGE_CURVE('',#4413,#4421,#4423,.T.);
#4421 = VERTEX_POINT('',#4422);
#4422 = CARTESIAN_POINT('',(-86.33851377417,-21.55,66.168911758062));
#4423 = LINE('',#4424,#4425);
#4424 = CARTESIAN_POINT('',(-85.62794662435,-21.55,66.235723280024));
#4425 = VECTOR('',#4426,1.);
#4426 = DIRECTION('',(-0.995608686458,0.,-9.361273123547E-02));
#4427 = ORIENTED_EDGE('',*,*,#4428,.T.);
#4428 = EDGE_CURVE('',#4421,#4429,#4431,.T.);
#4429 = VERTEX_POINT('',#4430);
#4430 = CARTESIAN_POINT('',(-87.04939392002,-21.55,66.105517183295));
#4431 = LINE('',#4432,#4433);
#4432 = CARTESIAN_POINT('',(-86.33851377417,-21.55,66.168911758062));
#4433 = VECTOR('',#4434,1.);
#4434 = DIRECTION('',(-0.996047239752,0.,-8.882508757576E-02));
#4435 = ORIENTED_EDGE('',*,*,#4436,.T.);
#4436 = EDGE_CURVE('',#4429,#4437,#4439,.T.);
#4437 = VERTEX_POINT('',#4438);
#4438 = CARTESIAN_POINT('',(-87.76057063072,-21.55,66.045541021019));
#4439 = LINE('',#4440,#4441);
#4440 = CARTESIAN_POINT('',(-87.04939392002,-21.55,66.105517183295));
#4441 = VECTOR('',#4442,1.);
#4442 = DIRECTION('',(-0.996462770548,0.,-8.403539082525E-02));
#4443 = ORIENTED_EDGE('',*,*,#4444,.T.);
#4444 = EDGE_CURVE('',#4437,#4445,#4447,.T.);
#4445 = VERTEX_POINT('',#4446);
#4446 = CARTESIAN_POINT('',(-88.47202746821,-21.55,65.988984657512));
#4447 = LINE('',#4448,#4449);
#4448 = CARTESIAN_POINT('',(-87.76057063072,-21.55,66.045541021019));
#4449 = VECTOR('',#4450,1.);
#4450 = DIRECTION('',(-0.996855269243,0.,-7.924375169248E-02));
#4451 = ORIENTED_EDGE('',*,*,#4452,.T.);
#4452 = EDGE_CURVE('',#4445,#4453,#4455,.T.);
#4453 = VERTEX_POINT('',#4454);
#4454 = CARTESIAN_POINT('',(-89.183747988,-21.55,65.935849400012));
#4455 = LINE('',#4456,#4457);
#4456 = CARTESIAN_POINT('',(-88.47202746821,-21.55,65.988984657512));
#4457 = VECTOR('',#4458,1.);
#4458 = DIRECTION('',(-0.997224726764,0.,-7.445028093061E-02));
#4459 = ORIENTED_EDGE('',*,*,#4460,.T.);
#4460 = EDGE_CURVE('',#4453,#4461,#4463,.T.);
#4461 = VERTEX_POINT('',#4462);
#4462 = CARTESIAN_POINT('',(-89.89571573947,-21.55,65.886136476679));
#4463 = LINE('',#4464,#4465);
#4464 = CARTESIAN_POINT('',(-89.183747988,-21.55,65.935849400012));
#4465 = VECTOR('',#4466,1.);
#4466 = DIRECTION('',(-0.997571134571,0.,-6.96550893353E-02));
#4467 = ORIENTED_EDGE('',*,*,#4468,.T.);
#4468 = EDGE_CURVE('',#4461,#4469,#4471,.T.);
#4469 = VERTEX_POINT('',#4470);
#4470 = CARTESIAN_POINT('',(-90.60791426629,-21.55,65.83984703657));
#4471 = LINE('',#4472,#4473);
#4472 = CARTESIAN_POINT('',(-89.89571573947,-21.55,65.886136476679));
#4473 = VECTOR('',#4474,1.);
#4474 = DIRECTION('',(-0.997894484658,0.,-6.485828774202E-02));
#4475 = ORIENTED_EDGE('',*,*,#4476,.T.);
#4476 = EDGE_CURVE('',#4469,#4477,#4479,.T.);
#4477 = VERTEX_POINT('',#4478);
#4478 = CARTESIAN_POINT('',(-91.32032710682,-21.55,65.796982149614));
#4479 = LINE('',#4480,#4481);
#4480 = CARTESIAN_POINT('',(-90.60791426629,-21.55,65.83984703657));
#4481 = VECTOR('',#4482,1.);
#4482 = DIRECTION('',(-0.998194769551,0.,-6.005998702325E-02));
#4483 = ORIENTED_EDGE('',*,*,#4484,.T.);
#4484 = EDGE_CURVE('',#4477,#4485,#4487,.T.);
#4485 = VERTEX_POINT('',#4486);
#4486 = CARTESIAN_POINT('',(-92.03293779443,-21.55,65.757542806583));
#4487 = LINE('',#4488,#4489);
#4488 = CARTESIAN_POINT('',(-91.32032710682,-21.55,65.796982149614));
#4489 = VECTOR('',#4490,1.);
#4490 = DIRECTION('',(-0.998471982309,0.,-5.52602980863E-02));
#4491 = ORIENTED_EDGE('',*,*,#4492,.T.);
#4492 = EDGE_CURVE('',#4485,#4493,#4495,.T.);
#4493 = VERTEX_POINT('',#4494);
#4494 = CARTESIAN_POINT('',(-92.74572985794,-21.55,65.721529919074));
#4495 = LINE('',#4496,#4497);
#4496 = CARTESIAN_POINT('',(-92.03293779443,-21.55,65.757542806583));
#4497 = VECTOR('',#4498,1.);
#4498 = DIRECTION('',(-0.998726116524,0.,-5.045933187054E-02));
#4499 = ORIENTED_EDGE('',*,*,#4500,.T.);
#4500 = EDGE_CURVE('',#4493,#4501,#4503,.T.);
#4501 = VERTEX_POINT('',#4502);
#4502 = CARTESIAN_POINT('',(-93.45868682198,-21.55,65.688944319481));
#4503 = LINE('',#4504,#4505);
#4504 = CARTESIAN_POINT('',(-92.74572985794,-21.55,65.721529919074));
#4505 = VECTOR('',#4506,1.);
#4506 = DIRECTION('',(-0.998957166323,0.,-4.565719934476E-02));
#4507 = ORIENTED_EDGE('',*,*,#4508,.T.);
#4508 = EDGE_CURVE('',#4501,#4509,#4511,.T.);
#4509 = VERTEX_POINT('',#4510);
#4510 = CARTESIAN_POINT('',(-94.17179220737,-21.55,65.659786760986));
#4511 = LINE('',#4512,#4513);
#4512 = CARTESIAN_POINT('',(-93.45868682198,-21.55,65.688944319481));
#4513 = VECTOR('',#4514,1.);
#4514 = DIRECTION('',(-0.999165126365,0.,-4.085401150491E-02));
#4515 = ORIENTED_EDGE('',*,*,#4516,.T.);
#4516 = EDGE_CURVE('',#4509,#4517,#4519,.T.);
#4517 = VERTEX_POINT('',#4518);
#4518 = CARTESIAN_POINT('',(-94.88502953147,-21.55,65.634057917531));
#4519 = LINE('',#4520,#4521);
#4520 = CARTESIAN_POINT('',(-94.17179220737,-21.55,65.659786760986));
#4521 = VECTOR('',#4522,1.);
#4522 = DIRECTION('',(-0.999349991843,0.,-3.604987937107E-02));
#4523 = ORIENTED_EDGE('',*,*,#4524,.T.);
#4524 = EDGE_CURVE('',#4517,#4525,#4527,.T.);
#4525 = VERTEX_POINT('',#4526);
#4526 = CARTESIAN_POINT('',(-95.59838230862,-21.55,65.61175838381));
#4527 = LINE('',#4528,#4529);
#4528 = CARTESIAN_POINT('',(-94.88502953147,-21.55,65.634057917531));
#4529 = VECTOR('',#4530,1.);
#4530 = DIRECTION('',(-0.999511758485,0.,-3.124491398531E-02));
#4531 = ORIENTED_EDGE('',*,*,#4532,.T.);
#4532 = EDGE_CURVE('',#4525,#4533,#4535,.T.);
#4533 = VERTEX_POINT('',#4534);
#4534 = CARTESIAN_POINT('',(-96.31183405049,-21.55,65.59288867525));
#4535 = LINE('',#4536,#4537);
#4536 = CARTESIAN_POINT('',(-95.59838230862,-21.55,65.61175838381));
#4537 = VECTOR('',#4538,1.);
#4538 = DIRECTION('',(-0.999650422551,0.,-2.643922640899E-02));
#4539 = ORIENTED_EDGE('',*,*,#4540,.T.);
#4540 = EDGE_CURVE('',#4533,#4541,#4543,.T.);
#4541 = VERTEX_POINT('',#4542);
#4542 = CARTESIAN_POINT('',(-97.02536826645,-21.55,65.577449228004));
#4543 = LINE('',#4544,#4545);
#4544 = CARTESIAN_POINT('',(-96.31183405049,-21.55,65.59288867525));
#4545 = VECTOR('',#4546,1.);
#4546 = DIRECTION('',(-0.999765980837,0.,-2.16329277201E-02));
#4547 = ORIENTED_EDGE('',*,*,#4548,.T.);
#4548 = EDGE_CURVE('',#4541,#4549,#4551,.T.);
#4549 = VERTEX_POINT('',#4550);
#4550 = CARTESIAN_POINT('',(-97.73896846397,-21.55,65.565440398936));
#4551 = LINE('',#4552,#4553);
#4552 = CARTESIAN_POINT('',(-97.02536826645,-21.55,65.577449228004));
#4553 = VECTOR('',#4554,1.);
#4554 = DIRECTION('',(-0.99985843067,0.,-1.68261290107E-02));
#4555 = ORIENTED_EDGE('',*,*,#4556,.T.);
#4556 = EDGE_CURVE('',#4549,#4557,#4559,.T.);
#4557 = VERTEX_POINT('',#4558);
#4558 = CARTESIAN_POINT('',(-98.45261814899,-21.55,65.556862465618));
#4559 = LINE('',#4560,#4561);
#4560 = CARTESIAN_POINT('',(-97.73896846397,-21.55,65.565440398936));
#4561 = VECTOR('',#4562,1.);
#4562 = DIRECTION('',(-0.999927769915,0.,-1.201894138447E-02));
#4563 = ORIENTED_EDGE('',*,*,#4564,.T.);
#4564 = EDGE_CURVE('',#4557,#4565,#4567,.T.);
#4565 = VERTEX_POINT('',#4566);
#4566 = CARTESIAN_POINT('',(-99.16630082632,-21.55,65.551715626318));
#4567 = LINE('',#4568,#4569);
#4568 = CARTESIAN_POINT('',(-98.45261814899,-21.55,65.556862465618));
#4569 = VECTOR('',#4570,1.);
#4570 = DIRECTION('',(-0.999973996969,0.,-7.211475954172E-03));
#4571 = ORIENTED_EDGE('',*,*,#4572,.T.);
#4572 = EDGE_CURVE('',#4565,#4573,#4575,.T.);
#4573 = VERTEX_POINT('',#4574);
#4574 = CARTESIAN_POINT('',(-99.88,-21.55,65.55));
#4575 = LINE('',#4576,#4577);
#4576 = CARTESIAN_POINT('',(-99.16630082632,-21.55,65.551715626318));
#4577 = VECTOR('',#4578,1.);
#4578 = DIRECTION('',(-0.999997110763,0.,-2.403843838742E-03));
#4579 = ORIENTED_EDGE('',*,*,#4580,.T.);
#4580 = EDGE_CURVE('',#4573,#4581,#4583,.T.);
#4581 = VERTEX_POINT('',#4582);
#4582 = CARTESIAN_POINT('',(-100.5936991736,-21.55,65.551715626318));
#4583 = LINE('',#4584,#4585);
#4584 = CARTESIAN_POINT('',(-99.88,-21.55,65.55));
#4585 = VECTOR('',#4586,1.);
#4586 = DIRECTION('',(-0.999997110763,0.,2.403843838742E-03));
#4587 = ORIENTED_EDGE('',*,*,#4588,.T.);
#4588 = EDGE_CURVE('',#4581,#4589,#4591,.T.);
#4589 = VERTEX_POINT('',#4590);
#4590 = CARTESIAN_POINT('',(-101.307381851,-21.55,65.556862465618));
#4591 = LINE('',#4592,#4593);
#4592 = CARTESIAN_POINT('',(-100.5936991736,-21.55,65.551715626318));
#4593 = VECTOR('',#4594,1.);
#4594 = DIRECTION('',(-0.999973996969,0.,7.211475954172E-03));
#4595 = ORIENTED_EDGE('',*,*,#4596,.T.);
#4596 = EDGE_CURVE('',#4589,#4597,#4599,.T.);
#4597 = VERTEX_POINT('',#4598);
#4598 = CARTESIAN_POINT('',(-102.021031536,-21.55,65.565440398936));
#4599 = LINE('',#4600,#4601);
#4600 = CARTESIAN_POINT('',(-101.307381851,-21.55,65.556862465618));
#4601 = VECTOR('',#4602,1.);
#4602 = DIRECTION('',(-0.999927769915,0.,1.201894138447E-02));
#4603 = ORIENTED_EDGE('',*,*,#4604,.T.);
#4604 = EDGE_CURVE('',#4597,#4605,#4607,.T.);
#4605 = VERTEX_POINT('',#4606);
#4606 = CARTESIAN_POINT('',(-102.7346317335,-21.55,65.577449228004));
#4607 = LINE('',#4608,#4609);
#4608 = CARTESIAN_POINT('',(-102.021031536,-21.55,65.565440398936));
#4609 = VECTOR('',#4610,1.);
#4610 = DIRECTION('',(-0.99985843067,0.,1.68261290107E-02));
#4611 = ORIENTED_EDGE('',*,*,#4612,.T.);
#4612 = EDGE_CURVE('',#4605,#4613,#4615,.T.);
#4613 = VERTEX_POINT('',#4614);
#4614 = CARTESIAN_POINT('',(-103.4481659495,-21.55,65.59288867525));
#4615 = LINE('',#4616,#4617);
#4616 = CARTESIAN_POINT('',(-102.7346317335,-21.55,65.577449228004));
#4617 = VECTOR('',#4618,1.);
#4618 = DIRECTION('',(-0.999765980837,0.,2.16329277201E-02));
#4619 = ORIENTED_EDGE('',*,*,#4620,.T.);
#4620 = EDGE_CURVE('',#4613,#4621,#4623,.T.);
#4621 = VERTEX_POINT('',#4622);
#4622 = CARTESIAN_POINT('',(-104.1616176913,-21.55,65.61175838381));
#4623 = LINE('',#4624,#4625);
#4624 = CARTESIAN_POINT('',(-103.4481659495,-21.55,65.59288867525));
#4625 = VECTOR('',#4626,1.);
#4626 = DIRECTION('',(-0.999650422551,0.,2.643922640899E-02));
#4627 = ORIENTED_EDGE('',*,*,#4628,.T.);
#4628 = EDGE_CURVE('',#4621,#4629,#4631,.T.);
#4629 = VERTEX_POINT('',#4630);
#4630 = CARTESIAN_POINT('',(-104.8749704685,-21.55,65.634057917531));
#4631 = LINE('',#4632,#4633);
#4632 = CARTESIAN_POINT('',(-104.1616176913,-21.55,65.61175838381));
#4633 = VECTOR('',#4634,1.);
#4634 = DIRECTION('',(-0.999511758485,0.,3.124491398531E-02));
#4635 = ORIENTED_EDGE('',*,*,#4636,.T.);
#4636 = EDGE_CURVE('',#4629,#4637,#4639,.T.);
#4637 = VERTEX_POINT('',#4638);
#4638 = CARTESIAN_POINT('',(-105.5882077926,-21.55,65.659786760986));
#4639 = LINE('',#4640,#4641);
#4640 = CARTESIAN_POINT('',(-104.8749704685,-21.55,65.634057917531));
#4641 = VECTOR('',#4642,1.);
#4642 = DIRECTION('',(-0.999349991843,0.,3.604987937107E-02));
#4643 = ORIENTED_EDGE('',*,*,#4644,.T.);
#4644 = EDGE_CURVE('',#4637,#4645,#4647,.T.);
#4645 = VERTEX_POINT('',#4646);
#4646 = CARTESIAN_POINT('',(-106.301313178,-21.55,65.688944319481));
#4647 = LINE('',#4648,#4649);
#4648 = CARTESIAN_POINT('',(-105.5882077926,-21.55,65.659786760986));
#4649 = VECTOR('',#4650,1.);
#4650 = DIRECTION('',(-0.999165126365,0.,4.085401150491E-02));
#4651 = ORIENTED_EDGE('',*,*,#4652,.T.);
#4652 = EDGE_CURVE('',#4645,#4653,#4655,.T.);
#4653 = VERTEX_POINT('',#4654);
#4654 = CARTESIAN_POINT('',(-107.014270142,-21.55,65.721529919074));
#4655 = LINE('',#4656,#4657);
#4656 = CARTESIAN_POINT('',(-106.301313178,-21.55,65.688944319481));
#4657 = VECTOR('',#4658,1.);
#4658 = DIRECTION('',(-0.998957166323,0.,4.565719934476E-02));
#4659 = ORIENTED_EDGE('',*,*,#4660,.T.);
#4660 = EDGE_CURVE('',#4653,#4661,#4663,.T.);
#4661 = VERTEX_POINT('',#4662);
#4662 = CARTESIAN_POINT('',(-107.7270622055,-21.55,65.757542806583));
#4663 = LINE('',#4664,#4665);
#4664 = CARTESIAN_POINT('',(-107.014270142,-21.55,65.721529919074));
#4665 = VECTOR('',#4666,1.);
#4666 = DIRECTION('',(-0.998726116524,0.,5.045933187053E-02));
#4667 = ORIENTED_EDGE('',*,*,#4668,.T.);
#4668 = EDGE_CURVE('',#4661,#4669,#4671,.T.);
#4669 = VERTEX_POINT('',#4670);
#4670 = CARTESIAN_POINT('',(-108.4396728931,-21.55,65.796982149614));
#4671 = LINE('',#4672,#4673);
#4672 = CARTESIAN_POINT('',(-107.7270622055,-21.55,65.757542806583));
#4673 = VECTOR('',#4674,1.);
#4674 = DIRECTION('',(-0.998471982309,0.,5.52602980863E-02));
#4675 = ORIENTED_EDGE('',*,*,#4676,.T.);
#4676 = EDGE_CURVE('',#4669,#4677,#4679,.T.);
#4677 = VERTEX_POINT('',#4678);
#4678 = CARTESIAN_POINT('',(-109.1520857337,-21.55,65.83984703657));
#4679 = LINE('',#4680,#4681);
#4680 = CARTESIAN_POINT('',(-108.4396728931,-21.55,65.796982149614));
#4681 = VECTOR('',#4682,1.);
#4682 = DIRECTION('',(-0.998194769551,0.,6.005998702325E-02));
#4683 = ORIENTED_EDGE('',*,*,#4684,.T.);
#4684 = EDGE_CURVE('',#4677,#4685,#4687,.T.);
#4685 = VERTEX_POINT('',#4686);
#4686 = CARTESIAN_POINT('',(-109.8642842605,-21.55,65.886136476679));
#4687 = LINE('',#4688,#4689);
#4688 = CARTESIAN_POINT('',(-109.1520857337,-21.55,65.83984703657));
#4689 = VECTOR('',#4690,1.);
#4690 = DIRECTION('',(-0.997894484658,0.,6.485828774202E-02));
#4691 = ORIENTED_EDGE('',*,*,#4692,.T.);
#4692 = EDGE_CURVE('',#4685,#4693,#4695,.T.);
#4693 = VERTEX_POINT('',#4694);
#4694 = CARTESIAN_POINT('',(-110.5762520119,-21.55,65.935849400012));
#4695 = LINE('',#4696,#4697);
#4696 = CARTESIAN_POINT('',(-109.8642842605,-21.55,65.886136476679));
#4697 = VECTOR('',#4698,1.);
#4698 = DIRECTION('',(-0.997571134571,0.,6.96550893353E-02));
#4699 = ORIENTED_EDGE('',*,*,#4700,.T.);
#4700 = EDGE_CURVE('',#4693,#4701,#4703,.T.);
#4701 = VERTEX_POINT('',#4702);
#4702 = CARTESIAN_POINT('',(-111.2879725317,-21.55,65.988984657512));
#4703 = LINE('',#4704,#4705);
#4704 = CARTESIAN_POINT('',(-110.5762520119,-21.55,65.935849400012));
#4705 = VECTOR('',#4706,1.);
#4706 = DIRECTION('',(-0.997224726764,0.,7.445028093061E-02));
#4707 = ORIENTED_EDGE('',*,*,#4708,.T.);
#4708 = EDGE_CURVE('',#4701,#4709,#4711,.T.);
#4709 = VERTEX_POINT('',#4710);
#4710 = CARTESIAN_POINT('',(-111.9994293692,-21.55,66.045541021019));
#4711 = LINE('',#4712,#4713);
#4712 = CARTESIAN_POINT('',(-111.2879725317,-21.55,65.988984657512));
#4713 = VECTOR('',#4714,1.);
#4714 = DIRECTION('',(-0.996855269243,0.,7.924375169248E-02));
#4715 = ORIENTED_EDGE('',*,*,#4716,.T.);
#4716 = EDGE_CURVE('',#4709,#4717,#4719,.T.);
#4717 = VERTEX_POINT('',#4718);
#4718 = CARTESIAN_POINT('',(-112.7106060799,-21.55,66.105517183295));
#4719 = LINE('',#4720,#4721);
#4720 = CARTESIAN_POINT('',(-111.9994293692,-21.55,66.045541021019));
#4721 = VECTOR('',#4722,1.);
#4722 = DIRECTION('',(-0.996462770548,0.,8.403539082525E-02));
#4723 = ORIENTED_EDGE('',*,*,#4724,.T.);
#4724 = EDGE_CURVE('',#4717,#4725,#4727,.T.);
#4725 = VERTEX_POINT('',#4726);
#4726 = CARTESIAN_POINT('',(-113.4214862258,-21.55,66.168911758062));
#4727 = LINE('',#4728,#4729);
#4728 = CARTESIAN_POINT('',(-112.7106060799,-21.55,66.105517183295));
#4729 = VECTOR('',#4730,1.);
#4730 = DIRECTION('',(-0.996047239752,0.,8.882508757576E-02));
#4731 = ORIENTED_EDGE('',*,*,#4732,.T.);
#4732 = EDGE_CURVE('',#4725,#4733,#4735,.T.);
#4733 = VERTEX_POINT('',#4734);
#4734 = CARTESIAN_POINT('',(-114.1320533756,-21.55,66.235723280024));
#4735 = LINE('',#4736,#4737);
#4736 = CARTESIAN_POINT('',(-113.4214862258,-21.55,66.168911758062));
#4737 = VECTOR('',#4738,1.);
#4738 = DIRECTION('',(-0.995608686458,0.,9.361273123547E-02));
#4739 = ORIENTED_EDGE('',*,*,#4740,.T.);
#4740 = EDGE_CURVE('',#4733,#4741,#4743,.T.);
#4741 = VERTEX_POINT('',#4742);
#4742 = CARTESIAN_POINT('',(-114.8422911054,-21.55,66.30595020491));
#4743 = LINE('',#4744,#4745);
#4744 = CARTESIAN_POINT('',(-114.1320533756,-21.55,66.235723280024));
#4745 = VECTOR('',#4746,1.);
#4746 = DIRECTION('',(-0.995147120804,0.,9.839821114366E-02));
#4747 = ORIENTED_EDGE('',*,*,#4748,.T.);
#4748 = EDGE_CURVE('',#4741,#4749,#4751,.T.);
#4749 = VERTEX_POINT('',#4750);
#4750 = CARTESIAN_POINT('',(-115.552182999,-21.55,66.379590909505));
#4751 = LINE('',#4752,#4753);
#4752 = CARTESIAN_POINT('',(-114.8422911054,-21.55,66.30595020491));
#4753 = VECTOR('',#4754,1.);
#4754 = DIRECTION('',(-0.994662553457,0.,0.103181416689));
#4755 = ORIENTED_EDGE('',*,*,#4756,.T.);
#4756 = EDGE_CURVE('',#4749,#4757,#4759,.T.);
#4757 = VERTEX_POINT('',#4758);
#4758 = CARTESIAN_POINT('',(-116.2617126479,-21.55,66.456643691688));
#4759 = LINE('',#4760,#4761);
#4760 = CARTESIAN_POINT('',(-115.552182999,-21.55,66.379590909505));
#4761 = VECTOR('',#4762,1.);
#4762 = DIRECTION('',(-0.994154995619,0.,0.107962237314));
#4763 = ORIENTED_EDGE('',*,*,#4764,.T.);
#4764 = EDGE_CURVE('',#4757,#4765,#4767,.T.);
#4765 = VERTEX_POINT('',#4766);
#4766 = CARTESIAN_POINT('',(-116.9708636521,-21.55,66.537106770471));
#4767 = LINE('',#4768,#4769);
#4768 = CARTESIAN_POINT('',(-116.2617126479,-21.55,66.456643691688));
#4769 = VECTOR('',#4770,1.);
#4770 = DIRECTION('',(-0.993624459021,0.,0.112740562514));
#4771 = ORIENTED_EDGE('',*,*,#4772,.T.);
#4772 = EDGE_CURVE('',#4765,#4773,#4775,.T.);
#4773 = VERTEX_POINT('',#4774);
#4774 = CARTESIAN_POINT('',(-117.6796196205,-21.55,66.620978286042));
#4775 = LINE('',#4776,#4777);
#4776 = CARTESIAN_POINT('',(-116.9708636521,-21.55,66.537106770471));
#4777 = VECTOR('',#4778,1.);
#4778 = DIRECTION('',(-0.993070955925,0.,0.117516281845));
#4779 = ORIENTED_EDGE('',*,*,#4780,.T.);
#4780 = EDGE_CURVE('',#4773,#4781,#4783,.T.);
#4781 = VERTEX_POINT('',#4782);
#4782 = CARTESIAN_POINT('',(-118.387964171,-21.55,66.708256299806));
#4783 = LINE('',#4784,#4785);
#4784 = CARTESIAN_POINT('',(-117.6796196205,-21.55,66.620978286042));
#4785 = VECTOR('',#4786,1.);
#4786 = DIRECTION('',(-0.992494499125,0.,0.122289284921));
#4787 = ORIENTED_EDGE('',*,*,#4788,.T.);
#4788 = EDGE_CURVE('',#4781,#4789,#4791,.T.);
#4789 = VERTEX_POINT('',#4790);
#4790 = CARTESIAN_POINT('',(-119.095880931,-21.55,66.798938794432));
#4791 = LINE('',#4792,#4793);
#4792 = CARTESIAN_POINT('',(-118.387964171,-21.55,66.708256299806));
#4793 = VECTOR('',#4794,1.);
#4794 = DIRECTION('',(-0.991895101946,0.,0.12705946142));
#4795 = ORIENTED_EDGE('',*,*,#4796,.T.);
#4796 = EDGE_CURVE('',#4789,#4797,#4799,.T.);
#4797 = VERTEX_POINT('',#4798);
#4798 = CARTESIAN_POINT('',(-119.8033535377,-21.55,66.893023673897));
#4799 = LINE('',#4800,#4801);
#4800 = CARTESIAN_POINT('',(-119.095880931,-21.55,66.798938794432));
#4801 = VECTOR('',#4802,1.);
#4802 = DIRECTION('',(-0.991272778241,0.,0.131826701083));
#4803 = ORIENTED_EDGE('',*,*,#4804,.T.);
#4804 = EDGE_CURVE('',#4797,#4805,#4807,.T.);
#4805 = VERTEX_POINT('',#4806);
#4806 = CARTESIAN_POINT('',(-120.5103656389,-21.55,66.990508763536));
#4807 = LINE('',#4808,#4809);
#4808 = CARTESIAN_POINT('',(-119.8033535377,-21.55,66.893023673897));
#4809 = VECTOR('',#4810,1.);
#4810 = DIRECTION('',(-0.990627542395,0.,0.136590893723));
#4811 = ORIENTED_EDGE('',*,*,#4812,.T.);
#4812 = EDGE_CURVE('',#4805,#4813,#4815,.T.);
#4813 = VERTEX_POINT('',#4814);
#4814 = CARTESIAN_POINT('',(-121.2169008926,-21.55,67.091391810092));
#4815 = LINE('',#4816,#4817);
#4816 = CARTESIAN_POINT('',(-120.5103656389,-21.55,66.990508763536));
#4817 = VECTOR('',#4818,1.);
#4818 = DIRECTION('',(-0.989959409322,0.,0.14135192922));
#4819 = ORIENTED_EDGE('',*,*,#4820,.T.);
#4820 = EDGE_CURVE('',#4813,#4821,#4823,.T.);
#4821 = VERTEX_POINT('',#4822);
#4822 = CARTESIAN_POINT('',(-121.9229429682,-21.55,67.195670481769));
#4823 = LINE('',#4824,#4825);
#4824 = CARTESIAN_POINT('',(-121.2169008926,-21.55,67.091391810092));
#4825 = VECTOR('',#4826,1.);
#4826 = DIRECTION('',(-0.989268394466,0.,0.146109697528));
#4827 = ORIENTED_EDGE('',*,*,#4828,.T.);
#4828 = EDGE_CURVE('',#4821,#3757,#4829,.T.);
#4829 = LINE('',#4830,#4831);
#4830 = CARTESIAN_POINT('',(-121.9229429682,-21.55,67.195670481769));
#4831 = VECTOR('',#4832,1.);
#4832 = DIRECTION('',(-0.988554513797,0.,0.150864088676));
#4833 = ORIENTED_EDGE('',*,*,#3773,.T.);
#4834 = PLANE('',#4835);
#4835 = AXIS2_PLACEMENT_3D('',#4836,#4837,#4838);
#4836 = CARTESIAN_POINT('',(-99.88,-21.55,58.631851030686));
#4837 = DIRECTION('',(-0.,-1.,-0.));
#4838 = DIRECTION('',(0.,0.,-1.));
#4839 = ADVANCED_FACE('',(#4840),#5859,.F.);
#4840 = FACE_BOUND('',#4841,.F.);
#4841 = EDGE_LOOP('',(#4842,#4843,#4844,#4852,#4860,#4868,#4876,#4884,
    #4892,#4900,#4908,#4916,#4924,#4932,#4940,#4948,#4956,#4964,#4972,
    #4980,#4988,#4996,#5004,#5012,#5020,#5028,#5036,#5044,#5052,#5060,
    #5068,#5076,#5084,#5092,#5100,#5108,#5116,#5124,#5132,#5140,#5148,
    #5156,#5164,#5172,#5180,#5188,#5196,#5204,#5212,#5220,#5228,#5236,
    #5244,#5252,#5260,#5268,#5276,#5284,#5292,#5300,#5308,#5316,#5324,
    #5332,#5340,#5348,#5356,#5364,#5372,#5380,#5388,#5396,#5404,#5412,
    #5420,#5428,#5436,#5444,#5452,#5460,#5468,#5476,#5484,#5492,#5500,
    #5508,#5516,#5524,#5532,#5540,#5548,#5556,#5564,#5572,#5580,#5588,
    #5596,#5604,#5612,#5620,#5628,#5636,#5644,#5652,#5660,#5668,#5676,
    #5684,#5692,#5700,#5708,#5716,#5724,#5732,#5740,#5748,#5756,#5764,
    #5772,#5780,#5788,#5796,#5804,#5812,#5820,#5828,#5836,#5844,#5852,
    #5858));
#4842 = ORIENTED_EDGE('',*,*,#3726,.T.);
#4843 = ORIENTED_EDGE('',*,*,#3788,.T.);
#4844 = ORIENTED_EDGE('',*,*,#4845,.T.);
#4845 = EDGE_CURVE('',#3789,#4846,#4848,.T.);
#4846 = VERTEX_POINT('',#4847);
#4847 = CARTESIAN_POINT('',(-122.6088400151,21.55,52.037034073939));
#4848 = LINE('',#4849,#4850);
#4849 = CARTESIAN_POINT('',(-123.3872424452,21.55,52.148178717013));
#4850 = VECTOR('',#4851,1.);
#4851 = DIRECTION('',(0.989959409322,0.,-0.14135192922));
#4852 = ORIENTED_EDGE('',*,*,#4853,.T.);
#4853 = EDGE_CURVE('',#4846,#4854,#4856,.T.);
#4854 = VERTEX_POINT('',#4855);
#4855 = CARTESIAN_POINT('',(-121.8299122337,21.55,51.929633020315));
#4856 = LINE('',#4857,#4858);
#4857 = CARTESIAN_POINT('',(-122.6088400151,21.55,52.037034073939));
#4858 = VECTOR('',#4859,1.);
#4859 = DIRECTION('',(0.990627542395,0.,-0.136590893723));
#4860 = ORIENTED_EDGE('',*,*,#4861,.T.);
#4861 = EDGE_CURVE('',#4854,#4862,#4864,.T.);
#4862 = VERTEX_POINT('',#4863);
#4863 = CARTESIAN_POINT('',(-121.0504771051,21.55,51.825978038594));
#4864 = LINE('',#4865,#4866);
#4865 = CARTESIAN_POINT('',(-121.8299122337,21.55,51.929633020315));
#4866 = VECTOR('',#4867,1.);
#4867 = DIRECTION('',(0.991272778241,0.,-0.131826701083));
#4868 = ORIENTED_EDGE('',*,*,#4869,.T.);
#4869 = EDGE_CURVE('',#4862,#4870,#4872,.T.);
#4870 = VERTEX_POINT('',#4871);
#4871 = CARTESIAN_POINT('',(-120.2705526451,21.55,51.726071524643));
#4872 = LINE('',#4873,#4874);
#4873 = CARTESIAN_POINT('',(-121.0504771051,21.55,51.825978038594));
#4874 = VECTOR('',#4875,1.);
#4875 = DIRECTION('',(0.991895101946,0.,-0.12705946142));
#4876 = ORIENTED_EDGE('',*,*,#4877,.T.);
#4877 = EDGE_CURVE('',#4870,#4878,#4880,.T.);
#4878 = VERTEX_POINT('',#4879);
#4879 = CARTESIAN_POINT('',(-119.4901568807,21.55,51.629915787687));
#4880 = LINE('',#4881,#4882);
#4881 = CARTESIAN_POINT('',(-120.2705526451,21.55,51.726071524643));
#4882 = VECTOR('',#4883,1.);
#4883 = DIRECTION('',(0.992494499125,0.,-0.122289284921));
#4884 = ORIENTED_EDGE('',*,*,#4885,.T.);
#4885 = EDGE_CURVE('',#4878,#4886,#4888,.T.);
#4886 = VERTEX_POINT('',#4887);
#4887 = CARTESIAN_POINT('',(-118.7093078498,21.55,51.537513050256));
#4888 = LINE('',#4889,#4890);
#4889 = CARTESIAN_POINT('',(-119.4901568807,21.55,51.629915787687));
#4890 = VECTOR('',#4891,1.);
#4891 = DIRECTION('',(0.993070955925,0.,-0.117516281845));
#4892 = ORIENTED_EDGE('',*,*,#4893,.T.);
#4893 = EDGE_CURVE('',#4886,#4894,#4896,.T.);
#4894 = VERTEX_POINT('',#4895);
#4895 = CARTESIAN_POINT('',(-117.9280236009,21.55,51.448865448135));
#4896 = LINE('',#4897,#4898);
#4897 = CARTESIAN_POINT('',(-118.7093078498,21.55,51.537513050256));
#4898 = VECTOR('',#4899,1.);
#4899 = DIRECTION('',(0.993624459021,0.,-0.112740562514));
#4900 = ORIENTED_EDGE('',*,*,#4901,.T.);
#4901 = EDGE_CURVE('',#4894,#4902,#4904,.T.);
#4902 = VERTEX_POINT('',#4903);
#4903 = CARTESIAN_POINT('',(-117.1463221925,21.55,51.363975030311));
#4904 = LINE('',#4905,#4906);
#4905 = CARTESIAN_POINT('',(-117.9280236009,21.55,51.448865448135));
#4906 = VECTOR('',#4907,1.);
#4907 = DIRECTION('',(0.994154995619,0.,-0.107962237314));
#4908 = ORIENTED_EDGE('',*,*,#4909,.T.);
#4909 = EDGE_CURVE('',#4902,#4910,#4912,.T.);
#4910 = VERTEX_POINT('',#4911);
#4911 = CARTESIAN_POINT('',(-116.3642216928,21.55,51.28284375893));
#4912 = LINE('',#4913,#4914);
#4913 = CARTESIAN_POINT('',(-117.1463221925,21.55,51.363975030311));
#4914 = VECTOR('',#4915,1.);
#4915 = DIRECTION('',(0.994662553457,0.,-0.103181416689));
#4916 = ORIENTED_EDGE('',*,*,#4917,.T.);
#4917 = EDGE_CURVE('',#4910,#4918,#4920,.T.);
#4918 = VERTEX_POINT('',#4919);
#4919 = CARTESIAN_POINT('',(-115.5817401791,21.55,51.205473509248));
#4920 = LINE('',#4921,#4922);
#4921 = CARTESIAN_POINT('',(-116.3642216928,21.55,51.28284375893));
#4922 = VECTOR('',#4923,1.);
#4923 = DIRECTION('',(0.995147120804,0.,-9.839821114367E-02));
#4924 = ORIENTED_EDGE('',*,*,#4925,.T.);
#4925 = EDGE_CURVE('',#4918,#4926,#4928,.T.);
#4926 = VERTEX_POINT('',#4927);
#4927 = CARTESIAN_POINT('',(-114.7988957375,21.55,51.131866069592));
#4928 = LINE('',#4929,#4930);
#4929 = CARTESIAN_POINT('',(-115.5817401791,21.55,51.205473509248));
#4930 = VECTOR('',#4931,1.);
#4931 = DIRECTION('',(0.995608686458,0.,-9.361273123551E-02));
#4932 = ORIENTED_EDGE('',*,*,#4933,.T.);
#4933 = EDGE_CURVE('',#4926,#4934,#4936,.T.);
#4934 = VERTEX_POINT('',#4935);
#4935 = CARTESIAN_POINT('',(-114.0157064626,21.55,51.062023141313));
#4936 = LINE('',#4937,#4938);
#4937 = CARTESIAN_POINT('',(-114.7988957375,21.55,51.131866069592));
#4938 = VECTOR('',#4939,1.);
#4939 = DIRECTION('',(0.996047239752,0.,-8.882508757571E-02));
#4940 = ORIENTED_EDGE('',*,*,#4941,.T.);
#4941 = EDGE_CURVE('',#4934,#4942,#4944,.T.);
#4942 = VERTEX_POINT('',#4943);
#4943 = CARTESIAN_POINT('',(-113.232190457,21.55,50.995946338751));
#4944 = LINE('',#4945,#4946);
#4945 = CARTESIAN_POINT('',(-114.0157064626,21.55,51.062023141313));
#4946 = VECTOR('',#4947,1.);
#4947 = DIRECTION('',(0.996462770548,0.,-8.403539082528E-02));
#4948 = ORIENTED_EDGE('',*,*,#4949,.T.);
#4949 = EDGE_CURVE('',#4942,#4950,#4952,.T.);
#4950 = VERTEX_POINT('',#4951);
#4951 = CARTESIAN_POINT('',(-112.4483658307,21.55,50.933637189196));
#4952 = LINE('',#4953,#4954);
#4953 = CARTESIAN_POINT('',(-113.232190457,21.55,50.995946338751));
#4954 = VECTOR('',#4955,1.);
#4955 = DIRECTION('',(0.996855269243,0.,-7.924375169247E-02));
#4956 = ORIENTED_EDGE('',*,*,#4957,.T.);
#4957 = EDGE_CURVE('',#4950,#4958,#4960,.T.);
#4958 = VERTEX_POINT('',#4959);
#4959 = CARTESIAN_POINT('',(-111.6642507009,21.55,50.875097132853));
#4960 = LINE('',#4961,#4962);
#4961 = CARTESIAN_POINT('',(-112.4483658307,21.55,50.933637189196));
#4962 = VECTOR('',#4963,1.);
#4963 = DIRECTION('',(0.997224726764,0.,-7.445028093061E-02));
#4964 = ORIENTED_EDGE('',*,*,#4965,.T.);
#4965 = EDGE_CURVE('',#4958,#4966,#4968,.T.);
#4966 = VERTEX_POINT('',#4967);
#4967 = CARTESIAN_POINT('',(-110.8798631917,21.55,50.820327522808));
#4968 = LINE('',#4969,#4970);
#4969 = CARTESIAN_POINT('',(-111.6642507009,21.55,50.875097132853));
#4970 = VECTOR('',#4971,1.);
#4971 = DIRECTION('',(0.997571134571,0.,-6.96550893353E-02));
#4972 = ORIENTED_EDGE('',*,*,#4973,.T.);
#4973 = EDGE_CURVE('',#4966,#4974,#4976,.T.);
#4974 = VERTEX_POINT('',#4975);
#4975 = CARTESIAN_POINT('',(-110.0952214331,21.55,50.769329624999));
#4976 = LINE('',#4977,#4978);
#4977 = CARTESIAN_POINT('',(-110.8798631917,21.55,50.820327522808));
#4978 = VECTOR('',#4979,1.);
#4979 = DIRECTION('',(0.997894484658,0.,-6.485828774199E-02));
#4980 = ORIENTED_EDGE('',*,*,#4981,.T.);
#4981 = EDGE_CURVE('',#4974,#4982,#4984,.T.);
#4982 = VERTEX_POINT('',#4983);
#4983 = CARTESIAN_POINT('',(-109.3103435613,21.55,50.722104618184));
#4984 = LINE('',#4985,#4986);
#4985 = CARTESIAN_POINT('',(-110.0952214331,21.55,50.769329624999));
#4986 = VECTOR('',#4987,1.);
#4987 = DIRECTION('',(0.998194769551,0.,-6.005998702326E-02));
#4988 = ORIENTED_EDGE('',*,*,#4989,.T.);
#4989 = EDGE_CURVE('',#4982,#4990,#4992,.T.);
#4990 = VERTEX_POINT('',#4991);
#4991 = CARTESIAN_POINT('',(-108.5252477178,21.55,50.678653593915));
#4992 = LINE('',#4993,#4994);
#4993 = CARTESIAN_POINT('',(-109.3103435613,21.55,50.722104618184));
#4994 = VECTOR('',#4995,1.);
#4995 = DIRECTION('',(0.998471982309,0.,-5.526029808631E-02));
#4996 = ORIENTED_EDGE('',*,*,#4997,.T.);
#4997 = EDGE_CURVE('',#4990,#4998,#5000,.T.);
#4998 = VERTEX_POINT('',#4999);
#4999 = CARTESIAN_POINT('',(-107.7399520493,21.55,50.638977556514));
#5000 = LINE('',#5001,#5002);
#5001 = CARTESIAN_POINT('',(-108.5252477178,21.55,50.678653593915));
#5002 = VECTOR('',#5003,1.);
#5003 = DIRECTION('',(0.998726116524,0.,-5.045933187053E-02));
#5004 = ORIENTED_EDGE('',*,*,#5005,.T.);
#5005 = EDGE_CURVE('',#4998,#5006,#5008,.T.);
#5006 = VERTEX_POINT('',#5007);
#5007 = CARTESIAN_POINT('',(-106.954474707,21.55,50.603077423046));
#5008 = LINE('',#5009,#5010);
#5009 = CARTESIAN_POINT('',(-107.7399520493,21.55,50.638977556514));
#5010 = VECTOR('',#5011,1.);
#5011 = DIRECTION('',(0.998957166323,0.,-4.565719934476E-02));
#5012 = ORIENTED_EDGE('',*,*,#5013,.T.);
#5013 = EDGE_CURVE('',#5006,#5014,#5016,.T.);
#5014 = VERTEX_POINT('',#5015);
#5015 = CARTESIAN_POINT('',(-106.1688338463,21.55,50.570954023302));
#5016 = LINE('',#5017,#5018);
#5017 = CARTESIAN_POINT('',(-106.954474707,21.55,50.603077423046));
#5018 = VECTOR('',#5019,1.);
#5019 = DIRECTION('',(0.999165126365,0.,-4.085401150493E-02));
#5020 = ORIENTED_EDGE('',*,*,#5021,.T.);
#5021 = EDGE_CURVE('',#5014,#5022,#5024,.T.);
#5022 = VERTEX_POINT('',#5023);
#5023 = CARTESIAN_POINT('',(-105.3830476263,21.55,50.542608099779));
#5024 = LINE('',#5025,#5026);
#5025 = CARTESIAN_POINT('',(-106.1688338463,21.55,50.570954023302));
#5026 = VECTOR('',#5027,1.);
#5027 = DIRECTION('',(0.999349991843,0.,-3.604987937105E-02));
#5028 = ORIENTED_EDGE('',*,*,#5029,.T.);
#5029 = EDGE_CURVE('',#5022,#5030,#5032,.T.);
#5030 = VERTEX_POINT('',#5031);
#5031 = CARTESIAN_POINT('',(-104.5971342096,21.55,50.51804030766));
#5032 = LINE('',#5033,#5034);
#5033 = CARTESIAN_POINT('',(-105.3830476263,21.55,50.542608099779));
#5034 = VECTOR('',#5035,1.);
#5035 = DIRECTION('',(0.999511758485,0.,-3.124491398533E-02));
#5036 = ORIENTED_EDGE('',*,*,#5037,.T.);
#5037 = EDGE_CURVE('',#5030,#5038,#5040,.T.);
#5038 = VERTEX_POINT('',#5039);
#5039 = CARTESIAN_POINT('',(-103.8111117618,21.55,50.4972512148));
#5040 = LINE('',#5041,#5042);
#5041 = CARTESIAN_POINT('',(-104.5971342096,21.55,50.51804030766));
#5042 = VECTOR('',#5043,1.);
#5043 = DIRECTION('',(0.999650422551,0.,-2.643922640899E-02));
#5044 = ORIENTED_EDGE('',*,*,#5045,.T.);
#5045 = EDGE_CURVE('',#5038,#5046,#5048,.T.);
#5046 = VERTEX_POINT('',#5047);
#5047 = CARTESIAN_POINT('',(-103.0249984508,21.55,50.480241301718));
#5048 = LINE('',#5049,#5050);
#5049 = CARTESIAN_POINT('',(-103.8111117618,21.55,50.4972512148));
#5050 = VECTOR('',#5051,1.);
#5051 = DIRECTION('',(0.999765980837,0.,-2.163292772007E-02));
#5052 = ORIENTED_EDGE('',*,*,#5053,.T.);
#5053 = EDGE_CURVE('',#5046,#5054,#5056,.T.);
#5054 = VERTEX_POINT('',#5055);
#5055 = CARTESIAN_POINT('',(-102.2388124467,21.55,50.467010961577));
#5056 = LINE('',#5057,#5058);
#5057 = CARTESIAN_POINT('',(-103.0249984508,21.55,50.480241301718));
#5058 = VECTOR('',#5059,1.);
#5059 = DIRECTION('',(0.99985843067,0.,-1.682612901069E-02));
#5060 = ORIENTED_EDGE('',*,*,#5061,.T.);
#5061 = EDGE_CURVE('',#5054,#5062,#5064,.T.);
#5062 = VERTEX_POINT('',#5063);
#5063 = CARTESIAN_POINT('',(-101.4525719213,21.55,50.457560500181));
#5064 = LINE('',#5065,#5066);
#5065 = CARTESIAN_POINT('',(-102.2388124467,21.55,50.467010961577));
#5066 = VECTOR('',#5067,1.);
#5067 = DIRECTION('',(0.999927769915,0.,-1.201894138448E-02));
#5068 = ORIENTED_EDGE('',*,*,#5069,.T.);
#5069 = EDGE_CURVE('',#5062,#5070,#5072,.T.);
#5070 = VERTEX_POINT('',#5071);
#5071 = CARTESIAN_POINT('',(-100.6662950478,21.55,50.451890135967));
#5072 = LINE('',#5073,#5074);
#5073 = CARTESIAN_POINT('',(-101.4525719213,21.55,50.457560500181));
#5074 = VECTOR('',#5075,1.);
#5075 = DIRECTION('',(0.999973996969,0.,-7.211475954173E-03));
#5076 = ORIENTED_EDGE('',*,*,#5077,.T.);
#5077 = EDGE_CURVE('',#5070,#5078,#5080,.T.);
#5078 = VERTEX_POINT('',#5079);
#5079 = CARTESIAN_POINT('',(-99.88,21.55,50.45));
#5080 = LINE('',#5081,#5082);
#5081 = CARTESIAN_POINT('',(-100.6662950478,21.55,50.451890135967));
#5082 = VECTOR('',#5083,1.);
#5083 = DIRECTION('',(0.999997110763,0.,-2.40384383874E-03));
#5084 = ORIENTED_EDGE('',*,*,#5085,.T.);
#5085 = EDGE_CURVE('',#5078,#5086,#5088,.T.);
#5086 = VERTEX_POINT('',#5087);
#5087 = CARTESIAN_POINT('',(-99.09370495214,21.55,50.451890135967));
#5088 = LINE('',#5089,#5090);
#5089 = CARTESIAN_POINT('',(-99.88,21.55,50.45));
#5090 = VECTOR('',#5091,1.);
#5091 = DIRECTION('',(0.999997110763,0.,2.40384383874E-03));
#5092 = ORIENTED_EDGE('',*,*,#5093,.T.);
#5093 = EDGE_CURVE('',#5086,#5094,#5096,.T.);
#5094 = VERTEX_POINT('',#5095);
#5095 = CARTESIAN_POINT('',(-98.3074280786,21.55,50.457560500181));
#5096 = LINE('',#5097,#5098);
#5097 = CARTESIAN_POINT('',(-99.09370495214,21.55,50.451890135967));
#5098 = VECTOR('',#5099,1.);
#5099 = DIRECTION('',(0.999973996969,0.,7.211475954173E-03));
#5100 = ORIENTED_EDGE('',*,*,#5101,.T.);
#5101 = EDGE_CURVE('',#5094,#5102,#5104,.T.);
#5102 = VERTEX_POINT('',#5103);
#5103 = CARTESIAN_POINT('',(-97.52118755326,21.55,50.467010961577));
#5104 = LINE('',#5105,#5106);
#5105 = CARTESIAN_POINT('',(-98.3074280786,21.55,50.457560500181));
#5106 = VECTOR('',#5107,1.);
#5107 = DIRECTION('',(0.999927769915,0.,1.201894138448E-02));
#5108 = ORIENTED_EDGE('',*,*,#5109,.T.);
#5109 = EDGE_CURVE('',#5102,#5110,#5112,.T.);
#5110 = VERTEX_POINT('',#5111);
#5111 = CARTESIAN_POINT('',(-96.73500154919,21.55,50.480241301718));
#5112 = LINE('',#5113,#5114);
#5113 = CARTESIAN_POINT('',(-97.52118755326,21.55,50.467010961577));
#5114 = VECTOR('',#5115,1.);
#5115 = DIRECTION('',(0.99985843067,0.,1.682612901069E-02));
#5116 = ORIENTED_EDGE('',*,*,#5117,.T.);
#5117 = EDGE_CURVE('',#5110,#5118,#5120,.T.);
#5118 = VERTEX_POINT('',#5119);
#5119 = CARTESIAN_POINT('',(-95.94888823818,21.55,50.4972512148));
#5120 = LINE('',#5121,#5122);
#5121 = CARTESIAN_POINT('',(-96.73500154919,21.55,50.480241301718));
#5122 = VECTOR('',#5123,1.);
#5123 = DIRECTION('',(0.999765980837,0.,2.163292772008E-02));
#5124 = ORIENTED_EDGE('',*,*,#5125,.T.);
#5125 = EDGE_CURVE('',#5118,#5126,#5128,.T.);
#5126 = VERTEX_POINT('',#5127);
#5127 = CARTESIAN_POINT('',(-95.16286579033,21.55,50.51804030766));
#5128 = LINE('',#5129,#5130);
#5129 = CARTESIAN_POINT('',(-95.94888823818,21.55,50.4972512148));
#5130 = VECTOR('',#5131,1.);
#5131 = DIRECTION('',(0.999650422551,0.,2.643922640899E-02));
#5132 = ORIENTED_EDGE('',*,*,#5133,.T.);
#5133 = EDGE_CURVE('',#5126,#5134,#5136,.T.);
#5134 = VERTEX_POINT('',#5135);
#5135 = CARTESIAN_POINT('',(-94.37695237367,21.55,50.542608099779));
#5136 = LINE('',#5137,#5138);
#5137 = CARTESIAN_POINT('',(-95.16286579033,21.55,50.51804030766));
#5138 = VECTOR('',#5139,1.);
#5139 = DIRECTION('',(0.999511758485,0.,3.124491398533E-02));
#5140 = ORIENTED_EDGE('',*,*,#5141,.T.);
#5141 = EDGE_CURVE('',#5134,#5142,#5144,.T.);
#5142 = VERTEX_POINT('',#5143);
#5143 = CARTESIAN_POINT('',(-93.59116615369,21.55,50.570954023302));
#5144 = LINE('',#5145,#5146);
#5145 = CARTESIAN_POINT('',(-94.37695237367,21.55,50.542608099779));
#5146 = VECTOR('',#5147,1.);
#5147 = DIRECTION('',(0.999349991843,0.,3.604987937105E-02));
#5148 = ORIENTED_EDGE('',*,*,#5149,.T.);
#5149 = EDGE_CURVE('',#5142,#5150,#5152,.T.);
#5150 = VERTEX_POINT('',#5151);
#5151 = CARTESIAN_POINT('',(-92.80552529293,21.55,50.603077423046));
#5152 = LINE('',#5153,#5154);
#5153 = CARTESIAN_POINT('',(-93.59116615369,21.55,50.570954023302));
#5154 = VECTOR('',#5155,1.);
#5155 = DIRECTION('',(0.999165126365,0.,4.085401150493E-02));
#5156 = ORIENTED_EDGE('',*,*,#5157,.T.);
#5157 = EDGE_CURVE('',#5150,#5158,#5160,.T.);
#5158 = VERTEX_POINT('',#5159);
#5159 = CARTESIAN_POINT('',(-92.0200479506,21.55,50.638977556514));
#5160 = LINE('',#5161,#5162);
#5161 = CARTESIAN_POINT('',(-92.80552529293,21.55,50.603077423046));
#5162 = VECTOR('',#5163,1.);
#5163 = DIRECTION('',(0.998957166323,0.,4.565719934476E-02));
#5164 = ORIENTED_EDGE('',*,*,#5165,.T.);
#5165 = EDGE_CURVE('',#5158,#5166,#5168,.T.);
#5166 = VERTEX_POINT('',#5167);
#5167 = CARTESIAN_POINT('',(-91.23475228211,21.55,50.678653593915));
#5168 = LINE('',#5169,#5170);
#5169 = CARTESIAN_POINT('',(-92.0200479506,21.55,50.638977556514));
#5170 = VECTOR('',#5171,1.);
#5171 = DIRECTION('',(0.998726116524,0.,5.045933187053E-02));
#5172 = ORIENTED_EDGE('',*,*,#5173,.T.);
#5173 = EDGE_CURVE('',#5166,#5174,#5176,.T.);
#5174 = VERTEX_POINT('',#5175);
#5175 = CARTESIAN_POINT('',(-90.44965643867,21.55,50.722104618184));
#5176 = LINE('',#5177,#5178);
#5177 = CARTESIAN_POINT('',(-91.23475228211,21.55,50.678653593915));
#5178 = VECTOR('',#5179,1.);
#5179 = DIRECTION('',(0.998471982309,0.,5.526029808631E-02));
#5180 = ORIENTED_EDGE('',*,*,#5181,.T.);
#5181 = EDGE_CURVE('',#5174,#5182,#5184,.T.);
#5182 = VERTEX_POINT('',#5183);
#5183 = CARTESIAN_POINT('',(-89.66477856687,21.55,50.769329624999));
#5184 = LINE('',#5185,#5186);
#5185 = CARTESIAN_POINT('',(-90.44965643867,21.55,50.722104618184));
#5186 = VECTOR('',#5187,1.);
#5187 = DIRECTION('',(0.998194769551,0.,6.005998702326E-02));
#5188 = ORIENTED_EDGE('',*,*,#5189,.T.);
#5189 = EDGE_CURVE('',#5182,#5190,#5192,.T.);
#5190 = VERTEX_POINT('',#5191);
#5191 = CARTESIAN_POINT('',(-88.88013680829,21.55,50.820327522808));
#5192 = LINE('',#5193,#5194);
#5193 = CARTESIAN_POINT('',(-89.66477856687,21.55,50.769329624999));
#5194 = VECTOR('',#5195,1.);
#5195 = DIRECTION('',(0.997894484658,0.,6.4858287742E-02));
#5196 = ORIENTED_EDGE('',*,*,#5197,.T.);
#5197 = EDGE_CURVE('',#5190,#5198,#5200,.T.);
#5198 = VERTEX_POINT('',#5199);
#5199 = CARTESIAN_POINT('',(-88.09574929901,21.55,50.875097132853));
#5200 = LINE('',#5201,#5202);
#5201 = CARTESIAN_POINT('',(-88.88013680829,21.55,50.820327522808));
#5202 = VECTOR('',#5203,1.);
#5203 = DIRECTION('',(0.997571134571,0.,6.96550893353E-02));
#5204 = ORIENTED_EDGE('',*,*,#5205,.T.);
#5205 = EDGE_CURVE('',#5198,#5206,#5208,.T.);
#5206 = VERTEX_POINT('',#5207);
#5207 = CARTESIAN_POINT('',(-87.31163416926,21.55,50.933637189196));
#5208 = LINE('',#5209,#5210);
#5209 = CARTESIAN_POINT('',(-88.09574929901,21.55,50.875097132853));
#5210 = VECTOR('',#5211,1.);
#5211 = DIRECTION('',(0.997224726764,0.,7.445028093061E-02));
#5212 = ORIENTED_EDGE('',*,*,#5213,.T.);
#5213 = EDGE_CURVE('',#5206,#5214,#5216,.T.);
#5214 = VERTEX_POINT('',#5215);
#5215 = CARTESIAN_POINT('',(-86.52780954297,21.55,50.995946338751));
#5216 = LINE('',#5217,#5218);
#5217 = CARTESIAN_POINT('',(-87.31163416926,21.55,50.933637189196));
#5218 = VECTOR('',#5219,1.);
#5219 = DIRECTION('',(0.996855269243,0.,7.924375169247E-02));
#5220 = ORIENTED_EDGE('',*,*,#5221,.T.);
#5221 = EDGE_CURVE('',#5214,#5222,#5224,.T.);
#5222 = VERTEX_POINT('',#5223);
#5223 = CARTESIAN_POINT('',(-85.74429353735,21.55,51.062023141313));
#5224 = LINE('',#5225,#5226);
#5225 = CARTESIAN_POINT('',(-86.52780954297,21.55,50.995946338751));
#5226 = VECTOR('',#5227,1.);
#5227 = DIRECTION('',(0.996462770548,0.,8.403539082525E-02));
#5228 = ORIENTED_EDGE('',*,*,#5229,.T.);
#5229 = EDGE_CURVE('',#5222,#5230,#5232,.T.);
#5230 = VERTEX_POINT('',#5231);
#5231 = CARTESIAN_POINT('',(-84.96110426248,21.55,51.131866069592));
#5232 = LINE('',#5233,#5234);
#5233 = CARTESIAN_POINT('',(-85.74429353735,21.55,51.062023141313));
#5234 = VECTOR('',#5235,1.);
#5235 = DIRECTION('',(0.996047239752,0.,8.882508757574E-02));
#5236 = ORIENTED_EDGE('',*,*,#5237,.T.);
#5237 = EDGE_CURVE('',#5230,#5238,#5240,.T.);
#5238 = VERTEX_POINT('',#5239);
#5239 = CARTESIAN_POINT('',(-84.17825982089,21.55,51.205473509248));
#5240 = LINE('',#5241,#5242);
#5241 = CARTESIAN_POINT('',(-84.96110426248,21.55,51.131866069592));
#5242 = VECTOR('',#5243,1.);
#5243 = DIRECTION('',(0.995608686458,0.,9.361273123551E-02));
#5244 = ORIENTED_EDGE('',*,*,#5245,.T.);
#5245 = EDGE_CURVE('',#5238,#5246,#5248,.T.);
#5246 = VERTEX_POINT('',#5247);
#5247 = CARTESIAN_POINT('',(-83.39577830714,21.55,51.28284375893));
#5248 = LINE('',#5249,#5250);
#5249 = CARTESIAN_POINT('',(-84.17825982089,21.55,51.205473509248));
#5250 = VECTOR('',#5251,1.);
#5251 = DIRECTION('',(0.995147120804,0.,9.839821114367E-02));
#5252 = ORIENTED_EDGE('',*,*,#5253,.T.);
#5253 = EDGE_CURVE('',#5246,#5254,#5256,.T.);
#5254 = VERTEX_POINT('',#5255);
#5255 = CARTESIAN_POINT('',(-82.6136778074,21.55,51.363975030311));
#5256 = LINE('',#5257,#5258);
#5257 = CARTESIAN_POINT('',(-83.39577830714,21.55,51.28284375893));
#5258 = VECTOR('',#5259,1.);
#5259 = DIRECTION('',(0.994662553457,0.,0.103181416689));
#5260 = ORIENTED_EDGE('',*,*,#5261,.T.);
#5261 = EDGE_CURVE('',#5254,#5262,#5264,.T.);
#5262 = VERTEX_POINT('',#5263);
#5263 = CARTESIAN_POINT('',(-81.83197639902,21.55,51.448865448135));
#5264 = LINE('',#5265,#5266);
#5265 = CARTESIAN_POINT('',(-82.6136778074,21.55,51.363975030311));
#5266 = VECTOR('',#5267,1.);
#5267 = DIRECTION('',(0.994154995619,0.,0.107962237314));
#5268 = ORIENTED_EDGE('',*,*,#5269,.T.);
#5269 = EDGE_CURVE('',#5262,#5270,#5272,.T.);
#5270 = VERTEX_POINT('',#5271);
#5271 = CARTESIAN_POINT('',(-81.05069215015,21.55,51.537513050256));
#5272 = LINE('',#5273,#5274);
#5273 = CARTESIAN_POINT('',(-81.83197639902,21.55,51.448865448135));
#5274 = VECTOR('',#5275,1.);
#5275 = DIRECTION('',(0.993624459021,0.,0.112740562514));
#5276 = ORIENTED_EDGE('',*,*,#5277,.T.);
#5277 = EDGE_CURVE('',#5270,#5278,#5280,.T.);
#5278 = VERTEX_POINT('',#5279);
#5279 = CARTESIAN_POINT('',(-80.26984311928,21.55,51.629915787687));
#5280 = LINE('',#5281,#5282);
#5281 = CARTESIAN_POINT('',(-81.05069215015,21.55,51.537513050256));
#5282 = VECTOR('',#5283,1.);
#5283 = DIRECTION('',(0.993070955925,0.,0.117516281845));
#5284 = ORIENTED_EDGE('',*,*,#5285,.T.);
#5285 = EDGE_CURVE('',#5278,#5286,#5288,.T.);
#5286 = VERTEX_POINT('',#5287);
#5287 = CARTESIAN_POINT('',(-79.48944735484,21.55,51.726071524643));
#5288 = LINE('',#5289,#5290);
#5289 = CARTESIAN_POINT('',(-80.26984311928,21.55,51.629915787687));
#5290 = VECTOR('',#5291,1.);
#5291 = DIRECTION('',(0.992494499125,0.,0.122289284921));
#5292 = ORIENTED_EDGE('',*,*,#5293,.T.);
#5293 = EDGE_CURVE('',#5286,#5294,#5296,.T.);
#5294 = VERTEX_POINT('',#5295);
#5295 = CARTESIAN_POINT('',(-78.7095228948,21.55,51.825978038594));
#5296 = LINE('',#5297,#5298);
#5297 = CARTESIAN_POINT('',(-79.48944735484,21.55,51.726071524643));
#5298 = VECTOR('',#5299,1.);
#5299 = DIRECTION('',(0.991895101946,0.,0.12705946142));
#5300 = ORIENTED_EDGE('',*,*,#5301,.T.);
#5301 = EDGE_CURVE('',#5294,#5302,#5304,.T.);
#5302 = VERTEX_POINT('',#5303);
#5303 = CARTESIAN_POINT('',(-77.93008776622,21.55,51.929633020315));
#5304 = LINE('',#5305,#5306);
#5305 = CARTESIAN_POINT('',(-78.7095228948,21.55,51.825978038594));
#5306 = VECTOR('',#5307,1.);
#5307 = DIRECTION('',(0.991272778241,0.,0.131826701083));
#5308 = ORIENTED_EDGE('',*,*,#5309,.T.);
#5309 = EDGE_CURVE('',#5302,#5310,#5312,.T.);
#5310 = VERTEX_POINT('',#5311);
#5311 = CARTESIAN_POINT('',(-77.15115998486,21.55,52.037034073939));
#5312 = LINE('',#5313,#5314);
#5313 = CARTESIAN_POINT('',(-77.93008776622,21.55,51.929633020315));
#5314 = VECTOR('',#5315,1.);
#5315 = DIRECTION('',(0.990627542395,0.,0.136590893723));
#5316 = ORIENTED_EDGE('',*,*,#5317,.T.);
#5317 = EDGE_CURVE('',#5310,#5318,#5320,.T.);
#5318 = VERTEX_POINT('',#5319);
#5319 = CARTESIAN_POINT('',(-76.37275755474,21.55,52.148178717013));
#5320 = LINE('',#5321,#5322);
#5321 = CARTESIAN_POINT('',(-77.15115998486,21.55,52.037034073939));
#5322 = VECTOR('',#5323,1.);
#5323 = DIRECTION('',(0.989959409322,0.,0.14135192922));
#5324 = ORIENTED_EDGE('',*,*,#5325,.T.);
#5325 = EDGE_CURVE('',#5318,#5326,#5328,.T.);
#5326 = VERTEX_POINT('',#5327);
#5327 = CARTESIAN_POINT('',(-75.59489846775,21.55,52.263064380554));
#5328 = LINE('',#5329,#5330);
#5329 = CARTESIAN_POINT('',(-76.37275755474,21.55,52.148178717013));
#5330 = VECTOR('',#5331,1.);
#5331 = DIRECTION('',(0.989268394466,0.,0.146109697528));
#5332 = ORIENTED_EDGE('',*,*,#5333,.T.);
#5333 = EDGE_CURVE('',#5326,#5334,#5336,.T.);
#5334 = VERTEX_POINT('',#5335);
#5335 = CARTESIAN_POINT('',(-74.81760070322,21.55,52.381688409113));
#5336 = LINE('',#5337,#5338);
#5337 = CARTESIAN_POINT('',(-75.59489846775,21.55,52.263064380554));
#5338 = VECTOR('',#5339,1.);
#5339 = DIRECTION('',(0.988554513797,0.,0.150864088676));
#5340 = ORIENTED_EDGE('',*,*,#5341,.T.);
#5341 = EDGE_CURVE('',#5334,#5342,#5344,.T.);
#5342 = VERTEX_POINT('',#5343);
#5343 = CARTESIAN_POINT('',(-77.13152445364,21.55,67.303342368284));
#5344 = LINE('',#5345,#5346);
#5345 = CARTESIAN_POINT('',(-74.81760070322,21.55,52.381688409113));
#5346 = VECTOR('',#5347,1.);
#5347 = DIRECTION('',(-0.153239983472,0.,0.988189003919));
#5348 = ORIENTED_EDGE('',*,*,#5349,.T.);
#5349 = EDGE_CURVE('',#5342,#5350,#5352,.T.);
#5350 = VERTEX_POINT('',#5351);
#5351 = CARTESIAN_POINT('',(-77.83705703172,21.55,67.195670481769));
#5352 = LINE('',#5353,#5354);
#5353 = CARTESIAN_POINT('',(-77.13152445364,21.55,67.303342368284));
#5354 = VECTOR('',#5355,1.);
#5355 = DIRECTION('',(-0.988554513797,0.,-0.150864088676));
#5356 = ORIENTED_EDGE('',*,*,#5357,.T.);
#5357 = EDGE_CURVE('',#5350,#5358,#5360,.T.);
#5358 = VERTEX_POINT('',#5359);
#5359 = CARTESIAN_POINT('',(-78.54309910732,21.55,67.091391810092));
#5360 = LINE('',#5361,#5362);
#5361 = CARTESIAN_POINT('',(-77.83705703172,21.55,67.195670481769));
#5362 = VECTOR('',#5363,1.);
#5363 = DIRECTION('',(-0.989268394466,0.,-0.146109697528));
#5364 = ORIENTED_EDGE('',*,*,#5365,.T.);
#5365 = EDGE_CURVE('',#5358,#5366,#5368,.T.);
#5366 = VERTEX_POINT('',#5367);
#5367 = CARTESIAN_POINT('',(-79.24963436107,21.55,66.990508763536));
#5368 = LINE('',#5369,#5370);
#5369 = CARTESIAN_POINT('',(-78.54309910732,21.55,67.091391810092));
#5370 = VECTOR('',#5371,1.);
#5371 = DIRECTION('',(-0.989959409322,0.,-0.14135192922));
#5372 = ORIENTED_EDGE('',*,*,#5373,.T.);
#5373 = EDGE_CURVE('',#5366,#5374,#5376,.T.);
#5374 = VERTEX_POINT('',#5375);
#5375 = CARTESIAN_POINT('',(-79.95664646222,21.55,66.893023673897));
#5376 = LINE('',#5377,#5378);
#5377 = CARTESIAN_POINT('',(-79.24963436107,21.55,66.990508763536));
#5378 = VECTOR('',#5379,1.);
#5379 = DIRECTION('',(-0.990627542395,0.,-0.136590893723));
#5380 = ORIENTED_EDGE('',*,*,#5381,.T.);
#5381 = EDGE_CURVE('',#5374,#5382,#5384,.T.);
#5382 = VERTEX_POINT('',#5383);
#5383 = CARTESIAN_POINT('',(-80.66411906899,21.55,66.798938794432));
#5384 = LINE('',#5385,#5386);
#5385 = CARTESIAN_POINT('',(-79.95664646222,21.55,66.893023673897));
#5386 = VECTOR('',#5387,1.);
#5387 = DIRECTION('',(-0.991272778241,0.,-0.131826701083));
#5388 = ORIENTED_EDGE('',*,*,#5389,.T.);
#5389 = EDGE_CURVE('',#5382,#5390,#5392,.T.);
#5390 = VERTEX_POINT('',#5391);
#5391 = CARTESIAN_POINT('',(-81.37203582896,21.55,66.708256299806));
#5392 = LINE('',#5393,#5394);
#5393 = CARTESIAN_POINT('',(-80.66411906899,21.55,66.798938794432));
#5394 = VECTOR('',#5395,1.);
#5395 = DIRECTION('',(-0.991895101946,0.,-0.12705946142));
#5396 = ORIENTED_EDGE('',*,*,#5397,.T.);
#5397 = EDGE_CURVE('',#5390,#5398,#5400,.T.);
#5398 = VERTEX_POINT('',#5399);
#5399 = CARTESIAN_POINT('',(-82.08038037943,21.55,66.620978286042));
#5400 = LINE('',#5401,#5402);
#5401 = CARTESIAN_POINT('',(-81.37203582896,21.55,66.708256299806));
#5402 = VECTOR('',#5403,1.);
#5403 = DIRECTION('',(-0.992494499125,0.,-0.122289284921));
#5404 = ORIENTED_EDGE('',*,*,#5405,.T.);
#5405 = EDGE_CURVE('',#5398,#5406,#5408,.T.);
#5406 = VERTEX_POINT('',#5407);
#5407 = CARTESIAN_POINT('',(-82.78913634784,21.55,66.537106770471));
#5408 = LINE('',#5409,#5410);
#5409 = CARTESIAN_POINT('',(-82.08038037943,21.55,66.620978286042));
#5410 = VECTOR('',#5411,1.);
#5411 = DIRECTION('',(-0.993070955925,0.,-0.117516281845));
#5412 = ORIENTED_EDGE('',*,*,#5413,.T.);
#5413 = EDGE_CURVE('',#5406,#5414,#5416,.T.);
#5414 = VERTEX_POINT('',#5415);
#5415 = CARTESIAN_POINT('',(-83.49828735209,21.55,66.456643691688));
#5416 = LINE('',#5417,#5418);
#5417 = CARTESIAN_POINT('',(-82.78913634784,21.55,66.537106770471));
#5418 = VECTOR('',#5419,1.);
#5419 = DIRECTION('',(-0.993624459021,0.,-0.112740562514));
#5420 = ORIENTED_EDGE('',*,*,#5421,.T.);
#5421 = EDGE_CURVE('',#5414,#5422,#5424,.T.);
#5422 = VERTEX_POINT('',#5423);
#5423 = CARTESIAN_POINT('',(-84.20781700097,21.55,66.379590909505));
#5424 = LINE('',#5425,#5426);
#5425 = CARTESIAN_POINT('',(-83.49828735209,21.55,66.456643691688));
#5426 = VECTOR('',#5427,1.);
#5427 = DIRECTION('',(-0.994154995619,0.,-0.107962237314));
#5428 = ORIENTED_EDGE('',*,*,#5429,.T.);
#5429 = EDGE_CURVE('',#5422,#5430,#5432,.T.);
#5430 = VERTEX_POINT('',#5431);
#5431 = CARTESIAN_POINT('',(-84.9177088945,21.55,66.30595020491));
#5432 = LINE('',#5433,#5434);
#5433 = CARTESIAN_POINT('',(-84.20781700097,21.55,66.379590909505));
#5434 = VECTOR('',#5435,1.);
#5435 = DIRECTION('',(-0.994662553457,0.,-0.103181416689));
#5436 = ORIENTED_EDGE('',*,*,#5437,.T.);
#5437 = EDGE_CURVE('',#5430,#5438,#5440,.T.);
#5438 = VERTEX_POINT('',#5439);
#5439 = CARTESIAN_POINT('',(-85.62794662435,21.55,66.235723280024));
#5440 = LINE('',#5441,#5442);
#5441 = CARTESIAN_POINT('',(-84.9177088945,21.55,66.30595020491));
#5442 = VECTOR('',#5443,1.);
#5443 = DIRECTION('',(-0.995147120804,0.,-9.839821114366E-02));
#5444 = ORIENTED_EDGE('',*,*,#5445,.T.);
#5445 = EDGE_CURVE('',#5438,#5446,#5448,.T.);
#5446 = VERTEX_POINT('',#5447);
#5447 = CARTESIAN_POINT('',(-86.33851377417,21.55,66.168911758062));
#5448 = LINE('',#5449,#5450);
#5449 = CARTESIAN_POINT('',(-85.62794662435,21.55,66.235723280024));
#5450 = VECTOR('',#5451,1.);
#5451 = DIRECTION('',(-0.995608686458,0.,-9.361273123547E-02));
#5452 = ORIENTED_EDGE('',*,*,#5453,.T.);
#5453 = EDGE_CURVE('',#5446,#5454,#5456,.T.);
#5454 = VERTEX_POINT('',#5455);
#5455 = CARTESIAN_POINT('',(-87.04939392002,21.55,66.105517183295));
#5456 = LINE('',#5457,#5458);
#5457 = CARTESIAN_POINT('',(-86.33851377417,21.55,66.168911758062));
#5458 = VECTOR('',#5459,1.);
#5459 = DIRECTION('',(-0.996047239752,0.,-8.882508757576E-02));
#5460 = ORIENTED_EDGE('',*,*,#5461,.T.);
#5461 = EDGE_CURVE('',#5454,#5462,#5464,.T.);
#5462 = VERTEX_POINT('',#5463);
#5463 = CARTESIAN_POINT('',(-87.76057063072,21.55,66.045541021019));
#5464 = LINE('',#5465,#5466);
#5465 = CARTESIAN_POINT('',(-87.04939392002,21.55,66.105517183295));
#5466 = VECTOR('',#5467,1.);
#5467 = DIRECTION('',(-0.996462770548,0.,-8.403539082525E-02));
#5468 = ORIENTED_EDGE('',*,*,#5469,.T.);
#5469 = EDGE_CURVE('',#5462,#5470,#5472,.T.);
#5470 = VERTEX_POINT('',#5471);
#5471 = CARTESIAN_POINT('',(-88.47202746821,21.55,65.988984657512));
#5472 = LINE('',#5473,#5474);
#5473 = CARTESIAN_POINT('',(-87.76057063072,21.55,66.045541021019));
#5474 = VECTOR('',#5475,1.);
#5475 = DIRECTION('',(-0.996855269243,0.,-7.924375169248E-02));
#5476 = ORIENTED_EDGE('',*,*,#5477,.T.);
#5477 = EDGE_CURVE('',#5470,#5478,#5480,.T.);
#5478 = VERTEX_POINT('',#5479);
#5479 = CARTESIAN_POINT('',(-89.183747988,21.55,65.935849400012));
#5480 = LINE('',#5481,#5482);
#5481 = CARTESIAN_POINT('',(-88.47202746821,21.55,65.988984657512));
#5482 = VECTOR('',#5483,1.);
#5483 = DIRECTION('',(-0.997224726764,0.,-7.445028093061E-02));
#5484 = ORIENTED_EDGE('',*,*,#5485,.T.);
#5485 = EDGE_CURVE('',#5478,#5486,#5488,.T.);
#5486 = VERTEX_POINT('',#5487);
#5487 = CARTESIAN_POINT('',(-89.89571573947,21.55,65.886136476679));
#5488 = LINE('',#5489,#5490);
#5489 = CARTESIAN_POINT('',(-89.183747988,21.55,65.935849400012));
#5490 = VECTOR('',#5491,1.);
#5491 = DIRECTION('',(-0.997571134571,0.,-6.96550893353E-02));
#5492 = ORIENTED_EDGE('',*,*,#5493,.T.);
#5493 = EDGE_CURVE('',#5486,#5494,#5496,.T.);
#5494 = VERTEX_POINT('',#5495);
#5495 = CARTESIAN_POINT('',(-90.60791426629,21.55,65.83984703657));
#5496 = LINE('',#5497,#5498);
#5497 = CARTESIAN_POINT('',(-89.89571573947,21.55,65.886136476679));
#5498 = VECTOR('',#5499,1.);
#5499 = DIRECTION('',(-0.997894484658,0.,-6.485828774202E-02));
#5500 = ORIENTED_EDGE('',*,*,#5501,.T.);
#5501 = EDGE_CURVE('',#5494,#5502,#5504,.T.);
#5502 = VERTEX_POINT('',#5503);
#5503 = CARTESIAN_POINT('',(-91.32032710682,21.55,65.796982149614));
#5504 = LINE('',#5505,#5506);
#5505 = CARTESIAN_POINT('',(-90.60791426629,21.55,65.83984703657));
#5506 = VECTOR('',#5507,1.);
#5507 = DIRECTION('',(-0.998194769551,0.,-6.005998702325E-02));
#5508 = ORIENTED_EDGE('',*,*,#5509,.T.);
#5509 = EDGE_CURVE('',#5502,#5510,#5512,.T.);
#5510 = VERTEX_POINT('',#5511);
#5511 = CARTESIAN_POINT('',(-92.03293779443,21.55,65.757542806583));
#5512 = LINE('',#5513,#5514);
#5513 = CARTESIAN_POINT('',(-91.32032710682,21.55,65.796982149614));
#5514 = VECTOR('',#5515,1.);
#5515 = DIRECTION('',(-0.998471982309,0.,-5.52602980863E-02));
#5516 = ORIENTED_EDGE('',*,*,#5517,.T.);
#5517 = EDGE_CURVE('',#5510,#5518,#5520,.T.);
#5518 = VERTEX_POINT('',#5519);
#5519 = CARTESIAN_POINT('',(-92.74572985794,21.55,65.721529919074));
#5520 = LINE('',#5521,#5522);
#5521 = CARTESIAN_POINT('',(-92.03293779443,21.55,65.757542806583));
#5522 = VECTOR('',#5523,1.);
#5523 = DIRECTION('',(-0.998726116524,0.,-5.045933187054E-02));
#5524 = ORIENTED_EDGE('',*,*,#5525,.T.);
#5525 = EDGE_CURVE('',#5518,#5526,#5528,.T.);
#5526 = VERTEX_POINT('',#5527);
#5527 = CARTESIAN_POINT('',(-93.45868682198,21.55,65.688944319481));
#5528 = LINE('',#5529,#5530);
#5529 = CARTESIAN_POINT('',(-92.74572985794,21.55,65.721529919074));
#5530 = VECTOR('',#5531,1.);
#5531 = DIRECTION('',(-0.998957166323,0.,-4.565719934476E-02));
#5532 = ORIENTED_EDGE('',*,*,#5533,.T.);
#5533 = EDGE_CURVE('',#5526,#5534,#5536,.T.);
#5534 = VERTEX_POINT('',#5535);
#5535 = CARTESIAN_POINT('',(-94.17179220737,21.55,65.659786760986));
#5536 = LINE('',#5537,#5538);
#5537 = CARTESIAN_POINT('',(-93.45868682198,21.55,65.688944319481));
#5538 = VECTOR('',#5539,1.);
#5539 = DIRECTION('',(-0.999165126365,0.,-4.085401150491E-02));
#5540 = ORIENTED_EDGE('',*,*,#5541,.T.);
#5541 = EDGE_CURVE('',#5534,#5542,#5544,.T.);
#5542 = VERTEX_POINT('',#5543);
#5543 = CARTESIAN_POINT('',(-94.88502953147,21.55,65.634057917531));
#5544 = LINE('',#5545,#5546);
#5545 = CARTESIAN_POINT('',(-94.17179220737,21.55,65.659786760986));
#5546 = VECTOR('',#5547,1.);
#5547 = DIRECTION('',(-0.999349991843,0.,-3.604987937107E-02));
#5548 = ORIENTED_EDGE('',*,*,#5549,.T.);
#5549 = EDGE_CURVE('',#5542,#5550,#5552,.T.);
#5550 = VERTEX_POINT('',#5551);
#5551 = CARTESIAN_POINT('',(-95.59838230862,21.55,65.61175838381));
#5552 = LINE('',#5553,#5554);
#5553 = CARTESIAN_POINT('',(-94.88502953147,21.55,65.634057917531));
#5554 = VECTOR('',#5555,1.);
#5555 = DIRECTION('',(-0.999511758485,0.,-3.124491398531E-02));
#5556 = ORIENTED_EDGE('',*,*,#5557,.T.);
#5557 = EDGE_CURVE('',#5550,#5558,#5560,.T.);
#5558 = VERTEX_POINT('',#5559);
#5559 = CARTESIAN_POINT('',(-96.31183405049,21.55,65.59288867525));
#5560 = LINE('',#5561,#5562);
#5561 = CARTESIAN_POINT('',(-95.59838230862,21.55,65.61175838381));
#5562 = VECTOR('',#5563,1.);
#5563 = DIRECTION('',(-0.999650422551,0.,-2.643922640899E-02));
#5564 = ORIENTED_EDGE('',*,*,#5565,.T.);
#5565 = EDGE_CURVE('',#5558,#5566,#5568,.T.);
#5566 = VERTEX_POINT('',#5567);
#5567 = CARTESIAN_POINT('',(-97.02536826645,21.55,65.577449228004));
#5568 = LINE('',#5569,#5570);
#5569 = CARTESIAN_POINT('',(-96.31183405049,21.55,65.59288867525));
#5570 = VECTOR('',#5571,1.);
#5571 = DIRECTION('',(-0.999765980837,0.,-2.16329277201E-02));
#5572 = ORIENTED_EDGE('',*,*,#5573,.T.);
#5573 = EDGE_CURVE('',#5566,#5574,#5576,.T.);
#5574 = VERTEX_POINT('',#5575);
#5575 = CARTESIAN_POINT('',(-97.73896846397,21.55,65.565440398936));
#5576 = LINE('',#5577,#5578);
#5577 = CARTESIAN_POINT('',(-97.02536826645,21.55,65.577449228004));
#5578 = VECTOR('',#5579,1.);
#5579 = DIRECTION('',(-0.99985843067,0.,-1.68261290107E-02));
#5580 = ORIENTED_EDGE('',*,*,#5581,.T.);
#5581 = EDGE_CURVE('',#5574,#5582,#5584,.T.);
#5582 = VERTEX_POINT('',#5583);
#5583 = CARTESIAN_POINT('',(-98.45261814899,21.55,65.556862465618));
#5584 = LINE('',#5585,#5586);
#5585 = CARTESIAN_POINT('',(-97.73896846397,21.55,65.565440398936));
#5586 = VECTOR('',#5587,1.);
#5587 = DIRECTION('',(-0.999927769915,0.,-1.201894138447E-02));
#5588 = ORIENTED_EDGE('',*,*,#5589,.T.);
#5589 = EDGE_CURVE('',#5582,#5590,#5592,.T.);
#5590 = VERTEX_POINT('',#5591);
#5591 = CARTESIAN_POINT('',(-99.16630082632,21.55,65.551715626318));
#5592 = LINE('',#5593,#5594);
#5593 = CARTESIAN_POINT('',(-98.45261814899,21.55,65.556862465618));
#5594 = VECTOR('',#5595,1.);
#5595 = DIRECTION('',(-0.999973996969,0.,-7.211475954172E-03));
#5596 = ORIENTED_EDGE('',*,*,#5597,.T.);
#5597 = EDGE_CURVE('',#5590,#5598,#5600,.T.);
#5598 = VERTEX_POINT('',#5599);
#5599 = CARTESIAN_POINT('',(-99.88,21.55,65.55));
#5600 = LINE('',#5601,#5602);
#5601 = CARTESIAN_POINT('',(-99.16630082632,21.55,65.551715626318));
#5602 = VECTOR('',#5603,1.);
#5603 = DIRECTION('',(-0.999997110763,0.,-2.403843838742E-03));
#5604 = ORIENTED_EDGE('',*,*,#5605,.T.);
#5605 = EDGE_CURVE('',#5598,#5606,#5608,.T.);
#5606 = VERTEX_POINT('',#5607);
#5607 = CARTESIAN_POINT('',(-100.5936991736,21.55,65.551715626318));
#5608 = LINE('',#5609,#5610);
#5609 = CARTESIAN_POINT('',(-99.88,21.55,65.55));
#5610 = VECTOR('',#5611,1.);
#5611 = DIRECTION('',(-0.999997110763,0.,2.403843838742E-03));
#5612 = ORIENTED_EDGE('',*,*,#5613,.T.);
#5613 = EDGE_CURVE('',#5606,#5614,#5616,.T.);
#5614 = VERTEX_POINT('',#5615);
#5615 = CARTESIAN_POINT('',(-101.307381851,21.55,65.556862465618));
#5616 = LINE('',#5617,#5618);
#5617 = CARTESIAN_POINT('',(-100.5936991736,21.55,65.551715626318));
#5618 = VECTOR('',#5619,1.);
#5619 = DIRECTION('',(-0.999973996969,0.,7.211475954172E-03));
#5620 = ORIENTED_EDGE('',*,*,#5621,.T.);
#5621 = EDGE_CURVE('',#5614,#5622,#5624,.T.);
#5622 = VERTEX_POINT('',#5623);
#5623 = CARTESIAN_POINT('',(-102.021031536,21.55,65.565440398936));
#5624 = LINE('',#5625,#5626);
#5625 = CARTESIAN_POINT('',(-101.307381851,21.55,65.556862465618));
#5626 = VECTOR('',#5627,1.);
#5627 = DIRECTION('',(-0.999927769915,0.,1.201894138447E-02));
#5628 = ORIENTED_EDGE('',*,*,#5629,.T.);
#5629 = EDGE_CURVE('',#5622,#5630,#5632,.T.);
#5630 = VERTEX_POINT('',#5631);
#5631 = CARTESIAN_POINT('',(-102.7346317335,21.55,65.577449228004));
#5632 = LINE('',#5633,#5634);
#5633 = CARTESIAN_POINT('',(-102.021031536,21.55,65.565440398936));
#5634 = VECTOR('',#5635,1.);
#5635 = DIRECTION('',(-0.99985843067,0.,1.68261290107E-02));
#5636 = ORIENTED_EDGE('',*,*,#5637,.T.);
#5637 = EDGE_CURVE('',#5630,#5638,#5640,.T.);
#5638 = VERTEX_POINT('',#5639);
#5639 = CARTESIAN_POINT('',(-103.4481659495,21.55,65.59288867525));
#5640 = LINE('',#5641,#5642);
#5641 = CARTESIAN_POINT('',(-102.7346317335,21.55,65.577449228004));
#5642 = VECTOR('',#5643,1.);
#5643 = DIRECTION('',(-0.999765980837,0.,2.16329277201E-02));
#5644 = ORIENTED_EDGE('',*,*,#5645,.T.);
#5645 = EDGE_CURVE('',#5638,#5646,#5648,.T.);
#5646 = VERTEX_POINT('',#5647);
#5647 = CARTESIAN_POINT('',(-104.1616176913,21.55,65.61175838381));
#5648 = LINE('',#5649,#5650);
#5649 = CARTESIAN_POINT('',(-103.4481659495,21.55,65.59288867525));
#5650 = VECTOR('',#5651,1.);
#5651 = DIRECTION('',(-0.999650422551,0.,2.643922640899E-02));
#5652 = ORIENTED_EDGE('',*,*,#5653,.T.);
#5653 = EDGE_CURVE('',#5646,#5654,#5656,.T.);
#5654 = VERTEX_POINT('',#5655);
#5655 = CARTESIAN_POINT('',(-104.8749704685,21.55,65.634057917531));
#5656 = LINE('',#5657,#5658);
#5657 = CARTESIAN_POINT('',(-104.1616176913,21.55,65.61175838381));
#5658 = VECTOR('',#5659,1.);
#5659 = DIRECTION('',(-0.999511758485,0.,3.124491398531E-02));
#5660 = ORIENTED_EDGE('',*,*,#5661,.T.);
#5661 = EDGE_CURVE('',#5654,#5662,#5664,.T.);
#5662 = VERTEX_POINT('',#5663);
#5663 = CARTESIAN_POINT('',(-105.5882077926,21.55,65.659786760986));
#5664 = LINE('',#5665,#5666);
#5665 = CARTESIAN_POINT('',(-104.8749704685,21.55,65.634057917531));
#5666 = VECTOR('',#5667,1.);
#5667 = DIRECTION('',(-0.999349991843,0.,3.604987937107E-02));
#5668 = ORIENTED_EDGE('',*,*,#5669,.T.);
#5669 = EDGE_CURVE('',#5662,#5670,#5672,.T.);
#5670 = VERTEX_POINT('',#5671);
#5671 = CARTESIAN_POINT('',(-106.301313178,21.55,65.688944319481));
#5672 = LINE('',#5673,#5674);
#5673 = CARTESIAN_POINT('',(-105.5882077926,21.55,65.659786760986));
#5674 = VECTOR('',#5675,1.);
#5675 = DIRECTION('',(-0.999165126365,0.,4.085401150491E-02));
#5676 = ORIENTED_EDGE('',*,*,#5677,.T.);
#5677 = EDGE_CURVE('',#5670,#5678,#5680,.T.);
#5678 = VERTEX_POINT('',#5679);
#5679 = CARTESIAN_POINT('',(-107.014270142,21.55,65.721529919074));
#5680 = LINE('',#5681,#5682);
#5681 = CARTESIAN_POINT('',(-106.301313178,21.55,65.688944319481));
#5682 = VECTOR('',#5683,1.);
#5683 = DIRECTION('',(-0.998957166323,0.,4.565719934476E-02));
#5684 = ORIENTED_EDGE('',*,*,#5685,.T.);
#5685 = EDGE_CURVE('',#5678,#5686,#5688,.T.);
#5686 = VERTEX_POINT('',#5687);
#5687 = CARTESIAN_POINT('',(-107.7270622055,21.55,65.757542806583));
#5688 = LINE('',#5689,#5690);
#5689 = CARTESIAN_POINT('',(-107.014270142,21.55,65.721529919074));
#5690 = VECTOR('',#5691,1.);
#5691 = DIRECTION('',(-0.998726116524,0.,5.045933187053E-02));
#5692 = ORIENTED_EDGE('',*,*,#5693,.T.);
#5693 = EDGE_CURVE('',#5686,#5694,#5696,.T.);
#5694 = VERTEX_POINT('',#5695);
#5695 = CARTESIAN_POINT('',(-108.4396728931,21.55,65.796982149614));
#5696 = LINE('',#5697,#5698);
#5697 = CARTESIAN_POINT('',(-107.7270622055,21.55,65.757542806583));
#5698 = VECTOR('',#5699,1.);
#5699 = DIRECTION('',(-0.998471982309,0.,5.52602980863E-02));
#5700 = ORIENTED_EDGE('',*,*,#5701,.T.);
#5701 = EDGE_CURVE('',#5694,#5702,#5704,.T.);
#5702 = VERTEX_POINT('',#5703);
#5703 = CARTESIAN_POINT('',(-109.1520857337,21.55,65.83984703657));
#5704 = LINE('',#5705,#5706);
#5705 = CARTESIAN_POINT('',(-108.4396728931,21.55,65.796982149614));
#5706 = VECTOR('',#5707,1.);
#5707 = DIRECTION('',(-0.998194769551,0.,6.005998702325E-02));
#5708 = ORIENTED_EDGE('',*,*,#5709,.T.);
#5709 = EDGE_CURVE('',#5702,#5710,#5712,.T.);
#5710 = VERTEX_POINT('',#5711);
#5711 = CARTESIAN_POINT('',(-109.8642842605,21.55,65.886136476679));
#5712 = LINE('',#5713,#5714);
#5713 = CARTESIAN_POINT('',(-109.1520857337,21.55,65.83984703657));
#5714 = VECTOR('',#5715,1.);
#5715 = DIRECTION('',(-0.997894484658,0.,6.485828774202E-02));
#5716 = ORIENTED_EDGE('',*,*,#5717,.T.);
#5717 = EDGE_CURVE('',#5710,#5718,#5720,.T.);
#5718 = VERTEX_POINT('',#5719);
#5719 = CARTESIAN_POINT('',(-110.5762520119,21.55,65.935849400012));
#5720 = LINE('',#5721,#5722);
#5721 = CARTESIAN_POINT('',(-109.8642842605,21.55,65.886136476679));
#5722 = VECTOR('',#5723,1.);
#5723 = DIRECTION('',(-0.997571134571,0.,6.96550893353E-02));
#5724 = ORIENTED_EDGE('',*,*,#5725,.T.);
#5725 = EDGE_CURVE('',#5718,#5726,#5728,.T.);
#5726 = VERTEX_POINT('',#5727);
#5727 = CARTESIAN_POINT('',(-111.2879725317,21.55,65.988984657512));
#5728 = LINE('',#5729,#5730);
#5729 = CARTESIAN_POINT('',(-110.5762520119,21.55,65.935849400012));
#5730 = VECTOR('',#5731,1.);
#5731 = DIRECTION('',(-0.997224726764,0.,7.445028093061E-02));
#5732 = ORIENTED_EDGE('',*,*,#5733,.T.);
#5733 = EDGE_CURVE('',#5726,#5734,#5736,.T.);
#5734 = VERTEX_POINT('',#5735);
#5735 = CARTESIAN_POINT('',(-111.9994293692,21.55,66.045541021019));
#5736 = LINE('',#5737,#5738);
#5737 = CARTESIAN_POINT('',(-111.2879725317,21.55,65.988984657512));
#5738 = VECTOR('',#5739,1.);
#5739 = DIRECTION('',(-0.996855269243,0.,7.924375169248E-02));
#5740 = ORIENTED_EDGE('',*,*,#5741,.T.);
#5741 = EDGE_CURVE('',#5734,#5742,#5744,.T.);
#5742 = VERTEX_POINT('',#5743);
#5743 = CARTESIAN_POINT('',(-112.7106060799,21.55,66.105517183295));
#5744 = LINE('',#5745,#5746);
#5745 = CARTESIAN_POINT('',(-111.9994293692,21.55,66.045541021019));
#5746 = VECTOR('',#5747,1.);
#5747 = DIRECTION('',(-0.996462770548,0.,8.403539082525E-02));
#5748 = ORIENTED_EDGE('',*,*,#5749,.T.);
#5749 = EDGE_CURVE('',#5742,#5750,#5752,.T.);
#5750 = VERTEX_POINT('',#5751);
#5751 = CARTESIAN_POINT('',(-113.4214862258,21.55,66.168911758062));
#5752 = LINE('',#5753,#5754);
#5753 = CARTESIAN_POINT('',(-112.7106060799,21.55,66.105517183295));
#5754 = VECTOR('',#5755,1.);
#5755 = DIRECTION('',(-0.996047239752,0.,8.882508757576E-02));
#5756 = ORIENTED_EDGE('',*,*,#5757,.T.);
#5757 = EDGE_CURVE('',#5750,#5758,#5760,.T.);
#5758 = VERTEX_POINT('',#5759);
#5759 = CARTESIAN_POINT('',(-114.1320533756,21.55,66.235723280024));
#5760 = LINE('',#5761,#5762);
#5761 = CARTESIAN_POINT('',(-113.4214862258,21.55,66.168911758062));
#5762 = VECTOR('',#5763,1.);
#5763 = DIRECTION('',(-0.995608686458,0.,9.361273123547E-02));
#5764 = ORIENTED_EDGE('',*,*,#5765,.T.);
#5765 = EDGE_CURVE('',#5758,#5766,#5768,.T.);
#5766 = VERTEX_POINT('',#5767);
#5767 = CARTESIAN_POINT('',(-114.8422911054,21.55,66.30595020491));
#5768 = LINE('',#5769,#5770);
#5769 = CARTESIAN_POINT('',(-114.1320533756,21.55,66.235723280024));
#5770 = VECTOR('',#5771,1.);
#5771 = DIRECTION('',(-0.995147120804,0.,9.839821114366E-02));
#5772 = ORIENTED_EDGE('',*,*,#5773,.T.);
#5773 = EDGE_CURVE('',#5766,#5774,#5776,.T.);
#5774 = VERTEX_POINT('',#5775);
#5775 = CARTESIAN_POINT('',(-115.552182999,21.55,66.379590909505));
#5776 = LINE('',#5777,#5778);
#5777 = CARTESIAN_POINT('',(-114.8422911054,21.55,66.30595020491));
#5778 = VECTOR('',#5779,1.);
#5779 = DIRECTION('',(-0.994662553457,0.,0.103181416689));
#5780 = ORIENTED_EDGE('',*,*,#5781,.T.);
#5781 = EDGE_CURVE('',#5774,#5782,#5784,.T.);
#5782 = VERTEX_POINT('',#5783);
#5783 = CARTESIAN_POINT('',(-116.2617126479,21.55,66.456643691688));
#5784 = LINE('',#5785,#5786);
#5785 = CARTESIAN_POINT('',(-115.552182999,21.55,66.379590909505));
#5786 = VECTOR('',#5787,1.);
#5787 = DIRECTION('',(-0.994154995619,0.,0.107962237314));
#5788 = ORIENTED_EDGE('',*,*,#5789,.T.);
#5789 = EDGE_CURVE('',#5782,#5790,#5792,.T.);
#5790 = VERTEX_POINT('',#5791);
#5791 = CARTESIAN_POINT('',(-116.9708636521,21.55,66.537106770471));
#5792 = LINE('',#5793,#5794);
#5793 = CARTESIAN_POINT('',(-116.2617126479,21.55,66.456643691688));
#5794 = VECTOR('',#5795,1.);
#5795 = DIRECTION('',(-0.993624459021,0.,0.112740562514));
#5796 = ORIENTED_EDGE('',*,*,#5797,.T.);
#5797 = EDGE_CURVE('',#5790,#5798,#5800,.T.);
#5798 = VERTEX_POINT('',#5799);
#5799 = CARTESIAN_POINT('',(-117.6796196205,21.55,66.620978286042));
#5800 = LINE('',#5801,#5802);
#5801 = CARTESIAN_POINT('',(-116.9708636521,21.55,66.537106770471));
#5802 = VECTOR('',#5803,1.);
#5803 = DIRECTION('',(-0.993070955925,0.,0.117516281845));
#5804 = ORIENTED_EDGE('',*,*,#5805,.T.);
#5805 = EDGE_CURVE('',#5798,#5806,#5808,.T.);
#5806 = VERTEX_POINT('',#5807);
#5807 = CARTESIAN_POINT('',(-118.387964171,21.55,66.708256299806));
#5808 = LINE('',#5809,#5810);
#5809 = CARTESIAN_POINT('',(-117.6796196205,21.55,66.620978286042));
#5810 = VECTOR('',#5811,1.);
#5811 = DIRECTION('',(-0.992494499125,0.,0.122289284921));
#5812 = ORIENTED_EDGE('',*,*,#5813,.T.);
#5813 = EDGE_CURVE('',#5806,#5814,#5816,.T.);
#5814 = VERTEX_POINT('',#5815);
#5815 = CARTESIAN_POINT('',(-119.095880931,21.55,66.798938794432));
#5816 = LINE('',#5817,#5818);
#5817 = CARTESIAN_POINT('',(-118.387964171,21.55,66.708256299806));
#5818 = VECTOR('',#5819,1.);
#5819 = DIRECTION('',(-0.991895101946,0.,0.12705946142));
#5820 = ORIENTED_EDGE('',*,*,#5821,.T.);
#5821 = EDGE_CURVE('',#5814,#5822,#5824,.T.);
#5822 = VERTEX_POINT('',#5823);
#5823 = CARTESIAN_POINT('',(-119.8033535377,21.55,66.893023673897));
#5824 = LINE('',#5825,#5826);
#5825 = CARTESIAN_POINT('',(-119.095880931,21.55,66.798938794432));
#5826 = VECTOR('',#5827,1.);
#5827 = DIRECTION('',(-0.991272778241,0.,0.131826701083));
#5828 = ORIENTED_EDGE('',*,*,#5829,.T.);
#5829 = EDGE_CURVE('',#5822,#5830,#5832,.T.);
#5830 = VERTEX_POINT('',#5831);
#5831 = CARTESIAN_POINT('',(-120.5103656389,21.55,66.990508763536));
#5832 = LINE('',#5833,#5834);
#5833 = CARTESIAN_POINT('',(-119.8033535377,21.55,66.893023673897));
#5834 = VECTOR('',#5835,1.);
#5835 = DIRECTION('',(-0.990627542395,0.,0.136590893723));
#5836 = ORIENTED_EDGE('',*,*,#5837,.T.);
#5837 = EDGE_CURVE('',#5830,#5838,#5840,.T.);
#5838 = VERTEX_POINT('',#5839);
#5839 = CARTESIAN_POINT('',(-121.2169008926,21.55,67.091391810092));
#5840 = LINE('',#5841,#5842);
#5841 = CARTESIAN_POINT('',(-120.5103656389,21.55,66.990508763536));
#5842 = VECTOR('',#5843,1.);
#5843 = DIRECTION('',(-0.989959409322,0.,0.14135192922));
#5844 = ORIENTED_EDGE('',*,*,#5845,.T.);
#5845 = EDGE_CURVE('',#5838,#5846,#5848,.T.);
#5846 = VERTEX_POINT('',#5847);
#5847 = CARTESIAN_POINT('',(-121.9229429682,21.55,67.195670481769));
#5848 = LINE('',#5849,#5850);
#5849 = CARTESIAN_POINT('',(-121.2169008926,21.55,67.091391810092));
#5850 = VECTOR('',#5851,1.);
#5851 = DIRECTION('',(-0.989268394466,0.,0.146109697528));
#5852 = ORIENTED_EDGE('',*,*,#5853,.T.);
#5853 = EDGE_CURVE('',#5846,#3759,#5854,.T.);
#5854 = LINE('',#5855,#5856);
#5855 = CARTESIAN_POINT('',(-121.9229429682,21.55,67.195670481769));
#5856 = VECTOR('',#5857,1.);
#5857 = DIRECTION('',(-0.988554513797,0.,0.150864088676));
#5858 = ORIENTED_EDGE('',*,*,#3766,.T.);
#5859 = PLANE('',#5860);
#5860 = AXIS2_PLACEMENT_3D('',#5861,#5862,#5863);
#5861 = CARTESIAN_POINT('',(-99.88,21.55,58.631851030686));
#5862 = DIRECTION('',(-0.,-1.,-0.));
#5863 = DIRECTION('',(0.,0.,-1.));
#5864 = ADVANCED_FACE('',(#5865),#5876,.T.);
#5865 = FACE_BOUND('',#5866,.T.);
#5866 = EDGE_LOOP('',(#5867,#5873,#5874,#5875));
#5867 = ORIENTED_EDGE('',*,*,#5868,.T.);
#5868 = EDGE_CURVE('',#4821,#5846,#5869,.T.);
#5869 = LINE('',#5870,#5871);
#5870 = CARTESIAN_POINT('',(-121.9229429682,-21.55,67.195670481769));
#5871 = VECTOR('',#5872,1.);
#5872 = DIRECTION('',(0.,1.,0.));
#5873 = ORIENTED_EDGE('',*,*,#5853,.T.);
#5874 = ORIENTED_EDGE('',*,*,#3756,.F.);
#5875 = ORIENTED_EDGE('',*,*,#4828,.F.);
#5876 = PLANE('',#5877);
#5877 = AXIS2_PLACEMENT_3D('',#5878,#5879,#5880);
#5878 = CARTESIAN_POINT('',(-121.9229429682,-21.55,67.195670481769));
#5879 = DIRECTION('',(0.150864088676,-0.,0.988554513797));
#5880 = DIRECTION('',(-0.988554513797,0.,0.150864088676));
#5881 = ADVANCED_FACE('',(#5882),#5893,.T.);
#5882 = FACE_BOUND('',#5883,.T.);
#5883 = EDGE_LOOP('',(#5884,#5885,#5886,#5892));
#5884 = ORIENTED_EDGE('',*,*,#3796,.T.);
#5885 = ORIENTED_EDGE('',*,*,#4845,.T.);
#5886 = ORIENTED_EDGE('',*,*,#5887,.F.);
#5887 = EDGE_CURVE('',#3821,#4846,#5888,.T.);
#5888 = LINE('',#5889,#5890);
#5889 = CARTESIAN_POINT('',(-122.6088400151,-21.55,52.037034073939));
#5890 = VECTOR('',#5891,1.);
#5891 = DIRECTION('',(0.,1.,0.));
#5892 = ORIENTED_EDGE('',*,*,#3820,.F.);
#5893 = PLANE('',#5894);
#5894 = AXIS2_PLACEMENT_3D('',#5895,#5896,#5897);
#5895 = CARTESIAN_POINT('',(-123.3872424452,-21.55,52.148178717013));
#5896 = DIRECTION('',(-0.14135192922,0.,-0.989959409322));
#5897 = DIRECTION('',(0.989959409322,0.,-0.14135192922));
#5898 = ADVANCED_FACE('',(#5899),#5910,.T.);
#5899 = FACE_BOUND('',#5900,.T.);
#5900 = EDGE_LOOP('',(#5901,#5902,#5903,#5909));
#5901 = ORIENTED_EDGE('',*,*,#5887,.T.);
#5902 = ORIENTED_EDGE('',*,*,#4853,.T.);
#5903 = ORIENTED_EDGE('',*,*,#5904,.F.);
#5904 = EDGE_CURVE('',#3829,#4854,#5905,.T.);
#5905 = LINE('',#5906,#5907);
#5906 = CARTESIAN_POINT('',(-121.8299122337,-21.55,51.929633020315));
#5907 = VECTOR('',#5908,1.);
#5908 = DIRECTION('',(0.,1.,0.));
#5909 = ORIENTED_EDGE('',*,*,#3828,.F.);
#5910 = PLANE('',#5911);
#5911 = AXIS2_PLACEMENT_3D('',#5912,#5913,#5914);
#5912 = CARTESIAN_POINT('',(-122.6088400151,-21.55,52.037034073939));
#5913 = DIRECTION('',(-0.136590893723,0.,-0.990627542395));
#5914 = DIRECTION('',(0.990627542395,0.,-0.136590893723));
#5915 = ADVANCED_FACE('',(#5916),#5927,.T.);
#5916 = FACE_BOUND('',#5917,.T.);
#5917 = EDGE_LOOP('',(#5918,#5919,#5920,#5926));
#5918 = ORIENTED_EDGE('',*,*,#5904,.T.);
#5919 = ORIENTED_EDGE('',*,*,#4861,.T.);
#5920 = ORIENTED_EDGE('',*,*,#5921,.F.);
#5921 = EDGE_CURVE('',#3837,#4862,#5922,.T.);
#5922 = LINE('',#5923,#5924);
#5923 = CARTESIAN_POINT('',(-121.0504771051,-21.55,51.825978038594));
#5924 = VECTOR('',#5925,1.);
#5925 = DIRECTION('',(0.,1.,0.));
#5926 = ORIENTED_EDGE('',*,*,#3836,.F.);
#5927 = PLANE('',#5928);
#5928 = AXIS2_PLACEMENT_3D('',#5929,#5930,#5931);
#5929 = CARTESIAN_POINT('',(-121.8299122337,-21.55,51.929633020315));
#5930 = DIRECTION('',(-0.131826701083,0.,-0.991272778241));
#5931 = DIRECTION('',(0.991272778241,0.,-0.131826701083));
#5932 = ADVANCED_FACE('',(#5933),#5944,.T.);
#5933 = FACE_BOUND('',#5934,.T.);
#5934 = EDGE_LOOP('',(#5935,#5936,#5937,#5943));
#5935 = ORIENTED_EDGE('',*,*,#5921,.T.);
#5936 = ORIENTED_EDGE('',*,*,#4869,.T.);
#5937 = ORIENTED_EDGE('',*,*,#5938,.F.);
#5938 = EDGE_CURVE('',#3845,#4870,#5939,.T.);
#5939 = LINE('',#5940,#5941);
#5940 = CARTESIAN_POINT('',(-120.2705526451,-21.55,51.726071524643));
#5941 = VECTOR('',#5942,1.);
#5942 = DIRECTION('',(0.,1.,0.));
#5943 = ORIENTED_EDGE('',*,*,#3844,.F.);
#5944 = PLANE('',#5945);
#5945 = AXIS2_PLACEMENT_3D('',#5946,#5947,#5948);
#5946 = CARTESIAN_POINT('',(-121.0504771051,-21.55,51.825978038594));
#5947 = DIRECTION('',(-0.12705946142,0.,-0.991895101946));
#5948 = DIRECTION('',(0.991895101946,0.,-0.12705946142));
#5949 = ADVANCED_FACE('',(#5950),#5961,.T.);
#5950 = FACE_BOUND('',#5951,.T.);
#5951 = EDGE_LOOP('',(#5952,#5953,#5954,#5960));
#5952 = ORIENTED_EDGE('',*,*,#5938,.T.);
#5953 = ORIENTED_EDGE('',*,*,#4877,.T.);
#5954 = ORIENTED_EDGE('',*,*,#5955,.F.);
#5955 = EDGE_CURVE('',#3853,#4878,#5956,.T.);
#5956 = LINE('',#5957,#5958);
#5957 = CARTESIAN_POINT('',(-119.4901568807,-21.55,51.629915787687));
#5958 = VECTOR('',#5959,1.);
#5959 = DIRECTION('',(0.,1.,0.));
#5960 = ORIENTED_EDGE('',*,*,#3852,.F.);
#5961 = PLANE('',#5962);
#5962 = AXIS2_PLACEMENT_3D('',#5963,#5964,#5965);
#5963 = CARTESIAN_POINT('',(-120.2705526451,-21.55,51.726071524643));
#5964 = DIRECTION('',(-0.122289284921,0.,-0.992494499125));
#5965 = DIRECTION('',(0.992494499125,0.,-0.122289284921));
#5966 = ADVANCED_FACE('',(#5967),#5978,.T.);
#5967 = FACE_BOUND('',#5968,.T.);
#5968 = EDGE_LOOP('',(#5969,#5970,#5971,#5977));
#5969 = ORIENTED_EDGE('',*,*,#5955,.T.);
#5970 = ORIENTED_EDGE('',*,*,#4885,.T.);
#5971 = ORIENTED_EDGE('',*,*,#5972,.F.);
#5972 = EDGE_CURVE('',#3861,#4886,#5973,.T.);
#5973 = LINE('',#5974,#5975);
#5974 = CARTESIAN_POINT('',(-118.7093078498,-21.55,51.537513050256));
#5975 = VECTOR('',#5976,1.);
#5976 = DIRECTION('',(0.,1.,0.));
#5977 = ORIENTED_EDGE('',*,*,#3860,.F.);
#5978 = PLANE('',#5979);
#5979 = AXIS2_PLACEMENT_3D('',#5980,#5981,#5982);
#5980 = CARTESIAN_POINT('',(-119.4901568807,-21.55,51.629915787687));
#5981 = DIRECTION('',(-0.117516281845,0.,-0.993070955925));
#5982 = DIRECTION('',(0.993070955925,0.,-0.117516281845));
#5983 = ADVANCED_FACE('',(#5984),#5995,.T.);
#5984 = FACE_BOUND('',#5985,.T.);
#5985 = EDGE_LOOP('',(#5986,#5987,#5988,#5994));
#5986 = ORIENTED_EDGE('',*,*,#5972,.T.);
#5987 = ORIENTED_EDGE('',*,*,#4893,.T.);
#5988 = ORIENTED_EDGE('',*,*,#5989,.F.);
#5989 = EDGE_CURVE('',#3869,#4894,#5990,.T.);
#5990 = LINE('',#5991,#5992);
#5991 = CARTESIAN_POINT('',(-117.9280236009,-21.55,51.448865448135));
#5992 = VECTOR('',#5993,1.);
#5993 = DIRECTION('',(0.,1.,0.));
#5994 = ORIENTED_EDGE('',*,*,#3868,.F.);
#5995 = PLANE('',#5996);
#5996 = AXIS2_PLACEMENT_3D('',#5997,#5998,#5999);
#5997 = CARTESIAN_POINT('',(-118.7093078498,-21.55,51.537513050256));
#5998 = DIRECTION('',(-0.112740562514,0.,-0.993624459021));
#5999 = DIRECTION('',(0.993624459021,0.,-0.112740562514));
#6000 = ADVANCED_FACE('',(#6001),#6012,.T.);
#6001 = FACE_BOUND('',#6002,.T.);
#6002 = EDGE_LOOP('',(#6003,#6004,#6005,#6011));
#6003 = ORIENTED_EDGE('',*,*,#5989,.T.);
#6004 = ORIENTED_EDGE('',*,*,#4901,.T.);
#6005 = ORIENTED_EDGE('',*,*,#6006,.F.);
#6006 = EDGE_CURVE('',#3877,#4902,#6007,.T.);
#6007 = LINE('',#6008,#6009);
#6008 = CARTESIAN_POINT('',(-117.1463221925,-21.55,51.363975030311));
#6009 = VECTOR('',#6010,1.);
#6010 = DIRECTION('',(0.,1.,0.));
#6011 = ORIENTED_EDGE('',*,*,#3876,.F.);
#6012 = PLANE('',#6013);
#6013 = AXIS2_PLACEMENT_3D('',#6014,#6015,#6016);
#6014 = CARTESIAN_POINT('',(-117.9280236009,-21.55,51.448865448135));
#6015 = DIRECTION('',(-0.107962237314,0.,-0.994154995619));
#6016 = DIRECTION('',(0.994154995619,0.,-0.107962237314));
#6017 = ADVANCED_FACE('',(#6018),#6029,.T.);
#6018 = FACE_BOUND('',#6019,.T.);
#6019 = EDGE_LOOP('',(#6020,#6021,#6022,#6028));
#6020 = ORIENTED_EDGE('',*,*,#6006,.T.);
#6021 = ORIENTED_EDGE('',*,*,#4909,.T.);
#6022 = ORIENTED_EDGE('',*,*,#6023,.F.);
#6023 = EDGE_CURVE('',#3885,#4910,#6024,.T.);
#6024 = LINE('',#6025,#6026);
#6025 = CARTESIAN_POINT('',(-116.3642216928,-21.55,51.28284375893));
#6026 = VECTOR('',#6027,1.);
#6027 = DIRECTION('',(0.,1.,0.));
#6028 = ORIENTED_EDGE('',*,*,#3884,.F.);
#6029 = PLANE('',#6030);
#6030 = AXIS2_PLACEMENT_3D('',#6031,#6032,#6033);
#6031 = CARTESIAN_POINT('',(-117.1463221925,-21.55,51.363975030311));
#6032 = DIRECTION('',(-0.103181416689,0.,-0.994662553457));
#6033 = DIRECTION('',(0.994662553457,0.,-0.103181416689));
#6034 = ADVANCED_FACE('',(#6035),#6046,.T.);
#6035 = FACE_BOUND('',#6036,.T.);
#6036 = EDGE_LOOP('',(#6037,#6038,#6039,#6045));
#6037 = ORIENTED_EDGE('',*,*,#6023,.T.);
#6038 = ORIENTED_EDGE('',*,*,#4917,.T.);
#6039 = ORIENTED_EDGE('',*,*,#6040,.F.);
#6040 = EDGE_CURVE('',#3893,#4918,#6041,.T.);
#6041 = LINE('',#6042,#6043);
#6042 = CARTESIAN_POINT('',(-115.5817401791,-21.55,51.205473509248));
#6043 = VECTOR('',#6044,1.);
#6044 = DIRECTION('',(0.,1.,0.));
#6045 = ORIENTED_EDGE('',*,*,#3892,.F.);
#6046 = PLANE('',#6047);
#6047 = AXIS2_PLACEMENT_3D('',#6048,#6049,#6050);
#6048 = CARTESIAN_POINT('',(-116.3642216928,-21.55,51.28284375893));
#6049 = DIRECTION('',(-9.839821114367E-02,0.,-0.995147120804));
#6050 = DIRECTION('',(0.995147120804,0.,-9.839821114367E-02));
#6051 = ADVANCED_FACE('',(#6052),#6063,.T.);
#6052 = FACE_BOUND('',#6053,.T.);
#6053 = EDGE_LOOP('',(#6054,#6055,#6056,#6062));
#6054 = ORIENTED_EDGE('',*,*,#6040,.T.);
#6055 = ORIENTED_EDGE('',*,*,#4925,.T.);
#6056 = ORIENTED_EDGE('',*,*,#6057,.F.);
#6057 = EDGE_CURVE('',#3901,#4926,#6058,.T.);
#6058 = LINE('',#6059,#6060);
#6059 = CARTESIAN_POINT('',(-114.7988957375,-21.55,51.131866069592));
#6060 = VECTOR('',#6061,1.);
#6061 = DIRECTION('',(0.,1.,0.));
#6062 = ORIENTED_EDGE('',*,*,#3900,.F.);
#6063 = PLANE('',#6064);
#6064 = AXIS2_PLACEMENT_3D('',#6065,#6066,#6067);
#6065 = CARTESIAN_POINT('',(-115.5817401791,-21.55,51.205473509248));
#6066 = DIRECTION('',(-9.361273123551E-02,0.,-0.995608686458));
#6067 = DIRECTION('',(0.995608686458,0.,-9.361273123551E-02));
#6068 = ADVANCED_FACE('',(#6069),#6112,.T.);
#6069 = FACE_BOUND('',#6070,.T.);
#6070 = EDGE_LOOP('',(#6071,#6072,#6073,#6074,#6082,#6090,#6098,#6106));
#6071 = ORIENTED_EDGE('',*,*,#3908,.F.);
#6072 = ORIENTED_EDGE('',*,*,#6057,.T.);
#6073 = ORIENTED_EDGE('',*,*,#4933,.T.);
#6074 = ORIENTED_EDGE('',*,*,#6075,.F.);
#6075 = EDGE_CURVE('',#6076,#4934,#6078,.T.);
#6076 = VERTEX_POINT('',#6077);
#6077 = CARTESIAN_POINT('',(-114.0157064626,9.,51.062023141313));
#6078 = LINE('',#6079,#6080);
#6079 = CARTESIAN_POINT('',(-114.0157064626,-21.55,51.062023141313));
#6080 = VECTOR('',#6081,1.);
#6081 = DIRECTION('',(0.,1.,0.));
#6082 = ORIENTED_EDGE('',*,*,#6083,.T.);
#6083 = EDGE_CURVE('',#6076,#6084,#6086,.T.);
#6084 = VERTEX_POINT('',#6085);
#6085 = CARTESIAN_POINT('',(-114.1343005585,9.,51.072599076405));
#6086 = LINE('',#6087,#6088);
#6087 = CARTESIAN_POINT('',(-107.0882313657,9.,50.444247640715));
#6088 = VECTOR('',#6089,1.);
#6089 = DIRECTION('',(-0.996047239752,0.,8.882508757571E-02));
#6090 = ORIENTED_EDGE('',*,*,#6091,.F.);
#6091 = EDGE_CURVE('',#6092,#6084,#6094,.T.);
#6092 = VERTEX_POINT('',#6093);
#6093 = CARTESIAN_POINT('',(-114.1343005585,-9.,51.072599076405));
#6094 = LINE('',#6095,#6096);
#6095 = CARTESIAN_POINT('',(-114.1343005585,-15.275,51.072599076405));
#6096 = VECTOR('',#6097,1.);
#6097 = DIRECTION('',(0.,1.,0.));
#6098 = ORIENTED_EDGE('',*,*,#6099,.F.);
#6099 = EDGE_CURVE('',#6100,#6092,#6102,.T.);
#6100 = VERTEX_POINT('',#6101);
#6101 = CARTESIAN_POINT('',(-114.0157064626,-9.,51.062023141313));
#6102 = LINE('',#6103,#6104);
#6103 = CARTESIAN_POINT('',(-107.0882313657,-9.,50.444247640715));
#6104 = VECTOR('',#6105,1.);
#6105 = DIRECTION('',(-0.996047239752,0.,8.882508757571E-02));
#6106 = ORIENTED_EDGE('',*,*,#6107,.F.);
#6107 = EDGE_CURVE('',#3909,#6100,#6108,.T.);
#6108 = LINE('',#6109,#6110);
#6109 = CARTESIAN_POINT('',(-114.0157064626,-21.55,51.062023141313));
#6110 = VECTOR('',#6111,1.);
#6111 = DIRECTION('',(0.,1.,0.));
#6112 = PLANE('',#6113);
#6113 = AXIS2_PLACEMENT_3D('',#6114,#6115,#6116);
#6114 = CARTESIAN_POINT('',(-114.7988957375,-21.55,51.131866069592));
#6115 = DIRECTION('',(-8.882508757571E-02,0.,-0.996047239752));
#6116 = DIRECTION('',(0.996047239752,0.,-8.882508757571E-02));
#6117 = ADVANCED_FACE('',(#6118),#6136,.T.);
#6118 = FACE_BOUND('',#6119,.T.);
#6119 = EDGE_LOOP('',(#6120,#6121,#6122,#6130));
#6120 = ORIENTED_EDGE('',*,*,#3916,.F.);
#6121 = ORIENTED_EDGE('',*,*,#6107,.T.);
#6122 = ORIENTED_EDGE('',*,*,#6123,.F.);
#6123 = EDGE_CURVE('',#6124,#6100,#6126,.T.);
#6124 = VERTEX_POINT('',#6125);
#6125 = CARTESIAN_POINT('',(-113.232190457,-9.,50.995946338751));
#6126 = LINE('',#6127,#6128);
#6127 = CARTESIAN_POINT('',(-106.7072170235,-9.,50.445671196707));
#6128 = VECTOR('',#6129,1.);
#6129 = DIRECTION('',(-0.996462770548,0.,8.403539082528E-02));
#6130 = ORIENTED_EDGE('',*,*,#6131,.F.);
#6131 = EDGE_CURVE('',#3917,#6124,#6132,.T.);
#6132 = LINE('',#6133,#6134);
#6133 = CARTESIAN_POINT('',(-113.232190457,-21.55,50.995946338751));
#6134 = VECTOR('',#6135,1.);
#6135 = DIRECTION('',(0.,1.,0.));
#6136 = PLANE('',#6137);
#6137 = AXIS2_PLACEMENT_3D('',#6138,#6139,#6140);
#6138 = CARTESIAN_POINT('',(-114.0157064626,-21.55,51.062023141313));
#6139 = DIRECTION('',(-8.403539082528E-02,0.,-0.996462770548));
#6140 = DIRECTION('',(0.996462770548,0.,-8.403539082528E-02));
#6141 = ADVANCED_FACE('',(#6142),#6160,.T.);
#6142 = FACE_BOUND('',#6143,.T.);
#6143 = EDGE_LOOP('',(#6144,#6145,#6146,#6154));
#6144 = ORIENTED_EDGE('',*,*,#3924,.F.);
#6145 = ORIENTED_EDGE('',*,*,#6131,.T.);
#6146 = ORIENTED_EDGE('',*,*,#6147,.F.);
#6147 = EDGE_CURVE('',#6148,#6124,#6150,.T.);
#6148 = VERTEX_POINT('',#6149);
#6149 = CARTESIAN_POINT('',(-112.4483658307,-9.,50.933637189196));
#6150 = LINE('',#6151,#6152);
#6151 = CARTESIAN_POINT('',(-106.3265380738,-9.,50.446990216825));
#6152 = VECTOR('',#6153,1.);
#6153 = DIRECTION('',(-0.996855269243,0.,7.924375169247E-02));
#6154 = ORIENTED_EDGE('',*,*,#6155,.F.);
#6155 = EDGE_CURVE('',#3925,#6148,#6156,.T.);
#6156 = LINE('',#6157,#6158);
#6157 = CARTESIAN_POINT('',(-112.4483658307,-21.55,50.933637189196));
#6158 = VECTOR('',#6159,1.);
#6159 = DIRECTION('',(0.,1.,0.));
#6160 = PLANE('',#6161);
#6161 = AXIS2_PLACEMENT_3D('',#6162,#6163,#6164);
#6162 = CARTESIAN_POINT('',(-113.232190457,-21.55,50.995946338751));
#6163 = DIRECTION('',(-7.924375169247E-02,0.,-0.996855269243));
#6164 = DIRECTION('',(0.996855269243,0.,-7.924375169247E-02));
#6165 = ADVANCED_FACE('',(#6166),#6184,.T.);
#6166 = FACE_BOUND('',#6167,.T.);
#6167 = EDGE_LOOP('',(#6168,#6169,#6170,#6178));
#6168 = ORIENTED_EDGE('',*,*,#3932,.F.);
#6169 = ORIENTED_EDGE('',*,*,#6155,.T.);
#6170 = ORIENTED_EDGE('',*,*,#6171,.F.);
#6171 = EDGE_CURVE('',#6172,#6148,#6174,.T.);
#6172 = VERTEX_POINT('',#6173);
#6173 = CARTESIAN_POINT('',(-111.6642507009,-9.,50.875097132853));
#6174 = LINE('',#6175,#6176);
#6175 = CARTESIAN_POINT('',(-105.9461753771,-9.,50.448200062597));
#6176 = VECTOR('',#6177,1.);
#6177 = DIRECTION('',(-0.997224726764,0.,7.445028093061E-02));
#6178 = ORIENTED_EDGE('',*,*,#6179,.F.);
#6179 = EDGE_CURVE('',#3933,#6172,#6180,.T.);
#6180 = LINE('',#6181,#6182);
#6181 = CARTESIAN_POINT('',(-111.6642507009,-21.55,50.875097132853));
#6182 = VECTOR('',#6183,1.);
#6183 = DIRECTION('',(0.,1.,0.));
#6184 = PLANE('',#6185);
#6185 = AXIS2_PLACEMENT_3D('',#6186,#6187,#6188);
#6186 = CARTESIAN_POINT('',(-112.4483658307,-21.55,50.933637189196));
#6187 = DIRECTION('',(-7.445028093061E-02,0.,-0.997224726764));
#6188 = DIRECTION('',(0.997224726764,0.,-7.445028093061E-02));
#6189 = ADVANCED_FACE('',(#6190),#6208,.T.);
#6190 = FACE_BOUND('',#6191,.T.);
#6191 = EDGE_LOOP('',(#6192,#6193,#6194,#6202));
#6192 = ORIENTED_EDGE('',*,*,#3940,.F.);
#6193 = ORIENTED_EDGE('',*,*,#6179,.T.);
#6194 = ORIENTED_EDGE('',*,*,#6195,.F.);
#6195 = EDGE_CURVE('',#6196,#6172,#6198,.T.);
#6196 = VERTEX_POINT('',#6197);
#6197 = CARTESIAN_POINT('',(-110.8798631917,-9.,50.820327522808));
#6198 = LINE('',#6199,#6200);
#6199 = CARTESIAN_POINT('',(-105.5661097435,-9.,50.449296366924));
#6200 = VECTOR('',#6201,1.);
#6201 = DIRECTION('',(-0.997571134571,0.,6.96550893353E-02));
#6202 = ORIENTED_EDGE('',*,*,#6203,.F.);
#6203 = EDGE_CURVE('',#3941,#6196,#6204,.T.);
#6204 = LINE('',#6205,#6206);
#6205 = CARTESIAN_POINT('',(-110.8798631917,-21.55,50.820327522808));
#6206 = VECTOR('',#6207,1.);
#6207 = DIRECTION('',(0.,1.,0.));
#6208 = PLANE('',#6209);
#6209 = AXIS2_PLACEMENT_3D('',#6210,#6211,#6212);
#6210 = CARTESIAN_POINT('',(-111.6642507009,-21.55,50.875097132853));
#6211 = DIRECTION('',(-6.96550893353E-02,0.,-0.997571134571));
#6212 = DIRECTION('',(0.997571134571,0.,-6.96550893353E-02));
#6213 = ADVANCED_FACE('',(#6214),#6232,.T.);
#6214 = FACE_BOUND('',#6215,.T.);
#6215 = EDGE_LOOP('',(#6216,#6217,#6218,#6226));
#6216 = ORIENTED_EDGE('',*,*,#3948,.F.);
#6217 = ORIENTED_EDGE('',*,*,#6203,.T.);
#6218 = ORIENTED_EDGE('',*,*,#6219,.F.);
#6219 = EDGE_CURVE('',#6220,#6196,#6222,.T.);
#6220 = VERTEX_POINT('',#6221);
#6221 = CARTESIAN_POINT('',(-110.0952214331,-9.,50.769329624999));
#6222 = LINE('',#6223,#6224);
#6223 = CARTESIAN_POINT('',(-105.1863219359,-9.,50.45027503458));
#6224 = VECTOR('',#6225,1.);
#6225 = DIRECTION('',(-0.997894484658,0.,6.485828774199E-02));
#6226 = ORIENTED_EDGE('',*,*,#6227,.F.);
#6227 = EDGE_CURVE('',#3949,#6220,#6228,.T.);
#6228 = LINE('',#6229,#6230);
#6229 = CARTESIAN_POINT('',(-110.0952214331,-21.55,50.769329624999));
#6230 = VECTOR('',#6231,1.);
#6231 = DIRECTION('',(0.,1.,0.));
#6232 = PLANE('',#6233);
#6233 = AXIS2_PLACEMENT_3D('',#6234,#6235,#6236);
#6234 = CARTESIAN_POINT('',(-110.8798631917,-21.55,50.820327522808));
#6235 = DIRECTION('',(-6.485828774199E-02,0.,-0.997894484658));
#6236 = DIRECTION('',(0.997894484658,0.,-6.485828774199E-02));
#6237 = ADVANCED_FACE('',(#6238),#6256,.T.);
#6238 = FACE_BOUND('',#6239,.T.);
#6239 = EDGE_LOOP('',(#6240,#6241,#6242,#6250));
#6240 = ORIENTED_EDGE('',*,*,#3956,.F.);
#6241 = ORIENTED_EDGE('',*,*,#6227,.T.);
#6242 = ORIENTED_EDGE('',*,*,#6243,.F.);
#6243 = EDGE_CURVE('',#6244,#6220,#6246,.T.);
#6244 = VERTEX_POINT('',#6245);
#6245 = CARTESIAN_POINT('',(-109.3103435613,-9.,50.722104618184));
#6246 = LINE('',#6247,#6248);
#6247 = CARTESIAN_POINT('',(-104.8067926728,-9.,50.451132242683));
#6248 = VECTOR('',#6249,1.);
#6249 = DIRECTION('',(-0.998194769551,0.,6.005998702326E-02));
#6250 = ORIENTED_EDGE('',*,*,#6251,.F.);
#6251 = EDGE_CURVE('',#3957,#6244,#6252,.T.);
#6252 = LINE('',#6253,#6254);
#6253 = CARTESIAN_POINT('',(-109.3103435613,-21.55,50.722104618184));
#6254 = VECTOR('',#6255,1.);
#6255 = DIRECTION('',(0.,1.,0.));
#6256 = PLANE('',#6257);
#6257 = AXIS2_PLACEMENT_3D('',#6258,#6259,#6260);
#6258 = CARTESIAN_POINT('',(-110.0952214331,-21.55,50.769329624999));
#6259 = DIRECTION('',(-6.005998702326E-02,0.,-0.998194769551));
#6260 = DIRECTION('',(0.998194769551,0.,-6.005998702326E-02));
#6261 = ADVANCED_FACE('',(#6262),#6280,.T.);
#6262 = FACE_BOUND('',#6263,.T.);
#6263 = EDGE_LOOP('',(#6264,#6265,#6266,#6274));
#6264 = ORIENTED_EDGE('',*,*,#3964,.F.);
#6265 = ORIENTED_EDGE('',*,*,#6251,.T.);
#6266 = ORIENTED_EDGE('',*,*,#6267,.F.);
#6267 = EDGE_CURVE('',#6268,#6244,#6270,.T.);
#6268 = VERTEX_POINT('',#6269);
#6269 = CARTESIAN_POINT('',(-108.5252477178,-9.,50.678653593915));
#6270 = LINE('',#6271,#6272);
#6271 = CARTESIAN_POINT('',(-104.4275026317,-9.,50.451864441137));
#6272 = VECTOR('',#6273,1.);
#6273 = DIRECTION('',(-0.998471982309,0.,5.526029808631E-02));
#6274 = ORIENTED_EDGE('',*,*,#6275,.F.);
#6275 = EDGE_CURVE('',#3965,#6268,#6276,.T.);
#6276 = LINE('',#6277,#6278);
#6277 = CARTESIAN_POINT('',(-108.5252477178,-21.55,50.678653593915));
#6278 = VECTOR('',#6279,1.);
#6279 = DIRECTION('',(0.,1.,0.));
#6280 = PLANE('',#6281);
#6281 = AXIS2_PLACEMENT_3D('',#6282,#6283,#6284);
#6282 = CARTESIAN_POINT('',(-109.3103435613,-21.55,50.722104618184));
#6283 = DIRECTION('',(-5.526029808631E-02,0.,-0.998471982309));
#6284 = DIRECTION('',(0.998471982309,0.,-5.526029808631E-02));
#6285 = ADVANCED_FACE('',(#6286),#6304,.T.);
#6286 = FACE_BOUND('',#6287,.T.);
#6287 = EDGE_LOOP('',(#6288,#6289,#6290,#6298));
#6288 = ORIENTED_EDGE('',*,*,#3972,.F.);
#6289 = ORIENTED_EDGE('',*,*,#6275,.T.);
#6290 = ORIENTED_EDGE('',*,*,#6291,.F.);
#6291 = EDGE_CURVE('',#6292,#6268,#6294,.T.);
#6292 = VERTEX_POINT('',#6293);
#6293 = CARTESIAN_POINT('',(-107.7399520493,-9.,50.638977556514));
#6294 = LINE('',#6295,#6296);
#6295 = CARTESIAN_POINT('',(-104.0484324517,-9.,50.452468353038));
#6296 = VECTOR('',#6297,1.);
#6297 = DIRECTION('',(-0.998726116524,0.,5.045933187053E-02));
#6298 = ORIENTED_EDGE('',*,*,#6299,.F.);
#6299 = EDGE_CURVE('',#3973,#6292,#6300,.T.);
#6300 = LINE('',#6301,#6302);
#6301 = CARTESIAN_POINT('',(-107.7399520493,-21.55,50.638977556514));
#6302 = VECTOR('',#6303,1.);
#6303 = DIRECTION('',(0.,1.,0.));
#6304 = PLANE('',#6305);
#6305 = AXIS2_PLACEMENT_3D('',#6306,#6307,#6308);
#6306 = CARTESIAN_POINT('',(-108.5252477178,-21.55,50.678653593915));
#6307 = DIRECTION('',(-5.045933187053E-02,0.,-0.998726116524));
#6308 = DIRECTION('',(0.998726116524,0.,-5.045933187053E-02));
#6309 = ADVANCED_FACE('',(#6310),#6328,.T.);
#6310 = FACE_BOUND('',#6311,.T.);
#6311 = EDGE_LOOP('',(#6312,#6313,#6314,#6322));
#6312 = ORIENTED_EDGE('',*,*,#3980,.F.);
#6313 = ORIENTED_EDGE('',*,*,#6299,.T.);
#6314 = ORIENTED_EDGE('',*,*,#6315,.F.);
#6315 = EDGE_CURVE('',#6316,#6292,#6318,.T.);
#6316 = VERTEX_POINT('',#6317);
#6317 = CARTESIAN_POINT('',(-106.954474707,-9.,50.603077423046));
#6318 = LINE('',#6319,#6320);
#6319 = CARTESIAN_POINT('',(-103.6695627369,-9.,50.452940975053));
#6320 = VECTOR('',#6321,1.);
#6321 = DIRECTION('',(-0.998957166323,0.,4.565719934476E-02));
#6322 = ORIENTED_EDGE('',*,*,#6323,.F.);
#6323 = EDGE_CURVE('',#3981,#6316,#6324,.T.);
#6324 = LINE('',#6325,#6326);
#6325 = CARTESIAN_POINT('',(-106.954474707,-21.55,50.603077423046));
#6326 = VECTOR('',#6327,1.);
#6327 = DIRECTION('',(0.,1.,0.));
#6328 = PLANE('',#6329);
#6329 = AXIS2_PLACEMENT_3D('',#6330,#6331,#6332);
#6330 = CARTESIAN_POINT('',(-107.7399520493,-21.55,50.638977556514));
#6331 = DIRECTION('',(-4.565719934476E-02,0.,-0.998957166323));
#6332 = DIRECTION('',(0.998957166323,0.,-4.565719934476E-02));
#6333 = ADVANCED_FACE('',(#6334),#6352,.T.);
#6334 = FACE_BOUND('',#6335,.T.);
#6335 = EDGE_LOOP('',(#6336,#6337,#6338,#6346));
#6336 = ORIENTED_EDGE('',*,*,#3988,.F.);
#6337 = ORIENTED_EDGE('',*,*,#6323,.T.);
#6338 = ORIENTED_EDGE('',*,*,#6339,.F.);
#6339 = EDGE_CURVE('',#6340,#6316,#6342,.T.);
#6340 = VERTEX_POINT('',#6341);
#6341 = CARTESIAN_POINT('',(-106.1688338463,-9.,50.570954023302));
#6342 = LINE('',#6343,#6344);
#6343 = CARTESIAN_POINT('',(-103.2908740593,-9.,50.453279577762));
#6344 = VECTOR('',#6345,1.);
#6345 = DIRECTION('',(-0.999165126365,0.,4.085401150493E-02));
#6346 = ORIENTED_EDGE('',*,*,#6347,.F.);
#6347 = EDGE_CURVE('',#3989,#6340,#6348,.T.);
#6348 = LINE('',#6349,#6350);
#6349 = CARTESIAN_POINT('',(-106.1688338463,-21.55,50.570954023302));
#6350 = VECTOR('',#6351,1.);
#6351 = DIRECTION('',(0.,1.,0.));
#6352 = PLANE('',#6353);
#6353 = AXIS2_PLACEMENT_3D('',#6354,#6355,#6356);
#6354 = CARTESIAN_POINT('',(-106.954474707,-21.55,50.603077423046));
#6355 = DIRECTION('',(-4.085401150493E-02,0.,-0.999165126365));
#6356 = DIRECTION('',(0.999165126365,0.,-4.085401150493E-02));
#6357 = ADVANCED_FACE('',(#6358),#6376,.T.);
#6358 = FACE_BOUND('',#6359,.T.);
#6359 = EDGE_LOOP('',(#6360,#6361,#6362,#6370));
#6360 = ORIENTED_EDGE('',*,*,#3996,.F.);
#6361 = ORIENTED_EDGE('',*,*,#6347,.T.);
#6362 = ORIENTED_EDGE('',*,*,#6363,.F.);
#6363 = EDGE_CURVE('',#6364,#6340,#6366,.T.);
#6364 = VERTEX_POINT('',#6365);
#6365 = CARTESIAN_POINT('',(-105.3830476263,-9.,50.542608099779));
#6366 = LINE('',#6367,#6368);
#6367 = CARTESIAN_POINT('',(-102.9123469618,-9.,50.45348170598));
#6368 = VECTOR('',#6369,1.);
#6369 = DIRECTION('',(-0.999349991843,0.,3.604987937105E-02));
#6370 = ORIENTED_EDGE('',*,*,#6371,.F.);
#6371 = EDGE_CURVE('',#3997,#6364,#6372,.T.);
#6372 = LINE('',#6373,#6374);
#6373 = CARTESIAN_POINT('',(-105.3830476263,-21.55,50.542608099779));
#6374 = VECTOR('',#6375,1.);
#6375 = DIRECTION('',(0.,1.,0.));
#6376 = PLANE('',#6377);
#6377 = AXIS2_PLACEMENT_3D('',#6378,#6379,#6380);
#6378 = CARTESIAN_POINT('',(-106.1688338463,-21.55,50.570954023302));
#6379 = DIRECTION('',(-3.604987937105E-02,0.,-0.999349991843));
#6380 = DIRECTION('',(0.999349991843,0.,-3.604987937105E-02));
#6381 = ADVANCED_FACE('',(#6382),#6400,.T.);
#6382 = FACE_BOUND('',#6383,.T.);
#6383 = EDGE_LOOP('',(#6384,#6385,#6386,#6394));
#6384 = ORIENTED_EDGE('',*,*,#4004,.F.);
#6385 = ORIENTED_EDGE('',*,*,#6371,.T.);
#6386 = ORIENTED_EDGE('',*,*,#6387,.F.);
#6387 = EDGE_CURVE('',#6388,#6364,#6390,.T.);
#6388 = VERTEX_POINT('',#6389);
#6389 = CARTESIAN_POINT('',(-104.5971342096,-9.,50.51804030766));
#6390 = LINE('',#6391,#6392);
#6391 = CARTESIAN_POINT('',(-102.5339619615,-9.,50.45354517903));
#6392 = VECTOR('',#6393,1.);
#6393 = DIRECTION('',(-0.999511758485,0.,3.124491398533E-02));
#6394 = ORIENTED_EDGE('',*,*,#6395,.F.);
#6395 = EDGE_CURVE('',#4005,#6388,#6396,.T.);
#6396 = LINE('',#6397,#6398);
#6397 = CARTESIAN_POINT('',(-104.5971342096,-21.55,50.51804030766));
#6398 = VECTOR('',#6399,1.);
#6399 = DIRECTION('',(0.,1.,0.));
#6400 = PLANE('',#6401);
#6401 = AXIS2_PLACEMENT_3D('',#6402,#6403,#6404);
#6402 = CARTESIAN_POINT('',(-105.3830476263,-21.55,50.542608099779));
#6403 = DIRECTION('',(-3.124491398533E-02,0.,-0.999511758485));
#6404 = DIRECTION('',(0.999511758485,0.,-3.124491398533E-02));
#6405 = ADVANCED_FACE('',(#6406),#6424,.T.);
#6406 = FACE_BOUND('',#6407,.T.);
#6407 = EDGE_LOOP('',(#6408,#6409,#6410,#6418));
#6408 = ORIENTED_EDGE('',*,*,#4012,.F.);
#6409 = ORIENTED_EDGE('',*,*,#6395,.T.);
#6410 = ORIENTED_EDGE('',*,*,#6411,.F.);
#6411 = EDGE_CURVE('',#6412,#6388,#6414,.T.);
#6412 = VERTEX_POINT('',#6413);
#6413 = CARTESIAN_POINT('',(-103.8111117618,-9.,50.4972512148));
#6414 = LINE('',#6415,#6416);
#6415 = CARTESIAN_POINT('',(-102.1556995524,-9.,50.453468091005));
#6416 = VECTOR('',#6417,1.);
#6417 = DIRECTION('',(-0.999650422551,0.,2.643922640899E-02));
#6418 = ORIENTED_EDGE('',*,*,#6419,.F.);
#6419 = EDGE_CURVE('',#4013,#6412,#6420,.T.);
#6420 = LINE('',#6421,#6422);
#6421 = CARTESIAN_POINT('',(-103.8111117618,-21.55,50.4972512148));
#6422 = VECTOR('',#6423,1.);
#6423 = DIRECTION('',(0.,1.,0.));
#6424 = PLANE('',#6425);
#6425 = AXIS2_PLACEMENT_3D('',#6426,#6427,#6428);
#6426 = CARTESIAN_POINT('',(-104.5971342096,-21.55,50.51804030766));
#6427 = DIRECTION('',(-2.643922640899E-02,0.,-0.999650422551));
#6428 = DIRECTION('',(0.999650422551,0.,-2.643922640899E-02));
#6429 = ADVANCED_FACE('',(#6430),#6448,.T.);
#6430 = FACE_BOUND('',#6431,.T.);
#6431 = EDGE_LOOP('',(#6432,#6433,#6434,#6442));
#6432 = ORIENTED_EDGE('',*,*,#4020,.F.);
#6433 = ORIENTED_EDGE('',*,*,#6419,.T.);
#6434 = ORIENTED_EDGE('',*,*,#6435,.F.);
#6435 = EDGE_CURVE('',#6436,#6412,#6438,.T.);
#6436 = VERTEX_POINT('',#6437);
#6437 = CARTESIAN_POINT('',(-103.0249984508,-9.,50.480241301718));
#6438 = LINE('',#6439,#6440);
#6439 = CARTESIAN_POINT('',(-101.7775402089,-9.,50.453248810978));
#6440 = VECTOR('',#6441,1.);
#6441 = DIRECTION('',(-0.999765980837,0.,2.163292772007E-02));
#6442 = ORIENTED_EDGE('',*,*,#6443,.F.);
#6443 = EDGE_CURVE('',#4021,#6436,#6444,.T.);
#6444 = LINE('',#6445,#6446);
#6445 = CARTESIAN_POINT('',(-103.0249984508,-21.55,50.480241301718));
#6446 = VECTOR('',#6447,1.);
#6447 = DIRECTION('',(0.,1.,0.));
#6448 = PLANE('',#6449);
#6449 = AXIS2_PLACEMENT_3D('',#6450,#6451,#6452);
#6450 = CARTESIAN_POINT('',(-103.8111117618,-21.55,50.4972512148));
#6451 = DIRECTION('',(-2.163292772007E-02,0.,-0.999765980837));
#6452 = DIRECTION('',(0.999765980837,0.,-2.163292772007E-02));
#6453 = ADVANCED_FACE('',(#6454),#6472,.T.);
#6454 = FACE_BOUND('',#6455,.T.);
#6455 = EDGE_LOOP('',(#6456,#6457,#6458,#6466));
#6456 = ORIENTED_EDGE('',*,*,#4028,.F.);
#6457 = ORIENTED_EDGE('',*,*,#6443,.T.);
#6458 = ORIENTED_EDGE('',*,*,#6459,.F.);
#6459 = EDGE_CURVE('',#6460,#6436,#6462,.T.);
#6460 = VERTEX_POINT('',#6461);
#6461 = CARTESIAN_POINT('',(-102.2388124467,-9.,50.467010961577));
#6462 = LINE('',#6463,#6464);
#6463 = CARTESIAN_POINT('',(-101.3994643884,-9.,50.452885983199));
#6464 = VECTOR('',#6465,1.);
#6465 = DIRECTION('',(-0.99985843067,0.,1.682612901069E-02));
#6466 = ORIENTED_EDGE('',*,*,#6467,.F.);
#6467 = EDGE_CURVE('',#4029,#6460,#6468,.T.);
#6468 = LINE('',#6469,#6470);
#6469 = CARTESIAN_POINT('',(-102.2388124467,-21.55,50.467010961577));
#6470 = VECTOR('',#6471,1.);
#6471 = DIRECTION('',(0.,1.,0.));
#6472 = PLANE('',#6473);
#6473 = AXIS2_PLACEMENT_3D('',#6474,#6475,#6476);
#6474 = CARTESIAN_POINT('',(-103.0249984508,-21.55,50.480241301718));
#6475 = DIRECTION('',(-1.682612901069E-02,0.,-0.99985843067));
#6476 = DIRECTION('',(0.99985843067,0.,-1.682612901069E-02));
#6477 = ADVANCED_FACE('',(#6478),#6496,.T.);
#6478 = FACE_BOUND('',#6479,.T.);
#6479 = EDGE_LOOP('',(#6480,#6481,#6482,#6490));
#6480 = ORIENTED_EDGE('',*,*,#4036,.F.);
#6481 = ORIENTED_EDGE('',*,*,#6467,.T.);
#6482 = ORIENTED_EDGE('',*,*,#6483,.F.);
#6483 = EDGE_CURVE('',#6484,#6460,#6486,.T.);
#6484 = VERTEX_POINT('',#6485);
#6485 = CARTESIAN_POINT('',(-101.4525719213,-9.,50.457560500181));
#6486 = LINE('',#6487,#6488);
#6487 = CARTESIAN_POINT('',(-101.0214525347,-9.,50.452378527248));
#6488 = VECTOR('',#6489,1.);
#6489 = DIRECTION('',(-0.999927769915,0.,1.201894138448E-02));
#6490 = ORIENTED_EDGE('',*,*,#6491,.F.);
#6491 = EDGE_CURVE('',#4037,#6484,#6492,.T.);
#6492 = LINE('',#6493,#6494);
#6493 = CARTESIAN_POINT('',(-101.4525719213,-21.55,50.457560500181));
#6494 = VECTOR('',#6495,1.);
#6495 = DIRECTION('',(0.,1.,0.));
#6496 = PLANE('',#6497);
#6497 = AXIS2_PLACEMENT_3D('',#6498,#6499,#6500);
#6498 = CARTESIAN_POINT('',(-102.2388124467,-21.55,50.467010961577));
#6499 = DIRECTION('',(-1.201894138448E-02,0.,-0.999927769915));
#6500 = DIRECTION('',(0.999927769915,0.,-1.201894138448E-02));
#6501 = ADVANCED_FACE('',(#6502),#6520,.T.);
#6502 = FACE_BOUND('',#6503,.T.);
#6503 = EDGE_LOOP('',(#6504,#6505,#6506,#6514));
#6504 = ORIENTED_EDGE('',*,*,#4044,.F.);
#6505 = ORIENTED_EDGE('',*,*,#6491,.T.);
#6506 = ORIENTED_EDGE('',*,*,#6507,.F.);
#6507 = EDGE_CURVE('',#6508,#6484,#6510,.T.);
#6508 = VERTEX_POINT('',#6509);
#6509 = CARTESIAN_POINT('',(-100.6662950478,-9.,50.451890135967));
#6510 = LINE('',#6511,#6512);
#6511 = CARTESIAN_POINT('',(-100.6434850809,-9.,50.451725638162));
#6512 = VECTOR('',#6513,1.);
#6513 = DIRECTION('',(-0.999973996969,0.,7.211475954173E-03));
#6514 = ORIENTED_EDGE('',*,*,#6515,.F.);
#6515 = EDGE_CURVE('',#4045,#6508,#6516,.T.);
#6516 = LINE('',#6517,#6518);
#6517 = CARTESIAN_POINT('',(-100.6662950478,-21.55,50.451890135967));
#6518 = VECTOR('',#6519,1.);
#6519 = DIRECTION('',(0.,1.,0.));
#6520 = PLANE('',#6521);
#6521 = AXIS2_PLACEMENT_3D('',#6522,#6523,#6524);
#6522 = CARTESIAN_POINT('',(-101.4525719213,-21.55,50.457560500181));
#6523 = DIRECTION('',(-7.211475954173E-03,0.,-0.999973996969));
#6524 = DIRECTION('',(0.999973996969,0.,-7.211475954173E-03));
#6525 = ADVANCED_FACE('',(#6526),#6544,.T.);
#6526 = FACE_BOUND('',#6527,.T.);
#6527 = EDGE_LOOP('',(#6528,#6529,#6530,#6538));
#6528 = ORIENTED_EDGE('',*,*,#4052,.F.);
#6529 = ORIENTED_EDGE('',*,*,#6515,.T.);
#6530 = ORIENTED_EDGE('',*,*,#6531,.F.);
#6531 = EDGE_CURVE('',#6532,#6508,#6534,.T.);
#6532 = VERTEX_POINT('',#6533);
#6533 = CARTESIAN_POINT('',(-99.88,-9.,50.45));
#6534 = LINE('',#6535,#6536);
#6535 = CARTESIAN_POINT('',(-100.2655424527,-9.,50.450926786527));
#6536 = VECTOR('',#6537,1.);
#6537 = DIRECTION('',(-0.999997110763,0.,2.40384383874E-03));
#6538 = ORIENTED_EDGE('',*,*,#6539,.F.);
#6539 = EDGE_CURVE('',#4053,#6532,#6540,.T.);
#6540 = LINE('',#6541,#6542);
#6541 = CARTESIAN_POINT('',(-99.88,-21.55,50.45));
#6542 = VECTOR('',#6543,1.);
#6543 = DIRECTION('',(0.,1.,0.));
#6544 = PLANE('',#6545);
#6545 = AXIS2_PLACEMENT_3D('',#6546,#6547,#6548);
#6546 = CARTESIAN_POINT('',(-100.6662950478,-21.55,50.451890135967));
#6547 = DIRECTION('',(-2.40384383874E-03,0.,-0.999997110763));
#6548 = DIRECTION('',(0.999997110763,0.,-2.40384383874E-03));
#6549 = ADVANCED_FACE('',(#6550),#6568,.T.);
#6550 = FACE_BOUND('',#6551,.T.);
#6551 = EDGE_LOOP('',(#6552,#6553,#6554,#6562));
#6552 = ORIENTED_EDGE('',*,*,#4060,.F.);
#6553 = ORIENTED_EDGE('',*,*,#6539,.T.);
#6554 = ORIENTED_EDGE('',*,*,#6555,.F.);
#6555 = EDGE_CURVE('',#6556,#6532,#6558,.T.);
#6556 = VERTEX_POINT('',#6557);
#6557 = CARTESIAN_POINT('',(-99.09370495214,-9.,50.451890135967));
#6558 = LINE('',#6559,#6560);
#6559 = CARTESIAN_POINT('',(-99.88760507115,-9.,50.449981718544));
#6560 = VECTOR('',#6561,1.);
#6561 = DIRECTION('',(-0.999997110763,0.,-2.40384383874E-03));
#6562 = ORIENTED_EDGE('',*,*,#6563,.F.);
#6563 = EDGE_CURVE('',#4061,#6556,#6564,.T.);
#6564 = LINE('',#6565,#6566);
#6565 = CARTESIAN_POINT('',(-99.09370495214,-21.55,50.451890135967));
#6566 = VECTOR('',#6567,1.);
#6567 = DIRECTION('',(0.,1.,0.));
#6568 = PLANE('',#6569);
#6569 = AXIS2_PLACEMENT_3D('',#6570,#6571,#6572);
#6570 = CARTESIAN_POINT('',(-99.88,-21.55,50.45));
#6571 = DIRECTION('',(2.40384383874E-03,0.,-0.999997110763));
#6572 = DIRECTION('',(0.999997110763,0.,2.40384383874E-03));
#6573 = ADVANCED_FACE('',(#6574),#6592,.T.);
#6574 = FACE_BOUND('',#6575,.T.);
#6575 = EDGE_LOOP('',(#6576,#6577,#6578,#6586));
#6576 = ORIENTED_EDGE('',*,*,#4068,.F.);
#6577 = ORIENTED_EDGE('',*,*,#6563,.T.);
#6578 = ORIENTED_EDGE('',*,*,#6579,.F.);
#6579 = EDGE_CURVE('',#6580,#6556,#6582,.T.);
#6580 = VERTEX_POINT('',#6581);
#6581 = CARTESIAN_POINT('',(-98.3074280786,-9.,50.457560500181));
#6582 = LINE('',#6583,#6584);
#6583 = CARTESIAN_POINT('',(-99.50965335577,-9.,50.448890456056));
#6584 = VECTOR('',#6585,1.);
#6585 = DIRECTION('',(-0.999973996969,0.,-7.211475954173E-03));
#6586 = ORIENTED_EDGE('',*,*,#6587,.F.);
#6587 = EDGE_CURVE('',#4069,#6580,#6588,.T.);
#6588 = LINE('',#6589,#6590);
#6589 = CARTESIAN_POINT('',(-98.3074280786,-21.55,50.457560500181));
#6590 = VECTOR('',#6591,1.);
#6591 = DIRECTION('',(0.,1.,0.));
#6592 = PLANE('',#6593);
#6593 = AXIS2_PLACEMENT_3D('',#6594,#6595,#6596);
#6594 = CARTESIAN_POINT('',(-99.09370495214,-21.55,50.451890135967));
#6595 = DIRECTION('',(7.211475954173E-03,0.,-0.999973996969));
#6596 = DIRECTION('',(0.999973996969,0.,7.211475954173E-03));
#6597 = ADVANCED_FACE('',(#6598),#6616,.T.);
#6598 = FACE_BOUND('',#6599,.T.);
#6599 = EDGE_LOOP('',(#6600,#6601,#6602,#6610));
#6600 = ORIENTED_EDGE('',*,*,#4076,.F.);
#6601 = ORIENTED_EDGE('',*,*,#6587,.T.);
#6602 = ORIENTED_EDGE('',*,*,#6603,.F.);
#6603 = EDGE_CURVE('',#6604,#6580,#6606,.T.);
#6604 = VERTEX_POINT('',#6605);
#6605 = CARTESIAN_POINT('',(-97.52118755326,-9.,50.467010961577));
#6606 = LINE('',#6607,#6608);
#6607 = CARTESIAN_POINT('',(-99.13166772792,-9.,50.447653296551));
#6608 = VECTOR('',#6609,1.);
#6609 = DIRECTION('',(-0.999927769915,0.,-1.201894138448E-02));
#6610 = ORIENTED_EDGE('',*,*,#6611,.F.);
#6611 = EDGE_CURVE('',#4077,#6604,#6612,.T.);
#6612 = LINE('',#6613,#6614);
#6613 = CARTESIAN_POINT('',(-97.52118755326,-21.55,50.467010961577));
#6614 = VECTOR('',#6615,1.);
#6615 = DIRECTION('',(0.,1.,0.));
#6616 = PLANE('',#6617);
#6617 = AXIS2_PLACEMENT_3D('',#6618,#6619,#6620);
#6618 = CARTESIAN_POINT('',(-98.3074280786,-21.55,50.457560500181));
#6619 = DIRECTION('',(1.201894138448E-02,0.,-0.999927769915));
#6620 = DIRECTION('',(0.999927769915,0.,1.201894138448E-02));
#6621 = ADVANCED_FACE('',(#6622),#6640,.T.);
#6622 = FACE_BOUND('',#6623,.T.);
#6623 = EDGE_LOOP('',(#6624,#6625,#6626,#6634));
#6624 = ORIENTED_EDGE('',*,*,#4084,.F.);
#6625 = ORIENTED_EDGE('',*,*,#6611,.T.);
#6626 = ORIENTED_EDGE('',*,*,#6627,.F.);
#6627 = EDGE_CURVE('',#6628,#6604,#6630,.T.);
#6628 = VERTEX_POINT('',#6629);
#6629 = CARTESIAN_POINT('',(-96.73500154919,-9.,50.480241301718));
#6630 = LINE('',#6631,#6632);
#6631 = CARTESIAN_POINT('',(-98.75362861359,-9.,50.446270813128));
#6632 = VECTOR('',#6633,1.);
#6633 = DIRECTION('',(-0.99985843067,0.,-1.682612901069E-02));
#6634 = ORIENTED_EDGE('',*,*,#6635,.F.);
#6635 = EDGE_CURVE('',#4085,#6628,#6636,.T.);
#6636 = LINE('',#6637,#6638);
#6637 = CARTESIAN_POINT('',(-96.73500154919,-21.55,50.480241301718));
#6638 = VECTOR('',#6639,1.);
#6639 = DIRECTION('',(0.,1.,0.));
#6640 = PLANE('',#6641);
#6641 = AXIS2_PLACEMENT_3D('',#6642,#6643,#6644);
#6642 = CARTESIAN_POINT('',(-97.52118755326,-21.55,50.467010961577));
#6643 = DIRECTION('',(1.682612901069E-02,0.,-0.99985843067));
#6644 = DIRECTION('',(0.99985843067,0.,1.682612901069E-02));
#6645 = ADVANCED_FACE('',(#6646),#6664,.T.);
#6646 = FACE_BOUND('',#6647,.T.);
#6647 = EDGE_LOOP('',(#6648,#6649,#6650,#6658));
#6648 = ORIENTED_EDGE('',*,*,#4092,.F.);
#6649 = ORIENTED_EDGE('',*,*,#6635,.T.);
#6650 = ORIENTED_EDGE('',*,*,#6651,.F.);
#6651 = EDGE_CURVE('',#6652,#6628,#6654,.T.);
#6652 = VERTEX_POINT('',#6653);
#6653 = CARTESIAN_POINT('',(-95.94888823818,-9.,50.4972512148));
#6654 = LINE('',#6655,#6656);
#6655 = CARTESIAN_POINT('',(-98.37551644656,-9.,50.444743854436));
#6656 = VECTOR('',#6657,1.);
#6657 = DIRECTION('',(-0.999765980837,0.,-2.163292772008E-02));
#6658 = ORIENTED_EDGE('',*,*,#6659,.F.);
#6659 = EDGE_CURVE('',#4093,#6652,#6660,.T.);
#6660 = LINE('',#6661,#6662);
#6661 = CARTESIAN_POINT('',(-95.94888823818,-21.55,50.4972512148));
#6662 = VECTOR('',#6663,1.);
#6663 = DIRECTION('',(0.,1.,0.));
#6664 = PLANE('',#6665);
#6665 = AXIS2_PLACEMENT_3D('',#6666,#6667,#6668);
#6666 = CARTESIAN_POINT('',(-96.73500154919,-21.55,50.480241301718));
#6667 = DIRECTION('',(2.163292772008E-02,0.,-0.999765980837));
#6668 = DIRECTION('',(0.999765980837,0.,2.163292772008E-02));
#6669 = ADVANCED_FACE('',(#6670),#6688,.T.);
#6670 = FACE_BOUND('',#6671,.T.);
#6671 = EDGE_LOOP('',(#6672,#6673,#6674,#6682));
#6672 = ORIENTED_EDGE('',*,*,#4100,.F.);
#6673 = ORIENTED_EDGE('',*,*,#6659,.T.);
#6674 = ORIENTED_EDGE('',*,*,#6675,.F.);
#6675 = EDGE_CURVE('',#6676,#6652,#6678,.T.);
#6676 = VERTEX_POINT('',#6677);
#6677 = CARTESIAN_POINT('',(-95.16286579033,-9.,50.51804030766));
#6678 = LINE('',#6679,#6680);
#6679 = CARTESIAN_POINT('',(-97.99731167145,-9.,50.443073544575));
#6680 = VECTOR('',#6681,1.);
#6681 = DIRECTION('',(-0.999650422551,0.,-2.643922640899E-02));
#6682 = ORIENTED_EDGE('',*,*,#6683,.F.);
#6683 = EDGE_CURVE('',#4101,#6676,#6684,.T.);
#6684 = LINE('',#6685,#6686);
#6685 = CARTESIAN_POINT('',(-95.16286579033,-21.55,50.51804030766));
#6686 = VECTOR('',#6687,1.);
#6687 = DIRECTION('',(0.,1.,0.));
#6688 = PLANE('',#6689);
#6689 = AXIS2_PLACEMENT_3D('',#6690,#6691,#6692);
#6690 = CARTESIAN_POINT('',(-95.94888823818,-21.55,50.4972512148));
#6691 = DIRECTION('',(2.643922640899E-02,0.,-0.999650422551));
#6692 = DIRECTION('',(0.999650422551,0.,2.643922640899E-02));
#6693 = ADVANCED_FACE('',(#6694),#6712,.T.);
#6694 = FACE_BOUND('',#6695,.T.);
#6695 = EDGE_LOOP('',(#6696,#6697,#6698,#6706));
#6696 = ORIENTED_EDGE('',*,*,#4108,.F.);
#6697 = ORIENTED_EDGE('',*,*,#6683,.T.);
#6698 = ORIENTED_EDGE('',*,*,#6699,.F.);
#6699 = EDGE_CURVE('',#6700,#6676,#6702,.T.);
#6700 = VERTEX_POINT('',#6701);
#6701 = CARTESIAN_POINT('',(-94.37695237367,-9.,50.542608099779));
#6702 = LINE('',#6703,#6704);
#6703 = CARTESIAN_POINT('',(-97.6189947468,-9.,50.441261282971));
#6704 = VECTOR('',#6705,1.);
#6705 = DIRECTION('',(-0.999511758485,0.,-3.124491398533E-02));
#6706 = ORIENTED_EDGE('',*,*,#6707,.F.);
#6707 = EDGE_CURVE('',#4109,#6700,#6708,.T.);
#6708 = LINE('',#6709,#6710);
#6709 = CARTESIAN_POINT('',(-94.37695237367,-21.55,50.542608099779));
#6710 = VECTOR('',#6711,1.);
#6711 = DIRECTION('',(0.,1.,0.));
#6712 = PLANE('',#6713);
#6713 = AXIS2_PLACEMENT_3D('',#6714,#6715,#6716);
#6714 = CARTESIAN_POINT('',(-95.16286579033,-21.55,50.51804030766));
#6715 = DIRECTION('',(3.124491398533E-02,0.,-0.999511758485));
#6716 = DIRECTION('',(0.999511758485,0.,3.124491398533E-02));
#6717 = ADVANCED_FACE('',(#6718),#6736,.T.);
#6718 = FACE_BOUND('',#6719,.T.);
#6719 = EDGE_LOOP('',(#6720,#6721,#6722,#6730));
#6720 = ORIENTED_EDGE('',*,*,#4116,.F.);
#6721 = ORIENTED_EDGE('',*,*,#6707,.T.);
#6722 = ORIENTED_EDGE('',*,*,#6723,.F.);
#6723 = EDGE_CURVE('',#6724,#6700,#6726,.T.);
#6724 = VERTEX_POINT('',#6725);
#6725 = CARTESIAN_POINT('',(-93.59116615369,-9.,50.570954023302));
#6726 = LINE('',#6727,#6728);
#6727 = CARTESIAN_POINT('',(-97.24054614814,-9.,50.439308744218));
#6728 = VECTOR('',#6729,1.);
#6729 = DIRECTION('',(-0.999349991843,0.,-3.604987937105E-02));
#6730 = ORIENTED_EDGE('',*,*,#6731,.F.);
#6731 = EDGE_CURVE('',#4117,#6724,#6732,.T.);
#6732 = LINE('',#6733,#6734);
#6733 = CARTESIAN_POINT('',(-93.59116615369,-21.55,50.570954023302));
#6734 = VECTOR('',#6735,1.);
#6735 = DIRECTION('',(0.,1.,0.));
#6736 = PLANE('',#6737);
#6737 = AXIS2_PLACEMENT_3D('',#6738,#6739,#6740);
#6738 = CARTESIAN_POINT('',(-94.37695237367,-21.55,50.542608099779));
#6739 = DIRECTION('',(3.604987937105E-02,0.,-0.999349991843));
#6740 = DIRECTION('',(0.999349991843,0.,3.604987937105E-02));
#6741 = ADVANCED_FACE('',(#6742),#6760,.T.);
#6742 = FACE_BOUND('',#6743,.T.);
#6743 = EDGE_LOOP('',(#6744,#6745,#6746,#6754));
#6744 = ORIENTED_EDGE('',*,*,#4124,.F.);
#6745 = ORIENTED_EDGE('',*,*,#6731,.T.);
#6746 = ORIENTED_EDGE('',*,*,#6747,.F.);
#6747 = EDGE_CURVE('',#6748,#6724,#6750,.T.);
#6748 = VERTEX_POINT('',#6749);
#6749 = CARTESIAN_POINT('',(-92.80552529293,-9.,50.603077423046));
#6750 = LINE('',#6751,#6752);
#6751 = CARTESIAN_POINT('',(-96.86194637104,-9.,50.437217877891));
#6752 = VECTOR('',#6753,1.);
#6753 = DIRECTION('',(-0.999165126365,0.,-4.085401150493E-02));
#6754 = ORIENTED_EDGE('',*,*,#6755,.F.);
#6755 = EDGE_CURVE('',#4125,#6748,#6756,.T.);
#6756 = LINE('',#6757,#6758);
#6757 = CARTESIAN_POINT('',(-92.80552529293,-21.55,50.603077423046));
#6758 = VECTOR('',#6759,1.);
#6759 = DIRECTION('',(0.,1.,0.));
#6760 = PLANE('',#6761);
#6761 = AXIS2_PLACEMENT_3D('',#6762,#6763,#6764);
#6762 = CARTESIAN_POINT('',(-93.59116615369,-21.55,50.570954023302));
#6763 = DIRECTION('',(4.085401150493E-02,0.,-0.999165126365));
#6764 = DIRECTION('',(0.999165126365,0.,4.085401150493E-02));
#6765 = ADVANCED_FACE('',(#6766),#6784,.T.);
#6766 = FACE_BOUND('',#6767,.T.);
#6767 = EDGE_LOOP('',(#6768,#6769,#6770,#6778));
#6768 = ORIENTED_EDGE('',*,*,#4132,.F.);
#6769 = ORIENTED_EDGE('',*,*,#6755,.T.);
#6770 = ORIENTED_EDGE('',*,*,#6771,.F.);
#6771 = EDGE_CURVE('',#6772,#6748,#6774,.T.);
#6772 = VERTEX_POINT('',#6773);
#6773 = CARTESIAN_POINT('',(-92.0200479506,-9.,50.638977556514));
#6774 = LINE('',#6775,#6776);
#6775 = CARTESIAN_POINT('',(-96.4831759342,-9.,50.434990908319));
#6776 = VECTOR('',#6777,1.);
#6777 = DIRECTION('',(-0.998957166323,0.,-4.565719934476E-02));
#6778 = ORIENTED_EDGE('',*,*,#6779,.F.);
#6779 = EDGE_CURVE('',#4133,#6772,#6780,.T.);
#6780 = LINE('',#6781,#6782);
#6781 = CARTESIAN_POINT('',(-92.0200479506,-21.55,50.638977556514));
#6782 = VECTOR('',#6783,1.);
#6783 = DIRECTION('',(0.,1.,0.));
#6784 = PLANE('',#6785);
#6785 = AXIS2_PLACEMENT_3D('',#6786,#6787,#6788);
#6786 = CARTESIAN_POINT('',(-92.80552529293,-21.55,50.603077423046));
#6787 = DIRECTION('',(4.565719934476E-02,0.,-0.998957166323));
#6788 = DIRECTION('',(0.998957166323,0.,4.565719934476E-02));
#6789 = ADVANCED_FACE('',(#6790),#6808,.T.);
#6790 = FACE_BOUND('',#6791,.T.);
#6791 = EDGE_LOOP('',(#6792,#6793,#6794,#6802));
#6792 = ORIENTED_EDGE('',*,*,#4140,.F.);
#6793 = ORIENTED_EDGE('',*,*,#6779,.T.);
#6794 = ORIENTED_EDGE('',*,*,#6795,.F.);
#6795 = EDGE_CURVE('',#6796,#6772,#6798,.T.);
#6796 = VERTEX_POINT('',#6797);
#6797 = CARTESIAN_POINT('',(-91.23475228211,-9.,50.678653593915));
#6798 = LINE('',#6799,#6800);
#6799 = CARTESIAN_POINT('',(-96.10421538247,-9.,50.432630334338));
#6800 = VECTOR('',#6801,1.);
#6801 = DIRECTION('',(-0.998726116524,0.,-5.045933187053E-02));
#6802 = ORIENTED_EDGE('',*,*,#6803,.F.);
#6803 = EDGE_CURVE('',#4141,#6796,#6804,.T.);
#6804 = LINE('',#6805,#6806);
#6805 = CARTESIAN_POINT('',(-91.23475228211,-21.55,50.678653593915));
#6806 = VECTOR('',#6807,1.);
#6807 = DIRECTION('',(0.,1.,0.));
#6808 = PLANE('',#6809);
#6809 = AXIS2_PLACEMENT_3D('',#6810,#6811,#6812);
#6810 = CARTESIAN_POINT('',(-92.0200479506,-21.55,50.638977556514));
#6811 = DIRECTION('',(5.045933187053E-02,0.,-0.998726116524));
#6812 = DIRECTION('',(0.998726116524,0.,5.045933187053E-02));
#6813 = ADVANCED_FACE('',(#6814),#6832,.T.);
#6814 = FACE_BOUND('',#6815,.T.);
#6815 = EDGE_LOOP('',(#6816,#6817,#6818,#6826));
#6816 = ORIENTED_EDGE('',*,*,#4148,.F.);
#6817 = ORIENTED_EDGE('',*,*,#6803,.T.);
#6818 = ORIENTED_EDGE('',*,*,#6819,.F.);
#6819 = EDGE_CURVE('',#6820,#6796,#6822,.T.);
#6820 = VERTEX_POINT('',#6821);
#6821 = CARTESIAN_POINT('',(-90.44965643867,-9.,50.722104618184));
#6822 = LINE('',#6823,#6824);
#6823 = CARTESIAN_POINT('',(-95.72504528994,-9.,50.430138929003));
#6824 = VECTOR('',#6825,1.);
#6825 = DIRECTION('',(-0.998471982309,0.,-5.526029808631E-02));
#6826 = ORIENTED_EDGE('',*,*,#6827,.F.);
#6827 = EDGE_CURVE('',#4149,#6820,#6828,.T.);
#6828 = LINE('',#6829,#6830);
#6829 = CARTESIAN_POINT('',(-90.44965643867,-21.55,50.722104618184));
#6830 = VECTOR('',#6831,1.);
#6831 = DIRECTION('',(0.,1.,0.));
#6832 = PLANE('',#6833);
#6833 = AXIS2_PLACEMENT_3D('',#6834,#6835,#6836);
#6834 = CARTESIAN_POINT('',(-91.23475228211,-21.55,50.678653593915));
#6835 = DIRECTION('',(5.526029808631E-02,0.,-0.998471982309));
#6836 = DIRECTION('',(0.998471982309,0.,5.526029808631E-02));
#6837 = ADVANCED_FACE('',(#6838),#6856,.T.);
#6838 = FACE_BOUND('',#6839,.T.);
#6839 = EDGE_LOOP('',(#6840,#6841,#6842,#6850));
#6840 = ORIENTED_EDGE('',*,*,#4156,.F.);
#6841 = ORIENTED_EDGE('',*,*,#6827,.T.);
#6842 = ORIENTED_EDGE('',*,*,#6843,.F.);
#6843 = EDGE_CURVE('',#6844,#6820,#6846,.T.);
#6844 = VERTEX_POINT('',#6845);
#6845 = CARTESIAN_POINT('',(-89.66477856687,-9.,50.769329624999));
#6846 = LINE('',#6847,#6848);
#6847 = CARTESIAN_POINT('',(-95.345646263,-9.,50.427519739275));
#6848 = VECTOR('',#6849,1.);
#6849 = DIRECTION('',(-0.998194769551,0.,-6.005998702326E-02));
#6850 = ORIENTED_EDGE('',*,*,#6851,.F.);
#6851 = EDGE_CURVE('',#4157,#6844,#6852,.T.);
#6852 = LINE('',#6853,#6854);
#6853 = CARTESIAN_POINT('',(-89.66477856687,-21.55,50.769329624999));
#6854 = VECTOR('',#6855,1.);
#6855 = DIRECTION('',(0.,1.,0.));
#6856 = PLANE('',#6857);
#6857 = AXIS2_PLACEMENT_3D('',#6858,#6859,#6860);
#6858 = CARTESIAN_POINT('',(-90.44965643867,-21.55,50.722104618184));
#6859 = DIRECTION('',(6.005998702326E-02,0.,-0.998194769551));
#6860 = DIRECTION('',(0.998194769551,0.,6.005998702326E-02));
#6861 = ADVANCED_FACE('',(#6862),#6880,.T.);
#6862 = FACE_BOUND('',#6863,.T.);
#6863 = EDGE_LOOP('',(#6864,#6865,#6866,#6874));
#6864 = ORIENTED_EDGE('',*,*,#4164,.F.);
#6865 = ORIENTED_EDGE('',*,*,#6851,.T.);
#6866 = ORIENTED_EDGE('',*,*,#6867,.F.);
#6867 = EDGE_CURVE('',#6868,#6844,#6870,.T.);
#6868 = VERTEX_POINT('',#6869);
#6869 = CARTESIAN_POINT('',(-88.88013680829,-9.,50.820327522808));
#6870 = LINE('',#6871,#6872);
#6871 = CARTESIAN_POINT('',(-94.96599894334,-9.,50.424776085675));
#6872 = VECTOR('',#6873,1.);
#6873 = DIRECTION('',(-0.997894484658,0.,-6.4858287742E-02));
#6874 = ORIENTED_EDGE('',*,*,#6875,.F.);
#6875 = EDGE_CURVE('',#4165,#6868,#6876,.T.);
#6876 = LINE('',#6877,#6878);
#6877 = CARTESIAN_POINT('',(-88.88013680829,-21.55,50.820327522808));
#6878 = VECTOR('',#6879,1.);
#6879 = DIRECTION('',(0.,1.,0.));
#6880 = PLANE('',#6881);
#6881 = AXIS2_PLACEMENT_3D('',#6882,#6883,#6884);
#6882 = CARTESIAN_POINT('',(-89.66477856687,-21.55,50.769329624999));
#6883 = DIRECTION('',(6.4858287742E-02,0.,-0.997894484658));
#6884 = DIRECTION('',(0.997894484658,0.,6.4858287742E-02));
#6885 = ADVANCED_FACE('',(#6886),#6904,.T.);
#6886 = FACE_BOUND('',#6887,.T.);
#6887 = EDGE_LOOP('',(#6888,#6889,#6890,#6898));
#6888 = ORIENTED_EDGE('',*,*,#4172,.F.);
#6889 = ORIENTED_EDGE('',*,*,#6875,.T.);
#6890 = ORIENTED_EDGE('',*,*,#6891,.F.);
#6891 = EDGE_CURVE('',#6892,#6868,#6894,.T.);
#6892 = VERTEX_POINT('',#6893);
#6893 = CARTESIAN_POINT('',(-88.09574929901,-9.,50.875097132853));
#6894 = LINE('',#6895,#6896);
#6895 = CARTESIAN_POINT('',(-94.58608401107,-9.,50.421911561902));
#6896 = VECTOR('',#6897,1.);
#6897 = DIRECTION('',(-0.997571134571,0.,-6.96550893353E-02));
#6898 = ORIENTED_EDGE('',*,*,#6899,.F.);
#6899 = EDGE_CURVE('',#4173,#6892,#6900,.T.);
#6900 = LINE('',#6901,#6902);
#6901 = CARTESIAN_POINT('',(-88.09574929901,-21.55,50.875097132853));
#6902 = VECTOR('',#6903,1.);
#6903 = DIRECTION('',(0.,1.,0.));
#6904 = PLANE('',#6905);
#6905 = AXIS2_PLACEMENT_3D('',#6906,#6907,#6908);
#6906 = CARTESIAN_POINT('',(-88.88013680829,-21.55,50.820327522808));
#6907 = DIRECTION('',(6.96550893353E-02,0.,-0.997571134571));
#6908 = DIRECTION('',(0.997571134571,0.,6.96550893353E-02));
#6909 = ADVANCED_FACE('',(#6910),#6928,.T.);
#6910 = FACE_BOUND('',#6911,.T.);
#6911 = EDGE_LOOP('',(#6912,#6913,#6914,#6922));
#6912 = ORIENTED_EDGE('',*,*,#4180,.F.);
#6913 = ORIENTED_EDGE('',*,*,#6899,.T.);
#6914 = ORIENTED_EDGE('',*,*,#6915,.F.);
#6915 = EDGE_CURVE('',#6916,#6892,#6918,.T.);
#6916 = VERTEX_POINT('',#6917);
#6917 = CARTESIAN_POINT('',(-87.31163416926,-9.,50.933637189196));
#6918 = LINE('',#6919,#6920);
#6919 = CARTESIAN_POINT('',(-94.20588218772,-9.,50.418930034425));
#6920 = VECTOR('',#6921,1.);
#6921 = DIRECTION('',(-0.997224726764,0.,-7.445028093061E-02));
#6922 = ORIENTED_EDGE('',*,*,#6923,.F.);
#6923 = EDGE_CURVE('',#4181,#6916,#6924,.T.);
#6924 = LINE('',#6925,#6926);
#6925 = CARTESIAN_POINT('',(-87.31163416926,-21.55,50.933637189196));
#6926 = VECTOR('',#6927,1.);
#6927 = DIRECTION('',(0.,1.,0.));
#6928 = PLANE('',#6929);
#6929 = AXIS2_PLACEMENT_3D('',#6930,#6931,#6932);
#6930 = CARTESIAN_POINT('',(-88.09574929901,-21.55,50.875097132853));
#6931 = DIRECTION('',(7.445028093061E-02,0.,-0.997224726764));
#6932 = DIRECTION('',(0.997224726764,0.,7.445028093061E-02));
#6933 = ADVANCED_FACE('',(#6934),#6952,.T.);
#6934 = FACE_BOUND('',#6935,.T.);
#6935 = EDGE_LOOP('',(#6936,#6937,#6938,#6946));
#6936 = ORIENTED_EDGE('',*,*,#4188,.F.);
#6937 = ORIENTED_EDGE('',*,*,#6923,.T.);
#6938 = ORIENTED_EDGE('',*,*,#6939,.F.);
#6939 = EDGE_CURVE('',#6940,#6916,#6942,.T.);
#6940 = VERTEX_POINT('',#6941);
#6941 = CARTESIAN_POINT('',(-86.52780954297,-9.,50.995946338751));
#6942 = LINE('',#6943,#6944);
#6943 = CARTESIAN_POINT('',(-93.82537423928,-9.,50.415835642047));
#6944 = VECTOR('',#6945,1.);
#6945 = DIRECTION('',(-0.996855269243,0.,-7.924375169247E-02));
#6946 = ORIENTED_EDGE('',*,*,#6947,.F.);
#6947 = EDGE_CURVE('',#4189,#6940,#6948,.T.);
#6948 = LINE('',#6949,#6950);
#6949 = CARTESIAN_POINT('',(-86.52780954297,-21.55,50.995946338751));
#6950 = VECTOR('',#6951,1.);
#6951 = DIRECTION('',(0.,1.,0.));
#6952 = PLANE('',#6953);
#6953 = AXIS2_PLACEMENT_3D('',#6954,#6955,#6956);
#6954 = CARTESIAN_POINT('',(-87.31163416926,-21.55,50.933637189196));
#6955 = DIRECTION('',(7.924375169247E-02,0.,-0.996855269243));
#6956 = DIRECTION('',(0.996855269243,0.,7.924375169247E-02));
#6957 = ADVANCED_FACE('',(#6958),#6976,.T.);
#6958 = FACE_BOUND('',#6959,.T.);
#6959 = EDGE_LOOP('',(#6960,#6961,#6962,#6970));
#6960 = ORIENTED_EDGE('',*,*,#4196,.F.);
#6961 = ORIENTED_EDGE('',*,*,#6947,.T.);
#6962 = ORIENTED_EDGE('',*,*,#6963,.F.);
#6963 = EDGE_CURVE('',#6964,#6940,#6966,.T.);
#6964 = VERTEX_POINT('',#6965);
#6965 = CARTESIAN_POINT('',(-85.74429353735,-9.,51.062023141313));
#6966 = LINE('',#6967,#6968);
#6967 = CARTESIAN_POINT('',(-93.44454097924,-9.,50.412632795426));
#6968 = VECTOR('',#6969,1.);
#6969 = DIRECTION('',(-0.996462770548,0.,-8.403539082525E-02));
#6970 = ORIENTED_EDGE('',*,*,#6971,.F.);
#6971 = EDGE_CURVE('',#4197,#6964,#6972,.T.);
#6972 = LINE('',#6973,#6974);
#6973 = CARTESIAN_POINT('',(-85.74429353735,-21.55,51.062023141313));
#6974 = VECTOR('',#6975,1.);
#6975 = DIRECTION('',(0.,1.,0.));
#6976 = PLANE('',#6977);
#6977 = AXIS2_PLACEMENT_3D('',#6978,#6979,#6980);
#6978 = CARTESIAN_POINT('',(-86.52780954297,-21.55,50.995946338751));
#6979 = DIRECTION('',(8.403539082525E-02,0.,-0.996462770548));
#6980 = DIRECTION('',(0.996462770548,0.,8.403539082525E-02));
#6981 = ADVANCED_FACE('',(#6982),#7023,.T.);
#6982 = FACE_BOUND('',#6983,.T.);
#6983 = EDGE_LOOP('',(#6984,#6985,#6986,#6994,#7002,#7010,#7016,#7017));
#6984 = ORIENTED_EDGE('',*,*,#4204,.F.);
#6985 = ORIENTED_EDGE('',*,*,#6971,.T.);
#6986 = ORIENTED_EDGE('',*,*,#6987,.F.);
#6987 = EDGE_CURVE('',#6988,#6964,#6990,.T.);
#6988 = VERTEX_POINT('',#6989);
#6989 = CARTESIAN_POINT('',(-85.62569944144,-9.,51.072599076404));
#6990 = LINE('',#6991,#6992);
#6991 = CARTESIAN_POINT('',(-93.06336327165,-9.,50.409326176575));
#6992 = VECTOR('',#6993,1.);
#6993 = DIRECTION('',(-0.996047239752,0.,-8.882508757574E-02));
#6994 = ORIENTED_EDGE('',*,*,#6995,.F.);
#6995 = EDGE_CURVE('',#6996,#6988,#6998,.T.);
#6996 = VERTEX_POINT('',#6997);
#6997 = CARTESIAN_POINT('',(-85.62569944144,9.,51.072599076404));
#6998 = LINE('',#6999,#7000);
#6999 = CARTESIAN_POINT('',(-85.62569944144,-15.275,51.072599076404));
#7000 = VECTOR('',#7001,1.);
#7001 = DIRECTION('',(0.,-1.,-0.));
#7002 = ORIENTED_EDGE('',*,*,#7003,.T.);
#7003 = EDGE_CURVE('',#6996,#7004,#7006,.T.);
#7004 = VERTEX_POINT('',#7005);
#7005 = CARTESIAN_POINT('',(-85.74429353735,9.,51.062023141313));
#7006 = LINE('',#7007,#7008);
#7007 = CARTESIAN_POINT('',(-93.06336327165,9.,50.409326176575));
#7008 = VECTOR('',#7009,1.);
#7009 = DIRECTION('',(-0.996047239752,0.,-8.882508757574E-02));
#7010 = ORIENTED_EDGE('',*,*,#7011,.T.);
#7011 = EDGE_CURVE('',#7004,#5222,#7012,.T.);
#7012 = LINE('',#7013,#7014);
#7013 = CARTESIAN_POINT('',(-85.74429353735,-21.55,51.062023141313));
#7014 = VECTOR('',#7015,1.);
#7015 = DIRECTION('',(0.,1.,0.));
#7016 = ORIENTED_EDGE('',*,*,#5229,.T.);
#7017 = ORIENTED_EDGE('',*,*,#7018,.F.);
#7018 = EDGE_CURVE('',#4205,#5230,#7019,.T.);
#7019 = LINE('',#7020,#7021);
#7020 = CARTESIAN_POINT('',(-84.96110426248,-21.55,51.131866069592));
#7021 = VECTOR('',#7022,1.);
#7022 = DIRECTION('',(0.,1.,0.));
#7023 = PLANE('',#7024);
#7024 = AXIS2_PLACEMENT_3D('',#7025,#7026,#7027);
#7025 = CARTESIAN_POINT('',(-85.74429353735,-21.55,51.062023141313));
#7026 = DIRECTION('',(8.882508757574E-02,0.,-0.996047239752));
#7027 = DIRECTION('',(0.996047239752,0.,8.882508757574E-02));
#7028 = ADVANCED_FACE('',(#7029),#7040,.T.);
#7029 = FACE_BOUND('',#7030,.T.);
#7030 = EDGE_LOOP('',(#7031,#7032,#7033,#7039));
#7031 = ORIENTED_EDGE('',*,*,#7018,.T.);
#7032 = ORIENTED_EDGE('',*,*,#5237,.T.);
#7033 = ORIENTED_EDGE('',*,*,#7034,.F.);
#7034 = EDGE_CURVE('',#4213,#5238,#7035,.T.);
#7035 = LINE('',#7036,#7037);
#7036 = CARTESIAN_POINT('',(-84.17825982089,-21.55,51.205473509248));
#7037 = VECTOR('',#7038,1.);
#7038 = DIRECTION('',(0.,1.,0.));
#7039 = ORIENTED_EDGE('',*,*,#4212,.F.);
#7040 = PLANE('',#7041);
#7041 = AXIS2_PLACEMENT_3D('',#7042,#7043,#7044);
#7042 = CARTESIAN_POINT('',(-84.96110426248,-21.55,51.131866069592));
#7043 = DIRECTION('',(9.361273123551E-02,0.,-0.995608686458));
#7044 = DIRECTION('',(0.995608686458,0.,9.361273123551E-02));
#7045 = ADVANCED_FACE('',(#7046),#7057,.T.);
#7046 = FACE_BOUND('',#7047,.T.);
#7047 = EDGE_LOOP('',(#7048,#7049,#7050,#7056));
#7048 = ORIENTED_EDGE('',*,*,#7034,.T.);
#7049 = ORIENTED_EDGE('',*,*,#5245,.T.);
#7050 = ORIENTED_EDGE('',*,*,#7051,.F.);
#7051 = EDGE_CURVE('',#4221,#5246,#7052,.T.);
#7052 = LINE('',#7053,#7054);
#7053 = CARTESIAN_POINT('',(-83.39577830714,-21.55,51.28284375893));
#7054 = VECTOR('',#7055,1.);
#7055 = DIRECTION('',(0.,1.,0.));
#7056 = ORIENTED_EDGE('',*,*,#4220,.F.);
#7057 = PLANE('',#7058);
#7058 = AXIS2_PLACEMENT_3D('',#7059,#7060,#7061);
#7059 = CARTESIAN_POINT('',(-84.17825982089,-21.55,51.205473509248));
#7060 = DIRECTION('',(9.839821114367E-02,0.,-0.995147120804));
#7061 = DIRECTION('',(0.995147120804,0.,9.839821114367E-02));
#7062 = ADVANCED_FACE('',(#7063),#7074,.T.);
#7063 = FACE_BOUND('',#7064,.T.);
#7064 = EDGE_LOOP('',(#7065,#7066,#7067,#7073));
#7065 = ORIENTED_EDGE('',*,*,#7051,.T.);
#7066 = ORIENTED_EDGE('',*,*,#5253,.T.);
#7067 = ORIENTED_EDGE('',*,*,#7068,.F.);
#7068 = EDGE_CURVE('',#4229,#5254,#7069,.T.);
#7069 = LINE('',#7070,#7071);
#7070 = CARTESIAN_POINT('',(-82.6136778074,-21.55,51.363975030311));
#7071 = VECTOR('',#7072,1.);
#7072 = DIRECTION('',(0.,1.,0.));
#7073 = ORIENTED_EDGE('',*,*,#4228,.F.);
#7074 = PLANE('',#7075);
#7075 = AXIS2_PLACEMENT_3D('',#7076,#7077,#7078);
#7076 = CARTESIAN_POINT('',(-83.39577830714,-21.55,51.28284375893));
#7077 = DIRECTION('',(0.103181416689,0.,-0.994662553457));
#7078 = DIRECTION('',(0.994662553457,0.,0.103181416689));
#7079 = ADVANCED_FACE('',(#7080),#7091,.T.);
#7080 = FACE_BOUND('',#7081,.T.);
#7081 = EDGE_LOOP('',(#7082,#7083,#7084,#7090));
#7082 = ORIENTED_EDGE('',*,*,#7068,.T.);
#7083 = ORIENTED_EDGE('',*,*,#5261,.T.);
#7084 = ORIENTED_EDGE('',*,*,#7085,.F.);
#7085 = EDGE_CURVE('',#4237,#5262,#7086,.T.);
#7086 = LINE('',#7087,#7088);
#7087 = CARTESIAN_POINT('',(-81.83197639902,-21.55,51.448865448135));
#7088 = VECTOR('',#7089,1.);
#7089 = DIRECTION('',(0.,1.,0.));
#7090 = ORIENTED_EDGE('',*,*,#4236,.F.);
#7091 = PLANE('',#7092);
#7092 = AXIS2_PLACEMENT_3D('',#7093,#7094,#7095);
#7093 = CARTESIAN_POINT('',(-82.6136778074,-21.55,51.363975030311));
#7094 = DIRECTION('',(0.107962237314,0.,-0.994154995619));
#7095 = DIRECTION('',(0.994154995619,0.,0.107962237314));
#7096 = ADVANCED_FACE('',(#7097),#7108,.T.);
#7097 = FACE_BOUND('',#7098,.T.);
#7098 = EDGE_LOOP('',(#7099,#7100,#7101,#7107));
#7099 = ORIENTED_EDGE('',*,*,#7085,.T.);
#7100 = ORIENTED_EDGE('',*,*,#5269,.T.);
#7101 = ORIENTED_EDGE('',*,*,#7102,.F.);
#7102 = EDGE_CURVE('',#4245,#5270,#7103,.T.);
#7103 = LINE('',#7104,#7105);
#7104 = CARTESIAN_POINT('',(-81.05069215015,-21.55,51.537513050256));
#7105 = VECTOR('',#7106,1.);
#7106 = DIRECTION('',(0.,1.,0.));
#7107 = ORIENTED_EDGE('',*,*,#4244,.F.);
#7108 = PLANE('',#7109);
#7109 = AXIS2_PLACEMENT_3D('',#7110,#7111,#7112);
#7110 = CARTESIAN_POINT('',(-81.83197639902,-21.55,51.448865448135));
#7111 = DIRECTION('',(0.112740562514,0.,-0.993624459021));
#7112 = DIRECTION('',(0.993624459021,0.,0.112740562514));
#7113 = ADVANCED_FACE('',(#7114),#7125,.T.);
#7114 = FACE_BOUND('',#7115,.T.);
#7115 = EDGE_LOOP('',(#7116,#7117,#7118,#7124));
#7116 = ORIENTED_EDGE('',*,*,#7102,.T.);
#7117 = ORIENTED_EDGE('',*,*,#5277,.T.);
#7118 = ORIENTED_EDGE('',*,*,#7119,.F.);
#7119 = EDGE_CURVE('',#4253,#5278,#7120,.T.);
#7120 = LINE('',#7121,#7122);
#7121 = CARTESIAN_POINT('',(-80.26984311928,-21.55,51.629915787687));
#7122 = VECTOR('',#7123,1.);
#7123 = DIRECTION('',(0.,1.,0.));
#7124 = ORIENTED_EDGE('',*,*,#4252,.F.);
#7125 = PLANE('',#7126);
#7126 = AXIS2_PLACEMENT_3D('',#7127,#7128,#7129);
#7127 = CARTESIAN_POINT('',(-81.05069215015,-21.55,51.537513050256));
#7128 = DIRECTION('',(0.117516281845,0.,-0.993070955925));
#7129 = DIRECTION('',(0.993070955925,0.,0.117516281845));
#7130 = ADVANCED_FACE('',(#7131),#7142,.T.);
#7131 = FACE_BOUND('',#7132,.T.);
#7132 = EDGE_LOOP('',(#7133,#7134,#7135,#7141));
#7133 = ORIENTED_EDGE('',*,*,#7119,.T.);
#7134 = ORIENTED_EDGE('',*,*,#5285,.T.);
#7135 = ORIENTED_EDGE('',*,*,#7136,.F.);
#7136 = EDGE_CURVE('',#4261,#5286,#7137,.T.);
#7137 = LINE('',#7138,#7139);
#7138 = CARTESIAN_POINT('',(-79.48944735484,-21.55,51.726071524643));
#7139 = VECTOR('',#7140,1.);
#7140 = DIRECTION('',(0.,1.,0.));
#7141 = ORIENTED_EDGE('',*,*,#4260,.F.);
#7142 = PLANE('',#7143);
#7143 = AXIS2_PLACEMENT_3D('',#7144,#7145,#7146);
#7144 = CARTESIAN_POINT('',(-80.26984311928,-21.55,51.629915787687));
#7145 = DIRECTION('',(0.122289284921,0.,-0.992494499125));
#7146 = DIRECTION('',(0.992494499125,0.,0.122289284921));
#7147 = ADVANCED_FACE('',(#7148),#7159,.T.);
#7148 = FACE_BOUND('',#7149,.T.);
#7149 = EDGE_LOOP('',(#7150,#7151,#7152,#7158));
#7150 = ORIENTED_EDGE('',*,*,#7136,.T.);
#7151 = ORIENTED_EDGE('',*,*,#5293,.T.);
#7152 = ORIENTED_EDGE('',*,*,#7153,.F.);
#7153 = EDGE_CURVE('',#4269,#5294,#7154,.T.);
#7154 = LINE('',#7155,#7156);
#7155 = CARTESIAN_POINT('',(-78.7095228948,-21.55,51.825978038594));
#7156 = VECTOR('',#7157,1.);
#7157 = DIRECTION('',(0.,1.,0.));
#7158 = ORIENTED_EDGE('',*,*,#4268,.F.);
#7159 = PLANE('',#7160);
#7160 = AXIS2_PLACEMENT_3D('',#7161,#7162,#7163);
#7161 = CARTESIAN_POINT('',(-79.48944735484,-21.55,51.726071524643));
#7162 = DIRECTION('',(0.12705946142,0.,-0.991895101946));
#7163 = DIRECTION('',(0.991895101946,0.,0.12705946142));
#7164 = ADVANCED_FACE('',(#7165),#7176,.T.);
#7165 = FACE_BOUND('',#7166,.T.);
#7166 = EDGE_LOOP('',(#7167,#7168,#7169,#7175));
#7167 = ORIENTED_EDGE('',*,*,#7153,.T.);
#7168 = ORIENTED_EDGE('',*,*,#5301,.T.);
#7169 = ORIENTED_EDGE('',*,*,#7170,.F.);
#7170 = EDGE_CURVE('',#4277,#5302,#7171,.T.);
#7171 = LINE('',#7172,#7173);
#7172 = CARTESIAN_POINT('',(-77.93008776622,-21.55,51.929633020315));
#7173 = VECTOR('',#7174,1.);
#7174 = DIRECTION('',(0.,1.,0.));
#7175 = ORIENTED_EDGE('',*,*,#4276,.F.);
#7176 = PLANE('',#7177);
#7177 = AXIS2_PLACEMENT_3D('',#7178,#7179,#7180);
#7178 = CARTESIAN_POINT('',(-78.7095228948,-21.55,51.825978038594));
#7179 = DIRECTION('',(0.131826701083,0.,-0.991272778241));
#7180 = DIRECTION('',(0.991272778241,0.,0.131826701083));
#7181 = ADVANCED_FACE('',(#7182),#7193,.T.);
#7182 = FACE_BOUND('',#7183,.T.);
#7183 = EDGE_LOOP('',(#7184,#7185,#7186,#7192));
#7184 = ORIENTED_EDGE('',*,*,#7170,.T.);
#7185 = ORIENTED_EDGE('',*,*,#5309,.T.);
#7186 = ORIENTED_EDGE('',*,*,#7187,.F.);
#7187 = EDGE_CURVE('',#4285,#5310,#7188,.T.);
#7188 = LINE('',#7189,#7190);
#7189 = CARTESIAN_POINT('',(-77.15115998486,-21.55,52.037034073939));
#7190 = VECTOR('',#7191,1.);
#7191 = DIRECTION('',(0.,1.,0.));
#7192 = ORIENTED_EDGE('',*,*,#4284,.F.);
#7193 = PLANE('',#7194);
#7194 = AXIS2_PLACEMENT_3D('',#7195,#7196,#7197);
#7195 = CARTESIAN_POINT('',(-77.93008776622,-21.55,51.929633020315));
#7196 = DIRECTION('',(0.136590893723,0.,-0.990627542395));
#7197 = DIRECTION('',(0.990627542395,0.,0.136590893723));
#7198 = ADVANCED_FACE('',(#7199),#7210,.T.);
#7199 = FACE_BOUND('',#7200,.T.);
#7200 = EDGE_LOOP('',(#7201,#7202,#7203,#7209));
#7201 = ORIENTED_EDGE('',*,*,#7187,.T.);
#7202 = ORIENTED_EDGE('',*,*,#5317,.T.);
#7203 = ORIENTED_EDGE('',*,*,#7204,.F.);
#7204 = EDGE_CURVE('',#4293,#5318,#7205,.T.);
#7205 = LINE('',#7206,#7207);
#7206 = CARTESIAN_POINT('',(-76.37275755474,-21.55,52.148178717013));
#7207 = VECTOR('',#7208,1.);
#7208 = DIRECTION('',(0.,1.,0.));
#7209 = ORIENTED_EDGE('',*,*,#4292,.F.);
#7210 = PLANE('',#7211);
#7211 = AXIS2_PLACEMENT_3D('',#7212,#7213,#7214);
#7212 = CARTESIAN_POINT('',(-77.15115998486,-21.55,52.037034073939));
#7213 = DIRECTION('',(0.14135192922,0.,-0.989959409322));
#7214 = DIRECTION('',(0.989959409322,0.,0.14135192922));
#7215 = ADVANCED_FACE('',(#7216),#7227,.T.);
#7216 = FACE_BOUND('',#7217,.T.);
#7217 = EDGE_LOOP('',(#7218,#7219,#7220,#7226));
#7218 = ORIENTED_EDGE('',*,*,#7204,.T.);
#7219 = ORIENTED_EDGE('',*,*,#5325,.T.);
#7220 = ORIENTED_EDGE('',*,*,#7221,.F.);
#7221 = EDGE_CURVE('',#4301,#5326,#7222,.T.);
#7222 = LINE('',#7223,#7224);
#7223 = CARTESIAN_POINT('',(-75.59489846775,-21.55,52.263064380554));
#7224 = VECTOR('',#7225,1.);
#7225 = DIRECTION('',(0.,1.,0.));
#7226 = ORIENTED_EDGE('',*,*,#4300,.F.);
#7227 = PLANE('',#7228);
#7228 = AXIS2_PLACEMENT_3D('',#7229,#7230,#7231);
#7229 = CARTESIAN_POINT('',(-76.37275755474,-21.55,52.148178717013));
#7230 = DIRECTION('',(0.146109697528,0.,-0.989268394466));
#7231 = DIRECTION('',(0.989268394466,0.,0.146109697528));
#7232 = ADVANCED_FACE('',(#7233),#7244,.T.);
#7233 = FACE_BOUND('',#7234,.T.);
#7234 = EDGE_LOOP('',(#7235,#7236,#7237,#7243));
#7235 = ORIENTED_EDGE('',*,*,#7221,.T.);
#7236 = ORIENTED_EDGE('',*,*,#5333,.T.);
#7237 = ORIENTED_EDGE('',*,*,#7238,.F.);
#7238 = EDGE_CURVE('',#4309,#5334,#7239,.T.);
#7239 = LINE('',#7240,#7241);
#7240 = CARTESIAN_POINT('',(-74.81760070322,-21.55,52.381688409113));
#7241 = VECTOR('',#7242,1.);
#7242 = DIRECTION('',(0.,1.,0.));
#7243 = ORIENTED_EDGE('',*,*,#4308,.F.);
#7244 = PLANE('',#7245);
#7245 = AXIS2_PLACEMENT_3D('',#7246,#7247,#7248);
#7246 = CARTESIAN_POINT('',(-75.59489846775,-21.55,52.263064380554));
#7247 = DIRECTION('',(0.150864088676,0.,-0.988554513797));
#7248 = DIRECTION('',(0.988554513797,0.,0.150864088676));
#7249 = ADVANCED_FACE('',(#7250),#7261,.T.);
#7250 = FACE_BOUND('',#7251,.T.);
#7251 = EDGE_LOOP('',(#7252,#7253,#7254,#7260));
#7252 = ORIENTED_EDGE('',*,*,#7238,.T.);
#7253 = ORIENTED_EDGE('',*,*,#5341,.T.);
#7254 = ORIENTED_EDGE('',*,*,#7255,.F.);
#7255 = EDGE_CURVE('',#4317,#5342,#7256,.T.);
#7256 = LINE('',#7257,#7258);
#7257 = CARTESIAN_POINT('',(-77.13152445364,-21.55,67.303342368284));
#7258 = VECTOR('',#7259,1.);
#7259 = DIRECTION('',(0.,1.,0.));
#7260 = ORIENTED_EDGE('',*,*,#4316,.F.);
#7261 = PLANE('',#7262);
#7262 = AXIS2_PLACEMENT_3D('',#7263,#7264,#7265);
#7263 = CARTESIAN_POINT('',(-74.81760070322,-21.55,52.381688409113));
#7264 = DIRECTION('',(0.988189003919,-0.,0.153239983472));
#7265 = DIRECTION('',(-0.153239983472,0.,0.988189003919));
#7266 = ADVANCED_FACE('',(#7267),#7278,.T.);
#7267 = FACE_BOUND('',#7268,.T.);
#7268 = EDGE_LOOP('',(#7269,#7270,#7271,#7277));
#7269 = ORIENTED_EDGE('',*,*,#7255,.T.);
#7270 = ORIENTED_EDGE('',*,*,#5349,.T.);
#7271 = ORIENTED_EDGE('',*,*,#7272,.F.);
#7272 = EDGE_CURVE('',#4325,#5350,#7273,.T.);
#7273 = LINE('',#7274,#7275);
#7274 = CARTESIAN_POINT('',(-77.83705703172,-21.55,67.195670481769));
#7275 = VECTOR('',#7276,1.);
#7276 = DIRECTION('',(0.,1.,0.));
#7277 = ORIENTED_EDGE('',*,*,#4324,.F.);
#7278 = PLANE('',#7279);
#7279 = AXIS2_PLACEMENT_3D('',#7280,#7281,#7282);
#7280 = CARTESIAN_POINT('',(-77.13152445364,-21.55,67.303342368284));
#7281 = DIRECTION('',(-0.150864088676,0.,0.988554513797));
#7282 = DIRECTION('',(-0.988554513797,0.,-0.150864088676));
#7283 = ADVANCED_FACE('',(#7284),#7295,.T.);
#7284 = FACE_BOUND('',#7285,.T.);
#7285 = EDGE_LOOP('',(#7286,#7287,#7288,#7294));
#7286 = ORIENTED_EDGE('',*,*,#7272,.T.);
#7287 = ORIENTED_EDGE('',*,*,#5357,.T.);
#7288 = ORIENTED_EDGE('',*,*,#7289,.F.);
#7289 = EDGE_CURVE('',#4333,#5358,#7290,.T.);
#7290 = LINE('',#7291,#7292);
#7291 = CARTESIAN_POINT('',(-78.54309910732,-21.55,67.091391810092));
#7292 = VECTOR('',#7293,1.);
#7293 = DIRECTION('',(0.,1.,0.));
#7294 = ORIENTED_EDGE('',*,*,#4332,.F.);
#7295 = PLANE('',#7296);
#7296 = AXIS2_PLACEMENT_3D('',#7297,#7298,#7299);
#7297 = CARTESIAN_POINT('',(-77.83705703172,-21.55,67.195670481769));
#7298 = DIRECTION('',(-0.146109697528,0.,0.989268394466));
#7299 = DIRECTION('',(-0.989268394466,0.,-0.146109697528));
#7300 = ADVANCED_FACE('',(#7301),#7312,.T.);
#7301 = FACE_BOUND('',#7302,.T.);
#7302 = EDGE_LOOP('',(#7303,#7304,#7305,#7311));
#7303 = ORIENTED_EDGE('',*,*,#7289,.T.);
#7304 = ORIENTED_EDGE('',*,*,#5365,.T.);
#7305 = ORIENTED_EDGE('',*,*,#7306,.F.);
#7306 = EDGE_CURVE('',#4341,#5366,#7307,.T.);
#7307 = LINE('',#7308,#7309);
#7308 = CARTESIAN_POINT('',(-79.24963436107,-21.55,66.990508763536));
#7309 = VECTOR('',#7310,1.);
#7310 = DIRECTION('',(0.,1.,0.));
#7311 = ORIENTED_EDGE('',*,*,#4340,.F.);
#7312 = PLANE('',#7313);
#7313 = AXIS2_PLACEMENT_3D('',#7314,#7315,#7316);
#7314 = CARTESIAN_POINT('',(-78.54309910732,-21.55,67.091391810092));
#7315 = DIRECTION('',(-0.14135192922,0.,0.989959409322));
#7316 = DIRECTION('',(-0.989959409322,0.,-0.14135192922));
#7317 = ADVANCED_FACE('',(#7318),#7329,.T.);
#7318 = FACE_BOUND('',#7319,.T.);
#7319 = EDGE_LOOP('',(#7320,#7321,#7322,#7328));
#7320 = ORIENTED_EDGE('',*,*,#7306,.T.);
#7321 = ORIENTED_EDGE('',*,*,#5373,.T.);
#7322 = ORIENTED_EDGE('',*,*,#7323,.F.);
#7323 = EDGE_CURVE('',#4349,#5374,#7324,.T.);
#7324 = LINE('',#7325,#7326);
#7325 = CARTESIAN_POINT('',(-79.95664646222,-21.55,66.893023673897));
#7326 = VECTOR('',#7327,1.);
#7327 = DIRECTION('',(0.,1.,0.));
#7328 = ORIENTED_EDGE('',*,*,#4348,.F.);
#7329 = PLANE('',#7330);
#7330 = AXIS2_PLACEMENT_3D('',#7331,#7332,#7333);
#7331 = CARTESIAN_POINT('',(-79.24963436107,-21.55,66.990508763536));
#7332 = DIRECTION('',(-0.136590893723,0.,0.990627542395));
#7333 = DIRECTION('',(-0.990627542395,0.,-0.136590893723));
#7334 = ADVANCED_FACE('',(#7335),#7346,.T.);
#7335 = FACE_BOUND('',#7336,.T.);
#7336 = EDGE_LOOP('',(#7337,#7338,#7339,#7345));
#7337 = ORIENTED_EDGE('',*,*,#7323,.T.);
#7338 = ORIENTED_EDGE('',*,*,#5381,.T.);
#7339 = ORIENTED_EDGE('',*,*,#7340,.F.);
#7340 = EDGE_CURVE('',#4357,#5382,#7341,.T.);
#7341 = LINE('',#7342,#7343);
#7342 = CARTESIAN_POINT('',(-80.66411906899,-21.55,66.798938794432));
#7343 = VECTOR('',#7344,1.);
#7344 = DIRECTION('',(0.,1.,0.));
#7345 = ORIENTED_EDGE('',*,*,#4356,.F.);
#7346 = PLANE('',#7347);
#7347 = AXIS2_PLACEMENT_3D('',#7348,#7349,#7350);
#7348 = CARTESIAN_POINT('',(-79.95664646222,-21.55,66.893023673897));
#7349 = DIRECTION('',(-0.131826701083,0.,0.991272778241));
#7350 = DIRECTION('',(-0.991272778241,0.,-0.131826701083));
#7351 = ADVANCED_FACE('',(#7352),#7363,.T.);
#7352 = FACE_BOUND('',#7353,.T.);
#7353 = EDGE_LOOP('',(#7354,#7355,#7356,#7362));
#7354 = ORIENTED_EDGE('',*,*,#7340,.T.);
#7355 = ORIENTED_EDGE('',*,*,#5389,.T.);
#7356 = ORIENTED_EDGE('',*,*,#7357,.F.);
#7357 = EDGE_CURVE('',#4365,#5390,#7358,.T.);
#7358 = LINE('',#7359,#7360);
#7359 = CARTESIAN_POINT('',(-81.37203582896,-21.55,66.708256299806));
#7360 = VECTOR('',#7361,1.);
#7361 = DIRECTION('',(0.,1.,0.));
#7362 = ORIENTED_EDGE('',*,*,#4364,.F.);
#7363 = PLANE('',#7364);
#7364 = AXIS2_PLACEMENT_3D('',#7365,#7366,#7367);
#7365 = CARTESIAN_POINT('',(-80.66411906899,-21.55,66.798938794432));
#7366 = DIRECTION('',(-0.12705946142,0.,0.991895101946));
#7367 = DIRECTION('',(-0.991895101946,0.,-0.12705946142));
#7368 = ADVANCED_FACE('',(#7369),#7380,.T.);
#7369 = FACE_BOUND('',#7370,.T.);
#7370 = EDGE_LOOP('',(#7371,#7372,#7373,#7379));
#7371 = ORIENTED_EDGE('',*,*,#7357,.T.);
#7372 = ORIENTED_EDGE('',*,*,#5397,.T.);
#7373 = ORIENTED_EDGE('',*,*,#7374,.F.);
#7374 = EDGE_CURVE('',#4373,#5398,#7375,.T.);
#7375 = LINE('',#7376,#7377);
#7376 = CARTESIAN_POINT('',(-82.08038037943,-21.55,66.620978286042));
#7377 = VECTOR('',#7378,1.);
#7378 = DIRECTION('',(0.,1.,0.));
#7379 = ORIENTED_EDGE('',*,*,#4372,.F.);
#7380 = PLANE('',#7381);
#7381 = AXIS2_PLACEMENT_3D('',#7382,#7383,#7384);
#7382 = CARTESIAN_POINT('',(-81.37203582896,-21.55,66.708256299806));
#7383 = DIRECTION('',(-0.122289284921,0.,0.992494499125));
#7384 = DIRECTION('',(-0.992494499125,0.,-0.122289284921));
#7385 = ADVANCED_FACE('',(#7386),#7397,.T.);
#7386 = FACE_BOUND('',#7387,.T.);
#7387 = EDGE_LOOP('',(#7388,#7389,#7390,#7396));
#7388 = ORIENTED_EDGE('',*,*,#7374,.T.);
#7389 = ORIENTED_EDGE('',*,*,#5405,.T.);
#7390 = ORIENTED_EDGE('',*,*,#7391,.F.);
#7391 = EDGE_CURVE('',#4381,#5406,#7392,.T.);
#7392 = LINE('',#7393,#7394);
#7393 = CARTESIAN_POINT('',(-82.78913634784,-21.55,66.537106770471));
#7394 = VECTOR('',#7395,1.);
#7395 = DIRECTION('',(0.,1.,0.));
#7396 = ORIENTED_EDGE('',*,*,#4380,.F.);
#7397 = PLANE('',#7398);
#7398 = AXIS2_PLACEMENT_3D('',#7399,#7400,#7401);
#7399 = CARTESIAN_POINT('',(-82.08038037943,-21.55,66.620978286042));
#7400 = DIRECTION('',(-0.117516281845,0.,0.993070955925));
#7401 = DIRECTION('',(-0.993070955925,0.,-0.117516281845));
#7402 = ADVANCED_FACE('',(#7403),#7414,.T.);
#7403 = FACE_BOUND('',#7404,.T.);
#7404 = EDGE_LOOP('',(#7405,#7406,#7407,#7413));
#7405 = ORIENTED_EDGE('',*,*,#7391,.T.);
#7406 = ORIENTED_EDGE('',*,*,#5413,.T.);
#7407 = ORIENTED_EDGE('',*,*,#7408,.F.);
#7408 = EDGE_CURVE('',#4389,#5414,#7409,.T.);
#7409 = LINE('',#7410,#7411);
#7410 = CARTESIAN_POINT('',(-83.49828735209,-21.55,66.456643691688));
#7411 = VECTOR('',#7412,1.);
#7412 = DIRECTION('',(0.,1.,0.));
#7413 = ORIENTED_EDGE('',*,*,#4388,.F.);
#7414 = PLANE('',#7415);
#7415 = AXIS2_PLACEMENT_3D('',#7416,#7417,#7418);
#7416 = CARTESIAN_POINT('',(-82.78913634784,-21.55,66.537106770471));
#7417 = DIRECTION('',(-0.112740562514,0.,0.993624459021));
#7418 = DIRECTION('',(-0.993624459021,0.,-0.112740562514));
#7419 = ADVANCED_FACE('',(#7420),#7431,.T.);
#7420 = FACE_BOUND('',#7421,.T.);
#7421 = EDGE_LOOP('',(#7422,#7423,#7424,#7430));
#7422 = ORIENTED_EDGE('',*,*,#7408,.T.);
#7423 = ORIENTED_EDGE('',*,*,#5421,.T.);
#7424 = ORIENTED_EDGE('',*,*,#7425,.F.);
#7425 = EDGE_CURVE('',#4397,#5422,#7426,.T.);
#7426 = LINE('',#7427,#7428);
#7427 = CARTESIAN_POINT('',(-84.20781700097,-21.55,66.379590909505));
#7428 = VECTOR('',#7429,1.);
#7429 = DIRECTION('',(0.,1.,0.));
#7430 = ORIENTED_EDGE('',*,*,#4396,.F.);
#7431 = PLANE('',#7432);
#7432 = AXIS2_PLACEMENT_3D('',#7433,#7434,#7435);
#7433 = CARTESIAN_POINT('',(-83.49828735209,-21.55,66.456643691688));
#7434 = DIRECTION('',(-0.107962237314,0.,0.994154995619));
#7435 = DIRECTION('',(-0.994154995619,0.,-0.107962237314));
#7436 = ADVANCED_FACE('',(#7437),#7448,.T.);
#7437 = FACE_BOUND('',#7438,.T.);
#7438 = EDGE_LOOP('',(#7439,#7440,#7441,#7447));
#7439 = ORIENTED_EDGE('',*,*,#7425,.T.);
#7440 = ORIENTED_EDGE('',*,*,#5429,.T.);
#7441 = ORIENTED_EDGE('',*,*,#7442,.F.);
#7442 = EDGE_CURVE('',#4405,#5430,#7443,.T.);
#7443 = LINE('',#7444,#7445);
#7444 = CARTESIAN_POINT('',(-84.9177088945,-21.55,66.30595020491));
#7445 = VECTOR('',#7446,1.);
#7446 = DIRECTION('',(0.,1.,0.));
#7447 = ORIENTED_EDGE('',*,*,#4404,.F.);
#7448 = PLANE('',#7449);
#7449 = AXIS2_PLACEMENT_3D('',#7450,#7451,#7452);
#7450 = CARTESIAN_POINT('',(-84.20781700097,-21.55,66.379590909505));
#7451 = DIRECTION('',(-0.103181416689,0.,0.994662553457));
#7452 = DIRECTION('',(-0.994662553457,0.,-0.103181416689));
#7453 = ADVANCED_FACE('',(#7454),#7465,.T.);
#7454 = FACE_BOUND('',#7455,.T.);
#7455 = EDGE_LOOP('',(#7456,#7457,#7458,#7464));
#7456 = ORIENTED_EDGE('',*,*,#7442,.T.);
#7457 = ORIENTED_EDGE('',*,*,#5437,.T.);
#7458 = ORIENTED_EDGE('',*,*,#7459,.F.);
#7459 = EDGE_CURVE('',#4413,#5438,#7460,.T.);
#7460 = LINE('',#7461,#7462);
#7461 = CARTESIAN_POINT('',(-85.62794662435,-21.55,66.235723280024));
#7462 = VECTOR('',#7463,1.);
#7463 = DIRECTION('',(0.,1.,0.));
#7464 = ORIENTED_EDGE('',*,*,#4412,.F.);
#7465 = PLANE('',#7466);
#7466 = AXIS2_PLACEMENT_3D('',#7467,#7468,#7469);
#7467 = CARTESIAN_POINT('',(-84.9177088945,-21.55,66.30595020491));
#7468 = DIRECTION('',(-9.839821114366E-02,0.,0.995147120804));
#7469 = DIRECTION('',(-0.995147120804,0.,-9.839821114366E-02));
#7470 = ADVANCED_FACE('',(#7471),#7482,.T.);
#7471 = FACE_BOUND('',#7472,.T.);
#7472 = EDGE_LOOP('',(#7473,#7474,#7475,#7481));
#7473 = ORIENTED_EDGE('',*,*,#7459,.T.);
#7474 = ORIENTED_EDGE('',*,*,#5445,.T.);
#7475 = ORIENTED_EDGE('',*,*,#7476,.F.);
#7476 = EDGE_CURVE('',#4421,#5446,#7477,.T.);
#7477 = LINE('',#7478,#7479);
#7478 = CARTESIAN_POINT('',(-86.33851377417,-21.55,66.168911758062));
#7479 = VECTOR('',#7480,1.);
#7480 = DIRECTION('',(0.,1.,0.));
#7481 = ORIENTED_EDGE('',*,*,#4420,.F.);
#7482 = PLANE('',#7483);
#7483 = AXIS2_PLACEMENT_3D('',#7484,#7485,#7486);
#7484 = CARTESIAN_POINT('',(-85.62794662435,-21.55,66.235723280024));
#7485 = DIRECTION('',(-9.361273123547E-02,0.,0.995608686458));
#7486 = DIRECTION('',(-0.995608686458,0.,-9.361273123547E-02));
#7487 = ADVANCED_FACE('',(#7488),#7499,.T.);
#7488 = FACE_BOUND('',#7489,.T.);
#7489 = EDGE_LOOP('',(#7490,#7491,#7492,#7498));
#7490 = ORIENTED_EDGE('',*,*,#7476,.T.);
#7491 = ORIENTED_EDGE('',*,*,#5453,.T.);
#7492 = ORIENTED_EDGE('',*,*,#7493,.F.);
#7493 = EDGE_CURVE('',#4429,#5454,#7494,.T.);
#7494 = LINE('',#7495,#7496);
#7495 = CARTESIAN_POINT('',(-87.04939392002,-21.55,66.105517183295));
#7496 = VECTOR('',#7497,1.);
#7497 = DIRECTION('',(0.,1.,0.));
#7498 = ORIENTED_EDGE('',*,*,#4428,.F.);
#7499 = PLANE('',#7500);
#7500 = AXIS2_PLACEMENT_3D('',#7501,#7502,#7503);
#7501 = CARTESIAN_POINT('',(-86.33851377417,-21.55,66.168911758062));
#7502 = DIRECTION('',(-8.882508757576E-02,0.,0.996047239752));
#7503 = DIRECTION('',(-0.996047239752,0.,-8.882508757576E-02));
#7504 = ADVANCED_FACE('',(#7505),#7516,.T.);
#7505 = FACE_BOUND('',#7506,.T.);
#7506 = EDGE_LOOP('',(#7507,#7508,#7509,#7515));
#7507 = ORIENTED_EDGE('',*,*,#7493,.T.);
#7508 = ORIENTED_EDGE('',*,*,#5461,.T.);
#7509 = ORIENTED_EDGE('',*,*,#7510,.F.);
#7510 = EDGE_CURVE('',#4437,#5462,#7511,.T.);
#7511 = LINE('',#7512,#7513);
#7512 = CARTESIAN_POINT('',(-87.76057063072,-21.55,66.045541021019));
#7513 = VECTOR('',#7514,1.);
#7514 = DIRECTION('',(0.,1.,0.));
#7515 = ORIENTED_EDGE('',*,*,#4436,.F.);
#7516 = PLANE('',#7517);
#7517 = AXIS2_PLACEMENT_3D('',#7518,#7519,#7520);
#7518 = CARTESIAN_POINT('',(-87.04939392002,-21.55,66.105517183295));
#7519 = DIRECTION('',(-8.403539082525E-02,0.,0.996462770548));
#7520 = DIRECTION('',(-0.996462770548,0.,-8.403539082525E-02));
#7521 = ADVANCED_FACE('',(#7522),#7533,.T.);
#7522 = FACE_BOUND('',#7523,.T.);
#7523 = EDGE_LOOP('',(#7524,#7525,#7526,#7532));
#7524 = ORIENTED_EDGE('',*,*,#7510,.T.);
#7525 = ORIENTED_EDGE('',*,*,#5469,.T.);
#7526 = ORIENTED_EDGE('',*,*,#7527,.F.);
#7527 = EDGE_CURVE('',#4445,#5470,#7528,.T.);
#7528 = LINE('',#7529,#7530);
#7529 = CARTESIAN_POINT('',(-88.47202746821,-21.55,65.988984657512));
#7530 = VECTOR('',#7531,1.);
#7531 = DIRECTION('',(0.,1.,0.));
#7532 = ORIENTED_EDGE('',*,*,#4444,.F.);
#7533 = PLANE('',#7534);
#7534 = AXIS2_PLACEMENT_3D('',#7535,#7536,#7537);
#7535 = CARTESIAN_POINT('',(-87.76057063072,-21.55,66.045541021019));
#7536 = DIRECTION('',(-7.924375169248E-02,0.,0.996855269243));
#7537 = DIRECTION('',(-0.996855269243,0.,-7.924375169248E-02));
#7538 = ADVANCED_FACE('',(#7539),#7550,.T.);
#7539 = FACE_BOUND('',#7540,.T.);
#7540 = EDGE_LOOP('',(#7541,#7542,#7543,#7549));
#7541 = ORIENTED_EDGE('',*,*,#7527,.T.);
#7542 = ORIENTED_EDGE('',*,*,#5477,.T.);
#7543 = ORIENTED_EDGE('',*,*,#7544,.F.);
#7544 = EDGE_CURVE('',#4453,#5478,#7545,.T.);
#7545 = LINE('',#7546,#7547);
#7546 = CARTESIAN_POINT('',(-89.183747988,-21.55,65.935849400012));
#7547 = VECTOR('',#7548,1.);
#7548 = DIRECTION('',(0.,1.,0.));
#7549 = ORIENTED_EDGE('',*,*,#4452,.F.);
#7550 = PLANE('',#7551);
#7551 = AXIS2_PLACEMENT_3D('',#7552,#7553,#7554);
#7552 = CARTESIAN_POINT('',(-88.47202746821,-21.55,65.988984657512));
#7553 = DIRECTION('',(-7.445028093061E-02,0.,0.997224726764));
#7554 = DIRECTION('',(-0.997224726764,0.,-7.445028093061E-02));
#7555 = ADVANCED_FACE('',(#7556),#7567,.T.);
#7556 = FACE_BOUND('',#7557,.T.);
#7557 = EDGE_LOOP('',(#7558,#7559,#7560,#7566));
#7558 = ORIENTED_EDGE('',*,*,#7544,.T.);
#7559 = ORIENTED_EDGE('',*,*,#5485,.T.);
#7560 = ORIENTED_EDGE('',*,*,#7561,.F.);
#7561 = EDGE_CURVE('',#4461,#5486,#7562,.T.);
#7562 = LINE('',#7563,#7564);
#7563 = CARTESIAN_POINT('',(-89.89571573947,-21.55,65.886136476679));
#7564 = VECTOR('',#7565,1.);
#7565 = DIRECTION('',(0.,1.,0.));
#7566 = ORIENTED_EDGE('',*,*,#4460,.F.);
#7567 = PLANE('',#7568);
#7568 = AXIS2_PLACEMENT_3D('',#7569,#7570,#7571);
#7569 = CARTESIAN_POINT('',(-89.183747988,-21.55,65.935849400012));
#7570 = DIRECTION('',(-6.96550893353E-02,0.,0.997571134571));
#7571 = DIRECTION('',(-0.997571134571,0.,-6.96550893353E-02));
#7572 = ADVANCED_FACE('',(#7573),#7584,.T.);
#7573 = FACE_BOUND('',#7574,.T.);
#7574 = EDGE_LOOP('',(#7575,#7576,#7577,#7583));
#7575 = ORIENTED_EDGE('',*,*,#7561,.T.);
#7576 = ORIENTED_EDGE('',*,*,#5493,.T.);
#7577 = ORIENTED_EDGE('',*,*,#7578,.F.);
#7578 = EDGE_CURVE('',#4469,#5494,#7579,.T.);
#7579 = LINE('',#7580,#7581);
#7580 = CARTESIAN_POINT('',(-90.60791426629,-21.55,65.83984703657));
#7581 = VECTOR('',#7582,1.);
#7582 = DIRECTION('',(0.,1.,0.));
#7583 = ORIENTED_EDGE('',*,*,#4468,.F.);
#7584 = PLANE('',#7585);
#7585 = AXIS2_PLACEMENT_3D('',#7586,#7587,#7588);
#7586 = CARTESIAN_POINT('',(-89.89571573947,-21.55,65.886136476679));
#7587 = DIRECTION('',(-6.485828774202E-02,0.,0.997894484658));
#7588 = DIRECTION('',(-0.997894484658,0.,-6.485828774202E-02));
#7589 = ADVANCED_FACE('',(#7590),#7601,.T.);
#7590 = FACE_BOUND('',#7591,.T.);
#7591 = EDGE_LOOP('',(#7592,#7593,#7594,#7600));
#7592 = ORIENTED_EDGE('',*,*,#7578,.T.);
#7593 = ORIENTED_EDGE('',*,*,#5501,.T.);
#7594 = ORIENTED_EDGE('',*,*,#7595,.F.);
#7595 = EDGE_CURVE('',#4477,#5502,#7596,.T.);
#7596 = LINE('',#7597,#7598);
#7597 = CARTESIAN_POINT('',(-91.32032710682,-21.55,65.796982149614));
#7598 = VECTOR('',#7599,1.);
#7599 = DIRECTION('',(0.,1.,0.));
#7600 = ORIENTED_EDGE('',*,*,#4476,.F.);
#7601 = PLANE('',#7602);
#7602 = AXIS2_PLACEMENT_3D('',#7603,#7604,#7605);
#7603 = CARTESIAN_POINT('',(-90.60791426629,-21.55,65.83984703657));
#7604 = DIRECTION('',(-6.005998702325E-02,0.,0.998194769551));
#7605 = DIRECTION('',(-0.998194769551,0.,-6.005998702325E-02));
#7606 = ADVANCED_FACE('',(#7607),#7618,.T.);
#7607 = FACE_BOUND('',#7608,.T.);
#7608 = EDGE_LOOP('',(#7609,#7610,#7611,#7617));
#7609 = ORIENTED_EDGE('',*,*,#7595,.T.);
#7610 = ORIENTED_EDGE('',*,*,#5509,.T.);
#7611 = ORIENTED_EDGE('',*,*,#7612,.F.);
#7612 = EDGE_CURVE('',#4485,#5510,#7613,.T.);
#7613 = LINE('',#7614,#7615);
#7614 = CARTESIAN_POINT('',(-92.03293779443,-21.55,65.757542806583));
#7615 = VECTOR('',#7616,1.);
#7616 = DIRECTION('',(0.,1.,0.));
#7617 = ORIENTED_EDGE('',*,*,#4484,.F.);
#7618 = PLANE('',#7619);
#7619 = AXIS2_PLACEMENT_3D('',#7620,#7621,#7622);
#7620 = CARTESIAN_POINT('',(-91.32032710682,-21.55,65.796982149614));
#7621 = DIRECTION('',(-5.52602980863E-02,0.,0.998471982309));
#7622 = DIRECTION('',(-0.998471982309,0.,-5.52602980863E-02));
#7623 = ADVANCED_FACE('',(#7624),#7635,.T.);
#7624 = FACE_BOUND('',#7625,.T.);
#7625 = EDGE_LOOP('',(#7626,#7627,#7628,#7634));
#7626 = ORIENTED_EDGE('',*,*,#7612,.T.);
#7627 = ORIENTED_EDGE('',*,*,#5517,.T.);
#7628 = ORIENTED_EDGE('',*,*,#7629,.F.);
#7629 = EDGE_CURVE('',#4493,#5518,#7630,.T.);
#7630 = LINE('',#7631,#7632);
#7631 = CARTESIAN_POINT('',(-92.74572985794,-21.55,65.721529919074));
#7632 = VECTOR('',#7633,1.);
#7633 = DIRECTION('',(0.,1.,0.));
#7634 = ORIENTED_EDGE('',*,*,#4492,.F.);
#7635 = PLANE('',#7636);
#7636 = AXIS2_PLACEMENT_3D('',#7637,#7638,#7639);
#7637 = CARTESIAN_POINT('',(-92.03293779443,-21.55,65.757542806583));
#7638 = DIRECTION('',(-5.045933187054E-02,0.,0.998726116524));
#7639 = DIRECTION('',(-0.998726116524,0.,-5.045933187054E-02));
#7640 = ADVANCED_FACE('',(#7641),#7652,.T.);
#7641 = FACE_BOUND('',#7642,.T.);
#7642 = EDGE_LOOP('',(#7643,#7644,#7645,#7651));
#7643 = ORIENTED_EDGE('',*,*,#7629,.T.);
#7644 = ORIENTED_EDGE('',*,*,#5525,.T.);
#7645 = ORIENTED_EDGE('',*,*,#7646,.F.);
#7646 = EDGE_CURVE('',#4501,#5526,#7647,.T.);
#7647 = LINE('',#7648,#7649);
#7648 = CARTESIAN_POINT('',(-93.45868682198,-21.55,65.688944319481));
#7649 = VECTOR('',#7650,1.);
#7650 = DIRECTION('',(0.,1.,0.));
#7651 = ORIENTED_EDGE('',*,*,#4500,.F.);
#7652 = PLANE('',#7653);
#7653 = AXIS2_PLACEMENT_3D('',#7654,#7655,#7656);
#7654 = CARTESIAN_POINT('',(-92.74572985794,-21.55,65.721529919074));
#7655 = DIRECTION('',(-4.565719934476E-02,0.,0.998957166323));
#7656 = DIRECTION('',(-0.998957166323,0.,-4.565719934476E-02));
#7657 = ADVANCED_FACE('',(#7658),#7669,.T.);
#7658 = FACE_BOUND('',#7659,.T.);
#7659 = EDGE_LOOP('',(#7660,#7661,#7662,#7668));
#7660 = ORIENTED_EDGE('',*,*,#7646,.T.);
#7661 = ORIENTED_EDGE('',*,*,#5533,.T.);
#7662 = ORIENTED_EDGE('',*,*,#7663,.F.);
#7663 = EDGE_CURVE('',#4509,#5534,#7664,.T.);
#7664 = LINE('',#7665,#7666);
#7665 = CARTESIAN_POINT('',(-94.17179220737,-21.55,65.659786760986));
#7666 = VECTOR('',#7667,1.);
#7667 = DIRECTION('',(0.,1.,0.));
#7668 = ORIENTED_EDGE('',*,*,#4508,.F.);
#7669 = PLANE('',#7670);
#7670 = AXIS2_PLACEMENT_3D('',#7671,#7672,#7673);
#7671 = CARTESIAN_POINT('',(-93.45868682198,-21.55,65.688944319481));
#7672 = DIRECTION('',(-4.085401150491E-02,0.,0.999165126365));
#7673 = DIRECTION('',(-0.999165126365,0.,-4.085401150491E-02));
#7674 = ADVANCED_FACE('',(#7675),#7686,.T.);
#7675 = FACE_BOUND('',#7676,.T.);
#7676 = EDGE_LOOP('',(#7677,#7678,#7679,#7685));
#7677 = ORIENTED_EDGE('',*,*,#7663,.T.);
#7678 = ORIENTED_EDGE('',*,*,#5541,.T.);
#7679 = ORIENTED_EDGE('',*,*,#7680,.F.);
#7680 = EDGE_CURVE('',#4517,#5542,#7681,.T.);
#7681 = LINE('',#7682,#7683);
#7682 = CARTESIAN_POINT('',(-94.88502953147,-21.55,65.634057917531));
#7683 = VECTOR('',#7684,1.);
#7684 = DIRECTION('',(0.,1.,0.));
#7685 = ORIENTED_EDGE('',*,*,#4516,.F.);
#7686 = PLANE('',#7687);
#7687 = AXIS2_PLACEMENT_3D('',#7688,#7689,#7690);
#7688 = CARTESIAN_POINT('',(-94.17179220737,-21.55,65.659786760986));
#7689 = DIRECTION('',(-3.604987937107E-02,0.,0.999349991843));
#7690 = DIRECTION('',(-0.999349991843,0.,-3.604987937107E-02));
#7691 = ADVANCED_FACE('',(#7692),#7703,.T.);
#7692 = FACE_BOUND('',#7693,.T.);
#7693 = EDGE_LOOP('',(#7694,#7695,#7696,#7702));
#7694 = ORIENTED_EDGE('',*,*,#7680,.T.);
#7695 = ORIENTED_EDGE('',*,*,#5549,.T.);
#7696 = ORIENTED_EDGE('',*,*,#7697,.F.);
#7697 = EDGE_CURVE('',#4525,#5550,#7698,.T.);
#7698 = LINE('',#7699,#7700);
#7699 = CARTESIAN_POINT('',(-95.59838230862,-21.55,65.61175838381));
#7700 = VECTOR('',#7701,1.);
#7701 = DIRECTION('',(0.,1.,0.));
#7702 = ORIENTED_EDGE('',*,*,#4524,.F.);
#7703 = PLANE('',#7704);
#7704 = AXIS2_PLACEMENT_3D('',#7705,#7706,#7707);
#7705 = CARTESIAN_POINT('',(-94.88502953147,-21.55,65.634057917531));
#7706 = DIRECTION('',(-3.124491398531E-02,0.,0.999511758485));
#7707 = DIRECTION('',(-0.999511758485,0.,-3.124491398531E-02));
#7708 = ADVANCED_FACE('',(#7709),#7720,.T.);
#7709 = FACE_BOUND('',#7710,.T.);
#7710 = EDGE_LOOP('',(#7711,#7712,#7713,#7719));
#7711 = ORIENTED_EDGE('',*,*,#7697,.T.);
#7712 = ORIENTED_EDGE('',*,*,#5557,.T.);
#7713 = ORIENTED_EDGE('',*,*,#7714,.F.);
#7714 = EDGE_CURVE('',#4533,#5558,#7715,.T.);
#7715 = LINE('',#7716,#7717);
#7716 = CARTESIAN_POINT('',(-96.31183405049,-21.55,65.59288867525));
#7717 = VECTOR('',#7718,1.);
#7718 = DIRECTION('',(0.,1.,0.));
#7719 = ORIENTED_EDGE('',*,*,#4532,.F.);
#7720 = PLANE('',#7721);
#7721 = AXIS2_PLACEMENT_3D('',#7722,#7723,#7724);
#7722 = CARTESIAN_POINT('',(-95.59838230862,-21.55,65.61175838381));
#7723 = DIRECTION('',(-2.643922640899E-02,0.,0.999650422551));
#7724 = DIRECTION('',(-0.999650422551,0.,-2.643922640899E-02));
#7725 = ADVANCED_FACE('',(#7726),#7737,.T.);
#7726 = FACE_BOUND('',#7727,.T.);
#7727 = EDGE_LOOP('',(#7728,#7729,#7730,#7736));
#7728 = ORIENTED_EDGE('',*,*,#7714,.T.);
#7729 = ORIENTED_EDGE('',*,*,#5565,.T.);
#7730 = ORIENTED_EDGE('',*,*,#7731,.F.);
#7731 = EDGE_CURVE('',#4541,#5566,#7732,.T.);
#7732 = LINE('',#7733,#7734);
#7733 = CARTESIAN_POINT('',(-97.02536826645,-21.55,65.577449228004));
#7734 = VECTOR('',#7735,1.);
#7735 = DIRECTION('',(0.,1.,0.));
#7736 = ORIENTED_EDGE('',*,*,#4540,.F.);
#7737 = PLANE('',#7738);
#7738 = AXIS2_PLACEMENT_3D('',#7739,#7740,#7741);
#7739 = CARTESIAN_POINT('',(-96.31183405049,-21.55,65.59288867525));
#7740 = DIRECTION('',(-2.16329277201E-02,0.,0.999765980837));
#7741 = DIRECTION('',(-0.999765980837,0.,-2.16329277201E-02));
#7742 = ADVANCED_FACE('',(#7743),#7786,.T.);
#7743 = FACE_BOUND('',#7744,.T.);
#7744 = EDGE_LOOP('',(#7745,#7746,#7747,#7748,#7756,#7764,#7772,#7780));
#7745 = ORIENTED_EDGE('',*,*,#4548,.F.);
#7746 = ORIENTED_EDGE('',*,*,#7731,.T.);
#7747 = ORIENTED_EDGE('',*,*,#5573,.T.);
#7748 = ORIENTED_EDGE('',*,*,#7749,.F.);
#7749 = EDGE_CURVE('',#7750,#5574,#7752,.T.);
#7750 = VERTEX_POINT('',#7751);
#7751 = CARTESIAN_POINT('',(-97.73896846397,7.,65.565440398936));
#7752 = LINE('',#7753,#7754);
#7753 = CARTESIAN_POINT('',(-97.73896846397,-21.55,65.565440398936));
#7754 = VECTOR('',#7755,1.);
#7755 = DIRECTION('',(0.,1.,0.));
#7756 = ORIENTED_EDGE('',*,*,#7757,.T.);
#7757 = EDGE_CURVE('',#7750,#7758,#7760,.T.);
#7758 = VERTEX_POINT('',#7759);
#7759 = CARTESIAN_POINT('',(-97.28919724161,7.,65.573009379084));
#7760 = LINE('',#7761,#7762);
#7761 = CARTESIAN_POINT('',(-99.76912104921,7.,65.531275952988));
#7762 = VECTOR('',#7763,1.);
#7763 = DIRECTION('',(0.99985843067,-0.,1.68261290107E-02));
#7764 = ORIENTED_EDGE('',*,*,#7765,.F.);
#7765 = EDGE_CURVE('',#7766,#7758,#7768,.T.);
#7766 = VERTEX_POINT('',#7767);
#7767 = CARTESIAN_POINT('',(-97.28919724161,-7.,65.573009379084));
#7768 = LINE('',#7769,#7770);
#7769 = CARTESIAN_POINT('',(-97.28919724161,-14.275,65.573009379084));
#7770 = VECTOR('',#7771,1.);
#7771 = DIRECTION('',(0.,1.,0.));
#7772 = ORIENTED_EDGE('',*,*,#7773,.F.);
#7773 = EDGE_CURVE('',#7774,#7766,#7776,.T.);
#7774 = VERTEX_POINT('',#7775);
#7775 = CARTESIAN_POINT('',(-97.73896846397,-7.,65.565440398936));
#7776 = LINE('',#7777,#7778);
#7777 = CARTESIAN_POINT('',(-99.76912104921,-7.,65.531275952988));
#7778 = VECTOR('',#7779,1.);
#7779 = DIRECTION('',(0.99985843067,-0.,1.68261290107E-02));
#7780 = ORIENTED_EDGE('',*,*,#7781,.F.);
#7781 = EDGE_CURVE('',#4549,#7774,#7782,.T.);
#7782 = LINE('',#7783,#7784);
#7783 = CARTESIAN_POINT('',(-97.73896846397,-21.55,65.565440398936));
#7784 = VECTOR('',#7785,1.);
#7785 = DIRECTION('',(0.,1.,0.));
#7786 = PLANE('',#7787);
#7787 = AXIS2_PLACEMENT_3D('',#7788,#7789,#7790);
#7788 = CARTESIAN_POINT('',(-97.02536826645,-21.55,65.577449228004));
#7789 = DIRECTION('',(-1.68261290107E-02,0.,0.99985843067));
#7790 = DIRECTION('',(-0.99985843067,0.,-1.68261290107E-02));
#7791 = ADVANCED_FACE('',(#7792),#7810,.T.);
#7792 = FACE_BOUND('',#7793,.T.);
#7793 = EDGE_LOOP('',(#7794,#7795,#7796,#7804));
#7794 = ORIENTED_EDGE('',*,*,#4556,.F.);
#7795 = ORIENTED_EDGE('',*,*,#7781,.T.);
#7796 = ORIENTED_EDGE('',*,*,#7797,.F.);
#7797 = EDGE_CURVE('',#7798,#7774,#7800,.T.);
#7798 = VERTEX_POINT('',#7799);
#7799 = CARTESIAN_POINT('',(-98.45261814899,-7.,65.556862465618));
#7800 = LINE('',#7801,#7802);
#7801 = CARTESIAN_POINT('',(-100.1232166164,-7.,65.536782190161));
#7802 = VECTOR('',#7803,1.);
#7803 = DIRECTION('',(0.999927769915,-0.,1.201894138447E-02));
#7804 = ORIENTED_EDGE('',*,*,#7805,.F.);
#7805 = EDGE_CURVE('',#4557,#7798,#7806,.T.);
#7806 = LINE('',#7807,#7808);
#7807 = CARTESIAN_POINT('',(-98.45261814899,-21.55,65.556862465618));
#7808 = VECTOR('',#7809,1.);
#7809 = DIRECTION('',(0.,1.,0.));
#7810 = PLANE('',#7811);
#7811 = AXIS2_PLACEMENT_3D('',#7812,#7813,#7814);
#7812 = CARTESIAN_POINT('',(-97.73896846397,-21.55,65.565440398936));
#7813 = DIRECTION('',(-1.201894138447E-02,0.,0.999927769915));
#7814 = DIRECTION('',(-0.999927769915,0.,-1.201894138447E-02));
#7815 = ADVANCED_FACE('',(#7816),#7834,.T.);
#7816 = FACE_BOUND('',#7817,.T.);
#7817 = EDGE_LOOP('',(#7818,#7819,#7820,#7828));
#7818 = ORIENTED_EDGE('',*,*,#4564,.F.);
#7819 = ORIENTED_EDGE('',*,*,#7805,.T.);
#7820 = ORIENTED_EDGE('',*,*,#7821,.F.);
#7821 = EDGE_CURVE('',#7822,#7798,#7824,.T.);
#7822 = VERTEX_POINT('',#7823);
#7823 = CARTESIAN_POINT('',(-99.16630082632,-7.,65.551715626318));
#7824 = LINE('',#7825,#7826);
#7825 = CARTESIAN_POINT('',(-100.4772140026,-7.,65.54226176164));
#7826 = VECTOR('',#7827,1.);
#7827 = DIRECTION('',(0.999973996969,-0.,7.211475954172E-03));
#7828 = ORIENTED_EDGE('',*,*,#7829,.F.);
#7829 = EDGE_CURVE('',#4565,#7822,#7830,.T.);
#7830 = LINE('',#7831,#7832);
#7831 = CARTESIAN_POINT('',(-99.16630082632,-21.55,65.551715626318));
#7832 = VECTOR('',#7833,1.);
#7833 = DIRECTION('',(0.,1.,0.));
#7834 = PLANE('',#7835);
#7835 = AXIS2_PLACEMENT_3D('',#7836,#7837,#7838);
#7836 = CARTESIAN_POINT('',(-98.45261814899,-21.55,65.556862465618));
#7837 = DIRECTION('',(-7.211475954172E-03,0.,0.999973996969));
#7838 = DIRECTION('',(-0.999973996969,0.,-7.211475954172E-03));
#7839 = ADVANCED_FACE('',(#7840),#7858,.T.);
#7840 = FACE_BOUND('',#7841,.T.);
#7841 = EDGE_LOOP('',(#7842,#7843,#7844,#7852));
#7842 = ORIENTED_EDGE('',*,*,#4572,.F.);
#7843 = ORIENTED_EDGE('',*,*,#7829,.T.);
#7844 = ORIENTED_EDGE('',*,*,#7845,.F.);
#7845 = EDGE_CURVE('',#7846,#7822,#7848,.T.);
#7846 = VERTEX_POINT('',#7847);
#7847 = CARTESIAN_POINT('',(-99.88,-7.,65.55));
#7848 = LINE('',#7849,#7850);
#7849 = CARTESIAN_POINT('',(-100.8311299647,-7.,65.547713625489));
#7850 = VECTOR('',#7851,1.);
#7851 = DIRECTION('',(0.999997110763,-0.,2.403843838742E-03));
#7852 = ORIENTED_EDGE('',*,*,#7853,.F.);
#7853 = EDGE_CURVE('',#4573,#7846,#7854,.T.);
#7854 = LINE('',#7855,#7856);
#7855 = CARTESIAN_POINT('',(-99.88,-21.55,65.55));
#7856 = VECTOR('',#7857,1.);
#7857 = DIRECTION('',(0.,1.,0.));
#7858 = PLANE('',#7859);
#7859 = AXIS2_PLACEMENT_3D('',#7860,#7861,#7862);
#7860 = CARTESIAN_POINT('',(-99.16630082632,-21.55,65.551715626318));
#7861 = DIRECTION('',(-2.403843838742E-03,0.,0.999997110763));
#7862 = DIRECTION('',(-0.999997110763,0.,-2.403843838742E-03));
#7863 = ADVANCED_FACE('',(#7864),#7882,.T.);
#7864 = FACE_BOUND('',#7865,.T.);
#7865 = EDGE_LOOP('',(#7866,#7867,#7868,#7876));
#7866 = ORIENTED_EDGE('',*,*,#4580,.F.);
#7867 = ORIENTED_EDGE('',*,*,#7853,.T.);
#7868 = ORIENTED_EDGE('',*,*,#7869,.F.);
#7869 = EDGE_CURVE('',#7870,#7846,#7872,.T.);
#7870 = VERTEX_POINT('',#7871);
#7871 = CARTESIAN_POINT('',(-100.5936991736,-7.,65.551715626318));
#7872 = LINE('',#7873,#7874);
#7873 = CARTESIAN_POINT('',(-101.1849812693,-7.,65.553136980248));
#7874 = VECTOR('',#7875,1.);
#7875 = DIRECTION('',(0.999997110763,0.,-2.403843838742E-03));
#7876 = ORIENTED_EDGE('',*,*,#7877,.F.);
#7877 = EDGE_CURVE('',#4581,#7870,#7878,.T.);
#7878 = LINE('',#7879,#7880);
#7879 = CARTESIAN_POINT('',(-100.5936991736,-21.55,65.551715626318));
#7880 = VECTOR('',#7881,1.);
#7881 = DIRECTION('',(0.,1.,0.));
#7882 = PLANE('',#7883);
#7883 = AXIS2_PLACEMENT_3D('',#7884,#7885,#7886);
#7884 = CARTESIAN_POINT('',(-99.88,-21.55,65.55));
#7885 = DIRECTION('',(2.403843838742E-03,-0.,0.999997110763));
#7886 = DIRECTION('',(-0.999997110763,0.,2.403843838742E-03));
#7887 = ADVANCED_FACE('',(#7888),#7906,.T.);
#7888 = FACE_BOUND('',#7889,.T.);
#7889 = EDGE_LOOP('',(#7890,#7891,#7892,#7900));
#7890 = ORIENTED_EDGE('',*,*,#4588,.F.);
#7891 = ORIENTED_EDGE('',*,*,#7877,.T.);
#7892 = ORIENTED_EDGE('',*,*,#7893,.F.);
#7893 = EDGE_CURVE('',#7894,#7870,#7896,.T.);
#7894 = VERTEX_POINT('',#7895);
#7895 = CARTESIAN_POINT('',(-101.307381851,-7.,65.556862465618));
#7896 = LINE('',#7897,#7898);
#7897 = CARTESIAN_POINT('',(-101.5387846898,-7.,65.55853126502));
#7898 = VECTOR('',#7899,1.);
#7899 = DIRECTION('',(0.999973996969,0.,-7.211475954172E-03));
#7900 = ORIENTED_EDGE('',*,*,#7901,.F.);
#7901 = EDGE_CURVE('',#4589,#7894,#7902,.T.);
#7902 = LINE('',#7903,#7904);
#7903 = CARTESIAN_POINT('',(-101.307381851,-21.55,65.556862465618));
#7904 = VECTOR('',#7905,1.);
#7905 = DIRECTION('',(0.,1.,0.));
#7906 = PLANE('',#7907);
#7907 = AXIS2_PLACEMENT_3D('',#7908,#7909,#7910);
#7908 = CARTESIAN_POINT('',(-100.5936991736,-21.55,65.551715626318));
#7909 = DIRECTION('',(7.211475954172E-03,-0.,0.999973996969));
#7910 = DIRECTION('',(-0.999973996969,0.,7.211475954172E-03));
#7911 = ADVANCED_FACE('',(#7912),#7930,.T.);
#7912 = FACE_BOUND('',#7913,.T.);
#7913 = EDGE_LOOP('',(#7914,#7915,#7916,#7924));
#7914 = ORIENTED_EDGE('',*,*,#4596,.F.);
#7915 = ORIENTED_EDGE('',*,*,#7901,.T.);
#7916 = ORIENTED_EDGE('',*,*,#7917,.F.);
#7917 = EDGE_CURVE('',#7918,#7894,#7920,.T.);
#7918 = VERTEX_POINT('',#7919);
#7919 = CARTESIAN_POINT('',(-102.021031536,-7.,65.565440398936));
#7920 = LINE('',#7921,#7922);
#7921 = CARTESIAN_POINT('',(-101.8925570037,-7.,65.563896159523));
#7922 = VECTOR('',#7923,1.);
#7923 = DIRECTION('',(0.999927769915,0.,-1.201894138447E-02));
#7924 = ORIENTED_EDGE('',*,*,#7925,.F.);
#7925 = EDGE_CURVE('',#4597,#7918,#7926,.T.);
#7926 = LINE('',#7927,#7928);
#7927 = CARTESIAN_POINT('',(-102.021031536,-21.55,65.565440398936));
#7928 = VECTOR('',#7929,1.);
#7929 = DIRECTION('',(0.,1.,0.));
#7930 = PLANE('',#7931);
#7931 = AXIS2_PLACEMENT_3D('',#7932,#7933,#7934);
#7932 = CARTESIAN_POINT('',(-101.307381851,-21.55,65.556862465618));
#7933 = DIRECTION('',(1.201894138447E-02,-0.,0.999927769915));
#7934 = DIRECTION('',(-0.999927769915,0.,1.201894138447E-02));
#7935 = ADVANCED_FACE('',(#7936),#7954,.T.);
#7936 = FACE_BOUND('',#7937,.T.);
#7937 = EDGE_LOOP('',(#7938,#7939,#7940,#7948));
#7938 = ORIENTED_EDGE('',*,*,#4604,.F.);
#7939 = ORIENTED_EDGE('',*,*,#7925,.T.);
#7940 = ORIENTED_EDGE('',*,*,#7941,.F.);
#7941 = EDGE_CURVE('',#7942,#7918,#7944,.T.);
#7942 = VERTEX_POINT('',#7943);
#7943 = CARTESIAN_POINT('',(-102.7346317335,-7.,65.577449228004));
#7944 = LINE('',#7945,#7946);
#7945 = CARTESIAN_POINT('',(-102.2463149898,-7.,65.56923158411));
#7946 = VECTOR('',#7947,1.);
#7947 = DIRECTION('',(0.99985843067,0.,-1.68261290107E-02));
#7948 = ORIENTED_EDGE('',*,*,#7949,.F.);
#7949 = EDGE_CURVE('',#4605,#7942,#7950,.T.);
#7950 = LINE('',#7951,#7952);
#7951 = CARTESIAN_POINT('',(-102.7346317335,-21.55,65.577449228004));
#7952 = VECTOR('',#7953,1.);
#7953 = DIRECTION('',(0.,1.,0.));
#7954 = PLANE('',#7955);
#7955 = AXIS2_PLACEMENT_3D('',#7956,#7957,#7958);
#7956 = CARTESIAN_POINT('',(-102.021031536,-21.55,65.565440398936));
#7957 = DIRECTION('',(1.68261290107E-02,-0.,0.99985843067));
#7958 = DIRECTION('',(-0.99985843067,0.,1.68261290107E-02));
#7959 = ADVANCED_FACE('',(#7960),#7978,.T.);
#7960 = FACE_BOUND('',#7961,.T.);
#7961 = EDGE_LOOP('',(#7962,#7963,#7964,#7972));
#7962 = ORIENTED_EDGE('',*,*,#4612,.F.);
#7963 = ORIENTED_EDGE('',*,*,#7949,.T.);
#7964 = ORIENTED_EDGE('',*,*,#7965,.F.);
#7965 = EDGE_CURVE('',#7966,#7942,#7968,.T.);
#7966 = VERTEX_POINT('',#7967);
#7967 = CARTESIAN_POINT('',(-103.4481659495,-7.,65.59288867525));
#7968 = LINE('',#7969,#7970);
#7969 = CARTESIAN_POINT('',(-102.600075426,-7.,65.574537699775));
#7970 = VECTOR('',#7971,1.);
#7971 = DIRECTION('',(0.999765980837,0.,-2.16329277201E-02));
#7972 = ORIENTED_EDGE('',*,*,#7973,.F.);
#7973 = EDGE_CURVE('',#4613,#7966,#7974,.T.);
#7974 = LINE('',#7975,#7976);
#7975 = CARTESIAN_POINT('',(-103.4481659495,-21.55,65.59288867525));
#7976 = VECTOR('',#7977,1.);
#7977 = DIRECTION('',(0.,1.,0.));
#7978 = PLANE('',#7979);
#7979 = AXIS2_PLACEMENT_3D('',#7980,#7981,#7982);
#7980 = CARTESIAN_POINT('',(-102.7346317335,-21.55,65.577449228004));
#7981 = DIRECTION('',(2.16329277201E-02,-0.,0.999765980837));
#7982 = DIRECTION('',(-0.999765980837,0.,2.16329277201E-02));
#7983 = ADVANCED_FACE('',(#7984),#8002,.T.);
#7984 = FACE_BOUND('',#7985,.T.);
#7985 = EDGE_LOOP('',(#7986,#7987,#7988,#7996));
#7986 = ORIENTED_EDGE('',*,*,#4620,.F.);
#7987 = ORIENTED_EDGE('',*,*,#7973,.T.);
#7988 = ORIENTED_EDGE('',*,*,#7989,.F.);
#7989 = EDGE_CURVE('',#7990,#7966,#7992,.T.);
#7990 = VERTEX_POINT('',#7991);
#7991 = CARTESIAN_POINT('',(-104.1616176913,-7.,65.61175838381));
#7992 = LINE('',#7993,#7994);
#7993 = CARTESIAN_POINT('',(-102.9538550858,-7.,65.579814908116));
#7994 = VECTOR('',#7995,1.);
#7995 = DIRECTION('',(0.999650422551,0.,-2.643922640899E-02));
#7996 = ORIENTED_EDGE('',*,*,#7997,.F.);
#7997 = EDGE_CURVE('',#4621,#7990,#7998,.T.);
#7998 = LINE('',#7999,#8000);
#7999 = CARTESIAN_POINT('',(-104.1616176913,-21.55,65.61175838381));
#8000 = VECTOR('',#8001,1.);
#8001 = DIRECTION('',(0.,1.,0.));
#8002 = PLANE('',#8003);
#8003 = AXIS2_PLACEMENT_3D('',#8004,#8005,#8006);
#8004 = CARTESIAN_POINT('',(-103.4481659495,-21.55,65.59288867525));
#8005 = DIRECTION('',(2.643922640899E-02,-0.,0.999650422551));
#8006 = DIRECTION('',(-0.999650422551,0.,2.643922640899E-02));
#8007 = ADVANCED_FACE('',(#8008),#8026,.T.);
#8008 = FACE_BOUND('',#8009,.T.);
#8009 = EDGE_LOOP('',(#8010,#8011,#8012,#8020));
#8010 = ORIENTED_EDGE('',*,*,#4628,.F.);
#8011 = ORIENTED_EDGE('',*,*,#7997,.T.);
#8012 = ORIENTED_EDGE('',*,*,#8013,.F.);
#8013 = EDGE_CURVE('',#8014,#7990,#8016,.T.);
#8014 = VERTEX_POINT('',#8015);
#8015 = CARTESIAN_POINT('',(-104.8749704685,-7.,65.634057917531));
#8016 = LINE('',#8017,#8018);
#8017 = CARTESIAN_POINT('',(-103.3076707366,-7.,65.585063851281));
#8018 = VECTOR('',#8019,1.);
#8019 = DIRECTION('',(0.999511758485,0.,-3.124491398531E-02));
#8020 = ORIENTED_EDGE('',*,*,#8021,.F.);
#8021 = EDGE_CURVE('',#4629,#8014,#8022,.T.);
#8022 = LINE('',#8023,#8024);
#8023 = CARTESIAN_POINT('',(-104.8749704685,-21.55,65.634057917531));
#8024 = VECTOR('',#8025,1.);
#8025 = DIRECTION('',(0.,1.,0.));
#8026 = PLANE('',#8027);
#8027 = AXIS2_PLACEMENT_3D('',#8028,#8029,#8030);
#8028 = CARTESIAN_POINT('',(-104.1616176913,-21.55,65.61175838381));
#8029 = DIRECTION('',(3.124491398531E-02,-0.,0.999511758485));
#8030 = DIRECTION('',(-0.999511758485,0.,3.124491398531E-02));
#8031 = ADVANCED_FACE('',(#8032),#8050,.T.);
#8032 = FACE_BOUND('',#8033,.T.);
#8033 = EDGE_LOOP('',(#8034,#8035,#8036,#8044));
#8034 = ORIENTED_EDGE('',*,*,#4636,.F.);
#8035 = ORIENTED_EDGE('',*,*,#8021,.T.);
#8036 = ORIENTED_EDGE('',*,*,#8037,.F.);
#8037 = EDGE_CURVE('',#8038,#8014,#8040,.T.);
#8038 = VERTEX_POINT('',#8039);
#8039 = CARTESIAN_POINT('',(-105.5882077926,-7.,65.659786760986));
#8040 = LINE('',#8041,#8042);
#8041 = CARTESIAN_POINT('',(-103.661539136,-7.,65.590285411883));
#8042 = VECTOR('',#8043,1.);
#8043 = DIRECTION('',(0.999349991843,0.,-3.604987937107E-02));
#8044 = ORIENTED_EDGE('',*,*,#8045,.F.);
#8045 = EDGE_CURVE('',#4637,#8038,#8046,.T.);
#8046 = LINE('',#8047,#8048);
#8047 = CARTESIAN_POINT('',(-105.5882077926,-21.55,65.659786760986));
#8048 = VECTOR('',#8049,1.);
#8049 = DIRECTION('',(0.,1.,0.));
#8050 = PLANE('',#8051);
#8051 = AXIS2_PLACEMENT_3D('',#8052,#8053,#8054);
#8052 = CARTESIAN_POINT('',(-104.8749704685,-21.55,65.634057917531));
#8053 = DIRECTION('',(3.604987937107E-02,-0.,0.999349991843));
#8054 = DIRECTION('',(-0.999349991843,0.,3.604987937107E-02));
#8055 = ADVANCED_FACE('',(#8056),#8074,.T.);
#8056 = FACE_BOUND('',#8057,.T.);
#8057 = EDGE_LOOP('',(#8058,#8059,#8060,#8068));
#8058 = ORIENTED_EDGE('',*,*,#4644,.F.);
#8059 = ORIENTED_EDGE('',*,*,#8045,.T.);
#8060 = ORIENTED_EDGE('',*,*,#8061,.F.);
#8061 = EDGE_CURVE('',#8062,#8038,#8064,.T.);
#8062 = VERTEX_POINT('',#8063);
#8063 = CARTESIAN_POINT('',(-106.301313178,-7.,65.688944319481));
#8064 = LINE('',#8065,#8066);
#8065 = CARTESIAN_POINT('',(-104.0154770297,-7.,65.595480712882));
#8066 = VECTOR('',#8067,1.);
#8067 = DIRECTION('',(0.999165126365,0.,-4.085401150491E-02));
#8068 = ORIENTED_EDGE('',*,*,#8069,.F.);
#8069 = EDGE_CURVE('',#4645,#8062,#8070,.T.);
#8070 = LINE('',#8071,#8072);
#8071 = CARTESIAN_POINT('',(-106.301313178,-21.55,65.688944319481));
#8072 = VECTOR('',#8073,1.);
#8073 = DIRECTION('',(0.,1.,0.));
#8074 = PLANE('',#8075);
#8075 = AXIS2_PLACEMENT_3D('',#8076,#8077,#8078);
#8076 = CARTESIAN_POINT('',(-105.5882077926,-21.55,65.659786760986));
#8077 = DIRECTION('',(4.085401150491E-02,-0.,0.999165126365));
#8078 = DIRECTION('',(-0.999165126365,0.,4.085401150491E-02));
#8079 = ADVANCED_FACE('',(#8080),#8098,.T.);
#8080 = FACE_BOUND('',#8081,.T.);
#8081 = EDGE_LOOP('',(#8082,#8083,#8084,#8092));
#8082 = ORIENTED_EDGE('',*,*,#4652,.F.);
#8083 = ORIENTED_EDGE('',*,*,#8069,.T.);
#8084 = ORIENTED_EDGE('',*,*,#8085,.F.);
#8085 = EDGE_CURVE('',#8086,#8062,#8088,.T.);
#8086 = VERTEX_POINT('',#8087);
#8087 = CARTESIAN_POINT('',(-107.014270142,-7.,65.721529919074));
#8088 = LINE('',#8089,#8090);
#8089 = CARTESIAN_POINT('',(-104.369501149,-7.,65.600651117452));
#8090 = VECTOR('',#8091,1.);
#8091 = DIRECTION('',(0.998957166323,0.,-4.565719934476E-02));
#8092 = ORIENTED_EDGE('',*,*,#8093,.F.);
#8093 = EDGE_CURVE('',#4653,#8086,#8094,.T.);
#8094 = LINE('',#8095,#8096);
#8095 = CARTESIAN_POINT('',(-107.014270142,-21.55,65.721529919074));
#8096 = VECTOR('',#8097,1.);
#8097 = DIRECTION('',(0.,1.,0.));
#8098 = PLANE('',#8099);
#8099 = AXIS2_PLACEMENT_3D('',#8100,#8101,#8102);
#8100 = CARTESIAN_POINT('',(-106.301313178,-21.55,65.688944319481));
#8101 = DIRECTION('',(4.565719934476E-02,-0.,0.998957166323));
#8102 = DIRECTION('',(-0.998957166323,0.,4.565719934476E-02));
#8103 = ADVANCED_FACE('',(#8104),#8145,.T.);
#8104 = FACE_BOUND('',#8105,.T.);
#8105 = EDGE_LOOP('',(#8106,#8107,#8108,#8116,#8124,#8132,#8138,#8139));
#8106 = ORIENTED_EDGE('',*,*,#4660,.F.);
#8107 = ORIENTED_EDGE('',*,*,#8093,.T.);
#8108 = ORIENTED_EDGE('',*,*,#8109,.F.);
#8109 = EDGE_CURVE('',#8110,#8086,#8112,.T.);
#8110 = VERTEX_POINT('',#8111);
#8111 = CARTESIAN_POINT('',(-107.6492639738,-7.,65.753612152593));
#8112 = LINE('',#8113,#8114);
#8113 = CARTESIAN_POINT('',(-104.7236282073,-7.,65.605798228804));
#8114 = VECTOR('',#8115,1.);
#8115 = DIRECTION('',(0.998726116524,0.,-5.045933187053E-02));
#8116 = ORIENTED_EDGE('',*,*,#8117,.F.);
#8117 = EDGE_CURVE('',#8118,#8110,#8120,.T.);
#8118 = VERTEX_POINT('',#8119);
#8119 = CARTESIAN_POINT('',(-107.6492639738,7.,65.753612152593));
#8120 = LINE('',#8121,#8122);
#8121 = CARTESIAN_POINT('',(-107.6492639738,-14.275,65.753612152593));
#8122 = VECTOR('',#8123,1.);
#8123 = DIRECTION('',(-0.,-1.,0.));
#8124 = ORIENTED_EDGE('',*,*,#8125,.T.);
#8125 = EDGE_CURVE('',#8118,#8126,#8128,.T.);
#8126 = VERTEX_POINT('',#8127);
#8127 = CARTESIAN_POINT('',(-107.014270142,7.,65.721529919074));
#8128 = LINE('',#8129,#8130);
#8129 = CARTESIAN_POINT('',(-104.7236282073,7.,65.605798228804));
#8130 = VECTOR('',#8131,1.);
#8131 = DIRECTION('',(0.998726116524,0.,-5.045933187053E-02));
#8132 = ORIENTED_EDGE('',*,*,#8133,.T.);
#8133 = EDGE_CURVE('',#8126,#5678,#8134,.T.);
#8134 = LINE('',#8135,#8136);
#8135 = CARTESIAN_POINT('',(-107.014270142,-21.55,65.721529919074));
#8136 = VECTOR('',#8137,1.);
#8137 = DIRECTION('',(0.,1.,0.));
#8138 = ORIENTED_EDGE('',*,*,#5685,.T.);
#8139 = ORIENTED_EDGE('',*,*,#8140,.F.);
#8140 = EDGE_CURVE('',#4661,#5686,#8141,.T.);
#8141 = LINE('',#8142,#8143);
#8142 = CARTESIAN_POINT('',(-107.7270622055,-21.55,65.757542806583));
#8143 = VECTOR('',#8144,1.);
#8144 = DIRECTION('',(0.,1.,0.));
#8145 = PLANE('',#8146);
#8146 = AXIS2_PLACEMENT_3D('',#8147,#8148,#8149);
#8147 = CARTESIAN_POINT('',(-107.014270142,-21.55,65.721529919074));
#8148 = DIRECTION('',(5.045933187053E-02,-0.,0.998726116524));
#8149 = DIRECTION('',(-0.998726116524,0.,5.045933187053E-02));
#8150 = ADVANCED_FACE('',(#8151),#8162,.T.);
#8151 = FACE_BOUND('',#8152,.T.);
#8152 = EDGE_LOOP('',(#8153,#8154,#8155,#8161));
#8153 = ORIENTED_EDGE('',*,*,#8140,.T.);
#8154 = ORIENTED_EDGE('',*,*,#5693,.T.);
#8155 = ORIENTED_EDGE('',*,*,#8156,.F.);
#8156 = EDGE_CURVE('',#4669,#5694,#8157,.T.);
#8157 = LINE('',#8158,#8159);
#8158 = CARTESIAN_POINT('',(-108.4396728931,-21.55,65.796982149614));
#8159 = VECTOR('',#8160,1.);
#8160 = DIRECTION('',(0.,1.,0.));
#8161 = ORIENTED_EDGE('',*,*,#4668,.F.);
#8162 = PLANE('',#8163);
#8163 = AXIS2_PLACEMENT_3D('',#8164,#8165,#8166);
#8164 = CARTESIAN_POINT('',(-107.7270622055,-21.55,65.757542806583));
#8165 = DIRECTION('',(5.52602980863E-02,-0.,0.998471982309));
#8166 = DIRECTION('',(-0.998471982309,0.,5.52602980863E-02));
#8167 = ADVANCED_FACE('',(#8168),#8179,.T.);
#8168 = FACE_BOUND('',#8169,.T.);
#8169 = EDGE_LOOP('',(#8170,#8171,#8172,#8178));
#8170 = ORIENTED_EDGE('',*,*,#8156,.T.);
#8171 = ORIENTED_EDGE('',*,*,#5701,.T.);
#8172 = ORIENTED_EDGE('',*,*,#8173,.F.);
#8173 = EDGE_CURVE('',#4677,#5702,#8174,.T.);
#8174 = LINE('',#8175,#8176);
#8175 = CARTESIAN_POINT('',(-109.1520857337,-21.55,65.83984703657));
#8176 = VECTOR('',#8177,1.);
#8177 = DIRECTION('',(0.,1.,0.));
#8178 = ORIENTED_EDGE('',*,*,#4676,.F.);
#8179 = PLANE('',#8180);
#8180 = AXIS2_PLACEMENT_3D('',#8181,#8182,#8183);
#8181 = CARTESIAN_POINT('',(-108.4396728931,-21.55,65.796982149614));
#8182 = DIRECTION('',(6.005998702325E-02,-0.,0.998194769551));
#8183 = DIRECTION('',(-0.998194769551,0.,6.005998702325E-02));
#8184 = ADVANCED_FACE('',(#8185),#8196,.T.);
#8185 = FACE_BOUND('',#8186,.T.);
#8186 = EDGE_LOOP('',(#8187,#8188,#8189,#8195));
#8187 = ORIENTED_EDGE('',*,*,#8173,.T.);
#8188 = ORIENTED_EDGE('',*,*,#5709,.T.);
#8189 = ORIENTED_EDGE('',*,*,#8190,.F.);
#8190 = EDGE_CURVE('',#4685,#5710,#8191,.T.);
#8191 = LINE('',#8192,#8193);
#8192 = CARTESIAN_POINT('',(-109.8642842605,-21.55,65.886136476679));
#8193 = VECTOR('',#8194,1.);
#8194 = DIRECTION('',(0.,1.,0.));
#8195 = ORIENTED_EDGE('',*,*,#4684,.F.);
#8196 = PLANE('',#8197);
#8197 = AXIS2_PLACEMENT_3D('',#8198,#8199,#8200);
#8198 = CARTESIAN_POINT('',(-109.1520857337,-21.55,65.83984703657));
#8199 = DIRECTION('',(6.485828774202E-02,-0.,0.997894484658));
#8200 = DIRECTION('',(-0.997894484658,0.,6.485828774202E-02));
#8201 = ADVANCED_FACE('',(#8202),#8213,.T.);
#8202 = FACE_BOUND('',#8203,.T.);
#8203 = EDGE_LOOP('',(#8204,#8205,#8206,#8212));
#8204 = ORIENTED_EDGE('',*,*,#8190,.T.);
#8205 = ORIENTED_EDGE('',*,*,#5717,.T.);
#8206 = ORIENTED_EDGE('',*,*,#8207,.F.);
#8207 = EDGE_CURVE('',#4693,#5718,#8208,.T.);
#8208 = LINE('',#8209,#8210);
#8209 = CARTESIAN_POINT('',(-110.5762520119,-21.55,65.935849400012));
#8210 = VECTOR('',#8211,1.);
#8211 = DIRECTION('',(0.,1.,0.));
#8212 = ORIENTED_EDGE('',*,*,#4692,.F.);
#8213 = PLANE('',#8214);
#8214 = AXIS2_PLACEMENT_3D('',#8215,#8216,#8217);
#8215 = CARTESIAN_POINT('',(-109.8642842605,-21.55,65.886136476679));
#8216 = DIRECTION('',(6.96550893353E-02,-0.,0.997571134571));
#8217 = DIRECTION('',(-0.997571134571,0.,6.96550893353E-02));
#8218 = ADVANCED_FACE('',(#8219),#8230,.T.);
#8219 = FACE_BOUND('',#8220,.T.);
#8220 = EDGE_LOOP('',(#8221,#8222,#8223,#8229));
#8221 = ORIENTED_EDGE('',*,*,#8207,.T.);
#8222 = ORIENTED_EDGE('',*,*,#5725,.T.);
#8223 = ORIENTED_EDGE('',*,*,#8224,.F.);
#8224 = EDGE_CURVE('',#4701,#5726,#8225,.T.);
#8225 = LINE('',#8226,#8227);
#8226 = CARTESIAN_POINT('',(-111.2879725317,-21.55,65.988984657512));
#8227 = VECTOR('',#8228,1.);
#8228 = DIRECTION('',(0.,1.,0.));
#8229 = ORIENTED_EDGE('',*,*,#4700,.F.);
#8230 = PLANE('',#8231);
#8231 = AXIS2_PLACEMENT_3D('',#8232,#8233,#8234);
#8232 = CARTESIAN_POINT('',(-110.5762520119,-21.55,65.935849400012));
#8233 = DIRECTION('',(7.445028093061E-02,-0.,0.997224726764));
#8234 = DIRECTION('',(-0.997224726764,0.,7.445028093061E-02));
#8235 = ADVANCED_FACE('',(#8236),#8247,.T.);
#8236 = FACE_BOUND('',#8237,.T.);
#8237 = EDGE_LOOP('',(#8238,#8239,#8240,#8246));
#8238 = ORIENTED_EDGE('',*,*,#8224,.T.);
#8239 = ORIENTED_EDGE('',*,*,#5733,.T.);
#8240 = ORIENTED_EDGE('',*,*,#8241,.F.);
#8241 = EDGE_CURVE('',#4709,#5734,#8242,.T.);
#8242 = LINE('',#8243,#8244);
#8243 = CARTESIAN_POINT('',(-111.9994293692,-21.55,66.045541021019));
#8244 = VECTOR('',#8245,1.);
#8245 = DIRECTION('',(0.,1.,0.));
#8246 = ORIENTED_EDGE('',*,*,#4708,.F.);
#8247 = PLANE('',#8248);
#8248 = AXIS2_PLACEMENT_3D('',#8249,#8250,#8251);
#8249 = CARTESIAN_POINT('',(-111.2879725317,-21.55,65.988984657512));
#8250 = DIRECTION('',(7.924375169248E-02,-0.,0.996855269243));
#8251 = DIRECTION('',(-0.996855269243,0.,7.924375169248E-02));
#8252 = ADVANCED_FACE('',(#8253),#8264,.T.);
#8253 = FACE_BOUND('',#8254,.T.);
#8254 = EDGE_LOOP('',(#8255,#8256,#8257,#8263));
#8255 = ORIENTED_EDGE('',*,*,#8241,.T.);
#8256 = ORIENTED_EDGE('',*,*,#5741,.T.);
#8257 = ORIENTED_EDGE('',*,*,#8258,.F.);
#8258 = EDGE_CURVE('',#4717,#5742,#8259,.T.);
#8259 = LINE('',#8260,#8261);
#8260 = CARTESIAN_POINT('',(-112.7106060799,-21.55,66.105517183295));
#8261 = VECTOR('',#8262,1.);
#8262 = DIRECTION('',(0.,1.,0.));
#8263 = ORIENTED_EDGE('',*,*,#4716,.F.);
#8264 = PLANE('',#8265);
#8265 = AXIS2_PLACEMENT_3D('',#8266,#8267,#8268);
#8266 = CARTESIAN_POINT('',(-111.9994293692,-21.55,66.045541021019));
#8267 = DIRECTION('',(8.403539082525E-02,-0.,0.996462770548));
#8268 = DIRECTION('',(-0.996462770548,0.,8.403539082525E-02));
#8269 = ADVANCED_FACE('',(#8270),#8281,.T.);
#8270 = FACE_BOUND('',#8271,.T.);
#8271 = EDGE_LOOP('',(#8272,#8273,#8274,#8280));
#8272 = ORIENTED_EDGE('',*,*,#8258,.T.);
#8273 = ORIENTED_EDGE('',*,*,#5749,.T.);
#8274 = ORIENTED_EDGE('',*,*,#8275,.F.);
#8275 = EDGE_CURVE('',#4725,#5750,#8276,.T.);
#8276 = LINE('',#8277,#8278);
#8277 = CARTESIAN_POINT('',(-113.4214862258,-21.55,66.168911758062));
#8278 = VECTOR('',#8279,1.);
#8279 = DIRECTION('',(0.,1.,0.));
#8280 = ORIENTED_EDGE('',*,*,#4724,.F.);
#8281 = PLANE('',#8282);
#8282 = AXIS2_PLACEMENT_3D('',#8283,#8284,#8285);
#8283 = CARTESIAN_POINT('',(-112.7106060799,-21.55,66.105517183295));
#8284 = DIRECTION('',(8.882508757576E-02,-0.,0.996047239752));
#8285 = DIRECTION('',(-0.996047239752,0.,8.882508757576E-02));
#8286 = ADVANCED_FACE('',(#8287),#8298,.T.);
#8287 = FACE_BOUND('',#8288,.T.);
#8288 = EDGE_LOOP('',(#8289,#8290,#8291,#8297));
#8289 = ORIENTED_EDGE('',*,*,#8275,.T.);
#8290 = ORIENTED_EDGE('',*,*,#5757,.T.);
#8291 = ORIENTED_EDGE('',*,*,#8292,.F.);
#8292 = EDGE_CURVE('',#4733,#5758,#8293,.T.);
#8293 = LINE('',#8294,#8295);
#8294 = CARTESIAN_POINT('',(-114.1320533756,-21.55,66.235723280024));
#8295 = VECTOR('',#8296,1.);
#8296 = DIRECTION('',(0.,1.,0.));
#8297 = ORIENTED_EDGE('',*,*,#4732,.F.);
#8298 = PLANE('',#8299);
#8299 = AXIS2_PLACEMENT_3D('',#8300,#8301,#8302);
#8300 = CARTESIAN_POINT('',(-113.4214862258,-21.55,66.168911758062));
#8301 = DIRECTION('',(9.361273123547E-02,-0.,0.995608686458));
#8302 = DIRECTION('',(-0.995608686458,0.,9.361273123547E-02));
#8303 = ADVANCED_FACE('',(#8304),#8315,.T.);
#8304 = FACE_BOUND('',#8305,.T.);
#8305 = EDGE_LOOP('',(#8306,#8307,#8308,#8314));
#8306 = ORIENTED_EDGE('',*,*,#8292,.T.);
#8307 = ORIENTED_EDGE('',*,*,#5765,.T.);
#8308 = ORIENTED_EDGE('',*,*,#8309,.F.);
#8309 = EDGE_CURVE('',#4741,#5766,#8310,.T.);
#8310 = LINE('',#8311,#8312);
#8311 = CARTESIAN_POINT('',(-114.8422911054,-21.55,66.30595020491));
#8312 = VECTOR('',#8313,1.);
#8313 = DIRECTION('',(0.,1.,0.));
#8314 = ORIENTED_EDGE('',*,*,#4740,.F.);
#8315 = PLANE('',#8316);
#8316 = AXIS2_PLACEMENT_3D('',#8317,#8318,#8319);
#8317 = CARTESIAN_POINT('',(-114.1320533756,-21.55,66.235723280024));
#8318 = DIRECTION('',(9.839821114366E-02,-0.,0.995147120804));
#8319 = DIRECTION('',(-0.995147120804,0.,9.839821114366E-02));
#8320 = ADVANCED_FACE('',(#8321),#8332,.T.);
#8321 = FACE_BOUND('',#8322,.T.);
#8322 = EDGE_LOOP('',(#8323,#8324,#8325,#8331));
#8323 = ORIENTED_EDGE('',*,*,#8309,.T.);
#8324 = ORIENTED_EDGE('',*,*,#5773,.T.);
#8325 = ORIENTED_EDGE('',*,*,#8326,.F.);
#8326 = EDGE_CURVE('',#4749,#5774,#8327,.T.);
#8327 = LINE('',#8328,#8329);
#8328 = CARTESIAN_POINT('',(-115.552182999,-21.55,66.379590909505));
#8329 = VECTOR('',#8330,1.);
#8330 = DIRECTION('',(0.,1.,0.));
#8331 = ORIENTED_EDGE('',*,*,#4748,.F.);
#8332 = PLANE('',#8333);
#8333 = AXIS2_PLACEMENT_3D('',#8334,#8335,#8336);
#8334 = CARTESIAN_POINT('',(-114.8422911054,-21.55,66.30595020491));
#8335 = DIRECTION('',(0.103181416689,-0.,0.994662553457));
#8336 = DIRECTION('',(-0.994662553457,0.,0.103181416689));
#8337 = ADVANCED_FACE('',(#8338),#8349,.T.);
#8338 = FACE_BOUND('',#8339,.T.);
#8339 = EDGE_LOOP('',(#8340,#8341,#8342,#8348));
#8340 = ORIENTED_EDGE('',*,*,#8326,.T.);
#8341 = ORIENTED_EDGE('',*,*,#5781,.T.);
#8342 = ORIENTED_EDGE('',*,*,#8343,.F.);
#8343 = EDGE_CURVE('',#4757,#5782,#8344,.T.);
#8344 = LINE('',#8345,#8346);
#8345 = CARTESIAN_POINT('',(-116.2617126479,-21.55,66.456643691688));
#8346 = VECTOR('',#8347,1.);
#8347 = DIRECTION('',(0.,1.,0.));
#8348 = ORIENTED_EDGE('',*,*,#4756,.F.);
#8349 = PLANE('',#8350);
#8350 = AXIS2_PLACEMENT_3D('',#8351,#8352,#8353);
#8351 = CARTESIAN_POINT('',(-115.552182999,-21.55,66.379590909505));
#8352 = DIRECTION('',(0.107962237314,-0.,0.994154995619));
#8353 = DIRECTION('',(-0.994154995619,0.,0.107962237314));
#8354 = ADVANCED_FACE('',(#8355),#8366,.T.);
#8355 = FACE_BOUND('',#8356,.T.);
#8356 = EDGE_LOOP('',(#8357,#8358,#8359,#8365));
#8357 = ORIENTED_EDGE('',*,*,#8343,.T.);
#8358 = ORIENTED_EDGE('',*,*,#5789,.T.);
#8359 = ORIENTED_EDGE('',*,*,#8360,.F.);
#8360 = EDGE_CURVE('',#4765,#5790,#8361,.T.);
#8361 = LINE('',#8362,#8363);
#8362 = CARTESIAN_POINT('',(-116.9708636521,-21.55,66.537106770471));
#8363 = VECTOR('',#8364,1.);
#8364 = DIRECTION('',(0.,1.,0.));
#8365 = ORIENTED_EDGE('',*,*,#4764,.F.);
#8366 = PLANE('',#8367);
#8367 = AXIS2_PLACEMENT_3D('',#8368,#8369,#8370);
#8368 = CARTESIAN_POINT('',(-116.2617126479,-21.55,66.456643691688));
#8369 = DIRECTION('',(0.112740562514,-0.,0.993624459021));
#8370 = DIRECTION('',(-0.993624459021,0.,0.112740562514));
#8371 = ADVANCED_FACE('',(#8372),#8383,.T.);
#8372 = FACE_BOUND('',#8373,.T.);
#8373 = EDGE_LOOP('',(#8374,#8375,#8376,#8382));
#8374 = ORIENTED_EDGE('',*,*,#8360,.T.);
#8375 = ORIENTED_EDGE('',*,*,#5797,.T.);
#8376 = ORIENTED_EDGE('',*,*,#8377,.F.);
#8377 = EDGE_CURVE('',#4773,#5798,#8378,.T.);
#8378 = LINE('',#8379,#8380);
#8379 = CARTESIAN_POINT('',(-117.6796196205,-21.55,66.620978286042));
#8380 = VECTOR('',#8381,1.);
#8381 = DIRECTION('',(0.,1.,0.));
#8382 = ORIENTED_EDGE('',*,*,#4772,.F.);
#8383 = PLANE('',#8384);
#8384 = AXIS2_PLACEMENT_3D('',#8385,#8386,#8387);
#8385 = CARTESIAN_POINT('',(-116.9708636521,-21.55,66.537106770471));
#8386 = DIRECTION('',(0.117516281845,-0.,0.993070955925));
#8387 = DIRECTION('',(-0.993070955925,0.,0.117516281845));
#8388 = ADVANCED_FACE('',(#8389),#8400,.T.);
#8389 = FACE_BOUND('',#8390,.T.);
#8390 = EDGE_LOOP('',(#8391,#8392,#8393,#8399));
#8391 = ORIENTED_EDGE('',*,*,#8377,.T.);
#8392 = ORIENTED_EDGE('',*,*,#5805,.T.);
#8393 = ORIENTED_EDGE('',*,*,#8394,.F.);
#8394 = EDGE_CURVE('',#4781,#5806,#8395,.T.);
#8395 = LINE('',#8396,#8397);
#8396 = CARTESIAN_POINT('',(-118.387964171,-21.55,66.708256299806));
#8397 = VECTOR('',#8398,1.);
#8398 = DIRECTION('',(0.,1.,0.));
#8399 = ORIENTED_EDGE('',*,*,#4780,.F.);
#8400 = PLANE('',#8401);
#8401 = AXIS2_PLACEMENT_3D('',#8402,#8403,#8404);
#8402 = CARTESIAN_POINT('',(-117.6796196205,-21.55,66.620978286042));
#8403 = DIRECTION('',(0.122289284921,-0.,0.992494499125));
#8404 = DIRECTION('',(-0.992494499125,0.,0.122289284921));
#8405 = ADVANCED_FACE('',(#8406),#8417,.T.);
#8406 = FACE_BOUND('',#8407,.T.);
#8407 = EDGE_LOOP('',(#8408,#8409,#8410,#8416));
#8408 = ORIENTED_EDGE('',*,*,#8394,.T.);
#8409 = ORIENTED_EDGE('',*,*,#5813,.T.);
#8410 = ORIENTED_EDGE('',*,*,#8411,.F.);
#8411 = EDGE_CURVE('',#4789,#5814,#8412,.T.);
#8412 = LINE('',#8413,#8414);
#8413 = CARTESIAN_POINT('',(-119.095880931,-21.55,66.798938794432));
#8414 = VECTOR('',#8415,1.);
#8415 = DIRECTION('',(0.,1.,0.));
#8416 = ORIENTED_EDGE('',*,*,#4788,.F.);
#8417 = PLANE('',#8418);
#8418 = AXIS2_PLACEMENT_3D('',#8419,#8420,#8421);
#8419 = CARTESIAN_POINT('',(-118.387964171,-21.55,66.708256299806));
#8420 = DIRECTION('',(0.12705946142,-0.,0.991895101946));
#8421 = DIRECTION('',(-0.991895101946,0.,0.12705946142));
#8422 = ADVANCED_FACE('',(#8423),#8434,.T.);
#8423 = FACE_BOUND('',#8424,.T.);
#8424 = EDGE_LOOP('',(#8425,#8426,#8427,#8433));
#8425 = ORIENTED_EDGE('',*,*,#8411,.T.);
#8426 = ORIENTED_EDGE('',*,*,#5821,.T.);
#8427 = ORIENTED_EDGE('',*,*,#8428,.F.);
#8428 = EDGE_CURVE('',#4797,#5822,#8429,.T.);
#8429 = LINE('',#8430,#8431);
#8430 = CARTESIAN_POINT('',(-119.8033535377,-21.55,66.893023673897));
#8431 = VECTOR('',#8432,1.);
#8432 = DIRECTION('',(0.,1.,0.));
#8433 = ORIENTED_EDGE('',*,*,#4796,.F.);
#8434 = PLANE('',#8435);
#8435 = AXIS2_PLACEMENT_3D('',#8436,#8437,#8438);
#8436 = CARTESIAN_POINT('',(-119.095880931,-21.55,66.798938794432));
#8437 = DIRECTION('',(0.131826701083,-0.,0.991272778241));
#8438 = DIRECTION('',(-0.991272778241,0.,0.131826701083));
#8439 = ADVANCED_FACE('',(#8440),#8451,.T.);
#8440 = FACE_BOUND('',#8441,.T.);
#8441 = EDGE_LOOP('',(#8442,#8443,#8444,#8450));
#8442 = ORIENTED_EDGE('',*,*,#8428,.T.);
#8443 = ORIENTED_EDGE('',*,*,#5829,.T.);
#8444 = ORIENTED_EDGE('',*,*,#8445,.F.);
#8445 = EDGE_CURVE('',#4805,#5830,#8446,.T.);
#8446 = LINE('',#8447,#8448);
#8447 = CARTESIAN_POINT('',(-120.5103656389,-21.55,66.990508763536));
#8448 = VECTOR('',#8449,1.);
#8449 = DIRECTION('',(0.,1.,0.));
#8450 = ORIENTED_EDGE('',*,*,#4804,.F.);
#8451 = PLANE('',#8452);
#8452 = AXIS2_PLACEMENT_3D('',#8453,#8454,#8455);
#8453 = CARTESIAN_POINT('',(-119.8033535377,-21.55,66.893023673897));
#8454 = DIRECTION('',(0.136590893723,-0.,0.990627542395));
#8455 = DIRECTION('',(-0.990627542395,0.,0.136590893723));
#8456 = ADVANCED_FACE('',(#8457),#8468,.T.);
#8457 = FACE_BOUND('',#8458,.T.);
#8458 = EDGE_LOOP('',(#8459,#8460,#8461,#8467));
#8459 = ORIENTED_EDGE('',*,*,#8445,.T.);
#8460 = ORIENTED_EDGE('',*,*,#5837,.T.);
#8461 = ORIENTED_EDGE('',*,*,#8462,.F.);
#8462 = EDGE_CURVE('',#4813,#5838,#8463,.T.);
#8463 = LINE('',#8464,#8465);
#8464 = CARTESIAN_POINT('',(-121.2169008926,-21.55,67.091391810092));
#8465 = VECTOR('',#8466,1.);
#8466 = DIRECTION('',(0.,1.,0.));
#8467 = ORIENTED_EDGE('',*,*,#4812,.F.);
#8468 = PLANE('',#8469);
#8469 = AXIS2_PLACEMENT_3D('',#8470,#8471,#8472);
#8470 = CARTESIAN_POINT('',(-120.5103656389,-21.55,66.990508763536));
#8471 = DIRECTION('',(0.14135192922,-0.,0.989959409322));
#8472 = DIRECTION('',(-0.989959409322,0.,0.14135192922));
#8473 = ADVANCED_FACE('',(#8474),#8480,.T.);
#8474 = FACE_BOUND('',#8475,.T.);
#8475 = EDGE_LOOP('',(#8476,#8477,#8478,#8479));
#8476 = ORIENTED_EDGE('',*,*,#8462,.T.);
#8477 = ORIENTED_EDGE('',*,*,#5845,.T.);
#8478 = ORIENTED_EDGE('',*,*,#5868,.F.);
#8479 = ORIENTED_EDGE('',*,*,#4820,.F.);
#8480 = PLANE('',#8481);
#8481 = AXIS2_PLACEMENT_3D('',#8482,#8483,#8484);
#8482 = CARTESIAN_POINT('',(-121.2169008926,-21.55,67.091391810092));
#8483 = DIRECTION('',(0.146109697528,-0.,0.989268394466));
#8484 = DIRECTION('',(-0.989268394466,0.,0.146109697528));
#8485 = ADVANCED_FACE('',(#8486),#8504,.T.);
#8486 = FACE_BOUND('',#8487,.T.);
#8487 = EDGE_LOOP('',(#8488,#8496,#8497,#8498));
#8488 = ORIENTED_EDGE('',*,*,#8489,.T.);
#8489 = EDGE_CURVE('',#8490,#6076,#8492,.T.);
#8490 = VERTEX_POINT('',#8491);
#8491 = CARTESIAN_POINT('',(-113.232190457,9.,50.995946338751));
#8492 = LINE('',#8493,#8494);
#8493 = CARTESIAN_POINT('',(-106.7072170235,9.,50.445671196707));
#8494 = VECTOR('',#8495,1.);
#8495 = DIRECTION('',(-0.996462770548,0.,8.403539082528E-02));
#8496 = ORIENTED_EDGE('',*,*,#6075,.T.);
#8497 = ORIENTED_EDGE('',*,*,#4941,.T.);
#8498 = ORIENTED_EDGE('',*,*,#8499,.F.);
#8499 = EDGE_CURVE('',#8490,#4942,#8500,.T.);
#8500 = LINE('',#8501,#8502);
#8501 = CARTESIAN_POINT('',(-113.232190457,-21.55,50.995946338751));
#8502 = VECTOR('',#8503,1.);
#8503 = DIRECTION('',(0.,1.,0.));
#8504 = PLANE('',#8505);
#8505 = AXIS2_PLACEMENT_3D('',#8506,#8507,#8508);
#8506 = CARTESIAN_POINT('',(-114.0157064626,-21.55,51.062023141313));
#8507 = DIRECTION('',(-8.403539082528E-02,0.,-0.996462770548));
#8508 = DIRECTION('',(0.996462770548,0.,-8.403539082528E-02));
#8509 = ADVANCED_FACE('',(#8510),#8528,.T.);
#8510 = FACE_BOUND('',#8511,.T.);
#8511 = EDGE_LOOP('',(#8512,#8520,#8521,#8522));
#8512 = ORIENTED_EDGE('',*,*,#8513,.T.);
#8513 = EDGE_CURVE('',#8514,#8490,#8516,.T.);
#8514 = VERTEX_POINT('',#8515);
#8515 = CARTESIAN_POINT('',(-112.4483658307,9.,50.933637189196));
#8516 = LINE('',#8517,#8518);
#8517 = CARTESIAN_POINT('',(-106.3265380738,9.,50.446990216825));
#8518 = VECTOR('',#8519,1.);
#8519 = DIRECTION('',(-0.996855269243,0.,7.924375169247E-02));
#8520 = ORIENTED_EDGE('',*,*,#8499,.T.);
#8521 = ORIENTED_EDGE('',*,*,#4949,.T.);
#8522 = ORIENTED_EDGE('',*,*,#8523,.F.);
#8523 = EDGE_CURVE('',#8514,#4950,#8524,.T.);
#8524 = LINE('',#8525,#8526);
#8525 = CARTESIAN_POINT('',(-112.4483658307,-21.55,50.933637189196));
#8526 = VECTOR('',#8527,1.);
#8527 = DIRECTION('',(0.,1.,0.));
#8528 = PLANE('',#8529);
#8529 = AXIS2_PLACEMENT_3D('',#8530,#8531,#8532);
#8530 = CARTESIAN_POINT('',(-113.232190457,-21.55,50.995946338751));
#8531 = DIRECTION('',(-7.924375169247E-02,0.,-0.996855269243));
#8532 = DIRECTION('',(0.996855269243,0.,-7.924375169247E-02));
#8533 = ADVANCED_FACE('',(#8534),#8552,.T.);
#8534 = FACE_BOUND('',#8535,.T.);
#8535 = EDGE_LOOP('',(#8536,#8544,#8545,#8546));
#8536 = ORIENTED_EDGE('',*,*,#8537,.T.);
#8537 = EDGE_CURVE('',#8538,#8514,#8540,.T.);
#8538 = VERTEX_POINT('',#8539);
#8539 = CARTESIAN_POINT('',(-111.6642507009,9.,50.875097132853));
#8540 = LINE('',#8541,#8542);
#8541 = CARTESIAN_POINT('',(-105.9461753771,9.,50.448200062597));
#8542 = VECTOR('',#8543,1.);
#8543 = DIRECTION('',(-0.997224726764,0.,7.445028093061E-02));
#8544 = ORIENTED_EDGE('',*,*,#8523,.T.);
#8545 = ORIENTED_EDGE('',*,*,#4957,.T.);
#8546 = ORIENTED_EDGE('',*,*,#8547,.F.);
#8547 = EDGE_CURVE('',#8538,#4958,#8548,.T.);
#8548 = LINE('',#8549,#8550);
#8549 = CARTESIAN_POINT('',(-111.6642507009,-21.55,50.875097132853));
#8550 = VECTOR('',#8551,1.);
#8551 = DIRECTION('',(0.,1.,0.));
#8552 = PLANE('',#8553);
#8553 = AXIS2_PLACEMENT_3D('',#8554,#8555,#8556);
#8554 = CARTESIAN_POINT('',(-112.4483658307,-21.55,50.933637189196));
#8555 = DIRECTION('',(-7.445028093061E-02,0.,-0.997224726764));
#8556 = DIRECTION('',(0.997224726764,0.,-7.445028093061E-02));
#8557 = ADVANCED_FACE('',(#8558),#8576,.T.);
#8558 = FACE_BOUND('',#8559,.T.);
#8559 = EDGE_LOOP('',(#8560,#8568,#8569,#8570));
#8560 = ORIENTED_EDGE('',*,*,#8561,.T.);
#8561 = EDGE_CURVE('',#8562,#8538,#8564,.T.);
#8562 = VERTEX_POINT('',#8563);
#8563 = CARTESIAN_POINT('',(-110.8798631917,9.,50.820327522808));
#8564 = LINE('',#8565,#8566);
#8565 = CARTESIAN_POINT('',(-105.5661097435,9.,50.449296366924));
#8566 = VECTOR('',#8567,1.);
#8567 = DIRECTION('',(-0.997571134571,0.,6.96550893353E-02));
#8568 = ORIENTED_EDGE('',*,*,#8547,.T.);
#8569 = ORIENTED_EDGE('',*,*,#4965,.T.);
#8570 = ORIENTED_EDGE('',*,*,#8571,.F.);
#8571 = EDGE_CURVE('',#8562,#4966,#8572,.T.);
#8572 = LINE('',#8573,#8574);
#8573 = CARTESIAN_POINT('',(-110.8798631917,-21.55,50.820327522808));
#8574 = VECTOR('',#8575,1.);
#8575 = DIRECTION('',(0.,1.,0.));
#8576 = PLANE('',#8577);
#8577 = AXIS2_PLACEMENT_3D('',#8578,#8579,#8580);
#8578 = CARTESIAN_POINT('',(-111.6642507009,-21.55,50.875097132853));
#8579 = DIRECTION('',(-6.96550893353E-02,0.,-0.997571134571));
#8580 = DIRECTION('',(0.997571134571,0.,-6.96550893353E-02));
#8581 = ADVANCED_FACE('',(#8582),#8600,.T.);
#8582 = FACE_BOUND('',#8583,.T.);
#8583 = EDGE_LOOP('',(#8584,#8592,#8593,#8594));
#8584 = ORIENTED_EDGE('',*,*,#8585,.T.);
#8585 = EDGE_CURVE('',#8586,#8562,#8588,.T.);
#8586 = VERTEX_POINT('',#8587);
#8587 = CARTESIAN_POINT('',(-110.0952214331,9.,50.769329624999));
#8588 = LINE('',#8589,#8590);
#8589 = CARTESIAN_POINT('',(-105.1863219359,9.,50.45027503458));
#8590 = VECTOR('',#8591,1.);
#8591 = DIRECTION('',(-0.997894484658,0.,6.485828774199E-02));
#8592 = ORIENTED_EDGE('',*,*,#8571,.T.);
#8593 = ORIENTED_EDGE('',*,*,#4973,.T.);
#8594 = ORIENTED_EDGE('',*,*,#8595,.F.);
#8595 = EDGE_CURVE('',#8586,#4974,#8596,.T.);
#8596 = LINE('',#8597,#8598);
#8597 = CARTESIAN_POINT('',(-110.0952214331,-21.55,50.769329624999));
#8598 = VECTOR('',#8599,1.);
#8599 = DIRECTION('',(0.,1.,0.));
#8600 = PLANE('',#8601);
#8601 = AXIS2_PLACEMENT_3D('',#8602,#8603,#8604);
#8602 = CARTESIAN_POINT('',(-110.8798631917,-21.55,50.820327522808));
#8603 = DIRECTION('',(-6.485828774199E-02,0.,-0.997894484658));
#8604 = DIRECTION('',(0.997894484658,0.,-6.485828774199E-02));
#8605 = ADVANCED_FACE('',(#8606),#8624,.T.);
#8606 = FACE_BOUND('',#8607,.T.);
#8607 = EDGE_LOOP('',(#8608,#8616,#8617,#8618));
#8608 = ORIENTED_EDGE('',*,*,#8609,.T.);
#8609 = EDGE_CURVE('',#8610,#8586,#8612,.T.);
#8610 = VERTEX_POINT('',#8611);
#8611 = CARTESIAN_POINT('',(-109.3103435613,9.,50.722104618184));
#8612 = LINE('',#8613,#8614);
#8613 = CARTESIAN_POINT('',(-104.8067926728,9.,50.451132242683));
#8614 = VECTOR('',#8615,1.);
#8615 = DIRECTION('',(-0.998194769551,0.,6.005998702326E-02));
#8616 = ORIENTED_EDGE('',*,*,#8595,.T.);
#8617 = ORIENTED_EDGE('',*,*,#4981,.T.);
#8618 = ORIENTED_EDGE('',*,*,#8619,.F.);
#8619 = EDGE_CURVE('',#8610,#4982,#8620,.T.);
#8620 = LINE('',#8621,#8622);
#8621 = CARTESIAN_POINT('',(-109.3103435613,-21.55,50.722104618184));
#8622 = VECTOR('',#8623,1.);
#8623 = DIRECTION('',(0.,1.,0.));
#8624 = PLANE('',#8625);
#8625 = AXIS2_PLACEMENT_3D('',#8626,#8627,#8628);
#8626 = CARTESIAN_POINT('',(-110.0952214331,-21.55,50.769329624999));
#8627 = DIRECTION('',(-6.005998702326E-02,0.,-0.998194769551));
#8628 = DIRECTION('',(0.998194769551,0.,-6.005998702326E-02));
#8629 = ADVANCED_FACE('',(#8630),#8648,.T.);
#8630 = FACE_BOUND('',#8631,.T.);
#8631 = EDGE_LOOP('',(#8632,#8640,#8641,#8642));
#8632 = ORIENTED_EDGE('',*,*,#8633,.T.);
#8633 = EDGE_CURVE('',#8634,#8610,#8636,.T.);
#8634 = VERTEX_POINT('',#8635);
#8635 = CARTESIAN_POINT('',(-108.5252477178,9.,50.678653593915));
#8636 = LINE('',#8637,#8638);
#8637 = CARTESIAN_POINT('',(-104.4275026317,9.,50.451864441137));
#8638 = VECTOR('',#8639,1.);
#8639 = DIRECTION('',(-0.998471982309,0.,5.526029808631E-02));
#8640 = ORIENTED_EDGE('',*,*,#8619,.T.);
#8641 = ORIENTED_EDGE('',*,*,#4989,.T.);
#8642 = ORIENTED_EDGE('',*,*,#8643,.F.);
#8643 = EDGE_CURVE('',#8634,#4990,#8644,.T.);
#8644 = LINE('',#8645,#8646);
#8645 = CARTESIAN_POINT('',(-108.5252477178,-21.55,50.678653593915));
#8646 = VECTOR('',#8647,1.);
#8647 = DIRECTION('',(0.,1.,0.));
#8648 = PLANE('',#8649);
#8649 = AXIS2_PLACEMENT_3D('',#8650,#8651,#8652);
#8650 = CARTESIAN_POINT('',(-109.3103435613,-21.55,50.722104618184));
#8651 = DIRECTION('',(-5.526029808631E-02,0.,-0.998471982309));
#8652 = DIRECTION('',(0.998471982309,0.,-5.526029808631E-02));
#8653 = ADVANCED_FACE('',(#8654),#8672,.T.);
#8654 = FACE_BOUND('',#8655,.T.);
#8655 = EDGE_LOOP('',(#8656,#8664,#8665,#8666));
#8656 = ORIENTED_EDGE('',*,*,#8657,.T.);
#8657 = EDGE_CURVE('',#8658,#8634,#8660,.T.);
#8658 = VERTEX_POINT('',#8659);
#8659 = CARTESIAN_POINT('',(-107.7399520493,9.,50.638977556514));
#8660 = LINE('',#8661,#8662);
#8661 = CARTESIAN_POINT('',(-104.0484324517,9.,50.452468353038));
#8662 = VECTOR('',#8663,1.);
#8663 = DIRECTION('',(-0.998726116524,0.,5.045933187053E-02));
#8664 = ORIENTED_EDGE('',*,*,#8643,.T.);
#8665 = ORIENTED_EDGE('',*,*,#4997,.T.);
#8666 = ORIENTED_EDGE('',*,*,#8667,.F.);
#8667 = EDGE_CURVE('',#8658,#4998,#8668,.T.);
#8668 = LINE('',#8669,#8670);
#8669 = CARTESIAN_POINT('',(-107.7399520493,-21.55,50.638977556514));
#8670 = VECTOR('',#8671,1.);
#8671 = DIRECTION('',(0.,1.,0.));
#8672 = PLANE('',#8673);
#8673 = AXIS2_PLACEMENT_3D('',#8674,#8675,#8676);
#8674 = CARTESIAN_POINT('',(-108.5252477178,-21.55,50.678653593915));
#8675 = DIRECTION('',(-5.045933187053E-02,0.,-0.998726116524));
#8676 = DIRECTION('',(0.998726116524,0.,-5.045933187053E-02));
#8677 = ADVANCED_FACE('',(#8678),#8696,.T.);
#8678 = FACE_BOUND('',#8679,.T.);
#8679 = EDGE_LOOP('',(#8680,#8688,#8689,#8690));
#8680 = ORIENTED_EDGE('',*,*,#8681,.T.);
#8681 = EDGE_CURVE('',#8682,#8658,#8684,.T.);
#8682 = VERTEX_POINT('',#8683);
#8683 = CARTESIAN_POINT('',(-106.954474707,9.,50.603077423046));
#8684 = LINE('',#8685,#8686);
#8685 = CARTESIAN_POINT('',(-103.6695627369,9.,50.452940975053));
#8686 = VECTOR('',#8687,1.);
#8687 = DIRECTION('',(-0.998957166323,0.,4.565719934476E-02));
#8688 = ORIENTED_EDGE('',*,*,#8667,.T.);
#8689 = ORIENTED_EDGE('',*,*,#5005,.T.);
#8690 = ORIENTED_EDGE('',*,*,#8691,.F.);
#8691 = EDGE_CURVE('',#8682,#5006,#8692,.T.);
#8692 = LINE('',#8693,#8694);
#8693 = CARTESIAN_POINT('',(-106.954474707,-21.55,50.603077423046));
#8694 = VECTOR('',#8695,1.);
#8695 = DIRECTION('',(0.,1.,0.));
#8696 = PLANE('',#8697);
#8697 = AXIS2_PLACEMENT_3D('',#8698,#8699,#8700);
#8698 = CARTESIAN_POINT('',(-107.7399520493,-21.55,50.638977556514));
#8699 = DIRECTION('',(-4.565719934476E-02,0.,-0.998957166323));
#8700 = DIRECTION('',(0.998957166323,0.,-4.565719934476E-02));
#8701 = ADVANCED_FACE('',(#8702),#8720,.T.);
#8702 = FACE_BOUND('',#8703,.T.);
#8703 = EDGE_LOOP('',(#8704,#8712,#8713,#8714));
#8704 = ORIENTED_EDGE('',*,*,#8705,.T.);
#8705 = EDGE_CURVE('',#8706,#8682,#8708,.T.);
#8706 = VERTEX_POINT('',#8707);
#8707 = CARTESIAN_POINT('',(-106.1688338463,9.,50.570954023302));
#8708 = LINE('',#8709,#8710);
#8709 = CARTESIAN_POINT('',(-103.2908740593,9.,50.453279577762));
#8710 = VECTOR('',#8711,1.);
#8711 = DIRECTION('',(-0.999165126365,0.,4.085401150493E-02));
#8712 = ORIENTED_EDGE('',*,*,#8691,.T.);
#8713 = ORIENTED_EDGE('',*,*,#5013,.T.);
#8714 = ORIENTED_EDGE('',*,*,#8715,.F.);
#8715 = EDGE_CURVE('',#8706,#5014,#8716,.T.);
#8716 = LINE('',#8717,#8718);
#8717 = CARTESIAN_POINT('',(-106.1688338463,-21.55,50.570954023302));
#8718 = VECTOR('',#8719,1.);
#8719 = DIRECTION('',(0.,1.,0.));
#8720 = PLANE('',#8721);
#8721 = AXIS2_PLACEMENT_3D('',#8722,#8723,#8724);
#8722 = CARTESIAN_POINT('',(-106.954474707,-21.55,50.603077423046));
#8723 = DIRECTION('',(-4.085401150493E-02,0.,-0.999165126365));
#8724 = DIRECTION('',(0.999165126365,0.,-4.085401150493E-02));
#8725 = ADVANCED_FACE('',(#8726),#8744,.T.);
#8726 = FACE_BOUND('',#8727,.T.);
#8727 = EDGE_LOOP('',(#8728,#8736,#8737,#8738));
#8728 = ORIENTED_EDGE('',*,*,#8729,.T.);
#8729 = EDGE_CURVE('',#8730,#8706,#8732,.T.);
#8730 = VERTEX_POINT('',#8731);
#8731 = CARTESIAN_POINT('',(-105.3830476263,9.,50.542608099779));
#8732 = LINE('',#8733,#8734);
#8733 = CARTESIAN_POINT('',(-102.9123469618,9.,50.45348170598));
#8734 = VECTOR('',#8735,1.);
#8735 = DIRECTION('',(-0.999349991843,0.,3.604987937105E-02));
#8736 = ORIENTED_EDGE('',*,*,#8715,.T.);
#8737 = ORIENTED_EDGE('',*,*,#5021,.T.);
#8738 = ORIENTED_EDGE('',*,*,#8739,.F.);
#8739 = EDGE_CURVE('',#8730,#5022,#8740,.T.);
#8740 = LINE('',#8741,#8742);
#8741 = CARTESIAN_POINT('',(-105.3830476263,-21.55,50.542608099779));
#8742 = VECTOR('',#8743,1.);
#8743 = DIRECTION('',(0.,1.,0.));
#8744 = PLANE('',#8745);
#8745 = AXIS2_PLACEMENT_3D('',#8746,#8747,#8748);
#8746 = CARTESIAN_POINT('',(-106.1688338463,-21.55,50.570954023302));
#8747 = DIRECTION('',(-3.604987937105E-02,0.,-0.999349991843));
#8748 = DIRECTION('',(0.999349991843,0.,-3.604987937105E-02));
#8749 = ADVANCED_FACE('',(#8750),#8768,.T.);
#8750 = FACE_BOUND('',#8751,.T.);
#8751 = EDGE_LOOP('',(#8752,#8760,#8761,#8762));
#8752 = ORIENTED_EDGE('',*,*,#8753,.T.);
#8753 = EDGE_CURVE('',#8754,#8730,#8756,.T.);
#8754 = VERTEX_POINT('',#8755);
#8755 = CARTESIAN_POINT('',(-104.5971342096,9.,50.51804030766));
#8756 = LINE('',#8757,#8758);
#8757 = CARTESIAN_POINT('',(-102.5339619615,9.,50.45354517903));
#8758 = VECTOR('',#8759,1.);
#8759 = DIRECTION('',(-0.999511758485,0.,3.124491398533E-02));
#8760 = ORIENTED_EDGE('',*,*,#8739,.T.);
#8761 = ORIENTED_EDGE('',*,*,#5029,.T.);
#8762 = ORIENTED_EDGE('',*,*,#8763,.F.);
#8763 = EDGE_CURVE('',#8754,#5030,#8764,.T.);
#8764 = LINE('',#8765,#8766);
#8765 = CARTESIAN_POINT('',(-104.5971342096,-21.55,50.51804030766));
#8766 = VECTOR('',#8767,1.);
#8767 = DIRECTION('',(0.,1.,0.));
#8768 = PLANE('',#8769);
#8769 = AXIS2_PLACEMENT_3D('',#8770,#8771,#8772);
#8770 = CARTESIAN_POINT('',(-105.3830476263,-21.55,50.542608099779));
#8771 = DIRECTION('',(-3.124491398533E-02,0.,-0.999511758485));
#8772 = DIRECTION('',(0.999511758485,0.,-3.124491398533E-02));
#8773 = ADVANCED_FACE('',(#8774),#8792,.T.);
#8774 = FACE_BOUND('',#8775,.T.);
#8775 = EDGE_LOOP('',(#8776,#8784,#8785,#8786));
#8776 = ORIENTED_EDGE('',*,*,#8777,.T.);
#8777 = EDGE_CURVE('',#8778,#8754,#8780,.T.);
#8778 = VERTEX_POINT('',#8779);
#8779 = CARTESIAN_POINT('',(-103.8111117618,9.,50.4972512148));
#8780 = LINE('',#8781,#8782);
#8781 = CARTESIAN_POINT('',(-102.1556995524,9.,50.453468091005));
#8782 = VECTOR('',#8783,1.);
#8783 = DIRECTION('',(-0.999650422551,0.,2.643922640899E-02));
#8784 = ORIENTED_EDGE('',*,*,#8763,.T.);
#8785 = ORIENTED_EDGE('',*,*,#5037,.T.);
#8786 = ORIENTED_EDGE('',*,*,#8787,.F.);
#8787 = EDGE_CURVE('',#8778,#5038,#8788,.T.);
#8788 = LINE('',#8789,#8790);
#8789 = CARTESIAN_POINT('',(-103.8111117618,-21.55,50.4972512148));
#8790 = VECTOR('',#8791,1.);
#8791 = DIRECTION('',(0.,1.,0.));
#8792 = PLANE('',#8793);
#8793 = AXIS2_PLACEMENT_3D('',#8794,#8795,#8796);
#8794 = CARTESIAN_POINT('',(-104.5971342096,-21.55,50.51804030766));
#8795 = DIRECTION('',(-2.643922640899E-02,0.,-0.999650422551));
#8796 = DIRECTION('',(0.999650422551,0.,-2.643922640899E-02));
#8797 = ADVANCED_FACE('',(#8798),#8816,.T.);
#8798 = FACE_BOUND('',#8799,.T.);
#8799 = EDGE_LOOP('',(#8800,#8808,#8809,#8810));
#8800 = ORIENTED_EDGE('',*,*,#8801,.T.);
#8801 = EDGE_CURVE('',#8802,#8778,#8804,.T.);
#8802 = VERTEX_POINT('',#8803);
#8803 = CARTESIAN_POINT('',(-103.0249984508,9.,50.480241301718));
#8804 = LINE('',#8805,#8806);
#8805 = CARTESIAN_POINT('',(-101.7775402089,9.,50.453248810978));
#8806 = VECTOR('',#8807,1.);
#8807 = DIRECTION('',(-0.999765980837,0.,2.163292772007E-02));
#8808 = ORIENTED_EDGE('',*,*,#8787,.T.);
#8809 = ORIENTED_EDGE('',*,*,#5045,.T.);
#8810 = ORIENTED_EDGE('',*,*,#8811,.F.);
#8811 = EDGE_CURVE('',#8802,#5046,#8812,.T.);
#8812 = LINE('',#8813,#8814);
#8813 = CARTESIAN_POINT('',(-103.0249984508,-21.55,50.480241301718));
#8814 = VECTOR('',#8815,1.);
#8815 = DIRECTION('',(0.,1.,0.));
#8816 = PLANE('',#8817);
#8817 = AXIS2_PLACEMENT_3D('',#8818,#8819,#8820);
#8818 = CARTESIAN_POINT('',(-103.8111117618,-21.55,50.4972512148));
#8819 = DIRECTION('',(-2.163292772007E-02,0.,-0.999765980837));
#8820 = DIRECTION('',(0.999765980837,0.,-2.163292772007E-02));
#8821 = ADVANCED_FACE('',(#8822),#8840,.T.);
#8822 = FACE_BOUND('',#8823,.T.);
#8823 = EDGE_LOOP('',(#8824,#8832,#8833,#8834));
#8824 = ORIENTED_EDGE('',*,*,#8825,.T.);
#8825 = EDGE_CURVE('',#8826,#8802,#8828,.T.);
#8826 = VERTEX_POINT('',#8827);
#8827 = CARTESIAN_POINT('',(-102.2388124467,9.,50.467010961577));
#8828 = LINE('',#8829,#8830);
#8829 = CARTESIAN_POINT('',(-101.3994643884,9.,50.452885983199));
#8830 = VECTOR('',#8831,1.);
#8831 = DIRECTION('',(-0.99985843067,0.,1.682612901069E-02));
#8832 = ORIENTED_EDGE('',*,*,#8811,.T.);
#8833 = ORIENTED_EDGE('',*,*,#5053,.T.);
#8834 = ORIENTED_EDGE('',*,*,#8835,.F.);
#8835 = EDGE_CURVE('',#8826,#5054,#8836,.T.);
#8836 = LINE('',#8837,#8838);
#8837 = CARTESIAN_POINT('',(-102.2388124467,-21.55,50.467010961577));
#8838 = VECTOR('',#8839,1.);
#8839 = DIRECTION('',(0.,1.,0.));
#8840 = PLANE('',#8841);
#8841 = AXIS2_PLACEMENT_3D('',#8842,#8843,#8844);
#8842 = CARTESIAN_POINT('',(-103.0249984508,-21.55,50.480241301718));
#8843 = DIRECTION('',(-1.682612901069E-02,0.,-0.99985843067));
#8844 = DIRECTION('',(0.99985843067,0.,-1.682612901069E-02));
#8845 = ADVANCED_FACE('',(#8846),#8864,.T.);
#8846 = FACE_BOUND('',#8847,.T.);
#8847 = EDGE_LOOP('',(#8848,#8856,#8857,#8858));
#8848 = ORIENTED_EDGE('',*,*,#8849,.T.);
#8849 = EDGE_CURVE('',#8850,#8826,#8852,.T.);
#8850 = VERTEX_POINT('',#8851);
#8851 = CARTESIAN_POINT('',(-101.4525719213,9.,50.457560500181));
#8852 = LINE('',#8853,#8854);
#8853 = CARTESIAN_POINT('',(-101.0214525347,9.,50.452378527248));
#8854 = VECTOR('',#8855,1.);
#8855 = DIRECTION('',(-0.999927769915,0.,1.201894138448E-02));
#8856 = ORIENTED_EDGE('',*,*,#8835,.T.);
#8857 = ORIENTED_EDGE('',*,*,#5061,.T.);
#8858 = ORIENTED_EDGE('',*,*,#8859,.F.);
#8859 = EDGE_CURVE('',#8850,#5062,#8860,.T.);
#8860 = LINE('',#8861,#8862);
#8861 = CARTESIAN_POINT('',(-101.4525719213,-21.55,50.457560500181));
#8862 = VECTOR('',#8863,1.);
#8863 = DIRECTION('',(0.,1.,0.));
#8864 = PLANE('',#8865);
#8865 = AXIS2_PLACEMENT_3D('',#8866,#8867,#8868);
#8866 = CARTESIAN_POINT('',(-102.2388124467,-21.55,50.467010961577));
#8867 = DIRECTION('',(-1.201894138448E-02,0.,-0.999927769915));
#8868 = DIRECTION('',(0.999927769915,0.,-1.201894138448E-02));
#8869 = ADVANCED_FACE('',(#8870),#8888,.T.);
#8870 = FACE_BOUND('',#8871,.T.);
#8871 = EDGE_LOOP('',(#8872,#8880,#8881,#8882));
#8872 = ORIENTED_EDGE('',*,*,#8873,.T.);
#8873 = EDGE_CURVE('',#8874,#8850,#8876,.T.);
#8874 = VERTEX_POINT('',#8875);
#8875 = CARTESIAN_POINT('',(-100.6662950478,9.,50.451890135967));
#8876 = LINE('',#8877,#8878);
#8877 = CARTESIAN_POINT('',(-100.6434850809,9.,50.451725638162));
#8878 = VECTOR('',#8879,1.);
#8879 = DIRECTION('',(-0.999973996969,0.,7.211475954173E-03));
#8880 = ORIENTED_EDGE('',*,*,#8859,.T.);
#8881 = ORIENTED_EDGE('',*,*,#5069,.T.);
#8882 = ORIENTED_EDGE('',*,*,#8883,.F.);
#8883 = EDGE_CURVE('',#8874,#5070,#8884,.T.);
#8884 = LINE('',#8885,#8886);
#8885 = CARTESIAN_POINT('',(-100.6662950478,-21.55,50.451890135967));
#8886 = VECTOR('',#8887,1.);
#8887 = DIRECTION('',(0.,1.,0.));
#8888 = PLANE('',#8889);
#8889 = AXIS2_PLACEMENT_3D('',#8890,#8891,#8892);
#8890 = CARTESIAN_POINT('',(-101.4525719213,-21.55,50.457560500181));
#8891 = DIRECTION('',(-7.211475954173E-03,0.,-0.999973996969));
#8892 = DIRECTION('',(0.999973996969,0.,-7.211475954173E-03));
#8893 = ADVANCED_FACE('',(#8894),#8912,.T.);
#8894 = FACE_BOUND('',#8895,.T.);
#8895 = EDGE_LOOP('',(#8896,#8904,#8905,#8906));
#8896 = ORIENTED_EDGE('',*,*,#8897,.T.);
#8897 = EDGE_CURVE('',#8898,#8874,#8900,.T.);
#8898 = VERTEX_POINT('',#8899);
#8899 = CARTESIAN_POINT('',(-99.88,9.,50.45));
#8900 = LINE('',#8901,#8902);
#8901 = CARTESIAN_POINT('',(-100.2655424527,9.,50.450926786527));
#8902 = VECTOR('',#8903,1.);
#8903 = DIRECTION('',(-0.999997110763,0.,2.40384383874E-03));
#8904 = ORIENTED_EDGE('',*,*,#8883,.T.);
#8905 = ORIENTED_EDGE('',*,*,#5077,.T.);
#8906 = ORIENTED_EDGE('',*,*,#8907,.F.);
#8907 = EDGE_CURVE('',#8898,#5078,#8908,.T.);
#8908 = LINE('',#8909,#8910);
#8909 = CARTESIAN_POINT('',(-99.88,-21.55,50.45));
#8910 = VECTOR('',#8911,1.);
#8911 = DIRECTION('',(0.,1.,0.));
#8912 = PLANE('',#8913);
#8913 = AXIS2_PLACEMENT_3D('',#8914,#8915,#8916);
#8914 = CARTESIAN_POINT('',(-100.6662950478,-21.55,50.451890135967));
#8915 = DIRECTION('',(-2.40384383874E-03,0.,-0.999997110763));
#8916 = DIRECTION('',(0.999997110763,0.,-2.40384383874E-03));
#8917 = ADVANCED_FACE('',(#8918),#8936,.T.);
#8918 = FACE_BOUND('',#8919,.T.);
#8919 = EDGE_LOOP('',(#8920,#8928,#8929,#8930));
#8920 = ORIENTED_EDGE('',*,*,#8921,.T.);
#8921 = EDGE_CURVE('',#8922,#8898,#8924,.T.);
#8922 = VERTEX_POINT('',#8923);
#8923 = CARTESIAN_POINT('',(-99.09370495214,9.,50.451890135967));
#8924 = LINE('',#8925,#8926);
#8925 = CARTESIAN_POINT('',(-99.88760507115,9.,50.449981718544));
#8926 = VECTOR('',#8927,1.);
#8927 = DIRECTION('',(-0.999997110763,0.,-2.40384383874E-03));
#8928 = ORIENTED_EDGE('',*,*,#8907,.T.);
#8929 = ORIENTED_EDGE('',*,*,#5085,.T.);
#8930 = ORIENTED_EDGE('',*,*,#8931,.F.);
#8931 = EDGE_CURVE('',#8922,#5086,#8932,.T.);
#8932 = LINE('',#8933,#8934);
#8933 = CARTESIAN_POINT('',(-99.09370495214,-21.55,50.451890135967));
#8934 = VECTOR('',#8935,1.);
#8935 = DIRECTION('',(0.,1.,0.));
#8936 = PLANE('',#8937);
#8937 = AXIS2_PLACEMENT_3D('',#8938,#8939,#8940);
#8938 = CARTESIAN_POINT('',(-99.88,-21.55,50.45));
#8939 = DIRECTION('',(2.40384383874E-03,0.,-0.999997110763));
#8940 = DIRECTION('',(0.999997110763,0.,2.40384383874E-03));
#8941 = ADVANCED_FACE('',(#8942),#8960,.T.);
#8942 = FACE_BOUND('',#8943,.T.);
#8943 = EDGE_LOOP('',(#8944,#8952,#8953,#8954));
#8944 = ORIENTED_EDGE('',*,*,#8945,.T.);
#8945 = EDGE_CURVE('',#8946,#8922,#8948,.T.);
#8946 = VERTEX_POINT('',#8947);
#8947 = CARTESIAN_POINT('',(-98.3074280786,9.,50.457560500181));
#8948 = LINE('',#8949,#8950);
#8949 = CARTESIAN_POINT('',(-99.50965335577,9.,50.448890456056));
#8950 = VECTOR('',#8951,1.);
#8951 = DIRECTION('',(-0.999973996969,0.,-7.211475954173E-03));
#8952 = ORIENTED_EDGE('',*,*,#8931,.T.);
#8953 = ORIENTED_EDGE('',*,*,#5093,.T.);
#8954 = ORIENTED_EDGE('',*,*,#8955,.F.);
#8955 = EDGE_CURVE('',#8946,#5094,#8956,.T.);
#8956 = LINE('',#8957,#8958);
#8957 = CARTESIAN_POINT('',(-98.3074280786,-21.55,50.457560500181));
#8958 = VECTOR('',#8959,1.);
#8959 = DIRECTION('',(0.,1.,0.));
#8960 = PLANE('',#8961);
#8961 = AXIS2_PLACEMENT_3D('',#8962,#8963,#8964);
#8962 = CARTESIAN_POINT('',(-99.09370495214,-21.55,50.451890135967));
#8963 = DIRECTION('',(7.211475954173E-03,0.,-0.999973996969));
#8964 = DIRECTION('',(0.999973996969,0.,7.211475954173E-03));
#8965 = ADVANCED_FACE('',(#8966),#8984,.T.);
#8966 = FACE_BOUND('',#8967,.T.);
#8967 = EDGE_LOOP('',(#8968,#8976,#8977,#8978));
#8968 = ORIENTED_EDGE('',*,*,#8969,.T.);
#8969 = EDGE_CURVE('',#8970,#8946,#8972,.T.);
#8970 = VERTEX_POINT('',#8971);
#8971 = CARTESIAN_POINT('',(-97.52118755326,9.,50.467010961577));
#8972 = LINE('',#8973,#8974);
#8973 = CARTESIAN_POINT('',(-99.13166772792,9.,50.447653296551));
#8974 = VECTOR('',#8975,1.);
#8975 = DIRECTION('',(-0.999927769915,0.,-1.201894138448E-02));
#8976 = ORIENTED_EDGE('',*,*,#8955,.T.);
#8977 = ORIENTED_EDGE('',*,*,#5101,.T.);
#8978 = ORIENTED_EDGE('',*,*,#8979,.F.);
#8979 = EDGE_CURVE('',#8970,#5102,#8980,.T.);
#8980 = LINE('',#8981,#8982);
#8981 = CARTESIAN_POINT('',(-97.52118755326,-21.55,50.467010961577));
#8982 = VECTOR('',#8983,1.);
#8983 = DIRECTION('',(0.,1.,0.));
#8984 = PLANE('',#8985);
#8985 = AXIS2_PLACEMENT_3D('',#8986,#8987,#8988);
#8986 = CARTESIAN_POINT('',(-98.3074280786,-21.55,50.457560500181));
#8987 = DIRECTION('',(1.201894138448E-02,0.,-0.999927769915));
#8988 = DIRECTION('',(0.999927769915,0.,1.201894138448E-02));
#8989 = ADVANCED_FACE('',(#8990),#9008,.T.);
#8990 = FACE_BOUND('',#8991,.T.);
#8991 = EDGE_LOOP('',(#8992,#9000,#9001,#9002));
#8992 = ORIENTED_EDGE('',*,*,#8993,.T.);
#8993 = EDGE_CURVE('',#8994,#8970,#8996,.T.);
#8994 = VERTEX_POINT('',#8995);
#8995 = CARTESIAN_POINT('',(-96.73500154919,9.,50.480241301718));
#8996 = LINE('',#8997,#8998);
#8997 = CARTESIAN_POINT('',(-98.75362861359,9.,50.446270813128));
#8998 = VECTOR('',#8999,1.);
#8999 = DIRECTION('',(-0.99985843067,0.,-1.682612901069E-02));
#9000 = ORIENTED_EDGE('',*,*,#8979,.T.);
#9001 = ORIENTED_EDGE('',*,*,#5109,.T.);
#9002 = ORIENTED_EDGE('',*,*,#9003,.F.);
#9003 = EDGE_CURVE('',#8994,#5110,#9004,.T.);
#9004 = LINE('',#9005,#9006);
#9005 = CARTESIAN_POINT('',(-96.73500154919,-21.55,50.480241301718));
#9006 = VECTOR('',#9007,1.);
#9007 = DIRECTION('',(0.,1.,0.));
#9008 = PLANE('',#9009);
#9009 = AXIS2_PLACEMENT_3D('',#9010,#9011,#9012);
#9010 = CARTESIAN_POINT('',(-97.52118755326,-21.55,50.467010961577));
#9011 = DIRECTION('',(1.682612901069E-02,0.,-0.99985843067));
#9012 = DIRECTION('',(0.99985843067,0.,1.682612901069E-02));
#9013 = ADVANCED_FACE('',(#9014),#9032,.T.);
#9014 = FACE_BOUND('',#9015,.T.);
#9015 = EDGE_LOOP('',(#9016,#9024,#9025,#9026));
#9016 = ORIENTED_EDGE('',*,*,#9017,.T.);
#9017 = EDGE_CURVE('',#9018,#8994,#9020,.T.);
#9018 = VERTEX_POINT('',#9019);
#9019 = CARTESIAN_POINT('',(-95.94888823818,9.,50.4972512148));
#9020 = LINE('',#9021,#9022);
#9021 = CARTESIAN_POINT('',(-98.37551644656,9.,50.444743854436));
#9022 = VECTOR('',#9023,1.);
#9023 = DIRECTION('',(-0.999765980837,0.,-2.163292772008E-02));
#9024 = ORIENTED_EDGE('',*,*,#9003,.T.);
#9025 = ORIENTED_EDGE('',*,*,#5117,.T.);
#9026 = ORIENTED_EDGE('',*,*,#9027,.F.);
#9027 = EDGE_CURVE('',#9018,#5118,#9028,.T.);
#9028 = LINE('',#9029,#9030);
#9029 = CARTESIAN_POINT('',(-95.94888823818,-21.55,50.4972512148));
#9030 = VECTOR('',#9031,1.);
#9031 = DIRECTION('',(0.,1.,0.));
#9032 = PLANE('',#9033);
#9033 = AXIS2_PLACEMENT_3D('',#9034,#9035,#9036);
#9034 = CARTESIAN_POINT('',(-96.73500154919,-21.55,50.480241301718));
#9035 = DIRECTION('',(2.163292772008E-02,0.,-0.999765980837));
#9036 = DIRECTION('',(0.999765980837,0.,2.163292772008E-02));
#9037 = ADVANCED_FACE('',(#9038),#9056,.T.);
#9038 = FACE_BOUND('',#9039,.T.);
#9039 = EDGE_LOOP('',(#9040,#9048,#9049,#9050));
#9040 = ORIENTED_EDGE('',*,*,#9041,.T.);
#9041 = EDGE_CURVE('',#9042,#9018,#9044,.T.);
#9042 = VERTEX_POINT('',#9043);
#9043 = CARTESIAN_POINT('',(-95.16286579033,9.,50.51804030766));
#9044 = LINE('',#9045,#9046);
#9045 = CARTESIAN_POINT('',(-97.99731167145,9.,50.443073544575));
#9046 = VECTOR('',#9047,1.);
#9047 = DIRECTION('',(-0.999650422551,0.,-2.643922640899E-02));
#9048 = ORIENTED_EDGE('',*,*,#9027,.T.);
#9049 = ORIENTED_EDGE('',*,*,#5125,.T.);
#9050 = ORIENTED_EDGE('',*,*,#9051,.F.);
#9051 = EDGE_CURVE('',#9042,#5126,#9052,.T.);
#9052 = LINE('',#9053,#9054);
#9053 = CARTESIAN_POINT('',(-95.16286579033,-21.55,50.51804030766));
#9054 = VECTOR('',#9055,1.);
#9055 = DIRECTION('',(0.,1.,0.));
#9056 = PLANE('',#9057);
#9057 = AXIS2_PLACEMENT_3D('',#9058,#9059,#9060);
#9058 = CARTESIAN_POINT('',(-95.94888823818,-21.55,50.4972512148));
#9059 = DIRECTION('',(2.643922640899E-02,0.,-0.999650422551));
#9060 = DIRECTION('',(0.999650422551,0.,2.643922640899E-02));
#9061 = ADVANCED_FACE('',(#9062),#9080,.T.);
#9062 = FACE_BOUND('',#9063,.T.);
#9063 = EDGE_LOOP('',(#9064,#9072,#9073,#9074));
#9064 = ORIENTED_EDGE('',*,*,#9065,.T.);
#9065 = EDGE_CURVE('',#9066,#9042,#9068,.T.);
#9066 = VERTEX_POINT('',#9067);
#9067 = CARTESIAN_POINT('',(-94.37695237367,9.,50.542608099779));
#9068 = LINE('',#9069,#9070);
#9069 = CARTESIAN_POINT('',(-97.6189947468,9.,50.441261282971));
#9070 = VECTOR('',#9071,1.);
#9071 = DIRECTION('',(-0.999511758485,0.,-3.124491398533E-02));
#9072 = ORIENTED_EDGE('',*,*,#9051,.T.);
#9073 = ORIENTED_EDGE('',*,*,#5133,.T.);
#9074 = ORIENTED_EDGE('',*,*,#9075,.F.);
#9075 = EDGE_CURVE('',#9066,#5134,#9076,.T.);
#9076 = LINE('',#9077,#9078);
#9077 = CARTESIAN_POINT('',(-94.37695237367,-21.55,50.542608099779));
#9078 = VECTOR('',#9079,1.);
#9079 = DIRECTION('',(0.,1.,0.));
#9080 = PLANE('',#9081);
#9081 = AXIS2_PLACEMENT_3D('',#9082,#9083,#9084);
#9082 = CARTESIAN_POINT('',(-95.16286579033,-21.55,50.51804030766));
#9083 = DIRECTION('',(3.124491398533E-02,0.,-0.999511758485));
#9084 = DIRECTION('',(0.999511758485,0.,3.124491398533E-02));
#9085 = ADVANCED_FACE('',(#9086),#9104,.T.);
#9086 = FACE_BOUND('',#9087,.T.);
#9087 = EDGE_LOOP('',(#9088,#9096,#9097,#9098));
#9088 = ORIENTED_EDGE('',*,*,#9089,.T.);
#9089 = EDGE_CURVE('',#9090,#9066,#9092,.T.);
#9090 = VERTEX_POINT('',#9091);
#9091 = CARTESIAN_POINT('',(-93.59116615369,9.,50.570954023302));
#9092 = LINE('',#9093,#9094);
#9093 = CARTESIAN_POINT('',(-97.24054614814,9.,50.439308744218));
#9094 = VECTOR('',#9095,1.);
#9095 = DIRECTION('',(-0.999349991843,0.,-3.604987937105E-02));
#9096 = ORIENTED_EDGE('',*,*,#9075,.T.);
#9097 = ORIENTED_EDGE('',*,*,#5141,.T.);
#9098 = ORIENTED_EDGE('',*,*,#9099,.F.);
#9099 = EDGE_CURVE('',#9090,#5142,#9100,.T.);
#9100 = LINE('',#9101,#9102);
#9101 = CARTESIAN_POINT('',(-93.59116615369,-21.55,50.570954023302));
#9102 = VECTOR('',#9103,1.);
#9103 = DIRECTION('',(0.,1.,0.));
#9104 = PLANE('',#9105);
#9105 = AXIS2_PLACEMENT_3D('',#9106,#9107,#9108);
#9106 = CARTESIAN_POINT('',(-94.37695237367,-21.55,50.542608099779));
#9107 = DIRECTION('',(3.604987937105E-02,0.,-0.999349991843));
#9108 = DIRECTION('',(0.999349991843,0.,3.604987937105E-02));
#9109 = ADVANCED_FACE('',(#9110),#9128,.T.);
#9110 = FACE_BOUND('',#9111,.T.);
#9111 = EDGE_LOOP('',(#9112,#9120,#9121,#9122));
#9112 = ORIENTED_EDGE('',*,*,#9113,.T.);
#9113 = EDGE_CURVE('',#9114,#9090,#9116,.T.);
#9114 = VERTEX_POINT('',#9115);
#9115 = CARTESIAN_POINT('',(-92.80552529293,9.,50.603077423046));
#9116 = LINE('',#9117,#9118);
#9117 = CARTESIAN_POINT('',(-96.86194637104,9.,50.437217877891));
#9118 = VECTOR('',#9119,1.);
#9119 = DIRECTION('',(-0.999165126365,0.,-4.085401150493E-02));
#9120 = ORIENTED_EDGE('',*,*,#9099,.T.);
#9121 = ORIENTED_EDGE('',*,*,#5149,.T.);
#9122 = ORIENTED_EDGE('',*,*,#9123,.F.);
#9123 = EDGE_CURVE('',#9114,#5150,#9124,.T.);
#9124 = LINE('',#9125,#9126);
#9125 = CARTESIAN_POINT('',(-92.80552529293,-21.55,50.603077423046));
#9126 = VECTOR('',#9127,1.);
#9127 = DIRECTION('',(0.,1.,0.));
#9128 = PLANE('',#9129);
#9129 = AXIS2_PLACEMENT_3D('',#9130,#9131,#9132);
#9130 = CARTESIAN_POINT('',(-93.59116615369,-21.55,50.570954023302));
#9131 = DIRECTION('',(4.085401150493E-02,0.,-0.999165126365));
#9132 = DIRECTION('',(0.999165126365,0.,4.085401150493E-02));
#9133 = ADVANCED_FACE('',(#9134),#9152,.T.);
#9134 = FACE_BOUND('',#9135,.T.);
#9135 = EDGE_LOOP('',(#9136,#9144,#9145,#9146));
#9136 = ORIENTED_EDGE('',*,*,#9137,.T.);
#9137 = EDGE_CURVE('',#9138,#9114,#9140,.T.);
#9138 = VERTEX_POINT('',#9139);
#9139 = CARTESIAN_POINT('',(-92.0200479506,9.,50.638977556514));
#9140 = LINE('',#9141,#9142);
#9141 = CARTESIAN_POINT('',(-96.4831759342,9.,50.434990908319));
#9142 = VECTOR('',#9143,1.);
#9143 = DIRECTION('',(-0.998957166323,0.,-4.565719934476E-02));
#9144 = ORIENTED_EDGE('',*,*,#9123,.T.);
#9145 = ORIENTED_EDGE('',*,*,#5157,.T.);
#9146 = ORIENTED_EDGE('',*,*,#9147,.F.);
#9147 = EDGE_CURVE('',#9138,#5158,#9148,.T.);
#9148 = LINE('',#9149,#9150);
#9149 = CARTESIAN_POINT('',(-92.0200479506,-21.55,50.638977556514));
#9150 = VECTOR('',#9151,1.);
#9151 = DIRECTION('',(0.,1.,0.));
#9152 = PLANE('',#9153);
#9153 = AXIS2_PLACEMENT_3D('',#9154,#9155,#9156);
#9154 = CARTESIAN_POINT('',(-92.80552529293,-21.55,50.603077423046));
#9155 = DIRECTION('',(4.565719934476E-02,0.,-0.998957166323));
#9156 = DIRECTION('',(0.998957166323,0.,4.565719934476E-02));
#9157 = ADVANCED_FACE('',(#9158),#9176,.T.);
#9158 = FACE_BOUND('',#9159,.T.);
#9159 = EDGE_LOOP('',(#9160,#9168,#9169,#9170));
#9160 = ORIENTED_EDGE('',*,*,#9161,.T.);
#9161 = EDGE_CURVE('',#9162,#9138,#9164,.T.);
#9162 = VERTEX_POINT('',#9163);
#9163 = CARTESIAN_POINT('',(-91.23475228211,9.,50.678653593915));
#9164 = LINE('',#9165,#9166);
#9165 = CARTESIAN_POINT('',(-96.10421538247,9.,50.432630334338));
#9166 = VECTOR('',#9167,1.);
#9167 = DIRECTION('',(-0.998726116524,0.,-5.045933187053E-02));
#9168 = ORIENTED_EDGE('',*,*,#9147,.T.);
#9169 = ORIENTED_EDGE('',*,*,#5165,.T.);
#9170 = ORIENTED_EDGE('',*,*,#9171,.F.);
#9171 = EDGE_CURVE('',#9162,#5166,#9172,.T.);
#9172 = LINE('',#9173,#9174);
#9173 = CARTESIAN_POINT('',(-91.23475228211,-21.55,50.678653593915));
#9174 = VECTOR('',#9175,1.);
#9175 = DIRECTION('',(0.,1.,0.));
#9176 = PLANE('',#9177);
#9177 = AXIS2_PLACEMENT_3D('',#9178,#9179,#9180);
#9178 = CARTESIAN_POINT('',(-92.0200479506,-21.55,50.638977556514));
#9179 = DIRECTION('',(5.045933187053E-02,0.,-0.998726116524));
#9180 = DIRECTION('',(0.998726116524,0.,5.045933187053E-02));
#9181 = ADVANCED_FACE('',(#9182),#9200,.T.);
#9182 = FACE_BOUND('',#9183,.T.);
#9183 = EDGE_LOOP('',(#9184,#9192,#9193,#9194));
#9184 = ORIENTED_EDGE('',*,*,#9185,.T.);
#9185 = EDGE_CURVE('',#9186,#9162,#9188,.T.);
#9186 = VERTEX_POINT('',#9187);
#9187 = CARTESIAN_POINT('',(-90.44965643867,9.,50.722104618184));
#9188 = LINE('',#9189,#9190);
#9189 = CARTESIAN_POINT('',(-95.72504528994,9.,50.430138929003));
#9190 = VECTOR('',#9191,1.);
#9191 = DIRECTION('',(-0.998471982309,0.,-5.526029808631E-02));
#9192 = ORIENTED_EDGE('',*,*,#9171,.T.);
#9193 = ORIENTED_EDGE('',*,*,#5173,.T.);
#9194 = ORIENTED_EDGE('',*,*,#9195,.F.);
#9195 = EDGE_CURVE('',#9186,#5174,#9196,.T.);
#9196 = LINE('',#9197,#9198);
#9197 = CARTESIAN_POINT('',(-90.44965643867,-21.55,50.722104618184));
#9198 = VECTOR('',#9199,1.);
#9199 = DIRECTION('',(0.,1.,0.));
#9200 = PLANE('',#9201);
#9201 = AXIS2_PLACEMENT_3D('',#9202,#9203,#9204);
#9202 = CARTESIAN_POINT('',(-91.23475228211,-21.55,50.678653593915));
#9203 = DIRECTION('',(5.526029808631E-02,0.,-0.998471982309));
#9204 = DIRECTION('',(0.998471982309,0.,5.526029808631E-02));
#9205 = ADVANCED_FACE('',(#9206),#9224,.T.);
#9206 = FACE_BOUND('',#9207,.T.);
#9207 = EDGE_LOOP('',(#9208,#9216,#9217,#9218));
#9208 = ORIENTED_EDGE('',*,*,#9209,.T.);
#9209 = EDGE_CURVE('',#9210,#9186,#9212,.T.);
#9210 = VERTEX_POINT('',#9211);
#9211 = CARTESIAN_POINT('',(-89.66477856687,9.,50.769329624999));
#9212 = LINE('',#9213,#9214);
#9213 = CARTESIAN_POINT('',(-95.345646263,9.,50.427519739275));
#9214 = VECTOR('',#9215,1.);
#9215 = DIRECTION('',(-0.998194769551,0.,-6.005998702326E-02));
#9216 = ORIENTED_EDGE('',*,*,#9195,.T.);
#9217 = ORIENTED_EDGE('',*,*,#5181,.T.);
#9218 = ORIENTED_EDGE('',*,*,#9219,.F.);
#9219 = EDGE_CURVE('',#9210,#5182,#9220,.T.);
#9220 = LINE('',#9221,#9222);
#9221 = CARTESIAN_POINT('',(-89.66477856687,-21.55,50.769329624999));
#9222 = VECTOR('',#9223,1.);
#9223 = DIRECTION('',(0.,1.,0.));
#9224 = PLANE('',#9225);
#9225 = AXIS2_PLACEMENT_3D('',#9226,#9227,#9228);
#9226 = CARTESIAN_POINT('',(-90.44965643867,-21.55,50.722104618184));
#9227 = DIRECTION('',(6.005998702326E-02,0.,-0.998194769551));
#9228 = DIRECTION('',(0.998194769551,0.,6.005998702326E-02));
#9229 = ADVANCED_FACE('',(#9230),#9248,.T.);
#9230 = FACE_BOUND('',#9231,.T.);
#9231 = EDGE_LOOP('',(#9232,#9240,#9241,#9242));
#9232 = ORIENTED_EDGE('',*,*,#9233,.T.);
#9233 = EDGE_CURVE('',#9234,#9210,#9236,.T.);
#9234 = VERTEX_POINT('',#9235);
#9235 = CARTESIAN_POINT('',(-88.88013680829,9.,50.820327522808));
#9236 = LINE('',#9237,#9238);
#9237 = CARTESIAN_POINT('',(-94.96599894334,9.,50.424776085675));
#9238 = VECTOR('',#9239,1.);
#9239 = DIRECTION('',(-0.997894484658,0.,-6.4858287742E-02));
#9240 = ORIENTED_EDGE('',*,*,#9219,.T.);
#9241 = ORIENTED_EDGE('',*,*,#5189,.T.);
#9242 = ORIENTED_EDGE('',*,*,#9243,.F.);
#9243 = EDGE_CURVE('',#9234,#5190,#9244,.T.);
#9244 = LINE('',#9245,#9246);
#9245 = CARTESIAN_POINT('',(-88.88013680829,-21.55,50.820327522808));
#9246 = VECTOR('',#9247,1.);
#9247 = DIRECTION('',(0.,1.,0.));
#9248 = PLANE('',#9249);
#9249 = AXIS2_PLACEMENT_3D('',#9250,#9251,#9252);
#9250 = CARTESIAN_POINT('',(-89.66477856687,-21.55,50.769329624999));
#9251 = DIRECTION('',(6.4858287742E-02,0.,-0.997894484658));
#9252 = DIRECTION('',(0.997894484658,0.,6.4858287742E-02));
#9253 = ADVANCED_FACE('',(#9254),#9272,.T.);
#9254 = FACE_BOUND('',#9255,.T.);
#9255 = EDGE_LOOP('',(#9256,#9264,#9265,#9266));
#9256 = ORIENTED_EDGE('',*,*,#9257,.T.);
#9257 = EDGE_CURVE('',#9258,#9234,#9260,.T.);
#9258 = VERTEX_POINT('',#9259);
#9259 = CARTESIAN_POINT('',(-88.09574929901,9.,50.875097132853));
#9260 = LINE('',#9261,#9262);
#9261 = CARTESIAN_POINT('',(-94.58608401107,9.,50.421911561902));
#9262 = VECTOR('',#9263,1.);
#9263 = DIRECTION('',(-0.997571134571,0.,-6.96550893353E-02));
#9264 = ORIENTED_EDGE('',*,*,#9243,.T.);
#9265 = ORIENTED_EDGE('',*,*,#5197,.T.);
#9266 = ORIENTED_EDGE('',*,*,#9267,.F.);
#9267 = EDGE_CURVE('',#9258,#5198,#9268,.T.);
#9268 = LINE('',#9269,#9270);
#9269 = CARTESIAN_POINT('',(-88.09574929901,-21.55,50.875097132853));
#9270 = VECTOR('',#9271,1.);
#9271 = DIRECTION('',(0.,1.,0.));
#9272 = PLANE('',#9273);
#9273 = AXIS2_PLACEMENT_3D('',#9274,#9275,#9276);
#9274 = CARTESIAN_POINT('',(-88.88013680829,-21.55,50.820327522808));
#9275 = DIRECTION('',(6.96550893353E-02,0.,-0.997571134571));
#9276 = DIRECTION('',(0.997571134571,0.,6.96550893353E-02));
#9277 = ADVANCED_FACE('',(#9278),#9296,.T.);
#9278 = FACE_BOUND('',#9279,.T.);
#9279 = EDGE_LOOP('',(#9280,#9288,#9289,#9290));
#9280 = ORIENTED_EDGE('',*,*,#9281,.T.);
#9281 = EDGE_CURVE('',#9282,#9258,#9284,.T.);
#9282 = VERTEX_POINT('',#9283);
#9283 = CARTESIAN_POINT('',(-87.31163416926,9.,50.933637189196));
#9284 = LINE('',#9285,#9286);
#9285 = CARTESIAN_POINT('',(-94.20588218772,9.,50.418930034425));
#9286 = VECTOR('',#9287,1.);
#9287 = DIRECTION('',(-0.997224726764,0.,-7.445028093061E-02));
#9288 = ORIENTED_EDGE('',*,*,#9267,.T.);
#9289 = ORIENTED_EDGE('',*,*,#5205,.T.);
#9290 = ORIENTED_EDGE('',*,*,#9291,.F.);
#9291 = EDGE_CURVE('',#9282,#5206,#9292,.T.);
#9292 = LINE('',#9293,#9294);
#9293 = CARTESIAN_POINT('',(-87.31163416926,-21.55,50.933637189196));
#9294 = VECTOR('',#9295,1.);
#9295 = DIRECTION('',(0.,1.,0.));
#9296 = PLANE('',#9297);
#9297 = AXIS2_PLACEMENT_3D('',#9298,#9299,#9300);
#9298 = CARTESIAN_POINT('',(-88.09574929901,-21.55,50.875097132853));
#9299 = DIRECTION('',(7.445028093061E-02,0.,-0.997224726764));
#9300 = DIRECTION('',(0.997224726764,0.,7.445028093061E-02));
#9301 = ADVANCED_FACE('',(#9302),#9320,.T.);
#9302 = FACE_BOUND('',#9303,.T.);
#9303 = EDGE_LOOP('',(#9304,#9312,#9313,#9314));
#9304 = ORIENTED_EDGE('',*,*,#9305,.T.);
#9305 = EDGE_CURVE('',#9306,#9282,#9308,.T.);
#9306 = VERTEX_POINT('',#9307);
#9307 = CARTESIAN_POINT('',(-86.52780954297,9.,50.995946338751));
#9308 = LINE('',#9309,#9310);
#9309 = CARTESIAN_POINT('',(-93.82537423928,9.,50.415835642047));
#9310 = VECTOR('',#9311,1.);
#9311 = DIRECTION('',(-0.996855269243,0.,-7.924375169247E-02));
#9312 = ORIENTED_EDGE('',*,*,#9291,.T.);
#9313 = ORIENTED_EDGE('',*,*,#5213,.T.);
#9314 = ORIENTED_EDGE('',*,*,#9315,.F.);
#9315 = EDGE_CURVE('',#9306,#5214,#9316,.T.);
#9316 = LINE('',#9317,#9318);
#9317 = CARTESIAN_POINT('',(-86.52780954297,-21.55,50.995946338751));
#9318 = VECTOR('',#9319,1.);
#9319 = DIRECTION('',(0.,1.,0.));
#9320 = PLANE('',#9321);
#9321 = AXIS2_PLACEMENT_3D('',#9322,#9323,#9324);
#9322 = CARTESIAN_POINT('',(-87.31163416926,-21.55,50.933637189196));
#9323 = DIRECTION('',(7.924375169247E-02,0.,-0.996855269243));
#9324 = DIRECTION('',(0.996855269243,0.,7.924375169247E-02));
#9325 = ADVANCED_FACE('',(#9326),#9337,.T.);
#9326 = FACE_BOUND('',#9327,.T.);
#9327 = EDGE_LOOP('',(#9328,#9334,#9335,#9336));
#9328 = ORIENTED_EDGE('',*,*,#9329,.T.);
#9329 = EDGE_CURVE('',#7004,#9306,#9330,.T.);
#9330 = LINE('',#9331,#9332);
#9331 = CARTESIAN_POINT('',(-93.44454097924,9.,50.412632795426));
#9332 = VECTOR('',#9333,1.);
#9333 = DIRECTION('',(-0.996462770548,0.,-8.403539082525E-02));
#9334 = ORIENTED_EDGE('',*,*,#9315,.T.);
#9335 = ORIENTED_EDGE('',*,*,#5221,.T.);
#9336 = ORIENTED_EDGE('',*,*,#7011,.F.);
#9337 = PLANE('',#9338);
#9338 = AXIS2_PLACEMENT_3D('',#9339,#9340,#9341);
#9339 = CARTESIAN_POINT('',(-86.52780954297,-21.55,50.995946338751));
#9340 = DIRECTION('',(8.403539082525E-02,0.,-0.996462770548));
#9341 = DIRECTION('',(0.996462770548,0.,8.403539082525E-02));
#9342 = ADVANCED_FACE('',(#9343),#9361,.T.);
#9343 = FACE_BOUND('',#9344,.T.);
#9344 = EDGE_LOOP('',(#9345,#9353,#9354,#9355));
#9345 = ORIENTED_EDGE('',*,*,#9346,.T.);
#9346 = EDGE_CURVE('',#9347,#7750,#9349,.T.);
#9347 = VERTEX_POINT('',#9348);
#9348 = CARTESIAN_POINT('',(-98.45261814899,7.,65.556862465618));
#9349 = LINE('',#9350,#9351);
#9350 = CARTESIAN_POINT('',(-100.1232166164,7.,65.536782190161));
#9351 = VECTOR('',#9352,1.);
#9352 = DIRECTION('',(0.999927769915,-0.,1.201894138447E-02));
#9353 = ORIENTED_EDGE('',*,*,#7749,.T.);
#9354 = ORIENTED_EDGE('',*,*,#5581,.T.);
#9355 = ORIENTED_EDGE('',*,*,#9356,.F.);
#9356 = EDGE_CURVE('',#9347,#5582,#9357,.T.);
#9357 = LINE('',#9358,#9359);
#9358 = CARTESIAN_POINT('',(-98.45261814899,-21.55,65.556862465618));
#9359 = VECTOR('',#9360,1.);
#9360 = DIRECTION('',(0.,1.,0.));
#9361 = PLANE('',#9362);
#9362 = AXIS2_PLACEMENT_3D('',#9363,#9364,#9365);
#9363 = CARTESIAN_POINT('',(-97.73896846397,-21.55,65.565440398936));
#9364 = DIRECTION('',(-1.201894138447E-02,0.,0.999927769915));
#9365 = DIRECTION('',(-0.999927769915,0.,-1.201894138447E-02));
#9366 = ADVANCED_FACE('',(#9367),#9385,.T.);
#9367 = FACE_BOUND('',#9368,.T.);
#9368 = EDGE_LOOP('',(#9369,#9377,#9378,#9379));
#9369 = ORIENTED_EDGE('',*,*,#9370,.T.);
#9370 = EDGE_CURVE('',#9371,#9347,#9373,.T.);
#9371 = VERTEX_POINT('',#9372);
#9372 = CARTESIAN_POINT('',(-99.16630082632,7.,65.551715626318));
#9373 = LINE('',#9374,#9375);
#9374 = CARTESIAN_POINT('',(-100.4772140026,7.,65.54226176164));
#9375 = VECTOR('',#9376,1.);
#9376 = DIRECTION('',(0.999973996969,-0.,7.211475954172E-03));
#9377 = ORIENTED_EDGE('',*,*,#9356,.T.);
#9378 = ORIENTED_EDGE('',*,*,#5589,.T.);
#9379 = ORIENTED_EDGE('',*,*,#9380,.F.);
#9380 = EDGE_CURVE('',#9371,#5590,#9381,.T.);
#9381 = LINE('',#9382,#9383);
#9382 = CARTESIAN_POINT('',(-99.16630082632,-21.55,65.551715626318));
#9383 = VECTOR('',#9384,1.);
#9384 = DIRECTION('',(0.,1.,0.));
#9385 = PLANE('',#9386);
#9386 = AXIS2_PLACEMENT_3D('',#9387,#9388,#9389);
#9387 = CARTESIAN_POINT('',(-98.45261814899,-21.55,65.556862465618));
#9388 = DIRECTION('',(-7.211475954172E-03,0.,0.999973996969));
#9389 = DIRECTION('',(-0.999973996969,0.,-7.211475954172E-03));
#9390 = ADVANCED_FACE('',(#9391),#9409,.T.);
#9391 = FACE_BOUND('',#9392,.T.);
#9392 = EDGE_LOOP('',(#9393,#9401,#9402,#9403));
#9393 = ORIENTED_EDGE('',*,*,#9394,.T.);
#9394 = EDGE_CURVE('',#9395,#9371,#9397,.T.);
#9395 = VERTEX_POINT('',#9396);
#9396 = CARTESIAN_POINT('',(-99.88,7.,65.55));
#9397 = LINE('',#9398,#9399);
#9398 = CARTESIAN_POINT('',(-100.8311299647,7.,65.547713625489));
#9399 = VECTOR('',#9400,1.);
#9400 = DIRECTION('',(0.999997110763,-0.,2.403843838742E-03));
#9401 = ORIENTED_EDGE('',*,*,#9380,.T.);
#9402 = ORIENTED_EDGE('',*,*,#5597,.T.);
#9403 = ORIENTED_EDGE('',*,*,#9404,.F.);
#9404 = EDGE_CURVE('',#9395,#5598,#9405,.T.);
#9405 = LINE('',#9406,#9407);
#9406 = CARTESIAN_POINT('',(-99.88,-21.55,65.55));
#9407 = VECTOR('',#9408,1.);
#9408 = DIRECTION('',(0.,1.,0.));
#9409 = PLANE('',#9410);
#9410 = AXIS2_PLACEMENT_3D('',#9411,#9412,#9413);
#9411 = CARTESIAN_POINT('',(-99.16630082632,-21.55,65.551715626318));
#9412 = DIRECTION('',(-2.403843838742E-03,0.,0.999997110763));
#9413 = DIRECTION('',(-0.999997110763,0.,-2.403843838742E-03));
#9414 = ADVANCED_FACE('',(#9415),#9433,.T.);
#9415 = FACE_BOUND('',#9416,.T.);
#9416 = EDGE_LOOP('',(#9417,#9425,#9426,#9427));
#9417 = ORIENTED_EDGE('',*,*,#9418,.T.);
#9418 = EDGE_CURVE('',#9419,#9395,#9421,.T.);
#9419 = VERTEX_POINT('',#9420);
#9420 = CARTESIAN_POINT('',(-100.5936991736,7.,65.551715626318));
#9421 = LINE('',#9422,#9423);
#9422 = CARTESIAN_POINT('',(-101.1849812693,7.,65.553136980248));
#9423 = VECTOR('',#9424,1.);
#9424 = DIRECTION('',(0.999997110763,0.,-2.403843838742E-03));
#9425 = ORIENTED_EDGE('',*,*,#9404,.T.);
#9426 = ORIENTED_EDGE('',*,*,#5605,.T.);
#9427 = ORIENTED_EDGE('',*,*,#9428,.F.);
#9428 = EDGE_CURVE('',#9419,#5606,#9429,.T.);
#9429 = LINE('',#9430,#9431);
#9430 = CARTESIAN_POINT('',(-100.5936991736,-21.55,65.551715626318));
#9431 = VECTOR('',#9432,1.);
#9432 = DIRECTION('',(0.,1.,0.));
#9433 = PLANE('',#9434);
#9434 = AXIS2_PLACEMENT_3D('',#9435,#9436,#9437);
#9435 = CARTESIAN_POINT('',(-99.88,-21.55,65.55));
#9436 = DIRECTION('',(2.403843838742E-03,-0.,0.999997110763));
#9437 = DIRECTION('',(-0.999997110763,0.,2.403843838742E-03));
#9438 = ADVANCED_FACE('',(#9439),#9457,.T.);
#9439 = FACE_BOUND('',#9440,.T.);
#9440 = EDGE_LOOP('',(#9441,#9449,#9450,#9451));
#9441 = ORIENTED_EDGE('',*,*,#9442,.T.);
#9442 = EDGE_CURVE('',#9443,#9419,#9445,.T.);
#9443 = VERTEX_POINT('',#9444);
#9444 = CARTESIAN_POINT('',(-101.307381851,7.,65.556862465618));
#9445 = LINE('',#9446,#9447);
#9446 = CARTESIAN_POINT('',(-101.5387846898,7.,65.55853126502));
#9447 = VECTOR('',#9448,1.);
#9448 = DIRECTION('',(0.999973996969,0.,-7.211475954172E-03));
#9449 = ORIENTED_EDGE('',*,*,#9428,.T.);
#9450 = ORIENTED_EDGE('',*,*,#5613,.T.);
#9451 = ORIENTED_EDGE('',*,*,#9452,.F.);
#9452 = EDGE_CURVE('',#9443,#5614,#9453,.T.);
#9453 = LINE('',#9454,#9455);
#9454 = CARTESIAN_POINT('',(-101.307381851,-21.55,65.556862465618));
#9455 = VECTOR('',#9456,1.);
#9456 = DIRECTION('',(0.,1.,0.));
#9457 = PLANE('',#9458);
#9458 = AXIS2_PLACEMENT_3D('',#9459,#9460,#9461);
#9459 = CARTESIAN_POINT('',(-100.5936991736,-21.55,65.551715626318));
#9460 = DIRECTION('',(7.211475954172E-03,-0.,0.999973996969));
#9461 = DIRECTION('',(-0.999973996969,0.,7.211475954172E-03));
#9462 = ADVANCED_FACE('',(#9463),#9481,.T.);
#9463 = FACE_BOUND('',#9464,.T.);
#9464 = EDGE_LOOP('',(#9465,#9473,#9474,#9475));
#9465 = ORIENTED_EDGE('',*,*,#9466,.T.);
#9466 = EDGE_CURVE('',#9467,#9443,#9469,.T.);
#9467 = VERTEX_POINT('',#9468);
#9468 = CARTESIAN_POINT('',(-102.021031536,7.,65.565440398936));
#9469 = LINE('',#9470,#9471);
#9470 = CARTESIAN_POINT('',(-101.8925570037,7.,65.563896159523));
#9471 = VECTOR('',#9472,1.);
#9472 = DIRECTION('',(0.999927769915,0.,-1.201894138447E-02));
#9473 = ORIENTED_EDGE('',*,*,#9452,.T.);
#9474 = ORIENTED_EDGE('',*,*,#5621,.T.);
#9475 = ORIENTED_EDGE('',*,*,#9476,.F.);
#9476 = EDGE_CURVE('',#9467,#5622,#9477,.T.);
#9477 = LINE('',#9478,#9479);
#9478 = CARTESIAN_POINT('',(-102.021031536,-21.55,65.565440398936));
#9479 = VECTOR('',#9480,1.);
#9480 = DIRECTION('',(0.,1.,0.));
#9481 = PLANE('',#9482);
#9482 = AXIS2_PLACEMENT_3D('',#9483,#9484,#9485);
#9483 = CARTESIAN_POINT('',(-101.307381851,-21.55,65.556862465618));
#9484 = DIRECTION('',(1.201894138447E-02,-0.,0.999927769915));
#9485 = DIRECTION('',(-0.999927769915,0.,1.201894138447E-02));
#9486 = ADVANCED_FACE('',(#9487),#9505,.T.);
#9487 = FACE_BOUND('',#9488,.T.);
#9488 = EDGE_LOOP('',(#9489,#9497,#9498,#9499));
#9489 = ORIENTED_EDGE('',*,*,#9490,.T.);
#9490 = EDGE_CURVE('',#9491,#9467,#9493,.T.);
#9491 = VERTEX_POINT('',#9492);
#9492 = CARTESIAN_POINT('',(-102.7346317335,7.,65.577449228004));
#9493 = LINE('',#9494,#9495);
#9494 = CARTESIAN_POINT('',(-102.2463149898,7.,65.56923158411));
#9495 = VECTOR('',#9496,1.);
#9496 = DIRECTION('',(0.99985843067,0.,-1.68261290107E-02));
#9497 = ORIENTED_EDGE('',*,*,#9476,.T.);
#9498 = ORIENTED_EDGE('',*,*,#5629,.T.);
#9499 = ORIENTED_EDGE('',*,*,#9500,.F.);
#9500 = EDGE_CURVE('',#9491,#5630,#9501,.T.);
#9501 = LINE('',#9502,#9503);
#9502 = CARTESIAN_POINT('',(-102.7346317335,-21.55,65.577449228004));
#9503 = VECTOR('',#9504,1.);
#9504 = DIRECTION('',(0.,1.,0.));
#9505 = PLANE('',#9506);
#9506 = AXIS2_PLACEMENT_3D('',#9507,#9508,#9509);
#9507 = CARTESIAN_POINT('',(-102.021031536,-21.55,65.565440398936));
#9508 = DIRECTION('',(1.68261290107E-02,-0.,0.99985843067));
#9509 = DIRECTION('',(-0.99985843067,0.,1.68261290107E-02));
#9510 = ADVANCED_FACE('',(#9511),#9529,.T.);
#9511 = FACE_BOUND('',#9512,.T.);
#9512 = EDGE_LOOP('',(#9513,#9521,#9522,#9523));
#9513 = ORIENTED_EDGE('',*,*,#9514,.T.);
#9514 = EDGE_CURVE('',#9515,#9491,#9517,.T.);
#9515 = VERTEX_POINT('',#9516);
#9516 = CARTESIAN_POINT('',(-103.4481659495,7.,65.59288867525));
#9517 = LINE('',#9518,#9519);
#9518 = CARTESIAN_POINT('',(-102.600075426,7.,65.574537699775));
#9519 = VECTOR('',#9520,1.);
#9520 = DIRECTION('',(0.999765980837,0.,-2.16329277201E-02));
#9521 = ORIENTED_EDGE('',*,*,#9500,.T.);
#9522 = ORIENTED_EDGE('',*,*,#5637,.T.);
#9523 = ORIENTED_EDGE('',*,*,#9524,.F.);
#9524 = EDGE_CURVE('',#9515,#5638,#9525,.T.);
#9525 = LINE('',#9526,#9527);
#9526 = CARTESIAN_POINT('',(-103.4481659495,-21.55,65.59288867525));
#9527 = VECTOR('',#9528,1.);
#9528 = DIRECTION('',(0.,1.,0.));
#9529 = PLANE('',#9530);
#9530 = AXIS2_PLACEMENT_3D('',#9531,#9532,#9533);
#9531 = CARTESIAN_POINT('',(-102.7346317335,-21.55,65.577449228004));
#9532 = DIRECTION('',(2.16329277201E-02,-0.,0.999765980837));
#9533 = DIRECTION('',(-0.999765980837,0.,2.16329277201E-02));
#9534 = ADVANCED_FACE('',(#9535),#9553,.T.);
#9535 = FACE_BOUND('',#9536,.T.);
#9536 = EDGE_LOOP('',(#9537,#9545,#9546,#9547));
#9537 = ORIENTED_EDGE('',*,*,#9538,.T.);
#9538 = EDGE_CURVE('',#9539,#9515,#9541,.T.);
#9539 = VERTEX_POINT('',#9540);
#9540 = CARTESIAN_POINT('',(-104.1616176913,7.,65.61175838381));
#9541 = LINE('',#9542,#9543);
#9542 = CARTESIAN_POINT('',(-102.9538550858,7.,65.579814908116));
#9543 = VECTOR('',#9544,1.);
#9544 = DIRECTION('',(0.999650422551,0.,-2.643922640899E-02));
#9545 = ORIENTED_EDGE('',*,*,#9524,.T.);
#9546 = ORIENTED_EDGE('',*,*,#5645,.T.);
#9547 = ORIENTED_EDGE('',*,*,#9548,.F.);
#9548 = EDGE_CURVE('',#9539,#5646,#9549,.T.);
#9549 = LINE('',#9550,#9551);
#9550 = CARTESIAN_POINT('',(-104.1616176913,-21.55,65.61175838381));
#9551 = VECTOR('',#9552,1.);
#9552 = DIRECTION('',(0.,1.,0.));
#9553 = PLANE('',#9554);
#9554 = AXIS2_PLACEMENT_3D('',#9555,#9556,#9557);
#9555 = CARTESIAN_POINT('',(-103.4481659495,-21.55,65.59288867525));
#9556 = DIRECTION('',(2.643922640899E-02,-0.,0.999650422551));
#9557 = DIRECTION('',(-0.999650422551,0.,2.643922640899E-02));
#9558 = ADVANCED_FACE('',(#9559),#9577,.T.);
#9559 = FACE_BOUND('',#9560,.T.);
#9560 = EDGE_LOOP('',(#9561,#9569,#9570,#9571));
#9561 = ORIENTED_EDGE('',*,*,#9562,.T.);
#9562 = EDGE_CURVE('',#9563,#9539,#9565,.T.);
#9563 = VERTEX_POINT('',#9564);
#9564 = CARTESIAN_POINT('',(-104.8749704685,7.,65.634057917531));
#9565 = LINE('',#9566,#9567);
#9566 = CARTESIAN_POINT('',(-103.3076707366,7.,65.585063851281));
#9567 = VECTOR('',#9568,1.);
#9568 = DIRECTION('',(0.999511758485,0.,-3.124491398531E-02));
#9569 = ORIENTED_EDGE('',*,*,#9548,.T.);
#9570 = ORIENTED_EDGE('',*,*,#5653,.T.);
#9571 = ORIENTED_EDGE('',*,*,#9572,.F.);
#9572 = EDGE_CURVE('',#9563,#5654,#9573,.T.);
#9573 = LINE('',#9574,#9575);
#9574 = CARTESIAN_POINT('',(-104.8749704685,-21.55,65.634057917531));
#9575 = VECTOR('',#9576,1.);
#9576 = DIRECTION('',(0.,1.,0.));
#9577 = PLANE('',#9578);
#9578 = AXIS2_PLACEMENT_3D('',#9579,#9580,#9581);
#9579 = CARTESIAN_POINT('',(-104.1616176913,-21.55,65.61175838381));
#9580 = DIRECTION('',(3.124491398531E-02,-0.,0.999511758485));
#9581 = DIRECTION('',(-0.999511758485,0.,3.124491398531E-02));
#9582 = ADVANCED_FACE('',(#9583),#9601,.T.);
#9583 = FACE_BOUND('',#9584,.T.);
#9584 = EDGE_LOOP('',(#9585,#9593,#9594,#9595));
#9585 = ORIENTED_EDGE('',*,*,#9586,.T.);
#9586 = EDGE_CURVE('',#9587,#9563,#9589,.T.);
#9587 = VERTEX_POINT('',#9588);
#9588 = CARTESIAN_POINT('',(-105.5882077926,7.,65.659786760986));
#9589 = LINE('',#9590,#9591);
#9590 = CARTESIAN_POINT('',(-103.661539136,7.,65.590285411883));
#9591 = VECTOR('',#9592,1.);
#9592 = DIRECTION('',(0.999349991843,0.,-3.604987937107E-02));
#9593 = ORIENTED_EDGE('',*,*,#9572,.T.);
#9594 = ORIENTED_EDGE('',*,*,#5661,.T.);
#9595 = ORIENTED_EDGE('',*,*,#9596,.F.);
#9596 = EDGE_CURVE('',#9587,#5662,#9597,.T.);
#9597 = LINE('',#9598,#9599);
#9598 = CARTESIAN_POINT('',(-105.5882077926,-21.55,65.659786760986));
#9599 = VECTOR('',#9600,1.);
#9600 = DIRECTION('',(0.,1.,0.));
#9601 = PLANE('',#9602);
#9602 = AXIS2_PLACEMENT_3D('',#9603,#9604,#9605);
#9603 = CARTESIAN_POINT('',(-104.8749704685,-21.55,65.634057917531));
#9604 = DIRECTION('',(3.604987937107E-02,-0.,0.999349991843));
#9605 = DIRECTION('',(-0.999349991843,0.,3.604987937107E-02));
#9606 = ADVANCED_FACE('',(#9607),#9625,.T.);
#9607 = FACE_BOUND('',#9608,.T.);
#9608 = EDGE_LOOP('',(#9609,#9617,#9618,#9619));
#9609 = ORIENTED_EDGE('',*,*,#9610,.T.);
#9610 = EDGE_CURVE('',#9611,#9587,#9613,.T.);
#9611 = VERTEX_POINT('',#9612);
#9612 = CARTESIAN_POINT('',(-106.301313178,7.,65.688944319481));
#9613 = LINE('',#9614,#9615);
#9614 = CARTESIAN_POINT('',(-104.0154770297,7.,65.595480712882));
#9615 = VECTOR('',#9616,1.);
#9616 = DIRECTION('',(0.999165126365,0.,-4.085401150491E-02));
#9617 = ORIENTED_EDGE('',*,*,#9596,.T.);
#9618 = ORIENTED_EDGE('',*,*,#5669,.T.);
#9619 = ORIENTED_EDGE('',*,*,#9620,.F.);
#9620 = EDGE_CURVE('',#9611,#5670,#9621,.T.);
#9621 = LINE('',#9622,#9623);
#9622 = CARTESIAN_POINT('',(-106.301313178,-21.55,65.688944319481));
#9623 = VECTOR('',#9624,1.);
#9624 = DIRECTION('',(0.,1.,0.));
#9625 = PLANE('',#9626);
#9626 = AXIS2_PLACEMENT_3D('',#9627,#9628,#9629);
#9627 = CARTESIAN_POINT('',(-105.5882077926,-21.55,65.659786760986));
#9628 = DIRECTION('',(4.085401150491E-02,-0.,0.999165126365));
#9629 = DIRECTION('',(-0.999165126365,0.,4.085401150491E-02));
#9630 = ADVANCED_FACE('',(#9631),#9642,.T.);
#9631 = FACE_BOUND('',#9632,.T.);
#9632 = EDGE_LOOP('',(#9633,#9639,#9640,#9641));
#9633 = ORIENTED_EDGE('',*,*,#9634,.T.);
#9634 = EDGE_CURVE('',#8126,#9611,#9635,.T.);
#9635 = LINE('',#9636,#9637);
#9636 = CARTESIAN_POINT('',(-104.369501149,7.,65.600651117452));
#9637 = VECTOR('',#9638,1.);
#9638 = DIRECTION('',(0.998957166323,0.,-4.565719934476E-02));
#9639 = ORIENTED_EDGE('',*,*,#9620,.T.);
#9640 = ORIENTED_EDGE('',*,*,#5677,.T.);
#9641 = ORIENTED_EDGE('',*,*,#8133,.F.);
#9642 = PLANE('',#9643);
#9643 = AXIS2_PLACEMENT_3D('',#9644,#9645,#9646);
#9644 = CARTESIAN_POINT('',(-106.301313178,-21.55,65.688944319481));
#9645 = DIRECTION('',(4.565719934476E-02,-0.,0.998957166323));
#9646 = DIRECTION('',(-0.998957166323,0.,4.565719934476E-02));
#9647 = ADVANCED_FACE('',(#9648),#10214,.T.);
#9648 = FACE_BOUND('',#9649,.T.);
#9649 = EDGE_LOOP('',(#9650,#9658,#9666,#9674,#9682,#9690,#9698,#9706,
    #9714,#9722,#9730,#9738,#9746,#9754,#9762,#9770,#9778,#9786,#9794,
    #9802,#9810,#9818,#9826,#9834,#9842,#9850,#9858,#9866,#9874,#9882,
    #9890,#9898,#9906,#9914,#9922,#9930,#9938,#9946,#9954,#9962,#9970,
    #9978,#9986,#9994,#10002,#10010,#10018,#10026,#10034,#10042,#10050,
    #10058,#10066,#10074,#10082,#10090,#10098,#10106,#10114,#10122,
    #10130,#10138,#10146,#10154,#10162,#10170,#10176,#10177,#10178,
    #10179,#10180,#10181,#10182,#10183,#10184,#10185,#10186,#10187,
    #10188,#10189,#10190,#10191,#10192,#10193,#10194,#10195,#10196,
    #10197,#10198,#10199,#10200,#10201,#10202,#10203,#10204,#10205,
    #10206,#10207,#10208,#10209,#10210,#10211,#10212,#10213));
#9650 = ORIENTED_EDGE('',*,*,#9651,.T.);
#9651 = EDGE_CURVE('',#6092,#9652,#9654,.T.);
#9652 = VERTEX_POINT('',#9653);
#9653 = CARTESIAN_POINT('',(-115.393722209,-9.,36.677343739669));
#9654 = LINE('',#9655,#9656);
#9655 = CARTESIAN_POINT('',(-113.9992303251,-9.,52.616458909137));
#9656 = VECTOR('',#9657,1.);
#9657 = DIRECTION('',(-8.715574274766E-02,0.,-0.996194698092));
#9658 = ORIENTED_EDGE('',*,*,#9659,.T.);
#9659 = EDGE_CURVE('',#9652,#9660,#9662,.T.);
#9660 = VERTEX_POINT('',#9661);
#9661 = CARTESIAN_POINT('',(-114.9100925914,-9.,36.635696047109));
#9662 = LINE('',#9663,#9664);
#9663 = CARTESIAN_POINT('',(-115.393722209,-9.,36.677343739669));
#9664 = VECTOR('',#9665,1.);
#9665 = DIRECTION('',(0.996312612183,0.,-8.579731234437E-02));
#9666 = ORIENTED_EDGE('',*,*,#9667,.T.);
#9667 = EDGE_CURVE('',#9660,#9668,#9670,.T.);
#9668 = VERTEX_POINT('',#9669);
#9669 = CARTESIAN_POINT('',(-114.4263511957,-9.,36.595367402966));
#9670 = LINE('',#9671,#9672);
#9671 = CARTESIAN_POINT('',(-114.9100925914,-9.,36.635696047109));
#9672 = VECTOR('',#9673,1.);
#9673 = DIRECTION('',(0.996542883006,0.,-8.307997551139E-02));
#9674 = ORIENTED_EDGE('',*,*,#9675,.T.);
#9675 = EDGE_CURVE('',#9668,#9676,#9678,.T.);
#9676 = VERTEX_POINT('',#9677);
#9677 = CARTESIAN_POINT('',(-113.9425016197,-9.,36.556358107161));
#9678 = LINE('',#9679,#9680);
#9679 = CARTESIAN_POINT('',(-114.4263511957,-9.,36.595367402966));
#9680 = VECTOR('',#9681,1.);
#9681 = DIRECTION('',(0.996765742595,0.,-8.036202081716E-02));
#9682 = ORIENTED_EDGE('',*,*,#9683,.T.);
#9683 = EDGE_CURVE('',#9676,#9684,#9686,.T.);
#9684 = VERTEX_POINT('',#9685);
#9685 = CARTESIAN_POINT('',(-113.4585474617,-9.,36.518668449805));
#9686 = LINE('',#9687,#9688);
#9687 = CARTESIAN_POINT('',(-113.9425016197,-9.,36.556358107161));
#9688 = VECTOR('',#9689,1.);
#9689 = DIRECTION('',(0.996981189293,0.,-7.764346847504E-02));
#9690 = ORIENTED_EDGE('',*,*,#9691,.T.);
#9691 = EDGE_CURVE('',#9684,#9692,#9694,.T.);
#9692 = VERTEX_POINT('',#9693);
#9693 = CARTESIAN_POINT('',(-112.9744923207,-9.,36.482298711193));
#9694 = LINE('',#9695,#9696);
#9695 = CARTESIAN_POINT('',(-113.4585474617,-9.,36.518668449805));
#9696 = VECTOR('',#9697,1.);
#9697 = DIRECTION('',(0.997189221497,0.,-7.492433870286E-02));
#9698 = ORIENTED_EDGE('',*,*,#9699,.T.);
#9699 = EDGE_CURVE('',#9692,#9700,#9702,.T.);
#9700 = VERTEX_POINT('',#9701);
#9701 = CARTESIAN_POINT('',(-112.4903397967,-9.,36.447249161805));
#9702 = LINE('',#9703,#9704);
#9703 = CARTESIAN_POINT('',(-112.9744923207,-9.,36.482298711193));
#9704 = VECTOR('',#9705,1.);
#9705 = DIRECTION('',(0.997389837661,0.,-7.220465172255E-02));
#9706 = ORIENTED_EDGE('',*,*,#9707,.T.);
#9707 = EDGE_CURVE('',#9700,#9708,#9710,.T.);
#9708 = VERTEX_POINT('',#9709);
#9709 = CARTESIAN_POINT('',(-112.0060934904,-9.,36.413520062303));
#9710 = LINE('',#9711,#9712);
#9711 = CARTESIAN_POINT('',(-112.4903397967,-9.,36.447249161805));
#9712 = VECTOR('',#9713,1.);
#9713 = DIRECTION('',(0.997583036293,0.,-6.948442776027E-02));
#9714 = ORIENTED_EDGE('',*,*,#9715,.T.);
#9715 = EDGE_CURVE('',#9708,#9716,#9718,.T.);
#9716 = VERTEX_POINT('',#9717);
#9717 = CARTESIAN_POINT('',(-111.5217570029,-9.,36.381111663529));
#9718 = LINE('',#9719,#9720);
#9719 = CARTESIAN_POINT('',(-112.0060934904,-9.,36.413520062303));
#9720 = VECTOR('',#9721,1.);
#9721 = DIRECTION('',(0.997768815955,0.,-6.676368704612E-02));
#9722 = ORIENTED_EDGE('',*,*,#9723,.T.);
#9723 = EDGE_CURVE('',#9716,#9724,#9726,.T.);
#9724 = VERTEX_POINT('',#9725);
#9725 = CARTESIAN_POINT('',(-111.0373339364,-9.,36.3500242065));
#9726 = LINE('',#9727,#9728);
#9727 = CARTESIAN_POINT('',(-111.5217570029,-9.,36.381111663529));
#9728 = VECTOR('',#9729,1.);
#9729 = DIRECTION('',(0.997947175266,0.,-6.404244981423E-02));
#9730 = ORIENTED_EDGE('',*,*,#9731,.T.);
#9731 = EDGE_CURVE('',#9724,#9732,#9734,.T.);
#9732 = VERTEX_POINT('',#9733);
#9733 = CARTESIAN_POINT('',(-110.5528278934,-9.,36.320257922414));
#9734 = LINE('',#9735,#9736);
#9735 = CARTESIAN_POINT('',(-111.0373339364,-9.,36.3500242065));
#9736 = VECTOR('',#9737,1.);
#9737 = DIRECTION('',(0.9981181129,0.,-6.13207363022E-02));
#9738 = ORIENTED_EDGE('',*,*,#9739,.T.);
#9739 = EDGE_CURVE('',#9732,#9740,#9742,.T.);
#9740 = VERTEX_POINT('',#9741);
#9741 = CARTESIAN_POINT('',(-110.0682424771,-9.,36.29181303264));
#9742 = LINE('',#9743,#9744);
#9743 = CARTESIAN_POINT('',(-110.5528278934,-9.,36.320257922414));
#9744 = VECTOR('',#9745,1.);
#9745 = DIRECTION('',(0.998281627585,0.,-5.859856675131E-02));
#9746 = ORIENTED_EDGE('',*,*,#9747,.T.);
#9747 = EDGE_CURVE('',#9740,#9748,#9750,.T.);
#9748 = VERTEX_POINT('',#9749);
#9749 = CARTESIAN_POINT('',(-109.5835812915,-9.,36.264689748722));
#9750 = LINE('',#9751,#9752);
#9751 = CARTESIAN_POINT('',(-110.0682424771,-9.,36.29181303264));
#9752 = VECTOR('',#9753,1.);
#9753 = DIRECTION('',(0.998437718106,0.,-5.587596140611E-02));
#9754 = ORIENTED_EDGE('',*,*,#9755,.T.);
#9755 = EDGE_CURVE('',#9748,#9756,#9758,.T.);
#9756 = VERTEX_POINT('',#9757);
#9757 = CARTESIAN_POINT('',(-109.0988479409,-9.,36.238888272374));
#9758 = LINE('',#9759,#9760);
#9759 = CARTESIAN_POINT('',(-109.5835812915,-9.,36.264689748722));
#9760 = VECTOR('',#9761,1.);
#9761 = DIRECTION('',(0.998586383301,0.,-5.31529405145E-02));
#9762 = ORIENTED_EDGE('',*,*,#9763,.T.);
#9763 = EDGE_CURVE('',#9756,#9764,#9766,.T.);
#9764 = VERTEX_POINT('',#9765);
#9765 = CARTESIAN_POINT('',(-108.6140460302,-9.,36.214408795479));
#9766 = LINE('',#9767,#9768);
#9767 = CARTESIAN_POINT('',(-109.0988479409,-9.,36.238888272374));
#9768 = VECTOR('',#9769,1.);
#9769 = DIRECTION('',(0.998727622065,0.,-5.042952432754E-02));
#9770 = ORIENTED_EDGE('',*,*,#9771,.T.);
#9771 = EDGE_CURVE('',#9764,#9772,#9774,.T.);
#9772 = VERTEX_POINT('',#9773);
#9773 = CARTESIAN_POINT('',(-108.1291791649,-9.,36.191251500091));
#9774 = LINE('',#9775,#9776);
#9775 = CARTESIAN_POINT('',(-108.6140460302,-9.,36.214408795479));
#9776 = VECTOR('',#9777,1.);
#9777 = DIRECTION('',(0.998861433348,0.,-4.770573309886E-02));
#9778 = ORIENTED_EDGE('',*,*,#9779,.T.);
#9779 = EDGE_CURVE('',#9772,#9780,#9782,.T.);
#9780 = VERTEX_POINT('',#9781);
#9781 = CARTESIAN_POINT('',(-107.644250951,-9.,36.169416558429));
#9782 = LINE('',#9783,#9784);
#9783 = CARTESIAN_POINT('',(-108.1291791649,-9.,36.191251500091));
#9784 = VECTOR('',#9785,1.);
#9785 = DIRECTION('',(0.998987816154,0.,-4.49815870855E-02));
#9786 = ORIENTED_EDGE('',*,*,#9787,.T.);
#9787 = EDGE_CURVE('',#9780,#9788,#9790,.T.);
#9788 = VERTEX_POINT('',#9789);
#9789 = CARTESIAN_POINT('',(-107.1592649947,-9.,36.148904132879));
#9790 = LINE('',#9791,#9792);
#9791 = CARTESIAN_POINT('',(-107.644250951,-9.,36.169416558429));
#9792 = VECTOR('',#9793,1.);
#9793 = DIRECTION('',(0.999106769543,0.,-4.22571065464E-02));
#9794 = ORIENTED_EDGE('',*,*,#9795,.T.);
#9795 = EDGE_CURVE('',#9788,#9796,#9798,.T.);
#9796 = VERTEX_POINT('',#9797);
#9797 = CARTESIAN_POINT('',(-106.674224903,-9.,36.129714375989));
#9798 = LINE('',#9799,#9800);
#9799 = CARTESIAN_POINT('',(-107.1592649947,-9.,36.148904132879));
#9800 = VECTOR('',#9801,1.);
#9801 = DIRECTION('',(0.999218292631,0.,-3.953231174372E-02));
#9802 = ORIENTED_EDGE('',*,*,#9803,.T.);
#9803 = EDGE_CURVE('',#9796,#9804,#9806,.T.);
#9804 = VERTEX_POINT('',#9805);
#9805 = CARTESIAN_POINT('',(-106.1891342829,-9.,36.111847430473));
#9806 = LINE('',#9807,#9808);
#9807 = CARTESIAN_POINT('',(-106.674224903,-9.,36.129714375989));
#9808 = VECTOR('',#9809,1.);
#9809 = DIRECTION('',(0.999322384588,0.,-3.680722294136E-02));
#9810 = ORIENTED_EDGE('',*,*,#9811,.T.);
#9811 = EDGE_CURVE('',#9804,#9812,#9814,.T.);
#9812 = VERTEX_POINT('',#9813);
#9813 = CARTESIAN_POINT('',(-105.7039967422,-9.,36.095303429207));
#9814 = LINE('',#9815,#9816);
#9815 = CARTESIAN_POINT('',(-106.1891342829,-9.,36.111847430473));
#9816 = VECTOR('',#9817,1.);
#9817 = DIRECTION('',(0.999419044641,0.,-3.408186040574E-02));
#9818 = ORIENTED_EDGE('',*,*,#9819,.T.);
#9819 = EDGE_CURVE('',#9812,#9820,#9822,.T.);
#9820 = VERTEX_POINT('',#9821);
#9821 = CARTESIAN_POINT('',(-105.2188158888,-9.,36.080082495227));
#9822 = LINE('',#9823,#9824);
#9823 = CARTESIAN_POINT('',(-105.7039967422,-9.,36.095303429207));
#9824 = VECTOR('',#9825,1.);
#9825 = DIRECTION('',(0.99950827207,0.,-3.135624440529E-02));
#9826 = ORIENTED_EDGE('',*,*,#9827,.T.);
#9827 = EDGE_CURVE('',#9820,#9828,#9830,.T.);
#9828 = VERTEX_POINT('',#9829);
#9829 = CARTESIAN_POINT('',(-104.7335953309,-9.,36.066184741731));
#9830 = LINE('',#9831,#9832);
#9831 = CARTESIAN_POINT('',(-105.2188158888,-9.,36.080082495227));
#9832 = VECTOR('',#9833,1.);
#9833 = DIRECTION('',(0.999590066212,0.,-2.863039521013E-02));
#9834 = ORIENTED_EDGE('',*,*,#9835,.T.);
#9835 = EDGE_CURVE('',#9828,#9836,#9838,.T.);
#9836 = VERTEX_POINT('',#9837);
#9837 = CARTESIAN_POINT('',(-104.248338677,-9.,36.053610272076));
#9838 = LINE('',#9839,#9840);
#9839 = CARTESIAN_POINT('',(-104.7335953309,-9.,36.066184741731));
#9840 = VECTOR('',#9841,1.);
#9841 = DIRECTION('',(0.999664426459,0.,-2.590433309236E-02));
#9842 = ORIENTED_EDGE('',*,*,#9843,.T.);
#9843 = EDGE_CURVE('',#9836,#9844,#9846,.T.);
#9844 = VERTEX_POINT('',#9845);
#9845 = CARTESIAN_POINT('',(-103.7630495361,-9.,36.042359179776));
#9846 = LINE('',#9847,#9848);
#9847 = CARTESIAN_POINT('',(-104.248338677,-9.,36.053610272076));
#9848 = VECTOR('',#9849,1.);
#9849 = DIRECTION('',(0.999731352257,0.,-2.317807832549E-02));
#9850 = ORIENTED_EDGE('',*,*,#9851,.T.);
#9851 = EDGE_CURVE('',#9844,#9852,#9854,.T.);
#9852 = VERTEX_POINT('',#9853);
#9853 = CARTESIAN_POINT('',(-103.2777315172,-9.,36.032431548507));
#9854 = LINE('',#9855,#9856);
#9855 = CARTESIAN_POINT('',(-103.7630495361,-9.,36.042359179776));
#9856 = VECTOR('',#9857,1.);
#9857 = DIRECTION('',(0.999790843109,0.,-2.045165118456E-02));
#9858 = ORIENTED_EDGE('',*,*,#9859,.T.);
#9859 = EDGE_CURVE('',#9852,#9860,#9862,.T.);
#9860 = VERTEX_POINT('',#9861);
#9861 = CARTESIAN_POINT('',(-102.7923882295,-9.,36.023827452098));
#9862 = LINE('',#9863,#9864);
#9863 = CARTESIAN_POINT('',(-103.2777315172,-9.,36.032431548507));
#9864 = VECTOR('',#9865,1.);
#9865 = DIRECTION('',(0.999842898572,0.,-1.772507194588E-02));
#9866 = ORIENTED_EDGE('',*,*,#9867,.T.);
#9867 = EDGE_CURVE('',#9860,#9868,#9870,.T.);
#9868 = VERTEX_POINT('',#9869);
#9869 = CARTESIAN_POINT('',(-102.3070232825,-9.,36.016546954539));
#9870 = LINE('',#9871,#9872);
#9871 = CARTESIAN_POINT('',(-102.7923882295,-9.,36.023827452098));
#9872 = VECTOR('',#9873,1.);
#9873 = DIRECTION('',(0.999887518259,0.,-1.499836088679E-02));
#9874 = ORIENTED_EDGE('',*,*,#9875,.T.);
#9875 = EDGE_CURVE('',#9868,#9876,#9878,.T.);
#9876 = VERTEX_POINT('',#9877);
#9877 = CARTESIAN_POINT('',(-101.8216402859,-9.,36.010590109973));
#9878 = LINE('',#9879,#9880);
#9879 = CARTESIAN_POINT('',(-102.3070232825,-9.,36.016546954539));
#9880 = VECTOR('',#9881,1.);
#9881 = DIRECTION('',(0.999924701839,0.,-1.22715382857E-02));
#9882 = ORIENTED_EDGE('',*,*,#9883,.T.);
#9883 = EDGE_CURVE('',#9876,#9884,#9886,.T.);
#9884 = VERTEX_POINT('',#9885);
#9885 = CARTESIAN_POINT('',(-101.3362428495,-9.,36.005956962703));
#9886 = LINE('',#9887,#9888);
#9887 = CARTESIAN_POINT('',(-101.8216402859,-9.,36.010590109973));
#9888 = VECTOR('',#9889,1.);
#9889 = DIRECTION('',(0.999954449035,0.,-9.544624421919E-03));
#9890 = ORIENTED_EDGE('',*,*,#9891,.T.);
#9891 = EDGE_CURVE('',#9884,#9892,#9894,.T.);
#9892 = VERTEX_POINT('',#9893);
#9893 = CARTESIAN_POINT('',(-100.850834583,-9.,36.002647547183));
#9894 = LINE('',#9895,#9896);
#9895 = CARTESIAN_POINT('',(-101.3362428495,-9.,36.005956962703));
#9896 = VECTOR('',#9897,1.);
#9897 = DIRECTION('',(0.999976759625,0.,-6.817639575295E-03));
#9898 = ORIENTED_EDGE('',*,*,#9899,.T.);
#9899 = EDGE_CURVE('',#9892,#9900,#9902,.T.);
#9900 = VERTEX_POINT('',#9901);
#9901 = CARTESIAN_POINT('',(-100.3654190965,-9.,36.000661888026));
#9902 = LINE('',#9903,#9904);
#9903 = CARTESIAN_POINT('',(-100.850834583,-9.,36.002647547183));
#9904 = VECTOR('',#9905,1.);
#9905 = DIRECTION('',(0.999991633444,0.,-4.090604026242E-03));
#9906 = ORIENTED_EDGE('',*,*,#9907,.T.);
#9907 = EDGE_CURVE('',#9900,#9908,#9910,.T.);
#9908 = VERTEX_POINT('',#9909);
#9909 = CARTESIAN_POINT('',(-99.88,-9.,36.));
#9910 = LINE('',#9911,#9912);
#9911 = CARTESIAN_POINT('',(-100.3654190965,-9.,36.000661888026));
#9912 = VECTOR('',#9913,1.);
#9913 = DIRECTION('',(0.999999070382,0.,-1.363538055591E-03));
#9914 = ORIENTED_EDGE('',*,*,#9915,.T.);
#9915 = EDGE_CURVE('',#9908,#9916,#9918,.T.);
#9916 = VERTEX_POINT('',#9917);
#9917 = CARTESIAN_POINT('',(-99.39458090346,-9.,36.000661888026));
#9918 = LINE('',#9919,#9920);
#9919 = CARTESIAN_POINT('',(-99.88,-9.,36.));
#9920 = VECTOR('',#9921,1.);
#9921 = DIRECTION('',(0.999999070382,0.,1.363538055592E-03));
#9922 = ORIENTED_EDGE('',*,*,#9923,.T.);
#9923 = EDGE_CURVE('',#9916,#9924,#9926,.T.);
#9924 = VERTEX_POINT('',#9925);
#9925 = CARTESIAN_POINT('',(-98.90916541696,-9.,36.002647547183));
#9926 = LINE('',#9927,#9928);
#9927 = CARTESIAN_POINT('',(-99.39458090346,-9.,36.000661888026));
#9928 = VECTOR('',#9929,1.);
#9929 = DIRECTION('',(0.999991633444,0.,4.090604026242E-03));
#9930 = ORIENTED_EDGE('',*,*,#9931,.T.);
#9931 = EDGE_CURVE('',#9924,#9932,#9934,.T.);
#9932 = VERTEX_POINT('',#9933);
#9933 = CARTESIAN_POINT('',(-98.42375715049,-9.,36.005956962703));
#9934 = LINE('',#9935,#9936);
#9935 = CARTESIAN_POINT('',(-98.90916541696,-9.,36.002647547183));
#9936 = VECTOR('',#9937,1.);
#9937 = DIRECTION('',(0.999976759625,0.,6.817639575295E-03));
#9938 = ORIENTED_EDGE('',*,*,#9939,.T.);
#9939 = EDGE_CURVE('',#9932,#9940,#9942,.T.);
#9940 = VERTEX_POINT('',#9941);
#9941 = CARTESIAN_POINT('',(-97.93835971403,-9.,36.010590109973));
#9942 = LINE('',#9943,#9944);
#9943 = CARTESIAN_POINT('',(-98.42375715049,-9.,36.005956962703));
#9944 = VECTOR('',#9945,1.);
#9945 = DIRECTION('',(0.999954449035,0.,9.544624421919E-03));
#9946 = ORIENTED_EDGE('',*,*,#9947,.T.);
#9947 = EDGE_CURVE('',#9940,#9948,#9950,.T.);
#9948 = VERTEX_POINT('',#9949);
#9949 = CARTESIAN_POINT('',(-97.45297671744,-9.,36.016546954539));
#9950 = LINE('',#9951,#9952);
#9951 = CARTESIAN_POINT('',(-97.93835971403,-9.,36.010590109973));
#9952 = VECTOR('',#9953,1.);
#9953 = DIRECTION('',(0.999924701839,0.,1.22715382857E-02));
#9954 = ORIENTED_EDGE('',*,*,#9955,.T.);
#9955 = EDGE_CURVE('',#9948,#9956,#9958,.T.);
#9956 = VERTEX_POINT('',#9957);
#9957 = CARTESIAN_POINT('',(-96.96761177048,-9.,36.023827452098));
#9958 = LINE('',#9959,#9960);
#9959 = CARTESIAN_POINT('',(-97.45297671744,-9.,36.016546954539));
#9960 = VECTOR('',#9961,1.);
#9961 = DIRECTION('',(0.999887518259,0.,1.499836088679E-02));
#9962 = ORIENTED_EDGE('',*,*,#9963,.T.);
#9963 = EDGE_CURVE('',#9956,#9964,#9966,.T.);
#9964 = VERTEX_POINT('',#9965);
#9965 = CARTESIAN_POINT('',(-96.48226848279,-9.,36.032431548507));
#9966 = LINE('',#9967,#9968);
#9967 = CARTESIAN_POINT('',(-96.96761177048,-9.,36.023827452098));
#9968 = VECTOR('',#9969,1.);
#9969 = DIRECTION('',(0.999842898572,0.,1.772507194588E-02));
#9970 = ORIENTED_EDGE('',*,*,#9971,.T.);
#9971 = EDGE_CURVE('',#9964,#9972,#9974,.T.);
#9972 = VERTEX_POINT('',#9973);
#9973 = CARTESIAN_POINT('',(-95.99695046384,-9.,36.042359179776));
#9974 = LINE('',#9975,#9976);
#9975 = CARTESIAN_POINT('',(-96.48226848279,-9.,36.032431548507));
#9976 = VECTOR('',#9977,1.);
#9977 = DIRECTION('',(0.999790843109,0.,2.045165118456E-02));
#9978 = ORIENTED_EDGE('',*,*,#9979,.T.);
#9979 = EDGE_CURVE('',#9972,#9980,#9982,.T.);
#9980 = VERTEX_POINT('',#9981);
#9981 = CARTESIAN_POINT('',(-95.51166132292,-9.,36.053610272076));
#9982 = LINE('',#9983,#9984);
#9983 = CARTESIAN_POINT('',(-95.99695046384,-9.,36.042359179776));
#9984 = VECTOR('',#9985,1.);
#9985 = DIRECTION('',(0.999731352257,0.,2.317807832549E-02));
#9986 = ORIENTED_EDGE('',*,*,#9987,.T.);
#9987 = EDGE_CURVE('',#9980,#9988,#9990,.T.);
#9988 = VERTEX_POINT('',#9989);
#9989 = CARTESIAN_POINT('',(-95.02640466908,-9.,36.066184741731));
#9990 = LINE('',#9991,#9992);
#9991 = CARTESIAN_POINT('',(-95.51166132292,-9.,36.053610272076));
#9992 = VECTOR('',#9993,1.);
#9993 = DIRECTION('',(0.999664426459,0.,2.590433309236E-02));
#9994 = ORIENTED_EDGE('',*,*,#9995,.T.);
#9995 = EDGE_CURVE('',#9988,#9996,#9998,.T.);
#9996 = VERTEX_POINT('',#9997);
#9997 = CARTESIAN_POINT('',(-94.54118411116,-9.,36.080082495227));
#9998 = LINE('',#9999,#10000);
#9999 = CARTESIAN_POINT('',(-95.02640466908,-9.,36.066184741731));
#10000 = VECTOR('',#10001,1.);
#10001 = DIRECTION('',(0.999590066212,0.,2.863039521013E-02));
#10002 = ORIENTED_EDGE('',*,*,#10003,.T.);
#10003 = EDGE_CURVE('',#9996,#10004,#10006,.T.);
#10004 = VERTEX_POINT('',#10005);
#10005 = CARTESIAN_POINT('',(-94.05600325772,-9.,36.095303429207));
#10006 = LINE('',#10007,#10008);
#10007 = CARTESIAN_POINT('',(-94.54118411116,-9.,36.080082495227));
#10008 = VECTOR('',#10009,1.);
#10009 = DIRECTION('',(0.99950827207,0.,3.135624440529E-02));
#10010 = ORIENTED_EDGE('',*,*,#10011,.T.);
#10011 = EDGE_CURVE('',#10004,#10012,#10014,.T.);
#10012 = VERTEX_POINT('',#10013);
#10013 = CARTESIAN_POINT('',(-93.57086571701,-9.,36.111847430473));
#10014 = LINE('',#10015,#10016);
#10015 = CARTESIAN_POINT('',(-94.05600325772,-9.,36.095303429207));
#10016 = VECTOR('',#10017,1.);
#10017 = DIRECTION('',(0.999419044641,0.,3.408186040574E-02));
#10018 = ORIENTED_EDGE('',*,*,#10019,.T.);
#10019 = EDGE_CURVE('',#10012,#10020,#10022,.T.);
#10020 = VERTEX_POINT('',#10021);
#10021 = CARTESIAN_POINT('',(-93.08577509699,-9.,36.129714375989));
#10022 = LINE('',#10023,#10024);
#10023 = CARTESIAN_POINT('',(-93.57086571701,-9.,36.111847430473));
#10024 = VECTOR('',#10025,1.);
#10025 = DIRECTION('',(0.999322384588,0.,3.680722294136E-02));
#10026 = ORIENTED_EDGE('',*,*,#10027,.T.);
#10027 = EDGE_CURVE('',#10020,#10028,#10030,.T.);
#10028 = VERTEX_POINT('',#10029);
#10029 = CARTESIAN_POINT('',(-92.60073500523,-9.,36.148904132879));
#10030 = LINE('',#10031,#10032);
#10031 = CARTESIAN_POINT('',(-93.08577509699,-9.,36.129714375989));
#10032 = VECTOR('',#10033,1.);
#10033 = DIRECTION('',(0.999218292631,0.,3.953231174372E-02));
#10034 = ORIENTED_EDGE('',*,*,#10035,.T.);
#10035 = EDGE_CURVE('',#10028,#10036,#10038,.T.);
#10036 = VERTEX_POINT('',#10037);
#10037 = CARTESIAN_POINT('',(-92.11574904897,-9.,36.169416558429));
#10038 = LINE('',#10039,#10040);
#10039 = CARTESIAN_POINT('',(-92.60073500523,-9.,36.148904132879));
#10040 = VECTOR('',#10041,1.);
#10041 = DIRECTION('',(0.999106769543,0.,4.22571065464E-02));
#10042 = ORIENTED_EDGE('',*,*,#10043,.T.);
#10043 = EDGE_CURVE('',#10036,#10044,#10046,.T.);
#10044 = VERTEX_POINT('',#10045);
#10045 = CARTESIAN_POINT('',(-91.630820835,-9.,36.191251500091));
#10046 = LINE('',#10047,#10048);
#10047 = CARTESIAN_POINT('',(-92.11574904897,-9.,36.169416558429));
#10048 = VECTOR('',#10049,1.);
#10049 = DIRECTION('',(0.998987816154,0.,4.49815870855E-02));
#10050 = ORIENTED_EDGE('',*,*,#10051,.T.);
#10051 = EDGE_CURVE('',#10044,#10052,#10054,.T.);
#10052 = VERTEX_POINT('',#10053);
#10053 = CARTESIAN_POINT('',(-91.14595396972,-9.,36.214408795479));
#10054 = LINE('',#10055,#10056);
#10055 = CARTESIAN_POINT('',(-91.630820835,-9.,36.191251500091));
#10056 = VECTOR('',#10057,1.);
#10057 = DIRECTION('',(0.998861433348,0.,4.770573309886E-02));
#10058 = ORIENTED_EDGE('',*,*,#10059,.T.);
#10059 = EDGE_CURVE('',#10052,#10060,#10062,.T.);
#10060 = VERTEX_POINT('',#10061);
#10061 = CARTESIAN_POINT('',(-90.66115205904,-9.,36.238888272374));
#10062 = LINE('',#10063,#10064);
#10063 = CARTESIAN_POINT('',(-91.14595396972,-9.,36.214408795479));
#10064 = VECTOR('',#10065,1.);
#10065 = DIRECTION('',(0.998727622065,0.,5.042952432754E-02));
#10066 = ORIENTED_EDGE('',*,*,#10067,.T.);
#10067 = EDGE_CURVE('',#10060,#10068,#10070,.T.);
#10068 = VERTEX_POINT('',#10069);
#10069 = CARTESIAN_POINT('',(-90.17641870843,-9.,36.264689748722));
#10070 = LINE('',#10071,#10072);
#10071 = CARTESIAN_POINT('',(-90.66115205904,-9.,36.238888272374));
#10072 = VECTOR('',#10073,1.);
#10073 = DIRECTION('',(0.998586383301,0.,5.315294051449E-02));
#10074 = ORIENTED_EDGE('',*,*,#10075,.T.);
#10075 = EDGE_CURVE('',#10068,#10076,#10078,.T.);
#10076 = VERTEX_POINT('',#10077);
#10077 = CARTESIAN_POINT('',(-89.69175752281,-9.,36.29181303264));
#10078 = LINE('',#10079,#10080);
#10079 = CARTESIAN_POINT('',(-90.17641870843,-9.,36.264689748722));
#10080 = VECTOR('',#10081,1.);
#10081 = DIRECTION('',(0.998437718106,0.,5.587596140611E-02));
#10082 = ORIENTED_EDGE('',*,*,#10083,.T.);
#10083 = EDGE_CURVE('',#10076,#10084,#10086,.T.);
#10084 = VERTEX_POINT('',#10085);
#10085 = CARTESIAN_POINT('',(-89.20717210658,-9.,36.320257922414));
#10086 = LINE('',#10087,#10088);
#10087 = CARTESIAN_POINT('',(-89.69175752281,-9.,36.29181303264));
#10088 = VECTOR('',#10089,1.);
#10089 = DIRECTION('',(0.998281627585,0.,5.859856675131E-02));
#10090 = ORIENTED_EDGE('',*,*,#10091,.T.);
#10091 = EDGE_CURVE('',#10084,#10092,#10094,.T.);
#10092 = VERTEX_POINT('',#10093);
#10093 = CARTESIAN_POINT('',(-88.72266606357,-9.,36.3500242065));
#10094 = LINE('',#10095,#10096);
#10095 = CARTESIAN_POINT('',(-89.20717210658,-9.,36.320257922414));
#10096 = VECTOR('',#10097,1.);
#10097 = DIRECTION('',(0.9981181129,0.,6.13207363022E-02));
#10098 = ORIENTED_EDGE('',*,*,#10099,.T.);
#10099 = EDGE_CURVE('',#10092,#10100,#10102,.T.);
#10100 = VERTEX_POINT('',#10101);
#10101 = CARTESIAN_POINT('',(-88.23824299703,-9.,36.381111663529));
#10102 = LINE('',#10103,#10104);
#10103 = CARTESIAN_POINT('',(-88.72266606357,-9.,36.3500242065));
#10104 = VECTOR('',#10105,1.);
#10105 = DIRECTION('',(0.997947175266,0.,6.404244981423E-02));
#10106 = ORIENTED_EDGE('',*,*,#10107,.T.);
#10107 = EDGE_CURVE('',#10100,#10108,#10110,.T.);
#10108 = VERTEX_POINT('',#10109);
#10109 = CARTESIAN_POINT('',(-87.75390650959,-9.,36.413520062303));
#10110 = LINE('',#10111,#10112);
#10111 = CARTESIAN_POINT('',(-88.23824299703,-9.,36.381111663529));
#10112 = VECTOR('',#10113,1.);
#10113 = DIRECTION('',(0.997768815955,0.,6.676368704612E-02));
#10114 = ORIENTED_EDGE('',*,*,#10115,.T.);
#10115 = EDGE_CURVE('',#10108,#10116,#10118,.T.);
#10116 = VERTEX_POINT('',#10117);
#10117 = CARTESIAN_POINT('',(-87.26966020323,-9.,36.447249161805));
#10118 = LINE('',#10119,#10120);
#10119 = CARTESIAN_POINT('',(-87.75390650959,-9.,36.413520062303));
#10120 = VECTOR('',#10121,1.);
#10121 = DIRECTION('',(0.997583036293,0.,6.948442776027E-02));
#10122 = ORIENTED_EDGE('',*,*,#10123,.T.);
#10123 = EDGE_CURVE('',#10116,#10124,#10126,.T.);
#10124 = VERTEX_POINT('',#10125);
#10125 = CARTESIAN_POINT('',(-86.78550767925,-9.,36.482298711193));
#10126 = LINE('',#10127,#10128);
#10127 = CARTESIAN_POINT('',(-87.26966020323,-9.,36.447249161805));
#10128 = VECTOR('',#10129,1.);
#10129 = DIRECTION('',(0.997389837661,0.,7.220465172255E-02));
#10130 = ORIENTED_EDGE('',*,*,#10131,.T.);
#10131 = EDGE_CURVE('',#10124,#10132,#10134,.T.);
#10132 = VERTEX_POINT('',#10133);
#10133 = CARTESIAN_POINT('',(-86.30145253829,-9.,36.518668449805));
#10134 = LINE('',#10135,#10136);
#10135 = CARTESIAN_POINT('',(-86.78550767925,-9.,36.482298711193));
#10136 = VECTOR('',#10137,1.);
#10137 = DIRECTION('',(0.997189221497,0.,7.492433870286E-02));
#10138 = ORIENTED_EDGE('',*,*,#10139,.T.);
#10139 = EDGE_CURVE('',#10132,#10140,#10142,.T.);
#10140 = VERTEX_POINT('',#10141);
#10141 = CARTESIAN_POINT('',(-85.81749838023,-9.,36.556358107161));
#10142 = LINE('',#10143,#10144);
#10143 = CARTESIAN_POINT('',(-86.30145253829,-9.,36.518668449805));
#10144 = VECTOR('',#10145,1.);
#10145 = DIRECTION('',(0.996981189293,0.,7.764346847504E-02));
#10146 = ORIENTED_EDGE('',*,*,#10147,.T.);
#10147 = EDGE_CURVE('',#10140,#10148,#10150,.T.);
#10148 = VERTEX_POINT('',#10149);
#10149 = CARTESIAN_POINT('',(-85.3336488042,-9.,36.595367402966));
#10150 = LINE('',#10151,#10152);
#10151 = CARTESIAN_POINT('',(-85.81749838023,-9.,36.556358107161));
#10152 = VECTOR('',#10153,1.);
#10153 = DIRECTION('',(0.996765742595,0.,8.036202081716E-02));
#10154 = ORIENTED_EDGE('',*,*,#10155,.T.);
#10155 = EDGE_CURVE('',#10148,#10156,#10158,.T.);
#10156 = VERTEX_POINT('',#10157);
#10157 = CARTESIAN_POINT('',(-84.84990740858,-9.,36.635696047109));
#10158 = LINE('',#10159,#10160);
#10159 = CARTESIAN_POINT('',(-85.3336488042,-9.,36.595367402966));
#10160 = VECTOR('',#10161,1.);
#10161 = DIRECTION('',(0.996542883006,0.,8.30799755114E-02));
#10162 = ORIENTED_EDGE('',*,*,#10163,.T.);
#10163 = EDGE_CURVE('',#10156,#10164,#10166,.T.);
#10164 = VERTEX_POINT('',#10165);
#10165 = CARTESIAN_POINT('',(-84.36627779091,-9.,36.677343739669));
#10166 = LINE('',#10167,#10168);
#10167 = CARTESIAN_POINT('',(-84.84990740858,-9.,36.635696047109));
#10168 = VECTOR('',#10169,1.);
#10169 = DIRECTION('',(0.996312612183,0.,8.579731234437E-02));
#10170 = ORIENTED_EDGE('',*,*,#10171,.T.);
#10171 = EDGE_CURVE('',#10164,#6988,#10172,.T.);
#10172 = LINE('',#10173,#10174);
#10173 = CARTESIAN_POINT('',(-84.36627779091,-9.,36.677343739669));
#10174 = VECTOR('',#10175,1.);
#10175 = DIRECTION('',(-8.715574274766E-02,0.,0.996194698092));
#10176 = ORIENTED_EDGE('',*,*,#6987,.T.);
#10177 = ORIENTED_EDGE('',*,*,#6963,.T.);
#10178 = ORIENTED_EDGE('',*,*,#6939,.T.);
#10179 = ORIENTED_EDGE('',*,*,#6915,.T.);
#10180 = ORIENTED_EDGE('',*,*,#6891,.T.);
#10181 = ORIENTED_EDGE('',*,*,#6867,.T.);
#10182 = ORIENTED_EDGE('',*,*,#6843,.T.);
#10183 = ORIENTED_EDGE('',*,*,#6819,.T.);
#10184 = ORIENTED_EDGE('',*,*,#6795,.T.);
#10185 = ORIENTED_EDGE('',*,*,#6771,.T.);
#10186 = ORIENTED_EDGE('',*,*,#6747,.T.);
#10187 = ORIENTED_EDGE('',*,*,#6723,.T.);
#10188 = ORIENTED_EDGE('',*,*,#6699,.T.);
#10189 = ORIENTED_EDGE('',*,*,#6675,.T.);
#10190 = ORIENTED_EDGE('',*,*,#6651,.T.);
#10191 = ORIENTED_EDGE('',*,*,#6627,.T.);
#10192 = ORIENTED_EDGE('',*,*,#6603,.T.);
#10193 = ORIENTED_EDGE('',*,*,#6579,.T.);
#10194 = ORIENTED_EDGE('',*,*,#6555,.T.);
#10195 = ORIENTED_EDGE('',*,*,#6531,.T.);
#10196 = ORIENTED_EDGE('',*,*,#6507,.T.);
#10197 = ORIENTED_EDGE('',*,*,#6483,.T.);
#10198 = ORIENTED_EDGE('',*,*,#6459,.T.);
#10199 = ORIENTED_EDGE('',*,*,#6435,.T.);
#10200 = ORIENTED_EDGE('',*,*,#6411,.T.);
#10201 = ORIENTED_EDGE('',*,*,#6387,.T.);
#10202 = ORIENTED_EDGE('',*,*,#6363,.T.);
#10203 = ORIENTED_EDGE('',*,*,#6339,.T.);
#10204 = ORIENTED_EDGE('',*,*,#6315,.T.);
#10205 = ORIENTED_EDGE('',*,*,#6291,.T.);
#10206 = ORIENTED_EDGE('',*,*,#6267,.T.);
#10207 = ORIENTED_EDGE('',*,*,#6243,.T.);
#10208 = ORIENTED_EDGE('',*,*,#6219,.T.);
#10209 = ORIENTED_EDGE('',*,*,#6195,.T.);
#10210 = ORIENTED_EDGE('',*,*,#6171,.T.);
#10211 = ORIENTED_EDGE('',*,*,#6147,.T.);
#10212 = ORIENTED_EDGE('',*,*,#6123,.T.);
#10213 = ORIENTED_EDGE('',*,*,#6099,.T.);
#10214 = PLANE('',#10215);
#10215 = AXIS2_PLACEMENT_3D('',#10216,#10217,#10218);
#10216 = CARTESIAN_POINT('',(-99.88,-9.,44.122556424632));
#10217 = DIRECTION('',(-0.,-1.,-0.));
#10218 = DIRECTION('',(0.,0.,-1.));
#10219 = ADVANCED_FACE('',(#10220),#10238,.T.);
#10220 = FACE_BOUND('',#10221,.T.);
#10221 = EDGE_LOOP('',(#10222,#10223,#10224,#10232));
#10222 = ORIENTED_EDGE('',*,*,#9651,.F.);
#10223 = ORIENTED_EDGE('',*,*,#6091,.T.);
#10224 = ORIENTED_EDGE('',*,*,#10225,.T.);
#10225 = EDGE_CURVE('',#6084,#10226,#10228,.T.);
#10226 = VERTEX_POINT('',#10227);
#10227 = CARTESIAN_POINT('',(-115.393722209,9.,36.677343739669));
#10228 = LINE('',#10229,#10230);
#10229 = CARTESIAN_POINT('',(-113.9992303251,9.,52.616458909137));
#10230 = VECTOR('',#10231,1.);
#10231 = DIRECTION('',(-8.715574274766E-02,0.,-0.996194698092));
#10232 = ORIENTED_EDGE('',*,*,#10233,.F.);
#10233 = EDGE_CURVE('',#9652,#10226,#10234,.T.);
#10234 = LINE('',#10235,#10236);
#10235 = CARTESIAN_POINT('',(-115.393722209,-9.,36.677343739669));
#10236 = VECTOR('',#10237,1.);
#10237 = DIRECTION('',(0.,1.,0.));
#10238 = PLANE('',#10239);
#10239 = AXIS2_PLACEMENT_3D('',#10240,#10241,#10242);
#10240 = CARTESIAN_POINT('',(-113.9992303251,-9.,52.616458909137));
#10241 = DIRECTION('',(-0.996194698092,0.,8.715574274766E-02));
#10242 = DIRECTION('',(-8.715574274766E-02,0.,-0.996194698092));
#10243 = ADVANCED_FACE('',(#10244),#10803,.F.);
#10244 = FACE_BOUND('',#10245,.F.);
#10245 = EDGE_LOOP('',(#10246,#10247,#10255,#10263,#10271,#10279,#10287,
    #10295,#10303,#10311,#10319,#10327,#10335,#10343,#10351,#10359,
    #10367,#10375,#10383,#10391,#10399,#10407,#10415,#10423,#10431,
    #10439,#10447,#10455,#10463,#10471,#10479,#10487,#10495,#10503,
    #10511,#10519,#10527,#10535,#10543,#10551,#10559,#10567,#10575,
    #10583,#10591,#10599,#10607,#10615,#10623,#10631,#10639,#10647,
    #10655,#10663,#10671,#10679,#10687,#10695,#10703,#10711,#10719,
    #10727,#10735,#10743,#10751,#10759,#10765,#10766,#10767,#10768,
    #10769,#10770,#10771,#10772,#10773,#10774,#10775,#10776,#10777,
    #10778,#10779,#10780,#10781,#10782,#10783,#10784,#10785,#10786,
    #10787,#10788,#10789,#10790,#10791,#10792,#10793,#10794,#10795,
    #10796,#10797,#10798,#10799,#10800,#10801,#10802));
#10246 = ORIENTED_EDGE('',*,*,#10225,.T.);
#10247 = ORIENTED_EDGE('',*,*,#10248,.T.);
#10248 = EDGE_CURVE('',#10226,#10249,#10251,.T.);
#10249 = VERTEX_POINT('',#10250);
#10250 = CARTESIAN_POINT('',(-114.9100925914,9.,36.635696047109));
#10251 = LINE('',#10252,#10253);
#10252 = CARTESIAN_POINT('',(-115.393722209,9.,36.677343739669));
#10253 = VECTOR('',#10254,1.);
#10254 = DIRECTION('',(0.996312612183,0.,-8.579731234437E-02));
#10255 = ORIENTED_EDGE('',*,*,#10256,.T.);
#10256 = EDGE_CURVE('',#10249,#10257,#10259,.T.);
#10257 = VERTEX_POINT('',#10258);
#10258 = CARTESIAN_POINT('',(-114.4263511957,9.,36.595367402966));
#10259 = LINE('',#10260,#10261);
#10260 = CARTESIAN_POINT('',(-114.9100925914,9.,36.635696047109));
#10261 = VECTOR('',#10262,1.);
#10262 = DIRECTION('',(0.996542883006,0.,-8.307997551139E-02));
#10263 = ORIENTED_EDGE('',*,*,#10264,.T.);
#10264 = EDGE_CURVE('',#10257,#10265,#10267,.T.);
#10265 = VERTEX_POINT('',#10266);
#10266 = CARTESIAN_POINT('',(-113.9425016197,9.,36.556358107161));
#10267 = LINE('',#10268,#10269);
#10268 = CARTESIAN_POINT('',(-114.4263511957,9.,36.595367402966));
#10269 = VECTOR('',#10270,1.);
#10270 = DIRECTION('',(0.996765742595,0.,-8.036202081716E-02));
#10271 = ORIENTED_EDGE('',*,*,#10272,.T.);
#10272 = EDGE_CURVE('',#10265,#10273,#10275,.T.);
#10273 = VERTEX_POINT('',#10274);
#10274 = CARTESIAN_POINT('',(-113.4585474617,9.,36.518668449805));
#10275 = LINE('',#10276,#10277);
#10276 = CARTESIAN_POINT('',(-113.9425016197,9.,36.556358107161));
#10277 = VECTOR('',#10278,1.);
#10278 = DIRECTION('',(0.996981189293,0.,-7.764346847504E-02));
#10279 = ORIENTED_EDGE('',*,*,#10280,.T.);
#10280 = EDGE_CURVE('',#10273,#10281,#10283,.T.);
#10281 = VERTEX_POINT('',#10282);
#10282 = CARTESIAN_POINT('',(-112.9744923207,9.,36.482298711193));
#10283 = LINE('',#10284,#10285);
#10284 = CARTESIAN_POINT('',(-113.4585474617,9.,36.518668449805));
#10285 = VECTOR('',#10286,1.);
#10286 = DIRECTION('',(0.997189221497,0.,-7.492433870286E-02));
#10287 = ORIENTED_EDGE('',*,*,#10288,.T.);
#10288 = EDGE_CURVE('',#10281,#10289,#10291,.T.);
#10289 = VERTEX_POINT('',#10290);
#10290 = CARTESIAN_POINT('',(-112.4903397967,9.,36.447249161805));
#10291 = LINE('',#10292,#10293);
#10292 = CARTESIAN_POINT('',(-112.9744923207,9.,36.482298711193));
#10293 = VECTOR('',#10294,1.);
#10294 = DIRECTION('',(0.997389837661,0.,-7.220465172255E-02));
#10295 = ORIENTED_EDGE('',*,*,#10296,.T.);
#10296 = EDGE_CURVE('',#10289,#10297,#10299,.T.);
#10297 = VERTEX_POINT('',#10298);
#10298 = CARTESIAN_POINT('',(-112.0060934904,9.,36.413520062303));
#10299 = LINE('',#10300,#10301);
#10300 = CARTESIAN_POINT('',(-112.4903397967,9.,36.447249161805));
#10301 = VECTOR('',#10302,1.);
#10302 = DIRECTION('',(0.997583036293,0.,-6.948442776027E-02));
#10303 = ORIENTED_EDGE('',*,*,#10304,.T.);
#10304 = EDGE_CURVE('',#10297,#10305,#10307,.T.);
#10305 = VERTEX_POINT('',#10306);
#10306 = CARTESIAN_POINT('',(-111.5217570029,9.,36.381111663529));
#10307 = LINE('',#10308,#10309);
#10308 = CARTESIAN_POINT('',(-112.0060934904,9.,36.413520062303));
#10309 = VECTOR('',#10310,1.);
#10310 = DIRECTION('',(0.997768815955,0.,-6.676368704612E-02));
#10311 = ORIENTED_EDGE('',*,*,#10312,.T.);
#10312 = EDGE_CURVE('',#10305,#10313,#10315,.T.);
#10313 = VERTEX_POINT('',#10314);
#10314 = CARTESIAN_POINT('',(-111.0373339364,9.,36.3500242065));
#10315 = LINE('',#10316,#10317);
#10316 = CARTESIAN_POINT('',(-111.5217570029,9.,36.381111663529));
#10317 = VECTOR('',#10318,1.);
#10318 = DIRECTION('',(0.997947175266,0.,-6.404244981423E-02));
#10319 = ORIENTED_EDGE('',*,*,#10320,.T.);
#10320 = EDGE_CURVE('',#10313,#10321,#10323,.T.);
#10321 = VERTEX_POINT('',#10322);
#10322 = CARTESIAN_POINT('',(-110.5528278934,9.,36.320257922414));
#10323 = LINE('',#10324,#10325);
#10324 = CARTESIAN_POINT('',(-111.0373339364,9.,36.3500242065));
#10325 = VECTOR('',#10326,1.);
#10326 = DIRECTION('',(0.9981181129,0.,-6.13207363022E-02));
#10327 = ORIENTED_EDGE('',*,*,#10328,.T.);
#10328 = EDGE_CURVE('',#10321,#10329,#10331,.T.);
#10329 = VERTEX_POINT('',#10330);
#10330 = CARTESIAN_POINT('',(-110.0682424771,9.,36.29181303264));
#10331 = LINE('',#10332,#10333);
#10332 = CARTESIAN_POINT('',(-110.5528278934,9.,36.320257922414));
#10333 = VECTOR('',#10334,1.);
#10334 = DIRECTION('',(0.998281627585,0.,-5.859856675131E-02));
#10335 = ORIENTED_EDGE('',*,*,#10336,.T.);
#10336 = EDGE_CURVE('',#10329,#10337,#10339,.T.);
#10337 = VERTEX_POINT('',#10338);
#10338 = CARTESIAN_POINT('',(-109.5835812915,9.,36.264689748722));
#10339 = LINE('',#10340,#10341);
#10340 = CARTESIAN_POINT('',(-110.0682424771,9.,36.29181303264));
#10341 = VECTOR('',#10342,1.);
#10342 = DIRECTION('',(0.998437718106,0.,-5.587596140611E-02));
#10343 = ORIENTED_EDGE('',*,*,#10344,.T.);
#10344 = EDGE_CURVE('',#10337,#10345,#10347,.T.);
#10345 = VERTEX_POINT('',#10346);
#10346 = CARTESIAN_POINT('',(-109.0988479409,9.,36.238888272374));
#10347 = LINE('',#10348,#10349);
#10348 = CARTESIAN_POINT('',(-109.5835812915,9.,36.264689748722));
#10349 = VECTOR('',#10350,1.);
#10350 = DIRECTION('',(0.998586383301,0.,-5.31529405145E-02));
#10351 = ORIENTED_EDGE('',*,*,#10352,.T.);
#10352 = EDGE_CURVE('',#10345,#10353,#10355,.T.);
#10353 = VERTEX_POINT('',#10354);
#10354 = CARTESIAN_POINT('',(-108.6140460302,9.,36.214408795479));
#10355 = LINE('',#10356,#10357);
#10356 = CARTESIAN_POINT('',(-109.0988479409,9.,36.238888272374));
#10357 = VECTOR('',#10358,1.);
#10358 = DIRECTION('',(0.998727622065,0.,-5.042952432754E-02));
#10359 = ORIENTED_EDGE('',*,*,#10360,.T.);
#10360 = EDGE_CURVE('',#10353,#10361,#10363,.T.);
#10361 = VERTEX_POINT('',#10362);
#10362 = CARTESIAN_POINT('',(-108.1291791649,9.,36.191251500091));
#10363 = LINE('',#10364,#10365);
#10364 = CARTESIAN_POINT('',(-108.6140460302,9.,36.214408795479));
#10365 = VECTOR('',#10366,1.);
#10366 = DIRECTION('',(0.998861433348,0.,-4.770573309886E-02));
#10367 = ORIENTED_EDGE('',*,*,#10368,.T.);
#10368 = EDGE_CURVE('',#10361,#10369,#10371,.T.);
#10369 = VERTEX_POINT('',#10370);
#10370 = CARTESIAN_POINT('',(-107.644250951,9.,36.169416558429));
#10371 = LINE('',#10372,#10373);
#10372 = CARTESIAN_POINT('',(-108.1291791649,9.,36.191251500091));
#10373 = VECTOR('',#10374,1.);
#10374 = DIRECTION('',(0.998987816154,0.,-4.49815870855E-02));
#10375 = ORIENTED_EDGE('',*,*,#10376,.T.);
#10376 = EDGE_CURVE('',#10369,#10377,#10379,.T.);
#10377 = VERTEX_POINT('',#10378);
#10378 = CARTESIAN_POINT('',(-107.1592649947,9.,36.148904132879));
#10379 = LINE('',#10380,#10381);
#10380 = CARTESIAN_POINT('',(-107.644250951,9.,36.169416558429));
#10381 = VECTOR('',#10382,1.);
#10382 = DIRECTION('',(0.999106769543,0.,-4.22571065464E-02));
#10383 = ORIENTED_EDGE('',*,*,#10384,.T.);
#10384 = EDGE_CURVE('',#10377,#10385,#10387,.T.);
#10385 = VERTEX_POINT('',#10386);
#10386 = CARTESIAN_POINT('',(-106.674224903,9.,36.129714375989));
#10387 = LINE('',#10388,#10389);
#10388 = CARTESIAN_POINT('',(-107.1592649947,9.,36.148904132879));
#10389 = VECTOR('',#10390,1.);
#10390 = DIRECTION('',(0.999218292631,0.,-3.953231174372E-02));
#10391 = ORIENTED_EDGE('',*,*,#10392,.T.);
#10392 = EDGE_CURVE('',#10385,#10393,#10395,.T.);
#10393 = VERTEX_POINT('',#10394);
#10394 = CARTESIAN_POINT('',(-106.1891342829,9.,36.111847430473));
#10395 = LINE('',#10396,#10397);
#10396 = CARTESIAN_POINT('',(-106.674224903,9.,36.129714375989));
#10397 = VECTOR('',#10398,1.);
#10398 = DIRECTION('',(0.999322384588,0.,-3.680722294136E-02));
#10399 = ORIENTED_EDGE('',*,*,#10400,.T.);
#10400 = EDGE_CURVE('',#10393,#10401,#10403,.T.);
#10401 = VERTEX_POINT('',#10402);
#10402 = CARTESIAN_POINT('',(-105.7039967422,9.,36.095303429207));
#10403 = LINE('',#10404,#10405);
#10404 = CARTESIAN_POINT('',(-106.1891342829,9.,36.111847430473));
#10405 = VECTOR('',#10406,1.);
#10406 = DIRECTION('',(0.999419044641,0.,-3.408186040574E-02));
#10407 = ORIENTED_EDGE('',*,*,#10408,.T.);
#10408 = EDGE_CURVE('',#10401,#10409,#10411,.T.);
#10409 = VERTEX_POINT('',#10410);
#10410 = CARTESIAN_POINT('',(-105.2188158888,9.,36.080082495227));
#10411 = LINE('',#10412,#10413);
#10412 = CARTESIAN_POINT('',(-105.7039967422,9.,36.095303429207));
#10413 = VECTOR('',#10414,1.);
#10414 = DIRECTION('',(0.99950827207,0.,-3.135624440529E-02));
#10415 = ORIENTED_EDGE('',*,*,#10416,.T.);
#10416 = EDGE_CURVE('',#10409,#10417,#10419,.T.);
#10417 = VERTEX_POINT('',#10418);
#10418 = CARTESIAN_POINT('',(-104.7335953309,9.,36.066184741731));
#10419 = LINE('',#10420,#10421);
#10420 = CARTESIAN_POINT('',(-105.2188158888,9.,36.080082495227));
#10421 = VECTOR('',#10422,1.);
#10422 = DIRECTION('',(0.999590066212,0.,-2.863039521013E-02));
#10423 = ORIENTED_EDGE('',*,*,#10424,.T.);
#10424 = EDGE_CURVE('',#10417,#10425,#10427,.T.);
#10425 = VERTEX_POINT('',#10426);
#10426 = CARTESIAN_POINT('',(-104.248338677,9.,36.053610272076));
#10427 = LINE('',#10428,#10429);
#10428 = CARTESIAN_POINT('',(-104.7335953309,9.,36.066184741731));
#10429 = VECTOR('',#10430,1.);
#10430 = DIRECTION('',(0.999664426459,0.,-2.590433309236E-02));
#10431 = ORIENTED_EDGE('',*,*,#10432,.T.);
#10432 = EDGE_CURVE('',#10425,#10433,#10435,.T.);
#10433 = VERTEX_POINT('',#10434);
#10434 = CARTESIAN_POINT('',(-103.7630495361,9.,36.042359179776));
#10435 = LINE('',#10436,#10437);
#10436 = CARTESIAN_POINT('',(-104.248338677,9.,36.053610272076));
#10437 = VECTOR('',#10438,1.);
#10438 = DIRECTION('',(0.999731352257,0.,-2.317807832549E-02));
#10439 = ORIENTED_EDGE('',*,*,#10440,.T.);
#10440 = EDGE_CURVE('',#10433,#10441,#10443,.T.);
#10441 = VERTEX_POINT('',#10442);
#10442 = CARTESIAN_POINT('',(-103.2777315172,9.,36.032431548507));
#10443 = LINE('',#10444,#10445);
#10444 = CARTESIAN_POINT('',(-103.7630495361,9.,36.042359179776));
#10445 = VECTOR('',#10446,1.);
#10446 = DIRECTION('',(0.999790843109,0.,-2.045165118456E-02));
#10447 = ORIENTED_EDGE('',*,*,#10448,.T.);
#10448 = EDGE_CURVE('',#10441,#10449,#10451,.T.);
#10449 = VERTEX_POINT('',#10450);
#10450 = CARTESIAN_POINT('',(-102.7923882295,9.,36.023827452098));
#10451 = LINE('',#10452,#10453);
#10452 = CARTESIAN_POINT('',(-103.2777315172,9.,36.032431548507));
#10453 = VECTOR('',#10454,1.);
#10454 = DIRECTION('',(0.999842898572,0.,-1.772507194588E-02));
#10455 = ORIENTED_EDGE('',*,*,#10456,.T.);
#10456 = EDGE_CURVE('',#10449,#10457,#10459,.T.);
#10457 = VERTEX_POINT('',#10458);
#10458 = CARTESIAN_POINT('',(-102.3070232825,9.,36.016546954539));
#10459 = LINE('',#10460,#10461);
#10460 = CARTESIAN_POINT('',(-102.7923882295,9.,36.023827452098));
#10461 = VECTOR('',#10462,1.);
#10462 = DIRECTION('',(0.999887518259,0.,-1.499836088679E-02));
#10463 = ORIENTED_EDGE('',*,*,#10464,.T.);
#10464 = EDGE_CURVE('',#10457,#10465,#10467,.T.);
#10465 = VERTEX_POINT('',#10466);
#10466 = CARTESIAN_POINT('',(-101.8216402859,9.,36.010590109973));
#10467 = LINE('',#10468,#10469);
#10468 = CARTESIAN_POINT('',(-102.3070232825,9.,36.016546954539));
#10469 = VECTOR('',#10470,1.);
#10470 = DIRECTION('',(0.999924701839,0.,-1.22715382857E-02));
#10471 = ORIENTED_EDGE('',*,*,#10472,.T.);
#10472 = EDGE_CURVE('',#10465,#10473,#10475,.T.);
#10473 = VERTEX_POINT('',#10474);
#10474 = CARTESIAN_POINT('',(-101.3362428495,9.,36.005956962703));
#10475 = LINE('',#10476,#10477);
#10476 = CARTESIAN_POINT('',(-101.8216402859,9.,36.010590109973));
#10477 = VECTOR('',#10478,1.);
#10478 = DIRECTION('',(0.999954449035,0.,-9.544624421919E-03));
#10479 = ORIENTED_EDGE('',*,*,#10480,.T.);
#10480 = EDGE_CURVE('',#10473,#10481,#10483,.T.);
#10481 = VERTEX_POINT('',#10482);
#10482 = CARTESIAN_POINT('',(-100.850834583,9.,36.002647547183));
#10483 = LINE('',#10484,#10485);
#10484 = CARTESIAN_POINT('',(-101.3362428495,9.,36.005956962703));
#10485 = VECTOR('',#10486,1.);
#10486 = DIRECTION('',(0.999976759625,0.,-6.817639575295E-03));
#10487 = ORIENTED_EDGE('',*,*,#10488,.T.);
#10488 = EDGE_CURVE('',#10481,#10489,#10491,.T.);
#10489 = VERTEX_POINT('',#10490);
#10490 = CARTESIAN_POINT('',(-100.3654190965,9.,36.000661888026));
#10491 = LINE('',#10492,#10493);
#10492 = CARTESIAN_POINT('',(-100.850834583,9.,36.002647547183));
#10493 = VECTOR('',#10494,1.);
#10494 = DIRECTION('',(0.999991633444,0.,-4.090604026242E-03));
#10495 = ORIENTED_EDGE('',*,*,#10496,.T.);
#10496 = EDGE_CURVE('',#10489,#10497,#10499,.T.);
#10497 = VERTEX_POINT('',#10498);
#10498 = CARTESIAN_POINT('',(-99.88,9.,36.));
#10499 = LINE('',#10500,#10501);
#10500 = CARTESIAN_POINT('',(-100.3654190965,9.,36.000661888026));
#10501 = VECTOR('',#10502,1.);
#10502 = DIRECTION('',(0.999999070382,0.,-1.363538055591E-03));
#10503 = ORIENTED_EDGE('',*,*,#10504,.T.);
#10504 = EDGE_CURVE('',#10497,#10505,#10507,.T.);
#10505 = VERTEX_POINT('',#10506);
#10506 = CARTESIAN_POINT('',(-99.39458090346,9.,36.000661888026));
#10507 = LINE('',#10508,#10509);
#10508 = CARTESIAN_POINT('',(-99.88,9.,36.));
#10509 = VECTOR('',#10510,1.);
#10510 = DIRECTION('',(0.999999070382,0.,1.363538055592E-03));
#10511 = ORIENTED_EDGE('',*,*,#10512,.T.);
#10512 = EDGE_CURVE('',#10505,#10513,#10515,.T.);
#10513 = VERTEX_POINT('',#10514);
#10514 = CARTESIAN_POINT('',(-98.90916541696,9.,36.002647547183));
#10515 = LINE('',#10516,#10517);
#10516 = CARTESIAN_POINT('',(-99.39458090346,9.,36.000661888026));
#10517 = VECTOR('',#10518,1.);
#10518 = DIRECTION('',(0.999991633444,0.,4.090604026242E-03));
#10519 = ORIENTED_EDGE('',*,*,#10520,.T.);
#10520 = EDGE_CURVE('',#10513,#10521,#10523,.T.);
#10521 = VERTEX_POINT('',#10522);
#10522 = CARTESIAN_POINT('',(-98.42375715049,9.,36.005956962703));
#10523 = LINE('',#10524,#10525);
#10524 = CARTESIAN_POINT('',(-98.90916541696,9.,36.002647547183));
#10525 = VECTOR('',#10526,1.);
#10526 = DIRECTION('',(0.999976759625,0.,6.817639575295E-03));
#10527 = ORIENTED_EDGE('',*,*,#10528,.T.);
#10528 = EDGE_CURVE('',#10521,#10529,#10531,.T.);
#10529 = VERTEX_POINT('',#10530);
#10530 = CARTESIAN_POINT('',(-97.93835971403,9.,36.010590109973));
#10531 = LINE('',#10532,#10533);
#10532 = CARTESIAN_POINT('',(-98.42375715049,9.,36.005956962703));
#10533 = VECTOR('',#10534,1.);
#10534 = DIRECTION('',(0.999954449035,0.,9.544624421919E-03));
#10535 = ORIENTED_EDGE('',*,*,#10536,.T.);
#10536 = EDGE_CURVE('',#10529,#10537,#10539,.T.);
#10537 = VERTEX_POINT('',#10538);
#10538 = CARTESIAN_POINT('',(-97.45297671744,9.,36.016546954539));
#10539 = LINE('',#10540,#10541);
#10540 = CARTESIAN_POINT('',(-97.93835971403,9.,36.010590109973));
#10541 = VECTOR('',#10542,1.);
#10542 = DIRECTION('',(0.999924701839,0.,1.22715382857E-02));
#10543 = ORIENTED_EDGE('',*,*,#10544,.T.);
#10544 = EDGE_CURVE('',#10537,#10545,#10547,.T.);
#10545 = VERTEX_POINT('',#10546);
#10546 = CARTESIAN_POINT('',(-96.96761177048,9.,36.023827452098));
#10547 = LINE('',#10548,#10549);
#10548 = CARTESIAN_POINT('',(-97.45297671744,9.,36.016546954539));
#10549 = VECTOR('',#10550,1.);
#10550 = DIRECTION('',(0.999887518259,0.,1.499836088679E-02));
#10551 = ORIENTED_EDGE('',*,*,#10552,.T.);
#10552 = EDGE_CURVE('',#10545,#10553,#10555,.T.);
#10553 = VERTEX_POINT('',#10554);
#10554 = CARTESIAN_POINT('',(-96.48226848279,9.,36.032431548507));
#10555 = LINE('',#10556,#10557);
#10556 = CARTESIAN_POINT('',(-96.96761177048,9.,36.023827452098));
#10557 = VECTOR('',#10558,1.);
#10558 = DIRECTION('',(0.999842898572,0.,1.772507194588E-02));
#10559 = ORIENTED_EDGE('',*,*,#10560,.T.);
#10560 = EDGE_CURVE('',#10553,#10561,#10563,.T.);
#10561 = VERTEX_POINT('',#10562);
#10562 = CARTESIAN_POINT('',(-95.99695046384,9.,36.042359179776));
#10563 = LINE('',#10564,#10565);
#10564 = CARTESIAN_POINT('',(-96.48226848279,9.,36.032431548507));
#10565 = VECTOR('',#10566,1.);
#10566 = DIRECTION('',(0.999790843109,0.,2.045165118456E-02));
#10567 = ORIENTED_EDGE('',*,*,#10568,.T.);
#10568 = EDGE_CURVE('',#10561,#10569,#10571,.T.);
#10569 = VERTEX_POINT('',#10570);
#10570 = CARTESIAN_POINT('',(-95.51166132292,9.,36.053610272076));
#10571 = LINE('',#10572,#10573);
#10572 = CARTESIAN_POINT('',(-95.99695046384,9.,36.042359179776));
#10573 = VECTOR('',#10574,1.);
#10574 = DIRECTION('',(0.999731352257,0.,2.317807832549E-02));
#10575 = ORIENTED_EDGE('',*,*,#10576,.T.);
#10576 = EDGE_CURVE('',#10569,#10577,#10579,.T.);
#10577 = VERTEX_POINT('',#10578);
#10578 = CARTESIAN_POINT('',(-95.02640466908,9.,36.066184741731));
#10579 = LINE('',#10580,#10581);
#10580 = CARTESIAN_POINT('',(-95.51166132292,9.,36.053610272076));
#10581 = VECTOR('',#10582,1.);
#10582 = DIRECTION('',(0.999664426459,0.,2.590433309236E-02));
#10583 = ORIENTED_EDGE('',*,*,#10584,.T.);
#10584 = EDGE_CURVE('',#10577,#10585,#10587,.T.);
#10585 = VERTEX_POINT('',#10586);
#10586 = CARTESIAN_POINT('',(-94.54118411116,9.,36.080082495227));
#10587 = LINE('',#10588,#10589);
#10588 = CARTESIAN_POINT('',(-95.02640466908,9.,36.066184741731));
#10589 = VECTOR('',#10590,1.);
#10590 = DIRECTION('',(0.999590066212,0.,2.863039521013E-02));
#10591 = ORIENTED_EDGE('',*,*,#10592,.T.);
#10592 = EDGE_CURVE('',#10585,#10593,#10595,.T.);
#10593 = VERTEX_POINT('',#10594);
#10594 = CARTESIAN_POINT('',(-94.05600325772,9.,36.095303429207));
#10595 = LINE('',#10596,#10597);
#10596 = CARTESIAN_POINT('',(-94.54118411116,9.,36.080082495227));
#10597 = VECTOR('',#10598,1.);
#10598 = DIRECTION('',(0.99950827207,0.,3.135624440529E-02));
#10599 = ORIENTED_EDGE('',*,*,#10600,.T.);
#10600 = EDGE_CURVE('',#10593,#10601,#10603,.T.);
#10601 = VERTEX_POINT('',#10602);
#10602 = CARTESIAN_POINT('',(-93.57086571701,9.,36.111847430473));
#10603 = LINE('',#10604,#10605);
#10604 = CARTESIAN_POINT('',(-94.05600325772,9.,36.095303429207));
#10605 = VECTOR('',#10606,1.);
#10606 = DIRECTION('',(0.999419044641,0.,3.408186040574E-02));
#10607 = ORIENTED_EDGE('',*,*,#10608,.T.);
#10608 = EDGE_CURVE('',#10601,#10609,#10611,.T.);
#10609 = VERTEX_POINT('',#10610);
#10610 = CARTESIAN_POINT('',(-93.08577509699,9.,36.129714375989));
#10611 = LINE('',#10612,#10613);
#10612 = CARTESIAN_POINT('',(-93.57086571701,9.,36.111847430473));
#10613 = VECTOR('',#10614,1.);
#10614 = DIRECTION('',(0.999322384588,0.,3.680722294136E-02));
#10615 = ORIENTED_EDGE('',*,*,#10616,.T.);
#10616 = EDGE_CURVE('',#10609,#10617,#10619,.T.);
#10617 = VERTEX_POINT('',#10618);
#10618 = CARTESIAN_POINT('',(-92.60073500523,9.,36.148904132879));
#10619 = LINE('',#10620,#10621);
#10620 = CARTESIAN_POINT('',(-93.08577509699,9.,36.129714375989));
#10621 = VECTOR('',#10622,1.);
#10622 = DIRECTION('',(0.999218292631,0.,3.953231174372E-02));
#10623 = ORIENTED_EDGE('',*,*,#10624,.T.);
#10624 = EDGE_CURVE('',#10617,#10625,#10627,.T.);
#10625 = VERTEX_POINT('',#10626);
#10626 = CARTESIAN_POINT('',(-92.11574904897,9.,36.169416558429));
#10627 = LINE('',#10628,#10629);
#10628 = CARTESIAN_POINT('',(-92.60073500523,9.,36.148904132879));
#10629 = VECTOR('',#10630,1.);
#10630 = DIRECTION('',(0.999106769543,0.,4.22571065464E-02));
#10631 = ORIENTED_EDGE('',*,*,#10632,.T.);
#10632 = EDGE_CURVE('',#10625,#10633,#10635,.T.);
#10633 = VERTEX_POINT('',#10634);
#10634 = CARTESIAN_POINT('',(-91.630820835,9.,36.191251500091));
#10635 = LINE('',#10636,#10637);
#10636 = CARTESIAN_POINT('',(-92.11574904897,9.,36.169416558429));
#10637 = VECTOR('',#10638,1.);
#10638 = DIRECTION('',(0.998987816154,0.,4.49815870855E-02));
#10639 = ORIENTED_EDGE('',*,*,#10640,.T.);
#10640 = EDGE_CURVE('',#10633,#10641,#10643,.T.);
#10641 = VERTEX_POINT('',#10642);
#10642 = CARTESIAN_POINT('',(-91.14595396972,9.,36.214408795479));
#10643 = LINE('',#10644,#10645);
#10644 = CARTESIAN_POINT('',(-91.630820835,9.,36.191251500091));
#10645 = VECTOR('',#10646,1.);
#10646 = DIRECTION('',(0.998861433348,0.,4.770573309886E-02));
#10647 = ORIENTED_EDGE('',*,*,#10648,.T.);
#10648 = EDGE_CURVE('',#10641,#10649,#10651,.T.);
#10649 = VERTEX_POINT('',#10650);
#10650 = CARTESIAN_POINT('',(-90.66115205904,9.,36.238888272374));
#10651 = LINE('',#10652,#10653);
#10652 = CARTESIAN_POINT('',(-91.14595396972,9.,36.214408795479));
#10653 = VECTOR('',#10654,1.);
#10654 = DIRECTION('',(0.998727622065,0.,5.042952432754E-02));
#10655 = ORIENTED_EDGE('',*,*,#10656,.T.);
#10656 = EDGE_CURVE('',#10649,#10657,#10659,.T.);
#10657 = VERTEX_POINT('',#10658);
#10658 = CARTESIAN_POINT('',(-90.17641870843,9.,36.264689748722));
#10659 = LINE('',#10660,#10661);
#10660 = CARTESIAN_POINT('',(-90.66115205904,9.,36.238888272374));
#10661 = VECTOR('',#10662,1.);
#10662 = DIRECTION('',(0.998586383301,0.,5.315294051449E-02));
#10663 = ORIENTED_EDGE('',*,*,#10664,.T.);
#10664 = EDGE_CURVE('',#10657,#10665,#10667,.T.);
#10665 = VERTEX_POINT('',#10666);
#10666 = CARTESIAN_POINT('',(-89.69175752281,9.,36.29181303264));
#10667 = LINE('',#10668,#10669);
#10668 = CARTESIAN_POINT('',(-90.17641870843,9.,36.264689748722));
#10669 = VECTOR('',#10670,1.);
#10670 = DIRECTION('',(0.998437718106,0.,5.587596140611E-02));
#10671 = ORIENTED_EDGE('',*,*,#10672,.T.);
#10672 = EDGE_CURVE('',#10665,#10673,#10675,.T.);
#10673 = VERTEX_POINT('',#10674);
#10674 = CARTESIAN_POINT('',(-89.20717210658,9.,36.320257922414));
#10675 = LINE('',#10676,#10677);
#10676 = CARTESIAN_POINT('',(-89.69175752281,9.,36.29181303264));
#10677 = VECTOR('',#10678,1.);
#10678 = DIRECTION('',(0.998281627585,0.,5.859856675131E-02));
#10679 = ORIENTED_EDGE('',*,*,#10680,.T.);
#10680 = EDGE_CURVE('',#10673,#10681,#10683,.T.);
#10681 = VERTEX_POINT('',#10682);
#10682 = CARTESIAN_POINT('',(-88.72266606357,9.,36.3500242065));
#10683 = LINE('',#10684,#10685);
#10684 = CARTESIAN_POINT('',(-89.20717210658,9.,36.320257922414));
#10685 = VECTOR('',#10686,1.);
#10686 = DIRECTION('',(0.9981181129,0.,6.13207363022E-02));
#10687 = ORIENTED_EDGE('',*,*,#10688,.T.);
#10688 = EDGE_CURVE('',#10681,#10689,#10691,.T.);
#10689 = VERTEX_POINT('',#10690);
#10690 = CARTESIAN_POINT('',(-88.23824299703,9.,36.381111663529));
#10691 = LINE('',#10692,#10693);
#10692 = CARTESIAN_POINT('',(-88.72266606357,9.,36.3500242065));
#10693 = VECTOR('',#10694,1.);
#10694 = DIRECTION('',(0.997947175266,0.,6.404244981423E-02));
#10695 = ORIENTED_EDGE('',*,*,#10696,.T.);
#10696 = EDGE_CURVE('',#10689,#10697,#10699,.T.);
#10697 = VERTEX_POINT('',#10698);
#10698 = CARTESIAN_POINT('',(-87.75390650959,9.,36.413520062303));
#10699 = LINE('',#10700,#10701);
#10700 = CARTESIAN_POINT('',(-88.23824299703,9.,36.381111663529));
#10701 = VECTOR('',#10702,1.);
#10702 = DIRECTION('',(0.997768815955,0.,6.676368704612E-02));
#10703 = ORIENTED_EDGE('',*,*,#10704,.T.);
#10704 = EDGE_CURVE('',#10697,#10705,#10707,.T.);
#10705 = VERTEX_POINT('',#10706);
#10706 = CARTESIAN_POINT('',(-87.26966020323,9.,36.447249161805));
#10707 = LINE('',#10708,#10709);
#10708 = CARTESIAN_POINT('',(-87.75390650959,9.,36.413520062303));
#10709 = VECTOR('',#10710,1.);
#10710 = DIRECTION('',(0.997583036293,0.,6.948442776027E-02));
#10711 = ORIENTED_EDGE('',*,*,#10712,.T.);
#10712 = EDGE_CURVE('',#10705,#10713,#10715,.T.);
#10713 = VERTEX_POINT('',#10714);
#10714 = CARTESIAN_POINT('',(-86.78550767925,9.,36.482298711193));
#10715 = LINE('',#10716,#10717);
#10716 = CARTESIAN_POINT('',(-87.26966020323,9.,36.447249161805));
#10717 = VECTOR('',#10718,1.);
#10718 = DIRECTION('',(0.997389837661,0.,7.220465172255E-02));
#10719 = ORIENTED_EDGE('',*,*,#10720,.T.);
#10720 = EDGE_CURVE('',#10713,#10721,#10723,.T.);
#10721 = VERTEX_POINT('',#10722);
#10722 = CARTESIAN_POINT('',(-86.30145253829,9.,36.518668449805));
#10723 = LINE('',#10724,#10725);
#10724 = CARTESIAN_POINT('',(-86.78550767925,9.,36.482298711193));
#10725 = VECTOR('',#10726,1.);
#10726 = DIRECTION('',(0.997189221497,0.,7.492433870286E-02));
#10727 = ORIENTED_EDGE('',*,*,#10728,.T.);
#10728 = EDGE_CURVE('',#10721,#10729,#10731,.T.);
#10729 = VERTEX_POINT('',#10730);
#10730 = CARTESIAN_POINT('',(-85.81749838023,9.,36.556358107161));
#10731 = LINE('',#10732,#10733);
#10732 = CARTESIAN_POINT('',(-86.30145253829,9.,36.518668449805));
#10733 = VECTOR('',#10734,1.);
#10734 = DIRECTION('',(0.996981189293,0.,7.764346847504E-02));
#10735 = ORIENTED_EDGE('',*,*,#10736,.T.);
#10736 = EDGE_CURVE('',#10729,#10737,#10739,.T.);
#10737 = VERTEX_POINT('',#10738);
#10738 = CARTESIAN_POINT('',(-85.3336488042,9.,36.595367402966));
#10739 = LINE('',#10740,#10741);
#10740 = CARTESIAN_POINT('',(-85.81749838023,9.,36.556358107161));
#10741 = VECTOR('',#10742,1.);
#10742 = DIRECTION('',(0.996765742595,0.,8.036202081716E-02));
#10743 = ORIENTED_EDGE('',*,*,#10744,.T.);
#10744 = EDGE_CURVE('',#10737,#10745,#10747,.T.);
#10745 = VERTEX_POINT('',#10746);
#10746 = CARTESIAN_POINT('',(-84.84990740858,9.,36.635696047109));
#10747 = LINE('',#10748,#10749);
#10748 = CARTESIAN_POINT('',(-85.3336488042,9.,36.595367402966));
#10749 = VECTOR('',#10750,1.);
#10750 = DIRECTION('',(0.996542883006,0.,8.30799755114E-02));
#10751 = ORIENTED_EDGE('',*,*,#10752,.T.);
#10752 = EDGE_CURVE('',#10745,#10753,#10755,.T.);
#10753 = VERTEX_POINT('',#10754);
#10754 = CARTESIAN_POINT('',(-84.36627779091,9.,36.677343739669));
#10755 = LINE('',#10756,#10757);
#10756 = CARTESIAN_POINT('',(-84.84990740858,9.,36.635696047109));
#10757 = VECTOR('',#10758,1.);
#10758 = DIRECTION('',(0.996312612183,0.,8.579731234437E-02));
#10759 = ORIENTED_EDGE('',*,*,#10760,.T.);
#10760 = EDGE_CURVE('',#10753,#6996,#10761,.T.);
#10761 = LINE('',#10762,#10763);
#10762 = CARTESIAN_POINT('',(-84.36627779091,9.,36.677343739669));
#10763 = VECTOR('',#10764,1.);
#10764 = DIRECTION('',(-8.715574274766E-02,0.,0.996194698092));
#10765 = ORIENTED_EDGE('',*,*,#7003,.T.);
#10766 = ORIENTED_EDGE('',*,*,#9329,.T.);
#10767 = ORIENTED_EDGE('',*,*,#9305,.T.);
#10768 = ORIENTED_EDGE('',*,*,#9281,.T.);
#10769 = ORIENTED_EDGE('',*,*,#9257,.T.);
#10770 = ORIENTED_EDGE('',*,*,#9233,.T.);
#10771 = ORIENTED_EDGE('',*,*,#9209,.T.);
#10772 = ORIENTED_EDGE('',*,*,#9185,.T.);
#10773 = ORIENTED_EDGE('',*,*,#9161,.T.);
#10774 = ORIENTED_EDGE('',*,*,#9137,.T.);
#10775 = ORIENTED_EDGE('',*,*,#9113,.T.);
#10776 = ORIENTED_EDGE('',*,*,#9089,.T.);
#10777 = ORIENTED_EDGE('',*,*,#9065,.T.);
#10778 = ORIENTED_EDGE('',*,*,#9041,.T.);
#10779 = ORIENTED_EDGE('',*,*,#9017,.T.);
#10780 = ORIENTED_EDGE('',*,*,#8993,.T.);
#10781 = ORIENTED_EDGE('',*,*,#8969,.T.);
#10782 = ORIENTED_EDGE('',*,*,#8945,.T.);
#10783 = ORIENTED_EDGE('',*,*,#8921,.T.);
#10784 = ORIENTED_EDGE('',*,*,#8897,.T.);
#10785 = ORIENTED_EDGE('',*,*,#8873,.T.);
#10786 = ORIENTED_EDGE('',*,*,#8849,.T.);
#10787 = ORIENTED_EDGE('',*,*,#8825,.T.);
#10788 = ORIENTED_EDGE('',*,*,#8801,.T.);
#10789 = ORIENTED_EDGE('',*,*,#8777,.T.);
#10790 = ORIENTED_EDGE('',*,*,#8753,.T.);
#10791 = ORIENTED_EDGE('',*,*,#8729,.T.);
#10792 = ORIENTED_EDGE('',*,*,#8705,.T.);
#10793 = ORIENTED_EDGE('',*,*,#8681,.T.);
#10794 = ORIENTED_EDGE('',*,*,#8657,.T.);
#10795 = ORIENTED_EDGE('',*,*,#8633,.T.);
#10796 = ORIENTED_EDGE('',*,*,#8609,.T.);
#10797 = ORIENTED_EDGE('',*,*,#8585,.T.);
#10798 = ORIENTED_EDGE('',*,*,#8561,.T.);
#10799 = ORIENTED_EDGE('',*,*,#8537,.T.);
#10800 = ORIENTED_EDGE('',*,*,#8513,.T.);
#10801 = ORIENTED_EDGE('',*,*,#8489,.T.);
#10802 = ORIENTED_EDGE('',*,*,#6083,.T.);
#10803 = PLANE('',#10804);
#10804 = AXIS2_PLACEMENT_3D('',#10805,#10806,#10807);
#10805 = CARTESIAN_POINT('',(-99.88,9.,44.122556424632));
#10806 = DIRECTION('',(-0.,-1.,-0.));
#10807 = DIRECTION('',(0.,0.,-1.));
#10808 = ADVANCED_FACE('',(#10809),#10820,.T.);
#10809 = FACE_BOUND('',#10810,.T.);
#10810 = EDGE_LOOP('',(#10811,#10812,#10818,#10819));
#10811 = ORIENTED_EDGE('',*,*,#10171,.F.);
#10812 = ORIENTED_EDGE('',*,*,#10813,.T.);
#10813 = EDGE_CURVE('',#10164,#10753,#10814,.T.);
#10814 = LINE('',#10815,#10816);
#10815 = CARTESIAN_POINT('',(-84.36627779091,-9.,36.677343739669));
#10816 = VECTOR('',#10817,1.);
#10817 = DIRECTION('',(0.,1.,0.));
#10818 = ORIENTED_EDGE('',*,*,#10760,.T.);
#10819 = ORIENTED_EDGE('',*,*,#6995,.T.);
#10820 = PLANE('',#10821);
#10821 = AXIS2_PLACEMENT_3D('',#10822,#10823,#10824);
#10822 = CARTESIAN_POINT('',(-84.36627779091,-9.,36.677343739669));
#10823 = DIRECTION('',(0.996194698092,-0.,8.715574274766E-02));
#10824 = DIRECTION('',(-8.715574274766E-02,0.,0.996194698092));
#10825 = ADVANCED_FACE('',(#10826),#11369,.F.);
#10826 = FACE_BOUND('',#10827,.F.);
#10827 = EDGE_LOOP('',(#10828,#10836,#10844,#10852,#10860,#10868,#10876,
    #10884,#10892,#10900,#10908,#10916,#10924,#10932,#10940,#10948,
    #10956,#10964,#10972,#10980,#10988,#10996,#11004,#11012,#11020,
    #11028,#11036,#11044,#11052,#11060,#11068,#11076,#11084,#11092,
    #11100,#11108,#11116,#11124,#11132,#11140,#11148,#11156,#11164,
    #11172,#11180,#11188,#11196,#11204,#11212,#11220,#11228,#11236,
    #11244,#11252,#11260,#11268,#11276,#11284,#11292,#11300,#11308,
    #11316,#11324,#11332,#11340,#11348,#11354,#11355,#11356,#11357,
    #11358,#11359,#11360,#11361,#11362,#11363,#11364,#11365,#11366,
    #11367,#11368));
#10828 = ORIENTED_EDGE('',*,*,#10829,.T.);
#10829 = EDGE_CURVE('',#8110,#10830,#10832,.T.);
#10830 = VERTEX_POINT('',#10831);
#10831 = CARTESIAN_POINT('',(-107.8115141686,-7.,62.657694007944));
#10832 = LINE('',#10833,#10834);
#10833 = CARTESIAN_POINT('',(-107.6231047261,-7.,66.252760333061));
#10834 = VECTOR('',#10835,1.);
#10835 = DIRECTION('',(-5.233595624294E-02,0.,-0.998629534755));
#10836 = ORIENTED_EDGE('',*,*,#10837,.T.);
#10837 = EDGE_CURVE('',#10830,#10838,#10840,.T.);
#10838 = VERTEX_POINT('',#10839);
#10839 = CARTESIAN_POINT('',(-107.6464206363,-7.,62.649132111842));
#10840 = LINE('',#10841,#10842);
#10841 = CARTESIAN_POINT('',(-107.8115141686,-7.,62.657694007944));
#10842 = VECTOR('',#10843,1.);
#10843 = DIRECTION('',(0.998657931054,0.,-5.179128056704E-02));
#10844 = ORIENTED_EDGE('',*,*,#10845,.T.);
#10845 = EDGE_CURVE('',#10838,#10846,#10848,.T.);
#10846 = VERTEX_POINT('',#10847);
#10847 = CARTESIAN_POINT('',(-107.4813178628,-7.,62.640750309905));
#10848 = LINE('',#10849,#10850);
#10849 = CARTESIAN_POINT('',(-107.6464206363,-7.,62.649132111842));
#10850 = VECTOR('',#10851,1.);
#10851 = DIRECTION('',(0.998713832409,0.,-5.070188315731E-02));
#10852 = ORIENTED_EDGE('',*,*,#10853,.T.);
#10853 = EDGE_CURVE('',#10846,#10854,#10856,.T.);
#10854 = VERTEX_POINT('',#10855);
#10855 = CARTESIAN_POINT('',(-107.3162060443,-7.,62.632548612106));
#10856 = LINE('',#10857,#10858);
#10857 = CARTESIAN_POINT('',(-107.4813178628,-7.,62.640750309905));
#10858 = VECTOR('',#10859,1.);
#10859 = DIRECTION('',(0.998768545382,0.,-4.961242541667E-02));
#10860 = ORIENTED_EDGE('',*,*,#10861,.T.);
#10861 = EDGE_CURVE('',#10854,#10862,#10864,.T.);
#10862 = VERTEX_POINT('',#10863);
#10863 = CARTESIAN_POINT('',(-107.1510853774,-7.,62.624527028206));
#10864 = LINE('',#10865,#10866);
#10865 = CARTESIAN_POINT('',(-107.3162060443,-7.,62.632548612106));
#10866 = VECTOR('',#10867,1.);
#10867 = DIRECTION('',(0.998822069909,0.,-4.852290864173E-02));
#10868 = ORIENTED_EDGE('',*,*,#10869,.T.);
#10869 = EDGE_CURVE('',#10862,#10870,#10872,.T.);
#10870 = VERTEX_POINT('',#10871);
#10871 = CARTESIAN_POINT('',(-106.9859560585,-7.,62.616685567748));
#10872 = LINE('',#10873,#10874);
#10873 = CARTESIAN_POINT('',(-107.1510853774,-7.,62.624527028206));
#10874 = VECTOR('',#10875,1.);
#10875 = DIRECTION('',(0.998874405926,0.,-4.743333412863E-02));
#10876 = ORIENTED_EDGE('',*,*,#10877,.T.);
#10877 = EDGE_CURVE('',#10870,#10878,#10880,.T.);
#10878 = VERTEX_POINT('',#10879);
#10879 = CARTESIAN_POINT('',(-106.8208182842,-7.,62.609024240065));
#10880 = LINE('',#10881,#10882);
#10881 = CARTESIAN_POINT('',(-106.9859560585,-7.,62.616685567748));
#10882 = VECTOR('',#10883,1.);
#10883 = DIRECTION('',(0.99892555337,0.,-4.634370317406E-02));
#10884 = ORIENTED_EDGE('',*,*,#10885,.T.);
#10885 = EDGE_CURVE('',#10878,#10886,#10888,.T.);
#10886 = VERTEX_POINT('',#10887);
#10887 = CARTESIAN_POINT('',(-106.6556722509,-7.,62.601543054271));
#10888 = LINE('',#10889,#10890);
#10889 = CARTESIAN_POINT('',(-106.8208182842,-7.,62.609024240065));
#10890 = VECTOR('',#10891,1.);
#10891 = DIRECTION('',(0.998975512182,0.,-4.525401707464E-02));
#10892 = ORIENTED_EDGE('',*,*,#10893,.T.);
#10893 = EDGE_CURVE('',#10886,#10894,#10896,.T.);
#10894 = VERTEX_POINT('',#10895);
#10895 = CARTESIAN_POINT('',(-106.4905181552,-7.,62.594242019269));
#10896 = LINE('',#10897,#10898);
#10897 = CARTESIAN_POINT('',(-106.6556722509,-7.,62.601543054271));
#10898 = VECTOR('',#10899,1.);
#10899 = DIRECTION('',(0.9990242823,0.,-4.416427712719E-02));
#10900 = ORIENTED_EDGE('',*,*,#10901,.T.);
#10901 = EDGE_CURVE('',#10894,#10902,#10904,.T.);
#10902 = VERTEX_POINT('',#10903);
#10903 = CARTESIAN_POINT('',(-106.3253561935,-7.,62.587121143747));
#10904 = LINE('',#10905,#10906);
#10905 = CARTESIAN_POINT('',(-106.4905181552,-7.,62.594242019269));
#10906 = VECTOR('',#10907,1.);
#10907 = DIRECTION('',(0.999071863668,0.,-4.307448462787E-02));
#10908 = ORIENTED_EDGE('',*,*,#10909,.T.);
#10909 = EDGE_CURVE('',#10902,#10910,#10912,.T.);
#10910 = VERTEX_POINT('',#10911);
#10911 = CARTESIAN_POINT('',(-106.1601865624,-7.,62.580180436178));
#10912 = LINE('',#10913,#10914);
#10913 = CARTESIAN_POINT('',(-106.3253561935,-7.,62.587121143747));
#10914 = VECTOR('',#10915,1.);
#10915 = DIRECTION('',(0.999118256229,0.,-4.198464087365E-02));
#10916 = ORIENTED_EDGE('',*,*,#10917,.T.);
#10917 = EDGE_CURVE('',#10910,#10918,#10920,.T.);
#10918 = VERTEX_POINT('',#10919);
#10919 = CARTESIAN_POINT('',(-105.9950094585,-7.,62.57341990482));
#10920 = LINE('',#10921,#10922);
#10921 = CARTESIAN_POINT('',(-106.1601865624,-7.,62.580180436178));
#10922 = VECTOR('',#10923,1.);
#10923 = DIRECTION('',(0.999163459928,0.,-4.089474716155E-02));
#10924 = ORIENTED_EDGE('',*,*,#10925,.T.);
#10925 = EDGE_CURVE('',#10918,#10926,#10928,.T.);
#10926 = VERTEX_POINT('',#10927);
#10927 = CARTESIAN_POINT('',(-105.8298250782,-7.,62.566839557718));
#10928 = LINE('',#10929,#10930);
#10929 = CARTESIAN_POINT('',(-105.9950094585,-7.,62.57341990482));
#10930 = VECTOR('',#10931,1.);
#10931 = DIRECTION('',(0.99920747471,0.,-3.980480478836E-02));
#10932 = ORIENTED_EDGE('',*,*,#10933,.T.);
#10933 = EDGE_CURVE('',#10926,#10934,#10936,.T.);
#10934 = VERTEX_POINT('',#10935);
#10935 = CARTESIAN_POINT('',(-105.6646336182,-7.,62.560439402703));
#10936 = LINE('',#10937,#10938);
#10937 = CARTESIAN_POINT('',(-105.8298250782,-7.,62.566839557718));
#10938 = VECTOR('',#10939,1.);
#10939 = DIRECTION('',(0.999250300523,0.,-3.871481505078E-02));
#10940 = ORIENTED_EDGE('',*,*,#10941,.T.);
#10941 = EDGE_CURVE('',#10934,#10942,#10944,.T.);
#10942 = VERTEX_POINT('',#10943);
#10943 = CARTESIAN_POINT('',(-105.499435275,-7.,62.554219447389));
#10944 = LINE('',#10945,#10946);
#10945 = CARTESIAN_POINT('',(-105.6646336182,-7.,62.560439402703));
#10946 = VECTOR('',#10947,1.);
#10947 = DIRECTION('',(0.999291937317,0.,-3.762477924628E-02));
#10948 = ORIENTED_EDGE('',*,*,#10949,.T.);
#10949 = EDGE_CURVE('',#10942,#10950,#10952,.T.);
#10950 = VERTEX_POINT('',#10951);
#10951 = CARTESIAN_POINT('',(-105.3342302451,-7.,62.548179699178));
#10952 = LINE('',#10953,#10954);
#10953 = CARTESIAN_POINT('',(-105.499435275,-7.,62.554219447389));
#10954 = VECTOR('',#10955,1.);
#10955 = DIRECTION('',(0.999332385042,0.,-3.653469867135E-02));
#10956 = ORIENTED_EDGE('',*,*,#10957,.T.);
#10957 = EDGE_CURVE('',#10950,#10958,#10960,.T.);
#10958 = VERTEX_POINT('',#10959);
#10959 = CARTESIAN_POINT('',(-105.1690187252,-7.,62.542320165256));
#10960 = LINE('',#10961,#10962);
#10961 = CARTESIAN_POINT('',(-105.3342302451,-7.,62.548179699178));
#10962 = VECTOR('',#10963,1.);
#10963 = DIRECTION('',(0.999371643649,0.,-3.544457462353E-02));
#10964 = ORIENTED_EDGE('',*,*,#10965,.T.);
#10965 = EDGE_CURVE('',#10958,#10966,#10968,.T.);
#10966 = VERTEX_POINT('',#10967);
#10967 = CARTESIAN_POINT('',(-105.0038009118,-7.,62.536640852597));
#10968 = LINE('',#10969,#10970);
#10969 = CARTESIAN_POINT('',(-105.1690187252,-7.,62.542320165256));
#10970 = VECTOR('',#10971,1.);
#10971 = DIRECTION('',(0.999409713092,0.,-3.435440839961E-02));
#10972 = ORIENTED_EDGE('',*,*,#10973,.T.);
#10973 = EDGE_CURVE('',#10966,#10974,#10976,.T.);
#10974 = VERTEX_POINT('',#10975);
#10975 = CARTESIAN_POINT('',(-104.8385770016,-7.,62.531141767957));
#10976 = LINE('',#10977,#10978);
#10977 = CARTESIAN_POINT('',(-105.0038009118,-7.,62.536640852597));
#10978 = VECTOR('',#10979,1.);
#10979 = DIRECTION('',(0.999446593327,0.,-3.326420129727E-02));
#10980 = ORIENTED_EDGE('',*,*,#10981,.T.);
#10981 = EDGE_CURVE('',#10974,#10982,#10984,.T.);
#10982 = VERTEX_POINT('',#10983);
#10983 = CARTESIAN_POINT('',(-104.6733471911,-7.,62.52582291788));
#10984 = LINE('',#10985,#10986);
#10985 = CARTESIAN_POINT('',(-104.8385770016,-7.,62.531141767957));
#10986 = VECTOR('',#10987,1.);
#10987 = DIRECTION('',(0.999482284308,0.,-3.21739546132E-02));
#10988 = ORIENTED_EDGE('',*,*,#10989,.T.);
#10989 = EDGE_CURVE('',#10982,#10990,#10992,.T.);
#10990 = VERTEX_POINT('',#10991);
#10991 = CARTESIAN_POINT('',(-104.5081116769,-7.,62.520684308696));
#10992 = LINE('',#10993,#10994);
#10993 = CARTESIAN_POINT('',(-104.6733471911,-7.,62.52582291788));
#10994 = VECTOR('',#10995,1.);
#10995 = DIRECTION('',(0.999516785993,0.,-3.108366964487E-02));
#10996 = ORIENTED_EDGE('',*,*,#10997,.T.);
#10997 = EDGE_CURVE('',#10990,#10998,#11000,.T.);
#10998 = VERTEX_POINT('',#10999);
#10999 = CARTESIAN_POINT('',(-104.3428706557,-7.,62.515725946519));
#11000 = LINE('',#11001,#11002);
#11001 = CARTESIAN_POINT('',(-104.5081116769,-7.,62.520684308696));
#11002 = VECTOR('',#11003,1.);
#11003 = DIRECTION('',(0.999550098341,0.,-2.999334769015E-02));
#11004 = ORIENTED_EDGE('',*,*,#11005,.T.);
#11005 = EDGE_CURVE('',#10998,#11006,#11008,.T.);
#11006 = VERTEX_POINT('',#11007);
#11007 = CARTESIAN_POINT('',(-104.177624324,-7.,62.510947837248));
#11008 = LINE('',#11009,#11010);
#11009 = CARTESIAN_POINT('',(-104.3428706557,-7.,62.515725946519));
#11010 = VECTOR('',#11011,1.);
#11011 = DIRECTION('',(0.999582221314,0.,-2.890299004572E-02));
#11012 = ORIENTED_EDGE('',*,*,#11013,.T.);
#11013 = EDGE_CURVE('',#11006,#11014,#11016,.T.);
#11014 = VERTEX_POINT('',#11015);
#11015 = CARTESIAN_POINT('',(-104.0123728786,-7.,62.506349986569));
#11016 = LINE('',#11017,#11018);
#11017 = CARTESIAN_POINT('',(-104.177624324,-7.,62.510947837248));
#11018 = VECTOR('',#11019,1.);
#11019 = DIRECTION('',(0.999613154871,0.,-2.781259800939E-02));
#11020 = ORIENTED_EDGE('',*,*,#11021,.T.);
#11021 = EDGE_CURVE('',#11014,#11022,#11024,.T.);
#11022 = VERTEX_POINT('',#11023);
#11023 = CARTESIAN_POINT('',(-103.847116516,-7.,62.501932399954));
#11024 = LINE('',#11025,#11026);
#11025 = CARTESIAN_POINT('',(-104.0123728786,-7.,62.506349986569));
#11026 = VECTOR('',#11027,1.);
#11027 = DIRECTION('',(0.999642898978,0.,-2.672217287818E-02));
#11028 = ORIENTED_EDGE('',*,*,#11029,.T.);
#11029 = EDGE_CURVE('',#11022,#11030,#11032,.T.);
#11030 = VERTEX_POINT('',#11031);
#11031 = CARTESIAN_POINT('',(-103.6818554329,-7.,62.497695082659));
#11032 = LINE('',#11033,#11034);
#11033 = CARTESIAN_POINT('',(-103.847116516,-7.,62.501932399954));
#11034 = VECTOR('',#11035,1.);
#11035 = DIRECTION('',(0.999671453597,0.,-2.563171595046E-02));
#11036 = ORIENTED_EDGE('',*,*,#11037,.T.);
#11037 = EDGE_CURVE('',#11030,#11038,#11040,.T.);
#11038 = VERTEX_POINT('',#11039);
#11039 = CARTESIAN_POINT('',(-103.5165898259,-7.,62.493638039726));
#11040 = LINE('',#11041,#11042);
#11041 = CARTESIAN_POINT('',(-103.6818554329,-7.,62.497695082659));
#11042 = VECTOR('',#11043,1.);
#11043 = DIRECTION('',(0.999698818696,0.,-2.454122852288E-02));
#11044 = ORIENTED_EDGE('',*,*,#11045,.T.);
#11045 = EDGE_CURVE('',#11038,#11046,#11048,.T.);
#11046 = VERTEX_POINT('',#11047);
#11047 = CARTESIAN_POINT('',(-103.3513198917,-7.,62.489761275981));
#11048 = LINE('',#11049,#11050);
#11049 = CARTESIAN_POINT('',(-103.5165898259,-7.,62.493638039726));
#11050 = VECTOR('',#11051,1.);
#11051 = DIRECTION('',(0.999724994242,0.,-2.345071189346E-02));
#11052 = ORIENTED_EDGE('',*,*,#11053,.T.);
#11053 = EDGE_CURVE('',#11046,#11054,#11056,.T.);
#11054 = VERTEX_POINT('',#11055);
#11055 = CARTESIAN_POINT('',(-103.1860458269,-7.,62.48606479604));
#11056 = LINE('',#11057,#11058);
#11057 = CARTESIAN_POINT('',(-103.3513198917,-7.,62.489761275981));
#11058 = VECTOR('',#11059,1.);
#11059 = DIRECTION('',(0.999749980203,0.,-2.236016736007E-02));
#11060 = ORIENTED_EDGE('',*,*,#11061,.T.);
#11061 = EDGE_CURVE('',#11054,#11062,#11064,.T.);
#11062 = VERTEX_POINT('',#11063);
#11063 = CARTESIAN_POINT('',(-103.0207678283,-7.,62.482548604299));
#11064 = LINE('',#11065,#11066);
#11065 = CARTESIAN_POINT('',(-103.1860458269,-7.,62.48606479604));
#11066 = VECTOR('',#11067,1.);
#11067 = DIRECTION('',(0.99977377655,0.,-2.12695962197E-02));
#11068 = ORIENTED_EDGE('',*,*,#11069,.T.);
#11069 = EDGE_CURVE('',#11062,#11070,#11072,.T.);
#11070 = VERTEX_POINT('',#11071);
#11071 = CARTESIAN_POINT('',(-102.8554860924,-7.,62.479212704943));
#11072 = LINE('',#11073,#11074);
#11073 = CARTESIAN_POINT('',(-103.0207678283,-7.,62.482548604299));
#11074 = VECTOR('',#11075,1.);
#11075 = DIRECTION('',(0.999796383254,0.,-2.017899977055E-02));
#11076 = ORIENTED_EDGE('',*,*,#11077,.T.);
#11077 = EDGE_CURVE('',#11070,#11078,#11080,.T.);
#11078 = VERTEX_POINT('',#11079);
#11079 = CARTESIAN_POINT('',(-102.6902008159,-7.,62.476057101941));
#11080 = LINE('',#11081,#11082);
#11081 = CARTESIAN_POINT('',(-102.8554860924,-7.,62.479212704943));
#11082 = VECTOR('',#11083,1.);
#11083 = DIRECTION('',(0.999817800289,0.,-1.908837931011E-02));
#11084 = ORIENTED_EDGE('',*,*,#11085,.T.);
#11085 = EDGE_CURVE('',#11078,#11086,#11088,.T.);
#11086 = VERTEX_POINT('',#11087);
#11087 = CARTESIAN_POINT('',(-102.5249121955,-7.,62.473081799049));
#11088 = LINE('',#11089,#11090);
#11089 = CARTESIAN_POINT('',(-102.6902008159,-7.,62.476057101941));
#11090 = VECTOR('',#11091,1.);
#11091 = DIRECTION('',(0.999838027629,0.,-1.799773613628E-02));
#11092 = ORIENTED_EDGE('',*,*,#11093,.T.);
#11093 = EDGE_CURVE('',#11086,#11094,#11096,.T.);
#11094 = VERTEX_POINT('',#11095);
#11095 = CARTESIAN_POINT('',(-102.3596204279,-7.,62.470286799806));
#11096 = LINE('',#11097,#11098);
#11097 = CARTESIAN_POINT('',(-102.5249121955,-7.,62.473081799049));
#11098 = VECTOR('',#11099,1.);
#11099 = DIRECTION('',(0.999857065251,0.,-1.690707154653E-02));
#11100 = ORIENTED_EDGE('',*,*,#11101,.T.);
#11101 = EDGE_CURVE('',#11094,#11102,#11104,.T.);
#11102 = VERTEX_POINT('',#11103);
#11103 = CARTESIAN_POINT('',(-102.1943257098,-7.,62.467672107538));
#11104 = LINE('',#11105,#11106);
#11105 = CARTESIAN_POINT('',(-102.3596204279,-7.,62.470286799806));
#11106 = VECTOR('',#11107,1.);
#11107 = DIRECTION('',(0.99987491313,0.,-1.581638683907E-02));
#11108 = ORIENTED_EDGE('',*,*,#11109,.T.);
#11109 = EDGE_CURVE('',#11102,#11110,#11112,.T.);
#11110 = VERTEX_POINT('',#11111);
#11111 = CARTESIAN_POINT('',(-102.0290282379,-7.,62.465237725357));
#11112 = LINE('',#11113,#11114);
#11113 = CARTESIAN_POINT('',(-102.1943257098,-7.,62.467672107538));
#11114 = VECTOR('',#11115,1.);
#11115 = DIRECTION('',(0.999891571247,0.,-1.472568331143E-02));
#11116 = ORIENTED_EDGE('',*,*,#11117,.T.);
#11117 = EDGE_CURVE('',#11110,#11118,#11120,.T.);
#11118 = VERTEX_POINT('',#11119);
#11119 = CARTESIAN_POINT('',(-101.8637282088,-7.,62.462983656159));
#11120 = LINE('',#11121,#11122);
#11121 = CARTESIAN_POINT('',(-102.0290282379,-7.,62.465237725357));
#11122 = VECTOR('',#11123,1.);
#11123 = DIRECTION('',(0.999907039581,0.,-1.363496226162E-02));
#11124 = ORIENTED_EDGE('',*,*,#11125,.T.);
#11125 = EDGE_CURVE('',#11118,#11126,#11128,.T.);
#11126 = VERTEX_POINT('',#11127);
#11127 = CARTESIAN_POINT('',(-101.6984258192,-7.,62.460909902627));
#11128 = LINE('',#11129,#11130);
#11129 = CARTESIAN_POINT('',(-101.8637282088,-7.,62.462983656159));
#11130 = VECTOR('',#11131,1.);
#11131 = DIRECTION('',(0.999921318114,0.,-1.254422498716E-02));
#11132 = ORIENTED_EDGE('',*,*,#11133,.T.);
#11133 = EDGE_CURVE('',#11126,#11134,#11136,.T.);
#11134 = VERTEX_POINT('',#11135);
#11135 = CARTESIAN_POINT('',(-101.5331212659,-7.,62.459016467227));
#11136 = LINE('',#11137,#11138);
#11137 = CARTESIAN_POINT('',(-101.6984258192,-7.,62.460909902627));
#11138 = VECTOR('',#11139,1.);
#11139 = DIRECTION('',(0.999934406829,0.,-1.145347278658E-02));
#11140 = ORIENTED_EDGE('',*,*,#11141,.T.);
#11141 = EDGE_CURVE('',#11134,#11142,#11144,.T.);
#11142 = VERTEX_POINT('',#11143);
#11143 = CARTESIAN_POINT('',(-101.3678147455,-7.,62.457303352214));
#11144 = LINE('',#11145,#11146);
#11145 = CARTESIAN_POINT('',(-101.5331212659,-7.,62.459016467227));
#11146 = VECTOR('',#11147,1.);
#11147 = DIRECTION('',(0.999946305711,0.,-1.036270695689E-02));
#11148 = ORIENTED_EDGE('',*,*,#11149,.T.);
#11149 = EDGE_CURVE('',#11142,#11150,#11152,.T.);
#11150 = VERTEX_POINT('',#11151);
#11151 = CARTESIAN_POINT('',(-101.2025064547,-7.,62.455770559625));
#11152 = LINE('',#11153,#11154);
#11153 = CARTESIAN_POINT('',(-101.3678147455,-7.,62.457303352214));
#11154 = VECTOR('',#11155,1.);
#11155 = DIRECTION('',(0.999957014744,0.,-9.271928796974E-03));
#11156 = ORIENTED_EDGE('',*,*,#11157,.T.);
#11157 = EDGE_CURVE('',#11150,#11158,#11160,.T.);
#11158 = VERTEX_POINT('',#11159);
#11159 = CARTESIAN_POINT('',(-101.0371965903,-7.,62.454418091284));
#11160 = LINE('',#11161,#11162);
#11161 = CARTESIAN_POINT('',(-101.2025064547,-7.,62.455770559625));
#11162 = VECTOR('',#11163,1.);
#11163 = DIRECTION('',(0.999966533917,0.,-8.181139603997E-03));
#11164 = ORIENTED_EDGE('',*,*,#11165,.T.);
#11165 = EDGE_CURVE('',#11158,#11166,#11168,.T.);
#11166 = VERTEX_POINT('',#11167);
#11167 = CARTESIAN_POINT('',(-100.8718853489,-7.,62.453245948801));
#11168 = LINE('',#11169,#11170);
#11169 = CARTESIAN_POINT('',(-101.0371965903,-7.,62.454418091284));
#11170 = VECTOR('',#11171,1.);
#11171 = DIRECTION('',(0.999974863219,0.,-7.090340676156E-03));
#11172 = ORIENTED_EDGE('',*,*,#11173,.T.);
#11173 = EDGE_CURVE('',#11166,#11174,#11176,.T.);
#11174 = VERTEX_POINT('',#11175);
#11175 = CARTESIAN_POINT('',(-100.7065729273,-7.,62.452254133571));
#11176 = LINE('',#11177,#11178);
#11177 = CARTESIAN_POINT('',(-100.8718853489,-7.,62.453245948801));
#11178 = VECTOR('',#11179,1.);
#11179 = DIRECTION('',(0.999982002638,0.,-5.999533311483E-03));
#11180 = ORIENTED_EDGE('',*,*,#11181,.T.);
#11181 = EDGE_CURVE('',#11174,#11182,#11184,.T.);
#11182 = VERTEX_POINT('',#11183);
#11183 = CARTESIAN_POINT('',(-100.5412595221,-7.,62.451442646773));
#11184 = LINE('',#11185,#11186);
#11185 = CARTESIAN_POINT('',(-100.7065729273,-7.,62.452254133571));
#11186 = VECTOR('',#11187,1.);
#11187 = DIRECTION('',(0.999987952167,0.,-4.908718808001E-03));
#11188 = ORIENTED_EDGE('',*,*,#11189,.T.);
#11189 = EDGE_CURVE('',#11182,#11190,#11192,.T.);
#11190 = VERTEX_POINT('',#11191);
#11191 = CARTESIAN_POINT('',(-100.37594533,-7.,62.450811489373));
#11192 = LINE('',#11193,#11194);
#11193 = CARTESIAN_POINT('',(-100.5412595221,-7.,62.451442646773));
#11194 = VECTOR('',#11195,1.);
#11195 = DIRECTION('',(0.999992711799,0.,-3.81789846357E-03));
#11196 = ORIENTED_EDGE('',*,*,#11197,.T.);
#11197 = EDGE_CURVE('',#11190,#11198,#11200,.T.);
#11198 = VERTEX_POINT('',#11199);
#11199 = CARTESIAN_POINT('',(-100.2106305478,-7.,62.450360662122));
#11200 = LINE('',#11201,#11202);
#11201 = CARTESIAN_POINT('',(-100.37594533,-7.,62.450811489373));
#11202 = VECTOR('',#11203,1.);
#11203 = DIRECTION('',(0.999996281528,0.,-2.727073576043E-03));
#11204 = ORIENTED_EDGE('',*,*,#11205,.T.);
#11205 = EDGE_CURVE('',#11198,#11206,#11208,.T.);
#11206 = VERTEX_POINT('',#11207);
#11207 = CARTESIAN_POINT('',(-100.0453153723,-7.,62.450090165557));
#11208 = LINE('',#11209,#11210);
#11209 = CARTESIAN_POINT('',(-100.2106305478,-7.,62.450360662122));
#11210 = VECTOR('',#11211,1.);
#11211 = DIRECTION('',(0.99999866135,0.,-1.636245443618E-03));
#11212 = ORIENTED_EDGE('',*,*,#11213,.T.);
#11213 = EDGE_CURVE('',#11206,#11214,#11216,.T.);
#11214 = VERTEX_POINT('',#11215);
#11215 = CARTESIAN_POINT('',(-99.88,-7.,62.45));
#11216 = LINE('',#11217,#11218);
#11217 = CARTESIAN_POINT('',(-100.0453153723,-7.,62.450090165557));
#11218 = VECTOR('',#11219,1.);
#11219 = DIRECTION('',(0.999999851261,0.,-5.454153641534E-04));
#11220 = ORIENTED_EDGE('',*,*,#11221,.T.);
#11221 = EDGE_CURVE('',#11214,#11222,#11224,.T.);
#11222 = VERTEX_POINT('',#11223);
#11223 = CARTESIAN_POINT('',(-99.71468462769,-7.,62.450090165557));
#11224 = LINE('',#11225,#11226);
#11225 = CARTESIAN_POINT('',(-99.88,-7.,62.45));
#11226 = VECTOR('',#11227,1.);
#11227 = DIRECTION('',(0.999999851261,0.,5.454153641534E-04));
#11228 = ORIENTED_EDGE('',*,*,#11229,.T.);
#11229 = EDGE_CURVE('',#11222,#11230,#11232,.T.);
#11230 = VERTEX_POINT('',#11231);
#11231 = CARTESIAN_POINT('',(-99.5493694521,-7.,62.450360662122));
#11232 = LINE('',#11233,#11234);
#11233 = CARTESIAN_POINT('',(-99.71468462769,-7.,62.450090165557));
#11234 = VECTOR('',#11235,1.);
#11235 = DIRECTION('',(0.99999866135,0.,1.636245443618E-03));
#11236 = ORIENTED_EDGE('',*,*,#11237,.T.);
#11237 = EDGE_CURVE('',#11230,#11238,#11240,.T.);
#11238 = VERTEX_POINT('',#11239);
#11239 = CARTESIAN_POINT('',(-99.38405466993,-7.,62.450811489373));
#11240 = LINE('',#11241,#11242);
#11241 = CARTESIAN_POINT('',(-99.5493694521,-7.,62.450360662122));
#11242 = VECTOR('',#11243,1.);
#11243 = DIRECTION('',(0.999996281528,0.,2.727073576043E-03));
#11244 = ORIENTED_EDGE('',*,*,#11245,.T.);
#11245 = EDGE_CURVE('',#11238,#11246,#11248,.T.);
#11246 = VERTEX_POINT('',#11247);
#11247 = CARTESIAN_POINT('',(-99.21874047789,-7.,62.451442646773));
#11248 = LINE('',#11249,#11250);
#11249 = CARTESIAN_POINT('',(-99.38405466993,-7.,62.450811489373));
#11250 = VECTOR('',#11251,1.);
#11251 = DIRECTION('',(0.999992711799,0.,3.81789846357E-03));
#11252 = ORIENTED_EDGE('',*,*,#11253,.T.);
#11253 = EDGE_CURVE('',#11246,#11254,#11256,.T.);
#11254 = VERTEX_POINT('',#11255);
#11255 = CARTESIAN_POINT('',(-99.05342707269,-7.,62.452254133571));
#11256 = LINE('',#11257,#11258);
#11257 = CARTESIAN_POINT('',(-99.21874047789,-7.,62.451442646773));
#11258 = VECTOR('',#11259,1.);
#11259 = DIRECTION('',(0.999987952167,0.,4.908718808001E-03));
#11260 = ORIENTED_EDGE('',*,*,#11261,.T.);
#11261 = EDGE_CURVE('',#11254,#11262,#11264,.T.);
#11262 = VERTEX_POINT('',#11263);
#11263 = CARTESIAN_POINT('',(-98.88811465104,-7.,62.453245948801));
#11264 = LINE('',#11265,#11266);
#11265 = CARTESIAN_POINT('',(-99.05342707269,-7.,62.452254133571));
#11266 = VECTOR('',#11267,1.);
#11267 = DIRECTION('',(0.999982002638,0.,5.999533311482E-03));
#11268 = ORIENTED_EDGE('',*,*,#11269,.T.);
#11269 = EDGE_CURVE('',#11262,#11270,#11272,.T.);
#11270 = VERTEX_POINT('',#11271);
#11271 = CARTESIAN_POINT('',(-98.72280340965,-7.,62.454418091284));
#11272 = LINE('',#11273,#11274);
#11273 = CARTESIAN_POINT('',(-98.88811465104,-7.,62.453245948801));
#11274 = VECTOR('',#11275,1.);
#11275 = DIRECTION('',(0.999974863219,0.,7.090340676157E-03));
#11276 = ORIENTED_EDGE('',*,*,#11277,.T.);
#11277 = EDGE_CURVE('',#11270,#11278,#11280,.T.);
#11278 = VERTEX_POINT('',#11279);
#11279 = CARTESIAN_POINT('',(-98.55749354522,-7.,62.455770559625));
#11280 = LINE('',#11281,#11282);
#11281 = CARTESIAN_POINT('',(-98.72280340965,-7.,62.454418091284));
#11282 = VECTOR('',#11283,1.);
#11283 = DIRECTION('',(0.999966533917,0.,8.181139603997E-03));
#11284 = ORIENTED_EDGE('',*,*,#11285,.T.);
#11285 = EDGE_CURVE('',#11278,#11286,#11288,.T.);
#11286 = VERTEX_POINT('',#11287);
#11287 = CARTESIAN_POINT('',(-98.39218525445,-7.,62.457303352214));
#11288 = LINE('',#11289,#11290);
#11289 = CARTESIAN_POINT('',(-98.55749354522,-7.,62.455770559625));
#11290 = VECTOR('',#11291,1.);
#11291 = DIRECTION('',(0.999957014744,0.,9.271928796974E-03));
#11292 = ORIENTED_EDGE('',*,*,#11293,.T.);
#11293 = EDGE_CURVE('',#11286,#11294,#11296,.T.);
#11294 = VERTEX_POINT('',#11295);
#11295 = CARTESIAN_POINT('',(-98.22687873405,-7.,62.459016467227));
#11296 = LINE('',#11297,#11298);
#11297 = CARTESIAN_POINT('',(-98.39218525445,-7.,62.457303352214));
#11298 = VECTOR('',#11299,1.);
#11299 = DIRECTION('',(0.999946305711,0.,1.036270695689E-02));
#11300 = ORIENTED_EDGE('',*,*,#11301,.T.);
#11301 = EDGE_CURVE('',#11294,#11302,#11304,.T.);
#11302 = VERTEX_POINT('',#11303);
#11303 = CARTESIAN_POINT('',(-98.06157418072,-7.,62.460909902627));
#11304 = LINE('',#11305,#11306);
#11305 = CARTESIAN_POINT('',(-98.22687873405,-7.,62.459016467227));
#11306 = VECTOR('',#11307,1.);
#11307 = DIRECTION('',(0.999934406829,0.,1.145347278658E-02));
#11308 = ORIENTED_EDGE('',*,*,#11309,.T.);
#11309 = EDGE_CURVE('',#11302,#11310,#11312,.T.);
#11310 = VERTEX_POINT('',#11311);
#11311 = CARTESIAN_POINT('',(-97.89627179116,-7.,62.462983656159));
#11312 = LINE('',#11313,#11314);
#11313 = CARTESIAN_POINT('',(-98.06157418072,-7.,62.460909902627));
#11314 = VECTOR('',#11315,1.);
#11315 = DIRECTION('',(0.999921318114,0.,1.254422498716E-02));
#11316 = ORIENTED_EDGE('',*,*,#11317,.T.);
#11317 = EDGE_CURVE('',#11310,#11318,#11320,.T.);
#11318 = VERTEX_POINT('',#11319);
#11319 = CARTESIAN_POINT('',(-97.73097176206,-7.,62.465237725357));
#11320 = LINE('',#11321,#11322);
#11321 = CARTESIAN_POINT('',(-97.89627179116,-7.,62.462983656159));
#11322 = VECTOR('',#11323,1.);
#11323 = DIRECTION('',(0.999907039581,0.,1.363496226162E-02));
#11324 = ORIENTED_EDGE('',*,*,#11325,.T.);
#11325 = EDGE_CURVE('',#11318,#11326,#11328,.T.);
#11326 = VERTEX_POINT('',#11327);
#11327 = CARTESIAN_POINT('',(-97.56567429011,-7.,62.467672107538));
#11328 = LINE('',#11329,#11330);
#11329 = CARTESIAN_POINT('',(-97.73097176206,-7.,62.465237725357));
#11330 = VECTOR('',#11331,1.);
#11331 = DIRECTION('',(0.999891571247,0.,1.472568331143E-02));
#11332 = ORIENTED_EDGE('',*,*,#11333,.T.);
#11333 = EDGE_CURVE('',#11326,#11334,#11336,.T.);
#11334 = VERTEX_POINT('',#11335);
#11335 = CARTESIAN_POINT('',(-97.400379572,-7.,62.470286799806));
#11336 = LINE('',#11337,#11338);
#11337 = CARTESIAN_POINT('',(-97.56567429011,-7.,62.467672107538));
#11338 = VECTOR('',#11339,1.);
#11339 = DIRECTION('',(0.99987491313,0.,1.581638683907E-02));
#11340 = ORIENTED_EDGE('',*,*,#11341,.T.);
#11341 = EDGE_CURVE('',#11334,#11342,#11344,.T.);
#11342 = VERTEX_POINT('',#11343);
#11343 = CARTESIAN_POINT('',(-97.23508780443,-7.,62.473081799049));
#11344 = LINE('',#11345,#11346);
#11345 = CARTESIAN_POINT('',(-97.400379572,-7.,62.470286799806));
#11346 = VECTOR('',#11347,1.);
#11347 = DIRECTION('',(0.999857065251,0.,1.690707154653E-02));
#11348 = ORIENTED_EDGE('',*,*,#11349,.T.);
#11349 = EDGE_CURVE('',#11342,#7766,#11350,.T.);
#11350 = LINE('',#11351,#11352);
#11351 = CARTESIAN_POINT('',(-97.23508780443,-7.,62.473081799049));
#11352 = VECTOR('',#11353,1.);
#11353 = DIRECTION('',(-1.745240643728E-02,0.,0.999847695156));
#11354 = ORIENTED_EDGE('',*,*,#7773,.F.);
#11355 = ORIENTED_EDGE('',*,*,#7797,.F.);
#11356 = ORIENTED_EDGE('',*,*,#7821,.F.);
#11357 = ORIENTED_EDGE('',*,*,#7845,.F.);
#11358 = ORIENTED_EDGE('',*,*,#7869,.F.);
#11359 = ORIENTED_EDGE('',*,*,#7893,.F.);
#11360 = ORIENTED_EDGE('',*,*,#7917,.F.);
#11361 = ORIENTED_EDGE('',*,*,#7941,.F.);
#11362 = ORIENTED_EDGE('',*,*,#7965,.F.);
#11363 = ORIENTED_EDGE('',*,*,#7989,.F.);
#11364 = ORIENTED_EDGE('',*,*,#8013,.F.);
#11365 = ORIENTED_EDGE('',*,*,#8037,.F.);
#11366 = ORIENTED_EDGE('',*,*,#8061,.F.);
#11367 = ORIENTED_EDGE('',*,*,#8085,.F.);
#11368 = ORIENTED_EDGE('',*,*,#8109,.F.);
#11369 = PLANE('',#11370);
#11370 = AXIS2_PLACEMENT_3D('',#11371,#11372,#11373);
#11371 = CARTESIAN_POINT('',(-102.4929759199,-7.,64.302709802201));
#11372 = DIRECTION('',(-0.,-1.,-0.));
#11373 = DIRECTION('',(0.,0.,-1.));
#11374 = ADVANCED_FACE('',(#11375),#11393,.F.);
#11375 = FACE_BOUND('',#11376,.F.);
#11376 = EDGE_LOOP('',(#11377,#11378,#11386,#11392));
#11377 = ORIENTED_EDGE('',*,*,#11349,.F.);
#11378 = ORIENTED_EDGE('',*,*,#11379,.T.);
#11379 = EDGE_CURVE('',#11342,#11380,#11382,.T.);
#11380 = VERTEX_POINT('',#11381);
#11381 = CARTESIAN_POINT('',(-97.23508780443,7.,62.473081799049));
#11382 = LINE('',#11383,#11384);
#11383 = CARTESIAN_POINT('',(-97.23508780443,-7.,62.473081799049));
#11384 = VECTOR('',#11385,1.);
#11385 = DIRECTION('',(0.,1.,0.));
#11386 = ORIENTED_EDGE('',*,*,#11387,.T.);
#11387 = EDGE_CURVE('',#11380,#7758,#11388,.T.);
#11388 = LINE('',#11389,#11390);
#11389 = CARTESIAN_POINT('',(-97.23508780443,7.,62.473081799049));
#11390 = VECTOR('',#11391,1.);
#11391 = DIRECTION('',(-1.745240643728E-02,0.,0.999847695156));
#11392 = ORIENTED_EDGE('',*,*,#7765,.F.);
#11393 = PLANE('',#11394);
#11394 = AXIS2_PLACEMENT_3D('',#11395,#11396,#11397);
#11395 = CARTESIAN_POINT('',(-97.23508780443,-7.,62.473081799049));
#11396 = DIRECTION('',(0.999847695156,-0.,1.745240643728E-02));
#11397 = DIRECTION('',(-1.745240643728E-02,0.,0.999847695156));
#11398 = ADVANCED_FACE('',(#11399),#11935,.T.);
#11399 = FACE_BOUND('',#11400,.T.);
#11400 = EDGE_LOOP('',(#11401,#11409,#11417,#11425,#11433,#11441,#11449,
    #11457,#11465,#11473,#11481,#11489,#11497,#11505,#11513,#11521,
    #11529,#11537,#11545,#11553,#11561,#11569,#11577,#11585,#11593,
    #11601,#11609,#11617,#11625,#11633,#11641,#11649,#11657,#11665,
    #11673,#11681,#11689,#11697,#11705,#11713,#11721,#11729,#11737,
    #11745,#11753,#11761,#11769,#11777,#11785,#11793,#11801,#11809,
    #11817,#11825,#11833,#11841,#11849,#11857,#11865,#11873,#11881,
    #11889,#11897,#11905,#11913,#11919,#11920,#11921,#11922,#11923,
    #11924,#11925,#11926,#11927,#11928,#11929,#11930,#11931,#11932,
    #11933,#11934));
#11401 = ORIENTED_EDGE('',*,*,#11402,.T.);
#11402 = EDGE_CURVE('',#8118,#11403,#11405,.T.);
#11403 = VERTEX_POINT('',#11404);
#11404 = CARTESIAN_POINT('',(-107.8115141686,7.,62.657694007944));
#11405 = LINE('',#11406,#11407);
#11406 = CARTESIAN_POINT('',(-107.6231047261,7.,66.252760333061));
#11407 = VECTOR('',#11408,1.);
#11408 = DIRECTION('',(-5.233595624294E-02,0.,-0.998629534755));
#11409 = ORIENTED_EDGE('',*,*,#11410,.T.);
#11410 = EDGE_CURVE('',#11403,#11411,#11413,.T.);
#11411 = VERTEX_POINT('',#11412);
#11412 = CARTESIAN_POINT('',(-107.6464206363,7.,62.649132111842));
#11413 = LINE('',#11414,#11415);
#11414 = CARTESIAN_POINT('',(-107.8115141686,7.,62.657694007944));
#11415 = VECTOR('',#11416,1.);
#11416 = DIRECTION('',(0.998657931054,0.,-5.179128056704E-02));
#11417 = ORIENTED_EDGE('',*,*,#11418,.T.);
#11418 = EDGE_CURVE('',#11411,#11419,#11421,.T.);
#11419 = VERTEX_POINT('',#11420);
#11420 = CARTESIAN_POINT('',(-107.4813178628,7.,62.640750309905));
#11421 = LINE('',#11422,#11423);
#11422 = CARTESIAN_POINT('',(-107.6464206363,7.,62.649132111842));
#11423 = VECTOR('',#11424,1.);
#11424 = DIRECTION('',(0.998713832409,0.,-5.070188315731E-02));
#11425 = ORIENTED_EDGE('',*,*,#11426,.T.);
#11426 = EDGE_CURVE('',#11419,#11427,#11429,.T.);
#11427 = VERTEX_POINT('',#11428);
#11428 = CARTESIAN_POINT('',(-107.3162060443,7.,62.632548612106));
#11429 = LINE('',#11430,#11431);
#11430 = CARTESIAN_POINT('',(-107.4813178628,7.,62.640750309905));
#11431 = VECTOR('',#11432,1.);
#11432 = DIRECTION('',(0.998768545382,0.,-4.961242541667E-02));
#11433 = ORIENTED_EDGE('',*,*,#11434,.T.);
#11434 = EDGE_CURVE('',#11427,#11435,#11437,.T.);
#11435 = VERTEX_POINT('',#11436);
#11436 = CARTESIAN_POINT('',(-107.1510853774,7.,62.624527028206));
#11437 = LINE('',#11438,#11439);
#11438 = CARTESIAN_POINT('',(-107.3162060443,7.,62.632548612106));
#11439 = VECTOR('',#11440,1.);
#11440 = DIRECTION('',(0.998822069909,0.,-4.852290864173E-02));
#11441 = ORIENTED_EDGE('',*,*,#11442,.T.);
#11442 = EDGE_CURVE('',#11435,#11443,#11445,.T.);
#11443 = VERTEX_POINT('',#11444);
#11444 = CARTESIAN_POINT('',(-106.9859560585,7.,62.616685567748));
#11445 = LINE('',#11446,#11447);
#11446 = CARTESIAN_POINT('',(-107.1510853774,7.,62.624527028206));
#11447 = VECTOR('',#11448,1.);
#11448 = DIRECTION('',(0.998874405926,0.,-4.743333412863E-02));
#11449 = ORIENTED_EDGE('',*,*,#11450,.T.);
#11450 = EDGE_CURVE('',#11443,#11451,#11453,.T.);
#11451 = VERTEX_POINT('',#11452);
#11452 = CARTESIAN_POINT('',(-106.8208182842,7.,62.609024240065));
#11453 = LINE('',#11454,#11455);
#11454 = CARTESIAN_POINT('',(-106.9859560585,7.,62.616685567748));
#11455 = VECTOR('',#11456,1.);
#11456 = DIRECTION('',(0.99892555337,0.,-4.634370317406E-02));
#11457 = ORIENTED_EDGE('',*,*,#11458,.T.);
#11458 = EDGE_CURVE('',#11451,#11459,#11461,.T.);
#11459 = VERTEX_POINT('',#11460);
#11460 = CARTESIAN_POINT('',(-106.6556722509,7.,62.601543054271));
#11461 = LINE('',#11462,#11463);
#11462 = CARTESIAN_POINT('',(-106.8208182842,7.,62.609024240065));
#11463 = VECTOR('',#11464,1.);
#11464 = DIRECTION('',(0.998975512182,0.,-4.525401707464E-02));
#11465 = ORIENTED_EDGE('',*,*,#11466,.T.);
#11466 = EDGE_CURVE('',#11459,#11467,#11469,.T.);
#11467 = VERTEX_POINT('',#11468);
#11468 = CARTESIAN_POINT('',(-106.4905181552,7.,62.594242019269));
#11469 = LINE('',#11470,#11471);
#11470 = CARTESIAN_POINT('',(-106.6556722509,7.,62.601543054271));
#11471 = VECTOR('',#11472,1.);
#11472 = DIRECTION('',(0.9990242823,0.,-4.416427712719E-02));
#11473 = ORIENTED_EDGE('',*,*,#11474,.T.);
#11474 = EDGE_CURVE('',#11467,#11475,#11477,.T.);
#11475 = VERTEX_POINT('',#11476);
#11476 = CARTESIAN_POINT('',(-106.3253561935,7.,62.587121143747));
#11477 = LINE('',#11478,#11479);
#11478 = CARTESIAN_POINT('',(-106.4905181552,7.,62.594242019269));
#11479 = VECTOR('',#11480,1.);
#11480 = DIRECTION('',(0.999071863668,0.,-4.307448462787E-02));
#11481 = ORIENTED_EDGE('',*,*,#11482,.T.);
#11482 = EDGE_CURVE('',#11475,#11483,#11485,.T.);
#11483 = VERTEX_POINT('',#11484);
#11484 = CARTESIAN_POINT('',(-106.1601865624,7.,62.580180436178));
#11485 = LINE('',#11486,#11487);
#11486 = CARTESIAN_POINT('',(-106.3253561935,7.,62.587121143747));
#11487 = VECTOR('',#11488,1.);
#11488 = DIRECTION('',(0.999118256229,0.,-4.198464087365E-02));
#11489 = ORIENTED_EDGE('',*,*,#11490,.T.);
#11490 = EDGE_CURVE('',#11483,#11491,#11493,.T.);
#11491 = VERTEX_POINT('',#11492);
#11492 = CARTESIAN_POINT('',(-105.9950094585,7.,62.57341990482));
#11493 = LINE('',#11494,#11495);
#11494 = CARTESIAN_POINT('',(-106.1601865624,7.,62.580180436178));
#11495 = VECTOR('',#11496,1.);
#11496 = DIRECTION('',(0.999163459928,0.,-4.089474716155E-02));
#11497 = ORIENTED_EDGE('',*,*,#11498,.T.);
#11498 = EDGE_CURVE('',#11491,#11499,#11501,.T.);
#11499 = VERTEX_POINT('',#11500);
#11500 = CARTESIAN_POINT('',(-105.8298250782,7.,62.566839557718));
#11501 = LINE('',#11502,#11503);
#11502 = CARTESIAN_POINT('',(-105.9950094585,7.,62.57341990482));
#11503 = VECTOR('',#11504,1.);
#11504 = DIRECTION('',(0.99920747471,0.,-3.980480478836E-02));
#11505 = ORIENTED_EDGE('',*,*,#11506,.T.);
#11506 = EDGE_CURVE('',#11499,#11507,#11509,.T.);
#11507 = VERTEX_POINT('',#11508);
#11508 = CARTESIAN_POINT('',(-105.6646336182,7.,62.560439402703));
#11509 = LINE('',#11510,#11511);
#11510 = CARTESIAN_POINT('',(-105.8298250782,7.,62.566839557718));
#11511 = VECTOR('',#11512,1.);
#11512 = DIRECTION('',(0.999250300523,0.,-3.871481505078E-02));
#11513 = ORIENTED_EDGE('',*,*,#11514,.T.);
#11514 = EDGE_CURVE('',#11507,#11515,#11517,.T.);
#11515 = VERTEX_POINT('',#11516);
#11516 = CARTESIAN_POINT('',(-105.499435275,7.,62.554219447389));
#11517 = LINE('',#11518,#11519);
#11518 = CARTESIAN_POINT('',(-105.6646336182,7.,62.560439402703));
#11519 = VECTOR('',#11520,1.);
#11520 = DIRECTION('',(0.999291937317,0.,-3.762477924628E-02));
#11521 = ORIENTED_EDGE('',*,*,#11522,.T.);
#11522 = EDGE_CURVE('',#11515,#11523,#11525,.T.);
#11523 = VERTEX_POINT('',#11524);
#11524 = CARTESIAN_POINT('',(-105.3342302451,7.,62.548179699178));
#11525 = LINE('',#11526,#11527);
#11526 = CARTESIAN_POINT('',(-105.499435275,7.,62.554219447389));
#11527 = VECTOR('',#11528,1.);
#11528 = DIRECTION('',(0.999332385042,0.,-3.653469867135E-02));
#11529 = ORIENTED_EDGE('',*,*,#11530,.T.);
#11530 = EDGE_CURVE('',#11523,#11531,#11533,.T.);
#11531 = VERTEX_POINT('',#11532);
#11532 = CARTESIAN_POINT('',(-105.1690187252,7.,62.542320165256));
#11533 = LINE('',#11534,#11535);
#11534 = CARTESIAN_POINT('',(-105.3342302451,7.,62.548179699178));
#11535 = VECTOR('',#11536,1.);
#11536 = DIRECTION('',(0.999371643649,0.,-3.544457462353E-02));
#11537 = ORIENTED_EDGE('',*,*,#11538,.T.);
#11538 = EDGE_CURVE('',#11531,#11539,#11541,.T.);
#11539 = VERTEX_POINT('',#11540);
#11540 = CARTESIAN_POINT('',(-105.0038009118,7.,62.536640852597));
#11541 = LINE('',#11542,#11543);
#11542 = CARTESIAN_POINT('',(-105.1690187252,7.,62.542320165256));
#11543 = VECTOR('',#11544,1.);
#11544 = DIRECTION('',(0.999409713092,0.,-3.435440839961E-02));
#11545 = ORIENTED_EDGE('',*,*,#11546,.T.);
#11546 = EDGE_CURVE('',#11539,#11547,#11549,.T.);
#11547 = VERTEX_POINT('',#11548);
#11548 = CARTESIAN_POINT('',(-104.8385770016,7.,62.531141767957));
#11549 = LINE('',#11550,#11551);
#11550 = CARTESIAN_POINT('',(-105.0038009118,7.,62.536640852597));
#11551 = VECTOR('',#11552,1.);
#11552 = DIRECTION('',(0.999446593327,0.,-3.326420129727E-02));
#11553 = ORIENTED_EDGE('',*,*,#11554,.T.);
#11554 = EDGE_CURVE('',#11547,#11555,#11557,.T.);
#11555 = VERTEX_POINT('',#11556);
#11556 = CARTESIAN_POINT('',(-104.6733471911,7.,62.52582291788));
#11557 = LINE('',#11558,#11559);
#11558 = CARTESIAN_POINT('',(-104.8385770016,7.,62.531141767957));
#11559 = VECTOR('',#11560,1.);
#11560 = DIRECTION('',(0.999482284308,0.,-3.21739546132E-02));
#11561 = ORIENTED_EDGE('',*,*,#11562,.T.);
#11562 = EDGE_CURVE('',#11555,#11563,#11565,.T.);
#11563 = VERTEX_POINT('',#11564);
#11564 = CARTESIAN_POINT('',(-104.5081116769,7.,62.520684308696));
#11565 = LINE('',#11566,#11567);
#11566 = CARTESIAN_POINT('',(-104.6733471911,7.,62.52582291788));
#11567 = VECTOR('',#11568,1.);
#11568 = DIRECTION('',(0.999516785993,0.,-3.108366964487E-02));
#11569 = ORIENTED_EDGE('',*,*,#11570,.T.);
#11570 = EDGE_CURVE('',#11563,#11571,#11573,.T.);
#11571 = VERTEX_POINT('',#11572);
#11572 = CARTESIAN_POINT('',(-104.3428706557,7.,62.515725946519));
#11573 = LINE('',#11574,#11575);
#11574 = CARTESIAN_POINT('',(-104.5081116769,7.,62.520684308696));
#11575 = VECTOR('',#11576,1.);
#11576 = DIRECTION('',(0.999550098341,0.,-2.999334769015E-02));
#11577 = ORIENTED_EDGE('',*,*,#11578,.T.);
#11578 = EDGE_CURVE('',#11571,#11579,#11581,.T.);
#11579 = VERTEX_POINT('',#11580);
#11580 = CARTESIAN_POINT('',(-104.177624324,7.,62.510947837248));
#11581 = LINE('',#11582,#11583);
#11582 = CARTESIAN_POINT('',(-104.3428706557,7.,62.515725946519));
#11583 = VECTOR('',#11584,1.);
#11584 = DIRECTION('',(0.999582221314,0.,-2.890299004572E-02));
#11585 = ORIENTED_EDGE('',*,*,#11586,.T.);
#11586 = EDGE_CURVE('',#11579,#11587,#11589,.T.);
#11587 = VERTEX_POINT('',#11588);
#11588 = CARTESIAN_POINT('',(-104.0123728786,7.,62.506349986569));
#11589 = LINE('',#11590,#11591);
#11590 = CARTESIAN_POINT('',(-104.177624324,7.,62.510947837248));
#11591 = VECTOR('',#11592,1.);
#11592 = DIRECTION('',(0.999613154871,0.,-2.781259800939E-02));
#11593 = ORIENTED_EDGE('',*,*,#11594,.T.);
#11594 = EDGE_CURVE('',#11587,#11595,#11597,.T.);
#11595 = VERTEX_POINT('',#11596);
#11596 = CARTESIAN_POINT('',(-103.847116516,7.,62.501932399954));
#11597 = LINE('',#11598,#11599);
#11598 = CARTESIAN_POINT('',(-104.0123728786,7.,62.506349986569));
#11599 = VECTOR('',#11600,1.);
#11600 = DIRECTION('',(0.999642898978,0.,-2.672217287818E-02));
#11601 = ORIENTED_EDGE('',*,*,#11602,.T.);
#11602 = EDGE_CURVE('',#11595,#11603,#11605,.T.);
#11603 = VERTEX_POINT('',#11604);
#11604 = CARTESIAN_POINT('',(-103.6818554329,7.,62.497695082659));
#11605 = LINE('',#11606,#11607);
#11606 = CARTESIAN_POINT('',(-103.847116516,7.,62.501932399954));
#11607 = VECTOR('',#11608,1.);
#11608 = DIRECTION('',(0.999671453597,0.,-2.563171595046E-02));
#11609 = ORIENTED_EDGE('',*,*,#11610,.T.);
#11610 = EDGE_CURVE('',#11603,#11611,#11613,.T.);
#11611 = VERTEX_POINT('',#11612);
#11612 = CARTESIAN_POINT('',(-103.5165898259,7.,62.493638039726));
#11613 = LINE('',#11614,#11615);
#11614 = CARTESIAN_POINT('',(-103.6818554329,7.,62.497695082659));
#11615 = VECTOR('',#11616,1.);
#11616 = DIRECTION('',(0.999698818696,0.,-2.454122852288E-02));
#11617 = ORIENTED_EDGE('',*,*,#11618,.T.);
#11618 = EDGE_CURVE('',#11611,#11619,#11621,.T.);
#11619 = VERTEX_POINT('',#11620);
#11620 = CARTESIAN_POINT('',(-103.3513198917,7.,62.489761275981));
#11621 = LINE('',#11622,#11623);
#11622 = CARTESIAN_POINT('',(-103.5165898259,7.,62.493638039726));
#11623 = VECTOR('',#11624,1.);
#11624 = DIRECTION('',(0.999724994242,0.,-2.345071189346E-02));
#11625 = ORIENTED_EDGE('',*,*,#11626,.T.);
#11626 = EDGE_CURVE('',#11619,#11627,#11629,.T.);
#11627 = VERTEX_POINT('',#11628);
#11628 = CARTESIAN_POINT('',(-103.1860458269,7.,62.48606479604));
#11629 = LINE('',#11630,#11631);
#11630 = CARTESIAN_POINT('',(-103.3513198917,7.,62.489761275981));
#11631 = VECTOR('',#11632,1.);
#11632 = DIRECTION('',(0.999749980203,0.,-2.236016736007E-02));
#11633 = ORIENTED_EDGE('',*,*,#11634,.T.);
#11634 = EDGE_CURVE('',#11627,#11635,#11637,.T.);
#11635 = VERTEX_POINT('',#11636);
#11636 = CARTESIAN_POINT('',(-103.0207678283,7.,62.482548604299));
#11637 = LINE('',#11638,#11639);
#11638 = CARTESIAN_POINT('',(-103.1860458269,7.,62.48606479604));
#11639 = VECTOR('',#11640,1.);
#11640 = DIRECTION('',(0.99977377655,0.,-2.12695962197E-02));
#11641 = ORIENTED_EDGE('',*,*,#11642,.T.);
#11642 = EDGE_CURVE('',#11635,#11643,#11645,.T.);
#11643 = VERTEX_POINT('',#11644);
#11644 = CARTESIAN_POINT('',(-102.8554860924,7.,62.479212704943));
#11645 = LINE('',#11646,#11647);
#11646 = CARTESIAN_POINT('',(-103.0207678283,7.,62.482548604299));
#11647 = VECTOR('',#11648,1.);
#11648 = DIRECTION('',(0.999796383254,0.,-2.017899977055E-02));
#11649 = ORIENTED_EDGE('',*,*,#11650,.T.);
#11650 = EDGE_CURVE('',#11643,#11651,#11653,.T.);
#11651 = VERTEX_POINT('',#11652);
#11652 = CARTESIAN_POINT('',(-102.6902008159,7.,62.476057101941));
#11653 = LINE('',#11654,#11655);
#11654 = CARTESIAN_POINT('',(-102.8554860924,7.,62.479212704943));
#11655 = VECTOR('',#11656,1.);
#11656 = DIRECTION('',(0.999817800289,0.,-1.908837931011E-02));
#11657 = ORIENTED_EDGE('',*,*,#11658,.T.);
#11658 = EDGE_CURVE('',#11651,#11659,#11661,.T.);
#11659 = VERTEX_POINT('',#11660);
#11660 = CARTESIAN_POINT('',(-102.5249121955,7.,62.473081799049));
#11661 = LINE('',#11662,#11663);
#11662 = CARTESIAN_POINT('',(-102.6902008159,7.,62.476057101941));
#11663 = VECTOR('',#11664,1.);
#11664 = DIRECTION('',(0.999838027629,0.,-1.799773613628E-02));
#11665 = ORIENTED_EDGE('',*,*,#11666,.T.);
#11666 = EDGE_CURVE('',#11659,#11667,#11669,.T.);
#11667 = VERTEX_POINT('',#11668);
#11668 = CARTESIAN_POINT('',(-102.3596204279,7.,62.470286799806));
#11669 = LINE('',#11670,#11671);
#11670 = CARTESIAN_POINT('',(-102.5249121955,7.,62.473081799049));
#11671 = VECTOR('',#11672,1.);
#11672 = DIRECTION('',(0.999857065251,0.,-1.690707154653E-02));
#11673 = ORIENTED_EDGE('',*,*,#11674,.T.);
#11674 = EDGE_CURVE('',#11667,#11675,#11677,.T.);
#11675 = VERTEX_POINT('',#11676);
#11676 = CARTESIAN_POINT('',(-102.1943257098,7.,62.467672107538));
#11677 = LINE('',#11678,#11679);
#11678 = CARTESIAN_POINT('',(-102.3596204279,7.,62.470286799806));
#11679 = VECTOR('',#11680,1.);
#11680 = DIRECTION('',(0.99987491313,0.,-1.581638683907E-02));
#11681 = ORIENTED_EDGE('',*,*,#11682,.T.);
#11682 = EDGE_CURVE('',#11675,#11683,#11685,.T.);
#11683 = VERTEX_POINT('',#11684);
#11684 = CARTESIAN_POINT('',(-102.0290282379,7.,62.465237725357));
#11685 = LINE('',#11686,#11687);
#11686 = CARTESIAN_POINT('',(-102.1943257098,7.,62.467672107538));
#11687 = VECTOR('',#11688,1.);
#11688 = DIRECTION('',(0.999891571247,0.,-1.472568331143E-02));
#11689 = ORIENTED_EDGE('',*,*,#11690,.T.);
#11690 = EDGE_CURVE('',#11683,#11691,#11693,.T.);
#11691 = VERTEX_POINT('',#11692);
#11692 = CARTESIAN_POINT('',(-101.8637282088,7.,62.462983656159));
#11693 = LINE('',#11694,#11695);
#11694 = CARTESIAN_POINT('',(-102.0290282379,7.,62.465237725357));
#11695 = VECTOR('',#11696,1.);
#11696 = DIRECTION('',(0.999907039581,0.,-1.363496226162E-02));
#11697 = ORIENTED_EDGE('',*,*,#11698,.T.);
#11698 = EDGE_CURVE('',#11691,#11699,#11701,.T.);
#11699 = VERTEX_POINT('',#11700);
#11700 = CARTESIAN_POINT('',(-101.6984258192,7.,62.460909902627));
#11701 = LINE('',#11702,#11703);
#11702 = CARTESIAN_POINT('',(-101.8637282088,7.,62.462983656159));
#11703 = VECTOR('',#11704,1.);
#11704 = DIRECTION('',(0.999921318114,0.,-1.254422498716E-02));
#11705 = ORIENTED_EDGE('',*,*,#11706,.T.);
#11706 = EDGE_CURVE('',#11699,#11707,#11709,.T.);
#11707 = VERTEX_POINT('',#11708);
#11708 = CARTESIAN_POINT('',(-101.5331212659,7.,62.459016467227));
#11709 = LINE('',#11710,#11711);
#11710 = CARTESIAN_POINT('',(-101.6984258192,7.,62.460909902627));
#11711 = VECTOR('',#11712,1.);
#11712 = DIRECTION('',(0.999934406829,0.,-1.145347278658E-02));
#11713 = ORIENTED_EDGE('',*,*,#11714,.T.);
#11714 = EDGE_CURVE('',#11707,#11715,#11717,.T.);
#11715 = VERTEX_POINT('',#11716);
#11716 = CARTESIAN_POINT('',(-101.3678147455,7.,62.457303352214));
#11717 = LINE('',#11718,#11719);
#11718 = CARTESIAN_POINT('',(-101.5331212659,7.,62.459016467227));
#11719 = VECTOR('',#11720,1.);
#11720 = DIRECTION('',(0.999946305711,0.,-1.036270695689E-02));
#11721 = ORIENTED_EDGE('',*,*,#11722,.T.);
#11722 = EDGE_CURVE('',#11715,#11723,#11725,.T.);
#11723 = VERTEX_POINT('',#11724);
#11724 = CARTESIAN_POINT('',(-101.2025064547,7.,62.455770559625));
#11725 = LINE('',#11726,#11727);
#11726 = CARTESIAN_POINT('',(-101.3678147455,7.,62.457303352214));
#11727 = VECTOR('',#11728,1.);
#11728 = DIRECTION('',(0.999957014744,0.,-9.271928796974E-03));
#11729 = ORIENTED_EDGE('',*,*,#11730,.T.);
#11730 = EDGE_CURVE('',#11723,#11731,#11733,.T.);
#11731 = VERTEX_POINT('',#11732);
#11732 = CARTESIAN_POINT('',(-101.0371965903,7.,62.454418091284));
#11733 = LINE('',#11734,#11735);
#11734 = CARTESIAN_POINT('',(-101.2025064547,7.,62.455770559625));
#11735 = VECTOR('',#11736,1.);
#11736 = DIRECTION('',(0.999966533917,0.,-8.181139603997E-03));
#11737 = ORIENTED_EDGE('',*,*,#11738,.T.);
#11738 = EDGE_CURVE('',#11731,#11739,#11741,.T.);
#11739 = VERTEX_POINT('',#11740);
#11740 = CARTESIAN_POINT('',(-100.8718853489,7.,62.453245948801));
#11741 = LINE('',#11742,#11743);
#11742 = CARTESIAN_POINT('',(-101.0371965903,7.,62.454418091284));
#11743 = VECTOR('',#11744,1.);
#11744 = DIRECTION('',(0.999974863219,0.,-7.090340676156E-03));
#11745 = ORIENTED_EDGE('',*,*,#11746,.T.);
#11746 = EDGE_CURVE('',#11739,#11747,#11749,.T.);
#11747 = VERTEX_POINT('',#11748);
#11748 = CARTESIAN_POINT('',(-100.7065729273,7.,62.452254133571));
#11749 = LINE('',#11750,#11751);
#11750 = CARTESIAN_POINT('',(-100.8718853489,7.,62.453245948801));
#11751 = VECTOR('',#11752,1.);
#11752 = DIRECTION('',(0.999982002638,0.,-5.999533311483E-03));
#11753 = ORIENTED_EDGE('',*,*,#11754,.T.);
#11754 = EDGE_CURVE('',#11747,#11755,#11757,.T.);
#11755 = VERTEX_POINT('',#11756);
#11756 = CARTESIAN_POINT('',(-100.5412595221,7.,62.451442646773));
#11757 = LINE('',#11758,#11759);
#11758 = CARTESIAN_POINT('',(-100.7065729273,7.,62.452254133571));
#11759 = VECTOR('',#11760,1.);
#11760 = DIRECTION('',(0.999987952167,0.,-4.908718808001E-03));
#11761 = ORIENTED_EDGE('',*,*,#11762,.T.);
#11762 = EDGE_CURVE('',#11755,#11763,#11765,.T.);
#11763 = VERTEX_POINT('',#11764);
#11764 = CARTESIAN_POINT('',(-100.37594533,7.,62.450811489373));
#11765 = LINE('',#11766,#11767);
#11766 = CARTESIAN_POINT('',(-100.5412595221,7.,62.451442646773));
#11767 = VECTOR('',#11768,1.);
#11768 = DIRECTION('',(0.999992711799,0.,-3.81789846357E-03));
#11769 = ORIENTED_EDGE('',*,*,#11770,.T.);
#11770 = EDGE_CURVE('',#11763,#11771,#11773,.T.);
#11771 = VERTEX_POINT('',#11772);
#11772 = CARTESIAN_POINT('',(-100.2106305478,7.,62.450360662122));
#11773 = LINE('',#11774,#11775);
#11774 = CARTESIAN_POINT('',(-100.37594533,7.,62.450811489373));
#11775 = VECTOR('',#11776,1.);
#11776 = DIRECTION('',(0.999996281528,0.,-2.727073576043E-03));
#11777 = ORIENTED_EDGE('',*,*,#11778,.T.);
#11778 = EDGE_CURVE('',#11771,#11779,#11781,.T.);
#11779 = VERTEX_POINT('',#11780);
#11780 = CARTESIAN_POINT('',(-100.0453153723,7.,62.450090165557));
#11781 = LINE('',#11782,#11783);
#11782 = CARTESIAN_POINT('',(-100.2106305478,7.,62.450360662122));
#11783 = VECTOR('',#11784,1.);
#11784 = DIRECTION('',(0.99999866135,0.,-1.636245443618E-03));
#11785 = ORIENTED_EDGE('',*,*,#11786,.T.);
#11786 = EDGE_CURVE('',#11779,#11787,#11789,.T.);
#11787 = VERTEX_POINT('',#11788);
#11788 = CARTESIAN_POINT('',(-99.88,7.,62.45));
#11789 = LINE('',#11790,#11791);
#11790 = CARTESIAN_POINT('',(-100.0453153723,7.,62.450090165557));
#11791 = VECTOR('',#11792,1.);
#11792 = DIRECTION('',(0.999999851261,0.,-5.454153641534E-04));
#11793 = ORIENTED_EDGE('',*,*,#11794,.T.);
#11794 = EDGE_CURVE('',#11787,#11795,#11797,.T.);
#11795 = VERTEX_POINT('',#11796);
#11796 = CARTESIAN_POINT('',(-99.71468462769,7.,62.450090165557));
#11797 = LINE('',#11798,#11799);
#11798 = CARTESIAN_POINT('',(-99.88,7.,62.45));
#11799 = VECTOR('',#11800,1.);
#11800 = DIRECTION('',(0.999999851261,0.,5.454153641534E-04));
#11801 = ORIENTED_EDGE('',*,*,#11802,.T.);
#11802 = EDGE_CURVE('',#11795,#11803,#11805,.T.);
#11803 = VERTEX_POINT('',#11804);
#11804 = CARTESIAN_POINT('',(-99.5493694521,7.,62.450360662122));
#11805 = LINE('',#11806,#11807);
#11806 = CARTESIAN_POINT('',(-99.71468462769,7.,62.450090165557));
#11807 = VECTOR('',#11808,1.);
#11808 = DIRECTION('',(0.99999866135,0.,1.636245443618E-03));
#11809 = ORIENTED_EDGE('',*,*,#11810,.T.);
#11810 = EDGE_CURVE('',#11803,#11811,#11813,.T.);
#11811 = VERTEX_POINT('',#11812);
#11812 = CARTESIAN_POINT('',(-99.38405466993,7.,62.450811489373));
#11813 = LINE('',#11814,#11815);
#11814 = CARTESIAN_POINT('',(-99.5493694521,7.,62.450360662122));
#11815 = VECTOR('',#11816,1.);
#11816 = DIRECTION('',(0.999996281528,0.,2.727073576043E-03));
#11817 = ORIENTED_EDGE('',*,*,#11818,.T.);
#11818 = EDGE_CURVE('',#11811,#11819,#11821,.T.);
#11819 = VERTEX_POINT('',#11820);
#11820 = CARTESIAN_POINT('',(-99.21874047789,7.,62.451442646773));
#11821 = LINE('',#11822,#11823);
#11822 = CARTESIAN_POINT('',(-99.38405466993,7.,62.450811489373));
#11823 = VECTOR('',#11824,1.);
#11824 = DIRECTION('',(0.999992711799,0.,3.81789846357E-03));
#11825 = ORIENTED_EDGE('',*,*,#11826,.T.);
#11826 = EDGE_CURVE('',#11819,#11827,#11829,.T.);
#11827 = VERTEX_POINT('',#11828);
#11828 = CARTESIAN_POINT('',(-99.05342707269,7.,62.452254133571));
#11829 = LINE('',#11830,#11831);
#11830 = CARTESIAN_POINT('',(-99.21874047789,7.,62.451442646773));
#11831 = VECTOR('',#11832,1.);
#11832 = DIRECTION('',(0.999987952167,0.,4.908718808001E-03));
#11833 = ORIENTED_EDGE('',*,*,#11834,.T.);
#11834 = EDGE_CURVE('',#11827,#11835,#11837,.T.);
#11835 = VERTEX_POINT('',#11836);
#11836 = CARTESIAN_POINT('',(-98.88811465104,7.,62.453245948801));
#11837 = LINE('',#11838,#11839);
#11838 = CARTESIAN_POINT('',(-99.05342707269,7.,62.452254133571));
#11839 = VECTOR('',#11840,1.);
#11840 = DIRECTION('',(0.999982002638,0.,5.999533311482E-03));
#11841 = ORIENTED_EDGE('',*,*,#11842,.T.);
#11842 = EDGE_CURVE('',#11835,#11843,#11845,.T.);
#11843 = VERTEX_POINT('',#11844);
#11844 = CARTESIAN_POINT('',(-98.72280340965,7.,62.454418091284));
#11845 = LINE('',#11846,#11847);
#11846 = CARTESIAN_POINT('',(-98.88811465104,7.,62.453245948801));
#11847 = VECTOR('',#11848,1.);
#11848 = DIRECTION('',(0.999974863219,0.,7.090340676157E-03));
#11849 = ORIENTED_EDGE('',*,*,#11850,.T.);
#11850 = EDGE_CURVE('',#11843,#11851,#11853,.T.);
#11851 = VERTEX_POINT('',#11852);
#11852 = CARTESIAN_POINT('',(-98.55749354522,7.,62.455770559625));
#11853 = LINE('',#11854,#11855);
#11854 = CARTESIAN_POINT('',(-98.72280340965,7.,62.454418091284));
#11855 = VECTOR('',#11856,1.);
#11856 = DIRECTION('',(0.999966533917,0.,8.181139603997E-03));
#11857 = ORIENTED_EDGE('',*,*,#11858,.T.);
#11858 = EDGE_CURVE('',#11851,#11859,#11861,.T.);
#11859 = VERTEX_POINT('',#11860);
#11860 = CARTESIAN_POINT('',(-98.39218525445,7.,62.457303352214));
#11861 = LINE('',#11862,#11863);
#11862 = CARTESIAN_POINT('',(-98.55749354522,7.,62.455770559625));
#11863 = VECTOR('',#11864,1.);
#11864 = DIRECTION('',(0.999957014744,0.,9.271928796974E-03));
#11865 = ORIENTED_EDGE('',*,*,#11866,.T.);
#11866 = EDGE_CURVE('',#11859,#11867,#11869,.T.);
#11867 = VERTEX_POINT('',#11868);
#11868 = CARTESIAN_POINT('',(-98.22687873405,7.,62.459016467227));
#11869 = LINE('',#11870,#11871);
#11870 = CARTESIAN_POINT('',(-98.39218525445,7.,62.457303352214));
#11871 = VECTOR('',#11872,1.);
#11872 = DIRECTION('',(0.999946305711,0.,1.036270695689E-02));
#11873 = ORIENTED_EDGE('',*,*,#11874,.T.);
#11874 = EDGE_CURVE('',#11867,#11875,#11877,.T.);
#11875 = VERTEX_POINT('',#11876);
#11876 = CARTESIAN_POINT('',(-98.06157418072,7.,62.460909902627));
#11877 = LINE('',#11878,#11879);
#11878 = CARTESIAN_POINT('',(-98.22687873405,7.,62.459016467227));
#11879 = VECTOR('',#11880,1.);
#11880 = DIRECTION('',(0.999934406829,0.,1.145347278658E-02));
#11881 = ORIENTED_EDGE('',*,*,#11882,.T.);
#11882 = EDGE_CURVE('',#11875,#11883,#11885,.T.);
#11883 = VERTEX_POINT('',#11884);
#11884 = CARTESIAN_POINT('',(-97.89627179116,7.,62.462983656159));
#11885 = LINE('',#11886,#11887);
#11886 = CARTESIAN_POINT('',(-98.06157418072,7.,62.460909902627));
#11887 = VECTOR('',#11888,1.);
#11888 = DIRECTION('',(0.999921318114,0.,1.254422498716E-02));
#11889 = ORIENTED_EDGE('',*,*,#11890,.T.);
#11890 = EDGE_CURVE('',#11883,#11891,#11893,.T.);
#11891 = VERTEX_POINT('',#11892);
#11892 = CARTESIAN_POINT('',(-97.73097176206,7.,62.465237725357));
#11893 = LINE('',#11894,#11895);
#11894 = CARTESIAN_POINT('',(-97.89627179116,7.,62.462983656159));
#11895 = VECTOR('',#11896,1.);
#11896 = DIRECTION('',(0.999907039581,0.,1.363496226162E-02));
#11897 = ORIENTED_EDGE('',*,*,#11898,.T.);
#11898 = EDGE_CURVE('',#11891,#11899,#11901,.T.);
#11899 = VERTEX_POINT('',#11900);
#11900 = CARTESIAN_POINT('',(-97.56567429011,7.,62.467672107538));
#11901 = LINE('',#11902,#11903);
#11902 = CARTESIAN_POINT('',(-97.73097176206,7.,62.465237725357));
#11903 = VECTOR('',#11904,1.);
#11904 = DIRECTION('',(0.999891571247,0.,1.472568331143E-02));
#11905 = ORIENTED_EDGE('',*,*,#11906,.T.);
#11906 = EDGE_CURVE('',#11899,#11907,#11909,.T.);
#11907 = VERTEX_POINT('',#11908);
#11908 = CARTESIAN_POINT('',(-97.400379572,7.,62.470286799806));
#11909 = LINE('',#11910,#11911);
#11910 = CARTESIAN_POINT('',(-97.56567429011,7.,62.467672107538));
#11911 = VECTOR('',#11912,1.);
#11912 = DIRECTION('',(0.99987491313,0.,1.581638683907E-02));
#11913 = ORIENTED_EDGE('',*,*,#11914,.T.);
#11914 = EDGE_CURVE('',#11907,#11380,#11915,.T.);
#11915 = LINE('',#11916,#11917);
#11916 = CARTESIAN_POINT('',(-97.400379572,7.,62.470286799806));
#11917 = VECTOR('',#11918,1.);
#11918 = DIRECTION('',(0.999857065251,0.,1.690707154653E-02));
#11919 = ORIENTED_EDGE('',*,*,#11387,.T.);
#11920 = ORIENTED_EDGE('',*,*,#7757,.F.);
#11921 = ORIENTED_EDGE('',*,*,#9346,.F.);
#11922 = ORIENTED_EDGE('',*,*,#9370,.F.);
#11923 = ORIENTED_EDGE('',*,*,#9394,.F.);
#11924 = ORIENTED_EDGE('',*,*,#9418,.F.);
#11925 = ORIENTED_EDGE('',*,*,#9442,.F.);
#11926 = ORIENTED_EDGE('',*,*,#9466,.F.);
#11927 = ORIENTED_EDGE('',*,*,#9490,.F.);
#11928 = ORIENTED_EDGE('',*,*,#9514,.F.);
#11929 = ORIENTED_EDGE('',*,*,#9538,.F.);
#11930 = ORIENTED_EDGE('',*,*,#9562,.F.);
#11931 = ORIENTED_EDGE('',*,*,#9586,.F.);
#11932 = ORIENTED_EDGE('',*,*,#9610,.F.);
#11933 = ORIENTED_EDGE('',*,*,#9634,.F.);
#11934 = ORIENTED_EDGE('',*,*,#8125,.F.);
#11935 = PLANE('',#11936);
#11936 = AXIS2_PLACEMENT_3D('',#11937,#11938,#11939);
#11937 = CARTESIAN_POINT('',(-102.4929759199,7.,64.302709802201));
#11938 = DIRECTION('',(-0.,-1.,-0.));
#11939 = DIRECTION('',(0.,0.,-1.));
#11940 = ADVANCED_FACE('',(#11941),#11952,.F.);
#11941 = FACE_BOUND('',#11942,.F.);
#11942 = EDGE_LOOP('',(#11943,#11944,#11945,#11946));
#11943 = ORIENTED_EDGE('',*,*,#10829,.F.);
#11944 = ORIENTED_EDGE('',*,*,#8117,.F.);
#11945 = ORIENTED_EDGE('',*,*,#11402,.T.);
#11946 = ORIENTED_EDGE('',*,*,#11947,.F.);
#11947 = EDGE_CURVE('',#10830,#11403,#11948,.T.);
#11948 = LINE('',#11949,#11950);
#11949 = CARTESIAN_POINT('',(-107.8115141686,-7.,62.657694007944));
#11950 = VECTOR('',#11951,1.);
#11951 = DIRECTION('',(0.,1.,0.));
#11952 = PLANE('',#11953);
#11953 = AXIS2_PLACEMENT_3D('',#11954,#11955,#11956);
#11954 = CARTESIAN_POINT('',(-107.6231047261,-7.,66.252760333061));
#11955 = DIRECTION('',(-0.998629534755,0.,5.233595624294E-02));
#11956 = DIRECTION('',(-5.233595624294E-02,0.,-0.998629534755));
#11957 = ADVANCED_FACE('',(#11958),#11969,.T.);
#11958 = FACE_BOUND('',#11959,.T.);
#11959 = EDGE_LOOP('',(#11960,#11966,#11967,#11968));
#11960 = ORIENTED_EDGE('',*,*,#11961,.T.);
#11961 = EDGE_CURVE('',#10156,#10745,#11962,.T.);
#11962 = LINE('',#11963,#11964);
#11963 = CARTESIAN_POINT('',(-84.84990740858,-9.,36.635696047109));
#11964 = VECTOR('',#11965,1.);
#11965 = DIRECTION('',(0.,1.,0.));
#11966 = ORIENTED_EDGE('',*,*,#10752,.T.);
#11967 = ORIENTED_EDGE('',*,*,#10813,.F.);
#11968 = ORIENTED_EDGE('',*,*,#10163,.F.);
#11969 = PLANE('',#11970);
#11970 = AXIS2_PLACEMENT_3D('',#11971,#11972,#11973);
#11971 = CARTESIAN_POINT('',(-84.84990740858,-9.,36.635696047109));
#11972 = DIRECTION('',(8.579731234437E-02,0.,-0.996312612183));
#11973 = DIRECTION('',(0.996312612183,0.,8.579731234437E-02));
#11974 = ADVANCED_FACE('',(#11975),#11986,.T.);
#11975 = FACE_BOUND('',#11976,.T.);
#11976 = EDGE_LOOP('',(#11977,#11983,#11984,#11985));
#11977 = ORIENTED_EDGE('',*,*,#11978,.T.);
#11978 = EDGE_CURVE('',#10148,#10737,#11979,.T.);
#11979 = LINE('',#11980,#11981);
#11980 = CARTESIAN_POINT('',(-85.3336488042,-9.,36.595367402966));
#11981 = VECTOR('',#11982,1.);
#11982 = DIRECTION('',(0.,1.,0.));
#11983 = ORIENTED_EDGE('',*,*,#10744,.T.);
#11984 = ORIENTED_EDGE('',*,*,#11961,.F.);
#11985 = ORIENTED_EDGE('',*,*,#10155,.F.);
#11986 = PLANE('',#11987);
#11987 = AXIS2_PLACEMENT_3D('',#11988,#11989,#11990);
#11988 = CARTESIAN_POINT('',(-85.3336488042,-9.,36.595367402966));
#11989 = DIRECTION('',(8.30799755114E-02,0.,-0.996542883006));
#11990 = DIRECTION('',(0.996542883006,0.,8.30799755114E-02));
#11991 = ADVANCED_FACE('',(#11992),#12003,.T.);
#11992 = FACE_BOUND('',#11993,.T.);
#11993 = EDGE_LOOP('',(#11994,#12000,#12001,#12002));
#11994 = ORIENTED_EDGE('',*,*,#11995,.T.);
#11995 = EDGE_CURVE('',#10140,#10729,#11996,.T.);
#11996 = LINE('',#11997,#11998);
#11997 = CARTESIAN_POINT('',(-85.81749838023,-9.,36.556358107161));
#11998 = VECTOR('',#11999,1.);
#11999 = DIRECTION('',(0.,1.,0.));
#12000 = ORIENTED_EDGE('',*,*,#10736,.T.);
#12001 = ORIENTED_EDGE('',*,*,#11978,.F.);
#12002 = ORIENTED_EDGE('',*,*,#10147,.F.);
#12003 = PLANE('',#12004);
#12004 = AXIS2_PLACEMENT_3D('',#12005,#12006,#12007);
#12005 = CARTESIAN_POINT('',(-85.81749838023,-9.,36.556358107161));
#12006 = DIRECTION('',(8.036202081716E-02,0.,-0.996765742595));
#12007 = DIRECTION('',(0.996765742595,0.,8.036202081716E-02));
#12008 = ADVANCED_FACE('',(#12009),#12020,.T.);
#12009 = FACE_BOUND('',#12010,.T.);
#12010 = EDGE_LOOP('',(#12011,#12017,#12018,#12019));
#12011 = ORIENTED_EDGE('',*,*,#12012,.T.);
#12012 = EDGE_CURVE('',#10132,#10721,#12013,.T.);
#12013 = LINE('',#12014,#12015);
#12014 = CARTESIAN_POINT('',(-86.30145253829,-9.,36.518668449805));
#12015 = VECTOR('',#12016,1.);
#12016 = DIRECTION('',(0.,1.,0.));
#12017 = ORIENTED_EDGE('',*,*,#10728,.T.);
#12018 = ORIENTED_EDGE('',*,*,#11995,.F.);
#12019 = ORIENTED_EDGE('',*,*,#10139,.F.);
#12020 = PLANE('',#12021);
#12021 = AXIS2_PLACEMENT_3D('',#12022,#12023,#12024);
#12022 = CARTESIAN_POINT('',(-86.30145253829,-9.,36.518668449805));
#12023 = DIRECTION('',(7.764346847504E-02,0.,-0.996981189293));
#12024 = DIRECTION('',(0.996981189293,0.,7.764346847504E-02));
#12025 = ADVANCED_FACE('',(#12026),#12037,.T.);
#12026 = FACE_BOUND('',#12027,.T.);
#12027 = EDGE_LOOP('',(#12028,#12034,#12035,#12036));
#12028 = ORIENTED_EDGE('',*,*,#12029,.T.);
#12029 = EDGE_CURVE('',#10124,#10713,#12030,.T.);
#12030 = LINE('',#12031,#12032);
#12031 = CARTESIAN_POINT('',(-86.78550767925,-9.,36.482298711193));
#12032 = VECTOR('',#12033,1.);
#12033 = DIRECTION('',(0.,1.,0.));
#12034 = ORIENTED_EDGE('',*,*,#10720,.T.);
#12035 = ORIENTED_EDGE('',*,*,#12012,.F.);
#12036 = ORIENTED_EDGE('',*,*,#10131,.F.);
#12037 = PLANE('',#12038);
#12038 = AXIS2_PLACEMENT_3D('',#12039,#12040,#12041);
#12039 = CARTESIAN_POINT('',(-86.78550767925,-9.,36.482298711193));
#12040 = DIRECTION('',(7.492433870286E-02,0.,-0.997189221497));
#12041 = DIRECTION('',(0.997189221497,0.,7.492433870286E-02));
#12042 = ADVANCED_FACE('',(#12043),#12054,.T.);
#12043 = FACE_BOUND('',#12044,.T.);
#12044 = EDGE_LOOP('',(#12045,#12051,#12052,#12053));
#12045 = ORIENTED_EDGE('',*,*,#12046,.T.);
#12046 = EDGE_CURVE('',#10116,#10705,#12047,.T.);
#12047 = LINE('',#12048,#12049);
#12048 = CARTESIAN_POINT('',(-87.26966020323,-9.,36.447249161805));
#12049 = VECTOR('',#12050,1.);
#12050 = DIRECTION('',(0.,1.,0.));
#12051 = ORIENTED_EDGE('',*,*,#10712,.T.);
#12052 = ORIENTED_EDGE('',*,*,#12029,.F.);
#12053 = ORIENTED_EDGE('',*,*,#10123,.F.);
#12054 = PLANE('',#12055);
#12055 = AXIS2_PLACEMENT_3D('',#12056,#12057,#12058);
#12056 = CARTESIAN_POINT('',(-87.26966020323,-9.,36.447249161805));
#12057 = DIRECTION('',(7.220465172255E-02,0.,-0.997389837661));
#12058 = DIRECTION('',(0.997389837661,0.,7.220465172255E-02));
#12059 = ADVANCED_FACE('',(#12060),#12071,.T.);
#12060 = FACE_BOUND('',#12061,.T.);
#12061 = EDGE_LOOP('',(#12062,#12068,#12069,#12070));
#12062 = ORIENTED_EDGE('',*,*,#12063,.T.);
#12063 = EDGE_CURVE('',#10108,#10697,#12064,.T.);
#12064 = LINE('',#12065,#12066);
#12065 = CARTESIAN_POINT('',(-87.75390650959,-9.,36.413520062303));
#12066 = VECTOR('',#12067,1.);
#12067 = DIRECTION('',(0.,1.,0.));
#12068 = ORIENTED_EDGE('',*,*,#10704,.T.);
#12069 = ORIENTED_EDGE('',*,*,#12046,.F.);
#12070 = ORIENTED_EDGE('',*,*,#10115,.F.);
#12071 = PLANE('',#12072);
#12072 = AXIS2_PLACEMENT_3D('',#12073,#12074,#12075);
#12073 = CARTESIAN_POINT('',(-87.75390650959,-9.,36.413520062303));
#12074 = DIRECTION('',(6.948442776027E-02,0.,-0.997583036293));
#12075 = DIRECTION('',(0.997583036293,0.,6.948442776027E-02));
#12076 = ADVANCED_FACE('',(#12077),#12088,.T.);
#12077 = FACE_BOUND('',#12078,.T.);
#12078 = EDGE_LOOP('',(#12079,#12085,#12086,#12087));
#12079 = ORIENTED_EDGE('',*,*,#12080,.T.);
#12080 = EDGE_CURVE('',#10100,#10689,#12081,.T.);
#12081 = LINE('',#12082,#12083);
#12082 = CARTESIAN_POINT('',(-88.23824299703,-9.,36.381111663529));
#12083 = VECTOR('',#12084,1.);
#12084 = DIRECTION('',(0.,1.,0.));
#12085 = ORIENTED_EDGE('',*,*,#10696,.T.);
#12086 = ORIENTED_EDGE('',*,*,#12063,.F.);
#12087 = ORIENTED_EDGE('',*,*,#10107,.F.);
#12088 = PLANE('',#12089);
#12089 = AXIS2_PLACEMENT_3D('',#12090,#12091,#12092);
#12090 = CARTESIAN_POINT('',(-88.23824299703,-9.,36.381111663529));
#12091 = DIRECTION('',(6.676368704612E-02,0.,-0.997768815955));
#12092 = DIRECTION('',(0.997768815955,0.,6.676368704612E-02));
#12093 = ADVANCED_FACE('',(#12094),#12105,.T.);
#12094 = FACE_BOUND('',#12095,.T.);
#12095 = EDGE_LOOP('',(#12096,#12102,#12103,#12104));
#12096 = ORIENTED_EDGE('',*,*,#12097,.T.);
#12097 = EDGE_CURVE('',#10092,#10681,#12098,.T.);
#12098 = LINE('',#12099,#12100);
#12099 = CARTESIAN_POINT('',(-88.72266606357,-9.,36.3500242065));
#12100 = VECTOR('',#12101,1.);
#12101 = DIRECTION('',(0.,1.,0.));
#12102 = ORIENTED_EDGE('',*,*,#10688,.T.);
#12103 = ORIENTED_EDGE('',*,*,#12080,.F.);
#12104 = ORIENTED_EDGE('',*,*,#10099,.F.);
#12105 = PLANE('',#12106);
#12106 = AXIS2_PLACEMENT_3D('',#12107,#12108,#12109);
#12107 = CARTESIAN_POINT('',(-88.72266606357,-9.,36.3500242065));
#12108 = DIRECTION('',(6.404244981423E-02,0.,-0.997947175266));
#12109 = DIRECTION('',(0.997947175266,0.,6.404244981423E-02));
#12110 = ADVANCED_FACE('',(#12111),#12122,.T.);
#12111 = FACE_BOUND('',#12112,.T.);
#12112 = EDGE_LOOP('',(#12113,#12119,#12120,#12121));
#12113 = ORIENTED_EDGE('',*,*,#12114,.T.);
#12114 = EDGE_CURVE('',#10084,#10673,#12115,.T.);
#12115 = LINE('',#12116,#12117);
#12116 = CARTESIAN_POINT('',(-89.20717210658,-9.,36.320257922414));
#12117 = VECTOR('',#12118,1.);
#12118 = DIRECTION('',(0.,1.,0.));
#12119 = ORIENTED_EDGE('',*,*,#10680,.T.);
#12120 = ORIENTED_EDGE('',*,*,#12097,.F.);
#12121 = ORIENTED_EDGE('',*,*,#10091,.F.);
#12122 = PLANE('',#12123);
#12123 = AXIS2_PLACEMENT_3D('',#12124,#12125,#12126);
#12124 = CARTESIAN_POINT('',(-89.20717210658,-9.,36.320257922414));
#12125 = DIRECTION('',(6.13207363022E-02,0.,-0.9981181129));
#12126 = DIRECTION('',(0.9981181129,0.,6.13207363022E-02));
#12127 = ADVANCED_FACE('',(#12128),#12139,.T.);
#12128 = FACE_BOUND('',#12129,.T.);
#12129 = EDGE_LOOP('',(#12130,#12136,#12137,#12138));
#12130 = ORIENTED_EDGE('',*,*,#12131,.T.);
#12131 = EDGE_CURVE('',#10076,#10665,#12132,.T.);
#12132 = LINE('',#12133,#12134);
#12133 = CARTESIAN_POINT('',(-89.69175752281,-9.,36.29181303264));
#12134 = VECTOR('',#12135,1.);
#12135 = DIRECTION('',(0.,1.,0.));
#12136 = ORIENTED_EDGE('',*,*,#10672,.T.);
#12137 = ORIENTED_EDGE('',*,*,#12114,.F.);
#12138 = ORIENTED_EDGE('',*,*,#10083,.F.);
#12139 = PLANE('',#12140);
#12140 = AXIS2_PLACEMENT_3D('',#12141,#12142,#12143);
#12141 = CARTESIAN_POINT('',(-89.69175752281,-9.,36.29181303264));
#12142 = DIRECTION('',(5.859856675131E-02,0.,-0.998281627585));
#12143 = DIRECTION('',(0.998281627585,0.,5.859856675131E-02));
#12144 = ADVANCED_FACE('',(#12145),#12156,.T.);
#12145 = FACE_BOUND('',#12146,.T.);
#12146 = EDGE_LOOP('',(#12147,#12153,#12154,#12155));
#12147 = ORIENTED_EDGE('',*,*,#12148,.T.);
#12148 = EDGE_CURVE('',#10068,#10657,#12149,.T.);
#12149 = LINE('',#12150,#12151);
#12150 = CARTESIAN_POINT('',(-90.17641870843,-9.,36.264689748722));
#12151 = VECTOR('',#12152,1.);
#12152 = DIRECTION('',(0.,1.,0.));
#12153 = ORIENTED_EDGE('',*,*,#10664,.T.);
#12154 = ORIENTED_EDGE('',*,*,#12131,.F.);
#12155 = ORIENTED_EDGE('',*,*,#10075,.F.);
#12156 = PLANE('',#12157);
#12157 = AXIS2_PLACEMENT_3D('',#12158,#12159,#12160);
#12158 = CARTESIAN_POINT('',(-90.17641870843,-9.,36.264689748722));
#12159 = DIRECTION('',(5.587596140611E-02,0.,-0.998437718106));
#12160 = DIRECTION('',(0.998437718106,0.,5.587596140611E-02));
#12161 = ADVANCED_FACE('',(#12162),#12173,.T.);
#12162 = FACE_BOUND('',#12163,.T.);
#12163 = EDGE_LOOP('',(#12164,#12170,#12171,#12172));
#12164 = ORIENTED_EDGE('',*,*,#12165,.T.);
#12165 = EDGE_CURVE('',#10060,#10649,#12166,.T.);
#12166 = LINE('',#12167,#12168);
#12167 = CARTESIAN_POINT('',(-90.66115205904,-9.,36.238888272374));
#12168 = VECTOR('',#12169,1.);
#12169 = DIRECTION('',(0.,1.,0.));
#12170 = ORIENTED_EDGE('',*,*,#10656,.T.);
#12171 = ORIENTED_EDGE('',*,*,#12148,.F.);
#12172 = ORIENTED_EDGE('',*,*,#10067,.F.);
#12173 = PLANE('',#12174);
#12174 = AXIS2_PLACEMENT_3D('',#12175,#12176,#12177);
#12175 = CARTESIAN_POINT('',(-90.66115205904,-9.,36.238888272374));
#12176 = DIRECTION('',(5.315294051449E-02,0.,-0.998586383301));
#12177 = DIRECTION('',(0.998586383301,0.,5.315294051449E-02));
#12178 = ADVANCED_FACE('',(#12179),#12190,.T.);
#12179 = FACE_BOUND('',#12180,.T.);
#12180 = EDGE_LOOP('',(#12181,#12187,#12188,#12189));
#12181 = ORIENTED_EDGE('',*,*,#12182,.T.);
#12182 = EDGE_CURVE('',#10052,#10641,#12183,.T.);
#12183 = LINE('',#12184,#12185);
#12184 = CARTESIAN_POINT('',(-91.14595396972,-9.,36.214408795479));
#12185 = VECTOR('',#12186,1.);
#12186 = DIRECTION('',(0.,1.,0.));
#12187 = ORIENTED_EDGE('',*,*,#10648,.T.);
#12188 = ORIENTED_EDGE('',*,*,#12165,.F.);
#12189 = ORIENTED_EDGE('',*,*,#10059,.F.);
#12190 = PLANE('',#12191);
#12191 = AXIS2_PLACEMENT_3D('',#12192,#12193,#12194);
#12192 = CARTESIAN_POINT('',(-91.14595396972,-9.,36.214408795479));
#12193 = DIRECTION('',(5.042952432754E-02,0.,-0.998727622065));
#12194 = DIRECTION('',(0.998727622065,0.,5.042952432754E-02));
#12195 = ADVANCED_FACE('',(#12196),#12207,.T.);
#12196 = FACE_BOUND('',#12197,.T.);
#12197 = EDGE_LOOP('',(#12198,#12204,#12205,#12206));
#12198 = ORIENTED_EDGE('',*,*,#12199,.T.);
#12199 = EDGE_CURVE('',#10044,#10633,#12200,.T.);
#12200 = LINE('',#12201,#12202);
#12201 = CARTESIAN_POINT('',(-91.630820835,-9.,36.191251500091));
#12202 = VECTOR('',#12203,1.);
#12203 = DIRECTION('',(0.,1.,0.));
#12204 = ORIENTED_EDGE('',*,*,#10640,.T.);
#12205 = ORIENTED_EDGE('',*,*,#12182,.F.);
#12206 = ORIENTED_EDGE('',*,*,#10051,.F.);
#12207 = PLANE('',#12208);
#12208 = AXIS2_PLACEMENT_3D('',#12209,#12210,#12211);
#12209 = CARTESIAN_POINT('',(-91.630820835,-9.,36.191251500091));
#12210 = DIRECTION('',(4.770573309886E-02,0.,-0.998861433348));
#12211 = DIRECTION('',(0.998861433348,0.,4.770573309886E-02));
#12212 = ADVANCED_FACE('',(#12213),#12224,.T.);
#12213 = FACE_BOUND('',#12214,.T.);
#12214 = EDGE_LOOP('',(#12215,#12221,#12222,#12223));
#12215 = ORIENTED_EDGE('',*,*,#12216,.T.);
#12216 = EDGE_CURVE('',#10036,#10625,#12217,.T.);
#12217 = LINE('',#12218,#12219);
#12218 = CARTESIAN_POINT('',(-92.11574904897,-9.,36.169416558429));
#12219 = VECTOR('',#12220,1.);
#12220 = DIRECTION('',(0.,1.,0.));
#12221 = ORIENTED_EDGE('',*,*,#10632,.T.);
#12222 = ORIENTED_EDGE('',*,*,#12199,.F.);
#12223 = ORIENTED_EDGE('',*,*,#10043,.F.);
#12224 = PLANE('',#12225);
#12225 = AXIS2_PLACEMENT_3D('',#12226,#12227,#12228);
#12226 = CARTESIAN_POINT('',(-92.11574904897,-9.,36.169416558429));
#12227 = DIRECTION('',(4.49815870855E-02,0.,-0.998987816154));
#12228 = DIRECTION('',(0.998987816154,0.,4.49815870855E-02));
#12229 = ADVANCED_FACE('',(#12230),#12241,.T.);
#12230 = FACE_BOUND('',#12231,.T.);
#12231 = EDGE_LOOP('',(#12232,#12238,#12239,#12240));
#12232 = ORIENTED_EDGE('',*,*,#12233,.T.);
#12233 = EDGE_CURVE('',#10028,#10617,#12234,.T.);
#12234 = LINE('',#12235,#12236);
#12235 = CARTESIAN_POINT('',(-92.60073500523,-9.,36.148904132879));
#12236 = VECTOR('',#12237,1.);
#12237 = DIRECTION('',(0.,1.,0.));
#12238 = ORIENTED_EDGE('',*,*,#10624,.T.);
#12239 = ORIENTED_EDGE('',*,*,#12216,.F.);
#12240 = ORIENTED_EDGE('',*,*,#10035,.F.);
#12241 = PLANE('',#12242);
#12242 = AXIS2_PLACEMENT_3D('',#12243,#12244,#12245);
#12243 = CARTESIAN_POINT('',(-92.60073500523,-9.,36.148904132879));
#12244 = DIRECTION('',(4.22571065464E-02,0.,-0.999106769543));
#12245 = DIRECTION('',(0.999106769543,0.,4.22571065464E-02));
#12246 = ADVANCED_FACE('',(#12247),#12258,.T.);
#12247 = FACE_BOUND('',#12248,.T.);
#12248 = EDGE_LOOP('',(#12249,#12255,#12256,#12257));
#12249 = ORIENTED_EDGE('',*,*,#12250,.T.);
#12250 = EDGE_CURVE('',#10020,#10609,#12251,.T.);
#12251 = LINE('',#12252,#12253);
#12252 = CARTESIAN_POINT('',(-93.08577509699,-9.,36.129714375989));
#12253 = VECTOR('',#12254,1.);
#12254 = DIRECTION('',(0.,1.,0.));
#12255 = ORIENTED_EDGE('',*,*,#10616,.T.);
#12256 = ORIENTED_EDGE('',*,*,#12233,.F.);
#12257 = ORIENTED_EDGE('',*,*,#10027,.F.);
#12258 = PLANE('',#12259);
#12259 = AXIS2_PLACEMENT_3D('',#12260,#12261,#12262);
#12260 = CARTESIAN_POINT('',(-93.08577509699,-9.,36.129714375989));
#12261 = DIRECTION('',(3.953231174372E-02,0.,-0.999218292631));
#12262 = DIRECTION('',(0.999218292631,0.,3.953231174372E-02));
#12263 = ADVANCED_FACE('',(#12264),#12275,.T.);
#12264 = FACE_BOUND('',#12265,.T.);
#12265 = EDGE_LOOP('',(#12266,#12272,#12273,#12274));
#12266 = ORIENTED_EDGE('',*,*,#12267,.T.);
#12267 = EDGE_CURVE('',#10012,#10601,#12268,.T.);
#12268 = LINE('',#12269,#12270);
#12269 = CARTESIAN_POINT('',(-93.57086571701,-9.,36.111847430473));
#12270 = VECTOR('',#12271,1.);
#12271 = DIRECTION('',(0.,1.,0.));
#12272 = ORIENTED_EDGE('',*,*,#10608,.T.);
#12273 = ORIENTED_EDGE('',*,*,#12250,.F.);
#12274 = ORIENTED_EDGE('',*,*,#10019,.F.);
#12275 = PLANE('',#12276);
#12276 = AXIS2_PLACEMENT_3D('',#12277,#12278,#12279);
#12277 = CARTESIAN_POINT('',(-93.57086571701,-9.,36.111847430473));
#12278 = DIRECTION('',(3.680722294136E-02,0.,-0.999322384588));
#12279 = DIRECTION('',(0.999322384588,0.,3.680722294136E-02));
#12280 = ADVANCED_FACE('',(#12281),#12292,.T.);
#12281 = FACE_BOUND('',#12282,.T.);
#12282 = EDGE_LOOP('',(#12283,#12289,#12290,#12291));
#12283 = ORIENTED_EDGE('',*,*,#12284,.T.);
#12284 = EDGE_CURVE('',#10004,#10593,#12285,.T.);
#12285 = LINE('',#12286,#12287);
#12286 = CARTESIAN_POINT('',(-94.05600325772,-9.,36.095303429207));
#12287 = VECTOR('',#12288,1.);
#12288 = DIRECTION('',(0.,1.,0.));
#12289 = ORIENTED_EDGE('',*,*,#10600,.T.);
#12290 = ORIENTED_EDGE('',*,*,#12267,.F.);
#12291 = ORIENTED_EDGE('',*,*,#10011,.F.);
#12292 = PLANE('',#12293);
#12293 = AXIS2_PLACEMENT_3D('',#12294,#12295,#12296);
#12294 = CARTESIAN_POINT('',(-94.05600325772,-9.,36.095303429207));
#12295 = DIRECTION('',(3.408186040574E-02,0.,-0.999419044641));
#12296 = DIRECTION('',(0.999419044641,0.,3.408186040574E-02));
#12297 = ADVANCED_FACE('',(#12298),#12309,.T.);
#12298 = FACE_BOUND('',#12299,.T.);
#12299 = EDGE_LOOP('',(#12300,#12306,#12307,#12308));
#12300 = ORIENTED_EDGE('',*,*,#12301,.T.);
#12301 = EDGE_CURVE('',#9996,#10585,#12302,.T.);
#12302 = LINE('',#12303,#12304);
#12303 = CARTESIAN_POINT('',(-94.54118411116,-9.,36.080082495227));
#12304 = VECTOR('',#12305,1.);
#12305 = DIRECTION('',(0.,1.,0.));
#12306 = ORIENTED_EDGE('',*,*,#10592,.T.);
#12307 = ORIENTED_EDGE('',*,*,#12284,.F.);
#12308 = ORIENTED_EDGE('',*,*,#10003,.F.);
#12309 = PLANE('',#12310);
#12310 = AXIS2_PLACEMENT_3D('',#12311,#12312,#12313);
#12311 = CARTESIAN_POINT('',(-94.54118411116,-9.,36.080082495227));
#12312 = DIRECTION('',(3.135624440529E-02,0.,-0.99950827207));
#12313 = DIRECTION('',(0.99950827207,0.,3.135624440529E-02));
#12314 = ADVANCED_FACE('',(#12315),#12326,.T.);
#12315 = FACE_BOUND('',#12316,.T.);
#12316 = EDGE_LOOP('',(#12317,#12323,#12324,#12325));
#12317 = ORIENTED_EDGE('',*,*,#12318,.T.);
#12318 = EDGE_CURVE('',#9988,#10577,#12319,.T.);
#12319 = LINE('',#12320,#12321);
#12320 = CARTESIAN_POINT('',(-95.02640466908,-9.,36.066184741731));
#12321 = VECTOR('',#12322,1.);
#12322 = DIRECTION('',(0.,1.,0.));
#12323 = ORIENTED_EDGE('',*,*,#10584,.T.);
#12324 = ORIENTED_EDGE('',*,*,#12301,.F.);
#12325 = ORIENTED_EDGE('',*,*,#9995,.F.);
#12326 = PLANE('',#12327);
#12327 = AXIS2_PLACEMENT_3D('',#12328,#12329,#12330);
#12328 = CARTESIAN_POINT('',(-95.02640466908,-9.,36.066184741731));
#12329 = DIRECTION('',(2.863039521013E-02,0.,-0.999590066212));
#12330 = DIRECTION('',(0.999590066212,0.,2.863039521013E-02));
#12331 = ADVANCED_FACE('',(#12332),#12343,.T.);
#12332 = FACE_BOUND('',#12333,.T.);
#12333 = EDGE_LOOP('',(#12334,#12340,#12341,#12342));
#12334 = ORIENTED_EDGE('',*,*,#12335,.T.);
#12335 = EDGE_CURVE('',#9980,#10569,#12336,.T.);
#12336 = LINE('',#12337,#12338);
#12337 = CARTESIAN_POINT('',(-95.51166132292,-9.,36.053610272076));
#12338 = VECTOR('',#12339,1.);
#12339 = DIRECTION('',(0.,1.,0.));
#12340 = ORIENTED_EDGE('',*,*,#10576,.T.);
#12341 = ORIENTED_EDGE('',*,*,#12318,.F.);
#12342 = ORIENTED_EDGE('',*,*,#9987,.F.);
#12343 = PLANE('',#12344);
#12344 = AXIS2_PLACEMENT_3D('',#12345,#12346,#12347);
#12345 = CARTESIAN_POINT('',(-95.51166132292,-9.,36.053610272076));
#12346 = DIRECTION('',(2.590433309236E-02,0.,-0.999664426459));
#12347 = DIRECTION('',(0.999664426459,0.,2.590433309236E-02));
#12348 = ADVANCED_FACE('',(#12349),#12360,.T.);
#12349 = FACE_BOUND('',#12350,.T.);
#12350 = EDGE_LOOP('',(#12351,#12357,#12358,#12359));
#12351 = ORIENTED_EDGE('',*,*,#12352,.T.);
#12352 = EDGE_CURVE('',#9972,#10561,#12353,.T.);
#12353 = LINE('',#12354,#12355);
#12354 = CARTESIAN_POINT('',(-95.99695046384,-9.,36.042359179776));
#12355 = VECTOR('',#12356,1.);
#12356 = DIRECTION('',(0.,1.,0.));
#12357 = ORIENTED_EDGE('',*,*,#10568,.T.);
#12358 = ORIENTED_EDGE('',*,*,#12335,.F.);
#12359 = ORIENTED_EDGE('',*,*,#9979,.F.);
#12360 = PLANE('',#12361);
#12361 = AXIS2_PLACEMENT_3D('',#12362,#12363,#12364);
#12362 = CARTESIAN_POINT('',(-95.99695046384,-9.,36.042359179776));
#12363 = DIRECTION('',(2.317807832549E-02,0.,-0.999731352257));
#12364 = DIRECTION('',(0.999731352257,0.,2.317807832549E-02));
#12365 = ADVANCED_FACE('',(#12366),#12377,.T.);
#12366 = FACE_BOUND('',#12367,.T.);
#12367 = EDGE_LOOP('',(#12368,#12374,#12375,#12376));
#12368 = ORIENTED_EDGE('',*,*,#12369,.T.);
#12369 = EDGE_CURVE('',#9964,#10553,#12370,.T.);
#12370 = LINE('',#12371,#12372);
#12371 = CARTESIAN_POINT('',(-96.48226848279,-9.,36.032431548507));
#12372 = VECTOR('',#12373,1.);
#12373 = DIRECTION('',(0.,1.,0.));
#12374 = ORIENTED_EDGE('',*,*,#10560,.T.);
#12375 = ORIENTED_EDGE('',*,*,#12352,.F.);
#12376 = ORIENTED_EDGE('',*,*,#9971,.F.);
#12377 = PLANE('',#12378);
#12378 = AXIS2_PLACEMENT_3D('',#12379,#12380,#12381);
#12379 = CARTESIAN_POINT('',(-96.48226848279,-9.,36.032431548507));
#12380 = DIRECTION('',(2.045165118456E-02,0.,-0.999790843109));
#12381 = DIRECTION('',(0.999790843109,0.,2.045165118456E-02));
#12382 = ADVANCED_FACE('',(#12383),#12394,.T.);
#12383 = FACE_BOUND('',#12384,.T.);
#12384 = EDGE_LOOP('',(#12385,#12391,#12392,#12393));
#12385 = ORIENTED_EDGE('',*,*,#12386,.T.);
#12386 = EDGE_CURVE('',#9956,#10545,#12387,.T.);
#12387 = LINE('',#12388,#12389);
#12388 = CARTESIAN_POINT('',(-96.96761177048,-9.,36.023827452098));
#12389 = VECTOR('',#12390,1.);
#12390 = DIRECTION('',(0.,1.,0.));
#12391 = ORIENTED_EDGE('',*,*,#10552,.T.);
#12392 = ORIENTED_EDGE('',*,*,#12369,.F.);
#12393 = ORIENTED_EDGE('',*,*,#9963,.F.);
#12394 = PLANE('',#12395);
#12395 = AXIS2_PLACEMENT_3D('',#12396,#12397,#12398);
#12396 = CARTESIAN_POINT('',(-96.96761177048,-9.,36.023827452098));
#12397 = DIRECTION('',(1.772507194588E-02,0.,-0.999842898572));
#12398 = DIRECTION('',(0.999842898572,0.,1.772507194588E-02));
#12399 = ADVANCED_FACE('',(#12400),#12411,.T.);
#12400 = FACE_BOUND('',#12401,.T.);
#12401 = EDGE_LOOP('',(#12402,#12408,#12409,#12410));
#12402 = ORIENTED_EDGE('',*,*,#12403,.T.);
#12403 = EDGE_CURVE('',#9948,#10537,#12404,.T.);
#12404 = LINE('',#12405,#12406);
#12405 = CARTESIAN_POINT('',(-97.45297671744,-9.,36.016546954539));
#12406 = VECTOR('',#12407,1.);
#12407 = DIRECTION('',(0.,1.,0.));
#12408 = ORIENTED_EDGE('',*,*,#10544,.T.);
#12409 = ORIENTED_EDGE('',*,*,#12386,.F.);
#12410 = ORIENTED_EDGE('',*,*,#9955,.F.);
#12411 = PLANE('',#12412);
#12412 = AXIS2_PLACEMENT_3D('',#12413,#12414,#12415);
#12413 = CARTESIAN_POINT('',(-97.45297671744,-9.,36.016546954539));
#12414 = DIRECTION('',(1.499836088679E-02,0.,-0.999887518259));
#12415 = DIRECTION('',(0.999887518259,0.,1.499836088679E-02));
#12416 = ADVANCED_FACE('',(#12417),#12428,.T.);
#12417 = FACE_BOUND('',#12418,.T.);
#12418 = EDGE_LOOP('',(#12419,#12425,#12426,#12427));
#12419 = ORIENTED_EDGE('',*,*,#12420,.T.);
#12420 = EDGE_CURVE('',#9940,#10529,#12421,.T.);
#12421 = LINE('',#12422,#12423);
#12422 = CARTESIAN_POINT('',(-97.93835971403,-9.,36.010590109973));
#12423 = VECTOR('',#12424,1.);
#12424 = DIRECTION('',(0.,1.,0.));
#12425 = ORIENTED_EDGE('',*,*,#10536,.T.);
#12426 = ORIENTED_EDGE('',*,*,#12403,.F.);
#12427 = ORIENTED_EDGE('',*,*,#9947,.F.);
#12428 = PLANE('',#12429);
#12429 = AXIS2_PLACEMENT_3D('',#12430,#12431,#12432);
#12430 = CARTESIAN_POINT('',(-97.93835971403,-9.,36.010590109973));
#12431 = DIRECTION('',(1.22715382857E-02,0.,-0.999924701839));
#12432 = DIRECTION('',(0.999924701839,0.,1.22715382857E-02));
#12433 = ADVANCED_FACE('',(#12434),#12445,.T.);
#12434 = FACE_BOUND('',#12435,.T.);
#12435 = EDGE_LOOP('',(#12436,#12442,#12443,#12444));
#12436 = ORIENTED_EDGE('',*,*,#12437,.T.);
#12437 = EDGE_CURVE('',#9932,#10521,#12438,.T.);
#12438 = LINE('',#12439,#12440);
#12439 = CARTESIAN_POINT('',(-98.42375715049,-9.,36.005956962703));
#12440 = VECTOR('',#12441,1.);
#12441 = DIRECTION('',(0.,1.,0.));
#12442 = ORIENTED_EDGE('',*,*,#10528,.T.);
#12443 = ORIENTED_EDGE('',*,*,#12420,.F.);
#12444 = ORIENTED_EDGE('',*,*,#9939,.F.);
#12445 = PLANE('',#12446);
#12446 = AXIS2_PLACEMENT_3D('',#12447,#12448,#12449);
#12447 = CARTESIAN_POINT('',(-98.42375715049,-9.,36.005956962703));
#12448 = DIRECTION('',(9.544624421919E-03,0.,-0.999954449035));
#12449 = DIRECTION('',(0.999954449035,0.,9.544624421919E-03));
#12450 = ADVANCED_FACE('',(#12451),#12462,.T.);
#12451 = FACE_BOUND('',#12452,.T.);
#12452 = EDGE_LOOP('',(#12453,#12459,#12460,#12461));
#12453 = ORIENTED_EDGE('',*,*,#12454,.T.);
#12454 = EDGE_CURVE('',#9924,#10513,#12455,.T.);
#12455 = LINE('',#12456,#12457);
#12456 = CARTESIAN_POINT('',(-98.90916541696,-9.,36.002647547183));
#12457 = VECTOR('',#12458,1.);
#12458 = DIRECTION('',(0.,1.,0.));
#12459 = ORIENTED_EDGE('',*,*,#10520,.T.);
#12460 = ORIENTED_EDGE('',*,*,#12437,.F.);
#12461 = ORIENTED_EDGE('',*,*,#9931,.F.);
#12462 = PLANE('',#12463);
#12463 = AXIS2_PLACEMENT_3D('',#12464,#12465,#12466);
#12464 = CARTESIAN_POINT('',(-98.90916541696,-9.,36.002647547183));
#12465 = DIRECTION('',(6.817639575295E-03,0.,-0.999976759625));
#12466 = DIRECTION('',(0.999976759625,0.,6.817639575295E-03));
#12467 = ADVANCED_FACE('',(#12468),#12479,.T.);
#12468 = FACE_BOUND('',#12469,.T.);
#12469 = EDGE_LOOP('',(#12470,#12476,#12477,#12478));
#12470 = ORIENTED_EDGE('',*,*,#12471,.T.);
#12471 = EDGE_CURVE('',#9916,#10505,#12472,.T.);
#12472 = LINE('',#12473,#12474);
#12473 = CARTESIAN_POINT('',(-99.39458090346,-9.,36.000661888026));
#12474 = VECTOR('',#12475,1.);
#12475 = DIRECTION('',(0.,1.,0.));
#12476 = ORIENTED_EDGE('',*,*,#10512,.T.);
#12477 = ORIENTED_EDGE('',*,*,#12454,.F.);
#12478 = ORIENTED_EDGE('',*,*,#9923,.F.);
#12479 = PLANE('',#12480);
#12480 = AXIS2_PLACEMENT_3D('',#12481,#12482,#12483);
#12481 = CARTESIAN_POINT('',(-99.39458090346,-9.,36.000661888026));
#12482 = DIRECTION('',(4.090604026242E-03,0.,-0.999991633444));
#12483 = DIRECTION('',(0.999991633444,0.,4.090604026242E-03));
#12484 = ADVANCED_FACE('',(#12485),#12496,.T.);
#12485 = FACE_BOUND('',#12486,.T.);
#12486 = EDGE_LOOP('',(#12487,#12493,#12494,#12495));
#12487 = ORIENTED_EDGE('',*,*,#12488,.T.);
#12488 = EDGE_CURVE('',#9908,#10497,#12489,.T.);
#12489 = LINE('',#12490,#12491);
#12490 = CARTESIAN_POINT('',(-99.88,-9.,36.));
#12491 = VECTOR('',#12492,1.);
#12492 = DIRECTION('',(0.,1.,0.));
#12493 = ORIENTED_EDGE('',*,*,#10504,.T.);
#12494 = ORIENTED_EDGE('',*,*,#12471,.F.);
#12495 = ORIENTED_EDGE('',*,*,#9915,.F.);
#12496 = PLANE('',#12497);
#12497 = AXIS2_PLACEMENT_3D('',#12498,#12499,#12500);
#12498 = CARTESIAN_POINT('',(-99.88,-9.,36.));
#12499 = DIRECTION('',(1.363538055592E-03,0.,-0.999999070382));
#12500 = DIRECTION('',(0.999999070382,0.,1.363538055592E-03));
#12501 = ADVANCED_FACE('',(#12502),#12513,.T.);
#12502 = FACE_BOUND('',#12503,.T.);
#12503 = EDGE_LOOP('',(#12504,#12510,#12511,#12512));
#12504 = ORIENTED_EDGE('',*,*,#12505,.T.);
#12505 = EDGE_CURVE('',#9900,#10489,#12506,.T.);
#12506 = LINE('',#12507,#12508);
#12507 = CARTESIAN_POINT('',(-100.3654190965,-9.,36.000661888026));
#12508 = VECTOR('',#12509,1.);
#12509 = DIRECTION('',(0.,1.,0.));
#12510 = ORIENTED_EDGE('',*,*,#10496,.T.);
#12511 = ORIENTED_EDGE('',*,*,#12488,.F.);
#12512 = ORIENTED_EDGE('',*,*,#9907,.F.);
#12513 = PLANE('',#12514);
#12514 = AXIS2_PLACEMENT_3D('',#12515,#12516,#12517);
#12515 = CARTESIAN_POINT('',(-100.3654190965,-9.,36.000661888026));
#12516 = DIRECTION('',(-1.363538055591E-03,0.,-0.999999070382));
#12517 = DIRECTION('',(0.999999070382,0.,-1.363538055591E-03));
#12518 = ADVANCED_FACE('',(#12519),#12530,.T.);
#12519 = FACE_BOUND('',#12520,.T.);
#12520 = EDGE_LOOP('',(#12521,#12527,#12528,#12529));
#12521 = ORIENTED_EDGE('',*,*,#12522,.T.);
#12522 = EDGE_CURVE('',#9892,#10481,#12523,.T.);
#12523 = LINE('',#12524,#12525);
#12524 = CARTESIAN_POINT('',(-100.850834583,-9.,36.002647547183));
#12525 = VECTOR('',#12526,1.);
#12526 = DIRECTION('',(0.,1.,0.));
#12527 = ORIENTED_EDGE('',*,*,#10488,.T.);
#12528 = ORIENTED_EDGE('',*,*,#12505,.F.);
#12529 = ORIENTED_EDGE('',*,*,#9899,.F.);
#12530 = PLANE('',#12531);
#12531 = AXIS2_PLACEMENT_3D('',#12532,#12533,#12534);
#12532 = CARTESIAN_POINT('',(-100.850834583,-9.,36.002647547183));
#12533 = DIRECTION('',(-4.090604026242E-03,0.,-0.999991633444));
#12534 = DIRECTION('',(0.999991633444,0.,-4.090604026242E-03));
#12535 = ADVANCED_FACE('',(#12536),#12547,.T.);
#12536 = FACE_BOUND('',#12537,.T.);
#12537 = EDGE_LOOP('',(#12538,#12544,#12545,#12546));
#12538 = ORIENTED_EDGE('',*,*,#12539,.T.);
#12539 = EDGE_CURVE('',#9884,#10473,#12540,.T.);
#12540 = LINE('',#12541,#12542);
#12541 = CARTESIAN_POINT('',(-101.3362428495,-9.,36.005956962703));
#12542 = VECTOR('',#12543,1.);
#12543 = DIRECTION('',(0.,1.,0.));
#12544 = ORIENTED_EDGE('',*,*,#10480,.T.);
#12545 = ORIENTED_EDGE('',*,*,#12522,.F.);
#12546 = ORIENTED_EDGE('',*,*,#9891,.F.);
#12547 = PLANE('',#12548);
#12548 = AXIS2_PLACEMENT_3D('',#12549,#12550,#12551);
#12549 = CARTESIAN_POINT('',(-101.3362428495,-9.,36.005956962703));
#12550 = DIRECTION('',(-6.817639575295E-03,0.,-0.999976759625));
#12551 = DIRECTION('',(0.999976759625,0.,-6.817639575295E-03));
#12552 = ADVANCED_FACE('',(#12553),#12564,.T.);
#12553 = FACE_BOUND('',#12554,.T.);
#12554 = EDGE_LOOP('',(#12555,#12561,#12562,#12563));
#12555 = ORIENTED_EDGE('',*,*,#12556,.T.);
#12556 = EDGE_CURVE('',#9876,#10465,#12557,.T.);
#12557 = LINE('',#12558,#12559);
#12558 = CARTESIAN_POINT('',(-101.8216402859,-9.,36.010590109973));
#12559 = VECTOR('',#12560,1.);
#12560 = DIRECTION('',(0.,1.,0.));
#12561 = ORIENTED_EDGE('',*,*,#10472,.T.);
#12562 = ORIENTED_EDGE('',*,*,#12539,.F.);
#12563 = ORIENTED_EDGE('',*,*,#9883,.F.);
#12564 = PLANE('',#12565);
#12565 = AXIS2_PLACEMENT_3D('',#12566,#12567,#12568);
#12566 = CARTESIAN_POINT('',(-101.8216402859,-9.,36.010590109973));
#12567 = DIRECTION('',(-9.544624421919E-03,0.,-0.999954449035));
#12568 = DIRECTION('',(0.999954449035,0.,-9.544624421919E-03));
#12569 = ADVANCED_FACE('',(#12570),#12581,.T.);
#12570 = FACE_BOUND('',#12571,.T.);
#12571 = EDGE_LOOP('',(#12572,#12578,#12579,#12580));
#12572 = ORIENTED_EDGE('',*,*,#12573,.T.);
#12573 = EDGE_CURVE('',#9868,#10457,#12574,.T.);
#12574 = LINE('',#12575,#12576);
#12575 = CARTESIAN_POINT('',(-102.3070232825,-9.,36.016546954539));
#12576 = VECTOR('',#12577,1.);
#12577 = DIRECTION('',(0.,1.,0.));
#12578 = ORIENTED_EDGE('',*,*,#10464,.T.);
#12579 = ORIENTED_EDGE('',*,*,#12556,.F.);
#12580 = ORIENTED_EDGE('',*,*,#9875,.F.);
#12581 = PLANE('',#12582);
#12582 = AXIS2_PLACEMENT_3D('',#12583,#12584,#12585);
#12583 = CARTESIAN_POINT('',(-102.3070232825,-9.,36.016546954539));
#12584 = DIRECTION('',(-1.22715382857E-02,0.,-0.999924701839));
#12585 = DIRECTION('',(0.999924701839,0.,-1.22715382857E-02));
#12586 = ADVANCED_FACE('',(#12587),#12598,.T.);
#12587 = FACE_BOUND('',#12588,.T.);
#12588 = EDGE_LOOP('',(#12589,#12595,#12596,#12597));
#12589 = ORIENTED_EDGE('',*,*,#12590,.T.);
#12590 = EDGE_CURVE('',#9860,#10449,#12591,.T.);
#12591 = LINE('',#12592,#12593);
#12592 = CARTESIAN_POINT('',(-102.7923882295,-9.,36.023827452098));
#12593 = VECTOR('',#12594,1.);
#12594 = DIRECTION('',(0.,1.,0.));
#12595 = ORIENTED_EDGE('',*,*,#10456,.T.);
#12596 = ORIENTED_EDGE('',*,*,#12573,.F.);
#12597 = ORIENTED_EDGE('',*,*,#9867,.F.);
#12598 = PLANE('',#12599);
#12599 = AXIS2_PLACEMENT_3D('',#12600,#12601,#12602);
#12600 = CARTESIAN_POINT('',(-102.7923882295,-9.,36.023827452098));
#12601 = DIRECTION('',(-1.499836088679E-02,0.,-0.999887518259));
#12602 = DIRECTION('',(0.999887518259,0.,-1.499836088679E-02));
#12603 = ADVANCED_FACE('',(#12604),#12615,.T.);
#12604 = FACE_BOUND('',#12605,.T.);
#12605 = EDGE_LOOP('',(#12606,#12612,#12613,#12614));
#12606 = ORIENTED_EDGE('',*,*,#12607,.T.);
#12607 = EDGE_CURVE('',#9852,#10441,#12608,.T.);
#12608 = LINE('',#12609,#12610);
#12609 = CARTESIAN_POINT('',(-103.2777315172,-9.,36.032431548507));
#12610 = VECTOR('',#12611,1.);
#12611 = DIRECTION('',(0.,1.,0.));
#12612 = ORIENTED_EDGE('',*,*,#10448,.T.);
#12613 = ORIENTED_EDGE('',*,*,#12590,.F.);
#12614 = ORIENTED_EDGE('',*,*,#9859,.F.);
#12615 = PLANE('',#12616);
#12616 = AXIS2_PLACEMENT_3D('',#12617,#12618,#12619);
#12617 = CARTESIAN_POINT('',(-103.2777315172,-9.,36.032431548507));
#12618 = DIRECTION('',(-1.772507194588E-02,0.,-0.999842898572));
#12619 = DIRECTION('',(0.999842898572,0.,-1.772507194588E-02));
#12620 = ADVANCED_FACE('',(#12621),#12632,.T.);
#12621 = FACE_BOUND('',#12622,.T.);
#12622 = EDGE_LOOP('',(#12623,#12629,#12630,#12631));
#12623 = ORIENTED_EDGE('',*,*,#12624,.T.);
#12624 = EDGE_CURVE('',#9844,#10433,#12625,.T.);
#12625 = LINE('',#12626,#12627);
#12626 = CARTESIAN_POINT('',(-103.7630495361,-9.,36.042359179776));
#12627 = VECTOR('',#12628,1.);
#12628 = DIRECTION('',(0.,1.,0.));
#12629 = ORIENTED_EDGE('',*,*,#10440,.T.);
#12630 = ORIENTED_EDGE('',*,*,#12607,.F.);
#12631 = ORIENTED_EDGE('',*,*,#9851,.F.);
#12632 = PLANE('',#12633);
#12633 = AXIS2_PLACEMENT_3D('',#12634,#12635,#12636);
#12634 = CARTESIAN_POINT('',(-103.7630495361,-9.,36.042359179776));
#12635 = DIRECTION('',(-2.045165118456E-02,0.,-0.999790843109));
#12636 = DIRECTION('',(0.999790843109,0.,-2.045165118456E-02));
#12637 = ADVANCED_FACE('',(#12638),#12649,.T.);
#12638 = FACE_BOUND('',#12639,.T.);
#12639 = EDGE_LOOP('',(#12640,#12646,#12647,#12648));
#12640 = ORIENTED_EDGE('',*,*,#12641,.T.);
#12641 = EDGE_CURVE('',#9836,#10425,#12642,.T.);
#12642 = LINE('',#12643,#12644);
#12643 = CARTESIAN_POINT('',(-104.248338677,-9.,36.053610272076));
#12644 = VECTOR('',#12645,1.);
#12645 = DIRECTION('',(0.,1.,0.));
#12646 = ORIENTED_EDGE('',*,*,#10432,.T.);
#12647 = ORIENTED_EDGE('',*,*,#12624,.F.);
#12648 = ORIENTED_EDGE('',*,*,#9843,.F.);
#12649 = PLANE('',#12650);
#12650 = AXIS2_PLACEMENT_3D('',#12651,#12652,#12653);
#12651 = CARTESIAN_POINT('',(-104.248338677,-9.,36.053610272076));
#12652 = DIRECTION('',(-2.317807832549E-02,0.,-0.999731352257));
#12653 = DIRECTION('',(0.999731352257,0.,-2.317807832549E-02));
#12654 = ADVANCED_FACE('',(#12655),#12666,.T.);
#12655 = FACE_BOUND('',#12656,.T.);
#12656 = EDGE_LOOP('',(#12657,#12663,#12664,#12665));
#12657 = ORIENTED_EDGE('',*,*,#12658,.T.);
#12658 = EDGE_CURVE('',#9828,#10417,#12659,.T.);
#12659 = LINE('',#12660,#12661);
#12660 = CARTESIAN_POINT('',(-104.7335953309,-9.,36.066184741731));
#12661 = VECTOR('',#12662,1.);
#12662 = DIRECTION('',(0.,1.,0.));
#12663 = ORIENTED_EDGE('',*,*,#10424,.T.);
#12664 = ORIENTED_EDGE('',*,*,#12641,.F.);
#12665 = ORIENTED_EDGE('',*,*,#9835,.F.);
#12666 = PLANE('',#12667);
#12667 = AXIS2_PLACEMENT_3D('',#12668,#12669,#12670);
#12668 = CARTESIAN_POINT('',(-104.7335953309,-9.,36.066184741731));
#12669 = DIRECTION('',(-2.590433309236E-02,0.,-0.999664426459));
#12670 = DIRECTION('',(0.999664426459,0.,-2.590433309236E-02));
#12671 = ADVANCED_FACE('',(#12672),#12683,.T.);
#12672 = FACE_BOUND('',#12673,.T.);
#12673 = EDGE_LOOP('',(#12674,#12680,#12681,#12682));
#12674 = ORIENTED_EDGE('',*,*,#12675,.T.);
#12675 = EDGE_CURVE('',#9820,#10409,#12676,.T.);
#12676 = LINE('',#12677,#12678);
#12677 = CARTESIAN_POINT('',(-105.2188158888,-9.,36.080082495227));
#12678 = VECTOR('',#12679,1.);
#12679 = DIRECTION('',(0.,1.,0.));
#12680 = ORIENTED_EDGE('',*,*,#10416,.T.);
#12681 = ORIENTED_EDGE('',*,*,#12658,.F.);
#12682 = ORIENTED_EDGE('',*,*,#9827,.F.);
#12683 = PLANE('',#12684);
#12684 = AXIS2_PLACEMENT_3D('',#12685,#12686,#12687);
#12685 = CARTESIAN_POINT('',(-105.2188158888,-9.,36.080082495227));
#12686 = DIRECTION('',(-2.863039521013E-02,0.,-0.999590066212));
#12687 = DIRECTION('',(0.999590066212,0.,-2.863039521013E-02));
#12688 = ADVANCED_FACE('',(#12689),#12700,.T.);
#12689 = FACE_BOUND('',#12690,.T.);
#12690 = EDGE_LOOP('',(#12691,#12697,#12698,#12699));
#12691 = ORIENTED_EDGE('',*,*,#12692,.T.);
#12692 = EDGE_CURVE('',#9812,#10401,#12693,.T.);
#12693 = LINE('',#12694,#12695);
#12694 = CARTESIAN_POINT('',(-105.7039967422,-9.,36.095303429207));
#12695 = VECTOR('',#12696,1.);
#12696 = DIRECTION('',(0.,1.,0.));
#12697 = ORIENTED_EDGE('',*,*,#10408,.T.);
#12698 = ORIENTED_EDGE('',*,*,#12675,.F.);
#12699 = ORIENTED_EDGE('',*,*,#9819,.F.);
#12700 = PLANE('',#12701);
#12701 = AXIS2_PLACEMENT_3D('',#12702,#12703,#12704);
#12702 = CARTESIAN_POINT('',(-105.7039967422,-9.,36.095303429207));
#12703 = DIRECTION('',(-3.135624440529E-02,0.,-0.99950827207));
#12704 = DIRECTION('',(0.99950827207,0.,-3.135624440529E-02));
#12705 = ADVANCED_FACE('',(#12706),#12717,.T.);
#12706 = FACE_BOUND('',#12707,.T.);
#12707 = EDGE_LOOP('',(#12708,#12714,#12715,#12716));
#12708 = ORIENTED_EDGE('',*,*,#12709,.T.);
#12709 = EDGE_CURVE('',#9804,#10393,#12710,.T.);
#12710 = LINE('',#12711,#12712);
#12711 = CARTESIAN_POINT('',(-106.1891342829,-9.,36.111847430473));
#12712 = VECTOR('',#12713,1.);
#12713 = DIRECTION('',(0.,1.,0.));
#12714 = ORIENTED_EDGE('',*,*,#10400,.T.);
#12715 = ORIENTED_EDGE('',*,*,#12692,.F.);
#12716 = ORIENTED_EDGE('',*,*,#9811,.F.);
#12717 = PLANE('',#12718);
#12718 = AXIS2_PLACEMENT_3D('',#12719,#12720,#12721);
#12719 = CARTESIAN_POINT('',(-106.1891342829,-9.,36.111847430473));
#12720 = DIRECTION('',(-3.408186040574E-02,0.,-0.999419044641));
#12721 = DIRECTION('',(0.999419044641,0.,-3.408186040574E-02));
#12722 = ADVANCED_FACE('',(#12723),#12734,.T.);
#12723 = FACE_BOUND('',#12724,.T.);
#12724 = EDGE_LOOP('',(#12725,#12731,#12732,#12733));
#12725 = ORIENTED_EDGE('',*,*,#12726,.T.);
#12726 = EDGE_CURVE('',#9796,#10385,#12727,.T.);
#12727 = LINE('',#12728,#12729);
#12728 = CARTESIAN_POINT('',(-106.674224903,-9.,36.129714375989));
#12729 = VECTOR('',#12730,1.);
#12730 = DIRECTION('',(0.,1.,0.));
#12731 = ORIENTED_EDGE('',*,*,#10392,.T.);
#12732 = ORIENTED_EDGE('',*,*,#12709,.F.);
#12733 = ORIENTED_EDGE('',*,*,#9803,.F.);
#12734 = PLANE('',#12735);
#12735 = AXIS2_PLACEMENT_3D('',#12736,#12737,#12738);
#12736 = CARTESIAN_POINT('',(-106.674224903,-9.,36.129714375989));
#12737 = DIRECTION('',(-3.680722294136E-02,0.,-0.999322384588));
#12738 = DIRECTION('',(0.999322384588,0.,-3.680722294136E-02));
#12739 = ADVANCED_FACE('',(#12740),#12751,.T.);
#12740 = FACE_BOUND('',#12741,.T.);
#12741 = EDGE_LOOP('',(#12742,#12748,#12749,#12750));
#12742 = ORIENTED_EDGE('',*,*,#12743,.T.);
#12743 = EDGE_CURVE('',#9788,#10377,#12744,.T.);
#12744 = LINE('',#12745,#12746);
#12745 = CARTESIAN_POINT('',(-107.1592649947,-9.,36.148904132879));
#12746 = VECTOR('',#12747,1.);
#12747 = DIRECTION('',(0.,1.,0.));
#12748 = ORIENTED_EDGE('',*,*,#10384,.T.);
#12749 = ORIENTED_EDGE('',*,*,#12726,.F.);
#12750 = ORIENTED_EDGE('',*,*,#9795,.F.);
#12751 = PLANE('',#12752);
#12752 = AXIS2_PLACEMENT_3D('',#12753,#12754,#12755);
#12753 = CARTESIAN_POINT('',(-107.1592649947,-9.,36.148904132879));
#12754 = DIRECTION('',(-3.953231174372E-02,0.,-0.999218292631));
#12755 = DIRECTION('',(0.999218292631,0.,-3.953231174372E-02));
#12756 = ADVANCED_FACE('',(#12757),#12768,.T.);
#12757 = FACE_BOUND('',#12758,.T.);
#12758 = EDGE_LOOP('',(#12759,#12765,#12766,#12767));
#12759 = ORIENTED_EDGE('',*,*,#12760,.T.);
#12760 = EDGE_CURVE('',#9780,#10369,#12761,.T.);
#12761 = LINE('',#12762,#12763);
#12762 = CARTESIAN_POINT('',(-107.644250951,-9.,36.169416558429));
#12763 = VECTOR('',#12764,1.);
#12764 = DIRECTION('',(0.,1.,0.));
#12765 = ORIENTED_EDGE('',*,*,#10376,.T.);
#12766 = ORIENTED_EDGE('',*,*,#12743,.F.);
#12767 = ORIENTED_EDGE('',*,*,#9787,.F.);
#12768 = PLANE('',#12769);
#12769 = AXIS2_PLACEMENT_3D('',#12770,#12771,#12772);
#12770 = CARTESIAN_POINT('',(-107.644250951,-9.,36.169416558429));
#12771 = DIRECTION('',(-4.22571065464E-02,0.,-0.999106769543));
#12772 = DIRECTION('',(0.999106769543,0.,-4.22571065464E-02));
#12773 = ADVANCED_FACE('',(#12774),#12785,.T.);
#12774 = FACE_BOUND('',#12775,.T.);
#12775 = EDGE_LOOP('',(#12776,#12782,#12783,#12784));
#12776 = ORIENTED_EDGE('',*,*,#12777,.T.);
#12777 = EDGE_CURVE('',#9772,#10361,#12778,.T.);
#12778 = LINE('',#12779,#12780);
#12779 = CARTESIAN_POINT('',(-108.1291791649,-9.,36.191251500091));
#12780 = VECTOR('',#12781,1.);
#12781 = DIRECTION('',(0.,1.,0.));
#12782 = ORIENTED_EDGE('',*,*,#10368,.T.);
#12783 = ORIENTED_EDGE('',*,*,#12760,.F.);
#12784 = ORIENTED_EDGE('',*,*,#9779,.F.);
#12785 = PLANE('',#12786);
#12786 = AXIS2_PLACEMENT_3D('',#12787,#12788,#12789);
#12787 = CARTESIAN_POINT('',(-108.1291791649,-9.,36.191251500091));
#12788 = DIRECTION('',(-4.49815870855E-02,0.,-0.998987816154));
#12789 = DIRECTION('',(0.998987816154,0.,-4.49815870855E-02));
#12790 = ADVANCED_FACE('',(#12791),#12802,.T.);
#12791 = FACE_BOUND('',#12792,.T.);
#12792 = EDGE_LOOP('',(#12793,#12799,#12800,#12801));
#12793 = ORIENTED_EDGE('',*,*,#12794,.T.);
#12794 = EDGE_CURVE('',#9764,#10353,#12795,.T.);
#12795 = LINE('',#12796,#12797);
#12796 = CARTESIAN_POINT('',(-108.6140460302,-9.,36.214408795479));
#12797 = VECTOR('',#12798,1.);
#12798 = DIRECTION('',(0.,1.,0.));
#12799 = ORIENTED_EDGE('',*,*,#10360,.T.);
#12800 = ORIENTED_EDGE('',*,*,#12777,.F.);
#12801 = ORIENTED_EDGE('',*,*,#9771,.F.);
#12802 = PLANE('',#12803);
#12803 = AXIS2_PLACEMENT_3D('',#12804,#12805,#12806);
#12804 = CARTESIAN_POINT('',(-108.6140460302,-9.,36.214408795479));
#12805 = DIRECTION('',(-4.770573309886E-02,0.,-0.998861433348));
#12806 = DIRECTION('',(0.998861433348,0.,-4.770573309886E-02));
#12807 = ADVANCED_FACE('',(#12808),#12819,.T.);
#12808 = FACE_BOUND('',#12809,.T.);
#12809 = EDGE_LOOP('',(#12810,#12816,#12817,#12818));
#12810 = ORIENTED_EDGE('',*,*,#12811,.T.);
#12811 = EDGE_CURVE('',#9756,#10345,#12812,.T.);
#12812 = LINE('',#12813,#12814);
#12813 = CARTESIAN_POINT('',(-109.0988479409,-9.,36.238888272374));
#12814 = VECTOR('',#12815,1.);
#12815 = DIRECTION('',(0.,1.,0.));
#12816 = ORIENTED_EDGE('',*,*,#10352,.T.);
#12817 = ORIENTED_EDGE('',*,*,#12794,.F.);
#12818 = ORIENTED_EDGE('',*,*,#9763,.F.);
#12819 = PLANE('',#12820);
#12820 = AXIS2_PLACEMENT_3D('',#12821,#12822,#12823);
#12821 = CARTESIAN_POINT('',(-109.0988479409,-9.,36.238888272374));
#12822 = DIRECTION('',(-5.042952432754E-02,0.,-0.998727622065));
#12823 = DIRECTION('',(0.998727622065,0.,-5.042952432754E-02));
#12824 = ADVANCED_FACE('',(#12825),#12836,.T.);
#12825 = FACE_BOUND('',#12826,.T.);
#12826 = EDGE_LOOP('',(#12827,#12833,#12834,#12835));
#12827 = ORIENTED_EDGE('',*,*,#12828,.T.);
#12828 = EDGE_CURVE('',#9748,#10337,#12829,.T.);
#12829 = LINE('',#12830,#12831);
#12830 = CARTESIAN_POINT('',(-109.5835812915,-9.,36.264689748722));
#12831 = VECTOR('',#12832,1.);
#12832 = DIRECTION('',(0.,1.,0.));
#12833 = ORIENTED_EDGE('',*,*,#10344,.T.);
#12834 = ORIENTED_EDGE('',*,*,#12811,.F.);
#12835 = ORIENTED_EDGE('',*,*,#9755,.F.);
#12836 = PLANE('',#12837);
#12837 = AXIS2_PLACEMENT_3D('',#12838,#12839,#12840);
#12838 = CARTESIAN_POINT('',(-109.5835812915,-9.,36.264689748722));
#12839 = DIRECTION('',(-5.31529405145E-02,0.,-0.998586383301));
#12840 = DIRECTION('',(0.998586383301,0.,-5.31529405145E-02));
#12841 = ADVANCED_FACE('',(#12842),#12853,.T.);
#12842 = FACE_BOUND('',#12843,.T.);
#12843 = EDGE_LOOP('',(#12844,#12850,#12851,#12852));
#12844 = ORIENTED_EDGE('',*,*,#12845,.T.);
#12845 = EDGE_CURVE('',#9740,#10329,#12846,.T.);
#12846 = LINE('',#12847,#12848);
#12847 = CARTESIAN_POINT('',(-110.0682424771,-9.,36.29181303264));
#12848 = VECTOR('',#12849,1.);
#12849 = DIRECTION('',(0.,1.,0.));
#12850 = ORIENTED_EDGE('',*,*,#10336,.T.);
#12851 = ORIENTED_EDGE('',*,*,#12828,.F.);
#12852 = ORIENTED_EDGE('',*,*,#9747,.F.);
#12853 = PLANE('',#12854);
#12854 = AXIS2_PLACEMENT_3D('',#12855,#12856,#12857);
#12855 = CARTESIAN_POINT('',(-110.0682424771,-9.,36.29181303264));
#12856 = DIRECTION('',(-5.587596140611E-02,0.,-0.998437718106));
#12857 = DIRECTION('',(0.998437718106,0.,-5.587596140611E-02));
#12858 = ADVANCED_FACE('',(#12859),#12870,.T.);
#12859 = FACE_BOUND('',#12860,.T.);
#12860 = EDGE_LOOP('',(#12861,#12867,#12868,#12869));
#12861 = ORIENTED_EDGE('',*,*,#12862,.T.);
#12862 = EDGE_CURVE('',#9732,#10321,#12863,.T.);
#12863 = LINE('',#12864,#12865);
#12864 = CARTESIAN_POINT('',(-110.5528278934,-9.,36.320257922414));
#12865 = VECTOR('',#12866,1.);
#12866 = DIRECTION('',(0.,1.,0.));
#12867 = ORIENTED_EDGE('',*,*,#10328,.T.);
#12868 = ORIENTED_EDGE('',*,*,#12845,.F.);
#12869 = ORIENTED_EDGE('',*,*,#9739,.F.);
#12870 = PLANE('',#12871);
#12871 = AXIS2_PLACEMENT_3D('',#12872,#12873,#12874);
#12872 = CARTESIAN_POINT('',(-110.5528278934,-9.,36.320257922414));
#12873 = DIRECTION('',(-5.859856675131E-02,0.,-0.998281627585));
#12874 = DIRECTION('',(0.998281627585,0.,-5.859856675131E-02));
#12875 = ADVANCED_FACE('',(#12876),#12887,.T.);
#12876 = FACE_BOUND('',#12877,.T.);
#12877 = EDGE_LOOP('',(#12878,#12884,#12885,#12886));
#12878 = ORIENTED_EDGE('',*,*,#12879,.T.);
#12879 = EDGE_CURVE('',#9724,#10313,#12880,.T.);
#12880 = LINE('',#12881,#12882);
#12881 = CARTESIAN_POINT('',(-111.0373339364,-9.,36.3500242065));
#12882 = VECTOR('',#12883,1.);
#12883 = DIRECTION('',(0.,1.,0.));
#12884 = ORIENTED_EDGE('',*,*,#10320,.T.);
#12885 = ORIENTED_EDGE('',*,*,#12862,.F.);
#12886 = ORIENTED_EDGE('',*,*,#9731,.F.);
#12887 = PLANE('',#12888);
#12888 = AXIS2_PLACEMENT_3D('',#12889,#12890,#12891);
#12889 = CARTESIAN_POINT('',(-111.0373339364,-9.,36.3500242065));
#12890 = DIRECTION('',(-6.13207363022E-02,0.,-0.9981181129));
#12891 = DIRECTION('',(0.9981181129,0.,-6.13207363022E-02));
#12892 = ADVANCED_FACE('',(#12893),#12904,.T.);
#12893 = FACE_BOUND('',#12894,.T.);
#12894 = EDGE_LOOP('',(#12895,#12901,#12902,#12903));
#12895 = ORIENTED_EDGE('',*,*,#12896,.T.);
#12896 = EDGE_CURVE('',#9716,#10305,#12897,.T.);
#12897 = LINE('',#12898,#12899);
#12898 = CARTESIAN_POINT('',(-111.5217570029,-9.,36.381111663529));
#12899 = VECTOR('',#12900,1.);
#12900 = DIRECTION('',(0.,1.,0.));
#12901 = ORIENTED_EDGE('',*,*,#10312,.T.);
#12902 = ORIENTED_EDGE('',*,*,#12879,.F.);
#12903 = ORIENTED_EDGE('',*,*,#9723,.F.);
#12904 = PLANE('',#12905);
#12905 = AXIS2_PLACEMENT_3D('',#12906,#12907,#12908);
#12906 = CARTESIAN_POINT('',(-111.5217570029,-9.,36.381111663529));
#12907 = DIRECTION('',(-6.404244981423E-02,0.,-0.997947175266));
#12908 = DIRECTION('',(0.997947175266,0.,-6.404244981423E-02));
#12909 = ADVANCED_FACE('',(#12910),#12921,.T.);
#12910 = FACE_BOUND('',#12911,.T.);
#12911 = EDGE_LOOP('',(#12912,#12918,#12919,#12920));
#12912 = ORIENTED_EDGE('',*,*,#12913,.T.);
#12913 = EDGE_CURVE('',#9708,#10297,#12914,.T.);
#12914 = LINE('',#12915,#12916);
#12915 = CARTESIAN_POINT('',(-112.0060934904,-9.,36.413520062303));
#12916 = VECTOR('',#12917,1.);
#12917 = DIRECTION('',(0.,1.,0.));
#12918 = ORIENTED_EDGE('',*,*,#10304,.T.);
#12919 = ORIENTED_EDGE('',*,*,#12896,.F.);
#12920 = ORIENTED_EDGE('',*,*,#9715,.F.);
#12921 = PLANE('',#12922);
#12922 = AXIS2_PLACEMENT_3D('',#12923,#12924,#12925);
#12923 = CARTESIAN_POINT('',(-112.0060934904,-9.,36.413520062303));
#12924 = DIRECTION('',(-6.676368704612E-02,0.,-0.997768815955));
#12925 = DIRECTION('',(0.997768815955,0.,-6.676368704612E-02));
#12926 = ADVANCED_FACE('',(#12927),#12938,.T.);
#12927 = FACE_BOUND('',#12928,.T.);
#12928 = EDGE_LOOP('',(#12929,#12935,#12936,#12937));
#12929 = ORIENTED_EDGE('',*,*,#12930,.T.);
#12930 = EDGE_CURVE('',#9700,#10289,#12931,.T.);
#12931 = LINE('',#12932,#12933);
#12932 = CARTESIAN_POINT('',(-112.4903397967,-9.,36.447249161805));
#12933 = VECTOR('',#12934,1.);
#12934 = DIRECTION('',(0.,1.,0.));
#12935 = ORIENTED_EDGE('',*,*,#10296,.T.);
#12936 = ORIENTED_EDGE('',*,*,#12913,.F.);
#12937 = ORIENTED_EDGE('',*,*,#9707,.F.);
#12938 = PLANE('',#12939);
#12939 = AXIS2_PLACEMENT_3D('',#12940,#12941,#12942);
#12940 = CARTESIAN_POINT('',(-112.4903397967,-9.,36.447249161805));
#12941 = DIRECTION('',(-6.948442776027E-02,0.,-0.997583036293));
#12942 = DIRECTION('',(0.997583036293,0.,-6.948442776027E-02));
#12943 = ADVANCED_FACE('',(#12944),#12955,.T.);
#12944 = FACE_BOUND('',#12945,.T.);
#12945 = EDGE_LOOP('',(#12946,#12952,#12953,#12954));
#12946 = ORIENTED_EDGE('',*,*,#12947,.T.);
#12947 = EDGE_CURVE('',#9692,#10281,#12948,.T.);
#12948 = LINE('',#12949,#12950);
#12949 = CARTESIAN_POINT('',(-112.9744923207,-9.,36.482298711193));
#12950 = VECTOR('',#12951,1.);
#12951 = DIRECTION('',(0.,1.,0.));
#12952 = ORIENTED_EDGE('',*,*,#10288,.T.);
#12953 = ORIENTED_EDGE('',*,*,#12930,.F.);
#12954 = ORIENTED_EDGE('',*,*,#9699,.F.);
#12955 = PLANE('',#12956);
#12956 = AXIS2_PLACEMENT_3D('',#12957,#12958,#12959);
#12957 = CARTESIAN_POINT('',(-112.9744923207,-9.,36.482298711193));
#12958 = DIRECTION('',(-7.220465172255E-02,0.,-0.997389837661));
#12959 = DIRECTION('',(0.997389837661,0.,-7.220465172255E-02));
#12960 = ADVANCED_FACE('',(#12961),#12972,.T.);
#12961 = FACE_BOUND('',#12962,.T.);
#12962 = EDGE_LOOP('',(#12963,#12969,#12970,#12971));
#12963 = ORIENTED_EDGE('',*,*,#12964,.T.);
#12964 = EDGE_CURVE('',#9684,#10273,#12965,.T.);
#12965 = LINE('',#12966,#12967);
#12966 = CARTESIAN_POINT('',(-113.4585474617,-9.,36.518668449805));
#12967 = VECTOR('',#12968,1.);
#12968 = DIRECTION('',(0.,1.,0.));
#12969 = ORIENTED_EDGE('',*,*,#10280,.T.);
#12970 = ORIENTED_EDGE('',*,*,#12947,.F.);
#12971 = ORIENTED_EDGE('',*,*,#9691,.F.);
#12972 = PLANE('',#12973);
#12973 = AXIS2_PLACEMENT_3D('',#12974,#12975,#12976);
#12974 = CARTESIAN_POINT('',(-113.4585474617,-9.,36.518668449805));
#12975 = DIRECTION('',(-7.492433870286E-02,0.,-0.997189221497));
#12976 = DIRECTION('',(0.997189221497,0.,-7.492433870286E-02));
#12977 = ADVANCED_FACE('',(#12978),#12989,.T.);
#12978 = FACE_BOUND('',#12979,.T.);
#12979 = EDGE_LOOP('',(#12980,#12986,#12987,#12988));
#12980 = ORIENTED_EDGE('',*,*,#12981,.T.);
#12981 = EDGE_CURVE('',#9676,#10265,#12982,.T.);
#12982 = LINE('',#12983,#12984);
#12983 = CARTESIAN_POINT('',(-113.9425016197,-9.,36.556358107161));
#12984 = VECTOR('',#12985,1.);
#12985 = DIRECTION('',(0.,1.,0.));
#12986 = ORIENTED_EDGE('',*,*,#10272,.T.);
#12987 = ORIENTED_EDGE('',*,*,#12964,.F.);
#12988 = ORIENTED_EDGE('',*,*,#9683,.F.);
#12989 = PLANE('',#12990);
#12990 = AXIS2_PLACEMENT_3D('',#12991,#12992,#12993);
#12991 = CARTESIAN_POINT('',(-113.9425016197,-9.,36.556358107161));
#12992 = DIRECTION('',(-7.764346847504E-02,0.,-0.996981189293));
#12993 = DIRECTION('',(0.996981189293,0.,-7.764346847504E-02));
#12994 = ADVANCED_FACE('',(#12995),#13006,.T.);
#12995 = FACE_BOUND('',#12996,.T.);
#12996 = EDGE_LOOP('',(#12997,#13003,#13004,#13005));
#12997 = ORIENTED_EDGE('',*,*,#12998,.T.);
#12998 = EDGE_CURVE('',#9668,#10257,#12999,.T.);
#12999 = LINE('',#13000,#13001);
#13000 = CARTESIAN_POINT('',(-114.4263511957,-9.,36.595367402966));
#13001 = VECTOR('',#13002,1.);
#13002 = DIRECTION('',(0.,1.,0.));
#13003 = ORIENTED_EDGE('',*,*,#10264,.T.);
#13004 = ORIENTED_EDGE('',*,*,#12981,.F.);
#13005 = ORIENTED_EDGE('',*,*,#9675,.F.);
#13006 = PLANE('',#13007);
#13007 = AXIS2_PLACEMENT_3D('',#13008,#13009,#13010);
#13008 = CARTESIAN_POINT('',(-114.4263511957,-9.,36.595367402966));
#13009 = DIRECTION('',(-8.036202081716E-02,0.,-0.996765742595));
#13010 = DIRECTION('',(0.996765742595,0.,-8.036202081716E-02));
#13011 = ADVANCED_FACE('',(#13012),#13023,.T.);
#13012 = FACE_BOUND('',#13013,.T.);
#13013 = EDGE_LOOP('',(#13014,#13020,#13021,#13022));
#13014 = ORIENTED_EDGE('',*,*,#13015,.T.);
#13015 = EDGE_CURVE('',#9660,#10249,#13016,.T.);
#13016 = LINE('',#13017,#13018);
#13017 = CARTESIAN_POINT('',(-114.9100925914,-9.,36.635696047109));
#13018 = VECTOR('',#13019,1.);
#13019 = DIRECTION('',(0.,1.,0.));
#13020 = ORIENTED_EDGE('',*,*,#10256,.T.);
#13021 = ORIENTED_EDGE('',*,*,#12998,.F.);
#13022 = ORIENTED_EDGE('',*,*,#9667,.F.);
#13023 = PLANE('',#13024);
#13024 = AXIS2_PLACEMENT_3D('',#13025,#13026,#13027);
#13025 = CARTESIAN_POINT('',(-114.9100925914,-9.,36.635696047109));
#13026 = DIRECTION('',(-8.307997551139E-02,0.,-0.996542883006));
#13027 = DIRECTION('',(0.996542883006,0.,-8.307997551139E-02));
#13028 = ADVANCED_FACE('',(#13029),#13035,.T.);
#13029 = FACE_BOUND('',#13030,.T.);
#13030 = EDGE_LOOP('',(#13031,#13032,#13033,#13034));
#13031 = ORIENTED_EDGE('',*,*,#10233,.T.);
#13032 = ORIENTED_EDGE('',*,*,#10248,.T.);
#13033 = ORIENTED_EDGE('',*,*,#13015,.F.);
#13034 = ORIENTED_EDGE('',*,*,#9659,.F.);
#13035 = PLANE('',#13036);
#13036 = AXIS2_PLACEMENT_3D('',#13037,#13038,#13039);
#13037 = CARTESIAN_POINT('',(-115.393722209,-9.,36.677343739669));
#13038 = DIRECTION('',(-8.579731234437E-02,0.,-0.996312612183));
#13039 = DIRECTION('',(0.996312612183,0.,-8.579731234437E-02));
#13040 = ADVANCED_FACE('',(#13041),#13052,.F.);
#13041 = FACE_BOUND('',#13042,.F.);
#13042 = EDGE_LOOP('',(#13043,#13049,#13050,#13051));
#13043 = ORIENTED_EDGE('',*,*,#13044,.T.);
#13044 = EDGE_CURVE('',#11334,#11907,#13045,.T.);
#13045 = LINE('',#13046,#13047);
#13046 = CARTESIAN_POINT('',(-97.400379572,-7.,62.470286799806));
#13047 = VECTOR('',#13048,1.);
#13048 = DIRECTION('',(0.,1.,0.));
#13049 = ORIENTED_EDGE('',*,*,#11914,.T.);
#13050 = ORIENTED_EDGE('',*,*,#11379,.F.);
#13051 = ORIENTED_EDGE('',*,*,#11341,.F.);
#13052 = PLANE('',#13053);
#13053 = AXIS2_PLACEMENT_3D('',#13054,#13055,#13056);
#13054 = CARTESIAN_POINT('',(-97.400379572,-7.,62.470286799806));
#13055 = DIRECTION('',(1.690707154653E-02,0.,-0.999857065251));
#13056 = DIRECTION('',(0.999857065251,0.,1.690707154653E-02));
#13057 = ADVANCED_FACE('',(#13058),#13069,.F.);
#13058 = FACE_BOUND('',#13059,.F.);
#13059 = EDGE_LOOP('',(#13060,#13066,#13067,#13068));
#13060 = ORIENTED_EDGE('',*,*,#13061,.T.);
#13061 = EDGE_CURVE('',#11326,#11899,#13062,.T.);
#13062 = LINE('',#13063,#13064);
#13063 = CARTESIAN_POINT('',(-97.56567429011,-7.,62.467672107538));
#13064 = VECTOR('',#13065,1.);
#13065 = DIRECTION('',(0.,1.,0.));
#13066 = ORIENTED_EDGE('',*,*,#11906,.T.);
#13067 = ORIENTED_EDGE('',*,*,#13044,.F.);
#13068 = ORIENTED_EDGE('',*,*,#11333,.F.);
#13069 = PLANE('',#13070);
#13070 = AXIS2_PLACEMENT_3D('',#13071,#13072,#13073);
#13071 = CARTESIAN_POINT('',(-97.56567429011,-7.,62.467672107538));
#13072 = DIRECTION('',(1.581638683907E-02,0.,-0.99987491313));
#13073 = DIRECTION('',(0.99987491313,0.,1.581638683907E-02));
#13074 = ADVANCED_FACE('',(#13075),#13086,.F.);
#13075 = FACE_BOUND('',#13076,.F.);
#13076 = EDGE_LOOP('',(#13077,#13083,#13084,#13085));
#13077 = ORIENTED_EDGE('',*,*,#13078,.T.);
#13078 = EDGE_CURVE('',#11318,#11891,#13079,.T.);
#13079 = LINE('',#13080,#13081);
#13080 = CARTESIAN_POINT('',(-97.73097176206,-7.,62.465237725357));
#13081 = VECTOR('',#13082,1.);
#13082 = DIRECTION('',(0.,1.,0.));
#13083 = ORIENTED_EDGE('',*,*,#11898,.T.);
#13084 = ORIENTED_EDGE('',*,*,#13061,.F.);
#13085 = ORIENTED_EDGE('',*,*,#11325,.F.);
#13086 = PLANE('',#13087);
#13087 = AXIS2_PLACEMENT_3D('',#13088,#13089,#13090);
#13088 = CARTESIAN_POINT('',(-97.73097176206,-7.,62.465237725357));
#13089 = DIRECTION('',(1.472568331143E-02,0.,-0.999891571247));
#13090 = DIRECTION('',(0.999891571247,0.,1.472568331143E-02));
#13091 = ADVANCED_FACE('',(#13092),#13103,.F.);
#13092 = FACE_BOUND('',#13093,.F.);
#13093 = EDGE_LOOP('',(#13094,#13100,#13101,#13102));
#13094 = ORIENTED_EDGE('',*,*,#13095,.T.);
#13095 = EDGE_CURVE('',#11310,#11883,#13096,.T.);
#13096 = LINE('',#13097,#13098);
#13097 = CARTESIAN_POINT('',(-97.89627179116,-7.,62.462983656159));
#13098 = VECTOR('',#13099,1.);
#13099 = DIRECTION('',(0.,1.,0.));
#13100 = ORIENTED_EDGE('',*,*,#11890,.T.);
#13101 = ORIENTED_EDGE('',*,*,#13078,.F.);
#13102 = ORIENTED_EDGE('',*,*,#11317,.F.);
#13103 = PLANE('',#13104);
#13104 = AXIS2_PLACEMENT_3D('',#13105,#13106,#13107);
#13105 = CARTESIAN_POINT('',(-97.89627179116,-7.,62.462983656159));
#13106 = DIRECTION('',(1.363496226162E-02,0.,-0.999907039581));
#13107 = DIRECTION('',(0.999907039581,0.,1.363496226162E-02));
#13108 = ADVANCED_FACE('',(#13109),#13120,.F.);
#13109 = FACE_BOUND('',#13110,.F.);
#13110 = EDGE_LOOP('',(#13111,#13117,#13118,#13119));
#13111 = ORIENTED_EDGE('',*,*,#13112,.T.);
#13112 = EDGE_CURVE('',#11302,#11875,#13113,.T.);
#13113 = LINE('',#13114,#13115);
#13114 = CARTESIAN_POINT('',(-98.06157418072,-7.,62.460909902627));
#13115 = VECTOR('',#13116,1.);
#13116 = DIRECTION('',(0.,1.,0.));
#13117 = ORIENTED_EDGE('',*,*,#11882,.T.);
#13118 = ORIENTED_EDGE('',*,*,#13095,.F.);
#13119 = ORIENTED_EDGE('',*,*,#11309,.F.);
#13120 = PLANE('',#13121);
#13121 = AXIS2_PLACEMENT_3D('',#13122,#13123,#13124);
#13122 = CARTESIAN_POINT('',(-98.06157418072,-7.,62.460909902627));
#13123 = DIRECTION('',(1.254422498716E-02,0.,-0.999921318114));
#13124 = DIRECTION('',(0.999921318114,0.,1.254422498716E-02));
#13125 = ADVANCED_FACE('',(#13126),#13137,.F.);
#13126 = FACE_BOUND('',#13127,.F.);
#13127 = EDGE_LOOP('',(#13128,#13134,#13135,#13136));
#13128 = ORIENTED_EDGE('',*,*,#13129,.T.);
#13129 = EDGE_CURVE('',#11294,#11867,#13130,.T.);
#13130 = LINE('',#13131,#13132);
#13131 = CARTESIAN_POINT('',(-98.22687873405,-7.,62.459016467227));
#13132 = VECTOR('',#13133,1.);
#13133 = DIRECTION('',(0.,1.,0.));
#13134 = ORIENTED_EDGE('',*,*,#11874,.T.);
#13135 = ORIENTED_EDGE('',*,*,#13112,.F.);
#13136 = ORIENTED_EDGE('',*,*,#11301,.F.);
#13137 = PLANE('',#13138);
#13138 = AXIS2_PLACEMENT_3D('',#13139,#13140,#13141);
#13139 = CARTESIAN_POINT('',(-98.22687873405,-7.,62.459016467227));
#13140 = DIRECTION('',(1.145347278658E-02,0.,-0.999934406829));
#13141 = DIRECTION('',(0.999934406829,0.,1.145347278658E-02));
#13142 = ADVANCED_FACE('',(#13143),#13154,.F.);
#13143 = FACE_BOUND('',#13144,.F.);
#13144 = EDGE_LOOP('',(#13145,#13151,#13152,#13153));
#13145 = ORIENTED_EDGE('',*,*,#13146,.T.);
#13146 = EDGE_CURVE('',#11286,#11859,#13147,.T.);
#13147 = LINE('',#13148,#13149);
#13148 = CARTESIAN_POINT('',(-98.39218525445,-7.,62.457303352214));
#13149 = VECTOR('',#13150,1.);
#13150 = DIRECTION('',(0.,1.,0.));
#13151 = ORIENTED_EDGE('',*,*,#11866,.T.);
#13152 = ORIENTED_EDGE('',*,*,#13129,.F.);
#13153 = ORIENTED_EDGE('',*,*,#11293,.F.);
#13154 = PLANE('',#13155);
#13155 = AXIS2_PLACEMENT_3D('',#13156,#13157,#13158);
#13156 = CARTESIAN_POINT('',(-98.39218525445,-7.,62.457303352214));
#13157 = DIRECTION('',(1.036270695689E-02,0.,-0.999946305711));
#13158 = DIRECTION('',(0.999946305711,0.,1.036270695689E-02));
#13159 = ADVANCED_FACE('',(#13160),#13171,.F.);
#13160 = FACE_BOUND('',#13161,.F.);
#13161 = EDGE_LOOP('',(#13162,#13168,#13169,#13170));
#13162 = ORIENTED_EDGE('',*,*,#13163,.T.);
#13163 = EDGE_CURVE('',#11278,#11851,#13164,.T.);
#13164 = LINE('',#13165,#13166);
#13165 = CARTESIAN_POINT('',(-98.55749354522,-7.,62.455770559625));
#13166 = VECTOR('',#13167,1.);
#13167 = DIRECTION('',(0.,1.,0.));
#13168 = ORIENTED_EDGE('',*,*,#11858,.T.);
#13169 = ORIENTED_EDGE('',*,*,#13146,.F.);
#13170 = ORIENTED_EDGE('',*,*,#11285,.F.);
#13171 = PLANE('',#13172);
#13172 = AXIS2_PLACEMENT_3D('',#13173,#13174,#13175);
#13173 = CARTESIAN_POINT('',(-98.55749354522,-7.,62.455770559625));
#13174 = DIRECTION('',(9.271928796974E-03,0.,-0.999957014744));
#13175 = DIRECTION('',(0.999957014744,0.,9.271928796974E-03));
#13176 = ADVANCED_FACE('',(#13177),#13188,.F.);
#13177 = FACE_BOUND('',#13178,.F.);
#13178 = EDGE_LOOP('',(#13179,#13185,#13186,#13187));
#13179 = ORIENTED_EDGE('',*,*,#13180,.T.);
#13180 = EDGE_CURVE('',#11270,#11843,#13181,.T.);
#13181 = LINE('',#13182,#13183);
#13182 = CARTESIAN_POINT('',(-98.72280340965,-7.,62.454418091284));
#13183 = VECTOR('',#13184,1.);
#13184 = DIRECTION('',(0.,1.,0.));
#13185 = ORIENTED_EDGE('',*,*,#11850,.T.);
#13186 = ORIENTED_EDGE('',*,*,#13163,.F.);
#13187 = ORIENTED_EDGE('',*,*,#11277,.F.);
#13188 = PLANE('',#13189);
#13189 = AXIS2_PLACEMENT_3D('',#13190,#13191,#13192);
#13190 = CARTESIAN_POINT('',(-98.72280340965,-7.,62.454418091284));
#13191 = DIRECTION('',(8.181139603997E-03,0.,-0.999966533917));
#13192 = DIRECTION('',(0.999966533917,0.,8.181139603997E-03));
#13193 = ADVANCED_FACE('',(#13194),#13205,.F.);
#13194 = FACE_BOUND('',#13195,.F.);
#13195 = EDGE_LOOP('',(#13196,#13202,#13203,#13204));
#13196 = ORIENTED_EDGE('',*,*,#13197,.T.);
#13197 = EDGE_CURVE('',#11262,#11835,#13198,.T.);
#13198 = LINE('',#13199,#13200);
#13199 = CARTESIAN_POINT('',(-98.88811465104,-7.,62.453245948801));
#13200 = VECTOR('',#13201,1.);
#13201 = DIRECTION('',(0.,1.,0.));
#13202 = ORIENTED_EDGE('',*,*,#11842,.T.);
#13203 = ORIENTED_EDGE('',*,*,#13180,.F.);
#13204 = ORIENTED_EDGE('',*,*,#11269,.F.);
#13205 = PLANE('',#13206);
#13206 = AXIS2_PLACEMENT_3D('',#13207,#13208,#13209);
#13207 = CARTESIAN_POINT('',(-98.88811465104,-7.,62.453245948801));
#13208 = DIRECTION('',(7.090340676157E-03,0.,-0.999974863219));
#13209 = DIRECTION('',(0.999974863219,0.,7.090340676157E-03));
#13210 = ADVANCED_FACE('',(#13211),#13222,.F.);
#13211 = FACE_BOUND('',#13212,.F.);
#13212 = EDGE_LOOP('',(#13213,#13219,#13220,#13221));
#13213 = ORIENTED_EDGE('',*,*,#13214,.T.);
#13214 = EDGE_CURVE('',#11254,#11827,#13215,.T.);
#13215 = LINE('',#13216,#13217);
#13216 = CARTESIAN_POINT('',(-99.05342707269,-7.,62.452254133571));
#13217 = VECTOR('',#13218,1.);
#13218 = DIRECTION('',(0.,1.,0.));
#13219 = ORIENTED_EDGE('',*,*,#11834,.T.);
#13220 = ORIENTED_EDGE('',*,*,#13197,.F.);
#13221 = ORIENTED_EDGE('',*,*,#11261,.F.);
#13222 = PLANE('',#13223);
#13223 = AXIS2_PLACEMENT_3D('',#13224,#13225,#13226);
#13224 = CARTESIAN_POINT('',(-99.05342707269,-7.,62.452254133571));
#13225 = DIRECTION('',(5.999533311482E-03,0.,-0.999982002638));
#13226 = DIRECTION('',(0.999982002638,0.,5.999533311482E-03));
#13227 = ADVANCED_FACE('',(#13228),#13239,.F.);
#13228 = FACE_BOUND('',#13229,.F.);
#13229 = EDGE_LOOP('',(#13230,#13236,#13237,#13238));
#13230 = ORIENTED_EDGE('',*,*,#13231,.T.);
#13231 = EDGE_CURVE('',#11246,#11819,#13232,.T.);
#13232 = LINE('',#13233,#13234);
#13233 = CARTESIAN_POINT('',(-99.21874047789,-7.,62.451442646773));
#13234 = VECTOR('',#13235,1.);
#13235 = DIRECTION('',(0.,1.,0.));
#13236 = ORIENTED_EDGE('',*,*,#11826,.T.);
#13237 = ORIENTED_EDGE('',*,*,#13214,.F.);
#13238 = ORIENTED_EDGE('',*,*,#11253,.F.);
#13239 = PLANE('',#13240);
#13240 = AXIS2_PLACEMENT_3D('',#13241,#13242,#13243);
#13241 = CARTESIAN_POINT('',(-99.21874047789,-7.,62.451442646773));
#13242 = DIRECTION('',(4.908718808001E-03,0.,-0.999987952167));
#13243 = DIRECTION('',(0.999987952167,0.,4.908718808001E-03));
#13244 = ADVANCED_FACE('',(#13245),#13256,.F.);
#13245 = FACE_BOUND('',#13246,.F.);
#13246 = EDGE_LOOP('',(#13247,#13253,#13254,#13255));
#13247 = ORIENTED_EDGE('',*,*,#13248,.T.);
#13248 = EDGE_CURVE('',#11238,#11811,#13249,.T.);
#13249 = LINE('',#13250,#13251);
#13250 = CARTESIAN_POINT('',(-99.38405466993,-7.,62.450811489373));
#13251 = VECTOR('',#13252,1.);
#13252 = DIRECTION('',(0.,1.,0.));
#13253 = ORIENTED_EDGE('',*,*,#11818,.T.);
#13254 = ORIENTED_EDGE('',*,*,#13231,.F.);
#13255 = ORIENTED_EDGE('',*,*,#11245,.F.);
#13256 = PLANE('',#13257);
#13257 = AXIS2_PLACEMENT_3D('',#13258,#13259,#13260);
#13258 = CARTESIAN_POINT('',(-99.38405466993,-7.,62.450811489373));
#13259 = DIRECTION('',(3.81789846357E-03,0.,-0.999992711799));
#13260 = DIRECTION('',(0.999992711799,0.,3.81789846357E-03));
#13261 = ADVANCED_FACE('',(#13262),#13273,.F.);
#13262 = FACE_BOUND('',#13263,.F.);
#13263 = EDGE_LOOP('',(#13264,#13270,#13271,#13272));
#13264 = ORIENTED_EDGE('',*,*,#13265,.T.);
#13265 = EDGE_CURVE('',#11230,#11803,#13266,.T.);
#13266 = LINE('',#13267,#13268);
#13267 = CARTESIAN_POINT('',(-99.5493694521,-7.,62.450360662122));
#13268 = VECTOR('',#13269,1.);
#13269 = DIRECTION('',(0.,1.,0.));
#13270 = ORIENTED_EDGE('',*,*,#11810,.T.);
#13271 = ORIENTED_EDGE('',*,*,#13248,.F.);
#13272 = ORIENTED_EDGE('',*,*,#11237,.F.);
#13273 = PLANE('',#13274);
#13274 = AXIS2_PLACEMENT_3D('',#13275,#13276,#13277);
#13275 = CARTESIAN_POINT('',(-99.5493694521,-7.,62.450360662122));
#13276 = DIRECTION('',(2.727073576043E-03,0.,-0.999996281528));
#13277 = DIRECTION('',(0.999996281528,0.,2.727073576043E-03));
#13278 = ADVANCED_FACE('',(#13279),#13290,.F.);
#13279 = FACE_BOUND('',#13280,.F.);
#13280 = EDGE_LOOP('',(#13281,#13287,#13288,#13289));
#13281 = ORIENTED_EDGE('',*,*,#13282,.T.);
#13282 = EDGE_CURVE('',#11222,#11795,#13283,.T.);
#13283 = LINE('',#13284,#13285);
#13284 = CARTESIAN_POINT('',(-99.71468462769,-7.,62.450090165557));
#13285 = VECTOR('',#13286,1.);
#13286 = DIRECTION('',(0.,1.,0.));
#13287 = ORIENTED_EDGE('',*,*,#11802,.T.);
#13288 = ORIENTED_EDGE('',*,*,#13265,.F.);
#13289 = ORIENTED_EDGE('',*,*,#11229,.F.);
#13290 = PLANE('',#13291);
#13291 = AXIS2_PLACEMENT_3D('',#13292,#13293,#13294);
#13292 = CARTESIAN_POINT('',(-99.71468462769,-7.,62.450090165557));
#13293 = DIRECTION('',(1.636245443618E-03,0.,-0.99999866135));
#13294 = DIRECTION('',(0.99999866135,0.,1.636245443618E-03));
#13295 = ADVANCED_FACE('',(#13296),#13307,.F.);
#13296 = FACE_BOUND('',#13297,.F.);
#13297 = EDGE_LOOP('',(#13298,#13304,#13305,#13306));
#13298 = ORIENTED_EDGE('',*,*,#13299,.T.);
#13299 = EDGE_CURVE('',#11214,#11787,#13300,.T.);
#13300 = LINE('',#13301,#13302);
#13301 = CARTESIAN_POINT('',(-99.88,-7.,62.45));
#13302 = VECTOR('',#13303,1.);
#13303 = DIRECTION('',(0.,1.,0.));
#13304 = ORIENTED_EDGE('',*,*,#11794,.T.);
#13305 = ORIENTED_EDGE('',*,*,#13282,.F.);
#13306 = ORIENTED_EDGE('',*,*,#11221,.F.);
#13307 = PLANE('',#13308);
#13308 = AXIS2_PLACEMENT_3D('',#13309,#13310,#13311);
#13309 = CARTESIAN_POINT('',(-99.88,-7.,62.45));
#13310 = DIRECTION('',(5.454153641534E-04,0.,-0.999999851261));
#13311 = DIRECTION('',(0.999999851261,0.,5.454153641534E-04));
#13312 = ADVANCED_FACE('',(#13313),#13324,.F.);
#13313 = FACE_BOUND('',#13314,.F.);
#13314 = EDGE_LOOP('',(#13315,#13321,#13322,#13323));
#13315 = ORIENTED_EDGE('',*,*,#13316,.T.);
#13316 = EDGE_CURVE('',#11206,#11779,#13317,.T.);
#13317 = LINE('',#13318,#13319);
#13318 = CARTESIAN_POINT('',(-100.0453153723,-7.,62.450090165557));
#13319 = VECTOR('',#13320,1.);
#13320 = DIRECTION('',(0.,1.,0.));
#13321 = ORIENTED_EDGE('',*,*,#11786,.T.);
#13322 = ORIENTED_EDGE('',*,*,#13299,.F.);
#13323 = ORIENTED_EDGE('',*,*,#11213,.F.);
#13324 = PLANE('',#13325);
#13325 = AXIS2_PLACEMENT_3D('',#13326,#13327,#13328);
#13326 = CARTESIAN_POINT('',(-100.0453153723,-7.,62.450090165557));
#13327 = DIRECTION('',(-5.454153641534E-04,0.,-0.999999851261));
#13328 = DIRECTION('',(0.999999851261,0.,-5.454153641534E-04));
#13329 = ADVANCED_FACE('',(#13330),#13341,.F.);
#13330 = FACE_BOUND('',#13331,.F.);
#13331 = EDGE_LOOP('',(#13332,#13338,#13339,#13340));
#13332 = ORIENTED_EDGE('',*,*,#13333,.T.);
#13333 = EDGE_CURVE('',#11198,#11771,#13334,.T.);
#13334 = LINE('',#13335,#13336);
#13335 = CARTESIAN_POINT('',(-100.2106305478,-7.,62.450360662122));
#13336 = VECTOR('',#13337,1.);
#13337 = DIRECTION('',(0.,1.,0.));
#13338 = ORIENTED_EDGE('',*,*,#11778,.T.);
#13339 = ORIENTED_EDGE('',*,*,#13316,.F.);
#13340 = ORIENTED_EDGE('',*,*,#11205,.F.);
#13341 = PLANE('',#13342);
#13342 = AXIS2_PLACEMENT_3D('',#13343,#13344,#13345);
#13343 = CARTESIAN_POINT('',(-100.2106305478,-7.,62.450360662122));
#13344 = DIRECTION('',(-1.636245443618E-03,0.,-0.99999866135));
#13345 = DIRECTION('',(0.99999866135,0.,-1.636245443618E-03));
#13346 = ADVANCED_FACE('',(#13347),#13358,.F.);
#13347 = FACE_BOUND('',#13348,.F.);
#13348 = EDGE_LOOP('',(#13349,#13355,#13356,#13357));
#13349 = ORIENTED_EDGE('',*,*,#13350,.T.);
#13350 = EDGE_CURVE('',#11190,#11763,#13351,.T.);
#13351 = LINE('',#13352,#13353);
#13352 = CARTESIAN_POINT('',(-100.37594533,-7.,62.450811489373));
#13353 = VECTOR('',#13354,1.);
#13354 = DIRECTION('',(0.,1.,0.));
#13355 = ORIENTED_EDGE('',*,*,#11770,.T.);
#13356 = ORIENTED_EDGE('',*,*,#13333,.F.);
#13357 = ORIENTED_EDGE('',*,*,#11197,.F.);
#13358 = PLANE('',#13359);
#13359 = AXIS2_PLACEMENT_3D('',#13360,#13361,#13362);
#13360 = CARTESIAN_POINT('',(-100.37594533,-7.,62.450811489373));
#13361 = DIRECTION('',(-2.727073576043E-03,0.,-0.999996281528));
#13362 = DIRECTION('',(0.999996281528,0.,-2.727073576043E-03));
#13363 = ADVANCED_FACE('',(#13364),#13375,.F.);
#13364 = FACE_BOUND('',#13365,.F.);
#13365 = EDGE_LOOP('',(#13366,#13372,#13373,#13374));
#13366 = ORIENTED_EDGE('',*,*,#13367,.T.);
#13367 = EDGE_CURVE('',#11182,#11755,#13368,.T.);
#13368 = LINE('',#13369,#13370);
#13369 = CARTESIAN_POINT('',(-100.5412595221,-7.,62.451442646773));
#13370 = VECTOR('',#13371,1.);
#13371 = DIRECTION('',(0.,1.,0.));
#13372 = ORIENTED_EDGE('',*,*,#11762,.T.);
#13373 = ORIENTED_EDGE('',*,*,#13350,.F.);
#13374 = ORIENTED_EDGE('',*,*,#11189,.F.);
#13375 = PLANE('',#13376);
#13376 = AXIS2_PLACEMENT_3D('',#13377,#13378,#13379);
#13377 = CARTESIAN_POINT('',(-100.5412595221,-7.,62.451442646773));
#13378 = DIRECTION('',(-3.81789846357E-03,0.,-0.999992711799));
#13379 = DIRECTION('',(0.999992711799,0.,-3.81789846357E-03));
#13380 = ADVANCED_FACE('',(#13381),#13392,.F.);
#13381 = FACE_BOUND('',#13382,.F.);
#13382 = EDGE_LOOP('',(#13383,#13389,#13390,#13391));
#13383 = ORIENTED_EDGE('',*,*,#13384,.T.);
#13384 = EDGE_CURVE('',#11174,#11747,#13385,.T.);
#13385 = LINE('',#13386,#13387);
#13386 = CARTESIAN_POINT('',(-100.7065729273,-7.,62.452254133571));
#13387 = VECTOR('',#13388,1.);
#13388 = DIRECTION('',(0.,1.,0.));
#13389 = ORIENTED_EDGE('',*,*,#11754,.T.);
#13390 = ORIENTED_EDGE('',*,*,#13367,.F.);
#13391 = ORIENTED_EDGE('',*,*,#11181,.F.);
#13392 = PLANE('',#13393);
#13393 = AXIS2_PLACEMENT_3D('',#13394,#13395,#13396);
#13394 = CARTESIAN_POINT('',(-100.7065729273,-7.,62.452254133571));
#13395 = DIRECTION('',(-4.908718808001E-03,0.,-0.999987952167));
#13396 = DIRECTION('',(0.999987952167,0.,-4.908718808001E-03));
#13397 = ADVANCED_FACE('',(#13398),#13409,.F.);
#13398 = FACE_BOUND('',#13399,.F.);
#13399 = EDGE_LOOP('',(#13400,#13406,#13407,#13408));
#13400 = ORIENTED_EDGE('',*,*,#13401,.T.);
#13401 = EDGE_CURVE('',#11166,#11739,#13402,.T.);
#13402 = LINE('',#13403,#13404);
#13403 = CARTESIAN_POINT('',(-100.8718853489,-7.,62.453245948801));
#13404 = VECTOR('',#13405,1.);
#13405 = DIRECTION('',(0.,1.,0.));
#13406 = ORIENTED_EDGE('',*,*,#11746,.T.);
#13407 = ORIENTED_EDGE('',*,*,#13384,.F.);
#13408 = ORIENTED_EDGE('',*,*,#11173,.F.);
#13409 = PLANE('',#13410);
#13410 = AXIS2_PLACEMENT_3D('',#13411,#13412,#13413);
#13411 = CARTESIAN_POINT('',(-100.8718853489,-7.,62.453245948801));
#13412 = DIRECTION('',(-5.999533311483E-03,0.,-0.999982002638));
#13413 = DIRECTION('',(0.999982002638,0.,-5.999533311483E-03));
#13414 = ADVANCED_FACE('',(#13415),#13426,.F.);
#13415 = FACE_BOUND('',#13416,.F.);
#13416 = EDGE_LOOP('',(#13417,#13423,#13424,#13425));
#13417 = ORIENTED_EDGE('',*,*,#13418,.T.);
#13418 = EDGE_CURVE('',#11158,#11731,#13419,.T.);
#13419 = LINE('',#13420,#13421);
#13420 = CARTESIAN_POINT('',(-101.0371965903,-7.,62.454418091284));
#13421 = VECTOR('',#13422,1.);
#13422 = DIRECTION('',(0.,1.,0.));
#13423 = ORIENTED_EDGE('',*,*,#11738,.T.);
#13424 = ORIENTED_EDGE('',*,*,#13401,.F.);
#13425 = ORIENTED_EDGE('',*,*,#11165,.F.);
#13426 = PLANE('',#13427);
#13427 = AXIS2_PLACEMENT_3D('',#13428,#13429,#13430);
#13428 = CARTESIAN_POINT('',(-101.0371965903,-7.,62.454418091284));
#13429 = DIRECTION('',(-7.090340676156E-03,0.,-0.999974863219));
#13430 = DIRECTION('',(0.999974863219,0.,-7.090340676156E-03));
#13431 = ADVANCED_FACE('',(#13432),#13443,.F.);
#13432 = FACE_BOUND('',#13433,.F.);
#13433 = EDGE_LOOP('',(#13434,#13440,#13441,#13442));
#13434 = ORIENTED_EDGE('',*,*,#13435,.T.);
#13435 = EDGE_CURVE('',#11150,#11723,#13436,.T.);
#13436 = LINE('',#13437,#13438);
#13437 = CARTESIAN_POINT('',(-101.2025064547,-7.,62.455770559625));
#13438 = VECTOR('',#13439,1.);
#13439 = DIRECTION('',(0.,1.,0.));
#13440 = ORIENTED_EDGE('',*,*,#11730,.T.);
#13441 = ORIENTED_EDGE('',*,*,#13418,.F.);
#13442 = ORIENTED_EDGE('',*,*,#11157,.F.);
#13443 = PLANE('',#13444);
#13444 = AXIS2_PLACEMENT_3D('',#13445,#13446,#13447);
#13445 = CARTESIAN_POINT('',(-101.2025064547,-7.,62.455770559625));
#13446 = DIRECTION('',(-8.181139603997E-03,0.,-0.999966533917));
#13447 = DIRECTION('',(0.999966533917,0.,-8.181139603997E-03));
#13448 = ADVANCED_FACE('',(#13449),#13460,.F.);
#13449 = FACE_BOUND('',#13450,.F.);
#13450 = EDGE_LOOP('',(#13451,#13457,#13458,#13459));
#13451 = ORIENTED_EDGE('',*,*,#13452,.T.);
#13452 = EDGE_CURVE('',#11142,#11715,#13453,.T.);
#13453 = LINE('',#13454,#13455);
#13454 = CARTESIAN_POINT('',(-101.3678147455,-7.,62.457303352214));
#13455 = VECTOR('',#13456,1.);
#13456 = DIRECTION('',(0.,1.,0.));
#13457 = ORIENTED_EDGE('',*,*,#11722,.T.);
#13458 = ORIENTED_EDGE('',*,*,#13435,.F.);
#13459 = ORIENTED_EDGE('',*,*,#11149,.F.);
#13460 = PLANE('',#13461);
#13461 = AXIS2_PLACEMENT_3D('',#13462,#13463,#13464);
#13462 = CARTESIAN_POINT('',(-101.3678147455,-7.,62.457303352214));
#13463 = DIRECTION('',(-9.271928796974E-03,0.,-0.999957014744));
#13464 = DIRECTION('',(0.999957014744,0.,-9.271928796974E-03));
#13465 = ADVANCED_FACE('',(#13466),#13477,.F.);
#13466 = FACE_BOUND('',#13467,.F.);
#13467 = EDGE_LOOP('',(#13468,#13474,#13475,#13476));
#13468 = ORIENTED_EDGE('',*,*,#13469,.T.);
#13469 = EDGE_CURVE('',#11134,#11707,#13470,.T.);
#13470 = LINE('',#13471,#13472);
#13471 = CARTESIAN_POINT('',(-101.5331212659,-7.,62.459016467227));
#13472 = VECTOR('',#13473,1.);
#13473 = DIRECTION('',(0.,1.,0.));
#13474 = ORIENTED_EDGE('',*,*,#11714,.T.);
#13475 = ORIENTED_EDGE('',*,*,#13452,.F.);
#13476 = ORIENTED_EDGE('',*,*,#11141,.F.);
#13477 = PLANE('',#13478);
#13478 = AXIS2_PLACEMENT_3D('',#13479,#13480,#13481);
#13479 = CARTESIAN_POINT('',(-101.5331212659,-7.,62.459016467227));
#13480 = DIRECTION('',(-1.036270695689E-02,0.,-0.999946305711));
#13481 = DIRECTION('',(0.999946305711,0.,-1.036270695689E-02));
#13482 = ADVANCED_FACE('',(#13483),#13494,.F.);
#13483 = FACE_BOUND('',#13484,.F.);
#13484 = EDGE_LOOP('',(#13485,#13491,#13492,#13493));
#13485 = ORIENTED_EDGE('',*,*,#13486,.T.);
#13486 = EDGE_CURVE('',#11126,#11699,#13487,.T.);
#13487 = LINE('',#13488,#13489);
#13488 = CARTESIAN_POINT('',(-101.6984258192,-7.,62.460909902627));
#13489 = VECTOR('',#13490,1.);
#13490 = DIRECTION('',(0.,1.,0.));
#13491 = ORIENTED_EDGE('',*,*,#11706,.T.);
#13492 = ORIENTED_EDGE('',*,*,#13469,.F.);
#13493 = ORIENTED_EDGE('',*,*,#11133,.F.);
#13494 = PLANE('',#13495);
#13495 = AXIS2_PLACEMENT_3D('',#13496,#13497,#13498);
#13496 = CARTESIAN_POINT('',(-101.6984258192,-7.,62.460909902627));
#13497 = DIRECTION('',(-1.145347278658E-02,0.,-0.999934406829));
#13498 = DIRECTION('',(0.999934406829,0.,-1.145347278658E-02));
#13499 = ADVANCED_FACE('',(#13500),#13511,.F.);
#13500 = FACE_BOUND('',#13501,.F.);
#13501 = EDGE_LOOP('',(#13502,#13508,#13509,#13510));
#13502 = ORIENTED_EDGE('',*,*,#13503,.T.);
#13503 = EDGE_CURVE('',#11118,#11691,#13504,.T.);
#13504 = LINE('',#13505,#13506);
#13505 = CARTESIAN_POINT('',(-101.8637282088,-7.,62.462983656159));
#13506 = VECTOR('',#13507,1.);
#13507 = DIRECTION('',(0.,1.,0.));
#13508 = ORIENTED_EDGE('',*,*,#11698,.T.);
#13509 = ORIENTED_EDGE('',*,*,#13486,.F.);
#13510 = ORIENTED_EDGE('',*,*,#11125,.F.);
#13511 = PLANE('',#13512);
#13512 = AXIS2_PLACEMENT_3D('',#13513,#13514,#13515);
#13513 = CARTESIAN_POINT('',(-101.8637282088,-7.,62.462983656159));
#13514 = DIRECTION('',(-1.254422498716E-02,0.,-0.999921318114));
#13515 = DIRECTION('',(0.999921318114,0.,-1.254422498716E-02));
#13516 = ADVANCED_FACE('',(#13517),#13528,.F.);
#13517 = FACE_BOUND('',#13518,.F.);
#13518 = EDGE_LOOP('',(#13519,#13525,#13526,#13527));
#13519 = ORIENTED_EDGE('',*,*,#13520,.T.);
#13520 = EDGE_CURVE('',#11110,#11683,#13521,.T.);
#13521 = LINE('',#13522,#13523);
#13522 = CARTESIAN_POINT('',(-102.0290282379,-7.,62.465237725357));
#13523 = VECTOR('',#13524,1.);
#13524 = DIRECTION('',(0.,1.,0.));
#13525 = ORIENTED_EDGE('',*,*,#11690,.T.);
#13526 = ORIENTED_EDGE('',*,*,#13503,.F.);
#13527 = ORIENTED_EDGE('',*,*,#11117,.F.);
#13528 = PLANE('',#13529);
#13529 = AXIS2_PLACEMENT_3D('',#13530,#13531,#13532);
#13530 = CARTESIAN_POINT('',(-102.0290282379,-7.,62.465237725357));
#13531 = DIRECTION('',(-1.363496226162E-02,0.,-0.999907039581));
#13532 = DIRECTION('',(0.999907039581,0.,-1.363496226162E-02));
#13533 = ADVANCED_FACE('',(#13534),#13545,.F.);
#13534 = FACE_BOUND('',#13535,.F.);
#13535 = EDGE_LOOP('',(#13536,#13542,#13543,#13544));
#13536 = ORIENTED_EDGE('',*,*,#13537,.T.);
#13537 = EDGE_CURVE('',#11102,#11675,#13538,.T.);
#13538 = LINE('',#13539,#13540);
#13539 = CARTESIAN_POINT('',(-102.1943257098,-7.,62.467672107538));
#13540 = VECTOR('',#13541,1.);
#13541 = DIRECTION('',(0.,1.,0.));
#13542 = ORIENTED_EDGE('',*,*,#11682,.T.);
#13543 = ORIENTED_EDGE('',*,*,#13520,.F.);
#13544 = ORIENTED_EDGE('',*,*,#11109,.F.);
#13545 = PLANE('',#13546);
#13546 = AXIS2_PLACEMENT_3D('',#13547,#13548,#13549);
#13547 = CARTESIAN_POINT('',(-102.1943257098,-7.,62.467672107538));
#13548 = DIRECTION('',(-1.472568331143E-02,0.,-0.999891571247));
#13549 = DIRECTION('',(0.999891571247,0.,-1.472568331143E-02));
#13550 = ADVANCED_FACE('',(#13551),#13562,.F.);
#13551 = FACE_BOUND('',#13552,.F.);
#13552 = EDGE_LOOP('',(#13553,#13559,#13560,#13561));
#13553 = ORIENTED_EDGE('',*,*,#13554,.T.);
#13554 = EDGE_CURVE('',#11094,#11667,#13555,.T.);
#13555 = LINE('',#13556,#13557);
#13556 = CARTESIAN_POINT('',(-102.3596204279,-7.,62.470286799806));
#13557 = VECTOR('',#13558,1.);
#13558 = DIRECTION('',(0.,1.,0.));
#13559 = ORIENTED_EDGE('',*,*,#11674,.T.);
#13560 = ORIENTED_EDGE('',*,*,#13537,.F.);
#13561 = ORIENTED_EDGE('',*,*,#11101,.F.);
#13562 = PLANE('',#13563);
#13563 = AXIS2_PLACEMENT_3D('',#13564,#13565,#13566);
#13564 = CARTESIAN_POINT('',(-102.3596204279,-7.,62.470286799806));
#13565 = DIRECTION('',(-1.581638683907E-02,0.,-0.99987491313));
#13566 = DIRECTION('',(0.99987491313,0.,-1.581638683907E-02));
#13567 = ADVANCED_FACE('',(#13568),#13579,.F.);
#13568 = FACE_BOUND('',#13569,.F.);
#13569 = EDGE_LOOP('',(#13570,#13576,#13577,#13578));
#13570 = ORIENTED_EDGE('',*,*,#13571,.T.);
#13571 = EDGE_CURVE('',#11086,#11659,#13572,.T.);
#13572 = LINE('',#13573,#13574);
#13573 = CARTESIAN_POINT('',(-102.5249121955,-7.,62.473081799049));
#13574 = VECTOR('',#13575,1.);
#13575 = DIRECTION('',(0.,1.,0.));
#13576 = ORIENTED_EDGE('',*,*,#11666,.T.);
#13577 = ORIENTED_EDGE('',*,*,#13554,.F.);
#13578 = ORIENTED_EDGE('',*,*,#11093,.F.);
#13579 = PLANE('',#13580);
#13580 = AXIS2_PLACEMENT_3D('',#13581,#13582,#13583);
#13581 = CARTESIAN_POINT('',(-102.5249121955,-7.,62.473081799049));
#13582 = DIRECTION('',(-1.690707154653E-02,0.,-0.999857065251));
#13583 = DIRECTION('',(0.999857065251,0.,-1.690707154653E-02));
#13584 = ADVANCED_FACE('',(#13585),#13596,.F.);
#13585 = FACE_BOUND('',#13586,.F.);
#13586 = EDGE_LOOP('',(#13587,#13593,#13594,#13595));
#13587 = ORIENTED_EDGE('',*,*,#13588,.T.);
#13588 = EDGE_CURVE('',#11078,#11651,#13589,.T.);
#13589 = LINE('',#13590,#13591);
#13590 = CARTESIAN_POINT('',(-102.6902008159,-7.,62.476057101941));
#13591 = VECTOR('',#13592,1.);
#13592 = DIRECTION('',(0.,1.,0.));
#13593 = ORIENTED_EDGE('',*,*,#11658,.T.);
#13594 = ORIENTED_EDGE('',*,*,#13571,.F.);
#13595 = ORIENTED_EDGE('',*,*,#11085,.F.);
#13596 = PLANE('',#13597);
#13597 = AXIS2_PLACEMENT_3D('',#13598,#13599,#13600);
#13598 = CARTESIAN_POINT('',(-102.6902008159,-7.,62.476057101941));
#13599 = DIRECTION('',(-1.799773613628E-02,0.,-0.999838027629));
#13600 = DIRECTION('',(0.999838027629,0.,-1.799773613628E-02));
#13601 = ADVANCED_FACE('',(#13602),#13613,.F.);
#13602 = FACE_BOUND('',#13603,.F.);
#13603 = EDGE_LOOP('',(#13604,#13610,#13611,#13612));
#13604 = ORIENTED_EDGE('',*,*,#13605,.T.);
#13605 = EDGE_CURVE('',#11070,#11643,#13606,.T.);
#13606 = LINE('',#13607,#13608);
#13607 = CARTESIAN_POINT('',(-102.8554860924,-7.,62.479212704943));
#13608 = VECTOR('',#13609,1.);
#13609 = DIRECTION('',(0.,1.,0.));
#13610 = ORIENTED_EDGE('',*,*,#11650,.T.);
#13611 = ORIENTED_EDGE('',*,*,#13588,.F.);
#13612 = ORIENTED_EDGE('',*,*,#11077,.F.);
#13613 = PLANE('',#13614);
#13614 = AXIS2_PLACEMENT_3D('',#13615,#13616,#13617);
#13615 = CARTESIAN_POINT('',(-102.8554860924,-7.,62.479212704943));
#13616 = DIRECTION('',(-1.908837931011E-02,0.,-0.999817800289));
#13617 = DIRECTION('',(0.999817800289,0.,-1.908837931011E-02));
#13618 = ADVANCED_FACE('',(#13619),#13630,.F.);
#13619 = FACE_BOUND('',#13620,.F.);
#13620 = EDGE_LOOP('',(#13621,#13627,#13628,#13629));
#13621 = ORIENTED_EDGE('',*,*,#13622,.T.);
#13622 = EDGE_CURVE('',#11062,#11635,#13623,.T.);
#13623 = LINE('',#13624,#13625);
#13624 = CARTESIAN_POINT('',(-103.0207678283,-7.,62.482548604299));
#13625 = VECTOR('',#13626,1.);
#13626 = DIRECTION('',(0.,1.,0.));
#13627 = ORIENTED_EDGE('',*,*,#11642,.T.);
#13628 = ORIENTED_EDGE('',*,*,#13605,.F.);
#13629 = ORIENTED_EDGE('',*,*,#11069,.F.);
#13630 = PLANE('',#13631);
#13631 = AXIS2_PLACEMENT_3D('',#13632,#13633,#13634);
#13632 = CARTESIAN_POINT('',(-103.0207678283,-7.,62.482548604299));
#13633 = DIRECTION('',(-2.017899977055E-02,0.,-0.999796383254));
#13634 = DIRECTION('',(0.999796383254,0.,-2.017899977055E-02));
#13635 = ADVANCED_FACE('',(#13636),#13647,.F.);
#13636 = FACE_BOUND('',#13637,.F.);
#13637 = EDGE_LOOP('',(#13638,#13644,#13645,#13646));
#13638 = ORIENTED_EDGE('',*,*,#13639,.T.);
#13639 = EDGE_CURVE('',#11054,#11627,#13640,.T.);
#13640 = LINE('',#13641,#13642);
#13641 = CARTESIAN_POINT('',(-103.1860458269,-7.,62.48606479604));
#13642 = VECTOR('',#13643,1.);
#13643 = DIRECTION('',(0.,1.,0.));
#13644 = ORIENTED_EDGE('',*,*,#11634,.T.);
#13645 = ORIENTED_EDGE('',*,*,#13622,.F.);
#13646 = ORIENTED_EDGE('',*,*,#11061,.F.);
#13647 = PLANE('',#13648);
#13648 = AXIS2_PLACEMENT_3D('',#13649,#13650,#13651);
#13649 = CARTESIAN_POINT('',(-103.1860458269,-7.,62.48606479604));
#13650 = DIRECTION('',(-2.12695962197E-02,0.,-0.99977377655));
#13651 = DIRECTION('',(0.99977377655,0.,-2.12695962197E-02));
#13652 = ADVANCED_FACE('',(#13653),#13664,.F.);
#13653 = FACE_BOUND('',#13654,.F.);
#13654 = EDGE_LOOP('',(#13655,#13661,#13662,#13663));
#13655 = ORIENTED_EDGE('',*,*,#13656,.T.);
#13656 = EDGE_CURVE('',#11046,#11619,#13657,.T.);
#13657 = LINE('',#13658,#13659);
#13658 = CARTESIAN_POINT('',(-103.3513198917,-7.,62.489761275981));
#13659 = VECTOR('',#13660,1.);
#13660 = DIRECTION('',(0.,1.,0.));
#13661 = ORIENTED_EDGE('',*,*,#11626,.T.);
#13662 = ORIENTED_EDGE('',*,*,#13639,.F.);
#13663 = ORIENTED_EDGE('',*,*,#11053,.F.);
#13664 = PLANE('',#13665);
#13665 = AXIS2_PLACEMENT_3D('',#13666,#13667,#13668);
#13666 = CARTESIAN_POINT('',(-103.3513198917,-7.,62.489761275981));
#13667 = DIRECTION('',(-2.236016736007E-02,0.,-0.999749980203));
#13668 = DIRECTION('',(0.999749980203,0.,-2.236016736007E-02));
#13669 = ADVANCED_FACE('',(#13670),#13681,.F.);
#13670 = FACE_BOUND('',#13671,.F.);
#13671 = EDGE_LOOP('',(#13672,#13678,#13679,#13680));
#13672 = ORIENTED_EDGE('',*,*,#13673,.T.);
#13673 = EDGE_CURVE('',#11038,#11611,#13674,.T.);
#13674 = LINE('',#13675,#13676);
#13675 = CARTESIAN_POINT('',(-103.5165898259,-7.,62.493638039726));
#13676 = VECTOR('',#13677,1.);
#13677 = DIRECTION('',(0.,1.,0.));
#13678 = ORIENTED_EDGE('',*,*,#11618,.T.);
#13679 = ORIENTED_EDGE('',*,*,#13656,.F.);
#13680 = ORIENTED_EDGE('',*,*,#11045,.F.);
#13681 = PLANE('',#13682);
#13682 = AXIS2_PLACEMENT_3D('',#13683,#13684,#13685);
#13683 = CARTESIAN_POINT('',(-103.5165898259,-7.,62.493638039726));
#13684 = DIRECTION('',(-2.345071189346E-02,0.,-0.999724994242));
#13685 = DIRECTION('',(0.999724994242,0.,-2.345071189346E-02));
#13686 = ADVANCED_FACE('',(#13687),#13698,.F.);
#13687 = FACE_BOUND('',#13688,.F.);
#13688 = EDGE_LOOP('',(#13689,#13695,#13696,#13697));
#13689 = ORIENTED_EDGE('',*,*,#13690,.T.);
#13690 = EDGE_CURVE('',#11030,#11603,#13691,.T.);
#13691 = LINE('',#13692,#13693);
#13692 = CARTESIAN_POINT('',(-103.6818554329,-7.,62.497695082659));
#13693 = VECTOR('',#13694,1.);
#13694 = DIRECTION('',(0.,1.,0.));
#13695 = ORIENTED_EDGE('',*,*,#11610,.T.);
#13696 = ORIENTED_EDGE('',*,*,#13673,.F.);
#13697 = ORIENTED_EDGE('',*,*,#11037,.F.);
#13698 = PLANE('',#13699);
#13699 = AXIS2_PLACEMENT_3D('',#13700,#13701,#13702);
#13700 = CARTESIAN_POINT('',(-103.6818554329,-7.,62.497695082659));
#13701 = DIRECTION('',(-2.454122852288E-02,0.,-0.999698818696));
#13702 = DIRECTION('',(0.999698818696,0.,-2.454122852288E-02));
#13703 = ADVANCED_FACE('',(#13704),#13715,.F.);
#13704 = FACE_BOUND('',#13705,.F.);
#13705 = EDGE_LOOP('',(#13706,#13712,#13713,#13714));
#13706 = ORIENTED_EDGE('',*,*,#13707,.T.);
#13707 = EDGE_CURVE('',#11022,#11595,#13708,.T.);
#13708 = LINE('',#13709,#13710);
#13709 = CARTESIAN_POINT('',(-103.847116516,-7.,62.501932399954));
#13710 = VECTOR('',#13711,1.);
#13711 = DIRECTION('',(0.,1.,0.));
#13712 = ORIENTED_EDGE('',*,*,#11602,.T.);
#13713 = ORIENTED_EDGE('',*,*,#13690,.F.);
#13714 = ORIENTED_EDGE('',*,*,#11029,.F.);
#13715 = PLANE('',#13716);
#13716 = AXIS2_PLACEMENT_3D('',#13717,#13718,#13719);
#13717 = CARTESIAN_POINT('',(-103.847116516,-7.,62.501932399954));
#13718 = DIRECTION('',(-2.563171595046E-02,0.,-0.999671453597));
#13719 = DIRECTION('',(0.999671453597,0.,-2.563171595046E-02));
#13720 = ADVANCED_FACE('',(#13721),#13732,.F.);
#13721 = FACE_BOUND('',#13722,.F.);
#13722 = EDGE_LOOP('',(#13723,#13729,#13730,#13731));
#13723 = ORIENTED_EDGE('',*,*,#13724,.T.);
#13724 = EDGE_CURVE('',#11014,#11587,#13725,.T.);
#13725 = LINE('',#13726,#13727);
#13726 = CARTESIAN_POINT('',(-104.0123728786,-7.,62.506349986569));
#13727 = VECTOR('',#13728,1.);
#13728 = DIRECTION('',(0.,1.,0.));
#13729 = ORIENTED_EDGE('',*,*,#11594,.T.);
#13730 = ORIENTED_EDGE('',*,*,#13707,.F.);
#13731 = ORIENTED_EDGE('',*,*,#11021,.F.);
#13732 = PLANE('',#13733);
#13733 = AXIS2_PLACEMENT_3D('',#13734,#13735,#13736);
#13734 = CARTESIAN_POINT('',(-104.0123728786,-7.,62.506349986569));
#13735 = DIRECTION('',(-2.672217287818E-02,0.,-0.999642898978));
#13736 = DIRECTION('',(0.999642898978,0.,-2.672217287818E-02));
#13737 = ADVANCED_FACE('',(#13738),#13749,.F.);
#13738 = FACE_BOUND('',#13739,.F.);
#13739 = EDGE_LOOP('',(#13740,#13746,#13747,#13748));
#13740 = ORIENTED_EDGE('',*,*,#13741,.T.);
#13741 = EDGE_CURVE('',#11006,#11579,#13742,.T.);
#13742 = LINE('',#13743,#13744);
#13743 = CARTESIAN_POINT('',(-104.177624324,-7.,62.510947837248));
#13744 = VECTOR('',#13745,1.);
#13745 = DIRECTION('',(0.,1.,0.));
#13746 = ORIENTED_EDGE('',*,*,#11586,.T.);
#13747 = ORIENTED_EDGE('',*,*,#13724,.F.);
#13748 = ORIENTED_EDGE('',*,*,#11013,.F.);
#13749 = PLANE('',#13750);
#13750 = AXIS2_PLACEMENT_3D('',#13751,#13752,#13753);
#13751 = CARTESIAN_POINT('',(-104.177624324,-7.,62.510947837248));
#13752 = DIRECTION('',(-2.781259800939E-02,0.,-0.999613154871));
#13753 = DIRECTION('',(0.999613154871,0.,-2.781259800939E-02));
#13754 = ADVANCED_FACE('',(#13755),#13766,.F.);
#13755 = FACE_BOUND('',#13756,.F.);
#13756 = EDGE_LOOP('',(#13757,#13763,#13764,#13765));
#13757 = ORIENTED_EDGE('',*,*,#13758,.T.);
#13758 = EDGE_CURVE('',#10998,#11571,#13759,.T.);
#13759 = LINE('',#13760,#13761);
#13760 = CARTESIAN_POINT('',(-104.3428706557,-7.,62.515725946519));
#13761 = VECTOR('',#13762,1.);
#13762 = DIRECTION('',(0.,1.,0.));
#13763 = ORIENTED_EDGE('',*,*,#11578,.T.);
#13764 = ORIENTED_EDGE('',*,*,#13741,.F.);
#13765 = ORIENTED_EDGE('',*,*,#11005,.F.);
#13766 = PLANE('',#13767);
#13767 = AXIS2_PLACEMENT_3D('',#13768,#13769,#13770);
#13768 = CARTESIAN_POINT('',(-104.3428706557,-7.,62.515725946519));
#13769 = DIRECTION('',(-2.890299004572E-02,0.,-0.999582221314));
#13770 = DIRECTION('',(0.999582221314,0.,-2.890299004572E-02));
#13771 = ADVANCED_FACE('',(#13772),#13783,.F.);
#13772 = FACE_BOUND('',#13773,.F.);
#13773 = EDGE_LOOP('',(#13774,#13780,#13781,#13782));
#13774 = ORIENTED_EDGE('',*,*,#13775,.T.);
#13775 = EDGE_CURVE('',#10990,#11563,#13776,.T.);
#13776 = LINE('',#13777,#13778);
#13777 = CARTESIAN_POINT('',(-104.5081116769,-7.,62.520684308696));
#13778 = VECTOR('',#13779,1.);
#13779 = DIRECTION('',(0.,1.,0.));
#13780 = ORIENTED_EDGE('',*,*,#11570,.T.);
#13781 = ORIENTED_EDGE('',*,*,#13758,.F.);
#13782 = ORIENTED_EDGE('',*,*,#10997,.F.);
#13783 = PLANE('',#13784);
#13784 = AXIS2_PLACEMENT_3D('',#13785,#13786,#13787);
#13785 = CARTESIAN_POINT('',(-104.5081116769,-7.,62.520684308696));
#13786 = DIRECTION('',(-2.999334769015E-02,0.,-0.999550098341));
#13787 = DIRECTION('',(0.999550098341,0.,-2.999334769015E-02));
#13788 = ADVANCED_FACE('',(#13789),#13800,.F.);
#13789 = FACE_BOUND('',#13790,.F.);
#13790 = EDGE_LOOP('',(#13791,#13797,#13798,#13799));
#13791 = ORIENTED_EDGE('',*,*,#13792,.T.);
#13792 = EDGE_CURVE('',#10982,#11555,#13793,.T.);
#13793 = LINE('',#13794,#13795);
#13794 = CARTESIAN_POINT('',(-104.6733471911,-7.,62.52582291788));
#13795 = VECTOR('',#13796,1.);
#13796 = DIRECTION('',(0.,1.,0.));
#13797 = ORIENTED_EDGE('',*,*,#11562,.T.);
#13798 = ORIENTED_EDGE('',*,*,#13775,.F.);
#13799 = ORIENTED_EDGE('',*,*,#10989,.F.);
#13800 = PLANE('',#13801);
#13801 = AXIS2_PLACEMENT_3D('',#13802,#13803,#13804);
#13802 = CARTESIAN_POINT('',(-104.6733471911,-7.,62.52582291788));
#13803 = DIRECTION('',(-3.108366964487E-02,0.,-0.999516785993));
#13804 = DIRECTION('',(0.999516785993,0.,-3.108366964487E-02));
#13805 = ADVANCED_FACE('',(#13806),#13817,.F.);
#13806 = FACE_BOUND('',#13807,.F.);
#13807 = EDGE_LOOP('',(#13808,#13814,#13815,#13816));
#13808 = ORIENTED_EDGE('',*,*,#13809,.T.);
#13809 = EDGE_CURVE('',#10974,#11547,#13810,.T.);
#13810 = LINE('',#13811,#13812);
#13811 = CARTESIAN_POINT('',(-104.8385770016,-7.,62.531141767957));
#13812 = VECTOR('',#13813,1.);
#13813 = DIRECTION('',(0.,1.,0.));
#13814 = ORIENTED_EDGE('',*,*,#11554,.T.);
#13815 = ORIENTED_EDGE('',*,*,#13792,.F.);
#13816 = ORIENTED_EDGE('',*,*,#10981,.F.);
#13817 = PLANE('',#13818);
#13818 = AXIS2_PLACEMENT_3D('',#13819,#13820,#13821);
#13819 = CARTESIAN_POINT('',(-104.8385770016,-7.,62.531141767957));
#13820 = DIRECTION('',(-3.21739546132E-02,0.,-0.999482284308));
#13821 = DIRECTION('',(0.999482284308,0.,-3.21739546132E-02));
#13822 = ADVANCED_FACE('',(#13823),#13834,.F.);
#13823 = FACE_BOUND('',#13824,.F.);
#13824 = EDGE_LOOP('',(#13825,#13831,#13832,#13833));
#13825 = ORIENTED_EDGE('',*,*,#13826,.T.);
#13826 = EDGE_CURVE('',#10966,#11539,#13827,.T.);
#13827 = LINE('',#13828,#13829);
#13828 = CARTESIAN_POINT('',(-105.0038009118,-7.,62.536640852597));
#13829 = VECTOR('',#13830,1.);
#13830 = DIRECTION('',(0.,1.,0.));
#13831 = ORIENTED_EDGE('',*,*,#11546,.T.);
#13832 = ORIENTED_EDGE('',*,*,#13809,.F.);
#13833 = ORIENTED_EDGE('',*,*,#10973,.F.);
#13834 = PLANE('',#13835);
#13835 = AXIS2_PLACEMENT_3D('',#13836,#13837,#13838);
#13836 = CARTESIAN_POINT('',(-105.0038009118,-7.,62.536640852597));
#13837 = DIRECTION('',(-3.326420129727E-02,0.,-0.999446593327));
#13838 = DIRECTION('',(0.999446593327,0.,-3.326420129727E-02));
#13839 = ADVANCED_FACE('',(#13840),#13851,.F.);
#13840 = FACE_BOUND('',#13841,.F.);
#13841 = EDGE_LOOP('',(#13842,#13848,#13849,#13850));
#13842 = ORIENTED_EDGE('',*,*,#13843,.T.);
#13843 = EDGE_CURVE('',#10958,#11531,#13844,.T.);
#13844 = LINE('',#13845,#13846);
#13845 = CARTESIAN_POINT('',(-105.1690187252,-7.,62.542320165256));
#13846 = VECTOR('',#13847,1.);
#13847 = DIRECTION('',(0.,1.,0.));
#13848 = ORIENTED_EDGE('',*,*,#11538,.T.);
#13849 = ORIENTED_EDGE('',*,*,#13826,.F.);
#13850 = ORIENTED_EDGE('',*,*,#10965,.F.);
#13851 = PLANE('',#13852);
#13852 = AXIS2_PLACEMENT_3D('',#13853,#13854,#13855);
#13853 = CARTESIAN_POINT('',(-105.1690187252,-7.,62.542320165256));
#13854 = DIRECTION('',(-3.435440839961E-02,0.,-0.999409713092));
#13855 = DIRECTION('',(0.999409713092,0.,-3.435440839961E-02));
#13856 = ADVANCED_FACE('',(#13857),#13868,.F.);
#13857 = FACE_BOUND('',#13858,.F.);
#13858 = EDGE_LOOP('',(#13859,#13865,#13866,#13867));
#13859 = ORIENTED_EDGE('',*,*,#13860,.T.);
#13860 = EDGE_CURVE('',#10950,#11523,#13861,.T.);
#13861 = LINE('',#13862,#13863);
#13862 = CARTESIAN_POINT('',(-105.3342302451,-7.,62.548179699178));
#13863 = VECTOR('',#13864,1.);
#13864 = DIRECTION('',(0.,1.,0.));
#13865 = ORIENTED_EDGE('',*,*,#11530,.T.);
#13866 = ORIENTED_EDGE('',*,*,#13843,.F.);
#13867 = ORIENTED_EDGE('',*,*,#10957,.F.);
#13868 = PLANE('',#13869);
#13869 = AXIS2_PLACEMENT_3D('',#13870,#13871,#13872);
#13870 = CARTESIAN_POINT('',(-105.3342302451,-7.,62.548179699178));
#13871 = DIRECTION('',(-3.544457462353E-02,0.,-0.999371643649));
#13872 = DIRECTION('',(0.999371643649,0.,-3.544457462353E-02));
#13873 = ADVANCED_FACE('',(#13874),#13885,.F.);
#13874 = FACE_BOUND('',#13875,.F.);
#13875 = EDGE_LOOP('',(#13876,#13882,#13883,#13884));
#13876 = ORIENTED_EDGE('',*,*,#13877,.T.);
#13877 = EDGE_CURVE('',#10942,#11515,#13878,.T.);
#13878 = LINE('',#13879,#13880);
#13879 = CARTESIAN_POINT('',(-105.499435275,-7.,62.554219447389));
#13880 = VECTOR('',#13881,1.);
#13881 = DIRECTION('',(0.,1.,0.));
#13882 = ORIENTED_EDGE('',*,*,#11522,.T.);
#13883 = ORIENTED_EDGE('',*,*,#13860,.F.);
#13884 = ORIENTED_EDGE('',*,*,#10949,.F.);
#13885 = PLANE('',#13886);
#13886 = AXIS2_PLACEMENT_3D('',#13887,#13888,#13889);
#13887 = CARTESIAN_POINT('',(-105.499435275,-7.,62.554219447389));
#13888 = DIRECTION('',(-3.653469867135E-02,0.,-0.999332385042));
#13889 = DIRECTION('',(0.999332385042,0.,-3.653469867135E-02));
#13890 = ADVANCED_FACE('',(#13891),#13902,.F.);
#13891 = FACE_BOUND('',#13892,.F.);
#13892 = EDGE_LOOP('',(#13893,#13899,#13900,#13901));
#13893 = ORIENTED_EDGE('',*,*,#13894,.T.);
#13894 = EDGE_CURVE('',#10934,#11507,#13895,.T.);
#13895 = LINE('',#13896,#13897);
#13896 = CARTESIAN_POINT('',(-105.6646336182,-7.,62.560439402703));
#13897 = VECTOR('',#13898,1.);
#13898 = DIRECTION('',(0.,1.,0.));
#13899 = ORIENTED_EDGE('',*,*,#11514,.T.);
#13900 = ORIENTED_EDGE('',*,*,#13877,.F.);
#13901 = ORIENTED_EDGE('',*,*,#10941,.F.);
#13902 = PLANE('',#13903);
#13903 = AXIS2_PLACEMENT_3D('',#13904,#13905,#13906);
#13904 = CARTESIAN_POINT('',(-105.6646336182,-7.,62.560439402703));
#13905 = DIRECTION('',(-3.762477924628E-02,0.,-0.999291937317));
#13906 = DIRECTION('',(0.999291937317,0.,-3.762477924628E-02));
#13907 = ADVANCED_FACE('',(#13908),#13919,.F.);
#13908 = FACE_BOUND('',#13909,.F.);
#13909 = EDGE_LOOP('',(#13910,#13916,#13917,#13918));
#13910 = ORIENTED_EDGE('',*,*,#13911,.T.);
#13911 = EDGE_CURVE('',#10926,#11499,#13912,.T.);
#13912 = LINE('',#13913,#13914);
#13913 = CARTESIAN_POINT('',(-105.8298250782,-7.,62.566839557718));
#13914 = VECTOR('',#13915,1.);
#13915 = DIRECTION('',(0.,1.,0.));
#13916 = ORIENTED_EDGE('',*,*,#11506,.T.);
#13917 = ORIENTED_EDGE('',*,*,#13894,.F.);
#13918 = ORIENTED_EDGE('',*,*,#10933,.F.);
#13919 = PLANE('',#13920);
#13920 = AXIS2_PLACEMENT_3D('',#13921,#13922,#13923);
#13921 = CARTESIAN_POINT('',(-105.8298250782,-7.,62.566839557718));
#13922 = DIRECTION('',(-3.871481505078E-02,0.,-0.999250300523));
#13923 = DIRECTION('',(0.999250300523,0.,-3.871481505078E-02));
#13924 = ADVANCED_FACE('',(#13925),#13936,.F.);
#13925 = FACE_BOUND('',#13926,.F.);
#13926 = EDGE_LOOP('',(#13927,#13933,#13934,#13935));
#13927 = ORIENTED_EDGE('',*,*,#13928,.T.);
#13928 = EDGE_CURVE('',#10918,#11491,#13929,.T.);
#13929 = LINE('',#13930,#13931);
#13930 = CARTESIAN_POINT('',(-105.9950094585,-7.,62.57341990482));
#13931 = VECTOR('',#13932,1.);
#13932 = DIRECTION('',(0.,1.,0.));
#13933 = ORIENTED_EDGE('',*,*,#11498,.T.);
#13934 = ORIENTED_EDGE('',*,*,#13911,.F.);
#13935 = ORIENTED_EDGE('',*,*,#10925,.F.);
#13936 = PLANE('',#13937);
#13937 = AXIS2_PLACEMENT_3D('',#13938,#13939,#13940);
#13938 = CARTESIAN_POINT('',(-105.9950094585,-7.,62.57341990482));
#13939 = DIRECTION('',(-3.980480478836E-02,0.,-0.99920747471));
#13940 = DIRECTION('',(0.99920747471,0.,-3.980480478836E-02));
#13941 = ADVANCED_FACE('',(#13942),#13953,.F.);
#13942 = FACE_BOUND('',#13943,.F.);
#13943 = EDGE_LOOP('',(#13944,#13950,#13951,#13952));
#13944 = ORIENTED_EDGE('',*,*,#13945,.T.);
#13945 = EDGE_CURVE('',#10910,#11483,#13946,.T.);
#13946 = LINE('',#13947,#13948);
#13947 = CARTESIAN_POINT('',(-106.1601865624,-7.,62.580180436178));
#13948 = VECTOR('',#13949,1.);
#13949 = DIRECTION('',(0.,1.,0.));
#13950 = ORIENTED_EDGE('',*,*,#11490,.T.);
#13951 = ORIENTED_EDGE('',*,*,#13928,.F.);
#13952 = ORIENTED_EDGE('',*,*,#10917,.F.);
#13953 = PLANE('',#13954);
#13954 = AXIS2_PLACEMENT_3D('',#13955,#13956,#13957);
#13955 = CARTESIAN_POINT('',(-106.1601865624,-7.,62.580180436178));
#13956 = DIRECTION('',(-4.089474716155E-02,0.,-0.999163459928));
#13957 = DIRECTION('',(0.999163459928,0.,-4.089474716155E-02));
#13958 = ADVANCED_FACE('',(#13959),#13970,.F.);
#13959 = FACE_BOUND('',#13960,.F.);
#13960 = EDGE_LOOP('',(#13961,#13967,#13968,#13969));
#13961 = ORIENTED_EDGE('',*,*,#13962,.T.);
#13962 = EDGE_CURVE('',#10902,#11475,#13963,.T.);
#13963 = LINE('',#13964,#13965);
#13964 = CARTESIAN_POINT('',(-106.3253561935,-7.,62.587121143747));
#13965 = VECTOR('',#13966,1.);
#13966 = DIRECTION('',(0.,1.,0.));
#13967 = ORIENTED_EDGE('',*,*,#11482,.T.);
#13968 = ORIENTED_EDGE('',*,*,#13945,.F.);
#13969 = ORIENTED_EDGE('',*,*,#10909,.F.);
#13970 = PLANE('',#13971);
#13971 = AXIS2_PLACEMENT_3D('',#13972,#13973,#13974);
#13972 = CARTESIAN_POINT('',(-106.3253561935,-7.,62.587121143747));
#13973 = DIRECTION('',(-4.198464087365E-02,0.,-0.999118256229));
#13974 = DIRECTION('',(0.999118256229,0.,-4.198464087365E-02));
#13975 = ADVANCED_FACE('',(#13976),#13987,.F.);
#13976 = FACE_BOUND('',#13977,.F.);
#13977 = EDGE_LOOP('',(#13978,#13984,#13985,#13986));
#13978 = ORIENTED_EDGE('',*,*,#13979,.T.);
#13979 = EDGE_CURVE('',#10894,#11467,#13980,.T.);
#13980 = LINE('',#13981,#13982);
#13981 = CARTESIAN_POINT('',(-106.4905181552,-7.,62.594242019269));
#13982 = VECTOR('',#13983,1.);
#13983 = DIRECTION('',(0.,1.,0.));
#13984 = ORIENTED_EDGE('',*,*,#11474,.T.);
#13985 = ORIENTED_EDGE('',*,*,#13962,.F.);
#13986 = ORIENTED_EDGE('',*,*,#10901,.F.);
#13987 = PLANE('',#13988);
#13988 = AXIS2_PLACEMENT_3D('',#13989,#13990,#13991);
#13989 = CARTESIAN_POINT('',(-106.4905181552,-7.,62.594242019269));
#13990 = DIRECTION('',(-4.307448462787E-02,0.,-0.999071863668));
#13991 = DIRECTION('',(0.999071863668,0.,-4.307448462787E-02));
#13992 = ADVANCED_FACE('',(#13993),#14004,.F.);
#13993 = FACE_BOUND('',#13994,.F.);
#13994 = EDGE_LOOP('',(#13995,#14001,#14002,#14003));
#13995 = ORIENTED_EDGE('',*,*,#13996,.T.);
#13996 = EDGE_CURVE('',#10886,#11459,#13997,.T.);
#13997 = LINE('',#13998,#13999);
#13998 = CARTESIAN_POINT('',(-106.6556722509,-7.,62.601543054271));
#13999 = VECTOR('',#14000,1.);
#14000 = DIRECTION('',(0.,1.,0.));
#14001 = ORIENTED_EDGE('',*,*,#11466,.T.);
#14002 = ORIENTED_EDGE('',*,*,#13979,.F.);
#14003 = ORIENTED_EDGE('',*,*,#10893,.F.);
#14004 = PLANE('',#14005);
#14005 = AXIS2_PLACEMENT_3D('',#14006,#14007,#14008);
#14006 = CARTESIAN_POINT('',(-106.6556722509,-7.,62.601543054271));
#14007 = DIRECTION('',(-4.416427712719E-02,0.,-0.9990242823));
#14008 = DIRECTION('',(0.9990242823,0.,-4.416427712719E-02));
#14009 = ADVANCED_FACE('',(#14010),#14021,.F.);
#14010 = FACE_BOUND('',#14011,.F.);
#14011 = EDGE_LOOP('',(#14012,#14018,#14019,#14020));
#14012 = ORIENTED_EDGE('',*,*,#14013,.T.);
#14013 = EDGE_CURVE('',#10878,#11451,#14014,.T.);
#14014 = LINE('',#14015,#14016);
#14015 = CARTESIAN_POINT('',(-106.8208182842,-7.,62.609024240065));
#14016 = VECTOR('',#14017,1.);
#14017 = DIRECTION('',(0.,1.,0.));
#14018 = ORIENTED_EDGE('',*,*,#11458,.T.);
#14019 = ORIENTED_EDGE('',*,*,#13996,.F.);
#14020 = ORIENTED_EDGE('',*,*,#10885,.F.);
#14021 = PLANE('',#14022);
#14022 = AXIS2_PLACEMENT_3D('',#14023,#14024,#14025);
#14023 = CARTESIAN_POINT('',(-106.8208182842,-7.,62.609024240065));
#14024 = DIRECTION('',(-4.525401707464E-02,0.,-0.998975512182));
#14025 = DIRECTION('',(0.998975512182,0.,-4.525401707464E-02));
#14026 = ADVANCED_FACE('',(#14027),#14038,.F.);
#14027 = FACE_BOUND('',#14028,.F.);
#14028 = EDGE_LOOP('',(#14029,#14035,#14036,#14037));
#14029 = ORIENTED_EDGE('',*,*,#14030,.T.);
#14030 = EDGE_CURVE('',#10870,#11443,#14031,.T.);
#14031 = LINE('',#14032,#14033);
#14032 = CARTESIAN_POINT('',(-106.9859560585,-7.,62.616685567748));
#14033 = VECTOR('',#14034,1.);
#14034 = DIRECTION('',(0.,1.,0.));
#14035 = ORIENTED_EDGE('',*,*,#11450,.T.);
#14036 = ORIENTED_EDGE('',*,*,#14013,.F.);
#14037 = ORIENTED_EDGE('',*,*,#10877,.F.);
#14038 = PLANE('',#14039);
#14039 = AXIS2_PLACEMENT_3D('',#14040,#14041,#14042);
#14040 = CARTESIAN_POINT('',(-106.9859560585,-7.,62.616685567748));
#14041 = DIRECTION('',(-4.634370317406E-02,0.,-0.99892555337));
#14042 = DIRECTION('',(0.99892555337,0.,-4.634370317406E-02));
#14043 = ADVANCED_FACE('',(#14044),#14055,.F.);
#14044 = FACE_BOUND('',#14045,.F.);
#14045 = EDGE_LOOP('',(#14046,#14052,#14053,#14054));
#14046 = ORIENTED_EDGE('',*,*,#14047,.T.);
#14047 = EDGE_CURVE('',#10862,#11435,#14048,.T.);
#14048 = LINE('',#14049,#14050);
#14049 = CARTESIAN_POINT('',(-107.1510853774,-7.,62.624527028206));
#14050 = VECTOR('',#14051,1.);
#14051 = DIRECTION('',(0.,1.,0.));
#14052 = ORIENTED_EDGE('',*,*,#11442,.T.);
#14053 = ORIENTED_EDGE('',*,*,#14030,.F.);
#14054 = ORIENTED_EDGE('',*,*,#10869,.F.);
#14055 = PLANE('',#14056);
#14056 = AXIS2_PLACEMENT_3D('',#14057,#14058,#14059);
#14057 = CARTESIAN_POINT('',(-107.1510853774,-7.,62.624527028206));
#14058 = DIRECTION('',(-4.743333412863E-02,0.,-0.998874405926));
#14059 = DIRECTION('',(0.998874405926,0.,-4.743333412863E-02));
#14060 = ADVANCED_FACE('',(#14061),#14072,.F.);
#14061 = FACE_BOUND('',#14062,.F.);
#14062 = EDGE_LOOP('',(#14063,#14069,#14070,#14071));
#14063 = ORIENTED_EDGE('',*,*,#14064,.T.);
#14064 = EDGE_CURVE('',#10854,#11427,#14065,.T.);
#14065 = LINE('',#14066,#14067);
#14066 = CARTESIAN_POINT('',(-107.3162060443,-7.,62.632548612106));
#14067 = VECTOR('',#14068,1.);
#14068 = DIRECTION('',(0.,1.,0.));
#14069 = ORIENTED_EDGE('',*,*,#11434,.T.);
#14070 = ORIENTED_EDGE('',*,*,#14047,.F.);
#14071 = ORIENTED_EDGE('',*,*,#10861,.F.);
#14072 = PLANE('',#14073);
#14073 = AXIS2_PLACEMENT_3D('',#14074,#14075,#14076);
#14074 = CARTESIAN_POINT('',(-107.3162060443,-7.,62.632548612106));
#14075 = DIRECTION('',(-4.852290864173E-02,0.,-0.998822069909));
#14076 = DIRECTION('',(0.998822069909,0.,-4.852290864173E-02));
#14077 = ADVANCED_FACE('',(#14078),#14089,.F.);
#14078 = FACE_BOUND('',#14079,.F.);
#14079 = EDGE_LOOP('',(#14080,#14086,#14087,#14088));
#14080 = ORIENTED_EDGE('',*,*,#14081,.T.);
#14081 = EDGE_CURVE('',#10846,#11419,#14082,.T.);
#14082 = LINE('',#14083,#14084);
#14083 = CARTESIAN_POINT('',(-107.4813178628,-7.,62.640750309905));
#14084 = VECTOR('',#14085,1.);
#14085 = DIRECTION('',(0.,1.,0.));
#14086 = ORIENTED_EDGE('',*,*,#11426,.T.);
#14087 = ORIENTED_EDGE('',*,*,#14064,.F.);
#14088 = ORIENTED_EDGE('',*,*,#10853,.F.);
#14089 = PLANE('',#14090);
#14090 = AXIS2_PLACEMENT_3D('',#14091,#14092,#14093);
#14091 = CARTESIAN_POINT('',(-107.4813178628,-7.,62.640750309905));
#14092 = DIRECTION('',(-4.961242541667E-02,0.,-0.998768545382));
#14093 = DIRECTION('',(0.998768545382,0.,-4.961242541667E-02));
#14094 = ADVANCED_FACE('',(#14095),#14106,.F.);
#14095 = FACE_BOUND('',#14096,.F.);
#14096 = EDGE_LOOP('',(#14097,#14103,#14104,#14105));
#14097 = ORIENTED_EDGE('',*,*,#14098,.T.);
#14098 = EDGE_CURVE('',#10838,#11411,#14099,.T.);
#14099 = LINE('',#14100,#14101);
#14100 = CARTESIAN_POINT('',(-107.6464206363,-7.,62.649132111842));
#14101 = VECTOR('',#14102,1.);
#14102 = DIRECTION('',(0.,1.,0.));
#14103 = ORIENTED_EDGE('',*,*,#11418,.T.);
#14104 = ORIENTED_EDGE('',*,*,#14081,.F.);
#14105 = ORIENTED_EDGE('',*,*,#10845,.F.);
#14106 = PLANE('',#14107);
#14107 = AXIS2_PLACEMENT_3D('',#14108,#14109,#14110);
#14108 = CARTESIAN_POINT('',(-107.6464206363,-7.,62.649132111842));
#14109 = DIRECTION('',(-5.070188315731E-02,0.,-0.998713832409));
#14110 = DIRECTION('',(0.998713832409,0.,-5.070188315731E-02));
#14111 = ADVANCED_FACE('',(#14112),#14118,.F.);
#14112 = FACE_BOUND('',#14113,.F.);
#14113 = EDGE_LOOP('',(#14114,#14115,#14116,#14117));
#14114 = ORIENTED_EDGE('',*,*,#11947,.T.);
#14115 = ORIENTED_EDGE('',*,*,#11410,.T.);
#14116 = ORIENTED_EDGE('',*,*,#14098,.F.);
#14117 = ORIENTED_EDGE('',*,*,#10837,.F.);
#14118 = PLANE('',#14119);
#14119 = AXIS2_PLACEMENT_3D('',#14120,#14121,#14122);
#14120 = CARTESIAN_POINT('',(-107.8115141686,-7.,62.657694007944));
#14121 = DIRECTION('',(-5.179128056704E-02,0.,-0.998657931054));
#14122 = DIRECTION('',(0.998657931054,0.,-5.179128056704E-02));
#14123 = ( GEOMETRIC_REPRESENTATION_CONTEXT(3) 
GLOBAL_UNCERTAINTY_ASSIGNED_CONTEXT((#14127)) 
GLOBAL_UNIT_ASSIGNED_CONTEXT((#14124,#14125,#14126)) 
REPRESENTATION_CONTEXT('Context #1',
  '3D Context with UNIT and UNCERTAINTY') );
#14124 = ( LENGTH_UNIT() NAMED_UNIT(*) SI_UNIT(.MILLI.,.METRE.) );
#14125 = ( NAMED_UNIT(*) PLANE_ANGLE_UNIT() SI_UNIT($,.RADIAN.) );
#14126 = ( NAMED_UNIT(*) SI_UNIT($,.STERADIAN.) SOLID_ANGLE_UNIT() );
#14127 = UNCERTAINTY_MEASURE_WITH_UNIT(LENGTH_MEASURE(1.E-07),#14124,
  'distance_accuracy_value','confusion accuracy');
#14128 = PRODUCT_RELATED_PRODUCT_CATEGORY('part',$,(#7));
ENDSEC;
END-ISO-10303-21;
