ISO-10303-21;
HEADER;
FILE_DESCRIPTION(('FreeCAD Model'),'2;1');
FILE_NAME('Open CASCADE Shape Model','2026-09-20T22:52:09',('FreeCAD'),(
    'FreeCAD'),'Open CASCADE STEP processor 7.8','FreeCAD','Unknown');
FILE_SCHEMA(('AUTOMOTIVE_DESIGN { 1 0 10303 214 1 1 1 1 }'));
ENDSEC;
DATA;
#1 = APPLICATION_PROTOCOL_DEFINITION('international standard',
  'automotive_design',2000,#2);
#2 = APPLICATION_CONTEXT(
  'core data for automotive mechanical design processes');
#3 = SHAPE_DEFINITION_REPRESENTATION(#4,#10);
#4 = PRODUCT_DEFINITION_SHAPE('','',#5);
#5 = PRODUCT_DEFINITION('design','',#6,#9);
#6 = PRODUCT_DEFINITION_FORMATION('','',#7);
#7 = PRODUCT('Open CASCADE STEP translator 7.8 51',
  'Open CASCADE STEP translator 7.8 51','',(#8));
#8 = PRODUCT_CONTEXT('',#2,'mechanical');
#9 = PRODUCT_DEFINITION_CONTEXT('part definition',#2,'design');
#10 = ADVANCED_BREP_SHAPE_REPRESENTATION('',(#11,#15),#13633);
#11 = AXIS2_PLACEMENT_3D('',#12,#13,#14);
#12 = CARTESIAN_POINT('',(0.,0.,0.));
#13 = DIRECTION('',(0.,0.,1.));
#14 = DIRECTION('',(1.,0.,-0.));
#15 = MANIFOLD_SOLID_BREP('',#16);
#16 = CLOSED_SHELL('',(#17,#57,#90,#123,#152,#573,#748,#786,#810,#848,
    #969,#1014,#1038,#1081,#1105,#1148,#1172,#1197,#1240,#1264,#1288,
    #1306,#1349,#1373,#1418,#1461,#1485,#1509,#1552,#1595,#1619,#1643,
    #1679,#1704,#2347,#2372,#2397,#3243,#4287,#4366,#4391,#4402,#4472,
    #4512,#4536,#4554,#4587,#4627,#4667,#4684,#4709,#4734,#4759,#4772,
    #4784,#4796,#4808,#4820,#4832,#4844,#4856,#4869,#4885,#4901,#4931,
    #4961,#4973,#5002,#5040,#5063,#5101,#5124,#5162,#5185,#5217,#5234,
    #5251,#5268,#5285,#5302,#5400,#5525,#5556,#5580,#5604,#5621,#5652,
    #5676,#5700,#5717,#5748,#5772,#5796,#5813,#5844,#5868,#5892,#5909,
    #5940,#5964,#5988,#6005,#6036,#6060,#6084,#6101,#6132,#6156,#6180,
    #6197,#6228,#6252,#6276,#6293,#6324,#6348,#6372,#6389,#6420,#6444,
    #6468,#6485,#6516,#6540,#6564,#6581,#6612,#6636,#6660,#6677,#6708,
    #6732,#6756,#6773,#6804,#6828,#6852,#6869,#6900,#6924,#6948,#6965,
    #6996,#7020,#7044,#7061,#7092,#7116,#7140,#7157,#7188,#7212,#7236,
    #7253,#7277,#7301,#7332,#7356,#7380,#7397,#7428,#7452,#7476,#7493,
    #7524,#7548,#7572,#7589,#7620,#7644,#7668,#7685,#7716,#7740,#7764,
    #7781,#7812,#7836,#7860,#7877,#7908,#7932,#7956,#7973,#8004,#8028,
    #8052,#8069,#8100,#8124,#8148,#8165,#8196,#8220,#8244,#8261,#8292,
    #8316,#8340,#8357,#8388,#8412,#8436,#8453,#8484,#8508,#8532,#8549,
    #8580,#8604,#8628,#8645,#8676,#8700,#8724,#8741,#8772,#8796,#8820,
    #8837,#8868,#8892,#8916,#8933,#8964,#8988,#9012,#9029,#9060,#9084,
    #9108,#9125,#9156,#9180,#9204,#9221,#9252,#9276,#9300,#9317,#9348,
    #9372,#9396,#9413,#9444,#9468,#9492,#9509,#9540,#9564,#9588,#9605,
    #9636,#9660,#9684,#9701,#9732,#9756,#9780,#9797,#9828,#9852,#9876,
    #9893,#9924,#9948,#9972,#9989,#10020,#10044,#10068,#10085,#10116,
    #10140,#10164,#10181,#10212,#10236,#10260,#10277,#10308,#10332,
    #10356,#10373,#10404,#10428,#10452,#10469,#10500,#10524,#10548,
    #10565,#10596,#10620,#10644,#10661,#10692,#10716,#10740,#10757,
    #10788,#10812,#10836,#10853,#10884,#10908,#10932,#10949,#10980,
    #11004,#11028,#11045,#11076,#11100,#11124,#11141,#11172,#11196,
    #11220,#11237,#11268,#11292,#11316,#11333,#11364,#11388,#11412,
    #11429,#11460,#11484,#11508,#11525,#11556,#11580,#11604,#11621,
    #11652,#11676,#11700,#11717,#11748,#11772,#11796,#11813,#11844,
    #11868,#11892,#11909,#11940,#11964,#11988,#12005,#12036,#12060,
    #12084,#12101,#12132,#12156,#12180,#12197,#12228,#12252,#12276,
    #12293,#12324,#12348,#12372,#12389,#12406,#12423,#12440,#12457,
    #12489,#12521,#12553,#12585,#12642,#12691,#12740,#12797,#12820,
    #12843,#12865,#12887,#12907,#12927,#12947,#12967,#12992,#13017,
    #13042,#13067,#13076,#13085,#13094,#13103,#13120,#13285,#13313,
    #13509));
#17 = ADVANCED_FACE('',(#18),#52,.F.);
#18 = FACE_BOUND('',#19,.F.);
#19 = EDGE_LOOP('',(#20,#30,#38,#46));
#20 = ORIENTED_EDGE('',*,*,#21,.T.);
#21 = EDGE_CURVE('',#22,#24,#26,.T.);
#22 = VERTEX_POINT('',#23);
#23 = CARTESIAN_POINT('',(-74.08,-117.565,3.));
#24 = VERTEX_POINT('',#25);
#25 = CARTESIAN_POINT('',(-74.08,-117.565,9.));
#26 = LINE('',#27,#28);
#27 = CARTESIAN_POINT('',(-74.08,-117.565,3.));
#28 = VECTOR('',#29,1.);
#29 = DIRECTION('',(0.,0.,1.));
#30 = ORIENTED_EDGE('',*,*,#31,.T.);
#31 = EDGE_CURVE('',#24,#32,#34,.T.);
#32 = VERTEX_POINT('',#33);
#33 = CARTESIAN_POINT('',(74.08,-117.565,9.));
#34 = LINE('',#35,#36);
#35 = CARTESIAN_POINT('',(-74.08,-117.565,9.));
#36 = VECTOR('',#37,1.);
#37 = DIRECTION('',(1.,0.,0.));
#38 = ORIENTED_EDGE('',*,*,#39,.F.);
#39 = EDGE_CURVE('',#40,#32,#42,.T.);
#40 = VERTEX_POINT('',#41);
#41 = CARTESIAN_POINT('',(74.08,-117.565,3.));
#42 = LINE('',#43,#44);
#43 = CARTESIAN_POINT('',(74.08,-117.565,3.));
#44 = VECTOR('',#45,1.);
#45 = DIRECTION('',(0.,0.,1.));
#46 = ORIENTED_EDGE('',*,*,#47,.F.);
#47 = EDGE_CURVE('',#22,#40,#48,.T.);
#48 = LINE('',#49,#50);
#49 = CARTESIAN_POINT('',(-74.08,-117.565,3.));
#50 = VECTOR('',#51,1.);
#51 = DIRECTION('',(1.,0.,0.));
#52 = PLANE('',#53);
#53 = AXIS2_PLACEMENT_3D('',#54,#55,#56);
#54 = CARTESIAN_POINT('',(-74.08,-117.565,3.));
#55 = DIRECTION('',(0.,1.,0.));
#56 = DIRECTION('',(1.,0.,0.));
#57 = ADVANCED_FACE('',(#58),#85,.T.);
#58 = FACE_BOUND('',#59,.F.);
#59 = EDGE_LOOP('',(#60,#70,#77,#78));
#60 = ORIENTED_EDGE('',*,*,#61,.T.);
#61 = EDGE_CURVE('',#62,#64,#66,.T.);
#62 = VERTEX_POINT('',#63);
#63 = CARTESIAN_POINT('',(-74.88,-116.765,3.));
#64 = VERTEX_POINT('',#65);
#65 = CARTESIAN_POINT('',(-74.88,-116.765,9.));
#66 = LINE('',#67,#68);
#67 = CARTESIAN_POINT('',(-74.88,-116.765,3.));
#68 = VECTOR('',#69,1.);
#69 = DIRECTION('',(0.,0.,1.));
#70 = ORIENTED_EDGE('',*,*,#71,.T.);
#71 = EDGE_CURVE('',#64,#24,#72,.T.);
#72 = CIRCLE('',#73,0.8);
#73 = AXIS2_PLACEMENT_3D('',#74,#75,#76);
#74 = CARTESIAN_POINT('',(-74.08,-116.765,9.));
#75 = DIRECTION('',(0.,0.,1.));
#76 = DIRECTION('',(-1.,0.,0.));
#77 = ORIENTED_EDGE('',*,*,#21,.F.);
#78 = ORIENTED_EDGE('',*,*,#79,.F.);
#79 = EDGE_CURVE('',#62,#22,#80,.T.);
#80 = CIRCLE('',#81,0.8);
#81 = AXIS2_PLACEMENT_3D('',#82,#83,#84);
#82 = CARTESIAN_POINT('',(-74.08,-116.765,3.));
#83 = DIRECTION('',(0.,0.,1.));
#84 = DIRECTION('',(-1.,0.,0.));
#85 = CYLINDRICAL_SURFACE('',#86,0.8);
#86 = AXIS2_PLACEMENT_3D('',#87,#88,#89);
#87 = CARTESIAN_POINT('',(-74.08,-116.765,3.));
#88 = DIRECTION('',(-0.,-0.,-1.));
#89 = DIRECTION('',(-1.,0.,0.));
#90 = ADVANCED_FACE('',(#91),#118,.T.);
#91 = FACE_BOUND('',#92,.F.);
#92 = EDGE_LOOP('',(#93,#94,#103,#111));
#93 = ORIENTED_EDGE('',*,*,#39,.T.);
#94 = ORIENTED_EDGE('',*,*,#95,.T.);
#95 = EDGE_CURVE('',#32,#96,#98,.T.);
#96 = VERTEX_POINT('',#97);
#97 = CARTESIAN_POINT('',(74.88,-116.765,9.));
#98 = CIRCLE('',#99,0.8);
#99 = AXIS2_PLACEMENT_3D('',#100,#101,#102);
#100 = CARTESIAN_POINT('',(74.08,-116.765,9.));
#101 = DIRECTION('',(0.,0.,1.));
#102 = DIRECTION('',(0.,-1.,0.));
#103 = ORIENTED_EDGE('',*,*,#104,.F.);
#104 = EDGE_CURVE('',#105,#96,#107,.T.);
#105 = VERTEX_POINT('',#106);
#106 = CARTESIAN_POINT('',(74.88,-116.765,3.));
#107 = LINE('',#108,#109);
#108 = CARTESIAN_POINT('',(74.88,-116.765,3.));
#109 = VECTOR('',#110,1.);
#110 = DIRECTION('',(0.,0.,1.));
#111 = ORIENTED_EDGE('',*,*,#112,.F.);
#112 = EDGE_CURVE('',#40,#105,#113,.T.);
#113 = CIRCLE('',#114,0.8);
#114 = AXIS2_PLACEMENT_3D('',#115,#116,#117);
#115 = CARTESIAN_POINT('',(74.08,-116.765,3.));
#116 = DIRECTION('',(0.,0.,1.));
#117 = DIRECTION('',(0.,-1.,0.));
#118 = CYLINDRICAL_SURFACE('',#119,0.8);
#119 = AXIS2_PLACEMENT_3D('',#120,#121,#122);
#120 = CARTESIAN_POINT('',(74.08,-116.765,3.));
#121 = DIRECTION('',(-0.,-0.,-1.));
#122 = DIRECTION('',(0.,-1.,0.));
#123 = ADVANCED_FACE('',(#124),#147,.F.);
#124 = FACE_BOUND('',#125,.F.);
#125 = EDGE_LOOP('',(#126,#127,#134,#142));
#126 = ORIENTED_EDGE('',*,*,#47,.T.);
#127 = ORIENTED_EDGE('',*,*,#128,.T.);
#128 = EDGE_CURVE('',#40,#129,#131,.T.);
#129 = VERTEX_POINT('',#130);
#130 = CARTESIAN_POINT('',(78.19,-121.621,-7.05));
#131 = B_SPLINE_CURVE_WITH_KNOTS('',1,(#132,#133),.UNSPECIFIED.,.F.,.F.,
  (2,2),(0.,1.),.PIECEWISE_BEZIER_KNOTS.);
#132 = CARTESIAN_POINT('',(74.08,-117.565,3.));
#133 = CARTESIAN_POINT('',(78.19,-121.621,-7.05));
#134 = ORIENTED_EDGE('',*,*,#135,.F.);
#135 = EDGE_CURVE('',#136,#129,#138,.T.);
#136 = VERTEX_POINT('',#137);
#137 = CARTESIAN_POINT('',(-78.19,-121.621,-7.05));
#138 = LINE('',#139,#140);
#139 = CARTESIAN_POINT('',(-78.19,-121.621,-7.05));
#140 = VECTOR('',#141,1.);
#141 = DIRECTION('',(1.,0.,0.));
#142 = ORIENTED_EDGE('',*,*,#143,.F.);
#143 = EDGE_CURVE('',#22,#136,#144,.T.);
#144 = B_SPLINE_CURVE_WITH_KNOTS('',1,(#145,#146),.UNSPECIFIED.,.F.,.F.,
  (2,2),(0.,1.),.PIECEWISE_BEZIER_KNOTS.);
#145 = CARTESIAN_POINT('',(-74.08,-117.565,3.));
#146 = CARTESIAN_POINT('',(-78.19,-121.621,-7.05));
#147 = B_SPLINE_SURFACE_WITH_KNOTS('',1,1,(
    (#148,#149)
    ,(#150,#151
    )),.UNSPECIFIED.,.F.,.F.,.F.,(2,2),(2,2),(0.,156.38),(0.,1.),
  .PIECEWISE_BEZIER_KNOTS.);
#148 = CARTESIAN_POINT('',(-74.08,-117.565,3.));
#149 = CARTESIAN_POINT('',(-78.19,-121.621,-7.05));
#150 = CARTESIAN_POINT('',(74.08,-117.565,3.));
#151 = CARTESIAN_POINT('',(78.19,-121.621,-7.05));
#152 = ADVANCED_FACE('',(#153,#358,#369,#535,#546,#557),#568,.T.);
#153 = FACE_BOUND('',#154,.T.);
#154 = EDGE_LOOP('',(#155,#165,#171,#172,#173,#174,#182,#191,#199,#208,
    #216,#224,#232,#240,#248,#256,#264,#272,#280,#288,#296,#304,#312,
    #320,#328,#336,#344,#352));
#155 = ORIENTED_EDGE('',*,*,#156,.F.);
#156 = EDGE_CURVE('',#157,#159,#161,.T.);
#157 = VERTEX_POINT('',#158);
#158 = CARTESIAN_POINT('',(-74.88,-66.2,9.));
#159 = VERTEX_POINT('',#160);
#160 = CARTESIAN_POINT('',(-56.88,-66.2,9.));
#161 = LINE('',#162,#163);
#162 = CARTESIAN_POINT('',(-32.94,-66.2,9.));
#163 = VECTOR('',#164,1.);
#164 = DIRECTION('',(1.,0.,0.));
#165 = ORIENTED_EDGE('',*,*,#166,.T.);
#166 = EDGE_CURVE('',#157,#64,#167,.T.);
#167 = LINE('',#168,#169);
#168 = CARTESIAN_POINT('',(-74.88,116.765,9.));
#169 = VECTOR('',#170,1.);
#170 = DIRECTION('',(0.,-1.,0.));
#171 = ORIENTED_EDGE('',*,*,#71,.T.);
#172 = ORIENTED_EDGE('',*,*,#31,.T.);
#173 = ORIENTED_EDGE('',*,*,#95,.T.);
#174 = ORIENTED_EDGE('',*,*,#175,.T.);
#175 = EDGE_CURVE('',#96,#176,#178,.T.);
#176 = VERTEX_POINT('',#177);
#177 = CARTESIAN_POINT('',(74.88,116.765,9.));
#178 = LINE('',#179,#180);
#179 = CARTESIAN_POINT('',(74.88,-116.765,9.));
#180 = VECTOR('',#181,1.);
#181 = DIRECTION('',(0.,1.,0.));
#182 = ORIENTED_EDGE('',*,*,#183,.T.);
#183 = EDGE_CURVE('',#176,#184,#186,.T.);
#184 = VERTEX_POINT('',#185);
#185 = CARTESIAN_POINT('',(74.08,117.565,9.));
#186 = CIRCLE('',#187,0.8);
#187 = AXIS2_PLACEMENT_3D('',#188,#189,#190);
#188 = CARTESIAN_POINT('',(74.08,116.765,9.));
#189 = DIRECTION('',(0.,0.,1.));
#190 = DIRECTION('',(1.,0.,-0.));
#191 = ORIENTED_EDGE('',*,*,#192,.T.);
#192 = EDGE_CURVE('',#184,#193,#195,.T.);
#193 = VERTEX_POINT('',#194);
#194 = CARTESIAN_POINT('',(-74.08,117.565,9.));
#195 = LINE('',#196,#197);
#196 = CARTESIAN_POINT('',(74.08,117.565,9.));
#197 = VECTOR('',#198,1.);
#198 = DIRECTION('',(-1.,0.,0.));
#199 = ORIENTED_EDGE('',*,*,#200,.T.);
#200 = EDGE_CURVE('',#193,#201,#203,.T.);
#201 = VERTEX_POINT('',#202);
#202 = CARTESIAN_POINT('',(-74.88,116.765,9.));
#203 = CIRCLE('',#204,0.8);
#204 = AXIS2_PLACEMENT_3D('',#205,#206,#207);
#205 = CARTESIAN_POINT('',(-74.08,116.765,9.));
#206 = DIRECTION('',(0.,-0.,1.));
#207 = DIRECTION('',(0.,1.,0.));
#208 = ORIENTED_EDGE('',*,*,#209,.T.);
#209 = EDGE_CURVE('',#201,#210,#212,.T.);
#210 = VERTEX_POINT('',#211);
#211 = CARTESIAN_POINT('',(-74.88,66.2,9.));
#212 = LINE('',#213,#214);
#213 = CARTESIAN_POINT('',(-74.88,116.765,9.));
#214 = VECTOR('',#215,1.);
#215 = DIRECTION('',(0.,-1.,0.));
#216 = ORIENTED_EDGE('',*,*,#217,.F.);
#217 = EDGE_CURVE('',#218,#210,#220,.T.);
#218 = VERTEX_POINT('',#219);
#219 = CARTESIAN_POINT('',(-56.88,66.2,9.));
#220 = LINE('',#221,#222);
#221 = CARTESIAN_POINT('',(-32.94,66.2,9.));
#222 = VECTOR('',#223,1.);
#223 = DIRECTION('',(-1.,0.,0.));
#224 = ORIENTED_EDGE('',*,*,#225,.F.);
#225 = EDGE_CURVE('',#226,#218,#228,.T.);
#226 = VERTEX_POINT('',#227);
#227 = CARTESIAN_POINT('',(-56.88,51.8,9.));
#228 = LINE('',#229,#230);
#229 = CARTESIAN_POINT('',(-56.88,-33.1,9.));
#230 = VECTOR('',#231,1.);
#231 = DIRECTION('',(-0.,1.,0.));
#232 = ORIENTED_EDGE('',*,*,#233,.F.);
#233 = EDGE_CURVE('',#234,#226,#236,.T.);
#234 = VERTEX_POINT('',#235);
#235 = CARTESIAN_POINT('',(-55.88,51.8,9.));
#236 = LINE('',#237,#238);
#237 = CARTESIAN_POINT('',(-37.94,51.8,9.));
#238 = VECTOR('',#239,1.);
#239 = DIRECTION('',(-1.,-0.,0.));
#240 = ORIENTED_EDGE('',*,*,#241,.F.);
#241 = EDGE_CURVE('',#242,#234,#244,.T.);
#242 = VERTEX_POINT('',#243);
#243 = CARTESIAN_POINT('',(-55.88,37.,9.));
#244 = LINE('',#245,#246);
#245 = CARTESIAN_POINT('',(-55.88,18.5,9.));
#246 = VECTOR('',#247,1.);
#247 = DIRECTION('',(-0.,1.,0.));
#248 = ORIENTED_EDGE('',*,*,#249,.T.);
#249 = EDGE_CURVE('',#242,#250,#252,.T.);
#250 = VERTEX_POINT('',#251);
#251 = CARTESIAN_POINT('',(-56.88,37.,9.));
#252 = LINE('',#253,#254);
#253 = CARTESIAN_POINT('',(-37.94,37.,9.));
#254 = VECTOR('',#255,1.);
#255 = DIRECTION('',(-1.,-0.,0.));
#256 = ORIENTED_EDGE('',*,*,#257,.F.);
#257 = EDGE_CURVE('',#258,#250,#260,.T.);
#258 = VERTEX_POINT('',#259);
#259 = CARTESIAN_POINT('',(-56.88,22.2,9.));
#260 = LINE('',#261,#262);
#261 = CARTESIAN_POINT('',(-56.88,-33.1,9.));
#262 = VECTOR('',#263,1.);
#263 = DIRECTION('',(-0.,1.,0.));
#264 = ORIENTED_EDGE('',*,*,#265,.F.);
#265 = EDGE_CURVE('',#266,#258,#268,.T.);
#266 = VERTEX_POINT('',#267);
#267 = CARTESIAN_POINT('',(-55.88,22.2,9.));
#268 = LINE('',#269,#270);
#269 = CARTESIAN_POINT('',(-37.94,22.2,9.));
#270 = VECTOR('',#271,1.);
#271 = DIRECTION('',(-1.,-0.,0.));
#272 = ORIENTED_EDGE('',*,*,#273,.F.);
#273 = EDGE_CURVE('',#274,#266,#276,.T.);
#274 = VERTEX_POINT('',#275);
#275 = CARTESIAN_POINT('',(-55.88,7.4,9.));
#276 = LINE('',#277,#278);
#277 = CARTESIAN_POINT('',(-55.88,3.7,9.));
#278 = VECTOR('',#279,1.);
#279 = DIRECTION('',(-0.,1.,0.));
#280 = ORIENTED_EDGE('',*,*,#281,.T.);
#281 = EDGE_CURVE('',#274,#282,#284,.T.);
#282 = VERTEX_POINT('',#283);
#283 = CARTESIAN_POINT('',(-56.88,7.4,9.));
#284 = LINE('',#285,#286);
#285 = CARTESIAN_POINT('',(-37.94,7.4,9.));
#286 = VECTOR('',#287,1.);
#287 = DIRECTION('',(-1.,-0.,0.));
#288 = ORIENTED_EDGE('',*,*,#289,.F.);
#289 = EDGE_CURVE('',#290,#282,#292,.T.);
#290 = VERTEX_POINT('',#291);
#291 = CARTESIAN_POINT('',(-56.88,-7.4,9.));
#292 = LINE('',#293,#294);
#293 = CARTESIAN_POINT('',(-56.88,-33.1,9.));
#294 = VECTOR('',#295,1.);
#295 = DIRECTION('',(-0.,1.,0.));
#296 = ORIENTED_EDGE('',*,*,#297,.F.);
#297 = EDGE_CURVE('',#298,#290,#300,.T.);
#298 = VERTEX_POINT('',#299);
#299 = CARTESIAN_POINT('',(-55.88,-7.4,9.));
#300 = LINE('',#301,#302);
#301 = CARTESIAN_POINT('',(-37.94,-7.4,9.));
#302 = VECTOR('',#303,1.);
#303 = DIRECTION('',(-1.,-0.,0.));
#304 = ORIENTED_EDGE('',*,*,#305,.F.);
#305 = EDGE_CURVE('',#306,#298,#308,.T.);
#306 = VERTEX_POINT('',#307);
#307 = CARTESIAN_POINT('',(-55.88,-22.2,9.));
#308 = LINE('',#309,#310);
#309 = CARTESIAN_POINT('',(-55.88,-11.1,9.));
#310 = VECTOR('',#311,1.);
#311 = DIRECTION('',(-0.,1.,0.));
#312 = ORIENTED_EDGE('',*,*,#313,.T.);
#313 = EDGE_CURVE('',#306,#314,#316,.T.);
#314 = VERTEX_POINT('',#315);
#315 = CARTESIAN_POINT('',(-56.88,-22.2,9.));
#316 = LINE('',#317,#318);
#317 = CARTESIAN_POINT('',(-37.94,-22.2,9.));
#318 = VECTOR('',#319,1.);
#319 = DIRECTION('',(-1.,-0.,0.));
#320 = ORIENTED_EDGE('',*,*,#321,.F.);
#321 = EDGE_CURVE('',#322,#314,#324,.T.);
#322 = VERTEX_POINT('',#323);
#323 = CARTESIAN_POINT('',(-56.88,-37.,9.));
#324 = LINE('',#325,#326);
#325 = CARTESIAN_POINT('',(-56.88,-33.1,9.));
#326 = VECTOR('',#327,1.);
#327 = DIRECTION('',(-0.,1.,0.));
#328 = ORIENTED_EDGE('',*,*,#329,.F.);
#329 = EDGE_CURVE('',#330,#322,#332,.T.);
#330 = VERTEX_POINT('',#331);
#331 = CARTESIAN_POINT('',(-55.88,-37.,9.));
#332 = LINE('',#333,#334);
#333 = CARTESIAN_POINT('',(-37.94,-37.,9.));
#334 = VECTOR('',#335,1.);
#335 = DIRECTION('',(-1.,-0.,0.));
#336 = ORIENTED_EDGE('',*,*,#337,.F.);
#337 = EDGE_CURVE('',#338,#330,#340,.T.);
#338 = VERTEX_POINT('',#339);
#339 = CARTESIAN_POINT('',(-55.88,-51.8,9.));
#340 = LINE('',#341,#342);
#341 = CARTESIAN_POINT('',(-55.88,-25.9,9.));
#342 = VECTOR('',#343,1.);
#343 = DIRECTION('',(-0.,1.,0.));
#344 = ORIENTED_EDGE('',*,*,#345,.T.);
#345 = EDGE_CURVE('',#338,#346,#348,.T.);
#346 = VERTEX_POINT('',#347);
#347 = CARTESIAN_POINT('',(-56.88,-51.8,9.));
#348 = LINE('',#349,#350);
#349 = CARTESIAN_POINT('',(-37.94,-51.8,9.));
#350 = VECTOR('',#351,1.);
#351 = DIRECTION('',(-1.,-0.,0.));
#352 = ORIENTED_EDGE('',*,*,#353,.F.);
#353 = EDGE_CURVE('',#159,#346,#354,.T.);
#354 = LINE('',#355,#356);
#355 = CARTESIAN_POINT('',(-56.88,-33.1,9.));
#356 = VECTOR('',#357,1.);
#357 = DIRECTION('',(-0.,1.,0.));
#358 = FACE_BOUND('',#359,.T.);
#359 = EDGE_LOOP('',(#360));
#360 = ORIENTED_EDGE('',*,*,#361,.F.);
#361 = EDGE_CURVE('',#362,#362,#364,.T.);
#362 = VERTEX_POINT('',#363);
#363 = CARTESIAN_POINT('',(-59.4,-80.195,9.));
#364 = CIRCLE('',#365,1.5);
#365 = AXIS2_PLACEMENT_3D('',#366,#367,#368);
#366 = CARTESIAN_POINT('',(-60.9,-80.195,9.));
#367 = DIRECTION('',(0.,0.,1.));
#368 = DIRECTION('',(1.,0.,-0.));
#369 = FACE_BOUND('',#370,.T.);
#370 = EDGE_LOOP('',(#371,#381,#390,#398,#407,#415,#423,#431,#439,#447,
    #455,#463,#471,#479,#488,#496,#504,#512,#520,#528));
#371 = ORIENTED_EDGE('',*,*,#372,.T.);
#372 = EDGE_CURVE('',#373,#375,#377,.T.);
#373 = VERTEX_POINT('',#374);
#374 = CARTESIAN_POINT('',(-42.8,67.195,9.));
#375 = VERTEX_POINT('',#376);
#376 = CARTESIAN_POINT('',(42.8,67.195,9.));
#377 = LINE('',#378,#379);
#378 = CARTESIAN_POINT('',(21.4,67.195,9.));
#379 = VECTOR('',#380,1.);
#380 = DIRECTION('',(1.,0.,-0.));
#381 = ORIENTED_EDGE('',*,*,#382,.T.);
#382 = EDGE_CURVE('',#375,#383,#385,.T.);
#383 = VERTEX_POINT('',#384);
#384 = CARTESIAN_POINT('',(48.,61.995,9.));
#385 = CIRCLE('',#386,5.2);
#386 = AXIS2_PLACEMENT_3D('',#387,#388,#389);
#387 = CARTESIAN_POINT('',(42.8,61.995,9.));
#388 = DIRECTION('',(0.,-0.,-1.));
#389 = DIRECTION('',(1.,-2.732856676E-15,0.));
#390 = ORIENTED_EDGE('',*,*,#391,.T.);
#391 = EDGE_CURVE('',#383,#392,#394,.T.);
#392 = VERTEX_POINT('',#393);
#393 = CARTESIAN_POINT('',(48.,-61.995,9.));
#394 = LINE('',#395,#396);
#395 = CARTESIAN_POINT('',(48.,-30.9975,9.));
#396 = VECTOR('',#397,1.);
#397 = DIRECTION('',(0.,-1.,0.));
#398 = ORIENTED_EDGE('',*,*,#399,.T.);
#399 = EDGE_CURVE('',#392,#400,#402,.T.);
#400 = VERTEX_POINT('',#401);
#401 = CARTESIAN_POINT('',(42.8,-67.195,9.));
#402 = CIRCLE('',#403,5.2);
#403 = AXIS2_PLACEMENT_3D('',#404,#405,#406);
#404 = CARTESIAN_POINT('',(42.8,-61.995,9.));
#405 = DIRECTION('',(-0.,0.,-1.));
#406 = DIRECTION('',(-2.732856676E-15,-1.,0.));
#407 = ORIENTED_EDGE('',*,*,#408,.T.);
#408 = EDGE_CURVE('',#400,#409,#411,.T.);
#409 = VERTEX_POINT('',#410);
#410 = CARTESIAN_POINT('',(28.46,-67.195,9.));
#411 = LINE('',#412,#413);
#412 = CARTESIAN_POINT('',(-21.4,-67.195,9.));
#413 = VECTOR('',#414,1.);
#414 = DIRECTION('',(-1.,0.,0.));
#415 = ORIENTED_EDGE('',*,*,#416,.F.);
#416 = EDGE_CURVE('',#417,#409,#419,.T.);
#417 = VERTEX_POINT('',#418);
#418 = CARTESIAN_POINT('',(28.46,-68.695,9.));
#419 = LINE('',#420,#421);
#420 = CARTESIAN_POINT('',(28.46,-34.3475,9.));
#421 = VECTOR('',#422,1.);
#422 = DIRECTION('',(-0.,1.,0.));
#423 = ORIENTED_EDGE('',*,*,#424,.T.);
#424 = EDGE_CURVE('',#417,#425,#427,.T.);
#425 = VERTEX_POINT('',#426);
#426 = CARTESIAN_POINT('',(-7.5,-68.695,9.));
#427 = LINE('',#428,#429);
#428 = CARTESIAN_POINT('',(-3.75,-68.695,9.));
#429 = VECTOR('',#430,1.);
#430 = DIRECTION('',(-1.,-0.,0.));
#431 = ORIENTED_EDGE('',*,*,#432,.T.);
#432 = EDGE_CURVE('',#425,#433,#435,.T.);
#433 = VERTEX_POINT('',#434);
#434 = CARTESIAN_POINT('',(-7.5,-67.195,9.));
#435 = LINE('',#436,#437);
#436 = CARTESIAN_POINT('',(-7.5,-34.3475,9.));
#437 = VECTOR('',#438,1.);
#438 = DIRECTION('',(-0.,1.,0.));
#439 = ORIENTED_EDGE('',*,*,#440,.T.);
#440 = EDGE_CURVE('',#433,#441,#443,.T.);
#441 = VERTEX_POINT('',#442);
#442 = CARTESIAN_POINT('',(-8.05,-67.195,9.));
#443 = LINE('',#444,#445);
#444 = CARTESIAN_POINT('',(-21.4,-67.195,9.));
#445 = VECTOR('',#446,1.);
#446 = DIRECTION('',(-1.,0.,0.));
#447 = ORIENTED_EDGE('',*,*,#448,.F.);
#448 = EDGE_CURVE('',#449,#441,#451,.T.);
#449 = VERTEX_POINT('',#450);
#450 = CARTESIAN_POINT('',(-8.05,-68.695,9.));
#451 = LINE('',#452,#453);
#452 = CARTESIAN_POINT('',(-8.05,-34.3475,9.));
#453 = VECTOR('',#454,1.);
#454 = DIRECTION('',(-0.,1.,0.));
#455 = ORIENTED_EDGE('',*,*,#456,.T.);
#456 = EDGE_CURVE('',#449,#457,#459,.T.);
#457 = VERTEX_POINT('',#458);
#458 = CARTESIAN_POINT('',(-27.55,-68.695,9.));
#459 = LINE('',#460,#461);
#460 = CARTESIAN_POINT('',(-13.775,-68.695,9.));
#461 = VECTOR('',#462,1.);
#462 = DIRECTION('',(-1.,-0.,0.));
#463 = ORIENTED_EDGE('',*,*,#464,.T.);
#464 = EDGE_CURVE('',#457,#465,#467,.T.);
#465 = VERTEX_POINT('',#466);
#466 = CARTESIAN_POINT('',(-27.55,-67.195,9.));
#467 = LINE('',#468,#469);
#468 = CARTESIAN_POINT('',(-27.55,-34.3475,9.));
#469 = VECTOR('',#470,1.);
#470 = DIRECTION('',(-0.,1.,0.));
#471 = ORIENTED_EDGE('',*,*,#472,.T.);
#472 = EDGE_CURVE('',#465,#473,#475,.T.);
#473 = VERTEX_POINT('',#474);
#474 = CARTESIAN_POINT('',(-42.8,-67.195,9.));
#475 = LINE('',#476,#477);
#476 = CARTESIAN_POINT('',(-21.4,-67.195,9.));
#477 = VECTOR('',#478,1.);
#478 = DIRECTION('',(-1.,0.,0.));
#479 = ORIENTED_EDGE('',*,*,#480,.T.);
#480 = EDGE_CURVE('',#473,#481,#483,.T.);
#481 = VERTEX_POINT('',#482);
#482 = CARTESIAN_POINT('',(-48.,-61.995,9.));
#483 = CIRCLE('',#484,5.2);
#484 = AXIS2_PLACEMENT_3D('',#485,#486,#487);
#485 = CARTESIAN_POINT('',(-42.8,-61.995,9.));
#486 = DIRECTION('',(-0.,0.,-1.));
#487 = DIRECTION('',(-1.,2.732856676E-15,0.));
#488 = ORIENTED_EDGE('',*,*,#489,.T.);
#489 = EDGE_CURVE('',#481,#490,#492,.T.);
#490 = VERTEX_POINT('',#491);
#491 = CARTESIAN_POINT('',(-48.,10.542582990259,9.));
#492 = LINE('',#493,#494);
#493 = CARTESIAN_POINT('',(-48.,30.9975,9.));
#494 = VECTOR('',#495,1.);
#495 = DIRECTION('',(-0.,1.,0.));
#496 = ORIENTED_EDGE('',*,*,#497,.T.);
#497 = EDGE_CURVE('',#490,#498,#500,.T.);
#498 = VERTEX_POINT('',#499);
#499 = CARTESIAN_POINT('',(-49.8,10.542582990259,9.));
#500 = LINE('',#501,#502);
#501 = CARTESIAN_POINT('',(-43.8,10.542582990259,9.));
#502 = VECTOR('',#503,1.);
#503 = DIRECTION('',(-1.,0.,0.));
#504 = ORIENTED_EDGE('',*,*,#505,.F.);
#505 = EDGE_CURVE('',#506,#498,#508,.T.);
#506 = VERTEX_POINT('',#507);
#507 = CARTESIAN_POINT('',(-49.8,22.667417009741,9.));
#508 = LINE('',#509,#510);
#509 = CARTESIAN_POINT('',(-49.8,8.3025,9.));
#510 = VECTOR('',#511,1.);
#511 = DIRECTION('',(0.,-1.,0.));
#512 = ORIENTED_EDGE('',*,*,#513,.F.);
#513 = EDGE_CURVE('',#514,#506,#516,.T.);
#514 = VERTEX_POINT('',#515);
#515 = CARTESIAN_POINT('',(-48.,22.667417009741,9.));
#516 = LINE('',#517,#518);
#517 = CARTESIAN_POINT('',(-43.8,22.667417009741,9.));
#518 = VECTOR('',#519,1.);
#519 = DIRECTION('',(-1.,0.,0.));
#520 = ORIENTED_EDGE('',*,*,#521,.T.);
#521 = EDGE_CURVE('',#514,#522,#524,.T.);
#522 = VERTEX_POINT('',#523);
#523 = CARTESIAN_POINT('',(-48.,61.995,9.));
#524 = LINE('',#525,#526);
#525 = CARTESIAN_POINT('',(-48.,30.9975,9.));
#526 = VECTOR('',#527,1.);
#527 = DIRECTION('',(-0.,1.,0.));
#528 = ORIENTED_EDGE('',*,*,#529,.T.);
#529 = EDGE_CURVE('',#522,#373,#530,.T.);
#530 = CIRCLE('',#531,5.2);
#531 = AXIS2_PLACEMENT_3D('',#532,#533,#534);
#532 = CARTESIAN_POINT('',(-42.8,61.995,9.));
#533 = DIRECTION('',(0.,-0.,-1.));
#534 = DIRECTION('',(2.732856676E-15,1.,-0.));
#535 = FACE_BOUND('',#536,.T.);
#536 = EDGE_LOOP('',(#537));
#537 = ORIENTED_EDGE('',*,*,#538,.F.);
#538 = EDGE_CURVE('',#539,#539,#541,.T.);
#539 = VERTEX_POINT('',#540);
#540 = CARTESIAN_POINT('',(62.4,-80.195,9.));
#541 = CIRCLE('',#542,1.5);
#542 = AXIS2_PLACEMENT_3D('',#543,#544,#545);
#543 = CARTESIAN_POINT('',(60.9,-80.195,9.));
#544 = DIRECTION('',(0.,0.,1.));
#545 = DIRECTION('',(1.,0.,-0.));
#546 = FACE_BOUND('',#547,.T.);
#547 = EDGE_LOOP('',(#548));
#548 = ORIENTED_EDGE('',*,*,#549,.F.);
#549 = EDGE_CURVE('',#550,#550,#552,.T.);
#550 = VERTEX_POINT('',#551);
#551 = CARTESIAN_POINT('',(-59.4,79.805,9.));
#552 = CIRCLE('',#553,1.5);
#553 = AXIS2_PLACEMENT_3D('',#554,#555,#556);
#554 = CARTESIAN_POINT('',(-60.9,79.805,9.));
#555 = DIRECTION('',(0.,0.,1.));
#556 = DIRECTION('',(1.,0.,-0.));
#557 = FACE_BOUND('',#558,.T.);
#558 = EDGE_LOOP('',(#559));
#559 = ORIENTED_EDGE('',*,*,#560,.F.);
#560 = EDGE_CURVE('',#561,#561,#563,.T.);
#561 = VERTEX_POINT('',#562);
#562 = CARTESIAN_POINT('',(62.4,79.805,9.));
#563 = CIRCLE('',#564,1.5);
#564 = AXIS2_PLACEMENT_3D('',#565,#566,#567);
#565 = CARTESIAN_POINT('',(60.9,79.805,9.));
#566 = DIRECTION('',(0.,0.,1.));
#567 = DIRECTION('',(1.,0.,-0.));
#568 = PLANE('',#569);
#569 = AXIS2_PLACEMENT_3D('',#570,#571,#572);
#570 = CARTESIAN_POINT('',(1.898080620925E-15,-5.137070815708E-15,9.));
#571 = DIRECTION('',(0.,0.,1.));
#572 = DIRECTION('',(1.,0.,-0.));
#573 = ADVANCED_FACE('',(#574),#743,.T.);
#574 = FACE_BOUND('',#575,.T.);
#575 = EDGE_LOOP('',(#576,#584,#590,#591,#592,#600,#608,#616,#624,#632,
    #640,#648,#656,#664,#672,#680,#688,#696,#704,#712,#720,#728,#736,
    #742));
#576 = ORIENTED_EDGE('',*,*,#577,.F.);
#577 = EDGE_CURVE('',#578,#201,#580,.T.);
#578 = VERTEX_POINT('',#579);
#579 = CARTESIAN_POINT('',(-74.88,116.765,3.));
#580 = LINE('',#581,#582);
#581 = CARTESIAN_POINT('',(-74.88,116.765,3.));
#582 = VECTOR('',#583,1.);
#583 = DIRECTION('',(0.,0.,1.));
#584 = ORIENTED_EDGE('',*,*,#585,.T.);
#585 = EDGE_CURVE('',#578,#62,#586,.T.);
#586 = LINE('',#587,#588);
#587 = CARTESIAN_POINT('',(-74.88,116.765,3.));
#588 = VECTOR('',#589,1.);
#589 = DIRECTION('',(0.,-1.,0.));
#590 = ORIENTED_EDGE('',*,*,#61,.T.);
#591 = ORIENTED_EDGE('',*,*,#166,.F.);
#592 = ORIENTED_EDGE('',*,*,#593,.T.);
#593 = EDGE_CURVE('',#157,#594,#596,.T.);
#594 = VERTEX_POINT('',#595);
#595 = CARTESIAN_POINT('',(-74.88,-66.2,33.));
#596 = LINE('',#597,#598);
#597 = CARTESIAN_POINT('',(-74.88,-66.2,8.6));
#598 = VECTOR('',#599,1.);
#599 = DIRECTION('',(0.,0.,1.));
#600 = ORIENTED_EDGE('',*,*,#601,.T.);
#601 = EDGE_CURVE('',#594,#602,#604,.T.);
#602 = VERTEX_POINT('',#603);
#603 = CARTESIAN_POINT('',(-74.88,-51.8,33.));
#604 = LINE('',#605,#606);
#605 = CARTESIAN_POINT('',(-74.88,-66.2,33.));
#606 = VECTOR('',#607,1.);
#607 = DIRECTION('',(-0.,1.,0.));
#608 = ORIENTED_EDGE('',*,*,#609,.T.);
#609 = EDGE_CURVE('',#602,#610,#612,.T.);
#610 = VERTEX_POINT('',#611);
#611 = CARTESIAN_POINT('',(-74.88,-51.8,8.7));
#612 = LINE('',#613,#614);
#613 = CARTESIAN_POINT('',(-74.88,-51.8,11.04749174667));
#614 = VECTOR('',#615,1.);
#615 = DIRECTION('',(0.,0.,-1.));
#616 = ORIENTED_EDGE('',*,*,#617,.T.);
#617 = EDGE_CURVE('',#610,#618,#620,.T.);
#618 = VERTEX_POINT('',#619);
#619 = CARTESIAN_POINT('',(-74.88,-37.,8.7));
#620 = LINE('',#621,#622);
#621 = CARTESIAN_POINT('',(-74.88,-25.9,8.7));
#622 = VECTOR('',#623,1.);
#623 = DIRECTION('',(0.,1.,0.));
#624 = ORIENTED_EDGE('',*,*,#625,.F.);
#625 = EDGE_CURVE('',#626,#618,#628,.T.);
#626 = VERTEX_POINT('',#627);
#627 = CARTESIAN_POINT('',(-74.88,-37.,33.));
#628 = LINE('',#629,#630);
#629 = CARTESIAN_POINT('',(-74.88,-37.,11.04749174667));
#630 = VECTOR('',#631,1.);
#631 = DIRECTION('',(0.,0.,-1.));
#632 = ORIENTED_EDGE('',*,*,#633,.T.);
#633 = EDGE_CURVE('',#626,#634,#636,.T.);
#634 = VERTEX_POINT('',#635);
#635 = CARTESIAN_POINT('',(-74.88,-22.2,33.));
#636 = LINE('',#637,#638);
#637 = CARTESIAN_POINT('',(-74.88,-66.2,33.));
#638 = VECTOR('',#639,1.);
#639 = DIRECTION('',(-0.,1.,0.));
#640 = ORIENTED_EDGE('',*,*,#641,.T.);
#641 = EDGE_CURVE('',#634,#642,#644,.T.);
#642 = VERTEX_POINT('',#643);
#643 = CARTESIAN_POINT('',(-74.88,-22.2,8.7));
#644 = LINE('',#645,#646);
#645 = CARTESIAN_POINT('',(-74.88,-22.2,11.04749174667));
#646 = VECTOR('',#647,1.);
#647 = DIRECTION('',(0.,0.,-1.));
#648 = ORIENTED_EDGE('',*,*,#649,.T.);
#649 = EDGE_CURVE('',#642,#650,#652,.T.);
#650 = VERTEX_POINT('',#651);
#651 = CARTESIAN_POINT('',(-74.88,-7.4,8.7));
#652 = LINE('',#653,#654);
#653 = CARTESIAN_POINT('',(-74.88,-11.1,8.7));
#654 = VECTOR('',#655,1.);
#655 = DIRECTION('',(0.,1.,0.));
#656 = ORIENTED_EDGE('',*,*,#657,.F.);
#657 = EDGE_CURVE('',#658,#650,#660,.T.);
#658 = VERTEX_POINT('',#659);
#659 = CARTESIAN_POINT('',(-74.88,-7.4,33.));
#660 = LINE('',#661,#662);
#661 = CARTESIAN_POINT('',(-74.88,-7.4,11.04749174667));
#662 = VECTOR('',#663,1.);
#663 = DIRECTION('',(0.,0.,-1.));
#664 = ORIENTED_EDGE('',*,*,#665,.T.);
#665 = EDGE_CURVE('',#658,#666,#668,.T.);
#666 = VERTEX_POINT('',#667);
#667 = CARTESIAN_POINT('',(-74.88,7.4,33.));
#668 = LINE('',#669,#670);
#669 = CARTESIAN_POINT('',(-74.88,-66.2,33.));
#670 = VECTOR('',#671,1.);
#671 = DIRECTION('',(-0.,1.,0.));
#672 = ORIENTED_EDGE('',*,*,#673,.T.);
#673 = EDGE_CURVE('',#666,#674,#676,.T.);
#674 = VERTEX_POINT('',#675);
#675 = CARTESIAN_POINT('',(-74.88,7.4,8.7));
#676 = LINE('',#677,#678);
#677 = CARTESIAN_POINT('',(-74.88,7.4,11.04749174667));
#678 = VECTOR('',#679,1.);
#679 = DIRECTION('',(0.,0.,-1.));
#680 = ORIENTED_EDGE('',*,*,#681,.T.);
#681 = EDGE_CURVE('',#674,#682,#684,.T.);
#682 = VERTEX_POINT('',#683);
#683 = CARTESIAN_POINT('',(-74.88,22.2,8.7));
#684 = LINE('',#685,#686);
#685 = CARTESIAN_POINT('',(-74.88,3.7,8.7));
#686 = VECTOR('',#687,1.);
#687 = DIRECTION('',(0.,1.,0.));
#688 = ORIENTED_EDGE('',*,*,#689,.F.);
#689 = EDGE_CURVE('',#690,#682,#692,.T.);
#690 = VERTEX_POINT('',#691);
#691 = CARTESIAN_POINT('',(-74.88,22.2,33.));
#692 = LINE('',#693,#694);
#693 = CARTESIAN_POINT('',(-74.88,22.2,11.04749174667));
#694 = VECTOR('',#695,1.);
#695 = DIRECTION('',(0.,0.,-1.));
#696 = ORIENTED_EDGE('',*,*,#697,.T.);
#697 = EDGE_CURVE('',#690,#698,#700,.T.);
#698 = VERTEX_POINT('',#699);
#699 = CARTESIAN_POINT('',(-74.88,37.,33.));
#700 = LINE('',#701,#702);
#701 = CARTESIAN_POINT('',(-74.88,-66.2,33.));
#702 = VECTOR('',#703,1.);
#703 = DIRECTION('',(-0.,1.,0.));
#704 = ORIENTED_EDGE('',*,*,#705,.T.);
#705 = EDGE_CURVE('',#698,#706,#708,.T.);
#706 = VERTEX_POINT('',#707);
#707 = CARTESIAN_POINT('',(-74.88,37.,8.7));
#708 = LINE('',#709,#710);
#709 = CARTESIAN_POINT('',(-74.88,37.,11.04749174667));
#710 = VECTOR('',#711,1.);
#711 = DIRECTION('',(0.,0.,-1.));
#712 = ORIENTED_EDGE('',*,*,#713,.T.);
#713 = EDGE_CURVE('',#706,#714,#716,.T.);
#714 = VERTEX_POINT('',#715);
#715 = CARTESIAN_POINT('',(-74.88,51.8,8.7));
#716 = LINE('',#717,#718);
#717 = CARTESIAN_POINT('',(-74.88,18.5,8.7));
#718 = VECTOR('',#719,1.);
#719 = DIRECTION('',(0.,1.,0.));
#720 = ORIENTED_EDGE('',*,*,#721,.F.);
#721 = EDGE_CURVE('',#722,#714,#724,.T.);
#722 = VERTEX_POINT('',#723);
#723 = CARTESIAN_POINT('',(-74.88,51.8,33.));
#724 = LINE('',#725,#726);
#725 = CARTESIAN_POINT('',(-74.88,51.8,11.04749174667));
#726 = VECTOR('',#727,1.);
#727 = DIRECTION('',(0.,0.,-1.));
#728 = ORIENTED_EDGE('',*,*,#729,.T.);
#729 = EDGE_CURVE('',#722,#730,#732,.T.);
#730 = VERTEX_POINT('',#731);
#731 = CARTESIAN_POINT('',(-74.88,66.2,33.));
#732 = LINE('',#733,#734);
#733 = CARTESIAN_POINT('',(-74.88,-66.2,33.));
#734 = VECTOR('',#735,1.);
#735 = DIRECTION('',(-0.,1.,0.));
#736 = ORIENTED_EDGE('',*,*,#737,.F.);
#737 = EDGE_CURVE('',#210,#730,#738,.T.);
#738 = LINE('',#739,#740);
#739 = CARTESIAN_POINT('',(-74.88,66.2,8.6));
#740 = VECTOR('',#741,1.);
#741 = DIRECTION('',(0.,0.,1.));
#742 = ORIENTED_EDGE('',*,*,#209,.F.);
#743 = PLANE('',#744);
#744 = AXIS2_PLACEMENT_3D('',#745,#746,#747);
#745 = CARTESIAN_POINT('',(-74.88,-6.470999756476E-16,13.39498349334));
#746 = DIRECTION('',(-1.,-0.,-0.));
#747 = DIRECTION('',(0.,0.,-1.));
#748 = ADVANCED_FACE('',(#749),#767,.F.);
#749 = FACE_BOUND('',#750,.F.);
#750 = EDGE_LOOP('',(#751,#752,#753,#762));
#751 = ORIENTED_EDGE('',*,*,#79,.T.);
#752 = ORIENTED_EDGE('',*,*,#143,.T.);
#753 = ORIENTED_EDGE('',*,*,#754,.F.);
#754 = EDGE_CURVE('',#755,#136,#757,.T.);
#755 = VERTEX_POINT('',#756);
#756 = CARTESIAN_POINT('',(-83.19,-116.621,-7.05));
#757 = CIRCLE('',#758,5.);
#758 = AXIS2_PLACEMENT_3D('',#759,#760,#761);
#759 = CARTESIAN_POINT('',(-78.19,-116.621,-7.05));
#760 = DIRECTION('',(0.,0.,1.));
#761 = DIRECTION('',(-1.,0.,0.));
#762 = ORIENTED_EDGE('',*,*,#763,.F.);
#763 = EDGE_CURVE('',#62,#755,#764,.T.);
#764 = B_SPLINE_CURVE_WITH_KNOTS('',1,(#765,#766),.UNSPECIFIED.,.F.,.F.,
  (2,2),(0.,1.),.PIECEWISE_BEZIER_KNOTS.);
#765 = CARTESIAN_POINT('',(-74.88,-116.765,3.));
#766 = CARTESIAN_POINT('',(-83.19,-116.621,-7.05));
#767 = B_SPLINE_SURFACE_WITH_KNOTS('',8,1,(
    (#768,#769)
    ,(#770,#771)
    ,(#772,#773)
    ,(#774,#775)
    ,(#776,#777)
    ,(#778,#779)
    ,(#780,#781)
    ,(#782,#783)
    ,(#784,#785
    )),.UNSPECIFIED.,.F.,.F.,.F.,(9,9),(2,2),(0.,1.570796326795),(0.,1.)
  ,.PIECEWISE_BEZIER_KNOTS.);
#768 = CARTESIAN_POINT('',(-74.88,-116.765,3.));
#769 = CARTESIAN_POINT('',(-83.19,-116.621,-7.05));
#770 = CARTESIAN_POINT('',(-74.88,-116.9220796326,3.));
#771 = CARTESIAN_POINT('',(-83.19,-117.6027477042,-7.05));
#772 = CARTESIAN_POINT('',(-74.84475066806,-117.079158614,3.));
#773 = CARTESIAN_POINT('',(-82.96969605519,-118.5844957175,-7.05));
#774 = CARTESIAN_POINT('',(-74.77425669513,-117.2270128299,3.));
#775 = CARTESIAN_POINT('',(-82.52909032935,-119.5085661716,-7.05));
#776 = CARTESIAN_POINT('',(-74.67140386521,-117.3564038652,3.));
#777 = CARTESIAN_POINT('',(-81.8862937789,-120.3172937788,-7.05));
#778 = CARTESIAN_POINT('',(-74.5420128299,-117.4592566951,3.));
#779 = CARTESIAN_POINT('',(-81.07756617167,-120.9600903293,-7.05));
#780 = CARTESIAN_POINT('',(-74.39415861404,-117.529750668,3.));
#781 = CARTESIAN_POINT('',(-80.15349571752,-121.4006960551,-7.05));
#782 = CARTESIAN_POINT('',(-74.23707963268,-117.565,3.));
#783 = CARTESIAN_POINT('',(-79.17174770424,-121.621,-7.05));
#784 = CARTESIAN_POINT('',(-74.08,-117.565,3.));
#785 = CARTESIAN_POINT('',(-78.19,-121.621,-7.05));
#786 = ADVANCED_FACE('',(#787),#805,.F.);
#787 = FACE_BOUND('',#788,.F.);
#788 = EDGE_LOOP('',(#789,#790,#791,#799));
#789 = ORIENTED_EDGE('',*,*,#104,.T.);
#790 = ORIENTED_EDGE('',*,*,#175,.T.);
#791 = ORIENTED_EDGE('',*,*,#792,.F.);
#792 = EDGE_CURVE('',#793,#176,#795,.T.);
#793 = VERTEX_POINT('',#794);
#794 = CARTESIAN_POINT('',(74.88,116.765,3.));
#795 = LINE('',#796,#797);
#796 = CARTESIAN_POINT('',(74.88,116.765,3.));
#797 = VECTOR('',#798,1.);
#798 = DIRECTION('',(0.,0.,1.));
#799 = ORIENTED_EDGE('',*,*,#800,.F.);
#800 = EDGE_CURVE('',#105,#793,#801,.T.);
#801 = LINE('',#802,#803);
#802 = CARTESIAN_POINT('',(74.88,-116.765,3.));
#803 = VECTOR('',#804,1.);
#804 = DIRECTION('',(0.,1.,0.));
#805 = PLANE('',#806);
#806 = AXIS2_PLACEMENT_3D('',#807,#808,#809);
#807 = CARTESIAN_POINT('',(74.88,-116.765,3.));
#808 = DIRECTION('',(-1.,0.,0.));
#809 = DIRECTION('',(0.,1.,0.));
#810 = ADVANCED_FACE('',(#811),#829,.F.);
#811 = FACE_BOUND('',#812,.F.);
#812 = EDGE_LOOP('',(#813,#814,#821,#828));
#813 = ORIENTED_EDGE('',*,*,#112,.T.);
#814 = ORIENTED_EDGE('',*,*,#815,.T.);
#815 = EDGE_CURVE('',#105,#816,#818,.T.);
#816 = VERTEX_POINT('',#817);
#817 = CARTESIAN_POINT('',(83.19,-116.621,-7.05));
#818 = B_SPLINE_CURVE_WITH_KNOTS('',1,(#819,#820),.UNSPECIFIED.,.F.,.F.,
  (2,2),(0.,1.),.PIECEWISE_BEZIER_KNOTS.);
#819 = CARTESIAN_POINT('',(74.88,-116.765,3.));
#820 = CARTESIAN_POINT('',(83.19,-116.621,-7.05));
#821 = ORIENTED_EDGE('',*,*,#822,.F.);
#822 = EDGE_CURVE('',#129,#816,#823,.T.);
#823 = CIRCLE('',#824,5.);
#824 = AXIS2_PLACEMENT_3D('',#825,#826,#827);
#825 = CARTESIAN_POINT('',(78.19,-116.621,-7.05));
#826 = DIRECTION('',(0.,0.,1.));
#827 = DIRECTION('',(0.,-1.,0.));
#828 = ORIENTED_EDGE('',*,*,#128,.F.);
#829 = B_SPLINE_SURFACE_WITH_KNOTS('',8,1,(
    (#830,#831)
    ,(#832,#833)
    ,(#834,#835)
    ,(#836,#837)
    ,(#838,#839)
    ,(#840,#841)
    ,(#842,#843)
    ,(#844,#845)
    ,(#846,#847
    )),.UNSPECIFIED.,.F.,.F.,.F.,(9,9),(2,2),(0.,1.570796326795),(0.,1.)
  ,.PIECEWISE_BEZIER_KNOTS.);
#830 = CARTESIAN_POINT('',(74.08,-117.565,3.));
#831 = CARTESIAN_POINT('',(78.19,-121.621,-7.05));
#832 = CARTESIAN_POINT('',(74.23707963268,-117.565,3.));
#833 = CARTESIAN_POINT('',(79.171747704247,-121.621,-7.05));
#834 = CARTESIAN_POINT('',(74.394158614041,-117.529750668,3.));
#835 = CARTESIAN_POINT('',(80.153495717521,-121.4006960551,-7.05));
#836 = CARTESIAN_POINT('',(74.542012829907,-117.4592566951,3.));
#837 = CARTESIAN_POINT('',(81.077566171676,-120.9600903293,-7.05));
#838 = CARTESIAN_POINT('',(74.67140386521,-117.3564038652,3.));
#839 = CARTESIAN_POINT('',(81.886293778899,-120.3172937788,-7.05));
#840 = CARTESIAN_POINT('',(74.774256695135,-117.2270128299,3.));
#841 = CARTESIAN_POINT('',(82.529090329358,-119.5085661716,-7.05));
#842 = CARTESIAN_POINT('',(74.84475066807,-117.079158614,3.));
#843 = CARTESIAN_POINT('',(82.969696055194,-118.5844957175,-7.05));
#844 = CARTESIAN_POINT('',(74.88,-116.9220796326,3.));
#845 = CARTESIAN_POINT('',(83.19,-117.6027477042,-7.05));
#846 = CARTESIAN_POINT('',(74.88,-116.765,3.));
#847 = CARTESIAN_POINT('',(83.19,-116.621,-7.05));
#848 = ADVANCED_FACE('',(#849,#894),#964,.F.);
#849 = FACE_BOUND('',#850,.F.);
#850 = EDGE_LOOP('',(#851,#852,#853,#861,#870,#878,#887,#893));
#851 = ORIENTED_EDGE('',*,*,#135,.T.);
#852 = ORIENTED_EDGE('',*,*,#822,.T.);
#853 = ORIENTED_EDGE('',*,*,#854,.T.);
#854 = EDGE_CURVE('',#816,#855,#857,.T.);
#855 = VERTEX_POINT('',#856);
#856 = CARTESIAN_POINT('',(83.19,120.975,-7.05));
#857 = LINE('',#858,#859);
#858 = CARTESIAN_POINT('',(83.19,-116.621,-7.05));
#859 = VECTOR('',#860,1.);
#860 = DIRECTION('',(0.,1.,0.));
#861 = ORIENTED_EDGE('',*,*,#862,.T.);
#862 = EDGE_CURVE('',#855,#863,#865,.T.);
#863 = VERTEX_POINT('',#864);
#864 = CARTESIAN_POINT('',(78.19,125.975,-7.05));
#865 = CIRCLE('',#866,5.);
#866 = AXIS2_PLACEMENT_3D('',#867,#868,#869);
#867 = CARTESIAN_POINT('',(78.19,120.975,-7.05));
#868 = DIRECTION('',(0.,0.,1.));
#869 = DIRECTION('',(1.,0.,-0.));
#870 = ORIENTED_EDGE('',*,*,#871,.T.);
#871 = EDGE_CURVE('',#863,#872,#874,.T.);
#872 = VERTEX_POINT('',#873);
#873 = CARTESIAN_POINT('',(-78.19,125.975,-7.05));
#874 = LINE('',#875,#876);
#875 = CARTESIAN_POINT('',(78.19,125.975,-7.05));
#876 = VECTOR('',#877,1.);
#877 = DIRECTION('',(-1.,0.,0.));
#878 = ORIENTED_EDGE('',*,*,#879,.T.);
#879 = EDGE_CURVE('',#872,#880,#882,.T.);
#880 = VERTEX_POINT('',#881);
#881 = CARTESIAN_POINT('',(-83.19,120.975,-7.05));
#882 = CIRCLE('',#883,5.);
#883 = AXIS2_PLACEMENT_3D('',#884,#885,#886);
#884 = CARTESIAN_POINT('',(-78.19,120.975,-7.05));
#885 = DIRECTION('',(0.,-0.,1.));
#886 = DIRECTION('',(0.,1.,0.));
#887 = ORIENTED_EDGE('',*,*,#888,.T.);
#888 = EDGE_CURVE('',#880,#755,#889,.T.);
#889 = LINE('',#890,#891);
#890 = CARTESIAN_POINT('',(-83.19,120.975,-7.05));
#891 = VECTOR('',#892,1.);
#892 = DIRECTION('',(0.,-1.,0.));
#893 = ORIENTED_EDGE('',*,*,#754,.T.);
#894 = FACE_BOUND('',#895,.F.);
#895 = EDGE_LOOP('',(#896,#906,#915,#923,#932,#940,#949,#957));
#896 = ORIENTED_EDGE('',*,*,#897,.F.);
#897 = EDGE_CURVE('',#898,#900,#902,.T.);
#898 = VERTEX_POINT('',#899);
#899 = CARTESIAN_POINT('',(-78.19,-118.821,-7.05));
#900 = VERTEX_POINT('',#901);
#901 = CARTESIAN_POINT('',(78.19,-118.821,-7.05));
#902 = LINE('',#903,#904);
#903 = CARTESIAN_POINT('',(-78.19,-118.821,-7.05));
#904 = VECTOR('',#905,1.);
#905 = DIRECTION('',(1.,0.,0.));
#906 = ORIENTED_EDGE('',*,*,#907,.F.);
#907 = EDGE_CURVE('',#908,#898,#910,.T.);
#908 = VERTEX_POINT('',#909);
#909 = CARTESIAN_POINT('',(-80.39,-116.621,-7.05));
#910 = CIRCLE('',#911,2.2);
#911 = AXIS2_PLACEMENT_3D('',#912,#913,#914);
#912 = CARTESIAN_POINT('',(-78.19,-116.621,-7.05));
#913 = DIRECTION('',(0.,0.,1.));
#914 = DIRECTION('',(-1.,0.,0.));
#915 = ORIENTED_EDGE('',*,*,#916,.F.);
#916 = EDGE_CURVE('',#917,#908,#919,.T.);
#917 = VERTEX_POINT('',#918);
#918 = CARTESIAN_POINT('',(-80.39,120.975,-7.05));
#919 = LINE('',#920,#921);
#920 = CARTESIAN_POINT('',(-80.39,120.975,-7.05));
#921 = VECTOR('',#922,1.);
#922 = DIRECTION('',(0.,-1.,0.));
#923 = ORIENTED_EDGE('',*,*,#924,.F.);
#924 = EDGE_CURVE('',#925,#917,#927,.T.);
#925 = VERTEX_POINT('',#926);
#926 = CARTESIAN_POINT('',(-78.19,123.175,-7.05));
#927 = CIRCLE('',#928,2.2);
#928 = AXIS2_PLACEMENT_3D('',#929,#930,#931);
#929 = CARTESIAN_POINT('',(-78.19,120.975,-7.05));
#930 = DIRECTION('',(0.,-0.,1.));
#931 = DIRECTION('',(0.,1.,0.));
#932 = ORIENTED_EDGE('',*,*,#933,.F.);
#933 = EDGE_CURVE('',#934,#925,#936,.T.);
#934 = VERTEX_POINT('',#935);
#935 = CARTESIAN_POINT('',(78.19,123.175,-7.05));
#936 = LINE('',#937,#938);
#937 = CARTESIAN_POINT('',(78.19,123.175,-7.05));
#938 = VECTOR('',#939,1.);
#939 = DIRECTION('',(-1.,0.,0.));
#940 = ORIENTED_EDGE('',*,*,#941,.F.);
#941 = EDGE_CURVE('',#942,#934,#944,.T.);
#942 = VERTEX_POINT('',#943);
#943 = CARTESIAN_POINT('',(80.39,120.975,-7.05));
#944 = CIRCLE('',#945,2.2);
#945 = AXIS2_PLACEMENT_3D('',#946,#947,#948);
#946 = CARTESIAN_POINT('',(78.19,120.975,-7.05));
#947 = DIRECTION('',(0.,0.,1.));
#948 = DIRECTION('',(1.,0.,-0.));
#949 = ORIENTED_EDGE('',*,*,#950,.F.);
#950 = EDGE_CURVE('',#951,#942,#953,.T.);
#951 = VERTEX_POINT('',#952);
#952 = CARTESIAN_POINT('',(80.39,-116.621,-7.05));
#953 = LINE('',#954,#955);
#954 = CARTESIAN_POINT('',(80.39,-116.621,-7.05));
#955 = VECTOR('',#956,1.);
#956 = DIRECTION('',(0.,1.,0.));
#957 = ORIENTED_EDGE('',*,*,#958,.F.);
#958 = EDGE_CURVE('',#900,#951,#959,.T.);
#959 = CIRCLE('',#960,2.2);
#960 = AXIS2_PLACEMENT_3D('',#961,#962,#963);
#961 = CARTESIAN_POINT('',(78.19,-116.621,-7.05));
#962 = DIRECTION('',(0.,0.,1.));
#963 = DIRECTION('',(0.,-1.,0.));
#964 = PLANE('',#965);
#965 = AXIS2_PLACEMENT_3D('',#966,#967,#968);
#966 = CARTESIAN_POINT('',(-3.296738080071E-16,2.177,-7.05));
#967 = DIRECTION('',(0.,0.,1.));
#968 = DIRECTION('',(1.,0.,-0.));
#969 = ADVANCED_FACE('',(#970,#998),#1009,.T.);
#970 = FACE_BOUND('',#971,.T.);
#971 = EDGE_LOOP('',(#972,#981,#982,#983,#991));
#972 = ORIENTED_EDGE('',*,*,#973,.F.);
#973 = EDGE_CURVE('',#594,#974,#976,.T.);
#974 = VERTEX_POINT('',#975);
#975 = CARTESIAN_POINT('',(-65.88,-66.2,42.));
#976 = CIRCLE('',#977,9.);
#977 = AXIS2_PLACEMENT_3D('',#978,#979,#980);
#978 = CARTESIAN_POINT('',(-65.88,-66.2,33.));
#979 = DIRECTION('',(0.,1.,0.));
#980 = DIRECTION('',(0.,-0.,1.));
#981 = ORIENTED_EDGE('',*,*,#593,.F.);
#982 = ORIENTED_EDGE('',*,*,#156,.T.);
#983 = ORIENTED_EDGE('',*,*,#984,.T.);
#984 = EDGE_CURVE('',#159,#985,#987,.T.);
#985 = VERTEX_POINT('',#986);
#986 = CARTESIAN_POINT('',(-56.88,-66.2,33.));
#987 = LINE('',#988,#989);
#988 = CARTESIAN_POINT('',(-56.88,-66.2,8.6));
#989 = VECTOR('',#990,1.);
#990 = DIRECTION('',(0.,0.,1.));
#991 = ORIENTED_EDGE('',*,*,#992,.F.);
#992 = EDGE_CURVE('',#974,#985,#993,.T.);
#993 = CIRCLE('',#994,9.);
#994 = AXIS2_PLACEMENT_3D('',#995,#996,#997);
#995 = CARTESIAN_POINT('',(-65.88,-66.2,33.));
#996 = DIRECTION('',(0.,1.,0.));
#997 = DIRECTION('',(0.,-0.,1.));
#998 = FACE_BOUND('',#999,.T.);
#999 = EDGE_LOOP('',(#1000));
#1000 = ORIENTED_EDGE('',*,*,#1001,.T.);
#1001 = EDGE_CURVE('',#1002,#1002,#1004,.T.);
#1002 = VERTEX_POINT('',#1003);
#1003 = CARTESIAN_POINT('',(-65.88,-66.2,36.3));
#1004 = CIRCLE('',#1005,3.3);
#1005 = AXIS2_PLACEMENT_3D('',#1006,#1007,#1008);
#1006 = CARTESIAN_POINT('',(-65.88,-66.2,33.));
#1007 = DIRECTION('',(0.,1.,0.));
#1008 = DIRECTION('',(0.,-0.,1.));
#1009 = PLANE('',#1010);
#1010 = AXIS2_PLACEMENT_3D('',#1011,#1012,#1013);
#1011 = CARTESIAN_POINT('',(-65.88,-66.2,23.732905033418));
#1012 = DIRECTION('',(-0.,-1.,-0.));
#1013 = DIRECTION('',(0.,0.,-1.));
#1014 = ADVANCED_FACE('',(#1015),#1033,.T.);
#1015 = FACE_BOUND('',#1016,.T.);
#1016 = EDGE_LOOP('',(#1017,#1018,#1019,#1027));
#1017 = ORIENTED_EDGE('',*,*,#984,.F.);
#1018 = ORIENTED_EDGE('',*,*,#353,.T.);
#1019 = ORIENTED_EDGE('',*,*,#1020,.T.);
#1020 = EDGE_CURVE('',#346,#1021,#1023,.T.);
#1021 = VERTEX_POINT('',#1022);
#1022 = CARTESIAN_POINT('',(-56.88,-51.8,33.));
#1023 = LINE('',#1024,#1025);
#1024 = CARTESIAN_POINT('',(-56.88,-51.8,8.65));
#1025 = VECTOR('',#1026,1.);
#1026 = DIRECTION('',(0.,0.,1.));
#1027 = ORIENTED_EDGE('',*,*,#1028,.F.);
#1028 = EDGE_CURVE('',#985,#1021,#1029,.T.);
#1029 = LINE('',#1030,#1031);
#1030 = CARTESIAN_POINT('',(-56.88,-66.2,33.));
#1031 = VECTOR('',#1032,1.);
#1032 = DIRECTION('',(-0.,1.,0.));
#1033 = PLANE('',#1034);
#1034 = AXIS2_PLACEMENT_3D('',#1035,#1036,#1037);
#1035 = CARTESIAN_POINT('',(-56.88,-66.2,8.6));
#1036 = DIRECTION('',(1.,0.,-0.));
#1037 = DIRECTION('',(0.,0.,1.));
#1038 = ADVANCED_FACE('',(#1039,#1065),#1076,.T.);
#1039 = FACE_BOUND('',#1040,.T.);
#1040 = EDGE_LOOP('',(#1041,#1049,#1050,#1057,#1058,#1059));
#1041 = ORIENTED_EDGE('',*,*,#1042,.F.);
#1042 = EDGE_CURVE('',#610,#1043,#1045,.T.);
#1043 = VERTEX_POINT('',#1044);
#1044 = CARTESIAN_POINT('',(-55.88,-51.8,8.7));
#1045 = LINE('',#1046,#1047);
#1046 = CARTESIAN_POINT('',(-75.88,-51.8,8.7));
#1047 = VECTOR('',#1048,1.);
#1048 = DIRECTION('',(1.,0.,-0.));
#1049 = ORIENTED_EDGE('',*,*,#609,.F.);
#1050 = ORIENTED_EDGE('',*,*,#1051,.T.);
#1051 = EDGE_CURVE('',#602,#1021,#1052,.T.);
#1052 = CIRCLE('',#1053,9.);
#1053 = AXIS2_PLACEMENT_3D('',#1054,#1055,#1056);
#1054 = CARTESIAN_POINT('',(-65.88,-51.8,33.));
#1055 = DIRECTION('',(0.,1.,0.));
#1056 = DIRECTION('',(0.,-0.,1.));
#1057 = ORIENTED_EDGE('',*,*,#1020,.F.);
#1058 = ORIENTED_EDGE('',*,*,#345,.F.);
#1059 = ORIENTED_EDGE('',*,*,#1060,.F.);
#1060 = EDGE_CURVE('',#1043,#338,#1061,.T.);
#1061 = LINE('',#1062,#1063);
#1062 = CARTESIAN_POINT('',(-55.88,-51.8,8.7));
#1063 = VECTOR('',#1064,1.);
#1064 = DIRECTION('',(0.,0.,1.));
#1065 = FACE_BOUND('',#1066,.T.);
#1066 = EDGE_LOOP('',(#1067));
#1067 = ORIENTED_EDGE('',*,*,#1068,.F.);
#1068 = EDGE_CURVE('',#1069,#1069,#1071,.T.);
#1069 = VERTEX_POINT('',#1070);
#1070 = CARTESIAN_POINT('',(-65.88,-51.8,36.3));
#1071 = CIRCLE('',#1072,3.3);
#1072 = AXIS2_PLACEMENT_3D('',#1073,#1074,#1075);
#1073 = CARTESIAN_POINT('',(-65.88,-51.8,33.));
#1074 = DIRECTION('',(0.,1.,0.));
#1075 = DIRECTION('',(0.,-0.,1.));
#1076 = PLANE('',#1077);
#1077 = AXIS2_PLACEMENT_3D('',#1078,#1079,#1080);
#1078 = CARTESIAN_POINT('',(-75.88,-51.8,8.7));
#1079 = DIRECTION('',(-0.,1.,0.));
#1080 = DIRECTION('',(0.,0.,1.));
#1081 = ADVANCED_FACE('',(#1082),#1100,.F.);
#1082 = FACE_BOUND('',#1083,.F.);
#1083 = EDGE_LOOP('',(#1084,#1085,#1093,#1099));
#1084 = ORIENTED_EDGE('',*,*,#1060,.F.);
#1085 = ORIENTED_EDGE('',*,*,#1086,.T.);
#1086 = EDGE_CURVE('',#1043,#1087,#1089,.T.);
#1087 = VERTEX_POINT('',#1088);
#1088 = CARTESIAN_POINT('',(-55.88,-37.,8.7));
#1089 = LINE('',#1090,#1091);
#1090 = CARTESIAN_POINT('',(-55.88,-51.8,8.7));
#1091 = VECTOR('',#1092,1.);
#1092 = DIRECTION('',(-0.,1.,0.));
#1093 = ORIENTED_EDGE('',*,*,#1094,.T.);
#1094 = EDGE_CURVE('',#1087,#330,#1095,.T.);
#1095 = LINE('',#1096,#1097);
#1096 = CARTESIAN_POINT('',(-55.88,-37.,8.7));
#1097 = VECTOR('',#1098,1.);
#1098 = DIRECTION('',(0.,0.,1.));
#1099 = ORIENTED_EDGE('',*,*,#337,.F.);
#1100 = PLANE('',#1101);
#1101 = AXIS2_PLACEMENT_3D('',#1102,#1103,#1104);
#1102 = CARTESIAN_POINT('',(-55.88,-51.8,8.7));
#1103 = DIRECTION('',(1.,0.,-0.));
#1104 = DIRECTION('',(0.,0.,1.));
#1105 = ADVANCED_FACE('',(#1106,#1132),#1143,.F.);
#1106 = FACE_BOUND('',#1107,.F.);
#1107 = EDGE_LOOP('',(#1108,#1114,#1115,#1124,#1130,#1131));
#1108 = ORIENTED_EDGE('',*,*,#1109,.F.);
#1109 = EDGE_CURVE('',#618,#1087,#1110,.T.);
#1110 = LINE('',#1111,#1112);
#1111 = CARTESIAN_POINT('',(-75.88,-37.,8.7));
#1112 = VECTOR('',#1113,1.);
#1113 = DIRECTION('',(1.,0.,-0.));
#1114 = ORIENTED_EDGE('',*,*,#625,.F.);
#1115 = ORIENTED_EDGE('',*,*,#1116,.T.);
#1116 = EDGE_CURVE('',#626,#1117,#1119,.T.);
#1117 = VERTEX_POINT('',#1118);
#1118 = CARTESIAN_POINT('',(-56.88,-37.,33.));
#1119 = CIRCLE('',#1120,9.);
#1120 = AXIS2_PLACEMENT_3D('',#1121,#1122,#1123);
#1121 = CARTESIAN_POINT('',(-65.88,-37.,33.));
#1122 = DIRECTION('',(0.,1.,0.));
#1123 = DIRECTION('',(0.,-0.,1.));
#1124 = ORIENTED_EDGE('',*,*,#1125,.F.);
#1125 = EDGE_CURVE('',#322,#1117,#1126,.T.);
#1126 = LINE('',#1127,#1128);
#1127 = CARTESIAN_POINT('',(-56.88,-37.,8.65));
#1128 = VECTOR('',#1129,1.);
#1129 = DIRECTION('',(0.,0.,1.));
#1130 = ORIENTED_EDGE('',*,*,#329,.F.);
#1131 = ORIENTED_EDGE('',*,*,#1094,.F.);
#1132 = FACE_BOUND('',#1133,.F.);
#1133 = EDGE_LOOP('',(#1134));
#1134 = ORIENTED_EDGE('',*,*,#1135,.F.);
#1135 = EDGE_CURVE('',#1136,#1136,#1138,.T.);
#1136 = VERTEX_POINT('',#1137);
#1137 = CARTESIAN_POINT('',(-65.88,-37.,36.3));
#1138 = CIRCLE('',#1139,3.3);
#1139 = AXIS2_PLACEMENT_3D('',#1140,#1141,#1142);
#1140 = CARTESIAN_POINT('',(-65.88,-37.,33.));
#1141 = DIRECTION('',(0.,1.,0.));
#1142 = DIRECTION('',(0.,-0.,1.));
#1143 = PLANE('',#1144);
#1144 = AXIS2_PLACEMENT_3D('',#1145,#1146,#1147);
#1145 = CARTESIAN_POINT('',(-75.88,-37.,8.7));
#1146 = DIRECTION('',(-0.,1.,0.));
#1147 = DIRECTION('',(0.,0.,1.));
#1148 = ADVANCED_FACE('',(#1149),#1167,.T.);
#1149 = FACE_BOUND('',#1150,.T.);
#1150 = EDGE_LOOP('',(#1151,#1152,#1153,#1161));
#1151 = ORIENTED_EDGE('',*,*,#1125,.F.);
#1152 = ORIENTED_EDGE('',*,*,#321,.T.);
#1153 = ORIENTED_EDGE('',*,*,#1154,.T.);
#1154 = EDGE_CURVE('',#314,#1155,#1157,.T.);
#1155 = VERTEX_POINT('',#1156);
#1156 = CARTESIAN_POINT('',(-56.88,-22.2,33.));
#1157 = LINE('',#1158,#1159);
#1158 = CARTESIAN_POINT('',(-56.88,-22.2,8.65));
#1159 = VECTOR('',#1160,1.);
#1160 = DIRECTION('',(0.,0.,1.));
#1161 = ORIENTED_EDGE('',*,*,#1162,.F.);
#1162 = EDGE_CURVE('',#1117,#1155,#1163,.T.);
#1163 = LINE('',#1164,#1165);
#1164 = CARTESIAN_POINT('',(-56.88,-66.2,33.));
#1165 = VECTOR('',#1166,1.);
#1166 = DIRECTION('',(-0.,1.,0.));
#1167 = PLANE('',#1168);
#1168 = AXIS2_PLACEMENT_3D('',#1169,#1170,#1171);
#1169 = CARTESIAN_POINT('',(-56.88,-66.2,8.6));
#1170 = DIRECTION('',(1.,0.,-0.));
#1171 = DIRECTION('',(0.,0.,1.));
#1172 = ADVANCED_FACE('',(#1173),#1192,.T.);
#1173 = FACE_BOUND('',#1174,.F.);
#1174 = EDGE_LOOP('',(#1175,#1176,#1177,#1185));
#1175 = ORIENTED_EDGE('',*,*,#792,.T.);
#1176 = ORIENTED_EDGE('',*,*,#183,.T.);
#1177 = ORIENTED_EDGE('',*,*,#1178,.F.);
#1178 = EDGE_CURVE('',#1179,#184,#1181,.T.);
#1179 = VERTEX_POINT('',#1180);
#1180 = CARTESIAN_POINT('',(74.08,117.565,3.));
#1181 = LINE('',#1182,#1183);
#1182 = CARTESIAN_POINT('',(74.08,117.565,3.));
#1183 = VECTOR('',#1184,1.);
#1184 = DIRECTION('',(0.,0.,1.));
#1185 = ORIENTED_EDGE('',*,*,#1186,.F.);
#1186 = EDGE_CURVE('',#793,#1179,#1187,.T.);
#1187 = CIRCLE('',#1188,0.8);
#1188 = AXIS2_PLACEMENT_3D('',#1189,#1190,#1191);
#1189 = CARTESIAN_POINT('',(74.08,116.765,3.));
#1190 = DIRECTION('',(0.,0.,1.));
#1191 = DIRECTION('',(1.,0.,-0.));
#1192 = CYLINDRICAL_SURFACE('',#1193,0.8);
#1193 = AXIS2_PLACEMENT_3D('',#1194,#1195,#1196);
#1194 = CARTESIAN_POINT('',(74.08,116.765,3.));
#1195 = DIRECTION('',(-0.,-0.,-1.));
#1196 = DIRECTION('',(1.,0.,-0.));
#1197 = ADVANCED_FACE('',(#1198,#1224),#1235,.T.);
#1198 = FACE_BOUND('',#1199,.T.);
#1199 = EDGE_LOOP('',(#1200,#1208,#1209,#1216,#1217,#1218));
#1200 = ORIENTED_EDGE('',*,*,#1201,.F.);
#1201 = EDGE_CURVE('',#642,#1202,#1204,.T.);
#1202 = VERTEX_POINT('',#1203);
#1203 = CARTESIAN_POINT('',(-55.88,-22.2,8.7));
#1204 = LINE('',#1205,#1206);
#1205 = CARTESIAN_POINT('',(-75.88,-22.2,8.7));
#1206 = VECTOR('',#1207,1.);
#1207 = DIRECTION('',(1.,0.,-0.));
#1208 = ORIENTED_EDGE('',*,*,#641,.F.);
#1209 = ORIENTED_EDGE('',*,*,#1210,.T.);
#1210 = EDGE_CURVE('',#634,#1155,#1211,.T.);
#1211 = CIRCLE('',#1212,9.);
#1212 = AXIS2_PLACEMENT_3D('',#1213,#1214,#1215);
#1213 = CARTESIAN_POINT('',(-65.88,-22.2,33.));
#1214 = DIRECTION('',(0.,1.,0.));
#1215 = DIRECTION('',(0.,-0.,1.));
#1216 = ORIENTED_EDGE('',*,*,#1154,.F.);
#1217 = ORIENTED_EDGE('',*,*,#313,.F.);
#1218 = ORIENTED_EDGE('',*,*,#1219,.F.);
#1219 = EDGE_CURVE('',#1202,#306,#1220,.T.);
#1220 = LINE('',#1221,#1222);
#1221 = CARTESIAN_POINT('',(-55.88,-22.2,8.7));
#1222 = VECTOR('',#1223,1.);
#1223 = DIRECTION('',(0.,0.,1.));
#1224 = FACE_BOUND('',#1225,.T.);
#1225 = EDGE_LOOP('',(#1226));
#1226 = ORIENTED_EDGE('',*,*,#1227,.F.);
#1227 = EDGE_CURVE('',#1228,#1228,#1230,.T.);
#1228 = VERTEX_POINT('',#1229);
#1229 = CARTESIAN_POINT('',(-65.88,-22.2,36.3));
#1230 = CIRCLE('',#1231,3.3);
#1231 = AXIS2_PLACEMENT_3D('',#1232,#1233,#1234);
#1232 = CARTESIAN_POINT('',(-65.88,-22.2,33.));
#1233 = DIRECTION('',(0.,1.,0.));
#1234 = DIRECTION('',(0.,-0.,1.));
#1235 = PLANE('',#1236);
#1236 = AXIS2_PLACEMENT_3D('',#1237,#1238,#1239);
#1237 = CARTESIAN_POINT('',(-75.88,-22.2,8.7));
#1238 = DIRECTION('',(-0.,1.,0.));
#1239 = DIRECTION('',(0.,0.,1.));
#1240 = ADVANCED_FACE('',(#1241),#1259,.F.);
#1241 = FACE_BOUND('',#1242,.F.);
#1242 = EDGE_LOOP('',(#1243,#1244,#1245,#1253));
#1243 = ORIENTED_EDGE('',*,*,#1178,.T.);
#1244 = ORIENTED_EDGE('',*,*,#192,.T.);
#1245 = ORIENTED_EDGE('',*,*,#1246,.F.);
#1246 = EDGE_CURVE('',#1247,#193,#1249,.T.);
#1247 = VERTEX_POINT('',#1248);
#1248 = CARTESIAN_POINT('',(-74.08,117.565,3.));
#1249 = LINE('',#1250,#1251);
#1250 = CARTESIAN_POINT('',(-74.08,117.565,3.));
#1251 = VECTOR('',#1252,1.);
#1252 = DIRECTION('',(0.,0.,1.));
#1253 = ORIENTED_EDGE('',*,*,#1254,.F.);
#1254 = EDGE_CURVE('',#1179,#1247,#1255,.T.);
#1255 = LINE('',#1256,#1257);
#1256 = CARTESIAN_POINT('',(74.08,117.565,3.));
#1257 = VECTOR('',#1258,1.);
#1258 = DIRECTION('',(-1.,0.,0.));
#1259 = PLANE('',#1260);
#1260 = AXIS2_PLACEMENT_3D('',#1261,#1262,#1263);
#1261 = CARTESIAN_POINT('',(74.08,117.565,3.));
#1262 = DIRECTION('',(0.,-1.,0.));
#1263 = DIRECTION('',(-1.,0.,0.));
#1264 = ADVANCED_FACE('',(#1265),#1283,.F.);
#1265 = FACE_BOUND('',#1266,.F.);
#1266 = EDGE_LOOP('',(#1267,#1268,#1276,#1282));
#1267 = ORIENTED_EDGE('',*,*,#1219,.F.);
#1268 = ORIENTED_EDGE('',*,*,#1269,.T.);
#1269 = EDGE_CURVE('',#1202,#1270,#1272,.T.);
#1270 = VERTEX_POINT('',#1271);
#1271 = CARTESIAN_POINT('',(-55.88,-7.4,8.7));
#1272 = LINE('',#1273,#1274);
#1273 = CARTESIAN_POINT('',(-55.88,-22.2,8.7));
#1274 = VECTOR('',#1275,1.);
#1275 = DIRECTION('',(-0.,1.,0.));
#1276 = ORIENTED_EDGE('',*,*,#1277,.T.);
#1277 = EDGE_CURVE('',#1270,#298,#1278,.T.);
#1278 = LINE('',#1279,#1280);
#1279 = CARTESIAN_POINT('',(-55.88,-7.4,8.7));
#1280 = VECTOR('',#1281,1.);
#1281 = DIRECTION('',(0.,0.,1.));
#1282 = ORIENTED_EDGE('',*,*,#305,.F.);
#1283 = PLANE('',#1284);
#1284 = AXIS2_PLACEMENT_3D('',#1285,#1286,#1287);
#1285 = CARTESIAN_POINT('',(-55.88,-22.2,8.7));
#1286 = DIRECTION('',(1.,0.,-0.));
#1287 = DIRECTION('',(0.,0.,1.));
#1288 = ADVANCED_FACE('',(#1289),#1301,.T.);
#1289 = FACE_BOUND('',#1290,.F.);
#1290 = EDGE_LOOP('',(#1291,#1292,#1293,#1294));
#1291 = ORIENTED_EDGE('',*,*,#1246,.T.);
#1292 = ORIENTED_EDGE('',*,*,#200,.T.);
#1293 = ORIENTED_EDGE('',*,*,#577,.F.);
#1294 = ORIENTED_EDGE('',*,*,#1295,.F.);
#1295 = EDGE_CURVE('',#1247,#578,#1296,.T.);
#1296 = CIRCLE('',#1297,0.8);
#1297 = AXIS2_PLACEMENT_3D('',#1298,#1299,#1300);
#1298 = CARTESIAN_POINT('',(-74.08,116.765,3.));
#1299 = DIRECTION('',(0.,-0.,1.));
#1300 = DIRECTION('',(0.,1.,0.));
#1301 = CYLINDRICAL_SURFACE('',#1302,0.8);
#1302 = AXIS2_PLACEMENT_3D('',#1303,#1304,#1305);
#1303 = CARTESIAN_POINT('',(-74.08,116.765,3.));
#1304 = DIRECTION('',(-0.,0.,-1.));
#1305 = DIRECTION('',(0.,1.,0.));
#1306 = ADVANCED_FACE('',(#1307,#1333),#1344,.F.);
#1307 = FACE_BOUND('',#1308,.F.);
#1308 = EDGE_LOOP('',(#1309,#1315,#1316,#1325,#1331,#1332));
#1309 = ORIENTED_EDGE('',*,*,#1310,.F.);
#1310 = EDGE_CURVE('',#650,#1270,#1311,.T.);
#1311 = LINE('',#1312,#1313);
#1312 = CARTESIAN_POINT('',(-75.88,-7.4,8.7));
#1313 = VECTOR('',#1314,1.);
#1314 = DIRECTION('',(1.,0.,-0.));
#1315 = ORIENTED_EDGE('',*,*,#657,.F.);
#1316 = ORIENTED_EDGE('',*,*,#1317,.T.);
#1317 = EDGE_CURVE('',#658,#1318,#1320,.T.);
#1318 = VERTEX_POINT('',#1319);
#1319 = CARTESIAN_POINT('',(-56.88,-7.4,33.));
#1320 = CIRCLE('',#1321,9.);
#1321 = AXIS2_PLACEMENT_3D('',#1322,#1323,#1324);
#1322 = CARTESIAN_POINT('',(-65.88,-7.4,33.));
#1323 = DIRECTION('',(0.,1.,0.));
#1324 = DIRECTION('',(0.,-0.,1.));
#1325 = ORIENTED_EDGE('',*,*,#1326,.F.);
#1326 = EDGE_CURVE('',#290,#1318,#1327,.T.);
#1327 = LINE('',#1328,#1329);
#1328 = CARTESIAN_POINT('',(-56.88,-7.4,8.65));
#1329 = VECTOR('',#1330,1.);
#1330 = DIRECTION('',(0.,0.,1.));
#1331 = ORIENTED_EDGE('',*,*,#297,.F.);
#1332 = ORIENTED_EDGE('',*,*,#1277,.F.);
#1333 = FACE_BOUND('',#1334,.F.);
#1334 = EDGE_LOOP('',(#1335));
#1335 = ORIENTED_EDGE('',*,*,#1336,.F.);
#1336 = EDGE_CURVE('',#1337,#1337,#1339,.T.);
#1337 = VERTEX_POINT('',#1338);
#1338 = CARTESIAN_POINT('',(-65.88,-7.4,36.3));
#1339 = CIRCLE('',#1340,3.3);
#1340 = AXIS2_PLACEMENT_3D('',#1341,#1342,#1343);
#1341 = CARTESIAN_POINT('',(-65.88,-7.4,33.));
#1342 = DIRECTION('',(0.,1.,0.));
#1343 = DIRECTION('',(0.,-0.,1.));
#1344 = PLANE('',#1345);
#1345 = AXIS2_PLACEMENT_3D('',#1346,#1347,#1348);
#1346 = CARTESIAN_POINT('',(-75.88,-7.4,8.7));
#1347 = DIRECTION('',(-0.,1.,0.));
#1348 = DIRECTION('',(0.,0.,1.));
#1349 = ADVANCED_FACE('',(#1350),#1368,.T.);
#1350 = FACE_BOUND('',#1351,.T.);
#1351 = EDGE_LOOP('',(#1352,#1353,#1354,#1362));
#1352 = ORIENTED_EDGE('',*,*,#1326,.F.);
#1353 = ORIENTED_EDGE('',*,*,#289,.T.);
#1354 = ORIENTED_EDGE('',*,*,#1355,.T.);
#1355 = EDGE_CURVE('',#282,#1356,#1358,.T.);
#1356 = VERTEX_POINT('',#1357);
#1357 = CARTESIAN_POINT('',(-56.88,7.4,33.));
#1358 = LINE('',#1359,#1360);
#1359 = CARTESIAN_POINT('',(-56.88,7.4,8.65));
#1360 = VECTOR('',#1361,1.);
#1361 = DIRECTION('',(0.,0.,1.));
#1362 = ORIENTED_EDGE('',*,*,#1363,.F.);
#1363 = EDGE_CURVE('',#1318,#1356,#1364,.T.);
#1364 = LINE('',#1365,#1366);
#1365 = CARTESIAN_POINT('',(-56.88,-66.2,33.));
#1366 = VECTOR('',#1367,1.);
#1367 = DIRECTION('',(-0.,1.,0.));
#1368 = PLANE('',#1369);
#1369 = AXIS2_PLACEMENT_3D('',#1370,#1371,#1372);
#1370 = CARTESIAN_POINT('',(-56.88,-66.2,8.6));
#1371 = DIRECTION('',(1.,0.,-0.));
#1372 = DIRECTION('',(0.,0.,1.));
#1373 = ADVANCED_FACE('',(#1374,#1402),#1413,.T.);
#1374 = FACE_BOUND('',#1375,.T.);
#1375 = EDGE_LOOP('',(#1376,#1377,#1386,#1395,#1401));
#1376 = ORIENTED_EDGE('',*,*,#737,.T.);
#1377 = ORIENTED_EDGE('',*,*,#1378,.T.);
#1378 = EDGE_CURVE('',#730,#1379,#1381,.T.);
#1379 = VERTEX_POINT('',#1380);
#1380 = CARTESIAN_POINT('',(-65.88,66.2,42.));
#1381 = CIRCLE('',#1382,9.);
#1382 = AXIS2_PLACEMENT_3D('',#1383,#1384,#1385);
#1383 = CARTESIAN_POINT('',(-65.88,66.2,33.));
#1384 = DIRECTION('',(0.,1.,0.));
#1385 = DIRECTION('',(0.,-0.,1.));
#1386 = ORIENTED_EDGE('',*,*,#1387,.T.);
#1387 = EDGE_CURVE('',#1379,#1388,#1390,.T.);
#1388 = VERTEX_POINT('',#1389);
#1389 = CARTESIAN_POINT('',(-56.88,66.2,33.));
#1390 = CIRCLE('',#1391,9.);
#1391 = AXIS2_PLACEMENT_3D('',#1392,#1393,#1394);
#1392 = CARTESIAN_POINT('',(-65.88,66.2,33.));
#1393 = DIRECTION('',(0.,1.,0.));
#1394 = DIRECTION('',(0.,-0.,1.));
#1395 = ORIENTED_EDGE('',*,*,#1396,.F.);
#1396 = EDGE_CURVE('',#218,#1388,#1397,.T.);
#1397 = LINE('',#1398,#1399);
#1398 = CARTESIAN_POINT('',(-56.88,66.2,8.6));
#1399 = VECTOR('',#1400,1.);
#1400 = DIRECTION('',(0.,0.,1.));
#1401 = ORIENTED_EDGE('',*,*,#217,.T.);
#1402 = FACE_BOUND('',#1403,.T.);
#1403 = EDGE_LOOP('',(#1404));
#1404 = ORIENTED_EDGE('',*,*,#1405,.F.);
#1405 = EDGE_CURVE('',#1406,#1406,#1408,.T.);
#1406 = VERTEX_POINT('',#1407);
#1407 = CARTESIAN_POINT('',(-65.88,66.2,36.3));
#1408 = CIRCLE('',#1409,3.3);
#1409 = AXIS2_PLACEMENT_3D('',#1410,#1411,#1412);
#1410 = CARTESIAN_POINT('',(-65.88,66.2,33.));
#1411 = DIRECTION('',(0.,1.,0.));
#1412 = DIRECTION('',(0.,-0.,1.));
#1413 = PLANE('',#1414);
#1414 = AXIS2_PLACEMENT_3D('',#1415,#1416,#1417);
#1415 = CARTESIAN_POINT('',(-65.88,66.2,23.732905033418));
#1416 = DIRECTION('',(0.,1.,0.));
#1417 = DIRECTION('',(0.,-0.,1.));
#1418 = ADVANCED_FACE('',(#1419,#1445),#1456,.T.);
#1419 = FACE_BOUND('',#1420,.T.);
#1420 = EDGE_LOOP('',(#1421,#1429,#1430,#1437,#1438,#1439));
#1421 = ORIENTED_EDGE('',*,*,#1422,.F.);
#1422 = EDGE_CURVE('',#674,#1423,#1425,.T.);
#1423 = VERTEX_POINT('',#1424);
#1424 = CARTESIAN_POINT('',(-55.88,7.4,8.7));
#1425 = LINE('',#1426,#1427);
#1426 = CARTESIAN_POINT('',(-75.88,7.4,8.7));
#1427 = VECTOR('',#1428,1.);
#1428 = DIRECTION('',(1.,0.,-0.));
#1429 = ORIENTED_EDGE('',*,*,#673,.F.);
#1430 = ORIENTED_EDGE('',*,*,#1431,.T.);
#1431 = EDGE_CURVE('',#666,#1356,#1432,.T.);
#1432 = CIRCLE('',#1433,9.);
#1433 = AXIS2_PLACEMENT_3D('',#1434,#1435,#1436);
#1434 = CARTESIAN_POINT('',(-65.88,7.4,33.));
#1435 = DIRECTION('',(0.,1.,0.));
#1436 = DIRECTION('',(0.,-0.,1.));
#1437 = ORIENTED_EDGE('',*,*,#1355,.F.);
#1438 = ORIENTED_EDGE('',*,*,#281,.F.);
#1439 = ORIENTED_EDGE('',*,*,#1440,.F.);
#1440 = EDGE_CURVE('',#1423,#274,#1441,.T.);
#1441 = LINE('',#1442,#1443);
#1442 = CARTESIAN_POINT('',(-55.88,7.4,8.7));
#1443 = VECTOR('',#1444,1.);
#1444 = DIRECTION('',(0.,0.,1.));
#1445 = FACE_BOUND('',#1446,.T.);
#1446 = EDGE_LOOP('',(#1447));
#1447 = ORIENTED_EDGE('',*,*,#1448,.F.);
#1448 = EDGE_CURVE('',#1449,#1449,#1451,.T.);
#1449 = VERTEX_POINT('',#1450);
#1450 = CARTESIAN_POINT('',(-65.88,7.4,36.3));
#1451 = CIRCLE('',#1452,3.3);
#1452 = AXIS2_PLACEMENT_3D('',#1453,#1454,#1455);
#1453 = CARTESIAN_POINT('',(-65.88,7.4,33.));
#1454 = DIRECTION('',(0.,1.,0.));
#1455 = DIRECTION('',(0.,-0.,1.));
#1456 = PLANE('',#1457);
#1457 = AXIS2_PLACEMENT_3D('',#1458,#1459,#1460);
#1458 = CARTESIAN_POINT('',(-75.88,7.4,8.7));
#1459 = DIRECTION('',(-0.,1.,0.));
#1460 = DIRECTION('',(0.,0.,1.));
#1461 = ADVANCED_FACE('',(#1462),#1480,.T.);
#1462 = FACE_BOUND('',#1463,.T.);
#1463 = EDGE_LOOP('',(#1464,#1472,#1473,#1474));
#1464 = ORIENTED_EDGE('',*,*,#1465,.F.);
#1465 = EDGE_CURVE('',#226,#1466,#1468,.T.);
#1466 = VERTEX_POINT('',#1467);
#1467 = CARTESIAN_POINT('',(-56.88,51.8,33.));
#1468 = LINE('',#1469,#1470);
#1469 = CARTESIAN_POINT('',(-56.88,51.8,8.65));
#1470 = VECTOR('',#1471,1.);
#1471 = DIRECTION('',(0.,0.,1.));
#1472 = ORIENTED_EDGE('',*,*,#225,.T.);
#1473 = ORIENTED_EDGE('',*,*,#1396,.T.);
#1474 = ORIENTED_EDGE('',*,*,#1475,.F.);
#1475 = EDGE_CURVE('',#1466,#1388,#1476,.T.);
#1476 = LINE('',#1477,#1478);
#1477 = CARTESIAN_POINT('',(-56.88,-66.2,33.));
#1478 = VECTOR('',#1479,1.);
#1479 = DIRECTION('',(-0.,1.,0.));
#1480 = PLANE('',#1481);
#1481 = AXIS2_PLACEMENT_3D('',#1482,#1483,#1484);
#1482 = CARTESIAN_POINT('',(-56.88,-66.2,8.6));
#1483 = DIRECTION('',(1.,0.,-0.));
#1484 = DIRECTION('',(0.,0.,1.));
#1485 = ADVANCED_FACE('',(#1486),#1504,.F.);
#1486 = FACE_BOUND('',#1487,.F.);
#1487 = EDGE_LOOP('',(#1488,#1489,#1497,#1503));
#1488 = ORIENTED_EDGE('',*,*,#1440,.F.);
#1489 = ORIENTED_EDGE('',*,*,#1490,.T.);
#1490 = EDGE_CURVE('',#1423,#1491,#1493,.T.);
#1491 = VERTEX_POINT('',#1492);
#1492 = CARTESIAN_POINT('',(-55.88,22.2,8.7));
#1493 = LINE('',#1494,#1495);
#1494 = CARTESIAN_POINT('',(-55.88,7.4,8.7));
#1495 = VECTOR('',#1496,1.);
#1496 = DIRECTION('',(-0.,1.,0.));
#1497 = ORIENTED_EDGE('',*,*,#1498,.T.);
#1498 = EDGE_CURVE('',#1491,#266,#1499,.T.);
#1499 = LINE('',#1500,#1501);
#1500 = CARTESIAN_POINT('',(-55.88,22.2,8.7));
#1501 = VECTOR('',#1502,1.);
#1502 = DIRECTION('',(0.,0.,1.));
#1503 = ORIENTED_EDGE('',*,*,#273,.F.);
#1504 = PLANE('',#1505);
#1505 = AXIS2_PLACEMENT_3D('',#1506,#1507,#1508);
#1506 = CARTESIAN_POINT('',(-55.88,7.4,8.7));
#1507 = DIRECTION('',(1.,0.,-0.));
#1508 = DIRECTION('',(0.,0.,1.));
#1509 = ADVANCED_FACE('',(#1510,#1536),#1547,.F.);
#1510 = FACE_BOUND('',#1511,.F.);
#1511 = EDGE_LOOP('',(#1512,#1520,#1521,#1528,#1529,#1530));
#1512 = ORIENTED_EDGE('',*,*,#1513,.F.);
#1513 = EDGE_CURVE('',#714,#1514,#1516,.T.);
#1514 = VERTEX_POINT('',#1515);
#1515 = CARTESIAN_POINT('',(-55.88,51.8,8.7));
#1516 = LINE('',#1517,#1518);
#1517 = CARTESIAN_POINT('',(-75.88,51.8,8.7));
#1518 = VECTOR('',#1519,1.);
#1519 = DIRECTION('',(1.,0.,-0.));
#1520 = ORIENTED_EDGE('',*,*,#721,.F.);
#1521 = ORIENTED_EDGE('',*,*,#1522,.T.);
#1522 = EDGE_CURVE('',#722,#1466,#1523,.T.);
#1523 = CIRCLE('',#1524,9.);
#1524 = AXIS2_PLACEMENT_3D('',#1525,#1526,#1527);
#1525 = CARTESIAN_POINT('',(-65.88,51.8,33.));
#1526 = DIRECTION('',(0.,1.,0.));
#1527 = DIRECTION('',(0.,-0.,1.));
#1528 = ORIENTED_EDGE('',*,*,#1465,.F.);
#1529 = ORIENTED_EDGE('',*,*,#233,.F.);
#1530 = ORIENTED_EDGE('',*,*,#1531,.F.);
#1531 = EDGE_CURVE('',#1514,#234,#1532,.T.);
#1532 = LINE('',#1533,#1534);
#1533 = CARTESIAN_POINT('',(-55.88,51.8,8.7));
#1534 = VECTOR('',#1535,1.);
#1535 = DIRECTION('',(0.,0.,1.));
#1536 = FACE_BOUND('',#1537,.F.);
#1537 = EDGE_LOOP('',(#1538));
#1538 = ORIENTED_EDGE('',*,*,#1539,.F.);
#1539 = EDGE_CURVE('',#1540,#1540,#1542,.T.);
#1540 = VERTEX_POINT('',#1541);
#1541 = CARTESIAN_POINT('',(-65.88,51.8,36.3));
#1542 = CIRCLE('',#1543,3.3);
#1543 = AXIS2_PLACEMENT_3D('',#1544,#1545,#1546);
#1544 = CARTESIAN_POINT('',(-65.88,51.8,33.));
#1545 = DIRECTION('',(0.,1.,0.));
#1546 = DIRECTION('',(0.,-0.,1.));
#1547 = PLANE('',#1548);
#1548 = AXIS2_PLACEMENT_3D('',#1549,#1550,#1551);
#1549 = CARTESIAN_POINT('',(-75.88,51.8,8.7));
#1550 = DIRECTION('',(-0.,1.,0.));
#1551 = DIRECTION('',(0.,0.,1.));
#1552 = ADVANCED_FACE('',(#1553,#1579),#1590,.F.);
#1553 = FACE_BOUND('',#1554,.F.);
#1554 = EDGE_LOOP('',(#1555,#1561,#1562,#1571,#1577,#1578));
#1555 = ORIENTED_EDGE('',*,*,#1556,.F.);
#1556 = EDGE_CURVE('',#682,#1491,#1557,.T.);
#1557 = LINE('',#1558,#1559);
#1558 = CARTESIAN_POINT('',(-75.88,22.2,8.7));
#1559 = VECTOR('',#1560,1.);
#1560 = DIRECTION('',(1.,0.,-0.));
#1561 = ORIENTED_EDGE('',*,*,#689,.F.);
#1562 = ORIENTED_EDGE('',*,*,#1563,.T.);
#1563 = EDGE_CURVE('',#690,#1564,#1566,.T.);
#1564 = VERTEX_POINT('',#1565);
#1565 = CARTESIAN_POINT('',(-56.88,22.2,33.));
#1566 = CIRCLE('',#1567,9.);
#1567 = AXIS2_PLACEMENT_3D('',#1568,#1569,#1570);
#1568 = CARTESIAN_POINT('',(-65.88,22.2,33.));
#1569 = DIRECTION('',(0.,1.,0.));
#1570 = DIRECTION('',(0.,-0.,1.));
#1571 = ORIENTED_EDGE('',*,*,#1572,.F.);
#1572 = EDGE_CURVE('',#258,#1564,#1573,.T.);
#1573 = LINE('',#1574,#1575);
#1574 = CARTESIAN_POINT('',(-56.88,22.2,8.65));
#1575 = VECTOR('',#1576,1.);
#1576 = DIRECTION('',(0.,0.,1.));
#1577 = ORIENTED_EDGE('',*,*,#265,.F.);
#1578 = ORIENTED_EDGE('',*,*,#1498,.F.);
#1579 = FACE_BOUND('',#1580,.F.);
#1580 = EDGE_LOOP('',(#1581));
#1581 = ORIENTED_EDGE('',*,*,#1582,.F.);
#1582 = EDGE_CURVE('',#1583,#1583,#1585,.T.);
#1583 = VERTEX_POINT('',#1584);
#1584 = CARTESIAN_POINT('',(-65.88,22.2,36.3));
#1585 = CIRCLE('',#1586,3.3);
#1586 = AXIS2_PLACEMENT_3D('',#1587,#1588,#1589);
#1587 = CARTESIAN_POINT('',(-65.88,22.2,33.));
#1588 = DIRECTION('',(0.,1.,0.));
#1589 = DIRECTION('',(0.,-0.,1.));
#1590 = PLANE('',#1591);
#1591 = AXIS2_PLACEMENT_3D('',#1592,#1593,#1594);
#1592 = CARTESIAN_POINT('',(-75.88,22.2,8.7));
#1593 = DIRECTION('',(-0.,1.,0.));
#1594 = DIRECTION('',(0.,0.,1.));
#1595 = ADVANCED_FACE('',(#1596),#1614,.F.);
#1596 = FACE_BOUND('',#1597,.F.);
#1597 = EDGE_LOOP('',(#1598,#1606,#1612,#1613));
#1598 = ORIENTED_EDGE('',*,*,#1599,.F.);
#1599 = EDGE_CURVE('',#1600,#242,#1602,.T.);
#1600 = VERTEX_POINT('',#1601);
#1601 = CARTESIAN_POINT('',(-55.88,37.,8.7));
#1602 = LINE('',#1603,#1604);
#1603 = CARTESIAN_POINT('',(-55.88,37.,8.7));
#1604 = VECTOR('',#1605,1.);
#1605 = DIRECTION('',(0.,0.,1.));
#1606 = ORIENTED_EDGE('',*,*,#1607,.T.);
#1607 = EDGE_CURVE('',#1600,#1514,#1608,.T.);
#1608 = LINE('',#1609,#1610);
#1609 = CARTESIAN_POINT('',(-55.88,37.,8.7));
#1610 = VECTOR('',#1611,1.);
#1611 = DIRECTION('',(-0.,1.,0.));
#1612 = ORIENTED_EDGE('',*,*,#1531,.T.);
#1613 = ORIENTED_EDGE('',*,*,#241,.F.);
#1614 = PLANE('',#1615);
#1615 = AXIS2_PLACEMENT_3D('',#1616,#1617,#1618);
#1616 = CARTESIAN_POINT('',(-55.88,37.,8.7));
#1617 = DIRECTION('',(1.,0.,-0.));
#1618 = DIRECTION('',(0.,0.,1.));
#1619 = ADVANCED_FACE('',(#1620),#1638,.T.);
#1620 = FACE_BOUND('',#1621,.T.);
#1621 = EDGE_LOOP('',(#1622,#1623,#1624,#1632));
#1622 = ORIENTED_EDGE('',*,*,#1572,.F.);
#1623 = ORIENTED_EDGE('',*,*,#257,.T.);
#1624 = ORIENTED_EDGE('',*,*,#1625,.T.);
#1625 = EDGE_CURVE('',#250,#1626,#1628,.T.);
#1626 = VERTEX_POINT('',#1627);
#1627 = CARTESIAN_POINT('',(-56.88,37.,33.));
#1628 = LINE('',#1629,#1630);
#1629 = CARTESIAN_POINT('',(-56.88,37.,8.65));
#1630 = VECTOR('',#1631,1.);
#1631 = DIRECTION('',(0.,0.,1.));
#1632 = ORIENTED_EDGE('',*,*,#1633,.F.);
#1633 = EDGE_CURVE('',#1564,#1626,#1634,.T.);
#1634 = LINE('',#1635,#1636);
#1635 = CARTESIAN_POINT('',(-56.88,-66.2,33.));
#1636 = VECTOR('',#1637,1.);
#1637 = DIRECTION('',(-0.,1.,0.));
#1638 = PLANE('',#1639);
#1639 = AXIS2_PLACEMENT_3D('',#1640,#1641,#1642);
#1640 = CARTESIAN_POINT('',(-56.88,-66.2,8.6));
#1641 = DIRECTION('',(1.,0.,-0.));
#1642 = DIRECTION('',(0.,0.,1.));
#1643 = ADVANCED_FACE('',(#1644,#1663),#1674,.T.);
#1644 = FACE_BOUND('',#1645,.T.);
#1645 = EDGE_LOOP('',(#1646,#1652,#1653,#1660,#1661,#1662));
#1646 = ORIENTED_EDGE('',*,*,#1647,.F.);
#1647 = EDGE_CURVE('',#706,#1600,#1648,.T.);
#1648 = LINE('',#1649,#1650);
#1649 = CARTESIAN_POINT('',(-75.88,37.,8.7));
#1650 = VECTOR('',#1651,1.);
#1651 = DIRECTION('',(1.,0.,-0.));
#1652 = ORIENTED_EDGE('',*,*,#705,.F.);
#1653 = ORIENTED_EDGE('',*,*,#1654,.T.);
#1654 = EDGE_CURVE('',#698,#1626,#1655,.T.);
#1655 = CIRCLE('',#1656,9.);
#1656 = AXIS2_PLACEMENT_3D('',#1657,#1658,#1659);
#1657 = CARTESIAN_POINT('',(-65.88,37.,33.));
#1658 = DIRECTION('',(0.,1.,0.));
#1659 = DIRECTION('',(0.,-0.,1.));
#1660 = ORIENTED_EDGE('',*,*,#1625,.F.);
#1661 = ORIENTED_EDGE('',*,*,#249,.F.);
#1662 = ORIENTED_EDGE('',*,*,#1599,.F.);
#1663 = FACE_BOUND('',#1664,.T.);
#1664 = EDGE_LOOP('',(#1665));
#1665 = ORIENTED_EDGE('',*,*,#1666,.F.);
#1666 = EDGE_CURVE('',#1667,#1667,#1669,.T.);
#1667 = VERTEX_POINT('',#1668);
#1668 = CARTESIAN_POINT('',(-65.88,37.,36.3));
#1669 = CIRCLE('',#1670,3.3);
#1670 = AXIS2_PLACEMENT_3D('',#1671,#1672,#1673);
#1671 = CARTESIAN_POINT('',(-65.88,37.,33.));
#1672 = DIRECTION('',(0.,1.,0.));
#1673 = DIRECTION('',(0.,-0.,1.));
#1674 = PLANE('',#1675);
#1675 = AXIS2_PLACEMENT_3D('',#1676,#1677,#1678);
#1676 = CARTESIAN_POINT('',(-75.88,37.,8.7));
#1677 = DIRECTION('',(-0.,1.,0.));
#1678 = DIRECTION('',(0.,0.,1.));
#1679 = ADVANCED_FACE('',(#1680),#1699,.F.);
#1680 = FACE_BOUND('',#1681,.F.);
#1681 = EDGE_LOOP('',(#1682,#1683,#1691,#1698));
#1682 = ORIENTED_EDGE('',*,*,#361,.F.);
#1683 = ORIENTED_EDGE('',*,*,#1684,.F.);
#1684 = EDGE_CURVE('',#1685,#362,#1687,.T.);
#1685 = VERTEX_POINT('',#1686);
#1686 = CARTESIAN_POINT('',(-59.4,-80.195,3.));
#1687 = LINE('',#1688,#1689);
#1688 = CARTESIAN_POINT('',(-59.4,-80.195,1.));
#1689 = VECTOR('',#1690,1.);
#1690 = DIRECTION('',(0.,0.,1.));
#1691 = ORIENTED_EDGE('',*,*,#1692,.T.);
#1692 = EDGE_CURVE('',#1685,#1685,#1693,.T.);
#1693 = CIRCLE('',#1694,1.5);
#1694 = AXIS2_PLACEMENT_3D('',#1695,#1696,#1697);
#1695 = CARTESIAN_POINT('',(-60.9,-80.195,3.));
#1696 = DIRECTION('',(0.,0.,1.));
#1697 = DIRECTION('',(1.,0.,-0.));
#1698 = ORIENTED_EDGE('',*,*,#1684,.T.);
#1699 = CYLINDRICAL_SURFACE('',#1700,1.5);
#1700 = AXIS2_PLACEMENT_3D('',#1701,#1702,#1703);
#1701 = CARTESIAN_POINT('',(-60.9,-80.195,1.));
#1702 = DIRECTION('',(0.,0.,1.));
#1703 = DIRECTION('',(1.,0.,-0.));
#1704 = ADVANCED_FACE('',(#1705,#1730,#1764,#1798,#1832,#1866,#1900,
    #1934,#1968,#2002,#2036,#2070,#2104,#2138,#2172,#2206,#2240,#2274,
    #2308),#2342,.F.);
#1705 = FACE_BOUND('',#1706,.F.);
#1706 = EDGE_LOOP('',(#1707,#1708,#1716,#1724));
#1707 = ORIENTED_EDGE('',*,*,#372,.T.);
#1708 = ORIENTED_EDGE('',*,*,#1709,.T.);
#1709 = EDGE_CURVE('',#375,#1710,#1712,.T.);
#1710 = VERTEX_POINT('',#1711);
#1711 = CARTESIAN_POINT('',(42.8,67.195,40.));
#1712 = LINE('',#1713,#1714);
#1713 = CARTESIAN_POINT('',(42.8,67.195,8.6));
#1714 = VECTOR('',#1715,1.);
#1715 = DIRECTION('',(0.,0.,1.));
#1716 = ORIENTED_EDGE('',*,*,#1717,.T.);
#1717 = EDGE_CURVE('',#1710,#1718,#1720,.T.);
#1718 = VERTEX_POINT('',#1719);
#1719 = CARTESIAN_POINT('',(-42.8,67.195,40.));
#1720 = LINE('',#1721,#1722);
#1721 = CARTESIAN_POINT('',(42.8,67.195,40.));
#1722 = VECTOR('',#1723,1.);
#1723 = DIRECTION('',(-1.,0.,0.));
#1724 = ORIENTED_EDGE('',*,*,#1725,.F.);
#1725 = EDGE_CURVE('',#373,#1718,#1726,.T.);
#1726 = LINE('',#1727,#1728);
#1727 = CARTESIAN_POINT('',(-42.8,67.195,8.6));
#1728 = VECTOR('',#1729,1.);
#1729 = DIRECTION('',(0.,0.,1.));
#1730 = FACE_BOUND('',#1731,.F.);
#1731 = EDGE_LOOP('',(#1732,#1742,#1750,#1758));
#1732 = ORIENTED_EDGE('',*,*,#1733,.T.);
#1733 = EDGE_CURVE('',#1734,#1736,#1738,.T.);
#1734 = VERTEX_POINT('',#1735);
#1735 = CARTESIAN_POINT('',(31.5,67.195,27.));
#1736 = VERTEX_POINT('',#1737);
#1737 = CARTESIAN_POINT('',(28.5,67.195,27.));
#1738 = LINE('',#1739,#1740);
#1739 = CARTESIAN_POINT('',(35.65,67.195,27.));
#1740 = VECTOR('',#1741,1.);
#1741 = DIRECTION('',(-1.,0.,0.));
#1742 = ORIENTED_EDGE('',*,*,#1743,.T.);
#1743 = EDGE_CURVE('',#1736,#1744,#1746,.T.);
#1744 = VERTEX_POINT('',#1745);
#1745 = CARTESIAN_POINT('',(28.5,67.195,36.));
#1746 = LINE('',#1747,#1748);
#1747 = CARTESIAN_POINT('',(28.5,67.195,17.8));
#1748 = VECTOR('',#1749,1.);
#1749 = DIRECTION('',(0.,0.,1.));
#1750 = ORIENTED_EDGE('',*,*,#1751,.F.);
#1751 = EDGE_CURVE('',#1752,#1744,#1754,.T.);
#1752 = VERTEX_POINT('',#1753);
#1753 = CARTESIAN_POINT('',(31.5,67.195,36.));
#1754 = LINE('',#1755,#1756);
#1755 = CARTESIAN_POINT('',(35.65,67.195,36.));
#1756 = VECTOR('',#1757,1.);
#1757 = DIRECTION('',(-1.,0.,0.));
#1758 = ORIENTED_EDGE('',*,*,#1759,.F.);
#1759 = EDGE_CURVE('',#1734,#1752,#1760,.T.);
#1760 = LINE('',#1761,#1762);
#1761 = CARTESIAN_POINT('',(31.5,67.195,17.8));
#1762 = VECTOR('',#1763,1.);
#1763 = DIRECTION('',(0.,0.,1.));
#1764 = FACE_BOUND('',#1765,.F.);
#1765 = EDGE_LOOP('',(#1766,#1776,#1784,#1792));
#1766 = ORIENTED_EDGE('',*,*,#1767,.T.);
#1767 = EDGE_CURVE('',#1768,#1770,#1772,.T.);
#1768 = VERTEX_POINT('',#1769);
#1769 = CARTESIAN_POINT('',(24.,67.195,27.));
#1770 = VERTEX_POINT('',#1771);
#1771 = CARTESIAN_POINT('',(21.,67.195,27.));
#1772 = LINE('',#1773,#1774);
#1773 = CARTESIAN_POINT('',(31.9,67.195,27.));
#1774 = VECTOR('',#1775,1.);
#1775 = DIRECTION('',(-1.,0.,0.));
#1776 = ORIENTED_EDGE('',*,*,#1777,.T.);
#1777 = EDGE_CURVE('',#1770,#1778,#1780,.T.);
#1778 = VERTEX_POINT('',#1779);
#1779 = CARTESIAN_POINT('',(21.,67.195,36.));
#1780 = LINE('',#1781,#1782);
#1781 = CARTESIAN_POINT('',(21.,67.195,17.8));
#1782 = VECTOR('',#1783,1.);
#1783 = DIRECTION('',(0.,0.,1.));
#1784 = ORIENTED_EDGE('',*,*,#1785,.F.);
#1785 = EDGE_CURVE('',#1786,#1778,#1788,.T.);
#1786 = VERTEX_POINT('',#1787);
#1787 = CARTESIAN_POINT('',(24.,67.195,36.));
#1788 = LINE('',#1789,#1790);
#1789 = CARTESIAN_POINT('',(31.9,67.195,36.));
#1790 = VECTOR('',#1791,1.);
#1791 = DIRECTION('',(-1.,0.,0.));
#1792 = ORIENTED_EDGE('',*,*,#1793,.F.);
#1793 = EDGE_CURVE('',#1768,#1786,#1794,.T.);
#1794 = LINE('',#1795,#1796);
#1795 = CARTESIAN_POINT('',(24.,67.195,17.8));
#1796 = VECTOR('',#1797,1.);
#1797 = DIRECTION('',(0.,0.,1.));
#1798 = FACE_BOUND('',#1799,.F.);
#1799 = EDGE_LOOP('',(#1800,#1810,#1818,#1826));
#1800 = ORIENTED_EDGE('',*,*,#1801,.T.);
#1801 = EDGE_CURVE('',#1802,#1804,#1806,.T.);
#1802 = VERTEX_POINT('',#1803);
#1803 = CARTESIAN_POINT('',(16.5,67.195,27.));
#1804 = VERTEX_POINT('',#1805);
#1805 = CARTESIAN_POINT('',(13.5,67.195,27.));
#1806 = LINE('',#1807,#1808);
#1807 = CARTESIAN_POINT('',(28.15,67.195,27.));
#1808 = VECTOR('',#1809,1.);
#1809 = DIRECTION('',(-1.,0.,0.));
#1810 = ORIENTED_EDGE('',*,*,#1811,.T.);
#1811 = EDGE_CURVE('',#1804,#1812,#1814,.T.);
#1812 = VERTEX_POINT('',#1813);
#1813 = CARTESIAN_POINT('',(13.5,67.195,36.));
#1814 = LINE('',#1815,#1816);
#1815 = CARTESIAN_POINT('',(13.5,67.195,17.8));
#1816 = VECTOR('',#1817,1.);
#1817 = DIRECTION('',(0.,0.,1.));
#1818 = ORIENTED_EDGE('',*,*,#1819,.F.);
#1819 = EDGE_CURVE('',#1820,#1812,#1822,.T.);
#1820 = VERTEX_POINT('',#1821);
#1821 = CARTESIAN_POINT('',(16.5,67.195,36.));
#1822 = LINE('',#1823,#1824);
#1823 = CARTESIAN_POINT('',(28.15,67.195,36.));
#1824 = VECTOR('',#1825,1.);
#1825 = DIRECTION('',(-1.,0.,0.));
#1826 = ORIENTED_EDGE('',*,*,#1827,.F.);
#1827 = EDGE_CURVE('',#1802,#1820,#1828,.T.);
#1828 = LINE('',#1829,#1830);
#1829 = CARTESIAN_POINT('',(16.5,67.195,17.8));
#1830 = VECTOR('',#1831,1.);
#1831 = DIRECTION('',(0.,0.,1.));
#1832 = FACE_BOUND('',#1833,.F.);
#1833 = EDGE_LOOP('',(#1834,#1844,#1852,#1860));
#1834 = ORIENTED_EDGE('',*,*,#1835,.T.);
#1835 = EDGE_CURVE('',#1836,#1838,#1840,.T.);
#1836 = VERTEX_POINT('',#1837);
#1837 = CARTESIAN_POINT('',(9.,67.195,27.));
#1838 = VERTEX_POINT('',#1839);
#1839 = CARTESIAN_POINT('',(6.,67.195,27.));
#1840 = LINE('',#1841,#1842);
#1841 = CARTESIAN_POINT('',(24.4,67.195,27.));
#1842 = VECTOR('',#1843,1.);
#1843 = DIRECTION('',(-1.,0.,0.));
#1844 = ORIENTED_EDGE('',*,*,#1845,.T.);
#1845 = EDGE_CURVE('',#1838,#1846,#1848,.T.);
#1846 = VERTEX_POINT('',#1847);
#1847 = CARTESIAN_POINT('',(6.,67.195,36.));
#1848 = LINE('',#1849,#1850);
#1849 = CARTESIAN_POINT('',(6.,67.195,17.8));
#1850 = VECTOR('',#1851,1.);
#1851 = DIRECTION('',(0.,0.,1.));
#1852 = ORIENTED_EDGE('',*,*,#1853,.F.);
#1853 = EDGE_CURVE('',#1854,#1846,#1856,.T.);
#1854 = VERTEX_POINT('',#1855);
#1855 = CARTESIAN_POINT('',(9.,67.195,36.));
#1856 = LINE('',#1857,#1858);
#1857 = CARTESIAN_POINT('',(24.4,67.195,36.));
#1858 = VECTOR('',#1859,1.);
#1859 = DIRECTION('',(-1.,0.,0.));
#1860 = ORIENTED_EDGE('',*,*,#1861,.F.);
#1861 = EDGE_CURVE('',#1836,#1854,#1862,.T.);
#1862 = LINE('',#1863,#1864);
#1863 = CARTESIAN_POINT('',(9.,67.195,17.8));
#1864 = VECTOR('',#1865,1.);
#1865 = DIRECTION('',(0.,0.,1.));
#1866 = FACE_BOUND('',#1867,.F.);
#1867 = EDGE_LOOP('',(#1868,#1878,#1886,#1894));
#1868 = ORIENTED_EDGE('',*,*,#1869,.T.);
#1869 = EDGE_CURVE('',#1870,#1872,#1874,.T.);
#1870 = VERTEX_POINT('',#1871);
#1871 = CARTESIAN_POINT('',(1.5,67.195,27.));
#1872 = VERTEX_POINT('',#1873);
#1873 = CARTESIAN_POINT('',(-1.5,67.195,27.));
#1874 = LINE('',#1875,#1876);
#1875 = CARTESIAN_POINT('',(20.65,67.195,27.));
#1876 = VECTOR('',#1877,1.);
#1877 = DIRECTION('',(-1.,0.,0.));
#1878 = ORIENTED_EDGE('',*,*,#1879,.T.);
#1879 = EDGE_CURVE('',#1872,#1880,#1882,.T.);
#1880 = VERTEX_POINT('',#1881);
#1881 = CARTESIAN_POINT('',(-1.5,67.195,36.));
#1882 = LINE('',#1883,#1884);
#1883 = CARTESIAN_POINT('',(-1.5,67.195,17.8));
#1884 = VECTOR('',#1885,1.);
#1885 = DIRECTION('',(0.,0.,1.));
#1886 = ORIENTED_EDGE('',*,*,#1887,.F.);
#1887 = EDGE_CURVE('',#1888,#1880,#1890,.T.);
#1888 = VERTEX_POINT('',#1889);
#1889 = CARTESIAN_POINT('',(1.5,67.195,36.));
#1890 = LINE('',#1891,#1892);
#1891 = CARTESIAN_POINT('',(20.65,67.195,36.));
#1892 = VECTOR('',#1893,1.);
#1893 = DIRECTION('',(-1.,0.,0.));
#1894 = ORIENTED_EDGE('',*,*,#1895,.F.);
#1895 = EDGE_CURVE('',#1870,#1888,#1896,.T.);
#1896 = LINE('',#1897,#1898);
#1897 = CARTESIAN_POINT('',(1.5,67.195,17.8));
#1898 = VECTOR('',#1899,1.);
#1899 = DIRECTION('',(0.,0.,1.));
#1900 = FACE_BOUND('',#1901,.F.);
#1901 = EDGE_LOOP('',(#1902,#1912,#1920,#1928));
#1902 = ORIENTED_EDGE('',*,*,#1903,.T.);
#1903 = EDGE_CURVE('',#1904,#1906,#1908,.T.);
#1904 = VERTEX_POINT('',#1905);
#1905 = CARTESIAN_POINT('',(-6.,67.195,27.));
#1906 = VERTEX_POINT('',#1907);
#1907 = CARTESIAN_POINT('',(-9.,67.195,27.));
#1908 = LINE('',#1909,#1910);
#1909 = CARTESIAN_POINT('',(16.9,67.195,27.));
#1910 = VECTOR('',#1911,1.);
#1911 = DIRECTION('',(-1.,0.,0.));
#1912 = ORIENTED_EDGE('',*,*,#1913,.T.);
#1913 = EDGE_CURVE('',#1906,#1914,#1916,.T.);
#1914 = VERTEX_POINT('',#1915);
#1915 = CARTESIAN_POINT('',(-9.,67.195,36.));
#1916 = LINE('',#1917,#1918);
#1917 = CARTESIAN_POINT('',(-9.,67.195,17.8));
#1918 = VECTOR('',#1919,1.);
#1919 = DIRECTION('',(0.,0.,1.));
#1920 = ORIENTED_EDGE('',*,*,#1921,.F.);
#1921 = EDGE_CURVE('',#1922,#1914,#1924,.T.);
#1922 = VERTEX_POINT('',#1923);
#1923 = CARTESIAN_POINT('',(-6.,67.195,36.));
#1924 = LINE('',#1925,#1926);
#1925 = CARTESIAN_POINT('',(16.9,67.195,36.));
#1926 = VECTOR('',#1927,1.);
#1927 = DIRECTION('',(-1.,0.,0.));
#1928 = ORIENTED_EDGE('',*,*,#1929,.F.);
#1929 = EDGE_CURVE('',#1904,#1922,#1930,.T.);
#1930 = LINE('',#1931,#1932);
#1931 = CARTESIAN_POINT('',(-6.,67.195,17.8));
#1932 = VECTOR('',#1933,1.);
#1933 = DIRECTION('',(0.,0.,1.));
#1934 = FACE_BOUND('',#1935,.F.);
#1935 = EDGE_LOOP('',(#1936,#1946,#1954,#1962));
#1936 = ORIENTED_EDGE('',*,*,#1937,.T.);
#1937 = EDGE_CURVE('',#1938,#1940,#1942,.T.);
#1938 = VERTEX_POINT('',#1939);
#1939 = CARTESIAN_POINT('',(-13.5,67.195,27.));
#1940 = VERTEX_POINT('',#1941);
#1941 = CARTESIAN_POINT('',(-16.5,67.195,27.));
#1942 = LINE('',#1943,#1944);
#1943 = CARTESIAN_POINT('',(13.15,67.195,27.));
#1944 = VECTOR('',#1945,1.);
#1945 = DIRECTION('',(-1.,0.,0.));
#1946 = ORIENTED_EDGE('',*,*,#1947,.T.);
#1947 = EDGE_CURVE('',#1940,#1948,#1950,.T.);
#1948 = VERTEX_POINT('',#1949);
#1949 = CARTESIAN_POINT('',(-16.5,67.195,36.));
#1950 = LINE('',#1951,#1952);
#1951 = CARTESIAN_POINT('',(-16.5,67.195,17.8));
#1952 = VECTOR('',#1953,1.);
#1953 = DIRECTION('',(0.,0.,1.));
#1954 = ORIENTED_EDGE('',*,*,#1955,.F.);
#1955 = EDGE_CURVE('',#1956,#1948,#1958,.T.);
#1956 = VERTEX_POINT('',#1957);
#1957 = CARTESIAN_POINT('',(-13.5,67.195,36.));
#1958 = LINE('',#1959,#1960);
#1959 = CARTESIAN_POINT('',(13.15,67.195,36.));
#1960 = VECTOR('',#1961,1.);
#1961 = DIRECTION('',(-1.,0.,0.));
#1962 = ORIENTED_EDGE('',*,*,#1963,.F.);
#1963 = EDGE_CURVE('',#1938,#1956,#1964,.T.);
#1964 = LINE('',#1965,#1966);
#1965 = CARTESIAN_POINT('',(-13.5,67.195,17.8));
#1966 = VECTOR('',#1967,1.);
#1967 = DIRECTION('',(0.,0.,1.));
#1968 = FACE_BOUND('',#1969,.F.);
#1969 = EDGE_LOOP('',(#1970,#1980,#1988,#1996));
#1970 = ORIENTED_EDGE('',*,*,#1971,.T.);
#1971 = EDGE_CURVE('',#1972,#1974,#1976,.T.);
#1972 = VERTEX_POINT('',#1973);
#1973 = CARTESIAN_POINT('',(-21.,67.195,27.));
#1974 = VERTEX_POINT('',#1975);
#1975 = CARTESIAN_POINT('',(-24.,67.195,27.));
#1976 = LINE('',#1977,#1978);
#1977 = CARTESIAN_POINT('',(9.4,67.195,27.));
#1978 = VECTOR('',#1979,1.);
#1979 = DIRECTION('',(-1.,0.,0.));
#1980 = ORIENTED_EDGE('',*,*,#1981,.T.);
#1981 = EDGE_CURVE('',#1974,#1982,#1984,.T.);
#1982 = VERTEX_POINT('',#1983);
#1983 = CARTESIAN_POINT('',(-24.,67.195,36.));
#1984 = LINE('',#1985,#1986);
#1985 = CARTESIAN_POINT('',(-24.,67.195,17.8));
#1986 = VECTOR('',#1987,1.);
#1987 = DIRECTION('',(0.,0.,1.));
#1988 = ORIENTED_EDGE('',*,*,#1989,.F.);
#1989 = EDGE_CURVE('',#1990,#1982,#1992,.T.);
#1990 = VERTEX_POINT('',#1991);
#1991 = CARTESIAN_POINT('',(-21.,67.195,36.));
#1992 = LINE('',#1993,#1994);
#1993 = CARTESIAN_POINT('',(9.4,67.195,36.));
#1994 = VECTOR('',#1995,1.);
#1995 = DIRECTION('',(-1.,0.,0.));
#1996 = ORIENTED_EDGE('',*,*,#1997,.F.);
#1997 = EDGE_CURVE('',#1972,#1990,#1998,.T.);
#1998 = LINE('',#1999,#2000);
#1999 = CARTESIAN_POINT('',(-21.,67.195,17.8));
#2000 = VECTOR('',#2001,1.);
#2001 = DIRECTION('',(0.,0.,1.));
#2002 = FACE_BOUND('',#2003,.F.);
#2003 = EDGE_LOOP('',(#2004,#2014,#2022,#2030));
#2004 = ORIENTED_EDGE('',*,*,#2005,.T.);
#2005 = EDGE_CURVE('',#2006,#2008,#2010,.T.);
#2006 = VERTEX_POINT('',#2007);
#2007 = CARTESIAN_POINT('',(-28.5,67.195,27.));
#2008 = VERTEX_POINT('',#2009);
#2009 = CARTESIAN_POINT('',(-31.5,67.195,27.));
#2010 = LINE('',#2011,#2012);
#2011 = CARTESIAN_POINT('',(5.65,67.195,27.));
#2012 = VECTOR('',#2013,1.);
#2013 = DIRECTION('',(-1.,0.,0.));
#2014 = ORIENTED_EDGE('',*,*,#2015,.T.);
#2015 = EDGE_CURVE('',#2008,#2016,#2018,.T.);
#2016 = VERTEX_POINT('',#2017);
#2017 = CARTESIAN_POINT('',(-31.5,67.195,36.));
#2018 = LINE('',#2019,#2020);
#2019 = CARTESIAN_POINT('',(-31.5,67.195,17.8));
#2020 = VECTOR('',#2021,1.);
#2021 = DIRECTION('',(0.,0.,1.));
#2022 = ORIENTED_EDGE('',*,*,#2023,.F.);
#2023 = EDGE_CURVE('',#2024,#2016,#2026,.T.);
#2024 = VERTEX_POINT('',#2025);
#2025 = CARTESIAN_POINT('',(-28.5,67.195,36.));
#2026 = LINE('',#2027,#2028);
#2027 = CARTESIAN_POINT('',(5.65,67.195,36.));
#2028 = VECTOR('',#2029,1.);
#2029 = DIRECTION('',(-1.,0.,0.));
#2030 = ORIENTED_EDGE('',*,*,#2031,.F.);
#2031 = EDGE_CURVE('',#2006,#2024,#2032,.T.);
#2032 = LINE('',#2033,#2034);
#2033 = CARTESIAN_POINT('',(-28.5,67.195,17.8));
#2034 = VECTOR('',#2035,1.);
#2035 = DIRECTION('',(0.,0.,1.));
#2036 = FACE_BOUND('',#2037,.F.);
#2037 = EDGE_LOOP('',(#2038,#2048,#2056,#2064));
#2038 = ORIENTED_EDGE('',*,*,#2039,.T.);
#2039 = EDGE_CURVE('',#2040,#2042,#2044,.T.);
#2040 = VERTEX_POINT('',#2041);
#2041 = CARTESIAN_POINT('',(31.5,67.195,16.));
#2042 = VERTEX_POINT('',#2043);
#2043 = CARTESIAN_POINT('',(28.5,67.195,16.));
#2044 = LINE('',#2045,#2046);
#2045 = CARTESIAN_POINT('',(35.65,67.195,16.));
#2046 = VECTOR('',#2047,1.);
#2047 = DIRECTION('',(-1.,0.,0.));
#2048 = ORIENTED_EDGE('',*,*,#2049,.T.);
#2049 = EDGE_CURVE('',#2042,#2050,#2052,.T.);
#2050 = VERTEX_POINT('',#2051);
#2051 = CARTESIAN_POINT('',(28.5,67.195,25.));
#2052 = LINE('',#2053,#2054);
#2053 = CARTESIAN_POINT('',(28.5,67.195,12.3));
#2054 = VECTOR('',#2055,1.);
#2055 = DIRECTION('',(0.,0.,1.));
#2056 = ORIENTED_EDGE('',*,*,#2057,.F.);
#2057 = EDGE_CURVE('',#2058,#2050,#2060,.T.);
#2058 = VERTEX_POINT('',#2059);
#2059 = CARTESIAN_POINT('',(31.5,67.195,25.));
#2060 = LINE('',#2061,#2062);
#2061 = CARTESIAN_POINT('',(35.65,67.195,25.));
#2062 = VECTOR('',#2063,1.);
#2063 = DIRECTION('',(-1.,0.,0.));
#2064 = ORIENTED_EDGE('',*,*,#2065,.F.);
#2065 = EDGE_CURVE('',#2040,#2058,#2066,.T.);
#2066 = LINE('',#2067,#2068);
#2067 = CARTESIAN_POINT('',(31.5,67.195,12.3));
#2068 = VECTOR('',#2069,1.);
#2069 = DIRECTION('',(0.,0.,1.));
#2070 = FACE_BOUND('',#2071,.F.);
#2071 = EDGE_LOOP('',(#2072,#2082,#2090,#2098));
#2072 = ORIENTED_EDGE('',*,*,#2073,.T.);
#2073 = EDGE_CURVE('',#2074,#2076,#2078,.T.);
#2074 = VERTEX_POINT('',#2075);
#2075 = CARTESIAN_POINT('',(24.,67.195,16.));
#2076 = VERTEX_POINT('',#2077);
#2077 = CARTESIAN_POINT('',(21.,67.195,16.));
#2078 = LINE('',#2079,#2080);
#2079 = CARTESIAN_POINT('',(31.9,67.195,16.));
#2080 = VECTOR('',#2081,1.);
#2081 = DIRECTION('',(-1.,0.,0.));
#2082 = ORIENTED_EDGE('',*,*,#2083,.T.);
#2083 = EDGE_CURVE('',#2076,#2084,#2086,.T.);
#2084 = VERTEX_POINT('',#2085);
#2085 = CARTESIAN_POINT('',(21.,67.195,25.));
#2086 = LINE('',#2087,#2088);
#2087 = CARTESIAN_POINT('',(21.,67.195,12.3));
#2088 = VECTOR('',#2089,1.);
#2089 = DIRECTION('',(0.,0.,1.));
#2090 = ORIENTED_EDGE('',*,*,#2091,.F.);
#2091 = EDGE_CURVE('',#2092,#2084,#2094,.T.);
#2092 = VERTEX_POINT('',#2093);
#2093 = CARTESIAN_POINT('',(24.,67.195,25.));
#2094 = LINE('',#2095,#2096);
#2095 = CARTESIAN_POINT('',(31.9,67.195,25.));
#2096 = VECTOR('',#2097,1.);
#2097 = DIRECTION('',(-1.,0.,0.));
#2098 = ORIENTED_EDGE('',*,*,#2099,.F.);
#2099 = EDGE_CURVE('',#2074,#2092,#2100,.T.);
#2100 = LINE('',#2101,#2102);
#2101 = CARTESIAN_POINT('',(24.,67.195,12.3));
#2102 = VECTOR('',#2103,1.);
#2103 = DIRECTION('',(0.,0.,1.));
#2104 = FACE_BOUND('',#2105,.F.);
#2105 = EDGE_LOOP('',(#2106,#2116,#2124,#2132));
#2106 = ORIENTED_EDGE('',*,*,#2107,.T.);
#2107 = EDGE_CURVE('',#2108,#2110,#2112,.T.);
#2108 = VERTEX_POINT('',#2109);
#2109 = CARTESIAN_POINT('',(16.5,67.195,16.));
#2110 = VERTEX_POINT('',#2111);
#2111 = CARTESIAN_POINT('',(13.5,67.195,16.));
#2112 = LINE('',#2113,#2114);
#2113 = CARTESIAN_POINT('',(28.15,67.195,16.));
#2114 = VECTOR('',#2115,1.);
#2115 = DIRECTION('',(-1.,0.,0.));
#2116 = ORIENTED_EDGE('',*,*,#2117,.T.);
#2117 = EDGE_CURVE('',#2110,#2118,#2120,.T.);
#2118 = VERTEX_POINT('',#2119);
#2119 = CARTESIAN_POINT('',(13.5,67.195,25.));
#2120 = LINE('',#2121,#2122);
#2121 = CARTESIAN_POINT('',(13.5,67.195,12.3));
#2122 = VECTOR('',#2123,1.);
#2123 = DIRECTION('',(0.,0.,1.));
#2124 = ORIENTED_EDGE('',*,*,#2125,.F.);
#2125 = EDGE_CURVE('',#2126,#2118,#2128,.T.);
#2126 = VERTEX_POINT('',#2127);
#2127 = CARTESIAN_POINT('',(16.5,67.195,25.));
#2128 = LINE('',#2129,#2130);
#2129 = CARTESIAN_POINT('',(28.15,67.195,25.));
#2130 = VECTOR('',#2131,1.);
#2131 = DIRECTION('',(-1.,0.,0.));
#2132 = ORIENTED_EDGE('',*,*,#2133,.F.);
#2133 = EDGE_CURVE('',#2108,#2126,#2134,.T.);
#2134 = LINE('',#2135,#2136);
#2135 = CARTESIAN_POINT('',(16.5,67.195,12.3));
#2136 = VECTOR('',#2137,1.);
#2137 = DIRECTION('',(0.,0.,1.));
#2138 = FACE_BOUND('',#2139,.F.);
#2139 = EDGE_LOOP('',(#2140,#2150,#2158,#2166));
#2140 = ORIENTED_EDGE('',*,*,#2141,.T.);
#2141 = EDGE_CURVE('',#2142,#2144,#2146,.T.);
#2142 = VERTEX_POINT('',#2143);
#2143 = CARTESIAN_POINT('',(9.,67.195,16.));
#2144 = VERTEX_POINT('',#2145);
#2145 = CARTESIAN_POINT('',(6.,67.195,16.));
#2146 = LINE('',#2147,#2148);
#2147 = CARTESIAN_POINT('',(24.4,67.195,16.));
#2148 = VECTOR('',#2149,1.);
#2149 = DIRECTION('',(-1.,0.,0.));
#2150 = ORIENTED_EDGE('',*,*,#2151,.T.);
#2151 = EDGE_CURVE('',#2144,#2152,#2154,.T.);
#2152 = VERTEX_POINT('',#2153);
#2153 = CARTESIAN_POINT('',(6.,67.195,25.));
#2154 = LINE('',#2155,#2156);
#2155 = CARTESIAN_POINT('',(6.,67.195,12.3));
#2156 = VECTOR('',#2157,1.);
#2157 = DIRECTION('',(0.,0.,1.));
#2158 = ORIENTED_EDGE('',*,*,#2159,.F.);
#2159 = EDGE_CURVE('',#2160,#2152,#2162,.T.);
#2160 = VERTEX_POINT('',#2161);
#2161 = CARTESIAN_POINT('',(9.,67.195,25.));
#2162 = LINE('',#2163,#2164);
#2163 = CARTESIAN_POINT('',(24.4,67.195,25.));
#2164 = VECTOR('',#2165,1.);
#2165 = DIRECTION('',(-1.,0.,0.));
#2166 = ORIENTED_EDGE('',*,*,#2167,.F.);
#2167 = EDGE_CURVE('',#2142,#2160,#2168,.T.);
#2168 = LINE('',#2169,#2170);
#2169 = CARTESIAN_POINT('',(9.,67.195,12.3));
#2170 = VECTOR('',#2171,1.);
#2171 = DIRECTION('',(0.,0.,1.));
#2172 = FACE_BOUND('',#2173,.F.);
#2173 = EDGE_LOOP('',(#2174,#2184,#2192,#2200));
#2174 = ORIENTED_EDGE('',*,*,#2175,.T.);
#2175 = EDGE_CURVE('',#2176,#2178,#2180,.T.);
#2176 = VERTEX_POINT('',#2177);
#2177 = CARTESIAN_POINT('',(1.5,67.195,16.));
#2178 = VERTEX_POINT('',#2179);
#2179 = CARTESIAN_POINT('',(-1.5,67.195,16.));
#2180 = LINE('',#2181,#2182);
#2181 = CARTESIAN_POINT('',(20.65,67.195,16.));
#2182 = VECTOR('',#2183,1.);
#2183 = DIRECTION('',(-1.,0.,0.));
#2184 = ORIENTED_EDGE('',*,*,#2185,.T.);
#2185 = EDGE_CURVE('',#2178,#2186,#2188,.T.);
#2186 = VERTEX_POINT('',#2187);
#2187 = CARTESIAN_POINT('',(-1.5,67.195,25.));
#2188 = LINE('',#2189,#2190);
#2189 = CARTESIAN_POINT('',(-1.5,67.195,12.3));
#2190 = VECTOR('',#2191,1.);
#2191 = DIRECTION('',(0.,0.,1.));
#2192 = ORIENTED_EDGE('',*,*,#2193,.F.);
#2193 = EDGE_CURVE('',#2194,#2186,#2196,.T.);
#2194 = VERTEX_POINT('',#2195);
#2195 = CARTESIAN_POINT('',(1.5,67.195,25.));
#2196 = LINE('',#2197,#2198);
#2197 = CARTESIAN_POINT('',(20.65,67.195,25.));
#2198 = VECTOR('',#2199,1.);
#2199 = DIRECTION('',(-1.,0.,0.));
#2200 = ORIENTED_EDGE('',*,*,#2201,.F.);
#2201 = EDGE_CURVE('',#2176,#2194,#2202,.T.);
#2202 = LINE('',#2203,#2204);
#2203 = CARTESIAN_POINT('',(1.5,67.195,12.3));
#2204 = VECTOR('',#2205,1.);
#2205 = DIRECTION('',(0.,0.,1.));
#2206 = FACE_BOUND('',#2207,.F.);
#2207 = EDGE_LOOP('',(#2208,#2218,#2226,#2234));
#2208 = ORIENTED_EDGE('',*,*,#2209,.T.);
#2209 = EDGE_CURVE('',#2210,#2212,#2214,.T.);
#2210 = VERTEX_POINT('',#2211);
#2211 = CARTESIAN_POINT('',(-6.,67.195,16.));
#2212 = VERTEX_POINT('',#2213);
#2213 = CARTESIAN_POINT('',(-9.,67.195,16.));
#2214 = LINE('',#2215,#2216);
#2215 = CARTESIAN_POINT('',(16.9,67.195,16.));
#2216 = VECTOR('',#2217,1.);
#2217 = DIRECTION('',(-1.,0.,0.));
#2218 = ORIENTED_EDGE('',*,*,#2219,.T.);
#2219 = EDGE_CURVE('',#2212,#2220,#2222,.T.);
#2220 = VERTEX_POINT('',#2221);
#2221 = CARTESIAN_POINT('',(-9.,67.195,25.));
#2222 = LINE('',#2223,#2224);
#2223 = CARTESIAN_POINT('',(-9.,67.195,12.3));
#2224 = VECTOR('',#2225,1.);
#2225 = DIRECTION('',(0.,0.,1.));
#2226 = ORIENTED_EDGE('',*,*,#2227,.F.);
#2227 = EDGE_CURVE('',#2228,#2220,#2230,.T.);
#2228 = VERTEX_POINT('',#2229);
#2229 = CARTESIAN_POINT('',(-6.,67.195,25.));
#2230 = LINE('',#2231,#2232);
#2231 = CARTESIAN_POINT('',(16.9,67.195,25.));
#2232 = VECTOR('',#2233,1.);
#2233 = DIRECTION('',(-1.,0.,0.));
#2234 = ORIENTED_EDGE('',*,*,#2235,.F.);
#2235 = EDGE_CURVE('',#2210,#2228,#2236,.T.);
#2236 = LINE('',#2237,#2238);
#2237 = CARTESIAN_POINT('',(-6.,67.195,12.3));
#2238 = VECTOR('',#2239,1.);
#2239 = DIRECTION('',(0.,0.,1.));
#2240 = FACE_BOUND('',#2241,.F.);
#2241 = EDGE_LOOP('',(#2242,#2252,#2260,#2268));
#2242 = ORIENTED_EDGE('',*,*,#2243,.T.);
#2243 = EDGE_CURVE('',#2244,#2246,#2248,.T.);
#2244 = VERTEX_POINT('',#2245);
#2245 = CARTESIAN_POINT('',(-13.5,67.195,16.));
#2246 = VERTEX_POINT('',#2247);
#2247 = CARTESIAN_POINT('',(-16.5,67.195,16.));
#2248 = LINE('',#2249,#2250);
#2249 = CARTESIAN_POINT('',(13.15,67.195,16.));
#2250 = VECTOR('',#2251,1.);
#2251 = DIRECTION('',(-1.,0.,0.));
#2252 = ORIENTED_EDGE('',*,*,#2253,.T.);
#2253 = EDGE_CURVE('',#2246,#2254,#2256,.T.);
#2254 = VERTEX_POINT('',#2255);
#2255 = CARTESIAN_POINT('',(-16.5,67.195,25.));
#2256 = LINE('',#2257,#2258);
#2257 = CARTESIAN_POINT('',(-16.5,67.195,12.3));
#2258 = VECTOR('',#2259,1.);
#2259 = DIRECTION('',(0.,0.,1.));
#2260 = ORIENTED_EDGE('',*,*,#2261,.F.);
#2261 = EDGE_CURVE('',#2262,#2254,#2264,.T.);
#2262 = VERTEX_POINT('',#2263);
#2263 = CARTESIAN_POINT('',(-13.5,67.195,25.));
#2264 = LINE('',#2265,#2266);
#2265 = CARTESIAN_POINT('',(13.15,67.195,25.));
#2266 = VECTOR('',#2267,1.);
#2267 = DIRECTION('',(-1.,0.,0.));
#2268 = ORIENTED_EDGE('',*,*,#2269,.F.);
#2269 = EDGE_CURVE('',#2244,#2262,#2270,.T.);
#2270 = LINE('',#2271,#2272);
#2271 = CARTESIAN_POINT('',(-13.5,67.195,12.3));
#2272 = VECTOR('',#2273,1.);
#2273 = DIRECTION('',(0.,0.,1.));
#2274 = FACE_BOUND('',#2275,.F.);
#2275 = EDGE_LOOP('',(#2276,#2286,#2294,#2302));
#2276 = ORIENTED_EDGE('',*,*,#2277,.T.);
#2277 = EDGE_CURVE('',#2278,#2280,#2282,.T.);
#2278 = VERTEX_POINT('',#2279);
#2279 = CARTESIAN_POINT('',(-21.,67.195,16.));
#2280 = VERTEX_POINT('',#2281);
#2281 = CARTESIAN_POINT('',(-24.,67.195,16.));
#2282 = LINE('',#2283,#2284);
#2283 = CARTESIAN_POINT('',(9.4,67.195,16.));
#2284 = VECTOR('',#2285,1.);
#2285 = DIRECTION('',(-1.,0.,0.));
#2286 = ORIENTED_EDGE('',*,*,#2287,.T.);
#2287 = EDGE_CURVE('',#2280,#2288,#2290,.T.);
#2288 = VERTEX_POINT('',#2289);
#2289 = CARTESIAN_POINT('',(-24.,67.195,25.));
#2290 = LINE('',#2291,#2292);
#2291 = CARTESIAN_POINT('',(-24.,67.195,12.3));
#2292 = VECTOR('',#2293,1.);
#2293 = DIRECTION('',(0.,0.,1.));
#2294 = ORIENTED_EDGE('',*,*,#2295,.F.);
#2295 = EDGE_CURVE('',#2296,#2288,#2298,.T.);
#2296 = VERTEX_POINT('',#2297);
#2297 = CARTESIAN_POINT('',(-21.,67.195,25.));
#2298 = LINE('',#2299,#2300);
#2299 = CARTESIAN_POINT('',(9.4,67.195,25.));
#2300 = VECTOR('',#2301,1.);
#2301 = DIRECTION('',(-1.,0.,0.));
#2302 = ORIENTED_EDGE('',*,*,#2303,.F.);
#2303 = EDGE_CURVE('',#2278,#2296,#2304,.T.);
#2304 = LINE('',#2305,#2306);
#2305 = CARTESIAN_POINT('',(-21.,67.195,12.3));
#2306 = VECTOR('',#2307,1.);
#2307 = DIRECTION('',(0.,0.,1.));
#2308 = FACE_BOUND('',#2309,.F.);
#2309 = EDGE_LOOP('',(#2310,#2320,#2328,#2336));
#2310 = ORIENTED_EDGE('',*,*,#2311,.T.);
#2311 = EDGE_CURVE('',#2312,#2314,#2316,.T.);
#2312 = VERTEX_POINT('',#2313);
#2313 = CARTESIAN_POINT('',(-28.5,67.195,16.));
#2314 = VERTEX_POINT('',#2315);
#2315 = CARTESIAN_POINT('',(-31.5,67.195,16.));
#2316 = LINE('',#2317,#2318);
#2317 = CARTESIAN_POINT('',(5.65,67.195,16.));
#2318 = VECTOR('',#2319,1.);
#2319 = DIRECTION('',(-1.,0.,0.));
#2320 = ORIENTED_EDGE('',*,*,#2321,.T.);
#2321 = EDGE_CURVE('',#2314,#2322,#2324,.T.);
#2322 = VERTEX_POINT('',#2323);
#2323 = CARTESIAN_POINT('',(-31.5,67.195,25.));
#2324 = LINE('',#2325,#2326);
#2325 = CARTESIAN_POINT('',(-31.5,67.195,12.3));
#2326 = VECTOR('',#2327,1.);
#2327 = DIRECTION('',(0.,0.,1.));
#2328 = ORIENTED_EDGE('',*,*,#2329,.F.);
#2329 = EDGE_CURVE('',#2330,#2322,#2332,.T.);
#2330 = VERTEX_POINT('',#2331);
#2331 = CARTESIAN_POINT('',(-28.5,67.195,25.));
#2332 = LINE('',#2333,#2334);
#2333 = CARTESIAN_POINT('',(5.65,67.195,25.));
#2334 = VECTOR('',#2335,1.);
#2335 = DIRECTION('',(-1.,0.,0.));
#2336 = ORIENTED_EDGE('',*,*,#2337,.F.);
#2337 = EDGE_CURVE('',#2312,#2330,#2338,.T.);
#2338 = LINE('',#2339,#2340);
#2339 = CARTESIAN_POINT('',(-28.5,67.195,12.3));
#2340 = VECTOR('',#2341,1.);
#2341 = DIRECTION('',(0.,0.,1.));
#2342 = PLANE('',#2343);
#2343 = AXIS2_PLACEMENT_3D('',#2344,#2345,#2346);
#2344 = CARTESIAN_POINT('',(42.8,67.195,8.6));
#2345 = DIRECTION('',(0.,-1.,0.));
#2346 = DIRECTION('',(-1.,0.,0.));
#2347 = ADVANCED_FACE('',(#2348),#2367,.T.);
#2348 = FACE_BOUND('',#2349,.F.);
#2349 = EDGE_LOOP('',(#2350,#2351,#2352,#2361));
#2350 = ORIENTED_EDGE('',*,*,#529,.T.);
#2351 = ORIENTED_EDGE('',*,*,#1725,.T.);
#2352 = ORIENTED_EDGE('',*,*,#2353,.T.);
#2353 = EDGE_CURVE('',#1718,#2354,#2356,.T.);
#2354 = VERTEX_POINT('',#2355);
#2355 = CARTESIAN_POINT('',(-48.,61.995,40.));
#2356 = CIRCLE('',#2357,5.2);
#2357 = AXIS2_PLACEMENT_3D('',#2358,#2359,#2360);
#2358 = CARTESIAN_POINT('',(-42.8,61.995,40.));
#2359 = DIRECTION('',(0.,0.,1.));
#2360 = DIRECTION('',(2.732856676E-15,1.,-0.));
#2361 = ORIENTED_EDGE('',*,*,#2362,.F.);
#2362 = EDGE_CURVE('',#522,#2354,#2363,.T.);
#2363 = LINE('',#2364,#2365);
#2364 = CARTESIAN_POINT('',(-48.,61.995,8.6));
#2365 = VECTOR('',#2366,1.);
#2366 = DIRECTION('',(0.,0.,1.));
#2367 = CYLINDRICAL_SURFACE('',#2368,5.2);
#2368 = AXIS2_PLACEMENT_3D('',#2369,#2370,#2371);
#2369 = CARTESIAN_POINT('',(-42.8,61.995,8.6));
#2370 = DIRECTION('',(-0.,-0.,-1.));
#2371 = DIRECTION('',(2.732856676E-15,1.,-0.));
#2372 = ADVANCED_FACE('',(#2373),#2392,.T.);
#2373 = FACE_BOUND('',#2374,.F.);
#2374 = EDGE_LOOP('',(#2375,#2376,#2384,#2391));
#2375 = ORIENTED_EDGE('',*,*,#382,.T.);
#2376 = ORIENTED_EDGE('',*,*,#2377,.T.);
#2377 = EDGE_CURVE('',#383,#2378,#2380,.T.);
#2378 = VERTEX_POINT('',#2379);
#2379 = CARTESIAN_POINT('',(48.,61.995,40.));
#2380 = LINE('',#2381,#2382);
#2381 = CARTESIAN_POINT('',(48.,61.995,8.6));
#2382 = VECTOR('',#2383,1.);
#2383 = DIRECTION('',(0.,0.,1.));
#2384 = ORIENTED_EDGE('',*,*,#2385,.T.);
#2385 = EDGE_CURVE('',#2378,#1710,#2386,.T.);
#2386 = CIRCLE('',#2387,5.2);
#2387 = AXIS2_PLACEMENT_3D('',#2388,#2389,#2390);
#2388 = CARTESIAN_POINT('',(42.8,61.995,40.));
#2389 = DIRECTION('',(0.,0.,1.));
#2390 = DIRECTION('',(1.,-2.732856676E-15,0.));
#2391 = ORIENTED_EDGE('',*,*,#1709,.F.);
#2392 = CYLINDRICAL_SURFACE('',#2393,5.2);
#2393 = AXIS2_PLACEMENT_3D('',#2394,#2395,#2396);
#2394 = CARTESIAN_POINT('',(42.8,61.995,8.6));
#2395 = DIRECTION('',(-0.,-0.,-1.));
#2396 = DIRECTION('',(1.,-2.732856676E-15,0.));
#2397 = ADVANCED_FACE('',(#2398,#2456,#2490,#2524,#2558,#2592,#2626,
    #2660,#2694,#2728,#2762,#2796,#2830,#2864,#2898,#2932,#2966,#3000,
    #3034,#3068,#3102,#3136,#3170,#3204),#3238,.F.);
#2398 = FACE_BOUND('',#2399,.F.);
#2399 = EDGE_LOOP('',(#2400,#2408,#2409,#2416,#2417,#2418,#2426,#2434,
    #2442,#2450));
#2400 = ORIENTED_EDGE('',*,*,#2401,.F.);
#2401 = EDGE_CURVE('',#481,#2402,#2404,.T.);
#2402 = VERTEX_POINT('',#2403);
#2403 = CARTESIAN_POINT('',(-48.,-61.995,40.));
#2404 = LINE('',#2405,#2406);
#2405 = CARTESIAN_POINT('',(-48.,-61.995,8.6));
#2406 = VECTOR('',#2407,1.);
#2407 = DIRECTION('',(0.,0.,1.));
#2408 = ORIENTED_EDGE('',*,*,#489,.T.);
#2409 = ORIENTED_EDGE('',*,*,#2410,.T.);
#2410 = EDGE_CURVE('',#490,#514,#2411,.T.);
#2411 = CIRCLE('',#2412,6.27);
#2412 = AXIS2_PLACEMENT_3D('',#2413,#2414,#2415);
#2413 = CARTESIAN_POINT('',(-48.,16.605,10.6));
#2414 = DIRECTION('',(-1.,0.,0.));
#2415 = DIRECTION('',(0.,0.,-1.));
#2416 = ORIENTED_EDGE('',*,*,#521,.T.);
#2417 = ORIENTED_EDGE('',*,*,#2362,.T.);
#2418 = ORIENTED_EDGE('',*,*,#2419,.T.);
#2419 = EDGE_CURVE('',#2354,#2420,#2422,.T.);
#2420 = VERTEX_POINT('',#2421);
#2421 = CARTESIAN_POINT('',(-48.,24.405,40.));
#2422 = LINE('',#2423,#2424);
#2423 = CARTESIAN_POINT('',(-48.,61.995,40.));
#2424 = VECTOR('',#2425,1.);
#2425 = DIRECTION('',(0.,-1.,0.));
#2426 = ORIENTED_EDGE('',*,*,#2427,.F.);
#2427 = EDGE_CURVE('',#2428,#2420,#2430,.T.);
#2428 = VERTEX_POINT('',#2429);
#2429 = CARTESIAN_POINT('',(-48.,24.405,37.7));
#2430 = LINE('',#2431,#2432);
#2431 = CARTESIAN_POINT('',(-48.,24.405,23.15));
#2432 = VECTOR('',#2433,1.);
#2433 = DIRECTION('',(0.,0.,1.));
#2434 = ORIENTED_EDGE('',*,*,#2435,.T.);
#2435 = EDGE_CURVE('',#2428,#2436,#2438,.T.);
#2436 = VERTEX_POINT('',#2437);
#2437 = CARTESIAN_POINT('',(-48.,-3.500000000001E-02,37.7));
#2438 = LINE('',#2439,#2440);
#2439 = CARTESIAN_POINT('',(-48.,30.98,37.7));
#2440 = VECTOR('',#2441,1.);
#2441 = DIRECTION('',(0.,-1.,0.));
#2442 = ORIENTED_EDGE('',*,*,#2443,.T.);
#2443 = EDGE_CURVE('',#2436,#2444,#2446,.T.);
#2444 = VERTEX_POINT('',#2445);
#2445 = CARTESIAN_POINT('',(-48.,-3.500000000001E-02,40.));
#2446 = LINE('',#2447,#2448);
#2447 = CARTESIAN_POINT('',(-48.,-3.500000000001E-02,23.15));
#2448 = VECTOR('',#2449,1.);
#2449 = DIRECTION('',(0.,0.,1.));
#2450 = ORIENTED_EDGE('',*,*,#2451,.T.);
#2451 = EDGE_CURVE('',#2444,#2402,#2452,.T.);
#2452 = LINE('',#2453,#2454);
#2453 = CARTESIAN_POINT('',(-48.,61.995,40.));
#2454 = VECTOR('',#2455,1.);
#2455 = DIRECTION('',(0.,-1.,0.));
#2456 = FACE_BOUND('',#2457,.F.);
#2457 = EDGE_LOOP('',(#2458,#2468,#2476,#2484));
#2458 = ORIENTED_EDGE('',*,*,#2459,.T.);
#2459 = EDGE_CURVE('',#2460,#2462,#2464,.T.);
#2460 = VERTEX_POINT('',#2461);
#2461 = CARTESIAN_POINT('',(-48.,54.,27.));
#2462 = VERTEX_POINT('',#2463);
#2463 = CARTESIAN_POINT('',(-48.,51.,27.));
#2464 = LINE('',#2465,#2466);
#2465 = CARTESIAN_POINT('',(-48.,56.4975,27.));
#2466 = VECTOR('',#2467,1.);
#2467 = DIRECTION('',(0.,-1.,0.));
#2468 = ORIENTED_EDGE('',*,*,#2469,.T.);
#2469 = EDGE_CURVE('',#2462,#2470,#2472,.T.);
#2470 = VERTEX_POINT('',#2471);
#2471 = CARTESIAN_POINT('',(-48.,51.,36.));
#2472 = LINE('',#2473,#2474);
#2473 = CARTESIAN_POINT('',(-48.,51.,17.8));
#2474 = VECTOR('',#2475,1.);
#2475 = DIRECTION('',(0.,0.,1.));
#2476 = ORIENTED_EDGE('',*,*,#2477,.F.);
#2477 = EDGE_CURVE('',#2478,#2470,#2480,.T.);
#2478 = VERTEX_POINT('',#2479);
#2479 = CARTESIAN_POINT('',(-48.,54.,36.));
#2480 = LINE('',#2481,#2482);
#2481 = CARTESIAN_POINT('',(-48.,56.4975,36.));
#2482 = VECTOR('',#2483,1.);
#2483 = DIRECTION('',(0.,-1.,0.));
#2484 = ORIENTED_EDGE('',*,*,#2485,.F.);
#2485 = EDGE_CURVE('',#2460,#2478,#2486,.T.);
#2486 = LINE('',#2487,#2488);
#2487 = CARTESIAN_POINT('',(-48.,54.,17.8));
#2488 = VECTOR('',#2489,1.);
#2489 = DIRECTION('',(0.,0.,1.));
#2490 = FACE_BOUND('',#2491,.F.);
#2491 = EDGE_LOOP('',(#2492,#2502,#2510,#2518));
#2492 = ORIENTED_EDGE('',*,*,#2493,.T.);
#2493 = EDGE_CURVE('',#2494,#2496,#2498,.T.);
#2494 = VERTEX_POINT('',#2495);
#2495 = CARTESIAN_POINT('',(-48.,46.5,27.));
#2496 = VERTEX_POINT('',#2497);
#2497 = CARTESIAN_POINT('',(-48.,43.5,27.));
#2498 = LINE('',#2499,#2500);
#2499 = CARTESIAN_POINT('',(-48.,52.7475,27.));
#2500 = VECTOR('',#2501,1.);
#2501 = DIRECTION('',(0.,-1.,0.));
#2502 = ORIENTED_EDGE('',*,*,#2503,.T.);
#2503 = EDGE_CURVE('',#2496,#2504,#2506,.T.);
#2504 = VERTEX_POINT('',#2505);
#2505 = CARTESIAN_POINT('',(-48.,43.5,36.));
#2506 = LINE('',#2507,#2508);
#2507 = CARTESIAN_POINT('',(-48.,43.5,17.8));
#2508 = VECTOR('',#2509,1.);
#2509 = DIRECTION('',(0.,0.,1.));
#2510 = ORIENTED_EDGE('',*,*,#2511,.F.);
#2511 = EDGE_CURVE('',#2512,#2504,#2514,.T.);
#2512 = VERTEX_POINT('',#2513);
#2513 = CARTESIAN_POINT('',(-48.,46.5,36.));
#2514 = LINE('',#2515,#2516);
#2515 = CARTESIAN_POINT('',(-48.,52.7475,36.));
#2516 = VECTOR('',#2517,1.);
#2517 = DIRECTION('',(0.,-1.,0.));
#2518 = ORIENTED_EDGE('',*,*,#2519,.F.);
#2519 = EDGE_CURVE('',#2494,#2512,#2520,.T.);
#2520 = LINE('',#2521,#2522);
#2521 = CARTESIAN_POINT('',(-48.,46.5,17.8));
#2522 = VECTOR('',#2523,1.);
#2523 = DIRECTION('',(0.,0.,1.));
#2524 = FACE_BOUND('',#2525,.F.);
#2525 = EDGE_LOOP('',(#2526,#2536,#2544,#2552));
#2526 = ORIENTED_EDGE('',*,*,#2527,.T.);
#2527 = EDGE_CURVE('',#2528,#2530,#2532,.T.);
#2528 = VERTEX_POINT('',#2529);
#2529 = CARTESIAN_POINT('',(-48.,39.,27.));
#2530 = VERTEX_POINT('',#2531);
#2531 = CARTESIAN_POINT('',(-48.,36.,27.));
#2532 = LINE('',#2533,#2534);
#2533 = CARTESIAN_POINT('',(-48.,48.9975,27.));
#2534 = VECTOR('',#2535,1.);
#2535 = DIRECTION('',(0.,-1.,0.));
#2536 = ORIENTED_EDGE('',*,*,#2537,.T.);
#2537 = EDGE_CURVE('',#2530,#2538,#2540,.T.);
#2538 = VERTEX_POINT('',#2539);
#2539 = CARTESIAN_POINT('',(-48.,36.,36.));
#2540 = LINE('',#2541,#2542);
#2541 = CARTESIAN_POINT('',(-48.,36.,17.8));
#2542 = VECTOR('',#2543,1.);
#2543 = DIRECTION('',(0.,0.,1.));
#2544 = ORIENTED_EDGE('',*,*,#2545,.F.);
#2545 = EDGE_CURVE('',#2546,#2538,#2548,.T.);
#2546 = VERTEX_POINT('',#2547);
#2547 = CARTESIAN_POINT('',(-48.,39.,36.));
#2548 = LINE('',#2549,#2550);
#2549 = CARTESIAN_POINT('',(-48.,48.9975,36.));
#2550 = VECTOR('',#2551,1.);
#2551 = DIRECTION('',(0.,-1.,0.));
#2552 = ORIENTED_EDGE('',*,*,#2553,.F.);
#2553 = EDGE_CURVE('',#2528,#2546,#2554,.T.);
#2554 = LINE('',#2555,#2556);
#2555 = CARTESIAN_POINT('',(-48.,39.,17.8));
#2556 = VECTOR('',#2557,1.);
#2557 = DIRECTION('',(0.,0.,1.));
#2558 = FACE_BOUND('',#2559,.F.);
#2559 = EDGE_LOOP('',(#2560,#2570,#2578,#2586));
#2560 = ORIENTED_EDGE('',*,*,#2561,.T.);
#2561 = EDGE_CURVE('',#2562,#2564,#2566,.T.);
#2562 = VERTEX_POINT('',#2563);
#2563 = CARTESIAN_POINT('',(-48.,31.5,27.));
#2564 = VERTEX_POINT('',#2565);
#2565 = CARTESIAN_POINT('',(-48.,28.5,27.));
#2566 = LINE('',#2567,#2568);
#2567 = CARTESIAN_POINT('',(-48.,45.2475,27.));
#2568 = VECTOR('',#2569,1.);
#2569 = DIRECTION('',(0.,-1.,0.));
#2570 = ORIENTED_EDGE('',*,*,#2571,.T.);
#2571 = EDGE_CURVE('',#2564,#2572,#2574,.T.);
#2572 = VERTEX_POINT('',#2573);
#2573 = CARTESIAN_POINT('',(-48.,28.5,36.));
#2574 = LINE('',#2575,#2576);
#2575 = CARTESIAN_POINT('',(-48.,28.5,17.8));
#2576 = VECTOR('',#2577,1.);
#2577 = DIRECTION('',(0.,0.,1.));
#2578 = ORIENTED_EDGE('',*,*,#2579,.F.);
#2579 = EDGE_CURVE('',#2580,#2572,#2582,.T.);
#2580 = VERTEX_POINT('',#2581);
#2581 = CARTESIAN_POINT('',(-48.,31.5,36.));
#2582 = LINE('',#2583,#2584);
#2583 = CARTESIAN_POINT('',(-48.,45.2475,36.));
#2584 = VECTOR('',#2585,1.);
#2585 = DIRECTION('',(0.,-1.,0.));
#2586 = ORIENTED_EDGE('',*,*,#2587,.F.);
#2587 = EDGE_CURVE('',#2562,#2580,#2588,.T.);
#2588 = LINE('',#2589,#2590);
#2589 = CARTESIAN_POINT('',(-48.,31.5,17.8));
#2590 = VECTOR('',#2591,1.);
#2591 = DIRECTION('',(0.,0.,1.));
#2592 = FACE_BOUND('',#2593,.F.);
#2593 = EDGE_LOOP('',(#2594,#2604,#2612,#2620));
#2594 = ORIENTED_EDGE('',*,*,#2595,.T.);
#2595 = EDGE_CURVE('',#2596,#2598,#2600,.T.);
#2596 = VERTEX_POINT('',#2597);
#2597 = CARTESIAN_POINT('',(-48.,-6.,27.));
#2598 = VERTEX_POINT('',#2599);
#2599 = CARTESIAN_POINT('',(-48.,-9.,27.));
#2600 = LINE('',#2601,#2602);
#2601 = CARTESIAN_POINT('',(-48.,26.4975,27.));
#2602 = VECTOR('',#2603,1.);
#2603 = DIRECTION('',(0.,-1.,0.));
#2604 = ORIENTED_EDGE('',*,*,#2605,.T.);
#2605 = EDGE_CURVE('',#2598,#2606,#2608,.T.);
#2606 = VERTEX_POINT('',#2607);
#2607 = CARTESIAN_POINT('',(-48.,-9.,36.));
#2608 = LINE('',#2609,#2610);
#2609 = CARTESIAN_POINT('',(-48.,-9.,17.8));
#2610 = VECTOR('',#2611,1.);
#2611 = DIRECTION('',(0.,0.,1.));
#2612 = ORIENTED_EDGE('',*,*,#2613,.F.);
#2613 = EDGE_CURVE('',#2614,#2606,#2616,.T.);
#2614 = VERTEX_POINT('',#2615);
#2615 = CARTESIAN_POINT('',(-48.,-6.,36.));
#2616 = LINE('',#2617,#2618);
#2617 = CARTESIAN_POINT('',(-48.,26.4975,36.));
#2618 = VECTOR('',#2619,1.);
#2619 = DIRECTION('',(0.,-1.,0.));
#2620 = ORIENTED_EDGE('',*,*,#2621,.F.);
#2621 = EDGE_CURVE('',#2596,#2614,#2622,.T.);
#2622 = LINE('',#2623,#2624);
#2623 = CARTESIAN_POINT('',(-48.,-6.,17.8));
#2624 = VECTOR('',#2625,1.);
#2625 = DIRECTION('',(0.,0.,1.));
#2626 = FACE_BOUND('',#2627,.F.);
#2627 = EDGE_LOOP('',(#2628,#2638,#2646,#2654));
#2628 = ORIENTED_EDGE('',*,*,#2629,.T.);
#2629 = EDGE_CURVE('',#2630,#2632,#2634,.T.);
#2630 = VERTEX_POINT('',#2631);
#2631 = CARTESIAN_POINT('',(-48.,-13.5,27.));
#2632 = VERTEX_POINT('',#2633);
#2633 = CARTESIAN_POINT('',(-48.,-16.5,27.));
#2634 = LINE('',#2635,#2636);
#2635 = CARTESIAN_POINT('',(-48.,22.7475,27.));
#2636 = VECTOR('',#2637,1.);
#2637 = DIRECTION('',(0.,-1.,0.));
#2638 = ORIENTED_EDGE('',*,*,#2639,.T.);
#2639 = EDGE_CURVE('',#2632,#2640,#2642,.T.);
#2640 = VERTEX_POINT('',#2641);
#2641 = CARTESIAN_POINT('',(-48.,-16.5,36.));
#2642 = LINE('',#2643,#2644);
#2643 = CARTESIAN_POINT('',(-48.,-16.5,17.8));
#2644 = VECTOR('',#2645,1.);
#2645 = DIRECTION('',(0.,0.,1.));
#2646 = ORIENTED_EDGE('',*,*,#2647,.F.);
#2647 = EDGE_CURVE('',#2648,#2640,#2650,.T.);
#2648 = VERTEX_POINT('',#2649);
#2649 = CARTESIAN_POINT('',(-48.,-13.5,36.));
#2650 = LINE('',#2651,#2652);
#2651 = CARTESIAN_POINT('',(-48.,22.7475,36.));
#2652 = VECTOR('',#2653,1.);
#2653 = DIRECTION('',(0.,-1.,0.));
#2654 = ORIENTED_EDGE('',*,*,#2655,.F.);
#2655 = EDGE_CURVE('',#2630,#2648,#2656,.T.);
#2656 = LINE('',#2657,#2658);
#2657 = CARTESIAN_POINT('',(-48.,-13.5,17.8));
#2658 = VECTOR('',#2659,1.);
#2659 = DIRECTION('',(0.,0.,1.));
#2660 = FACE_BOUND('',#2661,.F.);
#2661 = EDGE_LOOP('',(#2662,#2672,#2680,#2688));
#2662 = ORIENTED_EDGE('',*,*,#2663,.T.);
#2663 = EDGE_CURVE('',#2664,#2666,#2668,.T.);
#2664 = VERTEX_POINT('',#2665);
#2665 = CARTESIAN_POINT('',(-48.,-21.,27.));
#2666 = VERTEX_POINT('',#2667);
#2667 = CARTESIAN_POINT('',(-48.,-24.,27.));
#2668 = LINE('',#2669,#2670);
#2669 = CARTESIAN_POINT('',(-48.,18.9975,27.));
#2670 = VECTOR('',#2671,1.);
#2671 = DIRECTION('',(0.,-1.,0.));
#2672 = ORIENTED_EDGE('',*,*,#2673,.T.);
#2673 = EDGE_CURVE('',#2666,#2674,#2676,.T.);
#2674 = VERTEX_POINT('',#2675);
#2675 = CARTESIAN_POINT('',(-48.,-24.,36.));
#2676 = LINE('',#2677,#2678);
#2677 = CARTESIAN_POINT('',(-48.,-24.,17.8));
#2678 = VECTOR('',#2679,1.);
#2679 = DIRECTION('',(0.,0.,1.));
#2680 = ORIENTED_EDGE('',*,*,#2681,.F.);
#2681 = EDGE_CURVE('',#2682,#2674,#2684,.T.);
#2682 = VERTEX_POINT('',#2683);
#2683 = CARTESIAN_POINT('',(-48.,-21.,36.));
#2684 = LINE('',#2685,#2686);
#2685 = CARTESIAN_POINT('',(-48.,18.9975,36.));
#2686 = VECTOR('',#2687,1.);
#2687 = DIRECTION('',(0.,-1.,0.));
#2688 = ORIENTED_EDGE('',*,*,#2689,.F.);
#2689 = EDGE_CURVE('',#2664,#2682,#2690,.T.);
#2690 = LINE('',#2691,#2692);
#2691 = CARTESIAN_POINT('',(-48.,-21.,17.8));
#2692 = VECTOR('',#2693,1.);
#2693 = DIRECTION('',(0.,0.,1.));
#2694 = FACE_BOUND('',#2695,.F.);
#2695 = EDGE_LOOP('',(#2696,#2706,#2714,#2722));
#2696 = ORIENTED_EDGE('',*,*,#2697,.T.);
#2697 = EDGE_CURVE('',#2698,#2700,#2702,.T.);
#2698 = VERTEX_POINT('',#2699);
#2699 = CARTESIAN_POINT('',(-48.,-28.5,27.));
#2700 = VERTEX_POINT('',#2701);
#2701 = CARTESIAN_POINT('',(-48.,-31.5,27.));
#2702 = LINE('',#2703,#2704);
#2703 = CARTESIAN_POINT('',(-48.,15.2475,27.));
#2704 = VECTOR('',#2705,1.);
#2705 = DIRECTION('',(0.,-1.,0.));
#2706 = ORIENTED_EDGE('',*,*,#2707,.T.);
#2707 = EDGE_CURVE('',#2700,#2708,#2710,.T.);
#2708 = VERTEX_POINT('',#2709);
#2709 = CARTESIAN_POINT('',(-48.,-31.5,36.));
#2710 = LINE('',#2711,#2712);
#2711 = CARTESIAN_POINT('',(-48.,-31.5,17.8));
#2712 = VECTOR('',#2713,1.);
#2713 = DIRECTION('',(0.,0.,1.));
#2714 = ORIENTED_EDGE('',*,*,#2715,.F.);
#2715 = EDGE_CURVE('',#2716,#2708,#2718,.T.);
#2716 = VERTEX_POINT('',#2717);
#2717 = CARTESIAN_POINT('',(-48.,-28.5,36.));
#2718 = LINE('',#2719,#2720);
#2719 = CARTESIAN_POINT('',(-48.,15.2475,36.));
#2720 = VECTOR('',#2721,1.);
#2721 = DIRECTION('',(0.,-1.,0.));
#2722 = ORIENTED_EDGE('',*,*,#2723,.F.);
#2723 = EDGE_CURVE('',#2698,#2716,#2724,.T.);
#2724 = LINE('',#2725,#2726);
#2725 = CARTESIAN_POINT('',(-48.,-28.5,17.8));
#2726 = VECTOR('',#2727,1.);
#2727 = DIRECTION('',(0.,0.,1.));
#2728 = FACE_BOUND('',#2729,.F.);
#2729 = EDGE_LOOP('',(#2730,#2740,#2748,#2756));
#2730 = ORIENTED_EDGE('',*,*,#2731,.T.);
#2731 = EDGE_CURVE('',#2732,#2734,#2736,.T.);
#2732 = VERTEX_POINT('',#2733);
#2733 = CARTESIAN_POINT('',(-48.,-36.,27.));
#2734 = VERTEX_POINT('',#2735);
#2735 = CARTESIAN_POINT('',(-48.,-39.,27.));
#2736 = LINE('',#2737,#2738);
#2737 = CARTESIAN_POINT('',(-48.,11.4975,27.));
#2738 = VECTOR('',#2739,1.);
#2739 = DIRECTION('',(0.,-1.,0.));
#2740 = ORIENTED_EDGE('',*,*,#2741,.T.);
#2741 = EDGE_CURVE('',#2734,#2742,#2744,.T.);
#2742 = VERTEX_POINT('',#2743);
#2743 = CARTESIAN_POINT('',(-48.,-39.,36.));
#2744 = LINE('',#2745,#2746);
#2745 = CARTESIAN_POINT('',(-48.,-39.,17.8));
#2746 = VECTOR('',#2747,1.);
#2747 = DIRECTION('',(0.,0.,1.));
#2748 = ORIENTED_EDGE('',*,*,#2749,.F.);
#2749 = EDGE_CURVE('',#2750,#2742,#2752,.T.);
#2750 = VERTEX_POINT('',#2751);
#2751 = CARTESIAN_POINT('',(-48.,-36.,36.));
#2752 = LINE('',#2753,#2754);
#2753 = CARTESIAN_POINT('',(-48.,11.4975,36.));
#2754 = VECTOR('',#2755,1.);
#2755 = DIRECTION('',(0.,-1.,0.));
#2756 = ORIENTED_EDGE('',*,*,#2757,.F.);
#2757 = EDGE_CURVE('',#2732,#2750,#2758,.T.);
#2758 = LINE('',#2759,#2760);
#2759 = CARTESIAN_POINT('',(-48.,-36.,17.8));
#2760 = VECTOR('',#2761,1.);
#2761 = DIRECTION('',(0.,0.,1.));
#2762 = FACE_BOUND('',#2763,.F.);
#2763 = EDGE_LOOP('',(#2764,#2774,#2782,#2790));
#2764 = ORIENTED_EDGE('',*,*,#2765,.T.);
#2765 = EDGE_CURVE('',#2766,#2768,#2770,.T.);
#2766 = VERTEX_POINT('',#2767);
#2767 = CARTESIAN_POINT('',(-48.,-43.5,27.));
#2768 = VERTEX_POINT('',#2769);
#2769 = CARTESIAN_POINT('',(-48.,-46.5,27.));
#2770 = LINE('',#2771,#2772);
#2771 = CARTESIAN_POINT('',(-48.,7.7475,27.));
#2772 = VECTOR('',#2773,1.);
#2773 = DIRECTION('',(0.,-1.,0.));
#2774 = ORIENTED_EDGE('',*,*,#2775,.T.);
#2775 = EDGE_CURVE('',#2768,#2776,#2778,.T.);
#2776 = VERTEX_POINT('',#2777);
#2777 = CARTESIAN_POINT('',(-48.,-46.5,36.));
#2778 = LINE('',#2779,#2780);
#2779 = CARTESIAN_POINT('',(-48.,-46.5,17.8));
#2780 = VECTOR('',#2781,1.);
#2781 = DIRECTION('',(0.,0.,1.));
#2782 = ORIENTED_EDGE('',*,*,#2783,.F.);
#2783 = EDGE_CURVE('',#2784,#2776,#2786,.T.);
#2784 = VERTEX_POINT('',#2785);
#2785 = CARTESIAN_POINT('',(-48.,-43.5,36.));
#2786 = LINE('',#2787,#2788);
#2787 = CARTESIAN_POINT('',(-48.,7.7475,36.));
#2788 = VECTOR('',#2789,1.);
#2789 = DIRECTION('',(0.,-1.,0.));
#2790 = ORIENTED_EDGE('',*,*,#2791,.F.);
#2791 = EDGE_CURVE('',#2766,#2784,#2792,.T.);
#2792 = LINE('',#2793,#2794);
#2793 = CARTESIAN_POINT('',(-48.,-43.5,17.8));
#2794 = VECTOR('',#2795,1.);
#2795 = DIRECTION('',(0.,0.,1.));
#2796 = FACE_BOUND('',#2797,.F.);
#2797 = EDGE_LOOP('',(#2798,#2808,#2816,#2824));
#2798 = ORIENTED_EDGE('',*,*,#2799,.T.);
#2799 = EDGE_CURVE('',#2800,#2802,#2804,.T.);
#2800 = VERTEX_POINT('',#2801);
#2801 = CARTESIAN_POINT('',(-48.,-51.,27.));
#2802 = VERTEX_POINT('',#2803);
#2803 = CARTESIAN_POINT('',(-48.,-54.,27.));
#2804 = LINE('',#2805,#2806);
#2805 = CARTESIAN_POINT('',(-48.,3.9975,27.));
#2806 = VECTOR('',#2807,1.);
#2807 = DIRECTION('',(0.,-1.,0.));
#2808 = ORIENTED_EDGE('',*,*,#2809,.T.);
#2809 = EDGE_CURVE('',#2802,#2810,#2812,.T.);
#2810 = VERTEX_POINT('',#2811);
#2811 = CARTESIAN_POINT('',(-48.,-54.,36.));
#2812 = LINE('',#2813,#2814);
#2813 = CARTESIAN_POINT('',(-48.,-54.,17.8));
#2814 = VECTOR('',#2815,1.);
#2815 = DIRECTION('',(0.,0.,1.));
#2816 = ORIENTED_EDGE('',*,*,#2817,.F.);
#2817 = EDGE_CURVE('',#2818,#2810,#2820,.T.);
#2818 = VERTEX_POINT('',#2819);
#2819 = CARTESIAN_POINT('',(-48.,-51.,36.));
#2820 = LINE('',#2821,#2822);
#2821 = CARTESIAN_POINT('',(-48.,3.9975,36.));
#2822 = VECTOR('',#2823,1.);
#2823 = DIRECTION('',(0.,-1.,0.));
#2824 = ORIENTED_EDGE('',*,*,#2825,.F.);
#2825 = EDGE_CURVE('',#2800,#2818,#2826,.T.);
#2826 = LINE('',#2827,#2828);
#2827 = CARTESIAN_POINT('',(-48.,-51.,17.8));
#2828 = VECTOR('',#2829,1.);
#2829 = DIRECTION('',(0.,0.,1.));
#2830 = FACE_BOUND('',#2831,.F.);
#2831 = EDGE_LOOP('',(#2832,#2842,#2850,#2858));
#2832 = ORIENTED_EDGE('',*,*,#2833,.T.);
#2833 = EDGE_CURVE('',#2834,#2836,#2838,.T.);
#2834 = VERTEX_POINT('',#2835);
#2835 = CARTESIAN_POINT('',(-48.,54.,16.));
#2836 = VERTEX_POINT('',#2837);
#2837 = CARTESIAN_POINT('',(-48.,51.,16.));
#2838 = LINE('',#2839,#2840);
#2839 = CARTESIAN_POINT('',(-48.,56.4975,16.));
#2840 = VECTOR('',#2841,1.);
#2841 = DIRECTION('',(0.,-1.,0.));
#2842 = ORIENTED_EDGE('',*,*,#2843,.T.);
#2843 = EDGE_CURVE('',#2836,#2844,#2846,.T.);
#2844 = VERTEX_POINT('',#2845);
#2845 = CARTESIAN_POINT('',(-48.,51.,25.));
#2846 = LINE('',#2847,#2848);
#2847 = CARTESIAN_POINT('',(-48.,51.,12.3));
#2848 = VECTOR('',#2849,1.);
#2849 = DIRECTION('',(0.,0.,1.));
#2850 = ORIENTED_EDGE('',*,*,#2851,.F.);
#2851 = EDGE_CURVE('',#2852,#2844,#2854,.T.);
#2852 = VERTEX_POINT('',#2853);
#2853 = CARTESIAN_POINT('',(-48.,54.,25.));
#2854 = LINE('',#2855,#2856);
#2855 = CARTESIAN_POINT('',(-48.,56.4975,25.));
#2856 = VECTOR('',#2857,1.);
#2857 = DIRECTION('',(0.,-1.,0.));
#2858 = ORIENTED_EDGE('',*,*,#2859,.F.);
#2859 = EDGE_CURVE('',#2834,#2852,#2860,.T.);
#2860 = LINE('',#2861,#2862);
#2861 = CARTESIAN_POINT('',(-48.,54.,12.3));
#2862 = VECTOR('',#2863,1.);
#2863 = DIRECTION('',(0.,0.,1.));
#2864 = FACE_BOUND('',#2865,.F.);
#2865 = EDGE_LOOP('',(#2866,#2876,#2884,#2892));
#2866 = ORIENTED_EDGE('',*,*,#2867,.T.);
#2867 = EDGE_CURVE('',#2868,#2870,#2872,.T.);
#2868 = VERTEX_POINT('',#2869);
#2869 = CARTESIAN_POINT('',(-48.,46.5,16.));
#2870 = VERTEX_POINT('',#2871);
#2871 = CARTESIAN_POINT('',(-48.,43.5,16.));
#2872 = LINE('',#2873,#2874);
#2873 = CARTESIAN_POINT('',(-48.,52.7475,16.));
#2874 = VECTOR('',#2875,1.);
#2875 = DIRECTION('',(0.,-1.,0.));
#2876 = ORIENTED_EDGE('',*,*,#2877,.T.);
#2877 = EDGE_CURVE('',#2870,#2878,#2880,.T.);
#2878 = VERTEX_POINT('',#2879);
#2879 = CARTESIAN_POINT('',(-48.,43.5,25.));
#2880 = LINE('',#2881,#2882);
#2881 = CARTESIAN_POINT('',(-48.,43.5,12.3));
#2882 = VECTOR('',#2883,1.);
#2883 = DIRECTION('',(0.,0.,1.));
#2884 = ORIENTED_EDGE('',*,*,#2885,.F.);
#2885 = EDGE_CURVE('',#2886,#2878,#2888,.T.);
#2886 = VERTEX_POINT('',#2887);
#2887 = CARTESIAN_POINT('',(-48.,46.5,25.));
#2888 = LINE('',#2889,#2890);
#2889 = CARTESIAN_POINT('',(-48.,52.7475,25.));
#2890 = VECTOR('',#2891,1.);
#2891 = DIRECTION('',(0.,-1.,0.));
#2892 = ORIENTED_EDGE('',*,*,#2893,.F.);
#2893 = EDGE_CURVE('',#2868,#2886,#2894,.T.);
#2894 = LINE('',#2895,#2896);
#2895 = CARTESIAN_POINT('',(-48.,46.5,12.3));
#2896 = VECTOR('',#2897,1.);
#2897 = DIRECTION('',(0.,0.,1.));
#2898 = FACE_BOUND('',#2899,.F.);
#2899 = EDGE_LOOP('',(#2900,#2910,#2918,#2926));
#2900 = ORIENTED_EDGE('',*,*,#2901,.T.);
#2901 = EDGE_CURVE('',#2902,#2904,#2906,.T.);
#2902 = VERTEX_POINT('',#2903);
#2903 = CARTESIAN_POINT('',(-48.,39.,16.));
#2904 = VERTEX_POINT('',#2905);
#2905 = CARTESIAN_POINT('',(-48.,36.,16.));
#2906 = LINE('',#2907,#2908);
#2907 = CARTESIAN_POINT('',(-48.,48.9975,16.));
#2908 = VECTOR('',#2909,1.);
#2909 = DIRECTION('',(0.,-1.,0.));
#2910 = ORIENTED_EDGE('',*,*,#2911,.T.);
#2911 = EDGE_CURVE('',#2904,#2912,#2914,.T.);
#2912 = VERTEX_POINT('',#2913);
#2913 = CARTESIAN_POINT('',(-48.,36.,25.));
#2914 = LINE('',#2915,#2916);
#2915 = CARTESIAN_POINT('',(-48.,36.,12.3));
#2916 = VECTOR('',#2917,1.);
#2917 = DIRECTION('',(0.,0.,1.));
#2918 = ORIENTED_EDGE('',*,*,#2919,.F.);
#2919 = EDGE_CURVE('',#2920,#2912,#2922,.T.);
#2920 = VERTEX_POINT('',#2921);
#2921 = CARTESIAN_POINT('',(-48.,39.,25.));
#2922 = LINE('',#2923,#2924);
#2923 = CARTESIAN_POINT('',(-48.,48.9975,25.));
#2924 = VECTOR('',#2925,1.);
#2925 = DIRECTION('',(0.,-1.,0.));
#2926 = ORIENTED_EDGE('',*,*,#2927,.F.);
#2927 = EDGE_CURVE('',#2902,#2920,#2928,.T.);
#2928 = LINE('',#2929,#2930);
#2929 = CARTESIAN_POINT('',(-48.,39.,12.3));
#2930 = VECTOR('',#2931,1.);
#2931 = DIRECTION('',(0.,0.,1.));
#2932 = FACE_BOUND('',#2933,.F.);
#2933 = EDGE_LOOP('',(#2934,#2944,#2952,#2960));
#2934 = ORIENTED_EDGE('',*,*,#2935,.T.);
#2935 = EDGE_CURVE('',#2936,#2938,#2940,.T.);
#2936 = VERTEX_POINT('',#2937);
#2937 = CARTESIAN_POINT('',(-48.,31.5,16.));
#2938 = VERTEX_POINT('',#2939);
#2939 = CARTESIAN_POINT('',(-48.,28.5,16.));
#2940 = LINE('',#2941,#2942);
#2941 = CARTESIAN_POINT('',(-48.,45.2475,16.));
#2942 = VECTOR('',#2943,1.);
#2943 = DIRECTION('',(0.,-1.,0.));
#2944 = ORIENTED_EDGE('',*,*,#2945,.T.);
#2945 = EDGE_CURVE('',#2938,#2946,#2948,.T.);
#2946 = VERTEX_POINT('',#2947);
#2947 = CARTESIAN_POINT('',(-48.,28.5,25.));
#2948 = LINE('',#2949,#2950);
#2949 = CARTESIAN_POINT('',(-48.,28.5,12.3));
#2950 = VECTOR('',#2951,1.);
#2951 = DIRECTION('',(0.,0.,1.));
#2952 = ORIENTED_EDGE('',*,*,#2953,.F.);
#2953 = EDGE_CURVE('',#2954,#2946,#2956,.T.);
#2954 = VERTEX_POINT('',#2955);
#2955 = CARTESIAN_POINT('',(-48.,31.5,25.));
#2956 = LINE('',#2957,#2958);
#2957 = CARTESIAN_POINT('',(-48.,45.2475,25.));
#2958 = VECTOR('',#2959,1.);
#2959 = DIRECTION('',(0.,-1.,0.));
#2960 = ORIENTED_EDGE('',*,*,#2961,.F.);
#2961 = EDGE_CURVE('',#2936,#2954,#2962,.T.);
#2962 = LINE('',#2963,#2964);
#2963 = CARTESIAN_POINT('',(-48.,31.5,12.3));
#2964 = VECTOR('',#2965,1.);
#2965 = DIRECTION('',(0.,0.,1.));
#2966 = FACE_BOUND('',#2967,.F.);
#2967 = EDGE_LOOP('',(#2968,#2978,#2986,#2994));
#2968 = ORIENTED_EDGE('',*,*,#2969,.T.);
#2969 = EDGE_CURVE('',#2970,#2972,#2974,.T.);
#2970 = VERTEX_POINT('',#2971);
#2971 = CARTESIAN_POINT('',(-48.,1.5,16.));
#2972 = VERTEX_POINT('',#2973);
#2973 = CARTESIAN_POINT('',(-48.,-1.5,16.));
#2974 = LINE('',#2975,#2976);
#2975 = CARTESIAN_POINT('',(-48.,30.2475,16.));
#2976 = VECTOR('',#2977,1.);
#2977 = DIRECTION('',(0.,-1.,0.));
#2978 = ORIENTED_EDGE('',*,*,#2979,.T.);
#2979 = EDGE_CURVE('',#2972,#2980,#2982,.T.);
#2980 = VERTEX_POINT('',#2981);
#2981 = CARTESIAN_POINT('',(-48.,-1.5,25.));
#2982 = LINE('',#2983,#2984);
#2983 = CARTESIAN_POINT('',(-48.,-1.5,12.3));
#2984 = VECTOR('',#2985,1.);
#2985 = DIRECTION('',(0.,0.,1.));
#2986 = ORIENTED_EDGE('',*,*,#2987,.F.);
#2987 = EDGE_CURVE('',#2988,#2980,#2990,.T.);
#2988 = VERTEX_POINT('',#2989);
#2989 = CARTESIAN_POINT('',(-48.,1.5,25.));
#2990 = LINE('',#2991,#2992);
#2991 = CARTESIAN_POINT('',(-48.,30.2475,25.));
#2992 = VECTOR('',#2993,1.);
#2993 = DIRECTION('',(0.,-1.,0.));
#2994 = ORIENTED_EDGE('',*,*,#2995,.F.);
#2995 = EDGE_CURVE('',#2970,#2988,#2996,.T.);
#2996 = LINE('',#2997,#2998);
#2997 = CARTESIAN_POINT('',(-48.,1.5,12.3));
#2998 = VECTOR('',#2999,1.);
#2999 = DIRECTION('',(0.,0.,1.));
#3000 = FACE_BOUND('',#3001,.F.);
#3001 = EDGE_LOOP('',(#3002,#3012,#3020,#3028));
#3002 = ORIENTED_EDGE('',*,*,#3003,.T.);
#3003 = EDGE_CURVE('',#3004,#3006,#3008,.T.);
#3004 = VERTEX_POINT('',#3005);
#3005 = CARTESIAN_POINT('',(-48.,-6.,16.));
#3006 = VERTEX_POINT('',#3007);
#3007 = CARTESIAN_POINT('',(-48.,-9.,16.));
#3008 = LINE('',#3009,#3010);
#3009 = CARTESIAN_POINT('',(-48.,26.4975,16.));
#3010 = VECTOR('',#3011,1.);
#3011 = DIRECTION('',(0.,-1.,0.));
#3012 = ORIENTED_EDGE('',*,*,#3013,.T.);
#3013 = EDGE_CURVE('',#3006,#3014,#3016,.T.);
#3014 = VERTEX_POINT('',#3015);
#3015 = CARTESIAN_POINT('',(-48.,-9.,25.));
#3016 = LINE('',#3017,#3018);
#3017 = CARTESIAN_POINT('',(-48.,-9.,12.3));
#3018 = VECTOR('',#3019,1.);
#3019 = DIRECTION('',(0.,0.,1.));
#3020 = ORIENTED_EDGE('',*,*,#3021,.F.);
#3021 = EDGE_CURVE('',#3022,#3014,#3024,.T.);
#3022 = VERTEX_POINT('',#3023);
#3023 = CARTESIAN_POINT('',(-48.,-6.,25.));
#3024 = LINE('',#3025,#3026);
#3025 = CARTESIAN_POINT('',(-48.,26.4975,25.));
#3026 = VECTOR('',#3027,1.);
#3027 = DIRECTION('',(0.,-1.,0.));
#3028 = ORIENTED_EDGE('',*,*,#3029,.F.);
#3029 = EDGE_CURVE('',#3004,#3022,#3030,.T.);
#3030 = LINE('',#3031,#3032);
#3031 = CARTESIAN_POINT('',(-48.,-6.,12.3));
#3032 = VECTOR('',#3033,1.);
#3033 = DIRECTION('',(0.,0.,1.));
#3034 = FACE_BOUND('',#3035,.F.);
#3035 = EDGE_LOOP('',(#3036,#3046,#3054,#3062));
#3036 = ORIENTED_EDGE('',*,*,#3037,.T.);
#3037 = EDGE_CURVE('',#3038,#3040,#3042,.T.);
#3038 = VERTEX_POINT('',#3039);
#3039 = CARTESIAN_POINT('',(-48.,-13.5,16.));
#3040 = VERTEX_POINT('',#3041);
#3041 = CARTESIAN_POINT('',(-48.,-16.5,16.));
#3042 = LINE('',#3043,#3044);
#3043 = CARTESIAN_POINT('',(-48.,22.7475,16.));
#3044 = VECTOR('',#3045,1.);
#3045 = DIRECTION('',(0.,-1.,0.));
#3046 = ORIENTED_EDGE('',*,*,#3047,.T.);
#3047 = EDGE_CURVE('',#3040,#3048,#3050,.T.);
#3048 = VERTEX_POINT('',#3049);
#3049 = CARTESIAN_POINT('',(-48.,-16.5,25.));
#3050 = LINE('',#3051,#3052);
#3051 = CARTESIAN_POINT('',(-48.,-16.5,12.3));
#3052 = VECTOR('',#3053,1.);
#3053 = DIRECTION('',(0.,0.,1.));
#3054 = ORIENTED_EDGE('',*,*,#3055,.F.);
#3055 = EDGE_CURVE('',#3056,#3048,#3058,.T.);
#3056 = VERTEX_POINT('',#3057);
#3057 = CARTESIAN_POINT('',(-48.,-13.5,25.));
#3058 = LINE('',#3059,#3060);
#3059 = CARTESIAN_POINT('',(-48.,22.7475,25.));
#3060 = VECTOR('',#3061,1.);
#3061 = DIRECTION('',(0.,-1.,0.));
#3062 = ORIENTED_EDGE('',*,*,#3063,.F.);
#3063 = EDGE_CURVE('',#3038,#3056,#3064,.T.);
#3064 = LINE('',#3065,#3066);
#3065 = CARTESIAN_POINT('',(-48.,-13.5,12.3));
#3066 = VECTOR('',#3067,1.);
#3067 = DIRECTION('',(0.,0.,1.));
#3068 = FACE_BOUND('',#3069,.F.);
#3069 = EDGE_LOOP('',(#3070,#3080,#3088,#3096));
#3070 = ORIENTED_EDGE('',*,*,#3071,.T.);
#3071 = EDGE_CURVE('',#3072,#3074,#3076,.T.);
#3072 = VERTEX_POINT('',#3073);
#3073 = CARTESIAN_POINT('',(-48.,-21.,16.));
#3074 = VERTEX_POINT('',#3075);
#3075 = CARTESIAN_POINT('',(-48.,-24.,16.));
#3076 = LINE('',#3077,#3078);
#3077 = CARTESIAN_POINT('',(-48.,18.9975,16.));
#3078 = VECTOR('',#3079,1.);
#3079 = DIRECTION('',(0.,-1.,0.));
#3080 = ORIENTED_EDGE('',*,*,#3081,.T.);
#3081 = EDGE_CURVE('',#3074,#3082,#3084,.T.);
#3082 = VERTEX_POINT('',#3083);
#3083 = CARTESIAN_POINT('',(-48.,-24.,25.));
#3084 = LINE('',#3085,#3086);
#3085 = CARTESIAN_POINT('',(-48.,-24.,12.3));
#3086 = VECTOR('',#3087,1.);
#3087 = DIRECTION('',(0.,0.,1.));
#3088 = ORIENTED_EDGE('',*,*,#3089,.F.);
#3089 = EDGE_CURVE('',#3090,#3082,#3092,.T.);
#3090 = VERTEX_POINT('',#3091);
#3091 = CARTESIAN_POINT('',(-48.,-21.,25.));
#3092 = LINE('',#3093,#3094);
#3093 = CARTESIAN_POINT('',(-48.,18.9975,25.));
#3094 = VECTOR('',#3095,1.);
#3095 = DIRECTION('',(0.,-1.,0.));
#3096 = ORIENTED_EDGE('',*,*,#3097,.F.);
#3097 = EDGE_CURVE('',#3072,#3090,#3098,.T.);
#3098 = LINE('',#3099,#3100);
#3099 = CARTESIAN_POINT('',(-48.,-21.,12.3));
#3100 = VECTOR('',#3101,1.);
#3101 = DIRECTION('',(0.,0.,1.));
#3102 = FACE_BOUND('',#3103,.F.);
#3103 = EDGE_LOOP('',(#3104,#3114,#3122,#3130));
#3104 = ORIENTED_EDGE('',*,*,#3105,.T.);
#3105 = EDGE_CURVE('',#3106,#3108,#3110,.T.);
#3106 = VERTEX_POINT('',#3107);
#3107 = CARTESIAN_POINT('',(-48.,-28.5,16.));
#3108 = VERTEX_POINT('',#3109);
#3109 = CARTESIAN_POINT('',(-48.,-31.5,16.));
#3110 = LINE('',#3111,#3112);
#3111 = CARTESIAN_POINT('',(-48.,15.2475,16.));
#3112 = VECTOR('',#3113,1.);
#3113 = DIRECTION('',(0.,-1.,0.));
#3114 = ORIENTED_EDGE('',*,*,#3115,.T.);
#3115 = EDGE_CURVE('',#3108,#3116,#3118,.T.);
#3116 = VERTEX_POINT('',#3117);
#3117 = CARTESIAN_POINT('',(-48.,-31.5,25.));
#3118 = LINE('',#3119,#3120);
#3119 = CARTESIAN_POINT('',(-48.,-31.5,12.3));
#3120 = VECTOR('',#3121,1.);
#3121 = DIRECTION('',(0.,0.,1.));
#3122 = ORIENTED_EDGE('',*,*,#3123,.F.);
#3123 = EDGE_CURVE('',#3124,#3116,#3126,.T.);
#3124 = VERTEX_POINT('',#3125);
#3125 = CARTESIAN_POINT('',(-48.,-28.5,25.));
#3126 = LINE('',#3127,#3128);
#3127 = CARTESIAN_POINT('',(-48.,15.2475,25.));
#3128 = VECTOR('',#3129,1.);
#3129 = DIRECTION('',(0.,-1.,0.));
#3130 = ORIENTED_EDGE('',*,*,#3131,.F.);
#3131 = EDGE_CURVE('',#3106,#3124,#3132,.T.);
#3132 = LINE('',#3133,#3134);
#3133 = CARTESIAN_POINT('',(-48.,-28.5,12.3));
#3134 = VECTOR('',#3135,1.);
#3135 = DIRECTION('',(0.,0.,1.));
#3136 = FACE_BOUND('',#3137,.F.);
#3137 = EDGE_LOOP('',(#3138,#3148,#3156,#3164));
#3138 = ORIENTED_EDGE('',*,*,#3139,.T.);
#3139 = EDGE_CURVE('',#3140,#3142,#3144,.T.);
#3140 = VERTEX_POINT('',#3141);
#3141 = CARTESIAN_POINT('',(-48.,-36.,16.));
#3142 = VERTEX_POINT('',#3143);
#3143 = CARTESIAN_POINT('',(-48.,-39.,16.));
#3144 = LINE('',#3145,#3146);
#3145 = CARTESIAN_POINT('',(-48.,11.4975,16.));
#3146 = VECTOR('',#3147,1.);
#3147 = DIRECTION('',(0.,-1.,0.));
#3148 = ORIENTED_EDGE('',*,*,#3149,.T.);
#3149 = EDGE_CURVE('',#3142,#3150,#3152,.T.);
#3150 = VERTEX_POINT('',#3151);
#3151 = CARTESIAN_POINT('',(-48.,-39.,25.));
#3152 = LINE('',#3153,#3154);
#3153 = CARTESIAN_POINT('',(-48.,-39.,12.3));
#3154 = VECTOR('',#3155,1.);
#3155 = DIRECTION('',(0.,0.,1.));
#3156 = ORIENTED_EDGE('',*,*,#3157,.F.);
#3157 = EDGE_CURVE('',#3158,#3150,#3160,.T.);
#3158 = VERTEX_POINT('',#3159);
#3159 = CARTESIAN_POINT('',(-48.,-36.,25.));
#3160 = LINE('',#3161,#3162);
#3161 = CARTESIAN_POINT('',(-48.,11.4975,25.));
#3162 = VECTOR('',#3163,1.);
#3163 = DIRECTION('',(0.,-1.,0.));
#3164 = ORIENTED_EDGE('',*,*,#3165,.F.);
#3165 = EDGE_CURVE('',#3140,#3158,#3166,.T.);
#3166 = LINE('',#3167,#3168);
#3167 = CARTESIAN_POINT('',(-48.,-36.,12.3));
#3168 = VECTOR('',#3169,1.);
#3169 = DIRECTION('',(0.,0.,1.));
#3170 = FACE_BOUND('',#3171,.F.);
#3171 = EDGE_LOOP('',(#3172,#3182,#3190,#3198));
#3172 = ORIENTED_EDGE('',*,*,#3173,.T.);
#3173 = EDGE_CURVE('',#3174,#3176,#3178,.T.);
#3174 = VERTEX_POINT('',#3175);
#3175 = CARTESIAN_POINT('',(-48.,-43.5,16.));
#3176 = VERTEX_POINT('',#3177);
#3177 = CARTESIAN_POINT('',(-48.,-46.5,16.));
#3178 = LINE('',#3179,#3180);
#3179 = CARTESIAN_POINT('',(-48.,7.7475,16.));
#3180 = VECTOR('',#3181,1.);
#3181 = DIRECTION('',(0.,-1.,0.));
#3182 = ORIENTED_EDGE('',*,*,#3183,.T.);
#3183 = EDGE_CURVE('',#3176,#3184,#3186,.T.);
#3184 = VERTEX_POINT('',#3185);
#3185 = CARTESIAN_POINT('',(-48.,-46.5,25.));
#3186 = LINE('',#3187,#3188);
#3187 = CARTESIAN_POINT('',(-48.,-46.5,12.3));
#3188 = VECTOR('',#3189,1.);
#3189 = DIRECTION('',(0.,0.,1.));
#3190 = ORIENTED_EDGE('',*,*,#3191,.F.);
#3191 = EDGE_CURVE('',#3192,#3184,#3194,.T.);
#3192 = VERTEX_POINT('',#3193);
#3193 = CARTESIAN_POINT('',(-48.,-43.5,25.));
#3194 = LINE('',#3195,#3196);
#3195 = CARTESIAN_POINT('',(-48.,7.7475,25.));
#3196 = VECTOR('',#3197,1.);
#3197 = DIRECTION('',(0.,-1.,0.));
#3198 = ORIENTED_EDGE('',*,*,#3199,.F.);
#3199 = EDGE_CURVE('',#3174,#3192,#3200,.T.);
#3200 = LINE('',#3201,#3202);
#3201 = CARTESIAN_POINT('',(-48.,-43.5,12.3));
#3202 = VECTOR('',#3203,1.);
#3203 = DIRECTION('',(0.,0.,1.));
#3204 = FACE_BOUND('',#3205,.F.);
#3205 = EDGE_LOOP('',(#3206,#3216,#3224,#3232));
#3206 = ORIENTED_EDGE('',*,*,#3207,.T.);
#3207 = EDGE_CURVE('',#3208,#3210,#3212,.T.);
#3208 = VERTEX_POINT('',#3209);
#3209 = CARTESIAN_POINT('',(-48.,-51.,16.));
#3210 = VERTEX_POINT('',#3211);
#3211 = CARTESIAN_POINT('',(-48.,-54.,16.));
#3212 = LINE('',#3213,#3214);
#3213 = CARTESIAN_POINT('',(-48.,3.9975,16.));
#3214 = VECTOR('',#3215,1.);
#3215 = DIRECTION('',(0.,-1.,0.));
#3216 = ORIENTED_EDGE('',*,*,#3217,.T.);
#3217 = EDGE_CURVE('',#3210,#3218,#3220,.T.);
#3218 = VERTEX_POINT('',#3219);
#3219 = CARTESIAN_POINT('',(-48.,-54.,25.));
#3220 = LINE('',#3221,#3222);
#3221 = CARTESIAN_POINT('',(-48.,-54.,12.3));
#3222 = VECTOR('',#3223,1.);
#3223 = DIRECTION('',(0.,0.,1.));
#3224 = ORIENTED_EDGE('',*,*,#3225,.F.);
#3225 = EDGE_CURVE('',#3226,#3218,#3228,.T.);
#3226 = VERTEX_POINT('',#3227);
#3227 = CARTESIAN_POINT('',(-48.,-51.,25.));
#3228 = LINE('',#3229,#3230);
#3229 = CARTESIAN_POINT('',(-48.,3.9975,25.));
#3230 = VECTOR('',#3231,1.);
#3231 = DIRECTION('',(0.,-1.,0.));
#3232 = ORIENTED_EDGE('',*,*,#3233,.F.);
#3233 = EDGE_CURVE('',#3208,#3226,#3234,.T.);
#3234 = LINE('',#3235,#3236);
#3235 = CARTESIAN_POINT('',(-48.,-51.,12.3));
#3236 = VECTOR('',#3237,1.);
#3237 = DIRECTION('',(0.,0.,1.));
#3238 = PLANE('',#3239);
#3239 = AXIS2_PLACEMENT_3D('',#3240,#3241,#3242);
#3240 = CARTESIAN_POINT('',(-48.,61.995,8.6));
#3241 = DIRECTION('',(1.,0.,-0.));
#3242 = DIRECTION('',(0.,-1.,0.));
#3243 = ADVANCED_FACE('',(#3244,#3262,#3296,#3330,#3364,#3398,#3432,
    #3466,#3500,#3534,#3568,#3602,#3636,#3670,#3704,#3738,#3772,#3806,
    #3840,#3874,#3908,#3942,#3976,#4010,#4044,#4078,#4112,#4146,#4180,
    #4214,#4248),#4282,.F.);
#3244 = FACE_BOUND('',#3245,.F.);
#3245 = EDGE_LOOP('',(#3246,#3247,#3255,#3261));
#3246 = ORIENTED_EDGE('',*,*,#391,.T.);
#3247 = ORIENTED_EDGE('',*,*,#3248,.T.);
#3248 = EDGE_CURVE('',#392,#3249,#3251,.T.);
#3249 = VERTEX_POINT('',#3250);
#3250 = CARTESIAN_POINT('',(48.,-61.995,40.));
#3251 = LINE('',#3252,#3253);
#3252 = CARTESIAN_POINT('',(48.,-61.995,8.6));
#3253 = VECTOR('',#3254,1.);
#3254 = DIRECTION('',(0.,0.,1.));
#3255 = ORIENTED_EDGE('',*,*,#3256,.T.);
#3256 = EDGE_CURVE('',#3249,#2378,#3257,.T.);
#3257 = LINE('',#3258,#3259);
#3258 = CARTESIAN_POINT('',(48.,-61.995,40.));
#3259 = VECTOR('',#3260,1.);
#3260 = DIRECTION('',(0.,1.,0.));
#3261 = ORIENTED_EDGE('',*,*,#2377,.F.);
#3262 = FACE_BOUND('',#3263,.F.);
#3263 = EDGE_LOOP('',(#3264,#3274,#3282,#3290));
#3264 = ORIENTED_EDGE('',*,*,#3265,.F.);
#3265 = EDGE_CURVE('',#3266,#3268,#3270,.T.);
#3266 = VERTEX_POINT('',#3267);
#3267 = CARTESIAN_POINT('',(48.,-54.,36.));
#3268 = VERTEX_POINT('',#3269);
#3269 = CARTESIAN_POINT('',(48.,-51.,36.));
#3270 = LINE('',#3271,#3272);
#3271 = CARTESIAN_POINT('',(48.,-57.9975,36.));
#3272 = VECTOR('',#3273,1.);
#3273 = DIRECTION('',(0.,1.,-0.));
#3274 = ORIENTED_EDGE('',*,*,#3275,.T.);
#3275 = EDGE_CURVE('',#3266,#3276,#3278,.T.);
#3276 = VERTEX_POINT('',#3277);
#3277 = CARTESIAN_POINT('',(48.,-54.,27.));
#3278 = LINE('',#3279,#3280);
#3279 = CARTESIAN_POINT('',(48.,-54.,17.8));
#3280 = VECTOR('',#3281,1.);
#3281 = DIRECTION('',(0.,0.,-1.));
#3282 = ORIENTED_EDGE('',*,*,#3283,.T.);
#3283 = EDGE_CURVE('',#3276,#3284,#3286,.T.);
#3284 = VERTEX_POINT('',#3285);
#3285 = CARTESIAN_POINT('',(48.,-51.,27.));
#3286 = LINE('',#3287,#3288);
#3287 = CARTESIAN_POINT('',(48.,-57.9975,27.));
#3288 = VECTOR('',#3289,1.);
#3289 = DIRECTION('',(0.,1.,-0.));
#3290 = ORIENTED_EDGE('',*,*,#3291,.F.);
#3291 = EDGE_CURVE('',#3268,#3284,#3292,.T.);
#3292 = LINE('',#3293,#3294);
#3293 = CARTESIAN_POINT('',(48.,-51.,17.8));
#3294 = VECTOR('',#3295,1.);
#3295 = DIRECTION('',(0.,0.,-1.));
#3296 = FACE_BOUND('',#3297,.F.);
#3297 = EDGE_LOOP('',(#3298,#3308,#3316,#3324));
#3298 = ORIENTED_EDGE('',*,*,#3299,.F.);
#3299 = EDGE_CURVE('',#3300,#3302,#3304,.T.);
#3300 = VERTEX_POINT('',#3301);
#3301 = CARTESIAN_POINT('',(48.,-46.5,36.));
#3302 = VERTEX_POINT('',#3303);
#3303 = CARTESIAN_POINT('',(48.,-43.5,36.));
#3304 = LINE('',#3305,#3306);
#3305 = CARTESIAN_POINT('',(48.,-54.2475,36.));
#3306 = VECTOR('',#3307,1.);
#3307 = DIRECTION('',(0.,1.,-0.));
#3308 = ORIENTED_EDGE('',*,*,#3309,.T.);
#3309 = EDGE_CURVE('',#3300,#3310,#3312,.T.);
#3310 = VERTEX_POINT('',#3311);
#3311 = CARTESIAN_POINT('',(48.,-46.5,27.));
#3312 = LINE('',#3313,#3314);
#3313 = CARTESIAN_POINT('',(48.,-46.5,17.8));
#3314 = VECTOR('',#3315,1.);
#3315 = DIRECTION('',(0.,0.,-1.));
#3316 = ORIENTED_EDGE('',*,*,#3317,.T.);
#3317 = EDGE_CURVE('',#3310,#3318,#3320,.T.);
#3318 = VERTEX_POINT('',#3319);
#3319 = CARTESIAN_POINT('',(48.,-43.5,27.));
#3320 = LINE('',#3321,#3322);
#3321 = CARTESIAN_POINT('',(48.,-54.2475,27.));
#3322 = VECTOR('',#3323,1.);
#3323 = DIRECTION('',(0.,1.,-0.));
#3324 = ORIENTED_EDGE('',*,*,#3325,.F.);
#3325 = EDGE_CURVE('',#3302,#3318,#3326,.T.);
#3326 = LINE('',#3327,#3328);
#3327 = CARTESIAN_POINT('',(48.,-43.5,17.8));
#3328 = VECTOR('',#3329,1.);
#3329 = DIRECTION('',(0.,0.,-1.));
#3330 = FACE_BOUND('',#3331,.F.);
#3331 = EDGE_LOOP('',(#3332,#3342,#3350,#3358));
#3332 = ORIENTED_EDGE('',*,*,#3333,.F.);
#3333 = EDGE_CURVE('',#3334,#3336,#3338,.T.);
#3334 = VERTEX_POINT('',#3335);
#3335 = CARTESIAN_POINT('',(48.,-39.,36.));
#3336 = VERTEX_POINT('',#3337);
#3337 = CARTESIAN_POINT('',(48.,-36.,36.));
#3338 = LINE('',#3339,#3340);
#3339 = CARTESIAN_POINT('',(48.,-50.4975,36.));
#3340 = VECTOR('',#3341,1.);
#3341 = DIRECTION('',(0.,1.,-0.));
#3342 = ORIENTED_EDGE('',*,*,#3343,.T.);
#3343 = EDGE_CURVE('',#3334,#3344,#3346,.T.);
#3344 = VERTEX_POINT('',#3345);
#3345 = CARTESIAN_POINT('',(48.,-39.,27.));
#3346 = LINE('',#3347,#3348);
#3347 = CARTESIAN_POINT('',(48.,-39.,17.8));
#3348 = VECTOR('',#3349,1.);
#3349 = DIRECTION('',(0.,0.,-1.));
#3350 = ORIENTED_EDGE('',*,*,#3351,.T.);
#3351 = EDGE_CURVE('',#3344,#3352,#3354,.T.);
#3352 = VERTEX_POINT('',#3353);
#3353 = CARTESIAN_POINT('',(48.,-36.,27.));
#3354 = LINE('',#3355,#3356);
#3355 = CARTESIAN_POINT('',(48.,-50.4975,27.));
#3356 = VECTOR('',#3357,1.);
#3357 = DIRECTION('',(0.,1.,-0.));
#3358 = ORIENTED_EDGE('',*,*,#3359,.F.);
#3359 = EDGE_CURVE('',#3336,#3352,#3360,.T.);
#3360 = LINE('',#3361,#3362);
#3361 = CARTESIAN_POINT('',(48.,-36.,17.8));
#3362 = VECTOR('',#3363,1.);
#3363 = DIRECTION('',(0.,0.,-1.));
#3364 = FACE_BOUND('',#3365,.F.);
#3365 = EDGE_LOOP('',(#3366,#3376,#3384,#3392));
#3366 = ORIENTED_EDGE('',*,*,#3367,.F.);
#3367 = EDGE_CURVE('',#3368,#3370,#3372,.T.);
#3368 = VERTEX_POINT('',#3369);
#3369 = CARTESIAN_POINT('',(48.,-31.5,36.));
#3370 = VERTEX_POINT('',#3371);
#3371 = CARTESIAN_POINT('',(48.,-28.5,36.));
#3372 = LINE('',#3373,#3374);
#3373 = CARTESIAN_POINT('',(48.,-46.7475,36.));
#3374 = VECTOR('',#3375,1.);
#3375 = DIRECTION('',(0.,1.,-0.));
#3376 = ORIENTED_EDGE('',*,*,#3377,.T.);
#3377 = EDGE_CURVE('',#3368,#3378,#3380,.T.);
#3378 = VERTEX_POINT('',#3379);
#3379 = CARTESIAN_POINT('',(48.,-31.5,27.));
#3380 = LINE('',#3381,#3382);
#3381 = CARTESIAN_POINT('',(48.,-31.5,17.8));
#3382 = VECTOR('',#3383,1.);
#3383 = DIRECTION('',(0.,0.,-1.));
#3384 = ORIENTED_EDGE('',*,*,#3385,.T.);
#3385 = EDGE_CURVE('',#3378,#3386,#3388,.T.);
#3386 = VERTEX_POINT('',#3387);
#3387 = CARTESIAN_POINT('',(48.,-28.5,27.));
#3388 = LINE('',#3389,#3390);
#3389 = CARTESIAN_POINT('',(48.,-46.7475,27.));
#3390 = VECTOR('',#3391,1.);
#3391 = DIRECTION('',(0.,1.,-0.));
#3392 = ORIENTED_EDGE('',*,*,#3393,.F.);
#3393 = EDGE_CURVE('',#3370,#3386,#3394,.T.);
#3394 = LINE('',#3395,#3396);
#3395 = CARTESIAN_POINT('',(48.,-28.5,17.8));
#3396 = VECTOR('',#3397,1.);
#3397 = DIRECTION('',(0.,0.,-1.));
#3398 = FACE_BOUND('',#3399,.F.);
#3399 = EDGE_LOOP('',(#3400,#3410,#3418,#3426));
#3400 = ORIENTED_EDGE('',*,*,#3401,.F.);
#3401 = EDGE_CURVE('',#3402,#3404,#3406,.T.);
#3402 = VERTEX_POINT('',#3403);
#3403 = CARTESIAN_POINT('',(48.,-24.,36.));
#3404 = VERTEX_POINT('',#3405);
#3405 = CARTESIAN_POINT('',(48.,-21.,36.));
#3406 = LINE('',#3407,#3408);
#3407 = CARTESIAN_POINT('',(48.,-42.9975,36.));
#3408 = VECTOR('',#3409,1.);
#3409 = DIRECTION('',(0.,1.,-0.));
#3410 = ORIENTED_EDGE('',*,*,#3411,.T.);
#3411 = EDGE_CURVE('',#3402,#3412,#3414,.T.);
#3412 = VERTEX_POINT('',#3413);
#3413 = CARTESIAN_POINT('',(48.,-24.,27.));
#3414 = LINE('',#3415,#3416);
#3415 = CARTESIAN_POINT('',(48.,-24.,17.8));
#3416 = VECTOR('',#3417,1.);
#3417 = DIRECTION('',(0.,0.,-1.));
#3418 = ORIENTED_EDGE('',*,*,#3419,.T.);
#3419 = EDGE_CURVE('',#3412,#3420,#3422,.T.);
#3420 = VERTEX_POINT('',#3421);
#3421 = CARTESIAN_POINT('',(48.,-21.,27.));
#3422 = LINE('',#3423,#3424);
#3423 = CARTESIAN_POINT('',(48.,-42.9975,27.));
#3424 = VECTOR('',#3425,1.);
#3425 = DIRECTION('',(0.,1.,-0.));
#3426 = ORIENTED_EDGE('',*,*,#3427,.F.);
#3427 = EDGE_CURVE('',#3404,#3420,#3428,.T.);
#3428 = LINE('',#3429,#3430);
#3429 = CARTESIAN_POINT('',(48.,-21.,17.8));
#3430 = VECTOR('',#3431,1.);
#3431 = DIRECTION('',(0.,0.,-1.));
#3432 = FACE_BOUND('',#3433,.F.);
#3433 = EDGE_LOOP('',(#3434,#3444,#3452,#3460));
#3434 = ORIENTED_EDGE('',*,*,#3435,.F.);
#3435 = EDGE_CURVE('',#3436,#3438,#3440,.T.);
#3436 = VERTEX_POINT('',#3437);
#3437 = CARTESIAN_POINT('',(48.,-16.5,36.));
#3438 = VERTEX_POINT('',#3439);
#3439 = CARTESIAN_POINT('',(48.,-13.5,36.));
#3440 = LINE('',#3441,#3442);
#3441 = CARTESIAN_POINT('',(48.,-39.2475,36.));
#3442 = VECTOR('',#3443,1.);
#3443 = DIRECTION('',(0.,1.,-0.));
#3444 = ORIENTED_EDGE('',*,*,#3445,.T.);
#3445 = EDGE_CURVE('',#3436,#3446,#3448,.T.);
#3446 = VERTEX_POINT('',#3447);
#3447 = CARTESIAN_POINT('',(48.,-16.5,27.));
#3448 = LINE('',#3449,#3450);
#3449 = CARTESIAN_POINT('',(48.,-16.5,17.8));
#3450 = VECTOR('',#3451,1.);
#3451 = DIRECTION('',(0.,0.,-1.));
#3452 = ORIENTED_EDGE('',*,*,#3453,.T.);
#3453 = EDGE_CURVE('',#3446,#3454,#3456,.T.);
#3454 = VERTEX_POINT('',#3455);
#3455 = CARTESIAN_POINT('',(48.,-13.5,27.));
#3456 = LINE('',#3457,#3458);
#3457 = CARTESIAN_POINT('',(48.,-39.2475,27.));
#3458 = VECTOR('',#3459,1.);
#3459 = DIRECTION('',(0.,1.,-0.));
#3460 = ORIENTED_EDGE('',*,*,#3461,.F.);
#3461 = EDGE_CURVE('',#3438,#3454,#3462,.T.);
#3462 = LINE('',#3463,#3464);
#3463 = CARTESIAN_POINT('',(48.,-13.5,17.8));
#3464 = VECTOR('',#3465,1.);
#3465 = DIRECTION('',(0.,0.,-1.));
#3466 = FACE_BOUND('',#3467,.F.);
#3467 = EDGE_LOOP('',(#3468,#3478,#3486,#3494));
#3468 = ORIENTED_EDGE('',*,*,#3469,.F.);
#3469 = EDGE_CURVE('',#3470,#3472,#3474,.T.);
#3470 = VERTEX_POINT('',#3471);
#3471 = CARTESIAN_POINT('',(48.,-9.,36.));
#3472 = VERTEX_POINT('',#3473);
#3473 = CARTESIAN_POINT('',(48.,-6.,36.));
#3474 = LINE('',#3475,#3476);
#3475 = CARTESIAN_POINT('',(48.,-35.4975,36.));
#3476 = VECTOR('',#3477,1.);
#3477 = DIRECTION('',(0.,1.,-0.));
#3478 = ORIENTED_EDGE('',*,*,#3479,.T.);
#3479 = EDGE_CURVE('',#3470,#3480,#3482,.T.);
#3480 = VERTEX_POINT('',#3481);
#3481 = CARTESIAN_POINT('',(48.,-9.,27.));
#3482 = LINE('',#3483,#3484);
#3483 = CARTESIAN_POINT('',(48.,-9.,17.8));
#3484 = VECTOR('',#3485,1.);
#3485 = DIRECTION('',(0.,0.,-1.));
#3486 = ORIENTED_EDGE('',*,*,#3487,.T.);
#3487 = EDGE_CURVE('',#3480,#3488,#3490,.T.);
#3488 = VERTEX_POINT('',#3489);
#3489 = CARTESIAN_POINT('',(48.,-6.,27.));
#3490 = LINE('',#3491,#3492);
#3491 = CARTESIAN_POINT('',(48.,-35.4975,27.));
#3492 = VECTOR('',#3493,1.);
#3493 = DIRECTION('',(0.,1.,-0.));
#3494 = ORIENTED_EDGE('',*,*,#3495,.F.);
#3495 = EDGE_CURVE('',#3472,#3488,#3496,.T.);
#3496 = LINE('',#3497,#3498);
#3497 = CARTESIAN_POINT('',(48.,-6.,17.8));
#3498 = VECTOR('',#3499,1.);
#3499 = DIRECTION('',(0.,0.,-1.));
#3500 = FACE_BOUND('',#3501,.F.);
#3501 = EDGE_LOOP('',(#3502,#3512,#3520,#3528));
#3502 = ORIENTED_EDGE('',*,*,#3503,.F.);
#3503 = EDGE_CURVE('',#3504,#3506,#3508,.T.);
#3504 = VERTEX_POINT('',#3505);
#3505 = CARTESIAN_POINT('',(48.,-1.5,36.));
#3506 = VERTEX_POINT('',#3507);
#3507 = CARTESIAN_POINT('',(48.,1.5,36.));
#3508 = LINE('',#3509,#3510);
#3509 = CARTESIAN_POINT('',(48.,-31.7475,36.));
#3510 = VECTOR('',#3511,1.);
#3511 = DIRECTION('',(0.,1.,-0.));
#3512 = ORIENTED_EDGE('',*,*,#3513,.T.);
#3513 = EDGE_CURVE('',#3504,#3514,#3516,.T.);
#3514 = VERTEX_POINT('',#3515);
#3515 = CARTESIAN_POINT('',(48.,-1.5,27.));
#3516 = LINE('',#3517,#3518);
#3517 = CARTESIAN_POINT('',(48.,-1.5,17.8));
#3518 = VECTOR('',#3519,1.);
#3519 = DIRECTION('',(0.,0.,-1.));
#3520 = ORIENTED_EDGE('',*,*,#3521,.T.);
#3521 = EDGE_CURVE('',#3514,#3522,#3524,.T.);
#3522 = VERTEX_POINT('',#3523);
#3523 = CARTESIAN_POINT('',(48.,1.5,27.));
#3524 = LINE('',#3525,#3526);
#3525 = CARTESIAN_POINT('',(48.,-31.7475,27.));
#3526 = VECTOR('',#3527,1.);
#3527 = DIRECTION('',(0.,1.,-0.));
#3528 = ORIENTED_EDGE('',*,*,#3529,.F.);
#3529 = EDGE_CURVE('',#3506,#3522,#3530,.T.);
#3530 = LINE('',#3531,#3532);
#3531 = CARTESIAN_POINT('',(48.,1.5,17.8));
#3532 = VECTOR('',#3533,1.);
#3533 = DIRECTION('',(0.,0.,-1.));
#3534 = FACE_BOUND('',#3535,.F.);
#3535 = EDGE_LOOP('',(#3536,#3546,#3554,#3562));
#3536 = ORIENTED_EDGE('',*,*,#3537,.F.);
#3537 = EDGE_CURVE('',#3538,#3540,#3542,.T.);
#3538 = VERTEX_POINT('',#3539);
#3539 = CARTESIAN_POINT('',(48.,6.,36.));
#3540 = VERTEX_POINT('',#3541);
#3541 = CARTESIAN_POINT('',(48.,9.,36.));
#3542 = LINE('',#3543,#3544);
#3543 = CARTESIAN_POINT('',(48.,-27.9975,36.));
#3544 = VECTOR('',#3545,1.);
#3545 = DIRECTION('',(0.,1.,-0.));
#3546 = ORIENTED_EDGE('',*,*,#3547,.T.);
#3547 = EDGE_CURVE('',#3538,#3548,#3550,.T.);
#3548 = VERTEX_POINT('',#3549);
#3549 = CARTESIAN_POINT('',(48.,6.,27.));
#3550 = LINE('',#3551,#3552);
#3551 = CARTESIAN_POINT('',(48.,6.,17.8));
#3552 = VECTOR('',#3553,1.);
#3553 = DIRECTION('',(0.,0.,-1.));
#3554 = ORIENTED_EDGE('',*,*,#3555,.T.);
#3555 = EDGE_CURVE('',#3548,#3556,#3558,.T.);
#3556 = VERTEX_POINT('',#3557);
#3557 = CARTESIAN_POINT('',(48.,9.,27.));
#3558 = LINE('',#3559,#3560);
#3559 = CARTESIAN_POINT('',(48.,-27.9975,27.));
#3560 = VECTOR('',#3561,1.);
#3561 = DIRECTION('',(0.,1.,-0.));
#3562 = ORIENTED_EDGE('',*,*,#3563,.F.);
#3563 = EDGE_CURVE('',#3540,#3556,#3564,.T.);
#3564 = LINE('',#3565,#3566);
#3565 = CARTESIAN_POINT('',(48.,9.,17.8));
#3566 = VECTOR('',#3567,1.);
#3567 = DIRECTION('',(0.,0.,-1.));
#3568 = FACE_BOUND('',#3569,.F.);
#3569 = EDGE_LOOP('',(#3570,#3580,#3588,#3596));
#3570 = ORIENTED_EDGE('',*,*,#3571,.F.);
#3571 = EDGE_CURVE('',#3572,#3574,#3576,.T.);
#3572 = VERTEX_POINT('',#3573);
#3573 = CARTESIAN_POINT('',(48.,13.5,36.));
#3574 = VERTEX_POINT('',#3575);
#3575 = CARTESIAN_POINT('',(48.,16.5,36.));
#3576 = LINE('',#3577,#3578);
#3577 = CARTESIAN_POINT('',(48.,-24.2475,36.));
#3578 = VECTOR('',#3579,1.);
#3579 = DIRECTION('',(0.,1.,-0.));
#3580 = ORIENTED_EDGE('',*,*,#3581,.T.);
#3581 = EDGE_CURVE('',#3572,#3582,#3584,.T.);
#3582 = VERTEX_POINT('',#3583);
#3583 = CARTESIAN_POINT('',(48.,13.5,27.));
#3584 = LINE('',#3585,#3586);
#3585 = CARTESIAN_POINT('',(48.,13.5,17.8));
#3586 = VECTOR('',#3587,1.);
#3587 = DIRECTION('',(0.,0.,-1.));
#3588 = ORIENTED_EDGE('',*,*,#3589,.T.);
#3589 = EDGE_CURVE('',#3582,#3590,#3592,.T.);
#3590 = VERTEX_POINT('',#3591);
#3591 = CARTESIAN_POINT('',(48.,16.5,27.));
#3592 = LINE('',#3593,#3594);
#3593 = CARTESIAN_POINT('',(48.,-24.2475,27.));
#3594 = VECTOR('',#3595,1.);
#3595 = DIRECTION('',(0.,1.,-0.));
#3596 = ORIENTED_EDGE('',*,*,#3597,.F.);
#3597 = EDGE_CURVE('',#3574,#3590,#3598,.T.);
#3598 = LINE('',#3599,#3600);
#3599 = CARTESIAN_POINT('',(48.,16.5,17.8));
#3600 = VECTOR('',#3601,1.);
#3601 = DIRECTION('',(0.,0.,-1.));
#3602 = FACE_BOUND('',#3603,.F.);
#3603 = EDGE_LOOP('',(#3604,#3614,#3622,#3630));
#3604 = ORIENTED_EDGE('',*,*,#3605,.F.);
#3605 = EDGE_CURVE('',#3606,#3608,#3610,.T.);
#3606 = VERTEX_POINT('',#3607);
#3607 = CARTESIAN_POINT('',(48.,21.,36.));
#3608 = VERTEX_POINT('',#3609);
#3609 = CARTESIAN_POINT('',(48.,24.,36.));
#3610 = LINE('',#3611,#3612);
#3611 = CARTESIAN_POINT('',(48.,-20.4975,36.));
#3612 = VECTOR('',#3613,1.);
#3613 = DIRECTION('',(0.,1.,-0.));
#3614 = ORIENTED_EDGE('',*,*,#3615,.T.);
#3615 = EDGE_CURVE('',#3606,#3616,#3618,.T.);
#3616 = VERTEX_POINT('',#3617);
#3617 = CARTESIAN_POINT('',(48.,21.,27.));
#3618 = LINE('',#3619,#3620);
#3619 = CARTESIAN_POINT('',(48.,21.,17.8));
#3620 = VECTOR('',#3621,1.);
#3621 = DIRECTION('',(0.,0.,-1.));
#3622 = ORIENTED_EDGE('',*,*,#3623,.T.);
#3623 = EDGE_CURVE('',#3616,#3624,#3626,.T.);
#3624 = VERTEX_POINT('',#3625);
#3625 = CARTESIAN_POINT('',(48.,24.,27.));
#3626 = LINE('',#3627,#3628);
#3627 = CARTESIAN_POINT('',(48.,-20.4975,27.));
#3628 = VECTOR('',#3629,1.);
#3629 = DIRECTION('',(0.,1.,-0.));
#3630 = ORIENTED_EDGE('',*,*,#3631,.F.);
#3631 = EDGE_CURVE('',#3608,#3624,#3632,.T.);
#3632 = LINE('',#3633,#3634);
#3633 = CARTESIAN_POINT('',(48.,24.,17.8));
#3634 = VECTOR('',#3635,1.);
#3635 = DIRECTION('',(0.,0.,-1.));
#3636 = FACE_BOUND('',#3637,.F.);
#3637 = EDGE_LOOP('',(#3638,#3648,#3656,#3664));
#3638 = ORIENTED_EDGE('',*,*,#3639,.F.);
#3639 = EDGE_CURVE('',#3640,#3642,#3644,.T.);
#3640 = VERTEX_POINT('',#3641);
#3641 = CARTESIAN_POINT('',(48.,28.5,36.));
#3642 = VERTEX_POINT('',#3643);
#3643 = CARTESIAN_POINT('',(48.,31.5,36.));
#3644 = LINE('',#3645,#3646);
#3645 = CARTESIAN_POINT('',(48.,-16.7475,36.));
#3646 = VECTOR('',#3647,1.);
#3647 = DIRECTION('',(0.,1.,-0.));
#3648 = ORIENTED_EDGE('',*,*,#3649,.T.);
#3649 = EDGE_CURVE('',#3640,#3650,#3652,.T.);
#3650 = VERTEX_POINT('',#3651);
#3651 = CARTESIAN_POINT('',(48.,28.5,27.));
#3652 = LINE('',#3653,#3654);
#3653 = CARTESIAN_POINT('',(48.,28.5,17.8));
#3654 = VECTOR('',#3655,1.);
#3655 = DIRECTION('',(0.,0.,-1.));
#3656 = ORIENTED_EDGE('',*,*,#3657,.T.);
#3657 = EDGE_CURVE('',#3650,#3658,#3660,.T.);
#3658 = VERTEX_POINT('',#3659);
#3659 = CARTESIAN_POINT('',(48.,31.5,27.));
#3660 = LINE('',#3661,#3662);
#3661 = CARTESIAN_POINT('',(48.,-16.7475,27.));
#3662 = VECTOR('',#3663,1.);
#3663 = DIRECTION('',(0.,1.,-0.));
#3664 = ORIENTED_EDGE('',*,*,#3665,.F.);
#3665 = EDGE_CURVE('',#3642,#3658,#3666,.T.);
#3666 = LINE('',#3667,#3668);
#3667 = CARTESIAN_POINT('',(48.,31.5,17.8));
#3668 = VECTOR('',#3669,1.);
#3669 = DIRECTION('',(0.,0.,-1.));
#3670 = FACE_BOUND('',#3671,.F.);
#3671 = EDGE_LOOP('',(#3672,#3682,#3690,#3698));
#3672 = ORIENTED_EDGE('',*,*,#3673,.F.);
#3673 = EDGE_CURVE('',#3674,#3676,#3678,.T.);
#3674 = VERTEX_POINT('',#3675);
#3675 = CARTESIAN_POINT('',(48.,36.,36.));
#3676 = VERTEX_POINT('',#3677);
#3677 = CARTESIAN_POINT('',(48.,39.,36.));
#3678 = LINE('',#3679,#3680);
#3679 = CARTESIAN_POINT('',(48.,-12.9975,36.));
#3680 = VECTOR('',#3681,1.);
#3681 = DIRECTION('',(0.,1.,-0.));
#3682 = ORIENTED_EDGE('',*,*,#3683,.T.);
#3683 = EDGE_CURVE('',#3674,#3684,#3686,.T.);
#3684 = VERTEX_POINT('',#3685);
#3685 = CARTESIAN_POINT('',(48.,36.,27.));
#3686 = LINE('',#3687,#3688);
#3687 = CARTESIAN_POINT('',(48.,36.,17.8));
#3688 = VECTOR('',#3689,1.);
#3689 = DIRECTION('',(0.,0.,-1.));
#3690 = ORIENTED_EDGE('',*,*,#3691,.T.);
#3691 = EDGE_CURVE('',#3684,#3692,#3694,.T.);
#3692 = VERTEX_POINT('',#3693);
#3693 = CARTESIAN_POINT('',(48.,39.,27.));
#3694 = LINE('',#3695,#3696);
#3695 = CARTESIAN_POINT('',(48.,-12.9975,27.));
#3696 = VECTOR('',#3697,1.);
#3697 = DIRECTION('',(0.,1.,-0.));
#3698 = ORIENTED_EDGE('',*,*,#3699,.F.);
#3699 = EDGE_CURVE('',#3676,#3692,#3700,.T.);
#3700 = LINE('',#3701,#3702);
#3701 = CARTESIAN_POINT('',(48.,39.,17.8));
#3702 = VECTOR('',#3703,1.);
#3703 = DIRECTION('',(0.,0.,-1.));
#3704 = FACE_BOUND('',#3705,.F.);
#3705 = EDGE_LOOP('',(#3706,#3716,#3724,#3732));
#3706 = ORIENTED_EDGE('',*,*,#3707,.F.);
#3707 = EDGE_CURVE('',#3708,#3710,#3712,.T.);
#3708 = VERTEX_POINT('',#3709);
#3709 = CARTESIAN_POINT('',(48.,43.5,36.));
#3710 = VERTEX_POINT('',#3711);
#3711 = CARTESIAN_POINT('',(48.,46.5,36.));
#3712 = LINE('',#3713,#3714);
#3713 = CARTESIAN_POINT('',(48.,-9.2475,36.));
#3714 = VECTOR('',#3715,1.);
#3715 = DIRECTION('',(0.,1.,-0.));
#3716 = ORIENTED_EDGE('',*,*,#3717,.T.);
#3717 = EDGE_CURVE('',#3708,#3718,#3720,.T.);
#3718 = VERTEX_POINT('',#3719);
#3719 = CARTESIAN_POINT('',(48.,43.5,27.));
#3720 = LINE('',#3721,#3722);
#3721 = CARTESIAN_POINT('',(48.,43.5,17.8));
#3722 = VECTOR('',#3723,1.);
#3723 = DIRECTION('',(0.,0.,-1.));
#3724 = ORIENTED_EDGE('',*,*,#3725,.T.);
#3725 = EDGE_CURVE('',#3718,#3726,#3728,.T.);
#3726 = VERTEX_POINT('',#3727);
#3727 = CARTESIAN_POINT('',(48.,46.5,27.));
#3728 = LINE('',#3729,#3730);
#3729 = CARTESIAN_POINT('',(48.,-9.2475,27.));
#3730 = VECTOR('',#3731,1.);
#3731 = DIRECTION('',(0.,1.,-0.));
#3732 = ORIENTED_EDGE('',*,*,#3733,.F.);
#3733 = EDGE_CURVE('',#3710,#3726,#3734,.T.);
#3734 = LINE('',#3735,#3736);
#3735 = CARTESIAN_POINT('',(48.,46.5,17.8));
#3736 = VECTOR('',#3737,1.);
#3737 = DIRECTION('',(0.,0.,-1.));
#3738 = FACE_BOUND('',#3739,.F.);
#3739 = EDGE_LOOP('',(#3740,#3750,#3758,#3766));
#3740 = ORIENTED_EDGE('',*,*,#3741,.F.);
#3741 = EDGE_CURVE('',#3742,#3744,#3746,.T.);
#3742 = VERTEX_POINT('',#3743);
#3743 = CARTESIAN_POINT('',(48.,51.,36.));
#3744 = VERTEX_POINT('',#3745);
#3745 = CARTESIAN_POINT('',(48.,54.,36.));
#3746 = LINE('',#3747,#3748);
#3747 = CARTESIAN_POINT('',(48.,-5.4975,36.));
#3748 = VECTOR('',#3749,1.);
#3749 = DIRECTION('',(0.,1.,-0.));
#3750 = ORIENTED_EDGE('',*,*,#3751,.T.);
#3751 = EDGE_CURVE('',#3742,#3752,#3754,.T.);
#3752 = VERTEX_POINT('',#3753);
#3753 = CARTESIAN_POINT('',(48.,51.,27.));
#3754 = LINE('',#3755,#3756);
#3755 = CARTESIAN_POINT('',(48.,51.,17.8));
#3756 = VECTOR('',#3757,1.);
#3757 = DIRECTION('',(0.,0.,-1.));
#3758 = ORIENTED_EDGE('',*,*,#3759,.T.);
#3759 = EDGE_CURVE('',#3752,#3760,#3762,.T.);
#3760 = VERTEX_POINT('',#3761);
#3761 = CARTESIAN_POINT('',(48.,54.,27.));
#3762 = LINE('',#3763,#3764);
#3763 = CARTESIAN_POINT('',(48.,-5.4975,27.));
#3764 = VECTOR('',#3765,1.);
#3765 = DIRECTION('',(0.,1.,-0.));
#3766 = ORIENTED_EDGE('',*,*,#3767,.F.);
#3767 = EDGE_CURVE('',#3744,#3760,#3768,.T.);
#3768 = LINE('',#3769,#3770);
#3769 = CARTESIAN_POINT('',(48.,54.,17.8));
#3770 = VECTOR('',#3771,1.);
#3771 = DIRECTION('',(0.,0.,-1.));
#3772 = FACE_BOUND('',#3773,.F.);
#3773 = EDGE_LOOP('',(#3774,#3784,#3792,#3800));
#3774 = ORIENTED_EDGE('',*,*,#3775,.F.);
#3775 = EDGE_CURVE('',#3776,#3778,#3780,.T.);
#3776 = VERTEX_POINT('',#3777);
#3777 = CARTESIAN_POINT('',(48.,-54.,25.));
#3778 = VERTEX_POINT('',#3779);
#3779 = CARTESIAN_POINT('',(48.,-51.,25.));
#3780 = LINE('',#3781,#3782);
#3781 = CARTESIAN_POINT('',(48.,-57.9975,25.));
#3782 = VECTOR('',#3783,1.);
#3783 = DIRECTION('',(0.,1.,-0.));
#3784 = ORIENTED_EDGE('',*,*,#3785,.T.);
#3785 = EDGE_CURVE('',#3776,#3786,#3788,.T.);
#3786 = VERTEX_POINT('',#3787);
#3787 = CARTESIAN_POINT('',(48.,-54.,16.));
#3788 = LINE('',#3789,#3790);
#3789 = CARTESIAN_POINT('',(48.,-54.,12.3));
#3790 = VECTOR('',#3791,1.);
#3791 = DIRECTION('',(0.,0.,-1.));
#3792 = ORIENTED_EDGE('',*,*,#3793,.T.);
#3793 = EDGE_CURVE('',#3786,#3794,#3796,.T.);
#3794 = VERTEX_POINT('',#3795);
#3795 = CARTESIAN_POINT('',(48.,-51.,16.));
#3796 = LINE('',#3797,#3798);
#3797 = CARTESIAN_POINT('',(48.,-57.9975,16.));
#3798 = VECTOR('',#3799,1.);
#3799 = DIRECTION('',(0.,1.,-0.));
#3800 = ORIENTED_EDGE('',*,*,#3801,.F.);
#3801 = EDGE_CURVE('',#3778,#3794,#3802,.T.);
#3802 = LINE('',#3803,#3804);
#3803 = CARTESIAN_POINT('',(48.,-51.,12.3));
#3804 = VECTOR('',#3805,1.);
#3805 = DIRECTION('',(0.,0.,-1.));
#3806 = FACE_BOUND('',#3807,.F.);
#3807 = EDGE_LOOP('',(#3808,#3818,#3826,#3834));
#3808 = ORIENTED_EDGE('',*,*,#3809,.F.);
#3809 = EDGE_CURVE('',#3810,#3812,#3814,.T.);
#3810 = VERTEX_POINT('',#3811);
#3811 = CARTESIAN_POINT('',(48.,-46.5,25.));
#3812 = VERTEX_POINT('',#3813);
#3813 = CARTESIAN_POINT('',(48.,-43.5,25.));
#3814 = LINE('',#3815,#3816);
#3815 = CARTESIAN_POINT('',(48.,-54.2475,25.));
#3816 = VECTOR('',#3817,1.);
#3817 = DIRECTION('',(0.,1.,-0.));
#3818 = ORIENTED_EDGE('',*,*,#3819,.T.);
#3819 = EDGE_CURVE('',#3810,#3820,#3822,.T.);
#3820 = VERTEX_POINT('',#3821);
#3821 = CARTESIAN_POINT('',(48.,-46.5,16.));
#3822 = LINE('',#3823,#3824);
#3823 = CARTESIAN_POINT('',(48.,-46.5,12.3));
#3824 = VECTOR('',#3825,1.);
#3825 = DIRECTION('',(0.,0.,-1.));
#3826 = ORIENTED_EDGE('',*,*,#3827,.T.);
#3827 = EDGE_CURVE('',#3820,#3828,#3830,.T.);
#3828 = VERTEX_POINT('',#3829);
#3829 = CARTESIAN_POINT('',(48.,-43.5,16.));
#3830 = LINE('',#3831,#3832);
#3831 = CARTESIAN_POINT('',(48.,-54.2475,16.));
#3832 = VECTOR('',#3833,1.);
#3833 = DIRECTION('',(0.,1.,-0.));
#3834 = ORIENTED_EDGE('',*,*,#3835,.F.);
#3835 = EDGE_CURVE('',#3812,#3828,#3836,.T.);
#3836 = LINE('',#3837,#3838);
#3837 = CARTESIAN_POINT('',(48.,-43.5,12.3));
#3838 = VECTOR('',#3839,1.);
#3839 = DIRECTION('',(0.,0.,-1.));
#3840 = FACE_BOUND('',#3841,.F.);
#3841 = EDGE_LOOP('',(#3842,#3852,#3860,#3868));
#3842 = ORIENTED_EDGE('',*,*,#3843,.F.);
#3843 = EDGE_CURVE('',#3844,#3846,#3848,.T.);
#3844 = VERTEX_POINT('',#3845);
#3845 = CARTESIAN_POINT('',(48.,-39.,25.));
#3846 = VERTEX_POINT('',#3847);
#3847 = CARTESIAN_POINT('',(48.,-36.,25.));
#3848 = LINE('',#3849,#3850);
#3849 = CARTESIAN_POINT('',(48.,-50.4975,25.));
#3850 = VECTOR('',#3851,1.);
#3851 = DIRECTION('',(0.,1.,-0.));
#3852 = ORIENTED_EDGE('',*,*,#3853,.T.);
#3853 = EDGE_CURVE('',#3844,#3854,#3856,.T.);
#3854 = VERTEX_POINT('',#3855);
#3855 = CARTESIAN_POINT('',(48.,-39.,16.));
#3856 = LINE('',#3857,#3858);
#3857 = CARTESIAN_POINT('',(48.,-39.,12.3));
#3858 = VECTOR('',#3859,1.);
#3859 = DIRECTION('',(0.,0.,-1.));
#3860 = ORIENTED_EDGE('',*,*,#3861,.T.);
#3861 = EDGE_CURVE('',#3854,#3862,#3864,.T.);
#3862 = VERTEX_POINT('',#3863);
#3863 = CARTESIAN_POINT('',(48.,-36.,16.));
#3864 = LINE('',#3865,#3866);
#3865 = CARTESIAN_POINT('',(48.,-50.4975,16.));
#3866 = VECTOR('',#3867,1.);
#3867 = DIRECTION('',(0.,1.,-0.));
#3868 = ORIENTED_EDGE('',*,*,#3869,.F.);
#3869 = EDGE_CURVE('',#3846,#3862,#3870,.T.);
#3870 = LINE('',#3871,#3872);
#3871 = CARTESIAN_POINT('',(48.,-36.,12.3));
#3872 = VECTOR('',#3873,1.);
#3873 = DIRECTION('',(0.,0.,-1.));
#3874 = FACE_BOUND('',#3875,.F.);
#3875 = EDGE_LOOP('',(#3876,#3886,#3894,#3902));
#3876 = ORIENTED_EDGE('',*,*,#3877,.F.);
#3877 = EDGE_CURVE('',#3878,#3880,#3882,.T.);
#3878 = VERTEX_POINT('',#3879);
#3879 = CARTESIAN_POINT('',(48.,-31.5,25.));
#3880 = VERTEX_POINT('',#3881);
#3881 = CARTESIAN_POINT('',(48.,-28.5,25.));
#3882 = LINE('',#3883,#3884);
#3883 = CARTESIAN_POINT('',(48.,-46.7475,25.));
#3884 = VECTOR('',#3885,1.);
#3885 = DIRECTION('',(0.,1.,-0.));
#3886 = ORIENTED_EDGE('',*,*,#3887,.T.);
#3887 = EDGE_CURVE('',#3878,#3888,#3890,.T.);
#3888 = VERTEX_POINT('',#3889);
#3889 = CARTESIAN_POINT('',(48.,-31.5,16.));
#3890 = LINE('',#3891,#3892);
#3891 = CARTESIAN_POINT('',(48.,-31.5,12.3));
#3892 = VECTOR('',#3893,1.);
#3893 = DIRECTION('',(0.,0.,-1.));
#3894 = ORIENTED_EDGE('',*,*,#3895,.T.);
#3895 = EDGE_CURVE('',#3888,#3896,#3898,.T.);
#3896 = VERTEX_POINT('',#3897);
#3897 = CARTESIAN_POINT('',(48.,-28.5,16.));
#3898 = LINE('',#3899,#3900);
#3899 = CARTESIAN_POINT('',(48.,-46.7475,16.));
#3900 = VECTOR('',#3901,1.);
#3901 = DIRECTION('',(0.,1.,-0.));
#3902 = ORIENTED_EDGE('',*,*,#3903,.F.);
#3903 = EDGE_CURVE('',#3880,#3896,#3904,.T.);
#3904 = LINE('',#3905,#3906);
#3905 = CARTESIAN_POINT('',(48.,-28.5,12.3));
#3906 = VECTOR('',#3907,1.);
#3907 = DIRECTION('',(0.,0.,-1.));
#3908 = FACE_BOUND('',#3909,.F.);
#3909 = EDGE_LOOP('',(#3910,#3920,#3928,#3936));
#3910 = ORIENTED_EDGE('',*,*,#3911,.F.);
#3911 = EDGE_CURVE('',#3912,#3914,#3916,.T.);
#3912 = VERTEX_POINT('',#3913);
#3913 = CARTESIAN_POINT('',(48.,-24.,25.));
#3914 = VERTEX_POINT('',#3915);
#3915 = CARTESIAN_POINT('',(48.,-21.,25.));
#3916 = LINE('',#3917,#3918);
#3917 = CARTESIAN_POINT('',(48.,-42.9975,25.));
#3918 = VECTOR('',#3919,1.);
#3919 = DIRECTION('',(0.,1.,-0.));
#3920 = ORIENTED_EDGE('',*,*,#3921,.T.);
#3921 = EDGE_CURVE('',#3912,#3922,#3924,.T.);
#3922 = VERTEX_POINT('',#3923);
#3923 = CARTESIAN_POINT('',(48.,-24.,16.));
#3924 = LINE('',#3925,#3926);
#3925 = CARTESIAN_POINT('',(48.,-24.,12.3));
#3926 = VECTOR('',#3927,1.);
#3927 = DIRECTION('',(0.,0.,-1.));
#3928 = ORIENTED_EDGE('',*,*,#3929,.T.);
#3929 = EDGE_CURVE('',#3922,#3930,#3932,.T.);
#3930 = VERTEX_POINT('',#3931);
#3931 = CARTESIAN_POINT('',(48.,-21.,16.));
#3932 = LINE('',#3933,#3934);
#3933 = CARTESIAN_POINT('',(48.,-42.9975,16.));
#3934 = VECTOR('',#3935,1.);
#3935 = DIRECTION('',(0.,1.,-0.));
#3936 = ORIENTED_EDGE('',*,*,#3937,.F.);
#3937 = EDGE_CURVE('',#3914,#3930,#3938,.T.);
#3938 = LINE('',#3939,#3940);
#3939 = CARTESIAN_POINT('',(48.,-21.,12.3));
#3940 = VECTOR('',#3941,1.);
#3941 = DIRECTION('',(0.,0.,-1.));
#3942 = FACE_BOUND('',#3943,.F.);
#3943 = EDGE_LOOP('',(#3944,#3954,#3962,#3970));
#3944 = ORIENTED_EDGE('',*,*,#3945,.F.);
#3945 = EDGE_CURVE('',#3946,#3948,#3950,.T.);
#3946 = VERTEX_POINT('',#3947);
#3947 = CARTESIAN_POINT('',(48.,-16.5,25.));
#3948 = VERTEX_POINT('',#3949);
#3949 = CARTESIAN_POINT('',(48.,-13.5,25.));
#3950 = LINE('',#3951,#3952);
#3951 = CARTESIAN_POINT('',(48.,-39.2475,25.));
#3952 = VECTOR('',#3953,1.);
#3953 = DIRECTION('',(0.,1.,-0.));
#3954 = ORIENTED_EDGE('',*,*,#3955,.T.);
#3955 = EDGE_CURVE('',#3946,#3956,#3958,.T.);
#3956 = VERTEX_POINT('',#3957);
#3957 = CARTESIAN_POINT('',(48.,-16.5,16.));
#3958 = LINE('',#3959,#3960);
#3959 = CARTESIAN_POINT('',(48.,-16.5,12.3));
#3960 = VECTOR('',#3961,1.);
#3961 = DIRECTION('',(0.,0.,-1.));
#3962 = ORIENTED_EDGE('',*,*,#3963,.T.);
#3963 = EDGE_CURVE('',#3956,#3964,#3966,.T.);
#3964 = VERTEX_POINT('',#3965);
#3965 = CARTESIAN_POINT('',(48.,-13.5,16.));
#3966 = LINE('',#3967,#3968);
#3967 = CARTESIAN_POINT('',(48.,-39.2475,16.));
#3968 = VECTOR('',#3969,1.);
#3969 = DIRECTION('',(0.,1.,-0.));
#3970 = ORIENTED_EDGE('',*,*,#3971,.F.);
#3971 = EDGE_CURVE('',#3948,#3964,#3972,.T.);
#3972 = LINE('',#3973,#3974);
#3973 = CARTESIAN_POINT('',(48.,-13.5,12.3));
#3974 = VECTOR('',#3975,1.);
#3975 = DIRECTION('',(0.,0.,-1.));
#3976 = FACE_BOUND('',#3977,.F.);
#3977 = EDGE_LOOP('',(#3978,#3988,#3996,#4004));
#3978 = ORIENTED_EDGE('',*,*,#3979,.F.);
#3979 = EDGE_CURVE('',#3980,#3982,#3984,.T.);
#3980 = VERTEX_POINT('',#3981);
#3981 = CARTESIAN_POINT('',(48.,-9.,25.));
#3982 = VERTEX_POINT('',#3983);
#3983 = CARTESIAN_POINT('',(48.,-6.,25.));
#3984 = LINE('',#3985,#3986);
#3985 = CARTESIAN_POINT('',(48.,-35.4975,25.));
#3986 = VECTOR('',#3987,1.);
#3987 = DIRECTION('',(0.,1.,-0.));
#3988 = ORIENTED_EDGE('',*,*,#3989,.T.);
#3989 = EDGE_CURVE('',#3980,#3990,#3992,.T.);
#3990 = VERTEX_POINT('',#3991);
#3991 = CARTESIAN_POINT('',(48.,-9.,16.));
#3992 = LINE('',#3993,#3994);
#3993 = CARTESIAN_POINT('',(48.,-9.,12.3));
#3994 = VECTOR('',#3995,1.);
#3995 = DIRECTION('',(0.,0.,-1.));
#3996 = ORIENTED_EDGE('',*,*,#3997,.T.);
#3997 = EDGE_CURVE('',#3990,#3998,#4000,.T.);
#3998 = VERTEX_POINT('',#3999);
#3999 = CARTESIAN_POINT('',(48.,-6.,16.));
#4000 = LINE('',#4001,#4002);
#4001 = CARTESIAN_POINT('',(48.,-35.4975,16.));
#4002 = VECTOR('',#4003,1.);
#4003 = DIRECTION('',(0.,1.,-0.));
#4004 = ORIENTED_EDGE('',*,*,#4005,.F.);
#4005 = EDGE_CURVE('',#3982,#3998,#4006,.T.);
#4006 = LINE('',#4007,#4008);
#4007 = CARTESIAN_POINT('',(48.,-6.,12.3));
#4008 = VECTOR('',#4009,1.);
#4009 = DIRECTION('',(0.,0.,-1.));
#4010 = FACE_BOUND('',#4011,.F.);
#4011 = EDGE_LOOP('',(#4012,#4022,#4030,#4038));
#4012 = ORIENTED_EDGE('',*,*,#4013,.F.);
#4013 = EDGE_CURVE('',#4014,#4016,#4018,.T.);
#4014 = VERTEX_POINT('',#4015);
#4015 = CARTESIAN_POINT('',(48.,-1.5,25.));
#4016 = VERTEX_POINT('',#4017);
#4017 = CARTESIAN_POINT('',(48.,1.5,25.));
#4018 = LINE('',#4019,#4020);
#4019 = CARTESIAN_POINT('',(48.,-31.7475,25.));
#4020 = VECTOR('',#4021,1.);
#4021 = DIRECTION('',(0.,1.,-0.));
#4022 = ORIENTED_EDGE('',*,*,#4023,.T.);
#4023 = EDGE_CURVE('',#4014,#4024,#4026,.T.);
#4024 = VERTEX_POINT('',#4025);
#4025 = CARTESIAN_POINT('',(48.,-1.5,16.));
#4026 = LINE('',#4027,#4028);
#4027 = CARTESIAN_POINT('',(48.,-1.5,12.3));
#4028 = VECTOR('',#4029,1.);
#4029 = DIRECTION('',(0.,0.,-1.));
#4030 = ORIENTED_EDGE('',*,*,#4031,.T.);
#4031 = EDGE_CURVE('',#4024,#4032,#4034,.T.);
#4032 = VERTEX_POINT('',#4033);
#4033 = CARTESIAN_POINT('',(48.,1.5,16.));
#4034 = LINE('',#4035,#4036);
#4035 = CARTESIAN_POINT('',(48.,-31.7475,16.));
#4036 = VECTOR('',#4037,1.);
#4037 = DIRECTION('',(0.,1.,-0.));
#4038 = ORIENTED_EDGE('',*,*,#4039,.F.);
#4039 = EDGE_CURVE('',#4016,#4032,#4040,.T.);
#4040 = LINE('',#4041,#4042);
#4041 = CARTESIAN_POINT('',(48.,1.5,12.3));
#4042 = VECTOR('',#4043,1.);
#4043 = DIRECTION('',(0.,0.,-1.));
#4044 = FACE_BOUND('',#4045,.F.);
#4045 = EDGE_LOOP('',(#4046,#4056,#4064,#4072));
#4046 = ORIENTED_EDGE('',*,*,#4047,.F.);
#4047 = EDGE_CURVE('',#4048,#4050,#4052,.T.);
#4048 = VERTEX_POINT('',#4049);
#4049 = CARTESIAN_POINT('',(48.,6.,25.));
#4050 = VERTEX_POINT('',#4051);
#4051 = CARTESIAN_POINT('',(48.,9.,25.));
#4052 = LINE('',#4053,#4054);
#4053 = CARTESIAN_POINT('',(48.,-27.9975,25.));
#4054 = VECTOR('',#4055,1.);
#4055 = DIRECTION('',(0.,1.,-0.));
#4056 = ORIENTED_EDGE('',*,*,#4057,.T.);
#4057 = EDGE_CURVE('',#4048,#4058,#4060,.T.);
#4058 = VERTEX_POINT('',#4059);
#4059 = CARTESIAN_POINT('',(48.,6.,16.));
#4060 = LINE('',#4061,#4062);
#4061 = CARTESIAN_POINT('',(48.,6.,12.3));
#4062 = VECTOR('',#4063,1.);
#4063 = DIRECTION('',(0.,0.,-1.));
#4064 = ORIENTED_EDGE('',*,*,#4065,.T.);
#4065 = EDGE_CURVE('',#4058,#4066,#4068,.T.);
#4066 = VERTEX_POINT('',#4067);
#4067 = CARTESIAN_POINT('',(48.,9.,16.));
#4068 = LINE('',#4069,#4070);
#4069 = CARTESIAN_POINT('',(48.,-27.9975,16.));
#4070 = VECTOR('',#4071,1.);
#4071 = DIRECTION('',(0.,1.,-0.));
#4072 = ORIENTED_EDGE('',*,*,#4073,.F.);
#4073 = EDGE_CURVE('',#4050,#4066,#4074,.T.);
#4074 = LINE('',#4075,#4076);
#4075 = CARTESIAN_POINT('',(48.,9.,12.3));
#4076 = VECTOR('',#4077,1.);
#4077 = DIRECTION('',(0.,0.,-1.));
#4078 = FACE_BOUND('',#4079,.F.);
#4079 = EDGE_LOOP('',(#4080,#4090,#4098,#4106));
#4080 = ORIENTED_EDGE('',*,*,#4081,.F.);
#4081 = EDGE_CURVE('',#4082,#4084,#4086,.T.);
#4082 = VERTEX_POINT('',#4083);
#4083 = CARTESIAN_POINT('',(48.,13.5,25.));
#4084 = VERTEX_POINT('',#4085);
#4085 = CARTESIAN_POINT('',(48.,16.5,25.));
#4086 = LINE('',#4087,#4088);
#4087 = CARTESIAN_POINT('',(48.,-24.2475,25.));
#4088 = VECTOR('',#4089,1.);
#4089 = DIRECTION('',(0.,1.,-0.));
#4090 = ORIENTED_EDGE('',*,*,#4091,.T.);
#4091 = EDGE_CURVE('',#4082,#4092,#4094,.T.);
#4092 = VERTEX_POINT('',#4093);
#4093 = CARTESIAN_POINT('',(48.,13.5,16.));
#4094 = LINE('',#4095,#4096);
#4095 = CARTESIAN_POINT('',(48.,13.5,12.3));
#4096 = VECTOR('',#4097,1.);
#4097 = DIRECTION('',(0.,0.,-1.));
#4098 = ORIENTED_EDGE('',*,*,#4099,.T.);
#4099 = EDGE_CURVE('',#4092,#4100,#4102,.T.);
#4100 = VERTEX_POINT('',#4101);
#4101 = CARTESIAN_POINT('',(48.,16.5,16.));
#4102 = LINE('',#4103,#4104);
#4103 = CARTESIAN_POINT('',(48.,-24.2475,16.));
#4104 = VECTOR('',#4105,1.);
#4105 = DIRECTION('',(0.,1.,-0.));
#4106 = ORIENTED_EDGE('',*,*,#4107,.F.);
#4107 = EDGE_CURVE('',#4084,#4100,#4108,.T.);
#4108 = LINE('',#4109,#4110);
#4109 = CARTESIAN_POINT('',(48.,16.5,12.3));
#4110 = VECTOR('',#4111,1.);
#4111 = DIRECTION('',(0.,0.,-1.));
#4112 = FACE_BOUND('',#4113,.F.);
#4113 = EDGE_LOOP('',(#4114,#4124,#4132,#4140));
#4114 = ORIENTED_EDGE('',*,*,#4115,.F.);
#4115 = EDGE_CURVE('',#4116,#4118,#4120,.T.);
#4116 = VERTEX_POINT('',#4117);
#4117 = CARTESIAN_POINT('',(48.,21.,25.));
#4118 = VERTEX_POINT('',#4119);
#4119 = CARTESIAN_POINT('',(48.,24.,25.));
#4120 = LINE('',#4121,#4122);
#4121 = CARTESIAN_POINT('',(48.,-20.4975,25.));
#4122 = VECTOR('',#4123,1.);
#4123 = DIRECTION('',(0.,1.,-0.));
#4124 = ORIENTED_EDGE('',*,*,#4125,.T.);
#4125 = EDGE_CURVE('',#4116,#4126,#4128,.T.);
#4126 = VERTEX_POINT('',#4127);
#4127 = CARTESIAN_POINT('',(48.,21.,16.));
#4128 = LINE('',#4129,#4130);
#4129 = CARTESIAN_POINT('',(48.,21.,12.3));
#4130 = VECTOR('',#4131,1.);
#4131 = DIRECTION('',(0.,0.,-1.));
#4132 = ORIENTED_EDGE('',*,*,#4133,.T.);
#4133 = EDGE_CURVE('',#4126,#4134,#4136,.T.);
#4134 = VERTEX_POINT('',#4135);
#4135 = CARTESIAN_POINT('',(48.,24.,16.));
#4136 = LINE('',#4137,#4138);
#4137 = CARTESIAN_POINT('',(48.,-20.4975,16.));
#4138 = VECTOR('',#4139,1.);
#4139 = DIRECTION('',(0.,1.,-0.));
#4140 = ORIENTED_EDGE('',*,*,#4141,.F.);
#4141 = EDGE_CURVE('',#4118,#4134,#4142,.T.);
#4142 = LINE('',#4143,#4144);
#4143 = CARTESIAN_POINT('',(48.,24.,12.3));
#4144 = VECTOR('',#4145,1.);
#4145 = DIRECTION('',(0.,0.,-1.));
#4146 = FACE_BOUND('',#4147,.F.);
#4147 = EDGE_LOOP('',(#4148,#4158,#4166,#4174));
#4148 = ORIENTED_EDGE('',*,*,#4149,.F.);
#4149 = EDGE_CURVE('',#4150,#4152,#4154,.T.);
#4150 = VERTEX_POINT('',#4151);
#4151 = CARTESIAN_POINT('',(48.,28.5,25.));
#4152 = VERTEX_POINT('',#4153);
#4153 = CARTESIAN_POINT('',(48.,31.5,25.));
#4154 = LINE('',#4155,#4156);
#4155 = CARTESIAN_POINT('',(48.,-16.7475,25.));
#4156 = VECTOR('',#4157,1.);
#4157 = DIRECTION('',(0.,1.,-0.));
#4158 = ORIENTED_EDGE('',*,*,#4159,.T.);
#4159 = EDGE_CURVE('',#4150,#4160,#4162,.T.);
#4160 = VERTEX_POINT('',#4161);
#4161 = CARTESIAN_POINT('',(48.,28.5,16.));
#4162 = LINE('',#4163,#4164);
#4163 = CARTESIAN_POINT('',(48.,28.5,12.3));
#4164 = VECTOR('',#4165,1.);
#4165 = DIRECTION('',(0.,0.,-1.));
#4166 = ORIENTED_EDGE('',*,*,#4167,.T.);
#4167 = EDGE_CURVE('',#4160,#4168,#4170,.T.);
#4168 = VERTEX_POINT('',#4169);
#4169 = CARTESIAN_POINT('',(48.,31.5,16.));
#4170 = LINE('',#4171,#4172);
#4171 = CARTESIAN_POINT('',(48.,-16.7475,16.));
#4172 = VECTOR('',#4173,1.);
#4173 = DIRECTION('',(0.,1.,-0.));
#4174 = ORIENTED_EDGE('',*,*,#4175,.F.);
#4175 = EDGE_CURVE('',#4152,#4168,#4176,.T.);
#4176 = LINE('',#4177,#4178);
#4177 = CARTESIAN_POINT('',(48.,31.5,12.3));
#4178 = VECTOR('',#4179,1.);
#4179 = DIRECTION('',(0.,0.,-1.));
#4180 = FACE_BOUND('',#4181,.F.);
#4181 = EDGE_LOOP('',(#4182,#4192,#4200,#4208));
#4182 = ORIENTED_EDGE('',*,*,#4183,.F.);
#4183 = EDGE_CURVE('',#4184,#4186,#4188,.T.);
#4184 = VERTEX_POINT('',#4185);
#4185 = CARTESIAN_POINT('',(48.,36.,25.));
#4186 = VERTEX_POINT('',#4187);
#4187 = CARTESIAN_POINT('',(48.,39.,25.));
#4188 = LINE('',#4189,#4190);
#4189 = CARTESIAN_POINT('',(48.,-12.9975,25.));
#4190 = VECTOR('',#4191,1.);
#4191 = DIRECTION('',(0.,1.,-0.));
#4192 = ORIENTED_EDGE('',*,*,#4193,.T.);
#4193 = EDGE_CURVE('',#4184,#4194,#4196,.T.);
#4194 = VERTEX_POINT('',#4195);
#4195 = CARTESIAN_POINT('',(48.,36.,16.));
#4196 = LINE('',#4197,#4198);
#4197 = CARTESIAN_POINT('',(48.,36.,12.3));
#4198 = VECTOR('',#4199,1.);
#4199 = DIRECTION('',(0.,0.,-1.));
#4200 = ORIENTED_EDGE('',*,*,#4201,.T.);
#4201 = EDGE_CURVE('',#4194,#4202,#4204,.T.);
#4202 = VERTEX_POINT('',#4203);
#4203 = CARTESIAN_POINT('',(48.,39.,16.));
#4204 = LINE('',#4205,#4206);
#4205 = CARTESIAN_POINT('',(48.,-12.9975,16.));
#4206 = VECTOR('',#4207,1.);
#4207 = DIRECTION('',(0.,1.,-0.));
#4208 = ORIENTED_EDGE('',*,*,#4209,.F.);
#4209 = EDGE_CURVE('',#4186,#4202,#4210,.T.);
#4210 = LINE('',#4211,#4212);
#4211 = CARTESIAN_POINT('',(48.,39.,12.3));
#4212 = VECTOR('',#4213,1.);
#4213 = DIRECTION('',(0.,0.,-1.));
#4214 = FACE_BOUND('',#4215,.F.);
#4215 = EDGE_LOOP('',(#4216,#4226,#4234,#4242));
#4216 = ORIENTED_EDGE('',*,*,#4217,.F.);
#4217 = EDGE_CURVE('',#4218,#4220,#4222,.T.);
#4218 = VERTEX_POINT('',#4219);
#4219 = CARTESIAN_POINT('',(48.,43.5,25.));
#4220 = VERTEX_POINT('',#4221);
#4221 = CARTESIAN_POINT('',(48.,46.5,25.));
#4222 = LINE('',#4223,#4224);
#4223 = CARTESIAN_POINT('',(48.,-9.2475,25.));
#4224 = VECTOR('',#4225,1.);
#4225 = DIRECTION('',(0.,1.,-0.));
#4226 = ORIENTED_EDGE('',*,*,#4227,.T.);
#4227 = EDGE_CURVE('',#4218,#4228,#4230,.T.);
#4228 = VERTEX_POINT('',#4229);
#4229 = CARTESIAN_POINT('',(48.,43.5,16.));
#4230 = LINE('',#4231,#4232);
#4231 = CARTESIAN_POINT('',(48.,43.5,12.3));
#4232 = VECTOR('',#4233,1.);
#4233 = DIRECTION('',(0.,0.,-1.));
#4234 = ORIENTED_EDGE('',*,*,#4235,.T.);
#4235 = EDGE_CURVE('',#4228,#4236,#4238,.T.);
#4236 = VERTEX_POINT('',#4237);
#4237 = CARTESIAN_POINT('',(48.,46.5,16.));
#4238 = LINE('',#4239,#4240);
#4239 = CARTESIAN_POINT('',(48.,-9.2475,16.));
#4240 = VECTOR('',#4241,1.);
#4241 = DIRECTION('',(0.,1.,-0.));
#4242 = ORIENTED_EDGE('',*,*,#4243,.F.);
#4243 = EDGE_CURVE('',#4220,#4236,#4244,.T.);
#4244 = LINE('',#4245,#4246);
#4245 = CARTESIAN_POINT('',(48.,46.5,12.3));
#4246 = VECTOR('',#4247,1.);
#4247 = DIRECTION('',(0.,0.,-1.));
#4248 = FACE_BOUND('',#4249,.F.);
#4249 = EDGE_LOOP('',(#4250,#4260,#4268,#4276));
#4250 = ORIENTED_EDGE('',*,*,#4251,.F.);
#4251 = EDGE_CURVE('',#4252,#4254,#4256,.T.);
#4252 = VERTEX_POINT('',#4253);
#4253 = CARTESIAN_POINT('',(48.,51.,25.));
#4254 = VERTEX_POINT('',#4255);
#4255 = CARTESIAN_POINT('',(48.,54.,25.));
#4256 = LINE('',#4257,#4258);
#4257 = CARTESIAN_POINT('',(48.,-5.4975,25.));
#4258 = VECTOR('',#4259,1.);
#4259 = DIRECTION('',(0.,1.,-0.));
#4260 = ORIENTED_EDGE('',*,*,#4261,.T.);
#4261 = EDGE_CURVE('',#4252,#4262,#4264,.T.);
#4262 = VERTEX_POINT('',#4263);
#4263 = CARTESIAN_POINT('',(48.,51.,16.));
#4264 = LINE('',#4265,#4266);
#4265 = CARTESIAN_POINT('',(48.,51.,12.3));
#4266 = VECTOR('',#4267,1.);
#4267 = DIRECTION('',(0.,0.,-1.));
#4268 = ORIENTED_EDGE('',*,*,#4269,.T.);
#4269 = EDGE_CURVE('',#4262,#4270,#4272,.T.);
#4270 = VERTEX_POINT('',#4271);
#4271 = CARTESIAN_POINT('',(48.,54.,16.));
#4272 = LINE('',#4273,#4274);
#4273 = CARTESIAN_POINT('',(48.,-5.4975,16.));
#4274 = VECTOR('',#4275,1.);
#4275 = DIRECTION('',(0.,1.,-0.));
#4276 = ORIENTED_EDGE('',*,*,#4277,.F.);
#4277 = EDGE_CURVE('',#4254,#4270,#4278,.T.);
#4278 = LINE('',#4279,#4280);
#4279 = CARTESIAN_POINT('',(48.,54.,12.3));
#4280 = VECTOR('',#4281,1.);
#4281 = DIRECTION('',(0.,0.,-1.));
#4282 = PLANE('',#4283);
#4283 = AXIS2_PLACEMENT_3D('',#4284,#4285,#4286);
#4284 = CARTESIAN_POINT('',(48.,-61.995,8.6));
#4285 = DIRECTION('',(-1.,0.,0.));
#4286 = DIRECTION('',(0.,1.,0.));
#4287 = ADVANCED_FACE('',(#4288),#4361,.F.);
#4288 = FACE_BOUND('',#4289,.F.);
#4289 = EDGE_LOOP('',(#4290,#4300,#4307,#4308,#4309,#4310,#4317,#4318,
    #4327,#4336,#4345,#4354));
#4290 = ORIENTED_EDGE('',*,*,#4291,.T.);
#4291 = EDGE_CURVE('',#4292,#4294,#4296,.T.);
#4292 = VERTEX_POINT('',#4293);
#4293 = CARTESIAN_POINT('',(-45.,16.605,4.33));
#4294 = VERTEX_POINT('',#4295);
#4295 = CARTESIAN_POINT('',(-49.8,16.605,4.33));
#4296 = LINE('',#4297,#4298);
#4297 = CARTESIAN_POINT('',(-43.8,16.605,4.33));
#4298 = VECTOR('',#4299,1.);
#4299 = DIRECTION('',(-1.,0.,0.));
#4300 = ORIENTED_EDGE('',*,*,#4301,.F.);
#4301 = EDGE_CURVE('',#506,#4294,#4302,.T.);
#4302 = CIRCLE('',#4303,6.27);
#4303 = AXIS2_PLACEMENT_3D('',#4304,#4305,#4306);
#4304 = CARTESIAN_POINT('',(-49.8,16.605,10.6));
#4305 = DIRECTION('',(-1.,0.,0.));
#4306 = DIRECTION('',(0.,0.,-1.));
#4307 = ORIENTED_EDGE('',*,*,#513,.F.);
#4308 = ORIENTED_EDGE('',*,*,#2410,.F.);
#4309 = ORIENTED_EDGE('',*,*,#497,.T.);
#4310 = ORIENTED_EDGE('',*,*,#4311,.F.);
#4311 = EDGE_CURVE('',#4294,#498,#4312,.T.);
#4312 = CIRCLE('',#4313,6.27);
#4313 = AXIS2_PLACEMENT_3D('',#4314,#4315,#4316);
#4314 = CARTESIAN_POINT('',(-49.8,16.605,10.6));
#4315 = DIRECTION('',(-1.,0.,0.));
#4316 = DIRECTION('',(0.,0.,-1.));
#4317 = ORIENTED_EDGE('',*,*,#4291,.F.);
#4318 = ORIENTED_EDGE('',*,*,#4319,.T.);
#4319 = EDGE_CURVE('',#4292,#4320,#4322,.T.);
#4320 = VERTEX_POINT('',#4321);
#4321 = CARTESIAN_POINT('',(-45.,10.542582990259,9.));
#4322 = CIRCLE('',#4323,6.27);
#4323 = AXIS2_PLACEMENT_3D('',#4324,#4325,#4326);
#4324 = CARTESIAN_POINT('',(-45.,16.605,10.6));
#4325 = DIRECTION('',(-1.,0.,0.));
#4326 = DIRECTION('',(0.,0.,-1.));
#4327 = ORIENTED_EDGE('',*,*,#4328,.T.);
#4328 = EDGE_CURVE('',#4320,#4329,#4331,.T.);
#4329 = VERTEX_POINT('',#4330);
#4330 = CARTESIAN_POINT('',(-45.,10.529607008596,9.05));
#4331 = CIRCLE('',#4332,6.27);
#4332 = AXIS2_PLACEMENT_3D('',#4333,#4334,#4335);
#4333 = CARTESIAN_POINT('',(-45.,16.605,10.6));
#4334 = DIRECTION('',(-1.,0.,0.));
#4335 = DIRECTION('',(0.,0.,-1.));
#4336 = ORIENTED_EDGE('',*,*,#4337,.T.);
#4337 = EDGE_CURVE('',#4329,#4338,#4340,.T.);
#4338 = VERTEX_POINT('',#4339);
#4339 = CARTESIAN_POINT('',(-45.,22.680392991404,9.05));
#4340 = CIRCLE('',#4341,6.27);
#4341 = AXIS2_PLACEMENT_3D('',#4342,#4343,#4344);
#4342 = CARTESIAN_POINT('',(-45.,16.605,10.6));
#4343 = DIRECTION('',(-1.,0.,0.));
#4344 = DIRECTION('',(0.,0.,-1.));
#4345 = ORIENTED_EDGE('',*,*,#4346,.T.);
#4346 = EDGE_CURVE('',#4338,#4347,#4349,.T.);
#4347 = VERTEX_POINT('',#4348);
#4348 = CARTESIAN_POINT('',(-45.,22.667417009741,9.));
#4349 = CIRCLE('',#4350,6.27);
#4350 = AXIS2_PLACEMENT_3D('',#4351,#4352,#4353);
#4351 = CARTESIAN_POINT('',(-45.,16.605,10.6));
#4352 = DIRECTION('',(-1.,0.,0.));
#4353 = DIRECTION('',(0.,0.,-1.));
#4354 = ORIENTED_EDGE('',*,*,#4355,.T.);
#4355 = EDGE_CURVE('',#4347,#4292,#4356,.T.);
#4356 = CIRCLE('',#4357,6.27);
#4357 = AXIS2_PLACEMENT_3D('',#4358,#4359,#4360);
#4358 = CARTESIAN_POINT('',(-45.,16.605,10.6));
#4359 = DIRECTION('',(-1.,0.,0.));
#4360 = DIRECTION('',(0.,0.,-1.));
#4361 = CYLINDRICAL_SURFACE('',#4362,6.27);
#4362 = AXIS2_PLACEMENT_3D('',#4363,#4364,#4365);
#4363 = CARTESIAN_POINT('',(-43.8,16.605,10.6));
#4364 = DIRECTION('',(-1.,0.,0.));
#4365 = DIRECTION('',(0.,0.,-1.));
#4366 = ADVANCED_FACE('',(#4367),#4386,.T.);
#4367 = FACE_BOUND('',#4368,.F.);
#4368 = EDGE_LOOP('',(#4369,#4370,#4378,#4385));
#4369 = ORIENTED_EDGE('',*,*,#399,.T.);
#4370 = ORIENTED_EDGE('',*,*,#4371,.T.);
#4371 = EDGE_CURVE('',#400,#4372,#4374,.T.);
#4372 = VERTEX_POINT('',#4373);
#4373 = CARTESIAN_POINT('',(42.8,-67.195,40.));
#4374 = LINE('',#4375,#4376);
#4375 = CARTESIAN_POINT('',(42.8,-67.195,8.6));
#4376 = VECTOR('',#4377,1.);
#4377 = DIRECTION('',(0.,0.,1.));
#4378 = ORIENTED_EDGE('',*,*,#4379,.T.);
#4379 = EDGE_CURVE('',#4372,#3249,#4380,.T.);
#4380 = CIRCLE('',#4381,5.2);
#4381 = AXIS2_PLACEMENT_3D('',#4382,#4383,#4384);
#4382 = CARTESIAN_POINT('',(42.8,-61.995,40.));
#4383 = DIRECTION('',(0.,0.,1.));
#4384 = DIRECTION('',(-2.732856676E-15,-1.,0.));
#4385 = ORIENTED_EDGE('',*,*,#3248,.F.);
#4386 = CYLINDRICAL_SURFACE('',#4387,5.2);
#4387 = AXIS2_PLACEMENT_3D('',#4388,#4389,#4390);
#4388 = CARTESIAN_POINT('',(42.8,-61.995,8.6));
#4389 = DIRECTION('',(-0.,-0.,-1.));
#4390 = DIRECTION('',(-2.732856676E-15,-1.,0.));
#4391 = ADVANCED_FACE('',(#4392),#4397,.F.);
#4392 = FACE_BOUND('',#4393,.F.);
#4393 = EDGE_LOOP('',(#4394,#4395,#4396));
#4394 = ORIENTED_EDGE('',*,*,#4301,.T.);
#4395 = ORIENTED_EDGE('',*,*,#4311,.T.);
#4396 = ORIENTED_EDGE('',*,*,#505,.F.);
#4397 = PLANE('',#4398);
#4398 = AXIS2_PLACEMENT_3D('',#4399,#4400,#4401);
#4399 = CARTESIAN_POINT('',(-49.8,16.605,10.6));
#4400 = DIRECTION('',(-1.,0.,0.));
#4401 = DIRECTION('',(0.,0.,-1.));
#4402 = ADVANCED_FACE('',(#4403),#4467,.F.);
#4403 = FACE_BOUND('',#4404,.F.);
#4404 = EDGE_LOOP('',(#4405,#4406,#4407,#4415,#4423,#4429,#4430,#4438,
    #4446,#4452,#4453,#4461));
#4405 = ORIENTED_EDGE('',*,*,#4371,.F.);
#4406 = ORIENTED_EDGE('',*,*,#408,.T.);
#4407 = ORIENTED_EDGE('',*,*,#4408,.F.);
#4408 = EDGE_CURVE('',#4409,#409,#4411,.T.);
#4409 = VERTEX_POINT('',#4410);
#4410 = CARTESIAN_POINT('',(28.46,-67.195,28.6));
#4411 = LINE('',#4412,#4413);
#4412 = CARTESIAN_POINT('',(28.46,-67.195,8.55));
#4413 = VECTOR('',#4414,1.);
#4414 = DIRECTION('',(-0.,0.,-1.));
#4415 = ORIENTED_EDGE('',*,*,#4416,.F.);
#4416 = EDGE_CURVE('',#4417,#4409,#4419,.T.);
#4417 = VERTEX_POINT('',#4418);
#4418 = CARTESIAN_POINT('',(-7.5,-67.195,28.6));
#4419 = LINE('',#4420,#4421);
#4420 = CARTESIAN_POINT('',(-25.15,-67.195,28.6));
#4421 = VECTOR('',#4422,1.);
#4422 = DIRECTION('',(1.,0.,0.));
#4423 = ORIENTED_EDGE('',*,*,#4424,.T.);
#4424 = EDGE_CURVE('',#4417,#433,#4425,.T.);
#4425 = LINE('',#4426,#4427);
#4426 = CARTESIAN_POINT('',(-7.5,-67.195,8.55));
#4427 = VECTOR('',#4428,1.);
#4428 = DIRECTION('',(-0.,0.,-1.));
#4429 = ORIENTED_EDGE('',*,*,#440,.T.);
#4430 = ORIENTED_EDGE('',*,*,#4431,.F.);
#4431 = EDGE_CURVE('',#4432,#441,#4434,.T.);
#4432 = VERTEX_POINT('',#4433);
#4433 = CARTESIAN_POINT('',(-8.05,-67.195,28.6));
#4434 = LINE('',#4435,#4436);
#4435 = CARTESIAN_POINT('',(-8.05,-67.195,8.55));
#4436 = VECTOR('',#4437,1.);
#4437 = DIRECTION('',(-0.,0.,-1.));
#4438 = ORIENTED_EDGE('',*,*,#4439,.F.);
#4439 = EDGE_CURVE('',#4440,#4432,#4442,.T.);
#4440 = VERTEX_POINT('',#4441);
#4441 = CARTESIAN_POINT('',(-27.55,-67.195,28.6));
#4442 = LINE('',#4443,#4444);
#4443 = CARTESIAN_POINT('',(-35.175,-67.195,28.6));
#4444 = VECTOR('',#4445,1.);
#4445 = DIRECTION('',(1.,0.,0.));
#4446 = ORIENTED_EDGE('',*,*,#4447,.T.);
#4447 = EDGE_CURVE('',#4440,#465,#4448,.T.);
#4448 = LINE('',#4449,#4450);
#4449 = CARTESIAN_POINT('',(-27.55,-67.195,8.55));
#4450 = VECTOR('',#4451,1.);
#4451 = DIRECTION('',(-0.,0.,-1.));
#4452 = ORIENTED_EDGE('',*,*,#472,.T.);
#4453 = ORIENTED_EDGE('',*,*,#4454,.T.);
#4454 = EDGE_CURVE('',#473,#4455,#4457,.T.);
#4455 = VERTEX_POINT('',#4456);
#4456 = CARTESIAN_POINT('',(-42.8,-67.195,40.));
#4457 = LINE('',#4458,#4459);
#4458 = CARTESIAN_POINT('',(-42.8,-67.195,8.6));
#4459 = VECTOR('',#4460,1.);
#4460 = DIRECTION('',(0.,0.,1.));
#4461 = ORIENTED_EDGE('',*,*,#4462,.T.);
#4462 = EDGE_CURVE('',#4455,#4372,#4463,.T.);
#4463 = LINE('',#4464,#4465);
#4464 = CARTESIAN_POINT('',(-42.8,-67.195,40.));
#4465 = VECTOR('',#4466,1.);
#4466 = DIRECTION('',(1.,0.,0.));
#4467 = PLANE('',#4468);
#4468 = AXIS2_PLACEMENT_3D('',#4469,#4470,#4471);
#4469 = CARTESIAN_POINT('',(-42.8,-67.195,8.6));
#4470 = DIRECTION('',(0.,1.,0.));
#4471 = DIRECTION('',(1.,0.,0.));
#4472 = ADVANCED_FACE('',(#4473),#4507,.F.);
#4473 = FACE_BOUND('',#4474,.F.);
#4474 = EDGE_LOOP('',(#4475,#4483,#4491,#4499,#4505,#4506));
#4475 = ORIENTED_EDGE('',*,*,#4476,.F.);
#4476 = EDGE_CURVE('',#4477,#417,#4479,.T.);
#4477 = VERTEX_POINT('',#4478);
#4478 = CARTESIAN_POINT('',(28.46,-68.695,8.5));
#4479 = LINE('',#4480,#4481);
#4480 = CARTESIAN_POINT('',(28.46,-68.695,8.5));
#4481 = VECTOR('',#4482,1.);
#4482 = DIRECTION('',(0.,0.,1.));
#4483 = ORIENTED_EDGE('',*,*,#4484,.T.);
#4484 = EDGE_CURVE('',#4477,#4485,#4487,.T.);
#4485 = VERTEX_POINT('',#4486);
#4486 = CARTESIAN_POINT('',(28.46,-64.195,8.5));
#4487 = LINE('',#4488,#4489);
#4488 = CARTESIAN_POINT('',(28.46,-68.695,8.5));
#4489 = VECTOR('',#4490,1.);
#4490 = DIRECTION('',(-0.,1.,0.));
#4491 = ORIENTED_EDGE('',*,*,#4492,.F.);
#4492 = EDGE_CURVE('',#4493,#4485,#4495,.T.);
#4493 = VERTEX_POINT('',#4494);
#4494 = CARTESIAN_POINT('',(28.46,-64.195,28.6));
#4495 = LINE('',#4496,#4497);
#4496 = CARTESIAN_POINT('',(28.46,-64.195,8.25));
#4497 = VECTOR('',#4498,1.);
#4498 = DIRECTION('',(-0.,0.,-1.));
#4499 = ORIENTED_EDGE('',*,*,#4500,.F.);
#4500 = EDGE_CURVE('',#4409,#4493,#4501,.T.);
#4501 = LINE('',#4502,#4503);
#4502 = CARTESIAN_POINT('',(28.46,-68.695,28.6));
#4503 = VECTOR('',#4504,1.);
#4504 = DIRECTION('',(-0.,1.,0.));
#4505 = ORIENTED_EDGE('',*,*,#4408,.T.);
#4506 = ORIENTED_EDGE('',*,*,#416,.F.);
#4507 = PLANE('',#4508);
#4508 = AXIS2_PLACEMENT_3D('',#4509,#4510,#4511);
#4509 = CARTESIAN_POINT('',(28.46,-68.695,8.5));
#4510 = DIRECTION('',(1.,0.,-0.));
#4511 = DIRECTION('',(0.,0.,1.));
#4512 = ADVANCED_FACE('',(#4513),#4531,.T.);
#4513 = FACE_BOUND('',#4514,.T.);
#4514 = EDGE_LOOP('',(#4515,#4516,#4524,#4530));
#4515 = ORIENTED_EDGE('',*,*,#4476,.F.);
#4516 = ORIENTED_EDGE('',*,*,#4517,.F.);
#4517 = EDGE_CURVE('',#4518,#4477,#4520,.T.);
#4518 = VERTEX_POINT('',#4519);
#4519 = CARTESIAN_POINT('',(-7.5,-68.695,8.5));
#4520 = LINE('',#4521,#4522);
#4521 = CARTESIAN_POINT('',(-7.5,-68.695,8.5));
#4522 = VECTOR('',#4523,1.);
#4523 = DIRECTION('',(1.,0.,-0.));
#4524 = ORIENTED_EDGE('',*,*,#4525,.T.);
#4525 = EDGE_CURVE('',#4518,#425,#4526,.T.);
#4526 = LINE('',#4527,#4528);
#4527 = CARTESIAN_POINT('',(-7.5,-68.695,8.5));
#4528 = VECTOR('',#4529,1.);
#4529 = DIRECTION('',(0.,0.,1.));
#4530 = ORIENTED_EDGE('',*,*,#424,.F.);
#4531 = PLANE('',#4532);
#4532 = AXIS2_PLACEMENT_3D('',#4533,#4534,#4535);
#4533 = CARTESIAN_POINT('',(-7.5,-68.695,8.5));
#4534 = DIRECTION('',(-0.,1.,0.));
#4535 = DIRECTION('',(0.,0.,1.));
#4536 = ADVANCED_FACE('',(#4537),#4549,.T.);
#4537 = FACE_BOUND('',#4538,.F.);
#4538 = EDGE_LOOP('',(#4539,#4540,#4541,#4548));
#4539 = ORIENTED_EDGE('',*,*,#480,.T.);
#4540 = ORIENTED_EDGE('',*,*,#2401,.T.);
#4541 = ORIENTED_EDGE('',*,*,#4542,.T.);
#4542 = EDGE_CURVE('',#2402,#4455,#4543,.T.);
#4543 = CIRCLE('',#4544,5.2);
#4544 = AXIS2_PLACEMENT_3D('',#4545,#4546,#4547);
#4545 = CARTESIAN_POINT('',(-42.8,-61.995,40.));
#4546 = DIRECTION('',(0.,0.,1.));
#4547 = DIRECTION('',(-1.,2.732856676E-15,0.));
#4548 = ORIENTED_EDGE('',*,*,#4454,.F.);
#4549 = CYLINDRICAL_SURFACE('',#4550,5.2);
#4550 = AXIS2_PLACEMENT_3D('',#4551,#4552,#4553);
#4551 = CARTESIAN_POINT('',(-42.8,-61.995,8.6));
#4552 = DIRECTION('',(-0.,-0.,-1.));
#4553 = DIRECTION('',(-1.,2.732856676E-15,0.));
#4554 = ADVANCED_FACE('',(#4555),#4582,.T.);
#4555 = FACE_BOUND('',#4556,.T.);
#4556 = EDGE_LOOP('',(#4557,#4558,#4566,#4574,#4580,#4581));
#4557 = ORIENTED_EDGE('',*,*,#4525,.F.);
#4558 = ORIENTED_EDGE('',*,*,#4559,.T.);
#4559 = EDGE_CURVE('',#4518,#4560,#4562,.T.);
#4560 = VERTEX_POINT('',#4561);
#4561 = CARTESIAN_POINT('',(-7.5,-64.195,8.5));
#4562 = LINE('',#4563,#4564);
#4563 = CARTESIAN_POINT('',(-7.5,-68.695,8.5));
#4564 = VECTOR('',#4565,1.);
#4565 = DIRECTION('',(-0.,1.,0.));
#4566 = ORIENTED_EDGE('',*,*,#4567,.F.);
#4567 = EDGE_CURVE('',#4568,#4560,#4570,.T.);
#4568 = VERTEX_POINT('',#4569);
#4569 = CARTESIAN_POINT('',(-7.5,-64.195,28.6));
#4570 = LINE('',#4571,#4572);
#4571 = CARTESIAN_POINT('',(-7.5,-64.195,4.75));
#4572 = VECTOR('',#4573,1.);
#4573 = DIRECTION('',(-0.,0.,-1.));
#4574 = ORIENTED_EDGE('',*,*,#4575,.F.);
#4575 = EDGE_CURVE('',#4417,#4568,#4576,.T.);
#4576 = LINE('',#4577,#4578);
#4577 = CARTESIAN_POINT('',(-7.5,-68.695,28.6));
#4578 = VECTOR('',#4579,1.);
#4579 = DIRECTION('',(-0.,1.,0.));
#4580 = ORIENTED_EDGE('',*,*,#4424,.T.);
#4581 = ORIENTED_EDGE('',*,*,#432,.F.);
#4582 = PLANE('',#4583);
#4583 = AXIS2_PLACEMENT_3D('',#4584,#4585,#4586);
#4584 = CARTESIAN_POINT('',(-7.5,-68.695,8.5));
#4585 = DIRECTION('',(1.,0.,-0.));
#4586 = DIRECTION('',(0.,0.,1.));
#4587 = ADVANCED_FACE('',(#4588),#4622,.T.);
#4588 = FACE_BOUND('',#4589,.T.);
#4589 = EDGE_LOOP('',(#4590,#4598,#4606,#4614,#4620,#4621));
#4590 = ORIENTED_EDGE('',*,*,#4591,.F.);
#4591 = EDGE_CURVE('',#4592,#457,#4594,.T.);
#4592 = VERTEX_POINT('',#4593);
#4593 = CARTESIAN_POINT('',(-27.55,-68.695,8.5));
#4594 = LINE('',#4595,#4596);
#4595 = CARTESIAN_POINT('',(-27.55,-68.695,8.5));
#4596 = VECTOR('',#4597,1.);
#4597 = DIRECTION('',(0.,0.,1.));
#4598 = ORIENTED_EDGE('',*,*,#4599,.T.);
#4599 = EDGE_CURVE('',#4592,#4600,#4602,.T.);
#4600 = VERTEX_POINT('',#4601);
#4601 = CARTESIAN_POINT('',(-27.55,-64.195,8.5));
#4602 = LINE('',#4603,#4604);
#4603 = CARTESIAN_POINT('',(-27.55,-68.695,8.5));
#4604 = VECTOR('',#4605,1.);
#4605 = DIRECTION('',(-0.,1.,0.));
#4606 = ORIENTED_EDGE('',*,*,#4607,.F.);
#4607 = EDGE_CURVE('',#4608,#4600,#4610,.T.);
#4608 = VERTEX_POINT('',#4609);
#4609 = CARTESIAN_POINT('',(-27.55,-64.195,28.6));
#4610 = LINE('',#4611,#4612);
#4611 = CARTESIAN_POINT('',(-27.55,-64.195,4.75));
#4612 = VECTOR('',#4613,1.);
#4613 = DIRECTION('',(-0.,0.,-1.));
#4614 = ORIENTED_EDGE('',*,*,#4615,.F.);
#4615 = EDGE_CURVE('',#4440,#4608,#4616,.T.);
#4616 = LINE('',#4617,#4618);
#4617 = CARTESIAN_POINT('',(-27.55,-68.695,28.6));
#4618 = VECTOR('',#4619,1.);
#4619 = DIRECTION('',(-0.,1.,0.));
#4620 = ORIENTED_EDGE('',*,*,#4447,.T.);
#4621 = ORIENTED_EDGE('',*,*,#464,.F.);
#4622 = PLANE('',#4623);
#4623 = AXIS2_PLACEMENT_3D('',#4624,#4625,#4626);
#4624 = CARTESIAN_POINT('',(-27.55,-68.695,8.5));
#4625 = DIRECTION('',(1.,0.,-0.));
#4626 = DIRECTION('',(0.,0.,1.));
#4627 = ADVANCED_FACE('',(#4628),#4662,.F.);
#4628 = FACE_BOUND('',#4629,.F.);
#4629 = EDGE_LOOP('',(#4630,#4638,#4646,#4654,#4660,#4661));
#4630 = ORIENTED_EDGE('',*,*,#4631,.F.);
#4631 = EDGE_CURVE('',#4632,#449,#4634,.T.);
#4632 = VERTEX_POINT('',#4633);
#4633 = CARTESIAN_POINT('',(-8.05,-68.695,8.5));
#4634 = LINE('',#4635,#4636);
#4635 = CARTESIAN_POINT('',(-8.05,-68.695,8.5));
#4636 = VECTOR('',#4637,1.);
#4637 = DIRECTION('',(0.,0.,1.));
#4638 = ORIENTED_EDGE('',*,*,#4639,.T.);
#4639 = EDGE_CURVE('',#4632,#4640,#4642,.T.);
#4640 = VERTEX_POINT('',#4641);
#4641 = CARTESIAN_POINT('',(-8.05,-64.195,8.5));
#4642 = LINE('',#4643,#4644);
#4643 = CARTESIAN_POINT('',(-8.05,-68.695,8.5));
#4644 = VECTOR('',#4645,1.);
#4645 = DIRECTION('',(-0.,1.,0.));
#4646 = ORIENTED_EDGE('',*,*,#4647,.F.);
#4647 = EDGE_CURVE('',#4648,#4640,#4650,.T.);
#4648 = VERTEX_POINT('',#4649);
#4649 = CARTESIAN_POINT('',(-8.05,-64.195,28.6));
#4650 = LINE('',#4651,#4652);
#4651 = CARTESIAN_POINT('',(-8.05,-64.195,8.25));
#4652 = VECTOR('',#4653,1.);
#4653 = DIRECTION('',(-0.,0.,-1.));
#4654 = ORIENTED_EDGE('',*,*,#4655,.F.);
#4655 = EDGE_CURVE('',#4432,#4648,#4656,.T.);
#4656 = LINE('',#4657,#4658);
#4657 = CARTESIAN_POINT('',(-8.05,-68.695,28.6));
#4658 = VECTOR('',#4659,1.);
#4659 = DIRECTION('',(-0.,1.,0.));
#4660 = ORIENTED_EDGE('',*,*,#4431,.T.);
#4661 = ORIENTED_EDGE('',*,*,#448,.F.);
#4662 = PLANE('',#4663);
#4663 = AXIS2_PLACEMENT_3D('',#4664,#4665,#4666);
#4664 = CARTESIAN_POINT('',(-8.05,-68.695,8.5));
#4665 = DIRECTION('',(1.,0.,-0.));
#4666 = DIRECTION('',(0.,0.,1.));
#4667 = ADVANCED_FACE('',(#4668),#4679,.T.);
#4668 = FACE_BOUND('',#4669,.T.);
#4669 = EDGE_LOOP('',(#4670,#4671,#4677,#4678));
#4670 = ORIENTED_EDGE('',*,*,#4631,.F.);
#4671 = ORIENTED_EDGE('',*,*,#4672,.F.);
#4672 = EDGE_CURVE('',#4592,#4632,#4673,.T.);
#4673 = LINE('',#4674,#4675);
#4674 = CARTESIAN_POINT('',(-27.55,-68.695,8.5));
#4675 = VECTOR('',#4676,1.);
#4676 = DIRECTION('',(1.,0.,-0.));
#4677 = ORIENTED_EDGE('',*,*,#4591,.T.);
#4678 = ORIENTED_EDGE('',*,*,#456,.F.);
#4679 = PLANE('',#4680);
#4680 = AXIS2_PLACEMENT_3D('',#4681,#4682,#4683);
#4681 = CARTESIAN_POINT('',(-27.55,-68.695,8.5));
#4682 = DIRECTION('',(-0.,1.,0.));
#4683 = DIRECTION('',(0.,0.,1.));
#4684 = ADVANCED_FACE('',(#4685),#4704,.F.);
#4685 = FACE_BOUND('',#4686,.F.);
#4686 = EDGE_LOOP('',(#4687,#4688,#4696,#4703));
#4687 = ORIENTED_EDGE('',*,*,#538,.F.);
#4688 = ORIENTED_EDGE('',*,*,#4689,.F.);
#4689 = EDGE_CURVE('',#4690,#539,#4692,.T.);
#4690 = VERTEX_POINT('',#4691);
#4691 = CARTESIAN_POINT('',(62.4,-80.195,3.));
#4692 = LINE('',#4693,#4694);
#4693 = CARTESIAN_POINT('',(62.4,-80.195,1.));
#4694 = VECTOR('',#4695,1.);
#4695 = DIRECTION('',(0.,0.,1.));
#4696 = ORIENTED_EDGE('',*,*,#4697,.T.);
#4697 = EDGE_CURVE('',#4690,#4690,#4698,.T.);
#4698 = CIRCLE('',#4699,1.5);
#4699 = AXIS2_PLACEMENT_3D('',#4700,#4701,#4702);
#4700 = CARTESIAN_POINT('',(60.9,-80.195,3.));
#4701 = DIRECTION('',(0.,0.,1.));
#4702 = DIRECTION('',(1.,0.,-0.));
#4703 = ORIENTED_EDGE('',*,*,#4689,.T.);
#4704 = CYLINDRICAL_SURFACE('',#4705,1.5);
#4705 = AXIS2_PLACEMENT_3D('',#4706,#4707,#4708);
#4706 = CARTESIAN_POINT('',(60.9,-80.195,1.));
#4707 = DIRECTION('',(0.,0.,1.));
#4708 = DIRECTION('',(1.,0.,-0.));
#4709 = ADVANCED_FACE('',(#4710),#4729,.F.);
#4710 = FACE_BOUND('',#4711,.F.);
#4711 = EDGE_LOOP('',(#4712,#4713,#4721,#4728));
#4712 = ORIENTED_EDGE('',*,*,#549,.F.);
#4713 = ORIENTED_EDGE('',*,*,#4714,.F.);
#4714 = EDGE_CURVE('',#4715,#550,#4717,.T.);
#4715 = VERTEX_POINT('',#4716);
#4716 = CARTESIAN_POINT('',(-59.4,79.805,3.));
#4717 = LINE('',#4718,#4719);
#4718 = CARTESIAN_POINT('',(-59.4,79.805,1.));
#4719 = VECTOR('',#4720,1.);
#4720 = DIRECTION('',(0.,0.,1.));
#4721 = ORIENTED_EDGE('',*,*,#4722,.T.);
#4722 = EDGE_CURVE('',#4715,#4715,#4723,.T.);
#4723 = CIRCLE('',#4724,1.5);
#4724 = AXIS2_PLACEMENT_3D('',#4725,#4726,#4727);
#4725 = CARTESIAN_POINT('',(-60.9,79.805,3.));
#4726 = DIRECTION('',(0.,0.,1.));
#4727 = DIRECTION('',(1.,0.,-0.));
#4728 = ORIENTED_EDGE('',*,*,#4714,.T.);
#4729 = CYLINDRICAL_SURFACE('',#4730,1.5);
#4730 = AXIS2_PLACEMENT_3D('',#4731,#4732,#4733);
#4731 = CARTESIAN_POINT('',(-60.9,79.805,1.));
#4732 = DIRECTION('',(0.,0.,1.));
#4733 = DIRECTION('',(1.,0.,-0.));
#4734 = ADVANCED_FACE('',(#4735),#4754,.F.);
#4735 = FACE_BOUND('',#4736,.F.);
#4736 = EDGE_LOOP('',(#4737,#4738,#4746,#4753));
#4737 = ORIENTED_EDGE('',*,*,#560,.F.);
#4738 = ORIENTED_EDGE('',*,*,#4739,.F.);
#4739 = EDGE_CURVE('',#4740,#561,#4742,.T.);
#4740 = VERTEX_POINT('',#4741);
#4741 = CARTESIAN_POINT('',(62.4,79.805,3.));
#4742 = LINE('',#4743,#4744);
#4743 = CARTESIAN_POINT('',(62.4,79.805,1.));
#4744 = VECTOR('',#4745,1.);
#4745 = DIRECTION('',(0.,0.,1.));
#4746 = ORIENTED_EDGE('',*,*,#4747,.T.);
#4747 = EDGE_CURVE('',#4740,#4740,#4748,.T.);
#4748 = CIRCLE('',#4749,1.5);
#4749 = AXIS2_PLACEMENT_3D('',#4750,#4751,#4752);
#4750 = CARTESIAN_POINT('',(60.9,79.805,3.));
#4751 = DIRECTION('',(0.,0.,1.));
#4752 = DIRECTION('',(1.,0.,-0.));
#4753 = ORIENTED_EDGE('',*,*,#4739,.T.);
#4754 = CYLINDRICAL_SURFACE('',#4755,1.5);
#4755 = AXIS2_PLACEMENT_3D('',#4756,#4757,#4758);
#4756 = CARTESIAN_POINT('',(60.9,79.805,1.));
#4757 = DIRECTION('',(0.,0.,1.));
#4758 = DIRECTION('',(1.,0.,-0.));
#4759 = ADVANCED_FACE('',(#4760),#4767,.T.);
#4760 = FACE_BOUND('',#4761,.T.);
#4761 = EDGE_LOOP('',(#4762,#4763,#4764,#4765,#4766));
#4762 = ORIENTED_EDGE('',*,*,#729,.F.);
#4763 = ORIENTED_EDGE('',*,*,#1522,.T.);
#4764 = ORIENTED_EDGE('',*,*,#1475,.T.);
#4765 = ORIENTED_EDGE('',*,*,#1387,.F.);
#4766 = ORIENTED_EDGE('',*,*,#1378,.F.);
#4767 = CYLINDRICAL_SURFACE('',#4768,9.);
#4768 = AXIS2_PLACEMENT_3D('',#4769,#4770,#4771);
#4769 = CARTESIAN_POINT('',(-65.88,-66.2,33.));
#4770 = DIRECTION('',(0.,1.,0.));
#4771 = DIRECTION('',(0.,-0.,1.));
#4772 = ADVANCED_FACE('',(#4773),#4779,.T.);
#4773 = FACE_BOUND('',#4774,.T.);
#4774 = EDGE_LOOP('',(#4775,#4776,#4777,#4778));
#4775 = ORIENTED_EDGE('',*,*,#1513,.F.);
#4776 = ORIENTED_EDGE('',*,*,#713,.F.);
#4777 = ORIENTED_EDGE('',*,*,#1647,.T.);
#4778 = ORIENTED_EDGE('',*,*,#1607,.T.);
#4779 = PLANE('',#4780);
#4780 = AXIS2_PLACEMENT_3D('',#4781,#4782,#4783);
#4781 = CARTESIAN_POINT('',(-75.88,37.,8.7));
#4782 = DIRECTION('',(0.,0.,1.));
#4783 = DIRECTION('',(1.,0.,-0.));
#4784 = ADVANCED_FACE('',(#4785),#4791,.T.);
#4785 = FACE_BOUND('',#4786,.T.);
#4786 = EDGE_LOOP('',(#4787,#4788,#4789,#4790));
#4787 = ORIENTED_EDGE('',*,*,#697,.F.);
#4788 = ORIENTED_EDGE('',*,*,#1563,.T.);
#4789 = ORIENTED_EDGE('',*,*,#1633,.T.);
#4790 = ORIENTED_EDGE('',*,*,#1654,.F.);
#4791 = CYLINDRICAL_SURFACE('',#4792,9.);
#4792 = AXIS2_PLACEMENT_3D('',#4793,#4794,#4795);
#4793 = CARTESIAN_POINT('',(-65.88,-66.2,33.));
#4794 = DIRECTION('',(0.,1.,0.));
#4795 = DIRECTION('',(0.,-0.,1.));
#4796 = ADVANCED_FACE('',(#4797),#4803,.T.);
#4797 = FACE_BOUND('',#4798,.T.);
#4798 = EDGE_LOOP('',(#4799,#4800,#4801,#4802));
#4799 = ORIENTED_EDGE('',*,*,#1556,.F.);
#4800 = ORIENTED_EDGE('',*,*,#681,.F.);
#4801 = ORIENTED_EDGE('',*,*,#1422,.T.);
#4802 = ORIENTED_EDGE('',*,*,#1490,.T.);
#4803 = PLANE('',#4804);
#4804 = AXIS2_PLACEMENT_3D('',#4805,#4806,#4807);
#4805 = CARTESIAN_POINT('',(-75.88,7.4,8.7));
#4806 = DIRECTION('',(0.,0.,1.));
#4807 = DIRECTION('',(1.,0.,-0.));
#4808 = ADVANCED_FACE('',(#4809),#4815,.T.);
#4809 = FACE_BOUND('',#4810,.T.);
#4810 = EDGE_LOOP('',(#4811,#4812,#4813,#4814));
#4811 = ORIENTED_EDGE('',*,*,#665,.F.);
#4812 = ORIENTED_EDGE('',*,*,#1317,.T.);
#4813 = ORIENTED_EDGE('',*,*,#1363,.T.);
#4814 = ORIENTED_EDGE('',*,*,#1431,.F.);
#4815 = CYLINDRICAL_SURFACE('',#4816,9.);
#4816 = AXIS2_PLACEMENT_3D('',#4817,#4818,#4819);
#4817 = CARTESIAN_POINT('',(-65.88,-66.2,33.));
#4818 = DIRECTION('',(0.,1.,0.));
#4819 = DIRECTION('',(0.,-0.,1.));
#4820 = ADVANCED_FACE('',(#4821),#4827,.T.);
#4821 = FACE_BOUND('',#4822,.T.);
#4822 = EDGE_LOOP('',(#4823,#4824,#4825,#4826));
#4823 = ORIENTED_EDGE('',*,*,#1310,.F.);
#4824 = ORIENTED_EDGE('',*,*,#649,.F.);
#4825 = ORIENTED_EDGE('',*,*,#1201,.T.);
#4826 = ORIENTED_EDGE('',*,*,#1269,.T.);
#4827 = PLANE('',#4828);
#4828 = AXIS2_PLACEMENT_3D('',#4829,#4830,#4831);
#4829 = CARTESIAN_POINT('',(-75.88,-22.2,8.7));
#4830 = DIRECTION('',(0.,0.,1.));
#4831 = DIRECTION('',(1.,0.,-0.));
#4832 = ADVANCED_FACE('',(#4833),#4839,.T.);
#4833 = FACE_BOUND('',#4834,.T.);
#4834 = EDGE_LOOP('',(#4835,#4836,#4837,#4838));
#4835 = ORIENTED_EDGE('',*,*,#633,.F.);
#4836 = ORIENTED_EDGE('',*,*,#1116,.T.);
#4837 = ORIENTED_EDGE('',*,*,#1162,.T.);
#4838 = ORIENTED_EDGE('',*,*,#1210,.F.);
#4839 = CYLINDRICAL_SURFACE('',#4840,9.);
#4840 = AXIS2_PLACEMENT_3D('',#4841,#4842,#4843);
#4841 = CARTESIAN_POINT('',(-65.88,-66.2,33.));
#4842 = DIRECTION('',(0.,1.,0.));
#4843 = DIRECTION('',(0.,-0.,1.));
#4844 = ADVANCED_FACE('',(#4845),#4851,.T.);
#4845 = FACE_BOUND('',#4846,.T.);
#4846 = EDGE_LOOP('',(#4847,#4848,#4849,#4850));
#4847 = ORIENTED_EDGE('',*,*,#1109,.F.);
#4848 = ORIENTED_EDGE('',*,*,#617,.F.);
#4849 = ORIENTED_EDGE('',*,*,#1042,.T.);
#4850 = ORIENTED_EDGE('',*,*,#1086,.T.);
#4851 = PLANE('',#4852);
#4852 = AXIS2_PLACEMENT_3D('',#4853,#4854,#4855);
#4853 = CARTESIAN_POINT('',(-75.88,-51.8,8.7));
#4854 = DIRECTION('',(0.,0.,1.));
#4855 = DIRECTION('',(1.,0.,-0.));
#4856 = ADVANCED_FACE('',(#4857),#4864,.T.);
#4857 = FACE_BOUND('',#4858,.T.);
#4858 = EDGE_LOOP('',(#4859,#4860,#4861,#4862,#4863));
#4859 = ORIENTED_EDGE('',*,*,#973,.T.);
#4860 = ORIENTED_EDGE('',*,*,#992,.T.);
#4861 = ORIENTED_EDGE('',*,*,#1028,.T.);
#4862 = ORIENTED_EDGE('',*,*,#1051,.F.);
#4863 = ORIENTED_EDGE('',*,*,#601,.F.);
#4864 = CYLINDRICAL_SURFACE('',#4865,9.);
#4865 = AXIS2_PLACEMENT_3D('',#4866,#4867,#4868);
#4866 = CARTESIAN_POINT('',(-65.88,-66.2,33.));
#4867 = DIRECTION('',(0.,1.,0.));
#4868 = DIRECTION('',(0.,-0.,1.));
#4869 = ADVANCED_FACE('',(#4870),#4880,.F.);
#4870 = FACE_BOUND('',#4871,.F.);
#4871 = EDGE_LOOP('',(#4872,#4873,#4874,#4875));
#4872 = ORIENTED_EDGE('',*,*,#585,.T.);
#4873 = ORIENTED_EDGE('',*,*,#763,.T.);
#4874 = ORIENTED_EDGE('',*,*,#888,.F.);
#4875 = ORIENTED_EDGE('',*,*,#4876,.F.);
#4876 = EDGE_CURVE('',#578,#880,#4877,.T.);
#4877 = B_SPLINE_CURVE_WITH_KNOTS('',1,(#4878,#4879),.UNSPECIFIED.,.F.,
  .F.,(2,2),(0.,1.),.PIECEWISE_BEZIER_KNOTS.);
#4878 = CARTESIAN_POINT('',(-74.88,116.765,3.));
#4879 = CARTESIAN_POINT('',(-83.19,120.975,-7.05));
#4880 = B_SPLINE_SURFACE_WITH_KNOTS('',1,1,(
    (#4881,#4882)
    ,(#4883,#4884
    )),.UNSPECIFIED.,.F.,.F.,.F.,(2,2),(2,2),(0.,237.596),(0.,1.),
  .PIECEWISE_BEZIER_KNOTS.);
#4881 = CARTESIAN_POINT('',(-74.88,116.765,3.));
#4882 = CARTESIAN_POINT('',(-83.19,120.975,-7.05));
#4883 = CARTESIAN_POINT('',(-74.88,-116.765,3.));
#4884 = CARTESIAN_POINT('',(-83.19,-116.621,-7.05));
#4885 = ADVANCED_FACE('',(#4886),#4896,.F.);
#4886 = FACE_BOUND('',#4887,.F.);
#4887 = EDGE_LOOP('',(#4888,#4889,#4894,#4895));
#4888 = ORIENTED_EDGE('',*,*,#800,.T.);
#4889 = ORIENTED_EDGE('',*,*,#4890,.T.);
#4890 = EDGE_CURVE('',#793,#855,#4891,.T.);
#4891 = B_SPLINE_CURVE_WITH_KNOTS('',1,(#4892,#4893),.UNSPECIFIED.,.F.,
  .F.,(2,2),(0.,1.),.PIECEWISE_BEZIER_KNOTS.);
#4892 = CARTESIAN_POINT('',(74.88,116.765,3.));
#4893 = CARTESIAN_POINT('',(83.19,120.975,-7.05));
#4894 = ORIENTED_EDGE('',*,*,#854,.F.);
#4895 = ORIENTED_EDGE('',*,*,#815,.F.);
#4896 = B_SPLINE_SURFACE_WITH_KNOTS('',1,1,(
    (#4897,#4898)
    ,(#4899,#4900
    )),.UNSPECIFIED.,.F.,.F.,.F.,(2,2),(2,2),(0.,237.596),(0.,1.),
  .PIECEWISE_BEZIER_KNOTS.);
#4897 = CARTESIAN_POINT('',(74.88,-116.765,3.));
#4898 = CARTESIAN_POINT('',(83.19,-116.621,-7.05));
#4899 = CARTESIAN_POINT('',(74.88,116.765,3.));
#4900 = CARTESIAN_POINT('',(83.19,120.975,-7.05));
#4901 = ADVANCED_FACE('',(#4902),#4912,.F.);
#4902 = FACE_BOUND('',#4903,.F.);
#4903 = EDGE_LOOP('',(#4904,#4905,#4906,#4907));
#4904 = ORIENTED_EDGE('',*,*,#1295,.T.);
#4905 = ORIENTED_EDGE('',*,*,#4876,.T.);
#4906 = ORIENTED_EDGE('',*,*,#879,.F.);
#4907 = ORIENTED_EDGE('',*,*,#4908,.F.);
#4908 = EDGE_CURVE('',#1247,#872,#4909,.T.);
#4909 = B_SPLINE_CURVE_WITH_KNOTS('',1,(#4910,#4911),.UNSPECIFIED.,.F.,
  .F.,(2,2),(0.,1.),.PIECEWISE_BEZIER_KNOTS.);
#4910 = CARTESIAN_POINT('',(-74.08,117.565,3.));
#4911 = CARTESIAN_POINT('',(-78.19,125.975,-7.05));
#4912 = B_SPLINE_SURFACE_WITH_KNOTS('',8,1,(
    (#4913,#4914)
    ,(#4915,#4916)
    ,(#4917,#4918)
    ,(#4919,#4920)
    ,(#4921,#4922)
    ,(#4923,#4924)
    ,(#4925,#4926)
    ,(#4927,#4928)
    ,(#4929,#4930
    )),.UNSPECIFIED.,.F.,.F.,.F.,(9,9),(2,2),(0.,1.570796326795),(0.,1.)
  ,.PIECEWISE_BEZIER_KNOTS.);
#4913 = CARTESIAN_POINT('',(-74.08,117.565,3.));
#4914 = CARTESIAN_POINT('',(-78.19,125.975,-7.05));
#4915 = CARTESIAN_POINT('',(-74.23707963268,117.565,3.));
#4916 = CARTESIAN_POINT('',(-79.17174770424,125.975,-7.05));
#4917 = CARTESIAN_POINT('',(-74.39415861404,117.52975066806,3.));
#4918 = CARTESIAN_POINT('',(-80.15349571752,125.75469605519,-7.05));
#4919 = CARTESIAN_POINT('',(-74.5420128299,117.45925669513,3.));
#4920 = CARTESIAN_POINT('',(-81.07756617167,125.31409032935,-7.05));
#4921 = CARTESIAN_POINT('',(-74.67140386521,117.35640386521,3.));
#4922 = CARTESIAN_POINT('',(-81.88629377889,124.6712937789,-7.05));
#4923 = CARTESIAN_POINT('',(-74.77425669513,117.2270128299,3.));
#4924 = CARTESIAN_POINT('',(-82.52909032935,123.86256617167,-7.05));
#4925 = CARTESIAN_POINT('',(-74.84475066807,117.07915861404,3.));
#4926 = CARTESIAN_POINT('',(-82.96969605519,122.93849571752,-7.05));
#4927 = CARTESIAN_POINT('',(-74.88,116.92207963267,3.));
#4928 = CARTESIAN_POINT('',(-83.19,121.95674770424,-7.05));
#4929 = CARTESIAN_POINT('',(-74.88,116.765,3.));
#4930 = CARTESIAN_POINT('',(-83.19,120.975,-7.05));
#4931 = ADVANCED_FACE('',(#4932),#4942,.F.);
#4932 = FACE_BOUND('',#4933,.F.);
#4933 = EDGE_LOOP('',(#4934,#4935,#4940,#4941));
#4934 = ORIENTED_EDGE('',*,*,#1186,.T.);
#4935 = ORIENTED_EDGE('',*,*,#4936,.T.);
#4936 = EDGE_CURVE('',#1179,#863,#4937,.T.);
#4937 = B_SPLINE_CURVE_WITH_KNOTS('',1,(#4938,#4939),.UNSPECIFIED.,.F.,
  .F.,(2,2),(0.,1.),.PIECEWISE_BEZIER_KNOTS.);
#4938 = CARTESIAN_POINT('',(74.08,117.565,3.));
#4939 = CARTESIAN_POINT('',(78.19,125.975,-7.05));
#4940 = ORIENTED_EDGE('',*,*,#862,.F.);
#4941 = ORIENTED_EDGE('',*,*,#4890,.F.);
#4942 = B_SPLINE_SURFACE_WITH_KNOTS('',8,1,(
    (#4943,#4944)
    ,(#4945,#4946)
    ,(#4947,#4948)
    ,(#4949,#4950)
    ,(#4951,#4952)
    ,(#4953,#4954)
    ,(#4955,#4956)
    ,(#4957,#4958)
    ,(#4959,#4960
    )),.UNSPECIFIED.,.F.,.F.,.F.,(9,9),(2,2),(0.,1.570796326795),(0.,1.)
  ,.PIECEWISE_BEZIER_KNOTS.);
#4943 = CARTESIAN_POINT('',(74.88,116.765,3.));
#4944 = CARTESIAN_POINT('',(83.19,120.975,-7.05));
#4945 = CARTESIAN_POINT('',(74.88,116.92207963267,3.));
#4946 = CARTESIAN_POINT('',(83.19,121.95674770424,-7.05));
#4947 = CARTESIAN_POINT('',(74.844750668069,117.07915861404,3.));
#4948 = CARTESIAN_POINT('',(82.969696055194,122.93849571752,-7.05));
#4949 = CARTESIAN_POINT('',(74.774256695135,117.2270128299,3.));
#4950 = CARTESIAN_POINT('',(82.529090329356,123.86256617167,-7.05));
#4951 = CARTESIAN_POINT('',(74.67140386521,117.35640386521,3.));
#4952 = CARTESIAN_POINT('',(81.8862937789,124.67129377889,-7.05));
#4953 = CARTESIAN_POINT('',(74.542012829907,117.45925669513,3.));
#4954 = CARTESIAN_POINT('',(81.077566171675,125.31409032935,-7.05));
#4955 = CARTESIAN_POINT('',(74.394158614041,117.52975066807,3.));
#4956 = CARTESIAN_POINT('',(80.153495717521,125.75469605519,-7.05));
#4957 = CARTESIAN_POINT('',(74.23707963268,117.565,3.));
#4958 = CARTESIAN_POINT('',(79.171747704247,125.975,-7.05));
#4959 = CARTESIAN_POINT('',(74.08,117.565,3.));
#4960 = CARTESIAN_POINT('',(78.19,125.975,-7.05));
#4961 = ADVANCED_FACE('',(#4962),#4968,.F.);
#4962 = FACE_BOUND('',#4963,.F.);
#4963 = EDGE_LOOP('',(#4964,#4965,#4966,#4967));
#4964 = ORIENTED_EDGE('',*,*,#1254,.T.);
#4965 = ORIENTED_EDGE('',*,*,#4908,.T.);
#4966 = ORIENTED_EDGE('',*,*,#871,.F.);
#4967 = ORIENTED_EDGE('',*,*,#4936,.F.);
#4968 = B_SPLINE_SURFACE_WITH_KNOTS('',1,1,(
    (#4969,#4970)
    ,(#4971,#4972
    )),.UNSPECIFIED.,.F.,.F.,.F.,(2,2),(2,2),(0.,156.38),(0.,1.),
  .PIECEWISE_BEZIER_KNOTS.);
#4969 = CARTESIAN_POINT('',(74.08,117.565,3.));
#4970 = CARTESIAN_POINT('',(78.19,125.975,-7.05));
#4971 = CARTESIAN_POINT('',(-74.08,117.565,3.));
#4972 = CARTESIAN_POINT('',(-78.19,125.975,-7.05));
#4973 = ADVANCED_FACE('',(#4974),#4997,.T.);
#4974 = FACE_BOUND('',#4975,.T.);
#4975 = EDGE_LOOP('',(#4976,#4986,#4991,#4992));
#4976 = ORIENTED_EDGE('',*,*,#4977,.T.);
#4977 = EDGE_CURVE('',#4978,#4980,#4982,.T.);
#4978 = VERTEX_POINT('',#4979);
#4979 = CARTESIAN_POINT('',(-71.28,-114.765,3.));
#4980 = VERTEX_POINT('',#4981);
#4981 = CARTESIAN_POINT('',(71.28,-114.765,3.));
#4982 = LINE('',#4983,#4984);
#4983 = CARTESIAN_POINT('',(-71.28,-114.765,3.));
#4984 = VECTOR('',#4985,1.);
#4985 = DIRECTION('',(1.,0.,0.));
#4986 = ORIENTED_EDGE('',*,*,#4987,.T.);
#4987 = EDGE_CURVE('',#4980,#900,#4988,.T.);
#4988 = B_SPLINE_CURVE_WITH_KNOTS('',1,(#4989,#4990),.UNSPECIFIED.,.F.,
  .F.,(2,2),(0.,1.),.PIECEWISE_BEZIER_KNOTS.);
#4989 = CARTESIAN_POINT('',(71.28,-114.765,3.));
#4990 = CARTESIAN_POINT('',(78.19,-118.821,-7.05));
#4991 = ORIENTED_EDGE('',*,*,#897,.F.);
#4992 = ORIENTED_EDGE('',*,*,#4993,.F.);
#4993 = EDGE_CURVE('',#4978,#898,#4994,.T.);
#4994 = B_SPLINE_CURVE_WITH_KNOTS('',1,(#4995,#4996),.UNSPECIFIED.,.F.,
  .F.,(2,2),(0.,1.),.PIECEWISE_BEZIER_KNOTS.);
#4995 = CARTESIAN_POINT('',(-71.28,-114.765,3.));
#4996 = CARTESIAN_POINT('',(-78.19,-118.821,-7.05));
#4997 = B_SPLINE_SURFACE_WITH_KNOTS('',1,1,(
    (#4998,#4999)
    ,(#5000,#5001
    )),.UNSPECIFIED.,.F.,.F.,.F.,(2,2),(2,2),(0.,156.38),(0.,1.),
  .PIECEWISE_BEZIER_KNOTS.);
#4998 = CARTESIAN_POINT('',(-71.28,-114.765,3.));
#4999 = CARTESIAN_POINT('',(-78.19,-118.821,-7.05));
#5000 = CARTESIAN_POINT('',(71.28,-114.765,3.));
#5001 = CARTESIAN_POINT('',(78.19,-118.821,-7.05));
#5002 = ADVANCED_FACE('',(#5003),#5021,.T.);
#5003 = FACE_BOUND('',#5004,.T.);
#5004 = EDGE_LOOP('',(#5005,#5014,#5019,#5020));
#5005 = ORIENTED_EDGE('',*,*,#5006,.T.);
#5006 = EDGE_CURVE('',#4980,#5007,#5009,.T.);
#5007 = VERTEX_POINT('',#5008);
#5008 = CARTESIAN_POINT('',(72.08,-113.965,3.));
#5009 = CIRCLE('',#5010,0.8);
#5010 = AXIS2_PLACEMENT_3D('',#5011,#5012,#5013);
#5011 = CARTESIAN_POINT('',(71.28,-113.965,3.));
#5012 = DIRECTION('',(0.,0.,1.));
#5013 = DIRECTION('',(0.,-1.,0.));
#5014 = ORIENTED_EDGE('',*,*,#5015,.T.);
#5015 = EDGE_CURVE('',#5007,#951,#5016,.T.);
#5016 = B_SPLINE_CURVE_WITH_KNOTS('',1,(#5017,#5018),.UNSPECIFIED.,.F.,
  .F.,(2,2),(0.,1.),.PIECEWISE_BEZIER_KNOTS.);
#5017 = CARTESIAN_POINT('',(72.08,-113.965,3.));
#5018 = CARTESIAN_POINT('',(80.39,-116.621,-7.05));
#5019 = ORIENTED_EDGE('',*,*,#958,.F.);
#5020 = ORIENTED_EDGE('',*,*,#4987,.F.);
#5021 = B_SPLINE_SURFACE_WITH_KNOTS('',8,1,(
    (#5022,#5023)
    ,(#5024,#5025)
    ,(#5026,#5027)
    ,(#5028,#5029)
    ,(#5030,#5031)
    ,(#5032,#5033)
    ,(#5034,#5035)
    ,(#5036,#5037)
    ,(#5038,#5039
    )),.UNSPECIFIED.,.F.,.F.,.F.,(9,9),(2,2),(0.,1.570796326795),(0.,1.)
  ,.PIECEWISE_BEZIER_KNOTS.);
#5022 = CARTESIAN_POINT('',(71.28,-114.765,3.));
#5023 = CARTESIAN_POINT('',(78.19,-118.821,-7.05));
#5024 = CARTESIAN_POINT('',(71.43707963268,-114.765,3.));
#5025 = CARTESIAN_POINT('',(78.621968989869,-118.821,-7.05));
#5026 = CARTESIAN_POINT('',(71.594158614041,-114.729750668,3.));
#5027 = CARTESIAN_POINT('',(79.05393811571,-118.7240662642,-7.05));
#5028 = CARTESIAN_POINT('',(71.742012829907,-114.6592566951,3.));
#5029 = CARTESIAN_POINT('',(79.460529115537,-118.5301997449,-7.05));
#5030 = CARTESIAN_POINT('',(71.87140386521,-114.5564038652,3.));
#5031 = CARTESIAN_POINT('',(79.816369262716,-118.2473692627,-7.05));
#5032 = CARTESIAN_POINT('',(71.974256695135,-114.4270128299,3.));
#5033 = CARTESIAN_POINT('',(80.099199744917,-117.8915291155,-7.05));
#5034 = CARTESIAN_POINT('',(72.04475066807,-114.279158614,3.));
#5035 = CARTESIAN_POINT('',(80.293066264285,-117.4849381157,-7.05));
#5036 = CARTESIAN_POINT('',(72.08,-114.1220796326,3.));
#5037 = CARTESIAN_POINT('',(80.39,-117.0529689898,-7.05));
#5038 = CARTESIAN_POINT('',(72.08,-113.965,3.));
#5039 = CARTESIAN_POINT('',(80.39,-116.621,-7.05));
#5040 = ADVANCED_FACE('',(#5041),#5058,.T.);
#5041 = FACE_BOUND('',#5042,.T.);
#5042 = EDGE_LOOP('',(#5043,#5051,#5056,#5057));
#5043 = ORIENTED_EDGE('',*,*,#5044,.T.);
#5044 = EDGE_CURVE('',#5007,#5045,#5047,.T.);
#5045 = VERTEX_POINT('',#5046);
#5046 = CARTESIAN_POINT('',(72.08,113.965,3.));
#5047 = LINE('',#5048,#5049);
#5048 = CARTESIAN_POINT('',(72.08,-113.965,3.));
#5049 = VECTOR('',#5050,1.);
#5050 = DIRECTION('',(0.,1.,0.));
#5051 = ORIENTED_EDGE('',*,*,#5052,.T.);
#5052 = EDGE_CURVE('',#5045,#942,#5053,.T.);
#5053 = B_SPLINE_CURVE_WITH_KNOTS('',1,(#5054,#5055),.UNSPECIFIED.,.F.,
  .F.,(2,2),(0.,1.),.PIECEWISE_BEZIER_KNOTS.);
#5054 = CARTESIAN_POINT('',(72.08,113.965,3.));
#5055 = CARTESIAN_POINT('',(80.39,120.975,-7.05));
#5056 = ORIENTED_EDGE('',*,*,#950,.F.);
#5057 = ORIENTED_EDGE('',*,*,#5015,.F.);
#5058 = B_SPLINE_SURFACE_WITH_KNOTS('',1,1,(
    (#5059,#5060)
    ,(#5061,#5062
    )),.UNSPECIFIED.,.F.,.F.,.F.,(2,2),(2,2),(0.,237.596),(0.,1.),
  .PIECEWISE_BEZIER_KNOTS.);
#5059 = CARTESIAN_POINT('',(72.08,-113.965,3.));
#5060 = CARTESIAN_POINT('',(80.39,-116.621,-7.05));
#5061 = CARTESIAN_POINT('',(72.08,113.965,3.));
#5062 = CARTESIAN_POINT('',(80.39,120.975,-7.05));
#5063 = ADVANCED_FACE('',(#5064),#5082,.T.);
#5064 = FACE_BOUND('',#5065,.T.);
#5065 = EDGE_LOOP('',(#5066,#5075,#5080,#5081));
#5066 = ORIENTED_EDGE('',*,*,#5067,.T.);
#5067 = EDGE_CURVE('',#5045,#5068,#5070,.T.);
#5068 = VERTEX_POINT('',#5069);
#5069 = CARTESIAN_POINT('',(71.28,114.765,3.));
#5070 = CIRCLE('',#5071,0.8);
#5071 = AXIS2_PLACEMENT_3D('',#5072,#5073,#5074);
#5072 = CARTESIAN_POINT('',(71.28,113.965,3.));
#5073 = DIRECTION('',(0.,0.,1.));
#5074 = DIRECTION('',(1.,0.,-0.));
#5075 = ORIENTED_EDGE('',*,*,#5076,.T.);
#5076 = EDGE_CURVE('',#5068,#934,#5077,.T.);
#5077 = B_SPLINE_CURVE_WITH_KNOTS('',1,(#5078,#5079),.UNSPECIFIED.,.F.,
  .F.,(2,2),(0.,1.),.PIECEWISE_BEZIER_KNOTS.);
#5078 = CARTESIAN_POINT('',(71.28,114.765,3.));
#5079 = CARTESIAN_POINT('',(78.19,123.175,-7.05));
#5080 = ORIENTED_EDGE('',*,*,#941,.F.);
#5081 = ORIENTED_EDGE('',*,*,#5052,.F.);
#5082 = B_SPLINE_SURFACE_WITH_KNOTS('',8,1,(
    (#5083,#5084)
    ,(#5085,#5086)
    ,(#5087,#5088)
    ,(#5089,#5090)
    ,(#5091,#5092)
    ,(#5093,#5094)
    ,(#5095,#5096)
    ,(#5097,#5098)
    ,(#5099,#5100
    )),.UNSPECIFIED.,.F.,.F.,.F.,(9,9),(2,2),(0.,1.570796326795),(0.,1.)
  ,.PIECEWISE_BEZIER_KNOTS.);
#5083 = CARTESIAN_POINT('',(72.08,113.965,3.));
#5084 = CARTESIAN_POINT('',(80.39,120.975,-7.05));
#5085 = CARTESIAN_POINT('',(72.08,114.12207963268,3.));
#5086 = CARTESIAN_POINT('',(80.39,121.40696898986,-7.05));
#5087 = CARTESIAN_POINT('',(72.044750668069,114.27915861404,3.));
#5088 = CARTESIAN_POINT('',(80.293066264286,121.83893811571,-7.05));
#5089 = CARTESIAN_POINT('',(71.974256695136,114.4270128299,3.));
#5090 = CARTESIAN_POINT('',(80.099199744915,122.24552911553,-7.05));
#5091 = CARTESIAN_POINT('',(71.87140386521,114.55640386521,3.));
#5092 = CARTESIAN_POINT('',(79.816369262719,122.60136926271,-7.05));
#5093 = CARTESIAN_POINT('',(71.742012829906,114.65925669513,3.));
#5094 = CARTESIAN_POINT('',(79.460529115534,122.88419974491,-7.05));
#5095 = CARTESIAN_POINT('',(71.594158614041,114.72975066807,3.));
#5096 = CARTESIAN_POINT('',(79.053938115711,123.07806626428,-7.05));
#5097 = CARTESIAN_POINT('',(71.43707963268,114.765,3.));
#5098 = CARTESIAN_POINT('',(78.621968989868,123.175,-7.05));
#5099 = CARTESIAN_POINT('',(71.28,114.765,3.));
#5100 = CARTESIAN_POINT('',(78.19,123.175,-7.05));
#5101 = ADVANCED_FACE('',(#5102),#5119,.T.);
#5102 = FACE_BOUND('',#5103,.T.);
#5103 = EDGE_LOOP('',(#5104,#5112,#5117,#5118));
#5104 = ORIENTED_EDGE('',*,*,#5105,.T.);
#5105 = EDGE_CURVE('',#5068,#5106,#5108,.T.);
#5106 = VERTEX_POINT('',#5107);
#5107 = CARTESIAN_POINT('',(-71.28,114.765,3.));
#5108 = LINE('',#5109,#5110);
#5109 = CARTESIAN_POINT('',(71.28,114.765,3.));
#5110 = VECTOR('',#5111,1.);
#5111 = DIRECTION('',(-1.,0.,0.));
#5112 = ORIENTED_EDGE('',*,*,#5113,.T.);
#5113 = EDGE_CURVE('',#5106,#925,#5114,.T.);
#5114 = B_SPLINE_CURVE_WITH_KNOTS('',1,(#5115,#5116),.UNSPECIFIED.,.F.,
  .F.,(2,2),(0.,1.),.PIECEWISE_BEZIER_KNOTS.);
#5115 = CARTESIAN_POINT('',(-71.28,114.765,3.));
#5116 = CARTESIAN_POINT('',(-78.19,123.175,-7.05));
#5117 = ORIENTED_EDGE('',*,*,#933,.F.);
#5118 = ORIENTED_EDGE('',*,*,#5076,.F.);
#5119 = B_SPLINE_SURFACE_WITH_KNOTS('',1,1,(
    (#5120,#5121)
    ,(#5122,#5123
    )),.UNSPECIFIED.,.F.,.F.,.F.,(2,2),(2,2),(0.,156.38),(0.,1.),
  .PIECEWISE_BEZIER_KNOTS.);
#5120 = CARTESIAN_POINT('',(71.28,114.765,3.));
#5121 = CARTESIAN_POINT('',(78.19,123.175,-7.05));
#5122 = CARTESIAN_POINT('',(-71.28,114.765,3.));
#5123 = CARTESIAN_POINT('',(-78.19,123.175,-7.05));
#5124 = ADVANCED_FACE('',(#5125),#5143,.T.);
#5125 = FACE_BOUND('',#5126,.T.);
#5126 = EDGE_LOOP('',(#5127,#5136,#5141,#5142));
#5127 = ORIENTED_EDGE('',*,*,#5128,.T.);
#5128 = EDGE_CURVE('',#5106,#5129,#5131,.T.);
#5129 = VERTEX_POINT('',#5130);
#5130 = CARTESIAN_POINT('',(-72.08,113.965,3.));
#5131 = CIRCLE('',#5132,0.8);
#5132 = AXIS2_PLACEMENT_3D('',#5133,#5134,#5135);
#5133 = CARTESIAN_POINT('',(-71.28,113.965,3.));
#5134 = DIRECTION('',(0.,-0.,1.));
#5135 = DIRECTION('',(0.,1.,0.));
#5136 = ORIENTED_EDGE('',*,*,#5137,.T.);
#5137 = EDGE_CURVE('',#5129,#917,#5138,.T.);
#5138 = B_SPLINE_CURVE_WITH_KNOTS('',1,(#5139,#5140),.UNSPECIFIED.,.F.,
  .F.,(2,2),(0.,1.),.PIECEWISE_BEZIER_KNOTS.);
#5139 = CARTESIAN_POINT('',(-72.08,113.965,3.));
#5140 = CARTESIAN_POINT('',(-80.39,120.975,-7.05));
#5141 = ORIENTED_EDGE('',*,*,#924,.F.);
#5142 = ORIENTED_EDGE('',*,*,#5113,.F.);
#5143 = B_SPLINE_SURFACE_WITH_KNOTS('',8,1,(
    (#5144,#5145)
    ,(#5146,#5147)
    ,(#5148,#5149)
    ,(#5150,#5151)
    ,(#5152,#5153)
    ,(#5154,#5155)
    ,(#5156,#5157)
    ,(#5158,#5159)
    ,(#5160,#5161
    )),.UNSPECIFIED.,.F.,.F.,.F.,(9,9),(2,2),(0.,1.570796326795),(0.,1.)
  ,.PIECEWISE_BEZIER_KNOTS.);
#5144 = CARTESIAN_POINT('',(-71.28,114.765,3.));
#5145 = CARTESIAN_POINT('',(-78.19,123.175,-7.05));
#5146 = CARTESIAN_POINT('',(-71.43707963268,114.765,3.));
#5147 = CARTESIAN_POINT('',(-78.62196898986,123.175,-7.05));
#5148 = CARTESIAN_POINT('',(-71.59415861404,114.72975066806,3.));
#5149 = CARTESIAN_POINT('',(-79.05393811571,123.07806626428,-7.05));
#5150 = CARTESIAN_POINT('',(-71.7420128299,114.65925669513,3.));
#5151 = CARTESIAN_POINT('',(-79.46052911553,122.88419974491,-7.05));
#5152 = CARTESIAN_POINT('',(-71.87140386521,114.55640386521,3.));
#5153 = CARTESIAN_POINT('',(-79.81636926271,122.60136926271,-7.05));
#5154 = CARTESIAN_POINT('',(-71.97425669513,114.4270128299,3.));
#5155 = CARTESIAN_POINT('',(-80.09919974491,122.24552911553,-7.05));
#5156 = CARTESIAN_POINT('',(-72.04475066807,114.27915861404,3.));
#5157 = CARTESIAN_POINT('',(-80.29306626428,121.8389381157,-7.05));
#5158 = CARTESIAN_POINT('',(-72.08,114.12207963267,3.));
#5159 = CARTESIAN_POINT('',(-80.39,121.40696898986,-7.05));
#5160 = CARTESIAN_POINT('',(-72.08,113.965,3.));
#5161 = CARTESIAN_POINT('',(-80.39,120.975,-7.05));
#5162 = ADVANCED_FACE('',(#5163),#5180,.T.);
#5163 = FACE_BOUND('',#5164,.T.);
#5164 = EDGE_LOOP('',(#5165,#5173,#5178,#5179));
#5165 = ORIENTED_EDGE('',*,*,#5166,.T.);
#5166 = EDGE_CURVE('',#5129,#5167,#5169,.T.);
#5167 = VERTEX_POINT('',#5168);
#5168 = CARTESIAN_POINT('',(-72.08,-113.965,3.));
#5169 = LINE('',#5170,#5171);
#5170 = CARTESIAN_POINT('',(-72.08,113.965,3.));
#5171 = VECTOR('',#5172,1.);
#5172 = DIRECTION('',(0.,-1.,0.));
#5173 = ORIENTED_EDGE('',*,*,#5174,.T.);
#5174 = EDGE_CURVE('',#5167,#908,#5175,.T.);
#5175 = B_SPLINE_CURVE_WITH_KNOTS('',1,(#5176,#5177),.UNSPECIFIED.,.F.,
  .F.,(2,2),(0.,1.),.PIECEWISE_BEZIER_KNOTS.);
#5176 = CARTESIAN_POINT('',(-72.08,-113.965,3.));
#5177 = CARTESIAN_POINT('',(-80.39,-116.621,-7.05));
#5178 = ORIENTED_EDGE('',*,*,#916,.F.);
#5179 = ORIENTED_EDGE('',*,*,#5137,.F.);
#5180 = B_SPLINE_SURFACE_WITH_KNOTS('',1,1,(
    (#5181,#5182)
    ,(#5183,#5184
    )),.UNSPECIFIED.,.F.,.F.,.F.,(2,2),(2,2),(0.,237.596),(0.,1.),
  .PIECEWISE_BEZIER_KNOTS.);
#5181 = CARTESIAN_POINT('',(-72.08,113.965,3.));
#5182 = CARTESIAN_POINT('',(-80.39,120.975,-7.05));
#5183 = CARTESIAN_POINT('',(-72.08,-113.965,3.));
#5184 = CARTESIAN_POINT('',(-80.39,-116.621,-7.05));
#5185 = ADVANCED_FACE('',(#5186),#5198,.T.);
#5186 = FACE_BOUND('',#5187,.T.);
#5187 = EDGE_LOOP('',(#5188,#5195,#5196,#5197));
#5188 = ORIENTED_EDGE('',*,*,#5189,.T.);
#5189 = EDGE_CURVE('',#5167,#4978,#5190,.T.);
#5190 = CIRCLE('',#5191,0.8);
#5191 = AXIS2_PLACEMENT_3D('',#5192,#5193,#5194);
#5192 = CARTESIAN_POINT('',(-71.28,-113.965,3.));
#5193 = DIRECTION('',(0.,0.,1.));
#5194 = DIRECTION('',(-1.,0.,0.));
#5195 = ORIENTED_EDGE('',*,*,#4993,.T.);
#5196 = ORIENTED_EDGE('',*,*,#907,.F.);
#5197 = ORIENTED_EDGE('',*,*,#5174,.F.);
#5198 = B_SPLINE_SURFACE_WITH_KNOTS('',8,1,(
    (#5199,#5200)
    ,(#5201,#5202)
    ,(#5203,#5204)
    ,(#5205,#5206)
    ,(#5207,#5208)
    ,(#5209,#5210)
    ,(#5211,#5212)
    ,(#5213,#5214)
    ,(#5215,#5216
    )),.UNSPECIFIED.,.F.,.F.,.F.,(9,9),(2,2),(0.,1.570796326795),(0.,1.)
  ,.PIECEWISE_BEZIER_KNOTS.);
#5199 = CARTESIAN_POINT('',(-72.08,-113.965,3.));
#5200 = CARTESIAN_POINT('',(-80.39,-116.621,-7.05));
#5201 = CARTESIAN_POINT('',(-72.08,-114.1220796326,3.));
#5202 = CARTESIAN_POINT('',(-80.39,-117.0529689898,-7.05));
#5203 = CARTESIAN_POINT('',(-72.04475066806,-114.279158614,3.));
#5204 = CARTESIAN_POINT('',(-80.29306626428,-117.4849381157,-7.05));
#5205 = CARTESIAN_POINT('',(-71.97425669513,-114.4270128299,3.));
#5206 = CARTESIAN_POINT('',(-80.09919974491,-117.8915291155,-7.05));
#5207 = CARTESIAN_POINT('',(-71.87140386521,-114.5564038652,3.));
#5208 = CARTESIAN_POINT('',(-79.81636926271,-118.2473692627,-7.05));
#5209 = CARTESIAN_POINT('',(-71.7420128299,-114.6592566951,3.));
#5210 = CARTESIAN_POINT('',(-79.46052911553,-118.5301997449,-7.05));
#5211 = CARTESIAN_POINT('',(-71.59415861404,-114.729750668,3.));
#5212 = CARTESIAN_POINT('',(-79.05393811571,-118.7240662642,-7.05));
#5213 = CARTESIAN_POINT('',(-71.43707963268,-114.765,3.));
#5214 = CARTESIAN_POINT('',(-78.62196898986,-118.821,-7.05));
#5215 = CARTESIAN_POINT('',(-71.28,-114.765,3.));
#5216 = CARTESIAN_POINT('',(-78.19,-118.821,-7.05));
#5217 = ADVANCED_FACE('',(#5218),#5229,.F.);
#5218 = FACE_BOUND('',#5219,.F.);
#5219 = EDGE_LOOP('',(#5220,#5221,#5227,#5228));
#5220 = ORIENTED_EDGE('',*,*,#1068,.F.);
#5221 = ORIENTED_EDGE('',*,*,#5222,.F.);
#5222 = EDGE_CURVE('',#1002,#1069,#5223,.T.);
#5223 = LINE('',#5224,#5225);
#5224 = CARTESIAN_POINT('',(-65.88,-86.2,36.3));
#5225 = VECTOR('',#5226,1.);
#5226 = DIRECTION('',(0.,1.,0.));
#5227 = ORIENTED_EDGE('',*,*,#1001,.T.);
#5228 = ORIENTED_EDGE('',*,*,#5222,.T.);
#5229 = CYLINDRICAL_SURFACE('',#5230,3.3);
#5230 = AXIS2_PLACEMENT_3D('',#5231,#5232,#5233);
#5231 = CARTESIAN_POINT('',(-65.88,-86.2,33.));
#5232 = DIRECTION('',(0.,1.,0.));
#5233 = DIRECTION('',(0.,-0.,1.));
#5234 = ADVANCED_FACE('',(#5235),#5246,.F.);
#5235 = FACE_BOUND('',#5236,.F.);
#5236 = EDGE_LOOP('',(#5237,#5238,#5244,#5245));
#5237 = ORIENTED_EDGE('',*,*,#1135,.T.);
#5238 = ORIENTED_EDGE('',*,*,#5239,.T.);
#5239 = EDGE_CURVE('',#1136,#1228,#5240,.T.);
#5240 = LINE('',#5241,#5242);
#5241 = CARTESIAN_POINT('',(-65.88,-86.2,36.3));
#5242 = VECTOR('',#5243,1.);
#5243 = DIRECTION('',(0.,1.,0.));
#5244 = ORIENTED_EDGE('',*,*,#1227,.F.);
#5245 = ORIENTED_EDGE('',*,*,#5239,.F.);
#5246 = CYLINDRICAL_SURFACE('',#5247,3.3);
#5247 = AXIS2_PLACEMENT_3D('',#5248,#5249,#5250);
#5248 = CARTESIAN_POINT('',(-65.88,-86.2,33.));
#5249 = DIRECTION('',(0.,1.,0.));
#5250 = DIRECTION('',(0.,-0.,1.));
#5251 = ADVANCED_FACE('',(#5252),#5263,.F.);
#5252 = FACE_BOUND('',#5253,.F.);
#5253 = EDGE_LOOP('',(#5254,#5260,#5261,#5262));
#5254 = ORIENTED_EDGE('',*,*,#5255,.F.);
#5255 = EDGE_CURVE('',#1337,#1449,#5256,.T.);
#5256 = LINE('',#5257,#5258);
#5257 = CARTESIAN_POINT('',(-65.88,-86.2,36.3));
#5258 = VECTOR('',#5259,1.);
#5259 = DIRECTION('',(0.,1.,0.));
#5260 = ORIENTED_EDGE('',*,*,#1336,.T.);
#5261 = ORIENTED_EDGE('',*,*,#5255,.T.);
#5262 = ORIENTED_EDGE('',*,*,#1448,.F.);
#5263 = CYLINDRICAL_SURFACE('',#5264,3.3);
#5264 = AXIS2_PLACEMENT_3D('',#5265,#5266,#5267);
#5265 = CARTESIAN_POINT('',(-65.88,-86.2,33.));
#5266 = DIRECTION('',(0.,1.,0.));
#5267 = DIRECTION('',(0.,-0.,1.));
#5268 = ADVANCED_FACE('',(#5269),#5280,.F.);
#5269 = FACE_BOUND('',#5270,.F.);
#5270 = EDGE_LOOP('',(#5271,#5272,#5278,#5279));
#5271 = ORIENTED_EDGE('',*,*,#1539,.T.);
#5272 = ORIENTED_EDGE('',*,*,#5273,.T.);
#5273 = EDGE_CURVE('',#1540,#1406,#5274,.T.);
#5274 = LINE('',#5275,#5276);
#5275 = CARTESIAN_POINT('',(-65.88,-86.2,36.3));
#5276 = VECTOR('',#5277,1.);
#5277 = DIRECTION('',(0.,1.,0.));
#5278 = ORIENTED_EDGE('',*,*,#1405,.F.);
#5279 = ORIENTED_EDGE('',*,*,#5273,.F.);
#5280 = CYLINDRICAL_SURFACE('',#5281,3.3);
#5281 = AXIS2_PLACEMENT_3D('',#5282,#5283,#5284);
#5282 = CARTESIAN_POINT('',(-65.88,-86.2,33.));
#5283 = DIRECTION('',(0.,1.,0.));
#5284 = DIRECTION('',(0.,-0.,1.));
#5285 = ADVANCED_FACE('',(#5286),#5297,.F.);
#5286 = FACE_BOUND('',#5287,.F.);
#5287 = EDGE_LOOP('',(#5288,#5294,#5295,#5296));
#5288 = ORIENTED_EDGE('',*,*,#5289,.F.);
#5289 = EDGE_CURVE('',#1583,#1667,#5290,.T.);
#5290 = LINE('',#5291,#5292);
#5291 = CARTESIAN_POINT('',(-65.88,-86.2,36.3));
#5292 = VECTOR('',#5293,1.);
#5293 = DIRECTION('',(0.,1.,0.));
#5294 = ORIENTED_EDGE('',*,*,#1582,.T.);
#5295 = ORIENTED_EDGE('',*,*,#5289,.T.);
#5296 = ORIENTED_EDGE('',*,*,#1666,.F.);
#5297 = CYLINDRICAL_SURFACE('',#5298,3.3);
#5298 = AXIS2_PLACEMENT_3D('',#5299,#5300,#5301);
#5299 = CARTESIAN_POINT('',(-65.88,-86.2,33.));
#5300 = DIRECTION('',(0.,1.,0.));
#5301 = DIRECTION('',(0.,-0.,1.));
#5302 = ADVANCED_FACE('',(#5303,#5313,#5316,#5319,#5322,#5392),#5395,.F.
  );
#5303 = FACE_BOUND('',#5304,.F.);
#5304 = EDGE_LOOP('',(#5305,#5306,#5307,#5308,#5309,#5310,#5311,#5312));
#5305 = ORIENTED_EDGE('',*,*,#5189,.T.);
#5306 = ORIENTED_EDGE('',*,*,#4977,.T.);
#5307 = ORIENTED_EDGE('',*,*,#5006,.T.);
#5308 = ORIENTED_EDGE('',*,*,#5044,.T.);
#5309 = ORIENTED_EDGE('',*,*,#5067,.T.);
#5310 = ORIENTED_EDGE('',*,*,#5105,.T.);
#5311 = ORIENTED_EDGE('',*,*,#5128,.T.);
#5312 = ORIENTED_EDGE('',*,*,#5166,.T.);
#5313 = FACE_BOUND('',#5314,.F.);
#5314 = EDGE_LOOP('',(#5315));
#5315 = ORIENTED_EDGE('',*,*,#1692,.F.);
#5316 = FACE_BOUND('',#5317,.F.);
#5317 = EDGE_LOOP('',(#5318));
#5318 = ORIENTED_EDGE('',*,*,#4697,.F.);
#5319 = FACE_BOUND('',#5320,.F.);
#5320 = EDGE_LOOP('',(#5321));
#5321 = ORIENTED_EDGE('',*,*,#4722,.F.);
#5322 = FACE_BOUND('',#5323,.F.);
#5323 = EDGE_LOOP('',(#5324,#5335,#5343,#5352,#5360,#5369,#5377,#5386));
#5324 = ORIENTED_EDGE('',*,*,#5325,.T.);
#5325 = EDGE_CURVE('',#5326,#5328,#5330,.T.);
#5326 = VERTEX_POINT('',#5327);
#5327 = CARTESIAN_POINT('',(45.,-60.195,3.));
#5328 = VERTEX_POINT('',#5329);
#5329 = CARTESIAN_POINT('',(41.,-64.195,3.));
#5330 = CIRCLE('',#5331,4.);
#5331 = AXIS2_PLACEMENT_3D('',#5332,#5333,#5334);
#5332 = CARTESIAN_POINT('',(41.,-60.195,3.));
#5333 = DIRECTION('',(-0.,-0.,-1.));
#5334 = DIRECTION('',(0.,-1.,0.));
#5335 = ORIENTED_EDGE('',*,*,#5336,.T.);
#5336 = EDGE_CURVE('',#5328,#5337,#5339,.T.);
#5337 = VERTEX_POINT('',#5338);
#5338 = CARTESIAN_POINT('',(-41.,-64.195,3.));
#5339 = LINE('',#5340,#5341);
#5340 = CARTESIAN_POINT('',(-20.5,-64.195,3.));
#5341 = VECTOR('',#5342,1.);
#5342 = DIRECTION('',(-1.,0.,0.));
#5343 = ORIENTED_EDGE('',*,*,#5344,.T.);
#5344 = EDGE_CURVE('',#5337,#5345,#5347,.T.);
#5345 = VERTEX_POINT('',#5346);
#5346 = CARTESIAN_POINT('',(-45.,-60.195,3.));
#5347 = CIRCLE('',#5348,4.);
#5348 = AXIS2_PLACEMENT_3D('',#5349,#5350,#5351);
#5349 = CARTESIAN_POINT('',(-41.,-60.195,3.));
#5350 = DIRECTION('',(-0.,0.,-1.));
#5351 = DIRECTION('',(-1.,0.,0.));
#5352 = ORIENTED_EDGE('',*,*,#5353,.T.);
#5353 = EDGE_CURVE('',#5345,#5354,#5356,.T.);
#5354 = VERTEX_POINT('',#5355);
#5355 = CARTESIAN_POINT('',(-45.,60.195,3.));
#5356 = LINE('',#5357,#5358);
#5357 = CARTESIAN_POINT('',(-45.,30.0975,3.));
#5358 = VECTOR('',#5359,1.);
#5359 = DIRECTION('',(-0.,1.,0.));
#5360 = ORIENTED_EDGE('',*,*,#5361,.T.);
#5361 = EDGE_CURVE('',#5354,#5362,#5364,.T.);
#5362 = VERTEX_POINT('',#5363);
#5363 = CARTESIAN_POINT('',(-41.,64.195,3.));
#5364 = CIRCLE('',#5365,4.);
#5365 = AXIS2_PLACEMENT_3D('',#5366,#5367,#5368);
#5366 = CARTESIAN_POINT('',(-41.,60.195,3.));
#5367 = DIRECTION('',(-0.,0.,-1.));
#5368 = DIRECTION('',(0.,1.,0.));
#5369 = ORIENTED_EDGE('',*,*,#5370,.T.);
#5370 = EDGE_CURVE('',#5362,#5371,#5373,.T.);
#5371 = VERTEX_POINT('',#5372);
#5372 = CARTESIAN_POINT('',(41.,64.195,3.));
#5373 = LINE('',#5374,#5375);
#5374 = CARTESIAN_POINT('',(20.5,64.195,3.));
#5375 = VECTOR('',#5376,1.);
#5376 = DIRECTION('',(1.,0.,-0.));
#5377 = ORIENTED_EDGE('',*,*,#5378,.T.);
#5378 = EDGE_CURVE('',#5371,#5379,#5381,.T.);
#5379 = VERTEX_POINT('',#5380);
#5380 = CARTESIAN_POINT('',(45.,60.195,3.));
#5381 = CIRCLE('',#5382,4.);
#5382 = AXIS2_PLACEMENT_3D('',#5383,#5384,#5385);
#5383 = CARTESIAN_POINT('',(41.,60.195,3.));
#5384 = DIRECTION('',(0.,-0.,-1.));
#5385 = DIRECTION('',(1.,0.,-0.));
#5386 = ORIENTED_EDGE('',*,*,#5387,.T.);
#5387 = EDGE_CURVE('',#5379,#5326,#5388,.T.);
#5388 = LINE('',#5389,#5390);
#5389 = CARTESIAN_POINT('',(45.,-30.0975,3.));
#5390 = VECTOR('',#5391,1.);
#5391 = DIRECTION('',(0.,-1.,0.));
#5392 = FACE_BOUND('',#5393,.F.);
#5393 = EDGE_LOOP('',(#5394));
#5394 = ORIENTED_EDGE('',*,*,#4747,.F.);
#5395 = PLANE('',#5396);
#5396 = AXIS2_PLACEMENT_3D('',#5397,#5398,#5399);
#5397 = CARTESIAN_POINT('',(1.898080620925E-15,-5.137070815708E-15,3.));
#5398 = DIRECTION('',(0.,0.,1.));
#5399 = DIRECTION('',(1.,0.,-0.));
#5400 = ADVANCED_FACE('',(#5401),#5520,.T.);
#5401 = FACE_BOUND('',#5402,.T.);
#5402 = EDGE_LOOP('',(#5403,#5414,#5422,#5428,#5429,#5430,#5431,#5432,
    #5433,#5434,#5435,#5436,#5437,#5445,#5453,#5462,#5470,#5479,#5488,
    #5496,#5505,#5514));
#5403 = ORIENTED_EDGE('',*,*,#5404,.F.);
#5404 = EDGE_CURVE('',#5405,#5407,#5409,.T.);
#5405 = VERTEX_POINT('',#5406);
#5406 = CARTESIAN_POINT('',(-45.,-57.47799834187,40.));
#5407 = VERTEX_POINT('',#5408);
#5408 = CARTESIAN_POINT('',(-38.28299834187,-64.195,40.));
#5409 = CIRCLE('',#5410,4.75);
#5410 = AXIS2_PLACEMENT_3D('',#5411,#5412,#5413);
#5411 = CARTESIAN_POINT('',(-41.6,-60.795,40.));
#5412 = DIRECTION('',(0.,0.,1.));
#5413 = DIRECTION('',(1.,0.,-0.));
#5414 = ORIENTED_EDGE('',*,*,#5415,.T.);
#5415 = EDGE_CURVE('',#5405,#5416,#5418,.T.);
#5416 = VERTEX_POINT('',#5417);
#5417 = CARTESIAN_POINT('',(-45.,-3.500000000001E-02,40.));
#5418 = LINE('',#5419,#5420);
#5419 = CARTESIAN_POINT('',(-45.,30.0975,40.));
#5420 = VECTOR('',#5421,1.);
#5421 = DIRECTION('',(-0.,1.,0.));
#5422 = ORIENTED_EDGE('',*,*,#5423,.T.);
#5423 = EDGE_CURVE('',#5416,#2444,#5424,.T.);
#5424 = LINE('',#5425,#5426);
#5425 = CARTESIAN_POINT('',(-24.3,-3.500000000001E-02,40.));
#5426 = VECTOR('',#5427,1.);
#5427 = DIRECTION('',(-1.,-0.,0.));
#5428 = ORIENTED_EDGE('',*,*,#2451,.T.);
#5429 = ORIENTED_EDGE('',*,*,#4542,.T.);
#5430 = ORIENTED_EDGE('',*,*,#4462,.T.);
#5431 = ORIENTED_EDGE('',*,*,#4379,.T.);
#5432 = ORIENTED_EDGE('',*,*,#3256,.T.);
#5433 = ORIENTED_EDGE('',*,*,#2385,.T.);
#5434 = ORIENTED_EDGE('',*,*,#1717,.T.);
#5435 = ORIENTED_EDGE('',*,*,#2353,.T.);
#5436 = ORIENTED_EDGE('',*,*,#2419,.T.);
#5437 = ORIENTED_EDGE('',*,*,#5438,.F.);
#5438 = EDGE_CURVE('',#5439,#2420,#5441,.T.);
#5439 = VERTEX_POINT('',#5440);
#5440 = CARTESIAN_POINT('',(-45.,24.405,40.));
#5441 = LINE('',#5442,#5443);
#5442 = CARTESIAN_POINT('',(-24.3,24.405,40.));
#5443 = VECTOR('',#5444,1.);
#5444 = DIRECTION('',(-1.,-0.,0.));
#5445 = ORIENTED_EDGE('',*,*,#5446,.T.);
#5446 = EDGE_CURVE('',#5439,#5447,#5449,.T.);
#5447 = VERTEX_POINT('',#5448);
#5448 = CARTESIAN_POINT('',(-45.,57.477998341875,40.));
#5449 = LINE('',#5450,#5451);
#5450 = CARTESIAN_POINT('',(-45.,30.0975,40.));
#5451 = VECTOR('',#5452,1.);
#5452 = DIRECTION('',(-0.,1.,0.));
#5453 = ORIENTED_EDGE('',*,*,#5454,.F.);
#5454 = EDGE_CURVE('',#5455,#5447,#5457,.T.);
#5455 = VERTEX_POINT('',#5456);
#5456 = CARTESIAN_POINT('',(-38.28299834187,64.195,40.));
#5457 = CIRCLE('',#5458,4.75);
#5458 = AXIS2_PLACEMENT_3D('',#5459,#5460,#5461);
#5459 = CARTESIAN_POINT('',(-41.6,60.795,40.));
#5460 = DIRECTION('',(0.,0.,1.));
#5461 = DIRECTION('',(1.,0.,-0.));
#5462 = ORIENTED_EDGE('',*,*,#5463,.T.);
#5463 = EDGE_CURVE('',#5455,#5464,#5466,.T.);
#5464 = VERTEX_POINT('',#5465);
#5465 = CARTESIAN_POINT('',(38.282998341876,64.195,40.));
#5466 = LINE('',#5467,#5468);
#5467 = CARTESIAN_POINT('',(20.5,64.195,40.));
#5468 = VECTOR('',#5469,1.);
#5469 = DIRECTION('',(1.,0.,-0.));
#5470 = ORIENTED_EDGE('',*,*,#5471,.F.);
#5471 = EDGE_CURVE('',#5472,#5464,#5474,.T.);
#5472 = VERTEX_POINT('',#5473);
#5473 = CARTESIAN_POINT('',(46.35,60.795,40.));
#5474 = CIRCLE('',#5475,4.75);
#5475 = AXIS2_PLACEMENT_3D('',#5476,#5477,#5478);
#5476 = CARTESIAN_POINT('',(41.6,60.795,40.));
#5477 = DIRECTION('',(0.,0.,1.));
#5478 = DIRECTION('',(1.,0.,-0.));
#5479 = ORIENTED_EDGE('',*,*,#5480,.F.);
#5480 = EDGE_CURVE('',#5481,#5472,#5483,.T.);
#5481 = VERTEX_POINT('',#5482);
#5482 = CARTESIAN_POINT('',(45.,57.477998341876,40.));
#5483 = CIRCLE('',#5484,4.75);
#5484 = AXIS2_PLACEMENT_3D('',#5485,#5486,#5487);
#5485 = CARTESIAN_POINT('',(41.6,60.795,40.));
#5486 = DIRECTION('',(0.,0.,1.));
#5487 = DIRECTION('',(1.,0.,-0.));
#5488 = ORIENTED_EDGE('',*,*,#5489,.T.);
#5489 = EDGE_CURVE('',#5481,#5490,#5492,.T.);
#5490 = VERTEX_POINT('',#5491);
#5491 = CARTESIAN_POINT('',(45.,-57.47799834187,40.));
#5492 = LINE('',#5493,#5494);
#5493 = CARTESIAN_POINT('',(45.,-30.0975,40.));
#5494 = VECTOR('',#5495,1.);
#5495 = DIRECTION('',(0.,-1.,0.));
#5496 = ORIENTED_EDGE('',*,*,#5497,.F.);
#5497 = EDGE_CURVE('',#5498,#5490,#5500,.T.);
#5498 = VERTEX_POINT('',#5499);
#5499 = CARTESIAN_POINT('',(46.35,-60.795,40.));
#5500 = CIRCLE('',#5501,4.75);
#5501 = AXIS2_PLACEMENT_3D('',#5502,#5503,#5504);
#5502 = CARTESIAN_POINT('',(41.6,-60.795,40.));
#5503 = DIRECTION('',(0.,0.,1.));
#5504 = DIRECTION('',(1.,0.,-0.));
#5505 = ORIENTED_EDGE('',*,*,#5506,.F.);
#5506 = EDGE_CURVE('',#5507,#5498,#5509,.T.);
#5507 = VERTEX_POINT('',#5508);
#5508 = CARTESIAN_POINT('',(38.282998341876,-64.195,40.));
#5509 = CIRCLE('',#5510,4.75);
#5510 = AXIS2_PLACEMENT_3D('',#5511,#5512,#5513);
#5511 = CARTESIAN_POINT('',(41.6,-60.795,40.));
#5512 = DIRECTION('',(0.,0.,1.));
#5513 = DIRECTION('',(1.,0.,-0.));
#5514 = ORIENTED_EDGE('',*,*,#5515,.T.);
#5515 = EDGE_CURVE('',#5507,#5407,#5516,.T.);
#5516 = LINE('',#5517,#5518);
#5517 = CARTESIAN_POINT('',(-20.5,-64.195,40.));
#5518 = VECTOR('',#5519,1.);
#5519 = DIRECTION('',(-1.,0.,0.));
#5520 = PLANE('',#5521);
#5521 = AXIS2_PLACEMENT_3D('',#5522,#5523,#5524);
#5522 = CARTESIAN_POINT('',(-2.722683736678E-15,5.350939135667E-16,40.)
  );
#5523 = DIRECTION('',(0.,0.,1.));
#5524 = DIRECTION('',(1.,0.,-0.));
#5525 = ADVANCED_FACE('',(#5526),#5551,.T.);
#5526 = FACE_BOUND('',#5527,.T.);
#5527 = EDGE_LOOP('',(#5528,#5536,#5544,#5550));
#5528 = ORIENTED_EDGE('',*,*,#5529,.F.);
#5529 = EDGE_CURVE('',#5530,#1736,#5532,.T.);
#5530 = VERTEX_POINT('',#5531);
#5531 = CARTESIAN_POINT('',(28.5,64.195,27.));
#5532 = LINE('',#5533,#5534);
#5533 = CARTESIAN_POINT('',(28.5,63.395,27.));
#5534 = VECTOR('',#5535,1.);
#5535 = DIRECTION('',(-0.,1.,0.));
#5536 = ORIENTED_EDGE('',*,*,#5537,.F.);
#5537 = EDGE_CURVE('',#5538,#5530,#5540,.T.);
#5538 = VERTEX_POINT('',#5539);
#5539 = CARTESIAN_POINT('',(31.5,64.195,27.));
#5540 = LINE('',#5541,#5542);
#5541 = CARTESIAN_POINT('',(34.75,64.195,27.));
#5542 = VECTOR('',#5543,1.);
#5543 = DIRECTION('',(-1.,0.,0.));
#5544 = ORIENTED_EDGE('',*,*,#5545,.T.);
#5545 = EDGE_CURVE('',#5538,#1734,#5546,.T.);
#5546 = LINE('',#5547,#5548);
#5547 = CARTESIAN_POINT('',(31.5,63.395,27.));
#5548 = VECTOR('',#5549,1.);
#5549 = DIRECTION('',(-0.,1.,0.));
#5550 = ORIENTED_EDGE('',*,*,#1733,.T.);
#5551 = PLANE('',#5552);
#5552 = AXIS2_PLACEMENT_3D('',#5553,#5554,#5555);
#5553 = CARTESIAN_POINT('',(28.5,63.395,27.));
#5554 = DIRECTION('',(0.,0.,1.));
#5555 = DIRECTION('',(1.,0.,-0.));
#5556 = ADVANCED_FACE('',(#5557),#5575,.F.);
#5557 = FACE_BOUND('',#5558,.F.);
#5558 = EDGE_LOOP('',(#5559,#5567,#5573,#5574));
#5559 = ORIENTED_EDGE('',*,*,#5560,.F.);
#5560 = EDGE_CURVE('',#5561,#1752,#5563,.T.);
#5561 = VERTEX_POINT('',#5562);
#5562 = CARTESIAN_POINT('',(31.5,64.195,36.));
#5563 = LINE('',#5564,#5565);
#5564 = CARTESIAN_POINT('',(31.5,63.395,36.));
#5565 = VECTOR('',#5566,1.);
#5566 = DIRECTION('',(-0.,1.,0.));
#5567 = ORIENTED_EDGE('',*,*,#5568,.F.);
#5568 = EDGE_CURVE('',#5538,#5561,#5569,.T.);
#5569 = LINE('',#5570,#5571);
#5570 = CARTESIAN_POINT('',(31.5,64.195,17.5));
#5571 = VECTOR('',#5572,1.);
#5572 = DIRECTION('',(0.,0.,1.));
#5573 = ORIENTED_EDGE('',*,*,#5545,.T.);
#5574 = ORIENTED_EDGE('',*,*,#1759,.T.);
#5575 = PLANE('',#5576);
#5576 = AXIS2_PLACEMENT_3D('',#5577,#5578,#5579);
#5577 = CARTESIAN_POINT('',(31.5,63.395,27.));
#5578 = DIRECTION('',(1.,0.,-0.));
#5579 = DIRECTION('',(0.,0.,1.));
#5580 = ADVANCED_FACE('',(#5581),#5599,.F.);
#5581 = FACE_BOUND('',#5582,.F.);
#5582 = EDGE_LOOP('',(#5583,#5591,#5597,#5598));
#5583 = ORIENTED_EDGE('',*,*,#5584,.F.);
#5584 = EDGE_CURVE('',#5585,#1744,#5587,.T.);
#5585 = VERTEX_POINT('',#5586);
#5586 = CARTESIAN_POINT('',(28.5,64.195,36.));
#5587 = LINE('',#5588,#5589);
#5588 = CARTESIAN_POINT('',(28.5,63.395,36.));
#5589 = VECTOR('',#5590,1.);
#5590 = DIRECTION('',(-0.,1.,0.));
#5591 = ORIENTED_EDGE('',*,*,#5592,.F.);
#5592 = EDGE_CURVE('',#5561,#5585,#5593,.T.);
#5593 = LINE('',#5594,#5595);
#5594 = CARTESIAN_POINT('',(34.75,64.195,36.));
#5595 = VECTOR('',#5596,1.);
#5596 = DIRECTION('',(-1.,0.,0.));
#5597 = ORIENTED_EDGE('',*,*,#5560,.T.);
#5598 = ORIENTED_EDGE('',*,*,#1751,.T.);
#5599 = PLANE('',#5600);
#5600 = AXIS2_PLACEMENT_3D('',#5601,#5602,#5603);
#5601 = CARTESIAN_POINT('',(28.5,63.395,36.));
#5602 = DIRECTION('',(0.,0.,1.));
#5603 = DIRECTION('',(1.,0.,-0.));
#5604 = ADVANCED_FACE('',(#5605),#5616,.T.);
#5605 = FACE_BOUND('',#5606,.T.);
#5606 = EDGE_LOOP('',(#5607,#5608,#5614,#5615));
#5607 = ORIENTED_EDGE('',*,*,#5584,.F.);
#5608 = ORIENTED_EDGE('',*,*,#5609,.F.);
#5609 = EDGE_CURVE('',#5530,#5585,#5610,.T.);
#5610 = LINE('',#5611,#5612);
#5611 = CARTESIAN_POINT('',(28.5,64.195,17.5));
#5612 = VECTOR('',#5613,1.);
#5613 = DIRECTION('',(0.,0.,1.));
#5614 = ORIENTED_EDGE('',*,*,#5529,.T.);
#5615 = ORIENTED_EDGE('',*,*,#1743,.T.);
#5616 = PLANE('',#5617);
#5617 = AXIS2_PLACEMENT_3D('',#5618,#5619,#5620);
#5618 = CARTESIAN_POINT('',(28.5,63.395,27.));
#5619 = DIRECTION('',(1.,0.,-0.));
#5620 = DIRECTION('',(0.,0.,1.));
#5621 = ADVANCED_FACE('',(#5622),#5647,.T.);
#5622 = FACE_BOUND('',#5623,.T.);
#5623 = EDGE_LOOP('',(#5624,#5632,#5640,#5646));
#5624 = ORIENTED_EDGE('',*,*,#5625,.F.);
#5625 = EDGE_CURVE('',#5626,#1770,#5628,.T.);
#5626 = VERTEX_POINT('',#5627);
#5627 = CARTESIAN_POINT('',(21.,64.195,27.));
#5628 = LINE('',#5629,#5630);
#5629 = CARTESIAN_POINT('',(21.,63.395,27.));
#5630 = VECTOR('',#5631,1.);
#5631 = DIRECTION('',(-0.,1.,0.));
#5632 = ORIENTED_EDGE('',*,*,#5633,.F.);
#5633 = EDGE_CURVE('',#5634,#5626,#5636,.T.);
#5634 = VERTEX_POINT('',#5635);
#5635 = CARTESIAN_POINT('',(24.,64.195,27.));
#5636 = LINE('',#5637,#5638);
#5637 = CARTESIAN_POINT('',(31.,64.195,27.));
#5638 = VECTOR('',#5639,1.);
#5639 = DIRECTION('',(-1.,0.,0.));
#5640 = ORIENTED_EDGE('',*,*,#5641,.T.);
#5641 = EDGE_CURVE('',#5634,#1768,#5642,.T.);
#5642 = LINE('',#5643,#5644);
#5643 = CARTESIAN_POINT('',(24.,63.395,27.));
#5644 = VECTOR('',#5645,1.);
#5645 = DIRECTION('',(-0.,1.,0.));
#5646 = ORIENTED_EDGE('',*,*,#1767,.T.);
#5647 = PLANE('',#5648);
#5648 = AXIS2_PLACEMENT_3D('',#5649,#5650,#5651);
#5649 = CARTESIAN_POINT('',(21.,63.395,27.));
#5650 = DIRECTION('',(0.,0.,1.));
#5651 = DIRECTION('',(1.,0.,-0.));
#5652 = ADVANCED_FACE('',(#5653),#5671,.F.);
#5653 = FACE_BOUND('',#5654,.F.);
#5654 = EDGE_LOOP('',(#5655,#5663,#5669,#5670));
#5655 = ORIENTED_EDGE('',*,*,#5656,.F.);
#5656 = EDGE_CURVE('',#5657,#1786,#5659,.T.);
#5657 = VERTEX_POINT('',#5658);
#5658 = CARTESIAN_POINT('',(24.,64.195,36.));
#5659 = LINE('',#5660,#5661);
#5660 = CARTESIAN_POINT('',(24.,63.395,36.));
#5661 = VECTOR('',#5662,1.);
#5662 = DIRECTION('',(-0.,1.,0.));
#5663 = ORIENTED_EDGE('',*,*,#5664,.F.);
#5664 = EDGE_CURVE('',#5634,#5657,#5665,.T.);
#5665 = LINE('',#5666,#5667);
#5666 = CARTESIAN_POINT('',(24.,64.195,17.5));
#5667 = VECTOR('',#5668,1.);
#5668 = DIRECTION('',(0.,0.,1.));
#5669 = ORIENTED_EDGE('',*,*,#5641,.T.);
#5670 = ORIENTED_EDGE('',*,*,#1793,.T.);
#5671 = PLANE('',#5672);
#5672 = AXIS2_PLACEMENT_3D('',#5673,#5674,#5675);
#5673 = CARTESIAN_POINT('',(24.,63.395,27.));
#5674 = DIRECTION('',(1.,0.,-0.));
#5675 = DIRECTION('',(0.,0.,1.));
#5676 = ADVANCED_FACE('',(#5677),#5695,.T.);
#5677 = FACE_BOUND('',#5678,.T.);
#5678 = EDGE_LOOP('',(#5679,#5687,#5693,#5694));
#5679 = ORIENTED_EDGE('',*,*,#5680,.F.);
#5680 = EDGE_CURVE('',#5681,#1778,#5683,.T.);
#5681 = VERTEX_POINT('',#5682);
#5682 = CARTESIAN_POINT('',(21.,64.195,36.));
#5683 = LINE('',#5684,#5685);
#5684 = CARTESIAN_POINT('',(21.,63.395,36.));
#5685 = VECTOR('',#5686,1.);
#5686 = DIRECTION('',(-0.,1.,0.));
#5687 = ORIENTED_EDGE('',*,*,#5688,.F.);
#5688 = EDGE_CURVE('',#5626,#5681,#5689,.T.);
#5689 = LINE('',#5690,#5691);
#5690 = CARTESIAN_POINT('',(21.,64.195,17.5));
#5691 = VECTOR('',#5692,1.);
#5692 = DIRECTION('',(0.,0.,1.));
#5693 = ORIENTED_EDGE('',*,*,#5625,.T.);
#5694 = ORIENTED_EDGE('',*,*,#1777,.T.);
#5695 = PLANE('',#5696);
#5696 = AXIS2_PLACEMENT_3D('',#5697,#5698,#5699);
#5697 = CARTESIAN_POINT('',(21.,63.395,27.));
#5698 = DIRECTION('',(1.,0.,-0.));
#5699 = DIRECTION('',(0.,0.,1.));
#5700 = ADVANCED_FACE('',(#5701),#5712,.F.);
#5701 = FACE_BOUND('',#5702,.F.);
#5702 = EDGE_LOOP('',(#5703,#5704,#5710,#5711));
#5703 = ORIENTED_EDGE('',*,*,#5680,.F.);
#5704 = ORIENTED_EDGE('',*,*,#5705,.F.);
#5705 = EDGE_CURVE('',#5657,#5681,#5706,.T.);
#5706 = LINE('',#5707,#5708);
#5707 = CARTESIAN_POINT('',(31.,64.195,36.));
#5708 = VECTOR('',#5709,1.);
#5709 = DIRECTION('',(-1.,0.,0.));
#5710 = ORIENTED_EDGE('',*,*,#5656,.T.);
#5711 = ORIENTED_EDGE('',*,*,#1785,.T.);
#5712 = PLANE('',#5713);
#5713 = AXIS2_PLACEMENT_3D('',#5714,#5715,#5716);
#5714 = CARTESIAN_POINT('',(21.,63.395,36.));
#5715 = DIRECTION('',(0.,0.,1.));
#5716 = DIRECTION('',(1.,0.,-0.));
#5717 = ADVANCED_FACE('',(#5718),#5743,.T.);
#5718 = FACE_BOUND('',#5719,.T.);
#5719 = EDGE_LOOP('',(#5720,#5728,#5736,#5742));
#5720 = ORIENTED_EDGE('',*,*,#5721,.F.);
#5721 = EDGE_CURVE('',#5722,#1804,#5724,.T.);
#5722 = VERTEX_POINT('',#5723);
#5723 = CARTESIAN_POINT('',(13.5,64.195,27.));
#5724 = LINE('',#5725,#5726);
#5725 = CARTESIAN_POINT('',(13.5,63.395,27.));
#5726 = VECTOR('',#5727,1.);
#5727 = DIRECTION('',(-0.,1.,0.));
#5728 = ORIENTED_EDGE('',*,*,#5729,.F.);
#5729 = EDGE_CURVE('',#5730,#5722,#5732,.T.);
#5730 = VERTEX_POINT('',#5731);
#5731 = CARTESIAN_POINT('',(16.5,64.195,27.));
#5732 = LINE('',#5733,#5734);
#5733 = CARTESIAN_POINT('',(27.25,64.195,27.));
#5734 = VECTOR('',#5735,1.);
#5735 = DIRECTION('',(-1.,0.,0.));
#5736 = ORIENTED_EDGE('',*,*,#5737,.T.);
#5737 = EDGE_CURVE('',#5730,#1802,#5738,.T.);
#5738 = LINE('',#5739,#5740);
#5739 = CARTESIAN_POINT('',(16.5,63.395,27.));
#5740 = VECTOR('',#5741,1.);
#5741 = DIRECTION('',(-0.,1.,0.));
#5742 = ORIENTED_EDGE('',*,*,#1801,.T.);
#5743 = PLANE('',#5744);
#5744 = AXIS2_PLACEMENT_3D('',#5745,#5746,#5747);
#5745 = CARTESIAN_POINT('',(13.5,63.395,27.));
#5746 = DIRECTION('',(0.,0.,1.));
#5747 = DIRECTION('',(1.,0.,-0.));
#5748 = ADVANCED_FACE('',(#5749),#5767,.F.);
#5749 = FACE_BOUND('',#5750,.F.);
#5750 = EDGE_LOOP('',(#5751,#5759,#5765,#5766));
#5751 = ORIENTED_EDGE('',*,*,#5752,.F.);
#5752 = EDGE_CURVE('',#5753,#1820,#5755,.T.);
#5753 = VERTEX_POINT('',#5754);
#5754 = CARTESIAN_POINT('',(16.5,64.195,36.));
#5755 = LINE('',#5756,#5757);
#5756 = CARTESIAN_POINT('',(16.5,63.395,36.));
#5757 = VECTOR('',#5758,1.);
#5758 = DIRECTION('',(-0.,1.,0.));
#5759 = ORIENTED_EDGE('',*,*,#5760,.F.);
#5760 = EDGE_CURVE('',#5730,#5753,#5761,.T.);
#5761 = LINE('',#5762,#5763);
#5762 = CARTESIAN_POINT('',(16.5,64.195,17.5));
#5763 = VECTOR('',#5764,1.);
#5764 = DIRECTION('',(0.,0.,1.));
#5765 = ORIENTED_EDGE('',*,*,#5737,.T.);
#5766 = ORIENTED_EDGE('',*,*,#1827,.T.);
#5767 = PLANE('',#5768);
#5768 = AXIS2_PLACEMENT_3D('',#5769,#5770,#5771);
#5769 = CARTESIAN_POINT('',(16.5,63.395,27.));
#5770 = DIRECTION('',(1.,0.,-0.));
#5771 = DIRECTION('',(0.,0.,1.));
#5772 = ADVANCED_FACE('',(#5773),#5791,.T.);
#5773 = FACE_BOUND('',#5774,.T.);
#5774 = EDGE_LOOP('',(#5775,#5783,#5789,#5790));
#5775 = ORIENTED_EDGE('',*,*,#5776,.F.);
#5776 = EDGE_CURVE('',#5777,#1812,#5779,.T.);
#5777 = VERTEX_POINT('',#5778);
#5778 = CARTESIAN_POINT('',(13.5,64.195,36.));
#5779 = LINE('',#5780,#5781);
#5780 = CARTESIAN_POINT('',(13.5,63.395,36.));
#5781 = VECTOR('',#5782,1.);
#5782 = DIRECTION('',(-0.,1.,0.));
#5783 = ORIENTED_EDGE('',*,*,#5784,.F.);
#5784 = EDGE_CURVE('',#5722,#5777,#5785,.T.);
#5785 = LINE('',#5786,#5787);
#5786 = CARTESIAN_POINT('',(13.5,64.195,17.5));
#5787 = VECTOR('',#5788,1.);
#5788 = DIRECTION('',(0.,0.,1.));
#5789 = ORIENTED_EDGE('',*,*,#5721,.T.);
#5790 = ORIENTED_EDGE('',*,*,#1811,.T.);
#5791 = PLANE('',#5792);
#5792 = AXIS2_PLACEMENT_3D('',#5793,#5794,#5795);
#5793 = CARTESIAN_POINT('',(13.5,63.395,27.));
#5794 = DIRECTION('',(1.,0.,-0.));
#5795 = DIRECTION('',(0.,0.,1.));
#5796 = ADVANCED_FACE('',(#5797),#5808,.F.);
#5797 = FACE_BOUND('',#5798,.F.);
#5798 = EDGE_LOOP('',(#5799,#5800,#5806,#5807));
#5799 = ORIENTED_EDGE('',*,*,#5776,.F.);
#5800 = ORIENTED_EDGE('',*,*,#5801,.F.);
#5801 = EDGE_CURVE('',#5753,#5777,#5802,.T.);
#5802 = LINE('',#5803,#5804);
#5803 = CARTESIAN_POINT('',(27.25,64.195,36.));
#5804 = VECTOR('',#5805,1.);
#5805 = DIRECTION('',(-1.,0.,0.));
#5806 = ORIENTED_EDGE('',*,*,#5752,.T.);
#5807 = ORIENTED_EDGE('',*,*,#1819,.T.);
#5808 = PLANE('',#5809);
#5809 = AXIS2_PLACEMENT_3D('',#5810,#5811,#5812);
#5810 = CARTESIAN_POINT('',(13.5,63.395,36.));
#5811 = DIRECTION('',(0.,0.,1.));
#5812 = DIRECTION('',(1.,0.,-0.));
#5813 = ADVANCED_FACE('',(#5814),#5839,.T.);
#5814 = FACE_BOUND('',#5815,.T.);
#5815 = EDGE_LOOP('',(#5816,#5824,#5832,#5838));
#5816 = ORIENTED_EDGE('',*,*,#5817,.F.);
#5817 = EDGE_CURVE('',#5818,#1838,#5820,.T.);
#5818 = VERTEX_POINT('',#5819);
#5819 = CARTESIAN_POINT('',(6.,64.195,27.));
#5820 = LINE('',#5821,#5822);
#5821 = CARTESIAN_POINT('',(6.,63.395,27.));
#5822 = VECTOR('',#5823,1.);
#5823 = DIRECTION('',(-0.,1.,0.));
#5824 = ORIENTED_EDGE('',*,*,#5825,.F.);
#5825 = EDGE_CURVE('',#5826,#5818,#5828,.T.);
#5826 = VERTEX_POINT('',#5827);
#5827 = CARTESIAN_POINT('',(9.,64.195,27.));
#5828 = LINE('',#5829,#5830);
#5829 = CARTESIAN_POINT('',(23.5,64.195,27.));
#5830 = VECTOR('',#5831,1.);
#5831 = DIRECTION('',(-1.,0.,0.));
#5832 = ORIENTED_EDGE('',*,*,#5833,.T.);
#5833 = EDGE_CURVE('',#5826,#1836,#5834,.T.);
#5834 = LINE('',#5835,#5836);
#5835 = CARTESIAN_POINT('',(9.,63.395,27.));
#5836 = VECTOR('',#5837,1.);
#5837 = DIRECTION('',(-0.,1.,0.));
#5838 = ORIENTED_EDGE('',*,*,#1835,.T.);
#5839 = PLANE('',#5840);
#5840 = AXIS2_PLACEMENT_3D('',#5841,#5842,#5843);
#5841 = CARTESIAN_POINT('',(6.,63.395,27.));
#5842 = DIRECTION('',(0.,0.,1.));
#5843 = DIRECTION('',(1.,0.,-0.));
#5844 = ADVANCED_FACE('',(#5845),#5863,.F.);
#5845 = FACE_BOUND('',#5846,.F.);
#5846 = EDGE_LOOP('',(#5847,#5855,#5861,#5862));
#5847 = ORIENTED_EDGE('',*,*,#5848,.F.);
#5848 = EDGE_CURVE('',#5849,#1854,#5851,.T.);
#5849 = VERTEX_POINT('',#5850);
#5850 = CARTESIAN_POINT('',(9.,64.195,36.));
#5851 = LINE('',#5852,#5853);
#5852 = CARTESIAN_POINT('',(9.,63.395,36.));
#5853 = VECTOR('',#5854,1.);
#5854 = DIRECTION('',(-0.,1.,0.));
#5855 = ORIENTED_EDGE('',*,*,#5856,.F.);
#5856 = EDGE_CURVE('',#5826,#5849,#5857,.T.);
#5857 = LINE('',#5858,#5859);
#5858 = CARTESIAN_POINT('',(9.,64.195,17.5));
#5859 = VECTOR('',#5860,1.);
#5860 = DIRECTION('',(0.,0.,1.));
#5861 = ORIENTED_EDGE('',*,*,#5833,.T.);
#5862 = ORIENTED_EDGE('',*,*,#1861,.T.);
#5863 = PLANE('',#5864);
#5864 = AXIS2_PLACEMENT_3D('',#5865,#5866,#5867);
#5865 = CARTESIAN_POINT('',(9.,63.395,27.));
#5866 = DIRECTION('',(1.,0.,-0.));
#5867 = DIRECTION('',(0.,0.,1.));
#5868 = ADVANCED_FACE('',(#5869),#5887,.T.);
#5869 = FACE_BOUND('',#5870,.T.);
#5870 = EDGE_LOOP('',(#5871,#5879,#5885,#5886));
#5871 = ORIENTED_EDGE('',*,*,#5872,.F.);
#5872 = EDGE_CURVE('',#5873,#1846,#5875,.T.);
#5873 = VERTEX_POINT('',#5874);
#5874 = CARTESIAN_POINT('',(6.,64.195,36.));
#5875 = LINE('',#5876,#5877);
#5876 = CARTESIAN_POINT('',(6.,63.395,36.));
#5877 = VECTOR('',#5878,1.);
#5878 = DIRECTION('',(-0.,1.,0.));
#5879 = ORIENTED_EDGE('',*,*,#5880,.F.);
#5880 = EDGE_CURVE('',#5818,#5873,#5881,.T.);
#5881 = LINE('',#5882,#5883);
#5882 = CARTESIAN_POINT('',(6.,64.195,17.5));
#5883 = VECTOR('',#5884,1.);
#5884 = DIRECTION('',(0.,0.,1.));
#5885 = ORIENTED_EDGE('',*,*,#5817,.T.);
#5886 = ORIENTED_EDGE('',*,*,#1845,.T.);
#5887 = PLANE('',#5888);
#5888 = AXIS2_PLACEMENT_3D('',#5889,#5890,#5891);
#5889 = CARTESIAN_POINT('',(6.,63.395,27.));
#5890 = DIRECTION('',(1.,0.,-0.));
#5891 = DIRECTION('',(0.,0.,1.));
#5892 = ADVANCED_FACE('',(#5893),#5904,.F.);
#5893 = FACE_BOUND('',#5894,.F.);
#5894 = EDGE_LOOP('',(#5895,#5896,#5902,#5903));
#5895 = ORIENTED_EDGE('',*,*,#5872,.F.);
#5896 = ORIENTED_EDGE('',*,*,#5897,.F.);
#5897 = EDGE_CURVE('',#5849,#5873,#5898,.T.);
#5898 = LINE('',#5899,#5900);
#5899 = CARTESIAN_POINT('',(23.5,64.195,36.));
#5900 = VECTOR('',#5901,1.);
#5901 = DIRECTION('',(-1.,0.,0.));
#5902 = ORIENTED_EDGE('',*,*,#5848,.T.);
#5903 = ORIENTED_EDGE('',*,*,#1853,.T.);
#5904 = PLANE('',#5905);
#5905 = AXIS2_PLACEMENT_3D('',#5906,#5907,#5908);
#5906 = CARTESIAN_POINT('',(6.,63.395,36.));
#5907 = DIRECTION('',(0.,0.,1.));
#5908 = DIRECTION('',(1.,0.,-0.));
#5909 = ADVANCED_FACE('',(#5910),#5935,.T.);
#5910 = FACE_BOUND('',#5911,.T.);
#5911 = EDGE_LOOP('',(#5912,#5920,#5928,#5934));
#5912 = ORIENTED_EDGE('',*,*,#5913,.F.);
#5913 = EDGE_CURVE('',#5914,#1872,#5916,.T.);
#5914 = VERTEX_POINT('',#5915);
#5915 = CARTESIAN_POINT('',(-1.5,64.195,27.));
#5916 = LINE('',#5917,#5918);
#5917 = CARTESIAN_POINT('',(-1.5,63.395,27.));
#5918 = VECTOR('',#5919,1.);
#5919 = DIRECTION('',(-0.,1.,0.));
#5920 = ORIENTED_EDGE('',*,*,#5921,.F.);
#5921 = EDGE_CURVE('',#5922,#5914,#5924,.T.);
#5922 = VERTEX_POINT('',#5923);
#5923 = CARTESIAN_POINT('',(1.5,64.195,27.));
#5924 = LINE('',#5925,#5926);
#5925 = CARTESIAN_POINT('',(19.75,64.195,27.));
#5926 = VECTOR('',#5927,1.);
#5927 = DIRECTION('',(-1.,0.,0.));
#5928 = ORIENTED_EDGE('',*,*,#5929,.T.);
#5929 = EDGE_CURVE('',#5922,#1870,#5930,.T.);
#5930 = LINE('',#5931,#5932);
#5931 = CARTESIAN_POINT('',(1.5,63.395,27.));
#5932 = VECTOR('',#5933,1.);
#5933 = DIRECTION('',(-0.,1.,0.));
#5934 = ORIENTED_EDGE('',*,*,#1869,.T.);
#5935 = PLANE('',#5936);
#5936 = AXIS2_PLACEMENT_3D('',#5937,#5938,#5939);
#5937 = CARTESIAN_POINT('',(-1.5,63.395,27.));
#5938 = DIRECTION('',(0.,0.,1.));
#5939 = DIRECTION('',(1.,0.,-0.));
#5940 = ADVANCED_FACE('',(#5941),#5959,.F.);
#5941 = FACE_BOUND('',#5942,.F.);
#5942 = EDGE_LOOP('',(#5943,#5951,#5957,#5958));
#5943 = ORIENTED_EDGE('',*,*,#5944,.F.);
#5944 = EDGE_CURVE('',#5945,#1888,#5947,.T.);
#5945 = VERTEX_POINT('',#5946);
#5946 = CARTESIAN_POINT('',(1.5,64.195,36.));
#5947 = LINE('',#5948,#5949);
#5948 = CARTESIAN_POINT('',(1.5,63.395,36.));
#5949 = VECTOR('',#5950,1.);
#5950 = DIRECTION('',(-0.,1.,0.));
#5951 = ORIENTED_EDGE('',*,*,#5952,.F.);
#5952 = EDGE_CURVE('',#5922,#5945,#5953,.T.);
#5953 = LINE('',#5954,#5955);
#5954 = CARTESIAN_POINT('',(1.5,64.195,17.5));
#5955 = VECTOR('',#5956,1.);
#5956 = DIRECTION('',(0.,0.,1.));
#5957 = ORIENTED_EDGE('',*,*,#5929,.T.);
#5958 = ORIENTED_EDGE('',*,*,#1895,.T.);
#5959 = PLANE('',#5960);
#5960 = AXIS2_PLACEMENT_3D('',#5961,#5962,#5963);
#5961 = CARTESIAN_POINT('',(1.5,63.395,27.));
#5962 = DIRECTION('',(1.,0.,-0.));
#5963 = DIRECTION('',(0.,0.,1.));
#5964 = ADVANCED_FACE('',(#5965),#5983,.T.);
#5965 = FACE_BOUND('',#5966,.T.);
#5966 = EDGE_LOOP('',(#5967,#5975,#5981,#5982));
#5967 = ORIENTED_EDGE('',*,*,#5968,.F.);
#5968 = EDGE_CURVE('',#5969,#1880,#5971,.T.);
#5969 = VERTEX_POINT('',#5970);
#5970 = CARTESIAN_POINT('',(-1.5,64.195,36.));
#5971 = LINE('',#5972,#5973);
#5972 = CARTESIAN_POINT('',(-1.5,63.395,36.));
#5973 = VECTOR('',#5974,1.);
#5974 = DIRECTION('',(-0.,1.,0.));
#5975 = ORIENTED_EDGE('',*,*,#5976,.F.);
#5976 = EDGE_CURVE('',#5914,#5969,#5977,.T.);
#5977 = LINE('',#5978,#5979);
#5978 = CARTESIAN_POINT('',(-1.5,64.195,17.5));
#5979 = VECTOR('',#5980,1.);
#5980 = DIRECTION('',(0.,0.,1.));
#5981 = ORIENTED_EDGE('',*,*,#5913,.T.);
#5982 = ORIENTED_EDGE('',*,*,#1879,.T.);
#5983 = PLANE('',#5984);
#5984 = AXIS2_PLACEMENT_3D('',#5985,#5986,#5987);
#5985 = CARTESIAN_POINT('',(-1.5,63.395,27.));
#5986 = DIRECTION('',(1.,0.,-0.));
#5987 = DIRECTION('',(0.,0.,1.));
#5988 = ADVANCED_FACE('',(#5989),#6000,.F.);
#5989 = FACE_BOUND('',#5990,.F.);
#5990 = EDGE_LOOP('',(#5991,#5992,#5998,#5999));
#5991 = ORIENTED_EDGE('',*,*,#5968,.F.);
#5992 = ORIENTED_EDGE('',*,*,#5993,.F.);
#5993 = EDGE_CURVE('',#5945,#5969,#5994,.T.);
#5994 = LINE('',#5995,#5996);
#5995 = CARTESIAN_POINT('',(19.75,64.195,36.));
#5996 = VECTOR('',#5997,1.);
#5997 = DIRECTION('',(-1.,0.,0.));
#5998 = ORIENTED_EDGE('',*,*,#5944,.T.);
#5999 = ORIENTED_EDGE('',*,*,#1887,.T.);
#6000 = PLANE('',#6001);
#6001 = AXIS2_PLACEMENT_3D('',#6002,#6003,#6004);
#6002 = CARTESIAN_POINT('',(-1.5,63.395,36.));
#6003 = DIRECTION('',(0.,0.,1.));
#6004 = DIRECTION('',(1.,0.,-0.));
#6005 = ADVANCED_FACE('',(#6006),#6031,.T.);
#6006 = FACE_BOUND('',#6007,.T.);
#6007 = EDGE_LOOP('',(#6008,#6016,#6024,#6030));
#6008 = ORIENTED_EDGE('',*,*,#6009,.F.);
#6009 = EDGE_CURVE('',#6010,#1906,#6012,.T.);
#6010 = VERTEX_POINT('',#6011);
#6011 = CARTESIAN_POINT('',(-9.,64.195,27.));
#6012 = LINE('',#6013,#6014);
#6013 = CARTESIAN_POINT('',(-9.,63.395,27.));
#6014 = VECTOR('',#6015,1.);
#6015 = DIRECTION('',(-0.,1.,0.));
#6016 = ORIENTED_EDGE('',*,*,#6017,.F.);
#6017 = EDGE_CURVE('',#6018,#6010,#6020,.T.);
#6018 = VERTEX_POINT('',#6019);
#6019 = CARTESIAN_POINT('',(-6.,64.195,27.));
#6020 = LINE('',#6021,#6022);
#6021 = CARTESIAN_POINT('',(16.,64.195,27.));
#6022 = VECTOR('',#6023,1.);
#6023 = DIRECTION('',(-1.,0.,0.));
#6024 = ORIENTED_EDGE('',*,*,#6025,.T.);
#6025 = EDGE_CURVE('',#6018,#1904,#6026,.T.);
#6026 = LINE('',#6027,#6028);
#6027 = CARTESIAN_POINT('',(-6.,63.395,27.));
#6028 = VECTOR('',#6029,1.);
#6029 = DIRECTION('',(-0.,1.,0.));
#6030 = ORIENTED_EDGE('',*,*,#1903,.T.);
#6031 = PLANE('',#6032);
#6032 = AXIS2_PLACEMENT_3D('',#6033,#6034,#6035);
#6033 = CARTESIAN_POINT('',(-9.,63.395,27.));
#6034 = DIRECTION('',(0.,0.,1.));
#6035 = DIRECTION('',(1.,0.,-0.));
#6036 = ADVANCED_FACE('',(#6037),#6055,.F.);
#6037 = FACE_BOUND('',#6038,.F.);
#6038 = EDGE_LOOP('',(#6039,#6047,#6053,#6054));
#6039 = ORIENTED_EDGE('',*,*,#6040,.F.);
#6040 = EDGE_CURVE('',#6041,#1922,#6043,.T.);
#6041 = VERTEX_POINT('',#6042);
#6042 = CARTESIAN_POINT('',(-6.,64.195,36.));
#6043 = LINE('',#6044,#6045);
#6044 = CARTESIAN_POINT('',(-6.,63.395,36.));
#6045 = VECTOR('',#6046,1.);
#6046 = DIRECTION('',(-0.,1.,0.));
#6047 = ORIENTED_EDGE('',*,*,#6048,.F.);
#6048 = EDGE_CURVE('',#6018,#6041,#6049,.T.);
#6049 = LINE('',#6050,#6051);
#6050 = CARTESIAN_POINT('',(-6.,64.195,17.5));
#6051 = VECTOR('',#6052,1.);
#6052 = DIRECTION('',(0.,0.,1.));
#6053 = ORIENTED_EDGE('',*,*,#6025,.T.);
#6054 = ORIENTED_EDGE('',*,*,#1929,.T.);
#6055 = PLANE('',#6056);
#6056 = AXIS2_PLACEMENT_3D('',#6057,#6058,#6059);
#6057 = CARTESIAN_POINT('',(-6.,63.395,27.));
#6058 = DIRECTION('',(1.,0.,-0.));
#6059 = DIRECTION('',(0.,0.,1.));
#6060 = ADVANCED_FACE('',(#6061),#6079,.T.);
#6061 = FACE_BOUND('',#6062,.T.);
#6062 = EDGE_LOOP('',(#6063,#6071,#6077,#6078));
#6063 = ORIENTED_EDGE('',*,*,#6064,.F.);
#6064 = EDGE_CURVE('',#6065,#1914,#6067,.T.);
#6065 = VERTEX_POINT('',#6066);
#6066 = CARTESIAN_POINT('',(-9.,64.195,36.));
#6067 = LINE('',#6068,#6069);
#6068 = CARTESIAN_POINT('',(-9.,63.395,36.));
#6069 = VECTOR('',#6070,1.);
#6070 = DIRECTION('',(-0.,1.,0.));
#6071 = ORIENTED_EDGE('',*,*,#6072,.F.);
#6072 = EDGE_CURVE('',#6010,#6065,#6073,.T.);
#6073 = LINE('',#6074,#6075);
#6074 = CARTESIAN_POINT('',(-9.,64.195,17.5));
#6075 = VECTOR('',#6076,1.);
#6076 = DIRECTION('',(0.,0.,1.));
#6077 = ORIENTED_EDGE('',*,*,#6009,.T.);
#6078 = ORIENTED_EDGE('',*,*,#1913,.T.);
#6079 = PLANE('',#6080);
#6080 = AXIS2_PLACEMENT_3D('',#6081,#6082,#6083);
#6081 = CARTESIAN_POINT('',(-9.,63.395,27.));
#6082 = DIRECTION('',(1.,0.,-0.));
#6083 = DIRECTION('',(0.,0.,1.));
#6084 = ADVANCED_FACE('',(#6085),#6096,.F.);
#6085 = FACE_BOUND('',#6086,.F.);
#6086 = EDGE_LOOP('',(#6087,#6088,#6094,#6095));
#6087 = ORIENTED_EDGE('',*,*,#6064,.F.);
#6088 = ORIENTED_EDGE('',*,*,#6089,.F.);
#6089 = EDGE_CURVE('',#6041,#6065,#6090,.T.);
#6090 = LINE('',#6091,#6092);
#6091 = CARTESIAN_POINT('',(16.,64.195,36.));
#6092 = VECTOR('',#6093,1.);
#6093 = DIRECTION('',(-1.,0.,0.));
#6094 = ORIENTED_EDGE('',*,*,#6040,.T.);
#6095 = ORIENTED_EDGE('',*,*,#1921,.T.);
#6096 = PLANE('',#6097);
#6097 = AXIS2_PLACEMENT_3D('',#6098,#6099,#6100);
#6098 = CARTESIAN_POINT('',(-9.,63.395,36.));
#6099 = DIRECTION('',(0.,0.,1.));
#6100 = DIRECTION('',(1.,0.,-0.));
#6101 = ADVANCED_FACE('',(#6102),#6127,.T.);
#6102 = FACE_BOUND('',#6103,.T.);
#6103 = EDGE_LOOP('',(#6104,#6112,#6120,#6126));
#6104 = ORIENTED_EDGE('',*,*,#6105,.F.);
#6105 = EDGE_CURVE('',#6106,#1940,#6108,.T.);
#6106 = VERTEX_POINT('',#6107);
#6107 = CARTESIAN_POINT('',(-16.5,64.195,27.));
#6108 = LINE('',#6109,#6110);
#6109 = CARTESIAN_POINT('',(-16.5,63.395,27.));
#6110 = VECTOR('',#6111,1.);
#6111 = DIRECTION('',(-0.,1.,0.));
#6112 = ORIENTED_EDGE('',*,*,#6113,.F.);
#6113 = EDGE_CURVE('',#6114,#6106,#6116,.T.);
#6114 = VERTEX_POINT('',#6115);
#6115 = CARTESIAN_POINT('',(-13.5,64.195,27.));
#6116 = LINE('',#6117,#6118);
#6117 = CARTESIAN_POINT('',(12.25,64.195,27.));
#6118 = VECTOR('',#6119,1.);
#6119 = DIRECTION('',(-1.,0.,0.));
#6120 = ORIENTED_EDGE('',*,*,#6121,.T.);
#6121 = EDGE_CURVE('',#6114,#1938,#6122,.T.);
#6122 = LINE('',#6123,#6124);
#6123 = CARTESIAN_POINT('',(-13.5,63.395,27.));
#6124 = VECTOR('',#6125,1.);
#6125 = DIRECTION('',(-0.,1.,0.));
#6126 = ORIENTED_EDGE('',*,*,#1937,.T.);
#6127 = PLANE('',#6128);
#6128 = AXIS2_PLACEMENT_3D('',#6129,#6130,#6131);
#6129 = CARTESIAN_POINT('',(-16.5,63.395,27.));
#6130 = DIRECTION('',(0.,0.,1.));
#6131 = DIRECTION('',(1.,0.,-0.));
#6132 = ADVANCED_FACE('',(#6133),#6151,.F.);
#6133 = FACE_BOUND('',#6134,.F.);
#6134 = EDGE_LOOP('',(#6135,#6143,#6149,#6150));
#6135 = ORIENTED_EDGE('',*,*,#6136,.F.);
#6136 = EDGE_CURVE('',#6137,#1956,#6139,.T.);
#6137 = VERTEX_POINT('',#6138);
#6138 = CARTESIAN_POINT('',(-13.5,64.195,36.));
#6139 = LINE('',#6140,#6141);
#6140 = CARTESIAN_POINT('',(-13.5,63.395,36.));
#6141 = VECTOR('',#6142,1.);
#6142 = DIRECTION('',(-0.,1.,0.));
#6143 = ORIENTED_EDGE('',*,*,#6144,.F.);
#6144 = EDGE_CURVE('',#6114,#6137,#6145,.T.);
#6145 = LINE('',#6146,#6147);
#6146 = CARTESIAN_POINT('',(-13.5,64.195,17.5));
#6147 = VECTOR('',#6148,1.);
#6148 = DIRECTION('',(0.,0.,1.));
#6149 = ORIENTED_EDGE('',*,*,#6121,.T.);
#6150 = ORIENTED_EDGE('',*,*,#1963,.T.);
#6151 = PLANE('',#6152);
#6152 = AXIS2_PLACEMENT_3D('',#6153,#6154,#6155);
#6153 = CARTESIAN_POINT('',(-13.5,63.395,27.));
#6154 = DIRECTION('',(1.,0.,-0.));
#6155 = DIRECTION('',(0.,0.,1.));
#6156 = ADVANCED_FACE('',(#6157),#6175,.T.);
#6157 = FACE_BOUND('',#6158,.T.);
#6158 = EDGE_LOOP('',(#6159,#6167,#6173,#6174));
#6159 = ORIENTED_EDGE('',*,*,#6160,.F.);
#6160 = EDGE_CURVE('',#6161,#1948,#6163,.T.);
#6161 = VERTEX_POINT('',#6162);
#6162 = CARTESIAN_POINT('',(-16.5,64.195,36.));
#6163 = LINE('',#6164,#6165);
#6164 = CARTESIAN_POINT('',(-16.5,63.395,36.));
#6165 = VECTOR('',#6166,1.);
#6166 = DIRECTION('',(-0.,1.,0.));
#6167 = ORIENTED_EDGE('',*,*,#6168,.F.);
#6168 = EDGE_CURVE('',#6106,#6161,#6169,.T.);
#6169 = LINE('',#6170,#6171);
#6170 = CARTESIAN_POINT('',(-16.5,64.195,17.5));
#6171 = VECTOR('',#6172,1.);
#6172 = DIRECTION('',(0.,0.,1.));
#6173 = ORIENTED_EDGE('',*,*,#6105,.T.);
#6174 = ORIENTED_EDGE('',*,*,#1947,.T.);
#6175 = PLANE('',#6176);
#6176 = AXIS2_PLACEMENT_3D('',#6177,#6178,#6179);
#6177 = CARTESIAN_POINT('',(-16.5,63.395,27.));
#6178 = DIRECTION('',(1.,0.,-0.));
#6179 = DIRECTION('',(0.,0.,1.));
#6180 = ADVANCED_FACE('',(#6181),#6192,.F.);
#6181 = FACE_BOUND('',#6182,.F.);
#6182 = EDGE_LOOP('',(#6183,#6184,#6190,#6191));
#6183 = ORIENTED_EDGE('',*,*,#6160,.F.);
#6184 = ORIENTED_EDGE('',*,*,#6185,.F.);
#6185 = EDGE_CURVE('',#6137,#6161,#6186,.T.);
#6186 = LINE('',#6187,#6188);
#6187 = CARTESIAN_POINT('',(12.25,64.195,36.));
#6188 = VECTOR('',#6189,1.);
#6189 = DIRECTION('',(-1.,0.,0.));
#6190 = ORIENTED_EDGE('',*,*,#6136,.T.);
#6191 = ORIENTED_EDGE('',*,*,#1955,.T.);
#6192 = PLANE('',#6193);
#6193 = AXIS2_PLACEMENT_3D('',#6194,#6195,#6196);
#6194 = CARTESIAN_POINT('',(-16.5,63.395,36.));
#6195 = DIRECTION('',(0.,0.,1.));
#6196 = DIRECTION('',(1.,0.,-0.));
#6197 = ADVANCED_FACE('',(#6198),#6223,.T.);
#6198 = FACE_BOUND('',#6199,.T.);
#6199 = EDGE_LOOP('',(#6200,#6208,#6216,#6222));
#6200 = ORIENTED_EDGE('',*,*,#6201,.F.);
#6201 = EDGE_CURVE('',#6202,#1974,#6204,.T.);
#6202 = VERTEX_POINT('',#6203);
#6203 = CARTESIAN_POINT('',(-24.,64.195,27.));
#6204 = LINE('',#6205,#6206);
#6205 = CARTESIAN_POINT('',(-24.,63.395,27.));
#6206 = VECTOR('',#6207,1.);
#6207 = DIRECTION('',(-0.,1.,0.));
#6208 = ORIENTED_EDGE('',*,*,#6209,.F.);
#6209 = EDGE_CURVE('',#6210,#6202,#6212,.T.);
#6210 = VERTEX_POINT('',#6211);
#6211 = CARTESIAN_POINT('',(-21.,64.195,27.));
#6212 = LINE('',#6213,#6214);
#6213 = CARTESIAN_POINT('',(8.5,64.195,27.));
#6214 = VECTOR('',#6215,1.);
#6215 = DIRECTION('',(-1.,0.,0.));
#6216 = ORIENTED_EDGE('',*,*,#6217,.T.);
#6217 = EDGE_CURVE('',#6210,#1972,#6218,.T.);
#6218 = LINE('',#6219,#6220);
#6219 = CARTESIAN_POINT('',(-21.,63.395,27.));
#6220 = VECTOR('',#6221,1.);
#6221 = DIRECTION('',(-0.,1.,0.));
#6222 = ORIENTED_EDGE('',*,*,#1971,.T.);
#6223 = PLANE('',#6224);
#6224 = AXIS2_PLACEMENT_3D('',#6225,#6226,#6227);
#6225 = CARTESIAN_POINT('',(-24.,63.395,27.));
#6226 = DIRECTION('',(0.,0.,1.));
#6227 = DIRECTION('',(1.,0.,-0.));
#6228 = ADVANCED_FACE('',(#6229),#6247,.F.);
#6229 = FACE_BOUND('',#6230,.F.);
#6230 = EDGE_LOOP('',(#6231,#6239,#6245,#6246));
#6231 = ORIENTED_EDGE('',*,*,#6232,.F.);
#6232 = EDGE_CURVE('',#6233,#1990,#6235,.T.);
#6233 = VERTEX_POINT('',#6234);
#6234 = CARTESIAN_POINT('',(-21.,64.195,36.));
#6235 = LINE('',#6236,#6237);
#6236 = CARTESIAN_POINT('',(-21.,63.395,36.));
#6237 = VECTOR('',#6238,1.);
#6238 = DIRECTION('',(-0.,1.,0.));
#6239 = ORIENTED_EDGE('',*,*,#6240,.F.);
#6240 = EDGE_CURVE('',#6210,#6233,#6241,.T.);
#6241 = LINE('',#6242,#6243);
#6242 = CARTESIAN_POINT('',(-21.,64.195,17.5));
#6243 = VECTOR('',#6244,1.);
#6244 = DIRECTION('',(0.,0.,1.));
#6245 = ORIENTED_EDGE('',*,*,#6217,.T.);
#6246 = ORIENTED_EDGE('',*,*,#1997,.T.);
#6247 = PLANE('',#6248);
#6248 = AXIS2_PLACEMENT_3D('',#6249,#6250,#6251);
#6249 = CARTESIAN_POINT('',(-21.,63.395,27.));
#6250 = DIRECTION('',(1.,0.,-0.));
#6251 = DIRECTION('',(0.,0.,1.));
#6252 = ADVANCED_FACE('',(#6253),#6271,.T.);
#6253 = FACE_BOUND('',#6254,.T.);
#6254 = EDGE_LOOP('',(#6255,#6263,#6269,#6270));
#6255 = ORIENTED_EDGE('',*,*,#6256,.F.);
#6256 = EDGE_CURVE('',#6257,#1982,#6259,.T.);
#6257 = VERTEX_POINT('',#6258);
#6258 = CARTESIAN_POINT('',(-24.,64.195,36.));
#6259 = LINE('',#6260,#6261);
#6260 = CARTESIAN_POINT('',(-24.,63.395,36.));
#6261 = VECTOR('',#6262,1.);
#6262 = DIRECTION('',(-0.,1.,0.));
#6263 = ORIENTED_EDGE('',*,*,#6264,.F.);
#6264 = EDGE_CURVE('',#6202,#6257,#6265,.T.);
#6265 = LINE('',#6266,#6267);
#6266 = CARTESIAN_POINT('',(-24.,64.195,17.5));
#6267 = VECTOR('',#6268,1.);
#6268 = DIRECTION('',(0.,0.,1.));
#6269 = ORIENTED_EDGE('',*,*,#6201,.T.);
#6270 = ORIENTED_EDGE('',*,*,#1981,.T.);
#6271 = PLANE('',#6272);
#6272 = AXIS2_PLACEMENT_3D('',#6273,#6274,#6275);
#6273 = CARTESIAN_POINT('',(-24.,63.395,27.));
#6274 = DIRECTION('',(1.,0.,-0.));
#6275 = DIRECTION('',(0.,0.,1.));
#6276 = ADVANCED_FACE('',(#6277),#6288,.F.);
#6277 = FACE_BOUND('',#6278,.F.);
#6278 = EDGE_LOOP('',(#6279,#6280,#6286,#6287));
#6279 = ORIENTED_EDGE('',*,*,#6256,.F.);
#6280 = ORIENTED_EDGE('',*,*,#6281,.F.);
#6281 = EDGE_CURVE('',#6233,#6257,#6282,.T.);
#6282 = LINE('',#6283,#6284);
#6283 = CARTESIAN_POINT('',(8.5,64.195,36.));
#6284 = VECTOR('',#6285,1.);
#6285 = DIRECTION('',(-1.,0.,0.));
#6286 = ORIENTED_EDGE('',*,*,#6232,.T.);
#6287 = ORIENTED_EDGE('',*,*,#1989,.T.);
#6288 = PLANE('',#6289);
#6289 = AXIS2_PLACEMENT_3D('',#6290,#6291,#6292);
#6290 = CARTESIAN_POINT('',(-24.,63.395,36.));
#6291 = DIRECTION('',(0.,0.,1.));
#6292 = DIRECTION('',(1.,0.,-0.));
#6293 = ADVANCED_FACE('',(#6294),#6319,.T.);
#6294 = FACE_BOUND('',#6295,.T.);
#6295 = EDGE_LOOP('',(#6296,#6304,#6312,#6318));
#6296 = ORIENTED_EDGE('',*,*,#6297,.F.);
#6297 = EDGE_CURVE('',#6298,#2008,#6300,.T.);
#6298 = VERTEX_POINT('',#6299);
#6299 = CARTESIAN_POINT('',(-31.5,64.195,27.));
#6300 = LINE('',#6301,#6302);
#6301 = CARTESIAN_POINT('',(-31.5,63.395,27.));
#6302 = VECTOR('',#6303,1.);
#6303 = DIRECTION('',(-0.,1.,0.));
#6304 = ORIENTED_EDGE('',*,*,#6305,.F.);
#6305 = EDGE_CURVE('',#6306,#6298,#6308,.T.);
#6306 = VERTEX_POINT('',#6307);
#6307 = CARTESIAN_POINT('',(-28.5,64.195,27.));
#6308 = LINE('',#6309,#6310);
#6309 = CARTESIAN_POINT('',(4.75,64.195,27.));
#6310 = VECTOR('',#6311,1.);
#6311 = DIRECTION('',(-1.,0.,0.));
#6312 = ORIENTED_EDGE('',*,*,#6313,.T.);
#6313 = EDGE_CURVE('',#6306,#2006,#6314,.T.);
#6314 = LINE('',#6315,#6316);
#6315 = CARTESIAN_POINT('',(-28.5,63.395,27.));
#6316 = VECTOR('',#6317,1.);
#6317 = DIRECTION('',(-0.,1.,0.));
#6318 = ORIENTED_EDGE('',*,*,#2005,.T.);
#6319 = PLANE('',#6320);
#6320 = AXIS2_PLACEMENT_3D('',#6321,#6322,#6323);
#6321 = CARTESIAN_POINT('',(-31.5,63.395,27.));
#6322 = DIRECTION('',(0.,0.,1.));
#6323 = DIRECTION('',(1.,0.,-0.));
#6324 = ADVANCED_FACE('',(#6325),#6343,.F.);
#6325 = FACE_BOUND('',#6326,.F.);
#6326 = EDGE_LOOP('',(#6327,#6335,#6341,#6342));
#6327 = ORIENTED_EDGE('',*,*,#6328,.F.);
#6328 = EDGE_CURVE('',#6329,#2024,#6331,.T.);
#6329 = VERTEX_POINT('',#6330);
#6330 = CARTESIAN_POINT('',(-28.5,64.195,36.));
#6331 = LINE('',#6332,#6333);
#6332 = CARTESIAN_POINT('',(-28.5,63.395,36.));
#6333 = VECTOR('',#6334,1.);
#6334 = DIRECTION('',(-0.,1.,0.));
#6335 = ORIENTED_EDGE('',*,*,#6336,.F.);
#6336 = EDGE_CURVE('',#6306,#6329,#6337,.T.);
#6337 = LINE('',#6338,#6339);
#6338 = CARTESIAN_POINT('',(-28.5,64.195,17.5));
#6339 = VECTOR('',#6340,1.);
#6340 = DIRECTION('',(0.,0.,1.));
#6341 = ORIENTED_EDGE('',*,*,#6313,.T.);
#6342 = ORIENTED_EDGE('',*,*,#2031,.T.);
#6343 = PLANE('',#6344);
#6344 = AXIS2_PLACEMENT_3D('',#6345,#6346,#6347);
#6345 = CARTESIAN_POINT('',(-28.5,63.395,27.));
#6346 = DIRECTION('',(1.,0.,-0.));
#6347 = DIRECTION('',(0.,0.,1.));
#6348 = ADVANCED_FACE('',(#6349),#6367,.T.);
#6349 = FACE_BOUND('',#6350,.T.);
#6350 = EDGE_LOOP('',(#6351,#6359,#6365,#6366));
#6351 = ORIENTED_EDGE('',*,*,#6352,.F.);
#6352 = EDGE_CURVE('',#6353,#2016,#6355,.T.);
#6353 = VERTEX_POINT('',#6354);
#6354 = CARTESIAN_POINT('',(-31.5,64.195,36.));
#6355 = LINE('',#6356,#6357);
#6356 = CARTESIAN_POINT('',(-31.5,63.395,36.));
#6357 = VECTOR('',#6358,1.);
#6358 = DIRECTION('',(-0.,1.,0.));
#6359 = ORIENTED_EDGE('',*,*,#6360,.F.);
#6360 = EDGE_CURVE('',#6298,#6353,#6361,.T.);
#6361 = LINE('',#6362,#6363);
#6362 = CARTESIAN_POINT('',(-31.5,64.195,17.5));
#6363 = VECTOR('',#6364,1.);
#6364 = DIRECTION('',(0.,0.,1.));
#6365 = ORIENTED_EDGE('',*,*,#6297,.T.);
#6366 = ORIENTED_EDGE('',*,*,#2015,.T.);
#6367 = PLANE('',#6368);
#6368 = AXIS2_PLACEMENT_3D('',#6369,#6370,#6371);
#6369 = CARTESIAN_POINT('',(-31.5,63.395,27.));
#6370 = DIRECTION('',(1.,0.,-0.));
#6371 = DIRECTION('',(0.,0.,1.));
#6372 = ADVANCED_FACE('',(#6373),#6384,.F.);
#6373 = FACE_BOUND('',#6374,.F.);
#6374 = EDGE_LOOP('',(#6375,#6376,#6382,#6383));
#6375 = ORIENTED_EDGE('',*,*,#6352,.F.);
#6376 = ORIENTED_EDGE('',*,*,#6377,.F.);
#6377 = EDGE_CURVE('',#6329,#6353,#6378,.T.);
#6378 = LINE('',#6379,#6380);
#6379 = CARTESIAN_POINT('',(4.75,64.195,36.));
#6380 = VECTOR('',#6381,1.);
#6381 = DIRECTION('',(-1.,0.,0.));
#6382 = ORIENTED_EDGE('',*,*,#6328,.T.);
#6383 = ORIENTED_EDGE('',*,*,#2023,.T.);
#6384 = PLANE('',#6385);
#6385 = AXIS2_PLACEMENT_3D('',#6386,#6387,#6388);
#6386 = CARTESIAN_POINT('',(-31.5,63.395,36.));
#6387 = DIRECTION('',(0.,0.,1.));
#6388 = DIRECTION('',(1.,0.,-0.));
#6389 = ADVANCED_FACE('',(#6390),#6415,.T.);
#6390 = FACE_BOUND('',#6391,.T.);
#6391 = EDGE_LOOP('',(#6392,#6400,#6408,#6414));
#6392 = ORIENTED_EDGE('',*,*,#6393,.F.);
#6393 = EDGE_CURVE('',#6394,#2042,#6396,.T.);
#6394 = VERTEX_POINT('',#6395);
#6395 = CARTESIAN_POINT('',(28.5,64.195,16.));
#6396 = LINE('',#6397,#6398);
#6397 = CARTESIAN_POINT('',(28.5,63.395,16.));
#6398 = VECTOR('',#6399,1.);
#6399 = DIRECTION('',(-0.,1.,0.));
#6400 = ORIENTED_EDGE('',*,*,#6401,.F.);
#6401 = EDGE_CURVE('',#6402,#6394,#6404,.T.);
#6402 = VERTEX_POINT('',#6403);
#6403 = CARTESIAN_POINT('',(31.5,64.195,16.));
#6404 = LINE('',#6405,#6406);
#6405 = CARTESIAN_POINT('',(34.75,64.195,16.));
#6406 = VECTOR('',#6407,1.);
#6407 = DIRECTION('',(-1.,0.,0.));
#6408 = ORIENTED_EDGE('',*,*,#6409,.T.);
#6409 = EDGE_CURVE('',#6402,#2040,#6410,.T.);
#6410 = LINE('',#6411,#6412);
#6411 = CARTESIAN_POINT('',(31.5,63.395,16.));
#6412 = VECTOR('',#6413,1.);
#6413 = DIRECTION('',(-0.,1.,0.));
#6414 = ORIENTED_EDGE('',*,*,#2039,.T.);
#6415 = PLANE('',#6416);
#6416 = AXIS2_PLACEMENT_3D('',#6417,#6418,#6419);
#6417 = CARTESIAN_POINT('',(28.5,63.395,16.));
#6418 = DIRECTION('',(0.,0.,1.));
#6419 = DIRECTION('',(1.,0.,-0.));
#6420 = ADVANCED_FACE('',(#6421),#6439,.F.);
#6421 = FACE_BOUND('',#6422,.F.);
#6422 = EDGE_LOOP('',(#6423,#6431,#6437,#6438));
#6423 = ORIENTED_EDGE('',*,*,#6424,.F.);
#6424 = EDGE_CURVE('',#6425,#2058,#6427,.T.);
#6425 = VERTEX_POINT('',#6426);
#6426 = CARTESIAN_POINT('',(31.5,64.195,25.));
#6427 = LINE('',#6428,#6429);
#6428 = CARTESIAN_POINT('',(31.5,63.395,25.));
#6429 = VECTOR('',#6430,1.);
#6430 = DIRECTION('',(-0.,1.,0.));
#6431 = ORIENTED_EDGE('',*,*,#6432,.F.);
#6432 = EDGE_CURVE('',#6402,#6425,#6433,.T.);
#6433 = LINE('',#6434,#6435);
#6434 = CARTESIAN_POINT('',(31.5,64.195,12.));
#6435 = VECTOR('',#6436,1.);
#6436 = DIRECTION('',(0.,0.,1.));
#6437 = ORIENTED_EDGE('',*,*,#6409,.T.);
#6438 = ORIENTED_EDGE('',*,*,#2065,.T.);
#6439 = PLANE('',#6440);
#6440 = AXIS2_PLACEMENT_3D('',#6441,#6442,#6443);
#6441 = CARTESIAN_POINT('',(31.5,63.395,16.));
#6442 = DIRECTION('',(1.,0.,-0.));
#6443 = DIRECTION('',(0.,0.,1.));
#6444 = ADVANCED_FACE('',(#6445),#6463,.T.);
#6445 = FACE_BOUND('',#6446,.T.);
#6446 = EDGE_LOOP('',(#6447,#6455,#6461,#6462));
#6447 = ORIENTED_EDGE('',*,*,#6448,.F.);
#6448 = EDGE_CURVE('',#6449,#2050,#6451,.T.);
#6449 = VERTEX_POINT('',#6450);
#6450 = CARTESIAN_POINT('',(28.5,64.195,25.));
#6451 = LINE('',#6452,#6453);
#6452 = CARTESIAN_POINT('',(28.5,63.395,25.));
#6453 = VECTOR('',#6454,1.);
#6454 = DIRECTION('',(-0.,1.,0.));
#6455 = ORIENTED_EDGE('',*,*,#6456,.F.);
#6456 = EDGE_CURVE('',#6394,#6449,#6457,.T.);
#6457 = LINE('',#6458,#6459);
#6458 = CARTESIAN_POINT('',(28.5,64.195,12.));
#6459 = VECTOR('',#6460,1.);
#6460 = DIRECTION('',(0.,0.,1.));
#6461 = ORIENTED_EDGE('',*,*,#6393,.T.);
#6462 = ORIENTED_EDGE('',*,*,#2049,.T.);
#6463 = PLANE('',#6464);
#6464 = AXIS2_PLACEMENT_3D('',#6465,#6466,#6467);
#6465 = CARTESIAN_POINT('',(28.5,63.395,16.));
#6466 = DIRECTION('',(1.,0.,-0.));
#6467 = DIRECTION('',(0.,0.,1.));
#6468 = ADVANCED_FACE('',(#6469),#6480,.F.);
#6469 = FACE_BOUND('',#6470,.F.);
#6470 = EDGE_LOOP('',(#6471,#6472,#6478,#6479));
#6471 = ORIENTED_EDGE('',*,*,#6448,.F.);
#6472 = ORIENTED_EDGE('',*,*,#6473,.F.);
#6473 = EDGE_CURVE('',#6425,#6449,#6474,.T.);
#6474 = LINE('',#6475,#6476);
#6475 = CARTESIAN_POINT('',(34.75,64.195,25.));
#6476 = VECTOR('',#6477,1.);
#6477 = DIRECTION('',(-1.,0.,0.));
#6478 = ORIENTED_EDGE('',*,*,#6424,.T.);
#6479 = ORIENTED_EDGE('',*,*,#2057,.T.);
#6480 = PLANE('',#6481);
#6481 = AXIS2_PLACEMENT_3D('',#6482,#6483,#6484);
#6482 = CARTESIAN_POINT('',(28.5,63.395,25.));
#6483 = DIRECTION('',(0.,0.,1.));
#6484 = DIRECTION('',(1.,0.,-0.));
#6485 = ADVANCED_FACE('',(#6486),#6511,.T.);
#6486 = FACE_BOUND('',#6487,.T.);
#6487 = EDGE_LOOP('',(#6488,#6496,#6504,#6510));
#6488 = ORIENTED_EDGE('',*,*,#6489,.F.);
#6489 = EDGE_CURVE('',#6490,#2076,#6492,.T.);
#6490 = VERTEX_POINT('',#6491);
#6491 = CARTESIAN_POINT('',(21.,64.195,16.));
#6492 = LINE('',#6493,#6494);
#6493 = CARTESIAN_POINT('',(21.,63.395,16.));
#6494 = VECTOR('',#6495,1.);
#6495 = DIRECTION('',(-0.,1.,0.));
#6496 = ORIENTED_EDGE('',*,*,#6497,.F.);
#6497 = EDGE_CURVE('',#6498,#6490,#6500,.T.);
#6498 = VERTEX_POINT('',#6499);
#6499 = CARTESIAN_POINT('',(24.,64.195,16.));
#6500 = LINE('',#6501,#6502);
#6501 = CARTESIAN_POINT('',(31.,64.195,16.));
#6502 = VECTOR('',#6503,1.);
#6503 = DIRECTION('',(-1.,0.,0.));
#6504 = ORIENTED_EDGE('',*,*,#6505,.T.);
#6505 = EDGE_CURVE('',#6498,#2074,#6506,.T.);
#6506 = LINE('',#6507,#6508);
#6507 = CARTESIAN_POINT('',(24.,63.395,16.));
#6508 = VECTOR('',#6509,1.);
#6509 = DIRECTION('',(-0.,1.,0.));
#6510 = ORIENTED_EDGE('',*,*,#2073,.T.);
#6511 = PLANE('',#6512);
#6512 = AXIS2_PLACEMENT_3D('',#6513,#6514,#6515);
#6513 = CARTESIAN_POINT('',(21.,63.395,16.));
#6514 = DIRECTION('',(0.,0.,1.));
#6515 = DIRECTION('',(1.,0.,-0.));
#6516 = ADVANCED_FACE('',(#6517),#6535,.F.);
#6517 = FACE_BOUND('',#6518,.F.);
#6518 = EDGE_LOOP('',(#6519,#6527,#6533,#6534));
#6519 = ORIENTED_EDGE('',*,*,#6520,.F.);
#6520 = EDGE_CURVE('',#6521,#2092,#6523,.T.);
#6521 = VERTEX_POINT('',#6522);
#6522 = CARTESIAN_POINT('',(24.,64.195,25.));
#6523 = LINE('',#6524,#6525);
#6524 = CARTESIAN_POINT('',(24.,63.395,25.));
#6525 = VECTOR('',#6526,1.);
#6526 = DIRECTION('',(-0.,1.,0.));
#6527 = ORIENTED_EDGE('',*,*,#6528,.F.);
#6528 = EDGE_CURVE('',#6498,#6521,#6529,.T.);
#6529 = LINE('',#6530,#6531);
#6530 = CARTESIAN_POINT('',(24.,64.195,12.));
#6531 = VECTOR('',#6532,1.);
#6532 = DIRECTION('',(0.,0.,1.));
#6533 = ORIENTED_EDGE('',*,*,#6505,.T.);
#6534 = ORIENTED_EDGE('',*,*,#2099,.T.);
#6535 = PLANE('',#6536);
#6536 = AXIS2_PLACEMENT_3D('',#6537,#6538,#6539);
#6537 = CARTESIAN_POINT('',(24.,63.395,16.));
#6538 = DIRECTION('',(1.,0.,-0.));
#6539 = DIRECTION('',(0.,0.,1.));
#6540 = ADVANCED_FACE('',(#6541),#6559,.T.);
#6541 = FACE_BOUND('',#6542,.T.);
#6542 = EDGE_LOOP('',(#6543,#6551,#6557,#6558));
#6543 = ORIENTED_EDGE('',*,*,#6544,.F.);
#6544 = EDGE_CURVE('',#6545,#2084,#6547,.T.);
#6545 = VERTEX_POINT('',#6546);
#6546 = CARTESIAN_POINT('',(21.,64.195,25.));
#6547 = LINE('',#6548,#6549);
#6548 = CARTESIAN_POINT('',(21.,63.395,25.));
#6549 = VECTOR('',#6550,1.);
#6550 = DIRECTION('',(-0.,1.,0.));
#6551 = ORIENTED_EDGE('',*,*,#6552,.F.);
#6552 = EDGE_CURVE('',#6490,#6545,#6553,.T.);
#6553 = LINE('',#6554,#6555);
#6554 = CARTESIAN_POINT('',(21.,64.195,12.));
#6555 = VECTOR('',#6556,1.);
#6556 = DIRECTION('',(0.,0.,1.));
#6557 = ORIENTED_EDGE('',*,*,#6489,.T.);
#6558 = ORIENTED_EDGE('',*,*,#2083,.T.);
#6559 = PLANE('',#6560);
#6560 = AXIS2_PLACEMENT_3D('',#6561,#6562,#6563);
#6561 = CARTESIAN_POINT('',(21.,63.395,16.));
#6562 = DIRECTION('',(1.,0.,-0.));
#6563 = DIRECTION('',(0.,0.,1.));
#6564 = ADVANCED_FACE('',(#6565),#6576,.F.);
#6565 = FACE_BOUND('',#6566,.F.);
#6566 = EDGE_LOOP('',(#6567,#6568,#6574,#6575));
#6567 = ORIENTED_EDGE('',*,*,#6544,.F.);
#6568 = ORIENTED_EDGE('',*,*,#6569,.F.);
#6569 = EDGE_CURVE('',#6521,#6545,#6570,.T.);
#6570 = LINE('',#6571,#6572);
#6571 = CARTESIAN_POINT('',(31.,64.195,25.));
#6572 = VECTOR('',#6573,1.);
#6573 = DIRECTION('',(-1.,0.,0.));
#6574 = ORIENTED_EDGE('',*,*,#6520,.T.);
#6575 = ORIENTED_EDGE('',*,*,#2091,.T.);
#6576 = PLANE('',#6577);
#6577 = AXIS2_PLACEMENT_3D('',#6578,#6579,#6580);
#6578 = CARTESIAN_POINT('',(21.,63.395,25.));
#6579 = DIRECTION('',(0.,0.,1.));
#6580 = DIRECTION('',(1.,0.,-0.));
#6581 = ADVANCED_FACE('',(#6582),#6607,.T.);
#6582 = FACE_BOUND('',#6583,.T.);
#6583 = EDGE_LOOP('',(#6584,#6592,#6600,#6606));
#6584 = ORIENTED_EDGE('',*,*,#6585,.F.);
#6585 = EDGE_CURVE('',#6586,#2110,#6588,.T.);
#6586 = VERTEX_POINT('',#6587);
#6587 = CARTESIAN_POINT('',(13.5,64.195,16.));
#6588 = LINE('',#6589,#6590);
#6589 = CARTESIAN_POINT('',(13.5,63.395,16.));
#6590 = VECTOR('',#6591,1.);
#6591 = DIRECTION('',(-0.,1.,0.));
#6592 = ORIENTED_EDGE('',*,*,#6593,.F.);
#6593 = EDGE_CURVE('',#6594,#6586,#6596,.T.);
#6594 = VERTEX_POINT('',#6595);
#6595 = CARTESIAN_POINT('',(16.5,64.195,16.));
#6596 = LINE('',#6597,#6598);
#6597 = CARTESIAN_POINT('',(27.25,64.195,16.));
#6598 = VECTOR('',#6599,1.);
#6599 = DIRECTION('',(-1.,0.,0.));
#6600 = ORIENTED_EDGE('',*,*,#6601,.T.);
#6601 = EDGE_CURVE('',#6594,#2108,#6602,.T.);
#6602 = LINE('',#6603,#6604);
#6603 = CARTESIAN_POINT('',(16.5,63.395,16.));
#6604 = VECTOR('',#6605,1.);
#6605 = DIRECTION('',(-0.,1.,0.));
#6606 = ORIENTED_EDGE('',*,*,#2107,.T.);
#6607 = PLANE('',#6608);
#6608 = AXIS2_PLACEMENT_3D('',#6609,#6610,#6611);
#6609 = CARTESIAN_POINT('',(13.5,63.395,16.));
#6610 = DIRECTION('',(0.,0.,1.));
#6611 = DIRECTION('',(1.,0.,-0.));
#6612 = ADVANCED_FACE('',(#6613),#6631,.F.);
#6613 = FACE_BOUND('',#6614,.F.);
#6614 = EDGE_LOOP('',(#6615,#6623,#6629,#6630));
#6615 = ORIENTED_EDGE('',*,*,#6616,.F.);
#6616 = EDGE_CURVE('',#6617,#2126,#6619,.T.);
#6617 = VERTEX_POINT('',#6618);
#6618 = CARTESIAN_POINT('',(16.5,64.195,25.));
#6619 = LINE('',#6620,#6621);
#6620 = CARTESIAN_POINT('',(16.5,63.395,25.));
#6621 = VECTOR('',#6622,1.);
#6622 = DIRECTION('',(-0.,1.,0.));
#6623 = ORIENTED_EDGE('',*,*,#6624,.F.);
#6624 = EDGE_CURVE('',#6594,#6617,#6625,.T.);
#6625 = LINE('',#6626,#6627);
#6626 = CARTESIAN_POINT('',(16.5,64.195,12.));
#6627 = VECTOR('',#6628,1.);
#6628 = DIRECTION('',(0.,0.,1.));
#6629 = ORIENTED_EDGE('',*,*,#6601,.T.);
#6630 = ORIENTED_EDGE('',*,*,#2133,.T.);
#6631 = PLANE('',#6632);
#6632 = AXIS2_PLACEMENT_3D('',#6633,#6634,#6635);
#6633 = CARTESIAN_POINT('',(16.5,63.395,16.));
#6634 = DIRECTION('',(1.,0.,-0.));
#6635 = DIRECTION('',(0.,0.,1.));
#6636 = ADVANCED_FACE('',(#6637),#6655,.T.);
#6637 = FACE_BOUND('',#6638,.T.);
#6638 = EDGE_LOOP('',(#6639,#6647,#6653,#6654));
#6639 = ORIENTED_EDGE('',*,*,#6640,.F.);
#6640 = EDGE_CURVE('',#6641,#2118,#6643,.T.);
#6641 = VERTEX_POINT('',#6642);
#6642 = CARTESIAN_POINT('',(13.5,64.195,25.));
#6643 = LINE('',#6644,#6645);
#6644 = CARTESIAN_POINT('',(13.5,63.395,25.));
#6645 = VECTOR('',#6646,1.);
#6646 = DIRECTION('',(-0.,1.,0.));
#6647 = ORIENTED_EDGE('',*,*,#6648,.F.);
#6648 = EDGE_CURVE('',#6586,#6641,#6649,.T.);
#6649 = LINE('',#6650,#6651);
#6650 = CARTESIAN_POINT('',(13.5,64.195,12.));
#6651 = VECTOR('',#6652,1.);
#6652 = DIRECTION('',(0.,0.,1.));
#6653 = ORIENTED_EDGE('',*,*,#6585,.T.);
#6654 = ORIENTED_EDGE('',*,*,#2117,.T.);
#6655 = PLANE('',#6656);
#6656 = AXIS2_PLACEMENT_3D('',#6657,#6658,#6659);
#6657 = CARTESIAN_POINT('',(13.5,63.395,16.));
#6658 = DIRECTION('',(1.,0.,-0.));
#6659 = DIRECTION('',(0.,0.,1.));
#6660 = ADVANCED_FACE('',(#6661),#6672,.F.);
#6661 = FACE_BOUND('',#6662,.F.);
#6662 = EDGE_LOOP('',(#6663,#6664,#6670,#6671));
#6663 = ORIENTED_EDGE('',*,*,#6640,.F.);
#6664 = ORIENTED_EDGE('',*,*,#6665,.F.);
#6665 = EDGE_CURVE('',#6617,#6641,#6666,.T.);
#6666 = LINE('',#6667,#6668);
#6667 = CARTESIAN_POINT('',(27.25,64.195,25.));
#6668 = VECTOR('',#6669,1.);
#6669 = DIRECTION('',(-1.,0.,0.));
#6670 = ORIENTED_EDGE('',*,*,#6616,.T.);
#6671 = ORIENTED_EDGE('',*,*,#2125,.T.);
#6672 = PLANE('',#6673);
#6673 = AXIS2_PLACEMENT_3D('',#6674,#6675,#6676);
#6674 = CARTESIAN_POINT('',(13.5,63.395,25.));
#6675 = DIRECTION('',(0.,0.,1.));
#6676 = DIRECTION('',(1.,0.,-0.));
#6677 = ADVANCED_FACE('',(#6678),#6703,.T.);
#6678 = FACE_BOUND('',#6679,.T.);
#6679 = EDGE_LOOP('',(#6680,#6688,#6696,#6702));
#6680 = ORIENTED_EDGE('',*,*,#6681,.F.);
#6681 = EDGE_CURVE('',#6682,#2144,#6684,.T.);
#6682 = VERTEX_POINT('',#6683);
#6683 = CARTESIAN_POINT('',(6.,64.195,16.));
#6684 = LINE('',#6685,#6686);
#6685 = CARTESIAN_POINT('',(6.,63.395,16.));
#6686 = VECTOR('',#6687,1.);
#6687 = DIRECTION('',(-0.,1.,0.));
#6688 = ORIENTED_EDGE('',*,*,#6689,.F.);
#6689 = EDGE_CURVE('',#6690,#6682,#6692,.T.);
#6690 = VERTEX_POINT('',#6691);
#6691 = CARTESIAN_POINT('',(9.,64.195,16.));
#6692 = LINE('',#6693,#6694);
#6693 = CARTESIAN_POINT('',(23.5,64.195,16.));
#6694 = VECTOR('',#6695,1.);
#6695 = DIRECTION('',(-1.,0.,0.));
#6696 = ORIENTED_EDGE('',*,*,#6697,.T.);
#6697 = EDGE_CURVE('',#6690,#2142,#6698,.T.);
#6698 = LINE('',#6699,#6700);
#6699 = CARTESIAN_POINT('',(9.,63.395,16.));
#6700 = VECTOR('',#6701,1.);
#6701 = DIRECTION('',(-0.,1.,0.));
#6702 = ORIENTED_EDGE('',*,*,#2141,.T.);
#6703 = PLANE('',#6704);
#6704 = AXIS2_PLACEMENT_3D('',#6705,#6706,#6707);
#6705 = CARTESIAN_POINT('',(6.,63.395,16.));
#6706 = DIRECTION('',(0.,0.,1.));
#6707 = DIRECTION('',(1.,0.,-0.));
#6708 = ADVANCED_FACE('',(#6709),#6727,.F.);
#6709 = FACE_BOUND('',#6710,.F.);
#6710 = EDGE_LOOP('',(#6711,#6719,#6725,#6726));
#6711 = ORIENTED_EDGE('',*,*,#6712,.F.);
#6712 = EDGE_CURVE('',#6713,#2160,#6715,.T.);
#6713 = VERTEX_POINT('',#6714);
#6714 = CARTESIAN_POINT('',(9.,64.195,25.));
#6715 = LINE('',#6716,#6717);
#6716 = CARTESIAN_POINT('',(9.,63.395,25.));
#6717 = VECTOR('',#6718,1.);
#6718 = DIRECTION('',(-0.,1.,0.));
#6719 = ORIENTED_EDGE('',*,*,#6720,.F.);
#6720 = EDGE_CURVE('',#6690,#6713,#6721,.T.);
#6721 = LINE('',#6722,#6723);
#6722 = CARTESIAN_POINT('',(9.,64.195,12.));
#6723 = VECTOR('',#6724,1.);
#6724 = DIRECTION('',(0.,0.,1.));
#6725 = ORIENTED_EDGE('',*,*,#6697,.T.);
#6726 = ORIENTED_EDGE('',*,*,#2167,.T.);
#6727 = PLANE('',#6728);
#6728 = AXIS2_PLACEMENT_3D('',#6729,#6730,#6731);
#6729 = CARTESIAN_POINT('',(9.,63.395,16.));
#6730 = DIRECTION('',(1.,0.,-0.));
#6731 = DIRECTION('',(0.,0.,1.));
#6732 = ADVANCED_FACE('',(#6733),#6751,.T.);
#6733 = FACE_BOUND('',#6734,.T.);
#6734 = EDGE_LOOP('',(#6735,#6743,#6749,#6750));
#6735 = ORIENTED_EDGE('',*,*,#6736,.F.);
#6736 = EDGE_CURVE('',#6737,#2152,#6739,.T.);
#6737 = VERTEX_POINT('',#6738);
#6738 = CARTESIAN_POINT('',(6.,64.195,25.));
#6739 = LINE('',#6740,#6741);
#6740 = CARTESIAN_POINT('',(6.,63.395,25.));
#6741 = VECTOR('',#6742,1.);
#6742 = DIRECTION('',(-0.,1.,0.));
#6743 = ORIENTED_EDGE('',*,*,#6744,.F.);
#6744 = EDGE_CURVE('',#6682,#6737,#6745,.T.);
#6745 = LINE('',#6746,#6747);
#6746 = CARTESIAN_POINT('',(6.,64.195,12.));
#6747 = VECTOR('',#6748,1.);
#6748 = DIRECTION('',(0.,0.,1.));
#6749 = ORIENTED_EDGE('',*,*,#6681,.T.);
#6750 = ORIENTED_EDGE('',*,*,#2151,.T.);
#6751 = PLANE('',#6752);
#6752 = AXIS2_PLACEMENT_3D('',#6753,#6754,#6755);
#6753 = CARTESIAN_POINT('',(6.,63.395,16.));
#6754 = DIRECTION('',(1.,0.,-0.));
#6755 = DIRECTION('',(0.,0.,1.));
#6756 = ADVANCED_FACE('',(#6757),#6768,.F.);
#6757 = FACE_BOUND('',#6758,.F.);
#6758 = EDGE_LOOP('',(#6759,#6760,#6766,#6767));
#6759 = ORIENTED_EDGE('',*,*,#6736,.F.);
#6760 = ORIENTED_EDGE('',*,*,#6761,.F.);
#6761 = EDGE_CURVE('',#6713,#6737,#6762,.T.);
#6762 = LINE('',#6763,#6764);
#6763 = CARTESIAN_POINT('',(23.5,64.195,25.));
#6764 = VECTOR('',#6765,1.);
#6765 = DIRECTION('',(-1.,0.,0.));
#6766 = ORIENTED_EDGE('',*,*,#6712,.T.);
#6767 = ORIENTED_EDGE('',*,*,#2159,.T.);
#6768 = PLANE('',#6769);
#6769 = AXIS2_PLACEMENT_3D('',#6770,#6771,#6772);
#6770 = CARTESIAN_POINT('',(6.,63.395,25.));
#6771 = DIRECTION('',(0.,0.,1.));
#6772 = DIRECTION('',(1.,0.,-0.));
#6773 = ADVANCED_FACE('',(#6774),#6799,.T.);
#6774 = FACE_BOUND('',#6775,.T.);
#6775 = EDGE_LOOP('',(#6776,#6784,#6792,#6798));
#6776 = ORIENTED_EDGE('',*,*,#6777,.F.);
#6777 = EDGE_CURVE('',#6778,#2178,#6780,.T.);
#6778 = VERTEX_POINT('',#6779);
#6779 = CARTESIAN_POINT('',(-1.5,64.195,16.));
#6780 = LINE('',#6781,#6782);
#6781 = CARTESIAN_POINT('',(-1.5,63.395,16.));
#6782 = VECTOR('',#6783,1.);
#6783 = DIRECTION('',(-0.,1.,0.));
#6784 = ORIENTED_EDGE('',*,*,#6785,.F.);
#6785 = EDGE_CURVE('',#6786,#6778,#6788,.T.);
#6786 = VERTEX_POINT('',#6787);
#6787 = CARTESIAN_POINT('',(1.5,64.195,16.));
#6788 = LINE('',#6789,#6790);
#6789 = CARTESIAN_POINT('',(19.75,64.195,16.));
#6790 = VECTOR('',#6791,1.);
#6791 = DIRECTION('',(-1.,0.,0.));
#6792 = ORIENTED_EDGE('',*,*,#6793,.T.);
#6793 = EDGE_CURVE('',#6786,#2176,#6794,.T.);
#6794 = LINE('',#6795,#6796);
#6795 = CARTESIAN_POINT('',(1.5,63.395,16.));
#6796 = VECTOR('',#6797,1.);
#6797 = DIRECTION('',(-0.,1.,0.));
#6798 = ORIENTED_EDGE('',*,*,#2175,.T.);
#6799 = PLANE('',#6800);
#6800 = AXIS2_PLACEMENT_3D('',#6801,#6802,#6803);
#6801 = CARTESIAN_POINT('',(-1.5,63.395,16.));
#6802 = DIRECTION('',(0.,0.,1.));
#6803 = DIRECTION('',(1.,0.,-0.));
#6804 = ADVANCED_FACE('',(#6805),#6823,.F.);
#6805 = FACE_BOUND('',#6806,.F.);
#6806 = EDGE_LOOP('',(#6807,#6815,#6821,#6822));
#6807 = ORIENTED_EDGE('',*,*,#6808,.F.);
#6808 = EDGE_CURVE('',#6809,#2194,#6811,.T.);
#6809 = VERTEX_POINT('',#6810);
#6810 = CARTESIAN_POINT('',(1.5,64.195,25.));
#6811 = LINE('',#6812,#6813);
#6812 = CARTESIAN_POINT('',(1.5,63.395,25.));
#6813 = VECTOR('',#6814,1.);
#6814 = DIRECTION('',(-0.,1.,0.));
#6815 = ORIENTED_EDGE('',*,*,#6816,.F.);
#6816 = EDGE_CURVE('',#6786,#6809,#6817,.T.);
#6817 = LINE('',#6818,#6819);
#6818 = CARTESIAN_POINT('',(1.5,64.195,12.));
#6819 = VECTOR('',#6820,1.);
#6820 = DIRECTION('',(0.,0.,1.));
#6821 = ORIENTED_EDGE('',*,*,#6793,.T.);
#6822 = ORIENTED_EDGE('',*,*,#2201,.T.);
#6823 = PLANE('',#6824);
#6824 = AXIS2_PLACEMENT_3D('',#6825,#6826,#6827);
#6825 = CARTESIAN_POINT('',(1.5,63.395,16.));
#6826 = DIRECTION('',(1.,0.,-0.));
#6827 = DIRECTION('',(0.,0.,1.));
#6828 = ADVANCED_FACE('',(#6829),#6847,.T.);
#6829 = FACE_BOUND('',#6830,.T.);
#6830 = EDGE_LOOP('',(#6831,#6839,#6845,#6846));
#6831 = ORIENTED_EDGE('',*,*,#6832,.F.);
#6832 = EDGE_CURVE('',#6833,#2186,#6835,.T.);
#6833 = VERTEX_POINT('',#6834);
#6834 = CARTESIAN_POINT('',(-1.5,64.195,25.));
#6835 = LINE('',#6836,#6837);
#6836 = CARTESIAN_POINT('',(-1.5,63.395,25.));
#6837 = VECTOR('',#6838,1.);
#6838 = DIRECTION('',(-0.,1.,0.));
#6839 = ORIENTED_EDGE('',*,*,#6840,.F.);
#6840 = EDGE_CURVE('',#6778,#6833,#6841,.T.);
#6841 = LINE('',#6842,#6843);
#6842 = CARTESIAN_POINT('',(-1.5,64.195,12.));
#6843 = VECTOR('',#6844,1.);
#6844 = DIRECTION('',(0.,0.,1.));
#6845 = ORIENTED_EDGE('',*,*,#6777,.T.);
#6846 = ORIENTED_EDGE('',*,*,#2185,.T.);
#6847 = PLANE('',#6848);
#6848 = AXIS2_PLACEMENT_3D('',#6849,#6850,#6851);
#6849 = CARTESIAN_POINT('',(-1.5,63.395,16.));
#6850 = DIRECTION('',(1.,0.,-0.));
#6851 = DIRECTION('',(0.,0.,1.));
#6852 = ADVANCED_FACE('',(#6853),#6864,.F.);
#6853 = FACE_BOUND('',#6854,.F.);
#6854 = EDGE_LOOP('',(#6855,#6856,#6862,#6863));
#6855 = ORIENTED_EDGE('',*,*,#6832,.F.);
#6856 = ORIENTED_EDGE('',*,*,#6857,.F.);
#6857 = EDGE_CURVE('',#6809,#6833,#6858,.T.);
#6858 = LINE('',#6859,#6860);
#6859 = CARTESIAN_POINT('',(19.75,64.195,25.));
#6860 = VECTOR('',#6861,1.);
#6861 = DIRECTION('',(-1.,0.,0.));
#6862 = ORIENTED_EDGE('',*,*,#6808,.T.);
#6863 = ORIENTED_EDGE('',*,*,#2193,.T.);
#6864 = PLANE('',#6865);
#6865 = AXIS2_PLACEMENT_3D('',#6866,#6867,#6868);
#6866 = CARTESIAN_POINT('',(-1.5,63.395,25.));
#6867 = DIRECTION('',(0.,0.,1.));
#6868 = DIRECTION('',(1.,0.,-0.));
#6869 = ADVANCED_FACE('',(#6870),#6895,.T.);
#6870 = FACE_BOUND('',#6871,.T.);
#6871 = EDGE_LOOP('',(#6872,#6880,#6888,#6894));
#6872 = ORIENTED_EDGE('',*,*,#6873,.F.);
#6873 = EDGE_CURVE('',#6874,#2212,#6876,.T.);
#6874 = VERTEX_POINT('',#6875);
#6875 = CARTESIAN_POINT('',(-9.,64.195,16.));
#6876 = LINE('',#6877,#6878);
#6877 = CARTESIAN_POINT('',(-9.,63.395,16.));
#6878 = VECTOR('',#6879,1.);
#6879 = DIRECTION('',(-0.,1.,0.));
#6880 = ORIENTED_EDGE('',*,*,#6881,.F.);
#6881 = EDGE_CURVE('',#6882,#6874,#6884,.T.);
#6882 = VERTEX_POINT('',#6883);
#6883 = CARTESIAN_POINT('',(-6.,64.195,16.));
#6884 = LINE('',#6885,#6886);
#6885 = CARTESIAN_POINT('',(16.,64.195,16.));
#6886 = VECTOR('',#6887,1.);
#6887 = DIRECTION('',(-1.,0.,0.));
#6888 = ORIENTED_EDGE('',*,*,#6889,.T.);
#6889 = EDGE_CURVE('',#6882,#2210,#6890,.T.);
#6890 = LINE('',#6891,#6892);
#6891 = CARTESIAN_POINT('',(-6.,63.395,16.));
#6892 = VECTOR('',#6893,1.);
#6893 = DIRECTION('',(-0.,1.,0.));
#6894 = ORIENTED_EDGE('',*,*,#2209,.T.);
#6895 = PLANE('',#6896);
#6896 = AXIS2_PLACEMENT_3D('',#6897,#6898,#6899);
#6897 = CARTESIAN_POINT('',(-9.,63.395,16.));
#6898 = DIRECTION('',(0.,0.,1.));
#6899 = DIRECTION('',(1.,0.,-0.));
#6900 = ADVANCED_FACE('',(#6901),#6919,.F.);
#6901 = FACE_BOUND('',#6902,.F.);
#6902 = EDGE_LOOP('',(#6903,#6911,#6917,#6918));
#6903 = ORIENTED_EDGE('',*,*,#6904,.F.);
#6904 = EDGE_CURVE('',#6905,#2228,#6907,.T.);
#6905 = VERTEX_POINT('',#6906);
#6906 = CARTESIAN_POINT('',(-6.,64.195,25.));
#6907 = LINE('',#6908,#6909);
#6908 = CARTESIAN_POINT('',(-6.,63.395,25.));
#6909 = VECTOR('',#6910,1.);
#6910 = DIRECTION('',(-0.,1.,0.));
#6911 = ORIENTED_EDGE('',*,*,#6912,.F.);
#6912 = EDGE_CURVE('',#6882,#6905,#6913,.T.);
#6913 = LINE('',#6914,#6915);
#6914 = CARTESIAN_POINT('',(-6.,64.195,12.));
#6915 = VECTOR('',#6916,1.);
#6916 = DIRECTION('',(0.,0.,1.));
#6917 = ORIENTED_EDGE('',*,*,#6889,.T.);
#6918 = ORIENTED_EDGE('',*,*,#2235,.T.);
#6919 = PLANE('',#6920);
#6920 = AXIS2_PLACEMENT_3D('',#6921,#6922,#6923);
#6921 = CARTESIAN_POINT('',(-6.,63.395,16.));
#6922 = DIRECTION('',(1.,0.,-0.));
#6923 = DIRECTION('',(0.,0.,1.));
#6924 = ADVANCED_FACE('',(#6925),#6943,.T.);
#6925 = FACE_BOUND('',#6926,.T.);
#6926 = EDGE_LOOP('',(#6927,#6935,#6941,#6942));
#6927 = ORIENTED_EDGE('',*,*,#6928,.F.);
#6928 = EDGE_CURVE('',#6929,#2220,#6931,.T.);
#6929 = VERTEX_POINT('',#6930);
#6930 = CARTESIAN_POINT('',(-9.,64.195,25.));
#6931 = LINE('',#6932,#6933);
#6932 = CARTESIAN_POINT('',(-9.,63.395,25.));
#6933 = VECTOR('',#6934,1.);
#6934 = DIRECTION('',(-0.,1.,0.));
#6935 = ORIENTED_EDGE('',*,*,#6936,.F.);
#6936 = EDGE_CURVE('',#6874,#6929,#6937,.T.);
#6937 = LINE('',#6938,#6939);
#6938 = CARTESIAN_POINT('',(-9.,64.195,12.));
#6939 = VECTOR('',#6940,1.);
#6940 = DIRECTION('',(0.,0.,1.));
#6941 = ORIENTED_EDGE('',*,*,#6873,.T.);
#6942 = ORIENTED_EDGE('',*,*,#2219,.T.);
#6943 = PLANE('',#6944);
#6944 = AXIS2_PLACEMENT_3D('',#6945,#6946,#6947);
#6945 = CARTESIAN_POINT('',(-9.,63.395,16.));
#6946 = DIRECTION('',(1.,0.,-0.));
#6947 = DIRECTION('',(0.,0.,1.));
#6948 = ADVANCED_FACE('',(#6949),#6960,.F.);
#6949 = FACE_BOUND('',#6950,.F.);
#6950 = EDGE_LOOP('',(#6951,#6952,#6958,#6959));
#6951 = ORIENTED_EDGE('',*,*,#6928,.F.);
#6952 = ORIENTED_EDGE('',*,*,#6953,.F.);
#6953 = EDGE_CURVE('',#6905,#6929,#6954,.T.);
#6954 = LINE('',#6955,#6956);
#6955 = CARTESIAN_POINT('',(16.,64.195,25.));
#6956 = VECTOR('',#6957,1.);
#6957 = DIRECTION('',(-1.,0.,0.));
#6958 = ORIENTED_EDGE('',*,*,#6904,.T.);
#6959 = ORIENTED_EDGE('',*,*,#2227,.T.);
#6960 = PLANE('',#6961);
#6961 = AXIS2_PLACEMENT_3D('',#6962,#6963,#6964);
#6962 = CARTESIAN_POINT('',(-9.,63.395,25.));
#6963 = DIRECTION('',(0.,0.,1.));
#6964 = DIRECTION('',(1.,0.,-0.));
#6965 = ADVANCED_FACE('',(#6966),#6991,.T.);
#6966 = FACE_BOUND('',#6967,.T.);
#6967 = EDGE_LOOP('',(#6968,#6976,#6984,#6990));
#6968 = ORIENTED_EDGE('',*,*,#6969,.F.);
#6969 = EDGE_CURVE('',#6970,#2246,#6972,.T.);
#6970 = VERTEX_POINT('',#6971);
#6971 = CARTESIAN_POINT('',(-16.5,64.195,16.));
#6972 = LINE('',#6973,#6974);
#6973 = CARTESIAN_POINT('',(-16.5,63.395,16.));
#6974 = VECTOR('',#6975,1.);
#6975 = DIRECTION('',(-0.,1.,0.));
#6976 = ORIENTED_EDGE('',*,*,#6977,.F.);
#6977 = EDGE_CURVE('',#6978,#6970,#6980,.T.);
#6978 = VERTEX_POINT('',#6979);
#6979 = CARTESIAN_POINT('',(-13.5,64.195,16.));
#6980 = LINE('',#6981,#6982);
#6981 = CARTESIAN_POINT('',(12.25,64.195,16.));
#6982 = VECTOR('',#6983,1.);
#6983 = DIRECTION('',(-1.,0.,0.));
#6984 = ORIENTED_EDGE('',*,*,#6985,.T.);
#6985 = EDGE_CURVE('',#6978,#2244,#6986,.T.);
#6986 = LINE('',#6987,#6988);
#6987 = CARTESIAN_POINT('',(-13.5,63.395,16.));
#6988 = VECTOR('',#6989,1.);
#6989 = DIRECTION('',(-0.,1.,0.));
#6990 = ORIENTED_EDGE('',*,*,#2243,.T.);
#6991 = PLANE('',#6992);
#6992 = AXIS2_PLACEMENT_3D('',#6993,#6994,#6995);
#6993 = CARTESIAN_POINT('',(-16.5,63.395,16.));
#6994 = DIRECTION('',(0.,0.,1.));
#6995 = DIRECTION('',(1.,0.,-0.));
#6996 = ADVANCED_FACE('',(#6997),#7015,.F.);
#6997 = FACE_BOUND('',#6998,.F.);
#6998 = EDGE_LOOP('',(#6999,#7007,#7013,#7014));
#6999 = ORIENTED_EDGE('',*,*,#7000,.F.);
#7000 = EDGE_CURVE('',#7001,#2262,#7003,.T.);
#7001 = VERTEX_POINT('',#7002);
#7002 = CARTESIAN_POINT('',(-13.5,64.195,25.));
#7003 = LINE('',#7004,#7005);
#7004 = CARTESIAN_POINT('',(-13.5,63.395,25.));
#7005 = VECTOR('',#7006,1.);
#7006 = DIRECTION('',(-0.,1.,0.));
#7007 = ORIENTED_EDGE('',*,*,#7008,.F.);
#7008 = EDGE_CURVE('',#6978,#7001,#7009,.T.);
#7009 = LINE('',#7010,#7011);
#7010 = CARTESIAN_POINT('',(-13.5,64.195,12.));
#7011 = VECTOR('',#7012,1.);
#7012 = DIRECTION('',(0.,0.,1.));
#7013 = ORIENTED_EDGE('',*,*,#6985,.T.);
#7014 = ORIENTED_EDGE('',*,*,#2269,.T.);
#7015 = PLANE('',#7016);
#7016 = AXIS2_PLACEMENT_3D('',#7017,#7018,#7019);
#7017 = CARTESIAN_POINT('',(-13.5,63.395,16.));
#7018 = DIRECTION('',(1.,0.,-0.));
#7019 = DIRECTION('',(0.,0.,1.));
#7020 = ADVANCED_FACE('',(#7021),#7039,.T.);
#7021 = FACE_BOUND('',#7022,.T.);
#7022 = EDGE_LOOP('',(#7023,#7031,#7037,#7038));
#7023 = ORIENTED_EDGE('',*,*,#7024,.F.);
#7024 = EDGE_CURVE('',#7025,#2254,#7027,.T.);
#7025 = VERTEX_POINT('',#7026);
#7026 = CARTESIAN_POINT('',(-16.5,64.195,25.));
#7027 = LINE('',#7028,#7029);
#7028 = CARTESIAN_POINT('',(-16.5,63.395,25.));
#7029 = VECTOR('',#7030,1.);
#7030 = DIRECTION('',(-0.,1.,0.));
#7031 = ORIENTED_EDGE('',*,*,#7032,.F.);
#7032 = EDGE_CURVE('',#6970,#7025,#7033,.T.);
#7033 = LINE('',#7034,#7035);
#7034 = CARTESIAN_POINT('',(-16.5,64.195,12.));
#7035 = VECTOR('',#7036,1.);
#7036 = DIRECTION('',(0.,0.,1.));
#7037 = ORIENTED_EDGE('',*,*,#6969,.T.);
#7038 = ORIENTED_EDGE('',*,*,#2253,.T.);
#7039 = PLANE('',#7040);
#7040 = AXIS2_PLACEMENT_3D('',#7041,#7042,#7043);
#7041 = CARTESIAN_POINT('',(-16.5,63.395,16.));
#7042 = DIRECTION('',(1.,0.,-0.));
#7043 = DIRECTION('',(0.,0.,1.));
#7044 = ADVANCED_FACE('',(#7045),#7056,.F.);
#7045 = FACE_BOUND('',#7046,.F.);
#7046 = EDGE_LOOP('',(#7047,#7048,#7054,#7055));
#7047 = ORIENTED_EDGE('',*,*,#7024,.F.);
#7048 = ORIENTED_EDGE('',*,*,#7049,.F.);
#7049 = EDGE_CURVE('',#7001,#7025,#7050,.T.);
#7050 = LINE('',#7051,#7052);
#7051 = CARTESIAN_POINT('',(12.25,64.195,25.));
#7052 = VECTOR('',#7053,1.);
#7053 = DIRECTION('',(-1.,0.,0.));
#7054 = ORIENTED_EDGE('',*,*,#7000,.T.);
#7055 = ORIENTED_EDGE('',*,*,#2261,.T.);
#7056 = PLANE('',#7057);
#7057 = AXIS2_PLACEMENT_3D('',#7058,#7059,#7060);
#7058 = CARTESIAN_POINT('',(-16.5,63.395,25.));
#7059 = DIRECTION('',(0.,0.,1.));
#7060 = DIRECTION('',(1.,0.,-0.));
#7061 = ADVANCED_FACE('',(#7062),#7087,.T.);
#7062 = FACE_BOUND('',#7063,.T.);
#7063 = EDGE_LOOP('',(#7064,#7072,#7080,#7086));
#7064 = ORIENTED_EDGE('',*,*,#7065,.F.);
#7065 = EDGE_CURVE('',#7066,#2280,#7068,.T.);
#7066 = VERTEX_POINT('',#7067);
#7067 = CARTESIAN_POINT('',(-24.,64.195,16.));
#7068 = LINE('',#7069,#7070);
#7069 = CARTESIAN_POINT('',(-24.,63.395,16.));
#7070 = VECTOR('',#7071,1.);
#7071 = DIRECTION('',(-0.,1.,0.));
#7072 = ORIENTED_EDGE('',*,*,#7073,.F.);
#7073 = EDGE_CURVE('',#7074,#7066,#7076,.T.);
#7074 = VERTEX_POINT('',#7075);
#7075 = CARTESIAN_POINT('',(-21.,64.195,16.));
#7076 = LINE('',#7077,#7078);
#7077 = CARTESIAN_POINT('',(8.5,64.195,16.));
#7078 = VECTOR('',#7079,1.);
#7079 = DIRECTION('',(-1.,0.,0.));
#7080 = ORIENTED_EDGE('',*,*,#7081,.T.);
#7081 = EDGE_CURVE('',#7074,#2278,#7082,.T.);
#7082 = LINE('',#7083,#7084);
#7083 = CARTESIAN_POINT('',(-21.,63.395,16.));
#7084 = VECTOR('',#7085,1.);
#7085 = DIRECTION('',(-0.,1.,0.));
#7086 = ORIENTED_EDGE('',*,*,#2277,.T.);
#7087 = PLANE('',#7088);
#7088 = AXIS2_PLACEMENT_3D('',#7089,#7090,#7091);
#7089 = CARTESIAN_POINT('',(-24.,63.395,16.));
#7090 = DIRECTION('',(0.,0.,1.));
#7091 = DIRECTION('',(1.,0.,-0.));
#7092 = ADVANCED_FACE('',(#7093),#7111,.F.);
#7093 = FACE_BOUND('',#7094,.F.);
#7094 = EDGE_LOOP('',(#7095,#7103,#7109,#7110));
#7095 = ORIENTED_EDGE('',*,*,#7096,.F.);
#7096 = EDGE_CURVE('',#7097,#2296,#7099,.T.);
#7097 = VERTEX_POINT('',#7098);
#7098 = CARTESIAN_POINT('',(-21.,64.195,25.));
#7099 = LINE('',#7100,#7101);
#7100 = CARTESIAN_POINT('',(-21.,63.395,25.));
#7101 = VECTOR('',#7102,1.);
#7102 = DIRECTION('',(-0.,1.,0.));
#7103 = ORIENTED_EDGE('',*,*,#7104,.F.);
#7104 = EDGE_CURVE('',#7074,#7097,#7105,.T.);
#7105 = LINE('',#7106,#7107);
#7106 = CARTESIAN_POINT('',(-21.,64.195,12.));
#7107 = VECTOR('',#7108,1.);
#7108 = DIRECTION('',(0.,0.,1.));
#7109 = ORIENTED_EDGE('',*,*,#7081,.T.);
#7110 = ORIENTED_EDGE('',*,*,#2303,.T.);
#7111 = PLANE('',#7112);
#7112 = AXIS2_PLACEMENT_3D('',#7113,#7114,#7115);
#7113 = CARTESIAN_POINT('',(-21.,63.395,16.));
#7114 = DIRECTION('',(1.,0.,-0.));
#7115 = DIRECTION('',(0.,0.,1.));
#7116 = ADVANCED_FACE('',(#7117),#7135,.T.);
#7117 = FACE_BOUND('',#7118,.T.);
#7118 = EDGE_LOOP('',(#7119,#7127,#7133,#7134));
#7119 = ORIENTED_EDGE('',*,*,#7120,.F.);
#7120 = EDGE_CURVE('',#7121,#2288,#7123,.T.);
#7121 = VERTEX_POINT('',#7122);
#7122 = CARTESIAN_POINT('',(-24.,64.195,25.));
#7123 = LINE('',#7124,#7125);
#7124 = CARTESIAN_POINT('',(-24.,63.395,25.));
#7125 = VECTOR('',#7126,1.);
#7126 = DIRECTION('',(-0.,1.,0.));
#7127 = ORIENTED_EDGE('',*,*,#7128,.F.);
#7128 = EDGE_CURVE('',#7066,#7121,#7129,.T.);
#7129 = LINE('',#7130,#7131);
#7130 = CARTESIAN_POINT('',(-24.,64.195,12.));
#7131 = VECTOR('',#7132,1.);
#7132 = DIRECTION('',(0.,0.,1.));
#7133 = ORIENTED_EDGE('',*,*,#7065,.T.);
#7134 = ORIENTED_EDGE('',*,*,#2287,.T.);
#7135 = PLANE('',#7136);
#7136 = AXIS2_PLACEMENT_3D('',#7137,#7138,#7139);
#7137 = CARTESIAN_POINT('',(-24.,63.395,16.));
#7138 = DIRECTION('',(1.,0.,-0.));
#7139 = DIRECTION('',(0.,0.,1.));
#7140 = ADVANCED_FACE('',(#7141),#7152,.F.);
#7141 = FACE_BOUND('',#7142,.F.);
#7142 = EDGE_LOOP('',(#7143,#7144,#7150,#7151));
#7143 = ORIENTED_EDGE('',*,*,#7120,.F.);
#7144 = ORIENTED_EDGE('',*,*,#7145,.F.);
#7145 = EDGE_CURVE('',#7097,#7121,#7146,.T.);
#7146 = LINE('',#7147,#7148);
#7147 = CARTESIAN_POINT('',(8.5,64.195,25.));
#7148 = VECTOR('',#7149,1.);
#7149 = DIRECTION('',(-1.,0.,0.));
#7150 = ORIENTED_EDGE('',*,*,#7096,.T.);
#7151 = ORIENTED_EDGE('',*,*,#2295,.T.);
#7152 = PLANE('',#7153);
#7153 = AXIS2_PLACEMENT_3D('',#7154,#7155,#7156);
#7154 = CARTESIAN_POINT('',(-24.,63.395,25.));
#7155 = DIRECTION('',(0.,0.,1.));
#7156 = DIRECTION('',(1.,0.,-0.));
#7157 = ADVANCED_FACE('',(#7158),#7183,.T.);
#7158 = FACE_BOUND('',#7159,.T.);
#7159 = EDGE_LOOP('',(#7160,#7168,#7176,#7182));
#7160 = ORIENTED_EDGE('',*,*,#7161,.F.);
#7161 = EDGE_CURVE('',#7162,#2314,#7164,.T.);
#7162 = VERTEX_POINT('',#7163);
#7163 = CARTESIAN_POINT('',(-31.5,64.195,16.));
#7164 = LINE('',#7165,#7166);
#7165 = CARTESIAN_POINT('',(-31.5,63.395,16.));
#7166 = VECTOR('',#7167,1.);
#7167 = DIRECTION('',(-0.,1.,0.));
#7168 = ORIENTED_EDGE('',*,*,#7169,.F.);
#7169 = EDGE_CURVE('',#7170,#7162,#7172,.T.);
#7170 = VERTEX_POINT('',#7171);
#7171 = CARTESIAN_POINT('',(-28.5,64.195,16.));
#7172 = LINE('',#7173,#7174);
#7173 = CARTESIAN_POINT('',(4.75,64.195,16.));
#7174 = VECTOR('',#7175,1.);
#7175 = DIRECTION('',(-1.,0.,0.));
#7176 = ORIENTED_EDGE('',*,*,#7177,.T.);
#7177 = EDGE_CURVE('',#7170,#2312,#7178,.T.);
#7178 = LINE('',#7179,#7180);
#7179 = CARTESIAN_POINT('',(-28.5,63.395,16.));
#7180 = VECTOR('',#7181,1.);
#7181 = DIRECTION('',(-0.,1.,0.));
#7182 = ORIENTED_EDGE('',*,*,#2311,.T.);
#7183 = PLANE('',#7184);
#7184 = AXIS2_PLACEMENT_3D('',#7185,#7186,#7187);
#7185 = CARTESIAN_POINT('',(-31.5,63.395,16.));
#7186 = DIRECTION('',(0.,0.,1.));
#7187 = DIRECTION('',(1.,0.,-0.));
#7188 = ADVANCED_FACE('',(#7189),#7207,.F.);
#7189 = FACE_BOUND('',#7190,.F.);
#7190 = EDGE_LOOP('',(#7191,#7199,#7205,#7206));
#7191 = ORIENTED_EDGE('',*,*,#7192,.F.);
#7192 = EDGE_CURVE('',#7193,#2330,#7195,.T.);
#7193 = VERTEX_POINT('',#7194);
#7194 = CARTESIAN_POINT('',(-28.5,64.195,25.));
#7195 = LINE('',#7196,#7197);
#7196 = CARTESIAN_POINT('',(-28.5,63.395,25.));
#7197 = VECTOR('',#7198,1.);
#7198 = DIRECTION('',(-0.,1.,0.));
#7199 = ORIENTED_EDGE('',*,*,#7200,.F.);
#7200 = EDGE_CURVE('',#7170,#7193,#7201,.T.);
#7201 = LINE('',#7202,#7203);
#7202 = CARTESIAN_POINT('',(-28.5,64.195,12.));
#7203 = VECTOR('',#7204,1.);
#7204 = DIRECTION('',(0.,0.,1.));
#7205 = ORIENTED_EDGE('',*,*,#7177,.T.);
#7206 = ORIENTED_EDGE('',*,*,#2337,.T.);
#7207 = PLANE('',#7208);
#7208 = AXIS2_PLACEMENT_3D('',#7209,#7210,#7211);
#7209 = CARTESIAN_POINT('',(-28.5,63.395,16.));
#7210 = DIRECTION('',(1.,0.,-0.));
#7211 = DIRECTION('',(0.,0.,1.));
#7212 = ADVANCED_FACE('',(#7213),#7231,.T.);
#7213 = FACE_BOUND('',#7214,.T.);
#7214 = EDGE_LOOP('',(#7215,#7223,#7229,#7230));
#7215 = ORIENTED_EDGE('',*,*,#7216,.F.);
#7216 = EDGE_CURVE('',#7217,#2322,#7219,.T.);
#7217 = VERTEX_POINT('',#7218);
#7218 = CARTESIAN_POINT('',(-31.5,64.195,25.));
#7219 = LINE('',#7220,#7221);
#7220 = CARTESIAN_POINT('',(-31.5,63.395,25.));
#7221 = VECTOR('',#7222,1.);
#7222 = DIRECTION('',(-0.,1.,0.));
#7223 = ORIENTED_EDGE('',*,*,#7224,.F.);
#7224 = EDGE_CURVE('',#7162,#7217,#7225,.T.);
#7225 = LINE('',#7226,#7227);
#7226 = CARTESIAN_POINT('',(-31.5,64.195,12.));
#7227 = VECTOR('',#7228,1.);
#7228 = DIRECTION('',(0.,0.,1.));
#7229 = ORIENTED_EDGE('',*,*,#7161,.T.);
#7230 = ORIENTED_EDGE('',*,*,#2321,.T.);
#7231 = PLANE('',#7232);
#7232 = AXIS2_PLACEMENT_3D('',#7233,#7234,#7235);
#7233 = CARTESIAN_POINT('',(-31.5,63.395,16.));
#7234 = DIRECTION('',(1.,0.,-0.));
#7235 = DIRECTION('',(0.,0.,1.));
#7236 = ADVANCED_FACE('',(#7237),#7248,.F.);
#7237 = FACE_BOUND('',#7238,.F.);
#7238 = EDGE_LOOP('',(#7239,#7240,#7246,#7247));
#7239 = ORIENTED_EDGE('',*,*,#7216,.F.);
#7240 = ORIENTED_EDGE('',*,*,#7241,.F.);
#7241 = EDGE_CURVE('',#7193,#7217,#7242,.T.);
#7242 = LINE('',#7243,#7244);
#7243 = CARTESIAN_POINT('',(4.75,64.195,25.));
#7244 = VECTOR('',#7245,1.);
#7245 = DIRECTION('',(-1.,0.,0.));
#7246 = ORIENTED_EDGE('',*,*,#7192,.T.);
#7247 = ORIENTED_EDGE('',*,*,#2329,.T.);
#7248 = PLANE('',#7249);
#7249 = AXIS2_PLACEMENT_3D('',#7250,#7251,#7252);
#7250 = CARTESIAN_POINT('',(-31.5,63.395,25.));
#7251 = DIRECTION('',(0.,0.,1.));
#7252 = DIRECTION('',(1.,0.,-0.));
#7253 = ADVANCED_FACE('',(#7254),#7272,.T.);
#7254 = FACE_BOUND('',#7255,.T.);
#7255 = EDGE_LOOP('',(#7256,#7264,#7265,#7266));
#7256 = ORIENTED_EDGE('',*,*,#7257,.F.);
#7257 = EDGE_CURVE('',#2436,#7258,#7260,.T.);
#7258 = VERTEX_POINT('',#7259);
#7259 = CARTESIAN_POINT('',(-45.,-3.500000000001E-02,37.7));
#7260 = LINE('',#7261,#7262);
#7261 = CARTESIAN_POINT('',(-48.6,-3.500000000001E-02,37.7));
#7262 = VECTOR('',#7263,1.);
#7263 = DIRECTION('',(1.,0.,-0.));
#7264 = ORIENTED_EDGE('',*,*,#2443,.T.);
#7265 = ORIENTED_EDGE('',*,*,#5423,.F.);
#7266 = ORIENTED_EDGE('',*,*,#7267,.F.);
#7267 = EDGE_CURVE('',#7258,#5416,#7268,.T.);
#7268 = LINE('',#7269,#7270);
#7269 = CARTESIAN_POINT('',(-45.,-3.500000000001E-02,22.85));
#7270 = VECTOR('',#7271,1.);
#7271 = DIRECTION('',(0.,0.,1.));
#7272 = PLANE('',#7273);
#7273 = AXIS2_PLACEMENT_3D('',#7274,#7275,#7276);
#7274 = CARTESIAN_POINT('',(-48.6,-3.500000000001E-02,37.7));
#7275 = DIRECTION('',(-0.,1.,0.));
#7276 = DIRECTION('',(0.,0.,1.));
#7277 = ADVANCED_FACE('',(#7278),#7296,.F.);
#7278 = FACE_BOUND('',#7279,.F.);
#7279 = EDGE_LOOP('',(#7280,#7288,#7289,#7290));
#7280 = ORIENTED_EDGE('',*,*,#7281,.F.);
#7281 = EDGE_CURVE('',#2428,#7282,#7284,.T.);
#7282 = VERTEX_POINT('',#7283);
#7283 = CARTESIAN_POINT('',(-45.,24.405,37.7));
#7284 = LINE('',#7285,#7286);
#7285 = CARTESIAN_POINT('',(-48.6,24.405,37.7));
#7286 = VECTOR('',#7287,1.);
#7287 = DIRECTION('',(1.,0.,-0.));
#7288 = ORIENTED_EDGE('',*,*,#2427,.T.);
#7289 = ORIENTED_EDGE('',*,*,#5438,.F.);
#7290 = ORIENTED_EDGE('',*,*,#7291,.F.);
#7291 = EDGE_CURVE('',#7282,#5439,#7292,.T.);
#7292 = LINE('',#7293,#7294);
#7293 = CARTESIAN_POINT('',(-45.,24.405,22.85));
#7294 = VECTOR('',#7295,1.);
#7295 = DIRECTION('',(0.,0.,1.));
#7296 = PLANE('',#7297);
#7297 = AXIS2_PLACEMENT_3D('',#7298,#7299,#7300);
#7298 = CARTESIAN_POINT('',(-48.6,24.405,37.7));
#7299 = DIRECTION('',(-0.,1.,0.));
#7300 = DIRECTION('',(0.,0.,1.));
#7301 = ADVANCED_FACE('',(#7302),#7327,.T.);
#7302 = FACE_BOUND('',#7303,.T.);
#7303 = EDGE_LOOP('',(#7304,#7312,#7313,#7321));
#7304 = ORIENTED_EDGE('',*,*,#7305,.F.);
#7305 = EDGE_CURVE('',#2460,#7306,#7308,.T.);
#7306 = VERTEX_POINT('',#7307);
#7307 = CARTESIAN_POINT('',(-45.,54.,27.));
#7308 = LINE('',#7309,#7310);
#7309 = CARTESIAN_POINT('',(-48.5,54.,27.));
#7310 = VECTOR('',#7311,1.);
#7311 = DIRECTION('',(1.,0.,-0.));
#7312 = ORIENTED_EDGE('',*,*,#2459,.T.);
#7313 = ORIENTED_EDGE('',*,*,#7314,.T.);
#7314 = EDGE_CURVE('',#2462,#7315,#7317,.T.);
#7315 = VERTEX_POINT('',#7316);
#7316 = CARTESIAN_POINT('',(-45.,51.,27.));
#7317 = LINE('',#7318,#7319);
#7318 = CARTESIAN_POINT('',(-48.5,51.,27.));
#7319 = VECTOR('',#7320,1.);
#7320 = DIRECTION('',(1.,0.,-0.));
#7321 = ORIENTED_EDGE('',*,*,#7322,.F.);
#7322 = EDGE_CURVE('',#7306,#7315,#7323,.T.);
#7323 = LINE('',#7324,#7325);
#7324 = CARTESIAN_POINT('',(-45.,55.5975,27.));
#7325 = VECTOR('',#7326,1.);
#7326 = DIRECTION('',(0.,-1.,0.));
#7327 = PLANE('',#7328);
#7328 = AXIS2_PLACEMENT_3D('',#7329,#7330,#7331);
#7329 = CARTESIAN_POINT('',(-48.5,51.,27.));
#7330 = DIRECTION('',(0.,0.,1.));
#7331 = DIRECTION('',(1.,0.,-0.));
#7332 = ADVANCED_FACE('',(#7333),#7351,.F.);
#7333 = FACE_BOUND('',#7334,.F.);
#7334 = EDGE_LOOP('',(#7335,#7336,#7337,#7345));
#7335 = ORIENTED_EDGE('',*,*,#7305,.F.);
#7336 = ORIENTED_EDGE('',*,*,#2485,.T.);
#7337 = ORIENTED_EDGE('',*,*,#7338,.T.);
#7338 = EDGE_CURVE('',#2478,#7339,#7341,.T.);
#7339 = VERTEX_POINT('',#7340);
#7340 = CARTESIAN_POINT('',(-45.,54.,36.));
#7341 = LINE('',#7342,#7343);
#7342 = CARTESIAN_POINT('',(-48.5,54.,36.));
#7343 = VECTOR('',#7344,1.);
#7344 = DIRECTION('',(1.,0.,-0.));
#7345 = ORIENTED_EDGE('',*,*,#7346,.F.);
#7346 = EDGE_CURVE('',#7306,#7339,#7347,.T.);
#7347 = LINE('',#7348,#7349);
#7348 = CARTESIAN_POINT('',(-45.,54.,17.5));
#7349 = VECTOR('',#7350,1.);
#7350 = DIRECTION('',(0.,0.,1.));
#7351 = PLANE('',#7352);
#7352 = AXIS2_PLACEMENT_3D('',#7353,#7354,#7355);
#7353 = CARTESIAN_POINT('',(-48.5,54.,27.));
#7354 = DIRECTION('',(-0.,1.,0.));
#7355 = DIRECTION('',(0.,0.,1.));
#7356 = ADVANCED_FACE('',(#7357),#7375,.F.);
#7357 = FACE_BOUND('',#7358,.F.);
#7358 = EDGE_LOOP('',(#7359,#7360,#7361,#7369));
#7359 = ORIENTED_EDGE('',*,*,#7338,.F.);
#7360 = ORIENTED_EDGE('',*,*,#2477,.T.);
#7361 = ORIENTED_EDGE('',*,*,#7362,.T.);
#7362 = EDGE_CURVE('',#2470,#7363,#7365,.T.);
#7363 = VERTEX_POINT('',#7364);
#7364 = CARTESIAN_POINT('',(-45.,51.,36.));
#7365 = LINE('',#7366,#7367);
#7366 = CARTESIAN_POINT('',(-48.5,51.,36.));
#7367 = VECTOR('',#7368,1.);
#7368 = DIRECTION('',(1.,0.,-0.));
#7369 = ORIENTED_EDGE('',*,*,#7370,.F.);
#7370 = EDGE_CURVE('',#7339,#7363,#7371,.T.);
#7371 = LINE('',#7372,#7373);
#7372 = CARTESIAN_POINT('',(-45.,55.5975,36.));
#7373 = VECTOR('',#7374,1.);
#7374 = DIRECTION('',(0.,-1.,0.));
#7375 = PLANE('',#7376);
#7376 = AXIS2_PLACEMENT_3D('',#7377,#7378,#7379);
#7377 = CARTESIAN_POINT('',(-48.5,51.,36.));
#7378 = DIRECTION('',(0.,0.,1.));
#7379 = DIRECTION('',(1.,0.,-0.));
#7380 = ADVANCED_FACE('',(#7381),#7392,.T.);
#7381 = FACE_BOUND('',#7382,.T.);
#7382 = EDGE_LOOP('',(#7383,#7384,#7385,#7386));
#7383 = ORIENTED_EDGE('',*,*,#7314,.F.);
#7384 = ORIENTED_EDGE('',*,*,#2469,.T.);
#7385 = ORIENTED_EDGE('',*,*,#7362,.T.);
#7386 = ORIENTED_EDGE('',*,*,#7387,.F.);
#7387 = EDGE_CURVE('',#7315,#7363,#7388,.T.);
#7388 = LINE('',#7389,#7390);
#7389 = CARTESIAN_POINT('',(-45.,51.,17.5));
#7390 = VECTOR('',#7391,1.);
#7391 = DIRECTION('',(0.,0.,1.));
#7392 = PLANE('',#7393);
#7393 = AXIS2_PLACEMENT_3D('',#7394,#7395,#7396);
#7394 = CARTESIAN_POINT('',(-48.5,51.,27.));
#7395 = DIRECTION('',(-0.,1.,0.));
#7396 = DIRECTION('',(0.,0.,1.));
#7397 = ADVANCED_FACE('',(#7398),#7423,.T.);
#7398 = FACE_BOUND('',#7399,.T.);
#7399 = EDGE_LOOP('',(#7400,#7408,#7409,#7417));
#7400 = ORIENTED_EDGE('',*,*,#7401,.F.);
#7401 = EDGE_CURVE('',#2494,#7402,#7404,.T.);
#7402 = VERTEX_POINT('',#7403);
#7403 = CARTESIAN_POINT('',(-45.,46.5,27.));
#7404 = LINE('',#7405,#7406);
#7405 = CARTESIAN_POINT('',(-48.5,46.5,27.));
#7406 = VECTOR('',#7407,1.);
#7407 = DIRECTION('',(1.,0.,-0.));
#7408 = ORIENTED_EDGE('',*,*,#2493,.T.);
#7409 = ORIENTED_EDGE('',*,*,#7410,.T.);
#7410 = EDGE_CURVE('',#2496,#7411,#7413,.T.);
#7411 = VERTEX_POINT('',#7412);
#7412 = CARTESIAN_POINT('',(-45.,43.5,27.));
#7413 = LINE('',#7414,#7415);
#7414 = CARTESIAN_POINT('',(-48.5,43.5,27.));
#7415 = VECTOR('',#7416,1.);
#7416 = DIRECTION('',(1.,0.,-0.));
#7417 = ORIENTED_EDGE('',*,*,#7418,.F.);
#7418 = EDGE_CURVE('',#7402,#7411,#7419,.T.);
#7419 = LINE('',#7420,#7421);
#7420 = CARTESIAN_POINT('',(-45.,51.8475,27.));
#7421 = VECTOR('',#7422,1.);
#7422 = DIRECTION('',(0.,-1.,0.));
#7423 = PLANE('',#7424);
#7424 = AXIS2_PLACEMENT_3D('',#7425,#7426,#7427);
#7425 = CARTESIAN_POINT('',(-48.5,43.5,27.));
#7426 = DIRECTION('',(0.,0.,1.));
#7427 = DIRECTION('',(1.,0.,-0.));
#7428 = ADVANCED_FACE('',(#7429),#7447,.F.);
#7429 = FACE_BOUND('',#7430,.F.);
#7430 = EDGE_LOOP('',(#7431,#7432,#7433,#7441));
#7431 = ORIENTED_EDGE('',*,*,#7401,.F.);
#7432 = ORIENTED_EDGE('',*,*,#2519,.T.);
#7433 = ORIENTED_EDGE('',*,*,#7434,.T.);
#7434 = EDGE_CURVE('',#2512,#7435,#7437,.T.);
#7435 = VERTEX_POINT('',#7436);
#7436 = CARTESIAN_POINT('',(-45.,46.5,36.));
#7437 = LINE('',#7438,#7439);
#7438 = CARTESIAN_POINT('',(-48.5,46.5,36.));
#7439 = VECTOR('',#7440,1.);
#7440 = DIRECTION('',(1.,0.,-0.));
#7441 = ORIENTED_EDGE('',*,*,#7442,.F.);
#7442 = EDGE_CURVE('',#7402,#7435,#7443,.T.);
#7443 = LINE('',#7444,#7445);
#7444 = CARTESIAN_POINT('',(-45.,46.5,17.5));
#7445 = VECTOR('',#7446,1.);
#7446 = DIRECTION('',(0.,0.,1.));
#7447 = PLANE('',#7448);
#7448 = AXIS2_PLACEMENT_3D('',#7449,#7450,#7451);
#7449 = CARTESIAN_POINT('',(-48.5,46.5,27.));
#7450 = DIRECTION('',(-0.,1.,0.));
#7451 = DIRECTION('',(0.,0.,1.));
#7452 = ADVANCED_FACE('',(#7453),#7471,.T.);
#7453 = FACE_BOUND('',#7454,.T.);
#7454 = EDGE_LOOP('',(#7455,#7456,#7457,#7465));
#7455 = ORIENTED_EDGE('',*,*,#7410,.F.);
#7456 = ORIENTED_EDGE('',*,*,#2503,.T.);
#7457 = ORIENTED_EDGE('',*,*,#7458,.T.);
#7458 = EDGE_CURVE('',#2504,#7459,#7461,.T.);
#7459 = VERTEX_POINT('',#7460);
#7460 = CARTESIAN_POINT('',(-45.,43.5,36.));
#7461 = LINE('',#7462,#7463);
#7462 = CARTESIAN_POINT('',(-48.5,43.5,36.));
#7463 = VECTOR('',#7464,1.);
#7464 = DIRECTION('',(1.,0.,-0.));
#7465 = ORIENTED_EDGE('',*,*,#7466,.F.);
#7466 = EDGE_CURVE('',#7411,#7459,#7467,.T.);
#7467 = LINE('',#7468,#7469);
#7468 = CARTESIAN_POINT('',(-45.,43.5,17.5));
#7469 = VECTOR('',#7470,1.);
#7470 = DIRECTION('',(0.,0.,1.));
#7471 = PLANE('',#7472);
#7472 = AXIS2_PLACEMENT_3D('',#7473,#7474,#7475);
#7473 = CARTESIAN_POINT('',(-48.5,43.5,27.));
#7474 = DIRECTION('',(-0.,1.,0.));
#7475 = DIRECTION('',(0.,0.,1.));
#7476 = ADVANCED_FACE('',(#7477),#7488,.F.);
#7477 = FACE_BOUND('',#7478,.F.);
#7478 = EDGE_LOOP('',(#7479,#7480,#7481,#7482));
#7479 = ORIENTED_EDGE('',*,*,#7434,.F.);
#7480 = ORIENTED_EDGE('',*,*,#2511,.T.);
#7481 = ORIENTED_EDGE('',*,*,#7458,.T.);
#7482 = ORIENTED_EDGE('',*,*,#7483,.F.);
#7483 = EDGE_CURVE('',#7435,#7459,#7484,.T.);
#7484 = LINE('',#7485,#7486);
#7485 = CARTESIAN_POINT('',(-45.,51.8475,36.));
#7486 = VECTOR('',#7487,1.);
#7487 = DIRECTION('',(0.,-1.,0.));
#7488 = PLANE('',#7489);
#7489 = AXIS2_PLACEMENT_3D('',#7490,#7491,#7492);
#7490 = CARTESIAN_POINT('',(-48.5,43.5,36.));
#7491 = DIRECTION('',(0.,0.,1.));
#7492 = DIRECTION('',(1.,0.,-0.));
#7493 = ADVANCED_FACE('',(#7494),#7519,.T.);
#7494 = FACE_BOUND('',#7495,.T.);
#7495 = EDGE_LOOP('',(#7496,#7504,#7505,#7513));
#7496 = ORIENTED_EDGE('',*,*,#7497,.F.);
#7497 = EDGE_CURVE('',#2528,#7498,#7500,.T.);
#7498 = VERTEX_POINT('',#7499);
#7499 = CARTESIAN_POINT('',(-45.,39.,27.));
#7500 = LINE('',#7501,#7502);
#7501 = CARTESIAN_POINT('',(-48.5,39.,27.));
#7502 = VECTOR('',#7503,1.);
#7503 = DIRECTION('',(1.,0.,-0.));
#7504 = ORIENTED_EDGE('',*,*,#2527,.T.);
#7505 = ORIENTED_EDGE('',*,*,#7506,.T.);
#7506 = EDGE_CURVE('',#2530,#7507,#7509,.T.);
#7507 = VERTEX_POINT('',#7508);
#7508 = CARTESIAN_POINT('',(-45.,36.,27.));
#7509 = LINE('',#7510,#7511);
#7510 = CARTESIAN_POINT('',(-48.5,36.,27.));
#7511 = VECTOR('',#7512,1.);
#7512 = DIRECTION('',(1.,0.,-0.));
#7513 = ORIENTED_EDGE('',*,*,#7514,.F.);
#7514 = EDGE_CURVE('',#7498,#7507,#7515,.T.);
#7515 = LINE('',#7516,#7517);
#7516 = CARTESIAN_POINT('',(-45.,48.0975,27.));
#7517 = VECTOR('',#7518,1.);
#7518 = DIRECTION('',(0.,-1.,0.));
#7519 = PLANE('',#7520);
#7520 = AXIS2_PLACEMENT_3D('',#7521,#7522,#7523);
#7521 = CARTESIAN_POINT('',(-48.5,36.,27.));
#7522 = DIRECTION('',(0.,0.,1.));
#7523 = DIRECTION('',(1.,0.,-0.));
#7524 = ADVANCED_FACE('',(#7525),#7543,.F.);
#7525 = FACE_BOUND('',#7526,.F.);
#7526 = EDGE_LOOP('',(#7527,#7528,#7529,#7537));
#7527 = ORIENTED_EDGE('',*,*,#7497,.F.);
#7528 = ORIENTED_EDGE('',*,*,#2553,.T.);
#7529 = ORIENTED_EDGE('',*,*,#7530,.T.);
#7530 = EDGE_CURVE('',#2546,#7531,#7533,.T.);
#7531 = VERTEX_POINT('',#7532);
#7532 = CARTESIAN_POINT('',(-45.,39.,36.));
#7533 = LINE('',#7534,#7535);
#7534 = CARTESIAN_POINT('',(-48.5,39.,36.));
#7535 = VECTOR('',#7536,1.);
#7536 = DIRECTION('',(1.,0.,-0.));
#7537 = ORIENTED_EDGE('',*,*,#7538,.F.);
#7538 = EDGE_CURVE('',#7498,#7531,#7539,.T.);
#7539 = LINE('',#7540,#7541);
#7540 = CARTESIAN_POINT('',(-45.,39.,17.5));
#7541 = VECTOR('',#7542,1.);
#7542 = DIRECTION('',(0.,0.,1.));
#7543 = PLANE('',#7544);
#7544 = AXIS2_PLACEMENT_3D('',#7545,#7546,#7547);
#7545 = CARTESIAN_POINT('',(-48.5,39.,27.));
#7546 = DIRECTION('',(-0.,1.,0.));
#7547 = DIRECTION('',(0.,0.,1.));
#7548 = ADVANCED_FACE('',(#7549),#7567,.T.);
#7549 = FACE_BOUND('',#7550,.T.);
#7550 = EDGE_LOOP('',(#7551,#7552,#7553,#7561));
#7551 = ORIENTED_EDGE('',*,*,#7506,.F.);
#7552 = ORIENTED_EDGE('',*,*,#2537,.T.);
#7553 = ORIENTED_EDGE('',*,*,#7554,.T.);
#7554 = EDGE_CURVE('',#2538,#7555,#7557,.T.);
#7555 = VERTEX_POINT('',#7556);
#7556 = CARTESIAN_POINT('',(-45.,36.,36.));
#7557 = LINE('',#7558,#7559);
#7558 = CARTESIAN_POINT('',(-48.5,36.,36.));
#7559 = VECTOR('',#7560,1.);
#7560 = DIRECTION('',(1.,0.,-0.));
#7561 = ORIENTED_EDGE('',*,*,#7562,.F.);
#7562 = EDGE_CURVE('',#7507,#7555,#7563,.T.);
#7563 = LINE('',#7564,#7565);
#7564 = CARTESIAN_POINT('',(-45.,36.,17.5));
#7565 = VECTOR('',#7566,1.);
#7566 = DIRECTION('',(0.,0.,1.));
#7567 = PLANE('',#7568);
#7568 = AXIS2_PLACEMENT_3D('',#7569,#7570,#7571);
#7569 = CARTESIAN_POINT('',(-48.5,36.,27.));
#7570 = DIRECTION('',(-0.,1.,0.));
#7571 = DIRECTION('',(0.,0.,1.));
#7572 = ADVANCED_FACE('',(#7573),#7584,.F.);
#7573 = FACE_BOUND('',#7574,.F.);
#7574 = EDGE_LOOP('',(#7575,#7576,#7577,#7578));
#7575 = ORIENTED_EDGE('',*,*,#7530,.F.);
#7576 = ORIENTED_EDGE('',*,*,#2545,.T.);
#7577 = ORIENTED_EDGE('',*,*,#7554,.T.);
#7578 = ORIENTED_EDGE('',*,*,#7579,.F.);
#7579 = EDGE_CURVE('',#7531,#7555,#7580,.T.);
#7580 = LINE('',#7581,#7582);
#7581 = CARTESIAN_POINT('',(-45.,48.0975,36.));
#7582 = VECTOR('',#7583,1.);
#7583 = DIRECTION('',(0.,-1.,0.));
#7584 = PLANE('',#7585);
#7585 = AXIS2_PLACEMENT_3D('',#7586,#7587,#7588);
#7586 = CARTESIAN_POINT('',(-48.5,36.,36.));
#7587 = DIRECTION('',(0.,0.,1.));
#7588 = DIRECTION('',(1.,0.,-0.));
#7589 = ADVANCED_FACE('',(#7590),#7615,.T.);
#7590 = FACE_BOUND('',#7591,.T.);
#7591 = EDGE_LOOP('',(#7592,#7600,#7601,#7609));
#7592 = ORIENTED_EDGE('',*,*,#7593,.F.);
#7593 = EDGE_CURVE('',#2562,#7594,#7596,.T.);
#7594 = VERTEX_POINT('',#7595);
#7595 = CARTESIAN_POINT('',(-45.,31.5,27.));
#7596 = LINE('',#7597,#7598);
#7597 = CARTESIAN_POINT('',(-48.5,31.5,27.));
#7598 = VECTOR('',#7599,1.);
#7599 = DIRECTION('',(1.,0.,-0.));
#7600 = ORIENTED_EDGE('',*,*,#2561,.T.);
#7601 = ORIENTED_EDGE('',*,*,#7602,.T.);
#7602 = EDGE_CURVE('',#2564,#7603,#7605,.T.);
#7603 = VERTEX_POINT('',#7604);
#7604 = CARTESIAN_POINT('',(-45.,28.5,27.));
#7605 = LINE('',#7606,#7607);
#7606 = CARTESIAN_POINT('',(-48.5,28.5,27.));
#7607 = VECTOR('',#7608,1.);
#7608 = DIRECTION('',(1.,0.,-0.));
#7609 = ORIENTED_EDGE('',*,*,#7610,.F.);
#7610 = EDGE_CURVE('',#7594,#7603,#7611,.T.);
#7611 = LINE('',#7612,#7613);
#7612 = CARTESIAN_POINT('',(-45.,44.3475,27.));
#7613 = VECTOR('',#7614,1.);
#7614 = DIRECTION('',(0.,-1.,0.));
#7615 = PLANE('',#7616);
#7616 = AXIS2_PLACEMENT_3D('',#7617,#7618,#7619);
#7617 = CARTESIAN_POINT('',(-48.5,28.5,27.));
#7618 = DIRECTION('',(0.,0.,1.));
#7619 = DIRECTION('',(1.,0.,-0.));
#7620 = ADVANCED_FACE('',(#7621),#7639,.F.);
#7621 = FACE_BOUND('',#7622,.F.);
#7622 = EDGE_LOOP('',(#7623,#7624,#7625,#7633));
#7623 = ORIENTED_EDGE('',*,*,#7593,.F.);
#7624 = ORIENTED_EDGE('',*,*,#2587,.T.);
#7625 = ORIENTED_EDGE('',*,*,#7626,.T.);
#7626 = EDGE_CURVE('',#2580,#7627,#7629,.T.);
#7627 = VERTEX_POINT('',#7628);
#7628 = CARTESIAN_POINT('',(-45.,31.5,36.));
#7629 = LINE('',#7630,#7631);
#7630 = CARTESIAN_POINT('',(-48.5,31.5,36.));
#7631 = VECTOR('',#7632,1.);
#7632 = DIRECTION('',(1.,0.,-0.));
#7633 = ORIENTED_EDGE('',*,*,#7634,.F.);
#7634 = EDGE_CURVE('',#7594,#7627,#7635,.T.);
#7635 = LINE('',#7636,#7637);
#7636 = CARTESIAN_POINT('',(-45.,31.5,17.5));
#7637 = VECTOR('',#7638,1.);
#7638 = DIRECTION('',(0.,0.,1.));
#7639 = PLANE('',#7640);
#7640 = AXIS2_PLACEMENT_3D('',#7641,#7642,#7643);
#7641 = CARTESIAN_POINT('',(-48.5,31.5,27.));
#7642 = DIRECTION('',(-0.,1.,0.));
#7643 = DIRECTION('',(0.,0.,1.));
#7644 = ADVANCED_FACE('',(#7645),#7663,.T.);
#7645 = FACE_BOUND('',#7646,.T.);
#7646 = EDGE_LOOP('',(#7647,#7648,#7649,#7657));
#7647 = ORIENTED_EDGE('',*,*,#7602,.F.);
#7648 = ORIENTED_EDGE('',*,*,#2571,.T.);
#7649 = ORIENTED_EDGE('',*,*,#7650,.T.);
#7650 = EDGE_CURVE('',#2572,#7651,#7653,.T.);
#7651 = VERTEX_POINT('',#7652);
#7652 = CARTESIAN_POINT('',(-45.,28.5,36.));
#7653 = LINE('',#7654,#7655);
#7654 = CARTESIAN_POINT('',(-48.5,28.5,36.));
#7655 = VECTOR('',#7656,1.);
#7656 = DIRECTION('',(1.,0.,-0.));
#7657 = ORIENTED_EDGE('',*,*,#7658,.F.);
#7658 = EDGE_CURVE('',#7603,#7651,#7659,.T.);
#7659 = LINE('',#7660,#7661);
#7660 = CARTESIAN_POINT('',(-45.,28.5,17.5));
#7661 = VECTOR('',#7662,1.);
#7662 = DIRECTION('',(0.,0.,1.));
#7663 = PLANE('',#7664);
#7664 = AXIS2_PLACEMENT_3D('',#7665,#7666,#7667);
#7665 = CARTESIAN_POINT('',(-48.5,28.5,27.));
#7666 = DIRECTION('',(-0.,1.,0.));
#7667 = DIRECTION('',(0.,0.,1.));
#7668 = ADVANCED_FACE('',(#7669),#7680,.F.);
#7669 = FACE_BOUND('',#7670,.F.);
#7670 = EDGE_LOOP('',(#7671,#7672,#7673,#7674));
#7671 = ORIENTED_EDGE('',*,*,#7626,.F.);
#7672 = ORIENTED_EDGE('',*,*,#2579,.T.);
#7673 = ORIENTED_EDGE('',*,*,#7650,.T.);
#7674 = ORIENTED_EDGE('',*,*,#7675,.F.);
#7675 = EDGE_CURVE('',#7627,#7651,#7676,.T.);
#7676 = LINE('',#7677,#7678);
#7677 = CARTESIAN_POINT('',(-45.,44.3475,36.));
#7678 = VECTOR('',#7679,1.);
#7679 = DIRECTION('',(0.,-1.,0.));
#7680 = PLANE('',#7681);
#7681 = AXIS2_PLACEMENT_3D('',#7682,#7683,#7684);
#7682 = CARTESIAN_POINT('',(-48.5,28.5,36.));
#7683 = DIRECTION('',(0.,0.,1.));
#7684 = DIRECTION('',(1.,0.,-0.));
#7685 = ADVANCED_FACE('',(#7686),#7711,.T.);
#7686 = FACE_BOUND('',#7687,.T.);
#7687 = EDGE_LOOP('',(#7688,#7696,#7697,#7705));
#7688 = ORIENTED_EDGE('',*,*,#7689,.F.);
#7689 = EDGE_CURVE('',#2596,#7690,#7692,.T.);
#7690 = VERTEX_POINT('',#7691);
#7691 = CARTESIAN_POINT('',(-45.,-6.,27.));
#7692 = LINE('',#7693,#7694);
#7693 = CARTESIAN_POINT('',(-48.5,-6.,27.));
#7694 = VECTOR('',#7695,1.);
#7695 = DIRECTION('',(1.,0.,-0.));
#7696 = ORIENTED_EDGE('',*,*,#2595,.T.);
#7697 = ORIENTED_EDGE('',*,*,#7698,.T.);
#7698 = EDGE_CURVE('',#2598,#7699,#7701,.T.);
#7699 = VERTEX_POINT('',#7700);
#7700 = CARTESIAN_POINT('',(-45.,-9.,27.));
#7701 = LINE('',#7702,#7703);
#7702 = CARTESIAN_POINT('',(-48.5,-9.,27.));
#7703 = VECTOR('',#7704,1.);
#7704 = DIRECTION('',(1.,0.,-0.));
#7705 = ORIENTED_EDGE('',*,*,#7706,.F.);
#7706 = EDGE_CURVE('',#7690,#7699,#7707,.T.);
#7707 = LINE('',#7708,#7709);
#7708 = CARTESIAN_POINT('',(-45.,25.5975,27.));
#7709 = VECTOR('',#7710,1.);
#7710 = DIRECTION('',(0.,-1.,0.));
#7711 = PLANE('',#7712);
#7712 = AXIS2_PLACEMENT_3D('',#7713,#7714,#7715);
#7713 = CARTESIAN_POINT('',(-48.5,-9.,27.));
#7714 = DIRECTION('',(0.,0.,1.));
#7715 = DIRECTION('',(1.,0.,-0.));
#7716 = ADVANCED_FACE('',(#7717),#7735,.F.);
#7717 = FACE_BOUND('',#7718,.F.);
#7718 = EDGE_LOOP('',(#7719,#7720,#7721,#7729));
#7719 = ORIENTED_EDGE('',*,*,#7689,.F.);
#7720 = ORIENTED_EDGE('',*,*,#2621,.T.);
#7721 = ORIENTED_EDGE('',*,*,#7722,.T.);
#7722 = EDGE_CURVE('',#2614,#7723,#7725,.T.);
#7723 = VERTEX_POINT('',#7724);
#7724 = CARTESIAN_POINT('',(-45.,-6.,36.));
#7725 = LINE('',#7726,#7727);
#7726 = CARTESIAN_POINT('',(-48.5,-6.,36.));
#7727 = VECTOR('',#7728,1.);
#7728 = DIRECTION('',(1.,0.,-0.));
#7729 = ORIENTED_EDGE('',*,*,#7730,.F.);
#7730 = EDGE_CURVE('',#7690,#7723,#7731,.T.);
#7731 = LINE('',#7732,#7733);
#7732 = CARTESIAN_POINT('',(-45.,-6.,17.5));
#7733 = VECTOR('',#7734,1.);
#7734 = DIRECTION('',(0.,0.,1.));
#7735 = PLANE('',#7736);
#7736 = AXIS2_PLACEMENT_3D('',#7737,#7738,#7739);
#7737 = CARTESIAN_POINT('',(-48.5,-6.,27.));
#7738 = DIRECTION('',(-0.,1.,0.));
#7739 = DIRECTION('',(0.,0.,1.));
#7740 = ADVANCED_FACE('',(#7741),#7759,.T.);
#7741 = FACE_BOUND('',#7742,.T.);
#7742 = EDGE_LOOP('',(#7743,#7744,#7745,#7753));
#7743 = ORIENTED_EDGE('',*,*,#7698,.F.);
#7744 = ORIENTED_EDGE('',*,*,#2605,.T.);
#7745 = ORIENTED_EDGE('',*,*,#7746,.T.);
#7746 = EDGE_CURVE('',#2606,#7747,#7749,.T.);
#7747 = VERTEX_POINT('',#7748);
#7748 = CARTESIAN_POINT('',(-45.,-9.,36.));
#7749 = LINE('',#7750,#7751);
#7750 = CARTESIAN_POINT('',(-48.5,-9.,36.));
#7751 = VECTOR('',#7752,1.);
#7752 = DIRECTION('',(1.,0.,-0.));
#7753 = ORIENTED_EDGE('',*,*,#7754,.F.);
#7754 = EDGE_CURVE('',#7699,#7747,#7755,.T.);
#7755 = LINE('',#7756,#7757);
#7756 = CARTESIAN_POINT('',(-45.,-9.,17.5));
#7757 = VECTOR('',#7758,1.);
#7758 = DIRECTION('',(0.,0.,1.));
#7759 = PLANE('',#7760);
#7760 = AXIS2_PLACEMENT_3D('',#7761,#7762,#7763);
#7761 = CARTESIAN_POINT('',(-48.5,-9.,27.));
#7762 = DIRECTION('',(-0.,1.,0.));
#7763 = DIRECTION('',(0.,0.,1.));
#7764 = ADVANCED_FACE('',(#7765),#7776,.F.);
#7765 = FACE_BOUND('',#7766,.F.);
#7766 = EDGE_LOOP('',(#7767,#7768,#7769,#7770));
#7767 = ORIENTED_EDGE('',*,*,#7722,.F.);
#7768 = ORIENTED_EDGE('',*,*,#2613,.T.);
#7769 = ORIENTED_EDGE('',*,*,#7746,.T.);
#7770 = ORIENTED_EDGE('',*,*,#7771,.F.);
#7771 = EDGE_CURVE('',#7723,#7747,#7772,.T.);
#7772 = LINE('',#7773,#7774);
#7773 = CARTESIAN_POINT('',(-45.,25.5975,36.));
#7774 = VECTOR('',#7775,1.);
#7775 = DIRECTION('',(0.,-1.,0.));
#7776 = PLANE('',#7777);
#7777 = AXIS2_PLACEMENT_3D('',#7778,#7779,#7780);
#7778 = CARTESIAN_POINT('',(-48.5,-9.,36.));
#7779 = DIRECTION('',(0.,0.,1.));
#7780 = DIRECTION('',(1.,0.,-0.));
#7781 = ADVANCED_FACE('',(#7782),#7807,.T.);
#7782 = FACE_BOUND('',#7783,.T.);
#7783 = EDGE_LOOP('',(#7784,#7792,#7793,#7801));
#7784 = ORIENTED_EDGE('',*,*,#7785,.F.);
#7785 = EDGE_CURVE('',#2630,#7786,#7788,.T.);
#7786 = VERTEX_POINT('',#7787);
#7787 = CARTESIAN_POINT('',(-45.,-13.5,27.));
#7788 = LINE('',#7789,#7790);
#7789 = CARTESIAN_POINT('',(-48.5,-13.5,27.));
#7790 = VECTOR('',#7791,1.);
#7791 = DIRECTION('',(1.,0.,-0.));
#7792 = ORIENTED_EDGE('',*,*,#2629,.T.);
#7793 = ORIENTED_EDGE('',*,*,#7794,.T.);
#7794 = EDGE_CURVE('',#2632,#7795,#7797,.T.);
#7795 = VERTEX_POINT('',#7796);
#7796 = CARTESIAN_POINT('',(-45.,-16.5,27.));
#7797 = LINE('',#7798,#7799);
#7798 = CARTESIAN_POINT('',(-48.5,-16.5,27.));
#7799 = VECTOR('',#7800,1.);
#7800 = DIRECTION('',(1.,0.,-0.));
#7801 = ORIENTED_EDGE('',*,*,#7802,.F.);
#7802 = EDGE_CURVE('',#7786,#7795,#7803,.T.);
#7803 = LINE('',#7804,#7805);
#7804 = CARTESIAN_POINT('',(-45.,21.8475,27.));
#7805 = VECTOR('',#7806,1.);
#7806 = DIRECTION('',(0.,-1.,0.));
#7807 = PLANE('',#7808);
#7808 = AXIS2_PLACEMENT_3D('',#7809,#7810,#7811);
#7809 = CARTESIAN_POINT('',(-48.5,-16.5,27.));
#7810 = DIRECTION('',(0.,0.,1.));
#7811 = DIRECTION('',(1.,0.,-0.));
#7812 = ADVANCED_FACE('',(#7813),#7831,.F.);
#7813 = FACE_BOUND('',#7814,.F.);
#7814 = EDGE_LOOP('',(#7815,#7816,#7817,#7825));
#7815 = ORIENTED_EDGE('',*,*,#7785,.F.);
#7816 = ORIENTED_EDGE('',*,*,#2655,.T.);
#7817 = ORIENTED_EDGE('',*,*,#7818,.T.);
#7818 = EDGE_CURVE('',#2648,#7819,#7821,.T.);
#7819 = VERTEX_POINT('',#7820);
#7820 = CARTESIAN_POINT('',(-45.,-13.5,36.));
#7821 = LINE('',#7822,#7823);
#7822 = CARTESIAN_POINT('',(-48.5,-13.5,36.));
#7823 = VECTOR('',#7824,1.);
#7824 = DIRECTION('',(1.,0.,-0.));
#7825 = ORIENTED_EDGE('',*,*,#7826,.F.);
#7826 = EDGE_CURVE('',#7786,#7819,#7827,.T.);
#7827 = LINE('',#7828,#7829);
#7828 = CARTESIAN_POINT('',(-45.,-13.5,17.5));
#7829 = VECTOR('',#7830,1.);
#7830 = DIRECTION('',(0.,0.,1.));
#7831 = PLANE('',#7832);
#7832 = AXIS2_PLACEMENT_3D('',#7833,#7834,#7835);
#7833 = CARTESIAN_POINT('',(-48.5,-13.5,27.));
#7834 = DIRECTION('',(-0.,1.,0.));
#7835 = DIRECTION('',(0.,0.,1.));
#7836 = ADVANCED_FACE('',(#7837),#7855,.T.);
#7837 = FACE_BOUND('',#7838,.T.);
#7838 = EDGE_LOOP('',(#7839,#7840,#7841,#7849));
#7839 = ORIENTED_EDGE('',*,*,#7794,.F.);
#7840 = ORIENTED_EDGE('',*,*,#2639,.T.);
#7841 = ORIENTED_EDGE('',*,*,#7842,.T.);
#7842 = EDGE_CURVE('',#2640,#7843,#7845,.T.);
#7843 = VERTEX_POINT('',#7844);
#7844 = CARTESIAN_POINT('',(-45.,-16.5,36.));
#7845 = LINE('',#7846,#7847);
#7846 = CARTESIAN_POINT('',(-48.5,-16.5,36.));
#7847 = VECTOR('',#7848,1.);
#7848 = DIRECTION('',(1.,0.,-0.));
#7849 = ORIENTED_EDGE('',*,*,#7850,.F.);
#7850 = EDGE_CURVE('',#7795,#7843,#7851,.T.);
#7851 = LINE('',#7852,#7853);
#7852 = CARTESIAN_POINT('',(-45.,-16.5,17.5));
#7853 = VECTOR('',#7854,1.);
#7854 = DIRECTION('',(0.,0.,1.));
#7855 = PLANE('',#7856);
#7856 = AXIS2_PLACEMENT_3D('',#7857,#7858,#7859);
#7857 = CARTESIAN_POINT('',(-48.5,-16.5,27.));
#7858 = DIRECTION('',(-0.,1.,0.));
#7859 = DIRECTION('',(0.,0.,1.));
#7860 = ADVANCED_FACE('',(#7861),#7872,.F.);
#7861 = FACE_BOUND('',#7862,.F.);
#7862 = EDGE_LOOP('',(#7863,#7864,#7865,#7866));
#7863 = ORIENTED_EDGE('',*,*,#7818,.F.);
#7864 = ORIENTED_EDGE('',*,*,#2647,.T.);
#7865 = ORIENTED_EDGE('',*,*,#7842,.T.);
#7866 = ORIENTED_EDGE('',*,*,#7867,.F.);
#7867 = EDGE_CURVE('',#7819,#7843,#7868,.T.);
#7868 = LINE('',#7869,#7870);
#7869 = CARTESIAN_POINT('',(-45.,21.8475,36.));
#7870 = VECTOR('',#7871,1.);
#7871 = DIRECTION('',(0.,-1.,0.));
#7872 = PLANE('',#7873);
#7873 = AXIS2_PLACEMENT_3D('',#7874,#7875,#7876);
#7874 = CARTESIAN_POINT('',(-48.5,-16.5,36.));
#7875 = DIRECTION('',(0.,0.,1.));
#7876 = DIRECTION('',(1.,0.,-0.));
#7877 = ADVANCED_FACE('',(#7878),#7903,.T.);
#7878 = FACE_BOUND('',#7879,.T.);
#7879 = EDGE_LOOP('',(#7880,#7888,#7889,#7897));
#7880 = ORIENTED_EDGE('',*,*,#7881,.F.);
#7881 = EDGE_CURVE('',#2664,#7882,#7884,.T.);
#7882 = VERTEX_POINT('',#7883);
#7883 = CARTESIAN_POINT('',(-45.,-21.,27.));
#7884 = LINE('',#7885,#7886);
#7885 = CARTESIAN_POINT('',(-48.5,-21.,27.));
#7886 = VECTOR('',#7887,1.);
#7887 = DIRECTION('',(1.,0.,-0.));
#7888 = ORIENTED_EDGE('',*,*,#2663,.T.);
#7889 = ORIENTED_EDGE('',*,*,#7890,.T.);
#7890 = EDGE_CURVE('',#2666,#7891,#7893,.T.);
#7891 = VERTEX_POINT('',#7892);
#7892 = CARTESIAN_POINT('',(-45.,-24.,27.));
#7893 = LINE('',#7894,#7895);
#7894 = CARTESIAN_POINT('',(-48.5,-24.,27.));
#7895 = VECTOR('',#7896,1.);
#7896 = DIRECTION('',(1.,0.,-0.));
#7897 = ORIENTED_EDGE('',*,*,#7898,.F.);
#7898 = EDGE_CURVE('',#7882,#7891,#7899,.T.);
#7899 = LINE('',#7900,#7901);
#7900 = CARTESIAN_POINT('',(-45.,18.0975,27.));
#7901 = VECTOR('',#7902,1.);
#7902 = DIRECTION('',(0.,-1.,0.));
#7903 = PLANE('',#7904);
#7904 = AXIS2_PLACEMENT_3D('',#7905,#7906,#7907);
#7905 = CARTESIAN_POINT('',(-48.5,-24.,27.));
#7906 = DIRECTION('',(0.,0.,1.));
#7907 = DIRECTION('',(1.,0.,-0.));
#7908 = ADVANCED_FACE('',(#7909),#7927,.F.);
#7909 = FACE_BOUND('',#7910,.F.);
#7910 = EDGE_LOOP('',(#7911,#7912,#7913,#7921));
#7911 = ORIENTED_EDGE('',*,*,#7881,.F.);
#7912 = ORIENTED_EDGE('',*,*,#2689,.T.);
#7913 = ORIENTED_EDGE('',*,*,#7914,.T.);
#7914 = EDGE_CURVE('',#2682,#7915,#7917,.T.);
#7915 = VERTEX_POINT('',#7916);
#7916 = CARTESIAN_POINT('',(-45.,-21.,36.));
#7917 = LINE('',#7918,#7919);
#7918 = CARTESIAN_POINT('',(-48.5,-21.,36.));
#7919 = VECTOR('',#7920,1.);
#7920 = DIRECTION('',(1.,0.,-0.));
#7921 = ORIENTED_EDGE('',*,*,#7922,.F.);
#7922 = EDGE_CURVE('',#7882,#7915,#7923,.T.);
#7923 = LINE('',#7924,#7925);
#7924 = CARTESIAN_POINT('',(-45.,-21.,17.5));
#7925 = VECTOR('',#7926,1.);
#7926 = DIRECTION('',(0.,0.,1.));
#7927 = PLANE('',#7928);
#7928 = AXIS2_PLACEMENT_3D('',#7929,#7930,#7931);
#7929 = CARTESIAN_POINT('',(-48.5,-21.,27.));
#7930 = DIRECTION('',(-0.,1.,0.));
#7931 = DIRECTION('',(0.,0.,1.));
#7932 = ADVANCED_FACE('',(#7933),#7951,.T.);
#7933 = FACE_BOUND('',#7934,.T.);
#7934 = EDGE_LOOP('',(#7935,#7936,#7937,#7945));
#7935 = ORIENTED_EDGE('',*,*,#7890,.F.);
#7936 = ORIENTED_EDGE('',*,*,#2673,.T.);
#7937 = ORIENTED_EDGE('',*,*,#7938,.T.);
#7938 = EDGE_CURVE('',#2674,#7939,#7941,.T.);
#7939 = VERTEX_POINT('',#7940);
#7940 = CARTESIAN_POINT('',(-45.,-24.,36.));
#7941 = LINE('',#7942,#7943);
#7942 = CARTESIAN_POINT('',(-48.5,-24.,36.));
#7943 = VECTOR('',#7944,1.);
#7944 = DIRECTION('',(1.,0.,-0.));
#7945 = ORIENTED_EDGE('',*,*,#7946,.F.);
#7946 = EDGE_CURVE('',#7891,#7939,#7947,.T.);
#7947 = LINE('',#7948,#7949);
#7948 = CARTESIAN_POINT('',(-45.,-24.,17.5));
#7949 = VECTOR('',#7950,1.);
#7950 = DIRECTION('',(0.,0.,1.));
#7951 = PLANE('',#7952);
#7952 = AXIS2_PLACEMENT_3D('',#7953,#7954,#7955);
#7953 = CARTESIAN_POINT('',(-48.5,-24.,27.));
#7954 = DIRECTION('',(-0.,1.,0.));
#7955 = DIRECTION('',(0.,0.,1.));
#7956 = ADVANCED_FACE('',(#7957),#7968,.F.);
#7957 = FACE_BOUND('',#7958,.F.);
#7958 = EDGE_LOOP('',(#7959,#7960,#7961,#7962));
#7959 = ORIENTED_EDGE('',*,*,#7914,.F.);
#7960 = ORIENTED_EDGE('',*,*,#2681,.T.);
#7961 = ORIENTED_EDGE('',*,*,#7938,.T.);
#7962 = ORIENTED_EDGE('',*,*,#7963,.F.);
#7963 = EDGE_CURVE('',#7915,#7939,#7964,.T.);
#7964 = LINE('',#7965,#7966);
#7965 = CARTESIAN_POINT('',(-45.,18.0975,36.));
#7966 = VECTOR('',#7967,1.);
#7967 = DIRECTION('',(0.,-1.,0.));
#7968 = PLANE('',#7969);
#7969 = AXIS2_PLACEMENT_3D('',#7970,#7971,#7972);
#7970 = CARTESIAN_POINT('',(-48.5,-24.,36.));
#7971 = DIRECTION('',(0.,0.,1.));
#7972 = DIRECTION('',(1.,0.,-0.));
#7973 = ADVANCED_FACE('',(#7974),#7999,.T.);
#7974 = FACE_BOUND('',#7975,.T.);
#7975 = EDGE_LOOP('',(#7976,#7984,#7985,#7993));
#7976 = ORIENTED_EDGE('',*,*,#7977,.F.);
#7977 = EDGE_CURVE('',#2698,#7978,#7980,.T.);
#7978 = VERTEX_POINT('',#7979);
#7979 = CARTESIAN_POINT('',(-45.,-28.5,27.));
#7980 = LINE('',#7981,#7982);
#7981 = CARTESIAN_POINT('',(-48.5,-28.5,27.));
#7982 = VECTOR('',#7983,1.);
#7983 = DIRECTION('',(1.,0.,-0.));
#7984 = ORIENTED_EDGE('',*,*,#2697,.T.);
#7985 = ORIENTED_EDGE('',*,*,#7986,.T.);
#7986 = EDGE_CURVE('',#2700,#7987,#7989,.T.);
#7987 = VERTEX_POINT('',#7988);
#7988 = CARTESIAN_POINT('',(-45.,-31.5,27.));
#7989 = LINE('',#7990,#7991);
#7990 = CARTESIAN_POINT('',(-48.5,-31.5,27.));
#7991 = VECTOR('',#7992,1.);
#7992 = DIRECTION('',(1.,0.,-0.));
#7993 = ORIENTED_EDGE('',*,*,#7994,.F.);
#7994 = EDGE_CURVE('',#7978,#7987,#7995,.T.);
#7995 = LINE('',#7996,#7997);
#7996 = CARTESIAN_POINT('',(-45.,14.3475,27.));
#7997 = VECTOR('',#7998,1.);
#7998 = DIRECTION('',(0.,-1.,0.));
#7999 = PLANE('',#8000);
#8000 = AXIS2_PLACEMENT_3D('',#8001,#8002,#8003);
#8001 = CARTESIAN_POINT('',(-48.5,-31.5,27.));
#8002 = DIRECTION('',(0.,0.,1.));
#8003 = DIRECTION('',(1.,0.,-0.));
#8004 = ADVANCED_FACE('',(#8005),#8023,.F.);
#8005 = FACE_BOUND('',#8006,.F.);
#8006 = EDGE_LOOP('',(#8007,#8008,#8009,#8017));
#8007 = ORIENTED_EDGE('',*,*,#7977,.F.);
#8008 = ORIENTED_EDGE('',*,*,#2723,.T.);
#8009 = ORIENTED_EDGE('',*,*,#8010,.T.);
#8010 = EDGE_CURVE('',#2716,#8011,#8013,.T.);
#8011 = VERTEX_POINT('',#8012);
#8012 = CARTESIAN_POINT('',(-45.,-28.5,36.));
#8013 = LINE('',#8014,#8015);
#8014 = CARTESIAN_POINT('',(-48.5,-28.5,36.));
#8015 = VECTOR('',#8016,1.);
#8016 = DIRECTION('',(1.,0.,-0.));
#8017 = ORIENTED_EDGE('',*,*,#8018,.F.);
#8018 = EDGE_CURVE('',#7978,#8011,#8019,.T.);
#8019 = LINE('',#8020,#8021);
#8020 = CARTESIAN_POINT('',(-45.,-28.5,17.5));
#8021 = VECTOR('',#8022,1.);
#8022 = DIRECTION('',(0.,0.,1.));
#8023 = PLANE('',#8024);
#8024 = AXIS2_PLACEMENT_3D('',#8025,#8026,#8027);
#8025 = CARTESIAN_POINT('',(-48.5,-28.5,27.));
#8026 = DIRECTION('',(-0.,1.,0.));
#8027 = DIRECTION('',(0.,0.,1.));
#8028 = ADVANCED_FACE('',(#8029),#8047,.T.);
#8029 = FACE_BOUND('',#8030,.T.);
#8030 = EDGE_LOOP('',(#8031,#8032,#8033,#8041));
#8031 = ORIENTED_EDGE('',*,*,#7986,.F.);
#8032 = ORIENTED_EDGE('',*,*,#2707,.T.);
#8033 = ORIENTED_EDGE('',*,*,#8034,.T.);
#8034 = EDGE_CURVE('',#2708,#8035,#8037,.T.);
#8035 = VERTEX_POINT('',#8036);
#8036 = CARTESIAN_POINT('',(-45.,-31.5,36.));
#8037 = LINE('',#8038,#8039);
#8038 = CARTESIAN_POINT('',(-48.5,-31.5,36.));
#8039 = VECTOR('',#8040,1.);
#8040 = DIRECTION('',(1.,0.,-0.));
#8041 = ORIENTED_EDGE('',*,*,#8042,.F.);
#8042 = EDGE_CURVE('',#7987,#8035,#8043,.T.);
#8043 = LINE('',#8044,#8045);
#8044 = CARTESIAN_POINT('',(-45.,-31.5,17.5));
#8045 = VECTOR('',#8046,1.);
#8046 = DIRECTION('',(0.,0.,1.));
#8047 = PLANE('',#8048);
#8048 = AXIS2_PLACEMENT_3D('',#8049,#8050,#8051);
#8049 = CARTESIAN_POINT('',(-48.5,-31.5,27.));
#8050 = DIRECTION('',(-0.,1.,0.));
#8051 = DIRECTION('',(0.,0.,1.));
#8052 = ADVANCED_FACE('',(#8053),#8064,.F.);
#8053 = FACE_BOUND('',#8054,.F.);
#8054 = EDGE_LOOP('',(#8055,#8056,#8057,#8058));
#8055 = ORIENTED_EDGE('',*,*,#8010,.F.);
#8056 = ORIENTED_EDGE('',*,*,#2715,.T.);
#8057 = ORIENTED_EDGE('',*,*,#8034,.T.);
#8058 = ORIENTED_EDGE('',*,*,#8059,.F.);
#8059 = EDGE_CURVE('',#8011,#8035,#8060,.T.);
#8060 = LINE('',#8061,#8062);
#8061 = CARTESIAN_POINT('',(-45.,14.3475,36.));
#8062 = VECTOR('',#8063,1.);
#8063 = DIRECTION('',(0.,-1.,0.));
#8064 = PLANE('',#8065);
#8065 = AXIS2_PLACEMENT_3D('',#8066,#8067,#8068);
#8066 = CARTESIAN_POINT('',(-48.5,-31.5,36.));
#8067 = DIRECTION('',(0.,0.,1.));
#8068 = DIRECTION('',(1.,0.,-0.));
#8069 = ADVANCED_FACE('',(#8070),#8095,.T.);
#8070 = FACE_BOUND('',#8071,.T.);
#8071 = EDGE_LOOP('',(#8072,#8080,#8081,#8089));
#8072 = ORIENTED_EDGE('',*,*,#8073,.F.);
#8073 = EDGE_CURVE('',#2732,#8074,#8076,.T.);
#8074 = VERTEX_POINT('',#8075);
#8075 = CARTESIAN_POINT('',(-45.,-36.,27.));
#8076 = LINE('',#8077,#8078);
#8077 = CARTESIAN_POINT('',(-48.5,-36.,27.));
#8078 = VECTOR('',#8079,1.);
#8079 = DIRECTION('',(1.,0.,-0.));
#8080 = ORIENTED_EDGE('',*,*,#2731,.T.);
#8081 = ORIENTED_EDGE('',*,*,#8082,.T.);
#8082 = EDGE_CURVE('',#2734,#8083,#8085,.T.);
#8083 = VERTEX_POINT('',#8084);
#8084 = CARTESIAN_POINT('',(-45.,-39.,27.));
#8085 = LINE('',#8086,#8087);
#8086 = CARTESIAN_POINT('',(-48.5,-39.,27.));
#8087 = VECTOR('',#8088,1.);
#8088 = DIRECTION('',(1.,0.,-0.));
#8089 = ORIENTED_EDGE('',*,*,#8090,.F.);
#8090 = EDGE_CURVE('',#8074,#8083,#8091,.T.);
#8091 = LINE('',#8092,#8093);
#8092 = CARTESIAN_POINT('',(-45.,10.5975,27.));
#8093 = VECTOR('',#8094,1.);
#8094 = DIRECTION('',(0.,-1.,0.));
#8095 = PLANE('',#8096);
#8096 = AXIS2_PLACEMENT_3D('',#8097,#8098,#8099);
#8097 = CARTESIAN_POINT('',(-48.5,-39.,27.));
#8098 = DIRECTION('',(0.,0.,1.));
#8099 = DIRECTION('',(1.,0.,-0.));
#8100 = ADVANCED_FACE('',(#8101),#8119,.F.);
#8101 = FACE_BOUND('',#8102,.F.);
#8102 = EDGE_LOOP('',(#8103,#8104,#8105,#8113));
#8103 = ORIENTED_EDGE('',*,*,#8073,.F.);
#8104 = ORIENTED_EDGE('',*,*,#2757,.T.);
#8105 = ORIENTED_EDGE('',*,*,#8106,.T.);
#8106 = EDGE_CURVE('',#2750,#8107,#8109,.T.);
#8107 = VERTEX_POINT('',#8108);
#8108 = CARTESIAN_POINT('',(-45.,-36.,36.));
#8109 = LINE('',#8110,#8111);
#8110 = CARTESIAN_POINT('',(-48.5,-36.,36.));
#8111 = VECTOR('',#8112,1.);
#8112 = DIRECTION('',(1.,0.,-0.));
#8113 = ORIENTED_EDGE('',*,*,#8114,.F.);
#8114 = EDGE_CURVE('',#8074,#8107,#8115,.T.);
#8115 = LINE('',#8116,#8117);
#8116 = CARTESIAN_POINT('',(-45.,-36.,17.5));
#8117 = VECTOR('',#8118,1.);
#8118 = DIRECTION('',(0.,0.,1.));
#8119 = PLANE('',#8120);
#8120 = AXIS2_PLACEMENT_3D('',#8121,#8122,#8123);
#8121 = CARTESIAN_POINT('',(-48.5,-36.,27.));
#8122 = DIRECTION('',(-0.,1.,0.));
#8123 = DIRECTION('',(0.,0.,1.));
#8124 = ADVANCED_FACE('',(#8125),#8143,.T.);
#8125 = FACE_BOUND('',#8126,.T.);
#8126 = EDGE_LOOP('',(#8127,#8128,#8129,#8137));
#8127 = ORIENTED_EDGE('',*,*,#8082,.F.);
#8128 = ORIENTED_EDGE('',*,*,#2741,.T.);
#8129 = ORIENTED_EDGE('',*,*,#8130,.T.);
#8130 = EDGE_CURVE('',#2742,#8131,#8133,.T.);
#8131 = VERTEX_POINT('',#8132);
#8132 = CARTESIAN_POINT('',(-45.,-39.,36.));
#8133 = LINE('',#8134,#8135);
#8134 = CARTESIAN_POINT('',(-48.5,-39.,36.));
#8135 = VECTOR('',#8136,1.);
#8136 = DIRECTION('',(1.,0.,-0.));
#8137 = ORIENTED_EDGE('',*,*,#8138,.F.);
#8138 = EDGE_CURVE('',#8083,#8131,#8139,.T.);
#8139 = LINE('',#8140,#8141);
#8140 = CARTESIAN_POINT('',(-45.,-39.,17.5));
#8141 = VECTOR('',#8142,1.);
#8142 = DIRECTION('',(0.,0.,1.));
#8143 = PLANE('',#8144);
#8144 = AXIS2_PLACEMENT_3D('',#8145,#8146,#8147);
#8145 = CARTESIAN_POINT('',(-48.5,-39.,27.));
#8146 = DIRECTION('',(-0.,1.,0.));
#8147 = DIRECTION('',(0.,0.,1.));
#8148 = ADVANCED_FACE('',(#8149),#8160,.F.);
#8149 = FACE_BOUND('',#8150,.F.);
#8150 = EDGE_LOOP('',(#8151,#8152,#8153,#8154));
#8151 = ORIENTED_EDGE('',*,*,#8106,.F.);
#8152 = ORIENTED_EDGE('',*,*,#2749,.T.);
#8153 = ORIENTED_EDGE('',*,*,#8130,.T.);
#8154 = ORIENTED_EDGE('',*,*,#8155,.F.);
#8155 = EDGE_CURVE('',#8107,#8131,#8156,.T.);
#8156 = LINE('',#8157,#8158);
#8157 = CARTESIAN_POINT('',(-45.,10.5975,36.));
#8158 = VECTOR('',#8159,1.);
#8159 = DIRECTION('',(0.,-1.,0.));
#8160 = PLANE('',#8161);
#8161 = AXIS2_PLACEMENT_3D('',#8162,#8163,#8164);
#8162 = CARTESIAN_POINT('',(-48.5,-39.,36.));
#8163 = DIRECTION('',(0.,0.,1.));
#8164 = DIRECTION('',(1.,0.,-0.));
#8165 = ADVANCED_FACE('',(#8166),#8191,.T.);
#8166 = FACE_BOUND('',#8167,.T.);
#8167 = EDGE_LOOP('',(#8168,#8176,#8177,#8185));
#8168 = ORIENTED_EDGE('',*,*,#8169,.F.);
#8169 = EDGE_CURVE('',#2766,#8170,#8172,.T.);
#8170 = VERTEX_POINT('',#8171);
#8171 = CARTESIAN_POINT('',(-45.,-43.5,27.));
#8172 = LINE('',#8173,#8174);
#8173 = CARTESIAN_POINT('',(-48.5,-43.5,27.));
#8174 = VECTOR('',#8175,1.);
#8175 = DIRECTION('',(1.,0.,-0.));
#8176 = ORIENTED_EDGE('',*,*,#2765,.T.);
#8177 = ORIENTED_EDGE('',*,*,#8178,.T.);
#8178 = EDGE_CURVE('',#2768,#8179,#8181,.T.);
#8179 = VERTEX_POINT('',#8180);
#8180 = CARTESIAN_POINT('',(-45.,-46.5,27.));
#8181 = LINE('',#8182,#8183);
#8182 = CARTESIAN_POINT('',(-48.5,-46.5,27.));
#8183 = VECTOR('',#8184,1.);
#8184 = DIRECTION('',(1.,0.,-0.));
#8185 = ORIENTED_EDGE('',*,*,#8186,.F.);
#8186 = EDGE_CURVE('',#8170,#8179,#8187,.T.);
#8187 = LINE('',#8188,#8189);
#8188 = CARTESIAN_POINT('',(-45.,6.8475,27.));
#8189 = VECTOR('',#8190,1.);
#8190 = DIRECTION('',(0.,-1.,0.));
#8191 = PLANE('',#8192);
#8192 = AXIS2_PLACEMENT_3D('',#8193,#8194,#8195);
#8193 = CARTESIAN_POINT('',(-48.5,-46.5,27.));
#8194 = DIRECTION('',(0.,0.,1.));
#8195 = DIRECTION('',(1.,0.,-0.));
#8196 = ADVANCED_FACE('',(#8197),#8215,.F.);
#8197 = FACE_BOUND('',#8198,.F.);
#8198 = EDGE_LOOP('',(#8199,#8200,#8201,#8209));
#8199 = ORIENTED_EDGE('',*,*,#8169,.F.);
#8200 = ORIENTED_EDGE('',*,*,#2791,.T.);
#8201 = ORIENTED_EDGE('',*,*,#8202,.T.);
#8202 = EDGE_CURVE('',#2784,#8203,#8205,.T.);
#8203 = VERTEX_POINT('',#8204);
#8204 = CARTESIAN_POINT('',(-45.,-43.5,36.));
#8205 = LINE('',#8206,#8207);
#8206 = CARTESIAN_POINT('',(-48.5,-43.5,36.));
#8207 = VECTOR('',#8208,1.);
#8208 = DIRECTION('',(1.,0.,-0.));
#8209 = ORIENTED_EDGE('',*,*,#8210,.F.);
#8210 = EDGE_CURVE('',#8170,#8203,#8211,.T.);
#8211 = LINE('',#8212,#8213);
#8212 = CARTESIAN_POINT('',(-45.,-43.5,17.5));
#8213 = VECTOR('',#8214,1.);
#8214 = DIRECTION('',(0.,0.,1.));
#8215 = PLANE('',#8216);
#8216 = AXIS2_PLACEMENT_3D('',#8217,#8218,#8219);
#8217 = CARTESIAN_POINT('',(-48.5,-43.5,27.));
#8218 = DIRECTION('',(-0.,1.,0.));
#8219 = DIRECTION('',(0.,0.,1.));
#8220 = ADVANCED_FACE('',(#8221),#8239,.T.);
#8221 = FACE_BOUND('',#8222,.T.);
#8222 = EDGE_LOOP('',(#8223,#8224,#8225,#8233));
#8223 = ORIENTED_EDGE('',*,*,#8178,.F.);
#8224 = ORIENTED_EDGE('',*,*,#2775,.T.);
#8225 = ORIENTED_EDGE('',*,*,#8226,.T.);
#8226 = EDGE_CURVE('',#2776,#8227,#8229,.T.);
#8227 = VERTEX_POINT('',#8228);
#8228 = CARTESIAN_POINT('',(-45.,-46.5,36.));
#8229 = LINE('',#8230,#8231);
#8230 = CARTESIAN_POINT('',(-48.5,-46.5,36.));
#8231 = VECTOR('',#8232,1.);
#8232 = DIRECTION('',(1.,0.,-0.));
#8233 = ORIENTED_EDGE('',*,*,#8234,.F.);
#8234 = EDGE_CURVE('',#8179,#8227,#8235,.T.);
#8235 = LINE('',#8236,#8237);
#8236 = CARTESIAN_POINT('',(-45.,-46.5,17.5));
#8237 = VECTOR('',#8238,1.);
#8238 = DIRECTION('',(0.,0.,1.));
#8239 = PLANE('',#8240);
#8240 = AXIS2_PLACEMENT_3D('',#8241,#8242,#8243);
#8241 = CARTESIAN_POINT('',(-48.5,-46.5,27.));
#8242 = DIRECTION('',(-0.,1.,0.));
#8243 = DIRECTION('',(0.,0.,1.));
#8244 = ADVANCED_FACE('',(#8245),#8256,.F.);
#8245 = FACE_BOUND('',#8246,.F.);
#8246 = EDGE_LOOP('',(#8247,#8248,#8249,#8250));
#8247 = ORIENTED_EDGE('',*,*,#8202,.F.);
#8248 = ORIENTED_EDGE('',*,*,#2783,.T.);
#8249 = ORIENTED_EDGE('',*,*,#8226,.T.);
#8250 = ORIENTED_EDGE('',*,*,#8251,.F.);
#8251 = EDGE_CURVE('',#8203,#8227,#8252,.T.);
#8252 = LINE('',#8253,#8254);
#8253 = CARTESIAN_POINT('',(-45.,6.8475,36.));
#8254 = VECTOR('',#8255,1.);
#8255 = DIRECTION('',(0.,-1.,0.));
#8256 = PLANE('',#8257);
#8257 = AXIS2_PLACEMENT_3D('',#8258,#8259,#8260);
#8258 = CARTESIAN_POINT('',(-48.5,-46.5,36.));
#8259 = DIRECTION('',(0.,0.,1.));
#8260 = DIRECTION('',(1.,0.,-0.));
#8261 = ADVANCED_FACE('',(#8262),#8287,.T.);
#8262 = FACE_BOUND('',#8263,.T.);
#8263 = EDGE_LOOP('',(#8264,#8272,#8273,#8281));
#8264 = ORIENTED_EDGE('',*,*,#8265,.F.);
#8265 = EDGE_CURVE('',#2800,#8266,#8268,.T.);
#8266 = VERTEX_POINT('',#8267);
#8267 = CARTESIAN_POINT('',(-45.,-51.,27.));
#8268 = LINE('',#8269,#8270);
#8269 = CARTESIAN_POINT('',(-48.5,-51.,27.));
#8270 = VECTOR('',#8271,1.);
#8271 = DIRECTION('',(1.,0.,-0.));
#8272 = ORIENTED_EDGE('',*,*,#2799,.T.);
#8273 = ORIENTED_EDGE('',*,*,#8274,.T.);
#8274 = EDGE_CURVE('',#2802,#8275,#8277,.T.);
#8275 = VERTEX_POINT('',#8276);
#8276 = CARTESIAN_POINT('',(-45.,-54.,27.));
#8277 = LINE('',#8278,#8279);
#8278 = CARTESIAN_POINT('',(-48.5,-54.,27.));
#8279 = VECTOR('',#8280,1.);
#8280 = DIRECTION('',(1.,0.,-0.));
#8281 = ORIENTED_EDGE('',*,*,#8282,.F.);
#8282 = EDGE_CURVE('',#8266,#8275,#8283,.T.);
#8283 = LINE('',#8284,#8285);
#8284 = CARTESIAN_POINT('',(-45.,3.0975,27.));
#8285 = VECTOR('',#8286,1.);
#8286 = DIRECTION('',(0.,-1.,0.));
#8287 = PLANE('',#8288);
#8288 = AXIS2_PLACEMENT_3D('',#8289,#8290,#8291);
#8289 = CARTESIAN_POINT('',(-48.5,-54.,27.));
#8290 = DIRECTION('',(0.,0.,1.));
#8291 = DIRECTION('',(1.,0.,-0.));
#8292 = ADVANCED_FACE('',(#8293),#8311,.F.);
#8293 = FACE_BOUND('',#8294,.F.);
#8294 = EDGE_LOOP('',(#8295,#8296,#8297,#8305));
#8295 = ORIENTED_EDGE('',*,*,#8265,.F.);
#8296 = ORIENTED_EDGE('',*,*,#2825,.T.);
#8297 = ORIENTED_EDGE('',*,*,#8298,.T.);
#8298 = EDGE_CURVE('',#2818,#8299,#8301,.T.);
#8299 = VERTEX_POINT('',#8300);
#8300 = CARTESIAN_POINT('',(-45.,-51.,36.));
#8301 = LINE('',#8302,#8303);
#8302 = CARTESIAN_POINT('',(-48.5,-51.,36.));
#8303 = VECTOR('',#8304,1.);
#8304 = DIRECTION('',(1.,0.,-0.));
#8305 = ORIENTED_EDGE('',*,*,#8306,.F.);
#8306 = EDGE_CURVE('',#8266,#8299,#8307,.T.);
#8307 = LINE('',#8308,#8309);
#8308 = CARTESIAN_POINT('',(-45.,-51.,17.5));
#8309 = VECTOR('',#8310,1.);
#8310 = DIRECTION('',(0.,0.,1.));
#8311 = PLANE('',#8312);
#8312 = AXIS2_PLACEMENT_3D('',#8313,#8314,#8315);
#8313 = CARTESIAN_POINT('',(-48.5,-51.,27.));
#8314 = DIRECTION('',(-0.,1.,0.));
#8315 = DIRECTION('',(0.,0.,1.));
#8316 = ADVANCED_FACE('',(#8317),#8335,.T.);
#8317 = FACE_BOUND('',#8318,.T.);
#8318 = EDGE_LOOP('',(#8319,#8320,#8321,#8329));
#8319 = ORIENTED_EDGE('',*,*,#8274,.F.);
#8320 = ORIENTED_EDGE('',*,*,#2809,.T.);
#8321 = ORIENTED_EDGE('',*,*,#8322,.T.);
#8322 = EDGE_CURVE('',#2810,#8323,#8325,.T.);
#8323 = VERTEX_POINT('',#8324);
#8324 = CARTESIAN_POINT('',(-45.,-54.,36.));
#8325 = LINE('',#8326,#8327);
#8326 = CARTESIAN_POINT('',(-48.5,-54.,36.));
#8327 = VECTOR('',#8328,1.);
#8328 = DIRECTION('',(1.,0.,-0.));
#8329 = ORIENTED_EDGE('',*,*,#8330,.F.);
#8330 = EDGE_CURVE('',#8275,#8323,#8331,.T.);
#8331 = LINE('',#8332,#8333);
#8332 = CARTESIAN_POINT('',(-45.,-54.,17.5));
#8333 = VECTOR('',#8334,1.);
#8334 = DIRECTION('',(0.,0.,1.));
#8335 = PLANE('',#8336);
#8336 = AXIS2_PLACEMENT_3D('',#8337,#8338,#8339);
#8337 = CARTESIAN_POINT('',(-48.5,-54.,27.));
#8338 = DIRECTION('',(-0.,1.,0.));
#8339 = DIRECTION('',(0.,0.,1.));
#8340 = ADVANCED_FACE('',(#8341),#8352,.F.);
#8341 = FACE_BOUND('',#8342,.F.);
#8342 = EDGE_LOOP('',(#8343,#8344,#8345,#8346));
#8343 = ORIENTED_EDGE('',*,*,#8298,.F.);
#8344 = ORIENTED_EDGE('',*,*,#2817,.T.);
#8345 = ORIENTED_EDGE('',*,*,#8322,.T.);
#8346 = ORIENTED_EDGE('',*,*,#8347,.F.);
#8347 = EDGE_CURVE('',#8299,#8323,#8348,.T.);
#8348 = LINE('',#8349,#8350);
#8349 = CARTESIAN_POINT('',(-45.,3.0975,36.));
#8350 = VECTOR('',#8351,1.);
#8351 = DIRECTION('',(0.,-1.,0.));
#8352 = PLANE('',#8353);
#8353 = AXIS2_PLACEMENT_3D('',#8354,#8355,#8356);
#8354 = CARTESIAN_POINT('',(-48.5,-54.,36.));
#8355 = DIRECTION('',(0.,0.,1.));
#8356 = DIRECTION('',(1.,0.,-0.));
#8357 = ADVANCED_FACE('',(#8358),#8383,.T.);
#8358 = FACE_BOUND('',#8359,.T.);
#8359 = EDGE_LOOP('',(#8360,#8368,#8369,#8377));
#8360 = ORIENTED_EDGE('',*,*,#8361,.F.);
#8361 = EDGE_CURVE('',#2834,#8362,#8364,.T.);
#8362 = VERTEX_POINT('',#8363);
#8363 = CARTESIAN_POINT('',(-45.,54.,16.));
#8364 = LINE('',#8365,#8366);
#8365 = CARTESIAN_POINT('',(-48.5,54.,16.));
#8366 = VECTOR('',#8367,1.);
#8367 = DIRECTION('',(1.,0.,-0.));
#8368 = ORIENTED_EDGE('',*,*,#2833,.T.);
#8369 = ORIENTED_EDGE('',*,*,#8370,.T.);
#8370 = EDGE_CURVE('',#2836,#8371,#8373,.T.);
#8371 = VERTEX_POINT('',#8372);
#8372 = CARTESIAN_POINT('',(-45.,51.,16.));
#8373 = LINE('',#8374,#8375);
#8374 = CARTESIAN_POINT('',(-48.5,51.,16.));
#8375 = VECTOR('',#8376,1.);
#8376 = DIRECTION('',(1.,0.,-0.));
#8377 = ORIENTED_EDGE('',*,*,#8378,.F.);
#8378 = EDGE_CURVE('',#8362,#8371,#8379,.T.);
#8379 = LINE('',#8380,#8381);
#8380 = CARTESIAN_POINT('',(-45.,55.5975,16.));
#8381 = VECTOR('',#8382,1.);
#8382 = DIRECTION('',(0.,-1.,0.));
#8383 = PLANE('',#8384);
#8384 = AXIS2_PLACEMENT_3D('',#8385,#8386,#8387);
#8385 = CARTESIAN_POINT('',(-48.5,51.,16.));
#8386 = DIRECTION('',(0.,0.,1.));
#8387 = DIRECTION('',(1.,0.,-0.));
#8388 = ADVANCED_FACE('',(#8389),#8407,.F.);
#8389 = FACE_BOUND('',#8390,.F.);
#8390 = EDGE_LOOP('',(#8391,#8392,#8393,#8401));
#8391 = ORIENTED_EDGE('',*,*,#8361,.F.);
#8392 = ORIENTED_EDGE('',*,*,#2859,.T.);
#8393 = ORIENTED_EDGE('',*,*,#8394,.T.);
#8394 = EDGE_CURVE('',#2852,#8395,#8397,.T.);
#8395 = VERTEX_POINT('',#8396);
#8396 = CARTESIAN_POINT('',(-45.,54.,25.));
#8397 = LINE('',#8398,#8399);
#8398 = CARTESIAN_POINT('',(-48.5,54.,25.));
#8399 = VECTOR('',#8400,1.);
#8400 = DIRECTION('',(1.,0.,-0.));
#8401 = ORIENTED_EDGE('',*,*,#8402,.F.);
#8402 = EDGE_CURVE('',#8362,#8395,#8403,.T.);
#8403 = LINE('',#8404,#8405);
#8404 = CARTESIAN_POINT('',(-45.,54.,12.));
#8405 = VECTOR('',#8406,1.);
#8406 = DIRECTION('',(0.,0.,1.));
#8407 = PLANE('',#8408);
#8408 = AXIS2_PLACEMENT_3D('',#8409,#8410,#8411);
#8409 = CARTESIAN_POINT('',(-48.5,54.,16.));
#8410 = DIRECTION('',(-0.,1.,0.));
#8411 = DIRECTION('',(0.,0.,1.));
#8412 = ADVANCED_FACE('',(#8413),#8431,.T.);
#8413 = FACE_BOUND('',#8414,.T.);
#8414 = EDGE_LOOP('',(#8415,#8416,#8417,#8425));
#8415 = ORIENTED_EDGE('',*,*,#8370,.F.);
#8416 = ORIENTED_EDGE('',*,*,#2843,.T.);
#8417 = ORIENTED_EDGE('',*,*,#8418,.T.);
#8418 = EDGE_CURVE('',#2844,#8419,#8421,.T.);
#8419 = VERTEX_POINT('',#8420);
#8420 = CARTESIAN_POINT('',(-45.,51.,25.));
#8421 = LINE('',#8422,#8423);
#8422 = CARTESIAN_POINT('',(-48.5,51.,25.));
#8423 = VECTOR('',#8424,1.);
#8424 = DIRECTION('',(1.,0.,-0.));
#8425 = ORIENTED_EDGE('',*,*,#8426,.F.);
#8426 = EDGE_CURVE('',#8371,#8419,#8427,.T.);
#8427 = LINE('',#8428,#8429);
#8428 = CARTESIAN_POINT('',(-45.,51.,12.));
#8429 = VECTOR('',#8430,1.);
#8430 = DIRECTION('',(0.,0.,1.));
#8431 = PLANE('',#8432);
#8432 = AXIS2_PLACEMENT_3D('',#8433,#8434,#8435);
#8433 = CARTESIAN_POINT('',(-48.5,51.,16.));
#8434 = DIRECTION('',(-0.,1.,0.));
#8435 = DIRECTION('',(0.,0.,1.));
#8436 = ADVANCED_FACE('',(#8437),#8448,.F.);
#8437 = FACE_BOUND('',#8438,.F.);
#8438 = EDGE_LOOP('',(#8439,#8440,#8441,#8442));
#8439 = ORIENTED_EDGE('',*,*,#8394,.F.);
#8440 = ORIENTED_EDGE('',*,*,#2851,.T.);
#8441 = ORIENTED_EDGE('',*,*,#8418,.T.);
#8442 = ORIENTED_EDGE('',*,*,#8443,.F.);
#8443 = EDGE_CURVE('',#8395,#8419,#8444,.T.);
#8444 = LINE('',#8445,#8446);
#8445 = CARTESIAN_POINT('',(-45.,55.5975,25.));
#8446 = VECTOR('',#8447,1.);
#8447 = DIRECTION('',(0.,-1.,0.));
#8448 = PLANE('',#8449);
#8449 = AXIS2_PLACEMENT_3D('',#8450,#8451,#8452);
#8450 = CARTESIAN_POINT('',(-48.5,51.,25.));
#8451 = DIRECTION('',(0.,0.,1.));
#8452 = DIRECTION('',(1.,0.,-0.));
#8453 = ADVANCED_FACE('',(#8454),#8479,.T.);
#8454 = FACE_BOUND('',#8455,.T.);
#8455 = EDGE_LOOP('',(#8456,#8464,#8465,#8473));
#8456 = ORIENTED_EDGE('',*,*,#8457,.F.);
#8457 = EDGE_CURVE('',#2868,#8458,#8460,.T.);
#8458 = VERTEX_POINT('',#8459);
#8459 = CARTESIAN_POINT('',(-45.,46.5,16.));
#8460 = LINE('',#8461,#8462);
#8461 = CARTESIAN_POINT('',(-48.5,46.5,16.));
#8462 = VECTOR('',#8463,1.);
#8463 = DIRECTION('',(1.,0.,-0.));
#8464 = ORIENTED_EDGE('',*,*,#2867,.T.);
#8465 = ORIENTED_EDGE('',*,*,#8466,.T.);
#8466 = EDGE_CURVE('',#2870,#8467,#8469,.T.);
#8467 = VERTEX_POINT('',#8468);
#8468 = CARTESIAN_POINT('',(-45.,43.5,16.));
#8469 = LINE('',#8470,#8471);
#8470 = CARTESIAN_POINT('',(-48.5,43.5,16.));
#8471 = VECTOR('',#8472,1.);
#8472 = DIRECTION('',(1.,0.,-0.));
#8473 = ORIENTED_EDGE('',*,*,#8474,.F.);
#8474 = EDGE_CURVE('',#8458,#8467,#8475,.T.);
#8475 = LINE('',#8476,#8477);
#8476 = CARTESIAN_POINT('',(-45.,51.8475,16.));
#8477 = VECTOR('',#8478,1.);
#8478 = DIRECTION('',(0.,-1.,0.));
#8479 = PLANE('',#8480);
#8480 = AXIS2_PLACEMENT_3D('',#8481,#8482,#8483);
#8481 = CARTESIAN_POINT('',(-48.5,43.5,16.));
#8482 = DIRECTION('',(0.,0.,1.));
#8483 = DIRECTION('',(1.,0.,-0.));
#8484 = ADVANCED_FACE('',(#8485),#8503,.F.);
#8485 = FACE_BOUND('',#8486,.F.);
#8486 = EDGE_LOOP('',(#8487,#8488,#8489,#8497));
#8487 = ORIENTED_EDGE('',*,*,#8457,.F.);
#8488 = ORIENTED_EDGE('',*,*,#2893,.T.);
#8489 = ORIENTED_EDGE('',*,*,#8490,.T.);
#8490 = EDGE_CURVE('',#2886,#8491,#8493,.T.);
#8491 = VERTEX_POINT('',#8492);
#8492 = CARTESIAN_POINT('',(-45.,46.5,25.));
#8493 = LINE('',#8494,#8495);
#8494 = CARTESIAN_POINT('',(-48.5,46.5,25.));
#8495 = VECTOR('',#8496,1.);
#8496 = DIRECTION('',(1.,0.,-0.));
#8497 = ORIENTED_EDGE('',*,*,#8498,.F.);
#8498 = EDGE_CURVE('',#8458,#8491,#8499,.T.);
#8499 = LINE('',#8500,#8501);
#8500 = CARTESIAN_POINT('',(-45.,46.5,12.));
#8501 = VECTOR('',#8502,1.);
#8502 = DIRECTION('',(0.,0.,1.));
#8503 = PLANE('',#8504);
#8504 = AXIS2_PLACEMENT_3D('',#8505,#8506,#8507);
#8505 = CARTESIAN_POINT('',(-48.5,46.5,16.));
#8506 = DIRECTION('',(-0.,1.,0.));
#8507 = DIRECTION('',(0.,0.,1.));
#8508 = ADVANCED_FACE('',(#8509),#8527,.T.);
#8509 = FACE_BOUND('',#8510,.T.);
#8510 = EDGE_LOOP('',(#8511,#8512,#8513,#8521));
#8511 = ORIENTED_EDGE('',*,*,#8466,.F.);
#8512 = ORIENTED_EDGE('',*,*,#2877,.T.);
#8513 = ORIENTED_EDGE('',*,*,#8514,.T.);
#8514 = EDGE_CURVE('',#2878,#8515,#8517,.T.);
#8515 = VERTEX_POINT('',#8516);
#8516 = CARTESIAN_POINT('',(-45.,43.5,25.));
#8517 = LINE('',#8518,#8519);
#8518 = CARTESIAN_POINT('',(-48.5,43.5,25.));
#8519 = VECTOR('',#8520,1.);
#8520 = DIRECTION('',(1.,0.,-0.));
#8521 = ORIENTED_EDGE('',*,*,#8522,.F.);
#8522 = EDGE_CURVE('',#8467,#8515,#8523,.T.);
#8523 = LINE('',#8524,#8525);
#8524 = CARTESIAN_POINT('',(-45.,43.5,12.));
#8525 = VECTOR('',#8526,1.);
#8526 = DIRECTION('',(0.,0.,1.));
#8527 = PLANE('',#8528);
#8528 = AXIS2_PLACEMENT_3D('',#8529,#8530,#8531);
#8529 = CARTESIAN_POINT('',(-48.5,43.5,16.));
#8530 = DIRECTION('',(-0.,1.,0.));
#8531 = DIRECTION('',(0.,0.,1.));
#8532 = ADVANCED_FACE('',(#8533),#8544,.F.);
#8533 = FACE_BOUND('',#8534,.F.);
#8534 = EDGE_LOOP('',(#8535,#8536,#8537,#8538));
#8535 = ORIENTED_EDGE('',*,*,#8490,.F.);
#8536 = ORIENTED_EDGE('',*,*,#2885,.T.);
#8537 = ORIENTED_EDGE('',*,*,#8514,.T.);
#8538 = ORIENTED_EDGE('',*,*,#8539,.F.);
#8539 = EDGE_CURVE('',#8491,#8515,#8540,.T.);
#8540 = LINE('',#8541,#8542);
#8541 = CARTESIAN_POINT('',(-45.,51.8475,25.));
#8542 = VECTOR('',#8543,1.);
#8543 = DIRECTION('',(0.,-1.,0.));
#8544 = PLANE('',#8545);
#8545 = AXIS2_PLACEMENT_3D('',#8546,#8547,#8548);
#8546 = CARTESIAN_POINT('',(-48.5,43.5,25.));
#8547 = DIRECTION('',(0.,0.,1.));
#8548 = DIRECTION('',(1.,0.,-0.));
#8549 = ADVANCED_FACE('',(#8550),#8575,.T.);
#8550 = FACE_BOUND('',#8551,.T.);
#8551 = EDGE_LOOP('',(#8552,#8560,#8561,#8569));
#8552 = ORIENTED_EDGE('',*,*,#8553,.F.);
#8553 = EDGE_CURVE('',#2902,#8554,#8556,.T.);
#8554 = VERTEX_POINT('',#8555);
#8555 = CARTESIAN_POINT('',(-45.,39.,16.));
#8556 = LINE('',#8557,#8558);
#8557 = CARTESIAN_POINT('',(-48.5,39.,16.));
#8558 = VECTOR('',#8559,1.);
#8559 = DIRECTION('',(1.,0.,-0.));
#8560 = ORIENTED_EDGE('',*,*,#2901,.T.);
#8561 = ORIENTED_EDGE('',*,*,#8562,.T.);
#8562 = EDGE_CURVE('',#2904,#8563,#8565,.T.);
#8563 = VERTEX_POINT('',#8564);
#8564 = CARTESIAN_POINT('',(-45.,36.,16.));
#8565 = LINE('',#8566,#8567);
#8566 = CARTESIAN_POINT('',(-48.5,36.,16.));
#8567 = VECTOR('',#8568,1.);
#8568 = DIRECTION('',(1.,0.,-0.));
#8569 = ORIENTED_EDGE('',*,*,#8570,.F.);
#8570 = EDGE_CURVE('',#8554,#8563,#8571,.T.);
#8571 = LINE('',#8572,#8573);
#8572 = CARTESIAN_POINT('',(-45.,48.0975,16.));
#8573 = VECTOR('',#8574,1.);
#8574 = DIRECTION('',(0.,-1.,0.));
#8575 = PLANE('',#8576);
#8576 = AXIS2_PLACEMENT_3D('',#8577,#8578,#8579);
#8577 = CARTESIAN_POINT('',(-48.5,36.,16.));
#8578 = DIRECTION('',(0.,0.,1.));
#8579 = DIRECTION('',(1.,0.,-0.));
#8580 = ADVANCED_FACE('',(#8581),#8599,.F.);
#8581 = FACE_BOUND('',#8582,.F.);
#8582 = EDGE_LOOP('',(#8583,#8584,#8585,#8593));
#8583 = ORIENTED_EDGE('',*,*,#8553,.F.);
#8584 = ORIENTED_EDGE('',*,*,#2927,.T.);
#8585 = ORIENTED_EDGE('',*,*,#8586,.T.);
#8586 = EDGE_CURVE('',#2920,#8587,#8589,.T.);
#8587 = VERTEX_POINT('',#8588);
#8588 = CARTESIAN_POINT('',(-45.,39.,25.));
#8589 = LINE('',#8590,#8591);
#8590 = CARTESIAN_POINT('',(-48.5,39.,25.));
#8591 = VECTOR('',#8592,1.);
#8592 = DIRECTION('',(1.,0.,-0.));
#8593 = ORIENTED_EDGE('',*,*,#8594,.F.);
#8594 = EDGE_CURVE('',#8554,#8587,#8595,.T.);
#8595 = LINE('',#8596,#8597);
#8596 = CARTESIAN_POINT('',(-45.,39.,12.));
#8597 = VECTOR('',#8598,1.);
#8598 = DIRECTION('',(0.,0.,1.));
#8599 = PLANE('',#8600);
#8600 = AXIS2_PLACEMENT_3D('',#8601,#8602,#8603);
#8601 = CARTESIAN_POINT('',(-48.5,39.,16.));
#8602 = DIRECTION('',(-0.,1.,0.));
#8603 = DIRECTION('',(0.,0.,1.));
#8604 = ADVANCED_FACE('',(#8605),#8623,.T.);
#8605 = FACE_BOUND('',#8606,.T.);
#8606 = EDGE_LOOP('',(#8607,#8608,#8609,#8617));
#8607 = ORIENTED_EDGE('',*,*,#8562,.F.);
#8608 = ORIENTED_EDGE('',*,*,#2911,.T.);
#8609 = ORIENTED_EDGE('',*,*,#8610,.T.);
#8610 = EDGE_CURVE('',#2912,#8611,#8613,.T.);
#8611 = VERTEX_POINT('',#8612);
#8612 = CARTESIAN_POINT('',(-45.,36.,25.));
#8613 = LINE('',#8614,#8615);
#8614 = CARTESIAN_POINT('',(-48.5,36.,25.));
#8615 = VECTOR('',#8616,1.);
#8616 = DIRECTION('',(1.,0.,-0.));
#8617 = ORIENTED_EDGE('',*,*,#8618,.F.);
#8618 = EDGE_CURVE('',#8563,#8611,#8619,.T.);
#8619 = LINE('',#8620,#8621);
#8620 = CARTESIAN_POINT('',(-45.,36.,12.));
#8621 = VECTOR('',#8622,1.);
#8622 = DIRECTION('',(0.,0.,1.));
#8623 = PLANE('',#8624);
#8624 = AXIS2_PLACEMENT_3D('',#8625,#8626,#8627);
#8625 = CARTESIAN_POINT('',(-48.5,36.,16.));
#8626 = DIRECTION('',(-0.,1.,0.));
#8627 = DIRECTION('',(0.,0.,1.));
#8628 = ADVANCED_FACE('',(#8629),#8640,.F.);
#8629 = FACE_BOUND('',#8630,.F.);
#8630 = EDGE_LOOP('',(#8631,#8632,#8633,#8634));
#8631 = ORIENTED_EDGE('',*,*,#8586,.F.);
#8632 = ORIENTED_EDGE('',*,*,#2919,.T.);
#8633 = ORIENTED_EDGE('',*,*,#8610,.T.);
#8634 = ORIENTED_EDGE('',*,*,#8635,.F.);
#8635 = EDGE_CURVE('',#8587,#8611,#8636,.T.);
#8636 = LINE('',#8637,#8638);
#8637 = CARTESIAN_POINT('',(-45.,48.0975,25.));
#8638 = VECTOR('',#8639,1.);
#8639 = DIRECTION('',(0.,-1.,0.));
#8640 = PLANE('',#8641);
#8641 = AXIS2_PLACEMENT_3D('',#8642,#8643,#8644);
#8642 = CARTESIAN_POINT('',(-48.5,36.,25.));
#8643 = DIRECTION('',(0.,0.,1.));
#8644 = DIRECTION('',(1.,0.,-0.));
#8645 = ADVANCED_FACE('',(#8646),#8671,.T.);
#8646 = FACE_BOUND('',#8647,.T.);
#8647 = EDGE_LOOP('',(#8648,#8656,#8657,#8665));
#8648 = ORIENTED_EDGE('',*,*,#8649,.F.);
#8649 = EDGE_CURVE('',#2936,#8650,#8652,.T.);
#8650 = VERTEX_POINT('',#8651);
#8651 = CARTESIAN_POINT('',(-45.,31.5,16.));
#8652 = LINE('',#8653,#8654);
#8653 = CARTESIAN_POINT('',(-48.5,31.5,16.));
#8654 = VECTOR('',#8655,1.);
#8655 = DIRECTION('',(1.,0.,-0.));
#8656 = ORIENTED_EDGE('',*,*,#2935,.T.);
#8657 = ORIENTED_EDGE('',*,*,#8658,.T.);
#8658 = EDGE_CURVE('',#2938,#8659,#8661,.T.);
#8659 = VERTEX_POINT('',#8660);
#8660 = CARTESIAN_POINT('',(-45.,28.5,16.));
#8661 = LINE('',#8662,#8663);
#8662 = CARTESIAN_POINT('',(-48.5,28.5,16.));
#8663 = VECTOR('',#8664,1.);
#8664 = DIRECTION('',(1.,0.,-0.));
#8665 = ORIENTED_EDGE('',*,*,#8666,.F.);
#8666 = EDGE_CURVE('',#8650,#8659,#8667,.T.);
#8667 = LINE('',#8668,#8669);
#8668 = CARTESIAN_POINT('',(-45.,44.3475,16.));
#8669 = VECTOR('',#8670,1.);
#8670 = DIRECTION('',(0.,-1.,0.));
#8671 = PLANE('',#8672);
#8672 = AXIS2_PLACEMENT_3D('',#8673,#8674,#8675);
#8673 = CARTESIAN_POINT('',(-48.5,28.5,16.));
#8674 = DIRECTION('',(0.,0.,1.));
#8675 = DIRECTION('',(1.,0.,-0.));
#8676 = ADVANCED_FACE('',(#8677),#8695,.F.);
#8677 = FACE_BOUND('',#8678,.F.);
#8678 = EDGE_LOOP('',(#8679,#8680,#8681,#8689));
#8679 = ORIENTED_EDGE('',*,*,#8649,.F.);
#8680 = ORIENTED_EDGE('',*,*,#2961,.T.);
#8681 = ORIENTED_EDGE('',*,*,#8682,.T.);
#8682 = EDGE_CURVE('',#2954,#8683,#8685,.T.);
#8683 = VERTEX_POINT('',#8684);
#8684 = CARTESIAN_POINT('',(-45.,31.5,25.));
#8685 = LINE('',#8686,#8687);
#8686 = CARTESIAN_POINT('',(-48.5,31.5,25.));
#8687 = VECTOR('',#8688,1.);
#8688 = DIRECTION('',(1.,0.,-0.));
#8689 = ORIENTED_EDGE('',*,*,#8690,.F.);
#8690 = EDGE_CURVE('',#8650,#8683,#8691,.T.);
#8691 = LINE('',#8692,#8693);
#8692 = CARTESIAN_POINT('',(-45.,31.5,12.));
#8693 = VECTOR('',#8694,1.);
#8694 = DIRECTION('',(0.,0.,1.));
#8695 = PLANE('',#8696);
#8696 = AXIS2_PLACEMENT_3D('',#8697,#8698,#8699);
#8697 = CARTESIAN_POINT('',(-48.5,31.5,16.));
#8698 = DIRECTION('',(-0.,1.,0.));
#8699 = DIRECTION('',(0.,0.,1.));
#8700 = ADVANCED_FACE('',(#8701),#8719,.T.);
#8701 = FACE_BOUND('',#8702,.T.);
#8702 = EDGE_LOOP('',(#8703,#8704,#8705,#8713));
#8703 = ORIENTED_EDGE('',*,*,#8658,.F.);
#8704 = ORIENTED_EDGE('',*,*,#2945,.T.);
#8705 = ORIENTED_EDGE('',*,*,#8706,.T.);
#8706 = EDGE_CURVE('',#2946,#8707,#8709,.T.);
#8707 = VERTEX_POINT('',#8708);
#8708 = CARTESIAN_POINT('',(-45.,28.5,25.));
#8709 = LINE('',#8710,#8711);
#8710 = CARTESIAN_POINT('',(-48.5,28.5,25.));
#8711 = VECTOR('',#8712,1.);
#8712 = DIRECTION('',(1.,0.,-0.));
#8713 = ORIENTED_EDGE('',*,*,#8714,.F.);
#8714 = EDGE_CURVE('',#8659,#8707,#8715,.T.);
#8715 = LINE('',#8716,#8717);
#8716 = CARTESIAN_POINT('',(-45.,28.5,12.));
#8717 = VECTOR('',#8718,1.);
#8718 = DIRECTION('',(0.,0.,1.));
#8719 = PLANE('',#8720);
#8720 = AXIS2_PLACEMENT_3D('',#8721,#8722,#8723);
#8721 = CARTESIAN_POINT('',(-48.5,28.5,16.));
#8722 = DIRECTION('',(-0.,1.,0.));
#8723 = DIRECTION('',(0.,0.,1.));
#8724 = ADVANCED_FACE('',(#8725),#8736,.F.);
#8725 = FACE_BOUND('',#8726,.F.);
#8726 = EDGE_LOOP('',(#8727,#8728,#8729,#8730));
#8727 = ORIENTED_EDGE('',*,*,#8682,.F.);
#8728 = ORIENTED_EDGE('',*,*,#2953,.T.);
#8729 = ORIENTED_EDGE('',*,*,#8706,.T.);
#8730 = ORIENTED_EDGE('',*,*,#8731,.F.);
#8731 = EDGE_CURVE('',#8683,#8707,#8732,.T.);
#8732 = LINE('',#8733,#8734);
#8733 = CARTESIAN_POINT('',(-45.,44.3475,25.));
#8734 = VECTOR('',#8735,1.);
#8735 = DIRECTION('',(0.,-1.,0.));
#8736 = PLANE('',#8737);
#8737 = AXIS2_PLACEMENT_3D('',#8738,#8739,#8740);
#8738 = CARTESIAN_POINT('',(-48.5,28.5,25.));
#8739 = DIRECTION('',(0.,0.,1.));
#8740 = DIRECTION('',(1.,0.,-0.));
#8741 = ADVANCED_FACE('',(#8742),#8767,.T.);
#8742 = FACE_BOUND('',#8743,.T.);
#8743 = EDGE_LOOP('',(#8744,#8752,#8753,#8761));
#8744 = ORIENTED_EDGE('',*,*,#8745,.F.);
#8745 = EDGE_CURVE('',#2970,#8746,#8748,.T.);
#8746 = VERTEX_POINT('',#8747);
#8747 = CARTESIAN_POINT('',(-45.,1.5,16.));
#8748 = LINE('',#8749,#8750);
#8749 = CARTESIAN_POINT('',(-48.5,1.5,16.));
#8750 = VECTOR('',#8751,1.);
#8751 = DIRECTION('',(1.,0.,-0.));
#8752 = ORIENTED_EDGE('',*,*,#2969,.T.);
#8753 = ORIENTED_EDGE('',*,*,#8754,.T.);
#8754 = EDGE_CURVE('',#2972,#8755,#8757,.T.);
#8755 = VERTEX_POINT('',#8756);
#8756 = CARTESIAN_POINT('',(-45.,-1.5,16.));
#8757 = LINE('',#8758,#8759);
#8758 = CARTESIAN_POINT('',(-48.5,-1.5,16.));
#8759 = VECTOR('',#8760,1.);
#8760 = DIRECTION('',(1.,0.,-0.));
#8761 = ORIENTED_EDGE('',*,*,#8762,.F.);
#8762 = EDGE_CURVE('',#8746,#8755,#8763,.T.);
#8763 = LINE('',#8764,#8765);
#8764 = CARTESIAN_POINT('',(-45.,29.3475,16.));
#8765 = VECTOR('',#8766,1.);
#8766 = DIRECTION('',(0.,-1.,0.));
#8767 = PLANE('',#8768);
#8768 = AXIS2_PLACEMENT_3D('',#8769,#8770,#8771);
#8769 = CARTESIAN_POINT('',(-48.5,-1.5,16.));
#8770 = DIRECTION('',(0.,0.,1.));
#8771 = DIRECTION('',(1.,0.,-0.));
#8772 = ADVANCED_FACE('',(#8773),#8791,.F.);
#8773 = FACE_BOUND('',#8774,.F.);
#8774 = EDGE_LOOP('',(#8775,#8776,#8777,#8785));
#8775 = ORIENTED_EDGE('',*,*,#8745,.F.);
#8776 = ORIENTED_EDGE('',*,*,#2995,.T.);
#8777 = ORIENTED_EDGE('',*,*,#8778,.T.);
#8778 = EDGE_CURVE('',#2988,#8779,#8781,.T.);
#8779 = VERTEX_POINT('',#8780);
#8780 = CARTESIAN_POINT('',(-45.,1.5,25.));
#8781 = LINE('',#8782,#8783);
#8782 = CARTESIAN_POINT('',(-48.5,1.5,25.));
#8783 = VECTOR('',#8784,1.);
#8784 = DIRECTION('',(1.,0.,-0.));
#8785 = ORIENTED_EDGE('',*,*,#8786,.F.);
#8786 = EDGE_CURVE('',#8746,#8779,#8787,.T.);
#8787 = LINE('',#8788,#8789);
#8788 = CARTESIAN_POINT('',(-45.,1.5,12.));
#8789 = VECTOR('',#8790,1.);
#8790 = DIRECTION('',(0.,0.,1.));
#8791 = PLANE('',#8792);
#8792 = AXIS2_PLACEMENT_3D('',#8793,#8794,#8795);
#8793 = CARTESIAN_POINT('',(-48.5,1.5,16.));
#8794 = DIRECTION('',(-0.,1.,0.));
#8795 = DIRECTION('',(0.,0.,1.));
#8796 = ADVANCED_FACE('',(#8797),#8815,.T.);
#8797 = FACE_BOUND('',#8798,.T.);
#8798 = EDGE_LOOP('',(#8799,#8800,#8801,#8809));
#8799 = ORIENTED_EDGE('',*,*,#8754,.F.);
#8800 = ORIENTED_EDGE('',*,*,#2979,.T.);
#8801 = ORIENTED_EDGE('',*,*,#8802,.T.);
#8802 = EDGE_CURVE('',#2980,#8803,#8805,.T.);
#8803 = VERTEX_POINT('',#8804);
#8804 = CARTESIAN_POINT('',(-45.,-1.5,25.));
#8805 = LINE('',#8806,#8807);
#8806 = CARTESIAN_POINT('',(-48.5,-1.5,25.));
#8807 = VECTOR('',#8808,1.);
#8808 = DIRECTION('',(1.,0.,-0.));
#8809 = ORIENTED_EDGE('',*,*,#8810,.F.);
#8810 = EDGE_CURVE('',#8755,#8803,#8811,.T.);
#8811 = LINE('',#8812,#8813);
#8812 = CARTESIAN_POINT('',(-45.,-1.5,12.));
#8813 = VECTOR('',#8814,1.);
#8814 = DIRECTION('',(0.,0.,1.));
#8815 = PLANE('',#8816);
#8816 = AXIS2_PLACEMENT_3D('',#8817,#8818,#8819);
#8817 = CARTESIAN_POINT('',(-48.5,-1.5,16.));
#8818 = DIRECTION('',(-0.,1.,0.));
#8819 = DIRECTION('',(0.,0.,1.));
#8820 = ADVANCED_FACE('',(#8821),#8832,.F.);
#8821 = FACE_BOUND('',#8822,.F.);
#8822 = EDGE_LOOP('',(#8823,#8824,#8825,#8826));
#8823 = ORIENTED_EDGE('',*,*,#8778,.F.);
#8824 = ORIENTED_EDGE('',*,*,#2987,.T.);
#8825 = ORIENTED_EDGE('',*,*,#8802,.T.);
#8826 = ORIENTED_EDGE('',*,*,#8827,.F.);
#8827 = EDGE_CURVE('',#8779,#8803,#8828,.T.);
#8828 = LINE('',#8829,#8830);
#8829 = CARTESIAN_POINT('',(-45.,29.3475,25.));
#8830 = VECTOR('',#8831,1.);
#8831 = DIRECTION('',(0.,-1.,0.));
#8832 = PLANE('',#8833);
#8833 = AXIS2_PLACEMENT_3D('',#8834,#8835,#8836);
#8834 = CARTESIAN_POINT('',(-48.5,-1.5,25.));
#8835 = DIRECTION('',(0.,0.,1.));
#8836 = DIRECTION('',(1.,0.,-0.));
#8837 = ADVANCED_FACE('',(#8838),#8863,.T.);
#8838 = FACE_BOUND('',#8839,.T.);
#8839 = EDGE_LOOP('',(#8840,#8848,#8849,#8857));
#8840 = ORIENTED_EDGE('',*,*,#8841,.F.);
#8841 = EDGE_CURVE('',#3004,#8842,#8844,.T.);
#8842 = VERTEX_POINT('',#8843);
#8843 = CARTESIAN_POINT('',(-45.,-6.,16.));
#8844 = LINE('',#8845,#8846);
#8845 = CARTESIAN_POINT('',(-48.5,-6.,16.));
#8846 = VECTOR('',#8847,1.);
#8847 = DIRECTION('',(1.,0.,-0.));
#8848 = ORIENTED_EDGE('',*,*,#3003,.T.);
#8849 = ORIENTED_EDGE('',*,*,#8850,.T.);
#8850 = EDGE_CURVE('',#3006,#8851,#8853,.T.);
#8851 = VERTEX_POINT('',#8852);
#8852 = CARTESIAN_POINT('',(-45.,-9.,16.));
#8853 = LINE('',#8854,#8855);
#8854 = CARTESIAN_POINT('',(-48.5,-9.,16.));
#8855 = VECTOR('',#8856,1.);
#8856 = DIRECTION('',(1.,0.,-0.));
#8857 = ORIENTED_EDGE('',*,*,#8858,.F.);
#8858 = EDGE_CURVE('',#8842,#8851,#8859,.T.);
#8859 = LINE('',#8860,#8861);
#8860 = CARTESIAN_POINT('',(-45.,25.5975,16.));
#8861 = VECTOR('',#8862,1.);
#8862 = DIRECTION('',(0.,-1.,0.));
#8863 = PLANE('',#8864);
#8864 = AXIS2_PLACEMENT_3D('',#8865,#8866,#8867);
#8865 = CARTESIAN_POINT('',(-48.5,-9.,16.));
#8866 = DIRECTION('',(0.,0.,1.));
#8867 = DIRECTION('',(1.,0.,-0.));
#8868 = ADVANCED_FACE('',(#8869),#8887,.F.);
#8869 = FACE_BOUND('',#8870,.F.);
#8870 = EDGE_LOOP('',(#8871,#8872,#8873,#8881));
#8871 = ORIENTED_EDGE('',*,*,#8841,.F.);
#8872 = ORIENTED_EDGE('',*,*,#3029,.T.);
#8873 = ORIENTED_EDGE('',*,*,#8874,.T.);
#8874 = EDGE_CURVE('',#3022,#8875,#8877,.T.);
#8875 = VERTEX_POINT('',#8876);
#8876 = CARTESIAN_POINT('',(-45.,-6.,25.));
#8877 = LINE('',#8878,#8879);
#8878 = CARTESIAN_POINT('',(-48.5,-6.,25.));
#8879 = VECTOR('',#8880,1.);
#8880 = DIRECTION('',(1.,0.,-0.));
#8881 = ORIENTED_EDGE('',*,*,#8882,.F.);
#8882 = EDGE_CURVE('',#8842,#8875,#8883,.T.);
#8883 = LINE('',#8884,#8885);
#8884 = CARTESIAN_POINT('',(-45.,-6.,12.));
#8885 = VECTOR('',#8886,1.);
#8886 = DIRECTION('',(0.,0.,1.));
#8887 = PLANE('',#8888);
#8888 = AXIS2_PLACEMENT_3D('',#8889,#8890,#8891);
#8889 = CARTESIAN_POINT('',(-48.5,-6.,16.));
#8890 = DIRECTION('',(-0.,1.,0.));
#8891 = DIRECTION('',(0.,0.,1.));
#8892 = ADVANCED_FACE('',(#8893),#8911,.T.);
#8893 = FACE_BOUND('',#8894,.T.);
#8894 = EDGE_LOOP('',(#8895,#8896,#8897,#8905));
#8895 = ORIENTED_EDGE('',*,*,#8850,.F.);
#8896 = ORIENTED_EDGE('',*,*,#3013,.T.);
#8897 = ORIENTED_EDGE('',*,*,#8898,.T.);
#8898 = EDGE_CURVE('',#3014,#8899,#8901,.T.);
#8899 = VERTEX_POINT('',#8900);
#8900 = CARTESIAN_POINT('',(-45.,-9.,25.));
#8901 = LINE('',#8902,#8903);
#8902 = CARTESIAN_POINT('',(-48.5,-9.,25.));
#8903 = VECTOR('',#8904,1.);
#8904 = DIRECTION('',(1.,0.,-0.));
#8905 = ORIENTED_EDGE('',*,*,#8906,.F.);
#8906 = EDGE_CURVE('',#8851,#8899,#8907,.T.);
#8907 = LINE('',#8908,#8909);
#8908 = CARTESIAN_POINT('',(-45.,-9.,12.));
#8909 = VECTOR('',#8910,1.);
#8910 = DIRECTION('',(0.,0.,1.));
#8911 = PLANE('',#8912);
#8912 = AXIS2_PLACEMENT_3D('',#8913,#8914,#8915);
#8913 = CARTESIAN_POINT('',(-48.5,-9.,16.));
#8914 = DIRECTION('',(-0.,1.,0.));
#8915 = DIRECTION('',(0.,0.,1.));
#8916 = ADVANCED_FACE('',(#8917),#8928,.F.);
#8917 = FACE_BOUND('',#8918,.F.);
#8918 = EDGE_LOOP('',(#8919,#8920,#8921,#8922));
#8919 = ORIENTED_EDGE('',*,*,#8874,.F.);
#8920 = ORIENTED_EDGE('',*,*,#3021,.T.);
#8921 = ORIENTED_EDGE('',*,*,#8898,.T.);
#8922 = ORIENTED_EDGE('',*,*,#8923,.F.);
#8923 = EDGE_CURVE('',#8875,#8899,#8924,.T.);
#8924 = LINE('',#8925,#8926);
#8925 = CARTESIAN_POINT('',(-45.,25.5975,25.));
#8926 = VECTOR('',#8927,1.);
#8927 = DIRECTION('',(0.,-1.,0.));
#8928 = PLANE('',#8929);
#8929 = AXIS2_PLACEMENT_3D('',#8930,#8931,#8932);
#8930 = CARTESIAN_POINT('',(-48.5,-9.,25.));
#8931 = DIRECTION('',(0.,0.,1.));
#8932 = DIRECTION('',(1.,0.,-0.));
#8933 = ADVANCED_FACE('',(#8934),#8959,.T.);
#8934 = FACE_BOUND('',#8935,.T.);
#8935 = EDGE_LOOP('',(#8936,#8944,#8945,#8953));
#8936 = ORIENTED_EDGE('',*,*,#8937,.F.);
#8937 = EDGE_CURVE('',#3038,#8938,#8940,.T.);
#8938 = VERTEX_POINT('',#8939);
#8939 = CARTESIAN_POINT('',(-45.,-13.5,16.));
#8940 = LINE('',#8941,#8942);
#8941 = CARTESIAN_POINT('',(-48.5,-13.5,16.));
#8942 = VECTOR('',#8943,1.);
#8943 = DIRECTION('',(1.,0.,-0.));
#8944 = ORIENTED_EDGE('',*,*,#3037,.T.);
#8945 = ORIENTED_EDGE('',*,*,#8946,.T.);
#8946 = EDGE_CURVE('',#3040,#8947,#8949,.T.);
#8947 = VERTEX_POINT('',#8948);
#8948 = CARTESIAN_POINT('',(-45.,-16.5,16.));
#8949 = LINE('',#8950,#8951);
#8950 = CARTESIAN_POINT('',(-48.5,-16.5,16.));
#8951 = VECTOR('',#8952,1.);
#8952 = DIRECTION('',(1.,0.,-0.));
#8953 = ORIENTED_EDGE('',*,*,#8954,.F.);
#8954 = EDGE_CURVE('',#8938,#8947,#8955,.T.);
#8955 = LINE('',#8956,#8957);
#8956 = CARTESIAN_POINT('',(-45.,21.8475,16.));
#8957 = VECTOR('',#8958,1.);
#8958 = DIRECTION('',(0.,-1.,0.));
#8959 = PLANE('',#8960);
#8960 = AXIS2_PLACEMENT_3D('',#8961,#8962,#8963);
#8961 = CARTESIAN_POINT('',(-48.5,-16.5,16.));
#8962 = DIRECTION('',(0.,0.,1.));
#8963 = DIRECTION('',(1.,0.,-0.));
#8964 = ADVANCED_FACE('',(#8965),#8983,.F.);
#8965 = FACE_BOUND('',#8966,.F.);
#8966 = EDGE_LOOP('',(#8967,#8968,#8969,#8977));
#8967 = ORIENTED_EDGE('',*,*,#8937,.F.);
#8968 = ORIENTED_EDGE('',*,*,#3063,.T.);
#8969 = ORIENTED_EDGE('',*,*,#8970,.T.);
#8970 = EDGE_CURVE('',#3056,#8971,#8973,.T.);
#8971 = VERTEX_POINT('',#8972);
#8972 = CARTESIAN_POINT('',(-45.,-13.5,25.));
#8973 = LINE('',#8974,#8975);
#8974 = CARTESIAN_POINT('',(-48.5,-13.5,25.));
#8975 = VECTOR('',#8976,1.);
#8976 = DIRECTION('',(1.,0.,-0.));
#8977 = ORIENTED_EDGE('',*,*,#8978,.F.);
#8978 = EDGE_CURVE('',#8938,#8971,#8979,.T.);
#8979 = LINE('',#8980,#8981);
#8980 = CARTESIAN_POINT('',(-45.,-13.5,12.));
#8981 = VECTOR('',#8982,1.);
#8982 = DIRECTION('',(0.,0.,1.));
#8983 = PLANE('',#8984);
#8984 = AXIS2_PLACEMENT_3D('',#8985,#8986,#8987);
#8985 = CARTESIAN_POINT('',(-48.5,-13.5,16.));
#8986 = DIRECTION('',(-0.,1.,0.));
#8987 = DIRECTION('',(0.,0.,1.));
#8988 = ADVANCED_FACE('',(#8989),#9007,.T.);
#8989 = FACE_BOUND('',#8990,.T.);
#8990 = EDGE_LOOP('',(#8991,#8992,#8993,#9001));
#8991 = ORIENTED_EDGE('',*,*,#8946,.F.);
#8992 = ORIENTED_EDGE('',*,*,#3047,.T.);
#8993 = ORIENTED_EDGE('',*,*,#8994,.T.);
#8994 = EDGE_CURVE('',#3048,#8995,#8997,.T.);
#8995 = VERTEX_POINT('',#8996);
#8996 = CARTESIAN_POINT('',(-45.,-16.5,25.));
#8997 = LINE('',#8998,#8999);
#8998 = CARTESIAN_POINT('',(-48.5,-16.5,25.));
#8999 = VECTOR('',#9000,1.);
#9000 = DIRECTION('',(1.,0.,-0.));
#9001 = ORIENTED_EDGE('',*,*,#9002,.F.);
#9002 = EDGE_CURVE('',#8947,#8995,#9003,.T.);
#9003 = LINE('',#9004,#9005);
#9004 = CARTESIAN_POINT('',(-45.,-16.5,12.));
#9005 = VECTOR('',#9006,1.);
#9006 = DIRECTION('',(0.,0.,1.));
#9007 = PLANE('',#9008);
#9008 = AXIS2_PLACEMENT_3D('',#9009,#9010,#9011);
#9009 = CARTESIAN_POINT('',(-48.5,-16.5,16.));
#9010 = DIRECTION('',(-0.,1.,0.));
#9011 = DIRECTION('',(0.,0.,1.));
#9012 = ADVANCED_FACE('',(#9013),#9024,.F.);
#9013 = FACE_BOUND('',#9014,.F.);
#9014 = EDGE_LOOP('',(#9015,#9016,#9017,#9018));
#9015 = ORIENTED_EDGE('',*,*,#8970,.F.);
#9016 = ORIENTED_EDGE('',*,*,#3055,.T.);
#9017 = ORIENTED_EDGE('',*,*,#8994,.T.);
#9018 = ORIENTED_EDGE('',*,*,#9019,.F.);
#9019 = EDGE_CURVE('',#8971,#8995,#9020,.T.);
#9020 = LINE('',#9021,#9022);
#9021 = CARTESIAN_POINT('',(-45.,21.8475,25.));
#9022 = VECTOR('',#9023,1.);
#9023 = DIRECTION('',(0.,-1.,0.));
#9024 = PLANE('',#9025);
#9025 = AXIS2_PLACEMENT_3D('',#9026,#9027,#9028);
#9026 = CARTESIAN_POINT('',(-48.5,-16.5,25.));
#9027 = DIRECTION('',(0.,0.,1.));
#9028 = DIRECTION('',(1.,0.,-0.));
#9029 = ADVANCED_FACE('',(#9030),#9055,.T.);
#9030 = FACE_BOUND('',#9031,.T.);
#9031 = EDGE_LOOP('',(#9032,#9040,#9041,#9049));
#9032 = ORIENTED_EDGE('',*,*,#9033,.F.);
#9033 = EDGE_CURVE('',#3072,#9034,#9036,.T.);
#9034 = VERTEX_POINT('',#9035);
#9035 = CARTESIAN_POINT('',(-45.,-21.,16.));
#9036 = LINE('',#9037,#9038);
#9037 = CARTESIAN_POINT('',(-48.5,-21.,16.));
#9038 = VECTOR('',#9039,1.);
#9039 = DIRECTION('',(1.,0.,-0.));
#9040 = ORIENTED_EDGE('',*,*,#3071,.T.);
#9041 = ORIENTED_EDGE('',*,*,#9042,.T.);
#9042 = EDGE_CURVE('',#3074,#9043,#9045,.T.);
#9043 = VERTEX_POINT('',#9044);
#9044 = CARTESIAN_POINT('',(-45.,-24.,16.));
#9045 = LINE('',#9046,#9047);
#9046 = CARTESIAN_POINT('',(-48.5,-24.,16.));
#9047 = VECTOR('',#9048,1.);
#9048 = DIRECTION('',(1.,0.,-0.));
#9049 = ORIENTED_EDGE('',*,*,#9050,.F.);
#9050 = EDGE_CURVE('',#9034,#9043,#9051,.T.);
#9051 = LINE('',#9052,#9053);
#9052 = CARTESIAN_POINT('',(-45.,18.0975,16.));
#9053 = VECTOR('',#9054,1.);
#9054 = DIRECTION('',(0.,-1.,0.));
#9055 = PLANE('',#9056);
#9056 = AXIS2_PLACEMENT_3D('',#9057,#9058,#9059);
#9057 = CARTESIAN_POINT('',(-48.5,-24.,16.));
#9058 = DIRECTION('',(0.,0.,1.));
#9059 = DIRECTION('',(1.,0.,-0.));
#9060 = ADVANCED_FACE('',(#9061),#9079,.F.);
#9061 = FACE_BOUND('',#9062,.F.);
#9062 = EDGE_LOOP('',(#9063,#9064,#9065,#9073));
#9063 = ORIENTED_EDGE('',*,*,#9033,.F.);
#9064 = ORIENTED_EDGE('',*,*,#3097,.T.);
#9065 = ORIENTED_EDGE('',*,*,#9066,.T.);
#9066 = EDGE_CURVE('',#3090,#9067,#9069,.T.);
#9067 = VERTEX_POINT('',#9068);
#9068 = CARTESIAN_POINT('',(-45.,-21.,25.));
#9069 = LINE('',#9070,#9071);
#9070 = CARTESIAN_POINT('',(-48.5,-21.,25.));
#9071 = VECTOR('',#9072,1.);
#9072 = DIRECTION('',(1.,0.,-0.));
#9073 = ORIENTED_EDGE('',*,*,#9074,.F.);
#9074 = EDGE_CURVE('',#9034,#9067,#9075,.T.);
#9075 = LINE('',#9076,#9077);
#9076 = CARTESIAN_POINT('',(-45.,-21.,12.));
#9077 = VECTOR('',#9078,1.);
#9078 = DIRECTION('',(0.,0.,1.));
#9079 = PLANE('',#9080);
#9080 = AXIS2_PLACEMENT_3D('',#9081,#9082,#9083);
#9081 = CARTESIAN_POINT('',(-48.5,-21.,16.));
#9082 = DIRECTION('',(-0.,1.,0.));
#9083 = DIRECTION('',(0.,0.,1.));
#9084 = ADVANCED_FACE('',(#9085),#9103,.T.);
#9085 = FACE_BOUND('',#9086,.T.);
#9086 = EDGE_LOOP('',(#9087,#9088,#9089,#9097));
#9087 = ORIENTED_EDGE('',*,*,#9042,.F.);
#9088 = ORIENTED_EDGE('',*,*,#3081,.T.);
#9089 = ORIENTED_EDGE('',*,*,#9090,.T.);
#9090 = EDGE_CURVE('',#3082,#9091,#9093,.T.);
#9091 = VERTEX_POINT('',#9092);
#9092 = CARTESIAN_POINT('',(-45.,-24.,25.));
#9093 = LINE('',#9094,#9095);
#9094 = CARTESIAN_POINT('',(-48.5,-24.,25.));
#9095 = VECTOR('',#9096,1.);
#9096 = DIRECTION('',(1.,0.,-0.));
#9097 = ORIENTED_EDGE('',*,*,#9098,.F.);
#9098 = EDGE_CURVE('',#9043,#9091,#9099,.T.);
#9099 = LINE('',#9100,#9101);
#9100 = CARTESIAN_POINT('',(-45.,-24.,12.));
#9101 = VECTOR('',#9102,1.);
#9102 = DIRECTION('',(0.,0.,1.));
#9103 = PLANE('',#9104);
#9104 = AXIS2_PLACEMENT_3D('',#9105,#9106,#9107);
#9105 = CARTESIAN_POINT('',(-48.5,-24.,16.));
#9106 = DIRECTION('',(-0.,1.,0.));
#9107 = DIRECTION('',(0.,0.,1.));
#9108 = ADVANCED_FACE('',(#9109),#9120,.F.);
#9109 = FACE_BOUND('',#9110,.F.);
#9110 = EDGE_LOOP('',(#9111,#9112,#9113,#9114));
#9111 = ORIENTED_EDGE('',*,*,#9066,.F.);
#9112 = ORIENTED_EDGE('',*,*,#3089,.T.);
#9113 = ORIENTED_EDGE('',*,*,#9090,.T.);
#9114 = ORIENTED_EDGE('',*,*,#9115,.F.);
#9115 = EDGE_CURVE('',#9067,#9091,#9116,.T.);
#9116 = LINE('',#9117,#9118);
#9117 = CARTESIAN_POINT('',(-45.,18.0975,25.));
#9118 = VECTOR('',#9119,1.);
#9119 = DIRECTION('',(0.,-1.,0.));
#9120 = PLANE('',#9121);
#9121 = AXIS2_PLACEMENT_3D('',#9122,#9123,#9124);
#9122 = CARTESIAN_POINT('',(-48.5,-24.,25.));
#9123 = DIRECTION('',(0.,0.,1.));
#9124 = DIRECTION('',(1.,0.,-0.));
#9125 = ADVANCED_FACE('',(#9126),#9151,.T.);
#9126 = FACE_BOUND('',#9127,.T.);
#9127 = EDGE_LOOP('',(#9128,#9136,#9137,#9145));
#9128 = ORIENTED_EDGE('',*,*,#9129,.F.);
#9129 = EDGE_CURVE('',#3106,#9130,#9132,.T.);
#9130 = VERTEX_POINT('',#9131);
#9131 = CARTESIAN_POINT('',(-45.,-28.5,16.));
#9132 = LINE('',#9133,#9134);
#9133 = CARTESIAN_POINT('',(-48.5,-28.5,16.));
#9134 = VECTOR('',#9135,1.);
#9135 = DIRECTION('',(1.,0.,-0.));
#9136 = ORIENTED_EDGE('',*,*,#3105,.T.);
#9137 = ORIENTED_EDGE('',*,*,#9138,.T.);
#9138 = EDGE_CURVE('',#3108,#9139,#9141,.T.);
#9139 = VERTEX_POINT('',#9140);
#9140 = CARTESIAN_POINT('',(-45.,-31.5,16.));
#9141 = LINE('',#9142,#9143);
#9142 = CARTESIAN_POINT('',(-48.5,-31.5,16.));
#9143 = VECTOR('',#9144,1.);
#9144 = DIRECTION('',(1.,0.,-0.));
#9145 = ORIENTED_EDGE('',*,*,#9146,.F.);
#9146 = EDGE_CURVE('',#9130,#9139,#9147,.T.);
#9147 = LINE('',#9148,#9149);
#9148 = CARTESIAN_POINT('',(-45.,14.3475,16.));
#9149 = VECTOR('',#9150,1.);
#9150 = DIRECTION('',(0.,-1.,0.));
#9151 = PLANE('',#9152);
#9152 = AXIS2_PLACEMENT_3D('',#9153,#9154,#9155);
#9153 = CARTESIAN_POINT('',(-48.5,-31.5,16.));
#9154 = DIRECTION('',(0.,0.,1.));
#9155 = DIRECTION('',(1.,0.,-0.));
#9156 = ADVANCED_FACE('',(#9157),#9175,.F.);
#9157 = FACE_BOUND('',#9158,.F.);
#9158 = EDGE_LOOP('',(#9159,#9160,#9161,#9169));
#9159 = ORIENTED_EDGE('',*,*,#9129,.F.);
#9160 = ORIENTED_EDGE('',*,*,#3131,.T.);
#9161 = ORIENTED_EDGE('',*,*,#9162,.T.);
#9162 = EDGE_CURVE('',#3124,#9163,#9165,.T.);
#9163 = VERTEX_POINT('',#9164);
#9164 = CARTESIAN_POINT('',(-45.,-28.5,25.));
#9165 = LINE('',#9166,#9167);
#9166 = CARTESIAN_POINT('',(-48.5,-28.5,25.));
#9167 = VECTOR('',#9168,1.);
#9168 = DIRECTION('',(1.,0.,-0.));
#9169 = ORIENTED_EDGE('',*,*,#9170,.F.);
#9170 = EDGE_CURVE('',#9130,#9163,#9171,.T.);
#9171 = LINE('',#9172,#9173);
#9172 = CARTESIAN_POINT('',(-45.,-28.5,12.));
#9173 = VECTOR('',#9174,1.);
#9174 = DIRECTION('',(0.,0.,1.));
#9175 = PLANE('',#9176);
#9176 = AXIS2_PLACEMENT_3D('',#9177,#9178,#9179);
#9177 = CARTESIAN_POINT('',(-48.5,-28.5,16.));
#9178 = DIRECTION('',(-0.,1.,0.));
#9179 = DIRECTION('',(0.,0.,1.));
#9180 = ADVANCED_FACE('',(#9181),#9199,.T.);
#9181 = FACE_BOUND('',#9182,.T.);
#9182 = EDGE_LOOP('',(#9183,#9184,#9185,#9193));
#9183 = ORIENTED_EDGE('',*,*,#9138,.F.);
#9184 = ORIENTED_EDGE('',*,*,#3115,.T.);
#9185 = ORIENTED_EDGE('',*,*,#9186,.T.);
#9186 = EDGE_CURVE('',#3116,#9187,#9189,.T.);
#9187 = VERTEX_POINT('',#9188);
#9188 = CARTESIAN_POINT('',(-45.,-31.5,25.));
#9189 = LINE('',#9190,#9191);
#9190 = CARTESIAN_POINT('',(-48.5,-31.5,25.));
#9191 = VECTOR('',#9192,1.);
#9192 = DIRECTION('',(1.,0.,-0.));
#9193 = ORIENTED_EDGE('',*,*,#9194,.F.);
#9194 = EDGE_CURVE('',#9139,#9187,#9195,.T.);
#9195 = LINE('',#9196,#9197);
#9196 = CARTESIAN_POINT('',(-45.,-31.5,12.));
#9197 = VECTOR('',#9198,1.);
#9198 = DIRECTION('',(0.,0.,1.));
#9199 = PLANE('',#9200);
#9200 = AXIS2_PLACEMENT_3D('',#9201,#9202,#9203);
#9201 = CARTESIAN_POINT('',(-48.5,-31.5,16.));
#9202 = DIRECTION('',(-0.,1.,0.));
#9203 = DIRECTION('',(0.,0.,1.));
#9204 = ADVANCED_FACE('',(#9205),#9216,.F.);
#9205 = FACE_BOUND('',#9206,.F.);
#9206 = EDGE_LOOP('',(#9207,#9208,#9209,#9210));
#9207 = ORIENTED_EDGE('',*,*,#9162,.F.);
#9208 = ORIENTED_EDGE('',*,*,#3123,.T.);
#9209 = ORIENTED_EDGE('',*,*,#9186,.T.);
#9210 = ORIENTED_EDGE('',*,*,#9211,.F.);
#9211 = EDGE_CURVE('',#9163,#9187,#9212,.T.);
#9212 = LINE('',#9213,#9214);
#9213 = CARTESIAN_POINT('',(-45.,14.3475,25.));
#9214 = VECTOR('',#9215,1.);
#9215 = DIRECTION('',(0.,-1.,0.));
#9216 = PLANE('',#9217);
#9217 = AXIS2_PLACEMENT_3D('',#9218,#9219,#9220);
#9218 = CARTESIAN_POINT('',(-48.5,-31.5,25.));
#9219 = DIRECTION('',(0.,0.,1.));
#9220 = DIRECTION('',(1.,0.,-0.));
#9221 = ADVANCED_FACE('',(#9222),#9247,.T.);
#9222 = FACE_BOUND('',#9223,.T.);
#9223 = EDGE_LOOP('',(#9224,#9232,#9233,#9241));
#9224 = ORIENTED_EDGE('',*,*,#9225,.F.);
#9225 = EDGE_CURVE('',#3140,#9226,#9228,.T.);
#9226 = VERTEX_POINT('',#9227);
#9227 = CARTESIAN_POINT('',(-45.,-36.,16.));
#9228 = LINE('',#9229,#9230);
#9229 = CARTESIAN_POINT('',(-48.5,-36.,16.));
#9230 = VECTOR('',#9231,1.);
#9231 = DIRECTION('',(1.,0.,-0.));
#9232 = ORIENTED_EDGE('',*,*,#3139,.T.);
#9233 = ORIENTED_EDGE('',*,*,#9234,.T.);
#9234 = EDGE_CURVE('',#3142,#9235,#9237,.T.);
#9235 = VERTEX_POINT('',#9236);
#9236 = CARTESIAN_POINT('',(-45.,-39.,16.));
#9237 = LINE('',#9238,#9239);
#9238 = CARTESIAN_POINT('',(-48.5,-39.,16.));
#9239 = VECTOR('',#9240,1.);
#9240 = DIRECTION('',(1.,0.,-0.));
#9241 = ORIENTED_EDGE('',*,*,#9242,.F.);
#9242 = EDGE_CURVE('',#9226,#9235,#9243,.T.);
#9243 = LINE('',#9244,#9245);
#9244 = CARTESIAN_POINT('',(-45.,10.5975,16.));
#9245 = VECTOR('',#9246,1.);
#9246 = DIRECTION('',(0.,-1.,0.));
#9247 = PLANE('',#9248);
#9248 = AXIS2_PLACEMENT_3D('',#9249,#9250,#9251);
#9249 = CARTESIAN_POINT('',(-48.5,-39.,16.));
#9250 = DIRECTION('',(0.,0.,1.));
#9251 = DIRECTION('',(1.,0.,-0.));
#9252 = ADVANCED_FACE('',(#9253),#9271,.F.);
#9253 = FACE_BOUND('',#9254,.F.);
#9254 = EDGE_LOOP('',(#9255,#9256,#9257,#9265));
#9255 = ORIENTED_EDGE('',*,*,#9225,.F.);
#9256 = ORIENTED_EDGE('',*,*,#3165,.T.);
#9257 = ORIENTED_EDGE('',*,*,#9258,.T.);
#9258 = EDGE_CURVE('',#3158,#9259,#9261,.T.);
#9259 = VERTEX_POINT('',#9260);
#9260 = CARTESIAN_POINT('',(-45.,-36.,25.));
#9261 = LINE('',#9262,#9263);
#9262 = CARTESIAN_POINT('',(-48.5,-36.,25.));
#9263 = VECTOR('',#9264,1.);
#9264 = DIRECTION('',(1.,0.,-0.));
#9265 = ORIENTED_EDGE('',*,*,#9266,.F.);
#9266 = EDGE_CURVE('',#9226,#9259,#9267,.T.);
#9267 = LINE('',#9268,#9269);
#9268 = CARTESIAN_POINT('',(-45.,-36.,12.));
#9269 = VECTOR('',#9270,1.);
#9270 = DIRECTION('',(0.,0.,1.));
#9271 = PLANE('',#9272);
#9272 = AXIS2_PLACEMENT_3D('',#9273,#9274,#9275);
#9273 = CARTESIAN_POINT('',(-48.5,-36.,16.));
#9274 = DIRECTION('',(-0.,1.,0.));
#9275 = DIRECTION('',(0.,0.,1.));
#9276 = ADVANCED_FACE('',(#9277),#9295,.T.);
#9277 = FACE_BOUND('',#9278,.T.);
#9278 = EDGE_LOOP('',(#9279,#9280,#9281,#9289));
#9279 = ORIENTED_EDGE('',*,*,#9234,.F.);
#9280 = ORIENTED_EDGE('',*,*,#3149,.T.);
#9281 = ORIENTED_EDGE('',*,*,#9282,.T.);
#9282 = EDGE_CURVE('',#3150,#9283,#9285,.T.);
#9283 = VERTEX_POINT('',#9284);
#9284 = CARTESIAN_POINT('',(-45.,-39.,25.));
#9285 = LINE('',#9286,#9287);
#9286 = CARTESIAN_POINT('',(-48.5,-39.,25.));
#9287 = VECTOR('',#9288,1.);
#9288 = DIRECTION('',(1.,0.,-0.));
#9289 = ORIENTED_EDGE('',*,*,#9290,.F.);
#9290 = EDGE_CURVE('',#9235,#9283,#9291,.T.);
#9291 = LINE('',#9292,#9293);
#9292 = CARTESIAN_POINT('',(-45.,-39.,12.));
#9293 = VECTOR('',#9294,1.);
#9294 = DIRECTION('',(0.,0.,1.));
#9295 = PLANE('',#9296);
#9296 = AXIS2_PLACEMENT_3D('',#9297,#9298,#9299);
#9297 = CARTESIAN_POINT('',(-48.5,-39.,16.));
#9298 = DIRECTION('',(-0.,1.,0.));
#9299 = DIRECTION('',(0.,0.,1.));
#9300 = ADVANCED_FACE('',(#9301),#9312,.F.);
#9301 = FACE_BOUND('',#9302,.F.);
#9302 = EDGE_LOOP('',(#9303,#9304,#9305,#9306));
#9303 = ORIENTED_EDGE('',*,*,#9258,.F.);
#9304 = ORIENTED_EDGE('',*,*,#3157,.T.);
#9305 = ORIENTED_EDGE('',*,*,#9282,.T.);
#9306 = ORIENTED_EDGE('',*,*,#9307,.F.);
#9307 = EDGE_CURVE('',#9259,#9283,#9308,.T.);
#9308 = LINE('',#9309,#9310);
#9309 = CARTESIAN_POINT('',(-45.,10.5975,25.));
#9310 = VECTOR('',#9311,1.);
#9311 = DIRECTION('',(0.,-1.,0.));
#9312 = PLANE('',#9313);
#9313 = AXIS2_PLACEMENT_3D('',#9314,#9315,#9316);
#9314 = CARTESIAN_POINT('',(-48.5,-39.,25.));
#9315 = DIRECTION('',(0.,0.,1.));
#9316 = DIRECTION('',(1.,0.,-0.));
#9317 = ADVANCED_FACE('',(#9318),#9343,.T.);
#9318 = FACE_BOUND('',#9319,.T.);
#9319 = EDGE_LOOP('',(#9320,#9328,#9329,#9337));
#9320 = ORIENTED_EDGE('',*,*,#9321,.F.);
#9321 = EDGE_CURVE('',#3174,#9322,#9324,.T.);
#9322 = VERTEX_POINT('',#9323);
#9323 = CARTESIAN_POINT('',(-45.,-43.5,16.));
#9324 = LINE('',#9325,#9326);
#9325 = CARTESIAN_POINT('',(-48.5,-43.5,16.));
#9326 = VECTOR('',#9327,1.);
#9327 = DIRECTION('',(1.,0.,-0.));
#9328 = ORIENTED_EDGE('',*,*,#3173,.T.);
#9329 = ORIENTED_EDGE('',*,*,#9330,.T.);
#9330 = EDGE_CURVE('',#3176,#9331,#9333,.T.);
#9331 = VERTEX_POINT('',#9332);
#9332 = CARTESIAN_POINT('',(-45.,-46.5,16.));
#9333 = LINE('',#9334,#9335);
#9334 = CARTESIAN_POINT('',(-48.5,-46.5,16.));
#9335 = VECTOR('',#9336,1.);
#9336 = DIRECTION('',(1.,0.,-0.));
#9337 = ORIENTED_EDGE('',*,*,#9338,.F.);
#9338 = EDGE_CURVE('',#9322,#9331,#9339,.T.);
#9339 = LINE('',#9340,#9341);
#9340 = CARTESIAN_POINT('',(-45.,6.8475,16.));
#9341 = VECTOR('',#9342,1.);
#9342 = DIRECTION('',(0.,-1.,0.));
#9343 = PLANE('',#9344);
#9344 = AXIS2_PLACEMENT_3D('',#9345,#9346,#9347);
#9345 = CARTESIAN_POINT('',(-48.5,-46.5,16.));
#9346 = DIRECTION('',(0.,0.,1.));
#9347 = DIRECTION('',(1.,0.,-0.));
#9348 = ADVANCED_FACE('',(#9349),#9367,.F.);
#9349 = FACE_BOUND('',#9350,.F.);
#9350 = EDGE_LOOP('',(#9351,#9352,#9353,#9361));
#9351 = ORIENTED_EDGE('',*,*,#9321,.F.);
#9352 = ORIENTED_EDGE('',*,*,#3199,.T.);
#9353 = ORIENTED_EDGE('',*,*,#9354,.T.);
#9354 = EDGE_CURVE('',#3192,#9355,#9357,.T.);
#9355 = VERTEX_POINT('',#9356);
#9356 = CARTESIAN_POINT('',(-45.,-43.5,25.));
#9357 = LINE('',#9358,#9359);
#9358 = CARTESIAN_POINT('',(-48.5,-43.5,25.));
#9359 = VECTOR('',#9360,1.);
#9360 = DIRECTION('',(1.,0.,-0.));
#9361 = ORIENTED_EDGE('',*,*,#9362,.F.);
#9362 = EDGE_CURVE('',#9322,#9355,#9363,.T.);
#9363 = LINE('',#9364,#9365);
#9364 = CARTESIAN_POINT('',(-45.,-43.5,12.));
#9365 = VECTOR('',#9366,1.);
#9366 = DIRECTION('',(0.,0.,1.));
#9367 = PLANE('',#9368);
#9368 = AXIS2_PLACEMENT_3D('',#9369,#9370,#9371);
#9369 = CARTESIAN_POINT('',(-48.5,-43.5,16.));
#9370 = DIRECTION('',(-0.,1.,0.));
#9371 = DIRECTION('',(0.,0.,1.));
#9372 = ADVANCED_FACE('',(#9373),#9391,.T.);
#9373 = FACE_BOUND('',#9374,.T.);
#9374 = EDGE_LOOP('',(#9375,#9376,#9377,#9385));
#9375 = ORIENTED_EDGE('',*,*,#9330,.F.);
#9376 = ORIENTED_EDGE('',*,*,#3183,.T.);
#9377 = ORIENTED_EDGE('',*,*,#9378,.T.);
#9378 = EDGE_CURVE('',#3184,#9379,#9381,.T.);
#9379 = VERTEX_POINT('',#9380);
#9380 = CARTESIAN_POINT('',(-45.,-46.5,25.));
#9381 = LINE('',#9382,#9383);
#9382 = CARTESIAN_POINT('',(-48.5,-46.5,25.));
#9383 = VECTOR('',#9384,1.);
#9384 = DIRECTION('',(1.,0.,-0.));
#9385 = ORIENTED_EDGE('',*,*,#9386,.F.);
#9386 = EDGE_CURVE('',#9331,#9379,#9387,.T.);
#9387 = LINE('',#9388,#9389);
#9388 = CARTESIAN_POINT('',(-45.,-46.5,12.));
#9389 = VECTOR('',#9390,1.);
#9390 = DIRECTION('',(0.,0.,1.));
#9391 = PLANE('',#9392);
#9392 = AXIS2_PLACEMENT_3D('',#9393,#9394,#9395);
#9393 = CARTESIAN_POINT('',(-48.5,-46.5,16.));
#9394 = DIRECTION('',(-0.,1.,0.));
#9395 = DIRECTION('',(0.,0.,1.));
#9396 = ADVANCED_FACE('',(#9397),#9408,.F.);
#9397 = FACE_BOUND('',#9398,.F.);
#9398 = EDGE_LOOP('',(#9399,#9400,#9401,#9402));
#9399 = ORIENTED_EDGE('',*,*,#9354,.F.);
#9400 = ORIENTED_EDGE('',*,*,#3191,.T.);
#9401 = ORIENTED_EDGE('',*,*,#9378,.T.);
#9402 = ORIENTED_EDGE('',*,*,#9403,.F.);
#9403 = EDGE_CURVE('',#9355,#9379,#9404,.T.);
#9404 = LINE('',#9405,#9406);
#9405 = CARTESIAN_POINT('',(-45.,6.8475,25.));
#9406 = VECTOR('',#9407,1.);
#9407 = DIRECTION('',(0.,-1.,0.));
#9408 = PLANE('',#9409);
#9409 = AXIS2_PLACEMENT_3D('',#9410,#9411,#9412);
#9410 = CARTESIAN_POINT('',(-48.5,-46.5,25.));
#9411 = DIRECTION('',(0.,0.,1.));
#9412 = DIRECTION('',(1.,0.,-0.));
#9413 = ADVANCED_FACE('',(#9414),#9439,.T.);
#9414 = FACE_BOUND('',#9415,.T.);
#9415 = EDGE_LOOP('',(#9416,#9424,#9425,#9433));
#9416 = ORIENTED_EDGE('',*,*,#9417,.F.);
#9417 = EDGE_CURVE('',#3208,#9418,#9420,.T.);
#9418 = VERTEX_POINT('',#9419);
#9419 = CARTESIAN_POINT('',(-45.,-51.,16.));
#9420 = LINE('',#9421,#9422);
#9421 = CARTESIAN_POINT('',(-48.5,-51.,16.));
#9422 = VECTOR('',#9423,1.);
#9423 = DIRECTION('',(1.,0.,-0.));
#9424 = ORIENTED_EDGE('',*,*,#3207,.T.);
#9425 = ORIENTED_EDGE('',*,*,#9426,.T.);
#9426 = EDGE_CURVE('',#3210,#9427,#9429,.T.);
#9427 = VERTEX_POINT('',#9428);
#9428 = CARTESIAN_POINT('',(-45.,-54.,16.));
#9429 = LINE('',#9430,#9431);
#9430 = CARTESIAN_POINT('',(-48.5,-54.,16.));
#9431 = VECTOR('',#9432,1.);
#9432 = DIRECTION('',(1.,0.,-0.));
#9433 = ORIENTED_EDGE('',*,*,#9434,.F.);
#9434 = EDGE_CURVE('',#9418,#9427,#9435,.T.);
#9435 = LINE('',#9436,#9437);
#9436 = CARTESIAN_POINT('',(-45.,3.0975,16.));
#9437 = VECTOR('',#9438,1.);
#9438 = DIRECTION('',(0.,-1.,0.));
#9439 = PLANE('',#9440);
#9440 = AXIS2_PLACEMENT_3D('',#9441,#9442,#9443);
#9441 = CARTESIAN_POINT('',(-48.5,-54.,16.));
#9442 = DIRECTION('',(0.,0.,1.));
#9443 = DIRECTION('',(1.,0.,-0.));
#9444 = ADVANCED_FACE('',(#9445),#9463,.F.);
#9445 = FACE_BOUND('',#9446,.F.);
#9446 = EDGE_LOOP('',(#9447,#9448,#9449,#9457));
#9447 = ORIENTED_EDGE('',*,*,#9417,.F.);
#9448 = ORIENTED_EDGE('',*,*,#3233,.T.);
#9449 = ORIENTED_EDGE('',*,*,#9450,.T.);
#9450 = EDGE_CURVE('',#3226,#9451,#9453,.T.);
#9451 = VERTEX_POINT('',#9452);
#9452 = CARTESIAN_POINT('',(-45.,-51.,25.));
#9453 = LINE('',#9454,#9455);
#9454 = CARTESIAN_POINT('',(-48.5,-51.,25.));
#9455 = VECTOR('',#9456,1.);
#9456 = DIRECTION('',(1.,0.,-0.));
#9457 = ORIENTED_EDGE('',*,*,#9458,.F.);
#9458 = EDGE_CURVE('',#9418,#9451,#9459,.T.);
#9459 = LINE('',#9460,#9461);
#9460 = CARTESIAN_POINT('',(-45.,-51.,12.));
#9461 = VECTOR('',#9462,1.);
#9462 = DIRECTION('',(0.,0.,1.));
#9463 = PLANE('',#9464);
#9464 = AXIS2_PLACEMENT_3D('',#9465,#9466,#9467);
#9465 = CARTESIAN_POINT('',(-48.5,-51.,16.));
#9466 = DIRECTION('',(-0.,1.,0.));
#9467 = DIRECTION('',(0.,0.,1.));
#9468 = ADVANCED_FACE('',(#9469),#9487,.T.);
#9469 = FACE_BOUND('',#9470,.T.);
#9470 = EDGE_LOOP('',(#9471,#9472,#9473,#9481));
#9471 = ORIENTED_EDGE('',*,*,#9426,.F.);
#9472 = ORIENTED_EDGE('',*,*,#3217,.T.);
#9473 = ORIENTED_EDGE('',*,*,#9474,.T.);
#9474 = EDGE_CURVE('',#3218,#9475,#9477,.T.);
#9475 = VERTEX_POINT('',#9476);
#9476 = CARTESIAN_POINT('',(-45.,-54.,25.));
#9477 = LINE('',#9478,#9479);
#9478 = CARTESIAN_POINT('',(-48.5,-54.,25.));
#9479 = VECTOR('',#9480,1.);
#9480 = DIRECTION('',(1.,0.,-0.));
#9481 = ORIENTED_EDGE('',*,*,#9482,.F.);
#9482 = EDGE_CURVE('',#9427,#9475,#9483,.T.);
#9483 = LINE('',#9484,#9485);
#9484 = CARTESIAN_POINT('',(-45.,-54.,12.));
#9485 = VECTOR('',#9486,1.);
#9486 = DIRECTION('',(0.,0.,1.));
#9487 = PLANE('',#9488);
#9488 = AXIS2_PLACEMENT_3D('',#9489,#9490,#9491);
#9489 = CARTESIAN_POINT('',(-48.5,-54.,16.));
#9490 = DIRECTION('',(-0.,1.,0.));
#9491 = DIRECTION('',(0.,0.,1.));
#9492 = ADVANCED_FACE('',(#9493),#9504,.F.);
#9493 = FACE_BOUND('',#9494,.F.);
#9494 = EDGE_LOOP('',(#9495,#9496,#9497,#9498));
#9495 = ORIENTED_EDGE('',*,*,#9450,.F.);
#9496 = ORIENTED_EDGE('',*,*,#3225,.T.);
#9497 = ORIENTED_EDGE('',*,*,#9474,.T.);
#9498 = ORIENTED_EDGE('',*,*,#9499,.F.);
#9499 = EDGE_CURVE('',#9451,#9475,#9500,.T.);
#9500 = LINE('',#9501,#9502);
#9501 = CARTESIAN_POINT('',(-45.,3.0975,25.));
#9502 = VECTOR('',#9503,1.);
#9503 = DIRECTION('',(0.,-1.,0.));
#9504 = PLANE('',#9505);
#9505 = AXIS2_PLACEMENT_3D('',#9506,#9507,#9508);
#9506 = CARTESIAN_POINT('',(-48.5,-54.,25.));
#9507 = DIRECTION('',(0.,0.,1.));
#9508 = DIRECTION('',(1.,0.,-0.));
#9509 = ADVANCED_FACE('',(#9510),#9535,.F.);
#9510 = FACE_BOUND('',#9511,.F.);
#9511 = EDGE_LOOP('',(#9512,#9520,#9528,#9534));
#9512 = ORIENTED_EDGE('',*,*,#9513,.F.);
#9513 = EDGE_CURVE('',#9514,#3268,#9516,.T.);
#9514 = VERTEX_POINT('',#9515);
#9515 = CARTESIAN_POINT('',(45.,-51.,36.));
#9516 = LINE('',#9517,#9518);
#9517 = CARTESIAN_POINT('',(44.2,-51.,36.));
#9518 = VECTOR('',#9519,1.);
#9519 = DIRECTION('',(1.,0.,-0.));
#9520 = ORIENTED_EDGE('',*,*,#9521,.F.);
#9521 = EDGE_CURVE('',#9522,#9514,#9524,.T.);
#9522 = VERTEX_POINT('',#9523);
#9523 = CARTESIAN_POINT('',(45.,-54.,36.));
#9524 = LINE('',#9525,#9526);
#9525 = CARTESIAN_POINT('',(45.,-57.0975,36.));
#9526 = VECTOR('',#9527,1.);
#9527 = DIRECTION('',(0.,1.,-0.));
#9528 = ORIENTED_EDGE('',*,*,#9529,.T.);
#9529 = EDGE_CURVE('',#9522,#3266,#9530,.T.);
#9530 = LINE('',#9531,#9532);
#9531 = CARTESIAN_POINT('',(44.2,-54.,36.));
#9532 = VECTOR('',#9533,1.);
#9533 = DIRECTION('',(1.,0.,-0.));
#9534 = ORIENTED_EDGE('',*,*,#3265,.T.);
#9535 = PLANE('',#9536);
#9536 = AXIS2_PLACEMENT_3D('',#9537,#9538,#9539);
#9537 = CARTESIAN_POINT('',(44.2,-54.,36.));
#9538 = DIRECTION('',(0.,0.,1.));
#9539 = DIRECTION('',(1.,0.,-0.));
#9540 = ADVANCED_FACE('',(#9541),#9559,.T.);
#9541 = FACE_BOUND('',#9542,.T.);
#9542 = EDGE_LOOP('',(#9543,#9551,#9557,#9558));
#9543 = ORIENTED_EDGE('',*,*,#9544,.F.);
#9544 = EDGE_CURVE('',#9545,#3276,#9547,.T.);
#9545 = VERTEX_POINT('',#9546);
#9546 = CARTESIAN_POINT('',(45.,-54.,27.));
#9547 = LINE('',#9548,#9549);
#9548 = CARTESIAN_POINT('',(44.2,-54.,27.));
#9549 = VECTOR('',#9550,1.);
#9550 = DIRECTION('',(1.,0.,-0.));
#9551 = ORIENTED_EDGE('',*,*,#9552,.F.);
#9552 = EDGE_CURVE('',#9522,#9545,#9553,.T.);
#9553 = LINE('',#9554,#9555);
#9554 = CARTESIAN_POINT('',(45.,-54.,17.5));
#9555 = VECTOR('',#9556,1.);
#9556 = DIRECTION('',(0.,0.,-1.));
#9557 = ORIENTED_EDGE('',*,*,#9529,.T.);
#9558 = ORIENTED_EDGE('',*,*,#3275,.T.);
#9559 = PLANE('',#9560);
#9560 = AXIS2_PLACEMENT_3D('',#9561,#9562,#9563);
#9561 = CARTESIAN_POINT('',(44.2,-54.,27.));
#9562 = DIRECTION('',(-0.,1.,0.));
#9563 = DIRECTION('',(0.,0.,1.));
#9564 = ADVANCED_FACE('',(#9565),#9583,.F.);
#9565 = FACE_BOUND('',#9566,.F.);
#9566 = EDGE_LOOP('',(#9567,#9575,#9581,#9582));
#9567 = ORIENTED_EDGE('',*,*,#9568,.F.);
#9568 = EDGE_CURVE('',#9569,#3284,#9571,.T.);
#9569 = VERTEX_POINT('',#9570);
#9570 = CARTESIAN_POINT('',(45.,-51.,27.));
#9571 = LINE('',#9572,#9573);
#9572 = CARTESIAN_POINT('',(44.2,-51.,27.));
#9573 = VECTOR('',#9574,1.);
#9574 = DIRECTION('',(1.,0.,-0.));
#9575 = ORIENTED_EDGE('',*,*,#9576,.F.);
#9576 = EDGE_CURVE('',#9514,#9569,#9577,.T.);
#9577 = LINE('',#9578,#9579);
#9578 = CARTESIAN_POINT('',(45.,-51.,17.5));
#9579 = VECTOR('',#9580,1.);
#9580 = DIRECTION('',(0.,0.,-1.));
#9581 = ORIENTED_EDGE('',*,*,#9513,.T.);
#9582 = ORIENTED_EDGE('',*,*,#3291,.T.);
#9583 = PLANE('',#9584);
#9584 = AXIS2_PLACEMENT_3D('',#9585,#9586,#9587);
#9585 = CARTESIAN_POINT('',(44.2,-51.,27.));
#9586 = DIRECTION('',(-0.,1.,0.));
#9587 = DIRECTION('',(0.,0.,1.));
#9588 = ADVANCED_FACE('',(#9589),#9600,.T.);
#9589 = FACE_BOUND('',#9590,.T.);
#9590 = EDGE_LOOP('',(#9591,#9592,#9598,#9599));
#9591 = ORIENTED_EDGE('',*,*,#9568,.F.);
#9592 = ORIENTED_EDGE('',*,*,#9593,.F.);
#9593 = EDGE_CURVE('',#9545,#9569,#9594,.T.);
#9594 = LINE('',#9595,#9596);
#9595 = CARTESIAN_POINT('',(45.,-57.0975,27.));
#9596 = VECTOR('',#9597,1.);
#9597 = DIRECTION('',(0.,1.,-0.));
#9598 = ORIENTED_EDGE('',*,*,#9544,.T.);
#9599 = ORIENTED_EDGE('',*,*,#3283,.T.);
#9600 = PLANE('',#9601);
#9601 = AXIS2_PLACEMENT_3D('',#9602,#9603,#9604);
#9602 = CARTESIAN_POINT('',(44.2,-54.,27.));
#9603 = DIRECTION('',(0.,0.,1.));
#9604 = DIRECTION('',(1.,0.,-0.));
#9605 = ADVANCED_FACE('',(#9606),#9631,.F.);
#9606 = FACE_BOUND('',#9607,.F.);
#9607 = EDGE_LOOP('',(#9608,#9616,#9624,#9630));
#9608 = ORIENTED_EDGE('',*,*,#9609,.F.);
#9609 = EDGE_CURVE('',#9610,#3302,#9612,.T.);
#9610 = VERTEX_POINT('',#9611);
#9611 = CARTESIAN_POINT('',(45.,-43.5,36.));
#9612 = LINE('',#9613,#9614);
#9613 = CARTESIAN_POINT('',(44.2,-43.5,36.));
#9614 = VECTOR('',#9615,1.);
#9615 = DIRECTION('',(1.,0.,-0.));
#9616 = ORIENTED_EDGE('',*,*,#9617,.F.);
#9617 = EDGE_CURVE('',#9618,#9610,#9620,.T.);
#9618 = VERTEX_POINT('',#9619);
#9619 = CARTESIAN_POINT('',(45.,-46.5,36.));
#9620 = LINE('',#9621,#9622);
#9621 = CARTESIAN_POINT('',(45.,-53.3475,36.));
#9622 = VECTOR('',#9623,1.);
#9623 = DIRECTION('',(0.,1.,-0.));
#9624 = ORIENTED_EDGE('',*,*,#9625,.T.);
#9625 = EDGE_CURVE('',#9618,#3300,#9626,.T.);
#9626 = LINE('',#9627,#9628);
#9627 = CARTESIAN_POINT('',(44.2,-46.5,36.));
#9628 = VECTOR('',#9629,1.);
#9629 = DIRECTION('',(1.,0.,-0.));
#9630 = ORIENTED_EDGE('',*,*,#3299,.T.);
#9631 = PLANE('',#9632);
#9632 = AXIS2_PLACEMENT_3D('',#9633,#9634,#9635);
#9633 = CARTESIAN_POINT('',(44.2,-46.5,36.));
#9634 = DIRECTION('',(0.,0.,1.));
#9635 = DIRECTION('',(1.,0.,-0.));
#9636 = ADVANCED_FACE('',(#9637),#9655,.T.);
#9637 = FACE_BOUND('',#9638,.T.);
#9638 = EDGE_LOOP('',(#9639,#9647,#9653,#9654));
#9639 = ORIENTED_EDGE('',*,*,#9640,.F.);
#9640 = EDGE_CURVE('',#9641,#3310,#9643,.T.);
#9641 = VERTEX_POINT('',#9642);
#9642 = CARTESIAN_POINT('',(45.,-46.5,27.));
#9643 = LINE('',#9644,#9645);
#9644 = CARTESIAN_POINT('',(44.2,-46.5,27.));
#9645 = VECTOR('',#9646,1.);
#9646 = DIRECTION('',(1.,0.,-0.));
#9647 = ORIENTED_EDGE('',*,*,#9648,.F.);
#9648 = EDGE_CURVE('',#9618,#9641,#9649,.T.);
#9649 = LINE('',#9650,#9651);
#9650 = CARTESIAN_POINT('',(45.,-46.5,17.5));
#9651 = VECTOR('',#9652,1.);
#9652 = DIRECTION('',(0.,0.,-1.));
#9653 = ORIENTED_EDGE('',*,*,#9625,.T.);
#9654 = ORIENTED_EDGE('',*,*,#3309,.T.);
#9655 = PLANE('',#9656);
#9656 = AXIS2_PLACEMENT_3D('',#9657,#9658,#9659);
#9657 = CARTESIAN_POINT('',(44.2,-46.5,27.));
#9658 = DIRECTION('',(-0.,1.,0.));
#9659 = DIRECTION('',(0.,0.,1.));
#9660 = ADVANCED_FACE('',(#9661),#9679,.F.);
#9661 = FACE_BOUND('',#9662,.F.);
#9662 = EDGE_LOOP('',(#9663,#9671,#9677,#9678));
#9663 = ORIENTED_EDGE('',*,*,#9664,.F.);
#9664 = EDGE_CURVE('',#9665,#3318,#9667,.T.);
#9665 = VERTEX_POINT('',#9666);
#9666 = CARTESIAN_POINT('',(45.,-43.5,27.));
#9667 = LINE('',#9668,#9669);
#9668 = CARTESIAN_POINT('',(44.2,-43.5,27.));
#9669 = VECTOR('',#9670,1.);
#9670 = DIRECTION('',(1.,0.,-0.));
#9671 = ORIENTED_EDGE('',*,*,#9672,.F.);
#9672 = EDGE_CURVE('',#9610,#9665,#9673,.T.);
#9673 = LINE('',#9674,#9675);
#9674 = CARTESIAN_POINT('',(45.,-43.5,17.5));
#9675 = VECTOR('',#9676,1.);
#9676 = DIRECTION('',(0.,0.,-1.));
#9677 = ORIENTED_EDGE('',*,*,#9609,.T.);
#9678 = ORIENTED_EDGE('',*,*,#3325,.T.);
#9679 = PLANE('',#9680);
#9680 = AXIS2_PLACEMENT_3D('',#9681,#9682,#9683);
#9681 = CARTESIAN_POINT('',(44.2,-43.5,27.));
#9682 = DIRECTION('',(-0.,1.,0.));
#9683 = DIRECTION('',(0.,0.,1.));
#9684 = ADVANCED_FACE('',(#9685),#9696,.T.);
#9685 = FACE_BOUND('',#9686,.T.);
#9686 = EDGE_LOOP('',(#9687,#9688,#9694,#9695));
#9687 = ORIENTED_EDGE('',*,*,#9664,.F.);
#9688 = ORIENTED_EDGE('',*,*,#9689,.F.);
#9689 = EDGE_CURVE('',#9641,#9665,#9690,.T.);
#9690 = LINE('',#9691,#9692);
#9691 = CARTESIAN_POINT('',(45.,-53.3475,27.));
#9692 = VECTOR('',#9693,1.);
#9693 = DIRECTION('',(0.,1.,-0.));
#9694 = ORIENTED_EDGE('',*,*,#9640,.T.);
#9695 = ORIENTED_EDGE('',*,*,#3317,.T.);
#9696 = PLANE('',#9697);
#9697 = AXIS2_PLACEMENT_3D('',#9698,#9699,#9700);
#9698 = CARTESIAN_POINT('',(44.2,-46.5,27.));
#9699 = DIRECTION('',(0.,0.,1.));
#9700 = DIRECTION('',(1.,0.,-0.));
#9701 = ADVANCED_FACE('',(#9702),#9727,.F.);
#9702 = FACE_BOUND('',#9703,.F.);
#9703 = EDGE_LOOP('',(#9704,#9712,#9720,#9726));
#9704 = ORIENTED_EDGE('',*,*,#9705,.F.);
#9705 = EDGE_CURVE('',#9706,#3336,#9708,.T.);
#9706 = VERTEX_POINT('',#9707);
#9707 = CARTESIAN_POINT('',(45.,-36.,36.));
#9708 = LINE('',#9709,#9710);
#9709 = CARTESIAN_POINT('',(44.2,-36.,36.));
#9710 = VECTOR('',#9711,1.);
#9711 = DIRECTION('',(1.,0.,-0.));
#9712 = ORIENTED_EDGE('',*,*,#9713,.F.);
#9713 = EDGE_CURVE('',#9714,#9706,#9716,.T.);
#9714 = VERTEX_POINT('',#9715);
#9715 = CARTESIAN_POINT('',(45.,-39.,36.));
#9716 = LINE('',#9717,#9718);
#9717 = CARTESIAN_POINT('',(45.,-49.5975,36.));
#9718 = VECTOR('',#9719,1.);
#9719 = DIRECTION('',(0.,1.,-0.));
#9720 = ORIENTED_EDGE('',*,*,#9721,.T.);
#9721 = EDGE_CURVE('',#9714,#3334,#9722,.T.);
#9722 = LINE('',#9723,#9724);
#9723 = CARTESIAN_POINT('',(44.2,-39.,36.));
#9724 = VECTOR('',#9725,1.);
#9725 = DIRECTION('',(1.,0.,-0.));
#9726 = ORIENTED_EDGE('',*,*,#3333,.T.);
#9727 = PLANE('',#9728);
#9728 = AXIS2_PLACEMENT_3D('',#9729,#9730,#9731);
#9729 = CARTESIAN_POINT('',(44.2,-39.,36.));
#9730 = DIRECTION('',(0.,0.,1.));
#9731 = DIRECTION('',(1.,0.,-0.));
#9732 = ADVANCED_FACE('',(#9733),#9751,.T.);
#9733 = FACE_BOUND('',#9734,.T.);
#9734 = EDGE_LOOP('',(#9735,#9743,#9749,#9750));
#9735 = ORIENTED_EDGE('',*,*,#9736,.F.);
#9736 = EDGE_CURVE('',#9737,#3344,#9739,.T.);
#9737 = VERTEX_POINT('',#9738);
#9738 = CARTESIAN_POINT('',(45.,-39.,27.));
#9739 = LINE('',#9740,#9741);
#9740 = CARTESIAN_POINT('',(44.2,-39.,27.));
#9741 = VECTOR('',#9742,1.);
#9742 = DIRECTION('',(1.,0.,-0.));
#9743 = ORIENTED_EDGE('',*,*,#9744,.F.);
#9744 = EDGE_CURVE('',#9714,#9737,#9745,.T.);
#9745 = LINE('',#9746,#9747);
#9746 = CARTESIAN_POINT('',(45.,-39.,17.5));
#9747 = VECTOR('',#9748,1.);
#9748 = DIRECTION('',(0.,0.,-1.));
#9749 = ORIENTED_EDGE('',*,*,#9721,.T.);
#9750 = ORIENTED_EDGE('',*,*,#3343,.T.);
#9751 = PLANE('',#9752);
#9752 = AXIS2_PLACEMENT_3D('',#9753,#9754,#9755);
#9753 = CARTESIAN_POINT('',(44.2,-39.,27.));
#9754 = DIRECTION('',(-0.,1.,0.));
#9755 = DIRECTION('',(0.,0.,1.));
#9756 = ADVANCED_FACE('',(#9757),#9775,.F.);
#9757 = FACE_BOUND('',#9758,.F.);
#9758 = EDGE_LOOP('',(#9759,#9767,#9773,#9774));
#9759 = ORIENTED_EDGE('',*,*,#9760,.F.);
#9760 = EDGE_CURVE('',#9761,#3352,#9763,.T.);
#9761 = VERTEX_POINT('',#9762);
#9762 = CARTESIAN_POINT('',(45.,-36.,27.));
#9763 = LINE('',#9764,#9765);
#9764 = CARTESIAN_POINT('',(44.2,-36.,27.));
#9765 = VECTOR('',#9766,1.);
#9766 = DIRECTION('',(1.,0.,-0.));
#9767 = ORIENTED_EDGE('',*,*,#9768,.F.);
#9768 = EDGE_CURVE('',#9706,#9761,#9769,.T.);
#9769 = LINE('',#9770,#9771);
#9770 = CARTESIAN_POINT('',(45.,-36.,17.5));
#9771 = VECTOR('',#9772,1.);
#9772 = DIRECTION('',(0.,0.,-1.));
#9773 = ORIENTED_EDGE('',*,*,#9705,.T.);
#9774 = ORIENTED_EDGE('',*,*,#3359,.T.);
#9775 = PLANE('',#9776);
#9776 = AXIS2_PLACEMENT_3D('',#9777,#9778,#9779);
#9777 = CARTESIAN_POINT('',(44.2,-36.,27.));
#9778 = DIRECTION('',(-0.,1.,0.));
#9779 = DIRECTION('',(0.,0.,1.));
#9780 = ADVANCED_FACE('',(#9781),#9792,.T.);
#9781 = FACE_BOUND('',#9782,.T.);
#9782 = EDGE_LOOP('',(#9783,#9784,#9790,#9791));
#9783 = ORIENTED_EDGE('',*,*,#9760,.F.);
#9784 = ORIENTED_EDGE('',*,*,#9785,.F.);
#9785 = EDGE_CURVE('',#9737,#9761,#9786,.T.);
#9786 = LINE('',#9787,#9788);
#9787 = CARTESIAN_POINT('',(45.,-49.5975,27.));
#9788 = VECTOR('',#9789,1.);
#9789 = DIRECTION('',(0.,1.,-0.));
#9790 = ORIENTED_EDGE('',*,*,#9736,.T.);
#9791 = ORIENTED_EDGE('',*,*,#3351,.T.);
#9792 = PLANE('',#9793);
#9793 = AXIS2_PLACEMENT_3D('',#9794,#9795,#9796);
#9794 = CARTESIAN_POINT('',(44.2,-39.,27.));
#9795 = DIRECTION('',(0.,0.,1.));
#9796 = DIRECTION('',(1.,0.,-0.));
#9797 = ADVANCED_FACE('',(#9798),#9823,.F.);
#9798 = FACE_BOUND('',#9799,.F.);
#9799 = EDGE_LOOP('',(#9800,#9808,#9816,#9822));
#9800 = ORIENTED_EDGE('',*,*,#9801,.F.);
#9801 = EDGE_CURVE('',#9802,#3370,#9804,.T.);
#9802 = VERTEX_POINT('',#9803);
#9803 = CARTESIAN_POINT('',(45.,-28.5,36.));
#9804 = LINE('',#9805,#9806);
#9805 = CARTESIAN_POINT('',(44.2,-28.5,36.));
#9806 = VECTOR('',#9807,1.);
#9807 = DIRECTION('',(1.,0.,-0.));
#9808 = ORIENTED_EDGE('',*,*,#9809,.F.);
#9809 = EDGE_CURVE('',#9810,#9802,#9812,.T.);
#9810 = VERTEX_POINT('',#9811);
#9811 = CARTESIAN_POINT('',(45.,-31.5,36.));
#9812 = LINE('',#9813,#9814);
#9813 = CARTESIAN_POINT('',(45.,-45.8475,36.));
#9814 = VECTOR('',#9815,1.);
#9815 = DIRECTION('',(0.,1.,-0.));
#9816 = ORIENTED_EDGE('',*,*,#9817,.T.);
#9817 = EDGE_CURVE('',#9810,#3368,#9818,.T.);
#9818 = LINE('',#9819,#9820);
#9819 = CARTESIAN_POINT('',(44.2,-31.5,36.));
#9820 = VECTOR('',#9821,1.);
#9821 = DIRECTION('',(1.,0.,-0.));
#9822 = ORIENTED_EDGE('',*,*,#3367,.T.);
#9823 = PLANE('',#9824);
#9824 = AXIS2_PLACEMENT_3D('',#9825,#9826,#9827);
#9825 = CARTESIAN_POINT('',(44.2,-31.5,36.));
#9826 = DIRECTION('',(0.,0.,1.));
#9827 = DIRECTION('',(1.,0.,-0.));
#9828 = ADVANCED_FACE('',(#9829),#9847,.T.);
#9829 = FACE_BOUND('',#9830,.T.);
#9830 = EDGE_LOOP('',(#9831,#9839,#9845,#9846));
#9831 = ORIENTED_EDGE('',*,*,#9832,.F.);
#9832 = EDGE_CURVE('',#9833,#3378,#9835,.T.);
#9833 = VERTEX_POINT('',#9834);
#9834 = CARTESIAN_POINT('',(45.,-31.5,27.));
#9835 = LINE('',#9836,#9837);
#9836 = CARTESIAN_POINT('',(44.2,-31.5,27.));
#9837 = VECTOR('',#9838,1.);
#9838 = DIRECTION('',(1.,0.,-0.));
#9839 = ORIENTED_EDGE('',*,*,#9840,.F.);
#9840 = EDGE_CURVE('',#9810,#9833,#9841,.T.);
#9841 = LINE('',#9842,#9843);
#9842 = CARTESIAN_POINT('',(45.,-31.5,17.5));
#9843 = VECTOR('',#9844,1.);
#9844 = DIRECTION('',(0.,0.,-1.));
#9845 = ORIENTED_EDGE('',*,*,#9817,.T.);
#9846 = ORIENTED_EDGE('',*,*,#3377,.T.);
#9847 = PLANE('',#9848);
#9848 = AXIS2_PLACEMENT_3D('',#9849,#9850,#9851);
#9849 = CARTESIAN_POINT('',(44.2,-31.5,27.));
#9850 = DIRECTION('',(-0.,1.,0.));
#9851 = DIRECTION('',(0.,0.,1.));
#9852 = ADVANCED_FACE('',(#9853),#9871,.F.);
#9853 = FACE_BOUND('',#9854,.F.);
#9854 = EDGE_LOOP('',(#9855,#9863,#9869,#9870));
#9855 = ORIENTED_EDGE('',*,*,#9856,.F.);
#9856 = EDGE_CURVE('',#9857,#3386,#9859,.T.);
#9857 = VERTEX_POINT('',#9858);
#9858 = CARTESIAN_POINT('',(45.,-28.5,27.));
#9859 = LINE('',#9860,#9861);
#9860 = CARTESIAN_POINT('',(44.2,-28.5,27.));
#9861 = VECTOR('',#9862,1.);
#9862 = DIRECTION('',(1.,0.,-0.));
#9863 = ORIENTED_EDGE('',*,*,#9864,.F.);
#9864 = EDGE_CURVE('',#9802,#9857,#9865,.T.);
#9865 = LINE('',#9866,#9867);
#9866 = CARTESIAN_POINT('',(45.,-28.5,17.5));
#9867 = VECTOR('',#9868,1.);
#9868 = DIRECTION('',(0.,0.,-1.));
#9869 = ORIENTED_EDGE('',*,*,#9801,.T.);
#9870 = ORIENTED_EDGE('',*,*,#3393,.T.);
#9871 = PLANE('',#9872);
#9872 = AXIS2_PLACEMENT_3D('',#9873,#9874,#9875);
#9873 = CARTESIAN_POINT('',(44.2,-28.5,27.));
#9874 = DIRECTION('',(-0.,1.,0.));
#9875 = DIRECTION('',(0.,0.,1.));
#9876 = ADVANCED_FACE('',(#9877),#9888,.T.);
#9877 = FACE_BOUND('',#9878,.T.);
#9878 = EDGE_LOOP('',(#9879,#9880,#9886,#9887));
#9879 = ORIENTED_EDGE('',*,*,#9856,.F.);
#9880 = ORIENTED_EDGE('',*,*,#9881,.F.);
#9881 = EDGE_CURVE('',#9833,#9857,#9882,.T.);
#9882 = LINE('',#9883,#9884);
#9883 = CARTESIAN_POINT('',(45.,-45.8475,27.));
#9884 = VECTOR('',#9885,1.);
#9885 = DIRECTION('',(0.,1.,-0.));
#9886 = ORIENTED_EDGE('',*,*,#9832,.T.);
#9887 = ORIENTED_EDGE('',*,*,#3385,.T.);
#9888 = PLANE('',#9889);
#9889 = AXIS2_PLACEMENT_3D('',#9890,#9891,#9892);
#9890 = CARTESIAN_POINT('',(44.2,-31.5,27.));
#9891 = DIRECTION('',(0.,0.,1.));
#9892 = DIRECTION('',(1.,0.,-0.));
#9893 = ADVANCED_FACE('',(#9894),#9919,.F.);
#9894 = FACE_BOUND('',#9895,.F.);
#9895 = EDGE_LOOP('',(#9896,#9904,#9912,#9918));
#9896 = ORIENTED_EDGE('',*,*,#9897,.F.);
#9897 = EDGE_CURVE('',#9898,#3404,#9900,.T.);
#9898 = VERTEX_POINT('',#9899);
#9899 = CARTESIAN_POINT('',(45.,-21.,36.));
#9900 = LINE('',#9901,#9902);
#9901 = CARTESIAN_POINT('',(44.2,-21.,36.));
#9902 = VECTOR('',#9903,1.);
#9903 = DIRECTION('',(1.,0.,-0.));
#9904 = ORIENTED_EDGE('',*,*,#9905,.F.);
#9905 = EDGE_CURVE('',#9906,#9898,#9908,.T.);
#9906 = VERTEX_POINT('',#9907);
#9907 = CARTESIAN_POINT('',(45.,-24.,36.));
#9908 = LINE('',#9909,#9910);
#9909 = CARTESIAN_POINT('',(45.,-42.0975,36.));
#9910 = VECTOR('',#9911,1.);
#9911 = DIRECTION('',(0.,1.,-0.));
#9912 = ORIENTED_EDGE('',*,*,#9913,.T.);
#9913 = EDGE_CURVE('',#9906,#3402,#9914,.T.);
#9914 = LINE('',#9915,#9916);
#9915 = CARTESIAN_POINT('',(44.2,-24.,36.));
#9916 = VECTOR('',#9917,1.);
#9917 = DIRECTION('',(1.,0.,-0.));
#9918 = ORIENTED_EDGE('',*,*,#3401,.T.);
#9919 = PLANE('',#9920);
#9920 = AXIS2_PLACEMENT_3D('',#9921,#9922,#9923);
#9921 = CARTESIAN_POINT('',(44.2,-24.,36.));
#9922 = DIRECTION('',(0.,0.,1.));
#9923 = DIRECTION('',(1.,0.,-0.));
#9924 = ADVANCED_FACE('',(#9925),#9943,.T.);
#9925 = FACE_BOUND('',#9926,.T.);
#9926 = EDGE_LOOP('',(#9927,#9935,#9941,#9942));
#9927 = ORIENTED_EDGE('',*,*,#9928,.F.);
#9928 = EDGE_CURVE('',#9929,#3412,#9931,.T.);
#9929 = VERTEX_POINT('',#9930);
#9930 = CARTESIAN_POINT('',(45.,-24.,27.));
#9931 = LINE('',#9932,#9933);
#9932 = CARTESIAN_POINT('',(44.2,-24.,27.));
#9933 = VECTOR('',#9934,1.);
#9934 = DIRECTION('',(1.,0.,-0.));
#9935 = ORIENTED_EDGE('',*,*,#9936,.F.);
#9936 = EDGE_CURVE('',#9906,#9929,#9937,.T.);
#9937 = LINE('',#9938,#9939);
#9938 = CARTESIAN_POINT('',(45.,-24.,17.5));
#9939 = VECTOR('',#9940,1.);
#9940 = DIRECTION('',(0.,0.,-1.));
#9941 = ORIENTED_EDGE('',*,*,#9913,.T.);
#9942 = ORIENTED_EDGE('',*,*,#3411,.T.);
#9943 = PLANE('',#9944);
#9944 = AXIS2_PLACEMENT_3D('',#9945,#9946,#9947);
#9945 = CARTESIAN_POINT('',(44.2,-24.,27.));
#9946 = DIRECTION('',(-0.,1.,0.));
#9947 = DIRECTION('',(0.,0.,1.));
#9948 = ADVANCED_FACE('',(#9949),#9967,.F.);
#9949 = FACE_BOUND('',#9950,.F.);
#9950 = EDGE_LOOP('',(#9951,#9959,#9965,#9966));
#9951 = ORIENTED_EDGE('',*,*,#9952,.F.);
#9952 = EDGE_CURVE('',#9953,#3420,#9955,.T.);
#9953 = VERTEX_POINT('',#9954);
#9954 = CARTESIAN_POINT('',(45.,-21.,27.));
#9955 = LINE('',#9956,#9957);
#9956 = CARTESIAN_POINT('',(44.2,-21.,27.));
#9957 = VECTOR('',#9958,1.);
#9958 = DIRECTION('',(1.,0.,-0.));
#9959 = ORIENTED_EDGE('',*,*,#9960,.F.);
#9960 = EDGE_CURVE('',#9898,#9953,#9961,.T.);
#9961 = LINE('',#9962,#9963);
#9962 = CARTESIAN_POINT('',(45.,-21.,17.5));
#9963 = VECTOR('',#9964,1.);
#9964 = DIRECTION('',(0.,0.,-1.));
#9965 = ORIENTED_EDGE('',*,*,#9897,.T.);
#9966 = ORIENTED_EDGE('',*,*,#3427,.T.);
#9967 = PLANE('',#9968);
#9968 = AXIS2_PLACEMENT_3D('',#9969,#9970,#9971);
#9969 = CARTESIAN_POINT('',(44.2,-21.,27.));
#9970 = DIRECTION('',(-0.,1.,0.));
#9971 = DIRECTION('',(0.,0.,1.));
#9972 = ADVANCED_FACE('',(#9973),#9984,.T.);
#9973 = FACE_BOUND('',#9974,.T.);
#9974 = EDGE_LOOP('',(#9975,#9976,#9982,#9983));
#9975 = ORIENTED_EDGE('',*,*,#9952,.F.);
#9976 = ORIENTED_EDGE('',*,*,#9977,.F.);
#9977 = EDGE_CURVE('',#9929,#9953,#9978,.T.);
#9978 = LINE('',#9979,#9980);
#9979 = CARTESIAN_POINT('',(45.,-42.0975,27.));
#9980 = VECTOR('',#9981,1.);
#9981 = DIRECTION('',(0.,1.,-0.));
#9982 = ORIENTED_EDGE('',*,*,#9928,.T.);
#9983 = ORIENTED_EDGE('',*,*,#3419,.T.);
#9984 = PLANE('',#9985);
#9985 = AXIS2_PLACEMENT_3D('',#9986,#9987,#9988);
#9986 = CARTESIAN_POINT('',(44.2,-24.,27.));
#9987 = DIRECTION('',(0.,0.,1.));
#9988 = DIRECTION('',(1.,0.,-0.));
#9989 = ADVANCED_FACE('',(#9990),#10015,.F.);
#9990 = FACE_BOUND('',#9991,.F.);
#9991 = EDGE_LOOP('',(#9992,#10000,#10008,#10014));
#9992 = ORIENTED_EDGE('',*,*,#9993,.F.);
#9993 = EDGE_CURVE('',#9994,#3438,#9996,.T.);
#9994 = VERTEX_POINT('',#9995);
#9995 = CARTESIAN_POINT('',(45.,-13.5,36.));
#9996 = LINE('',#9997,#9998);
#9997 = CARTESIAN_POINT('',(44.2,-13.5,36.));
#9998 = VECTOR('',#9999,1.);
#9999 = DIRECTION('',(1.,0.,-0.));
#10000 = ORIENTED_EDGE('',*,*,#10001,.F.);
#10001 = EDGE_CURVE('',#10002,#9994,#10004,.T.);
#10002 = VERTEX_POINT('',#10003);
#10003 = CARTESIAN_POINT('',(45.,-16.5,36.));
#10004 = LINE('',#10005,#10006);
#10005 = CARTESIAN_POINT('',(45.,-38.3475,36.));
#10006 = VECTOR('',#10007,1.);
#10007 = DIRECTION('',(0.,1.,-0.));
#10008 = ORIENTED_EDGE('',*,*,#10009,.T.);
#10009 = EDGE_CURVE('',#10002,#3436,#10010,.T.);
#10010 = LINE('',#10011,#10012);
#10011 = CARTESIAN_POINT('',(44.2,-16.5,36.));
#10012 = VECTOR('',#10013,1.);
#10013 = DIRECTION('',(1.,0.,-0.));
#10014 = ORIENTED_EDGE('',*,*,#3435,.T.);
#10015 = PLANE('',#10016);
#10016 = AXIS2_PLACEMENT_3D('',#10017,#10018,#10019);
#10017 = CARTESIAN_POINT('',(44.2,-16.5,36.));
#10018 = DIRECTION('',(0.,0.,1.));
#10019 = DIRECTION('',(1.,0.,-0.));
#10020 = ADVANCED_FACE('',(#10021),#10039,.T.);
#10021 = FACE_BOUND('',#10022,.T.);
#10022 = EDGE_LOOP('',(#10023,#10031,#10037,#10038));
#10023 = ORIENTED_EDGE('',*,*,#10024,.F.);
#10024 = EDGE_CURVE('',#10025,#3446,#10027,.T.);
#10025 = VERTEX_POINT('',#10026);
#10026 = CARTESIAN_POINT('',(45.,-16.5,27.));
#10027 = LINE('',#10028,#10029);
#10028 = CARTESIAN_POINT('',(44.2,-16.5,27.));
#10029 = VECTOR('',#10030,1.);
#10030 = DIRECTION('',(1.,0.,-0.));
#10031 = ORIENTED_EDGE('',*,*,#10032,.F.);
#10032 = EDGE_CURVE('',#10002,#10025,#10033,.T.);
#10033 = LINE('',#10034,#10035);
#10034 = CARTESIAN_POINT('',(45.,-16.5,17.5));
#10035 = VECTOR('',#10036,1.);
#10036 = DIRECTION('',(0.,0.,-1.));
#10037 = ORIENTED_EDGE('',*,*,#10009,.T.);
#10038 = ORIENTED_EDGE('',*,*,#3445,.T.);
#10039 = PLANE('',#10040);
#10040 = AXIS2_PLACEMENT_3D('',#10041,#10042,#10043);
#10041 = CARTESIAN_POINT('',(44.2,-16.5,27.));
#10042 = DIRECTION('',(-0.,1.,0.));
#10043 = DIRECTION('',(0.,0.,1.));
#10044 = ADVANCED_FACE('',(#10045),#10063,.F.);
#10045 = FACE_BOUND('',#10046,.F.);
#10046 = EDGE_LOOP('',(#10047,#10055,#10061,#10062));
#10047 = ORIENTED_EDGE('',*,*,#10048,.F.);
#10048 = EDGE_CURVE('',#10049,#3454,#10051,.T.);
#10049 = VERTEX_POINT('',#10050);
#10050 = CARTESIAN_POINT('',(45.,-13.5,27.));
#10051 = LINE('',#10052,#10053);
#10052 = CARTESIAN_POINT('',(44.2,-13.5,27.));
#10053 = VECTOR('',#10054,1.);
#10054 = DIRECTION('',(1.,0.,-0.));
#10055 = ORIENTED_EDGE('',*,*,#10056,.F.);
#10056 = EDGE_CURVE('',#9994,#10049,#10057,.T.);
#10057 = LINE('',#10058,#10059);
#10058 = CARTESIAN_POINT('',(45.,-13.5,17.5));
#10059 = VECTOR('',#10060,1.);
#10060 = DIRECTION('',(0.,0.,-1.));
#10061 = ORIENTED_EDGE('',*,*,#9993,.T.);
#10062 = ORIENTED_EDGE('',*,*,#3461,.T.);
#10063 = PLANE('',#10064);
#10064 = AXIS2_PLACEMENT_3D('',#10065,#10066,#10067);
#10065 = CARTESIAN_POINT('',(44.2,-13.5,27.));
#10066 = DIRECTION('',(-0.,1.,0.));
#10067 = DIRECTION('',(0.,0.,1.));
#10068 = ADVANCED_FACE('',(#10069),#10080,.T.);
#10069 = FACE_BOUND('',#10070,.T.);
#10070 = EDGE_LOOP('',(#10071,#10072,#10078,#10079));
#10071 = ORIENTED_EDGE('',*,*,#10048,.F.);
#10072 = ORIENTED_EDGE('',*,*,#10073,.F.);
#10073 = EDGE_CURVE('',#10025,#10049,#10074,.T.);
#10074 = LINE('',#10075,#10076);
#10075 = CARTESIAN_POINT('',(45.,-38.3475,27.));
#10076 = VECTOR('',#10077,1.);
#10077 = DIRECTION('',(0.,1.,-0.));
#10078 = ORIENTED_EDGE('',*,*,#10024,.T.);
#10079 = ORIENTED_EDGE('',*,*,#3453,.T.);
#10080 = PLANE('',#10081);
#10081 = AXIS2_PLACEMENT_3D('',#10082,#10083,#10084);
#10082 = CARTESIAN_POINT('',(44.2,-16.5,27.));
#10083 = DIRECTION('',(0.,0.,1.));
#10084 = DIRECTION('',(1.,0.,-0.));
#10085 = ADVANCED_FACE('',(#10086),#10111,.F.);
#10086 = FACE_BOUND('',#10087,.F.);
#10087 = EDGE_LOOP('',(#10088,#10096,#10104,#10110));
#10088 = ORIENTED_EDGE('',*,*,#10089,.F.);
#10089 = EDGE_CURVE('',#10090,#3472,#10092,.T.);
#10090 = VERTEX_POINT('',#10091);
#10091 = CARTESIAN_POINT('',(45.,-6.,36.));
#10092 = LINE('',#10093,#10094);
#10093 = CARTESIAN_POINT('',(44.2,-6.,36.));
#10094 = VECTOR('',#10095,1.);
#10095 = DIRECTION('',(1.,0.,-0.));
#10096 = ORIENTED_EDGE('',*,*,#10097,.F.);
#10097 = EDGE_CURVE('',#10098,#10090,#10100,.T.);
#10098 = VERTEX_POINT('',#10099);
#10099 = CARTESIAN_POINT('',(45.,-9.,36.));
#10100 = LINE('',#10101,#10102);
#10101 = CARTESIAN_POINT('',(45.,-34.5975,36.));
#10102 = VECTOR('',#10103,1.);
#10103 = DIRECTION('',(0.,1.,-0.));
#10104 = ORIENTED_EDGE('',*,*,#10105,.T.);
#10105 = EDGE_CURVE('',#10098,#3470,#10106,.T.);
#10106 = LINE('',#10107,#10108);
#10107 = CARTESIAN_POINT('',(44.2,-9.,36.));
#10108 = VECTOR('',#10109,1.);
#10109 = DIRECTION('',(1.,0.,-0.));
#10110 = ORIENTED_EDGE('',*,*,#3469,.T.);
#10111 = PLANE('',#10112);
#10112 = AXIS2_PLACEMENT_3D('',#10113,#10114,#10115);
#10113 = CARTESIAN_POINT('',(44.2,-9.,36.));
#10114 = DIRECTION('',(0.,0.,1.));
#10115 = DIRECTION('',(1.,0.,-0.));
#10116 = ADVANCED_FACE('',(#10117),#10135,.T.);
#10117 = FACE_BOUND('',#10118,.T.);
#10118 = EDGE_LOOP('',(#10119,#10127,#10133,#10134));
#10119 = ORIENTED_EDGE('',*,*,#10120,.F.);
#10120 = EDGE_CURVE('',#10121,#3480,#10123,.T.);
#10121 = VERTEX_POINT('',#10122);
#10122 = CARTESIAN_POINT('',(45.,-9.,27.));
#10123 = LINE('',#10124,#10125);
#10124 = CARTESIAN_POINT('',(44.2,-9.,27.));
#10125 = VECTOR('',#10126,1.);
#10126 = DIRECTION('',(1.,0.,-0.));
#10127 = ORIENTED_EDGE('',*,*,#10128,.F.);
#10128 = EDGE_CURVE('',#10098,#10121,#10129,.T.);
#10129 = LINE('',#10130,#10131);
#10130 = CARTESIAN_POINT('',(45.,-9.,17.5));
#10131 = VECTOR('',#10132,1.);
#10132 = DIRECTION('',(0.,0.,-1.));
#10133 = ORIENTED_EDGE('',*,*,#10105,.T.);
#10134 = ORIENTED_EDGE('',*,*,#3479,.T.);
#10135 = PLANE('',#10136);
#10136 = AXIS2_PLACEMENT_3D('',#10137,#10138,#10139);
#10137 = CARTESIAN_POINT('',(44.2,-9.,27.));
#10138 = DIRECTION('',(-0.,1.,0.));
#10139 = DIRECTION('',(0.,0.,1.));
#10140 = ADVANCED_FACE('',(#10141),#10159,.F.);
#10141 = FACE_BOUND('',#10142,.F.);
#10142 = EDGE_LOOP('',(#10143,#10151,#10157,#10158));
#10143 = ORIENTED_EDGE('',*,*,#10144,.F.);
#10144 = EDGE_CURVE('',#10145,#3488,#10147,.T.);
#10145 = VERTEX_POINT('',#10146);
#10146 = CARTESIAN_POINT('',(45.,-6.,27.));
#10147 = LINE('',#10148,#10149);
#10148 = CARTESIAN_POINT('',(44.2,-6.,27.));
#10149 = VECTOR('',#10150,1.);
#10150 = DIRECTION('',(1.,0.,-0.));
#10151 = ORIENTED_EDGE('',*,*,#10152,.F.);
#10152 = EDGE_CURVE('',#10090,#10145,#10153,.T.);
#10153 = LINE('',#10154,#10155);
#10154 = CARTESIAN_POINT('',(45.,-6.,17.5));
#10155 = VECTOR('',#10156,1.);
#10156 = DIRECTION('',(0.,0.,-1.));
#10157 = ORIENTED_EDGE('',*,*,#10089,.T.);
#10158 = ORIENTED_EDGE('',*,*,#3495,.T.);
#10159 = PLANE('',#10160);
#10160 = AXIS2_PLACEMENT_3D('',#10161,#10162,#10163);
#10161 = CARTESIAN_POINT('',(44.2,-6.,27.));
#10162 = DIRECTION('',(-0.,1.,0.));
#10163 = DIRECTION('',(0.,0.,1.));
#10164 = ADVANCED_FACE('',(#10165),#10176,.T.);
#10165 = FACE_BOUND('',#10166,.T.);
#10166 = EDGE_LOOP('',(#10167,#10168,#10174,#10175));
#10167 = ORIENTED_EDGE('',*,*,#10144,.F.);
#10168 = ORIENTED_EDGE('',*,*,#10169,.F.);
#10169 = EDGE_CURVE('',#10121,#10145,#10170,.T.);
#10170 = LINE('',#10171,#10172);
#10171 = CARTESIAN_POINT('',(45.,-34.5975,27.));
#10172 = VECTOR('',#10173,1.);
#10173 = DIRECTION('',(0.,1.,-0.));
#10174 = ORIENTED_EDGE('',*,*,#10120,.T.);
#10175 = ORIENTED_EDGE('',*,*,#3487,.T.);
#10176 = PLANE('',#10177);
#10177 = AXIS2_PLACEMENT_3D('',#10178,#10179,#10180);
#10178 = CARTESIAN_POINT('',(44.2,-9.,27.));
#10179 = DIRECTION('',(0.,0.,1.));
#10180 = DIRECTION('',(1.,0.,-0.));
#10181 = ADVANCED_FACE('',(#10182),#10207,.F.);
#10182 = FACE_BOUND('',#10183,.F.);
#10183 = EDGE_LOOP('',(#10184,#10192,#10200,#10206));
#10184 = ORIENTED_EDGE('',*,*,#10185,.F.);
#10185 = EDGE_CURVE('',#10186,#3506,#10188,.T.);
#10186 = VERTEX_POINT('',#10187);
#10187 = CARTESIAN_POINT('',(45.,1.5,36.));
#10188 = LINE('',#10189,#10190);
#10189 = CARTESIAN_POINT('',(44.2,1.5,36.));
#10190 = VECTOR('',#10191,1.);
#10191 = DIRECTION('',(1.,0.,-0.));
#10192 = ORIENTED_EDGE('',*,*,#10193,.F.);
#10193 = EDGE_CURVE('',#10194,#10186,#10196,.T.);
#10194 = VERTEX_POINT('',#10195);
#10195 = CARTESIAN_POINT('',(45.,-1.5,36.));
#10196 = LINE('',#10197,#10198);
#10197 = CARTESIAN_POINT('',(45.,-30.8475,36.));
#10198 = VECTOR('',#10199,1.);
#10199 = DIRECTION('',(0.,1.,-0.));
#10200 = ORIENTED_EDGE('',*,*,#10201,.T.);
#10201 = EDGE_CURVE('',#10194,#3504,#10202,.T.);
#10202 = LINE('',#10203,#10204);
#10203 = CARTESIAN_POINT('',(44.2,-1.5,36.));
#10204 = VECTOR('',#10205,1.);
#10205 = DIRECTION('',(1.,0.,-0.));
#10206 = ORIENTED_EDGE('',*,*,#3503,.T.);
#10207 = PLANE('',#10208);
#10208 = AXIS2_PLACEMENT_3D('',#10209,#10210,#10211);
#10209 = CARTESIAN_POINT('',(44.2,-1.5,36.));
#10210 = DIRECTION('',(0.,0.,1.));
#10211 = DIRECTION('',(1.,0.,-0.));
#10212 = ADVANCED_FACE('',(#10213),#10231,.T.);
#10213 = FACE_BOUND('',#10214,.T.);
#10214 = EDGE_LOOP('',(#10215,#10223,#10229,#10230));
#10215 = ORIENTED_EDGE('',*,*,#10216,.F.);
#10216 = EDGE_CURVE('',#10217,#3514,#10219,.T.);
#10217 = VERTEX_POINT('',#10218);
#10218 = CARTESIAN_POINT('',(45.,-1.5,27.));
#10219 = LINE('',#10220,#10221);
#10220 = CARTESIAN_POINT('',(44.2,-1.5,27.));
#10221 = VECTOR('',#10222,1.);
#10222 = DIRECTION('',(1.,0.,-0.));
#10223 = ORIENTED_EDGE('',*,*,#10224,.F.);
#10224 = EDGE_CURVE('',#10194,#10217,#10225,.T.);
#10225 = LINE('',#10226,#10227);
#10226 = CARTESIAN_POINT('',(45.,-1.5,17.5));
#10227 = VECTOR('',#10228,1.);
#10228 = DIRECTION('',(0.,0.,-1.));
#10229 = ORIENTED_EDGE('',*,*,#10201,.T.);
#10230 = ORIENTED_EDGE('',*,*,#3513,.T.);
#10231 = PLANE('',#10232);
#10232 = AXIS2_PLACEMENT_3D('',#10233,#10234,#10235);
#10233 = CARTESIAN_POINT('',(44.2,-1.5,27.));
#10234 = DIRECTION('',(-0.,1.,0.));
#10235 = DIRECTION('',(0.,0.,1.));
#10236 = ADVANCED_FACE('',(#10237),#10255,.F.);
#10237 = FACE_BOUND('',#10238,.F.);
#10238 = EDGE_LOOP('',(#10239,#10247,#10253,#10254));
#10239 = ORIENTED_EDGE('',*,*,#10240,.F.);
#10240 = EDGE_CURVE('',#10241,#3522,#10243,.T.);
#10241 = VERTEX_POINT('',#10242);
#10242 = CARTESIAN_POINT('',(45.,1.5,27.));
#10243 = LINE('',#10244,#10245);
#10244 = CARTESIAN_POINT('',(44.2,1.5,27.));
#10245 = VECTOR('',#10246,1.);
#10246 = DIRECTION('',(1.,0.,-0.));
#10247 = ORIENTED_EDGE('',*,*,#10248,.F.);
#10248 = EDGE_CURVE('',#10186,#10241,#10249,.T.);
#10249 = LINE('',#10250,#10251);
#10250 = CARTESIAN_POINT('',(45.,1.5,17.5));
#10251 = VECTOR('',#10252,1.);
#10252 = DIRECTION('',(0.,0.,-1.));
#10253 = ORIENTED_EDGE('',*,*,#10185,.T.);
#10254 = ORIENTED_EDGE('',*,*,#3529,.T.);
#10255 = PLANE('',#10256);
#10256 = AXIS2_PLACEMENT_3D('',#10257,#10258,#10259);
#10257 = CARTESIAN_POINT('',(44.2,1.5,27.));
#10258 = DIRECTION('',(-0.,1.,0.));
#10259 = DIRECTION('',(0.,0.,1.));
#10260 = ADVANCED_FACE('',(#10261),#10272,.T.);
#10261 = FACE_BOUND('',#10262,.T.);
#10262 = EDGE_LOOP('',(#10263,#10264,#10270,#10271));
#10263 = ORIENTED_EDGE('',*,*,#10240,.F.);
#10264 = ORIENTED_EDGE('',*,*,#10265,.F.);
#10265 = EDGE_CURVE('',#10217,#10241,#10266,.T.);
#10266 = LINE('',#10267,#10268);
#10267 = CARTESIAN_POINT('',(45.,-30.8475,27.));
#10268 = VECTOR('',#10269,1.);
#10269 = DIRECTION('',(0.,1.,-0.));
#10270 = ORIENTED_EDGE('',*,*,#10216,.T.);
#10271 = ORIENTED_EDGE('',*,*,#3521,.T.);
#10272 = PLANE('',#10273);
#10273 = AXIS2_PLACEMENT_3D('',#10274,#10275,#10276);
#10274 = CARTESIAN_POINT('',(44.2,-1.5,27.));
#10275 = DIRECTION('',(0.,0.,1.));
#10276 = DIRECTION('',(1.,0.,-0.));
#10277 = ADVANCED_FACE('',(#10278),#10303,.F.);
#10278 = FACE_BOUND('',#10279,.F.);
#10279 = EDGE_LOOP('',(#10280,#10288,#10296,#10302));
#10280 = ORIENTED_EDGE('',*,*,#10281,.F.);
#10281 = EDGE_CURVE('',#10282,#3540,#10284,.T.);
#10282 = VERTEX_POINT('',#10283);
#10283 = CARTESIAN_POINT('',(45.,9.,36.));
#10284 = LINE('',#10285,#10286);
#10285 = CARTESIAN_POINT('',(44.2,9.,36.));
#10286 = VECTOR('',#10287,1.);
#10287 = DIRECTION('',(1.,0.,-0.));
#10288 = ORIENTED_EDGE('',*,*,#10289,.F.);
#10289 = EDGE_CURVE('',#10290,#10282,#10292,.T.);
#10290 = VERTEX_POINT('',#10291);
#10291 = CARTESIAN_POINT('',(45.,6.,36.));
#10292 = LINE('',#10293,#10294);
#10293 = CARTESIAN_POINT('',(45.,-27.0975,36.));
#10294 = VECTOR('',#10295,1.);
#10295 = DIRECTION('',(0.,1.,-0.));
#10296 = ORIENTED_EDGE('',*,*,#10297,.T.);
#10297 = EDGE_CURVE('',#10290,#3538,#10298,.T.);
#10298 = LINE('',#10299,#10300);
#10299 = CARTESIAN_POINT('',(44.2,6.,36.));
#10300 = VECTOR('',#10301,1.);
#10301 = DIRECTION('',(1.,0.,-0.));
#10302 = ORIENTED_EDGE('',*,*,#3537,.T.);
#10303 = PLANE('',#10304);
#10304 = AXIS2_PLACEMENT_3D('',#10305,#10306,#10307);
#10305 = CARTESIAN_POINT('',(44.2,6.,36.));
#10306 = DIRECTION('',(0.,0.,1.));
#10307 = DIRECTION('',(1.,0.,-0.));
#10308 = ADVANCED_FACE('',(#10309),#10327,.T.);
#10309 = FACE_BOUND('',#10310,.T.);
#10310 = EDGE_LOOP('',(#10311,#10319,#10325,#10326));
#10311 = ORIENTED_EDGE('',*,*,#10312,.F.);
#10312 = EDGE_CURVE('',#10313,#3548,#10315,.T.);
#10313 = VERTEX_POINT('',#10314);
#10314 = CARTESIAN_POINT('',(45.,6.,27.));
#10315 = LINE('',#10316,#10317);
#10316 = CARTESIAN_POINT('',(44.2,6.,27.));
#10317 = VECTOR('',#10318,1.);
#10318 = DIRECTION('',(1.,0.,-0.));
#10319 = ORIENTED_EDGE('',*,*,#10320,.F.);
#10320 = EDGE_CURVE('',#10290,#10313,#10321,.T.);
#10321 = LINE('',#10322,#10323);
#10322 = CARTESIAN_POINT('',(45.,6.,17.5));
#10323 = VECTOR('',#10324,1.);
#10324 = DIRECTION('',(0.,0.,-1.));
#10325 = ORIENTED_EDGE('',*,*,#10297,.T.);
#10326 = ORIENTED_EDGE('',*,*,#3547,.T.);
#10327 = PLANE('',#10328);
#10328 = AXIS2_PLACEMENT_3D('',#10329,#10330,#10331);
#10329 = CARTESIAN_POINT('',(44.2,6.,27.));
#10330 = DIRECTION('',(-0.,1.,0.));
#10331 = DIRECTION('',(0.,0.,1.));
#10332 = ADVANCED_FACE('',(#10333),#10351,.F.);
#10333 = FACE_BOUND('',#10334,.F.);
#10334 = EDGE_LOOP('',(#10335,#10343,#10349,#10350));
#10335 = ORIENTED_EDGE('',*,*,#10336,.F.);
#10336 = EDGE_CURVE('',#10337,#3556,#10339,.T.);
#10337 = VERTEX_POINT('',#10338);
#10338 = CARTESIAN_POINT('',(45.,9.,27.));
#10339 = LINE('',#10340,#10341);
#10340 = CARTESIAN_POINT('',(44.2,9.,27.));
#10341 = VECTOR('',#10342,1.);
#10342 = DIRECTION('',(1.,0.,-0.));
#10343 = ORIENTED_EDGE('',*,*,#10344,.F.);
#10344 = EDGE_CURVE('',#10282,#10337,#10345,.T.);
#10345 = LINE('',#10346,#10347);
#10346 = CARTESIAN_POINT('',(45.,9.,17.5));
#10347 = VECTOR('',#10348,1.);
#10348 = DIRECTION('',(0.,0.,-1.));
#10349 = ORIENTED_EDGE('',*,*,#10281,.T.);
#10350 = ORIENTED_EDGE('',*,*,#3563,.T.);
#10351 = PLANE('',#10352);
#10352 = AXIS2_PLACEMENT_3D('',#10353,#10354,#10355);
#10353 = CARTESIAN_POINT('',(44.2,9.,27.));
#10354 = DIRECTION('',(-0.,1.,0.));
#10355 = DIRECTION('',(0.,0.,1.));
#10356 = ADVANCED_FACE('',(#10357),#10368,.T.);
#10357 = FACE_BOUND('',#10358,.T.);
#10358 = EDGE_LOOP('',(#10359,#10360,#10366,#10367));
#10359 = ORIENTED_EDGE('',*,*,#10336,.F.);
#10360 = ORIENTED_EDGE('',*,*,#10361,.F.);
#10361 = EDGE_CURVE('',#10313,#10337,#10362,.T.);
#10362 = LINE('',#10363,#10364);
#10363 = CARTESIAN_POINT('',(45.,-27.0975,27.));
#10364 = VECTOR('',#10365,1.);
#10365 = DIRECTION('',(0.,1.,-0.));
#10366 = ORIENTED_EDGE('',*,*,#10312,.T.);
#10367 = ORIENTED_EDGE('',*,*,#3555,.T.);
#10368 = PLANE('',#10369);
#10369 = AXIS2_PLACEMENT_3D('',#10370,#10371,#10372);
#10370 = CARTESIAN_POINT('',(44.2,6.,27.));
#10371 = DIRECTION('',(0.,0.,1.));
#10372 = DIRECTION('',(1.,0.,-0.));
#10373 = ADVANCED_FACE('',(#10374),#10399,.F.);
#10374 = FACE_BOUND('',#10375,.F.);
#10375 = EDGE_LOOP('',(#10376,#10384,#10392,#10398));
#10376 = ORIENTED_EDGE('',*,*,#10377,.F.);
#10377 = EDGE_CURVE('',#10378,#3574,#10380,.T.);
#10378 = VERTEX_POINT('',#10379);
#10379 = CARTESIAN_POINT('',(45.,16.5,36.));
#10380 = LINE('',#10381,#10382);
#10381 = CARTESIAN_POINT('',(44.2,16.5,36.));
#10382 = VECTOR('',#10383,1.);
#10383 = DIRECTION('',(1.,0.,-0.));
#10384 = ORIENTED_EDGE('',*,*,#10385,.F.);
#10385 = EDGE_CURVE('',#10386,#10378,#10388,.T.);
#10386 = VERTEX_POINT('',#10387);
#10387 = CARTESIAN_POINT('',(45.,13.5,36.));
#10388 = LINE('',#10389,#10390);
#10389 = CARTESIAN_POINT('',(45.,-23.3475,36.));
#10390 = VECTOR('',#10391,1.);
#10391 = DIRECTION('',(0.,1.,-0.));
#10392 = ORIENTED_EDGE('',*,*,#10393,.T.);
#10393 = EDGE_CURVE('',#10386,#3572,#10394,.T.);
#10394 = LINE('',#10395,#10396);
#10395 = CARTESIAN_POINT('',(44.2,13.5,36.));
#10396 = VECTOR('',#10397,1.);
#10397 = DIRECTION('',(1.,0.,-0.));
#10398 = ORIENTED_EDGE('',*,*,#3571,.T.);
#10399 = PLANE('',#10400);
#10400 = AXIS2_PLACEMENT_3D('',#10401,#10402,#10403);
#10401 = CARTESIAN_POINT('',(44.2,13.5,36.));
#10402 = DIRECTION('',(0.,0.,1.));
#10403 = DIRECTION('',(1.,0.,-0.));
#10404 = ADVANCED_FACE('',(#10405),#10423,.T.);
#10405 = FACE_BOUND('',#10406,.T.);
#10406 = EDGE_LOOP('',(#10407,#10415,#10421,#10422));
#10407 = ORIENTED_EDGE('',*,*,#10408,.F.);
#10408 = EDGE_CURVE('',#10409,#3582,#10411,.T.);
#10409 = VERTEX_POINT('',#10410);
#10410 = CARTESIAN_POINT('',(45.,13.5,27.));
#10411 = LINE('',#10412,#10413);
#10412 = CARTESIAN_POINT('',(44.2,13.5,27.));
#10413 = VECTOR('',#10414,1.);
#10414 = DIRECTION('',(1.,0.,-0.));
#10415 = ORIENTED_EDGE('',*,*,#10416,.F.);
#10416 = EDGE_CURVE('',#10386,#10409,#10417,.T.);
#10417 = LINE('',#10418,#10419);
#10418 = CARTESIAN_POINT('',(45.,13.5,17.5));
#10419 = VECTOR('',#10420,1.);
#10420 = DIRECTION('',(0.,0.,-1.));
#10421 = ORIENTED_EDGE('',*,*,#10393,.T.);
#10422 = ORIENTED_EDGE('',*,*,#3581,.T.);
#10423 = PLANE('',#10424);
#10424 = AXIS2_PLACEMENT_3D('',#10425,#10426,#10427);
#10425 = CARTESIAN_POINT('',(44.2,13.5,27.));
#10426 = DIRECTION('',(-0.,1.,0.));
#10427 = DIRECTION('',(0.,0.,1.));
#10428 = ADVANCED_FACE('',(#10429),#10447,.F.);
#10429 = FACE_BOUND('',#10430,.F.);
#10430 = EDGE_LOOP('',(#10431,#10439,#10445,#10446));
#10431 = ORIENTED_EDGE('',*,*,#10432,.F.);
#10432 = EDGE_CURVE('',#10433,#3590,#10435,.T.);
#10433 = VERTEX_POINT('',#10434);
#10434 = CARTESIAN_POINT('',(45.,16.5,27.));
#10435 = LINE('',#10436,#10437);
#10436 = CARTESIAN_POINT('',(44.2,16.5,27.));
#10437 = VECTOR('',#10438,1.);
#10438 = DIRECTION('',(1.,0.,-0.));
#10439 = ORIENTED_EDGE('',*,*,#10440,.F.);
#10440 = EDGE_CURVE('',#10378,#10433,#10441,.T.);
#10441 = LINE('',#10442,#10443);
#10442 = CARTESIAN_POINT('',(45.,16.5,17.5));
#10443 = VECTOR('',#10444,1.);
#10444 = DIRECTION('',(0.,0.,-1.));
#10445 = ORIENTED_EDGE('',*,*,#10377,.T.);
#10446 = ORIENTED_EDGE('',*,*,#3597,.T.);
#10447 = PLANE('',#10448);
#10448 = AXIS2_PLACEMENT_3D('',#10449,#10450,#10451);
#10449 = CARTESIAN_POINT('',(44.2,16.5,27.));
#10450 = DIRECTION('',(-0.,1.,0.));
#10451 = DIRECTION('',(0.,0.,1.));
#10452 = ADVANCED_FACE('',(#10453),#10464,.T.);
#10453 = FACE_BOUND('',#10454,.T.);
#10454 = EDGE_LOOP('',(#10455,#10456,#10462,#10463));
#10455 = ORIENTED_EDGE('',*,*,#10432,.F.);
#10456 = ORIENTED_EDGE('',*,*,#10457,.F.);
#10457 = EDGE_CURVE('',#10409,#10433,#10458,.T.);
#10458 = LINE('',#10459,#10460);
#10459 = CARTESIAN_POINT('',(45.,-23.3475,27.));
#10460 = VECTOR('',#10461,1.);
#10461 = DIRECTION('',(0.,1.,-0.));
#10462 = ORIENTED_EDGE('',*,*,#10408,.T.);
#10463 = ORIENTED_EDGE('',*,*,#3589,.T.);
#10464 = PLANE('',#10465);
#10465 = AXIS2_PLACEMENT_3D('',#10466,#10467,#10468);
#10466 = CARTESIAN_POINT('',(44.2,13.5,27.));
#10467 = DIRECTION('',(0.,0.,1.));
#10468 = DIRECTION('',(1.,0.,-0.));
#10469 = ADVANCED_FACE('',(#10470),#10495,.F.);
#10470 = FACE_BOUND('',#10471,.F.);
#10471 = EDGE_LOOP('',(#10472,#10480,#10488,#10494));
#10472 = ORIENTED_EDGE('',*,*,#10473,.F.);
#10473 = EDGE_CURVE('',#10474,#3608,#10476,.T.);
#10474 = VERTEX_POINT('',#10475);
#10475 = CARTESIAN_POINT('',(45.,24.,36.));
#10476 = LINE('',#10477,#10478);
#10477 = CARTESIAN_POINT('',(44.2,24.,36.));
#10478 = VECTOR('',#10479,1.);
#10479 = DIRECTION('',(1.,0.,-0.));
#10480 = ORIENTED_EDGE('',*,*,#10481,.F.);
#10481 = EDGE_CURVE('',#10482,#10474,#10484,.T.);
#10482 = VERTEX_POINT('',#10483);
#10483 = CARTESIAN_POINT('',(45.,21.,36.));
#10484 = LINE('',#10485,#10486);
#10485 = CARTESIAN_POINT('',(45.,-19.5975,36.));
#10486 = VECTOR('',#10487,1.);
#10487 = DIRECTION('',(0.,1.,-0.));
#10488 = ORIENTED_EDGE('',*,*,#10489,.T.);
#10489 = EDGE_CURVE('',#10482,#3606,#10490,.T.);
#10490 = LINE('',#10491,#10492);
#10491 = CARTESIAN_POINT('',(44.2,21.,36.));
#10492 = VECTOR('',#10493,1.);
#10493 = DIRECTION('',(1.,0.,-0.));
#10494 = ORIENTED_EDGE('',*,*,#3605,.T.);
#10495 = PLANE('',#10496);
#10496 = AXIS2_PLACEMENT_3D('',#10497,#10498,#10499);
#10497 = CARTESIAN_POINT('',(44.2,21.,36.));
#10498 = DIRECTION('',(0.,0.,1.));
#10499 = DIRECTION('',(1.,0.,-0.));
#10500 = ADVANCED_FACE('',(#10501),#10519,.T.);
#10501 = FACE_BOUND('',#10502,.T.);
#10502 = EDGE_LOOP('',(#10503,#10511,#10517,#10518));
#10503 = ORIENTED_EDGE('',*,*,#10504,.F.);
#10504 = EDGE_CURVE('',#10505,#3616,#10507,.T.);
#10505 = VERTEX_POINT('',#10506);
#10506 = CARTESIAN_POINT('',(45.,21.,27.));
#10507 = LINE('',#10508,#10509);
#10508 = CARTESIAN_POINT('',(44.2,21.,27.));
#10509 = VECTOR('',#10510,1.);
#10510 = DIRECTION('',(1.,0.,-0.));
#10511 = ORIENTED_EDGE('',*,*,#10512,.F.);
#10512 = EDGE_CURVE('',#10482,#10505,#10513,.T.);
#10513 = LINE('',#10514,#10515);
#10514 = CARTESIAN_POINT('',(45.,21.,17.5));
#10515 = VECTOR('',#10516,1.);
#10516 = DIRECTION('',(0.,0.,-1.));
#10517 = ORIENTED_EDGE('',*,*,#10489,.T.);
#10518 = ORIENTED_EDGE('',*,*,#3615,.T.);
#10519 = PLANE('',#10520);
#10520 = AXIS2_PLACEMENT_3D('',#10521,#10522,#10523);
#10521 = CARTESIAN_POINT('',(44.2,21.,27.));
#10522 = DIRECTION('',(-0.,1.,0.));
#10523 = DIRECTION('',(0.,0.,1.));
#10524 = ADVANCED_FACE('',(#10525),#10543,.F.);
#10525 = FACE_BOUND('',#10526,.F.);
#10526 = EDGE_LOOP('',(#10527,#10535,#10541,#10542));
#10527 = ORIENTED_EDGE('',*,*,#10528,.F.);
#10528 = EDGE_CURVE('',#10529,#3624,#10531,.T.);
#10529 = VERTEX_POINT('',#10530);
#10530 = CARTESIAN_POINT('',(45.,24.,27.));
#10531 = LINE('',#10532,#10533);
#10532 = CARTESIAN_POINT('',(44.2,24.,27.));
#10533 = VECTOR('',#10534,1.);
#10534 = DIRECTION('',(1.,0.,-0.));
#10535 = ORIENTED_EDGE('',*,*,#10536,.F.);
#10536 = EDGE_CURVE('',#10474,#10529,#10537,.T.);
#10537 = LINE('',#10538,#10539);
#10538 = CARTESIAN_POINT('',(45.,24.,17.5));
#10539 = VECTOR('',#10540,1.);
#10540 = DIRECTION('',(0.,0.,-1.));
#10541 = ORIENTED_EDGE('',*,*,#10473,.T.);
#10542 = ORIENTED_EDGE('',*,*,#3631,.T.);
#10543 = PLANE('',#10544);
#10544 = AXIS2_PLACEMENT_3D('',#10545,#10546,#10547);
#10545 = CARTESIAN_POINT('',(44.2,24.,27.));
#10546 = DIRECTION('',(-0.,1.,0.));
#10547 = DIRECTION('',(0.,0.,1.));
#10548 = ADVANCED_FACE('',(#10549),#10560,.T.);
#10549 = FACE_BOUND('',#10550,.T.);
#10550 = EDGE_LOOP('',(#10551,#10552,#10558,#10559));
#10551 = ORIENTED_EDGE('',*,*,#10528,.F.);
#10552 = ORIENTED_EDGE('',*,*,#10553,.F.);
#10553 = EDGE_CURVE('',#10505,#10529,#10554,.T.);
#10554 = LINE('',#10555,#10556);
#10555 = CARTESIAN_POINT('',(45.,-19.5975,27.));
#10556 = VECTOR('',#10557,1.);
#10557 = DIRECTION('',(0.,1.,-0.));
#10558 = ORIENTED_EDGE('',*,*,#10504,.T.);
#10559 = ORIENTED_EDGE('',*,*,#3623,.T.);
#10560 = PLANE('',#10561);
#10561 = AXIS2_PLACEMENT_3D('',#10562,#10563,#10564);
#10562 = CARTESIAN_POINT('',(44.2,21.,27.));
#10563 = DIRECTION('',(0.,0.,1.));
#10564 = DIRECTION('',(1.,0.,-0.));
#10565 = ADVANCED_FACE('',(#10566),#10591,.F.);
#10566 = FACE_BOUND('',#10567,.F.);
#10567 = EDGE_LOOP('',(#10568,#10576,#10584,#10590));
#10568 = ORIENTED_EDGE('',*,*,#10569,.F.);
#10569 = EDGE_CURVE('',#10570,#3642,#10572,.T.);
#10570 = VERTEX_POINT('',#10571);
#10571 = CARTESIAN_POINT('',(45.,31.5,36.));
#10572 = LINE('',#10573,#10574);
#10573 = CARTESIAN_POINT('',(44.2,31.5,36.));
#10574 = VECTOR('',#10575,1.);
#10575 = DIRECTION('',(1.,0.,-0.));
#10576 = ORIENTED_EDGE('',*,*,#10577,.F.);
#10577 = EDGE_CURVE('',#10578,#10570,#10580,.T.);
#10578 = VERTEX_POINT('',#10579);
#10579 = CARTESIAN_POINT('',(45.,28.5,36.));
#10580 = LINE('',#10581,#10582);
#10581 = CARTESIAN_POINT('',(45.,-15.8475,36.));
#10582 = VECTOR('',#10583,1.);
#10583 = DIRECTION('',(0.,1.,-0.));
#10584 = ORIENTED_EDGE('',*,*,#10585,.T.);
#10585 = EDGE_CURVE('',#10578,#3640,#10586,.T.);
#10586 = LINE('',#10587,#10588);
#10587 = CARTESIAN_POINT('',(44.2,28.5,36.));
#10588 = VECTOR('',#10589,1.);
#10589 = DIRECTION('',(1.,0.,-0.));
#10590 = ORIENTED_EDGE('',*,*,#3639,.T.);
#10591 = PLANE('',#10592);
#10592 = AXIS2_PLACEMENT_3D('',#10593,#10594,#10595);
#10593 = CARTESIAN_POINT('',(44.2,28.5,36.));
#10594 = DIRECTION('',(0.,0.,1.));
#10595 = DIRECTION('',(1.,0.,-0.));
#10596 = ADVANCED_FACE('',(#10597),#10615,.T.);
#10597 = FACE_BOUND('',#10598,.T.);
#10598 = EDGE_LOOP('',(#10599,#10607,#10613,#10614));
#10599 = ORIENTED_EDGE('',*,*,#10600,.F.);
#10600 = EDGE_CURVE('',#10601,#3650,#10603,.T.);
#10601 = VERTEX_POINT('',#10602);
#10602 = CARTESIAN_POINT('',(45.,28.5,27.));
#10603 = LINE('',#10604,#10605);
#10604 = CARTESIAN_POINT('',(44.2,28.5,27.));
#10605 = VECTOR('',#10606,1.);
#10606 = DIRECTION('',(1.,0.,-0.));
#10607 = ORIENTED_EDGE('',*,*,#10608,.F.);
#10608 = EDGE_CURVE('',#10578,#10601,#10609,.T.);
#10609 = LINE('',#10610,#10611);
#10610 = CARTESIAN_POINT('',(45.,28.5,17.5));
#10611 = VECTOR('',#10612,1.);
#10612 = DIRECTION('',(0.,0.,-1.));
#10613 = ORIENTED_EDGE('',*,*,#10585,.T.);
#10614 = ORIENTED_EDGE('',*,*,#3649,.T.);
#10615 = PLANE('',#10616);
#10616 = AXIS2_PLACEMENT_3D('',#10617,#10618,#10619);
#10617 = CARTESIAN_POINT('',(44.2,28.5,27.));
#10618 = DIRECTION('',(-0.,1.,0.));
#10619 = DIRECTION('',(0.,0.,1.));
#10620 = ADVANCED_FACE('',(#10621),#10639,.F.);
#10621 = FACE_BOUND('',#10622,.F.);
#10622 = EDGE_LOOP('',(#10623,#10631,#10637,#10638));
#10623 = ORIENTED_EDGE('',*,*,#10624,.F.);
#10624 = EDGE_CURVE('',#10625,#3658,#10627,.T.);
#10625 = VERTEX_POINT('',#10626);
#10626 = CARTESIAN_POINT('',(45.,31.5,27.));
#10627 = LINE('',#10628,#10629);
#10628 = CARTESIAN_POINT('',(44.2,31.5,27.));
#10629 = VECTOR('',#10630,1.);
#10630 = DIRECTION('',(1.,0.,-0.));
#10631 = ORIENTED_EDGE('',*,*,#10632,.F.);
#10632 = EDGE_CURVE('',#10570,#10625,#10633,.T.);
#10633 = LINE('',#10634,#10635);
#10634 = CARTESIAN_POINT('',(45.,31.5,17.5));
#10635 = VECTOR('',#10636,1.);
#10636 = DIRECTION('',(0.,0.,-1.));
#10637 = ORIENTED_EDGE('',*,*,#10569,.T.);
#10638 = ORIENTED_EDGE('',*,*,#3665,.T.);
#10639 = PLANE('',#10640);
#10640 = AXIS2_PLACEMENT_3D('',#10641,#10642,#10643);
#10641 = CARTESIAN_POINT('',(44.2,31.5,27.));
#10642 = DIRECTION('',(-0.,1.,0.));
#10643 = DIRECTION('',(0.,0.,1.));
#10644 = ADVANCED_FACE('',(#10645),#10656,.T.);
#10645 = FACE_BOUND('',#10646,.T.);
#10646 = EDGE_LOOP('',(#10647,#10648,#10654,#10655));
#10647 = ORIENTED_EDGE('',*,*,#10624,.F.);
#10648 = ORIENTED_EDGE('',*,*,#10649,.F.);
#10649 = EDGE_CURVE('',#10601,#10625,#10650,.T.);
#10650 = LINE('',#10651,#10652);
#10651 = CARTESIAN_POINT('',(45.,-15.8475,27.));
#10652 = VECTOR('',#10653,1.);
#10653 = DIRECTION('',(0.,1.,-0.));
#10654 = ORIENTED_EDGE('',*,*,#10600,.T.);
#10655 = ORIENTED_EDGE('',*,*,#3657,.T.);
#10656 = PLANE('',#10657);
#10657 = AXIS2_PLACEMENT_3D('',#10658,#10659,#10660);
#10658 = CARTESIAN_POINT('',(44.2,28.5,27.));
#10659 = DIRECTION('',(0.,0.,1.));
#10660 = DIRECTION('',(1.,0.,-0.));
#10661 = ADVANCED_FACE('',(#10662),#10687,.F.);
#10662 = FACE_BOUND('',#10663,.F.);
#10663 = EDGE_LOOP('',(#10664,#10672,#10680,#10686));
#10664 = ORIENTED_EDGE('',*,*,#10665,.F.);
#10665 = EDGE_CURVE('',#10666,#3676,#10668,.T.);
#10666 = VERTEX_POINT('',#10667);
#10667 = CARTESIAN_POINT('',(45.,39.,36.));
#10668 = LINE('',#10669,#10670);
#10669 = CARTESIAN_POINT('',(44.2,39.,36.));
#10670 = VECTOR('',#10671,1.);
#10671 = DIRECTION('',(1.,0.,-0.));
#10672 = ORIENTED_EDGE('',*,*,#10673,.F.);
#10673 = EDGE_CURVE('',#10674,#10666,#10676,.T.);
#10674 = VERTEX_POINT('',#10675);
#10675 = CARTESIAN_POINT('',(45.,36.,36.));
#10676 = LINE('',#10677,#10678);
#10677 = CARTESIAN_POINT('',(45.,-12.0975,36.));
#10678 = VECTOR('',#10679,1.);
#10679 = DIRECTION('',(0.,1.,-0.));
#10680 = ORIENTED_EDGE('',*,*,#10681,.T.);
#10681 = EDGE_CURVE('',#10674,#3674,#10682,.T.);
#10682 = LINE('',#10683,#10684);
#10683 = CARTESIAN_POINT('',(44.2,36.,36.));
#10684 = VECTOR('',#10685,1.);
#10685 = DIRECTION('',(1.,0.,-0.));
#10686 = ORIENTED_EDGE('',*,*,#3673,.T.);
#10687 = PLANE('',#10688);
#10688 = AXIS2_PLACEMENT_3D('',#10689,#10690,#10691);
#10689 = CARTESIAN_POINT('',(44.2,36.,36.));
#10690 = DIRECTION('',(0.,0.,1.));
#10691 = DIRECTION('',(1.,0.,-0.));
#10692 = ADVANCED_FACE('',(#10693),#10711,.T.);
#10693 = FACE_BOUND('',#10694,.T.);
#10694 = EDGE_LOOP('',(#10695,#10703,#10709,#10710));
#10695 = ORIENTED_EDGE('',*,*,#10696,.F.);
#10696 = EDGE_CURVE('',#10697,#3684,#10699,.T.);
#10697 = VERTEX_POINT('',#10698);
#10698 = CARTESIAN_POINT('',(45.,36.,27.));
#10699 = LINE('',#10700,#10701);
#10700 = CARTESIAN_POINT('',(44.2,36.,27.));
#10701 = VECTOR('',#10702,1.);
#10702 = DIRECTION('',(1.,0.,-0.));
#10703 = ORIENTED_EDGE('',*,*,#10704,.F.);
#10704 = EDGE_CURVE('',#10674,#10697,#10705,.T.);
#10705 = LINE('',#10706,#10707);
#10706 = CARTESIAN_POINT('',(45.,36.,17.5));
#10707 = VECTOR('',#10708,1.);
#10708 = DIRECTION('',(0.,0.,-1.));
#10709 = ORIENTED_EDGE('',*,*,#10681,.T.);
#10710 = ORIENTED_EDGE('',*,*,#3683,.T.);
#10711 = PLANE('',#10712);
#10712 = AXIS2_PLACEMENT_3D('',#10713,#10714,#10715);
#10713 = CARTESIAN_POINT('',(44.2,36.,27.));
#10714 = DIRECTION('',(-0.,1.,0.));
#10715 = DIRECTION('',(0.,0.,1.));
#10716 = ADVANCED_FACE('',(#10717),#10735,.F.);
#10717 = FACE_BOUND('',#10718,.F.);
#10718 = EDGE_LOOP('',(#10719,#10727,#10733,#10734));
#10719 = ORIENTED_EDGE('',*,*,#10720,.F.);
#10720 = EDGE_CURVE('',#10721,#3692,#10723,.T.);
#10721 = VERTEX_POINT('',#10722);
#10722 = CARTESIAN_POINT('',(45.,39.,27.));
#10723 = LINE('',#10724,#10725);
#10724 = CARTESIAN_POINT('',(44.2,39.,27.));
#10725 = VECTOR('',#10726,1.);
#10726 = DIRECTION('',(1.,0.,-0.));
#10727 = ORIENTED_EDGE('',*,*,#10728,.F.);
#10728 = EDGE_CURVE('',#10666,#10721,#10729,.T.);
#10729 = LINE('',#10730,#10731);
#10730 = CARTESIAN_POINT('',(45.,39.,17.5));
#10731 = VECTOR('',#10732,1.);
#10732 = DIRECTION('',(0.,0.,-1.));
#10733 = ORIENTED_EDGE('',*,*,#10665,.T.);
#10734 = ORIENTED_EDGE('',*,*,#3699,.T.);
#10735 = PLANE('',#10736);
#10736 = AXIS2_PLACEMENT_3D('',#10737,#10738,#10739);
#10737 = CARTESIAN_POINT('',(44.2,39.,27.));
#10738 = DIRECTION('',(-0.,1.,0.));
#10739 = DIRECTION('',(0.,0.,1.));
#10740 = ADVANCED_FACE('',(#10741),#10752,.T.);
#10741 = FACE_BOUND('',#10742,.T.);
#10742 = EDGE_LOOP('',(#10743,#10744,#10750,#10751));
#10743 = ORIENTED_EDGE('',*,*,#10720,.F.);
#10744 = ORIENTED_EDGE('',*,*,#10745,.F.);
#10745 = EDGE_CURVE('',#10697,#10721,#10746,.T.);
#10746 = LINE('',#10747,#10748);
#10747 = CARTESIAN_POINT('',(45.,-12.0975,27.));
#10748 = VECTOR('',#10749,1.);
#10749 = DIRECTION('',(0.,1.,-0.));
#10750 = ORIENTED_EDGE('',*,*,#10696,.T.);
#10751 = ORIENTED_EDGE('',*,*,#3691,.T.);
#10752 = PLANE('',#10753);
#10753 = AXIS2_PLACEMENT_3D('',#10754,#10755,#10756);
#10754 = CARTESIAN_POINT('',(44.2,36.,27.));
#10755 = DIRECTION('',(0.,0.,1.));
#10756 = DIRECTION('',(1.,0.,-0.));
#10757 = ADVANCED_FACE('',(#10758),#10783,.F.);
#10758 = FACE_BOUND('',#10759,.F.);
#10759 = EDGE_LOOP('',(#10760,#10768,#10776,#10782));
#10760 = ORIENTED_EDGE('',*,*,#10761,.F.);
#10761 = EDGE_CURVE('',#10762,#3710,#10764,.T.);
#10762 = VERTEX_POINT('',#10763);
#10763 = CARTESIAN_POINT('',(45.,46.5,36.));
#10764 = LINE('',#10765,#10766);
#10765 = CARTESIAN_POINT('',(44.2,46.5,36.));
#10766 = VECTOR('',#10767,1.);
#10767 = DIRECTION('',(1.,0.,-0.));
#10768 = ORIENTED_EDGE('',*,*,#10769,.F.);
#10769 = EDGE_CURVE('',#10770,#10762,#10772,.T.);
#10770 = VERTEX_POINT('',#10771);
#10771 = CARTESIAN_POINT('',(45.,43.5,36.));
#10772 = LINE('',#10773,#10774);
#10773 = CARTESIAN_POINT('',(45.,-8.3475,36.));
#10774 = VECTOR('',#10775,1.);
#10775 = DIRECTION('',(0.,1.,-0.));
#10776 = ORIENTED_EDGE('',*,*,#10777,.T.);
#10777 = EDGE_CURVE('',#10770,#3708,#10778,.T.);
#10778 = LINE('',#10779,#10780);
#10779 = CARTESIAN_POINT('',(44.2,43.5,36.));
#10780 = VECTOR('',#10781,1.);
#10781 = DIRECTION('',(1.,0.,-0.));
#10782 = ORIENTED_EDGE('',*,*,#3707,.T.);
#10783 = PLANE('',#10784);
#10784 = AXIS2_PLACEMENT_3D('',#10785,#10786,#10787);
#10785 = CARTESIAN_POINT('',(44.2,43.5,36.));
#10786 = DIRECTION('',(0.,0.,1.));
#10787 = DIRECTION('',(1.,0.,-0.));
#10788 = ADVANCED_FACE('',(#10789),#10807,.T.);
#10789 = FACE_BOUND('',#10790,.T.);
#10790 = EDGE_LOOP('',(#10791,#10799,#10805,#10806));
#10791 = ORIENTED_EDGE('',*,*,#10792,.F.);
#10792 = EDGE_CURVE('',#10793,#3718,#10795,.T.);
#10793 = VERTEX_POINT('',#10794);
#10794 = CARTESIAN_POINT('',(45.,43.5,27.));
#10795 = LINE('',#10796,#10797);
#10796 = CARTESIAN_POINT('',(44.2,43.5,27.));
#10797 = VECTOR('',#10798,1.);
#10798 = DIRECTION('',(1.,0.,-0.));
#10799 = ORIENTED_EDGE('',*,*,#10800,.F.);
#10800 = EDGE_CURVE('',#10770,#10793,#10801,.T.);
#10801 = LINE('',#10802,#10803);
#10802 = CARTESIAN_POINT('',(45.,43.5,17.5));
#10803 = VECTOR('',#10804,1.);
#10804 = DIRECTION('',(0.,0.,-1.));
#10805 = ORIENTED_EDGE('',*,*,#10777,.T.);
#10806 = ORIENTED_EDGE('',*,*,#3717,.T.);
#10807 = PLANE('',#10808);
#10808 = AXIS2_PLACEMENT_3D('',#10809,#10810,#10811);
#10809 = CARTESIAN_POINT('',(44.2,43.5,27.));
#10810 = DIRECTION('',(-0.,1.,0.));
#10811 = DIRECTION('',(0.,0.,1.));
#10812 = ADVANCED_FACE('',(#10813),#10831,.F.);
#10813 = FACE_BOUND('',#10814,.F.);
#10814 = EDGE_LOOP('',(#10815,#10823,#10829,#10830));
#10815 = ORIENTED_EDGE('',*,*,#10816,.F.);
#10816 = EDGE_CURVE('',#10817,#3726,#10819,.T.);
#10817 = VERTEX_POINT('',#10818);
#10818 = CARTESIAN_POINT('',(45.,46.5,27.));
#10819 = LINE('',#10820,#10821);
#10820 = CARTESIAN_POINT('',(44.2,46.5,27.));
#10821 = VECTOR('',#10822,1.);
#10822 = DIRECTION('',(1.,0.,-0.));
#10823 = ORIENTED_EDGE('',*,*,#10824,.F.);
#10824 = EDGE_CURVE('',#10762,#10817,#10825,.T.);
#10825 = LINE('',#10826,#10827);
#10826 = CARTESIAN_POINT('',(45.,46.5,17.5));
#10827 = VECTOR('',#10828,1.);
#10828 = DIRECTION('',(0.,0.,-1.));
#10829 = ORIENTED_EDGE('',*,*,#10761,.T.);
#10830 = ORIENTED_EDGE('',*,*,#3733,.T.);
#10831 = PLANE('',#10832);
#10832 = AXIS2_PLACEMENT_3D('',#10833,#10834,#10835);
#10833 = CARTESIAN_POINT('',(44.2,46.5,27.));
#10834 = DIRECTION('',(-0.,1.,0.));
#10835 = DIRECTION('',(0.,0.,1.));
#10836 = ADVANCED_FACE('',(#10837),#10848,.T.);
#10837 = FACE_BOUND('',#10838,.T.);
#10838 = EDGE_LOOP('',(#10839,#10840,#10846,#10847));
#10839 = ORIENTED_EDGE('',*,*,#10816,.F.);
#10840 = ORIENTED_EDGE('',*,*,#10841,.F.);
#10841 = EDGE_CURVE('',#10793,#10817,#10842,.T.);
#10842 = LINE('',#10843,#10844);
#10843 = CARTESIAN_POINT('',(45.,-8.3475,27.));
#10844 = VECTOR('',#10845,1.);
#10845 = DIRECTION('',(0.,1.,-0.));
#10846 = ORIENTED_EDGE('',*,*,#10792,.T.);
#10847 = ORIENTED_EDGE('',*,*,#3725,.T.);
#10848 = PLANE('',#10849);
#10849 = AXIS2_PLACEMENT_3D('',#10850,#10851,#10852);
#10850 = CARTESIAN_POINT('',(44.2,43.5,27.));
#10851 = DIRECTION('',(0.,0.,1.));
#10852 = DIRECTION('',(1.,0.,-0.));
#10853 = ADVANCED_FACE('',(#10854),#10879,.F.);
#10854 = FACE_BOUND('',#10855,.F.);
#10855 = EDGE_LOOP('',(#10856,#10864,#10872,#10878));
#10856 = ORIENTED_EDGE('',*,*,#10857,.F.);
#10857 = EDGE_CURVE('',#10858,#3744,#10860,.T.);
#10858 = VERTEX_POINT('',#10859);
#10859 = CARTESIAN_POINT('',(45.,54.,36.));
#10860 = LINE('',#10861,#10862);
#10861 = CARTESIAN_POINT('',(44.2,54.,36.));
#10862 = VECTOR('',#10863,1.);
#10863 = DIRECTION('',(1.,0.,-0.));
#10864 = ORIENTED_EDGE('',*,*,#10865,.F.);
#10865 = EDGE_CURVE('',#10866,#10858,#10868,.T.);
#10866 = VERTEX_POINT('',#10867);
#10867 = CARTESIAN_POINT('',(45.,51.,36.));
#10868 = LINE('',#10869,#10870);
#10869 = CARTESIAN_POINT('',(45.,-4.5975,36.));
#10870 = VECTOR('',#10871,1.);
#10871 = DIRECTION('',(0.,1.,-0.));
#10872 = ORIENTED_EDGE('',*,*,#10873,.T.);
#10873 = EDGE_CURVE('',#10866,#3742,#10874,.T.);
#10874 = LINE('',#10875,#10876);
#10875 = CARTESIAN_POINT('',(44.2,51.,36.));
#10876 = VECTOR('',#10877,1.);
#10877 = DIRECTION('',(1.,0.,-0.));
#10878 = ORIENTED_EDGE('',*,*,#3741,.T.);
#10879 = PLANE('',#10880);
#10880 = AXIS2_PLACEMENT_3D('',#10881,#10882,#10883);
#10881 = CARTESIAN_POINT('',(44.2,51.,36.));
#10882 = DIRECTION('',(0.,0.,1.));
#10883 = DIRECTION('',(1.,0.,-0.));
#10884 = ADVANCED_FACE('',(#10885),#10903,.F.);
#10885 = FACE_BOUND('',#10886,.F.);
#10886 = EDGE_LOOP('',(#10887,#10895,#10901,#10902));
#10887 = ORIENTED_EDGE('',*,*,#10888,.F.);
#10888 = EDGE_CURVE('',#10889,#3760,#10891,.T.);
#10889 = VERTEX_POINT('',#10890);
#10890 = CARTESIAN_POINT('',(45.,54.,27.));
#10891 = LINE('',#10892,#10893);
#10892 = CARTESIAN_POINT('',(44.2,54.,27.));
#10893 = VECTOR('',#10894,1.);
#10894 = DIRECTION('',(1.,0.,-0.));
#10895 = ORIENTED_EDGE('',*,*,#10896,.F.);
#10896 = EDGE_CURVE('',#10858,#10889,#10897,.T.);
#10897 = LINE('',#10898,#10899);
#10898 = CARTESIAN_POINT('',(45.,54.,17.5));
#10899 = VECTOR('',#10900,1.);
#10900 = DIRECTION('',(0.,0.,-1.));
#10901 = ORIENTED_EDGE('',*,*,#10857,.T.);
#10902 = ORIENTED_EDGE('',*,*,#3767,.T.);
#10903 = PLANE('',#10904);
#10904 = AXIS2_PLACEMENT_3D('',#10905,#10906,#10907);
#10905 = CARTESIAN_POINT('',(44.2,54.,27.));
#10906 = DIRECTION('',(-0.,1.,0.));
#10907 = DIRECTION('',(0.,0.,1.));
#10908 = ADVANCED_FACE('',(#10909),#10927,.T.);
#10909 = FACE_BOUND('',#10910,.T.);
#10910 = EDGE_LOOP('',(#10911,#10912,#10920,#10926));
#10911 = ORIENTED_EDGE('',*,*,#10888,.F.);
#10912 = ORIENTED_EDGE('',*,*,#10913,.F.);
#10913 = EDGE_CURVE('',#10914,#10889,#10916,.T.);
#10914 = VERTEX_POINT('',#10915);
#10915 = CARTESIAN_POINT('',(45.,51.,27.));
#10916 = LINE('',#10917,#10918);
#10917 = CARTESIAN_POINT('',(45.,-4.5975,27.));
#10918 = VECTOR('',#10919,1.);
#10919 = DIRECTION('',(0.,1.,-0.));
#10920 = ORIENTED_EDGE('',*,*,#10921,.T.);
#10921 = EDGE_CURVE('',#10914,#3752,#10922,.T.);
#10922 = LINE('',#10923,#10924);
#10923 = CARTESIAN_POINT('',(44.2,51.,27.));
#10924 = VECTOR('',#10925,1.);
#10925 = DIRECTION('',(1.,0.,-0.));
#10926 = ORIENTED_EDGE('',*,*,#3759,.T.);
#10927 = PLANE('',#10928);
#10928 = AXIS2_PLACEMENT_3D('',#10929,#10930,#10931);
#10929 = CARTESIAN_POINT('',(44.2,51.,27.));
#10930 = DIRECTION('',(0.,0.,1.));
#10931 = DIRECTION('',(1.,0.,-0.));
#10932 = ADVANCED_FACE('',(#10933),#10944,.T.);
#10933 = FACE_BOUND('',#10934,.T.);
#10934 = EDGE_LOOP('',(#10935,#10936,#10942,#10943));
#10935 = ORIENTED_EDGE('',*,*,#10921,.F.);
#10936 = ORIENTED_EDGE('',*,*,#10937,.F.);
#10937 = EDGE_CURVE('',#10866,#10914,#10938,.T.);
#10938 = LINE('',#10939,#10940);
#10939 = CARTESIAN_POINT('',(45.,51.,17.5));
#10940 = VECTOR('',#10941,1.);
#10941 = DIRECTION('',(0.,0.,-1.));
#10942 = ORIENTED_EDGE('',*,*,#10873,.T.);
#10943 = ORIENTED_EDGE('',*,*,#3751,.T.);
#10944 = PLANE('',#10945);
#10945 = AXIS2_PLACEMENT_3D('',#10946,#10947,#10948);
#10946 = CARTESIAN_POINT('',(44.2,51.,27.));
#10947 = DIRECTION('',(-0.,1.,0.));
#10948 = DIRECTION('',(0.,0.,1.));
#10949 = ADVANCED_FACE('',(#10950),#10975,.F.);
#10950 = FACE_BOUND('',#10951,.F.);
#10951 = EDGE_LOOP('',(#10952,#10960,#10968,#10974));
#10952 = ORIENTED_EDGE('',*,*,#10953,.F.);
#10953 = EDGE_CURVE('',#10954,#3778,#10956,.T.);
#10954 = VERTEX_POINT('',#10955);
#10955 = CARTESIAN_POINT('',(45.,-51.,25.));
#10956 = LINE('',#10957,#10958);
#10957 = CARTESIAN_POINT('',(44.2,-51.,25.));
#10958 = VECTOR('',#10959,1.);
#10959 = DIRECTION('',(1.,0.,-0.));
#10960 = ORIENTED_EDGE('',*,*,#10961,.F.);
#10961 = EDGE_CURVE('',#10962,#10954,#10964,.T.);
#10962 = VERTEX_POINT('',#10963);
#10963 = CARTESIAN_POINT('',(45.,-54.,25.));
#10964 = LINE('',#10965,#10966);
#10965 = CARTESIAN_POINT('',(45.,-57.0975,25.));
#10966 = VECTOR('',#10967,1.);
#10967 = DIRECTION('',(0.,1.,-0.));
#10968 = ORIENTED_EDGE('',*,*,#10969,.T.);
#10969 = EDGE_CURVE('',#10962,#3776,#10970,.T.);
#10970 = LINE('',#10971,#10972);
#10971 = CARTESIAN_POINT('',(44.2,-54.,25.));
#10972 = VECTOR('',#10973,1.);
#10973 = DIRECTION('',(1.,0.,-0.));
#10974 = ORIENTED_EDGE('',*,*,#3775,.T.);
#10975 = PLANE('',#10976);
#10976 = AXIS2_PLACEMENT_3D('',#10977,#10978,#10979);
#10977 = CARTESIAN_POINT('',(44.2,-54.,25.));
#10978 = DIRECTION('',(0.,0.,1.));
#10979 = DIRECTION('',(1.,0.,-0.));
#10980 = ADVANCED_FACE('',(#10981),#10999,.T.);
#10981 = FACE_BOUND('',#10982,.T.);
#10982 = EDGE_LOOP('',(#10983,#10991,#10997,#10998));
#10983 = ORIENTED_EDGE('',*,*,#10984,.F.);
#10984 = EDGE_CURVE('',#10985,#3786,#10987,.T.);
#10985 = VERTEX_POINT('',#10986);
#10986 = CARTESIAN_POINT('',(45.,-54.,16.));
#10987 = LINE('',#10988,#10989);
#10988 = CARTESIAN_POINT('',(44.2,-54.,16.));
#10989 = VECTOR('',#10990,1.);
#10990 = DIRECTION('',(1.,0.,-0.));
#10991 = ORIENTED_EDGE('',*,*,#10992,.F.);
#10992 = EDGE_CURVE('',#10962,#10985,#10993,.T.);
#10993 = LINE('',#10994,#10995);
#10994 = CARTESIAN_POINT('',(45.,-54.,12.));
#10995 = VECTOR('',#10996,1.);
#10996 = DIRECTION('',(0.,0.,-1.));
#10997 = ORIENTED_EDGE('',*,*,#10969,.T.);
#10998 = ORIENTED_EDGE('',*,*,#3785,.T.);
#10999 = PLANE('',#11000);
#11000 = AXIS2_PLACEMENT_3D('',#11001,#11002,#11003);
#11001 = CARTESIAN_POINT('',(44.2,-54.,16.));
#11002 = DIRECTION('',(-0.,1.,0.));
#11003 = DIRECTION('',(0.,0.,1.));
#11004 = ADVANCED_FACE('',(#11005),#11023,.F.);
#11005 = FACE_BOUND('',#11006,.F.);
#11006 = EDGE_LOOP('',(#11007,#11015,#11021,#11022));
#11007 = ORIENTED_EDGE('',*,*,#11008,.F.);
#11008 = EDGE_CURVE('',#11009,#3794,#11011,.T.);
#11009 = VERTEX_POINT('',#11010);
#11010 = CARTESIAN_POINT('',(45.,-51.,16.));
#11011 = LINE('',#11012,#11013);
#11012 = CARTESIAN_POINT('',(44.2,-51.,16.));
#11013 = VECTOR('',#11014,1.);
#11014 = DIRECTION('',(1.,0.,-0.));
#11015 = ORIENTED_EDGE('',*,*,#11016,.F.);
#11016 = EDGE_CURVE('',#10954,#11009,#11017,.T.);
#11017 = LINE('',#11018,#11019);
#11018 = CARTESIAN_POINT('',(45.,-51.,12.));
#11019 = VECTOR('',#11020,1.);
#11020 = DIRECTION('',(0.,0.,-1.));
#11021 = ORIENTED_EDGE('',*,*,#10953,.T.);
#11022 = ORIENTED_EDGE('',*,*,#3801,.T.);
#11023 = PLANE('',#11024);
#11024 = AXIS2_PLACEMENT_3D('',#11025,#11026,#11027);
#11025 = CARTESIAN_POINT('',(44.2,-51.,16.));
#11026 = DIRECTION('',(-0.,1.,0.));
#11027 = DIRECTION('',(0.,0.,1.));
#11028 = ADVANCED_FACE('',(#11029),#11040,.T.);
#11029 = FACE_BOUND('',#11030,.T.);
#11030 = EDGE_LOOP('',(#11031,#11032,#11038,#11039));
#11031 = ORIENTED_EDGE('',*,*,#11008,.F.);
#11032 = ORIENTED_EDGE('',*,*,#11033,.F.);
#11033 = EDGE_CURVE('',#10985,#11009,#11034,.T.);
#11034 = LINE('',#11035,#11036);
#11035 = CARTESIAN_POINT('',(45.,-57.0975,16.));
#11036 = VECTOR('',#11037,1.);
#11037 = DIRECTION('',(0.,1.,-0.));
#11038 = ORIENTED_EDGE('',*,*,#10984,.T.);
#11039 = ORIENTED_EDGE('',*,*,#3793,.T.);
#11040 = PLANE('',#11041);
#11041 = AXIS2_PLACEMENT_3D('',#11042,#11043,#11044);
#11042 = CARTESIAN_POINT('',(44.2,-54.,16.));
#11043 = DIRECTION('',(0.,0.,1.));
#11044 = DIRECTION('',(1.,0.,-0.));
#11045 = ADVANCED_FACE('',(#11046),#11071,.F.);
#11046 = FACE_BOUND('',#11047,.F.);
#11047 = EDGE_LOOP('',(#11048,#11056,#11064,#11070));
#11048 = ORIENTED_EDGE('',*,*,#11049,.F.);
#11049 = EDGE_CURVE('',#11050,#3812,#11052,.T.);
#11050 = VERTEX_POINT('',#11051);
#11051 = CARTESIAN_POINT('',(45.,-43.5,25.));
#11052 = LINE('',#11053,#11054);
#11053 = CARTESIAN_POINT('',(44.2,-43.5,25.));
#11054 = VECTOR('',#11055,1.);
#11055 = DIRECTION('',(1.,0.,-0.));
#11056 = ORIENTED_EDGE('',*,*,#11057,.F.);
#11057 = EDGE_CURVE('',#11058,#11050,#11060,.T.);
#11058 = VERTEX_POINT('',#11059);
#11059 = CARTESIAN_POINT('',(45.,-46.5,25.));
#11060 = LINE('',#11061,#11062);
#11061 = CARTESIAN_POINT('',(45.,-53.3475,25.));
#11062 = VECTOR('',#11063,1.);
#11063 = DIRECTION('',(0.,1.,-0.));
#11064 = ORIENTED_EDGE('',*,*,#11065,.T.);
#11065 = EDGE_CURVE('',#11058,#3810,#11066,.T.);
#11066 = LINE('',#11067,#11068);
#11067 = CARTESIAN_POINT('',(44.2,-46.5,25.));
#11068 = VECTOR('',#11069,1.);
#11069 = DIRECTION('',(1.,0.,-0.));
#11070 = ORIENTED_EDGE('',*,*,#3809,.T.);
#11071 = PLANE('',#11072);
#11072 = AXIS2_PLACEMENT_3D('',#11073,#11074,#11075);
#11073 = CARTESIAN_POINT('',(44.2,-46.5,25.));
#11074 = DIRECTION('',(0.,0.,1.));
#11075 = DIRECTION('',(1.,0.,-0.));
#11076 = ADVANCED_FACE('',(#11077),#11095,.T.);
#11077 = FACE_BOUND('',#11078,.T.);
#11078 = EDGE_LOOP('',(#11079,#11087,#11093,#11094));
#11079 = ORIENTED_EDGE('',*,*,#11080,.F.);
#11080 = EDGE_CURVE('',#11081,#3820,#11083,.T.);
#11081 = VERTEX_POINT('',#11082);
#11082 = CARTESIAN_POINT('',(45.,-46.5,16.));
#11083 = LINE('',#11084,#11085);
#11084 = CARTESIAN_POINT('',(44.2,-46.5,16.));
#11085 = VECTOR('',#11086,1.);
#11086 = DIRECTION('',(1.,0.,-0.));
#11087 = ORIENTED_EDGE('',*,*,#11088,.F.);
#11088 = EDGE_CURVE('',#11058,#11081,#11089,.T.);
#11089 = LINE('',#11090,#11091);
#11090 = CARTESIAN_POINT('',(45.,-46.5,12.));
#11091 = VECTOR('',#11092,1.);
#11092 = DIRECTION('',(0.,0.,-1.));
#11093 = ORIENTED_EDGE('',*,*,#11065,.T.);
#11094 = ORIENTED_EDGE('',*,*,#3819,.T.);
#11095 = PLANE('',#11096);
#11096 = AXIS2_PLACEMENT_3D('',#11097,#11098,#11099);
#11097 = CARTESIAN_POINT('',(44.2,-46.5,16.));
#11098 = DIRECTION('',(-0.,1.,0.));
#11099 = DIRECTION('',(0.,0.,1.));
#11100 = ADVANCED_FACE('',(#11101),#11119,.F.);
#11101 = FACE_BOUND('',#11102,.F.);
#11102 = EDGE_LOOP('',(#11103,#11111,#11117,#11118));
#11103 = ORIENTED_EDGE('',*,*,#11104,.F.);
#11104 = EDGE_CURVE('',#11105,#3828,#11107,.T.);
#11105 = VERTEX_POINT('',#11106);
#11106 = CARTESIAN_POINT('',(45.,-43.5,16.));
#11107 = LINE('',#11108,#11109);
#11108 = CARTESIAN_POINT('',(44.2,-43.5,16.));
#11109 = VECTOR('',#11110,1.);
#11110 = DIRECTION('',(1.,0.,-0.));
#11111 = ORIENTED_EDGE('',*,*,#11112,.F.);
#11112 = EDGE_CURVE('',#11050,#11105,#11113,.T.);
#11113 = LINE('',#11114,#11115);
#11114 = CARTESIAN_POINT('',(45.,-43.5,12.));
#11115 = VECTOR('',#11116,1.);
#11116 = DIRECTION('',(0.,0.,-1.));
#11117 = ORIENTED_EDGE('',*,*,#11049,.T.);
#11118 = ORIENTED_EDGE('',*,*,#3835,.T.);
#11119 = PLANE('',#11120);
#11120 = AXIS2_PLACEMENT_3D('',#11121,#11122,#11123);
#11121 = CARTESIAN_POINT('',(44.2,-43.5,16.));
#11122 = DIRECTION('',(-0.,1.,0.));
#11123 = DIRECTION('',(0.,0.,1.));
#11124 = ADVANCED_FACE('',(#11125),#11136,.T.);
#11125 = FACE_BOUND('',#11126,.T.);
#11126 = EDGE_LOOP('',(#11127,#11128,#11134,#11135));
#11127 = ORIENTED_EDGE('',*,*,#11104,.F.);
#11128 = ORIENTED_EDGE('',*,*,#11129,.F.);
#11129 = EDGE_CURVE('',#11081,#11105,#11130,.T.);
#11130 = LINE('',#11131,#11132);
#11131 = CARTESIAN_POINT('',(45.,-53.3475,16.));
#11132 = VECTOR('',#11133,1.);
#11133 = DIRECTION('',(0.,1.,-0.));
#11134 = ORIENTED_EDGE('',*,*,#11080,.T.);
#11135 = ORIENTED_EDGE('',*,*,#3827,.T.);
#11136 = PLANE('',#11137);
#11137 = AXIS2_PLACEMENT_3D('',#11138,#11139,#11140);
#11138 = CARTESIAN_POINT('',(44.2,-46.5,16.));
#11139 = DIRECTION('',(0.,0.,1.));
#11140 = DIRECTION('',(1.,0.,-0.));
#11141 = ADVANCED_FACE('',(#11142),#11167,.F.);
#11142 = FACE_BOUND('',#11143,.F.);
#11143 = EDGE_LOOP('',(#11144,#11152,#11160,#11166));
#11144 = ORIENTED_EDGE('',*,*,#11145,.F.);
#11145 = EDGE_CURVE('',#11146,#3846,#11148,.T.);
#11146 = VERTEX_POINT('',#11147);
#11147 = CARTESIAN_POINT('',(45.,-36.,25.));
#11148 = LINE('',#11149,#11150);
#11149 = CARTESIAN_POINT('',(44.2,-36.,25.));
#11150 = VECTOR('',#11151,1.);
#11151 = DIRECTION('',(1.,0.,-0.));
#11152 = ORIENTED_EDGE('',*,*,#11153,.F.);
#11153 = EDGE_CURVE('',#11154,#11146,#11156,.T.);
#11154 = VERTEX_POINT('',#11155);
#11155 = CARTESIAN_POINT('',(45.,-39.,25.));
#11156 = LINE('',#11157,#11158);
#11157 = CARTESIAN_POINT('',(45.,-49.5975,25.));
#11158 = VECTOR('',#11159,1.);
#11159 = DIRECTION('',(0.,1.,-0.));
#11160 = ORIENTED_EDGE('',*,*,#11161,.T.);
#11161 = EDGE_CURVE('',#11154,#3844,#11162,.T.);
#11162 = LINE('',#11163,#11164);
#11163 = CARTESIAN_POINT('',(44.2,-39.,25.));
#11164 = VECTOR('',#11165,1.);
#11165 = DIRECTION('',(1.,0.,-0.));
#11166 = ORIENTED_EDGE('',*,*,#3843,.T.);
#11167 = PLANE('',#11168);
#11168 = AXIS2_PLACEMENT_3D('',#11169,#11170,#11171);
#11169 = CARTESIAN_POINT('',(44.2,-39.,25.));
#11170 = DIRECTION('',(0.,0.,1.));
#11171 = DIRECTION('',(1.,0.,-0.));
#11172 = ADVANCED_FACE('',(#11173),#11191,.T.);
#11173 = FACE_BOUND('',#11174,.T.);
#11174 = EDGE_LOOP('',(#11175,#11183,#11189,#11190));
#11175 = ORIENTED_EDGE('',*,*,#11176,.F.);
#11176 = EDGE_CURVE('',#11177,#3854,#11179,.T.);
#11177 = VERTEX_POINT('',#11178);
#11178 = CARTESIAN_POINT('',(45.,-39.,16.));
#11179 = LINE('',#11180,#11181);
#11180 = CARTESIAN_POINT('',(44.2,-39.,16.));
#11181 = VECTOR('',#11182,1.);
#11182 = DIRECTION('',(1.,0.,-0.));
#11183 = ORIENTED_EDGE('',*,*,#11184,.F.);
#11184 = EDGE_CURVE('',#11154,#11177,#11185,.T.);
#11185 = LINE('',#11186,#11187);
#11186 = CARTESIAN_POINT('',(45.,-39.,12.));
#11187 = VECTOR('',#11188,1.);
#11188 = DIRECTION('',(0.,0.,-1.));
#11189 = ORIENTED_EDGE('',*,*,#11161,.T.);
#11190 = ORIENTED_EDGE('',*,*,#3853,.T.);
#11191 = PLANE('',#11192);
#11192 = AXIS2_PLACEMENT_3D('',#11193,#11194,#11195);
#11193 = CARTESIAN_POINT('',(44.2,-39.,16.));
#11194 = DIRECTION('',(-0.,1.,0.));
#11195 = DIRECTION('',(0.,0.,1.));
#11196 = ADVANCED_FACE('',(#11197),#11215,.F.);
#11197 = FACE_BOUND('',#11198,.F.);
#11198 = EDGE_LOOP('',(#11199,#11207,#11213,#11214));
#11199 = ORIENTED_EDGE('',*,*,#11200,.F.);
#11200 = EDGE_CURVE('',#11201,#3862,#11203,.T.);
#11201 = VERTEX_POINT('',#11202);
#11202 = CARTESIAN_POINT('',(45.,-36.,16.));
#11203 = LINE('',#11204,#11205);
#11204 = CARTESIAN_POINT('',(44.2,-36.,16.));
#11205 = VECTOR('',#11206,1.);
#11206 = DIRECTION('',(1.,0.,-0.));
#11207 = ORIENTED_EDGE('',*,*,#11208,.F.);
#11208 = EDGE_CURVE('',#11146,#11201,#11209,.T.);
#11209 = LINE('',#11210,#11211);
#11210 = CARTESIAN_POINT('',(45.,-36.,12.));
#11211 = VECTOR('',#11212,1.);
#11212 = DIRECTION('',(0.,0.,-1.));
#11213 = ORIENTED_EDGE('',*,*,#11145,.T.);
#11214 = ORIENTED_EDGE('',*,*,#3869,.T.);
#11215 = PLANE('',#11216);
#11216 = AXIS2_PLACEMENT_3D('',#11217,#11218,#11219);
#11217 = CARTESIAN_POINT('',(44.2,-36.,16.));
#11218 = DIRECTION('',(-0.,1.,0.));
#11219 = DIRECTION('',(0.,0.,1.));
#11220 = ADVANCED_FACE('',(#11221),#11232,.T.);
#11221 = FACE_BOUND('',#11222,.T.);
#11222 = EDGE_LOOP('',(#11223,#11224,#11230,#11231));
#11223 = ORIENTED_EDGE('',*,*,#11200,.F.);
#11224 = ORIENTED_EDGE('',*,*,#11225,.F.);
#11225 = EDGE_CURVE('',#11177,#11201,#11226,.T.);
#11226 = LINE('',#11227,#11228);
#11227 = CARTESIAN_POINT('',(45.,-49.5975,16.));
#11228 = VECTOR('',#11229,1.);
#11229 = DIRECTION('',(0.,1.,-0.));
#11230 = ORIENTED_EDGE('',*,*,#11176,.T.);
#11231 = ORIENTED_EDGE('',*,*,#3861,.T.);
#11232 = PLANE('',#11233);
#11233 = AXIS2_PLACEMENT_3D('',#11234,#11235,#11236);
#11234 = CARTESIAN_POINT('',(44.2,-39.,16.));
#11235 = DIRECTION('',(0.,0.,1.));
#11236 = DIRECTION('',(1.,0.,-0.));
#11237 = ADVANCED_FACE('',(#11238),#11263,.F.);
#11238 = FACE_BOUND('',#11239,.F.);
#11239 = EDGE_LOOP('',(#11240,#11248,#11256,#11262));
#11240 = ORIENTED_EDGE('',*,*,#11241,.F.);
#11241 = EDGE_CURVE('',#11242,#3880,#11244,.T.);
#11242 = VERTEX_POINT('',#11243);
#11243 = CARTESIAN_POINT('',(45.,-28.5,25.));
#11244 = LINE('',#11245,#11246);
#11245 = CARTESIAN_POINT('',(44.2,-28.5,25.));
#11246 = VECTOR('',#11247,1.);
#11247 = DIRECTION('',(1.,0.,-0.));
#11248 = ORIENTED_EDGE('',*,*,#11249,.F.);
#11249 = EDGE_CURVE('',#11250,#11242,#11252,.T.);
#11250 = VERTEX_POINT('',#11251);
#11251 = CARTESIAN_POINT('',(45.,-31.5,25.));
#11252 = LINE('',#11253,#11254);
#11253 = CARTESIAN_POINT('',(45.,-45.8475,25.));
#11254 = VECTOR('',#11255,1.);
#11255 = DIRECTION('',(0.,1.,-0.));
#11256 = ORIENTED_EDGE('',*,*,#11257,.T.);
#11257 = EDGE_CURVE('',#11250,#3878,#11258,.T.);
#11258 = LINE('',#11259,#11260);
#11259 = CARTESIAN_POINT('',(44.2,-31.5,25.));
#11260 = VECTOR('',#11261,1.);
#11261 = DIRECTION('',(1.,0.,-0.));
#11262 = ORIENTED_EDGE('',*,*,#3877,.T.);
#11263 = PLANE('',#11264);
#11264 = AXIS2_PLACEMENT_3D('',#11265,#11266,#11267);
#11265 = CARTESIAN_POINT('',(44.2,-31.5,25.));
#11266 = DIRECTION('',(0.,0.,1.));
#11267 = DIRECTION('',(1.,0.,-0.));
#11268 = ADVANCED_FACE('',(#11269),#11287,.T.);
#11269 = FACE_BOUND('',#11270,.T.);
#11270 = EDGE_LOOP('',(#11271,#11279,#11285,#11286));
#11271 = ORIENTED_EDGE('',*,*,#11272,.F.);
#11272 = EDGE_CURVE('',#11273,#3888,#11275,.T.);
#11273 = VERTEX_POINT('',#11274);
#11274 = CARTESIAN_POINT('',(45.,-31.5,16.));
#11275 = LINE('',#11276,#11277);
#11276 = CARTESIAN_POINT('',(44.2,-31.5,16.));
#11277 = VECTOR('',#11278,1.);
#11278 = DIRECTION('',(1.,0.,-0.));
#11279 = ORIENTED_EDGE('',*,*,#11280,.F.);
#11280 = EDGE_CURVE('',#11250,#11273,#11281,.T.);
#11281 = LINE('',#11282,#11283);
#11282 = CARTESIAN_POINT('',(45.,-31.5,12.));
#11283 = VECTOR('',#11284,1.);
#11284 = DIRECTION('',(0.,0.,-1.));
#11285 = ORIENTED_EDGE('',*,*,#11257,.T.);
#11286 = ORIENTED_EDGE('',*,*,#3887,.T.);
#11287 = PLANE('',#11288);
#11288 = AXIS2_PLACEMENT_3D('',#11289,#11290,#11291);
#11289 = CARTESIAN_POINT('',(44.2,-31.5,16.));
#11290 = DIRECTION('',(-0.,1.,0.));
#11291 = DIRECTION('',(0.,0.,1.));
#11292 = ADVANCED_FACE('',(#11293),#11311,.F.);
#11293 = FACE_BOUND('',#11294,.F.);
#11294 = EDGE_LOOP('',(#11295,#11303,#11309,#11310));
#11295 = ORIENTED_EDGE('',*,*,#11296,.F.);
#11296 = EDGE_CURVE('',#11297,#3896,#11299,.T.);
#11297 = VERTEX_POINT('',#11298);
#11298 = CARTESIAN_POINT('',(45.,-28.5,16.));
#11299 = LINE('',#11300,#11301);
#11300 = CARTESIAN_POINT('',(44.2,-28.5,16.));
#11301 = VECTOR('',#11302,1.);
#11302 = DIRECTION('',(1.,0.,-0.));
#11303 = ORIENTED_EDGE('',*,*,#11304,.F.);
#11304 = EDGE_CURVE('',#11242,#11297,#11305,.T.);
#11305 = LINE('',#11306,#11307);
#11306 = CARTESIAN_POINT('',(45.,-28.5,12.));
#11307 = VECTOR('',#11308,1.);
#11308 = DIRECTION('',(0.,0.,-1.));
#11309 = ORIENTED_EDGE('',*,*,#11241,.T.);
#11310 = ORIENTED_EDGE('',*,*,#3903,.T.);
#11311 = PLANE('',#11312);
#11312 = AXIS2_PLACEMENT_3D('',#11313,#11314,#11315);
#11313 = CARTESIAN_POINT('',(44.2,-28.5,16.));
#11314 = DIRECTION('',(-0.,1.,0.));
#11315 = DIRECTION('',(0.,0.,1.));
#11316 = ADVANCED_FACE('',(#11317),#11328,.T.);
#11317 = FACE_BOUND('',#11318,.T.);
#11318 = EDGE_LOOP('',(#11319,#11320,#11326,#11327));
#11319 = ORIENTED_EDGE('',*,*,#11296,.F.);
#11320 = ORIENTED_EDGE('',*,*,#11321,.F.);
#11321 = EDGE_CURVE('',#11273,#11297,#11322,.T.);
#11322 = LINE('',#11323,#11324);
#11323 = CARTESIAN_POINT('',(45.,-45.8475,16.));
#11324 = VECTOR('',#11325,1.);
#11325 = DIRECTION('',(0.,1.,-0.));
#11326 = ORIENTED_EDGE('',*,*,#11272,.T.);
#11327 = ORIENTED_EDGE('',*,*,#3895,.T.);
#11328 = PLANE('',#11329);
#11329 = AXIS2_PLACEMENT_3D('',#11330,#11331,#11332);
#11330 = CARTESIAN_POINT('',(44.2,-31.5,16.));
#11331 = DIRECTION('',(0.,0.,1.));
#11332 = DIRECTION('',(1.,0.,-0.));
#11333 = ADVANCED_FACE('',(#11334),#11359,.F.);
#11334 = FACE_BOUND('',#11335,.F.);
#11335 = EDGE_LOOP('',(#11336,#11344,#11352,#11358));
#11336 = ORIENTED_EDGE('',*,*,#11337,.F.);
#11337 = EDGE_CURVE('',#11338,#3914,#11340,.T.);
#11338 = VERTEX_POINT('',#11339);
#11339 = CARTESIAN_POINT('',(45.,-21.,25.));
#11340 = LINE('',#11341,#11342);
#11341 = CARTESIAN_POINT('',(44.2,-21.,25.));
#11342 = VECTOR('',#11343,1.);
#11343 = DIRECTION('',(1.,0.,-0.));
#11344 = ORIENTED_EDGE('',*,*,#11345,.F.);
#11345 = EDGE_CURVE('',#11346,#11338,#11348,.T.);
#11346 = VERTEX_POINT('',#11347);
#11347 = CARTESIAN_POINT('',(45.,-24.,25.));
#11348 = LINE('',#11349,#11350);
#11349 = CARTESIAN_POINT('',(45.,-42.0975,25.));
#11350 = VECTOR('',#11351,1.);
#11351 = DIRECTION('',(0.,1.,-0.));
#11352 = ORIENTED_EDGE('',*,*,#11353,.T.);
#11353 = EDGE_CURVE('',#11346,#3912,#11354,.T.);
#11354 = LINE('',#11355,#11356);
#11355 = CARTESIAN_POINT('',(44.2,-24.,25.));
#11356 = VECTOR('',#11357,1.);
#11357 = DIRECTION('',(1.,0.,-0.));
#11358 = ORIENTED_EDGE('',*,*,#3911,.T.);
#11359 = PLANE('',#11360);
#11360 = AXIS2_PLACEMENT_3D('',#11361,#11362,#11363);
#11361 = CARTESIAN_POINT('',(44.2,-24.,25.));
#11362 = DIRECTION('',(0.,0.,1.));
#11363 = DIRECTION('',(1.,0.,-0.));
#11364 = ADVANCED_FACE('',(#11365),#11383,.T.);
#11365 = FACE_BOUND('',#11366,.T.);
#11366 = EDGE_LOOP('',(#11367,#11375,#11381,#11382));
#11367 = ORIENTED_EDGE('',*,*,#11368,.F.);
#11368 = EDGE_CURVE('',#11369,#3922,#11371,.T.);
#11369 = VERTEX_POINT('',#11370);
#11370 = CARTESIAN_POINT('',(45.,-24.,16.));
#11371 = LINE('',#11372,#11373);
#11372 = CARTESIAN_POINT('',(44.2,-24.,16.));
#11373 = VECTOR('',#11374,1.);
#11374 = DIRECTION('',(1.,0.,-0.));
#11375 = ORIENTED_EDGE('',*,*,#11376,.F.);
#11376 = EDGE_CURVE('',#11346,#11369,#11377,.T.);
#11377 = LINE('',#11378,#11379);
#11378 = CARTESIAN_POINT('',(45.,-24.,12.));
#11379 = VECTOR('',#11380,1.);
#11380 = DIRECTION('',(0.,0.,-1.));
#11381 = ORIENTED_EDGE('',*,*,#11353,.T.);
#11382 = ORIENTED_EDGE('',*,*,#3921,.T.);
#11383 = PLANE('',#11384);
#11384 = AXIS2_PLACEMENT_3D('',#11385,#11386,#11387);
#11385 = CARTESIAN_POINT('',(44.2,-24.,16.));
#11386 = DIRECTION('',(-0.,1.,0.));
#11387 = DIRECTION('',(0.,0.,1.));
#11388 = ADVANCED_FACE('',(#11389),#11407,.F.);
#11389 = FACE_BOUND('',#11390,.F.);
#11390 = EDGE_LOOP('',(#11391,#11399,#11405,#11406));
#11391 = ORIENTED_EDGE('',*,*,#11392,.F.);
#11392 = EDGE_CURVE('',#11393,#3930,#11395,.T.);
#11393 = VERTEX_POINT('',#11394);
#11394 = CARTESIAN_POINT('',(45.,-21.,16.));
#11395 = LINE('',#11396,#11397);
#11396 = CARTESIAN_POINT('',(44.2,-21.,16.));
#11397 = VECTOR('',#11398,1.);
#11398 = DIRECTION('',(1.,0.,-0.));
#11399 = ORIENTED_EDGE('',*,*,#11400,.F.);
#11400 = EDGE_CURVE('',#11338,#11393,#11401,.T.);
#11401 = LINE('',#11402,#11403);
#11402 = CARTESIAN_POINT('',(45.,-21.,12.));
#11403 = VECTOR('',#11404,1.);
#11404 = DIRECTION('',(0.,0.,-1.));
#11405 = ORIENTED_EDGE('',*,*,#11337,.T.);
#11406 = ORIENTED_EDGE('',*,*,#3937,.T.);
#11407 = PLANE('',#11408);
#11408 = AXIS2_PLACEMENT_3D('',#11409,#11410,#11411);
#11409 = CARTESIAN_POINT('',(44.2,-21.,16.));
#11410 = DIRECTION('',(-0.,1.,0.));
#11411 = DIRECTION('',(0.,0.,1.));
#11412 = ADVANCED_FACE('',(#11413),#11424,.T.);
#11413 = FACE_BOUND('',#11414,.T.);
#11414 = EDGE_LOOP('',(#11415,#11416,#11422,#11423));
#11415 = ORIENTED_EDGE('',*,*,#11392,.F.);
#11416 = ORIENTED_EDGE('',*,*,#11417,.F.);
#11417 = EDGE_CURVE('',#11369,#11393,#11418,.T.);
#11418 = LINE('',#11419,#11420);
#11419 = CARTESIAN_POINT('',(45.,-42.0975,16.));
#11420 = VECTOR('',#11421,1.);
#11421 = DIRECTION('',(0.,1.,-0.));
#11422 = ORIENTED_EDGE('',*,*,#11368,.T.);
#11423 = ORIENTED_EDGE('',*,*,#3929,.T.);
#11424 = PLANE('',#11425);
#11425 = AXIS2_PLACEMENT_3D('',#11426,#11427,#11428);
#11426 = CARTESIAN_POINT('',(44.2,-24.,16.));
#11427 = DIRECTION('',(0.,0.,1.));
#11428 = DIRECTION('',(1.,0.,-0.));
#11429 = ADVANCED_FACE('',(#11430),#11455,.F.);
#11430 = FACE_BOUND('',#11431,.F.);
#11431 = EDGE_LOOP('',(#11432,#11440,#11448,#11454));
#11432 = ORIENTED_EDGE('',*,*,#11433,.F.);
#11433 = EDGE_CURVE('',#11434,#3948,#11436,.T.);
#11434 = VERTEX_POINT('',#11435);
#11435 = CARTESIAN_POINT('',(45.,-13.5,25.));
#11436 = LINE('',#11437,#11438);
#11437 = CARTESIAN_POINT('',(44.2,-13.5,25.));
#11438 = VECTOR('',#11439,1.);
#11439 = DIRECTION('',(1.,0.,-0.));
#11440 = ORIENTED_EDGE('',*,*,#11441,.F.);
#11441 = EDGE_CURVE('',#11442,#11434,#11444,.T.);
#11442 = VERTEX_POINT('',#11443);
#11443 = CARTESIAN_POINT('',(45.,-16.5,25.));
#11444 = LINE('',#11445,#11446);
#11445 = CARTESIAN_POINT('',(45.,-38.3475,25.));
#11446 = VECTOR('',#11447,1.);
#11447 = DIRECTION('',(0.,1.,-0.));
#11448 = ORIENTED_EDGE('',*,*,#11449,.T.);
#11449 = EDGE_CURVE('',#11442,#3946,#11450,.T.);
#11450 = LINE('',#11451,#11452);
#11451 = CARTESIAN_POINT('',(44.2,-16.5,25.));
#11452 = VECTOR('',#11453,1.);
#11453 = DIRECTION('',(1.,0.,-0.));
#11454 = ORIENTED_EDGE('',*,*,#3945,.T.);
#11455 = PLANE('',#11456);
#11456 = AXIS2_PLACEMENT_3D('',#11457,#11458,#11459);
#11457 = CARTESIAN_POINT('',(44.2,-16.5,25.));
#11458 = DIRECTION('',(0.,0.,1.));
#11459 = DIRECTION('',(1.,0.,-0.));
#11460 = ADVANCED_FACE('',(#11461),#11479,.T.);
#11461 = FACE_BOUND('',#11462,.T.);
#11462 = EDGE_LOOP('',(#11463,#11471,#11477,#11478));
#11463 = ORIENTED_EDGE('',*,*,#11464,.F.);
#11464 = EDGE_CURVE('',#11465,#3956,#11467,.T.);
#11465 = VERTEX_POINT('',#11466);
#11466 = CARTESIAN_POINT('',(45.,-16.5,16.));
#11467 = LINE('',#11468,#11469);
#11468 = CARTESIAN_POINT('',(44.2,-16.5,16.));
#11469 = VECTOR('',#11470,1.);
#11470 = DIRECTION('',(1.,0.,-0.));
#11471 = ORIENTED_EDGE('',*,*,#11472,.F.);
#11472 = EDGE_CURVE('',#11442,#11465,#11473,.T.);
#11473 = LINE('',#11474,#11475);
#11474 = CARTESIAN_POINT('',(45.,-16.5,12.));
#11475 = VECTOR('',#11476,1.);
#11476 = DIRECTION('',(0.,0.,-1.));
#11477 = ORIENTED_EDGE('',*,*,#11449,.T.);
#11478 = ORIENTED_EDGE('',*,*,#3955,.T.);
#11479 = PLANE('',#11480);
#11480 = AXIS2_PLACEMENT_3D('',#11481,#11482,#11483);
#11481 = CARTESIAN_POINT('',(44.2,-16.5,16.));
#11482 = DIRECTION('',(-0.,1.,0.));
#11483 = DIRECTION('',(0.,0.,1.));
#11484 = ADVANCED_FACE('',(#11485),#11503,.F.);
#11485 = FACE_BOUND('',#11486,.F.);
#11486 = EDGE_LOOP('',(#11487,#11495,#11501,#11502));
#11487 = ORIENTED_EDGE('',*,*,#11488,.F.);
#11488 = EDGE_CURVE('',#11489,#3964,#11491,.T.);
#11489 = VERTEX_POINT('',#11490);
#11490 = CARTESIAN_POINT('',(45.,-13.5,16.));
#11491 = LINE('',#11492,#11493);
#11492 = CARTESIAN_POINT('',(44.2,-13.5,16.));
#11493 = VECTOR('',#11494,1.);
#11494 = DIRECTION('',(1.,0.,-0.));
#11495 = ORIENTED_EDGE('',*,*,#11496,.F.);
#11496 = EDGE_CURVE('',#11434,#11489,#11497,.T.);
#11497 = LINE('',#11498,#11499);
#11498 = CARTESIAN_POINT('',(45.,-13.5,12.));
#11499 = VECTOR('',#11500,1.);
#11500 = DIRECTION('',(0.,0.,-1.));
#11501 = ORIENTED_EDGE('',*,*,#11433,.T.);
#11502 = ORIENTED_EDGE('',*,*,#3971,.T.);
#11503 = PLANE('',#11504);
#11504 = AXIS2_PLACEMENT_3D('',#11505,#11506,#11507);
#11505 = CARTESIAN_POINT('',(44.2,-13.5,16.));
#11506 = DIRECTION('',(-0.,1.,0.));
#11507 = DIRECTION('',(0.,0.,1.));
#11508 = ADVANCED_FACE('',(#11509),#11520,.T.);
#11509 = FACE_BOUND('',#11510,.T.);
#11510 = EDGE_LOOP('',(#11511,#11512,#11518,#11519));
#11511 = ORIENTED_EDGE('',*,*,#11488,.F.);
#11512 = ORIENTED_EDGE('',*,*,#11513,.F.);
#11513 = EDGE_CURVE('',#11465,#11489,#11514,.T.);
#11514 = LINE('',#11515,#11516);
#11515 = CARTESIAN_POINT('',(45.,-38.3475,16.));
#11516 = VECTOR('',#11517,1.);
#11517 = DIRECTION('',(0.,1.,-0.));
#11518 = ORIENTED_EDGE('',*,*,#11464,.T.);
#11519 = ORIENTED_EDGE('',*,*,#3963,.T.);
#11520 = PLANE('',#11521);
#11521 = AXIS2_PLACEMENT_3D('',#11522,#11523,#11524);
#11522 = CARTESIAN_POINT('',(44.2,-16.5,16.));
#11523 = DIRECTION('',(0.,0.,1.));
#11524 = DIRECTION('',(1.,0.,-0.));
#11525 = ADVANCED_FACE('',(#11526),#11551,.F.);
#11526 = FACE_BOUND('',#11527,.F.);
#11527 = EDGE_LOOP('',(#11528,#11536,#11544,#11550));
#11528 = ORIENTED_EDGE('',*,*,#11529,.F.);
#11529 = EDGE_CURVE('',#11530,#3982,#11532,.T.);
#11530 = VERTEX_POINT('',#11531);
#11531 = CARTESIAN_POINT('',(45.,-6.,25.));
#11532 = LINE('',#11533,#11534);
#11533 = CARTESIAN_POINT('',(44.2,-6.,25.));
#11534 = VECTOR('',#11535,1.);
#11535 = DIRECTION('',(1.,0.,-0.));
#11536 = ORIENTED_EDGE('',*,*,#11537,.F.);
#11537 = EDGE_CURVE('',#11538,#11530,#11540,.T.);
#11538 = VERTEX_POINT('',#11539);
#11539 = CARTESIAN_POINT('',(45.,-9.,25.));
#11540 = LINE('',#11541,#11542);
#11541 = CARTESIAN_POINT('',(45.,-34.5975,25.));
#11542 = VECTOR('',#11543,1.);
#11543 = DIRECTION('',(0.,1.,-0.));
#11544 = ORIENTED_EDGE('',*,*,#11545,.T.);
#11545 = EDGE_CURVE('',#11538,#3980,#11546,.T.);
#11546 = LINE('',#11547,#11548);
#11547 = CARTESIAN_POINT('',(44.2,-9.,25.));
#11548 = VECTOR('',#11549,1.);
#11549 = DIRECTION('',(1.,0.,-0.));
#11550 = ORIENTED_EDGE('',*,*,#3979,.T.);
#11551 = PLANE('',#11552);
#11552 = AXIS2_PLACEMENT_3D('',#11553,#11554,#11555);
#11553 = CARTESIAN_POINT('',(44.2,-9.,25.));
#11554 = DIRECTION('',(0.,0.,1.));
#11555 = DIRECTION('',(1.,0.,-0.));
#11556 = ADVANCED_FACE('',(#11557),#11575,.T.);
#11557 = FACE_BOUND('',#11558,.T.);
#11558 = EDGE_LOOP('',(#11559,#11567,#11573,#11574));
#11559 = ORIENTED_EDGE('',*,*,#11560,.F.);
#11560 = EDGE_CURVE('',#11561,#3990,#11563,.T.);
#11561 = VERTEX_POINT('',#11562);
#11562 = CARTESIAN_POINT('',(45.,-9.,16.));
#11563 = LINE('',#11564,#11565);
#11564 = CARTESIAN_POINT('',(44.2,-9.,16.));
#11565 = VECTOR('',#11566,1.);
#11566 = DIRECTION('',(1.,0.,-0.));
#11567 = ORIENTED_EDGE('',*,*,#11568,.F.);
#11568 = EDGE_CURVE('',#11538,#11561,#11569,.T.);
#11569 = LINE('',#11570,#11571);
#11570 = CARTESIAN_POINT('',(45.,-9.,12.));
#11571 = VECTOR('',#11572,1.);
#11572 = DIRECTION('',(0.,0.,-1.));
#11573 = ORIENTED_EDGE('',*,*,#11545,.T.);
#11574 = ORIENTED_EDGE('',*,*,#3989,.T.);
#11575 = PLANE('',#11576);
#11576 = AXIS2_PLACEMENT_3D('',#11577,#11578,#11579);
#11577 = CARTESIAN_POINT('',(44.2,-9.,16.));
#11578 = DIRECTION('',(-0.,1.,0.));
#11579 = DIRECTION('',(0.,0.,1.));
#11580 = ADVANCED_FACE('',(#11581),#11599,.F.);
#11581 = FACE_BOUND('',#11582,.F.);
#11582 = EDGE_LOOP('',(#11583,#11591,#11597,#11598));
#11583 = ORIENTED_EDGE('',*,*,#11584,.F.);
#11584 = EDGE_CURVE('',#11585,#3998,#11587,.T.);
#11585 = VERTEX_POINT('',#11586);
#11586 = CARTESIAN_POINT('',(45.,-6.,16.));
#11587 = LINE('',#11588,#11589);
#11588 = CARTESIAN_POINT('',(44.2,-6.,16.));
#11589 = VECTOR('',#11590,1.);
#11590 = DIRECTION('',(1.,0.,-0.));
#11591 = ORIENTED_EDGE('',*,*,#11592,.F.);
#11592 = EDGE_CURVE('',#11530,#11585,#11593,.T.);
#11593 = LINE('',#11594,#11595);
#11594 = CARTESIAN_POINT('',(45.,-6.,12.));
#11595 = VECTOR('',#11596,1.);
#11596 = DIRECTION('',(0.,0.,-1.));
#11597 = ORIENTED_EDGE('',*,*,#11529,.T.);
#11598 = ORIENTED_EDGE('',*,*,#4005,.T.);
#11599 = PLANE('',#11600);
#11600 = AXIS2_PLACEMENT_3D('',#11601,#11602,#11603);
#11601 = CARTESIAN_POINT('',(44.2,-6.,16.));
#11602 = DIRECTION('',(-0.,1.,0.));
#11603 = DIRECTION('',(0.,0.,1.));
#11604 = ADVANCED_FACE('',(#11605),#11616,.T.);
#11605 = FACE_BOUND('',#11606,.T.);
#11606 = EDGE_LOOP('',(#11607,#11608,#11614,#11615));
#11607 = ORIENTED_EDGE('',*,*,#11584,.F.);
#11608 = ORIENTED_EDGE('',*,*,#11609,.F.);
#11609 = EDGE_CURVE('',#11561,#11585,#11610,.T.);
#11610 = LINE('',#11611,#11612);
#11611 = CARTESIAN_POINT('',(45.,-34.5975,16.));
#11612 = VECTOR('',#11613,1.);
#11613 = DIRECTION('',(0.,1.,-0.));
#11614 = ORIENTED_EDGE('',*,*,#11560,.T.);
#11615 = ORIENTED_EDGE('',*,*,#3997,.T.);
#11616 = PLANE('',#11617);
#11617 = AXIS2_PLACEMENT_3D('',#11618,#11619,#11620);
#11618 = CARTESIAN_POINT('',(44.2,-9.,16.));
#11619 = DIRECTION('',(0.,0.,1.));
#11620 = DIRECTION('',(1.,0.,-0.));
#11621 = ADVANCED_FACE('',(#11622),#11647,.F.);
#11622 = FACE_BOUND('',#11623,.F.);
#11623 = EDGE_LOOP('',(#11624,#11632,#11640,#11646));
#11624 = ORIENTED_EDGE('',*,*,#11625,.F.);
#11625 = EDGE_CURVE('',#11626,#4016,#11628,.T.);
#11626 = VERTEX_POINT('',#11627);
#11627 = CARTESIAN_POINT('',(45.,1.5,25.));
#11628 = LINE('',#11629,#11630);
#11629 = CARTESIAN_POINT('',(44.2,1.5,25.));
#11630 = VECTOR('',#11631,1.);
#11631 = DIRECTION('',(1.,0.,-0.));
#11632 = ORIENTED_EDGE('',*,*,#11633,.F.);
#11633 = EDGE_CURVE('',#11634,#11626,#11636,.T.);
#11634 = VERTEX_POINT('',#11635);
#11635 = CARTESIAN_POINT('',(45.,-1.5,25.));
#11636 = LINE('',#11637,#11638);
#11637 = CARTESIAN_POINT('',(45.,-30.8475,25.));
#11638 = VECTOR('',#11639,1.);
#11639 = DIRECTION('',(0.,1.,-0.));
#11640 = ORIENTED_EDGE('',*,*,#11641,.T.);
#11641 = EDGE_CURVE('',#11634,#4014,#11642,.T.);
#11642 = LINE('',#11643,#11644);
#11643 = CARTESIAN_POINT('',(44.2,-1.5,25.));
#11644 = VECTOR('',#11645,1.);
#11645 = DIRECTION('',(1.,0.,-0.));
#11646 = ORIENTED_EDGE('',*,*,#4013,.T.);
#11647 = PLANE('',#11648);
#11648 = AXIS2_PLACEMENT_3D('',#11649,#11650,#11651);
#11649 = CARTESIAN_POINT('',(44.2,-1.5,25.));
#11650 = DIRECTION('',(0.,0.,1.));
#11651 = DIRECTION('',(1.,0.,-0.));
#11652 = ADVANCED_FACE('',(#11653),#11671,.T.);
#11653 = FACE_BOUND('',#11654,.T.);
#11654 = EDGE_LOOP('',(#11655,#11663,#11669,#11670));
#11655 = ORIENTED_EDGE('',*,*,#11656,.F.);
#11656 = EDGE_CURVE('',#11657,#4024,#11659,.T.);
#11657 = VERTEX_POINT('',#11658);
#11658 = CARTESIAN_POINT('',(45.,-1.5,16.));
#11659 = LINE('',#11660,#11661);
#11660 = CARTESIAN_POINT('',(44.2,-1.5,16.));
#11661 = VECTOR('',#11662,1.);
#11662 = DIRECTION('',(1.,0.,-0.));
#11663 = ORIENTED_EDGE('',*,*,#11664,.F.);
#11664 = EDGE_CURVE('',#11634,#11657,#11665,.T.);
#11665 = LINE('',#11666,#11667);
#11666 = CARTESIAN_POINT('',(45.,-1.5,12.));
#11667 = VECTOR('',#11668,1.);
#11668 = DIRECTION('',(0.,0.,-1.));
#11669 = ORIENTED_EDGE('',*,*,#11641,.T.);
#11670 = ORIENTED_EDGE('',*,*,#4023,.T.);
#11671 = PLANE('',#11672);
#11672 = AXIS2_PLACEMENT_3D('',#11673,#11674,#11675);
#11673 = CARTESIAN_POINT('',(44.2,-1.5,16.));
#11674 = DIRECTION('',(-0.,1.,0.));
#11675 = DIRECTION('',(0.,0.,1.));
#11676 = ADVANCED_FACE('',(#11677),#11695,.F.);
#11677 = FACE_BOUND('',#11678,.F.);
#11678 = EDGE_LOOP('',(#11679,#11687,#11693,#11694));
#11679 = ORIENTED_EDGE('',*,*,#11680,.F.);
#11680 = EDGE_CURVE('',#11681,#4032,#11683,.T.);
#11681 = VERTEX_POINT('',#11682);
#11682 = CARTESIAN_POINT('',(45.,1.5,16.));
#11683 = LINE('',#11684,#11685);
#11684 = CARTESIAN_POINT('',(44.2,1.5,16.));
#11685 = VECTOR('',#11686,1.);
#11686 = DIRECTION('',(1.,0.,-0.));
#11687 = ORIENTED_EDGE('',*,*,#11688,.F.);
#11688 = EDGE_CURVE('',#11626,#11681,#11689,.T.);
#11689 = LINE('',#11690,#11691);
#11690 = CARTESIAN_POINT('',(45.,1.5,12.));
#11691 = VECTOR('',#11692,1.);
#11692 = DIRECTION('',(0.,0.,-1.));
#11693 = ORIENTED_EDGE('',*,*,#11625,.T.);
#11694 = ORIENTED_EDGE('',*,*,#4039,.T.);
#11695 = PLANE('',#11696);
#11696 = AXIS2_PLACEMENT_3D('',#11697,#11698,#11699);
#11697 = CARTESIAN_POINT('',(44.2,1.5,16.));
#11698 = DIRECTION('',(-0.,1.,0.));
#11699 = DIRECTION('',(0.,0.,1.));
#11700 = ADVANCED_FACE('',(#11701),#11712,.T.);
#11701 = FACE_BOUND('',#11702,.T.);
#11702 = EDGE_LOOP('',(#11703,#11704,#11710,#11711));
#11703 = ORIENTED_EDGE('',*,*,#11680,.F.);
#11704 = ORIENTED_EDGE('',*,*,#11705,.F.);
#11705 = EDGE_CURVE('',#11657,#11681,#11706,.T.);
#11706 = LINE('',#11707,#11708);
#11707 = CARTESIAN_POINT('',(45.,-30.8475,16.));
#11708 = VECTOR('',#11709,1.);
#11709 = DIRECTION('',(0.,1.,-0.));
#11710 = ORIENTED_EDGE('',*,*,#11656,.T.);
#11711 = ORIENTED_EDGE('',*,*,#4031,.T.);
#11712 = PLANE('',#11713);
#11713 = AXIS2_PLACEMENT_3D('',#11714,#11715,#11716);
#11714 = CARTESIAN_POINT('',(44.2,-1.5,16.));
#11715 = DIRECTION('',(0.,0.,1.));
#11716 = DIRECTION('',(1.,0.,-0.));
#11717 = ADVANCED_FACE('',(#11718),#11743,.F.);
#11718 = FACE_BOUND('',#11719,.F.);
#11719 = EDGE_LOOP('',(#11720,#11728,#11736,#11742));
#11720 = ORIENTED_EDGE('',*,*,#11721,.F.);
#11721 = EDGE_CURVE('',#11722,#4050,#11724,.T.);
#11722 = VERTEX_POINT('',#11723);
#11723 = CARTESIAN_POINT('',(45.,9.,25.));
#11724 = LINE('',#11725,#11726);
#11725 = CARTESIAN_POINT('',(44.2,9.,25.));
#11726 = VECTOR('',#11727,1.);
#11727 = DIRECTION('',(1.,0.,-0.));
#11728 = ORIENTED_EDGE('',*,*,#11729,.F.);
#11729 = EDGE_CURVE('',#11730,#11722,#11732,.T.);
#11730 = VERTEX_POINT('',#11731);
#11731 = CARTESIAN_POINT('',(45.,6.,25.));
#11732 = LINE('',#11733,#11734);
#11733 = CARTESIAN_POINT('',(45.,-27.0975,25.));
#11734 = VECTOR('',#11735,1.);
#11735 = DIRECTION('',(0.,1.,-0.));
#11736 = ORIENTED_EDGE('',*,*,#11737,.T.);
#11737 = EDGE_CURVE('',#11730,#4048,#11738,.T.);
#11738 = LINE('',#11739,#11740);
#11739 = CARTESIAN_POINT('',(44.2,6.,25.));
#11740 = VECTOR('',#11741,1.);
#11741 = DIRECTION('',(1.,0.,-0.));
#11742 = ORIENTED_EDGE('',*,*,#4047,.T.);
#11743 = PLANE('',#11744);
#11744 = AXIS2_PLACEMENT_3D('',#11745,#11746,#11747);
#11745 = CARTESIAN_POINT('',(44.2,6.,25.));
#11746 = DIRECTION('',(0.,0.,1.));
#11747 = DIRECTION('',(1.,0.,-0.));
#11748 = ADVANCED_FACE('',(#11749),#11767,.T.);
#11749 = FACE_BOUND('',#11750,.T.);
#11750 = EDGE_LOOP('',(#11751,#11759,#11765,#11766));
#11751 = ORIENTED_EDGE('',*,*,#11752,.F.);
#11752 = EDGE_CURVE('',#11753,#4058,#11755,.T.);
#11753 = VERTEX_POINT('',#11754);
#11754 = CARTESIAN_POINT('',(45.,6.,16.));
#11755 = LINE('',#11756,#11757);
#11756 = CARTESIAN_POINT('',(44.2,6.,16.));
#11757 = VECTOR('',#11758,1.);
#11758 = DIRECTION('',(1.,0.,-0.));
#11759 = ORIENTED_EDGE('',*,*,#11760,.F.);
#11760 = EDGE_CURVE('',#11730,#11753,#11761,.T.);
#11761 = LINE('',#11762,#11763);
#11762 = CARTESIAN_POINT('',(45.,6.,12.));
#11763 = VECTOR('',#11764,1.);
#11764 = DIRECTION('',(0.,0.,-1.));
#11765 = ORIENTED_EDGE('',*,*,#11737,.T.);
#11766 = ORIENTED_EDGE('',*,*,#4057,.T.);
#11767 = PLANE('',#11768);
#11768 = AXIS2_PLACEMENT_3D('',#11769,#11770,#11771);
#11769 = CARTESIAN_POINT('',(44.2,6.,16.));
#11770 = DIRECTION('',(-0.,1.,0.));
#11771 = DIRECTION('',(0.,0.,1.));
#11772 = ADVANCED_FACE('',(#11773),#11791,.F.);
#11773 = FACE_BOUND('',#11774,.F.);
#11774 = EDGE_LOOP('',(#11775,#11783,#11789,#11790));
#11775 = ORIENTED_EDGE('',*,*,#11776,.F.);
#11776 = EDGE_CURVE('',#11777,#4066,#11779,.T.);
#11777 = VERTEX_POINT('',#11778);
#11778 = CARTESIAN_POINT('',(45.,9.,16.));
#11779 = LINE('',#11780,#11781);
#11780 = CARTESIAN_POINT('',(44.2,9.,16.));
#11781 = VECTOR('',#11782,1.);
#11782 = DIRECTION('',(1.,0.,-0.));
#11783 = ORIENTED_EDGE('',*,*,#11784,.F.);
#11784 = EDGE_CURVE('',#11722,#11777,#11785,.T.);
#11785 = LINE('',#11786,#11787);
#11786 = CARTESIAN_POINT('',(45.,9.,12.));
#11787 = VECTOR('',#11788,1.);
#11788 = DIRECTION('',(0.,0.,-1.));
#11789 = ORIENTED_EDGE('',*,*,#11721,.T.);
#11790 = ORIENTED_EDGE('',*,*,#4073,.T.);
#11791 = PLANE('',#11792);
#11792 = AXIS2_PLACEMENT_3D('',#11793,#11794,#11795);
#11793 = CARTESIAN_POINT('',(44.2,9.,16.));
#11794 = DIRECTION('',(-0.,1.,0.));
#11795 = DIRECTION('',(0.,0.,1.));
#11796 = ADVANCED_FACE('',(#11797),#11808,.T.);
#11797 = FACE_BOUND('',#11798,.T.);
#11798 = EDGE_LOOP('',(#11799,#11800,#11806,#11807));
#11799 = ORIENTED_EDGE('',*,*,#11776,.F.);
#11800 = ORIENTED_EDGE('',*,*,#11801,.F.);
#11801 = EDGE_CURVE('',#11753,#11777,#11802,.T.);
#11802 = LINE('',#11803,#11804);
#11803 = CARTESIAN_POINT('',(45.,-27.0975,16.));
#11804 = VECTOR('',#11805,1.);
#11805 = DIRECTION('',(0.,1.,-0.));
#11806 = ORIENTED_EDGE('',*,*,#11752,.T.);
#11807 = ORIENTED_EDGE('',*,*,#4065,.T.);
#11808 = PLANE('',#11809);
#11809 = AXIS2_PLACEMENT_3D('',#11810,#11811,#11812);
#11810 = CARTESIAN_POINT('',(44.2,6.,16.));
#11811 = DIRECTION('',(0.,0.,1.));
#11812 = DIRECTION('',(1.,0.,-0.));
#11813 = ADVANCED_FACE('',(#11814),#11839,.F.);
#11814 = FACE_BOUND('',#11815,.F.);
#11815 = EDGE_LOOP('',(#11816,#11824,#11832,#11838));
#11816 = ORIENTED_EDGE('',*,*,#11817,.F.);
#11817 = EDGE_CURVE('',#11818,#4084,#11820,.T.);
#11818 = VERTEX_POINT('',#11819);
#11819 = CARTESIAN_POINT('',(45.,16.5,25.));
#11820 = LINE('',#11821,#11822);
#11821 = CARTESIAN_POINT('',(44.2,16.5,25.));
#11822 = VECTOR('',#11823,1.);
#11823 = DIRECTION('',(1.,0.,-0.));
#11824 = ORIENTED_EDGE('',*,*,#11825,.F.);
#11825 = EDGE_CURVE('',#11826,#11818,#11828,.T.);
#11826 = VERTEX_POINT('',#11827);
#11827 = CARTESIAN_POINT('',(45.,13.5,25.));
#11828 = LINE('',#11829,#11830);
#11829 = CARTESIAN_POINT('',(45.,-23.3475,25.));
#11830 = VECTOR('',#11831,1.);
#11831 = DIRECTION('',(0.,1.,-0.));
#11832 = ORIENTED_EDGE('',*,*,#11833,.T.);
#11833 = EDGE_CURVE('',#11826,#4082,#11834,.T.);
#11834 = LINE('',#11835,#11836);
#11835 = CARTESIAN_POINT('',(44.2,13.5,25.));
#11836 = VECTOR('',#11837,1.);
#11837 = DIRECTION('',(1.,0.,-0.));
#11838 = ORIENTED_EDGE('',*,*,#4081,.T.);
#11839 = PLANE('',#11840);
#11840 = AXIS2_PLACEMENT_3D('',#11841,#11842,#11843);
#11841 = CARTESIAN_POINT('',(44.2,13.5,25.));
#11842 = DIRECTION('',(0.,0.,1.));
#11843 = DIRECTION('',(1.,0.,-0.));
#11844 = ADVANCED_FACE('',(#11845),#11863,.T.);
#11845 = FACE_BOUND('',#11846,.T.);
#11846 = EDGE_LOOP('',(#11847,#11855,#11861,#11862));
#11847 = ORIENTED_EDGE('',*,*,#11848,.F.);
#11848 = EDGE_CURVE('',#11849,#4092,#11851,.T.);
#11849 = VERTEX_POINT('',#11850);
#11850 = CARTESIAN_POINT('',(45.,13.5,16.));
#11851 = LINE('',#11852,#11853);
#11852 = CARTESIAN_POINT('',(44.2,13.5,16.));
#11853 = VECTOR('',#11854,1.);
#11854 = DIRECTION('',(1.,0.,-0.));
#11855 = ORIENTED_EDGE('',*,*,#11856,.F.);
#11856 = EDGE_CURVE('',#11826,#11849,#11857,.T.);
#11857 = LINE('',#11858,#11859);
#11858 = CARTESIAN_POINT('',(45.,13.5,12.));
#11859 = VECTOR('',#11860,1.);
#11860 = DIRECTION('',(0.,0.,-1.));
#11861 = ORIENTED_EDGE('',*,*,#11833,.T.);
#11862 = ORIENTED_EDGE('',*,*,#4091,.T.);
#11863 = PLANE('',#11864);
#11864 = AXIS2_PLACEMENT_3D('',#11865,#11866,#11867);
#11865 = CARTESIAN_POINT('',(44.2,13.5,16.));
#11866 = DIRECTION('',(-0.,1.,0.));
#11867 = DIRECTION('',(0.,0.,1.));
#11868 = ADVANCED_FACE('',(#11869),#11887,.F.);
#11869 = FACE_BOUND('',#11870,.F.);
#11870 = EDGE_LOOP('',(#11871,#11879,#11885,#11886));
#11871 = ORIENTED_EDGE('',*,*,#11872,.F.);
#11872 = EDGE_CURVE('',#11873,#4100,#11875,.T.);
#11873 = VERTEX_POINT('',#11874);
#11874 = CARTESIAN_POINT('',(45.,16.5,16.));
#11875 = LINE('',#11876,#11877);
#11876 = CARTESIAN_POINT('',(44.2,16.5,16.));
#11877 = VECTOR('',#11878,1.);
#11878 = DIRECTION('',(1.,0.,-0.));
#11879 = ORIENTED_EDGE('',*,*,#11880,.F.);
#11880 = EDGE_CURVE('',#11818,#11873,#11881,.T.);
#11881 = LINE('',#11882,#11883);
#11882 = CARTESIAN_POINT('',(45.,16.5,12.));
#11883 = VECTOR('',#11884,1.);
#11884 = DIRECTION('',(0.,0.,-1.));
#11885 = ORIENTED_EDGE('',*,*,#11817,.T.);
#11886 = ORIENTED_EDGE('',*,*,#4107,.T.);
#11887 = PLANE('',#11888);
#11888 = AXIS2_PLACEMENT_3D('',#11889,#11890,#11891);
#11889 = CARTESIAN_POINT('',(44.2,16.5,16.));
#11890 = DIRECTION('',(-0.,1.,0.));
#11891 = DIRECTION('',(0.,0.,1.));
#11892 = ADVANCED_FACE('',(#11893),#11904,.T.);
#11893 = FACE_BOUND('',#11894,.T.);
#11894 = EDGE_LOOP('',(#11895,#11896,#11902,#11903));
#11895 = ORIENTED_EDGE('',*,*,#11872,.F.);
#11896 = ORIENTED_EDGE('',*,*,#11897,.F.);
#11897 = EDGE_CURVE('',#11849,#11873,#11898,.T.);
#11898 = LINE('',#11899,#11900);
#11899 = CARTESIAN_POINT('',(45.,-23.3475,16.));
#11900 = VECTOR('',#11901,1.);
#11901 = DIRECTION('',(0.,1.,-0.));
#11902 = ORIENTED_EDGE('',*,*,#11848,.T.);
#11903 = ORIENTED_EDGE('',*,*,#4099,.T.);
#11904 = PLANE('',#11905);
#11905 = AXIS2_PLACEMENT_3D('',#11906,#11907,#11908);
#11906 = CARTESIAN_POINT('',(44.2,13.5,16.));
#11907 = DIRECTION('',(0.,0.,1.));
#11908 = DIRECTION('',(1.,0.,-0.));
#11909 = ADVANCED_FACE('',(#11910),#11935,.F.);
#11910 = FACE_BOUND('',#11911,.F.);
#11911 = EDGE_LOOP('',(#11912,#11920,#11928,#11934));
#11912 = ORIENTED_EDGE('',*,*,#11913,.F.);
#11913 = EDGE_CURVE('',#11914,#4118,#11916,.T.);
#11914 = VERTEX_POINT('',#11915);
#11915 = CARTESIAN_POINT('',(45.,24.,25.));
#11916 = LINE('',#11917,#11918);
#11917 = CARTESIAN_POINT('',(44.2,24.,25.));
#11918 = VECTOR('',#11919,1.);
#11919 = DIRECTION('',(1.,0.,-0.));
#11920 = ORIENTED_EDGE('',*,*,#11921,.F.);
#11921 = EDGE_CURVE('',#11922,#11914,#11924,.T.);
#11922 = VERTEX_POINT('',#11923);
#11923 = CARTESIAN_POINT('',(45.,21.,25.));
#11924 = LINE('',#11925,#11926);
#11925 = CARTESIAN_POINT('',(45.,-19.5975,25.));
#11926 = VECTOR('',#11927,1.);
#11927 = DIRECTION('',(0.,1.,-0.));
#11928 = ORIENTED_EDGE('',*,*,#11929,.T.);
#11929 = EDGE_CURVE('',#11922,#4116,#11930,.T.);
#11930 = LINE('',#11931,#11932);
#11931 = CARTESIAN_POINT('',(44.2,21.,25.));
#11932 = VECTOR('',#11933,1.);
#11933 = DIRECTION('',(1.,0.,-0.));
#11934 = ORIENTED_EDGE('',*,*,#4115,.T.);
#11935 = PLANE('',#11936);
#11936 = AXIS2_PLACEMENT_3D('',#11937,#11938,#11939);
#11937 = CARTESIAN_POINT('',(44.2,21.,25.));
#11938 = DIRECTION('',(0.,0.,1.));
#11939 = DIRECTION('',(1.,0.,-0.));
#11940 = ADVANCED_FACE('',(#11941),#11959,.T.);
#11941 = FACE_BOUND('',#11942,.T.);
#11942 = EDGE_LOOP('',(#11943,#11951,#11957,#11958));
#11943 = ORIENTED_EDGE('',*,*,#11944,.F.);
#11944 = EDGE_CURVE('',#11945,#4126,#11947,.T.);
#11945 = VERTEX_POINT('',#11946);
#11946 = CARTESIAN_POINT('',(45.,21.,16.));
#11947 = LINE('',#11948,#11949);
#11948 = CARTESIAN_POINT('',(44.2,21.,16.));
#11949 = VECTOR('',#11950,1.);
#11950 = DIRECTION('',(1.,0.,-0.));
#11951 = ORIENTED_EDGE('',*,*,#11952,.F.);
#11952 = EDGE_CURVE('',#11922,#11945,#11953,.T.);
#11953 = LINE('',#11954,#11955);
#11954 = CARTESIAN_POINT('',(45.,21.,12.));
#11955 = VECTOR('',#11956,1.);
#11956 = DIRECTION('',(0.,0.,-1.));
#11957 = ORIENTED_EDGE('',*,*,#11929,.T.);
#11958 = ORIENTED_EDGE('',*,*,#4125,.T.);
#11959 = PLANE('',#11960);
#11960 = AXIS2_PLACEMENT_3D('',#11961,#11962,#11963);
#11961 = CARTESIAN_POINT('',(44.2,21.,16.));
#11962 = DIRECTION('',(-0.,1.,0.));
#11963 = DIRECTION('',(0.,0.,1.));
#11964 = ADVANCED_FACE('',(#11965),#11983,.F.);
#11965 = FACE_BOUND('',#11966,.F.);
#11966 = EDGE_LOOP('',(#11967,#11975,#11981,#11982));
#11967 = ORIENTED_EDGE('',*,*,#11968,.F.);
#11968 = EDGE_CURVE('',#11969,#4134,#11971,.T.);
#11969 = VERTEX_POINT('',#11970);
#11970 = CARTESIAN_POINT('',(45.,24.,16.));
#11971 = LINE('',#11972,#11973);
#11972 = CARTESIAN_POINT('',(44.2,24.,16.));
#11973 = VECTOR('',#11974,1.);
#11974 = DIRECTION('',(1.,0.,-0.));
#11975 = ORIENTED_EDGE('',*,*,#11976,.F.);
#11976 = EDGE_CURVE('',#11914,#11969,#11977,.T.);
#11977 = LINE('',#11978,#11979);
#11978 = CARTESIAN_POINT('',(45.,24.,12.));
#11979 = VECTOR('',#11980,1.);
#11980 = DIRECTION('',(0.,0.,-1.));
#11981 = ORIENTED_EDGE('',*,*,#11913,.T.);
#11982 = ORIENTED_EDGE('',*,*,#4141,.T.);
#11983 = PLANE('',#11984);
#11984 = AXIS2_PLACEMENT_3D('',#11985,#11986,#11987);
#11985 = CARTESIAN_POINT('',(44.2,24.,16.));
#11986 = DIRECTION('',(-0.,1.,0.));
#11987 = DIRECTION('',(0.,0.,1.));
#11988 = ADVANCED_FACE('',(#11989),#12000,.T.);
#11989 = FACE_BOUND('',#11990,.T.);
#11990 = EDGE_LOOP('',(#11991,#11992,#11998,#11999));
#11991 = ORIENTED_EDGE('',*,*,#11968,.F.);
#11992 = ORIENTED_EDGE('',*,*,#11993,.F.);
#11993 = EDGE_CURVE('',#11945,#11969,#11994,.T.);
#11994 = LINE('',#11995,#11996);
#11995 = CARTESIAN_POINT('',(45.,-19.5975,16.));
#11996 = VECTOR('',#11997,1.);
#11997 = DIRECTION('',(0.,1.,-0.));
#11998 = ORIENTED_EDGE('',*,*,#11944,.T.);
#11999 = ORIENTED_EDGE('',*,*,#4133,.T.);
#12000 = PLANE('',#12001);
#12001 = AXIS2_PLACEMENT_3D('',#12002,#12003,#12004);
#12002 = CARTESIAN_POINT('',(44.2,21.,16.));
#12003 = DIRECTION('',(0.,0.,1.));
#12004 = DIRECTION('',(1.,0.,-0.));
#12005 = ADVANCED_FACE('',(#12006),#12031,.F.);
#12006 = FACE_BOUND('',#12007,.F.);
#12007 = EDGE_LOOP('',(#12008,#12016,#12024,#12030));
#12008 = ORIENTED_EDGE('',*,*,#12009,.F.);
#12009 = EDGE_CURVE('',#12010,#4152,#12012,.T.);
#12010 = VERTEX_POINT('',#12011);
#12011 = CARTESIAN_POINT('',(45.,31.5,25.));
#12012 = LINE('',#12013,#12014);
#12013 = CARTESIAN_POINT('',(44.2,31.5,25.));
#12014 = VECTOR('',#12015,1.);
#12015 = DIRECTION('',(1.,0.,-0.));
#12016 = ORIENTED_EDGE('',*,*,#12017,.F.);
#12017 = EDGE_CURVE('',#12018,#12010,#12020,.T.);
#12018 = VERTEX_POINT('',#12019);
#12019 = CARTESIAN_POINT('',(45.,28.5,25.));
#12020 = LINE('',#12021,#12022);
#12021 = CARTESIAN_POINT('',(45.,-15.8475,25.));
#12022 = VECTOR('',#12023,1.);
#12023 = DIRECTION('',(0.,1.,-0.));
#12024 = ORIENTED_EDGE('',*,*,#12025,.T.);
#12025 = EDGE_CURVE('',#12018,#4150,#12026,.T.);
#12026 = LINE('',#12027,#12028);
#12027 = CARTESIAN_POINT('',(44.2,28.5,25.));
#12028 = VECTOR('',#12029,1.);
#12029 = DIRECTION('',(1.,0.,-0.));
#12030 = ORIENTED_EDGE('',*,*,#4149,.T.);
#12031 = PLANE('',#12032);
#12032 = AXIS2_PLACEMENT_3D('',#12033,#12034,#12035);
#12033 = CARTESIAN_POINT('',(44.2,28.5,25.));
#12034 = DIRECTION('',(0.,0.,1.));
#12035 = DIRECTION('',(1.,0.,-0.));
#12036 = ADVANCED_FACE('',(#12037),#12055,.T.);
#12037 = FACE_BOUND('',#12038,.T.);
#12038 = EDGE_LOOP('',(#12039,#12047,#12053,#12054));
#12039 = ORIENTED_EDGE('',*,*,#12040,.F.);
#12040 = EDGE_CURVE('',#12041,#4160,#12043,.T.);
#12041 = VERTEX_POINT('',#12042);
#12042 = CARTESIAN_POINT('',(45.,28.5,16.));
#12043 = LINE('',#12044,#12045);
#12044 = CARTESIAN_POINT('',(44.2,28.5,16.));
#12045 = VECTOR('',#12046,1.);
#12046 = DIRECTION('',(1.,0.,-0.));
#12047 = ORIENTED_EDGE('',*,*,#12048,.F.);
#12048 = EDGE_CURVE('',#12018,#12041,#12049,.T.);
#12049 = LINE('',#12050,#12051);
#12050 = CARTESIAN_POINT('',(45.,28.5,12.));
#12051 = VECTOR('',#12052,1.);
#12052 = DIRECTION('',(0.,0.,-1.));
#12053 = ORIENTED_EDGE('',*,*,#12025,.T.);
#12054 = ORIENTED_EDGE('',*,*,#4159,.T.);
#12055 = PLANE('',#12056);
#12056 = AXIS2_PLACEMENT_3D('',#12057,#12058,#12059);
#12057 = CARTESIAN_POINT('',(44.2,28.5,16.));
#12058 = DIRECTION('',(-0.,1.,0.));
#12059 = DIRECTION('',(0.,0.,1.));
#12060 = ADVANCED_FACE('',(#12061),#12079,.F.);
#12061 = FACE_BOUND('',#12062,.F.);
#12062 = EDGE_LOOP('',(#12063,#12071,#12077,#12078));
#12063 = ORIENTED_EDGE('',*,*,#12064,.F.);
#12064 = EDGE_CURVE('',#12065,#4168,#12067,.T.);
#12065 = VERTEX_POINT('',#12066);
#12066 = CARTESIAN_POINT('',(45.,31.5,16.));
#12067 = LINE('',#12068,#12069);
#12068 = CARTESIAN_POINT('',(44.2,31.5,16.));
#12069 = VECTOR('',#12070,1.);
#12070 = DIRECTION('',(1.,0.,-0.));
#12071 = ORIENTED_EDGE('',*,*,#12072,.F.);
#12072 = EDGE_CURVE('',#12010,#12065,#12073,.T.);
#12073 = LINE('',#12074,#12075);
#12074 = CARTESIAN_POINT('',(45.,31.5,12.));
#12075 = VECTOR('',#12076,1.);
#12076 = DIRECTION('',(0.,0.,-1.));
#12077 = ORIENTED_EDGE('',*,*,#12009,.T.);
#12078 = ORIENTED_EDGE('',*,*,#4175,.T.);
#12079 = PLANE('',#12080);
#12080 = AXIS2_PLACEMENT_3D('',#12081,#12082,#12083);
#12081 = CARTESIAN_POINT('',(44.2,31.5,16.));
#12082 = DIRECTION('',(-0.,1.,0.));
#12083 = DIRECTION('',(0.,0.,1.));
#12084 = ADVANCED_FACE('',(#12085),#12096,.T.);
#12085 = FACE_BOUND('',#12086,.T.);
#12086 = EDGE_LOOP('',(#12087,#12088,#12094,#12095));
#12087 = ORIENTED_EDGE('',*,*,#12064,.F.);
#12088 = ORIENTED_EDGE('',*,*,#12089,.F.);
#12089 = EDGE_CURVE('',#12041,#12065,#12090,.T.);
#12090 = LINE('',#12091,#12092);
#12091 = CARTESIAN_POINT('',(45.,-15.8475,16.));
#12092 = VECTOR('',#12093,1.);
#12093 = DIRECTION('',(0.,1.,-0.));
#12094 = ORIENTED_EDGE('',*,*,#12040,.T.);
#12095 = ORIENTED_EDGE('',*,*,#4167,.T.);
#12096 = PLANE('',#12097);
#12097 = AXIS2_PLACEMENT_3D('',#12098,#12099,#12100);
#12098 = CARTESIAN_POINT('',(44.2,28.5,16.));
#12099 = DIRECTION('',(0.,0.,1.));
#12100 = DIRECTION('',(1.,0.,-0.));
#12101 = ADVANCED_FACE('',(#12102),#12127,.F.);
#12102 = FACE_BOUND('',#12103,.F.);
#12103 = EDGE_LOOP('',(#12104,#12112,#12120,#12126));
#12104 = ORIENTED_EDGE('',*,*,#12105,.F.);
#12105 = EDGE_CURVE('',#12106,#4186,#12108,.T.);
#12106 = VERTEX_POINT('',#12107);
#12107 = CARTESIAN_POINT('',(45.,39.,25.));
#12108 = LINE('',#12109,#12110);
#12109 = CARTESIAN_POINT('',(44.2,39.,25.));
#12110 = VECTOR('',#12111,1.);
#12111 = DIRECTION('',(1.,0.,-0.));
#12112 = ORIENTED_EDGE('',*,*,#12113,.F.);
#12113 = EDGE_CURVE('',#12114,#12106,#12116,.T.);
#12114 = VERTEX_POINT('',#12115);
#12115 = CARTESIAN_POINT('',(45.,36.,25.));
#12116 = LINE('',#12117,#12118);
#12117 = CARTESIAN_POINT('',(45.,-12.0975,25.));
#12118 = VECTOR('',#12119,1.);
#12119 = DIRECTION('',(0.,1.,-0.));
#12120 = ORIENTED_EDGE('',*,*,#12121,.T.);
#12121 = EDGE_CURVE('',#12114,#4184,#12122,.T.);
#12122 = LINE('',#12123,#12124);
#12123 = CARTESIAN_POINT('',(44.2,36.,25.));
#12124 = VECTOR('',#12125,1.);
#12125 = DIRECTION('',(1.,0.,-0.));
#12126 = ORIENTED_EDGE('',*,*,#4183,.T.);
#12127 = PLANE('',#12128);
#12128 = AXIS2_PLACEMENT_3D('',#12129,#12130,#12131);
#12129 = CARTESIAN_POINT('',(44.2,36.,25.));
#12130 = DIRECTION('',(0.,0.,1.));
#12131 = DIRECTION('',(1.,0.,-0.));
#12132 = ADVANCED_FACE('',(#12133),#12151,.T.);
#12133 = FACE_BOUND('',#12134,.T.);
#12134 = EDGE_LOOP('',(#12135,#12143,#12149,#12150));
#12135 = ORIENTED_EDGE('',*,*,#12136,.F.);
#12136 = EDGE_CURVE('',#12137,#4194,#12139,.T.);
#12137 = VERTEX_POINT('',#12138);
#12138 = CARTESIAN_POINT('',(45.,36.,16.));
#12139 = LINE('',#12140,#12141);
#12140 = CARTESIAN_POINT('',(44.2,36.,16.));
#12141 = VECTOR('',#12142,1.);
#12142 = DIRECTION('',(1.,0.,-0.));
#12143 = ORIENTED_EDGE('',*,*,#12144,.F.);
#12144 = EDGE_CURVE('',#12114,#12137,#12145,.T.);
#12145 = LINE('',#12146,#12147);
#12146 = CARTESIAN_POINT('',(45.,36.,12.));
#12147 = VECTOR('',#12148,1.);
#12148 = DIRECTION('',(0.,0.,-1.));
#12149 = ORIENTED_EDGE('',*,*,#12121,.T.);
#12150 = ORIENTED_EDGE('',*,*,#4193,.T.);
#12151 = PLANE('',#12152);
#12152 = AXIS2_PLACEMENT_3D('',#12153,#12154,#12155);
#12153 = CARTESIAN_POINT('',(44.2,36.,16.));
#12154 = DIRECTION('',(-0.,1.,0.));
#12155 = DIRECTION('',(0.,0.,1.));
#12156 = ADVANCED_FACE('',(#12157),#12175,.F.);
#12157 = FACE_BOUND('',#12158,.F.);
#12158 = EDGE_LOOP('',(#12159,#12167,#12173,#12174));
#12159 = ORIENTED_EDGE('',*,*,#12160,.F.);
#12160 = EDGE_CURVE('',#12161,#4202,#12163,.T.);
#12161 = VERTEX_POINT('',#12162);
#12162 = CARTESIAN_POINT('',(45.,39.,16.));
#12163 = LINE('',#12164,#12165);
#12164 = CARTESIAN_POINT('',(44.2,39.,16.));
#12165 = VECTOR('',#12166,1.);
#12166 = DIRECTION('',(1.,0.,-0.));
#12167 = ORIENTED_EDGE('',*,*,#12168,.F.);
#12168 = EDGE_CURVE('',#12106,#12161,#12169,.T.);
#12169 = LINE('',#12170,#12171);
#12170 = CARTESIAN_POINT('',(45.,39.,12.));
#12171 = VECTOR('',#12172,1.);
#12172 = DIRECTION('',(0.,0.,-1.));
#12173 = ORIENTED_EDGE('',*,*,#12105,.T.);
#12174 = ORIENTED_EDGE('',*,*,#4209,.T.);
#12175 = PLANE('',#12176);
#12176 = AXIS2_PLACEMENT_3D('',#12177,#12178,#12179);
#12177 = CARTESIAN_POINT('',(44.2,39.,16.));
#12178 = DIRECTION('',(-0.,1.,0.));
#12179 = DIRECTION('',(0.,0.,1.));
#12180 = ADVANCED_FACE('',(#12181),#12192,.T.);
#12181 = FACE_BOUND('',#12182,.T.);
#12182 = EDGE_LOOP('',(#12183,#12184,#12190,#12191));
#12183 = ORIENTED_EDGE('',*,*,#12160,.F.);
#12184 = ORIENTED_EDGE('',*,*,#12185,.F.);
#12185 = EDGE_CURVE('',#12137,#12161,#12186,.T.);
#12186 = LINE('',#12187,#12188);
#12187 = CARTESIAN_POINT('',(45.,-12.0975,16.));
#12188 = VECTOR('',#12189,1.);
#12189 = DIRECTION('',(0.,1.,-0.));
#12190 = ORIENTED_EDGE('',*,*,#12136,.T.);
#12191 = ORIENTED_EDGE('',*,*,#4201,.T.);
#12192 = PLANE('',#12193);
#12193 = AXIS2_PLACEMENT_3D('',#12194,#12195,#12196);
#12194 = CARTESIAN_POINT('',(44.2,36.,16.));
#12195 = DIRECTION('',(0.,0.,1.));
#12196 = DIRECTION('',(1.,0.,-0.));
#12197 = ADVANCED_FACE('',(#12198),#12223,.F.);
#12198 = FACE_BOUND('',#12199,.F.);
#12199 = EDGE_LOOP('',(#12200,#12208,#12216,#12222));
#12200 = ORIENTED_EDGE('',*,*,#12201,.F.);
#12201 = EDGE_CURVE('',#12202,#4220,#12204,.T.);
#12202 = VERTEX_POINT('',#12203);
#12203 = CARTESIAN_POINT('',(45.,46.5,25.));
#12204 = LINE('',#12205,#12206);
#12205 = CARTESIAN_POINT('',(44.2,46.5,25.));
#12206 = VECTOR('',#12207,1.);
#12207 = DIRECTION('',(1.,0.,-0.));
#12208 = ORIENTED_EDGE('',*,*,#12209,.F.);
#12209 = EDGE_CURVE('',#12210,#12202,#12212,.T.);
#12210 = VERTEX_POINT('',#12211);
#12211 = CARTESIAN_POINT('',(45.,43.5,25.));
#12212 = LINE('',#12213,#12214);
#12213 = CARTESIAN_POINT('',(45.,-8.3475,25.));
#12214 = VECTOR('',#12215,1.);
#12215 = DIRECTION('',(0.,1.,-0.));
#12216 = ORIENTED_EDGE('',*,*,#12217,.T.);
#12217 = EDGE_CURVE('',#12210,#4218,#12218,.T.);
#12218 = LINE('',#12219,#12220);
#12219 = CARTESIAN_POINT('',(44.2,43.5,25.));
#12220 = VECTOR('',#12221,1.);
#12221 = DIRECTION('',(1.,0.,-0.));
#12222 = ORIENTED_EDGE('',*,*,#4217,.T.);
#12223 = PLANE('',#12224);
#12224 = AXIS2_PLACEMENT_3D('',#12225,#12226,#12227);
#12225 = CARTESIAN_POINT('',(44.2,43.5,25.));
#12226 = DIRECTION('',(0.,0.,1.));
#12227 = DIRECTION('',(1.,0.,-0.));
#12228 = ADVANCED_FACE('',(#12229),#12247,.T.);
#12229 = FACE_BOUND('',#12230,.T.);
#12230 = EDGE_LOOP('',(#12231,#12239,#12245,#12246));
#12231 = ORIENTED_EDGE('',*,*,#12232,.F.);
#12232 = EDGE_CURVE('',#12233,#4228,#12235,.T.);
#12233 = VERTEX_POINT('',#12234);
#12234 = CARTESIAN_POINT('',(45.,43.5,16.));
#12235 = LINE('',#12236,#12237);
#12236 = CARTESIAN_POINT('',(44.2,43.5,16.));
#12237 = VECTOR('',#12238,1.);
#12238 = DIRECTION('',(1.,0.,-0.));
#12239 = ORIENTED_EDGE('',*,*,#12240,.F.);
#12240 = EDGE_CURVE('',#12210,#12233,#12241,.T.);
#12241 = LINE('',#12242,#12243);
#12242 = CARTESIAN_POINT('',(45.,43.5,12.));
#12243 = VECTOR('',#12244,1.);
#12244 = DIRECTION('',(0.,0.,-1.));
#12245 = ORIENTED_EDGE('',*,*,#12217,.T.);
#12246 = ORIENTED_EDGE('',*,*,#4227,.T.);
#12247 = PLANE('',#12248);
#12248 = AXIS2_PLACEMENT_3D('',#12249,#12250,#12251);
#12249 = CARTESIAN_POINT('',(44.2,43.5,16.));
#12250 = DIRECTION('',(-0.,1.,0.));
#12251 = DIRECTION('',(0.,0.,1.));
#12252 = ADVANCED_FACE('',(#12253),#12271,.F.);
#12253 = FACE_BOUND('',#12254,.F.);
#12254 = EDGE_LOOP('',(#12255,#12263,#12269,#12270));
#12255 = ORIENTED_EDGE('',*,*,#12256,.F.);
#12256 = EDGE_CURVE('',#12257,#4236,#12259,.T.);
#12257 = VERTEX_POINT('',#12258);
#12258 = CARTESIAN_POINT('',(45.,46.5,16.));
#12259 = LINE('',#12260,#12261);
#12260 = CARTESIAN_POINT('',(44.2,46.5,16.));
#12261 = VECTOR('',#12262,1.);
#12262 = DIRECTION('',(1.,0.,-0.));
#12263 = ORIENTED_EDGE('',*,*,#12264,.F.);
#12264 = EDGE_CURVE('',#12202,#12257,#12265,.T.);
#12265 = LINE('',#12266,#12267);
#12266 = CARTESIAN_POINT('',(45.,46.5,12.));
#12267 = VECTOR('',#12268,1.);
#12268 = DIRECTION('',(0.,0.,-1.));
#12269 = ORIENTED_EDGE('',*,*,#12201,.T.);
#12270 = ORIENTED_EDGE('',*,*,#4243,.T.);
#12271 = PLANE('',#12272);
#12272 = AXIS2_PLACEMENT_3D('',#12273,#12274,#12275);
#12273 = CARTESIAN_POINT('',(44.2,46.5,16.));
#12274 = DIRECTION('',(-0.,1.,0.));
#12275 = DIRECTION('',(0.,0.,1.));
#12276 = ADVANCED_FACE('',(#12277),#12288,.T.);
#12277 = FACE_BOUND('',#12278,.T.);
#12278 = EDGE_LOOP('',(#12279,#12280,#12286,#12287));
#12279 = ORIENTED_EDGE('',*,*,#12256,.F.);
#12280 = ORIENTED_EDGE('',*,*,#12281,.F.);
#12281 = EDGE_CURVE('',#12233,#12257,#12282,.T.);
#12282 = LINE('',#12283,#12284);
#12283 = CARTESIAN_POINT('',(45.,-8.3475,16.));
#12284 = VECTOR('',#12285,1.);
#12285 = DIRECTION('',(0.,1.,-0.));
#12286 = ORIENTED_EDGE('',*,*,#12232,.T.);
#12287 = ORIENTED_EDGE('',*,*,#4235,.T.);
#12288 = PLANE('',#12289);
#12289 = AXIS2_PLACEMENT_3D('',#12290,#12291,#12292);
#12290 = CARTESIAN_POINT('',(44.2,43.5,16.));
#12291 = DIRECTION('',(0.,0.,1.));
#12292 = DIRECTION('',(1.,0.,-0.));
#12293 = ADVANCED_FACE('',(#12294),#12319,.F.);
#12294 = FACE_BOUND('',#12295,.F.);
#12295 = EDGE_LOOP('',(#12296,#12304,#12312,#12318));
#12296 = ORIENTED_EDGE('',*,*,#12297,.F.);
#12297 = EDGE_CURVE('',#12298,#4254,#12300,.T.);
#12298 = VERTEX_POINT('',#12299);
#12299 = CARTESIAN_POINT('',(45.,54.,25.));
#12300 = LINE('',#12301,#12302);
#12301 = CARTESIAN_POINT('',(44.2,54.,25.));
#12302 = VECTOR('',#12303,1.);
#12303 = DIRECTION('',(1.,0.,-0.));
#12304 = ORIENTED_EDGE('',*,*,#12305,.F.);
#12305 = EDGE_CURVE('',#12306,#12298,#12308,.T.);
#12306 = VERTEX_POINT('',#12307);
#12307 = CARTESIAN_POINT('',(45.,51.,25.));
#12308 = LINE('',#12309,#12310);
#12309 = CARTESIAN_POINT('',(45.,-4.5975,25.));
#12310 = VECTOR('',#12311,1.);
#12311 = DIRECTION('',(0.,1.,-0.));
#12312 = ORIENTED_EDGE('',*,*,#12313,.T.);
#12313 = EDGE_CURVE('',#12306,#4252,#12314,.T.);
#12314 = LINE('',#12315,#12316);
#12315 = CARTESIAN_POINT('',(44.2,51.,25.));
#12316 = VECTOR('',#12317,1.);
#12317 = DIRECTION('',(1.,0.,-0.));
#12318 = ORIENTED_EDGE('',*,*,#4251,.T.);
#12319 = PLANE('',#12320);
#12320 = AXIS2_PLACEMENT_3D('',#12321,#12322,#12323);
#12321 = CARTESIAN_POINT('',(44.2,51.,25.));
#12322 = DIRECTION('',(0.,0.,1.));
#12323 = DIRECTION('',(1.,0.,-0.));
#12324 = ADVANCED_FACE('',(#12325),#12343,.T.);
#12325 = FACE_BOUND('',#12326,.T.);
#12326 = EDGE_LOOP('',(#12327,#12335,#12341,#12342));
#12327 = ORIENTED_EDGE('',*,*,#12328,.F.);
#12328 = EDGE_CURVE('',#12329,#4262,#12331,.T.);
#12329 = VERTEX_POINT('',#12330);
#12330 = CARTESIAN_POINT('',(45.,51.,16.));
#12331 = LINE('',#12332,#12333);
#12332 = CARTESIAN_POINT('',(44.2,51.,16.));
#12333 = VECTOR('',#12334,1.);
#12334 = DIRECTION('',(1.,0.,-0.));
#12335 = ORIENTED_EDGE('',*,*,#12336,.F.);
#12336 = EDGE_CURVE('',#12306,#12329,#12337,.T.);
#12337 = LINE('',#12338,#12339);
#12338 = CARTESIAN_POINT('',(45.,51.,12.));
#12339 = VECTOR('',#12340,1.);
#12340 = DIRECTION('',(0.,0.,-1.));
#12341 = ORIENTED_EDGE('',*,*,#12313,.T.);
#12342 = ORIENTED_EDGE('',*,*,#4261,.T.);
#12343 = PLANE('',#12344);
#12344 = AXIS2_PLACEMENT_3D('',#12345,#12346,#12347);
#12345 = CARTESIAN_POINT('',(44.2,51.,16.));
#12346 = DIRECTION('',(-0.,1.,0.));
#12347 = DIRECTION('',(0.,0.,1.));
#12348 = ADVANCED_FACE('',(#12349),#12367,.F.);
#12349 = FACE_BOUND('',#12350,.F.);
#12350 = EDGE_LOOP('',(#12351,#12359,#12365,#12366));
#12351 = ORIENTED_EDGE('',*,*,#12352,.F.);
#12352 = EDGE_CURVE('',#12353,#4270,#12355,.T.);
#12353 = VERTEX_POINT('',#12354);
#12354 = CARTESIAN_POINT('',(45.,54.,16.));
#12355 = LINE('',#12356,#12357);
#12356 = CARTESIAN_POINT('',(44.2,54.,16.));
#12357 = VECTOR('',#12358,1.);
#12358 = DIRECTION('',(1.,0.,-0.));
#12359 = ORIENTED_EDGE('',*,*,#12360,.F.);
#12360 = EDGE_CURVE('',#12298,#12353,#12361,.T.);
#12361 = LINE('',#12362,#12363);
#12362 = CARTESIAN_POINT('',(45.,54.,12.));
#12363 = VECTOR('',#12364,1.);
#12364 = DIRECTION('',(0.,0.,-1.));
#12365 = ORIENTED_EDGE('',*,*,#12297,.T.);
#12366 = ORIENTED_EDGE('',*,*,#4277,.T.);
#12367 = PLANE('',#12368);
#12368 = AXIS2_PLACEMENT_3D('',#12369,#12370,#12371);
#12369 = CARTESIAN_POINT('',(44.2,54.,16.));
#12370 = DIRECTION('',(-0.,1.,0.));
#12371 = DIRECTION('',(0.,0.,1.));
#12372 = ADVANCED_FACE('',(#12373),#12384,.T.);
#12373 = FACE_BOUND('',#12374,.T.);
#12374 = EDGE_LOOP('',(#12375,#12376,#12382,#12383));
#12375 = ORIENTED_EDGE('',*,*,#12352,.F.);
#12376 = ORIENTED_EDGE('',*,*,#12377,.F.);
#12377 = EDGE_CURVE('',#12329,#12353,#12378,.T.);
#12378 = LINE('',#12379,#12380);
#12379 = CARTESIAN_POINT('',(45.,-4.5975,16.));
#12380 = VECTOR('',#12381,1.);
#12381 = DIRECTION('',(0.,1.,-0.));
#12382 = ORIENTED_EDGE('',*,*,#12328,.T.);
#12383 = ORIENTED_EDGE('',*,*,#4269,.T.);
#12384 = PLANE('',#12385);
#12385 = AXIS2_PLACEMENT_3D('',#12386,#12387,#12388);
#12386 = CARTESIAN_POINT('',(44.2,51.,16.));
#12387 = DIRECTION('',(0.,0.,1.));
#12388 = DIRECTION('',(1.,0.,-0.));
#12389 = ADVANCED_FACE('',(#12390),#12401,.F.);
#12390 = FACE_BOUND('',#12391,.F.);
#12391 = EDGE_LOOP('',(#12392,#12393,#12394,#12395));
#12392 = ORIENTED_EDGE('',*,*,#4615,.F.);
#12393 = ORIENTED_EDGE('',*,*,#4439,.T.);
#12394 = ORIENTED_EDGE('',*,*,#4655,.T.);
#12395 = ORIENTED_EDGE('',*,*,#12396,.F.);
#12396 = EDGE_CURVE('',#4608,#4648,#12397,.T.);
#12397 = LINE('',#12398,#12399);
#12398 = CARTESIAN_POINT('',(-34.275,-64.195,28.6));
#12399 = VECTOR('',#12400,1.);
#12400 = DIRECTION('',(1.,0.,0.));
#12401 = PLANE('',#12402);
#12402 = AXIS2_PLACEMENT_3D('',#12403,#12404,#12405);
#12403 = CARTESIAN_POINT('',(-27.55,-68.695,28.6));
#12404 = DIRECTION('',(0.,0.,1.));
#12405 = DIRECTION('',(1.,0.,-0.));
#12406 = ADVANCED_FACE('',(#12407),#12418,.F.);
#12407 = FACE_BOUND('',#12408,.F.);
#12408 = EDGE_LOOP('',(#12409,#12410,#12411,#12412));
#12409 = ORIENTED_EDGE('',*,*,#4575,.F.);
#12410 = ORIENTED_EDGE('',*,*,#4416,.T.);
#12411 = ORIENTED_EDGE('',*,*,#4500,.T.);
#12412 = ORIENTED_EDGE('',*,*,#12413,.F.);
#12413 = EDGE_CURVE('',#4568,#4493,#12414,.T.);
#12414 = LINE('',#12415,#12416);
#12415 = CARTESIAN_POINT('',(-24.25,-64.195,28.6));
#12416 = VECTOR('',#12417,1.);
#12417 = DIRECTION('',(1.,0.,0.));
#12418 = PLANE('',#12419);
#12419 = AXIS2_PLACEMENT_3D('',#12420,#12421,#12422);
#12420 = CARTESIAN_POINT('',(-7.5,-68.695,28.6));
#12421 = DIRECTION('',(0.,0.,1.));
#12422 = DIRECTION('',(1.,0.,-0.));
#12423 = ADVANCED_FACE('',(#12424),#12435,.T.);
#12424 = FACE_BOUND('',#12425,.T.);
#12425 = EDGE_LOOP('',(#12426,#12427,#12428,#12429));
#12426 = ORIENTED_EDGE('',*,*,#4559,.F.);
#12427 = ORIENTED_EDGE('',*,*,#4517,.T.);
#12428 = ORIENTED_EDGE('',*,*,#4484,.T.);
#12429 = ORIENTED_EDGE('',*,*,#12430,.F.);
#12430 = EDGE_CURVE('',#4560,#4485,#12431,.T.);
#12431 = LINE('',#12432,#12433);
#12432 = CARTESIAN_POINT('',(-24.25,-64.195,8.5));
#12433 = VECTOR('',#12434,1.);
#12434 = DIRECTION('',(1.,0.,0.));
#12435 = PLANE('',#12436);
#12436 = AXIS2_PLACEMENT_3D('',#12437,#12438,#12439);
#12437 = CARTESIAN_POINT('',(-7.5,-68.695,8.5));
#12438 = DIRECTION('',(0.,0.,1.));
#12439 = DIRECTION('',(1.,0.,-0.));
#12440 = ADVANCED_FACE('',(#12441),#12452,.T.);
#12441 = FACE_BOUND('',#12442,.T.);
#12442 = EDGE_LOOP('',(#12443,#12444,#12445,#12446));
#12443 = ORIENTED_EDGE('',*,*,#4599,.F.);
#12444 = ORIENTED_EDGE('',*,*,#4672,.T.);
#12445 = ORIENTED_EDGE('',*,*,#4639,.T.);
#12446 = ORIENTED_EDGE('',*,*,#12447,.F.);
#12447 = EDGE_CURVE('',#4600,#4640,#12448,.T.);
#12448 = LINE('',#12449,#12450);
#12449 = CARTESIAN_POINT('',(-34.275,-64.195,8.5));
#12450 = VECTOR('',#12451,1.);
#12451 = DIRECTION('',(1.,0.,0.));
#12452 = PLANE('',#12453);
#12453 = AXIS2_PLACEMENT_3D('',#12454,#12455,#12456);
#12454 = CARTESIAN_POINT('',(-27.55,-68.695,8.5));
#12455 = DIRECTION('',(0.,0.,1.));
#12456 = DIRECTION('',(1.,0.,-0.));
#12457 = ADVANCED_FACE('',(#12458),#12484,.F.);
#12458 = FACE_BOUND('',#12459,.T.);
#12459 = EDGE_LOOP('',(#12460,#12461,#12469,#12478));
#12460 = ORIENTED_EDGE('',*,*,#5325,.T.);
#12461 = ORIENTED_EDGE('',*,*,#12462,.T.);
#12462 = EDGE_CURVE('',#5328,#12463,#12465,.T.);
#12463 = VERTEX_POINT('',#12464);
#12464 = CARTESIAN_POINT('',(41.,-64.195,9.05));
#12465 = LINE('',#12466,#12467);
#12466 = CARTESIAN_POINT('',(41.,-64.195,1.));
#12467 = VECTOR('',#12468,1.);
#12468 = DIRECTION('',(0.,0.,1.));
#12469 = ORIENTED_EDGE('',*,*,#12470,.T.);
#12470 = EDGE_CURVE('',#12463,#12471,#12473,.T.);
#12471 = VERTEX_POINT('',#12472);
#12472 = CARTESIAN_POINT('',(45.,-60.195,9.05));
#12473 = CIRCLE('',#12474,4.);
#12474 = AXIS2_PLACEMENT_3D('',#12475,#12476,#12477);
#12475 = CARTESIAN_POINT('',(41.,-60.195,9.05));
#12476 = DIRECTION('',(0.,0.,1.));
#12477 = DIRECTION('',(0.,-1.,0.));
#12478 = ORIENTED_EDGE('',*,*,#12479,.F.);
#12479 = EDGE_CURVE('',#5326,#12471,#12480,.T.);
#12480 = LINE('',#12481,#12482);
#12481 = CARTESIAN_POINT('',(45.,-60.195,1.));
#12482 = VECTOR('',#12483,1.);
#12483 = DIRECTION('',(0.,0.,1.));
#12484 = CYLINDRICAL_SURFACE('',#12485,4.);
#12485 = AXIS2_PLACEMENT_3D('',#12486,#12487,#12488);
#12486 = CARTESIAN_POINT('',(41.,-60.195,1.));
#12487 = DIRECTION('',(-0.,-0.,-1.));
#12488 = DIRECTION('',(0.,-1.,0.));
#12489 = ADVANCED_FACE('',(#12490),#12516,.F.);
#12490 = FACE_BOUND('',#12491,.T.);
#12491 = EDGE_LOOP('',(#12492,#12493,#12501,#12510));
#12492 = ORIENTED_EDGE('',*,*,#5378,.T.);
#12493 = ORIENTED_EDGE('',*,*,#12494,.T.);
#12494 = EDGE_CURVE('',#5379,#12495,#12497,.T.);
#12495 = VERTEX_POINT('',#12496);
#12496 = CARTESIAN_POINT('',(45.,60.195,9.05));
#12497 = LINE('',#12498,#12499);
#12498 = CARTESIAN_POINT('',(45.,60.195,1.));
#12499 = VECTOR('',#12500,1.);
#12500 = DIRECTION('',(0.,0.,1.));
#12501 = ORIENTED_EDGE('',*,*,#12502,.T.);
#12502 = EDGE_CURVE('',#12495,#12503,#12505,.T.);
#12503 = VERTEX_POINT('',#12504);
#12504 = CARTESIAN_POINT('',(41.,64.195,9.05));
#12505 = CIRCLE('',#12506,4.);
#12506 = AXIS2_PLACEMENT_3D('',#12507,#12508,#12509);
#12507 = CARTESIAN_POINT('',(41.,60.195,9.05));
#12508 = DIRECTION('',(0.,0.,1.));
#12509 = DIRECTION('',(1.,0.,-0.));
#12510 = ORIENTED_EDGE('',*,*,#12511,.F.);
#12511 = EDGE_CURVE('',#5371,#12503,#12512,.T.);
#12512 = LINE('',#12513,#12514);
#12513 = CARTESIAN_POINT('',(41.,64.195,1.));
#12514 = VECTOR('',#12515,1.);
#12515 = DIRECTION('',(0.,0.,1.));
#12516 = CYLINDRICAL_SURFACE('',#12517,4.);
#12517 = AXIS2_PLACEMENT_3D('',#12518,#12519,#12520);
#12518 = CARTESIAN_POINT('',(41.,60.195,1.));
#12519 = DIRECTION('',(-0.,-0.,-1.));
#12520 = DIRECTION('',(1.,0.,-0.));
#12521 = ADVANCED_FACE('',(#12522),#12548,.F.);
#12522 = FACE_BOUND('',#12523,.T.);
#12523 = EDGE_LOOP('',(#12524,#12525,#12533,#12542));
#12524 = ORIENTED_EDGE('',*,*,#5344,.T.);
#12525 = ORIENTED_EDGE('',*,*,#12526,.T.);
#12526 = EDGE_CURVE('',#5345,#12527,#12529,.T.);
#12527 = VERTEX_POINT('',#12528);
#12528 = CARTESIAN_POINT('',(-45.,-60.195,9.05));
#12529 = LINE('',#12530,#12531);
#12530 = CARTESIAN_POINT('',(-45.,-60.195,1.));
#12531 = VECTOR('',#12532,1.);
#12532 = DIRECTION('',(0.,0.,1.));
#12533 = ORIENTED_EDGE('',*,*,#12534,.T.);
#12534 = EDGE_CURVE('',#12527,#12535,#12537,.T.);
#12535 = VERTEX_POINT('',#12536);
#12536 = CARTESIAN_POINT('',(-41.,-64.195,9.05));
#12537 = CIRCLE('',#12538,4.);
#12538 = AXIS2_PLACEMENT_3D('',#12539,#12540,#12541);
#12539 = CARTESIAN_POINT('',(-41.,-60.195,9.05));
#12540 = DIRECTION('',(0.,0.,1.));
#12541 = DIRECTION('',(-1.,0.,0.));
#12542 = ORIENTED_EDGE('',*,*,#12543,.F.);
#12543 = EDGE_CURVE('',#5337,#12535,#12544,.T.);
#12544 = LINE('',#12545,#12546);
#12545 = CARTESIAN_POINT('',(-41.,-64.195,1.));
#12546 = VECTOR('',#12547,1.);
#12547 = DIRECTION('',(0.,0.,1.));
#12548 = CYLINDRICAL_SURFACE('',#12549,4.);
#12549 = AXIS2_PLACEMENT_3D('',#12550,#12551,#12552);
#12550 = CARTESIAN_POINT('',(-41.,-60.195,1.));
#12551 = DIRECTION('',(-0.,-0.,-1.));
#12552 = DIRECTION('',(-1.,0.,0.));
#12553 = ADVANCED_FACE('',(#12554),#12580,.F.);
#12554 = FACE_BOUND('',#12555,.T.);
#12555 = EDGE_LOOP('',(#12556,#12557,#12565,#12574));
#12556 = ORIENTED_EDGE('',*,*,#5361,.T.);
#12557 = ORIENTED_EDGE('',*,*,#12558,.T.);
#12558 = EDGE_CURVE('',#5362,#12559,#12561,.T.);
#12559 = VERTEX_POINT('',#12560);
#12560 = CARTESIAN_POINT('',(-41.,64.195,9.05));
#12561 = LINE('',#12562,#12563);
#12562 = CARTESIAN_POINT('',(-41.,64.195,1.));
#12563 = VECTOR('',#12564,1.);
#12564 = DIRECTION('',(0.,0.,1.));
#12565 = ORIENTED_EDGE('',*,*,#12566,.T.);
#12566 = EDGE_CURVE('',#12559,#12567,#12569,.T.);
#12567 = VERTEX_POINT('',#12568);
#12568 = CARTESIAN_POINT('',(-45.,60.195,9.05));
#12569 = CIRCLE('',#12570,4.);
#12570 = AXIS2_PLACEMENT_3D('',#12571,#12572,#12573);
#12571 = CARTESIAN_POINT('',(-41.,60.195,9.05));
#12572 = DIRECTION('',(0.,-0.,1.));
#12573 = DIRECTION('',(0.,1.,0.));
#12574 = ORIENTED_EDGE('',*,*,#12575,.F.);
#12575 = EDGE_CURVE('',#5354,#12567,#12576,.T.);
#12576 = LINE('',#12577,#12578);
#12577 = CARTESIAN_POINT('',(-45.,60.195,1.));
#12578 = VECTOR('',#12579,1.);
#12579 = DIRECTION('',(0.,0.,1.));
#12580 = CYLINDRICAL_SURFACE('',#12581,4.);
#12581 = AXIS2_PLACEMENT_3D('',#12582,#12583,#12584);
#12582 = CARTESIAN_POINT('',(-41.,60.195,1.));
#12583 = DIRECTION('',(-0.,0.,-1.));
#12584 = DIRECTION('',(0.,1.,0.));
#12585 = ADVANCED_FACE('',(#12586),#12637,.T.);
#12586 = FACE_BOUND('',#12587,.T.);
#12587 = EDGE_LOOP('',(#12588,#12596,#12605,#12613,#12620,#12621,#12630,
    #12636));
#12588 = ORIENTED_EDGE('',*,*,#12589,.F.);
#12589 = EDGE_CURVE('',#12590,#5407,#12592,.T.);
#12590 = VERTEX_POINT('',#12591);
#12591 = CARTESIAN_POINT('',(-38.28299834187,-64.195,9.05));
#12592 = LINE('',#12593,#12594);
#12593 = CARTESIAN_POINT('',(-38.28299834187,-64.195,9.));
#12594 = VECTOR('',#12595,1.);
#12595 = DIRECTION('',(0.,0.,1.));
#12596 = ORIENTED_EDGE('',*,*,#12597,.T.);
#12597 = EDGE_CURVE('',#12590,#12598,#12600,.T.);
#12598 = VERTEX_POINT('',#12599);
#12599 = CARTESIAN_POINT('',(-36.85,-60.795,9.05));
#12600 = CIRCLE('',#12601,4.75);
#12601 = AXIS2_PLACEMENT_3D('',#12602,#12603,#12604);
#12602 = CARTESIAN_POINT('',(-41.6,-60.795,9.05));
#12603 = DIRECTION('',(0.,0.,1.));
#12604 = DIRECTION('',(1.,0.,-0.));
#12605 = ORIENTED_EDGE('',*,*,#12606,.T.);
#12606 = EDGE_CURVE('',#12598,#12607,#12609,.T.);
#12607 = VERTEX_POINT('',#12608);
#12608 = CARTESIAN_POINT('',(-36.85,-60.795,40.3));
#12609 = LINE('',#12610,#12611);
#12610 = CARTESIAN_POINT('',(-36.85,-60.795,9.));
#12611 = VECTOR('',#12612,1.);
#12612 = DIRECTION('',(0.,0.,1.));
#12613 = ORIENTED_EDGE('',*,*,#12614,.F.);
#12614 = EDGE_CURVE('',#12607,#12607,#12615,.T.);
#12615 = CIRCLE('',#12616,4.75);
#12616 = AXIS2_PLACEMENT_3D('',#12617,#12618,#12619);
#12617 = CARTESIAN_POINT('',(-41.6,-60.795,40.3));
#12618 = DIRECTION('',(0.,0.,1.));
#12619 = DIRECTION('',(1.,0.,-0.));
#12620 = ORIENTED_EDGE('',*,*,#12606,.F.);
#12621 = ORIENTED_EDGE('',*,*,#12622,.T.);
#12622 = EDGE_CURVE('',#12598,#12623,#12625,.T.);
#12623 = VERTEX_POINT('',#12624);
#12624 = CARTESIAN_POINT('',(-45.,-57.47799834187,9.05));
#12625 = CIRCLE('',#12626,4.75);
#12626 = AXIS2_PLACEMENT_3D('',#12627,#12628,#12629);
#12627 = CARTESIAN_POINT('',(-41.6,-60.795,9.05));
#12628 = DIRECTION('',(0.,0.,1.));
#12629 = DIRECTION('',(1.,0.,-0.));
#12630 = ORIENTED_EDGE('',*,*,#12631,.T.);
#12631 = EDGE_CURVE('',#12623,#5405,#12632,.T.);
#12632 = LINE('',#12633,#12634);
#12633 = CARTESIAN_POINT('',(-45.,-57.47799834187,9.));
#12634 = VECTOR('',#12635,1.);
#12635 = DIRECTION('',(0.,0.,1.));
#12636 = ORIENTED_EDGE('',*,*,#5404,.T.);
#12637 = CYLINDRICAL_SURFACE('',#12638,4.75);
#12638 = AXIS2_PLACEMENT_3D('',#12639,#12640,#12641);
#12639 = CARTESIAN_POINT('',(-41.6,-60.795,9.));
#12640 = DIRECTION('',(0.,0.,1.));
#12641 = DIRECTION('',(1.,0.,-0.));
#12642 = ADVANCED_FACE('',(#12643),#12686,.T.);
#12643 = FACE_BOUND('',#12644,.T.);
#12644 = EDGE_LOOP('',(#12645,#12653,#12654,#12662,#12669,#12670,#12671,
    #12679));
#12645 = ORIENTED_EDGE('',*,*,#12646,.T.);
#12646 = EDGE_CURVE('',#12647,#5507,#12649,.T.);
#12647 = VERTEX_POINT('',#12648);
#12648 = CARTESIAN_POINT('',(38.282998341876,-64.195,9.05));
#12649 = LINE('',#12650,#12651);
#12650 = CARTESIAN_POINT('',(38.282998341876,-64.195,9.));
#12651 = VECTOR('',#12652,1.);
#12652 = DIRECTION('',(0.,0.,1.));
#12653 = ORIENTED_EDGE('',*,*,#5506,.T.);
#12654 = ORIENTED_EDGE('',*,*,#12655,.T.);
#12655 = EDGE_CURVE('',#5498,#12656,#12658,.T.);
#12656 = VERTEX_POINT('',#12657);
#12657 = CARTESIAN_POINT('',(46.35,-60.795,40.3));
#12658 = LINE('',#12659,#12660);
#12659 = CARTESIAN_POINT('',(46.35,-60.795,9.));
#12660 = VECTOR('',#12661,1.);
#12661 = DIRECTION('',(0.,0.,1.));
#12662 = ORIENTED_EDGE('',*,*,#12663,.F.);
#12663 = EDGE_CURVE('',#12656,#12656,#12664,.T.);
#12664 = CIRCLE('',#12665,4.75);
#12665 = AXIS2_PLACEMENT_3D('',#12666,#12667,#12668);
#12666 = CARTESIAN_POINT('',(41.6,-60.795,40.3));
#12667 = DIRECTION('',(0.,0.,1.));
#12668 = DIRECTION('',(1.,0.,-0.));
#12669 = ORIENTED_EDGE('',*,*,#12655,.F.);
#12670 = ORIENTED_EDGE('',*,*,#5497,.T.);
#12671 = ORIENTED_EDGE('',*,*,#12672,.F.);
#12672 = EDGE_CURVE('',#12673,#5490,#12675,.T.);
#12673 = VERTEX_POINT('',#12674);
#12674 = CARTESIAN_POINT('',(45.,-57.47799834187,9.05));
#12675 = LINE('',#12676,#12677);
#12676 = CARTESIAN_POINT('',(45.,-57.47799834187,9.));
#12677 = VECTOR('',#12678,1.);
#12678 = DIRECTION('',(0.,0.,1.));
#12679 = ORIENTED_EDGE('',*,*,#12680,.T.);
#12680 = EDGE_CURVE('',#12673,#12647,#12681,.T.);
#12681 = CIRCLE('',#12682,4.75);
#12682 = AXIS2_PLACEMENT_3D('',#12683,#12684,#12685);
#12683 = CARTESIAN_POINT('',(41.6,-60.795,9.05));
#12684 = DIRECTION('',(0.,0.,1.));
#12685 = DIRECTION('',(1.,0.,-0.));
#12686 = CYLINDRICAL_SURFACE('',#12687,4.75);
#12687 = AXIS2_PLACEMENT_3D('',#12688,#12689,#12690);
#12688 = CARTESIAN_POINT('',(41.6,-60.795,9.));
#12689 = DIRECTION('',(0.,0.,1.));
#12690 = DIRECTION('',(1.,0.,-0.));
#12691 = ADVANCED_FACE('',(#12692),#12735,.T.);
#12692 = FACE_BOUND('',#12693,.T.);
#12693 = EDGE_LOOP('',(#12694,#12702,#12703,#12711,#12718,#12719,#12720,
    #12728));
#12694 = ORIENTED_EDGE('',*,*,#12695,.T.);
#12695 = EDGE_CURVE('',#12696,#5481,#12698,.T.);
#12696 = VERTEX_POINT('',#12697);
#12697 = CARTESIAN_POINT('',(45.,57.477998341876,9.05));
#12698 = LINE('',#12699,#12700);
#12699 = CARTESIAN_POINT('',(45.,57.477998341876,9.));
#12700 = VECTOR('',#12701,1.);
#12701 = DIRECTION('',(0.,0.,1.));
#12702 = ORIENTED_EDGE('',*,*,#5480,.T.);
#12703 = ORIENTED_EDGE('',*,*,#12704,.T.);
#12704 = EDGE_CURVE('',#5472,#12705,#12707,.T.);
#12705 = VERTEX_POINT('',#12706);
#12706 = CARTESIAN_POINT('',(46.35,60.795,40.3));
#12707 = LINE('',#12708,#12709);
#12708 = CARTESIAN_POINT('',(46.35,60.795,9.));
#12709 = VECTOR('',#12710,1.);
#12710 = DIRECTION('',(0.,0.,1.));
#12711 = ORIENTED_EDGE('',*,*,#12712,.F.);
#12712 = EDGE_CURVE('',#12705,#12705,#12713,.T.);
#12713 = CIRCLE('',#12714,4.75);
#12714 = AXIS2_PLACEMENT_3D('',#12715,#12716,#12717);
#12715 = CARTESIAN_POINT('',(41.6,60.795,40.3));
#12716 = DIRECTION('',(0.,0.,1.));
#12717 = DIRECTION('',(1.,0.,-0.));
#12718 = ORIENTED_EDGE('',*,*,#12704,.F.);
#12719 = ORIENTED_EDGE('',*,*,#5471,.T.);
#12720 = ORIENTED_EDGE('',*,*,#12721,.F.);
#12721 = EDGE_CURVE('',#12722,#5464,#12724,.T.);
#12722 = VERTEX_POINT('',#12723);
#12723 = CARTESIAN_POINT('',(38.282998341876,64.195,9.05));
#12724 = LINE('',#12725,#12726);
#12725 = CARTESIAN_POINT('',(38.282998341876,64.195,9.));
#12726 = VECTOR('',#12727,1.);
#12727 = DIRECTION('',(0.,0.,1.));
#12728 = ORIENTED_EDGE('',*,*,#12729,.T.);
#12729 = EDGE_CURVE('',#12722,#12696,#12730,.T.);
#12730 = CIRCLE('',#12731,4.75);
#12731 = AXIS2_PLACEMENT_3D('',#12732,#12733,#12734);
#12732 = CARTESIAN_POINT('',(41.6,60.795,9.05));
#12733 = DIRECTION('',(0.,0.,1.));
#12734 = DIRECTION('',(1.,0.,-0.));
#12735 = CYLINDRICAL_SURFACE('',#12736,4.75);
#12736 = AXIS2_PLACEMENT_3D('',#12737,#12738,#12739);
#12737 = CARTESIAN_POINT('',(41.6,60.795,9.));
#12738 = DIRECTION('',(0.,0.,1.));
#12739 = DIRECTION('',(1.,0.,-0.));
#12740 = ADVANCED_FACE('',(#12741),#12792,.T.);
#12741 = FACE_BOUND('',#12742,.T.);
#12742 = EDGE_LOOP('',(#12743,#12751,#12760,#12768,#12775,#12776,#12785,
    #12791));
#12743 = ORIENTED_EDGE('',*,*,#12744,.F.);
#12744 = EDGE_CURVE('',#12745,#5447,#12747,.T.);
#12745 = VERTEX_POINT('',#12746);
#12746 = CARTESIAN_POINT('',(-45.,57.477998341876,9.05));
#12747 = LINE('',#12748,#12749);
#12748 = CARTESIAN_POINT('',(-45.,57.477998341876,9.));
#12749 = VECTOR('',#12750,1.);
#12750 = DIRECTION('',(0.,0.,1.));
#12751 = ORIENTED_EDGE('',*,*,#12752,.T.);
#12752 = EDGE_CURVE('',#12745,#12753,#12755,.T.);
#12753 = VERTEX_POINT('',#12754);
#12754 = CARTESIAN_POINT('',(-36.85,60.795,9.05));
#12755 = CIRCLE('',#12756,4.75);
#12756 = AXIS2_PLACEMENT_3D('',#12757,#12758,#12759);
#12757 = CARTESIAN_POINT('',(-41.6,60.795,9.05));
#12758 = DIRECTION('',(0.,0.,1.));
#12759 = DIRECTION('',(1.,0.,-0.));
#12760 = ORIENTED_EDGE('',*,*,#12761,.T.);
#12761 = EDGE_CURVE('',#12753,#12762,#12764,.T.);
#12762 = VERTEX_POINT('',#12763);
#12763 = CARTESIAN_POINT('',(-36.85,60.795,40.3));
#12764 = LINE('',#12765,#12766);
#12765 = CARTESIAN_POINT('',(-36.85,60.795,9.));
#12766 = VECTOR('',#12767,1.);
#12767 = DIRECTION('',(0.,0.,1.));
#12768 = ORIENTED_EDGE('',*,*,#12769,.F.);
#12769 = EDGE_CURVE('',#12762,#12762,#12770,.T.);
#12770 = CIRCLE('',#12771,4.75);
#12771 = AXIS2_PLACEMENT_3D('',#12772,#12773,#12774);
#12772 = CARTESIAN_POINT('',(-41.6,60.795,40.3));
#12773 = DIRECTION('',(0.,0.,1.));
#12774 = DIRECTION('',(1.,0.,-0.));
#12775 = ORIENTED_EDGE('',*,*,#12761,.F.);
#12776 = ORIENTED_EDGE('',*,*,#12777,.T.);
#12777 = EDGE_CURVE('',#12753,#12778,#12780,.T.);
#12778 = VERTEX_POINT('',#12779);
#12779 = CARTESIAN_POINT('',(-38.28299834187,64.195,9.05));
#12780 = CIRCLE('',#12781,4.75);
#12781 = AXIS2_PLACEMENT_3D('',#12782,#12783,#12784);
#12782 = CARTESIAN_POINT('',(-41.6,60.795,9.05));
#12783 = DIRECTION('',(0.,0.,1.));
#12784 = DIRECTION('',(1.,0.,-0.));
#12785 = ORIENTED_EDGE('',*,*,#12786,.T.);
#12786 = EDGE_CURVE('',#12778,#5455,#12787,.T.);
#12787 = LINE('',#12788,#12789);
#12788 = CARTESIAN_POINT('',(-38.28299834187,64.195,9.));
#12789 = VECTOR('',#12790,1.);
#12790 = DIRECTION('',(0.,0.,1.));
#12791 = ORIENTED_EDGE('',*,*,#5454,.T.);
#12792 = CYLINDRICAL_SURFACE('',#12793,4.75);
#12793 = AXIS2_PLACEMENT_3D('',#12794,#12795,#12796);
#12794 = CARTESIAN_POINT('',(-41.6,60.795,9.));
#12795 = DIRECTION('',(0.,0.,1.));
#12796 = DIRECTION('',(1.,0.,-0.));
#12797 = ADVANCED_FACE('',(#12798),#12815,.F.);
#12798 = FACE_BOUND('',#12799,.F.);
#12799 = EDGE_LOOP('',(#12800,#12801,#12807,#12808,#12809));
#12800 = ORIENTED_EDGE('',*,*,#12534,.T.);
#12801 = ORIENTED_EDGE('',*,*,#12802,.T.);
#12802 = EDGE_CURVE('',#12535,#12590,#12803,.T.);
#12803 = LINE('',#12804,#12805);
#12804 = CARTESIAN_POINT('',(-41.,-64.195,9.05));
#12805 = VECTOR('',#12806,1.);
#12806 = DIRECTION('',(1.,0.,0.));
#12807 = ORIENTED_EDGE('',*,*,#12597,.T.);
#12808 = ORIENTED_EDGE('',*,*,#12622,.T.);
#12809 = ORIENTED_EDGE('',*,*,#12810,.T.);
#12810 = EDGE_CURVE('',#12623,#12527,#12811,.T.);
#12811 = LINE('',#12812,#12813);
#12812 = CARTESIAN_POINT('',(-45.,60.195,9.05));
#12813 = VECTOR('',#12814,1.);
#12814 = DIRECTION('',(0.,-1.,0.));
#12815 = PLANE('',#12816);
#12816 = AXIS2_PLACEMENT_3D('',#12817,#12818,#12819);
#12817 = CARTESIAN_POINT('',(-1.273472989005E-15,3.307722049363E-16,9.05
    ));
#12818 = DIRECTION('',(0.,0.,1.));
#12819 = DIRECTION('',(1.,0.,-0.));
#12820 = ADVANCED_FACE('',(#12821),#12838,.F.);
#12821 = FACE_BOUND('',#12822,.F.);
#12822 = EDGE_LOOP('',(#12823,#12829,#12830,#12831,#12837));
#12823 = ORIENTED_EDGE('',*,*,#12824,.T.);
#12824 = EDGE_CURVE('',#12567,#12745,#12825,.T.);
#12825 = LINE('',#12826,#12827);
#12826 = CARTESIAN_POINT('',(-45.,60.195,9.05));
#12827 = VECTOR('',#12828,1.);
#12828 = DIRECTION('',(0.,-1.,0.));
#12829 = ORIENTED_EDGE('',*,*,#12752,.T.);
#12830 = ORIENTED_EDGE('',*,*,#12777,.T.);
#12831 = ORIENTED_EDGE('',*,*,#12832,.T.);
#12832 = EDGE_CURVE('',#12778,#12559,#12833,.T.);
#12833 = LINE('',#12834,#12835);
#12834 = CARTESIAN_POINT('',(41.,64.195,9.05));
#12835 = VECTOR('',#12836,1.);
#12836 = DIRECTION('',(-1.,0.,0.));
#12837 = ORIENTED_EDGE('',*,*,#12566,.T.);
#12838 = PLANE('',#12839);
#12839 = AXIS2_PLACEMENT_3D('',#12840,#12841,#12842);
#12840 = CARTESIAN_POINT('',(-1.273472989005E-15,3.307722049363E-16,9.05
    ));
#12841 = DIRECTION('',(0.,0.,1.));
#12842 = DIRECTION('',(1.,0.,-0.));
#12843 = ADVANCED_FACE('',(#12844),#12860,.F.);
#12844 = FACE_BOUND('',#12845,.F.);
#12845 = EDGE_LOOP('',(#12846,#12847,#12853,#12854));
#12846 = ORIENTED_EDGE('',*,*,#12680,.T.);
#12847 = ORIENTED_EDGE('',*,*,#12848,.T.);
#12848 = EDGE_CURVE('',#12647,#12463,#12849,.T.);
#12849 = LINE('',#12850,#12851);
#12850 = CARTESIAN_POINT('',(-41.,-64.195,9.05));
#12851 = VECTOR('',#12852,1.);
#12852 = DIRECTION('',(1.,0.,0.));
#12853 = ORIENTED_EDGE('',*,*,#12470,.T.);
#12854 = ORIENTED_EDGE('',*,*,#12855,.T.);
#12855 = EDGE_CURVE('',#12471,#12673,#12856,.T.);
#12856 = LINE('',#12857,#12858);
#12857 = CARTESIAN_POINT('',(45.,-60.195,9.05));
#12858 = VECTOR('',#12859,1.);
#12859 = DIRECTION('',(0.,1.,0.));
#12860 = PLANE('',#12861);
#12861 = AXIS2_PLACEMENT_3D('',#12862,#12863,#12864);
#12862 = CARTESIAN_POINT('',(-1.273472989005E-15,3.307722049363E-16,9.05
    ));
#12863 = DIRECTION('',(0.,0.,1.));
#12864 = DIRECTION('',(1.,0.,-0.));
#12865 = ADVANCED_FACE('',(#12866),#12882,.F.);
#12866 = FACE_BOUND('',#12867,.F.);
#12867 = EDGE_LOOP('',(#12868,#12869,#12875,#12876));
#12868 = ORIENTED_EDGE('',*,*,#12729,.T.);
#12869 = ORIENTED_EDGE('',*,*,#12870,.T.);
#12870 = EDGE_CURVE('',#12696,#12495,#12871,.T.);
#12871 = LINE('',#12872,#12873);
#12872 = CARTESIAN_POINT('',(45.,-60.195,9.05));
#12873 = VECTOR('',#12874,1.);
#12874 = DIRECTION('',(0.,1.,0.));
#12875 = ORIENTED_EDGE('',*,*,#12502,.T.);
#12876 = ORIENTED_EDGE('',*,*,#12877,.T.);
#12877 = EDGE_CURVE('',#12503,#12722,#12878,.T.);
#12878 = LINE('',#12879,#12880);
#12879 = CARTESIAN_POINT('',(41.,64.195,9.05));
#12880 = VECTOR('',#12881,1.);
#12881 = DIRECTION('',(-1.,0.,0.));
#12882 = PLANE('',#12883);
#12883 = AXIS2_PLACEMENT_3D('',#12884,#12885,#12886);
#12884 = CARTESIAN_POINT('',(-1.273472989005E-15,3.307722049363E-16,9.05
    ));
#12885 = DIRECTION('',(0.,0.,1.));
#12886 = DIRECTION('',(1.,0.,-0.));
#12887 = ADVANCED_FACE('',(#12888,#12891),#12902,.T.);
#12888 = FACE_BOUND('',#12889,.T.);
#12889 = EDGE_LOOP('',(#12890));
#12890 = ORIENTED_EDGE('',*,*,#12614,.T.);
#12891 = FACE_BOUND('',#12892,.T.);
#12892 = EDGE_LOOP('',(#12893));
#12893 = ORIENTED_EDGE('',*,*,#12894,.F.);
#12894 = EDGE_CURVE('',#12895,#12895,#12897,.T.);
#12895 = VERTEX_POINT('',#12896);
#12896 = CARTESIAN_POINT('',(-40.25,-60.795,40.3));
#12897 = CIRCLE('',#12898,1.35);
#12898 = AXIS2_PLACEMENT_3D('',#12899,#12900,#12901);
#12899 = CARTESIAN_POINT('',(-41.6,-60.795,40.3));
#12900 = DIRECTION('',(0.,0.,1.));
#12901 = DIRECTION('',(1.,0.,-0.));
#12902 = PLANE('',#12903);
#12903 = AXIS2_PLACEMENT_3D('',#12904,#12905,#12906);
#12904 = CARTESIAN_POINT('',(-41.6,-60.795,40.3));
#12905 = DIRECTION('',(0.,0.,1.));
#12906 = DIRECTION('',(1.,0.,-0.));
#12907 = ADVANCED_FACE('',(#12908,#12911),#12922,.T.);
#12908 = FACE_BOUND('',#12909,.T.);
#12909 = EDGE_LOOP('',(#12910));
#12910 = ORIENTED_EDGE('',*,*,#12663,.T.);
#12911 = FACE_BOUND('',#12912,.T.);
#12912 = EDGE_LOOP('',(#12913));
#12913 = ORIENTED_EDGE('',*,*,#12914,.F.);
#12914 = EDGE_CURVE('',#12915,#12915,#12917,.T.);
#12915 = VERTEX_POINT('',#12916);
#12916 = CARTESIAN_POINT('',(42.95,-60.795,40.3));
#12917 = CIRCLE('',#12918,1.35);
#12918 = AXIS2_PLACEMENT_3D('',#12919,#12920,#12921);
#12919 = CARTESIAN_POINT('',(41.6,-60.795,40.3));
#12920 = DIRECTION('',(0.,0.,1.));
#12921 = DIRECTION('',(1.,0.,-0.));
#12922 = PLANE('',#12923);
#12923 = AXIS2_PLACEMENT_3D('',#12924,#12925,#12926);
#12924 = CARTESIAN_POINT('',(41.6,-60.795,40.3));
#12925 = DIRECTION('',(0.,0.,1.));
#12926 = DIRECTION('',(1.,0.,-0.));
#12927 = ADVANCED_FACE('',(#12928,#12931),#12942,.T.);
#12928 = FACE_BOUND('',#12929,.T.);
#12929 = EDGE_LOOP('',(#12930));
#12930 = ORIENTED_EDGE('',*,*,#12712,.T.);
#12931 = FACE_BOUND('',#12932,.T.);
#12932 = EDGE_LOOP('',(#12933));
#12933 = ORIENTED_EDGE('',*,*,#12934,.F.);
#12934 = EDGE_CURVE('',#12935,#12935,#12937,.T.);
#12935 = VERTEX_POINT('',#12936);
#12936 = CARTESIAN_POINT('',(42.95,60.795,40.3));
#12937 = CIRCLE('',#12938,1.35);
#12938 = AXIS2_PLACEMENT_3D('',#12939,#12940,#12941);
#12939 = CARTESIAN_POINT('',(41.6,60.795,40.3));
#12940 = DIRECTION('',(0.,0.,1.));
#12941 = DIRECTION('',(1.,0.,-0.));
#12942 = PLANE('',#12943);
#12943 = AXIS2_PLACEMENT_3D('',#12944,#12945,#12946);
#12944 = CARTESIAN_POINT('',(41.6,60.795,40.3));
#12945 = DIRECTION('',(0.,0.,1.));
#12946 = DIRECTION('',(1.,0.,-0.));
#12947 = ADVANCED_FACE('',(#12948,#12951),#12962,.T.);
#12948 = FACE_BOUND('',#12949,.T.);
#12949 = EDGE_LOOP('',(#12950));
#12950 = ORIENTED_EDGE('',*,*,#12769,.T.);
#12951 = FACE_BOUND('',#12952,.T.);
#12952 = EDGE_LOOP('',(#12953));
#12953 = ORIENTED_EDGE('',*,*,#12954,.F.);
#12954 = EDGE_CURVE('',#12955,#12955,#12957,.T.);
#12955 = VERTEX_POINT('',#12956);
#12956 = CARTESIAN_POINT('',(-40.25,60.795,40.3));
#12957 = CIRCLE('',#12958,1.35);
#12958 = AXIS2_PLACEMENT_3D('',#12959,#12960,#12961);
#12959 = CARTESIAN_POINT('',(-41.6,60.795,40.3));
#12960 = DIRECTION('',(0.,0.,1.));
#12961 = DIRECTION('',(1.,0.,-0.));
#12962 = PLANE('',#12963);
#12963 = AXIS2_PLACEMENT_3D('',#12964,#12965,#12966);
#12964 = CARTESIAN_POINT('',(-41.6,60.795,40.3));
#12965 = DIRECTION('',(0.,0.,1.));
#12966 = DIRECTION('',(1.,0.,-0.));
#12967 = ADVANCED_FACE('',(#12968),#12987,.F.);
#12968 = FACE_BOUND('',#12969,.F.);
#12969 = EDGE_LOOP('',(#12970,#12971,#12979,#12986));
#12970 = ORIENTED_EDGE('',*,*,#12894,.F.);
#12971 = ORIENTED_EDGE('',*,*,#12972,.F.);
#12972 = EDGE_CURVE('',#12973,#12895,#12975,.T.);
#12973 = VERTEX_POINT('',#12974);
#12974 = CARTESIAN_POINT('',(-40.25,-60.795,30.));
#12975 = LINE('',#12976,#12977);
#12976 = CARTESIAN_POINT('',(-40.25,-60.795,30.));
#12977 = VECTOR('',#12978,1.);
#12978 = DIRECTION('',(0.,0.,1.));
#12979 = ORIENTED_EDGE('',*,*,#12980,.T.);
#12980 = EDGE_CURVE('',#12973,#12973,#12981,.T.);
#12981 = CIRCLE('',#12982,1.35);
#12982 = AXIS2_PLACEMENT_3D('',#12983,#12984,#12985);
#12983 = CARTESIAN_POINT('',(-41.6,-60.795,30.));
#12984 = DIRECTION('',(0.,0.,1.));
#12985 = DIRECTION('',(1.,0.,-0.));
#12986 = ORIENTED_EDGE('',*,*,#12972,.T.);
#12987 = CYLINDRICAL_SURFACE('',#12988,1.35);
#12988 = AXIS2_PLACEMENT_3D('',#12989,#12990,#12991);
#12989 = CARTESIAN_POINT('',(-41.6,-60.795,30.));
#12990 = DIRECTION('',(0.,0.,1.));
#12991 = DIRECTION('',(1.,0.,-0.));
#12992 = ADVANCED_FACE('',(#12993),#13012,.F.);
#12993 = FACE_BOUND('',#12994,.F.);
#12994 = EDGE_LOOP('',(#12995,#12996,#13004,#13011));
#12995 = ORIENTED_EDGE('',*,*,#12914,.F.);
#12996 = ORIENTED_EDGE('',*,*,#12997,.F.);
#12997 = EDGE_CURVE('',#12998,#12915,#13000,.T.);
#12998 = VERTEX_POINT('',#12999);
#12999 = CARTESIAN_POINT('',(42.95,-60.795,30.));
#13000 = LINE('',#13001,#13002);
#13001 = CARTESIAN_POINT('',(42.95,-60.795,30.));
#13002 = VECTOR('',#13003,1.);
#13003 = DIRECTION('',(0.,0.,1.));
#13004 = ORIENTED_EDGE('',*,*,#13005,.T.);
#13005 = EDGE_CURVE('',#12998,#12998,#13006,.T.);
#13006 = CIRCLE('',#13007,1.35);
#13007 = AXIS2_PLACEMENT_3D('',#13008,#13009,#13010);
#13008 = CARTESIAN_POINT('',(41.6,-60.795,30.));
#13009 = DIRECTION('',(0.,0.,1.));
#13010 = DIRECTION('',(1.,0.,-0.));
#13011 = ORIENTED_EDGE('',*,*,#12997,.T.);
#13012 = CYLINDRICAL_SURFACE('',#13013,1.35);
#13013 = AXIS2_PLACEMENT_3D('',#13014,#13015,#13016);
#13014 = CARTESIAN_POINT('',(41.6,-60.795,30.));
#13015 = DIRECTION('',(0.,0.,1.));
#13016 = DIRECTION('',(1.,0.,-0.));
#13017 = ADVANCED_FACE('',(#13018),#13037,.F.);
#13018 = FACE_BOUND('',#13019,.F.);
#13019 = EDGE_LOOP('',(#13020,#13021,#13029,#13036));
#13020 = ORIENTED_EDGE('',*,*,#12934,.F.);
#13021 = ORIENTED_EDGE('',*,*,#13022,.F.);
#13022 = EDGE_CURVE('',#13023,#12935,#13025,.T.);
#13023 = VERTEX_POINT('',#13024);
#13024 = CARTESIAN_POINT('',(42.95,60.795,30.));
#13025 = LINE('',#13026,#13027);
#13026 = CARTESIAN_POINT('',(42.95,60.795,30.));
#13027 = VECTOR('',#13028,1.);
#13028 = DIRECTION('',(0.,0.,1.));
#13029 = ORIENTED_EDGE('',*,*,#13030,.T.);
#13030 = EDGE_CURVE('',#13023,#13023,#13031,.T.);
#13031 = CIRCLE('',#13032,1.35);
#13032 = AXIS2_PLACEMENT_3D('',#13033,#13034,#13035);
#13033 = CARTESIAN_POINT('',(41.6,60.795,30.));
#13034 = DIRECTION('',(0.,0.,1.));
#13035 = DIRECTION('',(1.,0.,-0.));
#13036 = ORIENTED_EDGE('',*,*,#13022,.T.);
#13037 = CYLINDRICAL_SURFACE('',#13038,1.35);
#13038 = AXIS2_PLACEMENT_3D('',#13039,#13040,#13041);
#13039 = CARTESIAN_POINT('',(41.6,60.795,30.));
#13040 = DIRECTION('',(0.,0.,1.));
#13041 = DIRECTION('',(1.,0.,-0.));
#13042 = ADVANCED_FACE('',(#13043),#13062,.F.);
#13043 = FACE_BOUND('',#13044,.F.);
#13044 = EDGE_LOOP('',(#13045,#13046,#13054,#13061));
#13045 = ORIENTED_EDGE('',*,*,#12954,.F.);
#13046 = ORIENTED_EDGE('',*,*,#13047,.F.);
#13047 = EDGE_CURVE('',#13048,#12955,#13050,.T.);
#13048 = VERTEX_POINT('',#13049);
#13049 = CARTESIAN_POINT('',(-40.25,60.795,30.));
#13050 = LINE('',#13051,#13052);
#13051 = CARTESIAN_POINT('',(-40.25,60.795,30.));
#13052 = VECTOR('',#13053,1.);
#13053 = DIRECTION('',(0.,0.,1.));
#13054 = ORIENTED_EDGE('',*,*,#13055,.T.);
#13055 = EDGE_CURVE('',#13048,#13048,#13056,.T.);
#13056 = CIRCLE('',#13057,1.35);
#13057 = AXIS2_PLACEMENT_3D('',#13058,#13059,#13060);
#13058 = CARTESIAN_POINT('',(-41.6,60.795,30.));
#13059 = DIRECTION('',(0.,0.,1.));
#13060 = DIRECTION('',(1.,0.,-0.));
#13061 = ORIENTED_EDGE('',*,*,#13047,.T.);
#13062 = CYLINDRICAL_SURFACE('',#13063,1.35);
#13063 = AXIS2_PLACEMENT_3D('',#13064,#13065,#13066);
#13064 = CARTESIAN_POINT('',(-41.6,60.795,30.));
#13065 = DIRECTION('',(0.,0.,1.));
#13066 = DIRECTION('',(1.,0.,-0.));
#13067 = ADVANCED_FACE('',(#13068),#13071,.T.);
#13068 = FACE_BOUND('',#13069,.F.);
#13069 = EDGE_LOOP('',(#13070));
#13070 = ORIENTED_EDGE('',*,*,#12980,.F.);
#13071 = PLANE('',#13072);
#13072 = AXIS2_PLACEMENT_3D('',#13073,#13074,#13075);
#13073 = CARTESIAN_POINT('',(-41.6,-60.795,30.));
#13074 = DIRECTION('',(0.,0.,1.));
#13075 = DIRECTION('',(1.,0.,-0.));
#13076 = ADVANCED_FACE('',(#13077),#13080,.T.);
#13077 = FACE_BOUND('',#13078,.F.);
#13078 = EDGE_LOOP('',(#13079));
#13079 = ORIENTED_EDGE('',*,*,#13005,.F.);
#13080 = PLANE('',#13081);
#13081 = AXIS2_PLACEMENT_3D('',#13082,#13083,#13084);
#13082 = CARTESIAN_POINT('',(41.6,-60.795,30.));
#13083 = DIRECTION('',(0.,0.,1.));
#13084 = DIRECTION('',(1.,0.,-0.));
#13085 = ADVANCED_FACE('',(#13086),#13089,.T.);
#13086 = FACE_BOUND('',#13087,.F.);
#13087 = EDGE_LOOP('',(#13088));
#13088 = ORIENTED_EDGE('',*,*,#13030,.F.);
#13089 = PLANE('',#13090);
#13090 = AXIS2_PLACEMENT_3D('',#13091,#13092,#13093);
#13091 = CARTESIAN_POINT('',(41.6,60.795,30.));
#13092 = DIRECTION('',(0.,0.,1.));
#13093 = DIRECTION('',(1.,0.,-0.));
#13094 = ADVANCED_FACE('',(#13095),#13098,.T.);
#13095 = FACE_BOUND('',#13096,.F.);
#13096 = EDGE_LOOP('',(#13097));
#13097 = ORIENTED_EDGE('',*,*,#13055,.F.);
#13098 = PLANE('',#13099);
#13099 = AXIS2_PLACEMENT_3D('',#13100,#13101,#13102);
#13100 = CARTESIAN_POINT('',(-41.6,60.795,30.));
#13101 = DIRECTION('',(0.,0.,1.));
#13102 = DIRECTION('',(1.,0.,-0.));
#13103 = ADVANCED_FACE('',(#13104),#13115,.T.);
#13104 = FACE_BOUND('',#13105,.T.);
#13105 = EDGE_LOOP('',(#13106,#13107,#13108,#13114));
#13106 = ORIENTED_EDGE('',*,*,#2435,.T.);
#13107 = ORIENTED_EDGE('',*,*,#7257,.T.);
#13108 = ORIENTED_EDGE('',*,*,#13109,.F.);
#13109 = EDGE_CURVE('',#7282,#7258,#13110,.T.);
#13110 = LINE('',#13111,#13112);
#13111 = CARTESIAN_POINT('',(-45.,30.08,37.7));
#13112 = VECTOR('',#13113,1.);
#13113 = DIRECTION('',(0.,-1.,0.));
#13114 = ORIENTED_EDGE('',*,*,#7281,.F.);
#13115 = PLANE('',#13116);
#13116 = AXIS2_PLACEMENT_3D('',#13117,#13118,#13119);
#13117 = CARTESIAN_POINT('',(-48.6,-3.500000000001E-02,37.7));
#13118 = DIRECTION('',(0.,0.,1.));
#13119 = DIRECTION('',(1.,0.,-0.));
#13120 = ADVANCED_FACE('',(#13121,#13135,#13142,#13148,#13154,#13160,
    #13166,#13172,#13178,#13184,#13190,#13196,#13202,#13208,#13214,
    #13220,#13226,#13232,#13238,#13244,#13250,#13256,#13262,#13268,
    #13274),#13280,.T.);
#13121 = FACE_BOUND('',#13122,.T.);
#13122 = EDGE_LOOP('',(#13123,#13124,#13125,#13126,#13127,#13128,#13129,
    #13130,#13131,#13132,#13133,#13134));
#13123 = ORIENTED_EDGE('',*,*,#12526,.F.);
#13124 = ORIENTED_EDGE('',*,*,#5353,.T.);
#13125 = ORIENTED_EDGE('',*,*,#12575,.T.);
#13126 = ORIENTED_EDGE('',*,*,#12824,.T.);
#13127 = ORIENTED_EDGE('',*,*,#12744,.T.);
#13128 = ORIENTED_EDGE('',*,*,#5446,.F.);
#13129 = ORIENTED_EDGE('',*,*,#7291,.F.);
#13130 = ORIENTED_EDGE('',*,*,#13109,.T.);
#13131 = ORIENTED_EDGE('',*,*,#7267,.T.);
#13132 = ORIENTED_EDGE('',*,*,#5415,.F.);
#13133 = ORIENTED_EDGE('',*,*,#12631,.F.);
#13134 = ORIENTED_EDGE('',*,*,#12810,.T.);
#13135 = FACE_BOUND('',#13136,.T.);
#13136 = EDGE_LOOP('',(#13137,#13138,#13139,#13140,#13141));
#13137 = ORIENTED_EDGE('',*,*,#4319,.T.);
#13138 = ORIENTED_EDGE('',*,*,#4328,.T.);
#13139 = ORIENTED_EDGE('',*,*,#4337,.T.);
#13140 = ORIENTED_EDGE('',*,*,#4346,.T.);
#13141 = ORIENTED_EDGE('',*,*,#4355,.T.);
#13142 = FACE_BOUND('',#13143,.T.);
#13143 = EDGE_LOOP('',(#13144,#13145,#13146,#13147));
#13144 = ORIENTED_EDGE('',*,*,#8282,.T.);
#13145 = ORIENTED_EDGE('',*,*,#8330,.T.);
#13146 = ORIENTED_EDGE('',*,*,#8347,.F.);
#13147 = ORIENTED_EDGE('',*,*,#8306,.F.);
#13148 = FACE_BOUND('',#13149,.T.);
#13149 = EDGE_LOOP('',(#13150,#13151,#13152,#13153));
#13150 = ORIENTED_EDGE('',*,*,#7418,.T.);
#13151 = ORIENTED_EDGE('',*,*,#7466,.T.);
#13152 = ORIENTED_EDGE('',*,*,#7483,.F.);
#13153 = ORIENTED_EDGE('',*,*,#7442,.F.);
#13154 = FACE_BOUND('',#13155,.T.);
#13155 = EDGE_LOOP('',(#13156,#13157,#13158,#13159));
#13156 = ORIENTED_EDGE('',*,*,#7514,.T.);
#13157 = ORIENTED_EDGE('',*,*,#7562,.T.);
#13158 = ORIENTED_EDGE('',*,*,#7579,.F.);
#13159 = ORIENTED_EDGE('',*,*,#7538,.F.);
#13160 = FACE_BOUND('',#13161,.T.);
#13161 = EDGE_LOOP('',(#13162,#13163,#13164,#13165));
#13162 = ORIENTED_EDGE('',*,*,#7610,.T.);
#13163 = ORIENTED_EDGE('',*,*,#7658,.T.);
#13164 = ORIENTED_EDGE('',*,*,#7675,.F.);
#13165 = ORIENTED_EDGE('',*,*,#7634,.F.);
#13166 = FACE_BOUND('',#13167,.T.);
#13167 = EDGE_LOOP('',(#13168,#13169,#13170,#13171));
#13168 = ORIENTED_EDGE('',*,*,#7706,.T.);
#13169 = ORIENTED_EDGE('',*,*,#7754,.T.);
#13170 = ORIENTED_EDGE('',*,*,#7771,.F.);
#13171 = ORIENTED_EDGE('',*,*,#7730,.F.);
#13172 = FACE_BOUND('',#13173,.T.);
#13173 = EDGE_LOOP('',(#13174,#13175,#13176,#13177));
#13174 = ORIENTED_EDGE('',*,*,#7802,.T.);
#13175 = ORIENTED_EDGE('',*,*,#7850,.T.);
#13176 = ORIENTED_EDGE('',*,*,#7867,.F.);
#13177 = ORIENTED_EDGE('',*,*,#7826,.F.);
#13178 = FACE_BOUND('',#13179,.T.);
#13179 = EDGE_LOOP('',(#13180,#13181,#13182,#13183));
#13180 = ORIENTED_EDGE('',*,*,#7898,.T.);
#13181 = ORIENTED_EDGE('',*,*,#7946,.T.);
#13182 = ORIENTED_EDGE('',*,*,#7963,.F.);
#13183 = ORIENTED_EDGE('',*,*,#7922,.F.);
#13184 = FACE_BOUND('',#13185,.T.);
#13185 = EDGE_LOOP('',(#13186,#13187,#13188,#13189));
#13186 = ORIENTED_EDGE('',*,*,#7994,.T.);
#13187 = ORIENTED_EDGE('',*,*,#8042,.T.);
#13188 = ORIENTED_EDGE('',*,*,#8059,.F.);
#13189 = ORIENTED_EDGE('',*,*,#8018,.F.);
#13190 = FACE_BOUND('',#13191,.T.);
#13191 = EDGE_LOOP('',(#13192,#13193,#13194,#13195));
#13192 = ORIENTED_EDGE('',*,*,#8090,.T.);
#13193 = ORIENTED_EDGE('',*,*,#8138,.T.);
#13194 = ORIENTED_EDGE('',*,*,#8155,.F.);
#13195 = ORIENTED_EDGE('',*,*,#8114,.F.);
#13196 = FACE_BOUND('',#13197,.T.);
#13197 = EDGE_LOOP('',(#13198,#13199,#13200,#13201));
#13198 = ORIENTED_EDGE('',*,*,#8186,.T.);
#13199 = ORIENTED_EDGE('',*,*,#8234,.T.);
#13200 = ORIENTED_EDGE('',*,*,#8251,.F.);
#13201 = ORIENTED_EDGE('',*,*,#8210,.F.);
#13202 = FACE_BOUND('',#13203,.T.);
#13203 = EDGE_LOOP('',(#13204,#13205,#13206,#13207));
#13204 = ORIENTED_EDGE('',*,*,#7322,.T.);
#13205 = ORIENTED_EDGE('',*,*,#7387,.T.);
#13206 = ORIENTED_EDGE('',*,*,#7370,.F.);
#13207 = ORIENTED_EDGE('',*,*,#7346,.F.);
#13208 = FACE_BOUND('',#13209,.T.);
#13209 = EDGE_LOOP('',(#13210,#13211,#13212,#13213));
#13210 = ORIENTED_EDGE('',*,*,#8378,.T.);
#13211 = ORIENTED_EDGE('',*,*,#8426,.T.);
#13212 = ORIENTED_EDGE('',*,*,#8443,.F.);
#13213 = ORIENTED_EDGE('',*,*,#8402,.F.);
#13214 = FACE_BOUND('',#13215,.T.);
#13215 = EDGE_LOOP('',(#13216,#13217,#13218,#13219));
#13216 = ORIENTED_EDGE('',*,*,#8474,.T.);
#13217 = ORIENTED_EDGE('',*,*,#8522,.T.);
#13218 = ORIENTED_EDGE('',*,*,#8539,.F.);
#13219 = ORIENTED_EDGE('',*,*,#8498,.F.);
#13220 = FACE_BOUND('',#13221,.T.);
#13221 = EDGE_LOOP('',(#13222,#13223,#13224,#13225));
#13222 = ORIENTED_EDGE('',*,*,#8570,.T.);
#13223 = ORIENTED_EDGE('',*,*,#8618,.T.);
#13224 = ORIENTED_EDGE('',*,*,#8635,.F.);
#13225 = ORIENTED_EDGE('',*,*,#8594,.F.);
#13226 = FACE_BOUND('',#13227,.T.);
#13227 = EDGE_LOOP('',(#13228,#13229,#13230,#13231));
#13228 = ORIENTED_EDGE('',*,*,#8666,.T.);
#13229 = ORIENTED_EDGE('',*,*,#8714,.T.);
#13230 = ORIENTED_EDGE('',*,*,#8731,.F.);
#13231 = ORIENTED_EDGE('',*,*,#8690,.F.);
#13232 = FACE_BOUND('',#13233,.T.);
#13233 = EDGE_LOOP('',(#13234,#13235,#13236,#13237));
#13234 = ORIENTED_EDGE('',*,*,#8762,.T.);
#13235 = ORIENTED_EDGE('',*,*,#8810,.T.);
#13236 = ORIENTED_EDGE('',*,*,#8827,.F.);
#13237 = ORIENTED_EDGE('',*,*,#8786,.F.);
#13238 = FACE_BOUND('',#13239,.T.);
#13239 = EDGE_LOOP('',(#13240,#13241,#13242,#13243));
#13240 = ORIENTED_EDGE('',*,*,#8858,.T.);
#13241 = ORIENTED_EDGE('',*,*,#8906,.T.);
#13242 = ORIENTED_EDGE('',*,*,#8923,.F.);
#13243 = ORIENTED_EDGE('',*,*,#8882,.F.);
#13244 = FACE_BOUND('',#13245,.T.);
#13245 = EDGE_LOOP('',(#13246,#13247,#13248,#13249));
#13246 = ORIENTED_EDGE('',*,*,#8954,.T.);
#13247 = ORIENTED_EDGE('',*,*,#9002,.T.);
#13248 = ORIENTED_EDGE('',*,*,#9019,.F.);
#13249 = ORIENTED_EDGE('',*,*,#8978,.F.);
#13250 = FACE_BOUND('',#13251,.T.);
#13251 = EDGE_LOOP('',(#13252,#13253,#13254,#13255));
#13252 = ORIENTED_EDGE('',*,*,#9050,.T.);
#13253 = ORIENTED_EDGE('',*,*,#9098,.T.);
#13254 = ORIENTED_EDGE('',*,*,#9115,.F.);
#13255 = ORIENTED_EDGE('',*,*,#9074,.F.);
#13256 = FACE_BOUND('',#13257,.T.);
#13257 = EDGE_LOOP('',(#13258,#13259,#13260,#13261));
#13258 = ORIENTED_EDGE('',*,*,#9146,.T.);
#13259 = ORIENTED_EDGE('',*,*,#9194,.T.);
#13260 = ORIENTED_EDGE('',*,*,#9211,.F.);
#13261 = ORIENTED_EDGE('',*,*,#9170,.F.);
#13262 = FACE_BOUND('',#13263,.T.);
#13263 = EDGE_LOOP('',(#13264,#13265,#13266,#13267));
#13264 = ORIENTED_EDGE('',*,*,#9242,.T.);
#13265 = ORIENTED_EDGE('',*,*,#9290,.T.);
#13266 = ORIENTED_EDGE('',*,*,#9307,.F.);
#13267 = ORIENTED_EDGE('',*,*,#9266,.F.);
#13268 = FACE_BOUND('',#13269,.T.);
#13269 = EDGE_LOOP('',(#13270,#13271,#13272,#13273));
#13270 = ORIENTED_EDGE('',*,*,#9338,.T.);
#13271 = ORIENTED_EDGE('',*,*,#9386,.T.);
#13272 = ORIENTED_EDGE('',*,*,#9403,.F.);
#13273 = ORIENTED_EDGE('',*,*,#9362,.F.);
#13274 = FACE_BOUND('',#13275,.T.);
#13275 = EDGE_LOOP('',(#13276,#13277,#13278,#13279));
#13276 = ORIENTED_EDGE('',*,*,#9434,.T.);
#13277 = ORIENTED_EDGE('',*,*,#9482,.T.);
#13278 = ORIENTED_EDGE('',*,*,#9499,.F.);
#13279 = ORIENTED_EDGE('',*,*,#9458,.F.);
#13280 = PLANE('',#13281);
#13281 = AXIS2_PLACEMENT_3D('',#13282,#13283,#13284);
#13282 = CARTESIAN_POINT('',(-45.,0.175499405097,21.047296628975));
#13283 = DIRECTION('',(1.,0.,0.));
#13284 = DIRECTION('',(-0.,0.,1.));
#13285 = ADVANCED_FACE('',(#13286,#13296,#13302),#13308,.T.);
#13286 = FACE_BOUND('',#13287,.T.);
#13287 = EDGE_LOOP('',(#13288,#13289,#13290,#13291,#13292,#13293,#13294,
    #13295));
#13288 = ORIENTED_EDGE('',*,*,#12646,.F.);
#13289 = ORIENTED_EDGE('',*,*,#12848,.T.);
#13290 = ORIENTED_EDGE('',*,*,#12462,.F.);
#13291 = ORIENTED_EDGE('',*,*,#5336,.T.);
#13292 = ORIENTED_EDGE('',*,*,#12543,.T.);
#13293 = ORIENTED_EDGE('',*,*,#12802,.T.);
#13294 = ORIENTED_EDGE('',*,*,#12589,.T.);
#13295 = ORIENTED_EDGE('',*,*,#5515,.F.);
#13296 = FACE_BOUND('',#13297,.T.);
#13297 = EDGE_LOOP('',(#13298,#13299,#13300,#13301));
#13298 = ORIENTED_EDGE('',*,*,#4567,.T.);
#13299 = ORIENTED_EDGE('',*,*,#12430,.T.);
#13300 = ORIENTED_EDGE('',*,*,#4492,.F.);
#13301 = ORIENTED_EDGE('',*,*,#12413,.F.);
#13302 = FACE_BOUND('',#13303,.T.);
#13303 = EDGE_LOOP('',(#13304,#13305,#13306,#13307));
#13304 = ORIENTED_EDGE('',*,*,#4607,.T.);
#13305 = ORIENTED_EDGE('',*,*,#12447,.T.);
#13306 = ORIENTED_EDGE('',*,*,#4647,.F.);
#13307 = ORIENTED_EDGE('',*,*,#12396,.F.);
#13308 = PLANE('',#13309);
#13309 = AXIS2_PLACEMENT_3D('',#13310,#13311,#13312);
#13310 = CARTESIAN_POINT('',(1.433027366239E-14,-64.195,20.793351249421)
  );
#13311 = DIRECTION('',(0.,1.,0.));
#13312 = DIRECTION('',(0.,-0.,1.));
#13313 = ADVANCED_FACE('',(#13314,#13324,#13330,#13336,#13342,#13348,
    #13354,#13360,#13366,#13372,#13378,#13384,#13390,#13396,#13402,
    #13408,#13414,#13420,#13426,#13432,#13438,#13444,#13450,#13456,
    #13462,#13468,#13474,#13480,#13486,#13492,#13498),#13504,.T.);
#13314 = FACE_BOUND('',#13315,.T.);
#13315 = EDGE_LOOP('',(#13316,#13317,#13318,#13319,#13320,#13321,#13322,
    #13323));
#13316 = ORIENTED_EDGE('',*,*,#5387,.T.);
#13317 = ORIENTED_EDGE('',*,*,#12479,.T.);
#13318 = ORIENTED_EDGE('',*,*,#12855,.T.);
#13319 = ORIENTED_EDGE('',*,*,#12672,.T.);
#13320 = ORIENTED_EDGE('',*,*,#5489,.F.);
#13321 = ORIENTED_EDGE('',*,*,#12695,.F.);
#13322 = ORIENTED_EDGE('',*,*,#12870,.T.);
#13323 = ORIENTED_EDGE('',*,*,#12494,.F.);
#13324 = FACE_BOUND('',#13325,.T.);
#13325 = EDGE_LOOP('',(#13326,#13327,#13328,#13329));
#13326 = ORIENTED_EDGE('',*,*,#10865,.F.);
#13327 = ORIENTED_EDGE('',*,*,#10937,.T.);
#13328 = ORIENTED_EDGE('',*,*,#10913,.T.);
#13329 = ORIENTED_EDGE('',*,*,#10896,.F.);
#13330 = FACE_BOUND('',#13331,.T.);
#13331 = EDGE_LOOP('',(#13332,#13333,#13334,#13335));
#13332 = ORIENTED_EDGE('',*,*,#12305,.F.);
#13333 = ORIENTED_EDGE('',*,*,#12336,.T.);
#13334 = ORIENTED_EDGE('',*,*,#12377,.T.);
#13335 = ORIENTED_EDGE('',*,*,#12360,.F.);
#13336 = FACE_BOUND('',#13337,.T.);
#13337 = EDGE_LOOP('',(#13338,#13339,#13340,#13341));
#13338 = ORIENTED_EDGE('',*,*,#9713,.F.);
#13339 = ORIENTED_EDGE('',*,*,#9744,.T.);
#13340 = ORIENTED_EDGE('',*,*,#9785,.T.);
#13341 = ORIENTED_EDGE('',*,*,#9768,.F.);
#13342 = FACE_BOUND('',#13343,.T.);
#13343 = EDGE_LOOP('',(#13344,#13345,#13346,#13347));
#13344 = ORIENTED_EDGE('',*,*,#9809,.F.);
#13345 = ORIENTED_EDGE('',*,*,#9840,.T.);
#13346 = ORIENTED_EDGE('',*,*,#9881,.T.);
#13347 = ORIENTED_EDGE('',*,*,#9864,.F.);
#13348 = FACE_BOUND('',#13349,.T.);
#13349 = EDGE_LOOP('',(#13350,#13351,#13352,#13353));
#13350 = ORIENTED_EDGE('',*,*,#9905,.F.);
#13351 = ORIENTED_EDGE('',*,*,#9936,.T.);
#13352 = ORIENTED_EDGE('',*,*,#9977,.T.);
#13353 = ORIENTED_EDGE('',*,*,#9960,.F.);
#13354 = FACE_BOUND('',#13355,.T.);
#13355 = EDGE_LOOP('',(#13356,#13357,#13358,#13359));
#13356 = ORIENTED_EDGE('',*,*,#10001,.F.);
#13357 = ORIENTED_EDGE('',*,*,#10032,.T.);
#13358 = ORIENTED_EDGE('',*,*,#10073,.T.);
#13359 = ORIENTED_EDGE('',*,*,#10056,.F.);
#13360 = FACE_BOUND('',#13361,.T.);
#13361 = EDGE_LOOP('',(#13362,#13363,#13364,#13365));
#13362 = ORIENTED_EDGE('',*,*,#10097,.F.);
#13363 = ORIENTED_EDGE('',*,*,#10128,.T.);
#13364 = ORIENTED_EDGE('',*,*,#10169,.T.);
#13365 = ORIENTED_EDGE('',*,*,#10152,.F.);
#13366 = FACE_BOUND('',#13367,.T.);
#13367 = EDGE_LOOP('',(#13368,#13369,#13370,#13371));
#13368 = ORIENTED_EDGE('',*,*,#10193,.F.);
#13369 = ORIENTED_EDGE('',*,*,#10224,.T.);
#13370 = ORIENTED_EDGE('',*,*,#10265,.T.);
#13371 = ORIENTED_EDGE('',*,*,#10248,.F.);
#13372 = FACE_BOUND('',#13373,.T.);
#13373 = EDGE_LOOP('',(#13374,#13375,#13376,#13377));
#13374 = ORIENTED_EDGE('',*,*,#10289,.F.);
#13375 = ORIENTED_EDGE('',*,*,#10320,.T.);
#13376 = ORIENTED_EDGE('',*,*,#10361,.T.);
#13377 = ORIENTED_EDGE('',*,*,#10344,.F.);
#13378 = FACE_BOUND('',#13379,.T.);
#13379 = EDGE_LOOP('',(#13380,#13381,#13382,#13383));
#13380 = ORIENTED_EDGE('',*,*,#10385,.F.);
#13381 = ORIENTED_EDGE('',*,*,#10416,.T.);
#13382 = ORIENTED_EDGE('',*,*,#10457,.T.);
#13383 = ORIENTED_EDGE('',*,*,#10440,.F.);
#13384 = FACE_BOUND('',#13385,.T.);
#13385 = EDGE_LOOP('',(#13386,#13387,#13388,#13389));
#13386 = ORIENTED_EDGE('',*,*,#10481,.F.);
#13387 = ORIENTED_EDGE('',*,*,#10512,.T.);
#13388 = ORIENTED_EDGE('',*,*,#10553,.T.);
#13389 = ORIENTED_EDGE('',*,*,#10536,.F.);
#13390 = FACE_BOUND('',#13391,.T.);
#13391 = EDGE_LOOP('',(#13392,#13393,#13394,#13395));
#13392 = ORIENTED_EDGE('',*,*,#10577,.F.);
#13393 = ORIENTED_EDGE('',*,*,#10608,.T.);
#13394 = ORIENTED_EDGE('',*,*,#10649,.T.);
#13395 = ORIENTED_EDGE('',*,*,#10632,.F.);
#13396 = FACE_BOUND('',#13397,.T.);
#13397 = EDGE_LOOP('',(#13398,#13399,#13400,#13401));
#13398 = ORIENTED_EDGE('',*,*,#10673,.F.);
#13399 = ORIENTED_EDGE('',*,*,#10704,.T.);
#13400 = ORIENTED_EDGE('',*,*,#10745,.T.);
#13401 = ORIENTED_EDGE('',*,*,#10728,.F.);
#13402 = FACE_BOUND('',#13403,.T.);
#13403 = EDGE_LOOP('',(#13404,#13405,#13406,#13407));
#13404 = ORIENTED_EDGE('',*,*,#10769,.F.);
#13405 = ORIENTED_EDGE('',*,*,#10800,.T.);
#13406 = ORIENTED_EDGE('',*,*,#10841,.T.);
#13407 = ORIENTED_EDGE('',*,*,#10824,.F.);
#13408 = FACE_BOUND('',#13409,.T.);
#13409 = EDGE_LOOP('',(#13410,#13411,#13412,#13413));
#13410 = ORIENTED_EDGE('',*,*,#9521,.F.);
#13411 = ORIENTED_EDGE('',*,*,#9552,.T.);
#13412 = ORIENTED_EDGE('',*,*,#9593,.T.);
#13413 = ORIENTED_EDGE('',*,*,#9576,.F.);
#13414 = FACE_BOUND('',#13415,.T.);
#13415 = EDGE_LOOP('',(#13416,#13417,#13418,#13419));
#13416 = ORIENTED_EDGE('',*,*,#10961,.F.);
#13417 = ORIENTED_EDGE('',*,*,#10992,.T.);
#13418 = ORIENTED_EDGE('',*,*,#11033,.T.);
#13419 = ORIENTED_EDGE('',*,*,#11016,.F.);
#13420 = FACE_BOUND('',#13421,.T.);
#13421 = EDGE_LOOP('',(#13422,#13423,#13424,#13425));
#13422 = ORIENTED_EDGE('',*,*,#11057,.F.);
#13423 = ORIENTED_EDGE('',*,*,#11088,.T.);
#13424 = ORIENTED_EDGE('',*,*,#11129,.T.);
#13425 = ORIENTED_EDGE('',*,*,#11112,.F.);
#13426 = FACE_BOUND('',#13427,.T.);
#13427 = EDGE_LOOP('',(#13428,#13429,#13430,#13431));
#13428 = ORIENTED_EDGE('',*,*,#11153,.F.);
#13429 = ORIENTED_EDGE('',*,*,#11184,.T.);
#13430 = ORIENTED_EDGE('',*,*,#11225,.T.);
#13431 = ORIENTED_EDGE('',*,*,#11208,.F.);
#13432 = FACE_BOUND('',#13433,.T.);
#13433 = EDGE_LOOP('',(#13434,#13435,#13436,#13437));
#13434 = ORIENTED_EDGE('',*,*,#11249,.F.);
#13435 = ORIENTED_EDGE('',*,*,#11280,.T.);
#13436 = ORIENTED_EDGE('',*,*,#11321,.T.);
#13437 = ORIENTED_EDGE('',*,*,#11304,.F.);
#13438 = FACE_BOUND('',#13439,.T.);
#13439 = EDGE_LOOP('',(#13440,#13441,#13442,#13443));
#13440 = ORIENTED_EDGE('',*,*,#11345,.F.);
#13441 = ORIENTED_EDGE('',*,*,#11376,.T.);
#13442 = ORIENTED_EDGE('',*,*,#11417,.T.);
#13443 = ORIENTED_EDGE('',*,*,#11400,.F.);
#13444 = FACE_BOUND('',#13445,.T.);
#13445 = EDGE_LOOP('',(#13446,#13447,#13448,#13449));
#13446 = ORIENTED_EDGE('',*,*,#11441,.F.);
#13447 = ORIENTED_EDGE('',*,*,#11472,.T.);
#13448 = ORIENTED_EDGE('',*,*,#11513,.T.);
#13449 = ORIENTED_EDGE('',*,*,#11496,.F.);
#13450 = FACE_BOUND('',#13451,.T.);
#13451 = EDGE_LOOP('',(#13452,#13453,#13454,#13455));
#13452 = ORIENTED_EDGE('',*,*,#11537,.F.);
#13453 = ORIENTED_EDGE('',*,*,#11568,.T.);
#13454 = ORIENTED_EDGE('',*,*,#11609,.T.);
#13455 = ORIENTED_EDGE('',*,*,#11592,.F.);
#13456 = FACE_BOUND('',#13457,.T.);
#13457 = EDGE_LOOP('',(#13458,#13459,#13460,#13461));
#13458 = ORIENTED_EDGE('',*,*,#11633,.F.);
#13459 = ORIENTED_EDGE('',*,*,#11664,.T.);
#13460 = ORIENTED_EDGE('',*,*,#11705,.T.);
#13461 = ORIENTED_EDGE('',*,*,#11688,.F.);
#13462 = FACE_BOUND('',#13463,.T.);
#13463 = EDGE_LOOP('',(#13464,#13465,#13466,#13467));
#13464 = ORIENTED_EDGE('',*,*,#11729,.F.);
#13465 = ORIENTED_EDGE('',*,*,#11760,.T.);
#13466 = ORIENTED_EDGE('',*,*,#11801,.T.);
#13467 = ORIENTED_EDGE('',*,*,#11784,.F.);
#13468 = FACE_BOUND('',#13469,.T.);
#13469 = EDGE_LOOP('',(#13470,#13471,#13472,#13473));
#13470 = ORIENTED_EDGE('',*,*,#11825,.F.);
#13471 = ORIENTED_EDGE('',*,*,#11856,.T.);
#13472 = ORIENTED_EDGE('',*,*,#11897,.T.);
#13473 = ORIENTED_EDGE('',*,*,#11880,.F.);
#13474 = FACE_BOUND('',#13475,.T.);
#13475 = EDGE_LOOP('',(#13476,#13477,#13478,#13479));
#13476 = ORIENTED_EDGE('',*,*,#11921,.F.);
#13477 = ORIENTED_EDGE('',*,*,#11952,.T.);
#13478 = ORIENTED_EDGE('',*,*,#11993,.T.);
#13479 = ORIENTED_EDGE('',*,*,#11976,.F.);
#13480 = FACE_BOUND('',#13481,.T.);
#13481 = EDGE_LOOP('',(#13482,#13483,#13484,#13485));
#13482 = ORIENTED_EDGE('',*,*,#12017,.F.);
#13483 = ORIENTED_EDGE('',*,*,#12048,.T.);
#13484 = ORIENTED_EDGE('',*,*,#12089,.T.);
#13485 = ORIENTED_EDGE('',*,*,#12072,.F.);
#13486 = FACE_BOUND('',#13487,.T.);
#13487 = EDGE_LOOP('',(#13488,#13489,#13490,#13491));
#13488 = ORIENTED_EDGE('',*,*,#12113,.F.);
#13489 = ORIENTED_EDGE('',*,*,#12144,.T.);
#13490 = ORIENTED_EDGE('',*,*,#12185,.T.);
#13491 = ORIENTED_EDGE('',*,*,#12168,.F.);
#13492 = FACE_BOUND('',#13493,.T.);
#13493 = EDGE_LOOP('',(#13494,#13495,#13496,#13497));
#13494 = ORIENTED_EDGE('',*,*,#12209,.F.);
#13495 = ORIENTED_EDGE('',*,*,#12240,.T.);
#13496 = ORIENTED_EDGE('',*,*,#12281,.T.);
#13497 = ORIENTED_EDGE('',*,*,#12264,.F.);
#13498 = FACE_BOUND('',#13499,.T.);
#13499 = EDGE_LOOP('',(#13500,#13501,#13502,#13503));
#13500 = ORIENTED_EDGE('',*,*,#9617,.F.);
#13501 = ORIENTED_EDGE('',*,*,#9648,.T.);
#13502 = ORIENTED_EDGE('',*,*,#9689,.T.);
#13503 = ORIENTED_EDGE('',*,*,#9672,.F.);
#13504 = PLANE('',#13505);
#13505 = AXIS2_PLACEMENT_3D('',#13506,#13507,#13508);
#13506 = CARTESIAN_POINT('',(45.,2.528139856571E-14,20.965714458867));
#13507 = DIRECTION('',(-1.,-0.,-0.));
#13508 = DIRECTION('',(0.,0.,-1.));
#13509 = ADVANCED_FACE('',(#13510,#13520,#13526,#13532,#13538,#13544,
    #13550,#13556,#13562,#13568,#13574,#13580,#13586,#13592,#13598,
    #13604,#13610,#13616,#13622),#13628,.T.);
#13510 = FACE_BOUND('',#13511,.T.);
#13511 = EDGE_LOOP('',(#13512,#13513,#13514,#13515,#13516,#13517,#13518,
    #13519));
#13512 = ORIENTED_EDGE('',*,*,#5370,.T.);
#13513 = ORIENTED_EDGE('',*,*,#12511,.T.);
#13514 = ORIENTED_EDGE('',*,*,#12877,.T.);
#13515 = ORIENTED_EDGE('',*,*,#12721,.T.);
#13516 = ORIENTED_EDGE('',*,*,#5463,.F.);
#13517 = ORIENTED_EDGE('',*,*,#12786,.F.);
#13518 = ORIENTED_EDGE('',*,*,#12832,.T.);
#13519 = ORIENTED_EDGE('',*,*,#12558,.F.);
#13520 = FACE_BOUND('',#13521,.T.);
#13521 = EDGE_LOOP('',(#13522,#13523,#13524,#13525));
#13522 = ORIENTED_EDGE('',*,*,#5537,.T.);
#13523 = ORIENTED_EDGE('',*,*,#5609,.T.);
#13524 = ORIENTED_EDGE('',*,*,#5592,.F.);
#13525 = ORIENTED_EDGE('',*,*,#5568,.F.);
#13526 = FACE_BOUND('',#13527,.T.);
#13527 = EDGE_LOOP('',(#13528,#13529,#13530,#13531));
#13528 = ORIENTED_EDGE('',*,*,#5633,.T.);
#13529 = ORIENTED_EDGE('',*,*,#5688,.T.);
#13530 = ORIENTED_EDGE('',*,*,#5705,.F.);
#13531 = ORIENTED_EDGE('',*,*,#5664,.F.);
#13532 = FACE_BOUND('',#13533,.T.);
#13533 = EDGE_LOOP('',(#13534,#13535,#13536,#13537));
#13534 = ORIENTED_EDGE('',*,*,#5729,.T.);
#13535 = ORIENTED_EDGE('',*,*,#5784,.T.);
#13536 = ORIENTED_EDGE('',*,*,#5801,.F.);
#13537 = ORIENTED_EDGE('',*,*,#5760,.F.);
#13538 = FACE_BOUND('',#13539,.T.);
#13539 = EDGE_LOOP('',(#13540,#13541,#13542,#13543));
#13540 = ORIENTED_EDGE('',*,*,#5825,.T.);
#13541 = ORIENTED_EDGE('',*,*,#5880,.T.);
#13542 = ORIENTED_EDGE('',*,*,#5897,.F.);
#13543 = ORIENTED_EDGE('',*,*,#5856,.F.);
#13544 = FACE_BOUND('',#13545,.T.);
#13545 = EDGE_LOOP('',(#13546,#13547,#13548,#13549));
#13546 = ORIENTED_EDGE('',*,*,#5921,.T.);
#13547 = ORIENTED_EDGE('',*,*,#5976,.T.);
#13548 = ORIENTED_EDGE('',*,*,#5993,.F.);
#13549 = ORIENTED_EDGE('',*,*,#5952,.F.);
#13550 = FACE_BOUND('',#13551,.T.);
#13551 = EDGE_LOOP('',(#13552,#13553,#13554,#13555));
#13552 = ORIENTED_EDGE('',*,*,#6017,.T.);
#13553 = ORIENTED_EDGE('',*,*,#6072,.T.);
#13554 = ORIENTED_EDGE('',*,*,#6089,.F.);
#13555 = ORIENTED_EDGE('',*,*,#6048,.F.);
#13556 = FACE_BOUND('',#13557,.T.);
#13557 = EDGE_LOOP('',(#13558,#13559,#13560,#13561));
#13558 = ORIENTED_EDGE('',*,*,#6113,.T.);
#13559 = ORIENTED_EDGE('',*,*,#6168,.T.);
#13560 = ORIENTED_EDGE('',*,*,#6185,.F.);
#13561 = ORIENTED_EDGE('',*,*,#6144,.F.);
#13562 = FACE_BOUND('',#13563,.T.);
#13563 = EDGE_LOOP('',(#13564,#13565,#13566,#13567));
#13564 = ORIENTED_EDGE('',*,*,#6209,.T.);
#13565 = ORIENTED_EDGE('',*,*,#6264,.T.);
#13566 = ORIENTED_EDGE('',*,*,#6281,.F.);
#13567 = ORIENTED_EDGE('',*,*,#6240,.F.);
#13568 = FACE_BOUND('',#13569,.T.);
#13569 = EDGE_LOOP('',(#13570,#13571,#13572,#13573));
#13570 = ORIENTED_EDGE('',*,*,#6305,.T.);
#13571 = ORIENTED_EDGE('',*,*,#6360,.T.);
#13572 = ORIENTED_EDGE('',*,*,#6377,.F.);
#13573 = ORIENTED_EDGE('',*,*,#6336,.F.);
#13574 = FACE_BOUND('',#13575,.T.);
#13575 = EDGE_LOOP('',(#13576,#13577,#13578,#13579));
#13576 = ORIENTED_EDGE('',*,*,#6401,.T.);
#13577 = ORIENTED_EDGE('',*,*,#6456,.T.);
#13578 = ORIENTED_EDGE('',*,*,#6473,.F.);
#13579 = ORIENTED_EDGE('',*,*,#6432,.F.);
#13580 = FACE_BOUND('',#13581,.T.);
#13581 = EDGE_LOOP('',(#13582,#13583,#13584,#13585));
#13582 = ORIENTED_EDGE('',*,*,#6497,.T.);
#13583 = ORIENTED_EDGE('',*,*,#6552,.T.);
#13584 = ORIENTED_EDGE('',*,*,#6569,.F.);
#13585 = ORIENTED_EDGE('',*,*,#6528,.F.);
#13586 = FACE_BOUND('',#13587,.T.);
#13587 = EDGE_LOOP('',(#13588,#13589,#13590,#13591));
#13588 = ORIENTED_EDGE('',*,*,#6593,.T.);
#13589 = ORIENTED_EDGE('',*,*,#6648,.T.);
#13590 = ORIENTED_EDGE('',*,*,#6665,.F.);
#13591 = ORIENTED_EDGE('',*,*,#6624,.F.);
#13592 = FACE_BOUND('',#13593,.T.);
#13593 = EDGE_LOOP('',(#13594,#13595,#13596,#13597));
#13594 = ORIENTED_EDGE('',*,*,#6689,.T.);
#13595 = ORIENTED_EDGE('',*,*,#6744,.T.);
#13596 = ORIENTED_EDGE('',*,*,#6761,.F.);
#13597 = ORIENTED_EDGE('',*,*,#6720,.F.);
#13598 = FACE_BOUND('',#13599,.T.);
#13599 = EDGE_LOOP('',(#13600,#13601,#13602,#13603));
#13600 = ORIENTED_EDGE('',*,*,#6785,.T.);
#13601 = ORIENTED_EDGE('',*,*,#6840,.T.);
#13602 = ORIENTED_EDGE('',*,*,#6857,.F.);
#13603 = ORIENTED_EDGE('',*,*,#6816,.F.);
#13604 = FACE_BOUND('',#13605,.T.);
#13605 = EDGE_LOOP('',(#13606,#13607,#13608,#13609));
#13606 = ORIENTED_EDGE('',*,*,#6881,.T.);
#13607 = ORIENTED_EDGE('',*,*,#6936,.T.);
#13608 = ORIENTED_EDGE('',*,*,#6953,.F.);
#13609 = ORIENTED_EDGE('',*,*,#6912,.F.);
#13610 = FACE_BOUND('',#13611,.T.);
#13611 = EDGE_LOOP('',(#13612,#13613,#13614,#13615));
#13612 = ORIENTED_EDGE('',*,*,#6977,.T.);
#13613 = ORIENTED_EDGE('',*,*,#7032,.T.);
#13614 = ORIENTED_EDGE('',*,*,#7049,.F.);
#13615 = ORIENTED_EDGE('',*,*,#7008,.F.);
#13616 = FACE_BOUND('',#13617,.T.);
#13617 = EDGE_LOOP('',(#13618,#13619,#13620,#13621));
#13618 = ORIENTED_EDGE('',*,*,#7073,.T.);
#13619 = ORIENTED_EDGE('',*,*,#7128,.T.);
#13620 = ORIENTED_EDGE('',*,*,#7145,.F.);
#13621 = ORIENTED_EDGE('',*,*,#7104,.F.);
#13622 = FACE_BOUND('',#13623,.T.);
#13623 = EDGE_LOOP('',(#13624,#13625,#13626,#13627));
#13624 = ORIENTED_EDGE('',*,*,#7169,.T.);
#13625 = ORIENTED_EDGE('',*,*,#7224,.T.);
#13626 = ORIENTED_EDGE('',*,*,#7241,.F.);
#13627 = ORIENTED_EDGE('',*,*,#7200,.F.);
#13628 = PLANE('',#13629);
#13629 = AXIS2_PLACEMENT_3D('',#13630,#13631,#13632);
#13630 = CARTESIAN_POINT('',(-1.480794945113E-14,64.195,20.793351249421)
  );
#13631 = DIRECTION('',(-0.,-1.,-0.));
#13632 = DIRECTION('',(0.,0.,-1.));
#13633 = ( GEOMETRIC_REPRESENTATION_CONTEXT(3) 
GLOBAL_UNCERTAINTY_ASSIGNED_CONTEXT((#13637)) 
GLOBAL_UNIT_ASSIGNED_CONTEXT((#13634,#13635,#13636)) 
REPRESENTATION_CONTEXT('Context #1',
  '3D Context with UNIT and UNCERTAINTY') );
#13634 = ( LENGTH_UNIT() NAMED_UNIT(*) SI_UNIT(.MILLI.,.METRE.) );
#13635 = ( NAMED_UNIT(*) PLANE_ANGLE_UNIT() SI_UNIT($,.RADIAN.) );
#13636 = ( NAMED_UNIT(*) SI_UNIT($,.STERADIAN.) SOLID_ANGLE_UNIT() );
#13637 = UNCERTAINTY_MEASURE_WITH_UNIT(LENGTH_MEASURE(2.E-07),#13634,
  'distance_accuracy_value','confusion accuracy');
#13638 = PRODUCT_RELATED_PRODUCT_CATEGORY('part',$,(#7));
ENDSEC;
END-ISO-10303-21;
