solid 
 facet normal -1.000000e+00  0.000000e+00  0.000000e+00
   outer loop
     vertex -1.248800e+02 -7.520000e+01  1.900000e+01
     vertex -1.248800e+02  7.520000e+01  2.400000e+01
     vertex -1.248800e+02  7.520000e+01  1.900000e+01
   endloop
 endfacet
 facet normal -1.000000e+00  0.000000e+00  0.000000e+00
   outer loop
     vertex -1.248800e+02 -7.520000e+01  2.400000e+01
     vertex -1.248800e+02  7.520000e+01  2.400000e+01
     vertex -1.248800e+02 -7.520000e+01  1.900000e+01
   endloop
 endfacet
 facet normal  0.000000e+00 -1.000000e+00  0.000000e+00
   outer loop
     vertex -7.488000e+01 -7.520000e+01  1.900000e+01
     vertex -1.248800e+02 -7.520000e+01  2.400000e+01
     vertex -1.248800e+02 -7.520000e+01  1.900000e+01
   endloop
 endfacet
 facet normal -0.000000e+00 -1.000000e+00 -0.000000e+00
   outer loop
     vertex -7.488000e+01 -7.520000e+01  2.400000e+01
     vertex -1.248800e+02 -7.520000e+01  2.400000e+01
     vertex -7.488000e+01 -7.520000e+01  1.900000e+01
   endloop
 endfacet
 facet normal  0.000000e+00  0.000000e+00  1.000000e+00
   outer loop
     vertex -1.020917e+02 -3.541267e+01  2.400000e+01
     vertex -1.021543e+02 -3.535107e+01  2.400000e+01
     vertex -1.248800e+02 -7.520000e+01  2.400000e+01
   endloop
 endfacet
 facet normal  0.000000e+00  0.000000e+00  1.000000e+00
   outer loop
     vertex -1.022153e+02 -3.528779e+01  2.400000e+01
     vertex -1.248800e+02 -7.520000e+01  2.400000e+01
     vertex -1.021543e+02 -3.535107e+01  2.400000e+01
   endloop
 endfacet
 facet normal  0.000000e+00  0.000000e+00  1.000000e+00
   outer loop
     vertex -1.020274e+02 -3.547251e+01  2.400000e+01
     vertex -1.020917e+02 -3.541267e+01  2.400000e+01
     vertex -1.248800e+02 -7.520000e+01  2.400000e+01
   endloop
 endfacet
 facet normal  0.000000e+00  0.000000e+00  1.000000e+00
   outer loop
     vertex -1.022745e+02 -3.522285e+01  2.400000e+01
     vertex -1.248800e+02 -7.520000e+01  2.400000e+01
     vertex -1.022153e+02 -3.528779e+01  2.400000e+01
   endloop
 endfacet
 facet normal  0.000000e+00  0.000000e+00  1.000000e+00
   outer loop
     vertex -1.019614e+02 -3.553057e+01  2.400000e+01
     vertex -1.020274e+02 -3.547251e+01  2.400000e+01
     vertex -1.248800e+02 -7.520000e+01  2.400000e+01
   endloop
 endfacet
 facet normal  0.000000e+00  0.000000e+00  1.000000e+00
   outer loop
     vertex -1.023319e+02 -3.515631e+01  2.400000e+01
     vertex -1.248800e+02 -7.520000e+01  2.400000e+01
     vertex -1.022745e+02 -3.522285e+01  2.400000e+01
   endloop
 endfacet
 facet normal  0.000000e+00  0.000000e+00  1.000000e+00
   outer loop
     vertex -1.018939e+02 -3.558680e+01  2.400000e+01
     vertex -1.019614e+02 -3.553057e+01  2.400000e+01
     vertex -1.248800e+02 -7.520000e+01  2.400000e+01
   endloop
 endfacet
 facet normal  0.000000e+00  0.000000e+00  1.000000e+00
   outer loop
     vertex -1.023874e+02 -3.508822e+01  2.400000e+01
     vertex -1.248800e+02 -7.520000e+01  2.400000e+01
     vertex -1.023319e+02 -3.515631e+01  2.400000e+01
   endloop
 endfacet
 facet normal  0.000000e+00  0.000000e+00  1.000000e+00
   outer loop
     vertex -1.018249e+02 -3.564115e+01  2.400000e+01
     vertex -1.018939e+02 -3.558680e+01  2.400000e+01
     vertex -1.248800e+02 -7.520000e+01  2.400000e+01
   endloop
 endfacet
 facet normal  0.000000e+00  0.000000e+00  1.000000e+00
   outer loop
     vertex -1.024410e+02 -3.501863e+01  2.400000e+01
     vertex -1.248800e+02 -7.520000e+01  2.400000e+01
     vertex -1.023874e+02 -3.508822e+01  2.400000e+01
   endloop
 endfacet
 facet normal  0.000000e+00  0.000000e+00  1.000000e+00
   outer loop
     vertex -1.017544e+02 -3.569359e+01  2.400000e+01
     vertex -1.018249e+02 -3.564115e+01  2.400000e+01
     vertex -1.248800e+02 -7.520000e+01  2.400000e+01
   endloop
 endfacet
 facet normal  0.000000e+00  0.000000e+00  1.000000e+00
   outer loop
     vertex -1.024927e+02 -3.494760e+01  2.400000e+01
     vertex -1.248800e+02 -7.520000e+01  2.400000e+01
     vertex -1.024410e+02 -3.501863e+01  2.400000e+01
   endloop
 endfacet
 facet normal  0.000000e+00  0.000000e+00  1.000000e+00
   outer loop
     vertex -1.016825e+02 -3.574407e+01  2.400000e+01
     vertex -1.017544e+02 -3.569359e+01  2.400000e+01
     vertex -1.248800e+02 -7.520000e+01  2.400000e+01
   endloop
 endfacet
 facet normal  0.000000e+00  0.000000e+00  1.000000e+00
   outer loop
     vertex -1.025425e+02 -3.487517e+01  2.400000e+01
     vertex -1.248800e+02 -7.520000e+01  2.400000e+01
     vertex -1.024927e+02 -3.494760e+01  2.400000e+01
   endloop
 endfacet
 facet normal  0.000000e+00  0.000000e+00  1.000000e+00
   outer loop
     vertex -1.016092e+02 -3.579256e+01  2.400000e+01
     vertex -1.016825e+02 -3.574407e+01  2.400000e+01
     vertex -1.248800e+02 -7.520000e+01  2.400000e+01
   endloop
 endfacet
 facet normal  0.000000e+00  0.000000e+00  1.000000e+00
   outer loop
     vertex -1.025902e+02 -3.480141e+01  2.400000e+01
     vertex -1.248800e+02 -7.520000e+01  2.400000e+01
     vertex -1.025425e+02 -3.487517e+01  2.400000e+01
   endloop
 endfacet
 facet normal  0.000000e+00  0.000000e+00  1.000000e+00
   outer loop
     vertex -1.015346e+02 -3.583902e+01  2.400000e+01
     vertex -1.016092e+02 -3.579256e+01  2.400000e+01
     vertex -1.248800e+02 -7.520000e+01  2.400000e+01
   endloop
 endfacet
 facet normal  0.000000e+00  0.000000e+00  1.000000e+00
   outer loop
     vertex -1.026359e+02 -3.472636e+01  2.400000e+01
     vertex -1.248800e+02 -7.520000e+01  2.400000e+01
     vertex -1.025902e+02 -3.480141e+01  2.400000e+01
   endloop
 endfacet
 facet normal  0.000000e+00  0.000000e+00  1.000000e+00
   outer loop
     vertex -1.014588e+02 -3.588341e+01  2.400000e+01
     vertex -1.015346e+02 -3.583902e+01  2.400000e+01
     vertex -1.248800e+02 -7.520000e+01  2.400000e+01
   endloop
 endfacet
 facet normal  0.000000e+00  0.000000e+00  1.000000e+00
   outer loop
     vertex -1.026795e+02 -3.465009e+01  2.400000e+01
     vertex -1.248800e+02 -7.520000e+01  2.400000e+01
     vertex -1.026359e+02 -3.472636e+01  2.400000e+01
   endloop
 endfacet
 facet normal  0.000000e+00  0.000000e+00  1.000000e+00
   outer loop
     vertex -1.013818e+02 -3.592571e+01  2.400000e+01
     vertex -1.014588e+02 -3.588341e+01  2.400000e+01
     vertex -1.248800e+02 -7.520000e+01  2.400000e+01
   endloop
 endfacet
 facet normal  0.000000e+00  0.000000e+00  1.000000e+00
   outer loop
     vertex -1.027210e+02 -3.457265e+01  2.400000e+01
     vertex -1.248800e+02 -7.520000e+01  2.400000e+01
     vertex -1.026795e+02 -3.465009e+01  2.400000e+01
   endloop
 endfacet
 facet normal  0.000000e+00  0.000000e+00  1.000000e+00
   outer loop
     vertex -1.013037e+02 -3.596587e+01  2.400000e+01
     vertex -1.013818e+02 -3.592571e+01  2.400000e+01
     vertex -1.248800e+02 -7.520000e+01  2.400000e+01
   endloop
 endfacet
 facet normal  0.000000e+00  0.000000e+00  1.000000e+00
   outer loop
     vertex -1.027604e+02 -3.449410e+01  2.400000e+01
     vertex -1.248800e+02 -7.520000e+01  2.400000e+01
     vertex -1.027210e+02 -3.457265e+01  2.400000e+01
   endloop
 endfacet
 facet normal  0.000000e+00  0.000000e+00  1.000000e+00
   outer loop
     vertex -1.012244e+02 -3.600388e+01  2.400000e+01
     vertex -1.013037e+02 -3.596587e+01  2.400000e+01
     vertex -1.248800e+02 -7.520000e+01  2.400000e+01
   endloop
 endfacet
 facet normal  0.000000e+00  0.000000e+00  1.000000e+00
   outer loop
     vertex -1.027976e+02 -3.441449e+01  2.400000e+01
     vertex -1.248800e+02 -7.520000e+01  2.400000e+01
     vertex -1.027604e+02 -3.449410e+01  2.400000e+01
   endloop
 endfacet
 facet normal  0.000000e+00  0.000000e+00  1.000000e+00
   outer loop
     vertex -1.011442e+02 -3.603969e+01  2.400000e+01
     vertex -1.012244e+02 -3.600388e+01  2.400000e+01
     vertex -1.248800e+02 -7.520000e+01  2.400000e+01
   endloop
 endfacet
 facet normal  0.000000e+00  0.000000e+00  1.000000e+00
   outer loop
     vertex -1.028325e+02 -3.433390e+01  2.400000e+01
     vertex -1.248800e+02 -7.520000e+01  2.400000e+01
     vertex -1.027976e+02 -3.441449e+01  2.400000e+01
   endloop
 endfacet
 facet normal  0.000000e+00  0.000000e+00  1.000000e+00
   outer loop
     vertex -1.010630e+02 -3.607329e+01  2.400000e+01
     vertex -1.011442e+02 -3.603969e+01  2.400000e+01
     vertex -1.248800e+02 -7.520000e+01  2.400000e+01
   endloop
 endfacet
 facet normal  0.000000e+00  0.000000e+00  1.000000e+00
   outer loop
     vertex -1.028653e+02 -3.425238e+01  2.400000e+01
     vertex -1.248800e+02 -7.520000e+01  2.400000e+01
     vertex -1.028325e+02 -3.433390e+01  2.400000e+01
   endloop
 endfacet
 facet normal  0.000000e+00  0.000000e+00  1.000000e+00
   outer loop
     vertex -1.009809e+02 -3.610465e+01  2.400000e+01
     vertex -1.010630e+02 -3.607329e+01  2.400000e+01
     vertex -1.248800e+02 -7.520000e+01  2.400000e+01
   endloop
 endfacet
 facet normal  0.000000e+00  0.000000e+00  1.000000e+00
   outer loop
     vertex -1.028958e+02 -3.416998e+01  2.400000e+01
     vertex -1.248800e+02 -7.520000e+01  2.400000e+01
     vertex -1.028653e+02 -3.425238e+01  2.400000e+01
   endloop
 endfacet
 facet normal  0.000000e+00  0.000000e+00  1.000000e+00
   outer loop
     vertex -1.008980e+02 -3.613374e+01  2.400000e+01
     vertex -1.009809e+02 -3.610465e+01  2.400000e+01
     vertex -1.248800e+02 -7.520000e+01  2.400000e+01
   endloop
 endfacet
 facet normal  0.000000e+00  0.000000e+00  1.000000e+00
   outer loop
     vertex -1.029241e+02 -3.408678e+01  2.400000e+01
     vertex -1.248800e+02 -7.520000e+01  2.400000e+01
     vertex -1.028958e+02 -3.416998e+01  2.400000e+01
   endloop
 endfacet
 facet normal  0.000000e+00  0.000000e+00  1.000000e+00
   outer loop
     vertex -1.008144e+02 -3.616055e+01  2.400000e+01
     vertex -1.008980e+02 -3.613374e+01  2.400000e+01
     vertex -1.248800e+02 -7.520000e+01  2.400000e+01
   endloop
 endfacet
 facet normal  0.000000e+00  0.000000e+00  1.000000e+00
   outer loop
     vertex -1.029500e+02 -3.400284e+01  2.400000e+01
     vertex -1.248800e+02 -7.520000e+01  2.400000e+01
     vertex -1.029241e+02 -3.408678e+01  2.400000e+01
   endloop
 endfacet
 facet normal  0.000000e+00  0.000000e+00  1.000000e+00
   outer loop
     vertex -1.007300e+02 -3.618505e+01  2.400000e+01
     vertex -1.008144e+02 -3.616055e+01  2.400000e+01
     vertex -1.248800e+02 -7.520000e+01  2.400000e+01
   endloop
 endfacet
 facet normal  0.000000e+00  0.000000e+00  1.000000e+00
   outer loop
     vertex -1.029736e+02 -3.391822e+01  2.400000e+01
     vertex -1.248800e+02 -7.520000e+01  2.400000e+01
     vertex -1.029500e+02 -3.400284e+01  2.400000e+01
   endloop
 endfacet
 facet normal  0.000000e+00  0.000000e+00  1.000000e+00
   outer loop
     vertex -1.006450e+02 -3.620722e+01  2.400000e+01
     vertex -1.007300e+02 -3.618505e+01  2.400000e+01
     vertex -1.248800e+02 -7.520000e+01  2.400000e+01
   endloop
 endfacet
 facet normal  0.000000e+00  0.000000e+00  1.000000e+00
   outer loop
     vertex -1.029949e+02 -3.383298e+01  2.400000e+01
     vertex -1.248800e+02 -7.520000e+01  2.400000e+01
     vertex -1.029736e+02 -3.391822e+01  2.400000e+01
   endloop
 endfacet
 facet normal  0.000000e+00  0.000000e+00  1.000000e+00
   outer loop
     vertex -1.005594e+02 -3.622705e+01  2.400000e+01
     vertex -1.006450e+02 -3.620722e+01  2.400000e+01
     vertex -1.248800e+02 -7.520000e+01  2.400000e+01
   endloop
 endfacet
 facet normal  0.000000e+00  0.000000e+00  1.000000e+00
   outer loop
     vertex -1.030139e+02 -3.374718e+01  2.400000e+01
     vertex -1.248800e+02 -7.520000e+01  2.400000e+01
     vertex -1.029949e+02 -3.383298e+01  2.400000e+01
   endloop
 endfacet
 facet normal  0.000000e+00  0.000000e+00  1.000000e+00
   outer loop
     vertex -1.004733e+02 -3.624452e+01  2.400000e+01
     vertex -1.005594e+02 -3.622705e+01  2.400000e+01
     vertex -1.248800e+02 -7.520000e+01  2.400000e+01
   endloop
 endfacet
 facet normal  0.000000e+00  0.000000e+00  1.000000e+00
   outer loop
     vertex -1.030305e+02 -3.366090e+01  2.400000e+01
     vertex -1.248800e+02 -7.520000e+01  2.400000e+01
     vertex -1.030139e+02 -3.374718e+01  2.400000e+01
   endloop
 endfacet
 facet normal  0.000000e+00  0.000000e+00  1.000000e+00
   outer loop
     vertex -1.003867e+02 -3.625962e+01  2.400000e+01
     vertex -1.004733e+02 -3.624452e+01  2.400000e+01
     vertex -1.248800e+02 -7.520000e+01  2.400000e+01
   endloop
 endfacet
 facet normal  0.000000e+00  0.000000e+00  1.000000e+00
   outer loop
     vertex -1.030447e+02 -3.357420e+01  2.400000e+01
     vertex -1.248800e+02 -7.520000e+01  2.400000e+01
     vertex -1.030305e+02 -3.366090e+01  2.400000e+01
   endloop
 endfacet
 facet normal  0.000000e+00  0.000000e+00  1.000000e+00
   outer loop
     vertex -1.002998e+02 -3.627235e+01  2.400000e+01
     vertex -1.003867e+02 -3.625962e+01  2.400000e+01
     vertex -1.248800e+02 -7.520000e+01  2.400000e+01
   endloop
 endfacet
 facet normal  0.000000e+00  0.000000e+00  1.000000e+00
   outer loop
     vertex -1.030565e+02 -3.348714e+01  2.400000e+01
     vertex -1.248800e+02 -7.520000e+01  2.400000e+01
     vertex -1.030447e+02 -3.357420e+01  2.400000e+01
   endloop
 endfacet
 facet normal  0.000000e+00  0.000000e+00  1.000000e+00
   outer loop
     vertex -1.002125e+02 -3.628267e+01  2.400000e+01
     vertex -1.002998e+02 -3.627235e+01  2.400000e+01
     vertex -1.248800e+02 -7.520000e+01  2.400000e+01
   endloop
 endfacet
 facet normal  0.000000e+00  0.000000e+00  1.000000e+00
   outer loop
     vertex -1.030659e+02 -3.339978e+01  2.400000e+01
     vertex -1.248800e+02 -7.520000e+01  2.400000e+01
     vertex -1.030565e+02 -3.348714e+01  2.400000e+01
   endloop
 endfacet
 facet normal  0.000000e+00  0.000000e+00  1.000000e+00
   outer loop
     vertex -1.001250e+02 -3.629060e+01  2.400000e+01
     vertex -1.002125e+02 -3.628267e+01  2.400000e+01
     vertex -1.248800e+02 -7.520000e+01  2.400000e+01
   endloop
 endfacet
 facet normal  0.000000e+00  0.000000e+00  1.000000e+00
   outer loop
     vertex -1.030730e+02 -3.331220e+01  2.400000e+01
     vertex -1.248800e+02 -7.520000e+01  2.400000e+01
     vertex -1.030659e+02 -3.339978e+01  2.400000e+01
   endloop
 endfacet
 facet normal  0.000000e+00  0.000000e+00  1.000000e+00
   outer loop
     vertex -1.000373e+02 -3.629613e+01  2.400000e+01
     vertex -1.001250e+02 -3.629060e+01  2.400000e+01
     vertex -1.248800e+02 -7.520000e+01  2.400000e+01
   endloop
 endfacet
 facet normal  0.000000e+00  0.000000e+00  1.000000e+00
   outer loop
     vertex -1.030776e+02 -3.322446e+01  2.400000e+01
     vertex -1.248800e+02 -7.520000e+01  2.400000e+01
     vertex -1.030730e+02 -3.331220e+01  2.400000e+01
   endloop
 endfacet
 facet normal  0.000000e+00  0.000000e+00  1.000000e+00
   outer loop
     vertex -9.994954e+01 -3.629924e+01  2.400000e+01
     vertex -1.000373e+02 -3.629613e+01  2.400000e+01
     vertex -1.248800e+02 -7.520000e+01  2.400000e+01
   endloop
 endfacet
 facet normal  0.000000e+00  0.000000e+00  1.000000e+00
   outer loop
     vertex -1.030798e+02 -3.313663e+01  2.400000e+01
     vertex -1.248800e+02 -7.520000e+01  2.400000e+01
     vertex -1.030776e+02 -3.322446e+01  2.400000e+01
   endloop
 endfacet
 facet normal  0.000000e+00  0.000000e+00  1.000000e+00
   outer loop
     vertex -9.986168e+01 -3.629995e+01  2.400000e+01
     vertex -1.248800e+02 -7.520000e+01  2.400000e+01
     vertex -7.488000e+01 -7.520000e+01  2.400000e+01
   endloop
 endfacet
 facet normal  0.000000e+00  0.000000e+00  1.000000e+00
   outer loop
     vertex -9.986168e+01 -3.629995e+01  2.400000e+01
     vertex -9.994954e+01 -3.629924e+01  2.400000e+01
     vertex -1.248800e+02 -7.520000e+01  2.400000e+01
   endloop
 endfacet
 facet normal  0.000000e+00  0.000000e+00  1.000000e+00
   outer loop
     vertex -1.030796e+02 -3.304877e+01  2.400000e+01
     vertex -1.248800e+02 -7.520000e+01  2.400000e+01
     vertex -1.030798e+02 -3.313663e+01  2.400000e+01
   endloop
 endfacet
 facet normal  0.000000e+00  0.000000e+00  1.000000e+00
   outer loop
     vertex -9.977384e+01 -3.629824e+01  2.400000e+01
     vertex -9.986168e+01 -3.629995e+01  2.400000e+01
     vertex -7.488000e+01 -7.520000e+01  2.400000e+01
   endloop
 endfacet
 facet normal  0.000000e+00  0.000000e+00  1.000000e+00
   outer loop
     vertex -1.030770e+02 -3.296095e+01  2.400000e+01
     vertex -1.248800e+02 -7.520000e+01  2.400000e+01
     vertex -1.030796e+02 -3.304877e+01  2.400000e+01
   endloop
 endfacet
 facet normal  0.000000e+00  0.000000e+00  1.000000e+00
   outer loop
     vertex -9.968608e+01 -3.629412e+01  2.400000e+01
     vertex -9.977384e+01 -3.629824e+01  2.400000e+01
     vertex -7.488000e+01 -7.520000e+01  2.400000e+01
   endloop
 endfacet
 facet normal  0.000000e+00  0.000000e+00  1.000000e+00
   outer loop
     vertex -9.959846e+01 -3.628759e+01  2.400000e+01
     vertex -9.968608e+01 -3.629412e+01  2.400000e+01
     vertex -7.488000e+01 -7.520000e+01  2.400000e+01
   endloop
 endfacet
 facet normal  0.000000e+00  0.000000e+00  1.000000e+00
   outer loop
     vertex -9.951105e+01 -3.627866e+01  2.400000e+01
     vertex -9.959846e+01 -3.628759e+01  2.400000e+01
     vertex -7.488000e+01 -7.520000e+01  2.400000e+01
   endloop
 endfacet
 facet normal  0.000000e+00  0.000000e+00  1.000000e+00
   outer loop
     vertex -9.942392e+01 -3.626733e+01  2.400000e+01
     vertex -9.951105e+01 -3.627866e+01  2.400000e+01
     vertex -7.488000e+01 -7.520000e+01  2.400000e+01
   endloop
 endfacet
 facet normal  0.000000e+00  0.000000e+00  1.000000e+00
   outer loop
     vertex -9.933714e+01 -3.625362e+01  2.400000e+01
     vertex -9.942392e+01 -3.626733e+01  2.400000e+01
     vertex -7.488000e+01 -7.520000e+01  2.400000e+01
   endloop
 endfacet
 facet normal  0.000000e+00  0.000000e+00  1.000000e+00
   outer loop
     vertex -9.925077e+01 -3.623753e+01  2.400000e+01
     vertex -9.933714e+01 -3.625362e+01  2.400000e+01
     vertex -7.488000e+01 -7.520000e+01  2.400000e+01
   endloop
 endfacet
 facet normal  0.000000e+00  0.000000e+00  1.000000e+00
   outer loop
     vertex -9.916487e+01 -3.621907e+01  2.400000e+01
     vertex -9.925077e+01 -3.623753e+01  2.400000e+01
     vertex -7.488000e+01 -7.520000e+01  2.400000e+01
   endloop
 endfacet
 facet normal  0.000000e+00  0.000000e+00  1.000000e+00
   outer loop
     vertex -9.907950e+01 -3.619826e+01  2.400000e+01
     vertex -9.916487e+01 -3.621907e+01  2.400000e+01
     vertex -7.488000e+01 -7.520000e+01  2.400000e+01
   endloop
 endfacet
 facet normal  0.000000e+00  0.000000e+00  1.000000e+00
   outer loop
     vertex -9.899475e+01 -3.617511e+01  2.400000e+01
     vertex -9.907950e+01 -3.619826e+01  2.400000e+01
     vertex -7.488000e+01 -7.520000e+01  2.400000e+01
   endloop
 endfacet
 facet normal  0.000000e+00  0.000000e+00  1.000000e+00
   outer loop
     vertex -9.891066e+01 -3.614965e+01  2.400000e+01
     vertex -9.899475e+01 -3.617511e+01  2.400000e+01
     vertex -7.488000e+01 -7.520000e+01  2.400000e+01
   endloop
 endfacet
 facet normal  0.000000e+00  0.000000e+00  1.000000e+00
   outer loop
     vertex -9.882730e+01 -3.612189e+01  2.400000e+01
     vertex -9.891066e+01 -3.614965e+01  2.400000e+01
     vertex -7.488000e+01 -7.520000e+01  2.400000e+01
   endloop
 endfacet
 facet normal  0.000000e+00  0.000000e+00  1.000000e+00
   outer loop
     vertex -9.874473e+01 -3.609185e+01  2.400000e+01
     vertex -9.882730e+01 -3.612189e+01  2.400000e+01
     vertex -7.488000e+01 -7.520000e+01  2.400000e+01
   endloop
 endfacet
 facet normal  0.000000e+00  0.000000e+00  1.000000e+00
   outer loop
     vertex -9.866302e+01 -3.605955e+01  2.400000e+01
     vertex -9.874473e+01 -3.609185e+01  2.400000e+01
     vertex -7.488000e+01 -7.520000e+01  2.400000e+01
   endloop
 endfacet
 facet normal  0.000000e+00  0.000000e+00  1.000000e+00
   outer loop
     vertex -9.858223e+01 -3.602503e+01  2.400000e+01
     vertex -9.866302e+01 -3.605955e+01  2.400000e+01
     vertex -7.488000e+01 -7.520000e+01  2.400000e+01
   endloop
 endfacet
 facet normal  0.000000e+00  0.000000e+00  1.000000e+00
   outer loop
     vertex -9.850241e+01 -3.598830e+01  2.400000e+01
     vertex -9.858223e+01 -3.602503e+01  2.400000e+01
     vertex -7.488000e+01 -7.520000e+01  2.400000e+01
   endloop
 endfacet
 facet normal  0.000000e+00  0.000000e+00  1.000000e+00
   outer loop
     vertex -9.842364e+01 -3.594939e+01  2.400000e+01
     vertex -9.850241e+01 -3.598830e+01  2.400000e+01
     vertex -7.488000e+01 -7.520000e+01  2.400000e+01
   endloop
 endfacet
 facet normal  0.000000e+00  0.000000e+00  1.000000e+00
   outer loop
     vertex -9.834596e+01 -3.590833e+01  2.400000e+01
     vertex -9.842364e+01 -3.594939e+01  2.400000e+01
     vertex -7.488000e+01 -7.520000e+01  2.400000e+01
   endloop
 endfacet
 facet normal  0.000000e+00  0.000000e+00  1.000000e+00
   outer loop
     vertex -9.826944e+01 -3.586516e+01  2.400000e+01
     vertex -9.834596e+01 -3.590833e+01  2.400000e+01
     vertex -7.488000e+01 -7.520000e+01  2.400000e+01
   endloop
 endfacet
 facet normal  0.000000e+00  0.000000e+00  1.000000e+00
   outer loop
     vertex -9.819413e+01 -3.581990e+01  2.400000e+01
     vertex -9.826944e+01 -3.586516e+01  2.400000e+01
     vertex -7.488000e+01 -7.520000e+01  2.400000e+01
   endloop
 endfacet
 facet normal  0.000000e+00  0.000000e+00  1.000000e+00
   outer loop
     vertex -9.812009e+01 -3.577259e+01  2.400000e+01
     vertex -9.819413e+01 -3.581990e+01  2.400000e+01
     vertex -7.488000e+01 -7.520000e+01  2.400000e+01
   endloop
 endfacet
 facet normal  0.000000e+00  0.000000e+00  1.000000e+00
   outer loop
     vertex -9.804738e+01 -3.572326e+01  2.400000e+01
     vertex -9.812009e+01 -3.577259e+01  2.400000e+01
     vertex -7.488000e+01 -7.520000e+01  2.400000e+01
   endloop
 endfacet
 facet normal  0.000000e+00  0.000000e+00  1.000000e+00
   outer loop
     vertex -9.797606e+01 -3.567196e+01  2.400000e+01
     vertex -9.804738e+01 -3.572326e+01  2.400000e+01
     vertex -7.488000e+01 -7.520000e+01  2.400000e+01
   endloop
 endfacet
 facet normal  0.000000e+00  0.000000e+00  1.000000e+00
   outer loop
     vertex -9.790616e+01 -3.561872e+01  2.400000e+01
     vertex -9.797606e+01 -3.567196e+01  2.400000e+01
     vertex -7.488000e+01 -7.520000e+01  2.400000e+01
   endloop
 endfacet
 facet normal  0.000000e+00  0.000000e+00  1.000000e+00
   outer loop
     vertex -9.783776e+01 -3.556358e+01  2.400000e+01
     vertex -9.790616e+01 -3.561872e+01  2.400000e+01
     vertex -7.488000e+01 -7.520000e+01  2.400000e+01
   endloop
 endfacet
 facet normal  0.000000e+00  0.000000e+00  1.000000e+00
   outer loop
     vertex -9.777089e+01 -3.550659e+01  2.400000e+01
     vertex -9.783776e+01 -3.556358e+01  2.400000e+01
     vertex -7.488000e+01 -7.520000e+01  2.400000e+01
   endloop
 endfacet
 facet normal  0.000000e+00  0.000000e+00  1.000000e+00
   outer loop
     vertex -9.770562e+01 -3.544778e+01  2.400000e+01
     vertex -9.777089e+01 -3.550659e+01  2.400000e+01
     vertex -7.488000e+01 -7.520000e+01  2.400000e+01
   endloop
 endfacet
 facet normal  0.000000e+00  0.000000e+00  1.000000e+00
   outer loop
     vertex -9.764198e+01 -3.538720e+01  2.400000e+01
     vertex -9.770562e+01 -3.544778e+01  2.400000e+01
     vertex -7.488000e+01 -7.520000e+01  2.400000e+01
   endloop
 endfacet
 facet normal  0.000000e+00  0.000000e+00  1.000000e+00
   outer loop
     vertex -9.758003e+01 -3.532489e+01  2.400000e+01
     vertex -9.764198e+01 -3.538720e+01  2.400000e+01
     vertex -7.488000e+01 -7.520000e+01  2.400000e+01
   endloop
 endfacet
 facet normal  0.000000e+00  0.000000e+00  1.000000e+00
   outer loop
     vertex -9.751982e+01 -3.526091e+01  2.400000e+01
     vertex -9.758003e+01 -3.532489e+01  2.400000e+01
     vertex -7.488000e+01 -7.520000e+01  2.400000e+01
   endloop
 endfacet
 facet normal  0.000000e+00  0.000000e+00  1.000000e+00
   outer loop
     vertex -9.746138e+01 -3.519530e+01  2.400000e+01
     vertex -9.751982e+01 -3.526091e+01  2.400000e+01
     vertex -7.488000e+01 -7.520000e+01  2.400000e+01
   endloop
 endfacet
 facet normal  0.000000e+00  0.000000e+00  1.000000e+00
   outer loop
     vertex -9.740477e+01 -3.512811e+01  2.400000e+01
     vertex -9.746138e+01 -3.519530e+01  2.400000e+01
     vertex -7.488000e+01 -7.520000e+01  2.400000e+01
   endloop
 endfacet
 facet normal  0.000000e+00  0.000000e+00  1.000000e+00
   outer loop
     vertex -9.735002e+01 -3.505939e+01  2.400000e+01
     vertex -9.740477e+01 -3.512811e+01  2.400000e+01
     vertex -7.488000e+01 -7.520000e+01  2.400000e+01
   endloop
 endfacet
 facet normal  0.000000e+00  0.000000e+00  1.000000e+00
   outer loop
     vertex -1.021441e+02 -3.026143e+01  2.400000e+01
     vertex -1.021441e+02 -3.083857e+01  2.400000e+01
     vertex -1.020811e+02 -3.077727e+01  2.400000e+01
   endloop
 endfacet
 facet normal  0.000000e+00  0.000000e+00  1.000000e+00
   outer loop
     vertex -1.020811e+02 -3.032273e+01  2.400000e+01
     vertex -1.021441e+02 -3.026143e+01  2.400000e+01
     vertex -1.020811e+02 -3.077727e+01  2.400000e+01
   endloop
 endfacet
 facet normal  0.000000e+00  0.000000e+00  1.000000e+00
   outer loop
     vertex -1.022053e+02 -3.019842e+01  2.400000e+01
     vertex -1.022053e+02 -3.090158e+01  2.400000e+01
     vertex -1.021441e+02 -3.083857e+01  2.400000e+01
   endloop
 endfacet
 facet normal  0.000000e+00  0.000000e+00  1.000000e+00
   outer loop
     vertex -1.022053e+02 -3.019842e+01  2.400000e+01
     vertex -1.022648e+02 -3.096625e+01  2.400000e+01
     vertex -1.022053e+02 -3.090158e+01  2.400000e+01
   endloop
 endfacet
 facet normal  0.000000e+00  0.000000e+00  1.000000e+00
   outer loop
     vertex -1.022053e+02 -3.019842e+01  2.400000e+01
     vertex -1.021441e+02 -3.083857e+01  2.400000e+01
     vertex -1.021441e+02 -3.026143e+01  2.400000e+01
   endloop
 endfacet
 facet normal  0.000000e+00  0.000000e+00  1.000000e+00
   outer loop
     vertex -1.020165e+02 -3.038229e+01  2.400000e+01
     vertex -1.020811e+02 -3.032273e+01  2.400000e+01
     vertex -1.020811e+02 -3.077727e+01  2.400000e+01
   endloop
 endfacet
 facet normal  0.000000e+00  0.000000e+00  1.000000e+00
   outer loop
     vertex -1.020165e+02 -3.038229e+01  2.400000e+01
     vertex -1.020811e+02 -3.077727e+01  2.400000e+01
     vertex -1.020165e+02 -3.071771e+01  2.400000e+01
   endloop
 endfacet
 facet normal  0.000000e+00  0.000000e+00  1.000000e+00
   outer loop
     vertex -1.022648e+02 -3.013375e+01  2.400000e+01
     vertex -1.022648e+02 -3.096625e+01  2.400000e+01
     vertex -1.022053e+02 -3.019842e+01  2.400000e+01
   endloop
 endfacet
 facet normal  0.000000e+00  0.000000e+00  1.000000e+00
   outer loop
     vertex -1.019503e+02 -3.044004e+01  2.400000e+01
     vertex -1.020165e+02 -3.038229e+01  2.400000e+01
     vertex -1.020165e+02 -3.071771e+01  2.400000e+01
   endloop
 endfacet
 facet normal  0.000000e+00  0.000000e+00  1.000000e+00
   outer loop
     vertex -1.019503e+02 -3.044004e+01  2.400000e+01
     vertex -1.019503e+02 -3.065996e+01  2.400000e+01
     vertex -1.018825e+02 -3.060404e+01  2.400000e+01
   endloop
 endfacet
 facet normal  0.000000e+00  0.000000e+00  1.000000e+00
   outer loop
     vertex -1.019503e+02 -3.044004e+01  2.400000e+01
     vertex -1.020165e+02 -3.071771e+01  2.400000e+01
     vertex -1.019503e+02 -3.065996e+01  2.400000e+01
   endloop
 endfacet
 facet normal  0.000000e+00  0.000000e+00  1.000000e+00
   outer loop
     vertex -1.023224e+02 -3.006748e+01  2.400000e+01
     vertex -1.023224e+02 -3.103252e+01  2.400000e+01
     vertex -1.022648e+02 -3.096625e+01  2.400000e+01
   endloop
 endfacet
 facet normal  0.000000e+00  0.000000e+00  1.000000e+00
   outer loop
     vertex -1.023224e+02 -3.006748e+01  2.400000e+01
     vertex -1.023783e+02 -3.110036e+01  2.400000e+01
     vertex -1.023224e+02 -3.103252e+01  2.400000e+01
   endloop
 endfacet
 facet normal  0.000000e+00  0.000000e+00  1.000000e+00
   outer loop
     vertex -1.023224e+02 -3.006748e+01  2.400000e+01
     vertex -1.022648e+02 -3.096625e+01  2.400000e+01
     vertex -1.022648e+02 -3.013375e+01  2.400000e+01
   endloop
 endfacet
 facet normal  0.000000e+00  0.000000e+00  1.000000e+00
   outer loop
     vertex -1.018825e+02 -3.049596e+01  2.400000e+01
     vertex -1.019503e+02 -3.044004e+01  2.400000e+01
     vertex -1.018825e+02 -3.060404e+01  2.400000e+01
   endloop
 endfacet
 facet normal  0.000000e+00  0.000000e+00  1.000000e+00
   outer loop
     vertex -1.023783e+02 -2.999964e+01  2.400000e+01
     vertex -1.023783e+02 -3.110036e+01  2.400000e+01
     vertex -1.023224e+02 -3.006748e+01  2.400000e+01
   endloop
 endfacet
 facet normal  0.000000e+00  0.000000e+00  1.000000e+00
   outer loop
     vertex -1.018133e+02 -3.055000e+01  2.400000e+01
     vertex -1.018825e+02 -3.049596e+01  2.400000e+01
     vertex -1.018825e+02 -3.060404e+01  2.400000e+01
   endloop
 endfacet
 facet normal  0.000000e+00  0.000000e+00  1.000000e+00
   outer loop
     vertex -1.024322e+02 -2.993030e+01  2.400000e+01
     vertex -1.023783e+02 -3.110036e+01  2.400000e+01
     vertex -1.023783e+02 -2.999964e+01  2.400000e+01
   endloop
 endfacet
 facet normal  0.000000e+00  0.000000e+00  1.000000e+00
   outer loop
     vertex -1.024322e+02 -2.993030e+01  2.400000e+01
     vertex -1.024322e+02 -3.116970e+01  2.400000e+01
     vertex -1.023783e+02 -3.110036e+01  2.400000e+01
   endloop
 endfacet
 facet normal  0.000000e+00  0.000000e+00  1.000000e+00
   outer loop
     vertex -1.024322e+02 -2.993030e+01  2.400000e+01
     vertex -1.024843e+02 -3.124050e+01  2.400000e+01
     vertex -1.024322e+02 -3.116970e+01  2.400000e+01
   endloop
 endfacet
 facet normal  0.000000e+00  0.000000e+00  1.000000e+00
   outer loop
     vertex -1.024843e+02 -2.985950e+01  2.400000e+01
     vertex -1.024843e+02 -3.124050e+01  2.400000e+01
     vertex -1.024322e+02 -2.993030e+01  2.400000e+01
   endloop
 endfacet
 facet normal  0.000000e+00  0.000000e+00  1.000000e+00
   outer loop
     vertex -1.025343e+02 -2.978730e+01  2.400000e+01
     vertex -1.024843e+02 -3.124050e+01  2.400000e+01
     vertex -1.024843e+02 -2.985950e+01  2.400000e+01
   endloop
 endfacet
 facet normal  0.000000e+00  0.000000e+00  1.000000e+00
   outer loop
     vertex -1.025343e+02 -2.978730e+01  2.400000e+01
     vertex -1.025343e+02 -3.131270e+01  2.400000e+01
     vertex -1.024843e+02 -3.124050e+01  2.400000e+01
   endloop
 endfacet
 facet normal  0.000000e+00  0.000000e+00  1.000000e+00
   outer loop
     vertex -1.025824e+02 -2.971376e+01  2.400000e+01
     vertex -1.025343e+02 -3.131270e+01  2.400000e+01
     vertex -1.025343e+02 -2.978730e+01  2.400000e+01
   endloop
 endfacet
 facet normal  0.000000e+00  0.000000e+00  1.000000e+00
   outer loop
     vertex -1.025824e+02 -2.971376e+01  2.400000e+01
     vertex -1.025824e+02 -3.138624e+01  2.400000e+01
     vertex -1.025343e+02 -3.131270e+01  2.400000e+01
   endloop
 endfacet
 facet normal  0.000000e+00  0.000000e+00  1.000000e+00
   outer loop
     vertex -9.729718e+01 -3.498919e+01  2.400000e+01
     vertex -9.735002e+01 -3.505939e+01  2.400000e+01
     vertex -7.488000e+01 -7.520000e+01  2.400000e+01
   endloop
 endfacet
 facet normal  0.000000e+00  0.000000e+00  1.000000e+00
   outer loop
     vertex -1.026284e+02 -2.963892e+01  2.400000e+01
     vertex -1.025824e+02 -3.138624e+01  2.400000e+01
     vertex -1.025824e+02 -2.971376e+01  2.400000e+01
   endloop
 endfacet
 facet normal  0.000000e+00  0.000000e+00  1.000000e+00
   outer loop
     vertex -1.026284e+02 -2.963892e+01  2.400000e+01
     vertex -1.026284e+02 -3.146108e+01  2.400000e+01
     vertex -1.025824e+02 -3.138624e+01  2.400000e+01
   endloop
 endfacet
 facet normal  0.000000e+00  0.000000e+00  1.000000e+00
   outer loop
     vertex -1.026724e+02 -2.956285e+01  2.400000e+01
     vertex -1.026284e+02 -3.146108e+01  2.400000e+01
     vertex -1.026284e+02 -2.963892e+01  2.400000e+01
   endloop
 endfacet
 facet normal  0.000000e+00  0.000000e+00  1.000000e+00
   outer loop
     vertex -1.026724e+02 -2.956285e+01  2.400000e+01
     vertex -1.026724e+02 -3.153715e+01  2.400000e+01
     vertex -1.026284e+02 -3.146108e+01  2.400000e+01
   endloop
 endfacet
 facet normal  0.000000e+00  0.000000e+00  1.000000e+00
   outer loop
     vertex -1.026724e+02 -2.956285e+01  2.400000e+01
     vertex -1.027143e+02 -3.161440e+01  2.400000e+01
     vertex -1.026724e+02 -3.153715e+01  2.400000e+01
   endloop
 endfacet
 facet normal  0.000000e+00  0.000000e+00  1.000000e+00
   outer loop
     vertex -1.027143e+02 -2.948560e+01  2.400000e+01
     vertex -1.027143e+02 -3.161440e+01  2.400000e+01
     vertex -1.026724e+02 -2.956285e+01  2.400000e+01
   endloop
 endfacet
 facet normal  0.000000e+00  0.000000e+00  1.000000e+00
   outer loop
     vertex -9.724629e+01 -3.491757e+01  2.400000e+01
     vertex -9.729718e+01 -3.498919e+01  2.400000e+01
     vertex -7.488000e+01 -7.520000e+01  2.400000e+01
   endloop
 endfacet
 facet normal  0.000000e+00  0.000000e+00  1.000000e+00
   outer loop
     vertex -1.027540e+02 -2.940722e+01  2.400000e+01
     vertex -1.027143e+02 -3.161440e+01  2.400000e+01
     vertex -1.027143e+02 -2.948560e+01  2.400000e+01
   endloop
 endfacet
 facet normal  0.000000e+00  0.000000e+00  1.000000e+00
   outer loop
     vertex -1.027540e+02 -2.940722e+01  2.400000e+01
     vertex -1.027540e+02 -3.169278e+01  2.400000e+01
     vertex -1.027143e+02 -3.161440e+01  2.400000e+01
   endloop
 endfacet
 facet normal  0.000000e+00  0.000000e+00  1.000000e+00
   outer loop
     vertex -1.027915e+02 -2.932779e+01  2.400000e+01
     vertex -1.027540e+02 -3.169278e+01  2.400000e+01
     vertex -1.027540e+02 -2.940722e+01  2.400000e+01
   endloop
 endfacet
 facet normal  0.000000e+00  0.000000e+00  1.000000e+00
   outer loop
     vertex -1.027915e+02 -2.932779e+01  2.400000e+01
     vertex -1.027915e+02 -3.177221e+01  2.400000e+01
     vertex -1.027540e+02 -3.169278e+01  2.400000e+01
   endloop
 endfacet
 facet normal  0.000000e+00  0.000000e+00  1.000000e+00
   outer loop
     vertex -1.027915e+02 -2.932779e+01  2.400000e+01
     vertex -1.028269e+02 -3.185264e+01  2.400000e+01
     vertex -1.027915e+02 -3.177221e+01  2.400000e+01
   endloop
 endfacet
 facet normal  0.000000e+00  0.000000e+00  1.000000e+00
   outer loop
     vertex -1.028269e+02 -2.924736e+01  2.400000e+01
     vertex -1.028269e+02 -3.185264e+01  2.400000e+01
     vertex -1.027915e+02 -2.932779e+01  2.400000e+01
   endloop
 endfacet
 facet normal  0.000000e+00  0.000000e+00  1.000000e+00
   outer loop
     vertex -9.719738e+01 -3.484458e+01  2.400000e+01
     vertex -9.724629e+01 -3.491757e+01  2.400000e+01
     vertex -7.488000e+01 -7.520000e+01  2.400000e+01
   endloop
 endfacet
 facet normal  0.000000e+00  0.000000e+00  1.000000e+00
   outer loop
     vertex -1.028600e+02 -2.916598e+01  2.400000e+01
     vertex -1.028269e+02 -3.185264e+01  2.400000e+01
     vertex -1.028269e+02 -2.924736e+01  2.400000e+01
   endloop
 endfacet
 facet normal  0.000000e+00  0.000000e+00  1.000000e+00
   outer loop
     vertex -1.028600e+02 -2.916598e+01  2.400000e+01
     vertex -1.028600e+02 -3.193402e+01  2.400000e+01
     vertex -1.028269e+02 -3.185264e+01  2.400000e+01
   endloop
 endfacet
 facet normal  0.000000e+00  0.000000e+00  1.000000e+00
   outer loop
     vertex -1.028909e+02 -2.908373e+01  2.400000e+01
     vertex -1.028600e+02 -3.193402e+01  2.400000e+01
     vertex -1.028600e+02 -2.916598e+01  2.400000e+01
   endloop
 endfacet
 facet normal  0.000000e+00  0.000000e+00  1.000000e+00
   outer loop
     vertex -1.028909e+02 -2.908373e+01  2.400000e+01
     vertex -1.028909e+02 -3.201627e+01  2.400000e+01
     vertex -1.028600e+02 -3.193402e+01  2.400000e+01
   endloop
 endfacet
 facet normal  0.000000e+00  0.000000e+00  1.000000e+00
   outer loop
     vertex -9.715050e+01 -3.477028e+01  2.400000e+01
     vertex -9.719738e+01 -3.484458e+01  2.400000e+01
     vertex -7.488000e+01 -7.520000e+01  2.400000e+01
   endloop
 endfacet
 facet normal  0.000000e+00  0.000000e+00  1.000000e+00
   outer loop
     vertex -1.029195e+02 -2.900066e+01  2.400000e+01
     vertex -1.028909e+02 -3.201627e+01  2.400000e+01
     vertex -1.028909e+02 -2.908373e+01  2.400000e+01
   endloop
 endfacet
 facet normal  0.000000e+00  0.000000e+00  1.000000e+00
   outer loop
     vertex -1.029195e+02 -2.900066e+01  2.400000e+01
     vertex -1.029195e+02 -3.209934e+01  2.400000e+01
     vertex -1.028909e+02 -3.201627e+01  2.400000e+01
   endloop
 endfacet
 facet normal  0.000000e+00  0.000000e+00  1.000000e+00
   outer loop
     vertex -1.029458e+02 -2.891684e+01  2.400000e+01
     vertex -1.029195e+02 -3.209934e+01  2.400000e+01
     vertex -1.029195e+02 -2.900066e+01  2.400000e+01
   endloop
 endfacet
 facet normal  0.000000e+00  0.000000e+00  1.000000e+00
   outer loop
     vertex -1.029458e+02 -2.891684e+01  2.400000e+01
     vertex -1.029458e+02 -3.218316e+01  2.400000e+01
     vertex -1.029195e+02 -3.209934e+01  2.400000e+01
   endloop
 endfacet
 facet normal  0.000000e+00  0.000000e+00  1.000000e+00
   outer loop
     vertex -1.029458e+02 -2.891684e+01  2.400000e+01
     vertex -1.029699e+02 -3.226768e+01  2.400000e+01
     vertex -1.029458e+02 -3.218316e+01  2.400000e+01
   endloop
 endfacet
 facet normal  0.000000e+00  0.000000e+00  1.000000e+00
   outer loop
     vertex -1.029699e+02 -2.883232e+01  2.400000e+01
     vertex -1.029699e+02 -3.226768e+01  2.400000e+01
     vertex -1.029458e+02 -2.891684e+01  2.400000e+01
   endloop
 endfacet
 facet normal  0.000000e+00  0.000000e+00  1.000000e+00
   outer loop
     vertex -1.029699e+02 -2.883232e+01  2.400000e+01
     vertex -1.029915e+02 -3.235282e+01  2.400000e+01
     vertex -1.029699e+02 -3.226768e+01  2.400000e+01
   endloop
 endfacet
 facet normal  0.000000e+00  0.000000e+00  1.000000e+00
   outer loop
     vertex -9.710567e+01 -3.469471e+01  2.400000e+01
     vertex -9.715050e+01 -3.477028e+01  2.400000e+01
     vertex -7.488000e+01 -7.520000e+01  2.400000e+01
   endloop
 endfacet
 facet normal  0.000000e+00  0.000000e+00  1.000000e+00
   outer loop
     vertex -1.029915e+02 -2.874718e+01  2.400000e+01
     vertex -1.029915e+02 -3.235282e+01  2.400000e+01
     vertex -1.029699e+02 -2.883232e+01  2.400000e+01
   endloop
 endfacet
 facet normal  0.000000e+00  0.000000e+00  1.000000e+00
   outer loop
     vertex -9.706294e+01 -3.461794e+01  2.400000e+01
     vertex -9.710567e+01 -3.469471e+01  2.400000e+01
     vertex -7.488000e+01 -7.520000e+01  2.400000e+01
   endloop
 endfacet
 facet normal  0.000000e+00  0.000000e+00  1.000000e+00
   outer loop
     vertex -1.030109e+02 -2.866147e+01  2.400000e+01
     vertex -1.029915e+02 -3.235282e+01  2.400000e+01
     vertex -1.029915e+02 -2.874718e+01  2.400000e+01
   endloop
 endfacet
 facet normal  0.000000e+00  0.000000e+00  1.000000e+00
   outer loop
     vertex -1.030109e+02 -2.866147e+01  2.400000e+01
     vertex -1.030109e+02 -3.243853e+01  2.400000e+01
     vertex -1.029915e+02 -3.235282e+01  2.400000e+01
   endloop
 endfacet
 facet normal  0.000000e+00  0.000000e+00  1.000000e+00
   outer loop
     vertex -1.030109e+02 -2.866147e+01  2.400000e+01
     vertex -1.030279e+02 -3.252473e+01  2.400000e+01
     vertex -1.030109e+02 -3.243853e+01  2.400000e+01
   endloop
 endfacet
 facet normal  0.000000e+00  0.000000e+00  1.000000e+00
   outer loop
     vertex -1.030279e+02 -2.857527e+01  2.400000e+01
     vertex -1.030279e+02 -3.252473e+01  2.400000e+01
     vertex -1.030109e+02 -2.866147e+01  2.400000e+01
   endloop
 endfacet
 facet normal  0.000000e+00  0.000000e+00  1.000000e+00
   outer loop
     vertex -9.702232e+01 -3.454003e+01  2.400000e+01
     vertex -9.706294e+01 -3.461794e+01  2.400000e+01
     vertex -7.488000e+01 -7.520000e+01  2.400000e+01
   endloop
 endfacet
 facet normal  0.000000e+00  0.000000e+00  1.000000e+00
   outer loop
     vertex -1.030425e+02 -2.848863e+01  2.400000e+01
     vertex -1.030425e+02 -3.261137e+01  2.400000e+01
     vertex -1.030279e+02 -3.252473e+01  2.400000e+01
   endloop
 endfacet
 facet normal  0.000000e+00  0.000000e+00  1.000000e+00
   outer loop
     vertex -1.030425e+02 -2.848863e+01  2.400000e+01
     vertex -1.030279e+02 -3.252473e+01  2.400000e+01
     vertex -1.030279e+02 -2.857527e+01  2.400000e+01
   endloop
 endfacet
 facet normal  0.000000e+00  0.000000e+00  1.000000e+00
   outer loop
     vertex -1.030547e+02 -2.840163e+01  2.400000e+01
     vertex -1.030547e+02 -3.269837e+01  2.400000e+01
     vertex -1.030425e+02 -3.261137e+01  2.400000e+01
   endloop
 endfacet
 facet normal  0.000000e+00  0.000000e+00  1.000000e+00
   outer loop
     vertex -1.030547e+02 -2.840163e+01  2.400000e+01
     vertex -1.030425e+02 -3.261137e+01  2.400000e+01
     vertex -1.030425e+02 -2.848863e+01  2.400000e+01
   endloop
 endfacet
 facet normal  0.000000e+00  0.000000e+00  1.000000e+00
   outer loop
     vertex -9.698387e+01 -3.446103e+01  2.400000e+01
     vertex -9.702232e+01 -3.454003e+01  2.400000e+01
     vertex -7.488000e+01 -7.520000e+01  2.400000e+01
   endloop
 endfacet
 facet normal  0.000000e+00  0.000000e+00  1.000000e+00
   outer loop
     vertex -1.030645e+02 -2.831432e+01  2.400000e+01
     vertex -1.030645e+02 -3.278568e+01  2.400000e+01
     vertex -1.030547e+02 -3.269837e+01  2.400000e+01
   endloop
 endfacet
 facet normal  0.000000e+00  0.000000e+00  1.000000e+00
   outer loop
     vertex -1.030645e+02 -2.831432e+01  2.400000e+01
     vertex -1.030547e+02 -3.269837e+01  2.400000e+01
     vertex -1.030547e+02 -2.840163e+01  2.400000e+01
   endloop
 endfacet
 facet normal  0.000000e+00  0.000000e+00  1.000000e+00
   outer loop
     vertex -9.694759e+01 -3.438101e+01  2.400000e+01
     vertex -9.698387e+01 -3.446103e+01  2.400000e+01
     vertex -7.488000e+01 -7.520000e+01  2.400000e+01
   endloop
 endfacet
 facet normal  0.000000e+00  0.000000e+00  1.000000e+00
   outer loop
     vertex -1.030720e+02 -2.822677e+01  2.400000e+01
     vertex -1.030720e+02 -3.287323e+01  2.400000e+01
     vertex -1.030645e+02 -3.278568e+01  2.400000e+01
   endloop
 endfacet
 facet normal  0.000000e+00  0.000000e+00  1.000000e+00
   outer loop
     vertex -1.030720e+02 -2.822677e+01  2.400000e+01
     vertex -1.030770e+02 -3.296095e+01  2.400000e+01
     vertex -1.030720e+02 -3.287323e+01  2.400000e+01
   endloop
 endfacet
 facet normal  0.000000e+00  0.000000e+00  1.000000e+00
   outer loop
     vertex -1.030720e+02 -2.822677e+01  2.400000e+01
     vertex -1.030645e+02 -3.278568e+01  2.400000e+01
     vertex -1.030645e+02 -2.831432e+01  2.400000e+01
   endloop
 endfacet
 facet normal  0.000000e+00  0.000000e+00  1.000000e+00
   outer loop
     vertex -1.030770e+02 -2.813905e+01  2.400000e+01
     vertex -1.248800e+02 -7.520000e+01  2.400000e+01
     vertex -1.030770e+02 -3.296095e+01  2.400000e+01
   endloop
 endfacet
 facet normal  0.000000e+00  0.000000e+00  1.000000e+00
   outer loop
     vertex -1.030770e+02 -2.813905e+01  2.400000e+01
     vertex -1.030770e+02 -3.296095e+01  2.400000e+01
     vertex -1.030720e+02 -2.822677e+01  2.400000e+01
   endloop
 endfacet
 facet normal  0.000000e+00  0.000000e+00  1.000000e+00
   outer loop
     vertex -9.691353e+01 -3.430002e+01  2.400000e+01
     vertex -9.694759e+01 -3.438101e+01  2.400000e+01
     vertex -7.488000e+01 -7.520000e+01  2.400000e+01
   endloop
 endfacet
 facet normal  0.000000e+00  0.000000e+00  1.000000e+00
   outer loop
     vertex -1.030796e+02 -2.805123e+01  2.400000e+01
     vertex -1.248800e+02 -7.520000e+01  2.400000e+01
     vertex -1.030770e+02 -2.813905e+01  2.400000e+01
   endloop
 endfacet
 facet normal  0.000000e+00  0.000000e+00  1.000000e+00
   outer loop
     vertex -9.688170e+01 -3.421813e+01  2.400000e+01
     vertex -9.691353e+01 -3.430002e+01  2.400000e+01
     vertex -7.488000e+01 -7.520000e+01  2.400000e+01
   endloop
 endfacet
 facet normal  0.000000e+00  0.000000e+00  1.000000e+00
   outer loop
     vertex -1.030798e+02 -2.796337e+01  2.400000e+01
     vertex -1.248800e+02 -7.520000e+01  2.400000e+01
     vertex -1.030796e+02 -2.805123e+01  2.400000e+01
   endloop
 endfacet
 facet normal  0.000000e+00  0.000000e+00  1.000000e+00
   outer loop
     vertex -9.685214e+01 -3.413539e+01  2.400000e+01
     vertex -9.688170e+01 -3.421813e+01  2.400000e+01
     vertex -7.488000e+01 -7.520000e+01  2.400000e+01
   endloop
 endfacet
 facet normal  0.000000e+00  0.000000e+00  1.000000e+00
   outer loop
     vertex -1.030776e+02 -2.787554e+01  2.400000e+01
     vertex -1.248800e+02 -7.520000e+01  2.400000e+01
     vertex -1.030798e+02 -2.796337e+01  2.400000e+01
   endloop
 endfacet
 facet normal  0.000000e+00  0.000000e+00  1.000000e+00
   outer loop
     vertex -9.682485e+01 -3.405187e+01  2.400000e+01
     vertex -9.685214e+01 -3.413539e+01  2.400000e+01
     vertex -7.488000e+01 -7.520000e+01  2.400000e+01
   endloop
 endfacet
 facet normal  0.000000e+00  0.000000e+00  1.000000e+00
   outer loop
     vertex -1.030730e+02 -2.778780e+01  2.400000e+01
     vertex -1.248800e+02 -7.520000e+01  2.400000e+01
     vertex -1.030776e+02 -2.787554e+01  2.400000e+01
   endloop
 endfacet
 facet normal  0.000000e+00  0.000000e+00  1.000000e+00
   outer loop
     vertex -9.679987e+01 -3.396764e+01  2.400000e+01
     vertex -9.682485e+01 -3.405187e+01  2.400000e+01
     vertex -7.488000e+01 -7.520000e+01  2.400000e+01
   endloop
 endfacet
 facet normal  0.000000e+00  0.000000e+00  1.000000e+00
   outer loop
     vertex -1.030659e+02 -2.770022e+01  2.400000e+01
     vertex -1.248800e+02 -7.520000e+01  2.400000e+01
     vertex -1.030730e+02 -2.778780e+01  2.400000e+01
   endloop
 endfacet
 facet normal  0.000000e+00  0.000000e+00  1.000000e+00
   outer loop
     vertex -1.030565e+02 -2.761286e+01  2.400000e+01
     vertex -1.248800e+02 -7.520000e+01  2.400000e+01
     vertex -1.030659e+02 -2.770022e+01  2.400000e+01
   endloop
 endfacet
 facet normal  0.000000e+00  0.000000e+00  1.000000e+00
   outer loop
     vertex -9.677721e+01 -3.388275e+01  2.400000e+01
     vertex -9.679987e+01 -3.396764e+01  2.400000e+01
     vertex -7.488000e+01 -7.520000e+01  2.400000e+01
   endloop
 endfacet
 facet normal  0.000000e+00  0.000000e+00  1.000000e+00
   outer loop
     vertex -1.030447e+02 -2.752580e+01  2.400000e+01
     vertex -1.248800e+02 -7.520000e+01  2.400000e+01
     vertex -1.030565e+02 -2.761286e+01  2.400000e+01
   endloop
 endfacet
 facet normal  0.000000e+00  0.000000e+00  1.000000e+00
   outer loop
     vertex -9.675689e+01 -3.379727e+01  2.400000e+01
     vertex -9.677721e+01 -3.388275e+01  2.400000e+01
     vertex -7.488000e+01 -7.520000e+01  2.400000e+01
   endloop
 endfacet
 facet normal  0.000000e+00  0.000000e+00  1.000000e+00
   outer loop
     vertex -9.673892e+01 -3.371127e+01  2.400000e+01
     vertex -9.675689e+01 -3.379727e+01  2.400000e+01
     vertex -7.488000e+01 -7.520000e+01  2.400000e+01
   endloop
 endfacet
 facet normal  0.000000e+00  0.000000e+00  1.000000e+00
   outer loop
     vertex -9.672333e+01 -3.362480e+01  2.400000e+01
     vertex -9.673892e+01 -3.371127e+01  2.400000e+01
     vertex -7.488000e+01 -7.520000e+01  2.400000e+01
   endloop
 endfacet
 facet normal  0.000000e+00  0.000000e+00  1.000000e+00
   outer loop
     vertex -9.671011e+01 -3.353794e+01  2.400000e+01
     vertex -9.672333e+01 -3.362480e+01  2.400000e+01
     vertex -7.488000e+01 -7.520000e+01  2.400000e+01
   endloop
 endfacet
 facet normal  0.000000e+00  0.000000e+00  1.000000e+00
   outer loop
     vertex -9.669928e+01 -3.345075e+01  2.400000e+01
     vertex -9.671011e+01 -3.353794e+01  2.400000e+01
     vertex -7.488000e+01 -7.520000e+01  2.400000e+01
   endloop
 endfacet
 facet normal  0.000000e+00  0.000000e+00  1.000000e+00
   outer loop
     vertex -9.669085e+01 -3.336329e+01  2.400000e+01
     vertex -9.669928e+01 -3.345075e+01  2.400000e+01
     vertex -7.488000e+01 -7.520000e+01  2.400000e+01
   endloop
 endfacet
 facet normal  0.000000e+00  0.000000e+00  1.000000e+00
   outer loop
     vertex -9.668482e+01 -3.327564e+01  2.400000e+01
     vertex -9.669085e+01 -3.336329e+01  2.400000e+01
     vertex -7.488000e+01 -7.520000e+01  2.400000e+01
   endloop
 endfacet
 facet normal  0.000000e+00  0.000000e+00  1.000000e+00
   outer loop
     vertex -9.668121e+01 -3.318785e+01  2.400000e+01
     vertex -9.668482e+01 -3.327564e+01  2.400000e+01
     vertex -7.488000e+01 -7.520000e+01  2.400000e+01
   endloop
 endfacet
 facet normal  0.000000e+00  0.000000e+00  1.000000e+00
   outer loop
     vertex -9.668000e+01 -3.310000e+01  2.400000e+01
     vertex -9.668121e+01 -3.318785e+01  2.400000e+01
     vertex -7.488000e+01 -7.520000e+01  2.400000e+01
   endloop
 endfacet
 facet normal  0.000000e+00  0.000000e+00  1.000000e+00
   outer loop
     vertex -9.668118e+01 -3.301322e+01  2.400000e+01
     vertex -9.668000e+01 -3.310000e+01  2.400000e+01
     vertex -7.488000e+01 -7.520000e+01  2.400000e+01
   endloop
 endfacet
 facet normal  0.000000e+00  0.000000e+00  1.000000e+00
   outer loop
     vertex -9.668471e+01 -3.292651e+01  2.400000e+01
     vertex -9.668118e+01 -3.301322e+01  2.400000e+01
     vertex -7.488000e+01 -7.520000e+01  2.400000e+01
   endloop
 endfacet
 facet normal  0.000000e+00  0.000000e+00  1.000000e+00
   outer loop
     vertex -9.787830e+01 -3.049664e+01  2.400000e+01
     vertex -9.787830e+01 -3.060336e+01  2.400000e+01
     vertex -9.781133e+01 -3.065856e+01  2.400000e+01
   endloop
 endfacet
 facet normal  0.000000e+00  0.000000e+00  1.000000e+00
   outer loop
     vertex -9.787830e+01 -3.049664e+01  2.400000e+01
     vertex -9.794674e+01 -3.055000e+01  2.400000e+01
     vertex -9.787830e+01 -3.060336e+01  2.400000e+01
   endloop
 endfacet
 facet normal  0.000000e+00  0.000000e+00  1.000000e+00
   outer loop
     vertex -9.781133e+01 -3.044144e+01  2.400000e+01
     vertex -9.787830e+01 -3.049664e+01  2.400000e+01
     vertex -9.781133e+01 -3.065856e+01  2.400000e+01
   endloop
 endfacet
 facet normal  0.000000e+00  0.000000e+00  1.000000e+00
   outer loop
     vertex -9.774589e+01 -3.038444e+01  2.400000e+01
     vertex -9.781133e+01 -3.044144e+01  2.400000e+01
     vertex -9.781133e+01 -3.065856e+01  2.400000e+01
   endloop
 endfacet
 facet normal  0.000000e+00  0.000000e+00  1.000000e+00
   outer loop
     vertex -9.774589e+01 -3.038444e+01  2.400000e+01
     vertex -9.781133e+01 -3.065856e+01  2.400000e+01
     vertex -9.774589e+01 -3.071556e+01  2.400000e+01
   endloop
 endfacet
 facet normal  0.000000e+00  0.000000e+00  1.000000e+00
   outer loop
     vertex -9.768201e+01 -3.032570e+01  2.400000e+01
     vertex -9.774589e+01 -3.038444e+01  2.400000e+01
     vertex -9.774589e+01 -3.071556e+01  2.400000e+01
   endloop
 endfacet
 facet normal  0.000000e+00  0.000000e+00  1.000000e+00
   outer loop
     vertex -9.768201e+01 -3.032570e+01  2.400000e+01
     vertex -9.774589e+01 -3.071556e+01  2.400000e+01
     vertex -9.768201e+01 -3.077430e+01  2.400000e+01
   endloop
 endfacet
 facet normal  0.000000e+00  0.000000e+00  1.000000e+00
   outer loop
     vertex -9.761976e+01 -3.026524e+01  2.400000e+01
     vertex -9.761976e+01 -3.083476e+01  2.400000e+01
     vertex -9.755916e+01 -3.089689e+01  2.400000e+01
   endloop
 endfacet
 facet normal  0.000000e+00  0.000000e+00  1.000000e+00
   outer loop
     vertex -9.761976e+01 -3.026524e+01  2.400000e+01
     vertex -9.768201e+01 -3.077430e+01  2.400000e+01
     vertex -9.761976e+01 -3.083476e+01  2.400000e+01
   endloop
 endfacet
 facet normal  0.000000e+00  0.000000e+00  1.000000e+00
   outer loop
     vertex -9.761976e+01 -3.026524e+01  2.400000e+01
     vertex -9.768201e+01 -3.032570e+01  2.400000e+01
     vertex -9.768201e+01 -3.077430e+01  2.400000e+01
   endloop
 endfacet
 facet normal  0.000000e+00  0.000000e+00  1.000000e+00
   outer loop
     vertex -9.755916e+01 -3.020311e+01  2.400000e+01
     vertex -9.761976e+01 -3.026524e+01  2.400000e+01
     vertex -9.755916e+01 -3.089689e+01  2.400000e+01
   endloop
 endfacet
 facet normal  0.000000e+00  0.000000e+00  1.000000e+00
   outer loop
     vertex -9.750027e+01 -3.013937e+01  2.400000e+01
     vertex -9.755916e+01 -3.089689e+01  2.400000e+01
     vertex -9.750027e+01 -3.096063e+01  2.400000e+01
   endloop
 endfacet
 facet normal  0.000000e+00  0.000000e+00  1.000000e+00
   outer loop
     vertex -9.750027e+01 -3.013937e+01  2.400000e+01
     vertex -9.755916e+01 -3.020311e+01  2.400000e+01
     vertex -9.755916e+01 -3.089689e+01  2.400000e+01
   endloop
 endfacet
 facet normal  0.000000e+00  0.000000e+00  1.000000e+00
   outer loop
     vertex -9.744313e+01 -3.007405e+01  2.400000e+01
     vertex -9.750027e+01 -3.013937e+01  2.400000e+01
     vertex -9.750027e+01 -3.096063e+01  2.400000e+01
   endloop
 endfacet
 facet normal  0.000000e+00  0.000000e+00  1.000000e+00
   outer loop
     vertex -9.744313e+01 -3.007405e+01  2.400000e+01
     vertex -9.744313e+01 -3.102595e+01  2.400000e+01
     vertex -9.738778e+01 -3.109280e+01  2.400000e+01
   endloop
 endfacet
 facet normal  0.000000e+00  0.000000e+00  1.000000e+00
   outer loop
     vertex -9.744313e+01 -3.007405e+01  2.400000e+01
     vertex -9.750027e+01 -3.096063e+01  2.400000e+01
     vertex -9.744313e+01 -3.102595e+01  2.400000e+01
   endloop
 endfacet
 facet normal  0.000000e+00  0.000000e+00  1.000000e+00
   outer loop
     vertex -9.738778e+01 -3.000720e+01  2.400000e+01
     vertex -9.744313e+01 -3.007405e+01  2.400000e+01
     vertex -9.738778e+01 -3.109280e+01  2.400000e+01
   endloop
 endfacet
 facet normal  0.000000e+00  0.000000e+00  1.000000e+00
   outer loop
     vertex -9.733427e+01 -2.993888e+01  2.400000e+01
     vertex -9.738778e+01 -3.109280e+01  2.400000e+01
     vertex -9.733427e+01 -3.116112e+01  2.400000e+01
   endloop
 endfacet
 facet normal  0.000000e+00  0.000000e+00  1.000000e+00
   outer loop
     vertex -9.733427e+01 -2.993888e+01  2.400000e+01
     vertex -9.738778e+01 -3.000720e+01  2.400000e+01
     vertex -9.738778e+01 -3.109280e+01  2.400000e+01
   endloop
 endfacet
 facet normal  0.000000e+00  0.000000e+00  1.000000e+00
   outer loop
     vertex -9.728263e+01 -2.986914e+01  2.400000e+01
     vertex -9.733427e+01 -3.116112e+01  2.400000e+01
     vertex -9.728263e+01 -3.123086e+01  2.400000e+01
   endloop
 endfacet
 facet normal  0.000000e+00  0.000000e+00  1.000000e+00
   outer loop
     vertex -9.728263e+01 -2.986914e+01  2.400000e+01
     vertex -9.733427e+01 -2.993888e+01  2.400000e+01
     vertex -9.733427e+01 -3.116112e+01  2.400000e+01
   endloop
 endfacet
 facet normal  0.000000e+00  0.000000e+00  1.000000e+00
   outer loop
     vertex -9.723290e+01 -2.979801e+01  2.400000e+01
     vertex -9.723290e+01 -3.130199e+01  2.400000e+01
     vertex -9.718511e+01 -3.137443e+01  2.400000e+01
   endloop
 endfacet
 facet normal  0.000000e+00  0.000000e+00  1.000000e+00
   outer loop
     vertex -9.723290e+01 -2.979801e+01  2.400000e+01
     vertex -9.728263e+01 -3.123086e+01  2.400000e+01
     vertex -9.723290e+01 -3.130199e+01  2.400000e+01
   endloop
 endfacet
 facet normal  0.000000e+00  0.000000e+00  1.000000e+00
   outer loop
     vertex -9.723290e+01 -2.979801e+01  2.400000e+01
     vertex -9.728263e+01 -2.986914e+01  2.400000e+01
     vertex -9.728263e+01 -3.123086e+01  2.400000e+01
   endloop
 endfacet
 facet normal  0.000000e+00  0.000000e+00  1.000000e+00
   outer loop
     vertex -9.718511e+01 -2.972557e+01  2.400000e+01
     vertex -9.723290e+01 -2.979801e+01  2.400000e+01
     vertex -9.718511e+01 -3.137443e+01  2.400000e+01
   endloop
 endfacet
 facet normal  0.000000e+00  0.000000e+00  1.000000e+00
   outer loop
     vertex -9.713931e+01 -2.965186e+01  2.400000e+01
     vertex -9.718511e+01 -3.137443e+01  2.400000e+01
     vertex -9.713931e+01 -3.144814e+01  2.400000e+01
   endloop
 endfacet
 facet normal  0.000000e+00  0.000000e+00  1.000000e+00
   outer loop
     vertex -9.713931e+01 -2.965186e+01  2.400000e+01
     vertex -9.718511e+01 -2.972557e+01  2.400000e+01
     vertex -9.718511e+01 -3.137443e+01  2.400000e+01
   endloop
 endfacet
 facet normal  0.000000e+00  0.000000e+00  1.000000e+00
   outer loop
     vertex -9.709553e+01 -2.957693e+01  2.400000e+01
     vertex -9.713931e+01 -3.144814e+01  2.400000e+01
     vertex -9.709553e+01 -3.152307e+01  2.400000e+01
   endloop
 endfacet
 facet normal  0.000000e+00  0.000000e+00  1.000000e+00
   outer loop
     vertex -9.709553e+01 -2.957693e+01  2.400000e+01
     vertex -9.713931e+01 -2.965186e+01  2.400000e+01
     vertex -9.713931e+01 -3.144814e+01  2.400000e+01
   endloop
 endfacet
 facet normal  0.000000e+00  0.000000e+00  1.000000e+00
   outer loop
     vertex -9.705379e+01 -2.950084e+01  2.400000e+01
     vertex -9.705379e+01 -3.159916e+01  2.400000e+01
     vertex -9.701413e+01 -3.167635e+01  2.400000e+01
   endloop
 endfacet
 facet normal  0.000000e+00  0.000000e+00  1.000000e+00
   outer loop
     vertex -9.705379e+01 -2.950084e+01  2.400000e+01
     vertex -9.709553e+01 -3.152307e+01  2.400000e+01
     vertex -9.705379e+01 -3.159916e+01  2.400000e+01
   endloop
 endfacet
 facet normal  0.000000e+00  0.000000e+00  1.000000e+00
   outer loop
     vertex -9.705379e+01 -2.950084e+01  2.400000e+01
     vertex -9.709553e+01 -2.957693e+01  2.400000e+01
     vertex -9.709553e+01 -3.152307e+01  2.400000e+01
   endloop
 endfacet
 facet normal  0.000000e+00  0.000000e+00  1.000000e+00
   outer loop
     vertex -9.701413e+01 -2.942365e+01  2.400000e+01
     vertex -9.705379e+01 -2.950084e+01  2.400000e+01
     vertex -9.701413e+01 -3.167635e+01  2.400000e+01
   endloop
 endfacet
 facet normal  0.000000e+00  0.000000e+00  1.000000e+00
   outer loop
     vertex -9.697658e+01 -2.934541e+01  2.400000e+01
     vertex -9.697658e+01 -3.175459e+01  2.400000e+01
     vertex -9.694116e+01 -3.183382e+01  2.400000e+01
   endloop
 endfacet
 facet normal  0.000000e+00  0.000000e+00  1.000000e+00
   outer loop
     vertex -9.697658e+01 -2.934541e+01  2.400000e+01
     vertex -9.701413e+01 -3.167635e+01  2.400000e+01
     vertex -9.697658e+01 -3.175459e+01  2.400000e+01
   endloop
 endfacet
 facet normal  0.000000e+00  0.000000e+00  1.000000e+00
   outer loop
     vertex -9.697658e+01 -2.934541e+01  2.400000e+01
     vertex -9.701413e+01 -2.942365e+01  2.400000e+01
     vertex -9.701413e+01 -3.167635e+01  2.400000e+01
   endloop
 endfacet
 facet normal  0.000000e+00  0.000000e+00  1.000000e+00
   outer loop
     vertex -9.694116e+01 -2.926618e+01  2.400000e+01
     vertex -9.697658e+01 -2.934541e+01  2.400000e+01
     vertex -9.694116e+01 -3.183382e+01  2.400000e+01
   endloop
 endfacet
 facet normal  0.000000e+00  0.000000e+00  1.000000e+00
   outer loop
     vertex -9.690791e+01 -2.918602e+01  2.400000e+01
     vertex -9.694116e+01 -3.183382e+01  2.400000e+01
     vertex -9.690791e+01 -3.191398e+01  2.400000e+01
   endloop
 endfacet
 facet normal  0.000000e+00  0.000000e+00  1.000000e+00
   outer loop
     vertex -9.690791e+01 -2.918602e+01  2.400000e+01
     vertex -9.694116e+01 -2.926618e+01  2.400000e+01
     vertex -9.694116e+01 -3.183382e+01  2.400000e+01
   endloop
 endfacet
 facet normal  0.000000e+00  0.000000e+00  1.000000e+00
   outer loop
     vertex -9.687684e+01 -2.910499e+01  2.400000e+01
     vertex -9.690791e+01 -3.191398e+01  2.400000e+01
     vertex -9.687684e+01 -3.199501e+01  2.400000e+01
   endloop
 endfacet
 facet normal  0.000000e+00  0.000000e+00  1.000000e+00
   outer loop
     vertex -9.687684e+01 -2.910499e+01  2.400000e+01
     vertex -9.690791e+01 -2.918602e+01  2.400000e+01
     vertex -9.690791e+01 -3.191398e+01  2.400000e+01
   endloop
 endfacet
 facet normal  0.000000e+00  0.000000e+00  1.000000e+00
   outer loop
     vertex -9.684798e+01 -2.902315e+01  2.400000e+01
     vertex -9.687684e+01 -3.199501e+01  2.400000e+01
     vertex -9.684798e+01 -3.207685e+01  2.400000e+01
   endloop
 endfacet
 facet normal  0.000000e+00  0.000000e+00  1.000000e+00
   outer loop
     vertex -9.684798e+01 -2.902315e+01  2.400000e+01
     vertex -9.687684e+01 -2.910499e+01  2.400000e+01
     vertex -9.687684e+01 -3.199501e+01  2.400000e+01
   endloop
 endfacet
 facet normal  0.000000e+00  0.000000e+00  1.000000e+00
   outer loop
     vertex -9.682135e+01 -2.894055e+01  2.400000e+01
     vertex -9.684798e+01 -2.902315e+01  2.400000e+01
     vertex -9.684798e+01 -3.207685e+01  2.400000e+01
   endloop
 endfacet
 facet normal  0.000000e+00  0.000000e+00  1.000000e+00
   outer loop
     vertex -9.682135e+01 -2.894055e+01  2.400000e+01
     vertex -9.682135e+01 -3.215945e+01  2.400000e+01
     vertex -9.679697e+01 -3.224274e+01  2.400000e+01
   endloop
 endfacet
 facet normal  0.000000e+00  0.000000e+00  1.000000e+00
   outer loop
     vertex -9.682135e+01 -2.894055e+01  2.400000e+01
     vertex -9.684798e+01 -3.207685e+01  2.400000e+01
     vertex -9.682135e+01 -3.215945e+01  2.400000e+01
   endloop
 endfacet
 facet normal  0.000000e+00  0.000000e+00  1.000000e+00
   outer loop
     vertex -9.679697e+01 -2.885726e+01  2.400000e+01
     vertex -9.679697e+01 -3.224274e+01  2.400000e+01
     vertex -9.677485e+01 -3.232666e+01  2.400000e+01
   endloop
 endfacet
 facet normal  0.000000e+00  0.000000e+00  1.000000e+00
   outer loop
     vertex -9.679697e+01 -2.885726e+01  2.400000e+01
     vertex -9.682135e+01 -2.894055e+01  2.400000e+01
     vertex -9.679697e+01 -3.224274e+01  2.400000e+01
   endloop
 endfacet
 facet normal  0.000000e+00  0.000000e+00  1.000000e+00
   outer loop
     vertex -9.677485e+01 -2.877334e+01  2.400000e+01
     vertex -9.679697e+01 -2.885726e+01  2.400000e+01
     vertex -9.677485e+01 -3.232666e+01  2.400000e+01
   endloop
 endfacet
 facet normal  0.000000e+00  0.000000e+00  1.000000e+00
   outer loop
     vertex -9.675502e+01 -2.868886e+01  2.400000e+01
     vertex -9.677485e+01 -3.232666e+01  2.400000e+01
     vertex -9.675502e+01 -3.241114e+01  2.400000e+01
   endloop
 endfacet
 facet normal  0.000000e+00  0.000000e+00  1.000000e+00
   outer loop
     vertex -9.675502e+01 -2.868886e+01  2.400000e+01
     vertex -9.677485e+01 -2.877334e+01  2.400000e+01
     vertex -9.677485e+01 -3.232666e+01  2.400000e+01
   endloop
 endfacet
 facet normal  0.000000e+00  0.000000e+00  1.000000e+00
   outer loop
     vertex -9.673749e+01 -2.860386e+01  2.400000e+01
     vertex -9.675502e+01 -3.241114e+01  2.400000e+01
     vertex -9.673749e+01 -3.249614e+01  2.400000e+01
   endloop
 endfacet
 facet normal  0.000000e+00  0.000000e+00  1.000000e+00
   outer loop
     vertex -9.673749e+01 -2.860386e+01  2.400000e+01
     vertex -9.675502e+01 -2.868886e+01  2.400000e+01
     vertex -9.675502e+01 -3.241114e+01  2.400000e+01
   endloop
 endfacet
 facet normal  0.000000e+00  0.000000e+00  1.000000e+00
   outer loop
     vertex -9.672227e+01 -2.851842e+01  2.400000e+01
     vertex -9.673749e+01 -3.249614e+01  2.400000e+01
     vertex -9.672227e+01 -3.258158e+01  2.400000e+01
   endloop
 endfacet
 facet normal  0.000000e+00  0.000000e+00  1.000000e+00
   outer loop
     vertex -9.672227e+01 -2.851842e+01  2.400000e+01
     vertex -9.673749e+01 -2.860386e+01  2.400000e+01
     vertex -9.673749e+01 -3.249614e+01  2.400000e+01
   endloop
 endfacet
 facet normal  0.000000e+00  0.000000e+00  1.000000e+00
   outer loop
     vertex -9.670938e+01 -2.843260e+01  2.400000e+01
     vertex -9.670938e+01 -3.266740e+01  2.400000e+01
     vertex -9.669881e+01 -3.275354e+01  2.400000e+01
   endloop
 endfacet
 facet normal  0.000000e+00  0.000000e+00  1.000000e+00
   outer loop
     vertex -9.670938e+01 -2.843260e+01  2.400000e+01
     vertex -9.672227e+01 -3.258158e+01  2.400000e+01
     vertex -9.670938e+01 -3.266740e+01  2.400000e+01
   endloop
 endfacet
 facet normal  0.000000e+00  0.000000e+00  1.000000e+00
   outer loop
     vertex -9.670938e+01 -2.843260e+01  2.400000e+01
     vertex -9.672227e+01 -2.851842e+01  2.400000e+01
     vertex -9.672227e+01 -3.258158e+01  2.400000e+01
   endloop
 endfacet
 facet normal  0.000000e+00  0.000000e+00  1.000000e+00
   outer loop
     vertex -9.669881e+01 -2.834646e+01  2.400000e+01
     vertex -9.669881e+01 -3.275354e+01  2.400000e+01
     vertex -9.669059e+01 -3.283993e+01  2.400000e+01
   endloop
 endfacet
 facet normal  0.000000e+00  0.000000e+00  1.000000e+00
   outer loop
     vertex -9.669881e+01 -2.834646e+01  2.400000e+01
     vertex -9.670938e+01 -2.843260e+01  2.400000e+01
     vertex -9.669881e+01 -3.275354e+01  2.400000e+01
   endloop
 endfacet
 facet normal  0.000000e+00  0.000000e+00  1.000000e+00
   outer loop
     vertex -9.669059e+01 -2.826007e+01  2.400000e+01
     vertex -9.669881e+01 -2.834646e+01  2.400000e+01
     vertex -9.669059e+01 -3.283993e+01  2.400000e+01
   endloop
 endfacet
 facet normal  0.000000e+00  0.000000e+00  1.000000e+00
   outer loop
     vertex -9.668471e+01 -2.817349e+01  2.400000e+01
     vertex -9.669059e+01 -3.283993e+01  2.400000e+01
     vertex -9.668471e+01 -3.292651e+01  2.400000e+01
   endloop
 endfacet
 facet normal  0.000000e+00  0.000000e+00  1.000000e+00
   outer loop
     vertex -9.668471e+01 -2.817349e+01  2.400000e+01
     vertex -9.668471e+01 -3.292651e+01  2.400000e+01
     vertex -7.488000e+01 -7.520000e+01  2.400000e+01
   endloop
 endfacet
 facet normal  0.000000e+00  0.000000e+00  1.000000e+00
   outer loop
     vertex -9.668471e+01 -2.817349e+01  2.400000e+01
     vertex -9.669059e+01 -2.826007e+01  2.400000e+01
     vertex -9.669059e+01 -3.283993e+01  2.400000e+01
   endloop
 endfacet
 facet normal  0.000000e+00  0.000000e+00  1.000000e+00
   outer loop
     vertex -9.668118e+01 -2.808678e+01  2.400000e+01
     vertex -9.668471e+01 -2.817349e+01  2.400000e+01
     vertex -7.488000e+01 -7.520000e+01  2.400000e+01
   endloop
 endfacet
 facet normal  0.000000e+00  0.000000e+00  1.000000e+00
   outer loop
     vertex -9.668000e+01 -2.800000e+01  2.400000e+01
     vertex -9.668118e+01 -2.808678e+01  2.400000e+01
     vertex -7.488000e+01 -7.520000e+01  2.400000e+01
   endloop
 endfacet
 facet normal  0.000000e+00  0.000000e+00  1.000000e+00
   outer loop
     vertex -9.668121e+01 -2.791215e+01  2.400000e+01
     vertex -9.668000e+01 -2.800000e+01  2.400000e+01
     vertex -7.488000e+01 -7.520000e+01  2.400000e+01
   endloop
 endfacet
 facet normal  0.000000e+00  0.000000e+00  1.000000e+00
   outer loop
     vertex -9.668482e+01 -2.782436e+01  2.400000e+01
     vertex -9.668121e+01 -2.791215e+01  2.400000e+01
     vertex -7.488000e+01 -7.520000e+01  2.400000e+01
   endloop
 endfacet
 facet normal  0.000000e+00  0.000000e+00  1.000000e+00
   outer loop
     vertex -9.669085e+01 -2.773671e+01  2.400000e+01
     vertex -9.668482e+01 -2.782436e+01  2.400000e+01
     vertex -7.488000e+01 -7.520000e+01  2.400000e+01
   endloop
 endfacet
 facet normal  0.000000e+00  0.000000e+00  1.000000e+00
   outer loop
     vertex -9.669928e+01 -2.764925e+01  2.400000e+01
     vertex -9.669085e+01 -2.773671e+01  2.400000e+01
     vertex -7.488000e+01 -7.520000e+01  2.400000e+01
   endloop
 endfacet
 facet normal  0.000000e+00  0.000000e+00  1.000000e+00
   outer loop
     vertex -9.671011e+01 -2.756206e+01  2.400000e+01
     vertex -9.669928e+01 -2.764925e+01  2.400000e+01
     vertex -7.488000e+01 -7.520000e+01  2.400000e+01
   endloop
 endfacet
 facet normal  0.000000e+00  0.000000e+00  1.000000e+00
   outer loop
     vertex -1.021505e+02 -2.254968e+00  2.400000e+01
     vertex -1.021543e+02 -2.574893e+01  2.400000e+01
     vertex -1.020917e+02 -2.568733e+01  2.400000e+01
   endloop
 endfacet
 facet normal  0.000000e+00  0.000000e+00  1.000000e+00
   outer loop
     vertex -1.020878e+02 -2.316408e+00  2.400000e+01
     vertex -1.021505e+02 -2.254968e+00  2.400000e+01
     vertex -1.020917e+02 -2.568733e+01  2.400000e+01
   endloop
 endfacet
 facet normal  0.000000e+00  0.000000e+00  1.000000e+00
   outer loop
     vertex -1.020878e+02 -2.316408e+00  2.400000e+01
     vertex -1.020917e+02 -2.568733e+01  2.400000e+01
     vertex -1.020274e+02 -2.562749e+01  2.400000e+01
   endloop
 endfacet
 facet normal  0.000000e+00  0.000000e+00  1.000000e+00
   outer loop
     vertex -1.022115e+02 -2.191830e+00  2.400000e+01
     vertex -1.021543e+02 -2.574893e+01  2.400000e+01
     vertex -1.021505e+02 -2.254968e+00  2.400000e+01
   endloop
 endfacet
 facet normal  0.000000e+00  0.000000e+00  1.000000e+00
   outer loop
     vertex -1.022115e+02 -2.191830e+00  2.400000e+01
     vertex -1.022153e+02 -2.581221e+01  2.400000e+01
     vertex -1.021543e+02 -2.574893e+01  2.400000e+01
   endloop
 endfacet
 facet normal  0.000000e+00  0.000000e+00  1.000000e+00
   outer loop
     vertex -1.020234e+02 -2.376104e+00  2.400000e+01
     vertex -1.020878e+02 -2.316408e+00  2.400000e+01
     vertex -1.020274e+02 -2.562749e+01  2.400000e+01
   endloop
 endfacet
 facet normal  0.000000e+00  0.000000e+00  1.000000e+00
   outer loop
     vertex -1.020234e+02 -2.376104e+00  2.400000e+01
     vertex -1.020274e+02 -2.562749e+01  2.400000e+01
     vertex -1.019614e+02 -2.556943e+01  2.400000e+01
   endloop
 endfacet
 facet normal  0.000000e+00  0.000000e+00  1.000000e+00
   outer loop
     vertex -1.022708e+02 -2.127043e+00  2.400000e+01
     vertex -1.022153e+02 -2.581221e+01  2.400000e+01
     vertex -1.022115e+02 -2.191830e+00  2.400000e+01
   endloop
 endfacet
 facet normal  0.000000e+00  0.000000e+00  1.000000e+00
   outer loop
     vertex -1.022708e+02 -2.127043e+00  2.400000e+01
     vertex -1.022745e+02 -2.587715e+01  2.400000e+01
     vertex -1.022153e+02 -2.581221e+01  2.400000e+01
   endloop
 endfacet
 facet normal  0.000000e+00  0.000000e+00  1.000000e+00
   outer loop
     vertex -1.019574e+02 -2.434012e+00  2.400000e+01
     vertex -1.020234e+02 -2.376104e+00  2.400000e+01
     vertex -1.019614e+02 -2.556943e+01  2.400000e+01
   endloop
 endfacet
 facet normal  0.000000e+00  0.000000e+00  1.000000e+00
   outer loop
     vertex -1.019574e+02 -2.434012e+00  2.400000e+01
     vertex -1.019614e+02 -2.556943e+01  2.400000e+01
     vertex -1.018939e+02 -2.551320e+01  2.400000e+01
   endloop
 endfacet
 facet normal  0.000000e+00  0.000000e+00  1.000000e+00
   outer loop
     vertex -1.023282e+02 -2.060655e+00  2.400000e+01
     vertex -1.022745e+02 -2.587715e+01  2.400000e+01
     vertex -1.022708e+02 -2.127043e+00  2.400000e+01
   endloop
 endfacet
 facet normal  0.000000e+00  0.000000e+00  1.000000e+00
   outer loop
     vertex -1.023282e+02 -2.060655e+00  2.400000e+01
     vertex -1.023319e+02 -2.594369e+01  2.400000e+01
     vertex -1.022745e+02 -2.587715e+01  2.400000e+01
   endloop
 endfacet
 facet normal  0.000000e+00  0.000000e+00  1.000000e+00
   outer loop
     vertex -1.018898e+02 -2.490087e+00  2.400000e+01
     vertex -1.019574e+02 -2.434012e+00  2.400000e+01
     vertex -1.018939e+02 -2.551320e+01  2.400000e+01
   endloop
 endfacet
 facet normal  0.000000e+00  0.000000e+00  1.000000e+00
   outer loop
     vertex -1.018898e+02 -2.490087e+00  2.400000e+01
     vertex -1.018939e+02 -2.551320e+01  2.400000e+01
     vertex -1.018249e+02 -2.545885e+01  2.400000e+01
   endloop
 endfacet
 facet normal  0.000000e+00  0.000000e+00  1.000000e+00
   outer loop
     vertex -1.023838e+02 -1.992715e+00  2.400000e+01
     vertex -1.023874e+02 -2.601178e+01  2.400000e+01
     vertex -1.023319e+02 -2.594369e+01  2.400000e+01
   endloop
 endfacet
 facet normal  0.000000e+00  0.000000e+00  1.000000e+00
   outer loop
     vertex -1.023838e+02 -1.992715e+00  2.400000e+01
     vertex -1.023319e+02 -2.594369e+01  2.400000e+01
     vertex -1.023282e+02 -2.060655e+00  2.400000e+01
   endloop
 endfacet
 facet normal  0.000000e+00  0.000000e+00  1.000000e+00
   outer loop
     vertex -1.018208e+02 -2.544288e+00  2.400000e+01
     vertex -1.018249e+02 -2.545885e+01  2.400000e+01
     vertex -1.017544e+02 -2.540641e+01  2.400000e+01
   endloop
 endfacet
 facet normal  0.000000e+00  0.000000e+00  1.000000e+00
   outer loop
     vertex -1.018208e+02 -2.544288e+00  2.400000e+01
     vertex -1.018898e+02 -2.490087e+00  2.400000e+01
     vertex -1.018249e+02 -2.545885e+01  2.400000e+01
   endloop
 endfacet
 facet normal  0.000000e+00  0.000000e+00  1.000000e+00
   outer loop
     vertex -1.024375e+02 -1.923275e+00  2.400000e+01
     vertex -1.024410e+02 -2.608137e+01  2.400000e+01
     vertex -1.023874e+02 -2.601178e+01  2.400000e+01
   endloop
 endfacet
 facet normal  0.000000e+00  0.000000e+00  1.000000e+00
   outer loop
     vertex -1.024375e+02 -1.923275e+00  2.400000e+01
     vertex -1.023874e+02 -2.601178e+01  2.400000e+01
     vertex -1.023838e+02 -1.992715e+00  2.400000e+01
   endloop
 endfacet
 facet normal  0.000000e+00  0.000000e+00  1.000000e+00
   outer loop
     vertex -1.017502e+02 -2.596574e+00  2.400000e+01
     vertex -1.017544e+02 -2.540641e+01  2.400000e+01
     vertex -1.016825e+02 -2.535593e+01  2.400000e+01
   endloop
 endfacet
 facet normal  0.000000e+00  0.000000e+00  1.000000e+00
   outer loop
     vertex -1.017502e+02 -2.596574e+00  2.400000e+01
     vertex -1.018208e+02 -2.544288e+00  2.400000e+01
     vertex -1.017544e+02 -2.540641e+01  2.400000e+01
   endloop
 endfacet
 facet normal  0.000000e+00  0.000000e+00  1.000000e+00
   outer loop
     vertex -1.024893e+02 -1.852387e+00  2.400000e+01
     vertex -1.024410e+02 -2.608137e+01  2.400000e+01
     vertex -1.024375e+02 -1.923275e+00  2.400000e+01
   endloop
 endfacet
 facet normal  0.000000e+00  0.000000e+00  1.000000e+00
   outer loop
     vertex -1.024893e+02 -1.852387e+00  2.400000e+01
     vertex -1.024927e+02 -2.615240e+01  2.400000e+01
     vertex -1.024410e+02 -2.608137e+01  2.400000e+01
   endloop
 endfacet
 facet normal  0.000000e+00  0.000000e+00  1.000000e+00
   outer loop
     vertex -1.016783e+02 -2.646905e+00  2.400000e+01
     vertex -1.016825e+02 -2.535593e+01  2.400000e+01
     vertex -1.016092e+02 -2.530744e+01  2.400000e+01
   endloop
 endfacet
 facet normal  0.000000e+00  0.000000e+00  1.000000e+00
   outer loop
     vertex -1.016783e+02 -2.646905e+00  2.400000e+01
     vertex -1.017502e+02 -2.596574e+00  2.400000e+01
     vertex -1.016825e+02 -2.535593e+01  2.400000e+01
   endloop
 endfacet
 facet normal  0.000000e+00  0.000000e+00  1.000000e+00
   outer loop
     vertex -1.025392e+02 -1.780105e+00  2.400000e+01
     vertex -1.024927e+02 -2.615240e+01  2.400000e+01
     vertex -1.024893e+02 -1.852387e+00  2.400000e+01
   endloop
 endfacet
 facet normal  0.000000e+00  0.000000e+00  1.000000e+00
   outer loop
     vertex -1.025392e+02 -1.780105e+00  2.400000e+01
     vertex -1.025425e+02 -2.622483e+01  2.400000e+01
     vertex -1.024927e+02 -2.615240e+01  2.400000e+01
   endloop
 endfacet
 facet normal  0.000000e+00  0.000000e+00  1.000000e+00
   outer loop
     vertex -1.016050e+02 -2.695243e+00  2.400000e+01
     vertex -1.016783e+02 -2.646905e+00  2.400000e+01
     vertex -1.016092e+02 -2.530744e+01  2.400000e+01
   endloop
 endfacet
 facet normal  0.000000e+00  0.000000e+00  1.000000e+00
   outer loop
     vertex -1.016050e+02 -2.695243e+00  2.400000e+01
     vertex -1.016092e+02 -2.530744e+01  2.400000e+01
     vertex -1.015346e+02 -2.526098e+01  2.400000e+01
   endloop
 endfacet
 facet normal  0.000000e+00  0.000000e+00  1.000000e+00
   outer loop
     vertex -1.025870e+02 -1.706483e+00  2.400000e+01
     vertex -1.025425e+02 -2.622483e+01  2.400000e+01
     vertex -1.025392e+02 -1.780105e+00  2.400000e+01
   endloop
 endfacet
 facet normal  0.000000e+00  0.000000e+00  1.000000e+00
   outer loop
     vertex -1.025870e+02 -1.706483e+00  2.400000e+01
     vertex -1.025902e+02 -2.629859e+01  2.400000e+01
     vertex -1.025425e+02 -2.622483e+01  2.400000e+01
   endloop
 endfacet
 facet normal  0.000000e+00  0.000000e+00  1.000000e+00
   outer loop
     vertex -1.015304e+02 -2.741553e+00  2.400000e+01
     vertex -1.016050e+02 -2.695243e+00  2.400000e+01
     vertex -1.015346e+02 -2.526098e+01  2.400000e+01
   endloop
 endfacet
 facet normal  0.000000e+00  0.000000e+00  1.000000e+00
   outer loop
     vertex -1.015304e+02 -2.741553e+00  2.400000e+01
     vertex -1.015346e+02 -2.526098e+01  2.400000e+01
     vertex -1.014588e+02 -2.521659e+01  2.400000e+01
   endloop
 endfacet
 facet normal  0.000000e+00  0.000000e+00  1.000000e+00
   outer loop
     vertex -1.026328e+02 -1.631577e+00  2.400000e+01
     vertex -1.025902e+02 -2.629859e+01  2.400000e+01
     vertex -1.025870e+02 -1.706483e+00  2.400000e+01
   endloop
 endfacet
 facet normal  0.000000e+00  0.000000e+00  1.000000e+00
   outer loop
     vertex -1.026328e+02 -1.631577e+00  2.400000e+01
     vertex -1.026359e+02 -2.637364e+01  2.400000e+01
     vertex -1.025902e+02 -2.629859e+01  2.400000e+01
   endloop
 endfacet
 facet normal  0.000000e+00  0.000000e+00  1.000000e+00
   outer loop
     vertex -1.014546e+02 -2.785799e+00  2.400000e+01
     vertex -1.014588e+02 -2.521659e+01  2.400000e+01
     vertex -1.013818e+02 -2.517429e+01  2.400000e+01
   endloop
 endfacet
 facet normal  0.000000e+00  0.000000e+00  1.000000e+00
   outer loop
     vertex -1.014546e+02 -2.785799e+00  2.400000e+01
     vertex -1.015304e+02 -2.741553e+00  2.400000e+01
     vertex -1.014588e+02 -2.521659e+01  2.400000e+01
   endloop
 endfacet
 facet normal  0.000000e+00  0.000000e+00  1.000000e+00
   outer loop
     vertex -1.026765e+02 -1.555442e+00  2.400000e+01
     vertex -1.026359e+02 -2.637364e+01  2.400000e+01
     vertex -1.026328e+02 -1.631577e+00  2.400000e+01
   endloop
 endfacet
 facet normal  0.000000e+00  0.000000e+00  1.000000e+00
   outer loop
     vertex -1.026765e+02 -1.555442e+00  2.400000e+01
     vertex -1.026795e+02 -2.644991e+01  2.400000e+01
     vertex -1.026359e+02 -2.637364e+01  2.400000e+01
   endloop
 endfacet
 facet normal  0.000000e+00  0.000000e+00  1.000000e+00
   outer loop
     vertex -1.013776e+02 -2.827947e+00  2.400000e+01
     vertex -1.013818e+02 -2.517429e+01  2.400000e+01
     vertex -1.013037e+02 -2.513413e+01  2.400000e+01
   endloop
 endfacet
 facet normal  0.000000e+00  0.000000e+00  1.000000e+00
   outer loop
     vertex -1.013776e+02 -2.827947e+00  2.400000e+01
     vertex -1.014546e+02 -2.785799e+00  2.400000e+01
     vertex -1.013818e+02 -2.517429e+01  2.400000e+01
   endloop
 endfacet
 facet normal  0.000000e+00  0.000000e+00  1.000000e+00
   outer loop
     vertex -1.027182e+02 -1.478136e+00  2.400000e+01
     vertex -1.026795e+02 -2.644991e+01  2.400000e+01
     vertex -1.026765e+02 -1.555442e+00  2.400000e+01
   endloop
 endfacet
 facet normal  0.000000e+00  0.000000e+00  1.000000e+00
   outer loop
     vertex -1.027182e+02 -1.478136e+00  2.400000e+01
     vertex -1.027210e+02 -2.652735e+01  2.400000e+01
     vertex -1.026795e+02 -2.644991e+01  2.400000e+01
   endloop
 endfacet
 facet normal  0.000000e+00  0.000000e+00  1.000000e+00
   outer loop
     vertex -1.012994e+02 -2.867967e+00  2.400000e+01
     vertex -1.013037e+02 -2.513413e+01  2.400000e+01
     vertex -1.012244e+02 -2.509612e+01  2.400000e+01
   endloop
 endfacet
 facet normal  0.000000e+00  0.000000e+00  1.000000e+00
   outer loop
     vertex -1.012994e+02 -2.867967e+00  2.400000e+01
     vertex -1.013776e+02 -2.827947e+00  2.400000e+01
     vertex -1.013037e+02 -2.513413e+01  2.400000e+01
   endloop
 endfacet
 facet normal  0.000000e+00  0.000000e+00  1.000000e+00
   outer loop
     vertex -1.027576e+02 -1.399718e+00  2.400000e+01
     vertex -1.027210e+02 -2.652735e+01  2.400000e+01
     vertex -1.027182e+02 -1.478136e+00  2.400000e+01
   endloop
 endfacet
 facet normal  0.000000e+00  0.000000e+00  1.000000e+00
   outer loop
     vertex -1.027576e+02 -1.399718e+00  2.400000e+01
     vertex -1.027604e+02 -2.660590e+01  2.400000e+01
     vertex -1.027210e+02 -2.652735e+01  2.400000e+01
   endloop
 endfacet
 facet normal  0.000000e+00  0.000000e+00  1.000000e+00
   outer loop
     vertex -1.012202e+02 -2.905828e+00  2.400000e+01
     vertex -1.012994e+02 -2.867967e+00  2.400000e+01
     vertex -1.012244e+02 -2.509612e+01  2.400000e+01
   endloop
 endfacet
 facet normal  0.000000e+00  0.000000e+00  1.000000e+00
   outer loop
     vertex -1.012202e+02 -2.905828e+00  2.400000e+01
     vertex -1.012244e+02 -2.509612e+01  2.400000e+01
     vertex -1.011442e+02 -2.506031e+01  2.400000e+01
   endloop
 endfacet
 facet normal  0.000000e+00  0.000000e+00  1.000000e+00
   outer loop
     vertex -1.027950e+02 -1.320246e+00  2.400000e+01
     vertex -1.027976e+02 -2.668551e+01  2.400000e+01
     vertex -1.027604e+02 -2.660590e+01  2.400000e+01
   endloop
 endfacet
 facet normal  0.000000e+00  0.000000e+00  1.000000e+00
   outer loop
     vertex -1.027950e+02 -1.320246e+00  2.400000e+01
     vertex -1.027604e+02 -2.660590e+01  2.400000e+01
     vertex -1.027576e+02 -1.399718e+00  2.400000e+01
   endloop
 endfacet
 facet normal  0.000000e+00  0.000000e+00  1.000000e+00
   outer loop
     vertex -1.011400e+02 -2.941502e+00  2.400000e+01
     vertex -1.012202e+02 -2.905828e+00  2.400000e+01
     vertex -1.011442e+02 -2.506031e+01  2.400000e+01
   endloop
 endfacet
 facet normal  0.000000e+00  0.000000e+00  1.000000e+00
   outer loop
     vertex -1.011400e+02 -2.941502e+00  2.400000e+01
     vertex -1.011442e+02 -2.506031e+01  2.400000e+01
     vertex -1.010630e+02 -2.502671e+01  2.400000e+01
   endloop
 endfacet
 facet normal  0.000000e+00  0.000000e+00  1.000000e+00
   outer loop
     vertex -1.028301e+02 -1.239780e+00  2.400000e+01
     vertex -1.027976e+02 -2.668551e+01  2.400000e+01
     vertex -1.027950e+02 -1.320246e+00  2.400000e+01
   endloop
 endfacet
 facet normal  0.000000e+00  0.000000e+00  1.000000e+00
   outer loop
     vertex -1.028301e+02 -1.239780e+00  2.400000e+01
     vertex -1.028325e+02 -2.676610e+01  2.400000e+01
     vertex -1.027976e+02 -2.668551e+01  2.400000e+01
   endloop
 endfacet
 facet normal  0.000000e+00  0.000000e+00  1.000000e+00
   outer loop
     vertex -1.010588e+02 -2.974961e+00  2.400000e+01
     vertex -1.010630e+02 -2.502671e+01  2.400000e+01
     vertex -1.009809e+02 -2.499535e+01  2.400000e+01
   endloop
 endfacet
 facet normal  0.000000e+00  0.000000e+00  1.000000e+00
   outer loop
     vertex -1.010588e+02 -2.974961e+00  2.400000e+01
     vertex -1.011400e+02 -2.941502e+00  2.400000e+01
     vertex -1.010630e+02 -2.502671e+01  2.400000e+01
   endloop
 endfacet
 facet normal  0.000000e+00  0.000000e+00  1.000000e+00
   outer loop
     vertex -1.028630e+02 -1.158381e+00  2.400000e+01
     vertex -1.028325e+02 -2.676610e+01  2.400000e+01
     vertex -1.028301e+02 -1.239780e+00  2.400000e+01
   endloop
 endfacet
 facet normal  0.000000e+00  0.000000e+00  1.000000e+00
   outer loop
     vertex -1.028630e+02 -1.158381e+00  2.400000e+01
     vertex -1.028653e+02 -2.684762e+01  2.400000e+01
     vertex -1.028325e+02 -2.676610e+01  2.400000e+01
   endloop
 endfacet
 facet normal  0.000000e+00  0.000000e+00  1.000000e+00
   outer loop
     vertex -1.009768e+02 -3.006181e+00  2.400000e+01
     vertex -1.010588e+02 -2.974961e+00  2.400000e+01
     vertex -1.009809e+02 -2.499535e+01  2.400000e+01
   endloop
 endfacet
 facet normal  0.000000e+00  0.000000e+00  1.000000e+00
   outer loop
     vertex -1.009768e+02 -3.006181e+00  2.400000e+01
     vertex -1.009809e+02 -2.499535e+01  2.400000e+01
     vertex -1.008980e+02 -2.496626e+01  2.400000e+01
   endloop
 endfacet
 facet normal  0.000000e+00  0.000000e+00  1.000000e+00
   outer loop
     vertex -1.028936e+02 -1.076110e+00  2.400000e+01
     vertex -1.028653e+02 -2.684762e+01  2.400000e+01
     vertex -1.028630e+02 -1.158381e+00  2.400000e+01
   endloop
 endfacet
 facet normal  0.000000e+00  0.000000e+00  1.000000e+00
   outer loop
     vertex -1.028936e+02 -1.076110e+00  2.400000e+01
     vertex -1.028958e+02 -2.693002e+01  2.400000e+01
     vertex -1.028653e+02 -2.684762e+01  2.400000e+01
   endloop
 endfacet
 facet normal  0.000000e+00  0.000000e+00  1.000000e+00
   outer loop
     vertex -1.008939e+02 -3.035138e+00  2.400000e+01
     vertex -1.008980e+02 -2.496626e+01  2.400000e+01
     vertex -1.008144e+02 -2.493945e+01  2.400000e+01
   endloop
 endfacet
 facet normal  0.000000e+00  0.000000e+00  1.000000e+00
   outer loop
     vertex -1.008939e+02 -3.035138e+00  2.400000e+01
     vertex -1.009768e+02 -3.006181e+00  2.400000e+01
     vertex -1.008980e+02 -2.496626e+01  2.400000e+01
   endloop
 endfacet
 facet normal  0.000000e+00  0.000000e+00  1.000000e+00
   outer loop
     vertex -1.029220e+02 -9.930286e-01  2.400000e+01
     vertex -1.028958e+02 -2.693002e+01  2.400000e+01
     vertex -1.028936e+02 -1.076110e+00  2.400000e+01
   endloop
 endfacet
 facet normal  0.000000e+00  0.000000e+00  1.000000e+00
   outer loop
     vertex -1.029220e+02 -9.930286e-01  2.400000e+01
     vertex -1.029241e+02 -2.701322e+01  2.400000e+01
     vertex -1.028958e+02 -2.693002e+01  2.400000e+01
   endloop
 endfacet
 facet normal  0.000000e+00  0.000000e+00  1.000000e+00
   outer loop
     vertex -1.008102e+02 -3.061811e+00  2.400000e+01
     vertex -1.008939e+02 -3.035138e+00  2.400000e+01
     vertex -1.008144e+02 -2.493945e+01  2.400000e+01
   endloop
 endfacet
 facet normal  0.000000e+00  0.000000e+00  1.000000e+00
   outer loop
     vertex -1.008102e+02 -3.061811e+00  2.400000e+01
     vertex -1.008144e+02 -2.493945e+01  2.400000e+01
     vertex -1.007300e+02 -2.491495e+01  2.400000e+01
   endloop
 endfacet
 facet normal  0.000000e+00  0.000000e+00  1.000000e+00
   outer loop
     vertex -1.029481e+02 -9.091999e-01  2.400000e+01
     vertex -1.029241e+02 -2.701322e+01  2.400000e+01
     vertex -1.029220e+02 -9.930286e-01  2.400000e+01
   endloop
 endfacet
 facet normal  0.000000e+00  0.000000e+00  1.000000e+00
   outer loop
     vertex -1.029481e+02 -9.091999e-01  2.400000e+01
     vertex -1.029500e+02 -2.709716e+01  2.400000e+01
     vertex -1.029241e+02 -2.701322e+01  2.400000e+01
   endloop
 endfacet
 facet normal  0.000000e+00  0.000000e+00  1.000000e+00
   outer loop
     vertex -1.007259e+02 -3.086178e+00  2.400000e+01
     vertex -1.007300e+02 -2.491495e+01  2.400000e+01
     vertex -1.006450e+02 -2.489278e+01  2.400000e+01
   endloop
 endfacet
 facet normal  0.000000e+00  0.000000e+00  1.000000e+00
   outer loop
     vertex -1.007259e+02 -3.086178e+00  2.400000e+01
     vertex -1.008102e+02 -3.061811e+00  2.400000e+01
     vertex -1.007300e+02 -2.491495e+01  2.400000e+01
   endloop
 endfacet
 facet normal  0.000000e+00  0.000000e+00  1.000000e+00
   outer loop
     vertex -1.029719e+02 -8.246867e-01  2.400000e+01
     vertex -1.029500e+02 -2.709716e+01  2.400000e+01
     vertex -1.029481e+02 -9.091999e-01  2.400000e+01
   endloop
 endfacet
 facet normal  0.000000e+00  0.000000e+00  1.000000e+00
   outer loop
     vertex -1.029719e+02 -8.246867e-01  2.400000e+01
     vertex -1.029736e+02 -2.718178e+01  2.400000e+01
     vertex -1.029500e+02 -2.709716e+01  2.400000e+01
   endloop
 endfacet
 facet normal  0.000000e+00  0.000000e+00  1.000000e+00
   outer loop
     vertex -1.006409e+02 -3.108222e+00  2.400000e+01
     vertex -1.006450e+02 -2.489278e+01  2.400000e+01
     vertex -1.005594e+02 -2.487295e+01  2.400000e+01
   endloop
 endfacet
 facet normal  0.000000e+00  0.000000e+00  1.000000e+00
   outer loop
     vertex -1.006409e+02 -3.108222e+00  2.400000e+01
     vertex -1.007259e+02 -3.086178e+00  2.400000e+01
     vertex -1.006450e+02 -2.489278e+01  2.400000e+01
   endloop
 endfacet
 facet normal  0.000000e+00  0.000000e+00  1.000000e+00
   outer loop
     vertex -1.029934e+02 -7.395528e-01  2.400000e+01
     vertex -1.029736e+02 -2.718178e+01  2.400000e+01
     vertex -1.029719e+02 -8.246867e-01  2.400000e+01
   endloop
 endfacet
 facet normal  0.000000e+00  0.000000e+00  1.000000e+00
   outer loop
     vertex -1.029934e+02 -7.395528e-01  2.400000e+01
     vertex -1.029949e+02 -2.726702e+01  2.400000e+01
     vertex -1.029736e+02 -2.718178e+01  2.400000e+01
   endloop
 endfacet
 facet normal  0.000000e+00  0.000000e+00  1.000000e+00
   outer loop
     vertex -1.005553e+02 -3.127927e+00  2.400000e+01
     vertex -1.005594e+02 -2.487295e+01  2.400000e+01
     vertex -1.004733e+02 -2.485548e+01  2.400000e+01
   endloop
 endfacet
 facet normal  0.000000e+00  0.000000e+00  1.000000e+00
   outer loop
     vertex -1.005553e+02 -3.127927e+00  2.400000e+01
     vertex -1.006409e+02 -3.108222e+00  2.400000e+01
     vertex -1.005594e+02 -2.487295e+01  2.400000e+01
   endloop
 endfacet
 facet normal  0.000000e+00  0.000000e+00  1.000000e+00
   outer loop
     vertex -1.030125e+02 -6.538621e-01  2.400000e+01
     vertex -1.029949e+02 -2.726702e+01  2.400000e+01
     vertex -1.029934e+02 -7.395528e-01  2.400000e+01
   endloop
 endfacet
 facet normal  0.000000e+00  0.000000e+00  1.000000e+00
   outer loop
     vertex -1.030125e+02 -6.538621e-01  2.400000e+01
     vertex -1.030139e+02 -2.735282e+01  2.400000e+01
     vertex -1.029949e+02 -2.726702e+01  2.400000e+01
   endloop
 endfacet
 facet normal  0.000000e+00  0.000000e+00  1.000000e+00
   outer loop
     vertex -1.004693e+02 -3.145276e+00  2.400000e+01
     vertex -1.005553e+02 -3.127927e+00  2.400000e+01
     vertex -1.004733e+02 -2.485548e+01  2.400000e+01
   endloop
 endfacet
 facet normal  0.000000e+00  0.000000e+00  1.000000e+00
   outer loop
     vertex -1.004693e+02 -3.145276e+00  2.400000e+01
     vertex -1.004733e+02 -2.485548e+01  2.400000e+01
     vertex -1.003867e+02 -2.484038e+01  2.400000e+01
   endloop
 endfacet
 facet normal  0.000000e+00  0.000000e+00  1.000000e+00
   outer loop
     vertex -1.030292e+02 -5.676793e-01  2.400000e+01
     vertex -1.030139e+02 -2.735282e+01  2.400000e+01
     vertex -1.030125e+02 -6.538621e-01  2.400000e+01
   endloop
 endfacet
 facet normal  0.000000e+00  0.000000e+00  1.000000e+00
   outer loop
     vertex -1.030292e+02 -5.676793e-01  2.400000e+01
     vertex -1.030305e+02 -2.743910e+01  2.400000e+01
     vertex -1.030139e+02 -2.735282e+01  2.400000e+01
   endloop
 endfacet
 facet normal  0.000000e+00  0.000000e+00  1.000000e+00
   outer loop
     vertex -1.003828e+02 -3.160259e+00  2.400000e+01
     vertex -1.003867e+02 -2.484038e+01  2.400000e+01
     vertex -1.002998e+02 -2.482765e+01  2.400000e+01
   endloop
 endfacet
 facet normal  0.000000e+00  0.000000e+00  1.000000e+00
   outer loop
     vertex -1.003828e+02 -3.160259e+00  2.400000e+01
     vertex -1.004693e+02 -3.145276e+00  2.400000e+01
     vertex -1.003867e+02 -2.484038e+01  2.400000e+01
   endloop
 endfacet
 facet normal  0.000000e+00  0.000000e+00  1.000000e+00
   outer loop
     vertex -1.030436e+02 -4.810691e-01  2.400000e+01
     vertex -1.248800e+02 -7.520000e+01  2.400000e+01
     vertex -1.030447e+02 -2.752580e+01  2.400000e+01
   endloop
 endfacet
 facet normal  0.000000e+00  0.000000e+00  1.000000e+00
   outer loop
     vertex -1.030436e+02 -4.810691e-01  2.400000e+01
     vertex -1.030305e+02 -2.743910e+01  2.400000e+01
     vertex -1.030292e+02 -5.676793e-01  2.400000e+01
   endloop
 endfacet
 facet normal  0.000000e+00  0.000000e+00  1.000000e+00
   outer loop
     vertex -1.030436e+02 -4.810691e-01  2.400000e+01
     vertex -1.030447e+02 -2.752580e+01  2.400000e+01
     vertex -1.030305e+02 -2.743910e+01  2.400000e+01
   endloop
 endfacet
 facet normal  0.000000e+00  0.000000e+00  1.000000e+00
   outer loop
     vertex -1.002959e+02 -3.172862e+00  2.400000e+01
     vertex -1.002998e+02 -2.482765e+01  2.400000e+01
     vertex -1.002125e+02 -2.481733e+01  2.400000e+01
   endloop
 endfacet
 facet normal  0.000000e+00  0.000000e+00  1.000000e+00
   outer loop
     vertex -1.002959e+02 -3.172862e+00  2.400000e+01
     vertex -1.003828e+02 -3.160259e+00  2.400000e+01
     vertex -1.002998e+02 -2.482765e+01  2.400000e+01
   endloop
 endfacet
 facet normal  0.000000e+00  0.000000e+00  1.000000e+00
   outer loop
     vertex -1.030556e+02 -3.940968e-01  2.400000e+01
     vertex -1.248800e+02 -7.520000e+01  2.400000e+01
     vertex -1.030436e+02 -4.810691e-01  2.400000e+01
   endloop
 endfacet
 facet normal  0.000000e+00  0.000000e+00  1.000000e+00
   outer loop
     vertex -1.002087e+02 -3.183077e+00  2.400000e+01
     vertex -1.002959e+02 -3.172862e+00  2.400000e+01
     vertex -1.002125e+02 -2.481733e+01  2.400000e+01
   endloop
 endfacet
 facet normal  0.000000e+00  0.000000e+00  1.000000e+00
   outer loop
     vertex -1.002087e+02 -3.183077e+00  2.400000e+01
     vertex -1.002125e+02 -2.481733e+01  2.400000e+01
     vertex -1.001250e+02 -2.480940e+01  2.400000e+01
   endloop
 endfacet
 facet normal  0.000000e+00  0.000000e+00  1.000000e+00
   outer loop
     vertex -1.030653e+02 -3.068278e-01  2.400000e+01
     vertex -1.248800e+02 -7.520000e+01  2.400000e+01
     vertex -1.030556e+02 -3.940968e-01  2.400000e+01
   endloop
 endfacet
 facet normal  0.000000e+00  0.000000e+00  1.000000e+00
   outer loop
     vertex -1.001212e+02 -3.190895e+00  2.400000e+01
     vertex -1.002087e+02 -3.183077e+00  2.400000e+01
     vertex -1.001250e+02 -2.480940e+01  2.400000e+01
   endloop
 endfacet
 facet normal  0.000000e+00  0.000000e+00  1.000000e+00
   outer loop
     vertex -1.001212e+02 -3.190895e+00  2.400000e+01
     vertex -1.001250e+02 -2.480940e+01  2.400000e+01
     vertex -1.000373e+02 -2.480387e+01  2.400000e+01
   endloop
 endfacet
 facet normal  0.000000e+00  0.000000e+00  1.000000e+00
   outer loop
     vertex -1.030725e+02 -2.193278e-01  2.400000e+01
     vertex -1.248800e+02 -7.520000e+01  2.400000e+01
     vertex -1.030653e+02 -3.068278e-01  2.400000e+01
   endloop
 endfacet
 facet normal  0.000000e+00  0.000000e+00  1.000000e+00
   outer loop
     vertex -1.000336e+02 -3.196312e+00  2.400000e+01
     vertex -1.000373e+02 -2.480387e+01  2.400000e+01
     vertex -9.994954e+01 -2.480076e+01  2.400000e+01
   endloop
 endfacet
 facet normal  0.000000e+00  0.000000e+00  1.000000e+00
   outer loop
     vertex -1.000336e+02 -3.196312e+00  2.400000e+01
     vertex -1.001212e+02 -3.190895e+00  2.400000e+01
     vertex -1.000373e+02 -2.480387e+01  2.400000e+01
   endloop
 endfacet
 facet normal  0.000000e+00  0.000000e+00  1.000000e+00
   outer loop
     vertex -1.030773e+02 -1.316628e-01  2.400000e+01
     vertex -1.248800e+02 -7.520000e+01  2.400000e+01
     vertex -1.030725e+02 -2.193278e-01  2.400000e+01
   endloop
 endfacet
 facet normal  0.000000e+00  0.000000e+00  1.000000e+00
   outer loop
     vertex -9.994585e+01 -3.199322e+00  2.400000e+01
     vertex -9.994954e+01 -2.480076e+01  2.400000e+01
     vertex -9.986168e+01 -2.480005e+01  2.400000e+01
   endloop
 endfacet
 facet normal  0.000000e+00  0.000000e+00  1.000000e+00
   outer loop
     vertex -9.994585e+01 -3.199322e+00  2.400000e+01
     vertex -1.000336e+02 -3.196312e+00  2.400000e+01
     vertex -9.994954e+01 -2.480076e+01  2.400000e+01
   endloop
 endfacet
 facet normal  0.000000e+00  0.000000e+00  1.000000e+00
   outer loop
     vertex -1.030797e+02 -4.389861e-02  2.400000e+01
     vertex -1.248800e+02 -7.520000e+01  2.400000e+01
     vertex -1.030773e+02 -1.316628e-01  2.400000e+01
   endloop
 endfacet
 facet normal  0.000000e+00  0.000000e+00  1.000000e+00
   outer loop
     vertex -9.985805e+01 -3.199925e+00  2.400000e+01
     vertex -9.986168e+01 -2.480005e+01  2.400000e+01
     vertex -9.977384e+01 -2.480176e+01  2.400000e+01
   endloop
 endfacet
 facet normal  0.000000e+00  0.000000e+00  1.000000e+00
   outer loop
     vertex -9.985805e+01 -3.199925e+00  2.400000e+01
     vertex -9.994585e+01 -3.199322e+00  2.400000e+01
     vertex -9.986168e+01 -2.480005e+01  2.400000e+01
   endloop
 endfacet
 facet normal  0.000000e+00  0.000000e+00  1.000000e+00
   outer loop
     vertex -9.977027e+01 -3.198118e+00  2.400000e+01
     vertex -9.985805e+01 -3.199925e+00  2.400000e+01
     vertex -9.977384e+01 -2.480176e+01  2.400000e+01
   endloop
 endfacet
 facet normal  0.000000e+00  0.000000e+00  1.000000e+00
   outer loop
     vertex -9.977027e+01 -3.198118e+00  2.400000e+01
     vertex -9.977384e+01 -2.480176e+01  2.400000e+01
     vertex -9.968608e+01 -2.480588e+01  2.400000e+01
   endloop
 endfacet
 facet normal  0.000000e+00  0.000000e+00  1.000000e+00
   outer loop
     vertex -9.968258e+01 -3.193904e+00  2.400000e+01
     vertex -9.968608e+01 -2.480588e+01  2.400000e+01
     vertex -9.959846e+01 -2.481241e+01  2.400000e+01
   endloop
 endfacet
 facet normal  0.000000e+00  0.000000e+00  1.000000e+00
   outer loop
     vertex -9.968258e+01 -3.193904e+00  2.400000e+01
     vertex -9.977027e+01 -3.198118e+00  2.400000e+01
     vertex -9.968608e+01 -2.480588e+01  2.400000e+01
   endloop
 endfacet
 facet normal  0.000000e+00  0.000000e+00  1.000000e+00
   outer loop
     vertex -9.959503e+01 -3.187286e+00  2.400000e+01
     vertex -9.959846e+01 -2.481241e+01  2.400000e+01
     vertex -9.951105e+01 -2.482134e+01  2.400000e+01
   endloop
 endfacet
 facet normal  0.000000e+00  0.000000e+00  1.000000e+00
   outer loop
     vertex -9.959503e+01 -3.187286e+00  2.400000e+01
     vertex -9.968258e+01 -3.193904e+00  2.400000e+01
     vertex -9.959846e+01 -2.481241e+01  2.400000e+01
   endloop
 endfacet
 facet normal  0.000000e+00  0.000000e+00  1.000000e+00
   outer loop
     vertex -9.950770e+01 -3.178268e+00  2.400000e+01
     vertex -9.951105e+01 -2.482134e+01  2.400000e+01
     vertex -9.942392e+01 -2.483267e+01  2.400000e+01
   endloop
 endfacet
 facet normal  0.000000e+00  0.000000e+00  1.000000e+00
   outer loop
     vertex -9.950770e+01 -3.178268e+00  2.400000e+01
     vertex -9.959503e+01 -3.187286e+00  2.400000e+01
     vertex -9.951105e+01 -2.482134e+01  2.400000e+01
   endloop
 endfacet
 facet normal  0.000000e+00  0.000000e+00  1.000000e+00
   outer loop
     vertex -9.942064e+01 -3.166858e+00  2.400000e+01
     vertex -9.942392e+01 -2.483267e+01  2.400000e+01
     vertex -9.933714e+01 -2.484638e+01  2.400000e+01
   endloop
 endfacet
 facet normal  0.000000e+00  0.000000e+00  1.000000e+00
   outer loop
     vertex -9.942064e+01 -3.166858e+00  2.400000e+01
     vertex -9.950770e+01 -3.178268e+00  2.400000e+01
     vertex -9.942392e+01 -2.483267e+01  2.400000e+01
   endloop
 endfacet
 facet normal  0.000000e+00  0.000000e+00  1.000000e+00
   outer loop
     vertex -9.933394e+01 -3.153064e+00  2.400000e+01
     vertex -9.942064e+01 -3.166858e+00  2.400000e+01
     vertex -9.933714e+01 -2.484638e+01  2.400000e+01
   endloop
 endfacet
 facet normal  0.000000e+00  0.000000e+00  1.000000e+00
   outer loop
     vertex -9.933394e+01 -3.153064e+00  2.400000e+01
     vertex -9.933714e+01 -2.484638e+01  2.400000e+01
     vertex -9.925077e+01 -2.486247e+01  2.400000e+01
   endloop
 endfacet
 facet normal  0.000000e+00  0.000000e+00  1.000000e+00
   outer loop
     vertex -9.924764e+01 -3.136897e+00  2.400000e+01
     vertex -9.925077e+01 -2.486247e+01  2.400000e+01
     vertex -9.916487e+01 -2.488093e+01  2.400000e+01
   endloop
 endfacet
 facet normal  0.000000e+00  0.000000e+00  1.000000e+00
   outer loop
     vertex -9.924764e+01 -3.136897e+00  2.400000e+01
     vertex -9.933394e+01 -3.153064e+00  2.400000e+01
     vertex -9.925077e+01 -2.486247e+01  2.400000e+01
   endloop
 endfacet
 facet normal  0.000000e+00  0.000000e+00  1.000000e+00
   outer loop
     vertex -9.916182e+01 -3.118368e+00  2.400000e+01
     vertex -9.916487e+01 -2.488093e+01  2.400000e+01
     vertex -9.907950e+01 -2.490174e+01  2.400000e+01
   endloop
 endfacet
 facet normal  0.000000e+00  0.000000e+00  1.000000e+00
   outer loop
     vertex -9.916182e+01 -3.118368e+00  2.400000e+01
     vertex -9.924764e+01 -3.136897e+00  2.400000e+01
     vertex -9.916487e+01 -2.488093e+01  2.400000e+01
   endloop
 endfacet
 facet normal  0.000000e+00  0.000000e+00  1.000000e+00
   outer loop
     vertex -9.907654e+01 -3.097492e+00  2.400000e+01
     vertex -9.907950e+01 -2.490174e+01  2.400000e+01
     vertex -9.899475e+01 -2.492489e+01  2.400000e+01
   endloop
 endfacet
 facet normal  0.000000e+00  0.000000e+00  1.000000e+00
   outer loop
     vertex -9.907654e+01 -3.097492e+00  2.400000e+01
     vertex -9.916182e+01 -3.118368e+00  2.400000e+01
     vertex -9.907950e+01 -2.490174e+01  2.400000e+01
   endloop
 endfacet
 facet normal  0.000000e+00  0.000000e+00  1.000000e+00
   outer loop
     vertex -9.899187e+01 -3.074284e+00  2.400000e+01
     vertex -9.899475e+01 -2.492489e+01  2.400000e+01
     vertex -9.891066e+01 -2.495035e+01  2.400000e+01
   endloop
 endfacet
 facet normal  0.000000e+00  0.000000e+00  1.000000e+00
   outer loop
     vertex -9.899187e+01 -3.074284e+00  2.400000e+01
     vertex -9.907654e+01 -3.097492e+00  2.400000e+01
     vertex -9.899475e+01 -2.492489e+01  2.400000e+01
   endloop
 endfacet
 facet normal  0.000000e+00  0.000000e+00  1.000000e+00
   outer loop
     vertex -9.890786e+01 -3.048761e+00  2.400000e+01
     vertex -9.891066e+01 -2.495035e+01  2.400000e+01
     vertex -9.882730e+01 -2.497811e+01  2.400000e+01
   endloop
 endfacet
 facet normal  0.000000e+00  0.000000e+00  1.000000e+00
   outer loop
     vertex -9.890786e+01 -3.048761e+00  2.400000e+01
     vertex -9.899187e+01 -3.074284e+00  2.400000e+01
     vertex -9.891066e+01 -2.495035e+01  2.400000e+01
   endloop
 endfacet
 facet normal  0.000000e+00  0.000000e+00  1.000000e+00
   outer loop
     vertex -9.882459e+01 -3.020944e+00  2.400000e+01
     vertex -9.890786e+01 -3.048761e+00  2.400000e+01
     vertex -9.882730e+01 -2.497811e+01  2.400000e+01
   endloop
 endfacet
 facet normal  0.000000e+00  0.000000e+00  1.000000e+00
   outer loop
     vertex -9.882459e+01 -3.020944e+00  2.400000e+01
     vertex -9.882730e+01 -2.497811e+01  2.400000e+01
     vertex -9.874473e+01 -2.500815e+01  2.400000e+01
   endloop
 endfacet
 facet normal  0.000000e+00  0.000000e+00  1.000000e+00
   outer loop
     vertex -9.874211e+01 -2.990853e+00  2.400000e+01
     vertex -9.874473e+01 -2.500815e+01  2.400000e+01
     vertex -9.866302e+01 -2.504045e+01  2.400000e+01
   endloop
 endfacet
 facet normal  0.000000e+00  0.000000e+00  1.000000e+00
   outer loop
     vertex -9.874211e+01 -2.990853e+00  2.400000e+01
     vertex -9.882459e+01 -3.020944e+00  2.400000e+01
     vertex -9.874473e+01 -2.500815e+01  2.400000e+01
   endloop
 endfacet
 facet normal  0.000000e+00  0.000000e+00  1.000000e+00
   outer loop
     vertex -9.866048e+01 -2.958510e+00  2.400000e+01
     vertex -9.866302e+01 -2.504045e+01  2.400000e+01
     vertex -9.858223e+01 -2.507497e+01  2.400000e+01
   endloop
 endfacet
 facet normal  0.000000e+00  0.000000e+00  1.000000e+00
   outer loop
     vertex -9.866048e+01 -2.958510e+00  2.400000e+01
     vertex -9.874211e+01 -2.990853e+00  2.400000e+01
     vertex -9.866302e+01 -2.504045e+01  2.400000e+01
   endloop
 endfacet
 facet normal  0.000000e+00  0.000000e+00  1.000000e+00
   outer loop
     vertex -9.857978e+01 -2.923940e+00  2.400000e+01
     vertex -9.858223e+01 -2.507497e+01  2.400000e+01
     vertex -9.850241e+01 -2.511170e+01  2.400000e+01
   endloop
 endfacet
 facet normal  0.000000e+00  0.000000e+00  1.000000e+00
   outer loop
     vertex -9.857978e+01 -2.923940e+00  2.400000e+01
     vertex -9.866048e+01 -2.958510e+00  2.400000e+01
     vertex -9.858223e+01 -2.507497e+01  2.400000e+01
   endloop
 endfacet
 facet normal  0.000000e+00  0.000000e+00  1.000000e+00
   outer loop
     vertex -9.850005e+01 -2.887170e+00  2.400000e+01
     vertex -9.857978e+01 -2.923940e+00  2.400000e+01
     vertex -9.850241e+01 -2.511170e+01  2.400000e+01
   endloop
 endfacet
 facet normal  0.000000e+00  0.000000e+00  1.000000e+00
   outer loop
     vertex -9.850005e+01 -2.887170e+00  2.400000e+01
     vertex -9.850241e+01 -2.511170e+01  2.400000e+01
     vertex -9.842364e+01 -2.515061e+01  2.400000e+01
   endloop
 endfacet
 facet normal  0.000000e+00  0.000000e+00  1.000000e+00
   outer loop
     vertex -9.842137e+01 -2.848225e+00  2.400000e+01
     vertex -9.842364e+01 -2.515061e+01  2.400000e+01
     vertex -9.834596e+01 -2.519167e+01  2.400000e+01
   endloop
 endfacet
 facet normal  0.000000e+00  0.000000e+00  1.000000e+00
   outer loop
     vertex -9.842137e+01 -2.848225e+00  2.400000e+01
     vertex -9.850005e+01 -2.887170e+00  2.400000e+01
     vertex -9.842364e+01 -2.515061e+01  2.400000e+01
   endloop
 endfacet
 facet normal  0.000000e+00  0.000000e+00  1.000000e+00
   outer loop
     vertex -9.834378e+01 -2.807137e+00  2.400000e+01
     vertex -9.834596e+01 -2.519167e+01  2.400000e+01
     vertex -9.826944e+01 -2.523484e+01  2.400000e+01
   endloop
 endfacet
 facet normal  0.000000e+00  0.000000e+00  1.000000e+00
   outer loop
     vertex -9.834378e+01 -2.807137e+00  2.400000e+01
     vertex -9.842137e+01 -2.848225e+00  2.400000e+01
     vertex -9.834596e+01 -2.519167e+01  2.400000e+01
   endloop
 endfacet
 facet normal  0.000000e+00  0.000000e+00  1.000000e+00
   outer loop
     vertex -9.826734e+01 -2.763936e+00  2.400000e+01
     vertex -9.826944e+01 -2.523484e+01  2.400000e+01
     vertex -9.819413e+01 -2.528010e+01  2.400000e+01
   endloop
 endfacet
 facet normal  0.000000e+00  0.000000e+00  1.000000e+00
   outer loop
     vertex -9.826734e+01 -2.763936e+00  2.400000e+01
     vertex -9.834378e+01 -2.807137e+00  2.400000e+01
     vertex -9.826944e+01 -2.523484e+01  2.400000e+01
   endloop
 endfacet
 facet normal  0.000000e+00  0.000000e+00  1.000000e+00
   outer loop
     vertex -9.819212e+01 -2.718654e+00  2.400000e+01
     vertex -9.819413e+01 -2.528010e+01  2.400000e+01
     vertex -9.812009e+01 -2.532741e+01  2.400000e+01
   endloop
 endfacet
 facet normal  0.000000e+00  0.000000e+00  1.000000e+00
   outer loop
     vertex -9.819212e+01 -2.718654e+00  2.400000e+01
     vertex -9.826734e+01 -2.763936e+00  2.400000e+01
     vertex -9.819413e+01 -2.528010e+01  2.400000e+01
   endloop
 endfacet
 facet normal  0.000000e+00  0.000000e+00  1.000000e+00
   outer loop
     vertex -9.811818e+01 -2.671325e+00  2.400000e+01
     vertex -9.812009e+01 -2.532741e+01  2.400000e+01
     vertex -9.804738e+01 -2.537674e+01  2.400000e+01
   endloop
 endfacet
 facet normal  0.000000e+00  0.000000e+00  1.000000e+00
   outer loop
     vertex -9.811818e+01 -2.671325e+00  2.400000e+01
     vertex -9.819212e+01 -2.718654e+00  2.400000e+01
     vertex -9.812009e+01 -2.532741e+01  2.400000e+01
   endloop
 endfacet
 facet normal  0.000000e+00  0.000000e+00  1.000000e+00
   outer loop
     vertex -9.804555e+01 -2.621986e+00  2.400000e+01
     vertex -9.804738e+01 -2.537674e+01  2.400000e+01
     vertex -9.797606e+01 -2.542804e+01  2.400000e+01
   endloop
 endfacet
 facet normal  0.000000e+00  0.000000e+00  1.000000e+00
   outer loop
     vertex -9.804555e+01 -2.621986e+00  2.400000e+01
     vertex -9.811818e+01 -2.671325e+00  2.400000e+01
     vertex -9.804738e+01 -2.537674e+01  2.400000e+01
   endloop
 endfacet
 facet normal  0.000000e+00  0.000000e+00  1.000000e+00
   outer loop
     vertex -9.797431e+01 -2.570673e+00  2.400000e+01
     vertex -9.797606e+01 -2.542804e+01  2.400000e+01
     vertex -9.790616e+01 -2.548128e+01  2.400000e+01
   endloop
 endfacet
 facet normal  0.000000e+00  0.000000e+00  1.000000e+00
   outer loop
     vertex -9.797431e+01 -2.570673e+00  2.400000e+01
     vertex -9.804555e+01 -2.621986e+00  2.400000e+01
     vertex -9.797606e+01 -2.542804e+01  2.400000e+01
   endloop
 endfacet
 facet normal  0.000000e+00  0.000000e+00  1.000000e+00
   outer loop
     vertex -9.790451e+01 -2.517424e+00  2.400000e+01
     vertex -9.790616e+01 -2.548128e+01  2.400000e+01
     vertex -9.783776e+01 -2.553642e+01  2.400000e+01
   endloop
 endfacet
 facet normal  0.000000e+00  0.000000e+00  1.000000e+00
   outer loop
     vertex -9.790451e+01 -2.517424e+00  2.400000e+01
     vertex -9.797431e+01 -2.570673e+00  2.400000e+01
     vertex -9.790616e+01 -2.548128e+01  2.400000e+01
   endloop
 endfacet
 facet normal  0.000000e+00  0.000000e+00  1.000000e+00
   outer loop
     vertex -9.783619e+01 -2.462281e+00  2.400000e+01
     vertex -9.783776e+01 -2.553642e+01  2.400000e+01
     vertex -9.777089e+01 -2.559341e+01  2.400000e+01
   endloop
 endfacet
 facet normal  0.000000e+00  0.000000e+00  1.000000e+00
   outer loop
     vertex -9.783619e+01 -2.462281e+00  2.400000e+01
     vertex -9.790451e+01 -2.517424e+00  2.400000e+01
     vertex -9.783776e+01 -2.553642e+01  2.400000e+01
   endloop
 endfacet
 facet normal  0.000000e+00  0.000000e+00  1.000000e+00
   outer loop
     vertex -9.776941e+01 -2.405284e+00  2.400000e+01
     vertex -9.777089e+01 -2.559341e+01  2.400000e+01
     vertex -9.770562e+01 -2.565222e+01  2.400000e+01
   endloop
 endfacet
 facet normal  0.000000e+00  0.000000e+00  1.000000e+00
   outer loop
     vertex -9.776941e+01 -2.405284e+00  2.400000e+01
     vertex -9.783619e+01 -2.462281e+00  2.400000e+01
     vertex -9.777089e+01 -2.559341e+01  2.400000e+01
   endloop
 endfacet
 facet normal  0.000000e+00  0.000000e+00  1.000000e+00
   outer loop
     vertex -9.770421e+01 -2.346477e+00  2.400000e+01
     vertex -9.776941e+01 -2.405284e+00  2.400000e+01
     vertex -9.770562e+01 -2.565222e+01  2.400000e+01
   endloop
 endfacet
 facet normal  0.000000e+00  0.000000e+00  1.000000e+00
   outer loop
     vertex -9.770421e+01 -2.346477e+00  2.400000e+01
     vertex -9.770562e+01 -2.565222e+01  2.400000e+01
     vertex -9.764198e+01 -2.571280e+01  2.400000e+01
   endloop
 endfacet
 facet normal  0.000000e+00  0.000000e+00  1.000000e+00
   outer loop
     vertex -9.764066e+01 -2.285903e+00  2.400000e+01
     vertex -9.770421e+01 -2.346477e+00  2.400000e+01
     vertex -9.764198e+01 -2.571280e+01  2.400000e+01
   endloop
 endfacet
 facet normal  0.000000e+00  0.000000e+00  1.000000e+00
   outer loop
     vertex -9.764066e+01 -2.285903e+00  2.400000e+01
     vertex -9.764198e+01 -2.571280e+01  2.400000e+01
     vertex -9.758003e+01 -2.577511e+01  2.400000e+01
   endloop
 endfacet
 facet normal  0.000000e+00  0.000000e+00  1.000000e+00
   outer loop
     vertex -9.757879e+01 -2.223608e+00  2.400000e+01
     vertex -9.758003e+01 -2.577511e+01  2.400000e+01
     vertex -9.751982e+01 -2.583909e+01  2.400000e+01
   endloop
 endfacet
 facet normal  0.000000e+00  0.000000e+00  1.000000e+00
   outer loop
     vertex -9.757879e+01 -2.223608e+00  2.400000e+01
     vertex -9.764066e+01 -2.285903e+00  2.400000e+01
     vertex -9.758003e+01 -2.577511e+01  2.400000e+01
   endloop
 endfacet
 facet normal  0.000000e+00  0.000000e+00  1.000000e+00
   outer loop
     vertex -9.751865e+01 -2.159640e+00  2.400000e+01
     vertex -9.757879e+01 -2.223608e+00  2.400000e+01
     vertex -9.751982e+01 -2.583909e+01  2.400000e+01
   endloop
 endfacet
 facet normal  0.000000e+00  0.000000e+00  1.000000e+00
   outer loop
     vertex -9.751865e+01 -2.159640e+00  2.400000e+01
     vertex -9.751982e+01 -2.583909e+01  2.400000e+01
     vertex -9.746138e+01 -2.590470e+01  2.400000e+01
   endloop
 endfacet
 facet normal  0.000000e+00  0.000000e+00  1.000000e+00
   outer loop
     vertex -9.746030e+01 -2.094046e+00  2.400000e+01
     vertex -9.746138e+01 -2.590470e+01  2.400000e+01
     vertex -9.740477e+01 -2.597189e+01  2.400000e+01
   endloop
 endfacet
 facet normal  0.000000e+00  0.000000e+00  1.000000e+00
   outer loop
     vertex -9.746030e+01 -2.094046e+00  2.400000e+01
     vertex -9.751865e+01 -2.159640e+00  2.400000e+01
     vertex -9.746138e+01 -2.590470e+01  2.400000e+01
   endloop
 endfacet
 facet normal  0.000000e+00  0.000000e+00  1.000000e+00
   outer loop
     vertex -9.740376e+01 -2.026875e+00  2.400000e+01
     vertex -9.740477e+01 -2.597189e+01  2.400000e+01
     vertex -9.735002e+01 -2.604061e+01  2.400000e+01
   endloop
 endfacet
 facet normal  0.000000e+00  0.000000e+00  1.000000e+00
   outer loop
     vertex -9.740376e+01 -2.026875e+00  2.400000e+01
     vertex -9.746030e+01 -2.094046e+00  2.400000e+01
     vertex -9.740477e+01 -2.597189e+01  2.400000e+01
   endloop
 endfacet
 facet normal  0.000000e+00  0.000000e+00  1.000000e+00
   outer loop
     vertex -9.734908e+01 -1.958179e+00  2.400000e+01
     vertex -9.735002e+01 -2.604061e+01  2.400000e+01
     vertex -9.729718e+01 -2.611081e+01  2.400000e+01
   endloop
 endfacet
 facet normal  0.000000e+00  0.000000e+00  1.000000e+00
   outer loop
     vertex -9.734908e+01 -1.958179e+00  2.400000e+01
     vertex -9.740376e+01 -2.026875e+00  2.400000e+01
     vertex -9.735002e+01 -2.604061e+01  2.400000e+01
   endloop
 endfacet
 facet normal  0.000000e+00  0.000000e+00  1.000000e+00
   outer loop
     vertex -9.729632e+01 -1.888009e+00  2.400000e+01
     vertex -9.729718e+01 -2.611081e+01  2.400000e+01
     vertex -9.724629e+01 -2.618243e+01  2.400000e+01
   endloop
 endfacet
 facet normal  0.000000e+00  0.000000e+00  1.000000e+00
   outer loop
     vertex -9.729632e+01 -1.888009e+00  2.400000e+01
     vertex -9.734908e+01 -1.958179e+00  2.400000e+01
     vertex -9.729718e+01 -2.611081e+01  2.400000e+01
   endloop
 endfacet
 facet normal  0.000000e+00  0.000000e+00  1.000000e+00
   outer loop
     vertex -9.724549e+01 -1.816417e+00  2.400000e+01
     vertex -9.724629e+01 -2.618243e+01  2.400000e+01
     vertex -9.719738e+01 -2.625542e+01  2.400000e+01
   endloop
 endfacet
 facet normal  0.000000e+00  0.000000e+00  1.000000e+00
   outer loop
     vertex -9.724549e+01 -1.816417e+00  2.400000e+01
     vertex -9.729632e+01 -1.888009e+00  2.400000e+01
     vertex -9.724629e+01 -2.618243e+01  2.400000e+01
   endloop
 endfacet
 facet normal  0.000000e+00  0.000000e+00  1.000000e+00
   outer loop
     vertex -9.719665e+01 -1.743458e+00  2.400000e+01
     vertex -9.719738e+01 -2.625542e+01  2.400000e+01
     vertex -9.715050e+01 -2.632972e+01  2.400000e+01
   endloop
 endfacet
 facet normal  0.000000e+00  0.000000e+00  1.000000e+00
   outer loop
     vertex -9.719665e+01 -1.743458e+00  2.400000e+01
     vertex -9.724549e+01 -1.816417e+00  2.400000e+01
     vertex -9.719738e+01 -2.625542e+01  2.400000e+01
   endloop
 endfacet
 facet normal  0.000000e+00  0.000000e+00  1.000000e+00
   outer loop
     vertex -9.714983e+01 -1.669187e+00  2.400000e+01
     vertex -9.715050e+01 -2.632972e+01  2.400000e+01
     vertex -9.710567e+01 -2.640529e+01  2.400000e+01
   endloop
 endfacet
 facet normal  0.000000e+00  0.000000e+00  1.000000e+00
   outer loop
     vertex -9.714983e+01 -1.669187e+00  2.400000e+01
     vertex -9.719665e+01 -1.743458e+00  2.400000e+01
     vertex -9.715050e+01 -2.632972e+01  2.400000e+01
   endloop
 endfacet
 facet normal  0.000000e+00  0.000000e+00  1.000000e+00
   outer loop
     vertex -9.710507e+01 -1.593659e+00  2.400000e+01
     vertex -9.710567e+01 -2.640529e+01  2.400000e+01
     vertex -9.706294e+01 -2.648206e+01  2.400000e+01
   endloop
 endfacet
 facet normal  0.000000e+00  0.000000e+00  1.000000e+00
   outer loop
     vertex -9.710507e+01 -1.593659e+00  2.400000e+01
     vertex -9.714983e+01 -1.669187e+00  2.400000e+01
     vertex -9.710567e+01 -2.640529e+01  2.400000e+01
   endloop
 endfacet
 facet normal  0.000000e+00  0.000000e+00  1.000000e+00
   outer loop
     vertex -9.706239e+01 -1.516932e+00  2.400000e+01
     vertex -9.706294e+01 -2.648206e+01  2.400000e+01
     vertex -9.702232e+01 -2.655997e+01  2.400000e+01
   endloop
 endfacet
 facet normal  0.000000e+00  0.000000e+00  1.000000e+00
   outer loop
     vertex -9.706239e+01 -1.516932e+00  2.400000e+01
     vertex -9.710507e+01 -1.593659e+00  2.400000e+01
     vertex -9.706294e+01 -2.648206e+01  2.400000e+01
   endloop
 endfacet
 facet normal  0.000000e+00  0.000000e+00  1.000000e+00
   outer loop
     vertex -9.702184e+01 -1.439063e+00  2.400000e+01
     vertex -9.702232e+01 -2.655997e+01  2.400000e+01
     vertex -9.698387e+01 -2.663897e+01  2.400000e+01
   endloop
 endfacet
 facet normal  0.000000e+00  0.000000e+00  1.000000e+00
   outer loop
     vertex -9.702184e+01 -1.439063e+00  2.400000e+01
     vertex -9.706239e+01 -1.516932e+00  2.400000e+01
     vertex -9.702232e+01 -2.655997e+01  2.400000e+01
   endloop
 endfacet
 facet normal  0.000000e+00  0.000000e+00  1.000000e+00
   outer loop
     vertex -9.698343e+01 -1.360110e+00  2.400000e+01
     vertex -9.698387e+01 -2.663897e+01  2.400000e+01
     vertex -9.694759e+01 -2.671899e+01  2.400000e+01
   endloop
 endfacet
 facet normal  0.000000e+00  0.000000e+00  1.000000e+00
   outer loop
     vertex -9.698343e+01 -1.360110e+00  2.400000e+01
     vertex -9.702184e+01 -1.439063e+00  2.400000e+01
     vertex -9.698387e+01 -2.663897e+01  2.400000e+01
   endloop
 endfacet
 facet normal  0.000000e+00  0.000000e+00  1.000000e+00
   outer loop
     vertex -9.694721e+01 -1.280133e+00  2.400000e+01
     vertex -9.698343e+01 -1.360110e+00  2.400000e+01
     vertex -9.694759e+01 -2.671899e+01  2.400000e+01
   endloop
 endfacet
 facet normal  0.000000e+00  0.000000e+00  1.000000e+00
   outer loop
     vertex -9.694721e+01 -1.280133e+00  2.400000e+01
     vertex -9.694759e+01 -2.671899e+01  2.400000e+01
     vertex -9.691353e+01 -2.679998e+01  2.400000e+01
   endloop
 endfacet
 facet normal  0.000000e+00  0.000000e+00  1.000000e+00
   outer loop
     vertex -9.691319e+01 -1.199193e+00  2.400000e+01
     vertex -9.694721e+01 -1.280133e+00  2.400000e+01
     vertex -9.691353e+01 -2.679998e+01  2.400000e+01
   endloop
 endfacet
 facet normal  0.000000e+00  0.000000e+00  1.000000e+00
   outer loop
     vertex -9.691319e+01 -1.199193e+00  2.400000e+01
     vertex -9.691353e+01 -2.679998e+01  2.400000e+01
     vertex -9.688170e+01 -2.688187e+01  2.400000e+01
   endloop
 endfacet
 facet normal  0.000000e+00  0.000000e+00  1.000000e+00
   outer loop
     vertex -9.688141e+01 -1.117351e+00  2.400000e+01
     vertex -9.691319e+01 -1.199193e+00  2.400000e+01
     vertex -9.688170e+01 -2.688187e+01  2.400000e+01
   endloop
 endfacet
 facet normal  0.000000e+00  0.000000e+00  1.000000e+00
   outer loop
     vertex -9.688141e+01 -1.117351e+00  2.400000e+01
     vertex -9.688170e+01 -2.688187e+01  2.400000e+01
     vertex -9.685214e+01 -2.696461e+01  2.400000e+01
   endloop
 endfacet
 facet normal  0.000000e+00  0.000000e+00  1.000000e+00
   outer loop
     vertex -9.685189e+01 -1.034667e+00  2.400000e+01
     vertex -9.688141e+01 -1.117351e+00  2.400000e+01
     vertex -9.685214e+01 -2.696461e+01  2.400000e+01
   endloop
 endfacet
 facet normal  0.000000e+00  0.000000e+00  1.000000e+00
   outer loop
     vertex -9.685189e+01 -1.034667e+00  2.400000e+01
     vertex -9.685214e+01 -2.696461e+01  2.400000e+01
     vertex -9.682485e+01 -2.704813e+01  2.400000e+01
   endloop
 endfacet
 facet normal  0.000000e+00  0.000000e+00  1.000000e+00
   outer loop
     vertex -9.682464e+01 -9.512037e-01  2.400000e+01
     vertex -9.685189e+01 -1.034667e+00  2.400000e+01
     vertex -9.682485e+01 -2.704813e+01  2.400000e+01
   endloop
 endfacet
 facet normal  0.000000e+00  0.000000e+00  1.000000e+00
   outer loop
     vertex -9.682464e+01 -9.512037e-01  2.400000e+01
     vertex -9.682485e+01 -2.704813e+01  2.400000e+01
     vertex -9.679987e+01 -2.713236e+01  2.400000e+01
   endloop
 endfacet
 facet normal  0.000000e+00  0.000000e+00  1.000000e+00
   outer loop
     vertex -9.679970e+01 -8.670249e-01  2.400000e+01
     vertex -9.682464e+01 -9.512037e-01  2.400000e+01
     vertex -9.679987e+01 -2.713236e+01  2.400000e+01
   endloop
 endfacet
 facet normal  0.000000e+00  0.000000e+00  1.000000e+00
   outer loop
     vertex -9.679970e+01 -8.670249e-01  2.400000e+01
     vertex -9.679987e+01 -2.713236e+01  2.400000e+01
     vertex -9.677721e+01 -2.721725e+01  2.400000e+01
   endloop
 endfacet
 facet normal  0.000000e+00  0.000000e+00  1.000000e+00
   outer loop
     vertex -9.677707e+01 -7.821934e-01  2.400000e+01
     vertex -9.679970e+01 -8.670249e-01  2.400000e+01
     vertex -9.677721e+01 -2.721725e+01  2.400000e+01
   endloop
 endfacet
 facet normal  0.000000e+00  0.000000e+00  1.000000e+00
   outer loop
     vertex -9.677707e+01 -7.821934e-01  2.400000e+01
     vertex -9.677721e+01 -2.721725e+01  2.400000e+01
     vertex -9.675689e+01 -2.730273e+01  2.400000e+01
   endloop
 endfacet
 facet normal  0.000000e+00  0.000000e+00  1.000000e+00
   outer loop
     vertex -9.675678e+01 -6.967730e-01  2.400000e+01
     vertex -9.677707e+01 -7.821934e-01  2.400000e+01
     vertex -9.675689e+01 -2.730273e+01  2.400000e+01
   endloop
 endfacet
 facet normal  0.000000e+00  0.000000e+00  1.000000e+00
   outer loop
     vertex -9.675678e+01 -6.967730e-01  2.400000e+01
     vertex -9.675689e+01 -2.730273e+01  2.400000e+01
     vertex -9.673892e+01 -2.738873e+01  2.400000e+01
   endloop
 endfacet
 facet normal  0.000000e+00  0.000000e+00  1.000000e+00
   outer loop
     vertex -9.673884e+01 -6.108282e-01  2.400000e+01
     vertex -9.675678e+01 -6.967730e-01  2.400000e+01
     vertex -9.673892e+01 -2.738873e+01  2.400000e+01
   endloop
 endfacet
 facet normal  0.000000e+00  0.000000e+00  1.000000e+00
   outer loop
     vertex -9.673884e+01 -6.108282e-01  2.400000e+01
     vertex -9.673892e+01 -2.738873e+01  2.400000e+01
     vertex -9.672333e+01 -2.747520e+01  2.400000e+01
   endloop
 endfacet
 facet normal  0.000000e+00  0.000000e+00  1.000000e+00
   outer loop
     vertex -9.672326e+01 -5.244235e-01  2.400000e+01
     vertex -9.672333e+01 -2.747520e+01  2.400000e+01
     vertex -9.671011e+01 -2.756206e+01  2.400000e+01
   endloop
 endfacet
 facet normal  0.000000e+00  0.000000e+00  1.000000e+00
   outer loop
     vertex -9.672326e+01 -5.244235e-01  2.400000e+01
     vertex -9.673884e+01 -6.108282e-01  2.400000e+01
     vertex -9.672333e+01 -2.747520e+01  2.400000e+01
   endloop
 endfacet
 facet normal  0.000000e+00  0.000000e+00  1.000000e+00
   outer loop
     vertex -9.671007e+01 -4.376241e-01  2.400000e+01
     vertex -9.671011e+01 -2.756206e+01  2.400000e+01
     vertex -7.488000e+01 -7.520000e+01  2.400000e+01
   endloop
 endfacet
 facet normal  0.000000e+00  0.000000e+00  1.000000e+00
   outer loop
     vertex -9.671007e+01 -4.376241e-01  2.400000e+01
     vertex -9.672326e+01 -5.244235e-01  2.400000e+01
     vertex -9.671011e+01 -2.756206e+01  2.400000e+01
   endloop
 endfacet
 facet normal  0.000000e+00  0.000000e+00  1.000000e+00
   outer loop
     vertex -9.669925e+01 -3.504953e-01  2.400000e+01
     vertex -9.671007e+01 -4.376241e-01  2.400000e+01
     vertex -7.488000e+01 -7.520000e+01  2.400000e+01
   endloop
 endfacet
 facet normal  0.000000e+00  0.000000e+00  1.000000e+00
   outer loop
     vertex -9.669083e+01 -2.631026e-01  2.400000e+01
     vertex -9.669925e+01 -3.504953e-01  2.400000e+01
     vertex -7.488000e+01 -7.520000e+01  2.400000e+01
   endloop
 endfacet
 facet normal  0.000000e+00  0.000000e+00  1.000000e+00
   outer loop
     vertex -9.668482e+01 -1.755118e-01  2.400000e+01
     vertex -9.669083e+01 -2.631026e-01  2.400000e+01
     vertex -7.488000e+01 -7.520000e+01  2.400000e+01
   endloop
 endfacet
 facet normal  0.000000e+00  0.000000e+00  1.000000e+00
   outer loop
     vertex -9.668120e+01 -8.778895e-02  2.400000e+01
     vertex -9.668482e+01 -1.755118e-01  2.400000e+01
     vertex -7.488000e+01 -7.520000e+01  2.400000e+01
   endloop
 endfacet
 facet normal  0.000000e+00  0.000000e+00  1.000000e+00
   outer loop
     vertex -9.668000e+01 -7.837740e-16  2.400000e+01
     vertex -9.668120e+01 -8.778895e-02  2.400000e+01
     vertex -7.488000e+01 -7.520000e+01  2.400000e+01
   endloop
 endfacet
 facet normal  0.000000e+00  0.000000e+00  1.000000e+00
   outer loop
     vertex -1.021543e+02  2.574893e+01  2.400000e+01
     vertex -1.022115e+02  2.191830e+00  2.400000e+01
     vertex -1.021505e+02  2.254968e+00  2.400000e+01
   endloop
 endfacet
 facet normal  0.000000e+00  0.000000e+00  1.000000e+00
   outer loop
     vertex -1.020917e+02  2.568733e+01  2.400000e+01
     vertex -1.021505e+02  2.254968e+00  2.400000e+01
     vertex -1.020878e+02  2.316408e+00  2.400000e+01
   endloop
 endfacet
 facet normal  0.000000e+00  0.000000e+00  1.000000e+00
   outer loop
     vertex -1.020917e+02  2.568733e+01  2.400000e+01
     vertex -1.021543e+02  2.574893e+01  2.400000e+01
     vertex -1.021505e+02  2.254968e+00  2.400000e+01
   endloop
 endfacet
 facet normal  0.000000e+00  0.000000e+00  1.000000e+00
   outer loop
     vertex -1.022153e+02  2.581221e+01  2.400000e+01
     vertex -1.022708e+02  2.127043e+00  2.400000e+01
     vertex -1.022115e+02  2.191830e+00  2.400000e+01
   endloop
 endfacet
 facet normal  0.000000e+00  0.000000e+00  1.000000e+00
   outer loop
     vertex -1.022153e+02  2.581221e+01  2.400000e+01
     vertex -1.022115e+02  2.191830e+00  2.400000e+01
     vertex -1.021543e+02  2.574893e+01  2.400000e+01
   endloop
 endfacet
 facet normal  0.000000e+00  0.000000e+00  1.000000e+00
   outer loop
     vertex -1.020274e+02  2.562749e+01  2.400000e+01
     vertex -1.020878e+02  2.316408e+00  2.400000e+01
     vertex -1.020234e+02  2.376104e+00  2.400000e+01
   endloop
 endfacet
 facet normal  0.000000e+00  0.000000e+00  1.000000e+00
   outer loop
     vertex -1.020274e+02  2.562749e+01  2.400000e+01
     vertex -1.020917e+02  2.568733e+01  2.400000e+01
     vertex -1.020878e+02  2.316408e+00  2.400000e+01
   endloop
 endfacet
 facet normal  0.000000e+00  0.000000e+00  1.000000e+00
   outer loop
     vertex -1.022745e+02  2.587715e+01  2.400000e+01
     vertex -1.022708e+02  2.127043e+00  2.400000e+01
     vertex -1.022153e+02  2.581221e+01  2.400000e+01
   endloop
 endfacet
 facet normal  0.000000e+00  0.000000e+00  1.000000e+00
   outer loop
     vertex -1.022745e+02  2.587715e+01  2.400000e+01
     vertex -1.023282e+02  2.060655e+00  2.400000e+01
     vertex -1.022708e+02  2.127043e+00  2.400000e+01
   endloop
 endfacet
 facet normal  0.000000e+00  0.000000e+00  1.000000e+00
   outer loop
     vertex -1.019614e+02  2.556943e+01  2.400000e+01
     vertex -1.020234e+02  2.376104e+00  2.400000e+01
     vertex -1.019574e+02  2.434012e+00  2.400000e+01
   endloop
 endfacet
 facet normal  0.000000e+00  0.000000e+00  1.000000e+00
   outer loop
     vertex -1.019614e+02  2.556943e+01  2.400000e+01
     vertex -1.020274e+02  2.562749e+01  2.400000e+01
     vertex -1.020234e+02  2.376104e+00  2.400000e+01
   endloop
 endfacet
 facet normal  0.000000e+00  0.000000e+00  1.000000e+00
   outer loop
     vertex -1.023319e+02  2.594369e+01  2.400000e+01
     vertex -1.023282e+02  2.060655e+00  2.400000e+01
     vertex -1.022745e+02  2.587715e+01  2.400000e+01
   endloop
 endfacet
 facet normal  0.000000e+00  0.000000e+00  1.000000e+00
   outer loop
     vertex -1.023319e+02  2.594369e+01  2.400000e+01
     vertex -1.023838e+02  1.992715e+00  2.400000e+01
     vertex -1.023282e+02  2.060655e+00  2.400000e+01
   endloop
 endfacet
 facet normal  0.000000e+00  0.000000e+00  1.000000e+00
   outer loop
     vertex -1.018939e+02  2.551320e+01  2.400000e+01
     vertex -1.019574e+02  2.434012e+00  2.400000e+01
     vertex -1.018898e+02  2.490087e+00  2.400000e+01
   endloop
 endfacet
 facet normal  0.000000e+00  0.000000e+00  1.000000e+00
   outer loop
     vertex -1.018939e+02  2.551320e+01  2.400000e+01
     vertex -1.019614e+02  2.556943e+01  2.400000e+01
     vertex -1.019574e+02  2.434012e+00  2.400000e+01
   endloop
 endfacet
 facet normal  0.000000e+00  0.000000e+00  1.000000e+00
   outer loop
     vertex -1.023874e+02  2.601178e+01  2.400000e+01
     vertex -1.023838e+02  1.992715e+00  2.400000e+01
     vertex -1.023319e+02  2.594369e+01  2.400000e+01
   endloop
 endfacet
 facet normal  0.000000e+00  0.000000e+00  1.000000e+00
   outer loop
     vertex -1.023874e+02  2.601178e+01  2.400000e+01
     vertex -1.024375e+02  1.923275e+00  2.400000e+01
     vertex -1.023838e+02  1.992715e+00  2.400000e+01
   endloop
 endfacet
 facet normal  0.000000e+00  0.000000e+00  1.000000e+00
   outer loop
     vertex -1.018249e+02  2.545885e+01  2.400000e+01
     vertex -1.018898e+02  2.490087e+00  2.400000e+01
     vertex -1.018208e+02  2.544288e+00  2.400000e+01
   endloop
 endfacet
 facet normal  0.000000e+00  0.000000e+00  1.000000e+00
   outer loop
     vertex -1.018249e+02  2.545885e+01  2.400000e+01
     vertex -1.018939e+02  2.551320e+01  2.400000e+01
     vertex -1.018898e+02  2.490087e+00  2.400000e+01
   endloop
 endfacet
 facet normal  0.000000e+00  0.000000e+00  1.000000e+00
   outer loop
     vertex -1.024410e+02  2.608137e+01  2.400000e+01
     vertex -1.024375e+02  1.923275e+00  2.400000e+01
     vertex -1.023874e+02  2.601178e+01  2.400000e+01
   endloop
 endfacet
 facet normal  0.000000e+00  0.000000e+00  1.000000e+00
   outer loop
     vertex -1.024410e+02  2.608137e+01  2.400000e+01
     vertex -1.024893e+02  1.852387e+00  2.400000e+01
     vertex -1.024375e+02  1.923275e+00  2.400000e+01
   endloop
 endfacet
 facet normal  0.000000e+00  0.000000e+00  1.000000e+00
   outer loop
     vertex -1.017544e+02  2.540641e+01  2.400000e+01
     vertex -1.018208e+02  2.544288e+00  2.400000e+01
     vertex -1.017502e+02  2.596574e+00  2.400000e+01
   endloop
 endfacet
 facet normal  0.000000e+00  0.000000e+00  1.000000e+00
   outer loop
     vertex -1.017544e+02  2.540641e+01  2.400000e+01
     vertex -1.018249e+02  2.545885e+01  2.400000e+01
     vertex -1.018208e+02  2.544288e+00  2.400000e+01
   endloop
 endfacet
 facet normal  0.000000e+00  0.000000e+00  1.000000e+00
   outer loop
     vertex -1.024927e+02  2.615240e+01  2.400000e+01
     vertex -1.024893e+02  1.852387e+00  2.400000e+01
     vertex -1.024410e+02  2.608137e+01  2.400000e+01
   endloop
 endfacet
 facet normal  0.000000e+00  0.000000e+00  1.000000e+00
   outer loop
     vertex -1.024927e+02  2.615240e+01  2.400000e+01
     vertex -1.025392e+02  1.780105e+00  2.400000e+01
     vertex -1.024893e+02  1.852387e+00  2.400000e+01
   endloop
 endfacet
 facet normal  0.000000e+00  0.000000e+00  1.000000e+00
   outer loop
     vertex -1.016825e+02  2.535593e+01  2.400000e+01
     vertex -1.017502e+02  2.596574e+00  2.400000e+01
     vertex -1.016783e+02  2.646905e+00  2.400000e+01
   endloop
 endfacet
 facet normal  0.000000e+00  0.000000e+00  1.000000e+00
   outer loop
     vertex -1.016825e+02  2.535593e+01  2.400000e+01
     vertex -1.017544e+02  2.540641e+01  2.400000e+01
     vertex -1.017502e+02  2.596574e+00  2.400000e+01
   endloop
 endfacet
 facet normal  0.000000e+00  0.000000e+00  1.000000e+00
   outer loop
     vertex -1.025425e+02  2.622483e+01  2.400000e+01
     vertex -1.025392e+02  1.780105e+00  2.400000e+01
     vertex -1.024927e+02  2.615240e+01  2.400000e+01
   endloop
 endfacet
 facet normal  0.000000e+00  0.000000e+00  1.000000e+00
   outer loop
     vertex -1.025425e+02  2.622483e+01  2.400000e+01
     vertex -1.025870e+02  1.706483e+00  2.400000e+01
     vertex -1.025392e+02  1.780105e+00  2.400000e+01
   endloop
 endfacet
 facet normal  0.000000e+00  0.000000e+00  1.000000e+00
   outer loop
     vertex -1.016092e+02  2.530744e+01  2.400000e+01
     vertex -1.016783e+02  2.646905e+00  2.400000e+01
     vertex -1.016050e+02  2.695243e+00  2.400000e+01
   endloop
 endfacet
 facet normal  0.000000e+00  0.000000e+00  1.000000e+00
   outer loop
     vertex -1.016092e+02  2.530744e+01  2.400000e+01
     vertex -1.016825e+02  2.535593e+01  2.400000e+01
     vertex -1.016783e+02  2.646905e+00  2.400000e+01
   endloop
 endfacet
 facet normal  0.000000e+00  0.000000e+00  1.000000e+00
   outer loop
     vertex -1.025902e+02  2.629859e+01  2.400000e+01
     vertex -1.025870e+02  1.706483e+00  2.400000e+01
     vertex -1.025425e+02  2.622483e+01  2.400000e+01
   endloop
 endfacet
 facet normal  0.000000e+00  0.000000e+00  1.000000e+00
   outer loop
     vertex -1.025902e+02  2.629859e+01  2.400000e+01
     vertex -1.026328e+02  1.631577e+00  2.400000e+01
     vertex -1.025870e+02  1.706483e+00  2.400000e+01
   endloop
 endfacet
 facet normal  0.000000e+00  0.000000e+00  1.000000e+00
   outer loop
     vertex -1.015346e+02  2.526098e+01  2.400000e+01
     vertex -1.016092e+02  2.530744e+01  2.400000e+01
     vertex -1.016050e+02  2.695243e+00  2.400000e+01
   endloop
 endfacet
 facet normal  0.000000e+00  0.000000e+00  1.000000e+00
   outer loop
     vertex -1.015346e+02  2.526098e+01  2.400000e+01
     vertex -1.016050e+02  2.695243e+00  2.400000e+01
     vertex -1.015304e+02  2.741553e+00  2.400000e+01
   endloop
 endfacet
 facet normal  0.000000e+00  0.000000e+00  1.000000e+00
   outer loop
     vertex -1.026359e+02  2.637364e+01  2.400000e+01
     vertex -1.026328e+02  1.631577e+00  2.400000e+01
     vertex -1.025902e+02  2.629859e+01  2.400000e+01
   endloop
 endfacet
 facet normal  0.000000e+00  0.000000e+00  1.000000e+00
   outer loop
     vertex -1.026359e+02  2.637364e+01  2.400000e+01
     vertex -1.026765e+02  1.555442e+00  2.400000e+01
     vertex -1.026328e+02  1.631577e+00  2.400000e+01
   endloop
 endfacet
 facet normal  0.000000e+00  0.000000e+00  1.000000e+00
   outer loop
     vertex -1.014588e+02  2.521659e+01  2.400000e+01
     vertex -1.015346e+02  2.526098e+01  2.400000e+01
     vertex -1.015304e+02  2.741553e+00  2.400000e+01
   endloop
 endfacet
 facet normal  0.000000e+00  0.000000e+00  1.000000e+00
   outer loop
     vertex -1.014588e+02  2.521659e+01  2.400000e+01
     vertex -1.015304e+02  2.741553e+00  2.400000e+01
     vertex -1.014546e+02  2.785799e+00  2.400000e+01
   endloop
 endfacet
 facet normal  0.000000e+00  0.000000e+00  1.000000e+00
   outer loop
     vertex -1.026795e+02  2.644991e+01  2.400000e+01
     vertex -1.026765e+02  1.555442e+00  2.400000e+01
     vertex -1.026359e+02  2.637364e+01  2.400000e+01
   endloop
 endfacet
 facet normal  0.000000e+00  0.000000e+00  1.000000e+00
   outer loop
     vertex -1.026795e+02  2.644991e+01  2.400000e+01
     vertex -1.027182e+02  1.478136e+00  2.400000e+01
     vertex -1.026765e+02  1.555442e+00  2.400000e+01
   endloop
 endfacet
 facet normal  0.000000e+00  0.000000e+00  1.000000e+00
   outer loop
     vertex -1.013818e+02  2.517429e+01  2.400000e+01
     vertex -1.014588e+02  2.521659e+01  2.400000e+01
     vertex -1.014546e+02  2.785799e+00  2.400000e+01
   endloop
 endfacet
 facet normal  0.000000e+00  0.000000e+00  1.000000e+00
   outer loop
     vertex -1.013818e+02  2.517429e+01  2.400000e+01
     vertex -1.014546e+02  2.785799e+00  2.400000e+01
     vertex -1.013776e+02  2.827947e+00  2.400000e+01
   endloop
 endfacet
 facet normal  0.000000e+00  0.000000e+00  1.000000e+00
   outer loop
     vertex -1.027210e+02  2.652735e+01  2.400000e+01
     vertex -1.027576e+02  1.399718e+00  2.400000e+01
     vertex -1.027182e+02  1.478136e+00  2.400000e+01
   endloop
 endfacet
 facet normal  0.000000e+00  0.000000e+00  1.000000e+00
   outer loop
     vertex -1.027210e+02  2.652735e+01  2.400000e+01
     vertex -1.027182e+02  1.478136e+00  2.400000e+01
     vertex -1.026795e+02  2.644991e+01  2.400000e+01
   endloop
 endfacet
 facet normal  0.000000e+00  0.000000e+00  1.000000e+00
   outer loop
     vertex -1.013037e+02  2.513413e+01  2.400000e+01
     vertex -1.013776e+02  2.827947e+00  2.400000e+01
     vertex -1.012994e+02  2.867967e+00  2.400000e+01
   endloop
 endfacet
 facet normal  0.000000e+00  0.000000e+00  1.000000e+00
   outer loop
     vertex -1.013037e+02  2.513413e+01  2.400000e+01
     vertex -1.013818e+02  2.517429e+01  2.400000e+01
     vertex -1.013776e+02  2.827947e+00  2.400000e+01
   endloop
 endfacet
 facet normal  0.000000e+00  0.000000e+00  1.000000e+00
   outer loop
     vertex -1.027604e+02  2.660590e+01  2.400000e+01
     vertex -1.027950e+02  1.320246e+00  2.400000e+01
     vertex -1.027576e+02  1.399718e+00  2.400000e+01
   endloop
 endfacet
 facet normal  0.000000e+00  0.000000e+00  1.000000e+00
   outer loop
     vertex -1.027604e+02  2.660590e+01  2.400000e+01
     vertex -1.027576e+02  1.399718e+00  2.400000e+01
     vertex -1.027210e+02  2.652735e+01  2.400000e+01
   endloop
 endfacet
 facet normal  0.000000e+00  0.000000e+00  1.000000e+00
   outer loop
     vertex -1.012244e+02  2.509612e+01  2.400000e+01
     vertex -1.013037e+02  2.513413e+01  2.400000e+01
     vertex -1.012994e+02  2.867967e+00  2.400000e+01
   endloop
 endfacet
 facet normal  0.000000e+00  0.000000e+00  1.000000e+00
   outer loop
     vertex -1.012244e+02  2.509612e+01  2.400000e+01
     vertex -1.012994e+02  2.867967e+00  2.400000e+01
     vertex -1.012202e+02  2.905828e+00  2.400000e+01
   endloop
 endfacet
 facet normal  0.000000e+00  0.000000e+00  1.000000e+00
   outer loop
     vertex -1.027976e+02  2.668551e+01  2.400000e+01
     vertex -1.028301e+02  1.239780e+00  2.400000e+01
     vertex -1.027950e+02  1.320246e+00  2.400000e+01
   endloop
 endfacet
 facet normal  0.000000e+00  0.000000e+00  1.000000e+00
   outer loop
     vertex -1.027976e+02  2.668551e+01  2.400000e+01
     vertex -1.027950e+02  1.320246e+00  2.400000e+01
     vertex -1.027604e+02  2.660590e+01  2.400000e+01
   endloop
 endfacet
 facet normal  0.000000e+00  0.000000e+00  1.000000e+00
   outer loop
     vertex -1.011442e+02  2.506031e+01  2.400000e+01
     vertex -1.012202e+02  2.905828e+00  2.400000e+01
     vertex -1.011400e+02  2.941502e+00  2.400000e+01
   endloop
 endfacet
 facet normal  0.000000e+00  0.000000e+00  1.000000e+00
   outer loop
     vertex -1.011442e+02  2.506031e+01  2.400000e+01
     vertex -1.012244e+02  2.509612e+01  2.400000e+01
     vertex -1.012202e+02  2.905828e+00  2.400000e+01
   endloop
 endfacet
 facet normal  0.000000e+00  0.000000e+00  1.000000e+00
   outer loop
     vertex -1.028325e+02  2.676610e+01  2.400000e+01
     vertex -1.028301e+02  1.239780e+00  2.400000e+01
     vertex -1.027976e+02  2.668551e+01  2.400000e+01
   endloop
 endfacet
 facet normal  0.000000e+00  0.000000e+00  1.000000e+00
   outer loop
     vertex -1.028325e+02  2.676610e+01  2.400000e+01
     vertex -1.028630e+02  1.158381e+00  2.400000e+01
     vertex -1.028301e+02  1.239780e+00  2.400000e+01
   endloop
 endfacet
 facet normal  0.000000e+00  0.000000e+00  1.000000e+00
   outer loop
     vertex -1.010630e+02  2.502671e+01  2.400000e+01
     vertex -1.011400e+02  2.941502e+00  2.400000e+01
     vertex -1.010588e+02  2.974961e+00  2.400000e+01
   endloop
 endfacet
 facet normal  0.000000e+00  0.000000e+00  1.000000e+00
   outer loop
     vertex -1.010630e+02  2.502671e+01  2.400000e+01
     vertex -1.011442e+02  2.506031e+01  2.400000e+01
     vertex -1.011400e+02  2.941502e+00  2.400000e+01
   endloop
 endfacet
 facet normal  0.000000e+00  0.000000e+00  1.000000e+00
   outer loop
     vertex -1.028653e+02  2.684762e+01  2.400000e+01
     vertex -1.028630e+02  1.158381e+00  2.400000e+01
     vertex -1.028325e+02  2.676610e+01  2.400000e+01
   endloop
 endfacet
 facet normal  0.000000e+00  0.000000e+00  1.000000e+00
   outer loop
     vertex -1.028653e+02  2.684762e+01  2.400000e+01
     vertex -1.028936e+02  1.076110e+00  2.400000e+01
     vertex -1.028630e+02  1.158381e+00  2.400000e+01
   endloop
 endfacet
 facet normal  0.000000e+00  0.000000e+00  1.000000e+00
   outer loop
     vertex -1.009809e+02  2.499535e+01  2.400000e+01
     vertex -1.010588e+02  2.974961e+00  2.400000e+01
     vertex -1.009768e+02  3.006181e+00  2.400000e+01
   endloop
 endfacet
 facet normal  0.000000e+00  0.000000e+00  1.000000e+00
   outer loop
     vertex -1.009809e+02  2.499535e+01  2.400000e+01
     vertex -1.010630e+02  2.502671e+01  2.400000e+01
     vertex -1.010588e+02  2.974961e+00  2.400000e+01
   endloop
 endfacet
 facet normal  0.000000e+00  0.000000e+00  1.000000e+00
   outer loop
     vertex -1.028958e+02  2.693002e+01  2.400000e+01
     vertex -1.029220e+02  9.930286e-01  2.400000e+01
     vertex -1.028936e+02  1.076110e+00  2.400000e+01
   endloop
 endfacet
 facet normal  0.000000e+00  0.000000e+00  1.000000e+00
   outer loop
     vertex -1.028958e+02  2.693002e+01  2.400000e+01
     vertex -1.028936e+02  1.076110e+00  2.400000e+01
     vertex -1.028653e+02  2.684762e+01  2.400000e+01
   endloop
 endfacet
 facet normal  0.000000e+00  0.000000e+00  1.000000e+00
   outer loop
     vertex -1.008980e+02  2.496626e+01  2.400000e+01
     vertex -1.009809e+02  2.499535e+01  2.400000e+01
     vertex -1.009768e+02  3.006181e+00  2.400000e+01
   endloop
 endfacet
 facet normal  0.000000e+00  0.000000e+00  1.000000e+00
   outer loop
     vertex -1.008980e+02  2.496626e+01  2.400000e+01
     vertex -1.009768e+02  3.006181e+00  2.400000e+01
     vertex -1.008939e+02  3.035138e+00  2.400000e+01
   endloop
 endfacet
 facet normal  0.000000e+00  0.000000e+00  1.000000e+00
   outer loop
     vertex -1.029241e+02  2.701322e+01  2.400000e+01
     vertex -1.029481e+02  9.091999e-01  2.400000e+01
     vertex -1.029220e+02  9.930286e-01  2.400000e+01
   endloop
 endfacet
 facet normal  0.000000e+00  0.000000e+00  1.000000e+00
   outer loop
     vertex -1.029241e+02  2.701322e+01  2.400000e+01
     vertex -1.029220e+02  9.930286e-01  2.400000e+01
     vertex -1.028958e+02  2.693002e+01  2.400000e+01
   endloop
 endfacet
 facet normal  0.000000e+00  0.000000e+00  1.000000e+00
   outer loop
     vertex -1.008144e+02  2.493945e+01  2.400000e+01
     vertex -1.008939e+02  3.035138e+00  2.400000e+01
     vertex -1.008102e+02  3.061811e+00  2.400000e+01
   endloop
 endfacet
 facet normal  0.000000e+00  0.000000e+00  1.000000e+00
   outer loop
     vertex -1.008144e+02  2.493945e+01  2.400000e+01
     vertex -1.008980e+02  2.496626e+01  2.400000e+01
     vertex -1.008939e+02  3.035138e+00  2.400000e+01
   endloop
 endfacet
 facet normal  0.000000e+00  0.000000e+00  1.000000e+00
   outer loop
     vertex -1.029500e+02  2.709716e+01  2.400000e+01
     vertex -1.029719e+02  8.246867e-01  2.400000e+01
     vertex -1.029481e+02  9.091999e-01  2.400000e+01
   endloop
 endfacet
 facet normal  0.000000e+00  0.000000e+00  1.000000e+00
   outer loop
     vertex -1.029500e+02  2.709716e+01  2.400000e+01
     vertex -1.029481e+02  9.091999e-01  2.400000e+01
     vertex -1.029241e+02  2.701322e+01  2.400000e+01
   endloop
 endfacet
 facet normal  0.000000e+00  0.000000e+00  1.000000e+00
   outer loop
     vertex -1.007300e+02  2.491495e+01  2.400000e+01
     vertex -1.008102e+02  3.061811e+00  2.400000e+01
     vertex -1.007259e+02  3.086178e+00  2.400000e+01
   endloop
 endfacet
 facet normal  0.000000e+00  0.000000e+00  1.000000e+00
   outer loop
     vertex -1.007300e+02  2.491495e+01  2.400000e+01
     vertex -1.008144e+02  2.493945e+01  2.400000e+01
     vertex -1.008102e+02  3.061811e+00  2.400000e+01
   endloop
 endfacet
 facet normal  0.000000e+00  0.000000e+00  1.000000e+00
   outer loop
     vertex -1.029736e+02  2.718178e+01  2.400000e+01
     vertex -1.029719e+02  8.246867e-01  2.400000e+01
     vertex -1.029500e+02  2.709716e+01  2.400000e+01
   endloop
 endfacet
 facet normal  0.000000e+00  0.000000e+00  1.000000e+00
   outer loop
     vertex -1.029736e+02  2.718178e+01  2.400000e+01
     vertex -1.029934e+02  7.395528e-01  2.400000e+01
     vertex -1.029719e+02  8.246867e-01  2.400000e+01
   endloop
 endfacet
 facet normal  0.000000e+00  0.000000e+00  1.000000e+00
   outer loop
     vertex -1.006450e+02  2.489278e+01  2.400000e+01
     vertex -1.007259e+02  3.086178e+00  2.400000e+01
     vertex -1.006409e+02  3.108222e+00  2.400000e+01
   endloop
 endfacet
 facet normal  0.000000e+00  0.000000e+00  1.000000e+00
   outer loop
     vertex -1.006450e+02  2.489278e+01  2.400000e+01
     vertex -1.007300e+02  2.491495e+01  2.400000e+01
     vertex -1.007259e+02  3.086178e+00  2.400000e+01
   endloop
 endfacet
 facet normal  0.000000e+00  0.000000e+00  1.000000e+00
   outer loop
     vertex -1.029949e+02  2.726702e+01  2.400000e+01
     vertex -1.029934e+02  7.395528e-01  2.400000e+01
     vertex -1.029736e+02  2.718178e+01  2.400000e+01
   endloop
 endfacet
 facet normal  0.000000e+00  0.000000e+00  1.000000e+00
   outer loop
     vertex -1.029949e+02  2.726702e+01  2.400000e+01
     vertex -1.030125e+02  6.538621e-01  2.400000e+01
     vertex -1.029934e+02  7.395528e-01  2.400000e+01
   endloop
 endfacet
 facet normal  0.000000e+00  0.000000e+00  1.000000e+00
   outer loop
     vertex -1.005594e+02  2.487295e+01  2.400000e+01
     vertex -1.006450e+02  2.489278e+01  2.400000e+01
     vertex -1.006409e+02  3.108222e+00  2.400000e+01
   endloop
 endfacet
 facet normal  0.000000e+00  0.000000e+00  1.000000e+00
   outer loop
     vertex -1.005594e+02  2.487295e+01  2.400000e+01
     vertex -1.006409e+02  3.108222e+00  2.400000e+01
     vertex -1.005553e+02  3.127927e+00  2.400000e+01
   endloop
 endfacet
 facet normal  0.000000e+00  0.000000e+00  1.000000e+00
   outer loop
     vertex -1.030139e+02  2.735282e+01  2.400000e+01
     vertex -1.030125e+02  6.538621e-01  2.400000e+01
     vertex -1.029949e+02  2.726702e+01  2.400000e+01
   endloop
 endfacet
 facet normal  0.000000e+00  0.000000e+00  1.000000e+00
   outer loop
     vertex -1.030139e+02  2.735282e+01  2.400000e+01
     vertex -1.030292e+02  5.676793e-01  2.400000e+01
     vertex -1.030125e+02  6.538621e-01  2.400000e+01
   endloop
 endfacet
 facet normal  0.000000e+00  0.000000e+00  1.000000e+00
   outer loop
     vertex -1.004733e+02  2.485548e+01  2.400000e+01
     vertex -1.005553e+02  3.127927e+00  2.400000e+01
     vertex -1.004693e+02  3.145276e+00  2.400000e+01
   endloop
 endfacet
 facet normal  0.000000e+00  0.000000e+00  1.000000e+00
   outer loop
     vertex -1.004733e+02  2.485548e+01  2.400000e+01
     vertex -1.005594e+02  2.487295e+01  2.400000e+01
     vertex -1.005553e+02  3.127927e+00  2.400000e+01
   endloop
 endfacet
 facet normal  0.000000e+00  0.000000e+00  1.000000e+00
   outer loop
     vertex -1.030305e+02  2.743910e+01  2.400000e+01
     vertex -1.030292e+02  5.676793e-01  2.400000e+01
     vertex -1.030139e+02  2.735282e+01  2.400000e+01
   endloop
 endfacet
 facet normal  0.000000e+00  0.000000e+00  1.000000e+00
   outer loop
     vertex -1.030305e+02  2.743910e+01  2.400000e+01
     vertex -1.030436e+02  4.810691e-01  2.400000e+01
     vertex -1.030292e+02  5.676793e-01  2.400000e+01
   endloop
 endfacet
 facet normal  0.000000e+00  0.000000e+00  1.000000e+00
   outer loop
     vertex -1.003867e+02  2.484038e+01  2.400000e+01
     vertex -1.004733e+02  2.485548e+01  2.400000e+01
     vertex -1.004693e+02  3.145276e+00  2.400000e+01
   endloop
 endfacet
 facet normal  0.000000e+00  0.000000e+00  1.000000e+00
   outer loop
     vertex -1.003867e+02  2.484038e+01  2.400000e+01
     vertex -1.004693e+02  3.145276e+00  2.400000e+01
     vertex -1.003828e+02  3.160259e+00  2.400000e+01
   endloop
 endfacet
 facet normal  0.000000e+00  0.000000e+00  1.000000e+00
   outer loop
     vertex -1.030447e+02  2.752580e+01  2.400000e+01
     vertex -1.030436e+02  4.810691e-01  2.400000e+01
     vertex -1.030305e+02  2.743910e+01  2.400000e+01
   endloop
 endfacet
 facet normal  0.000000e+00  0.000000e+00  1.000000e+00
   outer loop
     vertex -1.002998e+02  2.482765e+01  2.400000e+01
     vertex -1.003828e+02  3.160259e+00  2.400000e+01
     vertex -1.002959e+02  3.172862e+00  2.400000e+01
   endloop
 endfacet
 facet normal  0.000000e+00  0.000000e+00  1.000000e+00
   outer loop
     vertex -1.002998e+02  2.482765e+01  2.400000e+01
     vertex -1.003867e+02  2.484038e+01  2.400000e+01
     vertex -1.003828e+02  3.160259e+00  2.400000e+01
   endloop
 endfacet
 facet normal  0.000000e+00  0.000000e+00  1.000000e+00
   outer loop
     vertex -1.002125e+02  2.481733e+01  2.400000e+01
     vertex -1.002998e+02  2.482765e+01  2.400000e+01
     vertex -1.002959e+02  3.172862e+00  2.400000e+01
   endloop
 endfacet
 facet normal  0.000000e+00  0.000000e+00  1.000000e+00
   outer loop
     vertex -1.002125e+02  2.481733e+01  2.400000e+01
     vertex -1.002959e+02  3.172862e+00  2.400000e+01
     vertex -1.002087e+02  3.183077e+00  2.400000e+01
   endloop
 endfacet
 facet normal  0.000000e+00  0.000000e+00  1.000000e+00
   outer loop
     vertex -1.001250e+02  2.480940e+01  2.400000e+01
     vertex -1.002087e+02  3.183077e+00  2.400000e+01
     vertex -1.001212e+02  3.190895e+00  2.400000e+01
   endloop
 endfacet
 facet normal  0.000000e+00  0.000000e+00  1.000000e+00
   outer loop
     vertex -1.001250e+02  2.480940e+01  2.400000e+01
     vertex -1.002125e+02  2.481733e+01  2.400000e+01
     vertex -1.002087e+02  3.183077e+00  2.400000e+01
   endloop
 endfacet
 facet normal  0.000000e+00  0.000000e+00  1.000000e+00
   outer loop
     vertex -1.000373e+02  2.480387e+01  2.400000e+01
     vertex -1.001212e+02  3.190895e+00  2.400000e+01
     vertex -1.000336e+02  3.196312e+00  2.400000e+01
   endloop
 endfacet
 facet normal  0.000000e+00  0.000000e+00  1.000000e+00
   outer loop
     vertex -1.000373e+02  2.480387e+01  2.400000e+01
     vertex -1.001250e+02  2.480940e+01  2.400000e+01
     vertex -1.001212e+02  3.190895e+00  2.400000e+01
   endloop
 endfacet
 facet normal  0.000000e+00  0.000000e+00  1.000000e+00
   outer loop
     vertex -9.994954e+01  2.480076e+01  2.400000e+01
     vertex -1.000336e+02  3.196312e+00  2.400000e+01
     vertex -9.994585e+01  3.199322e+00  2.400000e+01
   endloop
 endfacet
 facet normal  0.000000e+00  0.000000e+00  1.000000e+00
   outer loop
     vertex -9.994954e+01  2.480076e+01  2.400000e+01
     vertex -1.000373e+02  2.480387e+01  2.400000e+01
     vertex -1.000336e+02  3.196312e+00  2.400000e+01
   endloop
 endfacet
 facet normal  0.000000e+00  0.000000e+00  1.000000e+00
   outer loop
     vertex -9.986168e+01  2.480005e+01  2.400000e+01
     vertex -9.994954e+01  2.480076e+01  2.400000e+01
     vertex -9.994585e+01  3.199322e+00  2.400000e+01
   endloop
 endfacet
 facet normal  0.000000e+00  0.000000e+00  1.000000e+00
   outer loop
     vertex -9.986168e+01  2.480005e+01  2.400000e+01
     vertex -9.994585e+01  3.199322e+00  2.400000e+01
     vertex -9.985805e+01  3.199925e+00  2.400000e+01
   endloop
 endfacet
 facet normal  0.000000e+00  0.000000e+00  1.000000e+00
   outer loop
     vertex -9.977384e+01  2.480176e+01  2.400000e+01
     vertex -9.986168e+01  2.480005e+01  2.400000e+01
     vertex -9.985805e+01  3.199925e+00  2.400000e+01
   endloop
 endfacet
 facet normal  0.000000e+00  0.000000e+00  1.000000e+00
   outer loop
     vertex -9.977384e+01  2.480176e+01  2.400000e+01
     vertex -9.985805e+01  3.199925e+00  2.400000e+01
     vertex -9.977027e+01  3.198118e+00  2.400000e+01
   endloop
 endfacet
 facet normal  0.000000e+00  0.000000e+00  1.000000e+00
   outer loop
     vertex -9.968608e+01  2.480588e+01  2.400000e+01
     vertex -9.977027e+01  3.198118e+00  2.400000e+01
     vertex -9.968258e+01  3.193904e+00  2.400000e+01
   endloop
 endfacet
 facet normal  0.000000e+00  0.000000e+00  1.000000e+00
   outer loop
     vertex -9.968608e+01  2.480588e+01  2.400000e+01
     vertex -9.977384e+01  2.480176e+01  2.400000e+01
     vertex -9.977027e+01  3.198118e+00  2.400000e+01
   endloop
 endfacet
 facet normal  0.000000e+00  0.000000e+00  1.000000e+00
   outer loop
     vertex -9.959846e+01  2.481241e+01  2.400000e+01
     vertex -9.968608e+01  2.480588e+01  2.400000e+01
     vertex -9.968258e+01  3.193904e+00  2.400000e+01
   endloop
 endfacet
 facet normal  0.000000e+00  0.000000e+00  1.000000e+00
   outer loop
     vertex -9.959846e+01  2.481241e+01  2.400000e+01
     vertex -9.968258e+01  3.193904e+00  2.400000e+01
     vertex -9.959503e+01  3.187286e+00  2.400000e+01
   endloop
 endfacet
 facet normal  0.000000e+00  0.000000e+00  1.000000e+00
   outer loop
     vertex -9.951105e+01  2.482134e+01  2.400000e+01
     vertex -9.959503e+01  3.187286e+00  2.400000e+01
     vertex -9.950770e+01  3.178268e+00  2.400000e+01
   endloop
 endfacet
 facet normal  0.000000e+00  0.000000e+00  1.000000e+00
   outer loop
     vertex -9.951105e+01  2.482134e+01  2.400000e+01
     vertex -9.959846e+01  2.481241e+01  2.400000e+01
     vertex -9.959503e+01  3.187286e+00  2.400000e+01
   endloop
 endfacet
 facet normal  0.000000e+00  0.000000e+00  1.000000e+00
   outer loop
     vertex -9.942392e+01  2.483267e+01  2.400000e+01
     vertex -9.951105e+01  2.482134e+01  2.400000e+01
     vertex -9.950770e+01  3.178268e+00  2.400000e+01
   endloop
 endfacet
 facet normal  0.000000e+00  0.000000e+00  1.000000e+00
   outer loop
     vertex -9.942392e+01  2.483267e+01  2.400000e+01
     vertex -9.950770e+01  3.178268e+00  2.400000e+01
     vertex -9.942064e+01  3.166858e+00  2.400000e+01
   endloop
 endfacet
 facet normal  0.000000e+00  0.000000e+00  1.000000e+00
   outer loop
     vertex -9.933714e+01  2.484638e+01  2.400000e+01
     vertex -9.942064e+01  3.166858e+00  2.400000e+01
     vertex -9.933394e+01  3.153064e+00  2.400000e+01
   endloop
 endfacet
 facet normal  0.000000e+00  0.000000e+00  1.000000e+00
   outer loop
     vertex -9.933714e+01  2.484638e+01  2.400000e+01
     vertex -9.942392e+01  2.483267e+01  2.400000e+01
     vertex -9.942064e+01  3.166858e+00  2.400000e+01
   endloop
 endfacet
 facet normal  0.000000e+00  0.000000e+00  1.000000e+00
   outer loop
     vertex -9.925077e+01  2.486247e+01  2.400000e+01
     vertex -9.933394e+01  3.153064e+00  2.400000e+01
     vertex -9.924764e+01  3.136897e+00  2.400000e+01
   endloop
 endfacet
 facet normal  0.000000e+00  0.000000e+00  1.000000e+00
   outer loop
     vertex -9.925077e+01  2.486247e+01  2.400000e+01
     vertex -9.933714e+01  2.484638e+01  2.400000e+01
     vertex -9.933394e+01  3.153064e+00  2.400000e+01
   endloop
 endfacet
 facet normal  0.000000e+00  0.000000e+00  1.000000e+00
   outer loop
     vertex -9.916487e+01  2.488093e+01  2.400000e+01
     vertex -9.924764e+01  3.136897e+00  2.400000e+01
     vertex -9.916182e+01  3.118368e+00  2.400000e+01
   endloop
 endfacet
 facet normal  0.000000e+00  0.000000e+00  1.000000e+00
   outer loop
     vertex -9.916487e+01  2.488093e+01  2.400000e+01
     vertex -9.925077e+01  2.486247e+01  2.400000e+01
     vertex -9.924764e+01  3.136897e+00  2.400000e+01
   endloop
 endfacet
 facet normal  0.000000e+00  0.000000e+00  1.000000e+00
   outer loop
     vertex -9.907950e+01  2.490174e+01  2.400000e+01
     vertex -9.916182e+01  3.118368e+00  2.400000e+01
     vertex -9.907654e+01  3.097492e+00  2.400000e+01
   endloop
 endfacet
 facet normal  0.000000e+00  0.000000e+00  1.000000e+00
   outer loop
     vertex -9.907950e+01  2.490174e+01  2.400000e+01
     vertex -9.916487e+01  2.488093e+01  2.400000e+01
     vertex -9.916182e+01  3.118368e+00  2.400000e+01
   endloop
 endfacet
 facet normal  0.000000e+00  0.000000e+00  1.000000e+00
   outer loop
     vertex -9.899475e+01  2.492489e+01  2.400000e+01
     vertex -9.907654e+01  3.097492e+00  2.400000e+01
     vertex -9.899187e+01  3.074284e+00  2.400000e+01
   endloop
 endfacet
 facet normal  0.000000e+00  0.000000e+00  1.000000e+00
   outer loop
     vertex -9.899475e+01  2.492489e+01  2.400000e+01
     vertex -9.907950e+01  2.490174e+01  2.400000e+01
     vertex -9.907654e+01  3.097492e+00  2.400000e+01
   endloop
 endfacet
 facet normal  0.000000e+00  0.000000e+00  1.000000e+00
   outer loop
     vertex -9.891066e+01  2.495035e+01  2.400000e+01
     vertex -9.899187e+01  3.074284e+00  2.400000e+01
     vertex -9.890786e+01  3.048761e+00  2.400000e+01
   endloop
 endfacet
 facet normal  0.000000e+00  0.000000e+00  1.000000e+00
   outer loop
     vertex -9.891066e+01  2.495035e+01  2.400000e+01
     vertex -9.899475e+01  2.492489e+01  2.400000e+01
     vertex -9.899187e+01  3.074284e+00  2.400000e+01
   endloop
 endfacet
 facet normal  0.000000e+00  0.000000e+00  1.000000e+00
   outer loop
     vertex -9.882730e+01  2.497811e+01  2.400000e+01
     vertex -9.890786e+01  3.048761e+00  2.400000e+01
     vertex -9.882459e+01  3.020944e+00  2.400000e+01
   endloop
 endfacet
 facet normal  0.000000e+00  0.000000e+00  1.000000e+00
   outer loop
     vertex -9.882730e+01  2.497811e+01  2.400000e+01
     vertex -9.891066e+01  2.495035e+01  2.400000e+01
     vertex -9.890786e+01  3.048761e+00  2.400000e+01
   endloop
 endfacet
 facet normal  0.000000e+00  0.000000e+00  1.000000e+00
   outer loop
     vertex -9.874473e+01  2.500815e+01  2.400000e+01
     vertex -9.882459e+01  3.020944e+00  2.400000e+01
     vertex -9.874211e+01  2.990853e+00  2.400000e+01
   endloop
 endfacet
 facet normal  0.000000e+00  0.000000e+00  1.000000e+00
   outer loop
     vertex -9.874473e+01  2.500815e+01  2.400000e+01
     vertex -9.882730e+01  2.497811e+01  2.400000e+01
     vertex -9.882459e+01  3.020944e+00  2.400000e+01
   endloop
 endfacet
 facet normal  0.000000e+00  0.000000e+00  1.000000e+00
   outer loop
     vertex -9.866302e+01  2.504045e+01  2.400000e+01
     vertex -9.874211e+01  2.990853e+00  2.400000e+01
     vertex -9.866048e+01  2.958510e+00  2.400000e+01
   endloop
 endfacet
 facet normal  0.000000e+00  0.000000e+00  1.000000e+00
   outer loop
     vertex -9.866302e+01  2.504045e+01  2.400000e+01
     vertex -9.874473e+01  2.500815e+01  2.400000e+01
     vertex -9.874211e+01  2.990853e+00  2.400000e+01
   endloop
 endfacet
 facet normal  0.000000e+00  0.000000e+00  1.000000e+00
   outer loop
     vertex -9.858223e+01  2.507497e+01  2.400000e+01
     vertex -9.866048e+01  2.958510e+00  2.400000e+01
     vertex -9.857978e+01  2.923940e+00  2.400000e+01
   endloop
 endfacet
 facet normal  0.000000e+00  0.000000e+00  1.000000e+00
   outer loop
     vertex -9.858223e+01  2.507497e+01  2.400000e+01
     vertex -9.866302e+01  2.504045e+01  2.400000e+01
     vertex -9.866048e+01  2.958510e+00  2.400000e+01
   endloop
 endfacet
 facet normal  0.000000e+00  0.000000e+00  1.000000e+00
   outer loop
     vertex -9.850241e+01  2.511170e+01  2.400000e+01
     vertex -9.857978e+01  2.923940e+00  2.400000e+01
     vertex -9.850005e+01  2.887170e+00  2.400000e+01
   endloop
 endfacet
 facet normal  0.000000e+00  0.000000e+00  1.000000e+00
   outer loop
     vertex -9.850241e+01  2.511170e+01  2.400000e+01
     vertex -9.858223e+01  2.507497e+01  2.400000e+01
     vertex -9.857978e+01  2.923940e+00  2.400000e+01
   endloop
 endfacet
 facet normal  0.000000e+00  0.000000e+00  1.000000e+00
   outer loop
     vertex -9.842364e+01  2.515061e+01  2.400000e+01
     vertex -9.850005e+01  2.887170e+00  2.400000e+01
     vertex -9.842137e+01  2.848225e+00  2.400000e+01
   endloop
 endfacet
 facet normal  0.000000e+00  0.000000e+00  1.000000e+00
   outer loop
     vertex -9.842364e+01  2.515061e+01  2.400000e+01
     vertex -9.850241e+01  2.511170e+01  2.400000e+01
     vertex -9.850005e+01  2.887170e+00  2.400000e+01
   endloop
 endfacet
 facet normal  0.000000e+00  0.000000e+00  1.000000e+00
   outer loop
     vertex -9.834596e+01  2.519167e+01  2.400000e+01
     vertex -9.842137e+01  2.848225e+00  2.400000e+01
     vertex -9.834378e+01  2.807137e+00  2.400000e+01
   endloop
 endfacet
 facet normal  0.000000e+00  0.000000e+00  1.000000e+00
   outer loop
     vertex -9.834596e+01  2.519167e+01  2.400000e+01
     vertex -9.842364e+01  2.515061e+01  2.400000e+01
     vertex -9.842137e+01  2.848225e+00  2.400000e+01
   endloop
 endfacet
 facet normal  0.000000e+00  0.000000e+00  1.000000e+00
   outer loop
     vertex -9.826944e+01  2.523484e+01  2.400000e+01
     vertex -9.834378e+01  2.807137e+00  2.400000e+01
     vertex -9.826734e+01  2.763936e+00  2.400000e+01
   endloop
 endfacet
 facet normal  0.000000e+00  0.000000e+00  1.000000e+00
   outer loop
     vertex -9.826944e+01  2.523484e+01  2.400000e+01
     vertex -9.834596e+01  2.519167e+01  2.400000e+01
     vertex -9.834378e+01  2.807137e+00  2.400000e+01
   endloop
 endfacet
 facet normal  0.000000e+00  0.000000e+00  1.000000e+00
   outer loop
     vertex -9.819413e+01  2.528010e+01  2.400000e+01
     vertex -9.826734e+01  2.763936e+00  2.400000e+01
     vertex -9.819212e+01  2.718654e+00  2.400000e+01
   endloop
 endfacet
 facet normal  0.000000e+00  0.000000e+00  1.000000e+00
   outer loop
     vertex -9.819413e+01  2.528010e+01  2.400000e+01
     vertex -9.826944e+01  2.523484e+01  2.400000e+01
     vertex -9.826734e+01  2.763936e+00  2.400000e+01
   endloop
 endfacet
 facet normal  0.000000e+00  0.000000e+00  1.000000e+00
   outer loop
     vertex -9.812009e+01  2.532741e+01  2.400000e+01
     vertex -9.819212e+01  2.718654e+00  2.400000e+01
     vertex -9.811818e+01  2.671325e+00  2.400000e+01
   endloop
 endfacet
 facet normal  0.000000e+00  0.000000e+00  1.000000e+00
   outer loop
     vertex -9.812009e+01  2.532741e+01  2.400000e+01
     vertex -9.819413e+01  2.528010e+01  2.400000e+01
     vertex -9.819212e+01  2.718654e+00  2.400000e+01
   endloop
 endfacet
 facet normal  0.000000e+00  0.000000e+00  1.000000e+00
   outer loop
     vertex -9.804738e+01  2.537674e+01  2.400000e+01
     vertex -9.811818e+01  2.671325e+00  2.400000e+01
     vertex -9.804555e+01  2.621986e+00  2.400000e+01
   endloop
 endfacet
 facet normal  0.000000e+00  0.000000e+00  1.000000e+00
   outer loop
     vertex -9.804738e+01  2.537674e+01  2.400000e+01
     vertex -9.812009e+01  2.532741e+01  2.400000e+01
     vertex -9.811818e+01  2.671325e+00  2.400000e+01
   endloop
 endfacet
 facet normal  0.000000e+00  0.000000e+00  1.000000e+00
   outer loop
     vertex -9.797606e+01  2.542804e+01  2.400000e+01
     vertex -9.804738e+01  2.537674e+01  2.400000e+01
     vertex -9.804555e+01  2.621986e+00  2.400000e+01
   endloop
 endfacet
 facet normal  0.000000e+00  0.000000e+00  1.000000e+00
   outer loop
     vertex -9.797606e+01  2.542804e+01  2.400000e+01
     vertex -9.804555e+01  2.621986e+00  2.400000e+01
     vertex -9.797431e+01  2.570673e+00  2.400000e+01
   endloop
 endfacet
 facet normal  0.000000e+00  0.000000e+00  1.000000e+00
   outer loop
     vertex -9.790616e+01  2.548128e+01  2.400000e+01
     vertex -9.797606e+01  2.542804e+01  2.400000e+01
     vertex -9.797431e+01  2.570673e+00  2.400000e+01
   endloop
 endfacet
 facet normal  0.000000e+00  0.000000e+00  1.000000e+00
   outer loop
     vertex -9.790616e+01  2.548128e+01  2.400000e+01
     vertex -9.797431e+01  2.570673e+00  2.400000e+01
     vertex -9.790451e+01  2.517424e+00  2.400000e+01
   endloop
 endfacet
 facet normal  0.000000e+00  0.000000e+00  1.000000e+00
   outer loop
     vertex -9.783776e+01  2.553642e+01  2.400000e+01
     vertex -9.790616e+01  2.548128e+01  2.400000e+01
     vertex -9.790451e+01  2.517424e+00  2.400000e+01
   endloop
 endfacet
 facet normal  0.000000e+00  0.000000e+00  1.000000e+00
   outer loop
     vertex -9.783776e+01  2.553642e+01  2.400000e+01
     vertex -9.790451e+01  2.517424e+00  2.400000e+01
     vertex -9.783619e+01  2.462281e+00  2.400000e+01
   endloop
 endfacet
 facet normal  0.000000e+00  0.000000e+00  1.000000e+00
   outer loop
     vertex -9.777089e+01  2.559341e+01  2.400000e+01
     vertex -9.783776e+01  2.553642e+01  2.400000e+01
     vertex -9.783619e+01  2.462281e+00  2.400000e+01
   endloop
 endfacet
 facet normal  0.000000e+00  0.000000e+00  1.000000e+00
   outer loop
     vertex -9.777089e+01  2.559341e+01  2.400000e+01
     vertex -9.783619e+01  2.462281e+00  2.400000e+01
     vertex -9.776941e+01  2.405284e+00  2.400000e+01
   endloop
 endfacet
 facet normal  0.000000e+00  0.000000e+00  1.000000e+00
   outer loop
     vertex -9.770562e+01  2.565222e+01  2.400000e+01
     vertex -9.777089e+01  2.559341e+01  2.400000e+01
     vertex -9.776941e+01  2.405284e+00  2.400000e+01
   endloop
 endfacet
 facet normal  0.000000e+00  0.000000e+00  1.000000e+00
   outer loop
     vertex -9.770562e+01  2.565222e+01  2.400000e+01
     vertex -9.776941e+01  2.405284e+00  2.400000e+01
     vertex -9.770421e+01  2.346477e+00  2.400000e+01
   endloop
 endfacet
 facet normal  0.000000e+00  0.000000e+00  1.000000e+00
   outer loop
     vertex -9.764198e+01  2.571280e+01  2.400000e+01
     vertex -9.770562e+01  2.565222e+01  2.400000e+01
     vertex -9.770421e+01  2.346477e+00  2.400000e+01
   endloop
 endfacet
 facet normal  0.000000e+00  0.000000e+00  1.000000e+00
   outer loop
     vertex -9.764198e+01  2.571280e+01  2.400000e+01
     vertex -9.770421e+01  2.346477e+00  2.400000e+01
     vertex -9.764066e+01  2.285903e+00  2.400000e+01
   endloop
 endfacet
 facet normal  0.000000e+00  0.000000e+00  1.000000e+00
   outer loop
     vertex -9.758003e+01  2.577511e+01  2.400000e+01
     vertex -9.764198e+01  2.571280e+01  2.400000e+01
     vertex -9.764066e+01  2.285903e+00  2.400000e+01
   endloop
 endfacet
 facet normal  0.000000e+00  0.000000e+00  1.000000e+00
   outer loop
     vertex -9.758003e+01  2.577511e+01  2.400000e+01
     vertex -9.764066e+01  2.285903e+00  2.400000e+01
     vertex -9.757879e+01  2.223608e+00  2.400000e+01
   endloop
 endfacet
 facet normal  0.000000e+00  0.000000e+00  1.000000e+00
   outer loop
     vertex -9.751982e+01  2.583909e+01  2.400000e+01
     vertex -9.758003e+01  2.577511e+01  2.400000e+01
     vertex -9.757879e+01  2.223608e+00  2.400000e+01
   endloop
 endfacet
 facet normal  0.000000e+00  0.000000e+00  1.000000e+00
   outer loop
     vertex -9.751982e+01  2.583909e+01  2.400000e+01
     vertex -9.757879e+01  2.223608e+00  2.400000e+01
     vertex -9.751865e+01  2.159640e+00  2.400000e+01
   endloop
 endfacet
 facet normal  0.000000e+00  0.000000e+00  1.000000e+00
   outer loop
     vertex -9.746138e+01  2.590470e+01  2.400000e+01
     vertex -9.751982e+01  2.583909e+01  2.400000e+01
     vertex -9.751865e+01  2.159640e+00  2.400000e+01
   endloop
 endfacet
 facet normal  0.000000e+00  0.000000e+00  1.000000e+00
   outer loop
     vertex -9.746138e+01  2.590470e+01  2.400000e+01
     vertex -9.751865e+01  2.159640e+00  2.400000e+01
     vertex -9.746030e+01  2.094046e+00  2.400000e+01
   endloop
 endfacet
 facet normal  0.000000e+00  0.000000e+00  1.000000e+00
   outer loop
     vertex -9.740477e+01  2.597189e+01  2.400000e+01
     vertex -9.746138e+01  2.590470e+01  2.400000e+01
     vertex -9.746030e+01  2.094046e+00  2.400000e+01
   endloop
 endfacet
 facet normal  0.000000e+00  0.000000e+00  1.000000e+00
   outer loop
     vertex -9.740477e+01  2.597189e+01  2.400000e+01
     vertex -9.746030e+01  2.094046e+00  2.400000e+01
     vertex -9.740376e+01  2.026875e+00  2.400000e+01
   endloop
 endfacet
 facet normal  0.000000e+00  0.000000e+00  1.000000e+00
   outer loop
     vertex -9.735002e+01  2.604061e+01  2.400000e+01
     vertex -9.740477e+01  2.597189e+01  2.400000e+01
     vertex -9.740376e+01  2.026875e+00  2.400000e+01
   endloop
 endfacet
 facet normal  0.000000e+00  0.000000e+00  1.000000e+00
   outer loop
     vertex -9.735002e+01  2.604061e+01  2.400000e+01
     vertex -9.740376e+01  2.026875e+00  2.400000e+01
     vertex -9.734908e+01  1.958179e+00  2.400000e+01
   endloop
 endfacet
 facet normal  0.000000e+00  0.000000e+00  1.000000e+00
   outer loop
     vertex -1.021441e+02  3.083857e+01  2.400000e+01
     vertex -1.022053e+02  3.019842e+01  2.400000e+01
     vertex -1.021441e+02  3.026143e+01  2.400000e+01
   endloop
 endfacet
 facet normal  0.000000e+00  0.000000e+00  1.000000e+00
   outer loop
     vertex -1.020811e+02  3.077727e+01  2.400000e+01
     vertex -1.021441e+02  3.026143e+01  2.400000e+01
     vertex -1.020811e+02  3.032273e+01  2.400000e+01
   endloop
 endfacet
 facet normal  0.000000e+00  0.000000e+00  1.000000e+00
   outer loop
     vertex -1.020811e+02  3.077727e+01  2.400000e+01
     vertex -1.021441e+02  3.083857e+01  2.400000e+01
     vertex -1.021441e+02  3.026143e+01  2.400000e+01
   endloop
 endfacet
 facet normal  0.000000e+00  0.000000e+00  1.000000e+00
   outer loop
     vertex -1.022053e+02  3.090158e+01  2.400000e+01
     vertex -1.022053e+02  3.019842e+01  2.400000e+01
     vertex -1.021441e+02  3.083857e+01  2.400000e+01
   endloop
 endfacet
 facet normal  0.000000e+00  0.000000e+00  1.000000e+00
   outer loop
     vertex -1.020165e+02  3.071771e+01  2.400000e+01
     vertex -1.020165e+02  3.038229e+01  2.400000e+01
     vertex -1.019503e+02  3.044004e+01  2.400000e+01
   endloop
 endfacet
 facet normal  0.000000e+00  0.000000e+00  1.000000e+00
   outer loop
     vertex -1.020165e+02  3.071771e+01  2.400000e+01
     vertex -1.020811e+02  3.032273e+01  2.400000e+01
     vertex -1.020165e+02  3.038229e+01  2.400000e+01
   endloop
 endfacet
 facet normal  0.000000e+00  0.000000e+00  1.000000e+00
   outer loop
     vertex -1.020165e+02  3.071771e+01  2.400000e+01
     vertex -1.020811e+02  3.077727e+01  2.400000e+01
     vertex -1.020811e+02  3.032273e+01  2.400000e+01
   endloop
 endfacet
 facet normal  0.000000e+00  0.000000e+00  1.000000e+00
   outer loop
     vertex -1.022648e+02  3.096625e+01  2.400000e+01
     vertex -1.022648e+02  3.013375e+01  2.400000e+01
     vertex -1.022053e+02  3.019842e+01  2.400000e+01
   endloop
 endfacet
 facet normal  0.000000e+00  0.000000e+00  1.000000e+00
   outer loop
     vertex -1.022648e+02  3.096625e+01  2.400000e+01
     vertex -1.023224e+02  3.006748e+01  2.400000e+01
     vertex -1.022648e+02  3.013375e+01  2.400000e+01
   endloop
 endfacet
 facet normal  0.000000e+00  0.000000e+00  1.000000e+00
   outer loop
     vertex -1.022648e+02  3.096625e+01  2.400000e+01
     vertex -1.022053e+02  3.019842e+01  2.400000e+01
     vertex -1.022053e+02  3.090158e+01  2.400000e+01
   endloop
 endfacet
 facet normal  0.000000e+00  0.000000e+00  1.000000e+00
   outer loop
     vertex -1.019503e+02  3.065996e+01  2.400000e+01
     vertex -1.020165e+02  3.071771e+01  2.400000e+01
     vertex -1.019503e+02  3.044004e+01  2.400000e+01
   endloop
 endfacet
 facet normal  0.000000e+00  0.000000e+00  1.000000e+00
   outer loop
     vertex -1.023224e+02  3.103252e+01  2.400000e+01
     vertex -1.023224e+02  3.006748e+01  2.400000e+01
     vertex -1.022648e+02  3.096625e+01  2.400000e+01
   endloop
 endfacet
 facet normal  0.000000e+00  0.000000e+00  1.000000e+00
   outer loop
     vertex -1.018825e+02  3.060404e+01  2.400000e+01
     vertex -1.019503e+02  3.044004e+01  2.400000e+01
     vertex -1.018825e+02  3.049596e+01  2.400000e+01
   endloop
 endfacet
 facet normal  0.000000e+00  0.000000e+00  1.000000e+00
   outer loop
     vertex -1.018825e+02  3.060404e+01  2.400000e+01
     vertex -1.019503e+02  3.065996e+01  2.400000e+01
     vertex -1.019503e+02  3.044004e+01  2.400000e+01
   endloop
 endfacet
 facet normal  0.000000e+00  0.000000e+00  1.000000e+00
   outer loop
     vertex -1.023783e+02  3.110036e+01  2.400000e+01
     vertex -1.023783e+02  2.999964e+01  2.400000e+01
     vertex -1.023224e+02  3.006748e+01  2.400000e+01
   endloop
 endfacet
 facet normal  0.000000e+00  0.000000e+00  1.000000e+00
   outer loop
     vertex -1.023783e+02  3.110036e+01  2.400000e+01
     vertex -1.023224e+02  3.006748e+01  2.400000e+01
     vertex -1.023224e+02  3.103252e+01  2.400000e+01
   endloop
 endfacet
 facet normal  0.000000e+00  0.000000e+00  1.000000e+00
   outer loop
     vertex -1.018133e+02  3.055000e+01  2.400000e+01
     vertex -1.018825e+02  3.060404e+01  2.400000e+01
     vertex -1.018825e+02  3.049596e+01  2.400000e+01
   endloop
 endfacet
 facet normal  0.000000e+00  0.000000e+00  1.000000e+00
   outer loop
     vertex -1.024322e+02  3.116970e+01  2.400000e+01
     vertex -1.024322e+02  2.993030e+01  2.400000e+01
     vertex -1.023783e+02  2.999964e+01  2.400000e+01
   endloop
 endfacet
 facet normal  0.000000e+00  0.000000e+00  1.000000e+00
   outer loop
     vertex -1.024322e+02  3.116970e+01  2.400000e+01
     vertex -1.024843e+02  2.985950e+01  2.400000e+01
     vertex -1.024322e+02  2.993030e+01  2.400000e+01
   endloop
 endfacet
 facet normal  0.000000e+00  0.000000e+00  1.000000e+00
   outer loop
     vertex -1.024322e+02  3.116970e+01  2.400000e+01
     vertex -1.023783e+02  2.999964e+01  2.400000e+01
     vertex -1.023783e+02  3.110036e+01  2.400000e+01
   endloop
 endfacet
 facet normal  0.000000e+00  0.000000e+00  1.000000e+00
   outer loop
     vertex -1.024843e+02  3.124050e+01  2.400000e+01
     vertex -1.025343e+02  2.978730e+01  2.400000e+01
     vertex -1.024843e+02  2.985950e+01  2.400000e+01
   endloop
 endfacet
 facet normal  0.000000e+00  0.000000e+00  1.000000e+00
   outer loop
     vertex -1.024843e+02  3.124050e+01  2.400000e+01
     vertex -1.024843e+02  2.985950e+01  2.400000e+01
     vertex -1.024322e+02  3.116970e+01  2.400000e+01
   endloop
 endfacet
 facet normal  0.000000e+00  0.000000e+00  1.000000e+00
   outer loop
     vertex -1.025343e+02  3.131270e+01  2.400000e+01
     vertex -1.025343e+02  2.978730e+01  2.400000e+01
     vertex -1.024843e+02  3.124050e+01  2.400000e+01
   endloop
 endfacet
 facet normal  0.000000e+00  0.000000e+00  1.000000e+00
   outer loop
     vertex -1.025343e+02  3.131270e+01  2.400000e+01
     vertex -1.025824e+02  2.971376e+01  2.400000e+01
     vertex -1.025343e+02  2.978730e+01  2.400000e+01
   endloop
 endfacet
 facet normal  0.000000e+00  0.000000e+00  1.000000e+00
   outer loop
     vertex -1.025824e+02  3.138624e+01  2.400000e+01
     vertex -1.025824e+02  2.971376e+01  2.400000e+01
     vertex -1.025343e+02  3.131270e+01  2.400000e+01
   endloop
 endfacet
 facet normal  0.000000e+00  0.000000e+00  1.000000e+00
   outer loop
     vertex -9.729718e+01  2.611081e+01  2.400000e+01
     vertex -9.735002e+01  2.604061e+01  2.400000e+01
     vertex -9.734908e+01  1.958179e+00  2.400000e+01
   endloop
 endfacet
 facet normal  0.000000e+00  0.000000e+00  1.000000e+00
   outer loop
     vertex -9.729718e+01  2.611081e+01  2.400000e+01
     vertex -9.734908e+01  1.958179e+00  2.400000e+01
     vertex -9.729632e+01  1.888009e+00  2.400000e+01
   endloop
 endfacet
 facet normal  0.000000e+00  0.000000e+00  1.000000e+00
   outer loop
     vertex -1.026284e+02  3.146108e+01  2.400000e+01
     vertex -1.026284e+02  2.963892e+01  2.400000e+01
     vertex -1.025824e+02  2.971376e+01  2.400000e+01
   endloop
 endfacet
 facet normal  0.000000e+00  0.000000e+00  1.000000e+00
   outer loop
     vertex -1.026284e+02  3.146108e+01  2.400000e+01
     vertex -1.026724e+02  2.956285e+01  2.400000e+01
     vertex -1.026284e+02  2.963892e+01  2.400000e+01
   endloop
 endfacet
 facet normal  0.000000e+00  0.000000e+00  1.000000e+00
   outer loop
     vertex -1.026284e+02  3.146108e+01  2.400000e+01
     vertex -1.025824e+02  2.971376e+01  2.400000e+01
     vertex -1.025824e+02  3.138624e+01  2.400000e+01
   endloop
 endfacet
 facet normal  0.000000e+00  0.000000e+00  1.000000e+00
   outer loop
     vertex -1.026724e+02  3.153715e+01  2.400000e+01
     vertex -1.026724e+02  2.956285e+01  2.400000e+01
     vertex -1.026284e+02  3.146108e+01  2.400000e+01
   endloop
 endfacet
 facet normal  0.000000e+00  0.000000e+00  1.000000e+00
   outer loop
     vertex -1.027143e+02  3.161440e+01  2.400000e+01
     vertex -1.027143e+02  2.948560e+01  2.400000e+01
     vertex -1.026724e+02  2.956285e+01  2.400000e+01
   endloop
 endfacet
 facet normal  0.000000e+00  0.000000e+00  1.000000e+00
   outer loop
     vertex -1.027143e+02  3.161440e+01  2.400000e+01
     vertex -1.026724e+02  2.956285e+01  2.400000e+01
     vertex -1.026724e+02  3.153715e+01  2.400000e+01
   endloop
 endfacet
 facet normal  0.000000e+00  0.000000e+00  1.000000e+00
   outer loop
     vertex -9.724629e+01  2.618243e+01  2.400000e+01
     vertex -9.729718e+01  2.611081e+01  2.400000e+01
     vertex -9.729632e+01  1.888009e+00  2.400000e+01
   endloop
 endfacet
 facet normal  0.000000e+00  0.000000e+00  1.000000e+00
   outer loop
     vertex -9.724629e+01  2.618243e+01  2.400000e+01
     vertex -9.729632e+01  1.888009e+00  2.400000e+01
     vertex -9.724549e+01  1.816417e+00  2.400000e+01
   endloop
 endfacet
 facet normal  0.000000e+00  0.000000e+00  1.000000e+00
   outer loop
     vertex -1.027540e+02  3.169278e+01  2.400000e+01
     vertex -1.027540e+02  2.940722e+01  2.400000e+01
     vertex -1.027143e+02  2.948560e+01  2.400000e+01
   endloop
 endfacet
 facet normal  0.000000e+00  0.000000e+00  1.000000e+00
   outer loop
     vertex -1.027540e+02  3.169278e+01  2.400000e+01
     vertex -1.027143e+02  2.948560e+01  2.400000e+01
     vertex -1.027143e+02  3.161440e+01  2.400000e+01
   endloop
 endfacet
 facet normal  0.000000e+00  0.000000e+00  1.000000e+00
   outer loop
     vertex -1.027915e+02  3.177221e+01  2.400000e+01
     vertex -1.027540e+02  2.940722e+01  2.400000e+01
     vertex -1.027540e+02  3.169278e+01  2.400000e+01
   endloop
 endfacet
 facet normal  0.000000e+00  0.000000e+00  1.000000e+00
   outer loop
     vertex -1.027915e+02  3.177221e+01  2.400000e+01
     vertex -1.027915e+02  2.932779e+01  2.400000e+01
     vertex -1.027540e+02  2.940722e+01  2.400000e+01
   endloop
 endfacet
 facet normal  0.000000e+00  0.000000e+00  1.000000e+00
   outer loop
     vertex -1.028269e+02  3.185264e+01  2.400000e+01
     vertex -1.028269e+02  2.924736e+01  2.400000e+01
     vertex -1.027915e+02  2.932779e+01  2.400000e+01
   endloop
 endfacet
 facet normal  0.000000e+00  0.000000e+00  1.000000e+00
   outer loop
     vertex -1.028269e+02  3.185264e+01  2.400000e+01
     vertex -1.027915e+02  2.932779e+01  2.400000e+01
     vertex -1.027915e+02  3.177221e+01  2.400000e+01
   endloop
 endfacet
 facet normal  0.000000e+00  0.000000e+00  1.000000e+00
   outer loop
     vertex -9.719738e+01  2.625542e+01  2.400000e+01
     vertex -9.724629e+01  2.618243e+01  2.400000e+01
     vertex -9.724549e+01  1.816417e+00  2.400000e+01
   endloop
 endfacet
 facet normal  0.000000e+00  0.000000e+00  1.000000e+00
   outer loop
     vertex -9.719738e+01  2.625542e+01  2.400000e+01
     vertex -9.724549e+01  1.816417e+00  2.400000e+01
     vertex -9.719665e+01  1.743458e+00  2.400000e+01
   endloop
 endfacet
 facet normal  0.000000e+00  0.000000e+00  1.000000e+00
   outer loop
     vertex -1.028600e+02  3.193402e+01  2.400000e+01
     vertex -1.028269e+02  2.924736e+01  2.400000e+01
     vertex -1.028269e+02  3.185264e+01  2.400000e+01
   endloop
 endfacet
 facet normal  0.000000e+00  0.000000e+00  1.000000e+00
   outer loop
     vertex -1.028600e+02  3.193402e+01  2.400000e+01
     vertex -1.028600e+02  2.916598e+01  2.400000e+01
     vertex -1.028269e+02  2.924736e+01  2.400000e+01
   endloop
 endfacet
 facet normal  0.000000e+00  0.000000e+00  1.000000e+00
   outer loop
     vertex -1.028909e+02  3.201627e+01  2.400000e+01
     vertex -1.028600e+02  2.916598e+01  2.400000e+01
     vertex -1.028600e+02  3.193402e+01  2.400000e+01
   endloop
 endfacet
 facet normal  0.000000e+00  0.000000e+00  1.000000e+00
   outer loop
     vertex -1.028909e+02  3.201627e+01  2.400000e+01
     vertex -1.028909e+02  2.908373e+01  2.400000e+01
     vertex -1.028600e+02  2.916598e+01  2.400000e+01
   endloop
 endfacet
 facet normal  0.000000e+00  0.000000e+00  1.000000e+00
   outer loop
     vertex -9.715050e+01  2.632972e+01  2.400000e+01
     vertex -9.719738e+01  2.625542e+01  2.400000e+01
     vertex -9.719665e+01  1.743458e+00  2.400000e+01
   endloop
 endfacet
 facet normal  0.000000e+00  0.000000e+00  1.000000e+00
   outer loop
     vertex -9.715050e+01  2.632972e+01  2.400000e+01
     vertex -9.719665e+01  1.743458e+00  2.400000e+01
     vertex -9.714983e+01  1.669187e+00  2.400000e+01
   endloop
 endfacet
 facet normal  0.000000e+00  0.000000e+00  1.000000e+00
   outer loop
     vertex -1.029195e+02  3.209934e+01  2.400000e+01
     vertex -1.028909e+02  2.908373e+01  2.400000e+01
     vertex -1.028909e+02  3.201627e+01  2.400000e+01
   endloop
 endfacet
 facet normal  0.000000e+00  0.000000e+00  1.000000e+00
   outer loop
     vertex -1.029195e+02  3.209934e+01  2.400000e+01
     vertex -1.029195e+02  2.900066e+01  2.400000e+01
     vertex -1.028909e+02  2.908373e+01  2.400000e+01
   endloop
 endfacet
 facet normal  0.000000e+00  0.000000e+00  1.000000e+00
   outer loop
     vertex -1.029458e+02  3.218316e+01  2.400000e+01
     vertex -1.029458e+02  2.891684e+01  2.400000e+01
     vertex -1.029195e+02  2.900066e+01  2.400000e+01
   endloop
 endfacet
 facet normal  0.000000e+00  0.000000e+00  1.000000e+00
   outer loop
     vertex -1.029458e+02  3.218316e+01  2.400000e+01
     vertex -1.029195e+02  2.900066e+01  2.400000e+01
     vertex -1.029195e+02  3.209934e+01  2.400000e+01
   endloop
 endfacet
 facet normal  0.000000e+00  0.000000e+00  1.000000e+00
   outer loop
     vertex -1.029699e+02  3.226768e+01  2.400000e+01
     vertex -1.029458e+02  2.891684e+01  2.400000e+01
     vertex -1.029458e+02  3.218316e+01  2.400000e+01
   endloop
 endfacet
 facet normal  0.000000e+00  0.000000e+00  1.000000e+00
   outer loop
     vertex -1.029699e+02  3.226768e+01  2.400000e+01
     vertex -1.029699e+02  2.883232e+01  2.400000e+01
     vertex -1.029458e+02  2.891684e+01  2.400000e+01
   endloop
 endfacet
 facet normal  0.000000e+00  0.000000e+00  1.000000e+00
   outer loop
     vertex -1.029699e+02  3.226768e+01  2.400000e+01
     vertex -1.029915e+02  2.874718e+01  2.400000e+01
     vertex -1.029699e+02  2.883232e+01  2.400000e+01
   endloop
 endfacet
 facet normal  0.000000e+00  0.000000e+00  1.000000e+00
   outer loop
     vertex -9.710567e+01  2.640529e+01  2.400000e+01
     vertex -9.715050e+01  2.632972e+01  2.400000e+01
     vertex -9.714983e+01  1.669187e+00  2.400000e+01
   endloop
 endfacet
 facet normal  0.000000e+00  0.000000e+00  1.000000e+00
   outer loop
     vertex -9.710567e+01  2.640529e+01  2.400000e+01
     vertex -9.714983e+01  1.669187e+00  2.400000e+01
     vertex -9.710507e+01  1.593659e+00  2.400000e+01
   endloop
 endfacet
 facet normal  0.000000e+00  0.000000e+00  1.000000e+00
   outer loop
     vertex -1.029915e+02  3.235282e+01  2.400000e+01
     vertex -1.029915e+02  2.874718e+01  2.400000e+01
     vertex -1.029699e+02  3.226768e+01  2.400000e+01
   endloop
 endfacet
 facet normal  0.000000e+00  0.000000e+00  1.000000e+00
   outer loop
     vertex -1.029915e+02  3.235282e+01  2.400000e+01
     vertex -1.030109e+02  2.866147e+01  2.400000e+01
     vertex -1.029915e+02  2.874718e+01  2.400000e+01
   endloop
 endfacet
 facet normal  0.000000e+00  0.000000e+00  1.000000e+00
   outer loop
     vertex -9.706294e+01  2.648206e+01  2.400000e+01
     vertex -9.710567e+01  2.640529e+01  2.400000e+01
     vertex -9.710507e+01  1.593659e+00  2.400000e+01
   endloop
 endfacet
 facet normal  0.000000e+00  0.000000e+00  1.000000e+00
   outer loop
     vertex -9.706294e+01  2.648206e+01  2.400000e+01
     vertex -9.710507e+01  1.593659e+00  2.400000e+01
     vertex -9.706239e+01  1.516932e+00  2.400000e+01
   endloop
 endfacet
 facet normal  0.000000e+00  0.000000e+00  1.000000e+00
   outer loop
     vertex -1.030109e+02  3.243853e+01  2.400000e+01
     vertex -1.030109e+02  2.866147e+01  2.400000e+01
     vertex -1.029915e+02  3.235282e+01  2.400000e+01
   endloop
 endfacet
 facet normal  0.000000e+00  0.000000e+00  1.000000e+00
   outer loop
     vertex -1.030279e+02  3.252473e+01  2.400000e+01
     vertex -1.030279e+02  2.857527e+01  2.400000e+01
     vertex -1.030109e+02  2.866147e+01  2.400000e+01
   endloop
 endfacet
 facet normal  0.000000e+00  0.000000e+00  1.000000e+00
   outer loop
     vertex -1.030279e+02  3.252473e+01  2.400000e+01
     vertex -1.030109e+02  2.866147e+01  2.400000e+01
     vertex -1.030109e+02  3.243853e+01  2.400000e+01
   endloop
 endfacet
 facet normal  0.000000e+00  0.000000e+00  1.000000e+00
   outer loop
     vertex -9.702232e+01  2.655997e+01  2.400000e+01
     vertex -9.706294e+01  2.648206e+01  2.400000e+01
     vertex -9.706239e+01  1.516932e+00  2.400000e+01
   endloop
 endfacet
 facet normal  0.000000e+00  0.000000e+00  1.000000e+00
   outer loop
     vertex -9.702232e+01  2.655997e+01  2.400000e+01
     vertex -9.706239e+01  1.516932e+00  2.400000e+01
     vertex -9.702184e+01  1.439063e+00  2.400000e+01
   endloop
 endfacet
 facet normal  0.000000e+00  0.000000e+00  1.000000e+00
   outer loop
     vertex -1.030425e+02  3.261137e+01  2.400000e+01
     vertex -1.030425e+02  2.848863e+01  2.400000e+01
     vertex -1.030279e+02  2.857527e+01  2.400000e+01
   endloop
 endfacet
 facet normal  0.000000e+00  0.000000e+00  1.000000e+00
   outer loop
     vertex -1.030425e+02  3.261137e+01  2.400000e+01
     vertex -1.030279e+02  2.857527e+01  2.400000e+01
     vertex -1.030279e+02  3.252473e+01  2.400000e+01
   endloop
 endfacet
 facet normal  0.000000e+00  0.000000e+00  1.000000e+00
   outer loop
     vertex -1.030547e+02  3.269837e+01  2.400000e+01
     vertex -1.030547e+02  2.840163e+01  2.400000e+01
     vertex -1.030425e+02  2.848863e+01  2.400000e+01
   endloop
 endfacet
 facet normal  0.000000e+00  0.000000e+00  1.000000e+00
   outer loop
     vertex -1.030547e+02  3.269837e+01  2.400000e+01
     vertex -1.030425e+02  2.848863e+01  2.400000e+01
     vertex -1.030425e+02  3.261137e+01  2.400000e+01
   endloop
 endfacet
 facet normal  0.000000e+00  0.000000e+00  1.000000e+00
   outer loop
     vertex -9.698387e+01  2.663897e+01  2.400000e+01
     vertex -9.702232e+01  2.655997e+01  2.400000e+01
     vertex -9.702184e+01  1.439063e+00  2.400000e+01
   endloop
 endfacet
 facet normal  0.000000e+00  0.000000e+00  1.000000e+00
   outer loop
     vertex -9.698387e+01  2.663897e+01  2.400000e+01
     vertex -9.702184e+01  1.439063e+00  2.400000e+01
     vertex -9.698343e+01  1.360110e+00  2.400000e+01
   endloop
 endfacet
 facet normal  0.000000e+00  0.000000e+00  1.000000e+00
   outer loop
     vertex -1.030645e+02  3.278568e+01  2.400000e+01
     vertex -1.030645e+02  2.831432e+01  2.400000e+01
     vertex -1.030547e+02  2.840163e+01  2.400000e+01
   endloop
 endfacet
 facet normal  0.000000e+00  0.000000e+00  1.000000e+00
   outer loop
     vertex -1.030645e+02  3.278568e+01  2.400000e+01
     vertex -1.030720e+02  2.822677e+01  2.400000e+01
     vertex -1.030645e+02  2.831432e+01  2.400000e+01
   endloop
 endfacet
 facet normal  0.000000e+00  0.000000e+00  1.000000e+00
   outer loop
     vertex -1.030645e+02  3.278568e+01  2.400000e+01
     vertex -1.030547e+02  2.840163e+01  2.400000e+01
     vertex -1.030547e+02  3.269837e+01  2.400000e+01
   endloop
 endfacet
 facet normal  0.000000e+00  0.000000e+00  1.000000e+00
   outer loop
     vertex -9.694759e+01  2.671899e+01  2.400000e+01
     vertex -9.698387e+01  2.663897e+01  2.400000e+01
     vertex -9.698343e+01  1.360110e+00  2.400000e+01
   endloop
 endfacet
 facet normal  0.000000e+00  0.000000e+00  1.000000e+00
   outer loop
     vertex -9.694759e+01  2.671899e+01  2.400000e+01
     vertex -9.698343e+01  1.360110e+00  2.400000e+01
     vertex -9.694721e+01  1.280133e+00  2.400000e+01
   endloop
 endfacet
 facet normal  0.000000e+00  0.000000e+00  1.000000e+00
   outer loop
     vertex -1.030720e+02  3.287323e+01  2.400000e+01
     vertex -1.030720e+02  2.822677e+01  2.400000e+01
     vertex -1.030645e+02  3.278568e+01  2.400000e+01
   endloop
 endfacet
 facet normal  0.000000e+00  0.000000e+00  1.000000e+00
   outer loop
     vertex -1.030720e+02  3.287323e+01  2.400000e+01
     vertex -1.030770e+02  2.813905e+01  2.400000e+01
     vertex -1.030720e+02  2.822677e+01  2.400000e+01
   endloop
 endfacet
 facet normal  0.000000e+00  0.000000e+00  1.000000e+00
   outer loop
     vertex -1.030770e+02  3.296095e+01  2.400000e+01
     vertex -1.030770e+02  2.813905e+01  2.400000e+01
     vertex -1.030720e+02  3.287323e+01  2.400000e+01
   endloop
 endfacet
 facet normal  0.000000e+00  0.000000e+00  1.000000e+00
   outer loop
     vertex -9.691353e+01  2.679998e+01  2.400000e+01
     vertex -9.694759e+01  2.671899e+01  2.400000e+01
     vertex -9.694721e+01  1.280133e+00  2.400000e+01
   endloop
 endfacet
 facet normal  0.000000e+00  0.000000e+00  1.000000e+00
   outer loop
     vertex -9.691353e+01  2.679998e+01  2.400000e+01
     vertex -9.694721e+01  1.280133e+00  2.400000e+01
     vertex -9.691319e+01  1.199193e+00  2.400000e+01
   endloop
 endfacet
 facet normal  0.000000e+00  0.000000e+00  1.000000e+00
   outer loop
     vertex -9.688170e+01  2.688187e+01  2.400000e+01
     vertex -9.691353e+01  2.679998e+01  2.400000e+01
     vertex -9.691319e+01  1.199193e+00  2.400000e+01
   endloop
 endfacet
 facet normal  0.000000e+00  0.000000e+00  1.000000e+00
   outer loop
     vertex -9.688170e+01  2.688187e+01  2.400000e+01
     vertex -9.691319e+01  1.199193e+00  2.400000e+01
     vertex -9.688141e+01  1.117351e+00  2.400000e+01
   endloop
 endfacet
 facet normal  0.000000e+00  0.000000e+00  1.000000e+00
   outer loop
     vertex -9.685214e+01  2.696461e+01  2.400000e+01
     vertex -9.688170e+01  2.688187e+01  2.400000e+01
     vertex -9.688141e+01  1.117351e+00  2.400000e+01
   endloop
 endfacet
 facet normal  0.000000e+00  0.000000e+00  1.000000e+00
   outer loop
     vertex -9.685214e+01  2.696461e+01  2.400000e+01
     vertex -9.688141e+01  1.117351e+00  2.400000e+01
     vertex -9.685189e+01  1.034667e+00  2.400000e+01
   endloop
 endfacet
 facet normal  0.000000e+00  0.000000e+00  1.000000e+00
   outer loop
     vertex -9.682485e+01  2.704813e+01  2.400000e+01
     vertex -9.685214e+01  2.696461e+01  2.400000e+01
     vertex -9.685189e+01  1.034667e+00  2.400000e+01
   endloop
 endfacet
 facet normal  0.000000e+00  0.000000e+00  1.000000e+00
   outer loop
     vertex -9.682485e+01  2.704813e+01  2.400000e+01
     vertex -9.685189e+01  1.034667e+00  2.400000e+01
     vertex -9.682464e+01  9.512037e-01  2.400000e+01
   endloop
 endfacet
 facet normal  0.000000e+00  0.000000e+00  1.000000e+00
   outer loop
     vertex -9.679987e+01  2.713236e+01  2.400000e+01
     vertex -9.682464e+01  9.512037e-01  2.400000e+01
     vertex -9.679970e+01  8.670249e-01  2.400000e+01
   endloop
 endfacet
 facet normal  0.000000e+00  0.000000e+00  1.000000e+00
   outer loop
     vertex -9.679987e+01  2.713236e+01  2.400000e+01
     vertex -9.682485e+01  2.704813e+01  2.400000e+01
     vertex -9.682464e+01  9.512037e-01  2.400000e+01
   endloop
 endfacet
 facet normal  0.000000e+00  0.000000e+00  1.000000e+00
   outer loop
     vertex -9.677721e+01  2.721725e+01  2.400000e+01
     vertex -9.679970e+01  8.670249e-01  2.400000e+01
     vertex -9.677707e+01  7.821934e-01  2.400000e+01
   endloop
 endfacet
 facet normal  0.000000e+00  0.000000e+00  1.000000e+00
   outer loop
     vertex -9.677721e+01  2.721725e+01  2.400000e+01
     vertex -9.679987e+01  2.713236e+01  2.400000e+01
     vertex -9.679970e+01  8.670249e-01  2.400000e+01
   endloop
 endfacet
 facet normal  0.000000e+00  0.000000e+00  1.000000e+00
   outer loop
     vertex -9.675689e+01  2.730273e+01  2.400000e+01
     vertex -9.677707e+01  7.821934e-01  2.400000e+01
     vertex -9.675678e+01  6.967730e-01  2.400000e+01
   endloop
 endfacet
 facet normal  0.000000e+00  0.000000e+00  1.000000e+00
   outer loop
     vertex -9.675689e+01  2.730273e+01  2.400000e+01
     vertex -9.677721e+01  2.721725e+01  2.400000e+01
     vertex -9.677707e+01  7.821934e-01  2.400000e+01
   endloop
 endfacet
 facet normal  0.000000e+00  0.000000e+00  1.000000e+00
   outer loop
     vertex -9.673892e+01  2.738873e+01  2.400000e+01
     vertex -9.675678e+01  6.967730e-01  2.400000e+01
     vertex -9.673884e+01  6.108282e-01  2.400000e+01
   endloop
 endfacet
 facet normal  0.000000e+00  0.000000e+00  1.000000e+00
   outer loop
     vertex -9.673892e+01  2.738873e+01  2.400000e+01
     vertex -9.675689e+01  2.730273e+01  2.400000e+01
     vertex -9.675678e+01  6.967730e-01  2.400000e+01
   endloop
 endfacet
 facet normal  0.000000e+00  0.000000e+00  1.000000e+00
   outer loop
     vertex -9.672333e+01  2.747520e+01  2.400000e+01
     vertex -9.673892e+01  2.738873e+01  2.400000e+01
     vertex -9.673884e+01  6.108282e-01  2.400000e+01
   endloop
 endfacet
 facet normal  0.000000e+00  0.000000e+00  1.000000e+00
   outer loop
     vertex -9.672333e+01  2.747520e+01  2.400000e+01
     vertex -9.673884e+01  6.108282e-01  2.400000e+01
     vertex -9.672326e+01  5.244235e-01  2.400000e+01
   endloop
 endfacet
 facet normal  0.000000e+00  0.000000e+00  1.000000e+00
   outer loop
     vertex -9.671011e+01  2.756206e+01  2.400000e+01
     vertex -9.672326e+01  5.244235e-01  2.400000e+01
     vertex -9.671007e+01  4.376241e-01  2.400000e+01
   endloop
 endfacet
 facet normal  0.000000e+00  0.000000e+00  1.000000e+00
   outer loop
     vertex -9.671011e+01  2.756206e+01  2.400000e+01
     vertex -9.672333e+01  2.747520e+01  2.400000e+01
     vertex -9.672326e+01  5.244235e-01  2.400000e+01
   endloop
 endfacet
 facet normal  0.000000e+00  0.000000e+00  1.000000e+00
   outer loop
     vertex -9.787830e+01  3.060336e+01  2.400000e+01
     vertex -9.787830e+01  3.049664e+01  2.400000e+01
     vertex -9.781133e+01  3.044144e+01  2.400000e+01
   endloop
 endfacet
 facet normal  0.000000e+00  0.000000e+00  1.000000e+00
   outer loop
     vertex -9.787830e+01  3.060336e+01  2.400000e+01
     vertex -9.794674e+01  3.055000e+01  2.400000e+01
     vertex -9.787830e+01  3.049664e+01  2.400000e+01
   endloop
 endfacet
 facet normal  0.000000e+00  0.000000e+00  1.000000e+00
   outer loop
     vertex -9.781133e+01  3.065856e+01  2.400000e+01
     vertex -9.787830e+01  3.060336e+01  2.400000e+01
     vertex -9.781133e+01  3.044144e+01  2.400000e+01
   endloop
 endfacet
 facet normal  0.000000e+00  0.000000e+00  1.000000e+00
   outer loop
     vertex -9.774589e+01  3.071556e+01  2.400000e+01
     vertex -9.781133e+01  3.044144e+01  2.400000e+01
     vertex -9.774589e+01  3.038444e+01  2.400000e+01
   endloop
 endfacet
 facet normal  0.000000e+00  0.000000e+00  1.000000e+00
   outer loop
     vertex -9.774589e+01  3.071556e+01  2.400000e+01
     vertex -9.781133e+01  3.065856e+01  2.400000e+01
     vertex -9.781133e+01  3.044144e+01  2.400000e+01
   endloop
 endfacet
 facet normal  0.000000e+00  0.000000e+00  1.000000e+00
   outer loop
     vertex -9.768201e+01  3.077430e+01  2.400000e+01
     vertex -9.774589e+01  3.038444e+01  2.400000e+01
     vertex -9.768201e+01  3.032570e+01  2.400000e+01
   endloop
 endfacet
 facet normal  0.000000e+00  0.000000e+00  1.000000e+00
   outer loop
     vertex -9.768201e+01  3.077430e+01  2.400000e+01
     vertex -9.774589e+01  3.071556e+01  2.400000e+01
     vertex -9.774589e+01  3.038444e+01  2.400000e+01
   endloop
 endfacet
 facet normal  0.000000e+00  0.000000e+00  1.000000e+00
   outer loop
     vertex -9.761976e+01  3.083476e+01  2.400000e+01
     vertex -9.768201e+01  3.032570e+01  2.400000e+01
     vertex -9.761976e+01  3.026524e+01  2.400000e+01
   endloop
 endfacet
 facet normal  0.000000e+00  0.000000e+00  1.000000e+00
   outer loop
     vertex -9.761976e+01  3.083476e+01  2.400000e+01
     vertex -9.768201e+01  3.077430e+01  2.400000e+01
     vertex -9.768201e+01  3.032570e+01  2.400000e+01
   endloop
 endfacet
 facet normal  0.000000e+00  0.000000e+00  1.000000e+00
   outer loop
     vertex -9.755916e+01  3.089689e+01  2.400000e+01
     vertex -9.761976e+01  3.026524e+01  2.400000e+01
     vertex -9.755916e+01  3.020311e+01  2.400000e+01
   endloop
 endfacet
 facet normal  0.000000e+00  0.000000e+00  1.000000e+00
   outer loop
     vertex -9.755916e+01  3.089689e+01  2.400000e+01
     vertex -9.761976e+01  3.083476e+01  2.400000e+01
     vertex -9.761976e+01  3.026524e+01  2.400000e+01
   endloop
 endfacet
 facet normal  0.000000e+00  0.000000e+00  1.000000e+00
   outer loop
     vertex -9.750027e+01  3.096063e+01  2.400000e+01
     vertex -9.755916e+01  3.089689e+01  2.400000e+01
     vertex -9.755916e+01  3.020311e+01  2.400000e+01
   endloop
 endfacet
 facet normal  0.000000e+00  0.000000e+00  1.000000e+00
   outer loop
     vertex -9.750027e+01  3.096063e+01  2.400000e+01
     vertex -9.755916e+01  3.020311e+01  2.400000e+01
     vertex -9.750027e+01  3.013937e+01  2.400000e+01
   endloop
 endfacet
 facet normal  0.000000e+00  0.000000e+00  1.000000e+00
   outer loop
     vertex -9.744313e+01  3.102595e+01  2.400000e+01
     vertex -9.750027e+01  3.096063e+01  2.400000e+01
     vertex -9.750027e+01  3.013937e+01  2.400000e+01
   endloop
 endfacet
 facet normal  0.000000e+00  0.000000e+00  1.000000e+00
   outer loop
     vertex -9.744313e+01  3.102595e+01  2.400000e+01
     vertex -9.750027e+01  3.013937e+01  2.400000e+01
     vertex -9.744313e+01  3.007405e+01  2.400000e+01
   endloop
 endfacet
 facet normal  0.000000e+00  0.000000e+00  1.000000e+00
   outer loop
     vertex -9.738778e+01  3.109280e+01  2.400000e+01
     vertex -9.744313e+01  3.102595e+01  2.400000e+01
     vertex -9.744313e+01  3.007405e+01  2.400000e+01
   endloop
 endfacet
 facet normal  0.000000e+00  0.000000e+00  1.000000e+00
   outer loop
     vertex -9.738778e+01  3.109280e+01  2.400000e+01
     vertex -9.744313e+01  3.007405e+01  2.400000e+01
     vertex -9.738778e+01  3.000720e+01  2.400000e+01
   endloop
 endfacet
 facet normal  0.000000e+00  0.000000e+00  1.000000e+00
   outer loop
     vertex -9.733427e+01  3.116112e+01  2.400000e+01
     vertex -9.738778e+01  3.109280e+01  2.400000e+01
     vertex -9.738778e+01  3.000720e+01  2.400000e+01
   endloop
 endfacet
 facet normal  0.000000e+00  0.000000e+00  1.000000e+00
   outer loop
     vertex -9.733427e+01  3.116112e+01  2.400000e+01
     vertex -9.738778e+01  3.000720e+01  2.400000e+01
     vertex -9.733427e+01  2.993888e+01  2.400000e+01
   endloop
 endfacet
 facet normal  0.000000e+00  0.000000e+00  1.000000e+00
   outer loop
     vertex -9.728263e+01  3.123086e+01  2.400000e+01
     vertex -9.733427e+01  3.116112e+01  2.400000e+01
     vertex -9.733427e+01  2.993888e+01  2.400000e+01
   endloop
 endfacet
 facet normal  0.000000e+00  0.000000e+00  1.000000e+00
   outer loop
     vertex -9.728263e+01  3.123086e+01  2.400000e+01
     vertex -9.733427e+01  2.993888e+01  2.400000e+01
     vertex -9.728263e+01  2.986914e+01  2.400000e+01
   endloop
 endfacet
 facet normal  0.000000e+00  0.000000e+00  1.000000e+00
   outer loop
     vertex -9.723290e+01  3.130199e+01  2.400000e+01
     vertex -9.728263e+01  3.123086e+01  2.400000e+01
     vertex -9.728263e+01  2.986914e+01  2.400000e+01
   endloop
 endfacet
 facet normal  0.000000e+00  0.000000e+00  1.000000e+00
   outer loop
     vertex -9.723290e+01  3.130199e+01  2.400000e+01
     vertex -9.723290e+01  2.979801e+01  2.400000e+01
     vertex -9.718511e+01  2.972557e+01  2.400000e+01
   endloop
 endfacet
 facet normal  0.000000e+00  0.000000e+00  1.000000e+00
   outer loop
     vertex -9.723290e+01  3.130199e+01  2.400000e+01
     vertex -9.728263e+01  2.986914e+01  2.400000e+01
     vertex -9.723290e+01  2.979801e+01  2.400000e+01
   endloop
 endfacet
 facet normal  0.000000e+00  0.000000e+00  1.000000e+00
   outer loop
     vertex -9.718511e+01  3.137443e+01  2.400000e+01
     vertex -9.723290e+01  3.130199e+01  2.400000e+01
     vertex -9.718511e+01  2.972557e+01  2.400000e+01
   endloop
 endfacet
 facet normal  0.000000e+00  0.000000e+00  1.000000e+00
   outer loop
     vertex -9.713931e+01  3.144814e+01  2.400000e+01
     vertex -9.718511e+01  3.137443e+01  2.400000e+01
     vertex -9.718511e+01  2.972557e+01  2.400000e+01
   endloop
 endfacet
 facet normal  0.000000e+00  0.000000e+00  1.000000e+00
   outer loop
     vertex -9.713931e+01  3.144814e+01  2.400000e+01
     vertex -9.718511e+01  2.972557e+01  2.400000e+01
     vertex -9.713931e+01  2.965186e+01  2.400000e+01
   endloop
 endfacet
 facet normal  0.000000e+00  0.000000e+00  1.000000e+00
   outer loop
     vertex -9.709553e+01  3.152307e+01  2.400000e+01
     vertex -9.713931e+01  3.144814e+01  2.400000e+01
     vertex -9.713931e+01  2.965186e+01  2.400000e+01
   endloop
 endfacet
 facet normal  0.000000e+00  0.000000e+00  1.000000e+00
   outer loop
     vertex -9.709553e+01  3.152307e+01  2.400000e+01
     vertex -9.713931e+01  2.965186e+01  2.400000e+01
     vertex -9.709553e+01  2.957693e+01  2.400000e+01
   endloop
 endfacet
 facet normal  0.000000e+00  0.000000e+00  1.000000e+00
   outer loop
     vertex -9.705379e+01  3.159916e+01  2.400000e+01
     vertex -9.709553e+01  3.152307e+01  2.400000e+01
     vertex -9.709553e+01  2.957693e+01  2.400000e+01
   endloop
 endfacet
 facet normal  0.000000e+00  0.000000e+00  1.000000e+00
   outer loop
     vertex -9.705379e+01  3.159916e+01  2.400000e+01
     vertex -9.709553e+01  2.957693e+01  2.400000e+01
     vertex -9.705379e+01  2.950084e+01  2.400000e+01
   endloop
 endfacet
 facet normal  0.000000e+00  0.000000e+00  1.000000e+00
   outer loop
     vertex -9.701413e+01  3.167635e+01  2.400000e+01
     vertex -9.705379e+01  3.159916e+01  2.400000e+01
     vertex -9.705379e+01  2.950084e+01  2.400000e+01
   endloop
 endfacet
 facet normal  0.000000e+00  0.000000e+00  1.000000e+00
   outer loop
     vertex -9.701413e+01  3.167635e+01  2.400000e+01
     vertex -9.705379e+01  2.950084e+01  2.400000e+01
     vertex -9.701413e+01  2.942365e+01  2.400000e+01
   endloop
 endfacet
 facet normal  0.000000e+00  0.000000e+00  1.000000e+00
   outer loop
     vertex -9.697658e+01  3.175459e+01  2.400000e+01
     vertex -9.701413e+01  3.167635e+01  2.400000e+01
     vertex -9.701413e+01  2.942365e+01  2.400000e+01
   endloop
 endfacet
 facet normal  0.000000e+00  0.000000e+00  1.000000e+00
   outer loop
     vertex -9.697658e+01  3.175459e+01  2.400000e+01
     vertex -9.701413e+01  2.942365e+01  2.400000e+01
     vertex -9.697658e+01  2.934541e+01  2.400000e+01
   endloop
 endfacet
 facet normal  0.000000e+00  0.000000e+00  1.000000e+00
   outer loop
     vertex -9.694116e+01  3.183382e+01  2.400000e+01
     vertex -9.697658e+01  3.175459e+01  2.400000e+01
     vertex -9.697658e+01  2.934541e+01  2.400000e+01
   endloop
 endfacet
 facet normal  0.000000e+00  0.000000e+00  1.000000e+00
   outer loop
     vertex -9.694116e+01  3.183382e+01  2.400000e+01
     vertex -9.697658e+01  2.934541e+01  2.400000e+01
     vertex -9.694116e+01  2.926618e+01  2.400000e+01
   endloop
 endfacet
 facet normal  0.000000e+00  0.000000e+00  1.000000e+00
   outer loop
     vertex -9.690791e+01  3.191398e+01  2.400000e+01
     vertex -9.694116e+01  3.183382e+01  2.400000e+01
     vertex -9.694116e+01  2.926618e+01  2.400000e+01
   endloop
 endfacet
 facet normal  0.000000e+00  0.000000e+00  1.000000e+00
   outer loop
     vertex -9.690791e+01  3.191398e+01  2.400000e+01
     vertex -9.694116e+01  2.926618e+01  2.400000e+01
     vertex -9.690791e+01  2.918602e+01  2.400000e+01
   endloop
 endfacet
 facet normal  0.000000e+00  0.000000e+00  1.000000e+00
   outer loop
     vertex -9.687684e+01  3.199501e+01  2.400000e+01
     vertex -9.687684e+01  2.910499e+01  2.400000e+01
     vertex -9.684798e+01  2.902315e+01  2.400000e+01
   endloop
 endfacet
 facet normal  0.000000e+00  0.000000e+00  1.000000e+00
   outer loop
     vertex -9.687684e+01  3.199501e+01  2.400000e+01
     vertex -9.690791e+01  2.918602e+01  2.400000e+01
     vertex -9.687684e+01  2.910499e+01  2.400000e+01
   endloop
 endfacet
 facet normal  0.000000e+00  0.000000e+00  1.000000e+00
   outer loop
     vertex -9.687684e+01  3.199501e+01  2.400000e+01
     vertex -9.690791e+01  3.191398e+01  2.400000e+01
     vertex -9.690791e+01  2.918602e+01  2.400000e+01
   endloop
 endfacet
 facet normal  0.000000e+00  0.000000e+00  1.000000e+00
   outer loop
     vertex -9.684798e+01  3.207685e+01  2.400000e+01
     vertex -9.687684e+01  3.199501e+01  2.400000e+01
     vertex -9.684798e+01  2.902315e+01  2.400000e+01
   endloop
 endfacet
 facet normal  0.000000e+00  0.000000e+00  1.000000e+00
   outer loop
     vertex -9.682135e+01  3.215945e+01  2.400000e+01
     vertex -9.684798e+01  3.207685e+01  2.400000e+01
     vertex -9.684798e+01  2.902315e+01  2.400000e+01
   endloop
 endfacet
 facet normal  0.000000e+00  0.000000e+00  1.000000e+00
   outer loop
     vertex -9.682135e+01  3.215945e+01  2.400000e+01
     vertex -9.682135e+01  2.894055e+01  2.400000e+01
     vertex -9.679697e+01  2.885726e+01  2.400000e+01
   endloop
 endfacet
 facet normal  0.000000e+00  0.000000e+00  1.000000e+00
   outer loop
     vertex -9.682135e+01  3.215945e+01  2.400000e+01
     vertex -9.684798e+01  2.902315e+01  2.400000e+01
     vertex -9.682135e+01  2.894055e+01  2.400000e+01
   endloop
 endfacet
 facet normal  0.000000e+00  0.000000e+00  1.000000e+00
   outer loop
     vertex -9.679697e+01  3.224274e+01  2.400000e+01
     vertex -9.682135e+01  3.215945e+01  2.400000e+01
     vertex -9.679697e+01  2.885726e+01  2.400000e+01
   endloop
 endfacet
 facet normal  0.000000e+00  0.000000e+00  1.000000e+00
   outer loop
     vertex -9.679697e+01  3.224274e+01  2.400000e+01
     vertex -9.679697e+01  2.885726e+01  2.400000e+01
     vertex -9.677485e+01  2.877334e+01  2.400000e+01
   endloop
 endfacet
 facet normal  0.000000e+00  0.000000e+00  1.000000e+00
   outer loop
     vertex -9.677485e+01  3.232666e+01  2.400000e+01
     vertex -9.679697e+01  3.224274e+01  2.400000e+01
     vertex -9.677485e+01  2.877334e+01  2.400000e+01
   endloop
 endfacet
 facet normal  0.000000e+00  0.000000e+00  1.000000e+00
   outer loop
     vertex -9.677485e+01  3.232666e+01  2.400000e+01
     vertex -9.677485e+01  2.877334e+01  2.400000e+01
     vertex -9.675502e+01  2.868886e+01  2.400000e+01
   endloop
 endfacet
 facet normal  0.000000e+00  0.000000e+00  1.000000e+00
   outer loop
     vertex -9.675502e+01  3.241114e+01  2.400000e+01
     vertex -9.677485e+01  3.232666e+01  2.400000e+01
     vertex -9.675502e+01  2.868886e+01  2.400000e+01
   endloop
 endfacet
 facet normal  0.000000e+00  0.000000e+00  1.000000e+00
   outer loop
     vertex -9.673749e+01  3.249614e+01  2.400000e+01
     vertex -9.675502e+01  3.241114e+01  2.400000e+01
     vertex -9.675502e+01  2.868886e+01  2.400000e+01
   endloop
 endfacet
 facet normal  0.000000e+00  0.000000e+00  1.000000e+00
   outer loop
     vertex -9.673749e+01  3.249614e+01  2.400000e+01
     vertex -9.673749e+01  2.860386e+01  2.400000e+01
     vertex -9.672227e+01  2.851842e+01  2.400000e+01
   endloop
 endfacet
 facet normal  0.000000e+00  0.000000e+00  1.000000e+00
   outer loop
     vertex -9.673749e+01  3.249614e+01  2.400000e+01
     vertex -9.675502e+01  2.868886e+01  2.400000e+01
     vertex -9.673749e+01  2.860386e+01  2.400000e+01
   endloop
 endfacet
 facet normal  0.000000e+00  0.000000e+00  1.000000e+00
   outer loop
     vertex -9.672227e+01  3.258158e+01  2.400000e+01
     vertex -9.673749e+01  3.249614e+01  2.400000e+01
     vertex -9.672227e+01  2.851842e+01  2.400000e+01
   endloop
 endfacet
 facet normal  0.000000e+00  0.000000e+00  1.000000e+00
   outer loop
     vertex -9.670938e+01  3.266740e+01  2.400000e+01
     vertex -9.672227e+01  3.258158e+01  2.400000e+01
     vertex -9.672227e+01  2.851842e+01  2.400000e+01
   endloop
 endfacet
 facet normal  0.000000e+00  0.000000e+00  1.000000e+00
   outer loop
     vertex -9.670938e+01  3.266740e+01  2.400000e+01
     vertex -9.672227e+01  2.851842e+01  2.400000e+01
     vertex -9.670938e+01  2.843260e+01  2.400000e+01
   endloop
 endfacet
 facet normal  0.000000e+00  0.000000e+00  1.000000e+00
   outer loop
     vertex -9.669881e+01  3.275354e+01  2.400000e+01
     vertex -9.670938e+01  3.266740e+01  2.400000e+01
     vertex -9.670938e+01  2.843260e+01  2.400000e+01
   endloop
 endfacet
 facet normal  0.000000e+00  0.000000e+00  1.000000e+00
   outer loop
     vertex -9.669881e+01  3.275354e+01  2.400000e+01
     vertex -9.669881e+01  2.834646e+01  2.400000e+01
     vertex -9.669059e+01  2.826007e+01  2.400000e+01
   endloop
 endfacet
 facet normal  0.000000e+00  0.000000e+00  1.000000e+00
   outer loop
     vertex -9.669881e+01  3.275354e+01  2.400000e+01
     vertex -9.670938e+01  2.843260e+01  2.400000e+01
     vertex -9.669881e+01  2.834646e+01  2.400000e+01
   endloop
 endfacet
 facet normal  0.000000e+00  0.000000e+00  1.000000e+00
   outer loop
     vertex -9.669059e+01  3.283993e+01  2.400000e+01
     vertex -9.669881e+01  3.275354e+01  2.400000e+01
     vertex -9.669059e+01  2.826007e+01  2.400000e+01
   endloop
 endfacet
 facet normal  0.000000e+00  0.000000e+00  1.000000e+00
   outer loop
     vertex -9.669059e+01  3.283993e+01  2.400000e+01
     vertex -9.669059e+01  2.826007e+01  2.400000e+01
     vertex -9.668471e+01  2.817349e+01  2.400000e+01
   endloop
 endfacet
 facet normal  0.000000e+00  0.000000e+00  1.000000e+00
   outer loop
     vertex -9.668471e+01  3.292651e+01  2.400000e+01
     vertex -9.669059e+01  3.283993e+01  2.400000e+01
     vertex -9.668471e+01  2.817349e+01  2.400000e+01
   endloop
 endfacet
 facet normal  0.000000e+00  0.000000e+00  1.000000e+00
   outer loop
     vertex -1.248800e+02  7.520000e+01  2.400000e+01
     vertex -1.030436e+02  4.810691e-01  2.400000e+01
     vertex -1.030447e+02  2.752580e+01  2.400000e+01
   endloop
 endfacet
 facet normal  0.000000e+00  0.000000e+00  1.000000e+00
   outer loop
     vertex -1.248800e+02  7.520000e+01  2.400000e+01
     vertex -1.030770e+02  2.813905e+01  2.400000e+01
     vertex -1.030770e+02  3.296095e+01  2.400000e+01
   endloop
 endfacet
 facet normal  0.000000e+00  0.000000e+00  1.000000e+00
   outer loop
     vertex -1.248800e+02  7.520000e+01  2.400000e+01
     vertex -1.030556e+02  3.940968e-01  2.400000e+01
     vertex -1.030436e+02  4.810691e-01  2.400000e+01
   endloop
 endfacet
 facet normal  0.000000e+00  0.000000e+00  1.000000e+00
   outer loop
     vertex -1.248800e+02  7.520000e+01  2.400000e+01
     vertex -1.030653e+02  3.068278e-01  2.400000e+01
     vertex -1.030556e+02  3.940968e-01  2.400000e+01
   endloop
 endfacet
 facet normal  0.000000e+00  0.000000e+00  1.000000e+00
   outer loop
     vertex -1.248800e+02  7.520000e+01  2.400000e+01
     vertex -1.030725e+02  2.193278e-01  2.400000e+01
     vertex -1.030653e+02  3.068278e-01  2.400000e+01
   endloop
 endfacet
 facet normal  0.000000e+00  0.000000e+00  1.000000e+00
   outer loop
     vertex -1.248800e+02  7.520000e+01  2.400000e+01
     vertex -1.030773e+02  1.316628e-01  2.400000e+01
     vertex -1.030725e+02  2.193278e-01  2.400000e+01
   endloop
 endfacet
 facet normal  0.000000e+00  0.000000e+00  1.000000e+00
   outer loop
     vertex -1.248800e+02  7.520000e+01  2.400000e+01
     vertex -1.030797e+02  4.389861e-02  2.400000e+01
     vertex -1.030773e+02  1.316628e-01  2.400000e+01
   endloop
 endfacet
 facet normal  0.000000e+00  0.000000e+00  1.000000e+00
   outer loop
     vertex -1.248800e+02  7.520000e+01  2.400000e+01
     vertex -1.030797e+02 -4.389861e-02  2.400000e+01
     vertex -1.030797e+02  4.389861e-02  2.400000e+01
   endloop
 endfacet
 facet normal  0.000000e+00  0.000000e+00  1.000000e+00
   outer loop
     vertex -1.248800e+02  7.520000e+01  2.400000e+01
     vertex -9.994954e+01  3.629924e+01  2.400000e+01
     vertex -9.986168e+01  3.629995e+01  2.400000e+01
   endloop
 endfacet
 facet normal  0.000000e+00  0.000000e+00  1.000000e+00
   outer loop
     vertex -1.248800e+02  7.520000e+01  2.400000e+01
     vertex -1.000373e+02  3.629613e+01  2.400000e+01
     vertex -9.994954e+01  3.629924e+01  2.400000e+01
   endloop
 endfacet
 facet normal  0.000000e+00  0.000000e+00  1.000000e+00
   outer loop
     vertex -1.248800e+02  7.520000e+01  2.400000e+01
     vertex -1.001250e+02  3.629060e+01  2.400000e+01
     vertex -1.000373e+02  3.629613e+01  2.400000e+01
   endloop
 endfacet
 facet normal  0.000000e+00  0.000000e+00  1.000000e+00
   outer loop
     vertex -1.248800e+02  7.520000e+01  2.400000e+01
     vertex -1.002125e+02  3.628267e+01  2.400000e+01
     vertex -1.001250e+02  3.629060e+01  2.400000e+01
   endloop
 endfacet
 facet normal  0.000000e+00  0.000000e+00  1.000000e+00
   outer loop
     vertex -1.248800e+02  7.520000e+01  2.400000e+01
     vertex -1.002998e+02  3.627235e+01  2.400000e+01
     vertex -1.002125e+02  3.628267e+01  2.400000e+01
   endloop
 endfacet
 facet normal  0.000000e+00  0.000000e+00  1.000000e+00
   outer loop
     vertex -1.248800e+02  7.520000e+01  2.400000e+01
     vertex -1.003867e+02  3.625962e+01  2.400000e+01
     vertex -1.002998e+02  3.627235e+01  2.400000e+01
   endloop
 endfacet
 facet normal  0.000000e+00  0.000000e+00  1.000000e+00
   outer loop
     vertex -1.248800e+02  7.520000e+01  2.400000e+01
     vertex -1.004733e+02  3.624452e+01  2.400000e+01
     vertex -1.003867e+02  3.625962e+01  2.400000e+01
   endloop
 endfacet
 facet normal  0.000000e+00  0.000000e+00  1.000000e+00
   outer loop
     vertex -1.248800e+02  7.520000e+01  2.400000e+01
     vertex -1.005594e+02  3.622705e+01  2.400000e+01
     vertex -1.004733e+02  3.624452e+01  2.400000e+01
   endloop
 endfacet
 facet normal  0.000000e+00  0.000000e+00  1.000000e+00
   outer loop
     vertex -1.248800e+02  7.520000e+01  2.400000e+01
     vertex -1.006450e+02  3.620722e+01  2.400000e+01
     vertex -1.005594e+02  3.622705e+01  2.400000e+01
   endloop
 endfacet
 facet normal  0.000000e+00  0.000000e+00  1.000000e+00
   outer loop
     vertex -1.248800e+02  7.520000e+01  2.400000e+01
     vertex -1.007300e+02  3.618505e+01  2.400000e+01
     vertex -1.006450e+02  3.620722e+01  2.400000e+01
   endloop
 endfacet
 facet normal  0.000000e+00  0.000000e+00  1.000000e+00
   outer loop
     vertex -1.248800e+02  7.520000e+01  2.400000e+01
     vertex -1.008144e+02  3.616055e+01  2.400000e+01
     vertex -1.007300e+02  3.618505e+01  2.400000e+01
   endloop
 endfacet
 facet normal  0.000000e+00  0.000000e+00  1.000000e+00
   outer loop
     vertex -1.248800e+02  7.520000e+01  2.400000e+01
     vertex -1.008980e+02  3.613374e+01  2.400000e+01
     vertex -1.008144e+02  3.616055e+01  2.400000e+01
   endloop
 endfacet
 facet normal  0.000000e+00  0.000000e+00  1.000000e+00
   outer loop
     vertex -1.248800e+02  7.520000e+01  2.400000e+01
     vertex -1.009809e+02  3.610465e+01  2.400000e+01
     vertex -1.008980e+02  3.613374e+01  2.400000e+01
   endloop
 endfacet
 facet normal  0.000000e+00  0.000000e+00  1.000000e+00
   outer loop
     vertex -1.248800e+02  7.520000e+01  2.400000e+01
     vertex -1.010630e+02  3.607329e+01  2.400000e+01
     vertex -1.009809e+02  3.610465e+01  2.400000e+01
   endloop
 endfacet
 facet normal  0.000000e+00  0.000000e+00  1.000000e+00
   outer loop
     vertex -1.248800e+02  7.520000e+01  2.400000e+01
     vertex -1.011442e+02  3.603969e+01  2.400000e+01
     vertex -1.010630e+02  3.607329e+01  2.400000e+01
   endloop
 endfacet
 facet normal  0.000000e+00  0.000000e+00  1.000000e+00
   outer loop
     vertex -1.248800e+02  7.520000e+01  2.400000e+01
     vertex -1.012244e+02  3.600388e+01  2.400000e+01
     vertex -1.011442e+02  3.603969e+01  2.400000e+01
   endloop
 endfacet
 facet normal  0.000000e+00  0.000000e+00  1.000000e+00
   outer loop
     vertex -1.248800e+02  7.520000e+01  2.400000e+01
     vertex -1.013037e+02  3.596587e+01  2.400000e+01
     vertex -1.012244e+02  3.600388e+01  2.400000e+01
   endloop
 endfacet
 facet normal  0.000000e+00  0.000000e+00  1.000000e+00
   outer loop
     vertex -1.248800e+02  7.520000e+01  2.400000e+01
     vertex -1.013818e+02  3.592571e+01  2.400000e+01
     vertex -1.013037e+02  3.596587e+01  2.400000e+01
   endloop
 endfacet
 facet normal  0.000000e+00  0.000000e+00  1.000000e+00
   outer loop
     vertex -1.248800e+02  7.520000e+01  2.400000e+01
     vertex -1.014588e+02  3.588341e+01  2.400000e+01
     vertex -1.013818e+02  3.592571e+01  2.400000e+01
   endloop
 endfacet
 facet normal  0.000000e+00  0.000000e+00  1.000000e+00
   outer loop
     vertex -1.248800e+02  7.520000e+01  2.400000e+01
     vertex -1.015346e+02  3.583902e+01  2.400000e+01
     vertex -1.014588e+02  3.588341e+01  2.400000e+01
   endloop
 endfacet
 facet normal  0.000000e+00  0.000000e+00  1.000000e+00
   outer loop
     vertex -1.248800e+02  7.520000e+01  2.400000e+01
     vertex -1.016092e+02  3.579256e+01  2.400000e+01
     vertex -1.015346e+02  3.583902e+01  2.400000e+01
   endloop
 endfacet
 facet normal  0.000000e+00  0.000000e+00  1.000000e+00
   outer loop
     vertex -1.248800e+02  7.520000e+01  2.400000e+01
     vertex -1.016825e+02  3.574407e+01  2.400000e+01
     vertex -1.016092e+02  3.579256e+01  2.400000e+01
   endloop
 endfacet
 facet normal  0.000000e+00  0.000000e+00  1.000000e+00
   outer loop
     vertex -1.248800e+02  7.520000e+01  2.400000e+01
     vertex -1.017544e+02  3.569359e+01  2.400000e+01
     vertex -1.016825e+02  3.574407e+01  2.400000e+01
   endloop
 endfacet
 facet normal  0.000000e+00  0.000000e+00  1.000000e+00
   outer loop
     vertex -1.248800e+02  7.520000e+01  2.400000e+01
     vertex -1.018249e+02  3.564115e+01  2.400000e+01
     vertex -1.017544e+02  3.569359e+01  2.400000e+01
   endloop
 endfacet
 facet normal  0.000000e+00  0.000000e+00  1.000000e+00
   outer loop
     vertex -1.248800e+02  7.520000e+01  2.400000e+01
     vertex -1.018939e+02  3.558680e+01  2.400000e+01
     vertex -1.018249e+02  3.564115e+01  2.400000e+01
   endloop
 endfacet
 facet normal  0.000000e+00  0.000000e+00  1.000000e+00
   outer loop
     vertex -1.248800e+02  7.520000e+01  2.400000e+01
     vertex -1.019614e+02  3.553057e+01  2.400000e+01
     vertex -1.018939e+02  3.558680e+01  2.400000e+01
   endloop
 endfacet
 facet normal  0.000000e+00  0.000000e+00  1.000000e+00
   outer loop
     vertex -1.248800e+02  7.520000e+01  2.400000e+01
     vertex -1.020274e+02  3.547251e+01  2.400000e+01
     vertex -1.019614e+02  3.553057e+01  2.400000e+01
   endloop
 endfacet
 facet normal  0.000000e+00  0.000000e+00  1.000000e+00
   outer loop
     vertex -1.248800e+02  7.520000e+01  2.400000e+01
     vertex -1.020917e+02  3.541267e+01  2.400000e+01
     vertex -1.020274e+02  3.547251e+01  2.400000e+01
   endloop
 endfacet
 facet normal  0.000000e+00  0.000000e+00  1.000000e+00
   outer loop
     vertex -1.248800e+02  7.520000e+01  2.400000e+01
     vertex -1.021543e+02  3.535107e+01  2.400000e+01
     vertex -1.020917e+02  3.541267e+01  2.400000e+01
   endloop
 endfacet
 facet normal  0.000000e+00  0.000000e+00  1.000000e+00
   outer loop
     vertex -1.248800e+02  7.520000e+01  2.400000e+01
     vertex -1.022153e+02  3.528779e+01  2.400000e+01
     vertex -1.021543e+02  3.535107e+01  2.400000e+01
   endloop
 endfacet
 facet normal  0.000000e+00  0.000000e+00  1.000000e+00
   outer loop
     vertex -1.248800e+02  7.520000e+01  2.400000e+01
     vertex -1.022745e+02  3.522285e+01  2.400000e+01
     vertex -1.022153e+02  3.528779e+01  2.400000e+01
   endloop
 endfacet
 facet normal  0.000000e+00  0.000000e+00  1.000000e+00
   outer loop
     vertex -1.248800e+02  7.520000e+01  2.400000e+01
     vertex -1.023319e+02  3.515631e+01  2.400000e+01
     vertex -1.022745e+02  3.522285e+01  2.400000e+01
   endloop
 endfacet
 facet normal  0.000000e+00  0.000000e+00  1.000000e+00
   outer loop
     vertex -1.248800e+02  7.520000e+01  2.400000e+01
     vertex -1.023874e+02  3.508822e+01  2.400000e+01
     vertex -1.023319e+02  3.515631e+01  2.400000e+01
   endloop
 endfacet
 facet normal  0.000000e+00  0.000000e+00  1.000000e+00
   outer loop
     vertex -1.248800e+02  7.520000e+01  2.400000e+01
     vertex -1.024410e+02  3.501863e+01  2.400000e+01
     vertex -1.023874e+02  3.508822e+01  2.400000e+01
   endloop
 endfacet
 facet normal  0.000000e+00  0.000000e+00  1.000000e+00
   outer loop
     vertex -1.248800e+02  7.520000e+01  2.400000e+01
     vertex -1.024927e+02  3.494760e+01  2.400000e+01
     vertex -1.024410e+02  3.501863e+01  2.400000e+01
   endloop
 endfacet
 facet normal  0.000000e+00  0.000000e+00  1.000000e+00
   outer loop
     vertex -1.248800e+02  7.520000e+01  2.400000e+01
     vertex -1.025425e+02  3.487517e+01  2.400000e+01
     vertex -1.024927e+02  3.494760e+01  2.400000e+01
   endloop
 endfacet
 facet normal  0.000000e+00  0.000000e+00  1.000000e+00
   outer loop
     vertex -1.248800e+02  7.520000e+01  2.400000e+01
     vertex -1.025902e+02  3.480141e+01  2.400000e+01
     vertex -1.025425e+02  3.487517e+01  2.400000e+01
   endloop
 endfacet
 facet normal  0.000000e+00  0.000000e+00  1.000000e+00
   outer loop
     vertex -1.248800e+02  7.520000e+01  2.400000e+01
     vertex -1.026359e+02  3.472636e+01  2.400000e+01
     vertex -1.025902e+02  3.480141e+01  2.400000e+01
   endloop
 endfacet
 facet normal  0.000000e+00  0.000000e+00  1.000000e+00
   outer loop
     vertex -1.248800e+02  7.520000e+01  2.400000e+01
     vertex -1.026795e+02  3.465009e+01  2.400000e+01
     vertex -1.026359e+02  3.472636e+01  2.400000e+01
   endloop
 endfacet
 facet normal  0.000000e+00  0.000000e+00  1.000000e+00
   outer loop
     vertex -1.248800e+02  7.520000e+01  2.400000e+01
     vertex -1.027210e+02  3.457265e+01  2.400000e+01
     vertex -1.026795e+02  3.465009e+01  2.400000e+01
   endloop
 endfacet
 facet normal  0.000000e+00  0.000000e+00  1.000000e+00
   outer loop
     vertex -1.248800e+02  7.520000e+01  2.400000e+01
     vertex -1.027604e+02  3.449410e+01  2.400000e+01
     vertex -1.027210e+02  3.457265e+01  2.400000e+01
   endloop
 endfacet
 facet normal  0.000000e+00  0.000000e+00  1.000000e+00
   outer loop
     vertex -1.248800e+02  7.520000e+01  2.400000e+01
     vertex -1.027976e+02  3.441449e+01  2.400000e+01
     vertex -1.027604e+02  3.449410e+01  2.400000e+01
   endloop
 endfacet
 facet normal  0.000000e+00  0.000000e+00  1.000000e+00
   outer loop
     vertex -1.248800e+02  7.520000e+01  2.400000e+01
     vertex -1.028325e+02  3.433390e+01  2.400000e+01
     vertex -1.027976e+02  3.441449e+01  2.400000e+01
   endloop
 endfacet
 facet normal  0.000000e+00  0.000000e+00  1.000000e+00
   outer loop
     vertex -1.248800e+02  7.520000e+01  2.400000e+01
     vertex -1.028653e+02  3.425238e+01  2.400000e+01
     vertex -1.028325e+02  3.433390e+01  2.400000e+01
   endloop
 endfacet
 facet normal  0.000000e+00  0.000000e+00  1.000000e+00
   outer loop
     vertex -1.248800e+02  7.520000e+01  2.400000e+01
     vertex -1.028958e+02  3.416998e+01  2.400000e+01
     vertex -1.028653e+02  3.425238e+01  2.400000e+01
   endloop
 endfacet
 facet normal  0.000000e+00  0.000000e+00  1.000000e+00
   outer loop
     vertex -1.248800e+02  7.520000e+01  2.400000e+01
     vertex -1.029241e+02  3.408678e+01  2.400000e+01
     vertex -1.028958e+02  3.416998e+01  2.400000e+01
   endloop
 endfacet
 facet normal  0.000000e+00  0.000000e+00  1.000000e+00
   outer loop
     vertex -1.248800e+02  7.520000e+01  2.400000e+01
     vertex -1.029500e+02  3.400284e+01  2.400000e+01
     vertex -1.029241e+02  3.408678e+01  2.400000e+01
   endloop
 endfacet
 facet normal  0.000000e+00  0.000000e+00  1.000000e+00
   outer loop
     vertex -1.248800e+02  7.520000e+01  2.400000e+01
     vertex -1.029736e+02  3.391822e+01  2.400000e+01
     vertex -1.029500e+02  3.400284e+01  2.400000e+01
   endloop
 endfacet
 facet normal  0.000000e+00  0.000000e+00  1.000000e+00
   outer loop
     vertex -1.248800e+02  7.520000e+01  2.400000e+01
     vertex -1.029949e+02  3.383298e+01  2.400000e+01
     vertex -1.029736e+02  3.391822e+01  2.400000e+01
   endloop
 endfacet
 facet normal  0.000000e+00  0.000000e+00  1.000000e+00
   outer loop
     vertex -1.248800e+02  7.520000e+01  2.400000e+01
     vertex -1.030139e+02  3.374718e+01  2.400000e+01
     vertex -1.029949e+02  3.383298e+01  2.400000e+01
   endloop
 endfacet
 facet normal  0.000000e+00  0.000000e+00  1.000000e+00
   outer loop
     vertex -1.248800e+02  7.520000e+01  2.400000e+01
     vertex -1.030305e+02  3.366090e+01  2.400000e+01
     vertex -1.030139e+02  3.374718e+01  2.400000e+01
   endloop
 endfacet
 facet normal  0.000000e+00  0.000000e+00  1.000000e+00
   outer loop
     vertex -1.248800e+02  7.520000e+01  2.400000e+01
     vertex -1.030447e+02  3.357420e+01  2.400000e+01
     vertex -1.030305e+02  3.366090e+01  2.400000e+01
   endloop
 endfacet
 facet normal  0.000000e+00  0.000000e+00  1.000000e+00
   outer loop
     vertex -1.248800e+02  7.520000e+01  2.400000e+01
     vertex -1.030565e+02  3.348714e+01  2.400000e+01
     vertex -1.030447e+02  3.357420e+01  2.400000e+01
   endloop
 endfacet
 facet normal  0.000000e+00  0.000000e+00  1.000000e+00
   outer loop
     vertex -1.248800e+02  7.520000e+01  2.400000e+01
     vertex -1.030659e+02  3.339978e+01  2.400000e+01
     vertex -1.030565e+02  3.348714e+01  2.400000e+01
   endloop
 endfacet
 facet normal  0.000000e+00  0.000000e+00  1.000000e+00
   outer loop
     vertex -1.248800e+02  7.520000e+01  2.400000e+01
     vertex -1.030730e+02  3.331220e+01  2.400000e+01
     vertex -1.030659e+02  3.339978e+01  2.400000e+01
   endloop
 endfacet
 facet normal  0.000000e+00  0.000000e+00  1.000000e+00
   outer loop
     vertex -1.248800e+02  7.520000e+01  2.400000e+01
     vertex -1.030776e+02  3.322446e+01  2.400000e+01
     vertex -1.030730e+02  3.331220e+01  2.400000e+01
   endloop
 endfacet
 facet normal  0.000000e+00  0.000000e+00  1.000000e+00
   outer loop
     vertex -1.248800e+02  7.520000e+01  2.400000e+01
     vertex -1.030798e+02  3.313663e+01  2.400000e+01
     vertex -1.030776e+02  3.322446e+01  2.400000e+01
   endloop
 endfacet
 facet normal  0.000000e+00  0.000000e+00  1.000000e+00
   outer loop
     vertex -1.248800e+02  7.520000e+01  2.400000e+01
     vertex -1.030796e+02  3.304877e+01  2.400000e+01
     vertex -1.030798e+02  3.313663e+01  2.400000e+01
   endloop
 endfacet
 facet normal  0.000000e+00  0.000000e+00  1.000000e+00
   outer loop
     vertex -1.248800e+02  7.520000e+01  2.400000e+01
     vertex -1.030770e+02  3.296095e+01  2.400000e+01
     vertex -1.030796e+02  3.304877e+01  2.400000e+01
   endloop
 endfacet
 facet normal  0.000000e+00  0.000000e+00  1.000000e+00
   outer loop
     vertex -1.248800e+02  7.520000e+01  2.400000e+01
     vertex -1.248800e+02 -7.520000e+01  2.400000e+01
     vertex -1.030797e+02 -4.389861e-02  2.400000e+01
   endloop
 endfacet
 facet normal  0.000000e+00  0.000000e+00  1.000000e+00
   outer loop
     vertex -1.248800e+02  7.520000e+01  2.400000e+01
     vertex -1.030796e+02  2.805123e+01  2.400000e+01
     vertex -1.030770e+02  2.813905e+01  2.400000e+01
   endloop
 endfacet
 facet normal  0.000000e+00  0.000000e+00  1.000000e+00
   outer loop
     vertex -1.248800e+02  7.520000e+01  2.400000e+01
     vertex -1.030798e+02  2.796337e+01  2.400000e+01
     vertex -1.030796e+02  2.805123e+01  2.400000e+01
   endloop
 endfacet
 facet normal  0.000000e+00  0.000000e+00  1.000000e+00
   outer loop
     vertex -1.248800e+02  7.520000e+01  2.400000e+01
     vertex -1.030776e+02  2.787554e+01  2.400000e+01
     vertex -1.030798e+02  2.796337e+01  2.400000e+01
   endloop
 endfacet
 facet normal  0.000000e+00  0.000000e+00  1.000000e+00
   outer loop
     vertex -1.248800e+02  7.520000e+01  2.400000e+01
     vertex -1.030730e+02  2.778780e+01  2.400000e+01
     vertex -1.030776e+02  2.787554e+01  2.400000e+01
   endloop
 endfacet
 facet normal  0.000000e+00  0.000000e+00  1.000000e+00
   outer loop
     vertex -1.248800e+02  7.520000e+01  2.400000e+01
     vertex -1.030659e+02  2.770022e+01  2.400000e+01
     vertex -1.030730e+02  2.778780e+01  2.400000e+01
   endloop
 endfacet
 facet normal  0.000000e+00  0.000000e+00  1.000000e+00
   outer loop
     vertex -1.248800e+02  7.520000e+01  2.400000e+01
     vertex -1.030565e+02  2.761286e+01  2.400000e+01
     vertex -1.030659e+02  2.770022e+01  2.400000e+01
   endloop
 endfacet
 facet normal  0.000000e+00  0.000000e+00  1.000000e+00
   outer loop
     vertex -1.248800e+02  7.520000e+01  2.400000e+01
     vertex -1.030447e+02  2.752580e+01  2.400000e+01
     vertex -1.030565e+02  2.761286e+01  2.400000e+01
   endloop
 endfacet
 facet normal  0.000000e+00  0.000000e+00  1.000000e+00
   outer loop
     vertex -7.488000e+01  7.520000e+01  2.400000e+01
     vertex -9.677721e+01  3.388275e+01  2.400000e+01
     vertex -9.675689e+01  3.379727e+01  2.400000e+01
   endloop
 endfacet
 facet normal  0.000000e+00  0.000000e+00  1.000000e+00
   outer loop
     vertex -7.488000e+01  7.520000e+01  2.400000e+01
     vertex -9.679987e+01  3.396764e+01  2.400000e+01
     vertex -9.677721e+01  3.388275e+01  2.400000e+01
   endloop
 endfacet
 facet normal  0.000000e+00  0.000000e+00  1.000000e+00
   outer loop
     vertex -7.488000e+01  7.520000e+01  2.400000e+01
     vertex -9.671011e+01  2.756206e+01  2.400000e+01
     vertex -9.671007e+01  4.376241e-01  2.400000e+01
   endloop
 endfacet
 facet normal  0.000000e+00  0.000000e+00  1.000000e+00
   outer loop
     vertex -7.488000e+01  7.520000e+01  2.400000e+01
     vertex -9.682485e+01  3.405187e+01  2.400000e+01
     vertex -9.679987e+01  3.396764e+01  2.400000e+01
   endloop
 endfacet
 facet normal  0.000000e+00  0.000000e+00  1.000000e+00
   outer loop
     vertex -7.488000e+01  7.520000e+01  2.400000e+01
     vertex -9.685214e+01  3.413539e+01  2.400000e+01
     vertex -9.682485e+01  3.405187e+01  2.400000e+01
   endloop
 endfacet
 facet normal  0.000000e+00  0.000000e+00  1.000000e+00
   outer loop
     vertex -7.488000e+01  7.520000e+01  2.400000e+01
     vertex -9.688170e+01  3.421813e+01  2.400000e+01
     vertex -9.685214e+01  3.413539e+01  2.400000e+01
   endloop
 endfacet
 facet normal  0.000000e+00  0.000000e+00  1.000000e+00
   outer loop
     vertex -7.488000e+01  7.520000e+01  2.400000e+01
     vertex -9.691353e+01  3.430002e+01  2.400000e+01
     vertex -9.688170e+01  3.421813e+01  2.400000e+01
   endloop
 endfacet
 facet normal  0.000000e+00  0.000000e+00  1.000000e+00
   outer loop
     vertex -7.488000e+01  7.520000e+01  2.400000e+01
     vertex -9.694759e+01  3.438101e+01  2.400000e+01
     vertex -9.691353e+01  3.430002e+01  2.400000e+01
   endloop
 endfacet
 facet normal  0.000000e+00  0.000000e+00  1.000000e+00
   outer loop
     vertex -7.488000e+01  7.520000e+01  2.400000e+01
     vertex -9.698387e+01  3.446103e+01  2.400000e+01
     vertex -9.694759e+01  3.438101e+01  2.400000e+01
   endloop
 endfacet
 facet normal  0.000000e+00  0.000000e+00  1.000000e+00
   outer loop
     vertex -7.488000e+01  7.520000e+01  2.400000e+01
     vertex -9.702232e+01  3.454003e+01  2.400000e+01
     vertex -9.698387e+01  3.446103e+01  2.400000e+01
   endloop
 endfacet
 facet normal  0.000000e+00  0.000000e+00  1.000000e+00
   outer loop
     vertex -7.488000e+01  7.520000e+01  2.400000e+01
     vertex -9.706294e+01  3.461794e+01  2.400000e+01
     vertex -9.702232e+01  3.454003e+01  2.400000e+01
   endloop
 endfacet
 facet normal  0.000000e+00  0.000000e+00  1.000000e+00
   outer loop
     vertex -7.488000e+01  7.520000e+01  2.400000e+01
     vertex -9.710567e+01  3.469471e+01  2.400000e+01
     vertex -9.706294e+01  3.461794e+01  2.400000e+01
   endloop
 endfacet
 facet normal  0.000000e+00  0.000000e+00  1.000000e+00
   outer loop
     vertex -7.488000e+01  7.520000e+01  2.400000e+01
     vertex -1.248800e+02  7.520000e+01  2.400000e+01
     vertex -9.986168e+01  3.629995e+01  2.400000e+01
   endloop
 endfacet
 facet normal  0.000000e+00  0.000000e+00  1.000000e+00
   outer loop
     vertex -7.488000e+01  7.520000e+01  2.400000e+01
     vertex -9.715050e+01  3.477028e+01  2.400000e+01
     vertex -9.710567e+01  3.469471e+01  2.400000e+01
   endloop
 endfacet
 facet normal  0.000000e+00  0.000000e+00  1.000000e+00
   outer loop
     vertex -7.488000e+01  7.520000e+01  2.400000e+01
     vertex -9.719738e+01  3.484458e+01  2.400000e+01
     vertex -9.715050e+01  3.477028e+01  2.400000e+01
   endloop
 endfacet
 facet normal  0.000000e+00  0.000000e+00  1.000000e+00
   outer loop
     vertex -7.488000e+01  7.520000e+01  2.400000e+01
     vertex -9.724629e+01  3.491757e+01  2.400000e+01
     vertex -9.719738e+01  3.484458e+01  2.400000e+01
   endloop
 endfacet
 facet normal  0.000000e+00  0.000000e+00  1.000000e+00
   outer loop
     vertex -7.488000e+01  7.520000e+01  2.400000e+01
     vertex -9.729718e+01  3.498919e+01  2.400000e+01
     vertex -9.724629e+01  3.491757e+01  2.400000e+01
   endloop
 endfacet
 facet normal  0.000000e+00  0.000000e+00  1.000000e+00
   outer loop
     vertex -7.488000e+01  7.520000e+01  2.400000e+01
     vertex -9.735002e+01  3.505939e+01  2.400000e+01
     vertex -9.729718e+01  3.498919e+01  2.400000e+01
   endloop
 endfacet
 facet normal  0.000000e+00  0.000000e+00  1.000000e+00
   outer loop
     vertex -7.488000e+01  7.520000e+01  2.400000e+01
     vertex -9.740477e+01  3.512811e+01  2.400000e+01
     vertex -9.735002e+01  3.505939e+01  2.400000e+01
   endloop
 endfacet
 facet normal  0.000000e+00  0.000000e+00  1.000000e+00
   outer loop
     vertex -7.488000e+01  7.520000e+01  2.400000e+01
     vertex -9.746138e+01  3.519530e+01  2.400000e+01
     vertex -9.740477e+01  3.512811e+01  2.400000e+01
   endloop
 endfacet
 facet normal  0.000000e+00  0.000000e+00  1.000000e+00
   outer loop
     vertex -7.488000e+01  7.520000e+01  2.400000e+01
     vertex -9.668000e+01 -7.837740e-16  2.400000e+01
     vertex -7.488000e+01 -7.520000e+01  2.400000e+01
   endloop
 endfacet
 facet normal  0.000000e+00  0.000000e+00  1.000000e+00
   outer loop
     vertex -7.488000e+01  7.520000e+01  2.400000e+01
     vertex -9.751982e+01  3.526091e+01  2.400000e+01
     vertex -9.746138e+01  3.519530e+01  2.400000e+01
   endloop
 endfacet
 facet normal  0.000000e+00  0.000000e+00  1.000000e+00
   outer loop
     vertex -7.488000e+01  7.520000e+01  2.400000e+01
     vertex -9.758003e+01  3.532489e+01  2.400000e+01
     vertex -9.751982e+01  3.526091e+01  2.400000e+01
   endloop
 endfacet
 facet normal  0.000000e+00  0.000000e+00  1.000000e+00
   outer loop
     vertex -7.488000e+01  7.520000e+01  2.400000e+01
     vertex -9.764198e+01  3.538720e+01  2.400000e+01
     vertex -9.758003e+01  3.532489e+01  2.400000e+01
   endloop
 endfacet
 facet normal  0.000000e+00  0.000000e+00  1.000000e+00
   outer loop
     vertex -7.488000e+01  7.520000e+01  2.400000e+01
     vertex -9.770562e+01  3.544778e+01  2.400000e+01
     vertex -9.764198e+01  3.538720e+01  2.400000e+01
   endloop
 endfacet
 facet normal  0.000000e+00  0.000000e+00  1.000000e+00
   outer loop
     vertex -7.488000e+01  7.520000e+01  2.400000e+01
     vertex -9.777089e+01  3.550659e+01  2.400000e+01
     vertex -9.770562e+01  3.544778e+01  2.400000e+01
   endloop
 endfacet
 facet normal  0.000000e+00  0.000000e+00  1.000000e+00
   outer loop
     vertex -7.488000e+01  7.520000e+01  2.400000e+01
     vertex -9.783776e+01  3.556358e+01  2.400000e+01
     vertex -9.777089e+01  3.550659e+01  2.400000e+01
   endloop
 endfacet
 facet normal  0.000000e+00  0.000000e+00  1.000000e+00
   outer loop
     vertex -7.488000e+01  7.520000e+01  2.400000e+01
     vertex -9.790616e+01  3.561872e+01  2.400000e+01
     vertex -9.783776e+01  3.556358e+01  2.400000e+01
   endloop
 endfacet
 facet normal  0.000000e+00  0.000000e+00  1.000000e+00
   outer loop
     vertex -7.488000e+01  7.520000e+01  2.400000e+01
     vertex -9.797606e+01  3.567196e+01  2.400000e+01
     vertex -9.790616e+01  3.561872e+01  2.400000e+01
   endloop
 endfacet
 facet normal  0.000000e+00  0.000000e+00  1.000000e+00
   outer loop
     vertex -7.488000e+01  7.520000e+01  2.400000e+01
     vertex -9.804738e+01  3.572326e+01  2.400000e+01
     vertex -9.797606e+01  3.567196e+01  2.400000e+01
   endloop
 endfacet
 facet normal  0.000000e+00  0.000000e+00  1.000000e+00
   outer loop
     vertex -7.488000e+01  7.520000e+01  2.400000e+01
     vertex -9.812009e+01  3.577259e+01  2.400000e+01
     vertex -9.804738e+01  3.572326e+01  2.400000e+01
   endloop
 endfacet
 facet normal  0.000000e+00  0.000000e+00  1.000000e+00
   outer loop
     vertex -7.488000e+01  7.520000e+01  2.400000e+01
     vertex -9.819413e+01  3.581990e+01  2.400000e+01
     vertex -9.812009e+01  3.577259e+01  2.400000e+01
   endloop
 endfacet
 facet normal  0.000000e+00  0.000000e+00  1.000000e+00
   outer loop
     vertex -7.488000e+01  7.520000e+01  2.400000e+01
     vertex -9.826944e+01  3.586516e+01  2.400000e+01
     vertex -9.819413e+01  3.581990e+01  2.400000e+01
   endloop
 endfacet
 facet normal  0.000000e+00  0.000000e+00  1.000000e+00
   outer loop
     vertex -7.488000e+01  7.520000e+01  2.400000e+01
     vertex -9.834596e+01  3.590833e+01  2.400000e+01
     vertex -9.826944e+01  3.586516e+01  2.400000e+01
   endloop
 endfacet
 facet normal  0.000000e+00  0.000000e+00  1.000000e+00
   outer loop
     vertex -7.488000e+01  7.520000e+01  2.400000e+01
     vertex -9.842364e+01  3.594939e+01  2.400000e+01
     vertex -9.834596e+01  3.590833e+01  2.400000e+01
   endloop
 endfacet
 facet normal  0.000000e+00  0.000000e+00  1.000000e+00
   outer loop
     vertex -7.488000e+01  7.520000e+01  2.400000e+01
     vertex -9.850241e+01  3.598830e+01  2.400000e+01
     vertex -9.842364e+01  3.594939e+01  2.400000e+01
   endloop
 endfacet
 facet normal  0.000000e+00  0.000000e+00  1.000000e+00
   outer loop
     vertex -7.488000e+01  7.520000e+01  2.400000e+01
     vertex -9.858223e+01  3.602503e+01  2.400000e+01
     vertex -9.850241e+01  3.598830e+01  2.400000e+01
   endloop
 endfacet
 facet normal  0.000000e+00  0.000000e+00  1.000000e+00
   outer loop
     vertex -7.488000e+01  7.520000e+01  2.400000e+01
     vertex -9.668471e+01  3.292651e+01  2.400000e+01
     vertex -9.668471e+01  2.817349e+01  2.400000e+01
   endloop
 endfacet
 facet normal  0.000000e+00  0.000000e+00  1.000000e+00
   outer loop
     vertex -7.488000e+01  7.520000e+01  2.400000e+01
     vertex -9.866302e+01  3.605955e+01  2.400000e+01
     vertex -9.858223e+01  3.602503e+01  2.400000e+01
   endloop
 endfacet
 facet normal  0.000000e+00  0.000000e+00  1.000000e+00
   outer loop
     vertex -7.488000e+01  7.520000e+01  2.400000e+01
     vertex -9.874473e+01  3.609185e+01  2.400000e+01
     vertex -9.866302e+01  3.605955e+01  2.400000e+01
   endloop
 endfacet
 facet normal  0.000000e+00  0.000000e+00  1.000000e+00
   outer loop
     vertex -7.488000e+01  7.520000e+01  2.400000e+01
     vertex -9.882730e+01  3.612189e+01  2.400000e+01
     vertex -9.874473e+01  3.609185e+01  2.400000e+01
   endloop
 endfacet
 facet normal  0.000000e+00  0.000000e+00  1.000000e+00
   outer loop
     vertex -7.488000e+01  7.520000e+01  2.400000e+01
     vertex -9.891066e+01  3.614965e+01  2.400000e+01
     vertex -9.882730e+01  3.612189e+01  2.400000e+01
   endloop
 endfacet
 facet normal  0.000000e+00  0.000000e+00  1.000000e+00
   outer loop
     vertex -7.488000e+01  7.520000e+01  2.400000e+01
     vertex -9.899475e+01  3.617511e+01  2.400000e+01
     vertex -9.891066e+01  3.614965e+01  2.400000e+01
   endloop
 endfacet
 facet normal  0.000000e+00  0.000000e+00  1.000000e+00
   outer loop
     vertex -7.488000e+01  7.520000e+01  2.400000e+01
     vertex -9.907950e+01  3.619826e+01  2.400000e+01
     vertex -9.899475e+01  3.617511e+01  2.400000e+01
   endloop
 endfacet
 facet normal  0.000000e+00  0.000000e+00  1.000000e+00
   outer loop
     vertex -7.488000e+01  7.520000e+01  2.400000e+01
     vertex -9.916487e+01  3.621907e+01  2.400000e+01
     vertex -9.907950e+01  3.619826e+01  2.400000e+01
   endloop
 endfacet
 facet normal  0.000000e+00  0.000000e+00  1.000000e+00
   outer loop
     vertex -7.488000e+01  7.520000e+01  2.400000e+01
     vertex -9.925077e+01  3.623753e+01  2.400000e+01
     vertex -9.916487e+01  3.621907e+01  2.400000e+01
   endloop
 endfacet
 facet normal  0.000000e+00  0.000000e+00  1.000000e+00
   outer loop
     vertex -7.488000e+01  7.520000e+01  2.400000e+01
     vertex -9.933714e+01  3.625362e+01  2.400000e+01
     vertex -9.925077e+01  3.623753e+01  2.400000e+01
   endloop
 endfacet
 facet normal  0.000000e+00  0.000000e+00  1.000000e+00
   outer loop
     vertex -7.488000e+01  7.520000e+01  2.400000e+01
     vertex -9.942392e+01  3.626733e+01  2.400000e+01
     vertex -9.933714e+01  3.625362e+01  2.400000e+01
   endloop
 endfacet
 facet normal  0.000000e+00  0.000000e+00  1.000000e+00
   outer loop
     vertex -7.488000e+01  7.520000e+01  2.400000e+01
     vertex -9.951105e+01  3.627866e+01  2.400000e+01
     vertex -9.942392e+01  3.626733e+01  2.400000e+01
   endloop
 endfacet
 facet normal  0.000000e+00  0.000000e+00  1.000000e+00
   outer loop
     vertex -7.488000e+01  7.520000e+01  2.400000e+01
     vertex -9.959846e+01  3.628759e+01  2.400000e+01
     vertex -9.951105e+01  3.627866e+01  2.400000e+01
   endloop
 endfacet
 facet normal  0.000000e+00  0.000000e+00  1.000000e+00
   outer loop
     vertex -7.488000e+01  7.520000e+01  2.400000e+01
     vertex -9.968608e+01  3.629412e+01  2.400000e+01
     vertex -9.959846e+01  3.628759e+01  2.400000e+01
   endloop
 endfacet
 facet normal  0.000000e+00  0.000000e+00  1.000000e+00
   outer loop
     vertex -7.488000e+01  7.520000e+01  2.400000e+01
     vertex -9.977384e+01  3.629824e+01  2.400000e+01
     vertex -9.968608e+01  3.629412e+01  2.400000e+01
   endloop
 endfacet
 facet normal  0.000000e+00  0.000000e+00  1.000000e+00
   outer loop
     vertex -7.488000e+01  7.520000e+01  2.400000e+01
     vertex -9.669928e+01  2.764925e+01  2.400000e+01
     vertex -9.671011e+01  2.756206e+01  2.400000e+01
   endloop
 endfacet
 facet normal  0.000000e+00  0.000000e+00  1.000000e+00
   outer loop
     vertex -7.488000e+01  7.520000e+01  2.400000e+01
     vertex -9.986168e+01  3.629995e+01  2.400000e+01
     vertex -9.977384e+01  3.629824e+01  2.400000e+01
   endloop
 endfacet
 facet normal  0.000000e+00  0.000000e+00  1.000000e+00
   outer loop
     vertex -7.488000e+01  7.520000e+01  2.400000e+01
     vertex -9.669085e+01  2.773671e+01  2.400000e+01
     vertex -9.669928e+01  2.764925e+01  2.400000e+01
   endloop
 endfacet
 facet normal  0.000000e+00  0.000000e+00  1.000000e+00
   outer loop
     vertex -7.488000e+01  7.520000e+01  2.400000e+01
     vertex -9.668482e+01  2.782436e+01  2.400000e+01
     vertex -9.669085e+01  2.773671e+01  2.400000e+01
   endloop
 endfacet
 facet normal  0.000000e+00  0.000000e+00  1.000000e+00
   outer loop
     vertex -7.488000e+01  7.520000e+01  2.400000e+01
     vertex -9.668121e+01  2.791215e+01  2.400000e+01
     vertex -9.668482e+01  2.782436e+01  2.400000e+01
   endloop
 endfacet
 facet normal  0.000000e+00  0.000000e+00  1.000000e+00
   outer loop
     vertex -7.488000e+01  7.520000e+01  2.400000e+01
     vertex -9.668000e+01  2.800000e+01  2.400000e+01
     vertex -9.668121e+01  2.791215e+01  2.400000e+01
   endloop
 endfacet
 facet normal  0.000000e+00  0.000000e+00  1.000000e+00
   outer loop
     vertex -7.488000e+01  7.520000e+01  2.400000e+01
     vertex -9.668120e+01  8.778895e-02  2.400000e+01
     vertex -9.668000e+01 -7.837740e-16  2.400000e+01
   endloop
 endfacet
 facet normal  0.000000e+00  0.000000e+00  1.000000e+00
   outer loop
     vertex -7.488000e+01  7.520000e+01  2.400000e+01
     vertex -9.668482e+01  1.755118e-01  2.400000e+01
     vertex -9.668120e+01  8.778895e-02  2.400000e+01
   endloop
 endfacet
 facet normal  0.000000e+00  0.000000e+00  1.000000e+00
   outer loop
     vertex -7.488000e+01  7.520000e+01  2.400000e+01
     vertex -9.669083e+01  2.631026e-01  2.400000e+01
     vertex -9.668482e+01  1.755118e-01  2.400000e+01
   endloop
 endfacet
 facet normal  0.000000e+00  0.000000e+00  1.000000e+00
   outer loop
     vertex -7.488000e+01  7.520000e+01  2.400000e+01
     vertex -9.669925e+01  3.504953e-01  2.400000e+01
     vertex -9.669083e+01  2.631026e-01  2.400000e+01
   endloop
 endfacet
 facet normal  0.000000e+00  0.000000e+00  1.000000e+00
   outer loop
     vertex -7.488000e+01  7.520000e+01  2.400000e+01
     vertex -9.671007e+01  4.376241e-01  2.400000e+01
     vertex -9.669925e+01  3.504953e-01  2.400000e+01
   endloop
 endfacet
 facet normal  0.000000e+00  0.000000e+00  1.000000e+00
   outer loop
     vertex -7.488000e+01  7.520000e+01  2.400000e+01
     vertex -9.668118e+01  3.301322e+01  2.400000e+01
     vertex -9.668471e+01  3.292651e+01  2.400000e+01
   endloop
 endfacet
 facet normal  0.000000e+00  0.000000e+00  1.000000e+00
   outer loop
     vertex -7.488000e+01  7.520000e+01  2.400000e+01
     vertex -9.668000e+01  3.310000e+01  2.400000e+01
     vertex -9.668118e+01  3.301322e+01  2.400000e+01
   endloop
 endfacet
 facet normal  0.000000e+00  0.000000e+00  1.000000e+00
   outer loop
     vertex -7.488000e+01  7.520000e+01  2.400000e+01
     vertex -9.668118e+01  2.808678e+01  2.400000e+01
     vertex -9.668000e+01  2.800000e+01  2.400000e+01
   endloop
 endfacet
 facet normal  0.000000e+00  0.000000e+00  1.000000e+00
   outer loop
     vertex -7.488000e+01  7.520000e+01  2.400000e+01
     vertex -9.668471e+01  2.817349e+01  2.400000e+01
     vertex -9.668118e+01  2.808678e+01  2.400000e+01
   endloop
 endfacet
 facet normal  0.000000e+00  0.000000e+00  1.000000e+00
   outer loop
     vertex -7.488000e+01  7.520000e+01  2.400000e+01
     vertex -9.668121e+01  3.318785e+01  2.400000e+01
     vertex -9.668000e+01  3.310000e+01  2.400000e+01
   endloop
 endfacet
 facet normal  0.000000e+00  0.000000e+00  1.000000e+00
   outer loop
     vertex -7.488000e+01  7.520000e+01  2.400000e+01
     vertex -9.668482e+01  3.327564e+01  2.400000e+01
     vertex -9.668121e+01  3.318785e+01  2.400000e+01
   endloop
 endfacet
 facet normal  0.000000e+00  0.000000e+00  1.000000e+00
   outer loop
     vertex -7.488000e+01  7.520000e+01  2.400000e+01
     vertex -9.669085e+01  3.336329e+01  2.400000e+01
     vertex -9.668482e+01  3.327564e+01  2.400000e+01
   endloop
 endfacet
 facet normal  0.000000e+00  0.000000e+00  1.000000e+00
   outer loop
     vertex -7.488000e+01  7.520000e+01  2.400000e+01
     vertex -9.669928e+01  3.345075e+01  2.400000e+01
     vertex -9.669085e+01  3.336329e+01  2.400000e+01
   endloop
 endfacet
 facet normal  0.000000e+00  0.000000e+00  1.000000e+00
   outer loop
     vertex -7.488000e+01  7.520000e+01  2.400000e+01
     vertex -9.671011e+01  3.353794e+01  2.400000e+01
     vertex -9.669928e+01  3.345075e+01  2.400000e+01
   endloop
 endfacet
 facet normal  0.000000e+00  0.000000e+00  1.000000e+00
   outer loop
     vertex -7.488000e+01  7.520000e+01  2.400000e+01
     vertex -9.672333e+01  3.362480e+01  2.400000e+01
     vertex -9.671011e+01  3.353794e+01  2.400000e+01
   endloop
 endfacet
 facet normal  0.000000e+00  0.000000e+00  1.000000e+00
   outer loop
     vertex -7.488000e+01  7.520000e+01  2.400000e+01
     vertex -9.673892e+01  3.371127e+01  2.400000e+01
     vertex -9.672333e+01  3.362480e+01  2.400000e+01
   endloop
 endfacet
 facet normal  0.000000e+00  0.000000e+00  1.000000e+00
   outer loop
     vertex -7.488000e+01  7.520000e+01  2.400000e+01
     vertex -9.675689e+01  3.379727e+01  2.400000e+01
     vertex -9.673892e+01  3.371127e+01  2.400000e+01
   endloop
 endfacet
 facet normal  0.000000e+00  1.000000e+00  0.000000e+00
   outer loop
     vertex -7.488000e+01  7.520000e+01  1.900000e+01
     vertex -1.248800e+02  7.520000e+01  1.900000e+01
     vertex -1.248800e+02  7.520000e+01  2.400000e+01
   endloop
 endfacet
 facet normal  0.000000e+00  1.000000e+00  0.000000e+00
   outer loop
     vertex -7.488000e+01  7.520000e+01  2.400000e+01
     vertex -7.488000e+01  7.520000e+01  1.900000e+01
     vertex -1.248800e+02  7.520000e+01  2.400000e+01
   endloop
 endfacet
 facet normal -0.000000e+00  0.000000e+00 -1.000000e+00
   outer loop
     vertex -1.020917e+02 -3.541267e+01  1.900000e+01
     vertex -1.248800e+02 -7.520000e+01  1.900000e+01
     vertex -1.021543e+02 -3.535107e+01  1.900000e+01
   endloop
 endfacet
 facet normal  0.000000e+00 -0.000000e+00 -1.000000e+00
   outer loop
     vertex -1.022153e+02 -3.528779e+01  1.900000e+01
     vertex -1.021543e+02 -3.535107e+01  1.900000e+01
     vertex -1.248800e+02 -7.520000e+01  1.900000e+01
   endloop
 endfacet
 facet normal -0.000000e+00  0.000000e+00 -1.000000e+00
   outer loop
     vertex -1.020274e+02 -3.547251e+01  1.900000e+01
     vertex -1.248800e+02 -7.520000e+01  1.900000e+01
     vertex -1.020917e+02 -3.541267e+01  1.900000e+01
   endloop
 endfacet
 facet normal  0.000000e+00 -0.000000e+00 -1.000000e+00
   outer loop
     vertex -1.022745e+02 -3.522285e+01  1.900000e+01
     vertex -1.022153e+02 -3.528779e+01  1.900000e+01
     vertex -1.248800e+02 -7.520000e+01  1.900000e+01
   endloop
 endfacet
 facet normal -0.000000e+00  0.000000e+00 -1.000000e+00
   outer loop
     vertex -1.019614e+02 -3.553057e+01  1.900000e+01
     vertex -1.248800e+02 -7.520000e+01  1.900000e+01
     vertex -1.020274e+02 -3.547251e+01  1.900000e+01
   endloop
 endfacet
 facet normal  0.000000e+00 -0.000000e+00 -1.000000e+00
   outer loop
     vertex -1.023319e+02 -3.515631e+01  1.900000e+01
     vertex -1.022745e+02 -3.522285e+01  1.900000e+01
     vertex -1.248800e+02 -7.520000e+01  1.900000e+01
   endloop
 endfacet
 facet normal -0.000000e+00  0.000000e+00 -1.000000e+00
   outer loop
     vertex -1.018939e+02 -3.558680e+01  1.900000e+01
     vertex -1.248800e+02 -7.520000e+01  1.900000e+01
     vertex -1.019614e+02 -3.553057e+01  1.900000e+01
   endloop
 endfacet
 facet normal  0.000000e+00 -0.000000e+00 -1.000000e+00
   outer loop
     vertex -1.023874e+02 -3.508822e+01  1.900000e+01
     vertex -1.023319e+02 -3.515631e+01  1.900000e+01
     vertex -1.248800e+02 -7.520000e+01  1.900000e+01
   endloop
 endfacet
 facet normal -0.000000e+00  0.000000e+00 -1.000000e+00
   outer loop
     vertex -1.018249e+02 -3.564115e+01  1.900000e+01
     vertex -1.248800e+02 -7.520000e+01  1.900000e+01
     vertex -1.018939e+02 -3.558680e+01  1.900000e+01
   endloop
 endfacet
 facet normal  0.000000e+00 -0.000000e+00 -1.000000e+00
   outer loop
     vertex -1.024410e+02 -3.501863e+01  1.900000e+01
     vertex -1.023874e+02 -3.508822e+01  1.900000e+01
     vertex -1.248800e+02 -7.520000e+01  1.900000e+01
   endloop
 endfacet
 facet normal -0.000000e+00  0.000000e+00 -1.000000e+00
   outer loop
     vertex -1.017544e+02 -3.569359e+01  1.900000e+01
     vertex -1.248800e+02 -7.520000e+01  1.900000e+01
     vertex -1.018249e+02 -3.564115e+01  1.900000e+01
   endloop
 endfacet
 facet normal  0.000000e+00 -0.000000e+00 -1.000000e+00
   outer loop
     vertex -1.024927e+02 -3.494760e+01  1.900000e+01
     vertex -1.024410e+02 -3.501863e+01  1.900000e+01
     vertex -1.248800e+02 -7.520000e+01  1.900000e+01
   endloop
 endfacet
 facet normal -0.000000e+00  0.000000e+00 -1.000000e+00
   outer loop
     vertex -1.016825e+02 -3.574407e+01  1.900000e+01
     vertex -1.248800e+02 -7.520000e+01  1.900000e+01
     vertex -1.017544e+02 -3.569359e+01  1.900000e+01
   endloop
 endfacet
 facet normal  0.000000e+00 -0.000000e+00 -1.000000e+00
   outer loop
     vertex -1.025425e+02 -3.487517e+01  1.900000e+01
     vertex -1.024927e+02 -3.494760e+01  1.900000e+01
     vertex -1.248800e+02 -7.520000e+01  1.900000e+01
   endloop
 endfacet
 facet normal -0.000000e+00  0.000000e+00 -1.000000e+00
   outer loop
     vertex -1.016092e+02 -3.579256e+01  1.900000e+01
     vertex -1.248800e+02 -7.520000e+01  1.900000e+01
     vertex -1.016825e+02 -3.574407e+01  1.900000e+01
   endloop
 endfacet
 facet normal  0.000000e+00 -0.000000e+00 -1.000000e+00
   outer loop
     vertex -1.025902e+02 -3.480141e+01  1.900000e+01
     vertex -1.025425e+02 -3.487517e+01  1.900000e+01
     vertex -1.248800e+02 -7.520000e+01  1.900000e+01
   endloop
 endfacet
 facet normal -0.000000e+00  0.000000e+00 -1.000000e+00
   outer loop
     vertex -1.015346e+02 -3.583902e+01  1.900000e+01
     vertex -1.248800e+02 -7.520000e+01  1.900000e+01
     vertex -1.016092e+02 -3.579256e+01  1.900000e+01
   endloop
 endfacet
 facet normal  0.000000e+00 -0.000000e+00 -1.000000e+00
   outer loop
     vertex -1.026359e+02 -3.472636e+01  1.900000e+01
     vertex -1.025902e+02 -3.480141e+01  1.900000e+01
     vertex -1.248800e+02 -7.520000e+01  1.900000e+01
   endloop
 endfacet
 facet normal -0.000000e+00  0.000000e+00 -1.000000e+00
   outer loop
     vertex -1.014588e+02 -3.588341e+01  1.900000e+01
     vertex -1.248800e+02 -7.520000e+01  1.900000e+01
     vertex -1.015346e+02 -3.583902e+01  1.900000e+01
   endloop
 endfacet
 facet normal  0.000000e+00 -0.000000e+00 -1.000000e+00
   outer loop
     vertex -1.026795e+02 -3.465009e+01  1.900000e+01
     vertex -1.026359e+02 -3.472636e+01  1.900000e+01
     vertex -1.248800e+02 -7.520000e+01  1.900000e+01
   endloop
 endfacet
 facet normal -0.000000e+00  0.000000e+00 -1.000000e+00
   outer loop
     vertex -1.013818e+02 -3.592571e+01  1.900000e+01
     vertex -1.248800e+02 -7.520000e+01  1.900000e+01
     vertex -1.014588e+02 -3.588341e+01  1.900000e+01
   endloop
 endfacet
 facet normal  0.000000e+00 -0.000000e+00 -1.000000e+00
   outer loop
     vertex -1.027210e+02 -3.457265e+01  1.900000e+01
     vertex -1.026795e+02 -3.465009e+01  1.900000e+01
     vertex -1.248800e+02 -7.520000e+01  1.900000e+01
   endloop
 endfacet
 facet normal -0.000000e+00  0.000000e+00 -1.000000e+00
   outer loop
     vertex -1.013037e+02 -3.596587e+01  1.900000e+01
     vertex -1.248800e+02 -7.520000e+01  1.900000e+01
     vertex -1.013818e+02 -3.592571e+01  1.900000e+01
   endloop
 endfacet
 facet normal  0.000000e+00 -0.000000e+00 -1.000000e+00
   outer loop
     vertex -1.027604e+02 -3.449410e+01  1.900000e+01
     vertex -1.027210e+02 -3.457265e+01  1.900000e+01
     vertex -1.248800e+02 -7.520000e+01  1.900000e+01
   endloop
 endfacet
 facet normal -0.000000e+00  0.000000e+00 -1.000000e+00
   outer loop
     vertex -1.012244e+02 -3.600388e+01  1.900000e+01
     vertex -1.248800e+02 -7.520000e+01  1.900000e+01
     vertex -1.013037e+02 -3.596587e+01  1.900000e+01
   endloop
 endfacet
 facet normal  0.000000e+00 -0.000000e+00 -1.000000e+00
   outer loop
     vertex -1.027976e+02 -3.441449e+01  1.900000e+01
     vertex -1.027604e+02 -3.449410e+01  1.900000e+01
     vertex -1.248800e+02 -7.520000e+01  1.900000e+01
   endloop
 endfacet
 facet normal -0.000000e+00  0.000000e+00 -1.000000e+00
   outer loop
     vertex -1.011442e+02 -3.603969e+01  1.900000e+01
     vertex -1.248800e+02 -7.520000e+01  1.900000e+01
     vertex -1.012244e+02 -3.600388e+01  1.900000e+01
   endloop
 endfacet
 facet normal  0.000000e+00 -0.000000e+00 -1.000000e+00
   outer loop
     vertex -1.028325e+02 -3.433390e+01  1.900000e+01
     vertex -1.027976e+02 -3.441449e+01  1.900000e+01
     vertex -1.248800e+02 -7.520000e+01  1.900000e+01
   endloop
 endfacet
 facet normal -0.000000e+00  0.000000e+00 -1.000000e+00
   outer loop
     vertex -1.010630e+02 -3.607329e+01  1.900000e+01
     vertex -1.248800e+02 -7.520000e+01  1.900000e+01
     vertex -1.011442e+02 -3.603969e+01  1.900000e+01
   endloop
 endfacet
 facet normal  0.000000e+00 -0.000000e+00 -1.000000e+00
   outer loop
     vertex -1.028653e+02 -3.425238e+01  1.900000e+01
     vertex -1.028325e+02 -3.433390e+01  1.900000e+01
     vertex -1.248800e+02 -7.520000e+01  1.900000e+01
   endloop
 endfacet
 facet normal -0.000000e+00  0.000000e+00 -1.000000e+00
   outer loop
     vertex -1.009809e+02 -3.610465e+01  1.900000e+01
     vertex -1.248800e+02 -7.520000e+01  1.900000e+01
     vertex -1.010630e+02 -3.607329e+01  1.900000e+01
   endloop
 endfacet
 facet normal  0.000000e+00 -0.000000e+00 -1.000000e+00
   outer loop
     vertex -1.028958e+02 -3.416998e+01  1.900000e+01
     vertex -1.028653e+02 -3.425238e+01  1.900000e+01
     vertex -1.248800e+02 -7.520000e+01  1.900000e+01
   endloop
 endfacet
 facet normal -0.000000e+00  0.000000e+00 -1.000000e+00
   outer loop
     vertex -1.008980e+02 -3.613374e+01  1.900000e+01
     vertex -1.248800e+02 -7.520000e+01  1.900000e+01
     vertex -1.009809e+02 -3.610465e+01  1.900000e+01
   endloop
 endfacet
 facet normal  0.000000e+00 -0.000000e+00 -1.000000e+00
   outer loop
     vertex -1.029241e+02 -3.408678e+01  1.900000e+01
     vertex -1.028958e+02 -3.416998e+01  1.900000e+01
     vertex -1.248800e+02 -7.520000e+01  1.900000e+01
   endloop
 endfacet
 facet normal -0.000000e+00  0.000000e+00 -1.000000e+00
   outer loop
     vertex -1.008144e+02 -3.616055e+01  1.900000e+01
     vertex -1.248800e+02 -7.520000e+01  1.900000e+01
     vertex -1.008980e+02 -3.613374e+01  1.900000e+01
   endloop
 endfacet
 facet normal  0.000000e+00 -0.000000e+00 -1.000000e+00
   outer loop
     vertex -1.029500e+02 -3.400284e+01  1.900000e+01
     vertex -1.029241e+02 -3.408678e+01  1.900000e+01
     vertex -1.248800e+02 -7.520000e+01  1.900000e+01
   endloop
 endfacet
 facet normal -0.000000e+00  0.000000e+00 -1.000000e+00
   outer loop
     vertex -1.007300e+02 -3.618505e+01  1.900000e+01
     vertex -1.248800e+02 -7.520000e+01  1.900000e+01
     vertex -1.008144e+02 -3.616055e+01  1.900000e+01
   endloop
 endfacet
 facet normal  0.000000e+00 -0.000000e+00 -1.000000e+00
   outer loop
     vertex -1.029736e+02 -3.391822e+01  1.900000e+01
     vertex -1.029500e+02 -3.400284e+01  1.900000e+01
     vertex -1.248800e+02 -7.520000e+01  1.900000e+01
   endloop
 endfacet
 facet normal -0.000000e+00  0.000000e+00 -1.000000e+00
   outer loop
     vertex -1.006450e+02 -3.620722e+01  1.900000e+01
     vertex -1.248800e+02 -7.520000e+01  1.900000e+01
     vertex -1.007300e+02 -3.618505e+01  1.900000e+01
   endloop
 endfacet
 facet normal  0.000000e+00 -0.000000e+00 -1.000000e+00
   outer loop
     vertex -1.029949e+02 -3.383298e+01  1.900000e+01
     vertex -1.029736e+02 -3.391822e+01  1.900000e+01
     vertex -1.248800e+02 -7.520000e+01  1.900000e+01
   endloop
 endfacet
 facet normal -0.000000e+00  0.000000e+00 -1.000000e+00
   outer loop
     vertex -1.005594e+02 -3.622705e+01  1.900000e+01
     vertex -1.248800e+02 -7.520000e+01  1.900000e+01
     vertex -1.006450e+02 -3.620722e+01  1.900000e+01
   endloop
 endfacet
 facet normal  0.000000e+00 -0.000000e+00 -1.000000e+00
   outer loop
     vertex -1.030139e+02 -3.374718e+01  1.900000e+01
     vertex -1.029949e+02 -3.383298e+01  1.900000e+01
     vertex -1.248800e+02 -7.520000e+01  1.900000e+01
   endloop
 endfacet
 facet normal -0.000000e+00  0.000000e+00 -1.000000e+00
   outer loop
     vertex -1.004733e+02 -3.624452e+01  1.900000e+01
     vertex -1.248800e+02 -7.520000e+01  1.900000e+01
     vertex -1.005594e+02 -3.622705e+01  1.900000e+01
   endloop
 endfacet
 facet normal  0.000000e+00 -0.000000e+00 -1.000000e+00
   outer loop
     vertex -1.030305e+02 -3.366090e+01  1.900000e+01
     vertex -1.030139e+02 -3.374718e+01  1.900000e+01
     vertex -1.248800e+02 -7.520000e+01  1.900000e+01
   endloop
 endfacet
 facet normal -0.000000e+00  0.000000e+00 -1.000000e+00
   outer loop
     vertex -1.003867e+02 -3.625962e+01  1.900000e+01
     vertex -1.248800e+02 -7.520000e+01  1.900000e+01
     vertex -1.004733e+02 -3.624452e+01  1.900000e+01
   endloop
 endfacet
 facet normal  0.000000e+00 -0.000000e+00 -1.000000e+00
   outer loop
     vertex -1.030447e+02 -3.357420e+01  1.900000e+01
     vertex -1.030305e+02 -3.366090e+01  1.900000e+01
     vertex -1.248800e+02 -7.520000e+01  1.900000e+01
   endloop
 endfacet
 facet normal -0.000000e+00  0.000000e+00 -1.000000e+00
   outer loop
     vertex -1.002998e+02 -3.627235e+01  1.900000e+01
     vertex -1.248800e+02 -7.520000e+01  1.900000e+01
     vertex -1.003867e+02 -3.625962e+01  1.900000e+01
   endloop
 endfacet
 facet normal  0.000000e+00 -0.000000e+00 -1.000000e+00
   outer loop
     vertex -1.030565e+02 -3.348714e+01  1.900000e+01
     vertex -1.030447e+02 -3.357420e+01  1.900000e+01
     vertex -1.248800e+02 -7.520000e+01  1.900000e+01
   endloop
 endfacet
 facet normal -0.000000e+00  0.000000e+00 -1.000000e+00
   outer loop
     vertex -1.002125e+02 -3.628267e+01  1.900000e+01
     vertex -1.248800e+02 -7.520000e+01  1.900000e+01
     vertex -1.002998e+02 -3.627235e+01  1.900000e+01
   endloop
 endfacet
 facet normal  0.000000e+00 -0.000000e+00 -1.000000e+00
   outer loop
     vertex -1.030659e+02 -3.339978e+01  1.900000e+01
     vertex -1.030565e+02 -3.348714e+01  1.900000e+01
     vertex -1.248800e+02 -7.520000e+01  1.900000e+01
   endloop
 endfacet
 facet normal -0.000000e+00  0.000000e+00 -1.000000e+00
   outer loop
     vertex -1.001250e+02 -3.629060e+01  1.900000e+01
     vertex -1.248800e+02 -7.520000e+01  1.900000e+01
     vertex -1.002125e+02 -3.628267e+01  1.900000e+01
   endloop
 endfacet
 facet normal  0.000000e+00 -0.000000e+00 -1.000000e+00
   outer loop
     vertex -1.030730e+02 -3.331220e+01  1.900000e+01
     vertex -1.030659e+02 -3.339978e+01  1.900000e+01
     vertex -1.248800e+02 -7.520000e+01  1.900000e+01
   endloop
 endfacet
 facet normal -0.000000e+00  0.000000e+00 -1.000000e+00
   outer loop
     vertex -1.000373e+02 -3.629613e+01  1.900000e+01
     vertex -1.248800e+02 -7.520000e+01  1.900000e+01
     vertex -1.001250e+02 -3.629060e+01  1.900000e+01
   endloop
 endfacet
 facet normal  0.000000e+00 -0.000000e+00 -1.000000e+00
   outer loop
     vertex -1.030776e+02 -3.322446e+01  1.900000e+01
     vertex -1.030730e+02 -3.331220e+01  1.900000e+01
     vertex -1.248800e+02 -7.520000e+01  1.900000e+01
   endloop
 endfacet
 facet normal -0.000000e+00  0.000000e+00 -1.000000e+00
   outer loop
     vertex -9.994954e+01 -3.629924e+01  1.900000e+01
     vertex -1.248800e+02 -7.520000e+01  1.900000e+01
     vertex -1.000373e+02 -3.629613e+01  1.900000e+01
   endloop
 endfacet
 facet normal  0.000000e+00 -0.000000e+00 -1.000000e+00
   outer loop
     vertex -1.030798e+02 -3.313663e+01  1.900000e+01
     vertex -1.030776e+02 -3.322446e+01  1.900000e+01
     vertex -1.248800e+02 -7.520000e+01  1.900000e+01
   endloop
 endfacet
 facet normal  0.000000e+00 -0.000000e+00 -1.000000e+00
   outer loop
     vertex -9.986168e+01 -3.629995e+01  1.900000e+01
     vertex -7.488000e+01 -7.520000e+01  1.900000e+01
     vertex -1.248800e+02 -7.520000e+01  1.900000e+01
   endloop
 endfacet
 facet normal -0.000000e+00  0.000000e+00 -1.000000e+00
   outer loop
     vertex -9.986168e+01 -3.629995e+01  1.900000e+01
     vertex -1.248800e+02 -7.520000e+01  1.900000e+01
     vertex -9.994954e+01 -3.629924e+01  1.900000e+01
   endloop
 endfacet
 facet normal  0.000000e+00  0.000000e+00 -1.000000e+00
   outer loop
     vertex -1.030796e+02 -3.304877e+01  1.900000e+01
     vertex -1.030798e+02 -3.313663e+01  1.900000e+01
     vertex -1.248800e+02 -7.520000e+01  1.900000e+01
   endloop
 endfacet
 facet normal  0.000000e+00 -0.000000e+00 -1.000000e+00
   outer loop
     vertex -9.977384e+01 -3.629824e+01  1.900000e+01
     vertex -7.488000e+01 -7.520000e+01  1.900000e+01
     vertex -9.986168e+01 -3.629995e+01  1.900000e+01
   endloop
 endfacet
 facet normal  0.000000e+00  0.000000e+00 -1.000000e+00
   outer loop
     vertex -1.030770e+02 -3.296095e+01  1.900000e+01
     vertex -1.030796e+02 -3.304877e+01  1.900000e+01
     vertex -1.248800e+02 -7.520000e+01  1.900000e+01
   endloop
 endfacet
 facet normal  0.000000e+00 -0.000000e+00 -1.000000e+00
   outer loop
     vertex -9.968608e+01 -3.629412e+01  1.900000e+01
     vertex -7.488000e+01 -7.520000e+01  1.900000e+01
     vertex -9.977384e+01 -3.629824e+01  1.900000e+01
   endloop
 endfacet
 facet normal  0.000000e+00 -0.000000e+00 -1.000000e+00
   outer loop
     vertex -9.959846e+01 -3.628759e+01  1.900000e+01
     vertex -7.488000e+01 -7.520000e+01  1.900000e+01
     vertex -9.968608e+01 -3.629412e+01  1.900000e+01
   endloop
 endfacet
 facet normal  0.000000e+00 -0.000000e+00 -1.000000e+00
   outer loop
     vertex -9.951105e+01 -3.627866e+01  1.900000e+01
     vertex -7.488000e+01 -7.520000e+01  1.900000e+01
     vertex -9.959846e+01 -3.628759e+01  1.900000e+01
   endloop
 endfacet
 facet normal  0.000000e+00 -0.000000e+00 -1.000000e+00
   outer loop
     vertex -9.942392e+01 -3.626733e+01  1.900000e+01
     vertex -7.488000e+01 -7.520000e+01  1.900000e+01
     vertex -9.951105e+01 -3.627866e+01  1.900000e+01
   endloop
 endfacet
 facet normal  0.000000e+00 -0.000000e+00 -1.000000e+00
   outer loop
     vertex -9.933714e+01 -3.625362e+01  1.900000e+01
     vertex -7.488000e+01 -7.520000e+01  1.900000e+01
     vertex -9.942392e+01 -3.626733e+01  1.900000e+01
   endloop
 endfacet
 facet normal  0.000000e+00 -0.000000e+00 -1.000000e+00
   outer loop
     vertex -9.925077e+01 -3.623753e+01  1.900000e+01
     vertex -7.488000e+01 -7.520000e+01  1.900000e+01
     vertex -9.933714e+01 -3.625362e+01  1.900000e+01
   endloop
 endfacet
 facet normal  0.000000e+00 -0.000000e+00 -1.000000e+00
   outer loop
     vertex -9.916487e+01 -3.621907e+01  1.900000e+01
     vertex -7.488000e+01 -7.520000e+01  1.900000e+01
     vertex -9.925077e+01 -3.623753e+01  1.900000e+01
   endloop
 endfacet
 facet normal  0.000000e+00 -0.000000e+00 -1.000000e+00
   outer loop
     vertex -9.907950e+01 -3.619826e+01  1.900000e+01
     vertex -7.488000e+01 -7.520000e+01  1.900000e+01
     vertex -9.916487e+01 -3.621907e+01  1.900000e+01
   endloop
 endfacet
 facet normal  0.000000e+00 -0.000000e+00 -1.000000e+00
   outer loop
     vertex -9.899475e+01 -3.617511e+01  1.900000e+01
     vertex -7.488000e+01 -7.520000e+01  1.900000e+01
     vertex -9.907950e+01 -3.619826e+01  1.900000e+01
   endloop
 endfacet
 facet normal  0.000000e+00 -0.000000e+00 -1.000000e+00
   outer loop
     vertex -9.891066e+01 -3.614965e+01  1.900000e+01
     vertex -7.488000e+01 -7.520000e+01  1.900000e+01
     vertex -9.899475e+01 -3.617511e+01  1.900000e+01
   endloop
 endfacet
 facet normal  0.000000e+00 -0.000000e+00 -1.000000e+00
   outer loop
     vertex -9.882730e+01 -3.612189e+01  1.900000e+01
     vertex -7.488000e+01 -7.520000e+01  1.900000e+01
     vertex -9.891066e+01 -3.614965e+01  1.900000e+01
   endloop
 endfacet
 facet normal  0.000000e+00 -0.000000e+00 -1.000000e+00
   outer loop
     vertex -9.874473e+01 -3.609185e+01  1.900000e+01
     vertex -7.488000e+01 -7.520000e+01  1.900000e+01
     vertex -9.882730e+01 -3.612189e+01  1.900000e+01
   endloop
 endfacet
 facet normal  0.000000e+00 -0.000000e+00 -1.000000e+00
   outer loop
     vertex -9.866302e+01 -3.605955e+01  1.900000e+01
     vertex -7.488000e+01 -7.520000e+01  1.900000e+01
     vertex -9.874473e+01 -3.609185e+01  1.900000e+01
   endloop
 endfacet
 facet normal  0.000000e+00 -0.000000e+00 -1.000000e+00
   outer loop
     vertex -9.858223e+01 -3.602503e+01  1.900000e+01
     vertex -7.488000e+01 -7.520000e+01  1.900000e+01
     vertex -9.866302e+01 -3.605955e+01  1.900000e+01
   endloop
 endfacet
 facet normal  0.000000e+00 -0.000000e+00 -1.000000e+00
   outer loop
     vertex -9.850241e+01 -3.598830e+01  1.900000e+01
     vertex -7.488000e+01 -7.520000e+01  1.900000e+01
     vertex -9.858223e+01 -3.602503e+01  1.900000e+01
   endloop
 endfacet
 facet normal  0.000000e+00 -0.000000e+00 -1.000000e+00
   outer loop
     vertex -9.842364e+01 -3.594939e+01  1.900000e+01
     vertex -7.488000e+01 -7.520000e+01  1.900000e+01
     vertex -9.850241e+01 -3.598830e+01  1.900000e+01
   endloop
 endfacet
 facet normal  0.000000e+00 -0.000000e+00 -1.000000e+00
   outer loop
     vertex -9.834596e+01 -3.590833e+01  1.900000e+01
     vertex -7.488000e+01 -7.520000e+01  1.900000e+01
     vertex -9.842364e+01 -3.594939e+01  1.900000e+01
   endloop
 endfacet
 facet normal  0.000000e+00 -0.000000e+00 -1.000000e+00
   outer loop
     vertex -9.826944e+01 -3.586516e+01  1.900000e+01
     vertex -7.488000e+01 -7.520000e+01  1.900000e+01
     vertex -9.834596e+01 -3.590833e+01  1.900000e+01
   endloop
 endfacet
 facet normal  0.000000e+00 -0.000000e+00 -1.000000e+00
   outer loop
     vertex -9.819413e+01 -3.581990e+01  1.900000e+01
     vertex -7.488000e+01 -7.520000e+01  1.900000e+01
     vertex -9.826944e+01 -3.586516e+01  1.900000e+01
   endloop
 endfacet
 facet normal  0.000000e+00 -0.000000e+00 -1.000000e+00
   outer loop
     vertex -9.812009e+01 -3.577259e+01  1.900000e+01
     vertex -7.488000e+01 -7.520000e+01  1.900000e+01
     vertex -9.819413e+01 -3.581990e+01  1.900000e+01
   endloop
 endfacet
 facet normal  0.000000e+00 -0.000000e+00 -1.000000e+00
   outer loop
     vertex -9.804738e+01 -3.572326e+01  1.900000e+01
     vertex -7.488000e+01 -7.520000e+01  1.900000e+01
     vertex -9.812009e+01 -3.577259e+01  1.900000e+01
   endloop
 endfacet
 facet normal  0.000000e+00 -0.000000e+00 -1.000000e+00
   outer loop
     vertex -9.797606e+01 -3.567196e+01  1.900000e+01
     vertex -7.488000e+01 -7.520000e+01  1.900000e+01
     vertex -9.804738e+01 -3.572326e+01  1.900000e+01
   endloop
 endfacet
 facet normal  0.000000e+00 -0.000000e+00 -1.000000e+00
   outer loop
     vertex -9.790616e+01 -3.561872e+01  1.900000e+01
     vertex -7.488000e+01 -7.520000e+01  1.900000e+01
     vertex -9.797606e+01 -3.567196e+01  1.900000e+01
   endloop
 endfacet
 facet normal  0.000000e+00 -0.000000e+00 -1.000000e+00
   outer loop
     vertex -9.783776e+01 -3.556358e+01  1.900000e+01
     vertex -7.488000e+01 -7.520000e+01  1.900000e+01
     vertex -9.790616e+01 -3.561872e+01  1.900000e+01
   endloop
 endfacet
 facet normal  0.000000e+00 -0.000000e+00 -1.000000e+00
   outer loop
     vertex -9.777089e+01 -3.550659e+01  1.900000e+01
     vertex -7.488000e+01 -7.520000e+01  1.900000e+01
     vertex -9.783776e+01 -3.556358e+01  1.900000e+01
   endloop
 endfacet
 facet normal  0.000000e+00 -0.000000e+00 -1.000000e+00
   outer loop
     vertex -9.770562e+01 -3.544778e+01  1.900000e+01
     vertex -7.488000e+01 -7.520000e+01  1.900000e+01
     vertex -9.777089e+01 -3.550659e+01  1.900000e+01
   endloop
 endfacet
 facet normal  0.000000e+00 -0.000000e+00 -1.000000e+00
   outer loop
     vertex -9.764198e+01 -3.538720e+01  1.900000e+01
     vertex -7.488000e+01 -7.520000e+01  1.900000e+01
     vertex -9.770562e+01 -3.544778e+01  1.900000e+01
   endloop
 endfacet
 facet normal  0.000000e+00 -0.000000e+00 -1.000000e+00
   outer loop
     vertex -9.758003e+01 -3.532489e+01  1.900000e+01
     vertex -7.488000e+01 -7.520000e+01  1.900000e+01
     vertex -9.764198e+01 -3.538720e+01  1.900000e+01
   endloop
 endfacet
 facet normal  0.000000e+00 -0.000000e+00 -1.000000e+00
   outer loop
     vertex -9.751982e+01 -3.526091e+01  1.900000e+01
     vertex -7.488000e+01 -7.520000e+01  1.900000e+01
     vertex -9.758003e+01 -3.532489e+01  1.900000e+01
   endloop
 endfacet
 facet normal  0.000000e+00 -0.000000e+00 -1.000000e+00
   outer loop
     vertex -9.746138e+01 -3.519530e+01  1.900000e+01
     vertex -7.488000e+01 -7.520000e+01  1.900000e+01
     vertex -9.751982e+01 -3.526091e+01  1.900000e+01
   endloop
 endfacet
 facet normal  0.000000e+00 -0.000000e+00 -1.000000e+00
   outer loop
     vertex -9.740477e+01 -3.512811e+01  1.900000e+01
     vertex -7.488000e+01 -7.520000e+01  1.900000e+01
     vertex -9.746138e+01 -3.519530e+01  1.900000e+01
   endloop
 endfacet
 facet normal  0.000000e+00 -0.000000e+00 -1.000000e+00
   outer loop
     vertex -9.735002e+01 -3.505939e+01  1.900000e+01
     vertex -7.488000e+01 -7.520000e+01  1.900000e+01
     vertex -9.740477e+01 -3.512811e+01  1.900000e+01
   endloop
 endfacet
 facet normal  0.000000e+00  0.000000e+00 -1.000000e+00
   outer loop
     vertex -1.021441e+02 -3.026143e+01  1.900000e+01
     vertex -1.020811e+02 -3.077727e+01  1.900000e+01
     vertex -1.021441e+02 -3.083857e+01  1.900000e+01
   endloop
 endfacet
 facet normal -0.000000e+00 -0.000000e+00 -1.000000e+00
   outer loop
     vertex -1.020811e+02 -3.032273e+01  1.900000e+01
     vertex -1.020811e+02 -3.077727e+01  1.900000e+01
     vertex -1.021441e+02 -3.026143e+01  1.900000e+01
   endloop
 endfacet
 facet normal  0.000000e+00  0.000000e+00 -1.000000e+00
   outer loop
     vertex -1.022053e+02 -3.019842e+01  1.900000e+01
     vertex -1.021441e+02 -3.083857e+01  1.900000e+01
     vertex -1.022053e+02 -3.090158e+01  1.900000e+01
   endloop
 endfacet
 facet normal  0.000000e+00 -0.000000e+00 -1.000000e+00
   outer loop
     vertex -1.022053e+02 -3.019842e+01  1.900000e+01
     vertex -1.022053e+02 -3.090158e+01  1.900000e+01
     vertex -1.022648e+02 -3.096625e+01  1.900000e+01
   endloop
 endfacet
 facet normal  0.000000e+00  0.000000e+00 -1.000000e+00
   outer loop
     vertex -1.022053e+02 -3.019842e+01  1.900000e+01
     vertex -1.021441e+02 -3.026143e+01  1.900000e+01
     vertex -1.021441e+02 -3.083857e+01  1.900000e+01
   endloop
 endfacet
 facet normal -0.000000e+00  0.000000e+00 -1.000000e+00
   outer loop
     vertex -1.020165e+02 -3.038229e+01  1.900000e+01
     vertex -1.020811e+02 -3.077727e+01  1.900000e+01
     vertex -1.020811e+02 -3.032273e+01  1.900000e+01
   endloop
 endfacet
 facet normal  0.000000e+00 -0.000000e+00 -1.000000e+00
   outer loop
     vertex -1.020165e+02 -3.038229e+01  1.900000e+01
     vertex -1.020165e+02 -3.071771e+01  1.900000e+01
     vertex -1.020811e+02 -3.077727e+01  1.900000e+01
   endloop
 endfacet
 facet normal  0.000000e+00  0.000000e+00 -1.000000e+00
   outer loop
     vertex -1.022648e+02 -3.013375e+01  1.900000e+01
     vertex -1.022053e+02 -3.019842e+01  1.900000e+01
     vertex -1.022648e+02 -3.096625e+01  1.900000e+01
   endloop
 endfacet
 facet normal -0.000000e+00  0.000000e+00 -1.000000e+00
   outer loop
     vertex -1.019503e+02 -3.044004e+01  1.900000e+01
     vertex -1.020165e+02 -3.071771e+01  1.900000e+01
     vertex -1.020165e+02 -3.038229e+01  1.900000e+01
   endloop
 endfacet
 facet normal  0.000000e+00  0.000000e+00 -1.000000e+00
   outer loop
     vertex -1.019503e+02 -3.044004e+01  1.900000e+01
     vertex -1.018825e+02 -3.060404e+01  1.900000e+01
     vertex -1.019503e+02 -3.065996e+01  1.900000e+01
   endloop
 endfacet
 facet normal  0.000000e+00 -0.000000e+00 -1.000000e+00
   outer loop
     vertex -1.019503e+02 -3.044004e+01  1.900000e+01
     vertex -1.019503e+02 -3.065996e+01  1.900000e+01
     vertex -1.020165e+02 -3.071771e+01  1.900000e+01
   endloop
 endfacet
 facet normal  0.000000e+00  0.000000e+00 -1.000000e+00
   outer loop
     vertex -1.023224e+02 -3.006748e+01  1.900000e+01
     vertex -1.022648e+02 -3.096625e+01  1.900000e+01
     vertex -1.023224e+02 -3.103252e+01  1.900000e+01
   endloop
 endfacet
 facet normal  0.000000e+00 -0.000000e+00 -1.000000e+00
   outer loop
     vertex -1.023224e+02 -3.006748e+01  1.900000e+01
     vertex -1.023224e+02 -3.103252e+01  1.900000e+01
     vertex -1.023783e+02 -3.110036e+01  1.900000e+01
   endloop
 endfacet
 facet normal  0.000000e+00  0.000000e+00 -1.000000e+00
   outer loop
     vertex -1.023224e+02 -3.006748e+01  1.900000e+01
     vertex -1.022648e+02 -3.013375e+01  1.900000e+01
     vertex -1.022648e+02 -3.096625e+01  1.900000e+01
   endloop
 endfacet
 facet normal -0.000000e+00 -0.000000e+00 -1.000000e+00
   outer loop
     vertex -1.018825e+02 -3.049596e+01  1.900000e+01
     vertex -1.018825e+02 -3.060404e+01  1.900000e+01
     vertex -1.019503e+02 -3.044004e+01  1.900000e+01
   endloop
 endfacet
 facet normal  0.000000e+00  0.000000e+00 -1.000000e+00
   outer loop
     vertex -1.023783e+02 -2.999964e+01  1.900000e+01
     vertex -1.023224e+02 -3.006748e+01  1.900000e+01
     vertex -1.023783e+02 -3.110036e+01  1.900000e+01
   endloop
 endfacet
 facet normal -0.000000e+00  0.000000e+00 -1.000000e+00
   outer loop
     vertex -1.018133e+02 -3.055000e+01  1.900000e+01
     vertex -1.018825e+02 -3.060404e+01  1.900000e+01
     vertex -1.018825e+02 -3.049596e+01  1.900000e+01
   endloop
 endfacet
 facet normal  0.000000e+00  0.000000e+00 -1.000000e+00
   outer loop
     vertex -1.024322e+02 -2.993030e+01  1.900000e+01
     vertex -1.023783e+02 -2.999964e+01  1.900000e+01
     vertex -1.023783e+02 -3.110036e+01  1.900000e+01
   endloop
 endfacet
 facet normal  0.000000e+00  0.000000e+00 -1.000000e+00
   outer loop
     vertex -1.024322e+02 -2.993030e+01  1.900000e+01
     vertex -1.023783e+02 -3.110036e+01  1.900000e+01
     vertex -1.024322e+02 -3.116970e+01  1.900000e+01
   endloop
 endfacet
 facet normal  0.000000e+00 -0.000000e+00 -1.000000e+00
   outer loop
     vertex -1.024322e+02 -2.993030e+01  1.900000e+01
     vertex -1.024322e+02 -3.116970e+01  1.900000e+01
     vertex -1.024843e+02 -3.124050e+01  1.900000e+01
   endloop
 endfacet
 facet normal  0.000000e+00  0.000000e+00 -1.000000e+00
   outer loop
     vertex -1.024843e+02 -2.985950e+01  1.900000e+01
     vertex -1.024322e+02 -2.993030e+01  1.900000e+01
     vertex -1.024843e+02 -3.124050e+01  1.900000e+01
   endloop
 endfacet
 facet normal  0.000000e+00  0.000000e+00 -1.000000e+00
   outer loop
     vertex -1.025343e+02 -2.978730e+01  1.900000e+01
     vertex -1.024843e+02 -2.985950e+01  1.900000e+01
     vertex -1.024843e+02 -3.124050e+01  1.900000e+01
   endloop
 endfacet
 facet normal  0.000000e+00  0.000000e+00 -1.000000e+00
   outer loop
     vertex -1.025343e+02 -2.978730e+01  1.900000e+01
     vertex -1.024843e+02 -3.124050e+01  1.900000e+01
     vertex -1.025343e+02 -3.131270e+01  1.900000e+01
   endloop
 endfacet
 facet normal  0.000000e+00  0.000000e+00 -1.000000e+00
   outer loop
     vertex -1.025824e+02 -2.971376e+01  1.900000e+01
     vertex -1.025343e+02 -2.978730e+01  1.900000e+01
     vertex -1.025343e+02 -3.131270e+01  1.900000e+01
   endloop
 endfacet
 facet normal  0.000000e+00  0.000000e+00 -1.000000e+00
   outer loop
     vertex -1.025824e+02 -2.971376e+01  1.900000e+01
     vertex -1.025343e+02 -3.131270e+01  1.900000e+01
     vertex -1.025824e+02 -3.138624e+01  1.900000e+01
   endloop
 endfacet
 facet normal  0.000000e+00 -0.000000e+00 -1.000000e+00
   outer loop
     vertex -9.729718e+01 -3.498919e+01  1.900000e+01
     vertex -7.488000e+01 -7.520000e+01  1.900000e+01
     vertex -9.735002e+01 -3.505939e+01  1.900000e+01
   endloop
 endfacet
 facet normal  0.000000e+00  0.000000e+00 -1.000000e+00
   outer loop
     vertex -1.026284e+02 -2.963892e+01  1.900000e+01
     vertex -1.025824e+02 -2.971376e+01  1.900000e+01
     vertex -1.025824e+02 -3.138624e+01  1.900000e+01
   endloop
 endfacet
 facet normal  0.000000e+00  0.000000e+00 -1.000000e+00
   outer loop
     vertex -1.026284e+02 -2.963892e+01  1.900000e+01
     vertex -1.025824e+02 -3.138624e+01  1.900000e+01
     vertex -1.026284e+02 -3.146108e+01  1.900000e+01
   endloop
 endfacet
 facet normal  0.000000e+00  0.000000e+00 -1.000000e+00
   outer loop
     vertex -1.026724e+02 -2.956285e+01  1.900000e+01
     vertex -1.026284e+02 -2.963892e+01  1.900000e+01
     vertex -1.026284e+02 -3.146108e+01  1.900000e+01
   endloop
 endfacet
 facet normal  0.000000e+00  0.000000e+00 -1.000000e+00
   outer loop
     vertex -1.026724e+02 -2.956285e+01  1.900000e+01
     vertex -1.026284e+02 -3.146108e+01  1.900000e+01
     vertex -1.026724e+02 -3.153715e+01  1.900000e+01
   endloop
 endfacet
 facet normal  0.000000e+00 -0.000000e+00 -1.000000e+00
   outer loop
     vertex -1.026724e+02 -2.956285e+01  1.900000e+01
     vertex -1.026724e+02 -3.153715e+01  1.900000e+01
     vertex -1.027143e+02 -3.161440e+01  1.900000e+01
   endloop
 endfacet
 facet normal  0.000000e+00  0.000000e+00 -1.000000e+00
   outer loop
     vertex -1.027143e+02 -2.948560e+01  1.900000e+01
     vertex -1.026724e+02 -2.956285e+01  1.900000e+01
     vertex -1.027143e+02 -3.161440e+01  1.900000e+01
   endloop
 endfacet
 facet normal  0.000000e+00 -0.000000e+00 -1.000000e+00
   outer loop
     vertex -9.724629e+01 -3.491757e+01  1.900000e+01
     vertex -7.488000e+01 -7.520000e+01  1.900000e+01
     vertex -9.729718e+01 -3.498919e+01  1.900000e+01
   endloop
 endfacet
 facet normal  0.000000e+00  0.000000e+00 -1.000000e+00
   outer loop
     vertex -1.027540e+02 -2.940722e+01  1.900000e+01
     vertex -1.027143e+02 -2.948560e+01  1.900000e+01
     vertex -1.027143e+02 -3.161440e+01  1.900000e+01
   endloop
 endfacet
 facet normal  0.000000e+00  0.000000e+00 -1.000000e+00
   outer loop
     vertex -1.027540e+02 -2.940722e+01  1.900000e+01
     vertex -1.027143e+02 -3.161440e+01  1.900000e+01
     vertex -1.027540e+02 -3.169278e+01  1.900000e+01
   endloop
 endfacet
 facet normal  0.000000e+00  0.000000e+00 -1.000000e+00
   outer loop
     vertex -1.027915e+02 -2.932779e+01  1.900000e+01
     vertex -1.027540e+02 -2.940722e+01  1.900000e+01
     vertex -1.027540e+02 -3.169278e+01  1.900000e+01
   endloop
 endfacet
 facet normal  0.000000e+00  0.000000e+00 -1.000000e+00
   outer loop
     vertex -1.027915e+02 -2.932779e+01  1.900000e+01
     vertex -1.027540e+02 -3.169278e+01  1.900000e+01
     vertex -1.027915e+02 -3.177221e+01  1.900000e+01
   endloop
 endfacet
 facet normal  0.000000e+00 -0.000000e+00 -1.000000e+00
   outer loop
     vertex -1.027915e+02 -2.932779e+01  1.900000e+01
     vertex -1.027915e+02 -3.177221e+01  1.900000e+01
     vertex -1.028269e+02 -3.185264e+01  1.900000e+01
   endloop
 endfacet
 facet normal  0.000000e+00  0.000000e+00 -1.000000e+00
   outer loop
     vertex -1.028269e+02 -2.924736e+01  1.900000e+01
     vertex -1.027915e+02 -2.932779e+01  1.900000e+01
     vertex -1.028269e+02 -3.185264e+01  1.900000e+01
   endloop
 endfacet
 facet normal  0.000000e+00 -0.000000e+00 -1.000000e+00
   outer loop
     vertex -9.719738e+01 -3.484458e+01  1.900000e+01
     vertex -7.488000e+01 -7.520000e+01  1.900000e+01
     vertex -9.724629e+01 -3.491757e+01  1.900000e+01
   endloop
 endfacet
 facet normal  0.000000e+00  0.000000e+00 -1.000000e+00
   outer loop
     vertex -1.028600e+02 -2.916598e+01  1.900000e+01
     vertex -1.028269e+02 -2.924736e+01  1.900000e+01
     vertex -1.028269e+02 -3.185264e+01  1.900000e+01
   endloop
 endfacet
 facet normal  0.000000e+00  0.000000e+00 -1.000000e+00
   outer loop
     vertex -1.028600e+02 -2.916598e+01  1.900000e+01
     vertex -1.028269e+02 -3.185264e+01  1.900000e+01
     vertex -1.028600e+02 -3.193402e+01  1.900000e+01
   endloop
 endfacet
 facet normal  0.000000e+00  0.000000e+00 -1.000000e+00
   outer loop
     vertex -1.028909e+02 -2.908373e+01  1.900000e+01
     vertex -1.028600e+02 -2.916598e+01  1.900000e+01
     vertex -1.028600e+02 -3.193402e+01  1.900000e+01
   endloop
 endfacet
 facet normal  0.000000e+00  0.000000e+00 -1.000000e+00
   outer loop
     vertex -1.028909e+02 -2.908373e+01  1.900000e+01
     vertex -1.028600e+02 -3.193402e+01  1.900000e+01
     vertex -1.028909e+02 -3.201627e+01  1.900000e+01
   endloop
 endfacet
 facet normal  0.000000e+00 -0.000000e+00 -1.000000e+00
   outer loop
     vertex -9.715050e+01 -3.477028e+01  1.900000e+01
     vertex -7.488000e+01 -7.520000e+01  1.900000e+01
     vertex -9.719738e+01 -3.484458e+01  1.900000e+01
   endloop
 endfacet
 facet normal  0.000000e+00  0.000000e+00 -1.000000e+00
   outer loop
     vertex -1.029195e+02 -2.900066e+01  1.900000e+01
     vertex -1.028909e+02 -2.908373e+01  1.900000e+01
     vertex -1.028909e+02 -3.201627e+01  1.900000e+01
   endloop
 endfacet
 facet normal  0.000000e+00  0.000000e+00 -1.000000e+00
   outer loop
     vertex -1.029195e+02 -2.900066e+01  1.900000e+01
     vertex -1.028909e+02 -3.201627e+01  1.900000e+01
     vertex -1.029195e+02 -3.209934e+01  1.900000e+01
   endloop
 endfacet
 facet normal  0.000000e+00  0.000000e+00 -1.000000e+00
   outer loop
     vertex -1.029458e+02 -2.891684e+01  1.900000e+01
     vertex -1.029195e+02 -2.900066e+01  1.900000e+01
     vertex -1.029195e+02 -3.209934e+01  1.900000e+01
   endloop
 endfacet
 facet normal  0.000000e+00  0.000000e+00 -1.000000e+00
   outer loop
     vertex -1.029458e+02 -2.891684e+01  1.900000e+01
     vertex -1.029195e+02 -3.209934e+01  1.900000e+01
     vertex -1.029458e+02 -3.218316e+01  1.900000e+01
   endloop
 endfacet
 facet normal  0.000000e+00 -0.000000e+00 -1.000000e+00
   outer loop
     vertex -1.029458e+02 -2.891684e+01  1.900000e+01
     vertex -1.029458e+02 -3.218316e+01  1.900000e+01
     vertex -1.029699e+02 -3.226768e+01  1.900000e+01
   endloop
 endfacet
 facet normal  0.000000e+00  0.000000e+00 -1.000000e+00
   outer loop
     vertex -1.029699e+02 -2.883232e+01  1.900000e+01
     vertex -1.029458e+02 -2.891684e+01  1.900000e+01
     vertex -1.029699e+02 -3.226768e+01  1.900000e+01
   endloop
 endfacet
 facet normal  0.000000e+00 -0.000000e+00 -1.000000e+00
   outer loop
     vertex -1.029699e+02 -2.883232e+01  1.900000e+01
     vertex -1.029699e+02 -3.226768e+01  1.900000e+01
     vertex -1.029915e+02 -3.235282e+01  1.900000e+01
   endloop
 endfacet
 facet normal  0.000000e+00 -0.000000e+00 -1.000000e+00
   outer loop
     vertex -9.710567e+01 -3.469471e+01  1.900000e+01
     vertex -7.488000e+01 -7.520000e+01  1.900000e+01
     vertex -9.715050e+01 -3.477028e+01  1.900000e+01
   endloop
 endfacet
 facet normal  0.000000e+00  0.000000e+00 -1.000000e+00
   outer loop
     vertex -1.029915e+02 -2.874718e+01  1.900000e+01
     vertex -1.029699e+02 -2.883232e+01  1.900000e+01
     vertex -1.029915e+02 -3.235282e+01  1.900000e+01
   endloop
 endfacet
 facet normal  0.000000e+00 -0.000000e+00 -1.000000e+00
   outer loop
     vertex -9.706294e+01 -3.461794e+01  1.900000e+01
     vertex -7.488000e+01 -7.520000e+01  1.900000e+01
     vertex -9.710567e+01 -3.469471e+01  1.900000e+01
   endloop
 endfacet
 facet normal  0.000000e+00  0.000000e+00 -1.000000e+00
   outer loop
     vertex -1.030109e+02 -2.866147e+01  1.900000e+01
     vertex -1.029915e+02 -2.874718e+01  1.900000e+01
     vertex -1.029915e+02 -3.235282e+01  1.900000e+01
   endloop
 endfacet
 facet normal  0.000000e+00  0.000000e+00 -1.000000e+00
   outer loop
     vertex -1.030109e+02 -2.866147e+01  1.900000e+01
     vertex -1.029915e+02 -3.235282e+01  1.900000e+01
     vertex -1.030109e+02 -3.243853e+01  1.900000e+01
   endloop
 endfacet
 facet normal  0.000000e+00 -0.000000e+00 -1.000000e+00
   outer loop
     vertex -1.030109e+02 -2.866147e+01  1.900000e+01
     vertex -1.030109e+02 -3.243853e+01  1.900000e+01
     vertex -1.030279e+02 -3.252473e+01  1.900000e+01
   endloop
 endfacet
 facet normal  0.000000e+00  0.000000e+00 -1.000000e+00
   outer loop
     vertex -1.030279e+02 -2.857527e+01  1.900000e+01
     vertex -1.030109e+02 -2.866147e+01  1.900000e+01
     vertex -1.030279e+02 -3.252473e+01  1.900000e+01
   endloop
 endfacet
 facet normal  0.000000e+00 -0.000000e+00 -1.000000e+00
   outer loop
     vertex -9.702232e+01 -3.454003e+01  1.900000e+01
     vertex -7.488000e+01 -7.520000e+01  1.900000e+01
     vertex -9.706294e+01 -3.461794e+01  1.900000e+01
   endloop
 endfacet
 facet normal  0.000000e+00  0.000000e+00 -1.000000e+00
   outer loop
     vertex -1.030425e+02 -2.848863e+01  1.900000e+01
     vertex -1.030279e+02 -3.252473e+01  1.900000e+01
     vertex -1.030425e+02 -3.261137e+01  1.900000e+01
   endloop
 endfacet
 facet normal  0.000000e+00  0.000000e+00 -1.000000e+00
   outer loop
     vertex -1.030425e+02 -2.848863e+01  1.900000e+01
     vertex -1.030279e+02 -2.857527e+01  1.900000e+01
     vertex -1.030279e+02 -3.252473e+01  1.900000e+01
   endloop
 endfacet
 facet normal  0.000000e+00  0.000000e+00 -1.000000e+00
   outer loop
     vertex -1.030547e+02 -2.840163e+01  1.900000e+01
     vertex -1.030425e+02 -3.261137e+01  1.900000e+01
     vertex -1.030547e+02 -3.269837e+01  1.900000e+01
   endloop
 endfacet
 facet normal  0.000000e+00  0.000000e+00 -1.000000e+00
   outer loop
     vertex -1.030547e+02 -2.840163e+01  1.900000e+01
     vertex -1.030425e+02 -2.848863e+01  1.900000e+01
     vertex -1.030425e+02 -3.261137e+01  1.900000e+01
   endloop
 endfacet
 facet normal  0.000000e+00 -0.000000e+00 -1.000000e+00
   outer loop
     vertex -9.698387e+01 -3.446103e+01  1.900000e+01
     vertex -7.488000e+01 -7.520000e+01  1.900000e+01
     vertex -9.702232e+01 -3.454003e+01  1.900000e+01
   endloop
 endfacet
 facet normal  0.000000e+00  0.000000e+00 -1.000000e+00
   outer loop
     vertex -1.030645e+02 -2.831432e+01  1.900000e+01
     vertex -1.030547e+02 -3.269837e+01  1.900000e+01
     vertex -1.030645e+02 -3.278568e+01  1.900000e+01
   endloop
 endfacet
 facet normal  0.000000e+00  0.000000e+00 -1.000000e+00
   outer loop
     vertex -1.030645e+02 -2.831432e+01  1.900000e+01
     vertex -1.030547e+02 -2.840163e+01  1.900000e+01
     vertex -1.030547e+02 -3.269837e+01  1.900000e+01
   endloop
 endfacet
 facet normal  0.000000e+00 -0.000000e+00 -1.000000e+00
   outer loop
     vertex -9.694759e+01 -3.438101e+01  1.900000e+01
     vertex -7.488000e+01 -7.520000e+01  1.900000e+01
     vertex -9.698387e+01 -3.446103e+01  1.900000e+01
   endloop
 endfacet
 facet normal  0.000000e+00  0.000000e+00 -1.000000e+00
   outer loop
     vertex -1.030720e+02 -2.822677e+01  1.900000e+01
     vertex -1.030645e+02 -3.278568e+01  1.900000e+01
     vertex -1.030720e+02 -3.287323e+01  1.900000e+01
   endloop
 endfacet
 facet normal  0.000000e+00 -0.000000e+00 -1.000000e+00
   outer loop
     vertex -1.030720e+02 -2.822677e+01  1.900000e+01
     vertex -1.030720e+02 -3.287323e+01  1.900000e+01
     vertex -1.030770e+02 -3.296095e+01  1.900000e+01
   endloop
 endfacet
 facet normal  0.000000e+00  0.000000e+00 -1.000000e+00
   outer loop
     vertex -1.030720e+02 -2.822677e+01  1.900000e+01
     vertex -1.030645e+02 -2.831432e+01  1.900000e+01
     vertex -1.030645e+02 -3.278568e+01  1.900000e+01
   endloop
 endfacet
 facet normal  0.000000e+00 -0.000000e+00 -1.000000e+00
   outer loop
     vertex -1.030770e+02 -2.813905e+01  1.900000e+01
     vertex -1.030770e+02 -3.296095e+01  1.900000e+01
     vertex -1.248800e+02 -7.520000e+01  1.900000e+01
   endloop
 endfacet
 facet normal  0.000000e+00  0.000000e+00 -1.000000e+00
   outer loop
     vertex -1.030770e+02 -2.813905e+01  1.900000e+01
     vertex -1.030720e+02 -2.822677e+01  1.900000e+01
     vertex -1.030770e+02 -3.296095e+01  1.900000e+01
   endloop
 endfacet
 facet normal  0.000000e+00 -0.000000e+00 -1.000000e+00
   outer loop
     vertex -9.691353e+01 -3.430002e+01  1.900000e+01
     vertex -7.488000e+01 -7.520000e+01  1.900000e+01
     vertex -9.694759e+01 -3.438101e+01  1.900000e+01
   endloop
 endfacet
 facet normal  0.000000e+00 -0.000000e+00 -1.000000e+00
   outer loop
     vertex -1.030796e+02 -2.805123e+01  1.900000e+01
     vertex -1.030770e+02 -2.813905e+01  1.900000e+01
     vertex -1.248800e+02 -7.520000e+01  1.900000e+01
   endloop
 endfacet
 facet normal  0.000000e+00 -0.000000e+00 -1.000000e+00
   outer loop
     vertex -9.688170e+01 -3.421813e+01  1.900000e+01
     vertex -7.488000e+01 -7.520000e+01  1.900000e+01
     vertex -9.691353e+01 -3.430002e+01  1.900000e+01
   endloop
 endfacet
 facet normal  0.000000e+00 -0.000000e+00 -1.000000e+00
   outer loop
     vertex -1.030798e+02 -2.796337e+01  1.900000e+01
     vertex -1.030796e+02 -2.805123e+01  1.900000e+01
     vertex -1.248800e+02 -7.520000e+01  1.900000e+01
   endloop
 endfacet
 facet normal  0.000000e+00 -0.000000e+00 -1.000000e+00
   outer loop
     vertex -9.685214e+01 -3.413539e+01  1.900000e+01
     vertex -7.488000e+01 -7.520000e+01  1.900000e+01
     vertex -9.688170e+01 -3.421813e+01  1.900000e+01
   endloop
 endfacet
 facet normal  0.000000e+00  0.000000e+00 -1.000000e+00
   outer loop
     vertex -1.030776e+02 -2.787554e+01  1.900000e+01
     vertex -1.030798e+02 -2.796337e+01  1.900000e+01
     vertex -1.248800e+02 -7.520000e+01  1.900000e+01
   endloop
 endfacet
 facet normal  0.000000e+00 -0.000000e+00 -1.000000e+00
   outer loop
     vertex -9.682485e+01 -3.405187e+01  1.900000e+01
     vertex -7.488000e+01 -7.520000e+01  1.900000e+01
     vertex -9.685214e+01 -3.413539e+01  1.900000e+01
   endloop
 endfacet
 facet normal  0.000000e+00  0.000000e+00 -1.000000e+00
   outer loop
     vertex -1.030730e+02 -2.778780e+01  1.900000e+01
     vertex -1.030776e+02 -2.787554e+01  1.900000e+01
     vertex -1.248800e+02 -7.520000e+01  1.900000e+01
   endloop
 endfacet
 facet normal  0.000000e+00 -0.000000e+00 -1.000000e+00
   outer loop
     vertex -9.679987e+01 -3.396764e+01  1.900000e+01
     vertex -7.488000e+01 -7.520000e+01  1.900000e+01
     vertex -9.682485e+01 -3.405187e+01  1.900000e+01
   endloop
 endfacet
 facet normal  0.000000e+00  0.000000e+00 -1.000000e+00
   outer loop
     vertex -1.030659e+02 -2.770022e+01  1.900000e+01
     vertex -1.030730e+02 -2.778780e+01  1.900000e+01
     vertex -1.248800e+02 -7.520000e+01  1.900000e+01
   endloop
 endfacet
 facet normal  0.000000e+00  0.000000e+00 -1.000000e+00
   outer loop
     vertex -1.030565e+02 -2.761286e+01  1.900000e+01
     vertex -1.030659e+02 -2.770022e+01  1.900000e+01
     vertex -1.248800e+02 -7.520000e+01  1.900000e+01
   endloop
 endfacet
 facet normal  0.000000e+00 -0.000000e+00 -1.000000e+00
   outer loop
     vertex -9.677721e+01 -3.388275e+01  1.900000e+01
     vertex -7.488000e+01 -7.520000e+01  1.900000e+01
     vertex -9.679987e+01 -3.396764e+01  1.900000e+01
   endloop
 endfacet
 facet normal  0.000000e+00  0.000000e+00 -1.000000e+00
   outer loop
     vertex -1.030447e+02 -2.752580e+01  1.900000e+01
     vertex -1.030565e+02 -2.761286e+01  1.900000e+01
     vertex -1.248800e+02 -7.520000e+01  1.900000e+01
   endloop
 endfacet
 facet normal  0.000000e+00 -0.000000e+00 -1.000000e+00
   outer loop
     vertex -9.675689e+01 -3.379727e+01  1.900000e+01
     vertex -7.488000e+01 -7.520000e+01  1.900000e+01
     vertex -9.677721e+01 -3.388275e+01  1.900000e+01
   endloop
 endfacet
 facet normal  0.000000e+00 -0.000000e+00 -1.000000e+00
   outer loop
     vertex -9.673892e+01 -3.371127e+01  1.900000e+01
     vertex -7.488000e+01 -7.520000e+01  1.900000e+01
     vertex -9.675689e+01 -3.379727e+01  1.900000e+01
   endloop
 endfacet
 facet normal  0.000000e+00 -0.000000e+00 -1.000000e+00
   outer loop
     vertex -9.672333e+01 -3.362480e+01  1.900000e+01
     vertex -7.488000e+01 -7.520000e+01  1.900000e+01
     vertex -9.673892e+01 -3.371127e+01  1.900000e+01
   endloop
 endfacet
 facet normal  0.000000e+00 -0.000000e+00 -1.000000e+00
   outer loop
     vertex -9.671011e+01 -3.353794e+01  1.900000e+01
     vertex -7.488000e+01 -7.520000e+01  1.900000e+01
     vertex -9.672333e+01 -3.362480e+01  1.900000e+01
   endloop
 endfacet
 facet normal  0.000000e+00 -0.000000e+00 -1.000000e+00
   outer loop
     vertex -9.669928e+01 -3.345075e+01  1.900000e+01
     vertex -7.488000e+01 -7.520000e+01  1.900000e+01
     vertex -9.671011e+01 -3.353794e+01  1.900000e+01
   endloop
 endfacet
 facet normal  0.000000e+00 -0.000000e+00 -1.000000e+00
   outer loop
     vertex -9.669085e+01 -3.336329e+01  1.900000e+01
     vertex -7.488000e+01 -7.520000e+01  1.900000e+01
     vertex -9.669928e+01 -3.345075e+01  1.900000e+01
   endloop
 endfacet
 facet normal  0.000000e+00 -0.000000e+00 -1.000000e+00
   outer loop
     vertex -9.668482e+01 -3.327564e+01  1.900000e+01
     vertex -7.488000e+01 -7.520000e+01  1.900000e+01
     vertex -9.669085e+01 -3.336329e+01  1.900000e+01
   endloop
 endfacet
 facet normal  0.000000e+00 -0.000000e+00 -1.000000e+00
   outer loop
     vertex -9.668121e+01 -3.318785e+01  1.900000e+01
     vertex -7.488000e+01 -7.520000e+01  1.900000e+01
     vertex -9.668482e+01 -3.327564e+01  1.900000e+01
   endloop
 endfacet
 facet normal  0.000000e+00 -0.000000e+00 -1.000000e+00
   outer loop
     vertex -9.668000e+01 -3.310000e+01  1.900000e+01
     vertex -7.488000e+01 -7.520000e+01  1.900000e+01
     vertex -9.668121e+01 -3.318785e+01  1.900000e+01
   endloop
 endfacet
 facet normal  0.000000e+00  0.000000e+00 -1.000000e+00
   outer loop
     vertex -9.668118e+01 -3.301322e+01  1.900000e+01
     vertex -7.488000e+01 -7.520000e+01  1.900000e+01
     vertex -9.668000e+01 -3.310000e+01  1.900000e+01
   endloop
 endfacet
 facet normal  0.000000e+00  0.000000e+00 -1.000000e+00
   outer loop
     vertex -9.668471e+01 -3.292651e+01  1.900000e+01
     vertex -7.488000e+01 -7.520000e+01  1.900000e+01
     vertex -9.668118e+01 -3.301322e+01  1.900000e+01
   endloop
 endfacet
 facet normal  0.000000e+00 -0.000000e+00 -1.000000e+00
   outer loop
     vertex -9.787830e+01 -3.049664e+01  1.900000e+01
     vertex -9.781133e+01 -3.065856e+01  1.900000e+01
     vertex -9.787830e+01 -3.060336e+01  1.900000e+01
   endloop
 endfacet
 facet normal  0.000000e+00  0.000000e+00 -1.000000e+00
   outer loop
     vertex -9.787830e+01 -3.049664e+01  1.900000e+01
     vertex -9.787830e+01 -3.060336e+01  1.900000e+01
     vertex -9.794674e+01 -3.055000e+01  1.900000e+01
   endloop
 endfacet
 facet normal  0.000000e+00  0.000000e+00 -1.000000e+00
   outer loop
     vertex -9.781133e+01 -3.044144e+01  1.900000e+01
     vertex -9.781133e+01 -3.065856e+01  1.900000e+01
     vertex -9.787830e+01 -3.049664e+01  1.900000e+01
   endloop
 endfacet
 facet normal  0.000000e+00  0.000000e+00 -1.000000e+00
   outer loop
     vertex -9.774589e+01 -3.038444e+01  1.900000e+01
     vertex -9.781133e+01 -3.065856e+01  1.900000e+01
     vertex -9.781133e+01 -3.044144e+01  1.900000e+01
   endloop
 endfacet
 facet normal  0.000000e+00  0.000000e+00 -1.000000e+00
   outer loop
     vertex -9.774589e+01 -3.038444e+01  1.900000e+01
     vertex -9.774589e+01 -3.071556e+01  1.900000e+01
     vertex -9.781133e+01 -3.065856e+01  1.900000e+01
   endloop
 endfacet
 facet normal  0.000000e+00  0.000000e+00 -1.000000e+00
   outer loop
     vertex -9.768201e+01 -3.032570e+01  1.900000e+01
     vertex -9.774589e+01 -3.071556e+01  1.900000e+01
     vertex -9.774589e+01 -3.038444e+01  1.900000e+01
   endloop
 endfacet
 facet normal  0.000000e+00  0.000000e+00 -1.000000e+00
   outer loop
     vertex -9.768201e+01 -3.032570e+01  1.900000e+01
     vertex -9.768201e+01 -3.077430e+01  1.900000e+01
     vertex -9.774589e+01 -3.071556e+01  1.900000e+01
   endloop
 endfacet
 facet normal  0.000000e+00 -0.000000e+00 -1.000000e+00
   outer loop
     vertex -9.761976e+01 -3.026524e+01  1.900000e+01
     vertex -9.755916e+01 -3.089689e+01  1.900000e+01
     vertex -9.761976e+01 -3.083476e+01  1.900000e+01
   endloop
 endfacet
 facet normal  0.000000e+00  0.000000e+00 -1.000000e+00
   outer loop
     vertex -9.761976e+01 -3.026524e+01  1.900000e+01
     vertex -9.761976e+01 -3.083476e+01  1.900000e+01
     vertex -9.768201e+01 -3.077430e+01  1.900000e+01
   endloop
 endfacet
 facet normal  0.000000e+00  0.000000e+00 -1.000000e+00
   outer loop
     vertex -9.761976e+01 -3.026524e+01  1.900000e+01
     vertex -9.768201e+01 -3.077430e+01  1.900000e+01
     vertex -9.768201e+01 -3.032570e+01  1.900000e+01
   endloop
 endfacet
 facet normal  0.000000e+00  0.000000e+00 -1.000000e+00
   outer loop
     vertex -9.755916e+01 -3.020311e+01  1.900000e+01
     vertex -9.755916e+01 -3.089689e+01  1.900000e+01
     vertex -9.761976e+01 -3.026524e+01  1.900000e+01
   endloop
 endfacet
 facet normal  0.000000e+00  0.000000e+00 -1.000000e+00
   outer loop
     vertex -9.750027e+01 -3.013937e+01  1.900000e+01
     vertex -9.750027e+01 -3.096063e+01  1.900000e+01
     vertex -9.755916e+01 -3.089689e+01  1.900000e+01
   endloop
 endfacet
 facet normal  0.000000e+00  0.000000e+00 -1.000000e+00
   outer loop
     vertex -9.750027e+01 -3.013937e+01  1.900000e+01
     vertex -9.755916e+01 -3.089689e+01  1.900000e+01
     vertex -9.755916e+01 -3.020311e+01  1.900000e+01
   endloop
 endfacet
 facet normal  0.000000e+00  0.000000e+00 -1.000000e+00
   outer loop
     vertex -9.744313e+01 -3.007405e+01  1.900000e+01
     vertex -9.750027e+01 -3.096063e+01  1.900000e+01
     vertex -9.750027e+01 -3.013937e+01  1.900000e+01
   endloop
 endfacet
 facet normal  0.000000e+00 -0.000000e+00 -1.000000e+00
   outer loop
     vertex -9.744313e+01 -3.007405e+01  1.900000e+01
     vertex -9.738778e+01 -3.109280e+01  1.900000e+01
     vertex -9.744313e+01 -3.102595e+01  1.900000e+01
   endloop
 endfacet
 facet normal  0.000000e+00  0.000000e+00 -1.000000e+00
   outer loop
     vertex -9.744313e+01 -3.007405e+01  1.900000e+01
     vertex -9.744313e+01 -3.102595e+01  1.900000e+01
     vertex -9.750027e+01 -3.096063e+01  1.900000e+01
   endloop
 endfacet
 facet normal  0.000000e+00  0.000000e+00 -1.000000e+00
   outer loop
     vertex -9.738778e+01 -3.000720e+01  1.900000e+01
     vertex -9.738778e+01 -3.109280e+01  1.900000e+01
     vertex -9.744313e+01 -3.007405e+01  1.900000e+01
   endloop
 endfacet
 facet normal  0.000000e+00  0.000000e+00 -1.000000e+00
   outer loop
     vertex -9.733427e+01 -2.993888e+01  1.900000e+01
     vertex -9.733427e+01 -3.116112e+01  1.900000e+01
     vertex -9.738778e+01 -3.109280e+01  1.900000e+01
   endloop
 endfacet
 facet normal  0.000000e+00  0.000000e+00 -1.000000e+00
   outer loop
     vertex -9.733427e+01 -2.993888e+01  1.900000e+01
     vertex -9.738778e+01 -3.109280e+01  1.900000e+01
     vertex -9.738778e+01 -3.000720e+01  1.900000e+01
   endloop
 endfacet
 facet normal  0.000000e+00  0.000000e+00 -1.000000e+00
   outer loop
     vertex -9.728263e+01 -2.986914e+01  1.900000e+01
     vertex -9.728263e+01 -3.123086e+01  1.900000e+01
     vertex -9.733427e+01 -3.116112e+01  1.900000e+01
   endloop
 endfacet
 facet normal  0.000000e+00  0.000000e+00 -1.000000e+00
   outer loop
     vertex -9.728263e+01 -2.986914e+01  1.900000e+01
     vertex -9.733427e+01 -3.116112e+01  1.900000e+01
     vertex -9.733427e+01 -2.993888e+01  1.900000e+01
   endloop
 endfacet
 facet normal  0.000000e+00 -0.000000e+00 -1.000000e+00
   outer loop
     vertex -9.723290e+01 -2.979801e+01  1.900000e+01
     vertex -9.718511e+01 -3.137443e+01  1.900000e+01
     vertex -9.723290e+01 -3.130199e+01  1.900000e+01
   endloop
 endfacet
 facet normal  0.000000e+00  0.000000e+00 -1.000000e+00
   outer loop
     vertex -9.723290e+01 -2.979801e+01  1.900000e+01
     vertex -9.723290e+01 -3.130199e+01  1.900000e+01
     vertex -9.728263e+01 -3.123086e+01  1.900000e+01
   endloop
 endfacet
 facet normal  0.000000e+00  0.000000e+00 -1.000000e+00
   outer loop
     vertex -9.723290e+01 -2.979801e+01  1.900000e+01
     vertex -9.728263e+01 -3.123086e+01  1.900000e+01
     vertex -9.728263e+01 -2.986914e+01  1.900000e+01
   endloop
 endfacet
 facet normal  0.000000e+00  0.000000e+00 -1.000000e+00
   outer loop
     vertex -9.718511e+01 -2.972557e+01  1.900000e+01
     vertex -9.718511e+01 -3.137443e+01  1.900000e+01
     vertex -9.723290e+01 -2.979801e+01  1.900000e+01
   endloop
 endfacet
 facet normal  0.000000e+00  0.000000e+00 -1.000000e+00
   outer loop
     vertex -9.713931e+01 -2.965186e+01  1.900000e+01
     vertex -9.713931e+01 -3.144814e+01  1.900000e+01
     vertex -9.718511e+01 -3.137443e+01  1.900000e+01
   endloop
 endfacet
 facet normal  0.000000e+00  0.000000e+00 -1.000000e+00
   outer loop
     vertex -9.713931e+01 -2.965186e+01  1.900000e+01
     vertex -9.718511e+01 -3.137443e+01  1.900000e+01
     vertex -9.718511e+01 -2.972557e+01  1.900000e+01
   endloop
 endfacet
 facet normal  0.000000e+00  0.000000e+00 -1.000000e+00
   outer loop
     vertex -9.709553e+01 -2.957693e+01  1.900000e+01
     vertex -9.709553e+01 -3.152307e+01  1.900000e+01
     vertex -9.713931e+01 -3.144814e+01  1.900000e+01
   endloop
 endfacet
 facet normal  0.000000e+00  0.000000e+00 -1.000000e+00
   outer loop
     vertex -9.709553e+01 -2.957693e+01  1.900000e+01
     vertex -9.713931e+01 -3.144814e+01  1.900000e+01
     vertex -9.713931e+01 -2.965186e+01  1.900000e+01
   endloop
 endfacet
 facet normal  0.000000e+00 -0.000000e+00 -1.000000e+00
   outer loop
     vertex -9.705379e+01 -2.950084e+01  1.900000e+01
     vertex -9.701413e+01 -3.167635e+01  1.900000e+01
     vertex -9.705379e+01 -3.159916e+01  1.900000e+01
   endloop
 endfacet
 facet normal  0.000000e+00  0.000000e+00 -1.000000e+00
   outer loop
     vertex -9.705379e+01 -2.950084e+01  1.900000e+01
     vertex -9.705379e+01 -3.159916e+01  1.900000e+01
     vertex -9.709553e+01 -3.152307e+01  1.900000e+01
   endloop
 endfacet
 facet normal  0.000000e+00  0.000000e+00 -1.000000e+00
   outer loop
     vertex -9.705379e+01 -2.950084e+01  1.900000e+01
     vertex -9.709553e+01 -3.152307e+01  1.900000e+01
     vertex -9.709553e+01 -2.957693e+01  1.900000e+01
   endloop
 endfacet
 facet normal  0.000000e+00  0.000000e+00 -1.000000e+00
   outer loop
     vertex -9.701413e+01 -2.942365e+01  1.900000e+01
     vertex -9.701413e+01 -3.167635e+01  1.900000e+01
     vertex -9.705379e+01 -2.950084e+01  1.900000e+01
   endloop
 endfacet
 facet normal  0.000000e+00 -0.000000e+00 -1.000000e+00
   outer loop
     vertex -9.697658e+01 -2.934541e+01  1.900000e+01
     vertex -9.694116e+01 -3.183382e+01  1.900000e+01
     vertex -9.697658e+01 -3.175459e+01  1.900000e+01
   endloop
 endfacet
 facet normal  0.000000e+00  0.000000e+00 -1.000000e+00
   outer loop
     vertex -9.697658e+01 -2.934541e+01  1.900000e+01
     vertex -9.697658e+01 -3.175459e+01  1.900000e+01
     vertex -9.701413e+01 -3.167635e+01  1.900000e+01
   endloop
 endfacet
 facet normal  0.000000e+00  0.000000e+00 -1.000000e+00
   outer loop
     vertex -9.697658e+01 -2.934541e+01  1.900000e+01
     vertex -9.701413e+01 -3.167635e+01  1.900000e+01
     vertex -9.701413e+01 -2.942365e+01  1.900000e+01
   endloop
 endfacet
 facet normal  0.000000e+00  0.000000e+00 -1.000000e+00
   outer loop
     vertex -9.694116e+01 -2.926618e+01  1.900000e+01
     vertex -9.694116e+01 -3.183382e+01  1.900000e+01
     vertex -9.697658e+01 -2.934541e+01  1.900000e+01
   endloop
 endfacet
 facet normal  0.000000e+00  0.000000e+00 -1.000000e+00
   outer loop
     vertex -9.690791e+01 -2.918602e+01  1.900000e+01
     vertex -9.690791e+01 -3.191398e+01  1.900000e+01
     vertex -9.694116e+01 -3.183382e+01  1.900000e+01
   endloop
 endfacet
 facet normal  0.000000e+00  0.000000e+00 -1.000000e+00
   outer loop
     vertex -9.690791e+01 -2.918602e+01  1.900000e+01
     vertex -9.694116e+01 -3.183382e+01  1.900000e+01
     vertex -9.694116e+01 -2.926618e+01  1.900000e+01
   endloop
 endfacet
 facet normal  0.000000e+00 -0.000000e+00 -1.000000e+00
   outer loop
     vertex -9.687684e+01 -2.910499e+01  1.900000e+01
     vertex -9.687684e+01 -3.199501e+01  1.900000e+01
     vertex -9.690791e+01 -3.191398e+01  1.900000e+01
   endloop
 endfacet
 facet normal  0.000000e+00  0.000000e+00 -1.000000e+00
   outer loop
     vertex -9.687684e+01 -2.910499e+01  1.900000e+01
     vertex -9.690791e+01 -3.191398e+01  1.900000e+01
     vertex -9.690791e+01 -2.918602e+01  1.900000e+01
   endloop
 endfacet
 facet normal  0.000000e+00  0.000000e+00 -1.000000e+00
   outer loop
     vertex -9.684798e+01 -2.902315e+01  1.900000e+01
     vertex -9.684798e+01 -3.207685e+01  1.900000e+01
     vertex -9.687684e+01 -3.199501e+01  1.900000e+01
   endloop
 endfacet
 facet normal  0.000000e+00  0.000000e+00 -1.000000e+00
   outer loop
     vertex -9.684798e+01 -2.902315e+01  1.900000e+01
     vertex -9.687684e+01 -3.199501e+01  1.900000e+01
     vertex -9.687684e+01 -2.910499e+01  1.900000e+01
   endloop
 endfacet
 facet normal  0.000000e+00  0.000000e+00 -1.000000e+00
   outer loop
     vertex -9.682135e+01 -2.894055e+01  1.900000e+01
     vertex -9.684798e+01 -3.207685e+01  1.900000e+01
     vertex -9.684798e+01 -2.902315e+01  1.900000e+01
   endloop
 endfacet
 facet normal  0.000000e+00  0.000000e+00 -1.000000e+00
   outer loop
     vertex -9.682135e+01 -2.894055e+01  1.900000e+01
     vertex -9.679697e+01 -3.224274e+01  1.900000e+01
     vertex -9.682135e+01 -3.215945e+01  1.900000e+01
   endloop
 endfacet
 facet normal  0.000000e+00 -0.000000e+00 -1.000000e+00
   outer loop
     vertex -9.682135e+01 -2.894055e+01  1.900000e+01
     vertex -9.682135e+01 -3.215945e+01  1.900000e+01
     vertex -9.684798e+01 -3.207685e+01  1.900000e+01
   endloop
 endfacet
 facet normal  0.000000e+00  0.000000e+00 -1.000000e+00
   outer loop
     vertex -9.679697e+01 -2.885726e+01  1.900000e+01
     vertex -9.677485e+01 -3.232666e+01  1.900000e+01
     vertex -9.679697e+01 -3.224274e+01  1.900000e+01
   endloop
 endfacet
 facet normal  0.000000e+00 -0.000000e+00 -1.000000e+00
   outer loop
     vertex -9.679697e+01 -2.885726e+01  1.900000e+01
     vertex -9.679697e+01 -3.224274e+01  1.900000e+01
     vertex -9.682135e+01 -2.894055e+01  1.900000e+01
   endloop
 endfacet
 facet normal  0.000000e+00  0.000000e+00 -1.000000e+00
   outer loop
     vertex -9.677485e+01 -2.877334e+01  1.900000e+01
     vertex -9.677485e+01 -3.232666e+01  1.900000e+01
     vertex -9.679697e+01 -2.885726e+01  1.900000e+01
   endloop
 endfacet
 facet normal  0.000000e+00 -0.000000e+00 -1.000000e+00
   outer loop
     vertex -9.675502e+01 -2.868886e+01  1.900000e+01
     vertex -9.675502e+01 -3.241114e+01  1.900000e+01
     vertex -9.677485e+01 -3.232666e+01  1.900000e+01
   endloop
 endfacet
 facet normal  0.000000e+00  0.000000e+00 -1.000000e+00
   outer loop
     vertex -9.675502e+01 -2.868886e+01  1.900000e+01
     vertex -9.677485e+01 -3.232666e+01  1.900000e+01
     vertex -9.677485e+01 -2.877334e+01  1.900000e+01
   endloop
 endfacet
 facet normal  0.000000e+00 -0.000000e+00 -1.000000e+00
   outer loop
     vertex -9.673749e+01 -2.860386e+01  1.900000e+01
     vertex -9.673749e+01 -3.249614e+01  1.900000e+01
     vertex -9.675502e+01 -3.241114e+01  1.900000e+01
   endloop
 endfacet
 facet normal  0.000000e+00  0.000000e+00 -1.000000e+00
   outer loop
     vertex -9.673749e+01 -2.860386e+01  1.900000e+01
     vertex -9.675502e+01 -3.241114e+01  1.900000e+01
     vertex -9.675502e+01 -2.868886e+01  1.900000e+01
   endloop
 endfacet
 facet normal  0.000000e+00  0.000000e+00 -1.000000e+00
   outer loop
     vertex -9.672227e+01 -2.851842e+01  1.900000e+01
     vertex -9.672227e+01 -3.258158e+01  1.900000e+01
     vertex -9.673749e+01 -3.249614e+01  1.900000e+01
   endloop
 endfacet
 facet normal  0.000000e+00  0.000000e+00 -1.000000e+00
   outer loop
     vertex -9.672227e+01 -2.851842e+01  1.900000e+01
     vertex -9.673749e+01 -3.249614e+01  1.900000e+01
     vertex -9.673749e+01 -2.860386e+01  1.900000e+01
   endloop
 endfacet
 facet normal  0.000000e+00  0.000000e+00 -1.000000e+00
   outer loop
     vertex -9.670938e+01 -2.843260e+01  1.900000e+01
     vertex -9.669881e+01 -3.275354e+01  1.900000e+01
     vertex -9.670938e+01 -3.266740e+01  1.900000e+01
   endloop
 endfacet
 facet normal  0.000000e+00 -0.000000e+00 -1.000000e+00
   outer loop
     vertex -9.670938e+01 -2.843260e+01  1.900000e+01
     vertex -9.670938e+01 -3.266740e+01  1.900000e+01
     vertex -9.672227e+01 -3.258158e+01  1.900000e+01
   endloop
 endfacet
 facet normal  0.000000e+00  0.000000e+00 -1.000000e+00
   outer loop
     vertex -9.670938e+01 -2.843260e+01  1.900000e+01
     vertex -9.672227e+01 -3.258158e+01  1.900000e+01
     vertex -9.672227e+01 -2.851842e+01  1.900000e+01
   endloop
 endfacet
 facet normal  0.000000e+00  0.000000e+00 -1.000000e+00
   outer loop
     vertex -9.669881e+01 -2.834646e+01  1.900000e+01
     vertex -9.669059e+01 -3.283993e+01  1.900000e+01
     vertex -9.669881e+01 -3.275354e+01  1.900000e+01
   endloop
 endfacet
 facet normal  0.000000e+00 -0.000000e+00 -1.000000e+00
   outer loop
     vertex -9.669881e+01 -2.834646e+01  1.900000e+01
     vertex -9.669881e+01 -3.275354e+01  1.900000e+01
     vertex -9.670938e+01 -2.843260e+01  1.900000e+01
   endloop
 endfacet
 facet normal  0.000000e+00 -0.000000e+00 -1.000000e+00
   outer loop
     vertex -9.669059e+01 -2.826007e+01  1.900000e+01
     vertex -9.669059e+01 -3.283993e+01  1.900000e+01
     vertex -9.669881e+01 -2.834646e+01  1.900000e+01
   endloop
 endfacet
 facet normal  0.000000e+00 -0.000000e+00 -1.000000e+00
   outer loop
     vertex -9.668471e+01 -2.817349e+01  1.900000e+01
     vertex -9.668471e+01 -3.292651e+01  1.900000e+01
     vertex -9.669059e+01 -3.283993e+01  1.900000e+01
   endloop
 endfacet
 facet normal  0.000000e+00  0.000000e+00 -1.000000e+00
   outer loop
     vertex -9.668471e+01 -2.817349e+01  1.900000e+01
     vertex -7.488000e+01 -7.520000e+01  1.900000e+01
     vertex -9.668471e+01 -3.292651e+01  1.900000e+01
   endloop
 endfacet
 facet normal  0.000000e+00  0.000000e+00 -1.000000e+00
   outer loop
     vertex -9.668471e+01 -2.817349e+01  1.900000e+01
     vertex -9.669059e+01 -3.283993e+01  1.900000e+01
     vertex -9.669059e+01 -2.826007e+01  1.900000e+01
   endloop
 endfacet
 facet normal  0.000000e+00 -0.000000e+00 -1.000000e+00
   outer loop
     vertex -9.668118e+01 -2.808678e+01  1.900000e+01
     vertex -7.488000e+01 -7.520000e+01  1.900000e+01
     vertex -9.668471e+01 -2.817349e+01  1.900000e+01
   endloop
 endfacet
 facet normal  0.000000e+00 -0.000000e+00 -1.000000e+00
   outer loop
     vertex -9.668000e+01 -2.800000e+01  1.900000e+01
     vertex -7.488000e+01 -7.520000e+01  1.900000e+01
     vertex -9.668118e+01 -2.808678e+01  1.900000e+01
   endloop
 endfacet
 facet normal  0.000000e+00  0.000000e+00 -1.000000e+00
   outer loop
     vertex -9.668121e+01 -2.791215e+01  1.900000e+01
     vertex -7.488000e+01 -7.520000e+01  1.900000e+01
     vertex -9.668000e+01 -2.800000e+01  1.900000e+01
   endloop
 endfacet
 facet normal  0.000000e+00  0.000000e+00 -1.000000e+00
   outer loop
     vertex -9.668482e+01 -2.782436e+01  1.900000e+01
     vertex -7.488000e+01 -7.520000e+01  1.900000e+01
     vertex -9.668121e+01 -2.791215e+01  1.900000e+01
   endloop
 endfacet
 facet normal  0.000000e+00  0.000000e+00 -1.000000e+00
   outer loop
     vertex -9.669085e+01 -2.773671e+01  1.900000e+01
     vertex -7.488000e+01 -7.520000e+01  1.900000e+01
     vertex -9.668482e+01 -2.782436e+01  1.900000e+01
   endloop
 endfacet
 facet normal  0.000000e+00  0.000000e+00 -1.000000e+00
   outer loop
     vertex -9.669928e+01 -2.764925e+01  1.900000e+01
     vertex -7.488000e+01 -7.520000e+01  1.900000e+01
     vertex -9.669085e+01 -2.773671e+01  1.900000e+01
   endloop
 endfacet
 facet normal  0.000000e+00  0.000000e+00 -1.000000e+00
   outer loop
     vertex -9.671011e+01 -2.756206e+01  1.900000e+01
     vertex -7.488000e+01 -7.520000e+01  1.900000e+01
     vertex -9.669928e+01 -2.764925e+01  1.900000e+01
   endloop
 endfacet
 facet normal  0.000000e+00 -0.000000e+00 -1.000000e+00
   outer loop
     vertex -1.021505e+02 -2.254968e+00  1.900000e+01
     vertex -1.020917e+02 -2.568733e+01  1.900000e+01
     vertex -1.021543e+02 -2.574893e+01  1.900000e+01
   endloop
 endfacet
 facet normal -0.000000e+00  0.000000e+00 -1.000000e+00
   outer loop
     vertex -1.020878e+02 -2.316408e+00  1.900000e+01
     vertex -1.020917e+02 -2.568733e+01  1.900000e+01
     vertex -1.021505e+02 -2.254968e+00  1.900000e+01
   endloop
 endfacet
 facet normal  0.000000e+00 -0.000000e+00 -1.000000e+00
   outer loop
     vertex -1.020878e+02 -2.316408e+00  1.900000e+01
     vertex -1.020274e+02 -2.562749e+01  1.900000e+01
     vertex -1.020917e+02 -2.568733e+01  1.900000e+01
   endloop
 endfacet
 facet normal  0.000000e+00  0.000000e+00 -1.000000e+00
   outer loop
     vertex -1.022115e+02 -2.191830e+00  1.900000e+01
     vertex -1.021505e+02 -2.254968e+00  1.900000e+01
     vertex -1.021543e+02 -2.574893e+01  1.900000e+01
   endloop
 endfacet
 facet normal  0.000000e+00 -0.000000e+00 -1.000000e+00
   outer loop
     vertex -1.022115e+02 -2.191830e+00  1.900000e+01
     vertex -1.021543e+02 -2.574893e+01  1.900000e+01
     vertex -1.022153e+02 -2.581221e+01  1.900000e+01
   endloop
 endfacet
 facet normal -0.000000e+00  0.000000e+00 -1.000000e+00
   outer loop
     vertex -1.020234e+02 -2.376104e+00  1.900000e+01
     vertex -1.020274e+02 -2.562749e+01  1.900000e+01
     vertex -1.020878e+02 -2.316408e+00  1.900000e+01
   endloop
 endfacet
 facet normal  0.000000e+00 -0.000000e+00 -1.000000e+00
   outer loop
     vertex -1.020234e+02 -2.376104e+00  1.900000e+01
     vertex -1.019614e+02 -2.556943e+01  1.900000e+01
     vertex -1.020274e+02 -2.562749e+01  1.900000e+01
   endloop
 endfacet
 facet normal  0.000000e+00  0.000000e+00 -1.000000e+00
   outer loop
     vertex -1.022708e+02 -2.127043e+00  1.900000e+01
     vertex -1.022115e+02 -2.191830e+00  1.900000e+01
     vertex -1.022153e+02 -2.581221e+01  1.900000e+01
   endloop
 endfacet
 facet normal  0.000000e+00 -0.000000e+00 -1.000000e+00
   outer loop
     vertex -1.022708e+02 -2.127043e+00  1.900000e+01
     vertex -1.022153e+02 -2.581221e+01  1.900000e+01
     vertex -1.022745e+02 -2.587715e+01  1.900000e+01
   endloop
 endfacet
 facet normal -0.000000e+00  0.000000e+00 -1.000000e+00
   outer loop
     vertex -1.019574e+02 -2.434012e+00  1.900000e+01
     vertex -1.019614e+02 -2.556943e+01  1.900000e+01
     vertex -1.020234e+02 -2.376104e+00  1.900000e+01
   endloop
 endfacet
 facet normal  0.000000e+00 -0.000000e+00 -1.000000e+00
   outer loop
     vertex -1.019574e+02 -2.434012e+00  1.900000e+01
     vertex -1.018939e+02 -2.551320e+01  1.900000e+01
     vertex -1.019614e+02 -2.556943e+01  1.900000e+01
   endloop
 endfacet
 facet normal  0.000000e+00  0.000000e+00 -1.000000e+00
   outer loop
     vertex -1.023282e+02 -2.060655e+00  1.900000e+01
     vertex -1.022708e+02 -2.127043e+00  1.900000e+01
     vertex -1.022745e+02 -2.587715e+01  1.900000e+01
   endloop
 endfacet
 facet normal  0.000000e+00 -0.000000e+00 -1.000000e+00
   outer loop
     vertex -1.023282e+02 -2.060655e+00  1.900000e+01
     vertex -1.022745e+02 -2.587715e+01  1.900000e+01
     vertex -1.023319e+02 -2.594369e+01  1.900000e+01
   endloop
 endfacet
 facet normal -0.000000e+00  0.000000e+00 -1.000000e+00
   outer loop
     vertex -1.018898e+02 -2.490087e+00  1.900000e+01
     vertex -1.018939e+02 -2.551320e+01  1.900000e+01
     vertex -1.019574e+02 -2.434012e+00  1.900000e+01
   endloop
 endfacet
 facet normal  0.000000e+00 -0.000000e+00 -1.000000e+00
   outer loop
     vertex -1.018898e+02 -2.490087e+00  1.900000e+01
     vertex -1.018249e+02 -2.545885e+01  1.900000e+01
     vertex -1.018939e+02 -2.551320e+01  1.900000e+01
   endloop
 endfacet
 facet normal  0.000000e+00 -0.000000e+00 -1.000000e+00
   outer loop
     vertex -1.023838e+02 -1.992715e+00  1.900000e+01
     vertex -1.023319e+02 -2.594369e+01  1.900000e+01
     vertex -1.023874e+02 -2.601178e+01  1.900000e+01
   endloop
 endfacet
 facet normal  0.000000e+00  0.000000e+00 -1.000000e+00
   outer loop
     vertex -1.023838e+02 -1.992715e+00  1.900000e+01
     vertex -1.023282e+02 -2.060655e+00  1.900000e+01
     vertex -1.023319e+02 -2.594369e+01  1.900000e+01
   endloop
 endfacet
 facet normal  0.000000e+00 -0.000000e+00 -1.000000e+00
   outer loop
     vertex -1.018208e+02 -2.544288e+00  1.900000e+01
     vertex -1.017544e+02 -2.540641e+01  1.900000e+01
     vertex -1.018249e+02 -2.545885e+01  1.900000e+01
   endloop
 endfacet
 facet normal -0.000000e+00  0.000000e+00 -1.000000e+00
   outer loop
     vertex -1.018208e+02 -2.544288e+00  1.900000e+01
     vertex -1.018249e+02 -2.545885e+01  1.900000e+01
     vertex -1.018898e+02 -2.490087e+00  1.900000e+01
   endloop
 endfacet
 facet normal  0.000000e+00 -0.000000e+00 -1.000000e+00
   outer loop
     vertex -1.024375e+02 -1.923275e+00  1.900000e+01
     vertex -1.023874e+02 -2.601178e+01  1.900000e+01
     vertex -1.024410e+02 -2.608137e+01  1.900000e+01
   endloop
 endfacet
 facet normal  0.000000e+00  0.000000e+00 -1.000000e+00
   outer loop
     vertex -1.024375e+02 -1.923275e+00  1.900000e+01
     vertex -1.023838e+02 -1.992715e+00  1.900000e+01
     vertex -1.023874e+02 -2.601178e+01  1.900000e+01
   endloop
 endfacet
 facet normal  0.000000e+00 -0.000000e+00 -1.000000e+00
   outer loop
     vertex -1.017502e+02 -2.596574e+00  1.900000e+01
     vertex -1.016825e+02 -2.535593e+01  1.900000e+01
     vertex -1.017544e+02 -2.540641e+01  1.900000e+01
   endloop
 endfacet
 facet normal -0.000000e+00  0.000000e+00 -1.000000e+00
   outer loop
     vertex -1.017502e+02 -2.596574e+00  1.900000e+01
     vertex -1.017544e+02 -2.540641e+01  1.900000e+01
     vertex -1.018208e+02 -2.544288e+00  1.900000e+01
   endloop
 endfacet
 facet normal  0.000000e+00  0.000000e+00 -1.000000e+00
   outer loop
     vertex -1.024893e+02 -1.852387e+00  1.900000e+01
     vertex -1.024375e+02 -1.923275e+00  1.900000e+01
     vertex -1.024410e+02 -2.608137e+01  1.900000e+01
   endloop
 endfacet
 facet normal  0.000000e+00 -0.000000e+00 -1.000000e+00
   outer loop
     vertex -1.024893e+02 -1.852387e+00  1.900000e+01
     vertex -1.024410e+02 -2.608137e+01  1.900000e+01
     vertex -1.024927e+02 -2.615240e+01  1.900000e+01
   endloop
 endfacet
 facet normal  0.000000e+00 -0.000000e+00 -1.000000e+00
   outer loop
     vertex -1.016783e+02 -2.646905e+00  1.900000e+01
     vertex -1.016092e+02 -2.530744e+01  1.900000e+01
     vertex -1.016825e+02 -2.535593e+01  1.900000e+01
   endloop
 endfacet
 facet normal -0.000000e+00  0.000000e+00 -1.000000e+00
   outer loop
     vertex -1.016783e+02 -2.646905e+00  1.900000e+01
     vertex -1.016825e+02 -2.535593e+01  1.900000e+01
     vertex -1.017502e+02 -2.596574e+00  1.900000e+01
   endloop
 endfacet
 facet normal  0.000000e+00  0.000000e+00 -1.000000e+00
   outer loop
     vertex -1.025392e+02 -1.780105e+00  1.900000e+01
     vertex -1.024893e+02 -1.852387e+00  1.900000e+01
     vertex -1.024927e+02 -2.615240e+01  1.900000e+01
   endloop
 endfacet
 facet normal  0.000000e+00 -0.000000e+00 -1.000000e+00
   outer loop
     vertex -1.025392e+02 -1.780105e+00  1.900000e+01
     vertex -1.024927e+02 -2.615240e+01  1.900000e+01
     vertex -1.025425e+02 -2.622483e+01  1.900000e+01
   endloop
 endfacet
 facet normal -0.000000e+00  0.000000e+00 -1.000000e+00
   outer loop
     vertex -1.016050e+02 -2.695243e+00  1.900000e+01
     vertex -1.016092e+02 -2.530744e+01  1.900000e+01
     vertex -1.016783e+02 -2.646905e+00  1.900000e+01
   endloop
 endfacet
 facet normal  0.000000e+00 -0.000000e+00 -1.000000e+00
   outer loop
     vertex -1.016050e+02 -2.695243e+00  1.900000e+01
     vertex -1.015346e+02 -2.526098e+01  1.900000e+01
     vertex -1.016092e+02 -2.530744e+01  1.900000e+01
   endloop
 endfacet
 facet normal  0.000000e+00  0.000000e+00 -1.000000e+00
   outer loop
     vertex -1.025870e+02 -1.706483e+00  1.900000e+01
     vertex -1.025392e+02 -1.780105e+00  1.900000e+01
     vertex -1.025425e+02 -2.622483e+01  1.900000e+01
   endloop
 endfacet
 facet normal  0.000000e+00 -0.000000e+00 -1.000000e+00
   outer loop
     vertex -1.025870e+02 -1.706483e+00  1.900000e+01
     vertex -1.025425e+02 -2.622483e+01  1.900000e+01
     vertex -1.025902e+02 -2.629859e+01  1.900000e+01
   endloop
 endfacet
 facet normal -0.000000e+00  0.000000e+00 -1.000000e+00
   outer loop
     vertex -1.015304e+02 -2.741553e+00  1.900000e+01
     vertex -1.015346e+02 -2.526098e+01  1.900000e+01
     vertex -1.016050e+02 -2.695243e+00  1.900000e+01
   endloop
 endfacet
 facet normal  0.000000e+00 -0.000000e+00 -1.000000e+00
   outer loop
     vertex -1.015304e+02 -2.741553e+00  1.900000e+01
     vertex -1.014588e+02 -2.521659e+01  1.900000e+01
     vertex -1.015346e+02 -2.526098e+01  1.900000e+01
   endloop
 endfacet
 facet normal  0.000000e+00  0.000000e+00 -1.000000e+00
   outer loop
     vertex -1.026328e+02 -1.631577e+00  1.900000e+01
     vertex -1.025870e+02 -1.706483e+00  1.900000e+01
     vertex -1.025902e+02 -2.629859e+01  1.900000e+01
   endloop
 endfacet
 facet normal  0.000000e+00 -0.000000e+00 -1.000000e+00
   outer loop
     vertex -1.026328e+02 -1.631577e+00  1.900000e+01
     vertex -1.025902e+02 -2.629859e+01  1.900000e+01
     vertex -1.026359e+02 -2.637364e+01  1.900000e+01
   endloop
 endfacet
 facet normal  0.000000e+00 -0.000000e+00 -1.000000e+00
   outer loop
     vertex -1.014546e+02 -2.785799e+00  1.900000e+01
     vertex -1.013818e+02 -2.517429e+01  1.900000e+01
     vertex -1.014588e+02 -2.521659e+01  1.900000e+01
   endloop
 endfacet
 facet normal -0.000000e+00  0.000000e+00 -1.000000e+00
   outer loop
     vertex -1.014546e+02 -2.785799e+00  1.900000e+01
     vertex -1.014588e+02 -2.521659e+01  1.900000e+01
     vertex -1.015304e+02 -2.741553e+00  1.900000e+01
   endloop
 endfacet
 facet normal  0.000000e+00  0.000000e+00 -1.000000e+00
   outer loop
     vertex -1.026765e+02 -1.555442e+00  1.900000e+01
     vertex -1.026328e+02 -1.631577e+00  1.900000e+01
     vertex -1.026359e+02 -2.637364e+01  1.900000e+01
   endloop
 endfacet
 facet normal  0.000000e+00 -0.000000e+00 -1.000000e+00
   outer loop
     vertex -1.026765e+02 -1.555442e+00  1.900000e+01
     vertex -1.026359e+02 -2.637364e+01  1.900000e+01
     vertex -1.026795e+02 -2.644991e+01  1.900000e+01
   endloop
 endfacet
 facet normal  0.000000e+00 -0.000000e+00 -1.000000e+00
   outer loop
     vertex -1.013776e+02 -2.827947e+00  1.900000e+01
     vertex -1.013037e+02 -2.513413e+01  1.900000e+01
     vertex -1.013818e+02 -2.517429e+01  1.900000e+01
   endloop
 endfacet
 facet normal -0.000000e+00  0.000000e+00 -1.000000e+00
   outer loop
     vertex -1.013776e+02 -2.827947e+00  1.900000e+01
     vertex -1.013818e+02 -2.517429e+01  1.900000e+01
     vertex -1.014546e+02 -2.785799e+00  1.900000e+01
   endloop
 endfacet
 facet normal  0.000000e+00  0.000000e+00 -1.000000e+00
   outer loop
     vertex -1.027182e+02 -1.478136e+00  1.900000e+01
     vertex -1.026765e+02 -1.555442e+00  1.900000e+01
     vertex -1.026795e+02 -2.644991e+01  1.900000e+01
   endloop
 endfacet
 facet normal  0.000000e+00 -0.000000e+00 -1.000000e+00
   outer loop
     vertex -1.027182e+02 -1.478136e+00  1.900000e+01
     vertex -1.026795e+02 -2.644991e+01  1.900000e+01
     vertex -1.027210e+02 -2.652735e+01  1.900000e+01
   endloop
 endfacet
 facet normal  0.000000e+00 -0.000000e+00 -1.000000e+00
   outer loop
     vertex -1.012994e+02 -2.867967e+00  1.900000e+01
     vertex -1.012244e+02 -2.509612e+01  1.900000e+01
     vertex -1.013037e+02 -2.513413e+01  1.900000e+01
   endloop
 endfacet
 facet normal -0.000000e+00  0.000000e+00 -1.000000e+00
   outer loop
     vertex -1.012994e+02 -2.867967e+00  1.900000e+01
     vertex -1.013037e+02 -2.513413e+01  1.900000e+01
     vertex -1.013776e+02 -2.827947e+00  1.900000e+01
   endloop
 endfacet
 facet normal  0.000000e+00  0.000000e+00 -1.000000e+00
   outer loop
     vertex -1.027576e+02 -1.399718e+00  1.900000e+01
     vertex -1.027182e+02 -1.478136e+00  1.900000e+01
     vertex -1.027210e+02 -2.652735e+01  1.900000e+01
   endloop
 endfacet
 facet normal  0.000000e+00 -0.000000e+00 -1.000000e+00
   outer loop
     vertex -1.027576e+02 -1.399718e+00  1.900000e+01
     vertex -1.027210e+02 -2.652735e+01  1.900000e+01
     vertex -1.027604e+02 -2.660590e+01  1.900000e+01
   endloop
 endfacet
 facet normal -0.000000e+00  0.000000e+00 -1.000000e+00
   outer loop
     vertex -1.012202e+02 -2.905828e+00  1.900000e+01
     vertex -1.012244e+02 -2.509612e+01  1.900000e+01
     vertex -1.012994e+02 -2.867967e+00  1.900000e+01
   endloop
 endfacet
 facet normal  0.000000e+00 -0.000000e+00 -1.000000e+00
   outer loop
     vertex -1.012202e+02 -2.905828e+00  1.900000e+01
     vertex -1.011442e+02 -2.506031e+01  1.900000e+01
     vertex -1.012244e+02 -2.509612e+01  1.900000e+01
   endloop
 endfacet
 facet normal  0.000000e+00 -0.000000e+00 -1.000000e+00
   outer loop
     vertex -1.027950e+02 -1.320246e+00  1.900000e+01
     vertex -1.027604e+02 -2.660590e+01  1.900000e+01
     vertex -1.027976e+02 -2.668551e+01  1.900000e+01
   endloop
 endfacet
 facet normal  0.000000e+00  0.000000e+00 -1.000000e+00
   outer loop
     vertex -1.027950e+02 -1.320246e+00  1.900000e+01
     vertex -1.027576e+02 -1.399718e+00  1.900000e+01
     vertex -1.027604e+02 -2.660590e+01  1.900000e+01
   endloop
 endfacet
 facet normal -0.000000e+00  0.000000e+00 -1.000000e+00
   outer loop
     vertex -1.011400e+02 -2.941502e+00  1.900000e+01
     vertex -1.011442e+02 -2.506031e+01  1.900000e+01
     vertex -1.012202e+02 -2.905828e+00  1.900000e+01
   endloop
 endfacet
 facet normal  0.000000e+00 -0.000000e+00 -1.000000e+00
   outer loop
     vertex -1.011400e+02 -2.941502e+00  1.900000e+01
     vertex -1.010630e+02 -2.502671e+01  1.900000e+01
     vertex -1.011442e+02 -2.506031e+01  1.900000e+01
   endloop
 endfacet
 facet normal  0.000000e+00  0.000000e+00 -1.000000e+00
   outer loop
     vertex -1.028301e+02 -1.239780e+00  1.900000e+01
     vertex -1.027950e+02 -1.320246e+00  1.900000e+01
     vertex -1.027976e+02 -2.668551e+01  1.900000e+01
   endloop
 endfacet
 facet normal  0.000000e+00 -0.000000e+00 -1.000000e+00
   outer loop
     vertex -1.028301e+02 -1.239780e+00  1.900000e+01
     vertex -1.027976e+02 -2.668551e+01  1.900000e+01
     vertex -1.028325e+02 -2.676610e+01  1.900000e+01
   endloop
 endfacet
 facet normal  0.000000e+00 -0.000000e+00 -1.000000e+00
   outer loop
     vertex -1.010588e+02 -2.974961e+00  1.900000e+01
     vertex -1.009809e+02 -2.499535e+01  1.900000e+01
     vertex -1.010630e+02 -2.502671e+01  1.900000e+01
   endloop
 endfacet
 facet normal -0.000000e+00  0.000000e+00 -1.000000e+00
   outer loop
     vertex -1.010588e+02 -2.974961e+00  1.900000e+01
     vertex -1.010630e+02 -2.502671e+01  1.900000e+01
     vertex -1.011400e+02 -2.941502e+00  1.900000e+01
   endloop
 endfacet
 facet normal  0.000000e+00  0.000000e+00 -1.000000e+00
   outer loop
     vertex -1.028630e+02 -1.158381e+00  1.900000e+01
     vertex -1.028301e+02 -1.239780e+00  1.900000e+01
     vertex -1.028325e+02 -2.676610e+01  1.900000e+01
   endloop
 endfacet
 facet normal  0.000000e+00 -0.000000e+00 -1.000000e+00
   outer loop
     vertex -1.028630e+02 -1.158381e+00  1.900000e+01
     vertex -1.028325e+02 -2.676610e+01  1.900000e+01
     vertex -1.028653e+02 -2.684762e+01  1.900000e+01
   endloop
 endfacet
 facet normal -0.000000e+00  0.000000e+00 -1.000000e+00
   outer loop
     vertex -1.009768e+02 -3.006181e+00  1.900000e+01
     vertex -1.009809e+02 -2.499535e+01  1.900000e+01
     vertex -1.010588e+02 -2.974961e+00  1.900000e+01
   endloop
 endfacet
 facet normal  0.000000e+00 -0.000000e+00 -1.000000e+00
   outer loop
     vertex -1.009768e+02 -3.006181e+00  1.900000e+01
     vertex -1.008980e+02 -2.496626e+01  1.900000e+01
     vertex -1.009809e+02 -2.499535e+01  1.900000e+01
   endloop
 endfacet
 facet normal  0.000000e+00  0.000000e+00 -1.000000e+00
   outer loop
     vertex -1.028936e+02 -1.076110e+00  1.900000e+01
     vertex -1.028630e+02 -1.158381e+00  1.900000e+01
     vertex -1.028653e+02 -2.684762e+01  1.900000e+01
   endloop
 endfacet
 facet normal  0.000000e+00 -0.000000e+00 -1.000000e+00
   outer loop
     vertex -1.028936e+02 -1.076110e+00  1.900000e+01
     vertex -1.028653e+02 -2.684762e+01  1.900000e+01
     vertex -1.028958e+02 -2.693002e+01  1.900000e+01
   endloop
 endfacet
 facet normal  0.000000e+00 -0.000000e+00 -1.000000e+00
   outer loop
     vertex -1.008939e+02 -3.035138e+00  1.900000e+01
     vertex -1.008144e+02 -2.493945e+01  1.900000e+01
     vertex -1.008980e+02 -2.496626e+01  1.900000e+01
   endloop
 endfacet
 facet normal -0.000000e+00  0.000000e+00 -1.000000e+00
   outer loop
     vertex -1.008939e+02 -3.035138e+00  1.900000e+01
     vertex -1.008980e+02 -2.496626e+01  1.900000e+01
     vertex -1.009768e+02 -3.006181e+00  1.900000e+01
   endloop
 endfacet
 facet normal  0.000000e+00  0.000000e+00 -1.000000e+00
   outer loop
     vertex -1.029220e+02 -9.930286e-01  1.900000e+01
     vertex -1.028936e+02 -1.076110e+00  1.900000e+01
     vertex -1.028958e+02 -2.693002e+01  1.900000e+01
   endloop
 endfacet
 facet normal  0.000000e+00 -0.000000e+00 -1.000000e+00
   outer loop
     vertex -1.029220e+02 -9.930286e-01  1.900000e+01
     vertex -1.028958e+02 -2.693002e+01  1.900000e+01
     vertex -1.029241e+02 -2.701322e+01  1.900000e+01
   endloop
 endfacet
 facet normal -0.000000e+00  0.000000e+00 -1.000000e+00
   outer loop
     vertex -1.008102e+02 -3.061811e+00  1.900000e+01
     vertex -1.008144e+02 -2.493945e+01  1.900000e+01
     vertex -1.008939e+02 -3.035138e+00  1.900000e+01
   endloop
 endfacet
 facet normal  0.000000e+00 -0.000000e+00 -1.000000e+00
   outer loop
     vertex -1.008102e+02 -3.061811e+00  1.900000e+01
     vertex -1.007300e+02 -2.491495e+01  1.900000e+01
     vertex -1.008144e+02 -2.493945e+01  1.900000e+01
   endloop
 endfacet
 facet normal  0.000000e+00  0.000000e+00 -1.000000e+00
   outer loop
     vertex -1.029481e+02 -9.091999e-01  1.900000e+01
     vertex -1.029220e+02 -9.930286e-01  1.900000e+01
     vertex -1.029241e+02 -2.701322e+01  1.900000e+01
   endloop
 endfacet
 facet normal  0.000000e+00 -0.000000e+00 -1.000000e+00
   outer loop
     vertex -1.029481e+02 -9.091999e-01  1.900000e+01
     vertex -1.029241e+02 -2.701322e+01  1.900000e+01
     vertex -1.029500e+02 -2.709716e+01  1.900000e+01
   endloop
 endfacet
 facet normal  0.000000e+00 -0.000000e+00 -1.000000e+00
   outer loop
     vertex -1.007259e+02 -3.086178e+00  1.900000e+01
     vertex -1.006450e+02 -2.489278e+01  1.900000e+01
     vertex -1.007300e+02 -2.491495e+01  1.900000e+01
   endloop
 endfacet
 facet normal -0.000000e+00  0.000000e+00 -1.000000e+00
   outer loop
     vertex -1.007259e+02 -3.086178e+00  1.900000e+01
     vertex -1.007300e+02 -2.491495e+01  1.900000e+01
     vertex -1.008102e+02 -3.061811e+00  1.900000e+01
   endloop
 endfacet
 facet normal  0.000000e+00  0.000000e+00 -1.000000e+00
   outer loop
     vertex -1.029719e+02 -8.246867e-01  1.900000e+01
     vertex -1.029481e+02 -9.091999e-01  1.900000e+01
     vertex -1.029500e+02 -2.709716e+01  1.900000e+01
   endloop
 endfacet
 facet normal  0.000000e+00 -0.000000e+00 -1.000000e+00
   outer loop
     vertex -1.029719e+02 -8.246867e-01  1.900000e+01
     vertex -1.029500e+02 -2.709716e+01  1.900000e+01
     vertex -1.029736e+02 -2.718178e+01  1.900000e+01
   endloop
 endfacet
 facet normal  0.000000e+00 -0.000000e+00 -1.000000e+00
   outer loop
     vertex -1.006409e+02 -3.108222e+00  1.900000e+01
     vertex -1.005594e+02 -2.487295e+01  1.900000e+01
     vertex -1.006450e+02 -2.489278e+01  1.900000e+01
   endloop
 endfacet
 facet normal -0.000000e+00  0.000000e+00 -1.000000e+00
   outer loop
     vertex -1.006409e+02 -3.108222e+00  1.900000e+01
     vertex -1.006450e+02 -2.489278e+01  1.900000e+01
     vertex -1.007259e+02 -3.086178e+00  1.900000e+01
   endloop
 endfacet
 facet normal  0.000000e+00  0.000000e+00 -1.000000e+00
   outer loop
     vertex -1.029934e+02 -7.395528e-01  1.900000e+01
     vertex -1.029719e+02 -8.246867e-01  1.900000e+01
     vertex -1.029736e+02 -2.718178e+01  1.900000e+01
   endloop
 endfacet
 facet normal  0.000000e+00 -0.000000e+00 -1.000000e+00
   outer loop
     vertex -1.029934e+02 -7.395528e-01  1.900000e+01
     vertex -1.029736e+02 -2.718178e+01  1.900000e+01
     vertex -1.029949e+02 -2.726702e+01  1.900000e+01
   endloop
 endfacet
 facet normal  0.000000e+00 -0.000000e+00 -1.000000e+00
   outer loop
     vertex -1.005553e+02 -3.127927e+00  1.900000e+01
     vertex -1.004733e+02 -2.485548e+01  1.900000e+01
     vertex -1.005594e+02 -2.487295e+01  1.900000e+01
   endloop
 endfacet
 facet normal -0.000000e+00  0.000000e+00 -1.000000e+00
   outer loop
     vertex -1.005553e+02 -3.127927e+00  1.900000e+01
     vertex -1.005594e+02 -2.487295e+01  1.900000e+01
     vertex -1.006409e+02 -3.108222e+00  1.900000e+01
   endloop
 endfacet
 facet normal  0.000000e+00  0.000000e+00 -1.000000e+00
   outer loop
     vertex -1.030125e+02 -6.538621e-01  1.900000e+01
     vertex -1.029934e+02 -7.395528e-01  1.900000e+01
     vertex -1.029949e+02 -2.726702e+01  1.900000e+01
   endloop
 endfacet
 facet normal  0.000000e+00 -0.000000e+00 -1.000000e+00
   outer loop
     vertex -1.030125e+02 -6.538621e-01  1.900000e+01
     vertex -1.029949e+02 -2.726702e+01  1.900000e+01
     vertex -1.030139e+02 -2.735282e+01  1.900000e+01
   endloop
 endfacet
 facet normal -0.000000e+00  0.000000e+00 -1.000000e+00
   outer loop
     vertex -1.004693e+02 -3.145276e+00  1.900000e+01
     vertex -1.004733e+02 -2.485548e+01  1.900000e+01
     vertex -1.005553e+02 -3.127927e+00  1.900000e+01
   endloop
 endfacet
 facet normal  0.000000e+00 -0.000000e+00 -1.000000e+00
   outer loop
     vertex -1.004693e+02 -3.145276e+00  1.900000e+01
     vertex -1.003867e+02 -2.484038e+01  1.900000e+01
     vertex -1.004733e+02 -2.485548e+01  1.900000e+01
   endloop
 endfacet
 facet normal  0.000000e+00  0.000000e+00 -1.000000e+00
   outer loop
     vertex -1.030292e+02 -5.676793e-01  1.900000e+01
     vertex -1.030125e+02 -6.538621e-01  1.900000e+01
     vertex -1.030139e+02 -2.735282e+01  1.900000e+01
   endloop
 endfacet
 facet normal  0.000000e+00 -0.000000e+00 -1.000000e+00
   outer loop
     vertex -1.030292e+02 -5.676793e-01  1.900000e+01
     vertex -1.030139e+02 -2.735282e+01  1.900000e+01
     vertex -1.030305e+02 -2.743910e+01  1.900000e+01
   endloop
 endfacet
 facet normal  0.000000e+00 -0.000000e+00 -1.000000e+00
   outer loop
     vertex -1.003828e+02 -3.160259e+00  1.900000e+01
     vertex -1.002998e+02 -2.482765e+01  1.900000e+01
     vertex -1.003867e+02 -2.484038e+01  1.900000e+01
   endloop
 endfacet
 facet normal -0.000000e+00  0.000000e+00 -1.000000e+00
   outer loop
     vertex -1.003828e+02 -3.160259e+00  1.900000e+01
     vertex -1.003867e+02 -2.484038e+01  1.900000e+01
     vertex -1.004693e+02 -3.145276e+00  1.900000e+01
   endloop
 endfacet
 facet normal  0.000000e+00  0.000000e+00 -1.000000e+00
   outer loop
     vertex -1.030436e+02 -4.810691e-01  1.900000e+01
     vertex -1.030447e+02 -2.752580e+01  1.900000e+01
     vertex -1.248800e+02 -7.520000e+01  1.900000e+01
   endloop
 endfacet
 facet normal  0.000000e+00  0.000000e+00 -1.000000e+00
   outer loop
     vertex -1.030436e+02 -4.810691e-01  1.900000e+01
     vertex -1.030292e+02 -5.676793e-01  1.900000e+01
     vertex -1.030305e+02 -2.743910e+01  1.900000e+01
   endloop
 endfacet
 facet normal  0.000000e+00 -0.000000e+00 -1.000000e+00
   outer loop
     vertex -1.030436e+02 -4.810691e-01  1.900000e+01
     vertex -1.030305e+02 -2.743910e+01  1.900000e+01
     vertex -1.030447e+02 -2.752580e+01  1.900000e+01
   endloop
 endfacet
 facet normal  0.000000e+00 -0.000000e+00 -1.000000e+00
   outer loop
     vertex -1.002959e+02 -3.172862e+00  1.900000e+01
     vertex -1.002125e+02 -2.481733e+01  1.900000e+01
     vertex -1.002998e+02 -2.482765e+01  1.900000e+01
   endloop
 endfacet
 facet normal -0.000000e+00  0.000000e+00 -1.000000e+00
   outer loop
     vertex -1.002959e+02 -3.172862e+00  1.900000e+01
     vertex -1.002998e+02 -2.482765e+01  1.900000e+01
     vertex -1.003828e+02 -3.160259e+00  1.900000e+01
   endloop
 endfacet
 facet normal  0.000000e+00 -0.000000e+00 -1.000000e+00
   outer loop
     vertex -1.030556e+02 -3.940968e-01  1.900000e+01
     vertex -1.030436e+02 -4.810691e-01  1.900000e+01
     vertex -1.248800e+02 -7.520000e+01  1.900000e+01
   endloop
 endfacet
 facet normal -0.000000e+00  0.000000e+00 -1.000000e+00
   outer loop
     vertex -1.002087e+02 -3.183077e+00  1.900000e+01
     vertex -1.002125e+02 -2.481733e+01  1.900000e+01
     vertex -1.002959e+02 -3.172862e+00  1.900000e+01
   endloop
 endfacet
 facet normal  0.000000e+00 -0.000000e+00 -1.000000e+00
   outer loop
     vertex -1.002087e+02 -3.183077e+00  1.900000e+01
     vertex -1.001250e+02 -2.480940e+01  1.900000e+01
     vertex -1.002125e+02 -2.481733e+01  1.900000e+01
   endloop
 endfacet
 facet normal  0.000000e+00 -0.000000e+00 -1.000000e+00
   outer loop
     vertex -1.030653e+02 -3.068278e-01  1.900000e+01
     vertex -1.030556e+02 -3.940968e-01  1.900000e+01
     vertex -1.248800e+02 -7.520000e+01  1.900000e+01
   endloop
 endfacet
 facet normal -0.000000e+00  0.000000e+00 -1.000000e+00
   outer loop
     vertex -1.001212e+02 -3.190895e+00  1.900000e+01
     vertex -1.001250e+02 -2.480940e+01  1.900000e+01
     vertex -1.002087e+02 -3.183077e+00  1.900000e+01
   endloop
 endfacet
 facet normal  0.000000e+00 -0.000000e+00 -1.000000e+00
   outer loop
     vertex -1.001212e+02 -3.190895e+00  1.900000e+01
     vertex -1.000373e+02 -2.480387e+01  1.900000e+01
     vertex -1.001250e+02 -2.480940e+01  1.900000e+01
   endloop
 endfacet
 facet normal  0.000000e+00 -0.000000e+00 -1.000000e+00
   outer loop
     vertex -1.030725e+02 -2.193278e-01  1.900000e+01
     vertex -1.030653e+02 -3.068278e-01  1.900000e+01
     vertex -1.248800e+02 -7.520000e+01  1.900000e+01
   endloop
 endfacet
 facet normal  0.000000e+00 -0.000000e+00 -1.000000e+00
   outer loop
     vertex -1.000336e+02 -3.196312e+00  1.900000e+01
     vertex -9.994954e+01 -2.480076e+01  1.900000e+01
     vertex -1.000373e+02 -2.480387e+01  1.900000e+01
   endloop
 endfacet
 facet normal -0.000000e+00  0.000000e+00 -1.000000e+00
   outer loop
     vertex -1.000336e+02 -3.196312e+00  1.900000e+01
     vertex -1.000373e+02 -2.480387e+01  1.900000e+01
     vertex -1.001212e+02 -3.190895e+00  1.900000e+01
   endloop
 endfacet
 facet normal  0.000000e+00 -0.000000e+00 -1.000000e+00
   outer loop
     vertex -1.030773e+02 -1.316628e-01  1.900000e+01
     vertex -1.030725e+02 -2.193278e-01  1.900000e+01
     vertex -1.248800e+02 -7.520000e+01  1.900000e+01
   endloop
 endfacet
 facet normal  0.000000e+00 -0.000000e+00 -1.000000e+00
   outer loop
     vertex -9.994585e+01 -3.199322e+00  1.900000e+01
     vertex -9.986168e+01 -2.480005e+01  1.900000e+01
     vertex -9.994954e+01 -2.480076e+01  1.900000e+01
   endloop
 endfacet
 facet normal -0.000000e+00  0.000000e+00 -1.000000e+00
   outer loop
     vertex -9.994585e+01 -3.199322e+00  1.900000e+01
     vertex -9.994954e+01 -2.480076e+01  1.900000e+01
     vertex -1.000336e+02 -3.196312e+00  1.900000e+01
   endloop
 endfacet
 facet normal  0.000000e+00 -0.000000e+00 -1.000000e+00
   outer loop
     vertex -1.030797e+02 -4.389861e-02  1.900000e+01
     vertex -1.030773e+02 -1.316628e-01  1.900000e+01
     vertex -1.248800e+02 -7.520000e+01  1.900000e+01
   endloop
 endfacet
 facet normal  0.000000e+00 -0.000000e+00 -1.000000e+00
   outer loop
     vertex -9.985805e+01 -3.199925e+00  1.900000e+01
     vertex -9.977384e+01 -2.480176e+01  1.900000e+01
     vertex -9.986168e+01 -2.480005e+01  1.900000e+01
   endloop
 endfacet
 facet normal -0.000000e+00  0.000000e+00 -1.000000e+00
   outer loop
     vertex -9.985805e+01 -3.199925e+00  1.900000e+01
     vertex -9.986168e+01 -2.480005e+01  1.900000e+01
     vertex -9.994585e+01 -3.199322e+00  1.900000e+01
   endloop
 endfacet
 facet normal  0.000000e+00  0.000000e+00 -1.000000e+00
   outer loop
     vertex -9.977027e+01 -3.198118e+00  1.900000e+01
     vertex -9.977384e+01 -2.480176e+01  1.900000e+01
     vertex -9.985805e+01 -3.199925e+00  1.900000e+01
   endloop
 endfacet
 facet normal  0.000000e+00 -0.000000e+00 -1.000000e+00
   outer loop
     vertex -9.977027e+01 -3.198118e+00  1.900000e+01
     vertex -9.968608e+01 -2.480588e+01  1.900000e+01
     vertex -9.977384e+01 -2.480176e+01  1.900000e+01
   endloop
 endfacet
 facet normal  0.000000e+00 -0.000000e+00 -1.000000e+00
   outer loop
     vertex -9.968258e+01 -3.193904e+00  1.900000e+01
     vertex -9.959846e+01 -2.481241e+01  1.900000e+01
     vertex -9.968608e+01 -2.480588e+01  1.900000e+01
   endloop
 endfacet
 facet normal  0.000000e+00  0.000000e+00 -1.000000e+00
   outer loop
     vertex -9.968258e+01 -3.193904e+00  1.900000e+01
     vertex -9.968608e+01 -2.480588e+01  1.900000e+01
     vertex -9.977027e+01 -3.198118e+00  1.900000e+01
   endloop
 endfacet
 facet normal  0.000000e+00 -0.000000e+00 -1.000000e+00
   outer loop
     vertex -9.959503e+01 -3.187286e+00  1.900000e+01
     vertex -9.951105e+01 -2.482134e+01  1.900000e+01
     vertex -9.959846e+01 -2.481241e+01  1.900000e+01
   endloop
 endfacet
 facet normal  0.000000e+00  0.000000e+00 -1.000000e+00
   outer loop
     vertex -9.959503e+01 -3.187286e+00  1.900000e+01
     vertex -9.959846e+01 -2.481241e+01  1.900000e+01
     vertex -9.968258e+01 -3.193904e+00  1.900000e+01
   endloop
 endfacet
 facet normal  0.000000e+00 -0.000000e+00 -1.000000e+00
   outer loop
     vertex -9.950770e+01 -3.178268e+00  1.900000e+01
     vertex -9.942392e+01 -2.483267e+01  1.900000e+01
     vertex -9.951105e+01 -2.482134e+01  1.900000e+01
   endloop
 endfacet
 facet normal  0.000000e+00  0.000000e+00 -1.000000e+00
   outer loop
     vertex -9.950770e+01 -3.178268e+00  1.900000e+01
     vertex -9.951105e+01 -2.482134e+01  1.900000e+01
     vertex -9.959503e+01 -3.187286e+00  1.900000e+01
   endloop
 endfacet
 facet normal  0.000000e+00 -0.000000e+00 -1.000000e+00
   outer loop
     vertex -9.942064e+01 -3.166858e+00  1.900000e+01
     vertex -9.933714e+01 -2.484638e+01  1.900000e+01
     vertex -9.942392e+01 -2.483267e+01  1.900000e+01
   endloop
 endfacet
 facet normal  0.000000e+00  0.000000e+00 -1.000000e+00
   outer loop
     vertex -9.942064e+01 -3.166858e+00  1.900000e+01
     vertex -9.942392e+01 -2.483267e+01  1.900000e+01
     vertex -9.950770e+01 -3.178268e+00  1.900000e+01
   endloop
 endfacet
 facet normal  0.000000e+00  0.000000e+00 -1.000000e+00
   outer loop
     vertex -9.933394e+01 -3.153064e+00  1.900000e+01
     vertex -9.933714e+01 -2.484638e+01  1.900000e+01
     vertex -9.942064e+01 -3.166858e+00  1.900000e+01
   endloop
 endfacet
 facet normal  0.000000e+00 -0.000000e+00 -1.000000e+00
   outer loop
     vertex -9.933394e+01 -3.153064e+00  1.900000e+01
     vertex -9.925077e+01 -2.486247e+01  1.900000e+01
     vertex -9.933714e+01 -2.484638e+01  1.900000e+01
   endloop
 endfacet
 facet normal  0.000000e+00 -0.000000e+00 -1.000000e+00
   outer loop
     vertex -9.924764e+01 -3.136897e+00  1.900000e+01
     vertex -9.916487e+01 -2.488093e+01  1.900000e+01
     vertex -9.925077e+01 -2.486247e+01  1.900000e+01
   endloop
 endfacet
 facet normal  0.000000e+00  0.000000e+00 -1.000000e+00
   outer loop
     vertex -9.924764e+01 -3.136897e+00  1.900000e+01
     vertex -9.925077e+01 -2.486247e+01  1.900000e+01
     vertex -9.933394e+01 -3.153064e+00  1.900000e+01
   endloop
 endfacet
 facet normal  0.000000e+00 -0.000000e+00 -1.000000e+00
   outer loop
     vertex -9.916182e+01 -3.118368e+00  1.900000e+01
     vertex -9.907950e+01 -2.490174e+01  1.900000e+01
     vertex -9.916487e+01 -2.488093e+01  1.900000e+01
   endloop
 endfacet
 facet normal  0.000000e+00  0.000000e+00 -1.000000e+00
   outer loop
     vertex -9.916182e+01 -3.118368e+00  1.900000e+01
     vertex -9.916487e+01 -2.488093e+01  1.900000e+01
     vertex -9.924764e+01 -3.136897e+00  1.900000e+01
   endloop
 endfacet
 facet normal  0.000000e+00 -0.000000e+00 -1.000000e+00
   outer loop
     vertex -9.907654e+01 -3.097492e+00  1.900000e+01
     vertex -9.899475e+01 -2.492489e+01  1.900000e+01
     vertex -9.907950e+01 -2.490174e+01  1.900000e+01
   endloop
 endfacet
 facet normal  0.000000e+00  0.000000e+00 -1.000000e+00
   outer loop
     vertex -9.907654e+01 -3.097492e+00  1.900000e+01
     vertex -9.907950e+01 -2.490174e+01  1.900000e+01
     vertex -9.916182e+01 -3.118368e+00  1.900000e+01
   endloop
 endfacet
 facet normal  0.000000e+00 -0.000000e+00 -1.000000e+00
   outer loop
     vertex -9.899187e+01 -3.074284e+00  1.900000e+01
     vertex -9.891066e+01 -2.495035e+01  1.900000e+01
     vertex -9.899475e+01 -2.492489e+01  1.900000e+01
   endloop
 endfacet
 facet normal  0.000000e+00  0.000000e+00 -1.000000e+00
   outer loop
     vertex -9.899187e+01 -3.074284e+00  1.900000e+01
     vertex -9.899475e+01 -2.492489e+01  1.900000e+01
     vertex -9.907654e+01 -3.097492e+00  1.900000e+01
   endloop
 endfacet
 facet normal  0.000000e+00 -0.000000e+00 -1.000000e+00
   outer loop
     vertex -9.890786e+01 -3.048761e+00  1.900000e+01
     vertex -9.882730e+01 -2.497811e+01  1.900000e+01
     vertex -9.891066e+01 -2.495035e+01  1.900000e+01
   endloop
 endfacet
 facet normal  0.000000e+00  0.000000e+00 -1.000000e+00
   outer loop
     vertex -9.890786e+01 -3.048761e+00  1.900000e+01
     vertex -9.891066e+01 -2.495035e+01  1.900000e+01
     vertex -9.899187e+01 -3.074284e+00  1.900000e+01
   endloop
 endfacet
 facet normal  0.000000e+00  0.000000e+00 -1.000000e+00
   outer loop
     vertex -9.882459e+01 -3.020944e+00  1.900000e+01
     vertex -9.882730e+01 -2.497811e+01  1.900000e+01
     vertex -9.890786e+01 -3.048761e+00  1.900000e+01
   endloop
 endfacet
 facet normal  0.000000e+00 -0.000000e+00 -1.000000e+00
   outer loop
     vertex -9.882459e+01 -3.020944e+00  1.900000e+01
     vertex -9.874473e+01 -2.500815e+01  1.900000e+01
     vertex -9.882730e+01 -2.497811e+01  1.900000e+01
   endloop
 endfacet
 facet normal  0.000000e+00 -0.000000e+00 -1.000000e+00
   outer loop
     vertex -9.874211e+01 -2.990853e+00  1.900000e+01
     vertex -9.866302e+01 -2.504045e+01  1.900000e+01
     vertex -9.874473e+01 -2.500815e+01  1.900000e+01
   endloop
 endfacet
 facet normal  0.000000e+00  0.000000e+00 -1.000000e+00
   outer loop
     vertex -9.874211e+01 -2.990853e+00  1.900000e+01
     vertex -9.874473e+01 -2.500815e+01  1.900000e+01
     vertex -9.882459e+01 -3.020944e+00  1.900000e+01
   endloop
 endfacet
 facet normal  0.000000e+00 -0.000000e+00 -1.000000e+00
   outer loop
     vertex -9.866048e+01 -2.958510e+00  1.900000e+01
     vertex -9.858223e+01 -2.507497e+01  1.900000e+01
     vertex -9.866302e+01 -2.504045e+01  1.900000e+01
   endloop
 endfacet
 facet normal  0.000000e+00  0.000000e+00 -1.000000e+00
   outer loop
     vertex -9.866048e+01 -2.958510e+00  1.900000e+01
     vertex -9.866302e+01 -2.504045e+01  1.900000e+01
     vertex -9.874211e+01 -2.990853e+00  1.900000e+01
   endloop
 endfacet
 facet normal  0.000000e+00 -0.000000e+00 -1.000000e+00
   outer loop
     vertex -9.857978e+01 -2.923940e+00  1.900000e+01
     vertex -9.850241e+01 -2.511170e+01  1.900000e+01
     vertex -9.858223e+01 -2.507497e+01  1.900000e+01
   endloop
 endfacet
 facet normal  0.000000e+00  0.000000e+00 -1.000000e+00
   outer loop
     vertex -9.857978e+01 -2.923940e+00  1.900000e+01
     vertex -9.858223e+01 -2.507497e+01  1.900000e+01
     vertex -9.866048e+01 -2.958510e+00  1.900000e+01
   endloop
 endfacet
 facet normal  0.000000e+00  0.000000e+00 -1.000000e+00
   outer loop
     vertex -9.850005e+01 -2.887170e+00  1.900000e+01
     vertex -9.850241e+01 -2.511170e+01  1.900000e+01
     vertex -9.857978e+01 -2.923940e+00  1.900000e+01
   endloop
 endfacet
 facet normal  0.000000e+00 -0.000000e+00 -1.000000e+00
   outer loop
     vertex -9.850005e+01 -2.887170e+00  1.900000e+01
     vertex -9.842364e+01 -2.515061e+01  1.900000e+01
     vertex -9.850241e+01 -2.511170e+01  1.900000e+01
   endloop
 endfacet
 facet normal  0.000000e+00 -0.000000e+00 -1.000000e+00
   outer loop
     vertex -9.842137e+01 -2.848225e+00  1.900000e+01
     vertex -9.834596e+01 -2.519167e+01  1.900000e+01
     vertex -9.842364e+01 -2.515061e+01  1.900000e+01
   endloop
 endfacet
 facet normal  0.000000e+00  0.000000e+00 -1.000000e+00
   outer loop
     vertex -9.842137e+01 -2.848225e+00  1.900000e+01
     vertex -9.842364e+01 -2.515061e+01  1.900000e+01
     vertex -9.850005e+01 -2.887170e+00  1.900000e+01
   endloop
 endfacet
 facet normal  0.000000e+00 -0.000000e+00 -1.000000e+00
   outer loop
     vertex -9.834378e+01 -2.807137e+00  1.900000e+01
     vertex -9.826944e+01 -2.523484e+01  1.900000e+01
     vertex -9.834596e+01 -2.519167e+01  1.900000e+01
   endloop
 endfacet
 facet normal  0.000000e+00  0.000000e+00 -1.000000e+00
   outer loop
     vertex -9.834378e+01 -2.807137e+00  1.900000e+01
     vertex -9.834596e+01 -2.519167e+01  1.900000e+01
     vertex -9.842137e+01 -2.848225e+00  1.900000e+01
   endloop
 endfacet
 facet normal  0.000000e+00 -0.000000e+00 -1.000000e+00
   outer loop
     vertex -9.826734e+01 -2.763936e+00  1.900000e+01
     vertex -9.819413e+01 -2.528010e+01  1.900000e+01
     vertex -9.826944e+01 -2.523484e+01  1.900000e+01
   endloop
 endfacet
 facet normal  0.000000e+00  0.000000e+00 -1.000000e+00
   outer loop
     vertex -9.826734e+01 -2.763936e+00  1.900000e+01
     vertex -9.826944e+01 -2.523484e+01  1.900000e+01
     vertex -9.834378e+01 -2.807137e+00  1.900000e+01
   endloop
 endfacet
 facet normal  0.000000e+00 -0.000000e+00 -1.000000e+00
   outer loop
     vertex -9.819212e+01 -2.718654e+00  1.900000e+01
     vertex -9.812009e+01 -2.532741e+01  1.900000e+01
     vertex -9.819413e+01 -2.528010e+01  1.900000e+01
   endloop
 endfacet
 facet normal  0.000000e+00  0.000000e+00 -1.000000e+00
   outer loop
     vertex -9.819212e+01 -2.718654e+00  1.900000e+01
     vertex -9.819413e+01 -2.528010e+01  1.900000e+01
     vertex -9.826734e+01 -2.763936e+00  1.900000e+01
   endloop
 endfacet
 facet normal  0.000000e+00 -0.000000e+00 -1.000000e+00
   outer loop
     vertex -9.811818e+01 -2.671325e+00  1.900000e+01
     vertex -9.804738e+01 -2.537674e+01  1.900000e+01
     vertex -9.812009e+01 -2.532741e+01  1.900000e+01
   endloop
 endfacet
 facet normal  0.000000e+00  0.000000e+00 -1.000000e+00
   outer loop
     vertex -9.811818e+01 -2.671325e+00  1.900000e+01
     vertex -9.812009e+01 -2.532741e+01  1.900000e+01
     vertex -9.819212e+01 -2.718654e+00  1.900000e+01
   endloop
 endfacet
 facet normal  0.000000e+00 -0.000000e+00 -1.000000e+00
   outer loop
     vertex -9.804555e+01 -2.621986e+00  1.900000e+01
     vertex -9.797606e+01 -2.542804e+01  1.900000e+01
     vertex -9.804738e+01 -2.537674e+01  1.900000e+01
   endloop
 endfacet
 facet normal  0.000000e+00  0.000000e+00 -1.000000e+00
   outer loop
     vertex -9.804555e+01 -2.621986e+00  1.900000e+01
     vertex -9.804738e+01 -2.537674e+01  1.900000e+01
     vertex -9.811818e+01 -2.671325e+00  1.900000e+01
   endloop
 endfacet
 facet normal  0.000000e+00 -0.000000e+00 -1.000000e+00
   outer loop
     vertex -9.797431e+01 -2.570673e+00  1.900000e+01
     vertex -9.790616e+01 -2.548128e+01  1.900000e+01
     vertex -9.797606e+01 -2.542804e+01  1.900000e+01
   endloop
 endfacet
 facet normal  0.000000e+00  0.000000e+00 -1.000000e+00
   outer loop
     vertex -9.797431e+01 -2.570673e+00  1.900000e+01
     vertex -9.797606e+01 -2.542804e+01  1.900000e+01
     vertex -9.804555e+01 -2.621986e+00  1.900000e+01
   endloop
 endfacet
 facet normal  0.000000e+00 -0.000000e+00 -1.000000e+00
   outer loop
     vertex -9.790451e+01 -2.517424e+00  1.900000e+01
     vertex -9.783776e+01 -2.553642e+01  1.900000e+01
     vertex -9.790616e+01 -2.548128e+01  1.900000e+01
   endloop
 endfacet
 facet normal  0.000000e+00  0.000000e+00 -1.000000e+00
   outer loop
     vertex -9.790451e+01 -2.517424e+00  1.900000e+01
     vertex -9.790616e+01 -2.548128e+01  1.900000e+01
     vertex -9.797431e+01 -2.570673e+00  1.900000e+01
   endloop
 endfacet
 facet normal  0.000000e+00 -0.000000e+00 -1.000000e+00
   outer loop
     vertex -9.783619e+01 -2.462281e+00  1.900000e+01
     vertex -9.777089e+01 -2.559341e+01  1.900000e+01
     vertex -9.783776e+01 -2.553642e+01  1.900000e+01
   endloop
 endfacet
 facet normal  0.000000e+00  0.000000e+00 -1.000000e+00
   outer loop
     vertex -9.783619e+01 -2.462281e+00  1.900000e+01
     vertex -9.783776e+01 -2.553642e+01  1.900000e+01
     vertex -9.790451e+01 -2.517424e+00  1.900000e+01
   endloop
 endfacet
 facet normal  0.000000e+00 -0.000000e+00 -1.000000e+00
   outer loop
     vertex -9.776941e+01 -2.405284e+00  1.900000e+01
     vertex -9.770562e+01 -2.565222e+01  1.900000e+01
     vertex -9.777089e+01 -2.559341e+01  1.900000e+01
   endloop
 endfacet
 facet normal  0.000000e+00  0.000000e+00 -1.000000e+00
   outer loop
     vertex -9.776941e+01 -2.405284e+00  1.900000e+01
     vertex -9.777089e+01 -2.559341e+01  1.900000e+01
     vertex -9.783619e+01 -2.462281e+00  1.900000e+01
   endloop
 endfacet
 facet normal  0.000000e+00  0.000000e+00 -1.000000e+00
   outer loop
     vertex -9.770421e+01 -2.346477e+00  1.900000e+01
     vertex -9.770562e+01 -2.565222e+01  1.900000e+01
     vertex -9.776941e+01 -2.405284e+00  1.900000e+01
   endloop
 endfacet
 facet normal  0.000000e+00 -0.000000e+00 -1.000000e+00
   outer loop
     vertex -9.770421e+01 -2.346477e+00  1.900000e+01
     vertex -9.764198e+01 -2.571280e+01  1.900000e+01
     vertex -9.770562e+01 -2.565222e+01  1.900000e+01
   endloop
 endfacet
 facet normal  0.000000e+00  0.000000e+00 -1.000000e+00
   outer loop
     vertex -9.764066e+01 -2.285903e+00  1.900000e+01
     vertex -9.764198e+01 -2.571280e+01  1.900000e+01
     vertex -9.770421e+01 -2.346477e+00  1.900000e+01
   endloop
 endfacet
 facet normal  0.000000e+00 -0.000000e+00 -1.000000e+00
   outer loop
     vertex -9.764066e+01 -2.285903e+00  1.900000e+01
     vertex -9.758003e+01 -2.577511e+01  1.900000e+01
     vertex -9.764198e+01 -2.571280e+01  1.900000e+01
   endloop
 endfacet
 facet normal  0.000000e+00 -0.000000e+00 -1.000000e+00
   outer loop
     vertex -9.757879e+01 -2.223608e+00  1.900000e+01
     vertex -9.751982e+01 -2.583909e+01  1.900000e+01
     vertex -9.758003e+01 -2.577511e+01  1.900000e+01
   endloop
 endfacet
 facet normal  0.000000e+00  0.000000e+00 -1.000000e+00
   outer loop
     vertex -9.757879e+01 -2.223608e+00  1.900000e+01
     vertex -9.758003e+01 -2.577511e+01  1.900000e+01
     vertex -9.764066e+01 -2.285903e+00  1.900000e+01
   endloop
 endfacet
 facet normal  0.000000e+00  0.000000e+00 -1.000000e+00
   outer loop
     vertex -9.751865e+01 -2.159640e+00  1.900000e+01
     vertex -9.751982e+01 -2.583909e+01  1.900000e+01
     vertex -9.757879e+01 -2.223608e+00  1.900000e+01
   endloop
 endfacet
 facet normal  0.000000e+00 -0.000000e+00 -1.000000e+00
   outer loop
     vertex -9.751865e+01 -2.159640e+00  1.900000e+01
     vertex -9.746138e+01 -2.590470e+01  1.900000e+01
     vertex -9.751982e+01 -2.583909e+01  1.900000e+01
   endloop
 endfacet
 facet normal  0.000000e+00 -0.000000e+00 -1.000000e+00
   outer loop
     vertex -9.746030e+01 -2.094046e+00  1.900000e+01
     vertex -9.740477e+01 -2.597189e+01  1.900000e+01
     vertex -9.746138e+01 -2.590470e+01  1.900000e+01
   endloop
 endfacet
 facet normal  0.000000e+00  0.000000e+00 -1.000000e+00
   outer loop
     vertex -9.746030e+01 -2.094046e+00  1.900000e+01
     vertex -9.746138e+01 -2.590470e+01  1.900000e+01
     vertex -9.751865e+01 -2.159640e+00  1.900000e+01
   endloop
 endfacet
 facet normal  0.000000e+00 -0.000000e+00 -1.000000e+00
   outer loop
     vertex -9.740376e+01 -2.026875e+00  1.900000e+01
     vertex -9.735002e+01 -2.604061e+01  1.900000e+01
     vertex -9.740477e+01 -2.597189e+01  1.900000e+01
   endloop
 endfacet
 facet normal  0.000000e+00  0.000000e+00 -1.000000e+00
   outer loop
     vertex -9.740376e+01 -2.026875e+00  1.900000e+01
     vertex -9.740477e+01 -2.597189e+01  1.900000e+01
     vertex -9.746030e+01 -2.094046e+00  1.900000e+01
   endloop
 endfacet
 facet normal  0.000000e+00 -0.000000e+00 -1.000000e+00
   outer loop
     vertex -9.734908e+01 -1.958179e+00  1.900000e+01
     vertex -9.729718e+01 -2.611081e+01  1.900000e+01
     vertex -9.735002e+01 -2.604061e+01  1.900000e+01
   endloop
 endfacet
 facet normal  0.000000e+00  0.000000e+00 -1.000000e+00
   outer loop
     vertex -9.734908e+01 -1.958179e+00  1.900000e+01
     vertex -9.735002e+01 -2.604061e+01  1.900000e+01
     vertex -9.740376e+01 -2.026875e+00  1.900000e+01
   endloop
 endfacet
 facet normal  0.000000e+00 -0.000000e+00 -1.000000e+00
   outer loop
     vertex -9.729632e+01 -1.888009e+00  1.900000e+01
     vertex -9.724629e+01 -2.618243e+01  1.900000e+01
     vertex -9.729718e+01 -2.611081e+01  1.900000e+01
   endloop
 endfacet
 facet normal  0.000000e+00  0.000000e+00 -1.000000e+00
   outer loop
     vertex -9.729632e+01 -1.888009e+00  1.900000e+01
     vertex -9.729718e+01 -2.611081e+01  1.900000e+01
     vertex -9.734908e+01 -1.958179e+00  1.900000e+01
   endloop
 endfacet
 facet normal  0.000000e+00 -0.000000e+00 -1.000000e+00
   outer loop
     vertex -9.724549e+01 -1.816417e+00  1.900000e+01
     vertex -9.719738e+01 -2.625542e+01  1.900000e+01
     vertex -9.724629e+01 -2.618243e+01  1.900000e+01
   endloop
 endfacet
 facet normal  0.000000e+00  0.000000e+00 -1.000000e+00
   outer loop
     vertex -9.724549e+01 -1.816417e+00  1.900000e+01
     vertex -9.724629e+01 -2.618243e+01  1.900000e+01
     vertex -9.729632e+01 -1.888009e+00  1.900000e+01
   endloop
 endfacet
 facet normal  0.000000e+00 -0.000000e+00 -1.000000e+00
   outer loop
     vertex -9.719665e+01 -1.743458e+00  1.900000e+01
     vertex -9.715050e+01 -2.632972e+01  1.900000e+01
     vertex -9.719738e+01 -2.625542e+01  1.900000e+01
   endloop
 endfacet
 facet normal  0.000000e+00  0.000000e+00 -1.000000e+00
   outer loop
     vertex -9.719665e+01 -1.743458e+00  1.900000e+01
     vertex -9.719738e+01 -2.625542e+01  1.900000e+01
     vertex -9.724549e+01 -1.816417e+00  1.900000e+01
   endloop
 endfacet
 facet normal  0.000000e+00 -0.000000e+00 -1.000000e+00
   outer loop
     vertex -9.714983e+01 -1.669187e+00  1.900000e+01
     vertex -9.710567e+01 -2.640529e+01  1.900000e+01
     vertex -9.715050e+01 -2.632972e+01  1.900000e+01
   endloop
 endfacet
 facet normal  0.000000e+00  0.000000e+00 -1.000000e+00
   outer loop
     vertex -9.714983e+01 -1.669187e+00  1.900000e+01
     vertex -9.715050e+01 -2.632972e+01  1.900000e+01
     vertex -9.719665e+01 -1.743458e+00  1.900000e+01
   endloop
 endfacet
 facet normal  0.000000e+00 -0.000000e+00 -1.000000e+00
   outer loop
     vertex -9.710507e+01 -1.593659e+00  1.900000e+01
     vertex -9.706294e+01 -2.648206e+01  1.900000e+01
     vertex -9.710567e+01 -2.640529e+01  1.900000e+01
   endloop
 endfacet
 facet normal  0.000000e+00  0.000000e+00 -1.000000e+00
   outer loop
     vertex -9.710507e+01 -1.593659e+00  1.900000e+01
     vertex -9.710567e+01 -2.640529e+01  1.900000e+01
     vertex -9.714983e+01 -1.669187e+00  1.900000e+01
   endloop
 endfacet
 facet normal  0.000000e+00 -0.000000e+00 -1.000000e+00
   outer loop
     vertex -9.706239e+01 -1.516932e+00  1.900000e+01
     vertex -9.702232e+01 -2.655997e+01  1.900000e+01
     vertex -9.706294e+01 -2.648206e+01  1.900000e+01
   endloop
 endfacet
 facet normal  0.000000e+00  0.000000e+00 -1.000000e+00
   outer loop
     vertex -9.706239e+01 -1.516932e+00  1.900000e+01
     vertex -9.706294e+01 -2.648206e+01  1.900000e+01
     vertex -9.710507e+01 -1.593659e+00  1.900000e+01
   endloop
 endfacet
 facet normal  0.000000e+00 -0.000000e+00 -1.000000e+00
   outer loop
     vertex -9.702184e+01 -1.439063e+00  1.900000e+01
     vertex -9.698387e+01 -2.663897e+01  1.900000e+01
     vertex -9.702232e+01 -2.655997e+01  1.900000e+01
   endloop
 endfacet
 facet normal  0.000000e+00  0.000000e+00 -1.000000e+00
   outer loop
     vertex -9.702184e+01 -1.439063e+00  1.900000e+01
     vertex -9.702232e+01 -2.655997e+01  1.900000e+01
     vertex -9.706239e+01 -1.516932e+00  1.900000e+01
   endloop
 endfacet
 facet normal  0.000000e+00 -0.000000e+00 -1.000000e+00
   outer loop
     vertex -9.698343e+01 -1.360110e+00  1.900000e+01
     vertex -9.694759e+01 -2.671899e+01  1.900000e+01
     vertex -9.698387e+01 -2.663897e+01  1.900000e+01
   endloop
 endfacet
 facet normal  0.000000e+00  0.000000e+00 -1.000000e+00
   outer loop
     vertex -9.698343e+01 -1.360110e+00  1.900000e+01
     vertex -9.698387e+01 -2.663897e+01  1.900000e+01
     vertex -9.702184e+01 -1.439063e+00  1.900000e+01
   endloop
 endfacet
 facet normal  0.000000e+00  0.000000e+00 -1.000000e+00
   outer loop
     vertex -9.694721e+01 -1.280133e+00  1.900000e+01
     vertex -9.694759e+01 -2.671899e+01  1.900000e+01
     vertex -9.698343e+01 -1.360110e+00  1.900000e+01
   endloop
 endfacet
 facet normal  0.000000e+00 -0.000000e+00 -1.000000e+00
   outer loop
     vertex -9.694721e+01 -1.280133e+00  1.900000e+01
     vertex -9.691353e+01 -2.679998e+01  1.900000e+01
     vertex -9.694759e+01 -2.671899e+01  1.900000e+01
   endloop
 endfacet
 facet normal  0.000000e+00  0.000000e+00 -1.000000e+00
   outer loop
     vertex -9.691319e+01 -1.199193e+00  1.900000e+01
     vertex -9.691353e+01 -2.679998e+01  1.900000e+01
     vertex -9.694721e+01 -1.280133e+00  1.900000e+01
   endloop
 endfacet
 facet normal  0.000000e+00 -0.000000e+00 -1.000000e+00
   outer loop
     vertex -9.691319e+01 -1.199193e+00  1.900000e+01
     vertex -9.688170e+01 -2.688187e+01  1.900000e+01
     vertex -9.691353e+01 -2.679998e+01  1.900000e+01
   endloop
 endfacet
 facet normal  0.000000e+00  0.000000e+00 -1.000000e+00
   outer loop
     vertex -9.688141e+01 -1.117351e+00  1.900000e+01
     vertex -9.688170e+01 -2.688187e+01  1.900000e+01
     vertex -9.691319e+01 -1.199193e+00  1.900000e+01
   endloop
 endfacet
 facet normal  0.000000e+00 -0.000000e+00 -1.000000e+00
   outer loop
     vertex -9.688141e+01 -1.117351e+00  1.900000e+01
     vertex -9.685214e+01 -2.696461e+01  1.900000e+01
     vertex -9.688170e+01 -2.688187e+01  1.900000e+01
   endloop
 endfacet
 facet normal  0.000000e+00  0.000000e+00 -1.000000e+00
   outer loop
     vertex -9.685189e+01 -1.034667e+00  1.900000e+01
     vertex -9.685214e+01 -2.696461e+01  1.900000e+01
     vertex -9.688141e+01 -1.117351e+00  1.900000e+01
   endloop
 endfacet
 facet normal  0.000000e+00 -0.000000e+00 -1.000000e+00
   outer loop
     vertex -9.685189e+01 -1.034667e+00  1.900000e+01
     vertex -9.682485e+01 -2.704813e+01  1.900000e+01
     vertex -9.685214e+01 -2.696461e+01  1.900000e+01
   endloop
 endfacet
 facet normal  0.000000e+00  0.000000e+00 -1.000000e+00
   outer loop
     vertex -9.682464e+01 -9.512037e-01  1.900000e+01
     vertex -9.682485e+01 -2.704813e+01  1.900000e+01
     vertex -9.685189e+01 -1.034667e+00  1.900000e+01
   endloop
 endfacet
 facet normal  0.000000e+00 -0.000000e+00 -1.000000e+00
   outer loop
     vertex -9.682464e+01 -9.512037e-01  1.900000e+01
     vertex -9.679987e+01 -2.713236e+01  1.900000e+01
     vertex -9.682485e+01 -2.704813e+01  1.900000e+01
   endloop
 endfacet
 facet normal  0.000000e+00  0.000000e+00 -1.000000e+00
   outer loop
     vertex -9.679970e+01 -8.670249e-01  1.900000e+01
     vertex -9.679987e+01 -2.713236e+01  1.900000e+01
     vertex -9.682464e+01 -9.512037e-01  1.900000e+01
   endloop
 endfacet
 facet normal  0.000000e+00 -0.000000e+00 -1.000000e+00
   outer loop
     vertex -9.679970e+01 -8.670249e-01  1.900000e+01
     vertex -9.677721e+01 -2.721725e+01  1.900000e+01
     vertex -9.679987e+01 -2.713236e+01  1.900000e+01
   endloop
 endfacet
 facet normal  0.000000e+00  0.000000e+00 -1.000000e+00
   outer loop
     vertex -9.677707e+01 -7.821934e-01  1.900000e+01
     vertex -9.677721e+01 -2.721725e+01  1.900000e+01
     vertex -9.679970e+01 -8.670249e-01  1.900000e+01
   endloop
 endfacet
 facet normal  0.000000e+00 -0.000000e+00 -1.000000e+00
   outer loop
     vertex -9.677707e+01 -7.821934e-01  1.900000e+01
     vertex -9.675689e+01 -2.730273e+01  1.900000e+01
     vertex -9.677721e+01 -2.721725e+01  1.900000e+01
   endloop
 endfacet
 facet normal  0.000000e+00  0.000000e+00 -1.000000e+00
   outer loop
     vertex -9.675678e+01 -6.967730e-01  1.900000e+01
     vertex -9.675689e+01 -2.730273e+01  1.900000e+01
     vertex -9.677707e+01 -7.821934e-01  1.900000e+01
   endloop
 endfacet
 facet normal  0.000000e+00 -0.000000e+00 -1.000000e+00
   outer loop
     vertex -9.675678e+01 -6.967730e-01  1.900000e+01
     vertex -9.673892e+01 -2.738873e+01  1.900000e+01
     vertex -9.675689e+01 -2.730273e+01  1.900000e+01
   endloop
 endfacet
 facet normal  0.000000e+00  0.000000e+00 -1.000000e+00
   outer loop
     vertex -9.673884e+01 -6.108282e-01  1.900000e+01
     vertex -9.673892e+01 -2.738873e+01  1.900000e+01
     vertex -9.675678e+01 -6.967730e-01  1.900000e+01
   endloop
 endfacet
 facet normal  0.000000e+00 -0.000000e+00 -1.000000e+00
   outer loop
     vertex -9.673884e+01 -6.108282e-01  1.900000e+01
     vertex -9.672333e+01 -2.747520e+01  1.900000e+01
     vertex -9.673892e+01 -2.738873e+01  1.900000e+01
   endloop
 endfacet
 facet normal  0.000000e+00 -0.000000e+00 -1.000000e+00
   outer loop
     vertex -9.672326e+01 -5.244235e-01  1.900000e+01
     vertex -9.671011e+01 -2.756206e+01  1.900000e+01
     vertex -9.672333e+01 -2.747520e+01  1.900000e+01
   endloop
 endfacet
 facet normal  0.000000e+00  0.000000e+00 -1.000000e+00
   outer loop
     vertex -9.672326e+01 -5.244235e-01  1.900000e+01
     vertex -9.672333e+01 -2.747520e+01  1.900000e+01
     vertex -9.673884e+01 -6.108282e-01  1.900000e+01
   endloop
 endfacet
 facet normal  0.000000e+00 -0.000000e+00 -1.000000e+00
   outer loop
     vertex -9.671007e+01 -4.376241e-01  1.900000e+01
     vertex -7.488000e+01 -7.520000e+01  1.900000e+01
     vertex -9.671011e+01 -2.756206e+01  1.900000e+01
   endloop
 endfacet
 facet normal  0.000000e+00  0.000000e+00 -1.000000e+00
   outer loop
     vertex -9.671007e+01 -4.376241e-01  1.900000e+01
     vertex -9.671011e+01 -2.756206e+01  1.900000e+01
     vertex -9.672326e+01 -5.244235e-01  1.900000e+01
   endloop
 endfacet
 facet normal  0.000000e+00 -0.000000e+00 -1.000000e+00
   outer loop
     vertex -9.669925e+01 -3.504953e-01  1.900000e+01
     vertex -7.488000e+01 -7.520000e+01  1.900000e+01
     vertex -9.671007e+01 -4.376241e-01  1.900000e+01
   endloop
 endfacet
 facet normal  0.000000e+00 -0.000000e+00 -1.000000e+00
   outer loop
     vertex -9.669083e+01 -2.631026e-01  1.900000e+01
     vertex -7.488000e+01 -7.520000e+01  1.900000e+01
     vertex -9.669925e+01 -3.504953e-01  1.900000e+01
   endloop
 endfacet
 facet normal  0.000000e+00 -0.000000e+00 -1.000000e+00
   outer loop
     vertex -9.668482e+01 -1.755118e-01  1.900000e+01
     vertex -7.488000e+01 -7.520000e+01  1.900000e+01
     vertex -9.669083e+01 -2.631026e-01  1.900000e+01
   endloop
 endfacet
 facet normal  0.000000e+00 -0.000000e+00 -1.000000e+00
   outer loop
     vertex -9.668120e+01 -8.778895e-02  1.900000e+01
     vertex -7.488000e+01 -7.520000e+01  1.900000e+01
     vertex -9.668482e+01 -1.755118e-01  1.900000e+01
   endloop
 endfacet
 facet normal  0.000000e+00 -0.000000e+00 -1.000000e+00
   outer loop
     vertex -9.668000e+01 -7.837740e-16  1.900000e+01
     vertex -7.488000e+01 -7.520000e+01  1.900000e+01
     vertex -9.668120e+01 -8.778895e-02  1.900000e+01
   endloop
 endfacet
 facet normal  0.000000e+00 -0.000000e+00 -1.000000e+00
   outer loop
     vertex -1.021543e+02  2.574893e+01  1.900000e+01
     vertex -1.021505e+02  2.254968e+00  1.900000e+01
     vertex -1.022115e+02  2.191830e+00  1.900000e+01
   endloop
 endfacet
 facet normal  0.000000e+00 -0.000000e+00 -1.000000e+00
   outer loop
     vertex -1.020917e+02  2.568733e+01  1.900000e+01
     vertex -1.020878e+02  2.316408e+00  1.900000e+01
     vertex -1.021505e+02  2.254968e+00  1.900000e+01
   endloop
 endfacet
 facet normal -0.000000e+00  0.000000e+00 -1.000000e+00
   outer loop
     vertex -1.020917e+02  2.568733e+01  1.900000e+01
     vertex -1.021505e+02  2.254968e+00  1.900000e+01
     vertex -1.021543e+02  2.574893e+01  1.900000e+01
   endloop
 endfacet
 facet normal  0.000000e+00 -0.000000e+00 -1.000000e+00
   outer loop
     vertex -1.022153e+02  2.581221e+01  1.900000e+01
     vertex -1.022115e+02  2.191830e+00  1.900000e+01
     vertex -1.022708e+02  2.127043e+00  1.900000e+01
   endloop
 endfacet
 facet normal  0.000000e+00  0.000000e+00 -1.000000e+00
   outer loop
     vertex -1.022153e+02  2.581221e+01  1.900000e+01
     vertex -1.021543e+02  2.574893e+01  1.900000e+01
     vertex -1.022115e+02  2.191830e+00  1.900000e+01
   endloop
 endfacet
 facet normal  0.000000e+00 -0.000000e+00 -1.000000e+00
   outer loop
     vertex -1.020274e+02  2.562749e+01  1.900000e+01
     vertex -1.020234e+02  2.376104e+00  1.900000e+01
     vertex -1.020878e+02  2.316408e+00  1.900000e+01
   endloop
 endfacet
 facet normal -0.000000e+00  0.000000e+00 -1.000000e+00
   outer loop
     vertex -1.020274e+02  2.562749e+01  1.900000e+01
     vertex -1.020878e+02  2.316408e+00  1.900000e+01
     vertex -1.020917e+02  2.568733e+01  1.900000e+01
   endloop
 endfacet
 facet normal  0.000000e+00  0.000000e+00 -1.000000e+00
   outer loop
     vertex -1.022745e+02  2.587715e+01  1.900000e+01
     vertex -1.022153e+02  2.581221e+01  1.900000e+01
     vertex -1.022708e+02  2.127043e+00  1.900000e+01
   endloop
 endfacet
 facet normal  0.000000e+00 -0.000000e+00 -1.000000e+00
   outer loop
     vertex -1.022745e+02  2.587715e+01  1.900000e+01
     vertex -1.022708e+02  2.127043e+00  1.900000e+01
     vertex -1.023282e+02  2.060655e+00  1.900000e+01
   endloop
 endfacet
 facet normal  0.000000e+00 -0.000000e+00 -1.000000e+00
   outer loop
     vertex -1.019614e+02  2.556943e+01  1.900000e+01
     vertex -1.019574e+02  2.434012e+00  1.900000e+01
     vertex -1.020234e+02  2.376104e+00  1.900000e+01
   endloop
 endfacet
 facet normal -0.000000e+00  0.000000e+00 -1.000000e+00
   outer loop
     vertex -1.019614e+02  2.556943e+01  1.900000e+01
     vertex -1.020234e+02  2.376104e+00  1.900000e+01
     vertex -1.020274e+02  2.562749e+01  1.900000e+01
   endloop
 endfacet
 facet normal  0.000000e+00  0.000000e+00 -1.000000e+00
   outer loop
     vertex -1.023319e+02  2.594369e+01  1.900000e+01
     vertex -1.022745e+02  2.587715e+01  1.900000e+01
     vertex -1.023282e+02  2.060655e+00  1.900000e+01
   endloop
 endfacet
 facet normal  0.000000e+00 -0.000000e+00 -1.000000e+00
   outer loop
     vertex -1.023319e+02  2.594369e+01  1.900000e+01
     vertex -1.023282e+02  2.060655e+00  1.900000e+01
     vertex -1.023838e+02  1.992715e+00  1.900000e+01
   endloop
 endfacet
 facet normal  0.000000e+00 -0.000000e+00 -1.000000e+00
   outer loop
     vertex -1.018939e+02  2.551320e+01  1.900000e+01
     vertex -1.018898e+02  2.490087e+00  1.900000e+01
     vertex -1.019574e+02  2.434012e+00  1.900000e+01
   endloop
 endfacet
 facet normal -0.000000e+00  0.000000e+00 -1.000000e+00
   outer loop
     vertex -1.018939e+02  2.551320e+01  1.900000e+01
     vertex -1.019574e+02  2.434012e+00  1.900000e+01
     vertex -1.019614e+02  2.556943e+01  1.900000e+01
   endloop
 endfacet
 facet normal  0.000000e+00  0.000000e+00 -1.000000e+00
   outer loop
     vertex -1.023874e+02  2.601178e+01  1.900000e+01
     vertex -1.023319e+02  2.594369e+01  1.900000e+01
     vertex -1.023838e+02  1.992715e+00  1.900000e+01
   endloop
 endfacet
 facet normal  0.000000e+00 -0.000000e+00 -1.000000e+00
   outer loop
     vertex -1.023874e+02  2.601178e+01  1.900000e+01
     vertex -1.023838e+02  1.992715e+00  1.900000e+01
     vertex -1.024375e+02  1.923275e+00  1.900000e+01
   endloop
 endfacet
 facet normal  0.000000e+00 -0.000000e+00 -1.000000e+00
   outer loop
     vertex -1.018249e+02  2.545885e+01  1.900000e+01
     vertex -1.018208e+02  2.544288e+00  1.900000e+01
     vertex -1.018898e+02  2.490087e+00  1.900000e+01
   endloop
 endfacet
 facet normal -0.000000e+00  0.000000e+00 -1.000000e+00
   outer loop
     vertex -1.018249e+02  2.545885e+01  1.900000e+01
     vertex -1.018898e+02  2.490087e+00  1.900000e+01
     vertex -1.018939e+02  2.551320e+01  1.900000e+01
   endloop
 endfacet
 facet normal  0.000000e+00  0.000000e+00 -1.000000e+00
   outer loop
     vertex -1.024410e+02  2.608137e+01  1.900000e+01
     vertex -1.023874e+02  2.601178e+01  1.900000e+01
     vertex -1.024375e+02  1.923275e+00  1.900000e+01
   endloop
 endfacet
 facet normal  0.000000e+00 -0.000000e+00 -1.000000e+00
   outer loop
     vertex -1.024410e+02  2.608137e+01  1.900000e+01
     vertex -1.024375e+02  1.923275e+00  1.900000e+01
     vertex -1.024893e+02  1.852387e+00  1.900000e+01
   endloop
 endfacet
 facet normal  0.000000e+00 -0.000000e+00 -1.000000e+00
   outer loop
     vertex -1.017544e+02  2.540641e+01  1.900000e+01
     vertex -1.017502e+02  2.596574e+00  1.900000e+01
     vertex -1.018208e+02  2.544288e+00  1.900000e+01
   endloop
 endfacet
 facet normal -0.000000e+00  0.000000e+00 -1.000000e+00
   outer loop
     vertex -1.017544e+02  2.540641e+01  1.900000e+01
     vertex -1.018208e+02  2.544288e+00  1.900000e+01
     vertex -1.018249e+02  2.545885e+01  1.900000e+01
   endloop
 endfacet
 facet normal  0.000000e+00  0.000000e+00 -1.000000e+00
   outer loop
     vertex -1.024927e+02  2.615240e+01  1.900000e+01
     vertex -1.024410e+02  2.608137e+01  1.900000e+01
     vertex -1.024893e+02  1.852387e+00  1.900000e+01
   endloop
 endfacet
 facet normal  0.000000e+00 -0.000000e+00 -1.000000e+00
   outer loop
     vertex -1.024927e+02  2.615240e+01  1.900000e+01
     vertex -1.024893e+02  1.852387e+00  1.900000e+01
     vertex -1.025392e+02  1.780105e+00  1.900000e+01
   endloop
 endfacet
 facet normal  0.000000e+00 -0.000000e+00 -1.000000e+00
   outer loop
     vertex -1.016825e+02  2.535593e+01  1.900000e+01
     vertex -1.016783e+02  2.646905e+00  1.900000e+01
     vertex -1.017502e+02  2.596574e+00  1.900000e+01
   endloop
 endfacet
 facet normal -0.000000e+00  0.000000e+00 -1.000000e+00
   outer loop
     vertex -1.016825e+02  2.535593e+01  1.900000e+01
     vertex -1.017502e+02  2.596574e+00  1.900000e+01
     vertex -1.017544e+02  2.540641e+01  1.900000e+01
   endloop
 endfacet
 facet normal  0.000000e+00  0.000000e+00 -1.000000e+00
   outer loop
     vertex -1.025425e+02  2.622483e+01  1.900000e+01
     vertex -1.024927e+02  2.615240e+01  1.900000e+01
     vertex -1.025392e+02  1.780105e+00  1.900000e+01
   endloop
 endfacet
 facet normal  0.000000e+00 -0.000000e+00 -1.000000e+00
   outer loop
     vertex -1.025425e+02  2.622483e+01  1.900000e+01
     vertex -1.025392e+02  1.780105e+00  1.900000e+01
     vertex -1.025870e+02  1.706483e+00  1.900000e+01
   endloop
 endfacet
 facet normal  0.000000e+00 -0.000000e+00 -1.000000e+00
   outer loop
     vertex -1.016092e+02  2.530744e+01  1.900000e+01
     vertex -1.016050e+02  2.695243e+00  1.900000e+01
     vertex -1.016783e+02  2.646905e+00  1.900000e+01
   endloop
 endfacet
 facet normal -0.000000e+00  0.000000e+00 -1.000000e+00
   outer loop
     vertex -1.016092e+02  2.530744e+01  1.900000e+01
     vertex -1.016783e+02  2.646905e+00  1.900000e+01
     vertex -1.016825e+02  2.535593e+01  1.900000e+01
   endloop
 endfacet
 facet normal  0.000000e+00  0.000000e+00 -1.000000e+00
   outer loop
     vertex -1.025902e+02  2.629859e+01  1.900000e+01
     vertex -1.025425e+02  2.622483e+01  1.900000e+01
     vertex -1.025870e+02  1.706483e+00  1.900000e+01
   endloop
 endfacet
 facet normal  0.000000e+00 -0.000000e+00 -1.000000e+00
   outer loop
     vertex -1.025902e+02  2.629859e+01  1.900000e+01
     vertex -1.025870e+02  1.706483e+00  1.900000e+01
     vertex -1.026328e+02  1.631577e+00  1.900000e+01
   endloop
 endfacet
 facet normal -0.000000e+00  0.000000e+00 -1.000000e+00
   outer loop
     vertex -1.015346e+02  2.526098e+01  1.900000e+01
     vertex -1.016050e+02  2.695243e+00  1.900000e+01
     vertex -1.016092e+02  2.530744e+01  1.900000e+01
   endloop
 endfacet
 facet normal  0.000000e+00 -0.000000e+00 -1.000000e+00
   outer loop
     vertex -1.015346e+02  2.526098e+01  1.900000e+01
     vertex -1.015304e+02  2.741553e+00  1.900000e+01
     vertex -1.016050e+02  2.695243e+00  1.900000e+01
   endloop
 endfacet
 facet normal  0.000000e+00  0.000000e+00 -1.000000e+00
   outer loop
     vertex -1.026359e+02  2.637364e+01  1.900000e+01
     vertex -1.025902e+02  2.629859e+01  1.900000e+01
     vertex -1.026328e+02  1.631577e+00  1.900000e+01
   endloop
 endfacet
 facet normal  0.000000e+00 -0.000000e+00 -1.000000e+00
   outer loop
     vertex -1.026359e+02  2.637364e+01  1.900000e+01
     vertex -1.026328e+02  1.631577e+00  1.900000e+01
     vertex -1.026765e+02  1.555442e+00  1.900000e+01
   endloop
 endfacet
 facet normal -0.000000e+00  0.000000e+00 -1.000000e+00
   outer loop
     vertex -1.014588e+02  2.521659e+01  1.900000e+01
     vertex -1.015304e+02  2.741553e+00  1.900000e+01
     vertex -1.015346e+02  2.526098e+01  1.900000e+01
   endloop
 endfacet
 facet normal  0.000000e+00 -0.000000e+00 -1.000000e+00
   outer loop
     vertex -1.014588e+02  2.521659e+01  1.900000e+01
     vertex -1.014546e+02  2.785799e+00  1.900000e+01
     vertex -1.015304e+02  2.741553e+00  1.900000e+01
   endloop
 endfacet
 facet normal  0.000000e+00  0.000000e+00 -1.000000e+00
   outer loop
     vertex -1.026795e+02  2.644991e+01  1.900000e+01
     vertex -1.026359e+02  2.637364e+01  1.900000e+01
     vertex -1.026765e+02  1.555442e+00  1.900000e+01
   endloop
 endfacet
 facet normal  0.000000e+00 -0.000000e+00 -1.000000e+00
   outer loop
     vertex -1.026795e+02  2.644991e+01  1.900000e+01
     vertex -1.026765e+02  1.555442e+00  1.900000e+01
     vertex -1.027182e+02  1.478136e+00  1.900000e+01
   endloop
 endfacet
 facet normal -0.000000e+00  0.000000e+00 -1.000000e+00
   outer loop
     vertex -1.013818e+02  2.517429e+01  1.900000e+01
     vertex -1.014546e+02  2.785799e+00  1.900000e+01
     vertex -1.014588e+02  2.521659e+01  1.900000e+01
   endloop
 endfacet
 facet normal  0.000000e+00 -0.000000e+00 -1.000000e+00
   outer loop
     vertex -1.013818e+02  2.517429e+01  1.900000e+01
     vertex -1.013776e+02  2.827947e+00  1.900000e+01
     vertex -1.014546e+02  2.785799e+00  1.900000e+01
   endloop
 endfacet
 facet normal  0.000000e+00 -0.000000e+00 -1.000000e+00
   outer loop
     vertex -1.027210e+02  2.652735e+01  1.900000e+01
     vertex -1.027182e+02  1.478136e+00  1.900000e+01
     vertex -1.027576e+02  1.399718e+00  1.900000e+01
   endloop
 endfacet
 facet normal  0.000000e+00  0.000000e+00 -1.000000e+00
   outer loop
     vertex -1.027210e+02  2.652735e+01  1.900000e+01
     vertex -1.026795e+02  2.644991e+01  1.900000e+01
     vertex -1.027182e+02  1.478136e+00  1.900000e+01
   endloop
 endfacet
 facet normal  0.000000e+00 -0.000000e+00 -1.000000e+00
   outer loop
     vertex -1.013037e+02  2.513413e+01  1.900000e+01
     vertex -1.012994e+02  2.867967e+00  1.900000e+01
     vertex -1.013776e+02  2.827947e+00  1.900000e+01
   endloop
 endfacet
 facet normal -0.000000e+00  0.000000e+00 -1.000000e+00
   outer loop
     vertex -1.013037e+02  2.513413e+01  1.900000e+01
     vertex -1.013776e+02  2.827947e+00  1.900000e+01
     vertex -1.013818e+02  2.517429e+01  1.900000e+01
   endloop
 endfacet
 facet normal  0.000000e+00 -0.000000e+00 -1.000000e+00
   outer loop
     vertex -1.027604e+02  2.660590e+01  1.900000e+01
     vertex -1.027576e+02  1.399718e+00  1.900000e+01
     vertex -1.027950e+02  1.320246e+00  1.900000e+01
   endloop
 endfacet
 facet normal  0.000000e+00  0.000000e+00 -1.000000e+00
   outer loop
     vertex -1.027604e+02  2.660590e+01  1.900000e+01
     vertex -1.027210e+02  2.652735e+01  1.900000e+01
     vertex -1.027576e+02  1.399718e+00  1.900000e+01
   endloop
 endfacet
 facet normal -0.000000e+00  0.000000e+00 -1.000000e+00
   outer loop
     vertex -1.012244e+02  2.509612e+01  1.900000e+01
     vertex -1.012994e+02  2.867967e+00  1.900000e+01
     vertex -1.013037e+02  2.513413e+01  1.900000e+01
   endloop
 endfacet
 facet normal  0.000000e+00 -0.000000e+00 -1.000000e+00
   outer loop
     vertex -1.012244e+02  2.509612e+01  1.900000e+01
     vertex -1.012202e+02  2.905828e+00  1.900000e+01
     vertex -1.012994e+02  2.867967e+00  1.900000e+01
   endloop
 endfacet
 facet normal  0.000000e+00 -0.000000e+00 -1.000000e+00
   outer loop
     vertex -1.027976e+02  2.668551e+01  1.900000e+01
     vertex -1.027950e+02  1.320246e+00  1.900000e+01
     vertex -1.028301e+02  1.239780e+00  1.900000e+01
   endloop
 endfacet
 facet normal  0.000000e+00  0.000000e+00 -1.000000e+00
   outer loop
     vertex -1.027976e+02  2.668551e+01  1.900000e+01
     vertex -1.027604e+02  2.660590e+01  1.900000e+01
     vertex -1.027950e+02  1.320246e+00  1.900000e+01
   endloop
 endfacet
 facet normal  0.000000e+00 -0.000000e+00 -1.000000e+00
   outer loop
     vertex -1.011442e+02  2.506031e+01  1.900000e+01
     vertex -1.011400e+02  2.941502e+00  1.900000e+01
     vertex -1.012202e+02  2.905828e+00  1.900000e+01
   endloop
 endfacet
 facet normal -0.000000e+00  0.000000e+00 -1.000000e+00
   outer loop
     vertex -1.011442e+02  2.506031e+01  1.900000e+01
     vertex -1.012202e+02  2.905828e+00  1.900000e+01
     vertex -1.012244e+02  2.509612e+01  1.900000e+01
   endloop
 endfacet
 facet normal  0.000000e+00  0.000000e+00 -1.000000e+00
   outer loop
     vertex -1.028325e+02  2.676610e+01  1.900000e+01
     vertex -1.027976e+02  2.668551e+01  1.900000e+01
     vertex -1.028301e+02  1.239780e+00  1.900000e+01
   endloop
 endfacet
 facet normal  0.000000e+00 -0.000000e+00 -1.000000e+00
   outer loop
     vertex -1.028325e+02  2.676610e+01  1.900000e+01
     vertex -1.028301e+02  1.239780e+00  1.900000e+01
     vertex -1.028630e+02  1.158381e+00  1.900000e+01
   endloop
 endfacet
 facet normal  0.000000e+00 -0.000000e+00 -1.000000e+00
   outer loop
     vertex -1.010630e+02  2.502671e+01  1.900000e+01
     vertex -1.010588e+02  2.974961e+00  1.900000e+01
     vertex -1.011400e+02  2.941502e+00  1.900000e+01
   endloop
 endfacet
 facet normal -0.000000e+00  0.000000e+00 -1.000000e+00
   outer loop
     vertex -1.010630e+02  2.502671e+01  1.900000e+01
     vertex -1.011400e+02  2.941502e+00  1.900000e+01
     vertex -1.011442e+02  2.506031e+01  1.900000e+01
   endloop
 endfacet
 facet normal  0.000000e+00  0.000000e+00 -1.000000e+00
   outer loop
     vertex -1.028653e+02  2.684762e+01  1.900000e+01
     vertex -1.028325e+02  2.676610e+01  1.900000e+01
     vertex -1.028630e+02  1.158381e+00  1.900000e+01
   endloop
 endfacet
 facet normal  0.000000e+00 -0.000000e+00 -1.000000e+00
   outer loop
     vertex -1.028653e+02  2.684762e+01  1.900000e+01
     vertex -1.028630e+02  1.158381e+00  1.900000e+01
     vertex -1.028936e+02  1.076110e+00  1.900000e+01
   endloop
 endfacet
 facet normal  0.000000e+00 -0.000000e+00 -1.000000e+00
   outer loop
     vertex -1.009809e+02  2.499535e+01  1.900000e+01
     vertex -1.009768e+02  3.006181e+00  1.900000e+01
     vertex -1.010588e+02  2.974961e+00  1.900000e+01
   endloop
 endfacet
 facet normal -0.000000e+00  0.000000e+00 -1.000000e+00
   outer loop
     vertex -1.009809e+02  2.499535e+01  1.900000e+01
     vertex -1.010588e+02  2.974961e+00  1.900000e+01
     vertex -1.010630e+02  2.502671e+01  1.900000e+01
   endloop
 endfacet
 facet normal  0.000000e+00 -0.000000e+00 -1.000000e+00
   outer loop
     vertex -1.028958e+02  2.693002e+01  1.900000e+01
     vertex -1.028936e+02  1.076110e+00  1.900000e+01
     vertex -1.029220e+02  9.930286e-01  1.900000e+01
   endloop
 endfacet
 facet normal  0.000000e+00  0.000000e+00 -1.000000e+00
   outer loop
     vertex -1.028958e+02  2.693002e+01  1.900000e+01
     vertex -1.028653e+02  2.684762e+01  1.900000e+01
     vertex -1.028936e+02  1.076110e+00  1.900000e+01
   endloop
 endfacet
 facet normal -0.000000e+00  0.000000e+00 -1.000000e+00
   outer loop
     vertex -1.008980e+02  2.496626e+01  1.900000e+01
     vertex -1.009768e+02  3.006181e+00  1.900000e+01
     vertex -1.009809e+02  2.499535e+01  1.900000e+01
   endloop
 endfacet
 facet normal  0.000000e+00 -0.000000e+00 -1.000000e+00
   outer loop
     vertex -1.008980e+02  2.496626e+01  1.900000e+01
     vertex -1.008939e+02  3.035138e+00  1.900000e+01
     vertex -1.009768e+02  3.006181e+00  1.900000e+01
   endloop
 endfacet
 facet normal  0.000000e+00 -0.000000e+00 -1.000000e+00
   outer loop
     vertex -1.029241e+02  2.701322e+01  1.900000e+01
     vertex -1.029220e+02  9.930286e-01  1.900000e+01
     vertex -1.029481e+02  9.091999e-01  1.900000e+01
   endloop
 endfacet
 facet normal  0.000000e+00  0.000000e+00 -1.000000e+00
   outer loop
     vertex -1.029241e+02  2.701322e+01  1.900000e+01
     vertex -1.028958e+02  2.693002e+01  1.900000e+01
     vertex -1.029220e+02  9.930286e-01  1.900000e+01
   endloop
 endfacet
 facet normal  0.000000e+00 -0.000000e+00 -1.000000e+00
   outer loop
     vertex -1.008144e+02  2.493945e+01  1.900000e+01
     vertex -1.008102e+02  3.061811e+00  1.900000e+01
     vertex -1.008939e+02  3.035138e+00  1.900000e+01
   endloop
 endfacet
 facet normal -0.000000e+00  0.000000e+00 -1.000000e+00
   outer loop
     vertex -1.008144e+02  2.493945e+01  1.900000e+01
     vertex -1.008939e+02  3.035138e+00  1.900000e+01
     vertex -1.008980e+02  2.496626e+01  1.900000e+01
   endloop
 endfacet
 facet normal  0.000000e+00 -0.000000e+00 -1.000000e+00
   outer loop
     vertex -1.029500e+02  2.709716e+01  1.900000e+01
     vertex -1.029481e+02  9.091999e-01  1.900000e+01
     vertex -1.029719e+02  8.246867e-01  1.900000e+01
   endloop
 endfacet
 facet normal  0.000000e+00  0.000000e+00 -1.000000e+00
   outer loop
     vertex -1.029500e+02  2.709716e+01  1.900000e+01
     vertex -1.029241e+02  2.701322e+01  1.900000e+01
     vertex -1.029481e+02  9.091999e-01  1.900000e+01
   endloop
 endfacet
 facet normal  0.000000e+00 -0.000000e+00 -1.000000e+00
   outer loop
     vertex -1.007300e+02  2.491495e+01  1.900000e+01
     vertex -1.007259e+02  3.086178e+00  1.900000e+01
     vertex -1.008102e+02  3.061811e+00  1.900000e+01
   endloop
 endfacet
 facet normal -0.000000e+00  0.000000e+00 -1.000000e+00
   outer loop
     vertex -1.007300e+02  2.491495e+01  1.900000e+01
     vertex -1.008102e+02  3.061811e+00  1.900000e+01
     vertex -1.008144e+02  2.493945e+01  1.900000e+01
   endloop
 endfacet
 facet normal  0.000000e+00  0.000000e+00 -1.000000e+00
   outer loop
     vertex -1.029736e+02  2.718178e+01  1.900000e+01
     vertex -1.029500e+02  2.709716e+01  1.900000e+01
     vertex -1.029719e+02  8.246867e-01  1.900000e+01
   endloop
 endfacet
 facet normal  0.000000e+00 -0.000000e+00 -1.000000e+00
   outer loop
     vertex -1.029736e+02  2.718178e+01  1.900000e+01
     vertex -1.029719e+02  8.246867e-01  1.900000e+01
     vertex -1.029934e+02  7.395528e-01  1.900000e+01
   endloop
 endfacet
 facet normal  0.000000e+00 -0.000000e+00 -1.000000e+00
   outer loop
     vertex -1.006450e+02  2.489278e+01  1.900000e+01
     vertex -1.006409e+02  3.108222e+00  1.900000e+01
     vertex -1.007259e+02  3.086178e+00  1.900000e+01
   endloop
 endfacet
 facet normal -0.000000e+00  0.000000e+00 -1.000000e+00
   outer loop
     vertex -1.006450e+02  2.489278e+01  1.900000e+01
     vertex -1.007259e+02  3.086178e+00  1.900000e+01
     vertex -1.007300e+02  2.491495e+01  1.900000e+01
   endloop
 endfacet
 facet normal  0.000000e+00  0.000000e+00 -1.000000e+00
   outer loop
     vertex -1.029949e+02  2.726702e+01  1.900000e+01
     vertex -1.029736e+02  2.718178e+01  1.900000e+01
     vertex -1.029934e+02  7.395528e-01  1.900000e+01
   endloop
 endfacet
 facet normal  0.000000e+00 -0.000000e+00 -1.000000e+00
   outer loop
     vertex -1.029949e+02  2.726702e+01  1.900000e+01
     vertex -1.029934e+02  7.395528e-01  1.900000e+01
     vertex -1.030125e+02  6.538621e-01  1.900000e+01
   endloop
 endfacet
 facet normal -0.000000e+00  0.000000e+00 -1.000000e+00
   outer loop
     vertex -1.005594e+02  2.487295e+01  1.900000e+01
     vertex -1.006409e+02  3.108222e+00  1.900000e+01
     vertex -1.006450e+02  2.489278e+01  1.900000e+01
   endloop
 endfacet
 facet normal  0.000000e+00 -0.000000e+00 -1.000000e+00
   outer loop
     vertex -1.005594e+02  2.487295e+01  1.900000e+01
     vertex -1.005553e+02  3.127927e+00  1.900000e+01
     vertex -1.006409e+02  3.108222e+00  1.900000e+01
   endloop
 endfacet
 facet normal  0.000000e+00  0.000000e+00 -1.000000e+00
   outer loop
     vertex -1.030139e+02  2.735282e+01  1.900000e+01
     vertex -1.029949e+02  2.726702e+01  1.900000e+01
     vertex -1.030125e+02  6.538621e-01  1.900000e+01
   endloop
 endfacet
 facet normal  0.000000e+00 -0.000000e+00 -1.000000e+00
   outer loop
     vertex -1.030139e+02  2.735282e+01  1.900000e+01
     vertex -1.030125e+02  6.538621e-01  1.900000e+01
     vertex -1.030292e+02  5.676793e-01  1.900000e+01
   endloop
 endfacet
 facet normal  0.000000e+00 -0.000000e+00 -1.000000e+00
   outer loop
     vertex -1.004733e+02  2.485548e+01  1.900000e+01
     vertex -1.004693e+02  3.145276e+00  1.900000e+01
     vertex -1.005553e+02  3.127927e+00  1.900000e+01
   endloop
 endfacet
 facet normal -0.000000e+00  0.000000e+00 -1.000000e+00
   outer loop
     vertex -1.004733e+02  2.485548e+01  1.900000e+01
     vertex -1.005553e+02  3.127927e+00  1.900000e+01
     vertex -1.005594e+02  2.487295e+01  1.900000e+01
   endloop
 endfacet
 facet normal  0.000000e+00  0.000000e+00 -1.000000e+00
   outer loop
     vertex -1.030305e+02  2.743910e+01  1.900000e+01
     vertex -1.030139e+02  2.735282e+01  1.900000e+01
     vertex -1.030292e+02  5.676793e-01  1.900000e+01
   endloop
 endfacet
 facet normal  0.000000e+00 -0.000000e+00 -1.000000e+00
   outer loop
     vertex -1.030305e+02  2.743910e+01  1.900000e+01
     vertex -1.030292e+02  5.676793e-01  1.900000e+01
     vertex -1.030436e+02  4.810691e-01  1.900000e+01
   endloop
 endfacet
 facet normal -0.000000e+00  0.000000e+00 -1.000000e+00
   outer loop
     vertex -1.003867e+02  2.484038e+01  1.900000e+01
     vertex -1.004693e+02  3.145276e+00  1.900000e+01
     vertex -1.004733e+02  2.485548e+01  1.900000e+01
   endloop
 endfacet
 facet normal  0.000000e+00 -0.000000e+00 -1.000000e+00
   outer loop
     vertex -1.003867e+02  2.484038e+01  1.900000e+01
     vertex -1.003828e+02  3.160259e+00  1.900000e+01
     vertex -1.004693e+02  3.145276e+00  1.900000e+01
   endloop
 endfacet
 facet normal  0.000000e+00  0.000000e+00 -1.000000e+00
   outer loop
     vertex -1.030447e+02  2.752580e+01  1.900000e+01
     vertex -1.030305e+02  2.743910e+01  1.900000e+01
     vertex -1.030436e+02  4.810691e-01  1.900000e+01
   endloop
 endfacet
 facet normal  0.000000e+00 -0.000000e+00 -1.000000e+00
   outer loop
     vertex -1.002998e+02  2.482765e+01  1.900000e+01
     vertex -1.002959e+02  3.172862e+00  1.900000e+01
     vertex -1.003828e+02  3.160259e+00  1.900000e+01
   endloop
 endfacet
 facet normal -0.000000e+00  0.000000e+00 -1.000000e+00
   outer loop
     vertex -1.002998e+02  2.482765e+01  1.900000e+01
     vertex -1.003828e+02  3.160259e+00  1.900000e+01
     vertex -1.003867e+02  2.484038e+01  1.900000e+01
   endloop
 endfacet
 facet normal -0.000000e+00  0.000000e+00 -1.000000e+00
   outer loop
     vertex -1.002125e+02  2.481733e+01  1.900000e+01
     vertex -1.002959e+02  3.172862e+00  1.900000e+01
     vertex -1.002998e+02  2.482765e+01  1.900000e+01
   endloop
 endfacet
 facet normal  0.000000e+00 -0.000000e+00 -1.000000e+00
   outer loop
     vertex -1.002125e+02  2.481733e+01  1.900000e+01
     vertex -1.002087e+02  3.183077e+00  1.900000e+01
     vertex -1.002959e+02  3.172862e+00  1.900000e+01
   endloop
 endfacet
 facet normal  0.000000e+00 -0.000000e+00 -1.000000e+00
   outer loop
     vertex -1.001250e+02  2.480940e+01  1.900000e+01
     vertex -1.001212e+02  3.190895e+00  1.900000e+01
     vertex -1.002087e+02  3.183077e+00  1.900000e+01
   endloop
 endfacet
 facet normal -0.000000e+00  0.000000e+00 -1.000000e+00
   outer loop
     vertex -1.001250e+02  2.480940e+01  1.900000e+01
     vertex -1.002087e+02  3.183077e+00  1.900000e+01
     vertex -1.002125e+02  2.481733e+01  1.900000e+01
   endloop
 endfacet
 facet normal  0.000000e+00 -0.000000e+00 -1.000000e+00
   outer loop
     vertex -1.000373e+02  2.480387e+01  1.900000e+01
     vertex -1.000336e+02  3.196312e+00  1.900000e+01
     vertex -1.001212e+02  3.190895e+00  1.900000e+01
   endloop
 endfacet
 facet normal -0.000000e+00  0.000000e+00 -1.000000e+00
   outer loop
     vertex -1.000373e+02  2.480387e+01  1.900000e+01
     vertex -1.001212e+02  3.190895e+00  1.900000e+01
     vertex -1.001250e+02  2.480940e+01  1.900000e+01
   endloop
 endfacet
 facet normal  0.000000e+00 -0.000000e+00 -1.000000e+00
   outer loop
     vertex -9.994954e+01  2.480076e+01  1.900000e+01
     vertex -9.994585e+01  3.199322e+00  1.900000e+01
     vertex -1.000336e+02  3.196312e+00  1.900000e+01
   endloop
 endfacet
 facet normal -0.000000e+00  0.000000e+00 -1.000000e+00
   outer loop
     vertex -9.994954e+01  2.480076e+01  1.900000e+01
     vertex -1.000336e+02  3.196312e+00  1.900000e+01
     vertex -1.000373e+02  2.480387e+01  1.900000e+01
   endloop
 endfacet
 facet normal -0.000000e+00  0.000000e+00 -1.000000e+00
   outer loop
     vertex -9.986168e+01  2.480005e+01  1.900000e+01
     vertex -9.994585e+01  3.199322e+00  1.900000e+01
     vertex -9.994954e+01  2.480076e+01  1.900000e+01
   endloop
 endfacet
 facet normal  0.000000e+00 -0.000000e+00 -1.000000e+00
   outer loop
     vertex -9.986168e+01  2.480005e+01  1.900000e+01
     vertex -9.985805e+01  3.199925e+00  1.900000e+01
     vertex -9.994585e+01  3.199322e+00  1.900000e+01
   endloop
 endfacet
 facet normal  0.000000e+00  0.000000e+00 -1.000000e+00
   outer loop
     vertex -9.977384e+01  2.480176e+01  1.900000e+01
     vertex -9.985805e+01  3.199925e+00  1.900000e+01
     vertex -9.986168e+01  2.480005e+01  1.900000e+01
   endloop
 endfacet
 facet normal  0.000000e+00 -0.000000e+00 -1.000000e+00
   outer loop
     vertex -9.977384e+01  2.480176e+01  1.900000e+01
     vertex -9.977027e+01  3.198118e+00  1.900000e+01
     vertex -9.985805e+01  3.199925e+00  1.900000e+01
   endloop
 endfacet
 facet normal  0.000000e+00 -0.000000e+00 -1.000000e+00
   outer loop
     vertex -9.968608e+01  2.480588e+01  1.900000e+01
     vertex -9.968258e+01  3.193904e+00  1.900000e+01
     vertex -9.977027e+01  3.198118e+00  1.900000e+01
   endloop
 endfacet
 facet normal  0.000000e+00  0.000000e+00 -1.000000e+00
   outer loop
     vertex -9.968608e+01  2.480588e+01  1.900000e+01
     vertex -9.977027e+01  3.198118e+00  1.900000e+01
     vertex -9.977384e+01  2.480176e+01  1.900000e+01
   endloop
 endfacet
 facet normal  0.000000e+00  0.000000e+00 -1.000000e+00
   outer loop
     vertex -9.959846e+01  2.481241e+01  1.900000e+01
     vertex -9.968258e+01  3.193904e+00  1.900000e+01
     vertex -9.968608e+01  2.480588e+01  1.900000e+01
   endloop
 endfacet
 facet normal  0.000000e+00 -0.000000e+00 -1.000000e+00
   outer loop
     vertex -9.959846e+01  2.481241e+01  1.900000e+01
     vertex -9.959503e+01  3.187286e+00  1.900000e+01
     vertex -9.968258e+01  3.193904e+00  1.900000e+01
   endloop
 endfacet
 facet normal  0.000000e+00 -0.000000e+00 -1.000000e+00
   outer loop
     vertex -9.951105e+01  2.482134e+01  1.900000e+01
     vertex -9.950770e+01  3.178268e+00  1.900000e+01
     vertex -9.959503e+01  3.187286e+00  1.900000e+01
   endloop
 endfacet
 facet normal  0.000000e+00  0.000000e+00 -1.000000e+00
   outer loop
     vertex -9.951105e+01  2.482134e+01  1.900000e+01
     vertex -9.959503e+01  3.187286e+00  1.900000e+01
     vertex -9.959846e+01  2.481241e+01  1.900000e+01
   endloop
 endfacet
 facet normal  0.000000e+00  0.000000e+00 -1.000000e+00
   outer loop
     vertex -9.942392e+01  2.483267e+01  1.900000e+01
     vertex -9.950770e+01  3.178268e+00  1.900000e+01
     vertex -9.951105e+01  2.482134e+01  1.900000e+01
   endloop
 endfacet
 facet normal  0.000000e+00 -0.000000e+00 -1.000000e+00
   outer loop
     vertex -9.942392e+01  2.483267e+01  1.900000e+01
     vertex -9.942064e+01  3.166858e+00  1.900000e+01
     vertex -9.950770e+01  3.178268e+00  1.900000e+01
   endloop
 endfacet
 facet normal  0.000000e+00 -0.000000e+00 -1.000000e+00
   outer loop
     vertex -9.933714e+01  2.484638e+01  1.900000e+01
     vertex -9.933394e+01  3.153064e+00  1.900000e+01
     vertex -9.942064e+01  3.166858e+00  1.900000e+01
   endloop
 endfacet
 facet normal  0.000000e+00  0.000000e+00 -1.000000e+00
   outer loop
     vertex -9.933714e+01  2.484638e+01  1.900000e+01
     vertex -9.942064e+01  3.166858e+00  1.900000e+01
     vertex -9.942392e+01  2.483267e+01  1.900000e+01
   endloop
 endfacet
 facet normal  0.000000e+00 -0.000000e+00 -1.000000e+00
   outer loop
     vertex -9.925077e+01  2.486247e+01  1.900000e+01
     vertex -9.924764e+01  3.136897e+00  1.900000e+01
     vertex -9.933394e+01  3.153064e+00  1.900000e+01
   endloop
 endfacet
 facet normal  0.000000e+00  0.000000e+00 -1.000000e+00
   outer loop
     vertex -9.925077e+01  2.486247e+01  1.900000e+01
     vertex -9.933394e+01  3.153064e+00  1.900000e+01
     vertex -9.933714e+01  2.484638e+01  1.900000e+01
   endloop
 endfacet
 facet normal  0.000000e+00 -0.000000e+00 -1.000000e+00
   outer loop
     vertex -9.916487e+01  2.488093e+01  1.900000e+01
     vertex -9.916182e+01  3.118368e+00  1.900000e+01
     vertex -9.924764e+01  3.136897e+00  1.900000e+01
   endloop
 endfacet
 facet normal  0.000000e+00  0.000000e+00 -1.000000e+00
   outer loop
     vertex -9.916487e+01  2.488093e+01  1.900000e+01
     vertex -9.924764e+01  3.136897e+00  1.900000e+01
     vertex -9.925077e+01  2.486247e+01  1.900000e+01
   endloop
 endfacet
 facet normal  0.000000e+00 -0.000000e+00 -1.000000e+00
   outer loop
     vertex -9.907950e+01  2.490174e+01  1.900000e+01
     vertex -9.907654e+01  3.097492e+00  1.900000e+01
     vertex -9.916182e+01  3.118368e+00  1.900000e+01
   endloop
 endfacet
 facet normal  0.000000e+00  0.000000e+00 -1.000000e+00
   outer loop
     vertex -9.907950e+01  2.490174e+01  1.900000e+01
     vertex -9.916182e+01  3.118368e+00  1.900000e+01
     vertex -9.916487e+01  2.488093e+01  1.900000e+01
   endloop
 endfacet
 facet normal  0.000000e+00 -0.000000e+00 -1.000000e+00
   outer loop
     vertex -9.899475e+01  2.492489e+01  1.900000e+01
     vertex -9.899187e+01  3.074284e+00  1.900000e+01
     vertex -9.907654e+01  3.097492e+00  1.900000e+01
   endloop
 endfacet
 facet normal  0.000000e+00  0.000000e+00 -1.000000e+00
   outer loop
     vertex -9.899475e+01  2.492489e+01  1.900000e+01
     vertex -9.907654e+01  3.097492e+00  1.900000e+01
     vertex -9.907950e+01  2.490174e+01  1.900000e+01
   endloop
 endfacet
 facet normal  0.000000e+00 -0.000000e+00 -1.000000e+00
   outer loop
     vertex -9.891066e+01  2.495035e+01  1.900000e+01
     vertex -9.890786e+01  3.048761e+00  1.900000e+01
     vertex -9.899187e+01  3.074284e+00  1.900000e+01
   endloop
 endfacet
 facet normal  0.000000e+00  0.000000e+00 -1.000000e+00
   outer loop
     vertex -9.891066e+01  2.495035e+01  1.900000e+01
     vertex -9.899187e+01  3.074284e+00  1.900000e+01
     vertex -9.899475e+01  2.492489e+01  1.900000e+01
   endloop
 endfacet
 facet normal  0.000000e+00 -0.000000e+00 -1.000000e+00
   outer loop
     vertex -9.882730e+01  2.497811e+01  1.900000e+01
     vertex -9.882459e+01  3.020944e+00  1.900000e+01
     vertex -9.890786e+01  3.048761e+00  1.900000e+01
   endloop
 endfacet
 facet normal  0.000000e+00  0.000000e+00 -1.000000e+00
   outer loop
     vertex -9.882730e+01  2.497811e+01  1.900000e+01
     vertex -9.890786e+01  3.048761e+00  1.900000e+01
     vertex -9.891066e+01  2.495035e+01  1.900000e+01
   endloop
 endfacet
 facet normal  0.000000e+00 -0.000000e+00 -1.000000e+00
   outer loop
     vertex -9.874473e+01  2.500815e+01  1.900000e+01
     vertex -9.874211e+01  2.990853e+00  1.900000e+01
     vertex -9.882459e+01  3.020944e+00  1.900000e+01
   endloop
 endfacet
 facet normal  0.000000e+00  0.000000e+00 -1.000000e+00
   outer loop
     vertex -9.874473e+01  2.500815e+01  1.900000e+01
     vertex -9.882459e+01  3.020944e+00  1.900000e+01
     vertex -9.882730e+01  2.497811e+01  1.900000e+01
   endloop
 endfacet
 facet normal  0.000000e+00 -0.000000e+00 -1.000000e+00
   outer loop
     vertex -9.866302e+01  2.504045e+01  1.900000e+01
     vertex -9.866048e+01  2.958510e+00  1.900000e+01
     vertex -9.874211e+01  2.990853e+00  1.900000e+01
   endloop
 endfacet
 facet normal  0.000000e+00  0.000000e+00 -1.000000e+00
   outer loop
     vertex -9.866302e+01  2.504045e+01  1.900000e+01
     vertex -9.874211e+01  2.990853e+00  1.900000e+01
     vertex -9.874473e+01  2.500815e+01  1.900000e+01
   endloop
 endfacet
 facet normal  0.000000e+00 -0.000000e+00 -1.000000e+00
   outer loop
     vertex -9.858223e+01  2.507497e+01  1.900000e+01
     vertex -9.857978e+01  2.923940e+00  1.900000e+01
     vertex -9.866048e+01  2.958510e+00  1.900000e+01
   endloop
 endfacet
 facet normal  0.000000e+00  0.000000e+00 -1.000000e+00
   outer loop
     vertex -9.858223e+01  2.507497e+01  1.900000e+01
     vertex -9.866048e+01  2.958510e+00  1.900000e+01
     vertex -9.866302e+01  2.504045e+01  1.900000e+01
   endloop
 endfacet
 facet normal  0.000000e+00 -0.000000e+00 -1.000000e+00
   outer loop
     vertex -9.850241e+01  2.511170e+01  1.900000e+01
     vertex -9.850005e+01  2.887170e+00  1.900000e+01
     vertex -9.857978e+01  2.923940e+00  1.900000e+01
   endloop
 endfacet
 facet normal  0.000000e+00  0.000000e+00 -1.000000e+00
   outer loop
     vertex -9.850241e+01  2.511170e+01  1.900000e+01
     vertex -9.857978e+01  2.923940e+00  1.900000e+01
     vertex -9.858223e+01  2.507497e+01  1.900000e+01
   endloop
 endfacet
 facet normal  0.000000e+00 -0.000000e+00 -1.000000e+00
   outer loop
     vertex -9.842364e+01  2.515061e+01  1.900000e+01
     vertex -9.842137e+01  2.848225e+00  1.900000e+01
     vertex -9.850005e+01  2.887170e+00  1.900000e+01
   endloop
 endfacet
 facet normal  0.000000e+00  0.000000e+00 -1.000000e+00
   outer loop
     vertex -9.842364e+01  2.515061e+01  1.900000e+01
     vertex -9.850005e+01  2.887170e+00  1.900000e+01
     vertex -9.850241e+01  2.511170e+01  1.900000e+01
   endloop
 endfacet
 facet normal  0.000000e+00 -0.000000e+00 -1.000000e+00
   outer loop
     vertex -9.834596e+01  2.519167e+01  1.900000e+01
     vertex -9.834378e+01  2.807137e+00  1.900000e+01
     vertex -9.842137e+01  2.848225e+00  1.900000e+01
   endloop
 endfacet
 facet normal  0.000000e+00  0.000000e+00 -1.000000e+00
   outer loop
     vertex -9.834596e+01  2.519167e+01  1.900000e+01
     vertex -9.842137e+01  2.848225e+00  1.900000e+01
     vertex -9.842364e+01  2.515061e+01  1.900000e+01
   endloop
 endfacet
 facet normal  0.000000e+00 -0.000000e+00 -1.000000e+00
   outer loop
     vertex -9.826944e+01  2.523484e+01  1.900000e+01
     vertex -9.826734e+01  2.763936e+00  1.900000e+01
     vertex -9.834378e+01  2.807137e+00  1.900000e+01
   endloop
 endfacet
 facet normal  0.000000e+00  0.000000e+00 -1.000000e+00
   outer loop
     vertex -9.826944e+01  2.523484e+01  1.900000e+01
     vertex -9.834378e+01  2.807137e+00  1.900000e+01
     vertex -9.834596e+01  2.519167e+01  1.900000e+01
   endloop
 endfacet
 facet normal  0.000000e+00 -0.000000e+00 -1.000000e+00
   outer loop
     vertex -9.819413e+01  2.528010e+01  1.900000e+01
     vertex -9.819212e+01  2.718654e+00  1.900000e+01
     vertex -9.826734e+01  2.763936e+00  1.900000e+01
   endloop
 endfacet
 facet normal  0.000000e+00  0.000000e+00 -1.000000e+00
   outer loop
     vertex -9.819413e+01  2.528010e+01  1.900000e+01
     vertex -9.826734e+01  2.763936e+00  1.900000e+01
     vertex -9.826944e+01  2.523484e+01  1.900000e+01
   endloop
 endfacet
 facet normal  0.000000e+00 -0.000000e+00 -1.000000e+00
   outer loop
     vertex -9.812009e+01  2.532741e+01  1.900000e+01
     vertex -9.811818e+01  2.671325e+00  1.900000e+01
     vertex -9.819212e+01  2.718654e+00  1.900000e+01
   endloop
 endfacet
 facet normal  0.000000e+00  0.000000e+00 -1.000000e+00
   outer loop
     vertex -9.812009e+01  2.532741e+01  1.900000e+01
     vertex -9.819212e+01  2.718654e+00  1.900000e+01
     vertex -9.819413e+01  2.528010e+01  1.900000e+01
   endloop
 endfacet
 facet normal  0.000000e+00 -0.000000e+00 -1.000000e+00
   outer loop
     vertex -9.804738e+01  2.537674e+01  1.900000e+01
     vertex -9.804555e+01  2.621986e+00  1.900000e+01
     vertex -9.811818e+01  2.671325e+00  1.900000e+01
   endloop
 endfacet
 facet normal  0.000000e+00  0.000000e+00 -1.000000e+00
   outer loop
     vertex -9.804738e+01  2.537674e+01  1.900000e+01
     vertex -9.811818e+01  2.671325e+00  1.900000e+01
     vertex -9.812009e+01  2.532741e+01  1.900000e+01
   endloop
 endfacet
 facet normal  0.000000e+00  0.000000e+00 -1.000000e+00
   outer loop
     vertex -9.797606e+01  2.542804e+01  1.900000e+01
     vertex -9.804555e+01  2.621986e+00  1.900000e+01
     vertex -9.804738e+01  2.537674e+01  1.900000e+01
   endloop
 endfacet
 facet normal  0.000000e+00 -0.000000e+00 -1.000000e+00
   outer loop
     vertex -9.797606e+01  2.542804e+01  1.900000e+01
     vertex -9.797431e+01  2.570673e+00  1.900000e+01
     vertex -9.804555e+01  2.621986e+00  1.900000e+01
   endloop
 endfacet
 facet normal  0.000000e+00  0.000000e+00 -1.000000e+00
   outer loop
     vertex -9.790616e+01  2.548128e+01  1.900000e+01
     vertex -9.797431e+01  2.570673e+00  1.900000e+01
     vertex -9.797606e+01  2.542804e+01  1.900000e+01
   endloop
 endfacet
 facet normal  0.000000e+00 -0.000000e+00 -1.000000e+00
   outer loop
     vertex -9.790616e+01  2.548128e+01  1.900000e+01
     vertex -9.790451e+01  2.517424e+00  1.900000e+01
     vertex -9.797431e+01  2.570673e+00  1.900000e+01
   endloop
 endfacet
 facet normal  0.000000e+00  0.000000e+00 -1.000000e+00
   outer loop
     vertex -9.783776e+01  2.553642e+01  1.900000e+01
     vertex -9.790451e+01  2.517424e+00  1.900000e+01
     vertex -9.790616e+01  2.548128e+01  1.900000e+01
   endloop
 endfacet
 facet normal  0.000000e+00 -0.000000e+00 -1.000000e+00
   outer loop
     vertex -9.783776e+01  2.553642e+01  1.900000e+01
     vertex -9.783619e+01  2.462281e+00  1.900000e+01
     vertex -9.790451e+01  2.517424e+00  1.900000e+01
   endloop
 endfacet
 facet normal  0.000000e+00  0.000000e+00 -1.000000e+00
   outer loop
     vertex -9.777089e+01  2.559341e+01  1.900000e+01
     vertex -9.783619e+01  2.462281e+00  1.900000e+01
     vertex -9.783776e+01  2.553642e+01  1.900000e+01
   endloop
 endfacet
 facet normal  0.000000e+00 -0.000000e+00 -1.000000e+00
   outer loop
     vertex -9.777089e+01  2.559341e+01  1.900000e+01
     vertex -9.776941e+01  2.405284e+00  1.900000e+01
     vertex -9.783619e+01  2.462281e+00  1.900000e+01
   endloop
 endfacet
 facet normal  0.000000e+00  0.000000e+00 -1.000000e+00
   outer loop
     vertex -9.770562e+01  2.565222e+01  1.900000e+01
     vertex -9.776941e+01  2.405284e+00  1.900000e+01
     vertex -9.777089e+01  2.559341e+01  1.900000e+01
   endloop
 endfacet
 facet normal  0.000000e+00 -0.000000e+00 -1.000000e+00
   outer loop
     vertex -9.770562e+01  2.565222e+01  1.900000e+01
     vertex -9.770421e+01  2.346477e+00  1.900000e+01
     vertex -9.776941e+01  2.405284e+00  1.900000e+01
   endloop
 endfacet
 facet normal  0.000000e+00  0.000000e+00 -1.000000e+00
   outer loop
     vertex -9.764198e+01  2.571280e+01  1.900000e+01
     vertex -9.770421e+01  2.346477e+00  1.900000e+01
     vertex -9.770562e+01  2.565222e+01  1.900000e+01
   endloop
 endfacet
 facet normal  0.000000e+00 -0.000000e+00 -1.000000e+00
   outer loop
     vertex -9.764198e+01  2.571280e+01  1.900000e+01
     vertex -9.764066e+01  2.285903e+00  1.900000e+01
     vertex -9.770421e+01  2.346477e+00  1.900000e+01
   endloop
 endfacet
 facet normal  0.000000e+00  0.000000e+00 -1.000000e+00
   outer loop
     vertex -9.758003e+01  2.577511e+01  1.900000e+01
     vertex -9.764066e+01  2.285903e+00  1.900000e+01
     vertex -9.764198e+01  2.571280e+01  1.900000e+01
   endloop
 endfacet
 facet normal  0.000000e+00 -0.000000e+00 -1.000000e+00
   outer loop
     vertex -9.758003e+01  2.577511e+01  1.900000e+01
     vertex -9.757879e+01  2.223608e+00  1.900000e+01
     vertex -9.764066e+01  2.285903e+00  1.900000e+01
   endloop
 endfacet
 facet normal  0.000000e+00  0.000000e+00 -1.000000e+00
   outer loop
     vertex -9.751982e+01  2.583909e+01  1.900000e+01
     vertex -9.757879e+01  2.223608e+00  1.900000e+01
     vertex -9.758003e+01  2.577511e+01  1.900000e+01
   endloop
 endfacet
 facet normal  0.000000e+00 -0.000000e+00 -1.000000e+00
   outer loop
     vertex -9.751982e+01  2.583909e+01  1.900000e+01
     vertex -9.751865e+01  2.159640e+00  1.900000e+01
     vertex -9.757879e+01  2.223608e+00  1.900000e+01
   endloop
 endfacet
 facet normal  0.000000e+00  0.000000e+00 -1.000000e+00
   outer loop
     vertex -9.746138e+01  2.590470e+01  1.900000e+01
     vertex -9.751865e+01  2.159640e+00  1.900000e+01
     vertex -9.751982e+01  2.583909e+01  1.900000e+01
   endloop
 endfacet
 facet normal  0.000000e+00 -0.000000e+00 -1.000000e+00
   outer loop
     vertex -9.746138e+01  2.590470e+01  1.900000e+01
     vertex -9.746030e+01  2.094046e+00  1.900000e+01
     vertex -9.751865e+01  2.159640e+00  1.900000e+01
   endloop
 endfacet
 facet normal  0.000000e+00  0.000000e+00 -1.000000e+00
   outer loop
     vertex -9.740477e+01  2.597189e+01  1.900000e+01
     vertex -9.746030e+01  2.094046e+00  1.900000e+01
     vertex -9.746138e+01  2.590470e+01  1.900000e+01
   endloop
 endfacet
 facet normal  0.000000e+00 -0.000000e+00 -1.000000e+00
   outer loop
     vertex -9.740477e+01  2.597189e+01  1.900000e+01
     vertex -9.740376e+01  2.026875e+00  1.900000e+01
     vertex -9.746030e+01  2.094046e+00  1.900000e+01
   endloop
 endfacet
 facet normal  0.000000e+00  0.000000e+00 -1.000000e+00
   outer loop
     vertex -9.735002e+01  2.604061e+01  1.900000e+01
     vertex -9.740376e+01  2.026875e+00  1.900000e+01
     vertex -9.740477e+01  2.597189e+01  1.900000e+01
   endloop
 endfacet
 facet normal  0.000000e+00 -0.000000e+00 -1.000000e+00
   outer loop
     vertex -9.735002e+01  2.604061e+01  1.900000e+01
     vertex -9.734908e+01  1.958179e+00  1.900000e+01
     vertex -9.740376e+01  2.026875e+00  1.900000e+01
   endloop
 endfacet
 facet normal  0.000000e+00  0.000000e+00 -1.000000e+00
   outer loop
     vertex -1.021441e+02  3.083857e+01  1.900000e+01
     vertex -1.021441e+02  3.026143e+01  1.900000e+01
     vertex -1.022053e+02  3.019842e+01  1.900000e+01
   endloop
 endfacet
 facet normal  0.000000e+00  0.000000e+00 -1.000000e+00
   outer loop
     vertex -1.020811e+02  3.077727e+01  1.900000e+01
     vertex -1.020811e+02  3.032273e+01  1.900000e+01
     vertex -1.021441e+02  3.026143e+01  1.900000e+01
   endloop
 endfacet
 facet normal -0.000000e+00  0.000000e+00 -1.000000e+00
   outer loop
     vertex -1.020811e+02  3.077727e+01  1.900000e+01
     vertex -1.021441e+02  3.026143e+01  1.900000e+01
     vertex -1.021441e+02  3.083857e+01  1.900000e+01
   endloop
 endfacet
 facet normal  0.000000e+00 -0.000000e+00 -1.000000e+00
   outer loop
     vertex -1.022053e+02  3.090158e+01  1.900000e+01
     vertex -1.021441e+02  3.083857e+01  1.900000e+01
     vertex -1.022053e+02  3.019842e+01  1.900000e+01
   endloop
 endfacet
 facet normal  0.000000e+00 -0.000000e+00 -1.000000e+00
   outer loop
     vertex -1.020165e+02  3.071771e+01  1.900000e+01
     vertex -1.019503e+02  3.044004e+01  1.900000e+01
     vertex -1.020165e+02  3.038229e+01  1.900000e+01
   endloop
 endfacet
 facet normal  0.000000e+00  0.000000e+00 -1.000000e+00
   outer loop
     vertex -1.020165e+02  3.071771e+01  1.900000e+01
     vertex -1.020165e+02  3.038229e+01  1.900000e+01
     vertex -1.020811e+02  3.032273e+01  1.900000e+01
   endloop
 endfacet
 facet normal -0.000000e+00  0.000000e+00 -1.000000e+00
   outer loop
     vertex -1.020165e+02  3.071771e+01  1.900000e+01
     vertex -1.020811e+02  3.032273e+01  1.900000e+01
     vertex -1.020811e+02  3.077727e+01  1.900000e+01
   endloop
 endfacet
 facet normal  0.000000e+00 -0.000000e+00 -1.000000e+00
   outer loop
     vertex -1.022648e+02  3.096625e+01  1.900000e+01
     vertex -1.022053e+02  3.019842e+01  1.900000e+01
     vertex -1.022648e+02  3.013375e+01  1.900000e+01
   endloop
 endfacet
 facet normal  0.000000e+00  0.000000e+00 -1.000000e+00
   outer loop
     vertex -1.022648e+02  3.096625e+01  1.900000e+01
     vertex -1.022648e+02  3.013375e+01  1.900000e+01
     vertex -1.023224e+02  3.006748e+01  1.900000e+01
   endloop
 endfacet
 facet normal  0.000000e+00  0.000000e+00 -1.000000e+00
   outer loop
     vertex -1.022648e+02  3.096625e+01  1.900000e+01
     vertex -1.022053e+02  3.090158e+01  1.900000e+01
     vertex -1.022053e+02  3.019842e+01  1.900000e+01
   endloop
 endfacet
 facet normal -0.000000e+00  0.000000e+00 -1.000000e+00
   outer loop
     vertex -1.019503e+02  3.065996e+01  1.900000e+01
     vertex -1.019503e+02  3.044004e+01  1.900000e+01
     vertex -1.020165e+02  3.071771e+01  1.900000e+01
   endloop
 endfacet
 facet normal  0.000000e+00 -0.000000e+00 -1.000000e+00
   outer loop
     vertex -1.023224e+02  3.103252e+01  1.900000e+01
     vertex -1.022648e+02  3.096625e+01  1.900000e+01
     vertex -1.023224e+02  3.006748e+01  1.900000e+01
   endloop
 endfacet
 facet normal  0.000000e+00  0.000000e+00 -1.000000e+00
   outer loop
     vertex -1.018825e+02  3.060404e+01  1.900000e+01
     vertex -1.018825e+02  3.049596e+01  1.900000e+01
     vertex -1.019503e+02  3.044004e+01  1.900000e+01
   endloop
 endfacet
 facet normal -0.000000e+00  0.000000e+00 -1.000000e+00
   outer loop
     vertex -1.018825e+02  3.060404e+01  1.900000e+01
     vertex -1.019503e+02  3.044004e+01  1.900000e+01
     vertex -1.019503e+02  3.065996e+01  1.900000e+01
   endloop
 endfacet
 facet normal  0.000000e+00 -0.000000e+00 -1.000000e+00
   outer loop
     vertex -1.023783e+02  3.110036e+01  1.900000e+01
     vertex -1.023224e+02  3.006748e+01  1.900000e+01
     vertex -1.023783e+02  2.999964e+01  1.900000e+01
   endloop
 endfacet
 facet normal  0.000000e+00  0.000000e+00 -1.000000e+00
   outer loop
     vertex -1.023783e+02  3.110036e+01  1.900000e+01
     vertex -1.023224e+02  3.103252e+01  1.900000e+01
     vertex -1.023224e+02  3.006748e+01  1.900000e+01
   endloop
 endfacet
 facet normal -0.000000e+00  0.000000e+00 -1.000000e+00
   outer loop
     vertex -1.018133e+02  3.055000e+01  1.900000e+01
     vertex -1.018825e+02  3.049596e+01  1.900000e+01
     vertex -1.018825e+02  3.060404e+01  1.900000e+01
   endloop
 endfacet
 facet normal  0.000000e+00 -0.000000e+00 -1.000000e+00
   outer loop
     vertex -1.024322e+02  3.116970e+01  1.900000e+01
     vertex -1.023783e+02  2.999964e+01  1.900000e+01
     vertex -1.024322e+02  2.993030e+01  1.900000e+01
   endloop
 endfacet
 facet normal  0.000000e+00  0.000000e+00 -1.000000e+00
   outer loop
     vertex -1.024322e+02  3.116970e+01  1.900000e+01
     vertex -1.024322e+02  2.993030e+01  1.900000e+01
     vertex -1.024843e+02  2.985950e+01  1.900000e+01
   endloop
 endfacet
 facet normal  0.000000e+00  0.000000e+00 -1.000000e+00
   outer loop
     vertex -1.024322e+02  3.116970e+01  1.900000e+01
     vertex -1.023783e+02  3.110036e+01  1.900000e+01
     vertex -1.023783e+02  2.999964e+01  1.900000e+01
   endloop
 endfacet
 facet normal  0.000000e+00  0.000000e+00 -1.000000e+00
   outer loop
     vertex -1.024843e+02  3.124050e+01  1.900000e+01
     vertex -1.024843e+02  2.985950e+01  1.900000e+01
     vertex -1.025343e+02  2.978730e+01  1.900000e+01
   endloop
 endfacet
 facet normal  0.000000e+00 -0.000000e+00 -1.000000e+00
   outer loop
     vertex -1.024843e+02  3.124050e+01  1.900000e+01
     vertex -1.024322e+02  3.116970e+01  1.900000e+01
     vertex -1.024843e+02  2.985950e+01  1.900000e+01
   endloop
 endfacet
 facet normal  0.000000e+00 -0.000000e+00 -1.000000e+00
   outer loop
     vertex -1.025343e+02  3.131270e+01  1.900000e+01
     vertex -1.024843e+02  3.124050e+01  1.900000e+01
     vertex -1.025343e+02  2.978730e+01  1.900000e+01
   endloop
 endfacet
 facet normal  0.000000e+00  0.000000e+00 -1.000000e+00
   outer loop
     vertex -1.025343e+02  3.131270e+01  1.900000e+01
     vertex -1.025343e+02  2.978730e+01  1.900000e+01
     vertex -1.025824e+02  2.971376e+01  1.900000e+01
   endloop
 endfacet
 facet normal  0.000000e+00 -0.000000e+00 -1.000000e+00
   outer loop
     vertex -1.025824e+02  3.138624e+01  1.900000e+01
     vertex -1.025343e+02  3.131270e+01  1.900000e+01
     vertex -1.025824e+02  2.971376e+01  1.900000e+01
   endloop
 endfacet
 facet normal  0.000000e+00  0.000000e+00 -1.000000e+00
   outer loop
     vertex -9.729718e+01  2.611081e+01  1.900000e+01
     vertex -9.734908e+01  1.958179e+00  1.900000e+01
     vertex -9.735002e+01  2.604061e+01  1.900000e+01
   endloop
 endfacet
 facet normal  0.000000e+00 -0.000000e+00 -1.000000e+00
   outer loop
     vertex -9.729718e+01  2.611081e+01  1.900000e+01
     vertex -9.729632e+01  1.888009e+00  1.900000e+01
     vertex -9.734908e+01  1.958179e+00  1.900000e+01
   endloop
 endfacet
 facet normal  0.000000e+00  0.000000e+00 -1.000000e+00
   outer loop
     vertex -1.026284e+02  3.146108e+01  1.900000e+01
     vertex -1.025824e+02  2.971376e+01  1.900000e+01
     vertex -1.026284e+02  2.963892e+01  1.900000e+01
   endloop
 endfacet
 facet normal  0.000000e+00 -0.000000e+00 -1.000000e+00
   outer loop
     vertex -1.026284e+02  3.146108e+01  1.900000e+01
     vertex -1.026284e+02  2.963892e+01  1.900000e+01
     vertex -1.026724e+02  2.956285e+01  1.900000e+01
   endloop
 endfacet
 facet normal  0.000000e+00  0.000000e+00 -1.000000e+00
   outer loop
     vertex -1.026284e+02  3.146108e+01  1.900000e+01
     vertex -1.025824e+02  3.138624e+01  1.900000e+01
     vertex -1.025824e+02  2.971376e+01  1.900000e+01
   endloop
 endfacet
 facet normal  0.000000e+00 -0.000000e+00 -1.000000e+00
   outer loop
     vertex -1.026724e+02  3.153715e+01  1.900000e+01
     vertex -1.026284e+02  3.146108e+01  1.900000e+01
     vertex -1.026724e+02  2.956285e+01  1.900000e+01
   endloop
 endfacet
 facet normal  0.000000e+00 -0.000000e+00 -1.000000e+00
   outer loop
     vertex -1.027143e+02  3.161440e+01  1.900000e+01
     vertex -1.026724e+02  2.956285e+01  1.900000e+01
     vertex -1.027143e+02  2.948560e+01  1.900000e+01
   endloop
 endfacet
 facet normal  0.000000e+00  0.000000e+00 -1.000000e+00
   outer loop
     vertex -1.027143e+02  3.161440e+01  1.900000e+01
     vertex -1.026724e+02  3.153715e+01  1.900000e+01
     vertex -1.026724e+02  2.956285e+01  1.900000e+01
   endloop
 endfacet
 facet normal  0.000000e+00  0.000000e+00 -1.000000e+00
   outer loop
     vertex -9.724629e+01  2.618243e+01  1.900000e+01
     vertex -9.729632e+01  1.888009e+00  1.900000e+01
     vertex -9.729718e+01  2.611081e+01  1.900000e+01
   endloop
 endfacet
 facet normal  0.000000e+00 -0.000000e+00 -1.000000e+00
   outer loop
     vertex -9.724629e+01  2.618243e+01  1.900000e+01
     vertex -9.724549e+01  1.816417e+00  1.900000e+01
     vertex -9.729632e+01  1.888009e+00  1.900000e+01
   endloop
 endfacet
 facet normal  0.000000e+00  0.000000e+00 -1.000000e+00
   outer loop
     vertex -1.027540e+02  3.169278e+01  1.900000e+01
     vertex -1.027143e+02  2.948560e+01  1.900000e+01
     vertex -1.027540e+02  2.940722e+01  1.900000e+01
   endloop
 endfacet
 facet normal  0.000000e+00  0.000000e+00 -1.000000e+00
   outer loop
     vertex -1.027540e+02  3.169278e+01  1.900000e+01
     vertex -1.027143e+02  3.161440e+01  1.900000e+01
     vertex -1.027143e+02  2.948560e+01  1.900000e+01
   endloop
 endfacet
 facet normal  0.000000e+00  0.000000e+00 -1.000000e+00
   outer loop
     vertex -1.027915e+02  3.177221e+01  1.900000e+01
     vertex -1.027540e+02  3.169278e+01  1.900000e+01
     vertex -1.027540e+02  2.940722e+01  1.900000e+01
   endloop
 endfacet
 facet normal  0.000000e+00  0.000000e+00 -1.000000e+00
   outer loop
     vertex -1.027915e+02  3.177221e+01  1.900000e+01
     vertex -1.027540e+02  2.940722e+01  1.900000e+01
     vertex -1.027915e+02  2.932779e+01  1.900000e+01
   endloop
 endfacet
 facet normal  0.000000e+00  0.000000e+00 -1.000000e+00
   outer loop
     vertex -1.028269e+02  3.185264e+01  1.900000e+01
     vertex -1.027915e+02  2.932779e+01  1.900000e+01
     vertex -1.028269e+02  2.924736e+01  1.900000e+01
   endloop
 endfacet
 facet normal  0.000000e+00  0.000000e+00 -1.000000e+00
   outer loop
     vertex -1.028269e+02  3.185264e+01  1.900000e+01
     vertex -1.027915e+02  3.177221e+01  1.900000e+01
     vertex -1.027915e+02  2.932779e+01  1.900000e+01
   endloop
 endfacet
 facet normal  0.000000e+00  0.000000e+00 -1.000000e+00
   outer loop
     vertex -9.719738e+01  2.625542e+01  1.900000e+01
     vertex -9.724549e+01  1.816417e+00  1.900000e+01
     vertex -9.724629e+01  2.618243e+01  1.900000e+01
   endloop
 endfacet
 facet normal  0.000000e+00 -0.000000e+00 -1.000000e+00
   outer loop
     vertex -9.719738e+01  2.625542e+01  1.900000e+01
     vertex -9.719665e+01  1.743458e+00  1.900000e+01
     vertex -9.724549e+01  1.816417e+00  1.900000e+01
   endloop
 endfacet
 facet normal  0.000000e+00  0.000000e+00 -1.000000e+00
   outer loop
     vertex -1.028600e+02  3.193402e+01  1.900000e+01
     vertex -1.028269e+02  3.185264e+01  1.900000e+01
     vertex -1.028269e+02  2.924736e+01  1.900000e+01
   endloop
 endfacet
 facet normal  0.000000e+00 -0.000000e+00 -1.000000e+00
   outer loop
     vertex -1.028600e+02  3.193402e+01  1.900000e+01
     vertex -1.028269e+02  2.924736e+01  1.900000e+01
     vertex -1.028600e+02  2.916598e+01  1.900000e+01
   endloop
 endfacet
 facet normal  0.000000e+00  0.000000e+00 -1.000000e+00
   outer loop
     vertex -1.028909e+02  3.201627e+01  1.900000e+01
     vertex -1.028600e+02  3.193402e+01  1.900000e+01
     vertex -1.028600e+02  2.916598e+01  1.900000e+01
   endloop
 endfacet
 facet normal  0.000000e+00 -0.000000e+00 -1.000000e+00
   outer loop
     vertex -1.028909e+02  3.201627e+01  1.900000e+01
     vertex -1.028600e+02  2.916598e+01  1.900000e+01
     vertex -1.028909e+02  2.908373e+01  1.900000e+01
   endloop
 endfacet
 facet normal  0.000000e+00  0.000000e+00 -1.000000e+00
   outer loop
     vertex -9.715050e+01  2.632972e+01  1.900000e+01
     vertex -9.719665e+01  1.743458e+00  1.900000e+01
     vertex -9.719738e+01  2.625542e+01  1.900000e+01
   endloop
 endfacet
 facet normal  0.000000e+00 -0.000000e+00 -1.000000e+00
   outer loop
     vertex -9.715050e+01  2.632972e+01  1.900000e+01
     vertex -9.714983e+01  1.669187e+00  1.900000e+01
     vertex -9.719665e+01  1.743458e+00  1.900000e+01
   endloop
 endfacet
 facet normal  0.000000e+00  0.000000e+00 -1.000000e+00
   outer loop
     vertex -1.029195e+02  3.209934e+01  1.900000e+01
     vertex -1.028909e+02  3.201627e+01  1.900000e+01
     vertex -1.028909e+02  2.908373e+01  1.900000e+01
   endloop
 endfacet
 facet normal  0.000000e+00 -0.000000e+00 -1.000000e+00
   outer loop
     vertex -1.029195e+02  3.209934e+01  1.900000e+01
     vertex -1.028909e+02  2.908373e+01  1.900000e+01
     vertex -1.029195e+02  2.900066e+01  1.900000e+01
   endloop
 endfacet
 facet normal  0.000000e+00 -0.000000e+00 -1.000000e+00
   outer loop
     vertex -1.029458e+02  3.218316e+01  1.900000e+01
     vertex -1.029195e+02  2.900066e+01  1.900000e+01
     vertex -1.029458e+02  2.891684e+01  1.900000e+01
   endloop
 endfacet
 facet normal  0.000000e+00  0.000000e+00 -1.000000e+00
   outer loop
     vertex -1.029458e+02  3.218316e+01  1.900000e+01
     vertex -1.029195e+02  3.209934e+01  1.900000e+01
     vertex -1.029195e+02  2.900066e+01  1.900000e+01
   endloop
 endfacet
 facet normal  0.000000e+00  0.000000e+00 -1.000000e+00
   outer loop
     vertex -1.029699e+02  3.226768e+01  1.900000e+01
     vertex -1.029458e+02  3.218316e+01  1.900000e+01
     vertex -1.029458e+02  2.891684e+01  1.900000e+01
   endloop
 endfacet
 facet normal  0.000000e+00  0.000000e+00 -1.000000e+00
   outer loop
     vertex -1.029699e+02  3.226768e+01  1.900000e+01
     vertex -1.029458e+02  2.891684e+01  1.900000e+01
     vertex -1.029699e+02  2.883232e+01  1.900000e+01
   endloop
 endfacet
 facet normal  0.000000e+00 -0.000000e+00 -1.000000e+00
   outer loop
     vertex -1.029699e+02  3.226768e+01  1.900000e+01
     vertex -1.029699e+02  2.883232e+01  1.900000e+01
     vertex -1.029915e+02  2.874718e+01  1.900000e+01
   endloop
 endfacet
 facet normal  0.000000e+00  0.000000e+00 -1.000000e+00
   outer loop
     vertex -9.710567e+01  2.640529e+01  1.900000e+01
     vertex -9.714983e+01  1.669187e+00  1.900000e+01
     vertex -9.715050e+01  2.632972e+01  1.900000e+01
   endloop
 endfacet
 facet normal  0.000000e+00 -0.000000e+00 -1.000000e+00
   outer loop
     vertex -9.710567e+01  2.640529e+01  1.900000e+01
     vertex -9.710507e+01  1.593659e+00  1.900000e+01
     vertex -9.714983e+01  1.669187e+00  1.900000e+01
   endloop
 endfacet
 facet normal  0.000000e+00  0.000000e+00 -1.000000e+00
   outer loop
     vertex -1.029915e+02  3.235282e+01  1.900000e+01
     vertex -1.029699e+02  3.226768e+01  1.900000e+01
     vertex -1.029915e+02  2.874718e+01  1.900000e+01
   endloop
 endfacet
 facet normal  0.000000e+00 -0.000000e+00 -1.000000e+00
   outer loop
     vertex -1.029915e+02  3.235282e+01  1.900000e+01
     vertex -1.029915e+02  2.874718e+01  1.900000e+01
     vertex -1.030109e+02  2.866147e+01  1.900000e+01
   endloop
 endfacet
 facet normal  0.000000e+00  0.000000e+00 -1.000000e+00
   outer loop
     vertex -9.706294e+01  2.648206e+01  1.900000e+01
     vertex -9.710507e+01  1.593659e+00  1.900000e+01
     vertex -9.710567e+01  2.640529e+01  1.900000e+01
   endloop
 endfacet
 facet normal  0.000000e+00 -0.000000e+00 -1.000000e+00
   outer loop
     vertex -9.706294e+01  2.648206e+01  1.900000e+01
     vertex -9.706239e+01  1.516932e+00  1.900000e+01
     vertex -9.710507e+01  1.593659e+00  1.900000e+01
   endloop
 endfacet
 facet normal  0.000000e+00 -0.000000e+00 -1.000000e+00
   outer loop
     vertex -1.030109e+02  3.243853e+01  1.900000e+01
     vertex -1.029915e+02  3.235282e+01  1.900000e+01
     vertex -1.030109e+02  2.866147e+01  1.900000e+01
   endloop
 endfacet
 facet normal  0.000000e+00  0.000000e+00 -1.000000e+00
   outer loop
     vertex -1.030279e+02  3.252473e+01  1.900000e+01
     vertex -1.030109e+02  2.866147e+01  1.900000e+01
     vertex -1.030279e+02  2.857527e+01  1.900000e+01
   endloop
 endfacet
 facet normal  0.000000e+00  0.000000e+00 -1.000000e+00
   outer loop
     vertex -1.030279e+02  3.252473e+01  1.900000e+01
     vertex -1.030109e+02  3.243853e+01  1.900000e+01
     vertex -1.030109e+02  2.866147e+01  1.900000e+01
   endloop
 endfacet
 facet normal  0.000000e+00  0.000000e+00 -1.000000e+00
   outer loop
     vertex -9.702232e+01  2.655997e+01  1.900000e+01
     vertex -9.706239e+01  1.516932e+00  1.900000e+01
     vertex -9.706294e+01  2.648206e+01  1.900000e+01
   endloop
 endfacet
 facet normal  0.000000e+00 -0.000000e+00 -1.000000e+00
   outer loop
     vertex -9.702232e+01  2.655997e+01  1.900000e+01
     vertex -9.702184e+01  1.439063e+00  1.900000e+01
     vertex -9.706239e+01  1.516932e+00  1.900000e+01
   endloop
 endfacet
 facet normal  0.000000e+00  0.000000e+00 -1.000000e+00
   outer loop
     vertex -1.030425e+02  3.261137e+01  1.900000e+01
     vertex -1.030279e+02  2.857527e+01  1.900000e+01
     vertex -1.030425e+02  2.848863e+01  1.900000e+01
   endloop
 endfacet
 facet normal  0.000000e+00  0.000000e+00 -1.000000e+00
   outer loop
     vertex -1.030425e+02  3.261137e+01  1.900000e+01
     vertex -1.030279e+02  3.252473e+01  1.900000e+01
     vertex -1.030279e+02  2.857527e+01  1.900000e+01
   endloop
 endfacet
 facet normal  0.000000e+00 -0.000000e+00 -1.000000e+00
   outer loop
     vertex -1.030547e+02  3.269837e+01  1.900000e+01
     vertex -1.030425e+02  2.848863e+01  1.900000e+01
     vertex -1.030547e+02  2.840163e+01  1.900000e+01
   endloop
 endfacet
 facet normal  0.000000e+00  0.000000e+00 -1.000000e+00
   outer loop
     vertex -1.030547e+02  3.269837e+01  1.900000e+01
     vertex -1.030425e+02  3.261137e+01  1.900000e+01
     vertex -1.030425e+02  2.848863e+01  1.900000e+01
   endloop
 endfacet
 facet normal  0.000000e+00  0.000000e+00 -1.000000e+00
   outer loop
     vertex -9.698387e+01  2.663897e+01  1.900000e+01
     vertex -9.702184e+01  1.439063e+00  1.900000e+01
     vertex -9.702232e+01  2.655997e+01  1.900000e+01
   endloop
 endfacet
 facet normal  0.000000e+00 -0.000000e+00 -1.000000e+00
   outer loop
     vertex -9.698387e+01  2.663897e+01  1.900000e+01
     vertex -9.698343e+01  1.360110e+00  1.900000e+01
     vertex -9.702184e+01  1.439063e+00  1.900000e+01
   endloop
 endfacet
 facet normal  0.000000e+00  0.000000e+00 -1.000000e+00
   outer loop
     vertex -1.030645e+02  3.278568e+01  1.900000e+01
     vertex -1.030547e+02  2.840163e+01  1.900000e+01
     vertex -1.030645e+02  2.831432e+01  1.900000e+01
   endloop
 endfacet
 facet normal  0.000000e+00 -0.000000e+00 -1.000000e+00
   outer loop
     vertex -1.030645e+02  3.278568e+01  1.900000e+01
     vertex -1.030645e+02  2.831432e+01  1.900000e+01
     vertex -1.030720e+02  2.822677e+01  1.900000e+01
   endloop
 endfacet
 facet normal  0.000000e+00  0.000000e+00 -1.000000e+00
   outer loop
     vertex -1.030645e+02  3.278568e+01  1.900000e+01
     vertex -1.030547e+02  3.269837e+01  1.900000e+01
     vertex -1.030547e+02  2.840163e+01  1.900000e+01
   endloop
 endfacet
 facet normal  0.000000e+00  0.000000e+00 -1.000000e+00
   outer loop
     vertex -9.694759e+01  2.671899e+01  1.900000e+01
     vertex -9.698343e+01  1.360110e+00  1.900000e+01
     vertex -9.698387e+01  2.663897e+01  1.900000e+01
   endloop
 endfacet
 facet normal  0.000000e+00 -0.000000e+00 -1.000000e+00
   outer loop
     vertex -9.694759e+01  2.671899e+01  1.900000e+01
     vertex -9.694721e+01  1.280133e+00  1.900000e+01
     vertex -9.698343e+01  1.360110e+00  1.900000e+01
   endloop
 endfacet
 facet normal  0.000000e+00  0.000000e+00 -1.000000e+00
   outer loop
     vertex -1.030720e+02  3.287323e+01  1.900000e+01
     vertex -1.030645e+02  3.278568e+01  1.900000e+01
     vertex -1.030720e+02  2.822677e+01  1.900000e+01
   endloop
 endfacet
 facet normal  0.000000e+00 -0.000000e+00 -1.000000e+00
   outer loop
     vertex -1.030720e+02  3.287323e+01  1.900000e+01
     vertex -1.030720e+02  2.822677e+01  1.900000e+01
     vertex -1.030770e+02  2.813905e+01  1.900000e+01
   endloop
 endfacet
 facet normal  0.000000e+00  0.000000e+00 -1.000000e+00
   outer loop
     vertex -1.030770e+02  3.296095e+01  1.900000e+01
     vertex -1.030720e+02  3.287323e+01  1.900000e+01
     vertex -1.030770e+02  2.813905e+01  1.900000e+01
   endloop
 endfacet
 facet normal  0.000000e+00  0.000000e+00 -1.000000e+00
   outer loop
     vertex -9.691353e+01  2.679998e+01  1.900000e+01
     vertex -9.694721e+01  1.280133e+00  1.900000e+01
     vertex -9.694759e+01  2.671899e+01  1.900000e+01
   endloop
 endfacet
 facet normal  0.000000e+00 -0.000000e+00 -1.000000e+00
   outer loop
     vertex -9.691353e+01  2.679998e+01  1.900000e+01
     vertex -9.691319e+01  1.199193e+00  1.900000e+01
     vertex -9.694721e+01  1.280133e+00  1.900000e+01
   endloop
 endfacet
 facet normal  0.000000e+00  0.000000e+00 -1.000000e+00
   outer loop
     vertex -9.688170e+01  2.688187e+01  1.900000e+01
     vertex -9.691319e+01  1.199193e+00  1.900000e+01
     vertex -9.691353e+01  2.679998e+01  1.900000e+01
   endloop
 endfacet
 facet normal  0.000000e+00 -0.000000e+00 -1.000000e+00
   outer loop
     vertex -9.688170e+01  2.688187e+01  1.900000e+01
     vertex -9.688141e+01  1.117351e+00  1.900000e+01
     vertex -9.691319e+01  1.199193e+00  1.900000e+01
   endloop
 endfacet
 facet normal  0.000000e+00  0.000000e+00 -1.000000e+00
   outer loop
     vertex -9.685214e+01  2.696461e+01  1.900000e+01
     vertex -9.688141e+01  1.117351e+00  1.900000e+01
     vertex -9.688170e+01  2.688187e+01  1.900000e+01
   endloop
 endfacet
 facet normal  0.000000e+00 -0.000000e+00 -1.000000e+00
   outer loop
     vertex -9.685214e+01  2.696461e+01  1.900000e+01
     vertex -9.685189e+01  1.034667e+00  1.900000e+01
     vertex -9.688141e+01  1.117351e+00  1.900000e+01
   endloop
 endfacet
 facet normal  0.000000e+00  0.000000e+00 -1.000000e+00
   outer loop
     vertex -9.682485e+01  2.704813e+01  1.900000e+01
     vertex -9.685189e+01  1.034667e+00  1.900000e+01
     vertex -9.685214e+01  2.696461e+01  1.900000e+01
   endloop
 endfacet
 facet normal  0.000000e+00 -0.000000e+00 -1.000000e+00
   outer loop
     vertex -9.682485e+01  2.704813e+01  1.900000e+01
     vertex -9.682464e+01  9.512037e-01  1.900000e+01
     vertex -9.685189e+01  1.034667e+00  1.900000e+01
   endloop
 endfacet
 facet normal  0.000000e+00 -0.000000e+00 -1.000000e+00
   outer loop
     vertex -9.679987e+01  2.713236e+01  1.900000e+01
     vertex -9.679970e+01  8.670249e-01  1.900000e+01
     vertex -9.682464e+01  9.512037e-01  1.900000e+01
   endloop
 endfacet
 facet normal  0.000000e+00  0.000000e+00 -1.000000e+00
   outer loop
     vertex -9.679987e+01  2.713236e+01  1.900000e+01
     vertex -9.682464e+01  9.512037e-01  1.900000e+01
     vertex -9.682485e+01  2.704813e+01  1.900000e+01
   endloop
 endfacet
 facet normal  0.000000e+00 -0.000000e+00 -1.000000e+00
   outer loop
     vertex -9.677721e+01  2.721725e+01  1.900000e+01
     vertex -9.677707e+01  7.821934e-01  1.900000e+01
     vertex -9.679970e+01  8.670249e-01  1.900000e+01
   endloop
 endfacet
 facet normal  0.000000e+00  0.000000e+00 -1.000000e+00
   outer loop
     vertex -9.677721e+01  2.721725e+01  1.900000e+01
     vertex -9.679970e+01  8.670249e-01  1.900000e+01
     vertex -9.679987e+01  2.713236e+01  1.900000e+01
   endloop
 endfacet
 facet normal  0.000000e+00 -0.000000e+00 -1.000000e+00
   outer loop
     vertex -9.675689e+01  2.730273e+01  1.900000e+01
     vertex -9.675678e+01  6.967730e-01  1.900000e+01
     vertex -9.677707e+01  7.821934e-01  1.900000e+01
   endloop
 endfacet
 facet normal  0.000000e+00  0.000000e+00 -1.000000e+00
   outer loop
     vertex -9.675689e+01  2.730273e+01  1.900000e+01
     vertex -9.677707e+01  7.821934e-01  1.900000e+01
     vertex -9.677721e+01  2.721725e+01  1.900000e+01
   endloop
 endfacet
 facet normal  0.000000e+00 -0.000000e+00 -1.000000e+00
   outer loop
     vertex -9.673892e+01  2.738873e+01  1.900000e+01
     vertex -9.673884e+01  6.108282e-01  1.900000e+01
     vertex -9.675678e+01  6.967730e-01  1.900000e+01
   endloop
 endfacet
 facet normal  0.000000e+00  0.000000e+00 -1.000000e+00
   outer loop
     vertex -9.673892e+01  2.738873e+01  1.900000e+01
     vertex -9.675678e+01  6.967730e-01  1.900000e+01
     vertex -9.675689e+01  2.730273e+01  1.900000e+01
   endloop
 endfacet
 facet normal  0.000000e+00  0.000000e+00 -1.000000e+00
   outer loop
     vertex -9.672333e+01  2.747520e+01  1.900000e+01
     vertex -9.673884e+01  6.108282e-01  1.900000e+01
     vertex -9.673892e+01  2.738873e+01  1.900000e+01
   endloop
 endfacet
 facet normal  0.000000e+00 -0.000000e+00 -1.000000e+00
   outer loop
     vertex -9.672333e+01  2.747520e+01  1.900000e+01
     vertex -9.672326e+01  5.244235e-01  1.900000e+01
     vertex -9.673884e+01  6.108282e-01  1.900000e+01
   endloop
 endfacet
 facet normal  0.000000e+00 -0.000000e+00 -1.000000e+00
   outer loop
     vertex -9.671011e+01  2.756206e+01  1.900000e+01
     vertex -9.671007e+01  4.376241e-01  1.900000e+01
     vertex -9.672326e+01  5.244235e-01  1.900000e+01
   endloop
 endfacet
 facet normal  0.000000e+00  0.000000e+00 -1.000000e+00
   outer loop
     vertex -9.671011e+01  2.756206e+01  1.900000e+01
     vertex -9.672326e+01  5.244235e-01  1.900000e+01
     vertex -9.672333e+01  2.747520e+01  1.900000e+01
   endloop
 endfacet
 facet normal  0.000000e+00  0.000000e+00 -1.000000e+00
   outer loop
     vertex -9.787830e+01  3.060336e+01  1.900000e+01
     vertex -9.781133e+01  3.044144e+01  1.900000e+01
     vertex -9.787830e+01  3.049664e+01  1.900000e+01
   endloop
 endfacet
 facet normal  0.000000e+00 -0.000000e+00 -1.000000e+00
   outer loop
     vertex -9.787830e+01  3.060336e+01  1.900000e+01
     vertex -9.787830e+01  3.049664e+01  1.900000e+01
     vertex -9.794674e+01  3.055000e+01  1.900000e+01
   endloop
 endfacet
 facet normal  0.000000e+00 -0.000000e+00 -1.000000e+00
   outer loop
     vertex -9.781133e+01  3.065856e+01  1.900000e+01
     vertex -9.781133e+01  3.044144e+01  1.900000e+01
     vertex -9.787830e+01  3.060336e+01  1.900000e+01
   endloop
 endfacet
 facet normal  0.000000e+00 -0.000000e+00 -1.000000e+00
   outer loop
     vertex -9.774589e+01  3.071556e+01  1.900000e+01
     vertex -9.774589e+01  3.038444e+01  1.900000e+01
     vertex -9.781133e+01  3.044144e+01  1.900000e+01
   endloop
 endfacet
 facet normal  0.000000e+00  0.000000e+00 -1.000000e+00
   outer loop
     vertex -9.774589e+01  3.071556e+01  1.900000e+01
     vertex -9.781133e+01  3.044144e+01  1.900000e+01
     vertex -9.781133e+01  3.065856e+01  1.900000e+01
   endloop
 endfacet
 facet normal  0.000000e+00 -0.000000e+00 -1.000000e+00
   outer loop
     vertex -9.768201e+01  3.077430e+01  1.900000e+01
     vertex -9.768201e+01  3.032570e+01  1.900000e+01
     vertex -9.774589e+01  3.038444e+01  1.900000e+01
   endloop
 endfacet
 facet normal  0.000000e+00  0.000000e+00 -1.000000e+00
   outer loop
     vertex -9.768201e+01  3.077430e+01  1.900000e+01
     vertex -9.774589e+01  3.038444e+01  1.900000e+01
     vertex -9.774589e+01  3.071556e+01  1.900000e+01
   endloop
 endfacet
 facet normal  0.000000e+00 -0.000000e+00 -1.000000e+00
   outer loop
     vertex -9.761976e+01  3.083476e+01  1.900000e+01
     vertex -9.761976e+01  3.026524e+01  1.900000e+01
     vertex -9.768201e+01  3.032570e+01  1.900000e+01
   endloop
 endfacet
 facet normal  0.000000e+00  0.000000e+00 -1.000000e+00
   outer loop
     vertex -9.761976e+01  3.083476e+01  1.900000e+01
     vertex -9.768201e+01  3.032570e+01  1.900000e+01
     vertex -9.768201e+01  3.077430e+01  1.900000e+01
   endloop
 endfacet
 facet normal  0.000000e+00 -0.000000e+00 -1.000000e+00
   outer loop
     vertex -9.755916e+01  3.089689e+01  1.900000e+01
     vertex -9.755916e+01  3.020311e+01  1.900000e+01
     vertex -9.761976e+01  3.026524e+01  1.900000e+01
   endloop
 endfacet
 facet normal  0.000000e+00  0.000000e+00 -1.000000e+00
   outer loop
     vertex -9.755916e+01  3.089689e+01  1.900000e+01
     vertex -9.761976e+01  3.026524e+01  1.900000e+01
     vertex -9.761976e+01  3.083476e+01  1.900000e+01
   endloop
 endfacet
 facet normal  0.000000e+00  0.000000e+00 -1.000000e+00
   outer loop
     vertex -9.750027e+01  3.096063e+01  1.900000e+01
     vertex -9.755916e+01  3.020311e+01  1.900000e+01
     vertex -9.755916e+01  3.089689e+01  1.900000e+01
   endloop
 endfacet
 facet normal  0.000000e+00 -0.000000e+00 -1.000000e+00
   outer loop
     vertex -9.750027e+01  3.096063e+01  1.900000e+01
     vertex -9.750027e+01  3.013937e+01  1.900000e+01
     vertex -9.755916e+01  3.020311e+01  1.900000e+01
   endloop
 endfacet
 facet normal  0.000000e+00  0.000000e+00 -1.000000e+00
   outer loop
     vertex -9.744313e+01  3.102595e+01  1.900000e+01
     vertex -9.750027e+01  3.013937e+01  1.900000e+01
     vertex -9.750027e+01  3.096063e+01  1.900000e+01
   endloop
 endfacet
 facet normal  0.000000e+00 -0.000000e+00 -1.000000e+00
   outer loop
     vertex -9.744313e+01  3.102595e+01  1.900000e+01
     vertex -9.744313e+01  3.007405e+01  1.900000e+01
     vertex -9.750027e+01  3.013937e+01  1.900000e+01
   endloop
 endfacet
 facet normal  0.000000e+00  0.000000e+00 -1.000000e+00
   outer loop
     vertex -9.738778e+01  3.109280e+01  1.900000e+01
     vertex -9.744313e+01  3.007405e+01  1.900000e+01
     vertex -9.744313e+01  3.102595e+01  1.900000e+01
   endloop
 endfacet
 facet normal  0.000000e+00 -0.000000e+00 -1.000000e+00
   outer loop
     vertex -9.738778e+01  3.109280e+01  1.900000e+01
     vertex -9.738778e+01  3.000720e+01  1.900000e+01
     vertex -9.744313e+01  3.007405e+01  1.900000e+01
   endloop
 endfacet
 facet normal  0.000000e+00  0.000000e+00 -1.000000e+00
   outer loop
     vertex -9.733427e+01  3.116112e+01  1.900000e+01
     vertex -9.738778e+01  3.000720e+01  1.900000e+01
     vertex -9.738778e+01  3.109280e+01  1.900000e+01
   endloop
 endfacet
 facet normal  0.000000e+00 -0.000000e+00 -1.000000e+00
   outer loop
     vertex -9.733427e+01  3.116112e+01  1.900000e+01
     vertex -9.733427e+01  2.993888e+01  1.900000e+01
     vertex -9.738778e+01  3.000720e+01  1.900000e+01
   endloop
 endfacet
 facet normal  0.000000e+00  0.000000e+00 -1.000000e+00
   outer loop
     vertex -9.728263e+01  3.123086e+01  1.900000e+01
     vertex -9.733427e+01  2.993888e+01  1.900000e+01
     vertex -9.733427e+01  3.116112e+01  1.900000e+01
   endloop
 endfacet
 facet normal  0.000000e+00 -0.000000e+00 -1.000000e+00
   outer loop
     vertex -9.728263e+01  3.123086e+01  1.900000e+01
     vertex -9.728263e+01  2.986914e+01  1.900000e+01
     vertex -9.733427e+01  2.993888e+01  1.900000e+01
   endloop
 endfacet
 facet normal  0.000000e+00  0.000000e+00 -1.000000e+00
   outer loop
     vertex -9.723290e+01  3.130199e+01  1.900000e+01
     vertex -9.728263e+01  2.986914e+01  1.900000e+01
     vertex -9.728263e+01  3.123086e+01  1.900000e+01
   endloop
 endfacet
 facet normal  0.000000e+00  0.000000e+00 -1.000000e+00
   outer loop
     vertex -9.723290e+01  3.130199e+01  1.900000e+01
     vertex -9.718511e+01  2.972557e+01  1.900000e+01
     vertex -9.723290e+01  2.979801e+01  1.900000e+01
   endloop
 endfacet
 facet normal  0.000000e+00 -0.000000e+00 -1.000000e+00
   outer loop
     vertex -9.723290e+01  3.130199e+01  1.900000e+01
     vertex -9.723290e+01  2.979801e+01  1.900000e+01
     vertex -9.728263e+01  2.986914e+01  1.900000e+01
   endloop
 endfacet
 facet normal  0.000000e+00 -0.000000e+00 -1.000000e+00
   outer loop
     vertex -9.718511e+01  3.137443e+01  1.900000e+01
     vertex -9.718511e+01  2.972557e+01  1.900000e+01
     vertex -9.723290e+01  3.130199e+01  1.900000e+01
   endloop
 endfacet
 facet normal  0.000000e+00  0.000000e+00 -1.000000e+00
   outer loop
     vertex -9.713931e+01  3.144814e+01  1.900000e+01
     vertex -9.718511e+01  2.972557e+01  1.900000e+01
     vertex -9.718511e+01  3.137443e+01  1.900000e+01
   endloop
 endfacet
 facet normal  0.000000e+00 -0.000000e+00 -1.000000e+00
   outer loop
     vertex -9.713931e+01  3.144814e+01  1.900000e+01
     vertex -9.713931e+01  2.965186e+01  1.900000e+01
     vertex -9.718511e+01  2.972557e+01  1.900000e+01
   endloop
 endfacet
 facet normal  0.000000e+00  0.000000e+00 -1.000000e+00
   outer loop
     vertex -9.709553e+01  3.152307e+01  1.900000e+01
     vertex -9.713931e+01  2.965186e+01  1.900000e+01
     vertex -9.713931e+01  3.144814e+01  1.900000e+01
   endloop
 endfacet
 facet normal  0.000000e+00 -0.000000e+00 -1.000000e+00
   outer loop
     vertex -9.709553e+01  3.152307e+01  1.900000e+01
     vertex -9.709553e+01  2.957693e+01  1.900000e+01
     vertex -9.713931e+01  2.965186e+01  1.900000e+01
   endloop
 endfacet
 facet normal  0.000000e+00  0.000000e+00 -1.000000e+00
   outer loop
     vertex -9.705379e+01  3.159916e+01  1.900000e+01
     vertex -9.709553e+01  2.957693e+01  1.900000e+01
     vertex -9.709553e+01  3.152307e+01  1.900000e+01
   endloop
 endfacet
 facet normal  0.000000e+00 -0.000000e+00 -1.000000e+00
   outer loop
     vertex -9.705379e+01  3.159916e+01  1.900000e+01
     vertex -9.705379e+01  2.950084e+01  1.900000e+01
     vertex -9.709553e+01  2.957693e+01  1.900000e+01
   endloop
 endfacet
 facet normal  0.000000e+00  0.000000e+00 -1.000000e+00
   outer loop
     vertex -9.701413e+01  3.167635e+01  1.900000e+01
     vertex -9.705379e+01  2.950084e+01  1.900000e+01
     vertex -9.705379e+01  3.159916e+01  1.900000e+01
   endloop
 endfacet
 facet normal  0.000000e+00 -0.000000e+00 -1.000000e+00
   outer loop
     vertex -9.701413e+01  3.167635e+01  1.900000e+01
     vertex -9.701413e+01  2.942365e+01  1.900000e+01
     vertex -9.705379e+01  2.950084e+01  1.900000e+01
   endloop
 endfacet
 facet normal  0.000000e+00  0.000000e+00 -1.000000e+00
   outer loop
     vertex -9.697658e+01  3.175459e+01  1.900000e+01
     vertex -9.701413e+01  2.942365e+01  1.900000e+01
     vertex -9.701413e+01  3.167635e+01  1.900000e+01
   endloop
 endfacet
 facet normal  0.000000e+00 -0.000000e+00 -1.000000e+00
   outer loop
     vertex -9.697658e+01  3.175459e+01  1.900000e+01
     vertex -9.697658e+01  2.934541e+01  1.900000e+01
     vertex -9.701413e+01  2.942365e+01  1.900000e+01
   endloop
 endfacet
 facet normal  0.000000e+00  0.000000e+00 -1.000000e+00
   outer loop
     vertex -9.694116e+01  3.183382e+01  1.900000e+01
     vertex -9.697658e+01  2.934541e+01  1.900000e+01
     vertex -9.697658e+01  3.175459e+01  1.900000e+01
   endloop
 endfacet
 facet normal  0.000000e+00 -0.000000e+00 -1.000000e+00
   outer loop
     vertex -9.694116e+01  3.183382e+01  1.900000e+01
     vertex -9.694116e+01  2.926618e+01  1.900000e+01
     vertex -9.697658e+01  2.934541e+01  1.900000e+01
   endloop
 endfacet
 facet normal  0.000000e+00  0.000000e+00 -1.000000e+00
   outer loop
     vertex -9.690791e+01  3.191398e+01  1.900000e+01
     vertex -9.694116e+01  2.926618e+01  1.900000e+01
     vertex -9.694116e+01  3.183382e+01  1.900000e+01
   endloop
 endfacet
 facet normal  0.000000e+00 -0.000000e+00 -1.000000e+00
   outer loop
     vertex -9.690791e+01  3.191398e+01  1.900000e+01
     vertex -9.690791e+01  2.918602e+01  1.900000e+01
     vertex -9.694116e+01  2.926618e+01  1.900000e+01
   endloop
 endfacet
 facet normal  0.000000e+00 -0.000000e+00 -1.000000e+00
   outer loop
     vertex -9.687684e+01  3.199501e+01  1.900000e+01
     vertex -9.684798e+01  2.902315e+01  1.900000e+01
     vertex -9.687684e+01  2.910499e+01  1.900000e+01
   endloop
 endfacet
 facet normal  0.000000e+00  0.000000e+00 -1.000000e+00
   outer loop
     vertex -9.687684e+01  3.199501e+01  1.900000e+01
     vertex -9.687684e+01  2.910499e+01  1.900000e+01
     vertex -9.690791e+01  2.918602e+01  1.900000e+01
   endloop
 endfacet
 facet normal  0.000000e+00  0.000000e+00 -1.000000e+00
   outer loop
     vertex -9.687684e+01  3.199501e+01  1.900000e+01
     vertex -9.690791e+01  2.918602e+01  1.900000e+01
     vertex -9.690791e+01  3.191398e+01  1.900000e+01
   endloop
 endfacet
 facet normal  0.000000e+00 -0.000000e+00 -1.000000e+00
   outer loop
     vertex -9.684798e+01  3.207685e+01  1.900000e+01
     vertex -9.684798e+01  2.902315e+01  1.900000e+01
     vertex -9.687684e+01  3.199501e+01  1.900000e+01
   endloop
 endfacet
 facet normal  0.000000e+00  0.000000e+00 -1.000000e+00
   outer loop
     vertex -9.682135e+01  3.215945e+01  1.900000e+01
     vertex -9.684798e+01  2.902315e+01  1.900000e+01
     vertex -9.684798e+01  3.207685e+01  1.900000e+01
   endloop
 endfacet
 facet normal  0.000000e+00 -0.000000e+00 -1.000000e+00
   outer loop
     vertex -9.682135e+01  3.215945e+01  1.900000e+01
     vertex -9.679697e+01  2.885726e+01  1.900000e+01
     vertex -9.682135e+01  2.894055e+01  1.900000e+01
   endloop
 endfacet
 facet normal  0.000000e+00  0.000000e+00 -1.000000e+00
   outer loop
     vertex -9.682135e+01  3.215945e+01  1.900000e+01
     vertex -9.682135e+01  2.894055e+01  1.900000e+01
     vertex -9.684798e+01  2.902315e+01  1.900000e+01
   endloop
 endfacet
 facet normal  0.000000e+00  0.000000e+00 -1.000000e+00
   outer loop
     vertex -9.679697e+01  3.224274e+01  1.900000e+01
     vertex -9.679697e+01  2.885726e+01  1.900000e+01
     vertex -9.682135e+01  3.215945e+01  1.900000e+01
   endloop
 endfacet
 facet normal  0.000000e+00 -0.000000e+00 -1.000000e+00
   outer loop
     vertex -9.679697e+01  3.224274e+01  1.900000e+01
     vertex -9.677485e+01  2.877334e+01  1.900000e+01
     vertex -9.679697e+01  2.885726e+01  1.900000e+01
   endloop
 endfacet
 facet normal  0.000000e+00 -0.000000e+00 -1.000000e+00
   outer loop
     vertex -9.677485e+01  3.232666e+01  1.900000e+01
     vertex -9.677485e+01  2.877334e+01  1.900000e+01
     vertex -9.679697e+01  3.224274e+01  1.900000e+01
   endloop
 endfacet
 facet normal  0.000000e+00  0.000000e+00 -1.000000e+00
   outer loop
     vertex -9.677485e+01  3.232666e+01  1.900000e+01
     vertex -9.675502e+01  2.868886e+01  1.900000e+01
     vertex -9.677485e+01  2.877334e+01  1.900000e+01
   endloop
 endfacet
 facet normal  0.000000e+00 -0.000000e+00 -1.000000e+00
   outer loop
     vertex -9.675502e+01  3.241114e+01  1.900000e+01
     vertex -9.675502e+01  2.868886e+01  1.900000e+01
     vertex -9.677485e+01  3.232666e+01  1.900000e+01
   endloop
 endfacet
 facet normal  0.000000e+00  0.000000e+00 -1.000000e+00
   outer loop
     vertex -9.673749e+01  3.249614e+01  1.900000e+01
     vertex -9.675502e+01  2.868886e+01  1.900000e+01
     vertex -9.675502e+01  3.241114e+01  1.900000e+01
   endloop
 endfacet
 facet normal  0.000000e+00 -0.000000e+00 -1.000000e+00
   outer loop
     vertex -9.673749e+01  3.249614e+01  1.900000e+01
     vertex -9.672227e+01  2.851842e+01  1.900000e+01
     vertex -9.673749e+01  2.860386e+01  1.900000e+01
   endloop
 endfacet
 facet normal  0.000000e+00  0.000000e+00 -1.000000e+00
   outer loop
     vertex -9.673749e+01  3.249614e+01  1.900000e+01
     vertex -9.673749e+01  2.860386e+01  1.900000e+01
     vertex -9.675502e+01  2.868886e+01  1.900000e+01
   endloop
 endfacet
 facet normal  0.000000e+00  0.000000e+00 -1.000000e+00
   outer loop
     vertex -9.672227e+01  3.258158e+01  1.900000e+01
     vertex -9.672227e+01  2.851842e+01  1.900000e+01
     vertex -9.673749e+01  3.249614e+01  1.900000e+01
   endloop
 endfacet
 facet normal  0.000000e+00  0.000000e+00 -1.000000e+00
   outer loop
     vertex -9.670938e+01  3.266740e+01  1.900000e+01
     vertex -9.672227e+01  2.851842e+01  1.900000e+01
     vertex -9.672227e+01  3.258158e+01  1.900000e+01
   endloop
 endfacet
 facet normal  0.000000e+00  0.000000e+00 -1.000000e+00
   outer loop
     vertex -9.670938e+01  3.266740e+01  1.900000e+01
     vertex -9.670938e+01  2.843260e+01  1.900000e+01
     vertex -9.672227e+01  2.851842e+01  1.900000e+01
   endloop
 endfacet
 facet normal  0.000000e+00  0.000000e+00 -1.000000e+00
   outer loop
     vertex -9.669881e+01  3.275354e+01  1.900000e+01
     vertex -9.670938e+01  2.843260e+01  1.900000e+01
     vertex -9.670938e+01  3.266740e+01  1.900000e+01
   endloop
 endfacet
 facet normal  0.000000e+00 -0.000000e+00 -1.000000e+00
   outer loop
     vertex -9.669881e+01  3.275354e+01  1.900000e+01
     vertex -9.669059e+01  2.826007e+01  1.900000e+01
     vertex -9.669881e+01  2.834646e+01  1.900000e+01
   endloop
 endfacet
 facet normal  0.000000e+00  0.000000e+00 -1.000000e+00
   outer loop
     vertex -9.669881e+01  3.275354e+01  1.900000e+01
     vertex -9.669881e+01  2.834646e+01  1.900000e+01
     vertex -9.670938e+01  2.843260e+01  1.900000e+01
   endloop
 endfacet
 facet normal  0.000000e+00 -0.000000e+00 -1.000000e+00
   outer loop
     vertex -9.669059e+01  3.283993e+01  1.900000e+01
     vertex -9.669059e+01  2.826007e+01  1.900000e+01
     vertex -9.669881e+01  3.275354e+01  1.900000e+01
   endloop
 endfacet
 facet normal  0.000000e+00  0.000000e+00 -1.000000e+00
   outer loop
     vertex -9.669059e+01  3.283993e+01  1.900000e+01
     vertex -9.668471e+01  2.817349e+01  1.900000e+01
     vertex -9.669059e+01  2.826007e+01  1.900000e+01
   endloop
 endfacet
 facet normal  0.000000e+00 -0.000000e+00 -1.000000e+00
   outer loop
     vertex -9.668471e+01  3.292651e+01  1.900000e+01
     vertex -9.668471e+01  2.817349e+01  1.900000e+01
     vertex -9.669059e+01  3.283993e+01  1.900000e+01
   endloop
 endfacet
 facet normal  0.000000e+00  0.000000e+00 -1.000000e+00
   outer loop
     vertex -1.248800e+02  7.520000e+01  1.900000e+01
     vertex -1.030447e+02  2.752580e+01  1.900000e+01
     vertex -1.030436e+02  4.810691e-01  1.900000e+01
   endloop
 endfacet
 facet normal  0.000000e+00  0.000000e+00 -1.000000e+00
   outer loop
     vertex -1.248800e+02  7.520000e+01  1.900000e+01
     vertex -1.030770e+02  3.296095e+01  1.900000e+01
     vertex -1.030770e+02  2.813905e+01  1.900000e+01
   endloop
 endfacet
 facet normal  0.000000e+00  0.000000e+00 -1.000000e+00
   outer loop
     vertex -1.248800e+02  7.520000e+01  1.900000e+01
     vertex -1.030436e+02  4.810691e-01  1.900000e+01
     vertex -1.030556e+02  3.940968e-01  1.900000e+01
   endloop
 endfacet
 facet normal  0.000000e+00  0.000000e+00 -1.000000e+00
   outer loop
     vertex -1.248800e+02  7.520000e+01  1.900000e+01
     vertex -1.030556e+02  3.940968e-01  1.900000e+01
     vertex -1.030653e+02  3.068278e-01  1.900000e+01
   endloop
 endfacet
 facet normal  0.000000e+00  0.000000e+00 -1.000000e+00
   outer loop
     vertex -1.248800e+02  7.520000e+01  1.900000e+01
     vertex -1.030653e+02  3.068278e-01  1.900000e+01
     vertex -1.030725e+02  2.193278e-01  1.900000e+01
   endloop
 endfacet
 facet normal  0.000000e+00  0.000000e+00 -1.000000e+00
   outer loop
     vertex -1.248800e+02  7.520000e+01  1.900000e+01
     vertex -1.030725e+02  2.193278e-01  1.900000e+01
     vertex -1.030773e+02  1.316628e-01  1.900000e+01
   endloop
 endfacet
 facet normal  0.000000e+00  0.000000e+00 -1.000000e+00
   outer loop
     vertex -1.248800e+02  7.520000e+01  1.900000e+01
     vertex -1.030773e+02  1.316628e-01  1.900000e+01
     vertex -1.030797e+02  4.389861e-02  1.900000e+01
   endloop
 endfacet
 facet normal  0.000000e+00  0.000000e+00 -1.000000e+00
   outer loop
     vertex -1.248800e+02  7.520000e+01  1.900000e+01
     vertex -1.030797e+02  4.389861e-02  1.900000e+01
     vertex -1.030797e+02 -4.389861e-02  1.900000e+01
   endloop
 endfacet
 facet normal  0.000000e+00  0.000000e+00 -1.000000e+00
   outer loop
     vertex -1.248800e+02  7.520000e+01  1.900000e+01
     vertex -9.986168e+01  3.629995e+01  1.900000e+01
     vertex -9.994954e+01  3.629924e+01  1.900000e+01
   endloop
 endfacet
 facet normal  0.000000e+00  0.000000e+00 -1.000000e+00
   outer loop
     vertex -1.248800e+02  7.520000e+01  1.900000e+01
     vertex -9.994954e+01  3.629924e+01  1.900000e+01
     vertex -1.000373e+02  3.629613e+01  1.900000e+01
   endloop
 endfacet
 facet normal  0.000000e+00  0.000000e+00 -1.000000e+00
   outer loop
     vertex -1.248800e+02  7.520000e+01  1.900000e+01
     vertex -1.000373e+02  3.629613e+01  1.900000e+01
     vertex -1.001250e+02  3.629060e+01  1.900000e+01
   endloop
 endfacet
 facet normal  0.000000e+00  0.000000e+00 -1.000000e+00
   outer loop
     vertex -1.248800e+02  7.520000e+01  1.900000e+01
     vertex -1.001250e+02  3.629060e+01  1.900000e+01
     vertex -1.002125e+02  3.628267e+01  1.900000e+01
   endloop
 endfacet
 facet normal  0.000000e+00  0.000000e+00 -1.000000e+00
   outer loop
     vertex -1.248800e+02  7.520000e+01  1.900000e+01
     vertex -1.002125e+02  3.628267e+01  1.900000e+01
     vertex -1.002998e+02  3.627235e+01  1.900000e+01
   endloop
 endfacet
 facet normal  0.000000e+00  0.000000e+00 -1.000000e+00
   outer loop
     vertex -1.248800e+02  7.520000e+01  1.900000e+01
     vertex -1.002998e+02  3.627235e+01  1.900000e+01
     vertex -1.003867e+02  3.625962e+01  1.900000e+01
   endloop
 endfacet
 facet normal  0.000000e+00  0.000000e+00 -1.000000e+00
   outer loop
     vertex -1.248800e+02  7.520000e+01  1.900000e+01
     vertex -1.003867e+02  3.625962e+01  1.900000e+01
     vertex -1.004733e+02  3.624452e+01  1.900000e+01
   endloop
 endfacet
 facet normal  0.000000e+00  0.000000e+00 -1.000000e+00
   outer loop
     vertex -1.248800e+02  7.520000e+01  1.900000e+01
     vertex -1.004733e+02  3.624452e+01  1.900000e+01
     vertex -1.005594e+02  3.622705e+01  1.900000e+01
   endloop
 endfacet
 facet normal  0.000000e+00  0.000000e+00 -1.000000e+00
   outer loop
     vertex -1.248800e+02  7.520000e+01  1.900000e+01
     vertex -1.005594e+02  3.622705e+01  1.900000e+01
     vertex -1.006450e+02  3.620722e+01  1.900000e+01
   endloop
 endfacet
 facet normal  0.000000e+00  0.000000e+00 -1.000000e+00
   outer loop
     vertex -1.248800e+02  7.520000e+01  1.900000e+01
     vertex -1.006450e+02  3.620722e+01  1.900000e+01
     vertex -1.007300e+02  3.618505e+01  1.900000e+01
   endloop
 endfacet
 facet normal  0.000000e+00  0.000000e+00 -1.000000e+00
   outer loop
     vertex -1.248800e+02  7.520000e+01  1.900000e+01
     vertex -1.007300e+02  3.618505e+01  1.900000e+01
     vertex -1.008144e+02  3.616055e+01  1.900000e+01
   endloop
 endfacet
 facet normal  0.000000e+00  0.000000e+00 -1.000000e+00
   outer loop
     vertex -1.248800e+02  7.520000e+01  1.900000e+01
     vertex -1.008144e+02  3.616055e+01  1.900000e+01
     vertex -1.008980e+02  3.613374e+01  1.900000e+01
   endloop
 endfacet
 facet normal  0.000000e+00  0.000000e+00 -1.000000e+00
   outer loop
     vertex -1.248800e+02  7.520000e+01  1.900000e+01
     vertex -1.008980e+02  3.613374e+01  1.900000e+01
     vertex -1.009809e+02  3.610465e+01  1.900000e+01
   endloop
 endfacet
 facet normal  0.000000e+00  0.000000e+00 -1.000000e+00
   outer loop
     vertex -1.248800e+02  7.520000e+01  1.900000e+01
     vertex -1.009809e+02  3.610465e+01  1.900000e+01
     vertex -1.010630e+02  3.607329e+01  1.900000e+01
   endloop
 endfacet
 facet normal  0.000000e+00  0.000000e+00 -1.000000e+00
   outer loop
     vertex -1.248800e+02  7.520000e+01  1.900000e+01
     vertex -1.010630e+02  3.607329e+01  1.900000e+01
     vertex -1.011442e+02  3.603969e+01  1.900000e+01
   endloop
 endfacet
 facet normal  0.000000e+00  0.000000e+00 -1.000000e+00
   outer loop
     vertex -1.248800e+02  7.520000e+01  1.900000e+01
     vertex -1.011442e+02  3.603969e+01  1.900000e+01
     vertex -1.012244e+02  3.600388e+01  1.900000e+01
   endloop
 endfacet
 facet normal  0.000000e+00  0.000000e+00 -1.000000e+00
   outer loop
     vertex -1.248800e+02  7.520000e+01  1.900000e+01
     vertex -1.012244e+02  3.600388e+01  1.900000e+01
     vertex -1.013037e+02  3.596587e+01  1.900000e+01
   endloop
 endfacet
 facet normal  0.000000e+00  0.000000e+00 -1.000000e+00
   outer loop
     vertex -1.248800e+02  7.520000e+01  1.900000e+01
     vertex -1.013037e+02  3.596587e+01  1.900000e+01
     vertex -1.013818e+02  3.592571e+01  1.900000e+01
   endloop
 endfacet
 facet normal  0.000000e+00  0.000000e+00 -1.000000e+00
   outer loop
     vertex -1.248800e+02  7.520000e+01  1.900000e+01
     vertex -1.013818e+02  3.592571e+01  1.900000e+01
     vertex -1.014588e+02  3.588341e+01  1.900000e+01
   endloop
 endfacet
 facet normal  0.000000e+00  0.000000e+00 -1.000000e+00
   outer loop
     vertex -1.248800e+02  7.520000e+01  1.900000e+01
     vertex -1.014588e+02  3.588341e+01  1.900000e+01
     vertex -1.015346e+02  3.583902e+01  1.900000e+01
   endloop
 endfacet
 facet normal  0.000000e+00  0.000000e+00 -1.000000e+00
   outer loop
     vertex -1.248800e+02  7.520000e+01  1.900000e+01
     vertex -1.015346e+02  3.583902e+01  1.900000e+01
     vertex -1.016092e+02  3.579256e+01  1.900000e+01
   endloop
 endfacet
 facet normal  0.000000e+00  0.000000e+00 -1.000000e+00
   outer loop
     vertex -1.248800e+02  7.520000e+01  1.900000e+01
     vertex -1.016092e+02  3.579256e+01  1.900000e+01
     vertex -1.016825e+02  3.574407e+01  1.900000e+01
   endloop
 endfacet
 facet normal  0.000000e+00  0.000000e+00 -1.000000e+00
   outer loop
     vertex -1.248800e+02  7.520000e+01  1.900000e+01
     vertex -1.016825e+02  3.574407e+01  1.900000e+01
     vertex -1.017544e+02  3.569359e+01  1.900000e+01
   endloop
 endfacet
 facet normal  0.000000e+00  0.000000e+00 -1.000000e+00
   outer loop
     vertex -1.248800e+02  7.520000e+01  1.900000e+01
     vertex -1.017544e+02  3.569359e+01  1.900000e+01
     vertex -1.018249e+02  3.564115e+01  1.900000e+01
   endloop
 endfacet
 facet normal  0.000000e+00  0.000000e+00 -1.000000e+00
   outer loop
     vertex -1.248800e+02  7.520000e+01  1.900000e+01
     vertex -1.018249e+02  3.564115e+01  1.900000e+01
     vertex -1.018939e+02  3.558680e+01  1.900000e+01
   endloop
 endfacet
 facet normal  0.000000e+00  0.000000e+00 -1.000000e+00
   outer loop
     vertex -1.248800e+02  7.520000e+01  1.900000e+01
     vertex -1.018939e+02  3.558680e+01  1.900000e+01
     vertex -1.019614e+02  3.553057e+01  1.900000e+01
   endloop
 endfacet
 facet normal  0.000000e+00  0.000000e+00 -1.000000e+00
   outer loop
     vertex -1.248800e+02  7.520000e+01  1.900000e+01
     vertex -1.019614e+02  3.553057e+01  1.900000e+01
     vertex -1.020274e+02  3.547251e+01  1.900000e+01
   endloop
 endfacet
 facet normal  0.000000e+00  0.000000e+00 -1.000000e+00
   outer loop
     vertex -1.248800e+02  7.520000e+01  1.900000e+01
     vertex -1.020274e+02  3.547251e+01  1.900000e+01
     vertex -1.020917e+02  3.541267e+01  1.900000e+01
   endloop
 endfacet
 facet normal  0.000000e+00  0.000000e+00 -1.000000e+00
   outer loop
     vertex -1.248800e+02  7.520000e+01  1.900000e+01
     vertex -1.020917e+02  3.541267e+01  1.900000e+01
     vertex -1.021543e+02  3.535107e+01  1.900000e+01
   endloop
 endfacet
 facet normal  0.000000e+00  0.000000e+00 -1.000000e+00
   outer loop
     vertex -1.248800e+02  7.520000e+01  1.900000e+01
     vertex -1.021543e+02  3.535107e+01  1.900000e+01
     vertex -1.022153e+02  3.528779e+01  1.900000e+01
   endloop
 endfacet
 facet normal  0.000000e+00  0.000000e+00 -1.000000e+00
   outer loop
     vertex -1.248800e+02  7.520000e+01  1.900000e+01
     vertex -1.022153e+02  3.528779e+01  1.900000e+01
     vertex -1.022745e+02  3.522285e+01  1.900000e+01
   endloop
 endfacet
 facet normal  0.000000e+00  0.000000e+00 -1.000000e+00
   outer loop
     vertex -1.248800e+02  7.520000e+01  1.900000e+01
     vertex -1.022745e+02  3.522285e+01  1.900000e+01
     vertex -1.023319e+02  3.515631e+01  1.900000e+01
   endloop
 endfacet
 facet normal  0.000000e+00  0.000000e+00 -1.000000e+00
   outer loop
     vertex -1.248800e+02  7.520000e+01  1.900000e+01
     vertex -1.023319e+02  3.515631e+01  1.900000e+01
     vertex -1.023874e+02  3.508822e+01  1.900000e+01
   endloop
 endfacet
 facet normal  0.000000e+00  0.000000e+00 -1.000000e+00
   outer loop
     vertex -1.248800e+02  7.520000e+01  1.900000e+01
     vertex -1.023874e+02  3.508822e+01  1.900000e+01
     vertex -1.024410e+02  3.501863e+01  1.900000e+01
   endloop
 endfacet
 facet normal  0.000000e+00  0.000000e+00 -1.000000e+00
   outer loop
     vertex -1.248800e+02  7.520000e+01  1.900000e+01
     vertex -1.024410e+02  3.501863e+01  1.900000e+01
     vertex -1.024927e+02  3.494760e+01  1.900000e+01
   endloop
 endfacet
 facet normal  0.000000e+00  0.000000e+00 -1.000000e+00
   outer loop
     vertex -1.248800e+02  7.520000e+01  1.900000e+01
     vertex -1.024927e+02  3.494760e+01  1.900000e+01
     vertex -1.025425e+02  3.487517e+01  1.900000e+01
   endloop
 endfacet
 facet normal  0.000000e+00  0.000000e+00 -1.000000e+00
   outer loop
     vertex -1.248800e+02  7.520000e+01  1.900000e+01
     vertex -1.025425e+02  3.487517e+01  1.900000e+01
     vertex -1.025902e+02  3.480141e+01  1.900000e+01
   endloop
 endfacet
 facet normal  0.000000e+00  0.000000e+00 -1.000000e+00
   outer loop
     vertex -1.248800e+02  7.520000e+01  1.900000e+01
     vertex -1.025902e+02  3.480141e+01  1.900000e+01
     vertex -1.026359e+02  3.472636e+01  1.900000e+01
   endloop
 endfacet
 facet normal  0.000000e+00  0.000000e+00 -1.000000e+00
   outer loop
     vertex -1.248800e+02  7.520000e+01  1.900000e+01
     vertex -1.026359e+02  3.472636e+01  1.900000e+01
     vertex -1.026795e+02  3.465009e+01  1.900000e+01
   endloop
 endfacet
 facet normal  0.000000e+00  0.000000e+00 -1.000000e+00
   outer loop
     vertex -1.248800e+02  7.520000e+01  1.900000e+01
     vertex -1.026795e+02  3.465009e+01  1.900000e+01
     vertex -1.027210e+02  3.457265e+01  1.900000e+01
   endloop
 endfacet
 facet normal  0.000000e+00  0.000000e+00 -1.000000e+00
   outer loop
     vertex -1.248800e+02  7.520000e+01  1.900000e+01
     vertex -1.027210e+02  3.457265e+01  1.900000e+01
     vertex -1.027604e+02  3.449410e+01  1.900000e+01
   endloop
 endfacet
 facet normal  0.000000e+00  0.000000e+00 -1.000000e+00
   outer loop
     vertex -1.248800e+02  7.520000e+01  1.900000e+01
     vertex -1.027604e+02  3.449410e+01  1.900000e+01
     vertex -1.027976e+02  3.441449e+01  1.900000e+01
   endloop
 endfacet
 facet normal  0.000000e+00  0.000000e+00 -1.000000e+00
   outer loop
     vertex -1.248800e+02  7.520000e+01  1.900000e+01
     vertex -1.027976e+02  3.441449e+01  1.900000e+01
     vertex -1.028325e+02  3.433390e+01  1.900000e+01
   endloop
 endfacet
 facet normal  0.000000e+00  0.000000e+00 -1.000000e+00
   outer loop
     vertex -1.248800e+02  7.520000e+01  1.900000e+01
     vertex -1.028325e+02  3.433390e+01  1.900000e+01
     vertex -1.028653e+02  3.425238e+01  1.900000e+01
   endloop
 endfacet
 facet normal  0.000000e+00  0.000000e+00 -1.000000e+00
   outer loop
     vertex -1.248800e+02  7.520000e+01  1.900000e+01
     vertex -1.028653e+02  3.425238e+01  1.900000e+01
     vertex -1.028958e+02  3.416998e+01  1.900000e+01
   endloop
 endfacet
 facet normal  0.000000e+00  0.000000e+00 -1.000000e+00
   outer loop
     vertex -1.248800e+02  7.520000e+01  1.900000e+01
     vertex -1.028958e+02  3.416998e+01  1.900000e+01
     vertex -1.029241e+02  3.408678e+01  1.900000e+01
   endloop
 endfacet
 facet normal  0.000000e+00  0.000000e+00 -1.000000e+00
   outer loop
     vertex -1.248800e+02  7.520000e+01  1.900000e+01
     vertex -1.029241e+02  3.408678e+01  1.900000e+01
     vertex -1.029500e+02  3.400284e+01  1.900000e+01
   endloop
 endfacet
 facet normal  0.000000e+00  0.000000e+00 -1.000000e+00
   outer loop
     vertex -1.248800e+02  7.520000e+01  1.900000e+01
     vertex -1.029500e+02  3.400284e+01  1.900000e+01
     vertex -1.029736e+02  3.391822e+01  1.900000e+01
   endloop
 endfacet
 facet normal  0.000000e+00  0.000000e+00 -1.000000e+00
   outer loop
     vertex -1.248800e+02  7.520000e+01  1.900000e+01
     vertex -1.029736e+02  3.391822e+01  1.900000e+01
     vertex -1.029949e+02  3.383298e+01  1.900000e+01
   endloop
 endfacet
 facet normal  0.000000e+00  0.000000e+00 -1.000000e+00
   outer loop
     vertex -1.248800e+02  7.520000e+01  1.900000e+01
     vertex -1.029949e+02  3.383298e+01  1.900000e+01
     vertex -1.030139e+02  3.374718e+01  1.900000e+01
   endloop
 endfacet
 facet normal  0.000000e+00  0.000000e+00 -1.000000e+00
   outer loop
     vertex -1.248800e+02  7.520000e+01  1.900000e+01
     vertex -1.030139e+02  3.374718e+01  1.900000e+01
     vertex -1.030305e+02  3.366090e+01  1.900000e+01
   endloop
 endfacet
 facet normal  0.000000e+00  0.000000e+00 -1.000000e+00
   outer loop
     vertex -1.248800e+02  7.520000e+01  1.900000e+01
     vertex -1.030305e+02  3.366090e+01  1.900000e+01
     vertex -1.030447e+02  3.357420e+01  1.900000e+01
   endloop
 endfacet
 facet normal  0.000000e+00  0.000000e+00 -1.000000e+00
   outer loop
     vertex -1.248800e+02  7.520000e+01  1.900000e+01
     vertex -1.030447e+02  3.357420e+01  1.900000e+01
     vertex -1.030565e+02  3.348714e+01  1.900000e+01
   endloop
 endfacet
 facet normal  0.000000e+00  0.000000e+00 -1.000000e+00
   outer loop
     vertex -1.248800e+02  7.520000e+01  1.900000e+01
     vertex -1.030565e+02  3.348714e+01  1.900000e+01
     vertex -1.030659e+02  3.339978e+01  1.900000e+01
   endloop
 endfacet
 facet normal  0.000000e+00  0.000000e+00 -1.000000e+00
   outer loop
     vertex -1.248800e+02  7.520000e+01  1.900000e+01
     vertex -1.030659e+02  3.339978e+01  1.900000e+01
     vertex -1.030730e+02  3.331220e+01  1.900000e+01
   endloop
 endfacet
 facet normal  0.000000e+00  0.000000e+00 -1.000000e+00
   outer loop
     vertex -1.248800e+02  7.520000e+01  1.900000e+01
     vertex -1.030730e+02  3.331220e+01  1.900000e+01
     vertex -1.030776e+02  3.322446e+01  1.900000e+01
   endloop
 endfacet
 facet normal  0.000000e+00  0.000000e+00 -1.000000e+00
   outer loop
     vertex -1.248800e+02  7.520000e+01  1.900000e+01
     vertex -1.030776e+02  3.322446e+01  1.900000e+01
     vertex -1.030798e+02  3.313663e+01  1.900000e+01
   endloop
 endfacet
 facet normal  0.000000e+00  0.000000e+00 -1.000000e+00
   outer loop
     vertex -1.248800e+02  7.520000e+01  1.900000e+01
     vertex -1.030798e+02  3.313663e+01  1.900000e+01
     vertex -1.030796e+02  3.304877e+01  1.900000e+01
   endloop
 endfacet
 facet normal  0.000000e+00  0.000000e+00 -1.000000e+00
   outer loop
     vertex -1.248800e+02  7.520000e+01  1.900000e+01
     vertex -1.030796e+02  3.304877e+01  1.900000e+01
     vertex -1.030770e+02  3.296095e+01  1.900000e+01
   endloop
 endfacet
 facet normal  0.000000e+00  0.000000e+00 -1.000000e+00
   outer loop
     vertex -1.248800e+02  7.520000e+01  1.900000e+01
     vertex -1.030797e+02 -4.389861e-02  1.900000e+01
     vertex -1.248800e+02 -7.520000e+01  1.900000e+01
   endloop
 endfacet
 facet normal  0.000000e+00  0.000000e+00 -1.000000e+00
   outer loop
     vertex -1.248800e+02  7.520000e+01  1.900000e+01
     vertex -1.030770e+02  2.813905e+01  1.900000e+01
     vertex -1.030796e+02  2.805123e+01  1.900000e+01
   endloop
 endfacet
 facet normal  0.000000e+00  0.000000e+00 -1.000000e+00
   outer loop
     vertex -1.248800e+02  7.520000e+01  1.900000e+01
     vertex -1.030796e+02  2.805123e+01  1.900000e+01
     vertex -1.030798e+02  2.796337e+01  1.900000e+01
   endloop
 endfacet
 facet normal  0.000000e+00  0.000000e+00 -1.000000e+00
   outer loop
     vertex -1.248800e+02  7.520000e+01  1.900000e+01
     vertex -1.030798e+02  2.796337e+01  1.900000e+01
     vertex -1.030776e+02  2.787554e+01  1.900000e+01
   endloop
 endfacet
 facet normal  0.000000e+00  0.000000e+00 -1.000000e+00
   outer loop
     vertex -1.248800e+02  7.520000e+01  1.900000e+01
     vertex -1.030776e+02  2.787554e+01  1.900000e+01
     vertex -1.030730e+02  2.778780e+01  1.900000e+01
   endloop
 endfacet
 facet normal  0.000000e+00  0.000000e+00 -1.000000e+00
   outer loop
     vertex -1.248800e+02  7.520000e+01  1.900000e+01
     vertex -1.030730e+02  2.778780e+01  1.900000e+01
     vertex -1.030659e+02  2.770022e+01  1.900000e+01
   endloop
 endfacet
 facet normal  0.000000e+00  0.000000e+00 -1.000000e+00
   outer loop
     vertex -1.248800e+02  7.520000e+01  1.900000e+01
     vertex -1.030659e+02  2.770022e+01  1.900000e+01
     vertex -1.030565e+02  2.761286e+01  1.900000e+01
   endloop
 endfacet
 facet normal  0.000000e+00  0.000000e+00 -1.000000e+00
   outer loop
     vertex -1.248800e+02  7.520000e+01  1.900000e+01
     vertex -1.030565e+02  2.761286e+01  1.900000e+01
     vertex -1.030447e+02  2.752580e+01  1.900000e+01
   endloop
 endfacet
 facet normal  0.000000e+00  0.000000e+00 -1.000000e+00
   outer loop
     vertex -7.488000e+01  7.520000e+01  1.900000e+01
     vertex -9.675689e+01  3.379727e+01  1.900000e+01
     vertex -9.677721e+01  3.388275e+01  1.900000e+01
   endloop
 endfacet
 facet normal  0.000000e+00  0.000000e+00 -1.000000e+00
   outer loop
     vertex -7.488000e+01  7.520000e+01  1.900000e+01
     vertex -9.677721e+01  3.388275e+01  1.900000e+01
     vertex -9.679987e+01  3.396764e+01  1.900000e+01
   endloop
 endfacet
 facet normal  0.000000e+00  0.000000e+00 -1.000000e+00
   outer loop
     vertex -7.488000e+01  7.520000e+01  1.900000e+01
     vertex -9.671007e+01  4.376241e-01  1.900000e+01
     vertex -9.671011e+01  2.756206e+01  1.900000e+01
   endloop
 endfacet
 facet normal  0.000000e+00  0.000000e+00 -1.000000e+00
   outer loop
     vertex -7.488000e+01  7.520000e+01  1.900000e+01
     vertex -9.679987e+01  3.396764e+01  1.900000e+01
     vertex -9.682485e+01  3.405187e+01  1.900000e+01
   endloop
 endfacet
 facet normal  0.000000e+00  0.000000e+00 -1.000000e+00
   outer loop
     vertex -7.488000e+01  7.520000e+01  1.900000e+01
     vertex -9.682485e+01  3.405187e+01  1.900000e+01
     vertex -9.685214e+01  3.413539e+01  1.900000e+01
   endloop
 endfacet
 facet normal  0.000000e+00  0.000000e+00 -1.000000e+00
   outer loop
     vertex -7.488000e+01  7.520000e+01  1.900000e+01
     vertex -9.685214e+01  3.413539e+01  1.900000e+01
     vertex -9.688170e+01  3.421813e+01  1.900000e+01
   endloop
 endfacet
 facet normal  0.000000e+00  0.000000e+00 -1.000000e+00
   outer loop
     vertex -7.488000e+01  7.520000e+01  1.900000e+01
     vertex -9.688170e+01  3.421813e+01  1.900000e+01
     vertex -9.691353e+01  3.430002e+01  1.900000e+01
   endloop
 endfacet
 facet normal  0.000000e+00  0.000000e+00 -1.000000e+00
   outer loop
     vertex -7.488000e+01  7.520000e+01  1.900000e+01
     vertex -9.691353e+01  3.430002e+01  1.900000e+01
     vertex -9.694759e+01  3.438101e+01  1.900000e+01
   endloop
 endfacet
 facet normal  0.000000e+00  0.000000e+00 -1.000000e+00
   outer loop
     vertex -7.488000e+01  7.520000e+01  1.900000e+01
     vertex -9.694759e+01  3.438101e+01  1.900000e+01
     vertex -9.698387e+01  3.446103e+01  1.900000e+01
   endloop
 endfacet
 facet normal  0.000000e+00  0.000000e+00 -1.000000e+00
   outer loop
     vertex -7.488000e+01  7.520000e+01  1.900000e+01
     vertex -9.698387e+01  3.446103e+01  1.900000e+01
     vertex -9.702232e+01  3.454003e+01  1.900000e+01
   endloop
 endfacet
 facet normal  0.000000e+00  0.000000e+00 -1.000000e+00
   outer loop
     vertex -7.488000e+01  7.520000e+01  1.900000e+01
     vertex -9.702232e+01  3.454003e+01  1.900000e+01
     vertex -9.706294e+01  3.461794e+01  1.900000e+01
   endloop
 endfacet
 facet normal  0.000000e+00  0.000000e+00 -1.000000e+00
   outer loop
     vertex -7.488000e+01  7.520000e+01  1.900000e+01
     vertex -9.706294e+01  3.461794e+01  1.900000e+01
     vertex -9.710567e+01  3.469471e+01  1.900000e+01
   endloop
 endfacet
 facet normal -0.000000e+00  0.000000e+00 -1.000000e+00
   outer loop
     vertex -7.488000e+01  7.520000e+01  1.900000e+01
     vertex -9.986168e+01  3.629995e+01  1.900000e+01
     vertex -1.248800e+02  7.520000e+01  1.900000e+01
   endloop
 endfacet
 facet normal  0.000000e+00  0.000000e+00 -1.000000e+00
   outer loop
     vertex -7.488000e+01  7.520000e+01  1.900000e+01
     vertex -9.710567e+01  3.469471e+01  1.900000e+01
     vertex -9.715050e+01  3.477028e+01  1.900000e+01
   endloop
 endfacet
 facet normal  0.000000e+00  0.000000e+00 -1.000000e+00
   outer loop
     vertex -7.488000e+01  7.520000e+01  1.900000e+01
     vertex -9.715050e+01  3.477028e+01  1.900000e+01
     vertex -9.719738e+01  3.484458e+01  1.900000e+01
   endloop
 endfacet
 facet normal  0.000000e+00  0.000000e+00 -1.000000e+00
   outer loop
     vertex -7.488000e+01  7.520000e+01  1.900000e+01
     vertex -9.719738e+01  3.484458e+01  1.900000e+01
     vertex -9.724629e+01  3.491757e+01  1.900000e+01
   endloop
 endfacet
 facet normal  0.000000e+00  0.000000e+00 -1.000000e+00
   outer loop
     vertex -7.488000e+01  7.520000e+01  1.900000e+01
     vertex -9.724629e+01  3.491757e+01  1.900000e+01
     vertex -9.729718e+01  3.498919e+01  1.900000e+01
   endloop
 endfacet
 facet normal  0.000000e+00  0.000000e+00 -1.000000e+00
   outer loop
     vertex -7.488000e+01  7.520000e+01  1.900000e+01
     vertex -9.729718e+01  3.498919e+01  1.900000e+01
     vertex -9.735002e+01  3.505939e+01  1.900000e+01
   endloop
 endfacet
 facet normal  0.000000e+00  0.000000e+00 -1.000000e+00
   outer loop
     vertex -7.488000e+01  7.520000e+01  1.900000e+01
     vertex -9.735002e+01  3.505939e+01  1.900000e+01
     vertex -9.740477e+01  3.512811e+01  1.900000e+01
   endloop
 endfacet
 facet normal  0.000000e+00  0.000000e+00 -1.000000e+00
   outer loop
     vertex -7.488000e+01  7.520000e+01  1.900000e+01
     vertex -9.740477e+01  3.512811e+01  1.900000e+01
     vertex -9.746138e+01  3.519530e+01  1.900000e+01
   endloop
 endfacet
 facet normal  0.000000e+00 -0.000000e+00 -1.000000e+00
   outer loop
     vertex -7.488000e+01  7.520000e+01  1.900000e+01
     vertex -7.488000e+01 -7.520000e+01  1.900000e+01
     vertex -9.668000e+01 -7.837740e-16  1.900000e+01
   endloop
 endfacet
 facet normal  0.000000e+00  0.000000e+00 -1.000000e+00
   outer loop
     vertex -7.488000e+01  7.520000e+01  1.900000e+01
     vertex -9.746138e+01  3.519530e+01  1.900000e+01
     vertex -9.751982e+01  3.526091e+01  1.900000e+01
   endloop
 endfacet
 facet normal  0.000000e+00  0.000000e+00 -1.000000e+00
   outer loop
     vertex -7.488000e+01  7.520000e+01  1.900000e+01
     vertex -9.751982e+01  3.526091e+01  1.900000e+01
     vertex -9.758003e+01  3.532489e+01  1.900000e+01
   endloop
 endfacet
 facet normal  0.000000e+00  0.000000e+00 -1.000000e+00
   outer loop
     vertex -7.488000e+01  7.520000e+01  1.900000e+01
     vertex -9.758003e+01  3.532489e+01  1.900000e+01
     vertex -9.764198e+01  3.538720e+01  1.900000e+01
   endloop
 endfacet
 facet normal  0.000000e+00  0.000000e+00 -1.000000e+00
   outer loop
     vertex -7.488000e+01  7.520000e+01  1.900000e+01
     vertex -9.764198e+01  3.538720e+01  1.900000e+01
     vertex -9.770562e+01  3.544778e+01  1.900000e+01
   endloop
 endfacet
 facet normal  0.000000e+00  0.000000e+00 -1.000000e+00
   outer loop
     vertex -7.488000e+01  7.520000e+01  1.900000e+01
     vertex -9.770562e+01  3.544778e+01  1.900000e+01
     vertex -9.777089e+01  3.550659e+01  1.900000e+01
   endloop
 endfacet
 facet normal  0.000000e+00  0.000000e+00 -1.000000e+00
   outer loop
     vertex -7.488000e+01  7.520000e+01  1.900000e+01
     vertex -9.777089e+01  3.550659e+01  1.900000e+01
     vertex -9.783776e+01  3.556358e+01  1.900000e+01
   endloop
 endfacet
 facet normal  0.000000e+00  0.000000e+00 -1.000000e+00
   outer loop
     vertex -7.488000e+01  7.520000e+01  1.900000e+01
     vertex -9.783776e+01  3.556358e+01  1.900000e+01
     vertex -9.790616e+01  3.561872e+01  1.900000e+01
   endloop
 endfacet
 facet normal  0.000000e+00  0.000000e+00 -1.000000e+00
   outer loop
     vertex -7.488000e+01  7.520000e+01  1.900000e+01
     vertex -9.790616e+01  3.561872e+01  1.900000e+01
     vertex -9.797606e+01  3.567196e+01  1.900000e+01
   endloop
 endfacet
 facet normal  0.000000e+00  0.000000e+00 -1.000000e+00
   outer loop
     vertex -7.488000e+01  7.520000e+01  1.900000e+01
     vertex -9.797606e+01  3.567196e+01  1.900000e+01
     vertex -9.804738e+01  3.572326e+01  1.900000e+01
   endloop
 endfacet
 facet normal  0.000000e+00  0.000000e+00 -1.000000e+00
   outer loop
     vertex -7.488000e+01  7.520000e+01  1.900000e+01
     vertex -9.804738e+01  3.572326e+01  1.900000e+01
     vertex -9.812009e+01  3.577259e+01  1.900000e+01
   endloop
 endfacet
 facet normal  0.000000e+00  0.000000e+00 -1.000000e+00
   outer loop
     vertex -7.488000e+01  7.520000e+01  1.900000e+01
     vertex -9.812009e+01  3.577259e+01  1.900000e+01
     vertex -9.819413e+01  3.581990e+01  1.900000e+01
   endloop
 endfacet
 facet normal  0.000000e+00  0.000000e+00 -1.000000e+00
   outer loop
     vertex -7.488000e+01  7.520000e+01  1.900000e+01
     vertex -9.819413e+01  3.581990e+01  1.900000e+01
     vertex -9.826944e+01  3.586516e+01  1.900000e+01
   endloop
 endfacet
 facet normal  0.000000e+00  0.000000e+00 -1.000000e+00
   outer loop
     vertex -7.488000e+01  7.520000e+01  1.900000e+01
     vertex -9.826944e+01  3.586516e+01  1.900000e+01
     vertex -9.834596e+01  3.590833e+01  1.900000e+01
   endloop
 endfacet
 facet normal  0.000000e+00  0.000000e+00 -1.000000e+00
   outer loop
     vertex -7.488000e+01  7.520000e+01  1.900000e+01
     vertex -9.834596e+01  3.590833e+01  1.900000e+01
     vertex -9.842364e+01  3.594939e+01  1.900000e+01
   endloop
 endfacet
 facet normal  0.000000e+00  0.000000e+00 -1.000000e+00
   outer loop
     vertex -7.488000e+01  7.520000e+01  1.900000e+01
     vertex -9.842364e+01  3.594939e+01  1.900000e+01
     vertex -9.850241e+01  3.598830e+01  1.900000e+01
   endloop
 endfacet
 facet normal  0.000000e+00  0.000000e+00 -1.000000e+00
   outer loop
     vertex -7.488000e+01  7.520000e+01  1.900000e+01
     vertex -9.850241e+01  3.598830e+01  1.900000e+01
     vertex -9.858223e+01  3.602503e+01  1.900000e+01
   endloop
 endfacet
 facet normal  0.000000e+00  0.000000e+00 -1.000000e+00
   outer loop
     vertex -7.488000e+01  7.520000e+01  1.900000e+01
     vertex -9.668471e+01  2.817349e+01  1.900000e+01
     vertex -9.668471e+01  3.292651e+01  1.900000e+01
   endloop
 endfacet
 facet normal  0.000000e+00  0.000000e+00 -1.000000e+00
   outer loop
     vertex -7.488000e+01  7.520000e+01  1.900000e+01
     vertex -9.858223e+01  3.602503e+01  1.900000e+01
     vertex -9.866302e+01  3.605955e+01  1.900000e+01
   endloop
 endfacet
 facet normal  0.000000e+00  0.000000e+00 -1.000000e+00
   outer loop
     vertex -7.488000e+01  7.520000e+01  1.900000e+01
     vertex -9.866302e+01  3.605955e+01  1.900000e+01
     vertex -9.874473e+01  3.609185e+01  1.900000e+01
   endloop
 endfacet
 facet normal  0.000000e+00  0.000000e+00 -1.000000e+00
   outer loop
     vertex -7.488000e+01  7.520000e+01  1.900000e+01
     vertex -9.874473e+01  3.609185e+01  1.900000e+01
     vertex -9.882730e+01  3.612189e+01  1.900000e+01
   endloop
 endfacet
 facet normal  0.000000e+00  0.000000e+00 -1.000000e+00
   outer loop
     vertex -7.488000e+01  7.520000e+01  1.900000e+01
     vertex -9.882730e+01  3.612189e+01  1.900000e+01
     vertex -9.891066e+01  3.614965e+01  1.900000e+01
   endloop
 endfacet
 facet normal  0.000000e+00  0.000000e+00 -1.000000e+00
   outer loop
     vertex -7.488000e+01  7.520000e+01  1.900000e+01
     vertex -9.891066e+01  3.614965e+01  1.900000e+01
     vertex -9.899475e+01  3.617511e+01  1.900000e+01
   endloop
 endfacet
 facet normal  0.000000e+00  0.000000e+00 -1.000000e+00
   outer loop
     vertex -7.488000e+01  7.520000e+01  1.900000e+01
     vertex -9.899475e+01  3.617511e+01  1.900000e+01
     vertex -9.907950e+01  3.619826e+01  1.900000e+01
   endloop
 endfacet
 facet normal  0.000000e+00  0.000000e+00 -1.000000e+00
   outer loop
     vertex -7.488000e+01  7.520000e+01  1.900000e+01
     vertex -9.907950e+01  3.619826e+01  1.900000e+01
     vertex -9.916487e+01  3.621907e+01  1.900000e+01
   endloop
 endfacet
 facet normal  0.000000e+00  0.000000e+00 -1.000000e+00
   outer loop
     vertex -7.488000e+01  7.520000e+01  1.900000e+01
     vertex -9.916487e+01  3.621907e+01  1.900000e+01
     vertex -9.925077e+01  3.623753e+01  1.900000e+01
   endloop
 endfacet
 facet normal  0.000000e+00  0.000000e+00 -1.000000e+00
   outer loop
     vertex -7.488000e+01  7.520000e+01  1.900000e+01
     vertex -9.925077e+01  3.623753e+01  1.900000e+01
     vertex -9.933714e+01  3.625362e+01  1.900000e+01
   endloop
 endfacet
 facet normal  0.000000e+00  0.000000e+00 -1.000000e+00
   outer loop
     vertex -7.488000e+01  7.520000e+01  1.900000e+01
     vertex -9.933714e+01  3.625362e+01  1.900000e+01
     vertex -9.942392e+01  3.626733e+01  1.900000e+01
   endloop
 endfacet
 facet normal  0.000000e+00  0.000000e+00 -1.000000e+00
   outer loop
     vertex -7.488000e+01  7.520000e+01  1.900000e+01
     vertex -9.942392e+01  3.626733e+01  1.900000e+01
     vertex -9.951105e+01  3.627866e+01  1.900000e+01
   endloop
 endfacet
 facet normal  0.000000e+00  0.000000e+00 -1.000000e+00
   outer loop
     vertex -7.488000e+01  7.520000e+01  1.900000e+01
     vertex -9.951105e+01  3.627866e+01  1.900000e+01
     vertex -9.959846e+01  3.628759e+01  1.900000e+01
   endloop
 endfacet
 facet normal  0.000000e+00  0.000000e+00 -1.000000e+00
   outer loop
     vertex -7.488000e+01  7.520000e+01  1.900000e+01
     vertex -9.959846e+01  3.628759e+01  1.900000e+01
     vertex -9.968608e+01  3.629412e+01  1.900000e+01
   endloop
 endfacet
 facet normal  0.000000e+00  0.000000e+00 -1.000000e+00
   outer loop
     vertex -7.488000e+01  7.520000e+01  1.900000e+01
     vertex -9.968608e+01  3.629412e+01  1.900000e+01
     vertex -9.977384e+01  3.629824e+01  1.900000e+01
   endloop
 endfacet
 facet normal  0.000000e+00  0.000000e+00 -1.000000e+00
   outer loop
     vertex -7.488000e+01  7.520000e+01  1.900000e+01
     vertex -9.671011e+01  2.756206e+01  1.900000e+01
     vertex -9.669928e+01  2.764925e+01  1.900000e+01
   endloop
 endfacet
 facet normal  0.000000e+00  0.000000e+00 -1.000000e+00
   outer loop
     vertex -7.488000e+01  7.520000e+01  1.900000e+01
     vertex -9.977384e+01  3.629824e+01  1.900000e+01
     vertex -9.986168e+01  3.629995e+01  1.900000e+01
   endloop
 endfacet
 facet normal  0.000000e+00  0.000000e+00 -1.000000e+00
   outer loop
     vertex -7.488000e+01  7.520000e+01  1.900000e+01
     vertex -9.669928e+01  2.764925e+01  1.900000e+01
     vertex -9.669085e+01  2.773671e+01  1.900000e+01
   endloop
 endfacet
 facet normal  0.000000e+00  0.000000e+00 -1.000000e+00
   outer loop
     vertex -7.488000e+01  7.520000e+01  1.900000e+01
     vertex -9.669085e+01  2.773671e+01  1.900000e+01
     vertex -9.668482e+01  2.782436e+01  1.900000e+01
   endloop
 endfacet
 facet normal  0.000000e+00  0.000000e+00 -1.000000e+00
   outer loop
     vertex -7.488000e+01  7.520000e+01  1.900000e+01
     vertex -9.668482e+01  2.782436e+01  1.900000e+01
     vertex -9.668121e+01  2.791215e+01  1.900000e+01
   endloop
 endfacet
 facet normal  0.000000e+00  0.000000e+00 -1.000000e+00
   outer loop
     vertex -7.488000e+01  7.520000e+01  1.900000e+01
     vertex -9.668121e+01  2.791215e+01  1.900000e+01
     vertex -9.668000e+01  2.800000e+01  1.900000e+01
   endloop
 endfacet
 facet normal  0.000000e+00  0.000000e+00 -1.000000e+00
   outer loop
     vertex -7.488000e+01  7.520000e+01  1.900000e+01
     vertex -9.668000e+01 -7.837740e-16  1.900000e+01
     vertex -9.668120e+01  8.778895e-02  1.900000e+01
   endloop
 endfacet
 facet normal  0.000000e+00  0.000000e+00 -1.000000e+00
   outer loop
     vertex -7.488000e+01  7.520000e+01  1.900000e+01
     vertex -9.668120e+01  8.778895e-02  1.900000e+01
     vertex -9.668482e+01  1.755118e-01  1.900000e+01
   endloop
 endfacet
 facet normal  0.000000e+00  0.000000e+00 -1.000000e+00
   outer loop
     vertex -7.488000e+01  7.520000e+01  1.900000e+01
     vertex -9.668482e+01  1.755118e-01  1.900000e+01
     vertex -9.669083e+01  2.631026e-01  1.900000e+01
   endloop
 endfacet
 facet normal  0.000000e+00  0.000000e+00 -1.000000e+00
   outer loop
     vertex -7.488000e+01  7.520000e+01  1.900000e+01
     vertex -9.669083e+01  2.631026e-01  1.900000e+01
     vertex -9.669925e+01  3.504953e-01  1.900000e+01
   endloop
 endfacet
 facet normal  0.000000e+00  0.000000e+00 -1.000000e+00
   outer loop
     vertex -7.488000e+01  7.520000e+01  1.900000e+01
     vertex -9.669925e+01  3.504953e-01  1.900000e+01
     vertex -9.671007e+01  4.376241e-01  1.900000e+01
   endloop
 endfacet
 facet normal  0.000000e+00  0.000000e+00 -1.000000e+00
   outer loop
     vertex -7.488000e+01  7.520000e+01  1.900000e+01
     vertex -9.668471e+01  3.292651e+01  1.900000e+01
     vertex -9.668118e+01  3.301322e+01  1.900000e+01
   endloop
 endfacet
 facet normal  0.000000e+00  0.000000e+00 -1.000000e+00
   outer loop
     vertex -7.488000e+01  7.520000e+01  1.900000e+01
     vertex -9.668118e+01  3.301322e+01  1.900000e+01
     vertex -9.668000e+01  3.310000e+01  1.900000e+01
   endloop
 endfacet
 facet normal  0.000000e+00  0.000000e+00 -1.000000e+00
   outer loop
     vertex -7.488000e+01  7.520000e+01  1.900000e+01
     vertex -9.668000e+01  2.800000e+01  1.900000e+01
     vertex -9.668118e+01  2.808678e+01  1.900000e+01
   endloop
 endfacet
 facet normal  0.000000e+00  0.000000e+00 -1.000000e+00
   outer loop
     vertex -7.488000e+01  7.520000e+01  1.900000e+01
     vertex -9.668118e+01  2.808678e+01  1.900000e+01
     vertex -9.668471e+01  2.817349e+01  1.900000e+01
   endloop
 endfacet
 facet normal  0.000000e+00  0.000000e+00 -1.000000e+00
   outer loop
     vertex -7.488000e+01  7.520000e+01  1.900000e+01
     vertex -9.668000e+01  3.310000e+01  1.900000e+01
     vertex -9.668121e+01  3.318785e+01  1.900000e+01
   endloop
 endfacet
 facet normal  0.000000e+00  0.000000e+00 -1.000000e+00
   outer loop
     vertex -7.488000e+01  7.520000e+01  1.900000e+01
     vertex -9.668121e+01  3.318785e+01  1.900000e+01
     vertex -9.668482e+01  3.327564e+01  1.900000e+01
   endloop
 endfacet
 facet normal  0.000000e+00  0.000000e+00 -1.000000e+00
   outer loop
     vertex -7.488000e+01  7.520000e+01  1.900000e+01
     vertex -9.668482e+01  3.327564e+01  1.900000e+01
     vertex -9.669085e+01  3.336329e+01  1.900000e+01
   endloop
 endfacet
 facet normal  0.000000e+00  0.000000e+00 -1.000000e+00
   outer loop
     vertex -7.488000e+01  7.520000e+01  1.900000e+01
     vertex -9.669085e+01  3.336329e+01  1.900000e+01
     vertex -9.669928e+01  3.345075e+01  1.900000e+01
   endloop
 endfacet
 facet normal  0.000000e+00  0.000000e+00 -1.000000e+00
   outer loop
     vertex -7.488000e+01  7.520000e+01  1.900000e+01
     vertex -9.669928e+01  3.345075e+01  1.900000e+01
     vertex -9.671011e+01  3.353794e+01  1.900000e+01
   endloop
 endfacet
 facet normal  0.000000e+00  0.000000e+00 -1.000000e+00
   outer loop
     vertex -7.488000e+01  7.520000e+01  1.900000e+01
     vertex -9.671011e+01  3.353794e+01  1.900000e+01
     vertex -9.672333e+01  3.362480e+01  1.900000e+01
   endloop
 endfacet
 facet normal  0.000000e+00  0.000000e+00 -1.000000e+00
   outer loop
     vertex -7.488000e+01  7.520000e+01  1.900000e+01
     vertex -9.672333e+01  3.362480e+01  1.900000e+01
     vertex -9.673892e+01  3.371127e+01  1.900000e+01
   endloop
 endfacet
 facet normal  0.000000e+00  0.000000e+00 -1.000000e+00
   outer loop
     vertex -7.488000e+01  7.520000e+01  1.900000e+01
     vertex -9.673892e+01  3.371127e+01  1.900000e+01
     vertex -9.675689e+01  3.379727e+01  1.900000e+01
   endloop
 endfacet
 facet normal  1.000000e+00  0.000000e+00  0.000000e+00
   outer loop
     vertex -7.488000e+01 -7.520000e+01  1.900000e+01
     vertex -7.488000e+01  7.520000e+01  1.900000e+01
     vertex -7.488000e+01  7.520000e+01  2.400000e+01
   endloop
 endfacet
 facet normal  1.000000e+00 -0.000000e+00  0.000000e+00
   outer loop
     vertex -7.488000e+01 -7.520000e+01  2.400000e+01
     vertex -7.488000e+01 -7.520000e+01  1.900000e+01
     vertex -7.488000e+01  7.520000e+01  2.400000e+01
   endloop
 endfacet
 facet normal -9.999059e-01 -1.371831e-02 -9.349525e-21
   outer loop
     vertex -9.668120e+01  8.778895e-02  2.400000e+01
     vertex -9.668000e+01 -7.837740e-16  1.900000e+01
     vertex -9.668000e+01 -7.837740e-16  2.400000e+01
   endloop
 endfacet
 facet normal -9.999059e-01 -1.371831e-02 -0.000000e+00
   outer loop
     vertex -9.668120e+01  8.778895e-02  2.400000e+01
     vertex -9.668120e+01  8.778895e-02  1.900000e+01
     vertex -9.668000e+01 -7.837740e-16  1.900000e+01
   endloop
 endfacet
 facet normal -9.991532e-01 -4.114462e-02 -0.000000e+00
   outer loop
     vertex -9.668120e+01  8.778895e-02  2.400000e+01
     vertex -9.668482e+01  1.755118e-01  1.900000e+01
     vertex -9.668120e+01  8.778895e-02  1.900000e+01
   endloop
 endfacet
 facet normal -9.991532e-01 -4.114462e-02 -0.000000e+00
   outer loop
     vertex -9.668482e+01  1.755118e-01  2.400000e+01
     vertex -9.668482e+01  1.755118e-01  1.900000e+01
     vertex -9.668120e+01  8.778895e-02  2.400000e+01
   endloop
 endfacet
 facet normal -9.976484e-01 -6.853995e-02 -0.000000e+00
   outer loop
     vertex -9.669083e+01  2.631026e-01  2.400000e+01
     vertex -9.669083e+01  2.631026e-01  1.900000e+01
     vertex -9.668482e+01  1.755118e-01  1.900000e+01
   endloop
 endfacet
 facet normal -9.976484e-01 -6.853995e-02  3.696273e-20
   outer loop
     vertex -9.669083e+01  2.631026e-01  2.400000e+01
     vertex -9.668482e+01  1.755118e-01  1.900000e+01
     vertex -9.668482e+01  1.755118e-01  2.400000e+01
   endloop
 endfacet
 facet normal -9.953925e-01 -9.588368e-02 -0.000000e+00
   outer loop
     vertex -9.669925e+01  3.504953e-01  2.400000e+01
     vertex -9.669925e+01  3.504953e-01  1.900000e+01
     vertex -9.669083e+01  2.631026e-01  1.900000e+01
   endloop
 endfacet
 facet normal -9.953925e-01 -9.588368e-02 -3.915559e-20
   outer loop
     vertex -9.669925e+01  3.504953e-01  2.400000e+01
     vertex -9.669083e+01  2.631026e-01  1.900000e+01
     vertex -9.669083e+01  2.631026e-01  2.400000e+01
   endloop
 endfacet
 facet normal -9.923874e-01 -1.231552e-01 -0.000000e+00
   outer loop
     vertex -9.671007e+01  4.376241e-01  2.400000e+01
     vertex -9.671007e+01  4.376241e-01  1.900000e+01
     vertex -9.669925e+01  3.504953e-01  1.900000e+01
   endloop
 endfacet
 facet normal -9.886353e-01 -1.503341e-01 -0.000000e+00
   outer loop
     vertex -9.671007e+01  4.376241e-01  2.400000e+01
     vertex -9.672326e+01  5.244235e-01  1.900000e+01
     vertex -9.671007e+01  4.376241e-01  1.900000e+01
   endloop
 endfacet
 facet normal -9.923874e-01 -1.231552e-01  6.544549e-20
   outer loop
     vertex -9.671007e+01  4.376241e-01  2.400000e+01
     vertex -9.669925e+01  3.504953e-01  1.900000e+01
     vertex -9.669925e+01  3.504953e-01  2.400000e+01
   endloop
 endfacet
 facet normal -9.886353e-01 -1.503341e-01 -0.000000e+00
   outer loop
     vertex -9.672326e+01  5.244235e-01  2.400000e+01
     vertex -9.672326e+01  5.244235e-01  1.900000e+01
     vertex -9.671007e+01  4.376241e-01  2.400000e+01
   endloop
 endfacet
 facet normal -9.841389e-01 -1.773998e-01 -0.000000e+00
   outer loop
     vertex -9.673884e+01  6.108282e-01  2.400000e+01
     vertex -9.673884e+01  6.108282e-01  1.900000e+01
     vertex -9.672326e+01  5.244235e-01  1.900000e+01
   endloop
 endfacet
 facet normal -9.841389e-01 -1.773998e-01 -7.857418e-20
   outer loop
     vertex -9.673884e+01  6.108282e-01  2.400000e+01
     vertex -9.672326e+01  5.244235e-01  1.900000e+01
     vertex -9.672326e+01  5.244235e-01  2.400000e+01
   endloop
 endfacet
 facet normal -9.789017e-01 -2.043319e-01 -0.000000e+00
   outer loop
     vertex -9.675678e+01  6.967730e-01  2.400000e+01
     vertex -9.675678e+01  6.967730e-01  1.900000e+01
     vertex -9.673884e+01  6.108282e-01  1.900000e+01
   endloop
 endfacet
 facet normal -9.729276e-01 -2.311102e-01 -0.000000e+00
   outer loop
     vertex -9.675678e+01  6.967730e-01  2.400000e+01
     vertex -9.677707e+01  7.821934e-01  1.900000e+01
     vertex -9.675678e+01  6.967730e-01  1.900000e+01
   endloop
 endfacet
 facet normal -9.789017e-01 -2.043319e-01 -2.012270e-20
   outer loop
     vertex -9.675678e+01  6.967730e-01  2.400000e+01
     vertex -9.673884e+01  6.108282e-01  1.900000e+01
     vertex -9.673884e+01  6.108282e-01  2.400000e+01
   endloop
 endfacet
 facet normal -9.729276e-01 -2.311102e-01 -0.000000e+00
   outer loop
     vertex -9.677707e+01  7.821934e-01  2.400000e+01
     vertex -9.677707e+01  7.821934e-01  1.900000e+01
     vertex -9.675678e+01  6.967730e-01  2.400000e+01
   endloop
 endfacet
 facet normal -9.662211e-01 -2.577146e-01 -1.244611e-19
   outer loop
     vertex -9.679970e+01  8.670249e-01  2.400000e+01
     vertex -9.677707e+01  7.821934e-01  1.900000e+01
     vertex -9.677707e+01  7.821934e-01  2.400000e+01
   endloop
 endfacet
 facet normal -9.662211e-01 -2.577146e-01 -0.000000e+00
   outer loop
     vertex -9.679970e+01  8.670249e-01  2.400000e+01
     vertex -9.679970e+01  8.670249e-01  1.900000e+01
     vertex -9.677707e+01  7.821934e-01  1.900000e+01
   endloop
 endfacet
 facet normal -9.587873e-01 -2.841250e-01 -0.000000e+00
   outer loop
     vertex -9.679970e+01  8.670249e-01  2.400000e+01
     vertex -9.682464e+01  9.512037e-01  1.900000e+01
     vertex -9.679970e+01  8.670249e-01  1.900000e+01
   endloop
 endfacet
 facet normal -9.587873e-01 -2.841250e-01 -0.000000e+00
   outer loop
     vertex -9.682464e+01  9.512037e-01  2.400000e+01
     vertex -9.682464e+01  9.512037e-01  1.900000e+01
     vertex -9.679970e+01  8.670249e-01  2.400000e+01
   endloop
 endfacet
 facet normal -9.506317e-01 -3.103214e-01 -0.000000e+00
   outer loop
     vertex -9.682464e+01  9.512037e-01  2.400000e+01
     vertex -9.685189e+01  1.034667e+00  1.900000e+01
     vertex -9.682464e+01  9.512037e-01  1.900000e+01
   endloop
 endfacet
 facet normal -9.506317e-01 -3.103214e-01 -0.000000e+00
   outer loop
     vertex -9.685189e+01  1.034667e+00  2.400000e+01
     vertex -9.685189e+01  1.034667e+00  1.900000e+01
     vertex -9.682464e+01  9.512037e-01  2.400000e+01
   endloop
 endfacet
 facet normal -9.417605e-01 -3.362843e-01  3.893075e-19
   outer loop
     vertex -9.688141e+01  1.117351e+00  2.400000e+01
     vertex -9.685189e+01  1.034667e+00  1.900000e+01
     vertex -9.685189e+01  1.034667e+00  2.400000e+01
   endloop
 endfacet
 facet normal -9.417605e-01 -3.362843e-01 -0.000000e+00
   outer loop
     vertex -9.688141e+01  1.117351e+00  2.400000e+01
     vertex -9.688141e+01  1.117351e+00  1.900000e+01
     vertex -9.685189e+01  1.034667e+00  1.900000e+01
   endloop
 endfacet
 facet normal -9.321804e-01 -3.619940e-01 -2.511232e-19
   outer loop
     vertex -9.691319e+01  1.199193e+00  2.400000e+01
     vertex -9.688141e+01  1.117351e+00  1.900000e+01
     vertex -9.688141e+01  1.117351e+00  2.400000e+01
   endloop
 endfacet
 facet normal -9.321804e-01 -3.619940e-01 -0.000000e+00
   outer loop
     vertex -9.691319e+01  1.199193e+00  2.400000e+01
     vertex -9.691319e+01  1.199193e+00  1.900000e+01
     vertex -9.688141e+01  1.117351e+00  1.900000e+01
   endloop
 endfacet
 facet normal -9.218986e-01 -3.874313e-01 -5.557874e-20
   outer loop
     vertex -9.694721e+01  1.280133e+00  2.400000e+01
     vertex -9.691319e+01  1.199193e+00  1.900000e+01
     vertex -9.691319e+01  1.199193e+00  2.400000e+01
   endloop
 endfacet
 facet normal -9.218986e-01 -3.874313e-01 -0.000000e+00
   outer loop
     vertex -9.694721e+01  1.280133e+00  2.400000e+01
     vertex -9.694721e+01  1.280133e+00  1.900000e+01
     vertex -9.691319e+01  1.199193e+00  1.900000e+01
   endloop
 endfacet
 facet normal -9.109228e-01 -4.125769e-01  1.266909e-19
   outer loop
     vertex -9.698343e+01  1.360110e+00  2.400000e+01
     vertex -9.694721e+01  1.280133e+00  1.900000e+01
     vertex -9.694721e+01  1.280133e+00  2.400000e+01
   endloop
 endfacet
 facet normal -9.109228e-01 -4.125769e-01 -0.000000e+00
   outer loop
     vertex -9.698343e+01  1.360110e+00  2.400000e+01
     vertex -9.698343e+01  1.360110e+00  1.900000e+01
     vertex -9.694721e+01  1.280133e+00  1.900000e+01
   endloop
 endfacet
 facet normal -8.992613e-01 -4.374119e-01 -1.668653e-19
   outer loop
     vertex -9.702184e+01  1.439063e+00  2.400000e+01
     vertex -9.698343e+01  1.360110e+00  1.900000e+01
     vertex -9.698343e+01  1.360110e+00  2.400000e+01
   endloop
 endfacet
 facet normal -8.992613e-01 -4.374119e-01 -0.000000e+00
   outer loop
     vertex -9.702184e+01  1.439063e+00  2.400000e+01
     vertex -9.702184e+01  1.439063e+00  1.900000e+01
     vertex -9.698343e+01  1.360110e+00  1.900000e+01
   endloop
 endfacet
 facet normal -8.869228e-01 -4.619176e-01 -1.982875e-19
   outer loop
     vertex -9.706239e+01  1.516932e+00  2.400000e+01
     vertex -9.702184e+01  1.439063e+00  1.900000e+01
     vertex -9.702184e+01  1.439063e+00  2.400000e+01
   endloop
 endfacet
 facet normal -8.869228e-01 -4.619176e-01 -0.000000e+00
   outer loop
     vertex -9.706239e+01  1.516932e+00  2.400000e+01
     vertex -9.706239e+01  1.516932e+00  1.900000e+01
     vertex -9.702184e+01  1.439063e+00  1.900000e+01
   endloop
 endfacet
 facet normal -8.739167e-01 -4.860756e-01  3.035476e-19
   outer loop
     vertex -9.710507e+01  1.593659e+00  2.400000e+01
     vertex -9.706239e+01  1.516932e+00  1.900000e+01
     vertex -9.706239e+01  1.516932e+00  2.400000e+01
   endloop
 endfacet
 facet normal -8.739167e-01 -4.860756e-01 -0.000000e+00
   outer loop
     vertex -9.710507e+01  1.593659e+00  2.400000e+01
     vertex -9.710507e+01  1.593659e+00  1.900000e+01
     vertex -9.706239e+01  1.516932e+00  1.900000e+01
   endloop
 endfacet
 facet normal -8.602528e-01 -5.098678e-01  3.961891e-19
   outer loop
     vertex -9.714983e+01  1.669187e+00  2.400000e+01
     vertex -9.710507e+01  1.593659e+00  1.900000e+01
     vertex -9.710507e+01  1.593659e+00  2.400000e+01
   endloop
 endfacet
 facet normal -8.602528e-01 -5.098678e-01 -0.000000e+00
   outer loop
     vertex -9.714983e+01  1.669187e+00  2.400000e+01
     vertex -9.714983e+01  1.669187e+00  1.900000e+01
     vertex -9.710507e+01  1.593659e+00  1.900000e+01
   endloop
 endfacet
 facet normal -8.459413e-01 -5.332761e-01  3.530355e-19
   outer loop
     vertex -9.719665e+01  1.743458e+00  2.400000e+01
     vertex -9.714983e+01  1.669187e+00  1.900000e+01
     vertex -9.714983e+01  1.669187e+00  2.400000e+01
   endloop
 endfacet
 facet normal -8.459413e-01 -5.332761e-01 -0.000000e+00
   outer loop
     vertex -9.719665e+01  1.743458e+00  2.400000e+01
     vertex -9.719665e+01  1.743458e+00  1.900000e+01
     vertex -9.714983e+01  1.669187e+00  1.900000e+01
   endloop
 endfacet
 facet normal -8.309929e-01 -5.562829e-01 -0.000000e+00
   outer loop
     vertex -9.724549e+01  1.816417e+00  2.400000e+01
     vertex -9.724549e+01  1.816417e+00  1.900000e+01
     vertex -9.719665e+01  1.743458e+00  1.900000e+01
   endloop
 endfacet
 facet normal -8.309929e-01 -5.562829e-01 -2.690916e-19
   outer loop
     vertex -9.724549e+01  1.816417e+00  2.400000e+01
     vertex -9.719665e+01  1.743458e+00  1.900000e+01
     vertex -9.719665e+01  1.743458e+00  2.400000e+01
   endloop
 endfacet
 facet normal -8.154191e-01 -5.788711e-01 -0.000000e+00
   outer loop
     vertex -9.729632e+01  1.888009e+00  2.400000e+01
     vertex -9.729632e+01  1.888009e+00  1.900000e+01
     vertex -9.724549e+01  1.816417e+00  1.900000e+01
   endloop
 endfacet
 facet normal -8.154191e-01 -5.788711e-01 -3.564871e-19
   outer loop
     vertex -9.729632e+01  1.888009e+00  2.400000e+01
     vertex -9.724549e+01  1.816417e+00  1.900000e+01
     vertex -9.724549e+01  1.816417e+00  2.400000e+01
   endloop
 endfacet
 facet normal -7.992314e-01 -6.010234e-01 -0.000000e+00
   outer loop
     vertex -9.734908e+01  1.958179e+00  2.400000e+01
     vertex -9.734908e+01  1.958179e+00  1.900000e+01
     vertex -9.729632e+01  1.888009e+00  1.900000e+01
   endloop
 endfacet
 facet normal -7.992314e-01 -6.010234e-01  2.644485e-19
   outer loop
     vertex -9.734908e+01  1.958179e+00  2.400000e+01
     vertex -9.729632e+01  1.888009e+00  1.900000e+01
     vertex -9.729632e+01  1.888009e+00  2.400000e+01
   endloop
 endfacet
 facet normal -7.824421e-01 -6.227234e-01 -0.000000e+00
   outer loop
     vertex -9.740376e+01  2.026875e+00  2.400000e+01
     vertex -9.740376e+01  2.026875e+00  1.900000e+01
     vertex -9.734908e+01  1.958179e+00  1.900000e+01
   endloop
 endfacet
 facet normal -7.650637e-01 -6.439545e-01 -0.000000e+00
   outer loop
     vertex -9.740376e+01  2.026875e+00  2.400000e+01
     vertex -9.746030e+01  2.094046e+00  1.900000e+01
     vertex -9.740376e+01  2.026875e+00  1.900000e+01
   endloop
 endfacet
 facet normal -7.824421e-01 -6.227234e-01 -4.914020e-19
   outer loop
     vertex -9.740376e+01  2.026875e+00  2.400000e+01
     vertex -9.734908e+01  1.958179e+00  1.900000e+01
     vertex -9.734908e+01  1.958179e+00  2.400000e+01
   endloop
 endfacet
 facet normal -7.650637e-01 -6.439545e-01 -0.000000e+00
   outer loop
     vertex -9.746030e+01  2.094046e+00  2.400000e+01
     vertex -9.746030e+01  2.094046e+00  1.900000e+01
     vertex -9.740376e+01  2.026875e+00  2.400000e+01
   endloop
 endfacet
 facet normal -7.471095e-01 -6.647010e-01 -0.000000e+00
   outer loop
     vertex -9.751865e+01  2.159640e+00  2.400000e+01
     vertex -9.751865e+01  2.159640e+00  1.900000e+01
     vertex -9.746030e+01  2.094046e+00  1.900000e+01
   endloop
 endfacet
 facet normal -7.471095e-01 -6.647010e-01  3.757082e-20
   outer loop
     vertex -9.751865e+01  2.159640e+00  2.400000e+01
     vertex -9.746030e+01  2.094046e+00  1.900000e+01
     vertex -9.746030e+01  2.094046e+00  2.400000e+01
   endloop
 endfacet
 facet normal -7.285929e-01 -6.849470e-01 -0.000000e+00
   outer loop
     vertex -9.757879e+01  2.223608e+00  2.400000e+01
     vertex -9.757879e+01  2.223608e+00  1.900000e+01
     vertex -9.751865e+01  2.159640e+00  1.900000e+01
   endloop
 endfacet
 facet normal -7.095278e-01 -7.046775e-01 -0.000000e+00
   outer loop
     vertex -9.757879e+01  2.223608e+00  2.400000e+01
     vertex -9.764066e+01  2.285903e+00  1.900000e+01
     vertex -9.757879e+01  2.223608e+00  1.900000e+01
   endloop
 endfacet
 facet normal -7.285929e-01 -6.849470e-01 -3.603080e-19
   outer loop
     vertex -9.757879e+01  2.223608e+00  2.400000e+01
     vertex -9.751865e+01  2.159640e+00  1.900000e+01
     vertex -9.751865e+01  2.159640e+00  2.400000e+01
   endloop
 endfacet
 facet normal -7.095278e-01 -7.046775e-01 -0.000000e+00
   outer loop
     vertex -9.764066e+01  2.285903e+00  2.400000e+01
     vertex -9.764066e+01  2.285903e+00  1.900000e+01
     vertex -9.757879e+01  2.223608e+00  2.400000e+01
   endloop
 endfacet
 facet normal -6.899286e-01 -7.238775e-01 -0.000000e+00
   outer loop
     vertex -9.770421e+01  2.346477e+00  2.400000e+01
     vertex -9.770421e+01  2.346477e+00  1.900000e+01
     vertex -9.764066e+01  2.285903e+00  1.900000e+01
   endloop
 endfacet
 facet normal -6.698100e-01 -7.425325e-01 -0.000000e+00
   outer loop
     vertex -9.770421e+01  2.346477e+00  2.400000e+01
     vertex -9.776941e+01  2.405284e+00  1.900000e+01
     vertex -9.770421e+01  2.346477e+00  1.900000e+01
   endloop
 endfacet
 facet normal -6.899286e-01 -7.238775e-01  1.352437e-19
   outer loop
     vertex -9.770421e+01  2.346477e+00  2.400000e+01
     vertex -9.764066e+01  2.285903e+00  1.900000e+01
     vertex -9.764066e+01  2.285903e+00  2.400000e+01
   endloop
 endfacet
 facet normal -6.698100e-01 -7.425325e-01 -0.000000e+00
   outer loop
     vertex -9.776941e+01  2.405284e+00  2.400000e+01
     vertex -9.776941e+01  2.405284e+00  1.900000e+01
     vertex -9.770421e+01  2.346477e+00  2.400000e+01
   endloop
 endfacet
 facet normal -6.491872e-01 -7.606287e-01 -0.000000e+00
   outer loop
     vertex -9.783619e+01  2.462281e+00  2.400000e+01
     vertex -9.783619e+01  2.462281e+00  1.900000e+01
     vertex -9.776941e+01  2.405284e+00  1.900000e+01
   endloop
 endfacet
 facet normal -6.491872e-01 -7.606287e-01  4.833493e-19
   outer loop
     vertex -9.783619e+01  2.462281e+00  2.400000e+01
     vertex -9.776941e+01  2.405284e+00  1.900000e+01
     vertex -9.776941e+01  2.405284e+00  2.400000e+01
   endloop
 endfacet
 facet normal -6.280757e-01 -7.781522e-01 -0.000000e+00
   outer loop
     vertex -9.790451e+01  2.517424e+00  2.400000e+01
     vertex -9.790451e+01  2.517424e+00  1.900000e+01
     vertex -9.783619e+01  2.462281e+00  1.900000e+01
   endloop
 endfacet
 facet normal -6.280757e-01 -7.781522e-01 -3.578306e-19
   outer loop
     vertex -9.790451e+01  2.517424e+00  2.400000e+01
     vertex -9.783619e+01  2.462281e+00  1.900000e+01
     vertex -9.783619e+01  2.462281e+00  2.400000e+01
   endloop
 endfacet
 facet normal -6.064915e-01 -7.950900e-01 -0.000000e+00
   outer loop
     vertex -9.797431e+01  2.570673e+00  2.400000e+01
     vertex -9.797431e+01  2.570673e+00  1.900000e+01
     vertex -9.790451e+01  2.517424e+00  1.900000e+01
   endloop
 endfacet
 facet normal -6.064915e-01 -7.950900e-01 -1.229585e-19
   outer loop
     vertex -9.797431e+01  2.570673e+00  2.400000e+01
     vertex -9.790451e+01  2.517424e+00  1.900000e+01
     vertex -9.790451e+01  2.517424e+00  2.400000e+01
   endloop
 endfacet
 facet normal -5.844507e-01 -8.114292e-01 -0.000000e+00
   outer loop
     vertex -9.804555e+01  2.621986e+00  2.400000e+01
     vertex -9.804555e+01  2.621986e+00  1.900000e+01
     vertex -9.797431e+01  2.570673e+00  1.900000e+01
   endloop
 endfacet
 facet normal -5.844507e-01 -8.114292e-01 -2.103436e-19
   outer loop
     vertex -9.804555e+01  2.621986e+00  2.400000e+01
     vertex -9.797431e+01  2.570673e+00  1.900000e+01
     vertex -9.797431e+01  2.570673e+00  2.400000e+01
   endloop
 endfacet
 facet normal -5.619699e-01 -8.271577e-01 -0.000000e+00
   outer loop
     vertex -9.811818e+01  2.671325e+00  2.400000e+01
     vertex -9.811818e+01  2.671325e+00  1.900000e+01
     vertex -9.804555e+01  2.621986e+00  1.900000e+01
   endloop
 endfacet
 facet normal -5.390661e-01 -8.422635e-01 -0.000000e+00
   outer loop
     vertex -9.811818e+01  2.671325e+00  2.400000e+01
     vertex -9.819212e+01  2.718654e+00  1.900000e+01
     vertex -9.811818e+01  2.671325e+00  1.900000e+01
   endloop
 endfacet
 facet normal -5.619699e-01 -8.271577e-01  6.945968e-20
   outer loop
     vertex -9.811818e+01  2.671325e+00  2.400000e+01
     vertex -9.804555e+01  2.621986e+00  1.900000e+01
     vertex -9.804555e+01  2.621986e+00  2.400000e+01
   endloop
 endfacet
 facet normal -5.390661e-01 -8.422635e-01 -0.000000e+00
   outer loop
     vertex -9.819212e+01  2.718654e+00  2.400000e+01
     vertex -9.819212e+01  2.718654e+00  1.900000e+01
     vertex -9.811818e+01  2.671325e+00  2.400000e+01
   endloop
 endfacet
 facet normal -5.157565e-01 -8.567352e-01 -4.171905e-19
   outer loop
     vertex -9.826734e+01  2.763936e+00  2.400000e+01
     vertex -9.819212e+01  2.718654e+00  1.900000e+01
     vertex -9.819212e+01  2.718654e+00  2.400000e+01
   endloop
 endfacet
 facet normal -5.157565e-01 -8.567352e-01 -0.000000e+00
   outer loop
     vertex -9.826734e+01  2.763936e+00  2.400000e+01
     vertex -9.826734e+01  2.763936e+00  1.900000e+01
     vertex -9.819212e+01  2.718654e+00  1.900000e+01
   endloop
 endfacet
 facet normal -4.920587e-01 -8.705620e-01 -7.529387e-20
   outer loop
     vertex -9.834378e+01  2.807137e+00  2.400000e+01
     vertex -9.826734e+01  2.763936e+00  1.900000e+01
     vertex -9.826734e+01  2.763936e+00  2.400000e+01
   endloop
 endfacet
 facet normal -4.920587e-01 -8.705620e-01 -0.000000e+00
   outer loop
     vertex -9.834378e+01  2.807137e+00  2.400000e+01
     vertex -9.834378e+01  2.807137e+00  1.900000e+01
     vertex -9.826734e+01  2.763936e+00  1.900000e+01
   endloop
 endfacet
 facet normal -4.679904e-01 -8.837335e-01  6.171973e-21
   outer loop
     vertex -9.842137e+01  2.848225e+00  2.400000e+01
     vertex -9.834378e+01  2.807137e+00  1.900000e+01
     vertex -9.834378e+01  2.807137e+00  2.400000e+01
   endloop
 endfacet
 facet normal -4.679904e-01 -8.837335e-01 -0.000000e+00
   outer loop
     vertex -9.842137e+01  2.848225e+00  2.400000e+01
     vertex -9.842137e+01  2.848225e+00  1.900000e+01
     vertex -9.834378e+01  2.807137e+00  1.900000e+01
   endloop
 endfacet
 facet normal -4.435699e-01 -8.962398e-01  2.165029e-19
   outer loop
     vertex -9.850005e+01  2.887170e+00  2.400000e+01
     vertex -9.842137e+01  2.848225e+00  1.900000e+01
     vertex -9.842137e+01  2.848225e+00  2.400000e+01
   endloop
 endfacet
 facet normal -4.435699e-01 -8.962398e-01 -0.000000e+00
   outer loop
     vertex -9.850005e+01  2.887170e+00  2.400000e+01
     vertex -9.850005e+01  2.887170e+00  1.900000e+01
     vertex -9.842137e+01  2.848225e+00  1.900000e+01
   endloop
 endfacet
 facet normal -4.188155e-01 -9.080714e-01 -4.302696e-19
   outer loop
     vertex -9.857978e+01  2.923940e+00  2.400000e+01
     vertex -9.850005e+01  2.887170e+00  1.900000e+01
     vertex -9.850005e+01  2.887170e+00  2.400000e+01
   endloop
 endfacet
 facet normal -4.188155e-01 -9.080714e-01 -0.000000e+00
   outer loop
     vertex -9.857978e+01  2.923940e+00  2.400000e+01
     vertex -9.857978e+01  2.923940e+00  1.900000e+01
     vertex -9.850005e+01  2.887170e+00  1.900000e+01
   endloop
 endfacet
 facet normal -3.937458e-01 -9.192194e-01 -3.812480e-19
   outer loop
     vertex -9.866048e+01  2.958510e+00  2.400000e+01
     vertex -9.857978e+01  2.923940e+00  1.900000e+01
     vertex -9.857978e+01  2.923940e+00  2.400000e+01
   endloop
 endfacet
 facet normal -3.937458e-01 -9.192194e-01 -0.000000e+00
   outer loop
     vertex -9.866048e+01  2.958510e+00  2.400000e+01
     vertex -9.866048e+01  2.958510e+00  1.900000e+01
     vertex -9.857978e+01  2.923940e+00  1.900000e+01
   endloop
 endfacet
 facet normal -3.683796e-01 -9.296754e-01 -0.000000e+00
   outer loop
     vertex -9.866048e+01  2.958510e+00  2.400000e+01
     vertex -9.874211e+01  2.990853e+00  1.900000e+01
     vertex -9.866048e+01  2.958510e+00  1.900000e+01
   endloop
 endfacet
 facet normal -3.683796e-01 -9.296754e-01 -0.000000e+00
   outer loop
     vertex -9.874211e+01  2.990853e+00  2.400000e+01
     vertex -9.874211e+01  2.990853e+00  1.900000e+01
     vertex -9.866048e+01  2.958510e+00  2.400000e+01
   endloop
 endfacet
 facet normal -3.427362e-01 -9.394317e-01  3.271541e-19
   outer loop
     vertex -9.882459e+01  3.020944e+00  2.400000e+01
     vertex -9.874211e+01  2.990853e+00  1.900000e+01
     vertex -9.874211e+01  2.990853e+00  2.400000e+01
   endloop
 endfacet
 facet normal -3.427362e-01 -9.394317e-01 -0.000000e+00
   outer loop
     vertex -9.882459e+01  3.020944e+00  2.400000e+01
     vertex -9.882459e+01  3.020944e+00  1.900000e+01
     vertex -9.874211e+01  2.990853e+00  1.900000e+01
   endloop
 endfacet
 facet normal -3.168348e-01 -9.484807e-01  2.466414e-19
   outer loop
     vertex -9.890786e+01  3.048761e+00  2.400000e+01
     vertex -9.882459e+01  3.020944e+00  1.900000e+01
     vertex -9.882459e+01  3.020944e+00  2.400000e+01
   endloop
 endfacet
 facet normal -3.168348e-01 -9.484807e-01 -0.000000e+00
   outer loop
     vertex -9.890786e+01  3.048761e+00  2.400000e+01
     vertex -9.890786e+01  3.048761e+00  1.900000e+01
     vertex -9.882459e+01  3.020944e+00  1.900000e+01
   endloop
 endfacet
 facet normal -2.906949e-01 -9.568158e-01 -0.000000e+00
   outer loop
     vertex -9.890786e+01  3.048761e+00  2.400000e+01
     vertex -9.899187e+01  3.074284e+00  1.900000e+01
     vertex -9.890786e+01  3.048761e+00  1.900000e+01
   endloop
 endfacet
 facet normal -2.906949e-01 -9.568158e-01 -0.000000e+00
   outer loop
     vertex -9.899187e+01  3.074284e+00  2.400000e+01
     vertex -9.899187e+01  3.074284e+00  1.900000e+01
     vertex -9.890786e+01  3.048761e+00  2.400000e+01
   endloop
 endfacet
 facet normal -2.643362e-01 -9.644306e-01 -0.000000e+00
   outer loop
     vertex -9.899187e+01  3.074284e+00  2.400000e+01
     vertex -9.907654e+01  3.097492e+00  1.900000e+01
     vertex -9.899187e+01  3.074284e+00  1.900000e+01
   endloop
 endfacet
 facet normal -2.643362e-01 -9.644306e-01 -0.000000e+00
   outer loop
     vertex -9.907654e+01  3.097492e+00  2.400000e+01
     vertex -9.907654e+01  3.097492e+00  1.900000e+01
     vertex -9.899187e+01  3.074284e+00  2.400000e+01
   endloop
 endfacet
 facet normal -2.377784e-01 -9.713194e-01 -0.000000e+00
   outer loop
     vertex -9.907654e+01  3.097492e+00  2.400000e+01
     vertex -9.916182e+01  3.118368e+00  1.900000e+01
     vertex -9.907654e+01  3.097492e+00  1.900000e+01
   endloop
 endfacet
 facet normal -2.377784e-01 -9.713194e-01 -0.000000e+00
   outer loop
     vertex -9.916182e+01  3.118368e+00  2.400000e+01
     vertex -9.916182e+01  3.118368e+00  1.900000e+01
     vertex -9.907654e+01  3.097492e+00  2.400000e+01
   endloop
 endfacet
 facet normal -2.110417e-01 -9.774771e-01  9.493863e-20
   outer loop
     vertex -9.924764e+01  3.136897e+00  2.400000e+01
     vertex -9.916182e+01  3.118368e+00  1.900000e+01
     vertex -9.916182e+01  3.118368e+00  2.400000e+01
   endloop
 endfacet
 facet normal -2.110417e-01 -9.774771e-01 -0.000000e+00
   outer loop
     vertex -9.924764e+01  3.136897e+00  2.400000e+01
     vertex -9.924764e+01  3.136897e+00  1.900000e+01
     vertex -9.916182e+01  3.118368e+00  1.900000e+01
   endloop
 endfacet
 facet normal -1.841461e-01 -9.828989e-01 -0.000000e+00
   outer loop
     vertex -9.924764e+01  3.136897e+00  2.400000e+01
     vertex -9.933394e+01  3.153064e+00  1.900000e+01
     vertex -9.924764e+01  3.136897e+00  1.900000e+01
   endloop
 endfacet
 facet normal -1.841461e-01 -9.828989e-01 -0.000000e+00
   outer loop
     vertex -9.933394e+01  3.153064e+00  2.400000e+01
     vertex -9.933394e+01  3.153064e+00  1.900000e+01
     vertex -9.924764e+01  3.136897e+00  2.400000e+01
   endloop
 endfacet
 facet normal -1.571119e-01 -9.875808e-01  1.234690e-20
   outer loop
     vertex -9.942064e+01  3.166858e+00  2.400000e+01
     vertex -9.933394e+01  3.153064e+00  1.900000e+01
     vertex -9.933394e+01  3.153064e+00  2.400000e+01
   endloop
 endfacet
 facet normal -1.571119e-01 -9.875808e-01 -0.000000e+00
   outer loop
     vertex -9.942064e+01  3.166858e+00  2.400000e+01
     vertex -9.942064e+01  3.166858e+00  1.900000e+01
     vertex -9.933394e+01  3.153064e+00  1.900000e+01
   endloop
 endfacet
 facet normal -1.299594e-01 -9.915193e-01 -1.541599e-19
   outer loop
     vertex -9.950770e+01  3.178268e+00  2.400000e+01
     vertex -9.942064e+01  3.166858e+00  1.900000e+01
     vertex -9.942064e+01  3.166858e+00  2.400000e+01
   endloop
 endfacet
 facet normal -1.299594e-01 -9.915193e-01 -0.000000e+00
   outer loop
     vertex -9.950770e+01  3.178268e+00  2.400000e+01
     vertex -9.950770e+01  3.178268e+00  1.900000e+01
     vertex -9.942064e+01  3.166858e+00  1.900000e+01
   endloop
 endfacet
 facet normal -1.027091e-01 -9.947114e-01 -0.000000e+00
   outer loop
     vertex -9.950770e+01  3.178268e+00  2.400000e+01
     vertex -9.959503e+01  3.187286e+00  1.900000e+01
     vertex -9.950770e+01  3.178268e+00  1.900000e+01
   endloop
 endfacet
 facet normal -1.027091e-01 -9.947114e-01 -0.000000e+00
   outer loop
     vertex -9.959503e+01  3.187286e+00  2.400000e+01
     vertex -9.959503e+01  3.187286e+00  1.900000e+01
     vertex -9.950770e+01  3.178268e+00  2.400000e+01
   endloop
 endfacet
 facet normal -7.538152e-02 -9.971548e-01 -4.703149e-20
   outer loop
     vertex -9.968258e+01  3.193904e+00  2.400000e+01
     vertex -9.959503e+01  3.187286e+00  1.900000e+01
     vertex -9.959503e+01  3.187286e+00  2.400000e+01
   endloop
 endfacet
 facet normal -7.538152e-02 -9.971548e-01 -0.000000e+00
   outer loop
     vertex -9.968258e+01  3.193904e+00  2.400000e+01
     vertex -9.968258e+01  3.193904e+00  1.900000e+01
     vertex -9.959503e+01  3.187286e+00  1.900000e+01
   endloop
 endfacet
 facet normal -4.799716e-02 -9.988475e-01 -0.000000e+00
   outer loop
     vertex -9.968258e+01  3.193904e+00  2.400000e+01
     vertex -9.977027e+01  3.198118e+00  1.900000e+01
     vertex -9.968258e+01  3.193904e+00  1.900000e+01
   endloop
 endfacet
 facet normal -4.799716e-02 -9.988475e-01 -0.000000e+00
   outer loop
     vertex -9.977027e+01  3.198118e+00  2.400000e+01
     vertex -9.977027e+01  3.198118e+00  1.900000e+01
     vertex -9.968258e+01  3.193904e+00  2.400000e+01
   endloop
 endfacet
 facet normal -2.057667e-02 -9.997883e-01 -0.000000e+00
   outer loop
     vertex -9.985805e+01  3.199925e+00  2.400000e+01
     vertex -9.985805e+01  3.199925e+00  1.900000e+01
     vertex -9.977027e+01  3.198118e+00  1.900000e+01
   endloop
 endfacet
 facet normal -2.057667e-02 -9.997883e-01 -2.109611e-20
   outer loop
     vertex -9.985805e+01  3.199925e+00  2.400000e+01
     vertex -9.977027e+01  3.198118e+00  1.900000e+01
     vertex -9.977027e+01  3.198118e+00  2.400000e+01
   endloop
 endfacet
 facet normal  6.859319e-03 -9.999765e-01  0.000000e+00
   outer loop
     vertex -9.994585e+01  3.199322e+00  2.400000e+01
     vertex -9.994585e+01  3.199322e+00  1.900000e+01
     vertex -9.985805e+01  3.199925e+00  1.900000e+01
   endloop
 endfacet
 facet normal  6.859319e-03 -9.999765e-01  2.366761e-21
   outer loop
     vertex -9.994585e+01  3.199322e+00  2.400000e+01
     vertex -9.985805e+01  3.199925e+00  1.900000e+01
     vertex -9.985805e+01  3.199925e+00  2.400000e+01
   endloop
 endfacet
 facet normal  3.429014e-02 -9.994119e-01  0.000000e+00
   outer loop
     vertex -1.000336e+02  3.196312e+00  2.400000e+01
     vertex -1.000336e+02  3.196312e+00  1.900000e+01
     vertex -9.994585e+01  3.199322e+00  1.900000e+01
   endloop
 endfacet
 facet normal  3.429014e-02 -9.994119e-01  5.263320e-20
   outer loop
     vertex -1.000336e+02  3.196312e+00  2.400000e+01
     vertex -9.994585e+01  3.199322e+00  1.900000e+01
     vertex -9.994585e+01  3.199322e+00  2.400000e+01
   endloop
 endfacet
 facet normal  6.169515e-02 -9.980950e-01  0.000000e+00
   outer loop
     vertex -1.001212e+02  3.190895e+00  2.400000e+01
     vertex -1.001212e+02  3.190895e+00  1.900000e+01
     vertex -1.000336e+02  3.196312e+00  1.900000e+01
   endloop
 endfacet
 facet normal  6.169515e-02 -9.980950e-01  3.127946e-20
   outer loop
     vertex -1.001212e+02  3.190895e+00  2.400000e+01
     vertex -1.000336e+02  3.196312e+00  1.900000e+01
     vertex -1.000336e+02  3.196312e+00  2.400000e+01
   endloop
 endfacet
 facet normal  8.905371e-02 -9.960268e-01  9.072653e-20
   outer loop
     vertex -1.002087e+02  3.183077e+00  2.400000e+01
     vertex -1.001212e+02  3.190895e+00  1.900000e+01
     vertex -1.001212e+02  3.190895e+00  2.400000e+01
   endloop
 endfacet
 facet normal  8.905371e-02 -9.960268e-01  0.000000e+00
   outer loop
     vertex -1.002087e+02  3.183077e+00  2.400000e+01
     vertex -1.002087e+02  3.183077e+00  1.900000e+01
     vertex -1.001212e+02  3.190895e+00  1.900000e+01
   endloop
 endfacet
 facet normal  1.163452e-01 -9.932088e-01  6.510049e-20
   outer loop
     vertex -1.002959e+02  3.172862e+00  2.400000e+01
     vertex -1.002087e+02  3.183077e+00  1.900000e+01
     vertex -1.002087e+02  3.183077e+00  2.400000e+01
   endloop
 endfacet
 facet normal  1.163452e-01 -9.932088e-01  0.000000e+00
   outer loop
     vertex -1.002959e+02  3.172862e+00  2.400000e+01
     vertex -1.002959e+02  3.172862e+00  1.900000e+01
     vertex -1.002087e+02  3.183077e+00  1.900000e+01
   endloop
 endfacet
 facet normal  1.435492e-01 -9.896432e-01  0.000000e+00
   outer loop
     vertex -1.002959e+02  3.172862e+00  2.400000e+01
     vertex -1.003828e+02  3.160259e+00  1.900000e+01
     vertex -1.002959e+02  3.172862e+00  1.900000e+01
   endloop
 endfacet
 facet normal  1.435492e-01 -9.896432e-01  0.000000e+00
   outer loop
     vertex -1.003828e+02  3.160259e+00  2.400000e+01
     vertex -1.003828e+02  3.160259e+00  1.900000e+01
     vertex -1.002959e+02  3.172862e+00  2.400000e+01
   endloop
 endfacet
 facet normal  1.706451e-01 -9.853326e-01  1.999304e-19
   outer loop
     vertex -1.004693e+02  3.145276e+00  2.400000e+01
     vertex -1.003828e+02  3.160259e+00  1.900000e+01
     vertex -1.003828e+02  3.160259e+00  2.400000e+01
   endloop
 endfacet
 facet normal  1.706451e-01 -9.853326e-01  0.000000e+00
   outer loop
     vertex -1.004693e+02  3.145276e+00  2.400000e+01
     vertex -1.004693e+02  3.145276e+00  1.900000e+01
     vertex -1.003828e+02  3.160259e+00  1.900000e+01
   endloop
 endfacet
 facet normal  1.976125e-01 -9.802802e-01 -1.824145e-19
   outer loop
     vertex -1.005553e+02  3.127927e+00  2.400000e+01
     vertex -1.004693e+02  3.145276e+00  1.900000e+01
     vertex -1.004693e+02  3.145276e+00  2.400000e+01
   endloop
 endfacet
 facet normal  1.976125e-01 -9.802802e-01  0.000000e+00
   outer loop
     vertex -1.005553e+02  3.127927e+00  2.400000e+01
     vertex -1.005553e+02  3.127927e+00  1.900000e+01
     vertex -1.004693e+02  3.145276e+00  1.900000e+01
   endloop
 endfacet
 facet normal  2.244312e-01 -9.744899e-01  0.000000e+00
   outer loop
     vertex -1.005553e+02  3.127927e+00  2.400000e+01
     vertex -1.006409e+02  3.108222e+00  1.900000e+01
     vertex -1.005553e+02  3.127927e+00  1.900000e+01
   endloop
 endfacet
 facet normal  2.244312e-01 -9.744899e-01  0.000000e+00
   outer loop
     vertex -1.006409e+02  3.108222e+00  2.400000e+01
     vertex -1.006409e+02  3.108222e+00  1.900000e+01
     vertex -1.005553e+02  3.127927e+00  2.400000e+01
   endloop
 endfacet
 facet normal  2.510809e-01 -9.679661e-01  1.207942e-19
   outer loop
     vertex -1.007259e+02  3.086178e+00  2.400000e+01
     vertex -1.006409e+02  3.108222e+00  1.900000e+01
     vertex -1.006409e+02  3.108222e+00  2.400000e+01
   endloop
 endfacet
 facet normal  2.510809e-01 -9.679661e-01  0.000000e+00
   outer loop
     vertex -1.007259e+02  3.086178e+00  2.400000e+01
     vertex -1.007259e+02  3.086178e+00  1.900000e+01
     vertex -1.006409e+02  3.108222e+00  1.900000e+01
   endloop
 endfacet
 facet normal  2.775416e-01 -9.607136e-01  1.914385e-19
   outer loop
     vertex -1.008102e+02  3.061811e+00  2.400000e+01
     vertex -1.007259e+02  3.086178e+00  1.900000e+01
     vertex -1.007259e+02  3.086178e+00  2.400000e+01
   endloop
 endfacet
 facet normal  2.775416e-01 -9.607136e-01  0.000000e+00
   outer loop
     vertex -1.008102e+02  3.061811e+00  2.400000e+01
     vertex -1.008102e+02  3.061811e+00  1.900000e+01
     vertex -1.007259e+02  3.086178e+00  1.900000e+01
   endloop
 endfacet
 facet normal  3.037934e-01 -9.527379e-01 -2.107797e-19
   outer loop
     vertex -1.008939e+02  3.035138e+00  2.400000e+01
     vertex -1.008102e+02  3.061811e+00  1.900000e+01
     vertex -1.008102e+02  3.061811e+00  2.400000e+01
   endloop
 endfacet
 facet normal  3.037934e-01 -9.527379e-01  0.000000e+00
   outer loop
     vertex -1.008939e+02  3.035138e+00  2.400000e+01
     vertex -1.008939e+02  3.035138e+00  1.900000e+01
     vertex -1.008102e+02  3.061811e+00  1.900000e+01
   endloop
 endfacet
 facet normal  3.298166e-01 -9.440450e-01  0.000000e+00
   outer loop
     vertex -1.008939e+02  3.035138e+00  2.400000e+01
     vertex -1.009768e+02  3.006181e+00  1.900000e+01
     vertex -1.008939e+02  3.035138e+00  1.900000e+01
   endloop
 endfacet
 facet normal  3.298166e-01 -9.440450e-01  0.000000e+00
   outer loop
     vertex -1.009768e+02  3.006181e+00  2.400000e+01
     vertex -1.009768e+02  3.006181e+00  1.900000e+01
     vertex -1.008939e+02  3.035138e+00  2.400000e+01
   endloop
 endfacet
 facet normal  3.555914e-01 -9.346415e-01  4.575525e-19
   outer loop
     vertex -1.010588e+02  2.974961e+00  2.400000e+01
     vertex -1.009768e+02  3.006181e+00  1.900000e+01
     vertex -1.009768e+02  3.006181e+00  2.400000e+01
   endloop
 endfacet
 facet normal  3.555914e-01 -9.346415e-01  0.000000e+00
   outer loop
     vertex -1.010588e+02  2.974961e+00  2.400000e+01
     vertex -1.010588e+02  2.974961e+00  1.900000e+01
     vertex -1.009768e+02  3.006181e+00  1.900000e+01
   endloop
 endfacet
 facet normal  4.063188e-01 -9.137314e-01  0.000000e+00
   outer loop
     vertex -1.011400e+02  2.941502e+00  2.400000e+01
     vertex -1.012202e+02  2.905828e+00  1.900000e+01
     vertex -1.011400e+02  2.941502e+00  1.900000e+01
   endloop
 endfacet
 facet normal  3.810986e-01 -9.245344e-01 -1.951636e-19
   outer loop
     vertex -1.011400e+02  2.941502e+00  2.400000e+01
     vertex -1.010588e+02  2.974961e+00  1.900000e+01
     vertex -1.010588e+02  2.974961e+00  2.400000e+01
   endloop
 endfacet
 facet normal  3.810986e-01 -9.245344e-01  0.000000e+00
   outer loop
     vertex -1.011400e+02  2.941502e+00  2.400000e+01
     vertex -1.011400e+02  2.941502e+00  1.900000e+01
     vertex -1.010588e+02  2.974961e+00  1.900000e+01
   endloop
 endfacet
 facet normal  4.063188e-01 -9.137314e-01  0.000000e+00
   outer loop
     vertex -1.012202e+02  2.905828e+00  2.400000e+01
     vertex -1.012202e+02  2.905828e+00  1.900000e+01
     vertex -1.011400e+02  2.941502e+00  2.400000e+01
   endloop
 endfacet
 facet normal  4.312333e-01 -9.022405e-01  0.000000e+00
   outer loop
     vertex -1.012994e+02  2.867967e+00  2.400000e+01
     vertex -1.012994e+02  2.867967e+00  1.900000e+01
     vertex -1.012202e+02  2.905828e+00  1.900000e+01
   endloop
 endfacet
 facet normal  4.312333e-01 -9.022405e-01  1.996678e-19
   outer loop
     vertex -1.012994e+02  2.867967e+00  2.400000e+01
     vertex -1.012202e+02  2.905828e+00  1.900000e+01
     vertex -1.012202e+02  2.905828e+00  2.400000e+01
   endloop
 endfacet
 facet normal  4.558231e-01 -8.900704e-01  0.000000e+00
   outer loop
     vertex -1.013776e+02  2.827947e+00  2.400000e+01
     vertex -1.013776e+02  2.827947e+00  1.900000e+01
     vertex -1.012994e+02  2.867967e+00  1.900000e+01
   endloop
 endfacet
 facet normal  4.800697e-01 -8.772303e-01  0.000000e+00
   outer loop
     vertex -1.013776e+02  2.827947e+00  2.400000e+01
     vertex -1.014546e+02  2.785799e+00  1.900000e+01
     vertex -1.013776e+02  2.827947e+00  1.900000e+01
   endloop
 endfacet
 facet normal  4.558231e-01 -8.900704e-01 -4.761769e-19
   outer loop
     vertex -1.013776e+02  2.827947e+00  2.400000e+01
     vertex -1.012994e+02  2.867967e+00  1.900000e+01
     vertex -1.012994e+02  2.867967e+00  2.400000e+01
   endloop
 endfacet
 facet normal  4.800697e-01 -8.772303e-01  0.000000e+00
   outer loop
     vertex -1.014546e+02  2.785799e+00  2.400000e+01
     vertex -1.014546e+02  2.785799e+00  1.900000e+01
     vertex -1.013776e+02  2.827947e+00  2.400000e+01
   endloop
 endfacet
 facet normal  5.039550e-01 -8.637299e-01  0.000000e+00
   outer loop
     vertex -1.015304e+02  2.741553e+00  2.400000e+01
     vertex -1.015304e+02  2.741553e+00  1.900000e+01
     vertex -1.014546e+02  2.785799e+00  1.900000e+01
   endloop
 endfacet
 facet normal  5.039550e-01 -8.637299e-01  1.794450e-19
   outer loop
     vertex -1.015304e+02  2.741553e+00  2.400000e+01
     vertex -1.014546e+02  2.785799e+00  1.900000e+01
     vertex -1.014546e+02  2.785799e+00  2.400000e+01
   endloop
 endfacet
 facet normal  5.274609e-01 -8.495793e-01  0.000000e+00
   outer loop
     vertex -1.016050e+02  2.695243e+00  2.400000e+01
     vertex -1.016050e+02  2.695243e+00  1.900000e+01
     vertex -1.015304e+02  2.741553e+00  1.900000e+01
   endloop
 endfacet
 facet normal  5.505698e-01 -8.347891e-01  0.000000e+00
   outer loop
     vertex -1.016050e+02  2.695243e+00  2.400000e+01
     vertex -1.016783e+02  2.646905e+00  1.900000e+01
     vertex -1.016050e+02  2.695243e+00  1.900000e+01
   endloop
 endfacet
 facet normal  5.274609e-01 -8.495793e-01  5.797094e-20
   outer loop
     vertex -1.016050e+02  2.695243e+00  2.400000e+01
     vertex -1.015304e+02  2.741553e+00  1.900000e+01
     vertex -1.015304e+02  2.741553e+00  2.400000e+01
   endloop
 endfacet
 facet normal  5.505698e-01 -8.347891e-01  0.000000e+00
   outer loop
     vertex -1.016783e+02  2.646905e+00  2.400000e+01
     vertex -1.016783e+02  2.646905e+00  1.900000e+01
     vertex -1.016050e+02  2.695243e+00  2.400000e+01
   endloop
 endfacet
 facet normal  5.732642e-01 -8.193706e-01  0.000000e+00
   outer loop
     vertex -1.017502e+02  2.596574e+00  2.400000e+01
     vertex -1.017502e+02  2.596574e+00  1.900000e+01
     vertex -1.016783e+02  2.646905e+00  1.900000e+01
   endloop
 endfacet
 facet normal  5.732642e-01 -8.193706e-01 -3.411145e-19
   outer loop
     vertex -1.017502e+02  2.596574e+00  2.400000e+01
     vertex -1.016783e+02  2.646905e+00  1.900000e+01
     vertex -1.016783e+02  2.646905e+00  2.400000e+01
   endloop
 endfacet
 facet normal  5.955271e-01 -8.033352e-01  0.000000e+00
   outer loop
     vertex -1.018208e+02  2.544288e+00  2.400000e+01
     vertex -1.018208e+02  2.544288e+00  1.900000e+01
     vertex -1.017502e+02  2.596574e+00  1.900000e+01
   endloop
 endfacet
 facet normal  6.173417e-01 -7.866951e-01  0.000000e+00
   outer loop
     vertex -1.018208e+02  2.544288e+00  2.400000e+01
     vertex -1.018898e+02  2.490087e+00  1.900000e+01
     vertex -1.018208e+02  2.544288e+00  1.900000e+01
   endloop
 endfacet
 facet normal  5.955271e-01 -8.033352e-01 -1.007351e-19
   outer loop
     vertex -1.018208e+02  2.544288e+00  2.400000e+01
     vertex -1.017502e+02  2.596574e+00  1.900000e+01
     vertex -1.017502e+02  2.596574e+00  2.400000e+01
   endloop
 endfacet
 facet normal  6.173417e-01 -7.866951e-01  0.000000e+00
   outer loop
     vertex -1.018898e+02  2.490087e+00  2.400000e+01
     vertex -1.018898e+02  2.490087e+00  1.900000e+01
     vertex -1.018208e+02  2.544288e+00  2.400000e+01
   endloop
 endfacet
 facet normal  6.386916e-01 -7.694628e-01  0.000000e+00
   outer loop
     vertex -1.019574e+02  2.434012e+00  2.400000e+01
     vertex -1.019574e+02  2.434012e+00  1.900000e+01
     vertex -1.018898e+02  2.490087e+00  1.900000e+01
   endloop
 endfacet
 facet normal  6.386916e-01 -7.694628e-01 -3.772807e-19
   outer loop
     vertex -1.019574e+02  2.434012e+00  2.400000e+01
     vertex -1.018898e+02  2.490087e+00  1.900000e+01
     vertex -1.018898e+02  2.490087e+00  2.400000e+01
   endloop
 endfacet
 facet normal  6.595607e-01 -7.516513e-01  0.000000e+00
   outer loop
     vertex -1.020234e+02  2.376104e+00  2.400000e+01
     vertex -1.020234e+02  2.376104e+00  1.900000e+01
     vertex -1.019574e+02  2.434012e+00  1.900000e+01
   endloop
 endfacet
 facet normal  6.595607e-01 -7.516513e-01 -2.755062e-19
   outer loop
     vertex -1.020234e+02  2.376104e+00  2.400000e+01
     vertex -1.019574e+02  2.434012e+00  1.900000e+01
     vertex -1.019574e+02  2.434012e+00  2.400000e+01
   endloop
 endfacet
 facet normal  6.799333e-01 -7.332740e-01  0.000000e+00
   outer loop
     vertex -1.020878e+02  2.316408e+00  2.400000e+01
     vertex -1.020878e+02  2.316408e+00  1.900000e+01
     vertex -1.020234e+02  2.376104e+00  1.900000e+01
   endloop
 endfacet
 facet normal  6.997940e-01 -7.143447e-01  0.000000e+00
   outer loop
     vertex -1.020878e+02  2.316408e+00  2.400000e+01
     vertex -1.021505e+02  2.254968e+00  1.900000e+01
     vertex -1.020878e+02  2.316408e+00  1.900000e+01
   endloop
 endfacet
 facet normal  6.799333e-01 -7.332740e-01  4.369400e-19
   outer loop
     vertex -1.020878e+02  2.316408e+00  2.400000e+01
     vertex -1.020234e+02  2.376104e+00  1.900000e+01
     vertex -1.020234e+02  2.376104e+00  2.400000e+01
   endloop
 endfacet
 facet normal  6.997940e-01 -7.143447e-01  0.000000e+00
   outer loop
     vertex -1.021505e+02  2.254968e+00  2.400000e+01
     vertex -1.021505e+02  2.254968e+00  1.900000e+01
     vertex -1.020878e+02  2.316408e+00  2.400000e+01
   endloop
 endfacet
 facet normal  7.191280e-01 -6.948776e-01  1.544532e-20
   outer loop
     vertex -1.022115e+02  2.191830e+00  2.400000e+01
     vertex -1.021505e+02  2.254968e+00  1.900000e+01
     vertex -1.021505e+02  2.254968e+00  2.400000e+01
   endloop
 endfacet
 facet normal  7.191280e-01 -6.948776e-01  0.000000e+00
   outer loop
     vertex -1.022115e+02  2.191830e+00  2.400000e+01
     vertex -1.022115e+02  2.191830e+00  1.900000e+01
     vertex -1.021505e+02  2.254968e+00  1.900000e+01
   endloop
 endfacet
 facet normal  7.379206e-01 -6.748875e-01 -3.788481e-19
   outer loop
     vertex -1.022708e+02  2.127043e+00  2.400000e+01
     vertex -1.022115e+02  2.191830e+00  1.900000e+01
     vertex -1.022115e+02  2.191830e+00  2.400000e+01
   endloop
 endfacet
 facet normal  7.379206e-01 -6.748875e-01  0.000000e+00
   outer loop
     vertex -1.022708e+02  2.127043e+00  2.400000e+01
     vertex -1.022708e+02  2.127043e+00  1.900000e+01
     vertex -1.022115e+02  2.191830e+00  1.900000e+01
   endloop
 endfacet
 facet normal  7.561578e-01 -6.543893e-01  0.000000e+00
   outer loop
     vertex -1.022708e+02  2.127043e+00  2.400000e+01
     vertex -1.023282e+02  2.060655e+00  1.900000e+01
     vertex -1.022708e+02  2.127043e+00  1.900000e+01
   endloop
 endfacet
 facet normal  7.561578e-01 -6.543893e-01  0.000000e+00
   outer loop
     vertex -1.023282e+02  2.060655e+00  2.400000e+01
     vertex -1.023282e+02  2.060655e+00  1.900000e+01
     vertex -1.022708e+02  2.127043e+00  2.400000e+01
   endloop
 endfacet
 facet normal  7.738257e-01 -6.333986e-01  0.000000e+00
   outer loop
     vertex -1.023838e+02  1.992715e+00  2.400000e+01
     vertex -1.023838e+02  1.992715e+00  1.900000e+01
     vertex -1.023282e+02  2.060655e+00  1.900000e+01
   endloop
 endfacet
 facet normal  7.738257e-01 -6.333986e-01 -1.214951e-19
   outer loop
     vertex -1.023838e+02  1.992715e+00  2.400000e+01
     vertex -1.023282e+02  2.060655e+00  1.900000e+01
     vertex -1.023282e+02  2.060655e+00  2.400000e+01
   endloop
 endfacet
 facet normal  7.909112e-01 -6.119310e-01  0.000000e+00
   outer loop
     vertex -1.024375e+02  1.923275e+00  2.400000e+01
     vertex -1.024375e+02  1.923275e+00  1.900000e+01
     vertex -1.023838e+02  1.992715e+00  1.900000e+01
   endloop
 endfacet
 facet normal  7.909112e-01 -6.119310e-01  2.820596e-22
   outer loop
     vertex -1.024375e+02  1.923275e+00  2.400000e+01
     vertex -1.023838e+02  1.992715e+00  1.900000e+01
     vertex -1.023838e+02  1.992715e+00  2.400000e+01
   endloop
 endfacet
 facet normal  8.074012e-01 -5.900028e-01  0.000000e+00
   outer loop
     vertex -1.024893e+02  1.852387e+00  2.400000e+01
     vertex -1.024893e+02  1.852387e+00  1.900000e+01
     vertex -1.024375e+02  1.923275e+00  1.900000e+01
   endloop
 endfacet
 facet normal  8.232835e-01 -5.676304e-01  0.000000e+00
   outer loop
     vertex -1.024893e+02  1.852387e+00  2.400000e+01
     vertex -1.025392e+02  1.780105e+00  1.900000e+01
     vertex -1.024893e+02  1.852387e+00  1.900000e+01
   endloop
 endfacet
 facet normal  8.074012e-01 -5.900028e-01 -2.732838e-20
   outer loop
     vertex -1.024893e+02  1.852387e+00  2.400000e+01
     vertex -1.024375e+02  1.923275e+00  1.900000e+01
     vertex -1.024375e+02  1.923275e+00  2.400000e+01
   endloop
 endfacet
 facet normal  8.385460e-01 -5.448308e-01  0.000000e+00
   outer loop
     vertex -1.025392e+02  1.780105e+00  2.400000e+01
     vertex -1.025870e+02  1.706483e+00  1.900000e+01
     vertex -1.025392e+02  1.780105e+00  1.900000e+01
   endloop
 endfacet
 facet normal  8.232835e-01 -5.676304e-01  0.000000e+00
   outer loop
     vertex -1.025392e+02  1.780105e+00  2.400000e+01
     vertex -1.025392e+02  1.780105e+00  1.900000e+01
     vertex -1.024893e+02  1.852387e+00  2.400000e+01
   endloop
 endfacet
 facet normal  8.531773e-01 -5.216210e-01  0.000000e+00
   outer loop
     vertex -1.025870e+02  1.706483e+00  2.400000e+01
     vertex -1.026328e+02  1.631577e+00  1.900000e+01
     vertex -1.025870e+02  1.706483e+00  1.900000e+01
   endloop
 endfacet
 facet normal  8.385460e-01 -5.448308e-01  0.000000e+00
   outer loop
     vertex -1.025870e+02  1.706483e+00  2.400000e+01
     vertex -1.025870e+02  1.706483e+00  1.900000e+01
     vertex -1.025392e+02  1.780105e+00  2.400000e+01
   endloop
 endfacet
 facet normal  8.531773e-01 -5.216210e-01  0.000000e+00
   outer loop
     vertex -1.026328e+02  1.631577e+00  2.400000e+01
     vertex -1.026328e+02  1.631577e+00  1.900000e+01
     vertex -1.025870e+02  1.706483e+00  2.400000e+01
   endloop
 endfacet
 facet normal  8.671664e-01 -4.980186e-01  0.000000e+00
   outer loop
     vertex -1.026765e+02  1.555442e+00  2.400000e+01
     vertex -1.026765e+02  1.555442e+00  1.900000e+01
     vertex -1.026328e+02  1.631577e+00  1.900000e+01
   endloop
 endfacet
 facet normal  8.671664e-01 -4.980186e-01  2.479358e-19
   outer loop
     vertex -1.026765e+02  1.555442e+00  2.400000e+01
     vertex -1.026328e+02  1.631577e+00  1.900000e+01
     vertex -1.026328e+02  1.631577e+00  2.400000e+01
   endloop
 endfacet
 facet normal  8.805026e-01 -4.740412e-01  0.000000e+00
   outer loop
     vertex -1.027182e+02  1.478136e+00  2.400000e+01
     vertex -1.027182e+02  1.478136e+00  1.900000e+01
     vertex -1.026765e+02  1.555442e+00  1.900000e+01
   endloop
 endfacet
 facet normal  8.805026e-01 -4.740412e-01 -8.462001e-20
   outer loop
     vertex -1.027182e+02  1.478136e+00  2.400000e+01
     vertex -1.026765e+02  1.555442e+00  1.900000e+01
     vertex -1.026765e+02  1.555442e+00  2.400000e+01
   endloop
 endfacet
 facet normal  8.931761e-01 -4.497071e-01  0.000000e+00
   outer loop
     vertex -1.027576e+02  1.399718e+00  2.400000e+01
     vertex -1.027576e+02  1.399718e+00  1.900000e+01
     vertex -1.027182e+02  1.478136e+00  1.900000e+01
   endloop
 endfacet
 facet normal  8.931761e-01 -4.497071e-01  3.060404e-19
   outer loop
     vertex -1.027576e+02  1.399718e+00  2.400000e+01
     vertex -1.027182e+02  1.478136e+00  1.900000e+01
     vertex -1.027182e+02  1.478136e+00  2.400000e+01
   endloop
 endfacet
 facet normal  9.051772e-01 -4.250344e-01  0.000000e+00
   outer loop
     vertex -1.027950e+02  1.320246e+00  2.400000e+01
     vertex -1.027950e+02  1.320246e+00  1.900000e+01
     vertex -1.027576e+02  1.399718e+00  1.900000e+01
   endloop
 endfacet
 facet normal  9.164969e-01 -4.000417e-01  0.000000e+00
   outer loop
     vertex -1.027950e+02  1.320246e+00  2.400000e+01
     vertex -1.028301e+02  1.239780e+00  1.900000e+01
     vertex -1.027950e+02  1.320246e+00  1.900000e+01
   endloop
 endfacet
 facet normal  9.051772e-01 -4.250344e-01 -2.347012e-19
   outer loop
     vertex -1.027950e+02  1.320246e+00  2.400000e+01
     vertex -1.027576e+02  1.399718e+00  1.900000e+01
     vertex -1.027576e+02  1.399718e+00  2.400000e+01
   endloop
 endfacet
 facet normal  9.164969e-01 -4.000417e-01  0.000000e+00
   outer loop
     vertex -1.028301e+02  1.239780e+00  2.400000e+01
     vertex -1.028301e+02  1.239780e+00  1.900000e+01
     vertex -1.027950e+02  1.320246e+00  2.400000e+01
   endloop
 endfacet
 facet normal  9.271267e-01 -3.747479e-01  0.000000e+00
   outer loop
     vertex -1.028630e+02  1.158381e+00  2.400000e+01
     vertex -1.028630e+02  1.158381e+00  1.900000e+01
     vertex -1.028301e+02  1.239780e+00  1.900000e+01
   endloop
 endfacet
 facet normal  9.271267e-01 -3.747479e-01  1.557465e-19
   outer loop
     vertex -1.028630e+02  1.158381e+00  2.400000e+01
     vertex -1.028301e+02  1.239780e+00  1.900000e+01
     vertex -1.028301e+02  1.239780e+00  2.400000e+01
   endloop
 endfacet
 facet normal  9.370586e-01 -3.491720e-01  0.000000e+00
   outer loop
     vertex -1.028936e+02  1.076110e+00  2.400000e+01
     vertex -1.028936e+02  1.076110e+00  1.900000e+01
     vertex -1.028630e+02  1.158381e+00  1.900000e+01
   endloop
 endfacet
 facet normal  9.462851e-01 -3.233333e-01  0.000000e+00
   outer loop
     vertex -1.028936e+02  1.076110e+00  2.400000e+01
     vertex -1.029220e+02  9.930286e-01  1.900000e+01
     vertex -1.028936e+02  1.076110e+00  1.900000e+01
   endloop
 endfacet
 facet normal  9.370586e-01 -3.491720e-01 -2.446382e-19
   outer loop
     vertex -1.028936e+02  1.076110e+00  2.400000e+01
     vertex -1.028630e+02  1.158381e+00  1.900000e+01
     vertex -1.028630e+02  1.158381e+00  2.400000e+01
   endloop
 endfacet
 facet normal  9.462851e-01 -3.233333e-01  0.000000e+00
   outer loop
     vertex -1.029220e+02  9.930286e-01  2.400000e+01
     vertex -1.029220e+02  9.930286e-01  1.900000e+01
     vertex -1.028936e+02  1.076110e+00  2.400000e+01
   endloop
 endfacet
 facet normal  9.547993e-01 -2.972512e-01  0.000000e+00
   outer loop
     vertex -1.029481e+02  9.091999e-01  2.400000e+01
     vertex -1.029481e+02  9.091999e-01  1.900000e+01
     vertex -1.029220e+02  9.930286e-01  1.900000e+01
   endloop
 endfacet
 facet normal  9.547993e-01 -2.972512e-01  2.903911e-19
   outer loop
     vertex -1.029481e+02  9.091999e-01  2.400000e+01
     vertex -1.029220e+02  9.930286e-01  1.900000e+01
     vertex -1.029220e+02  9.930286e-01  2.400000e+01
   endloop
 endfacet
 facet normal  9.625948e-01 -2.709453e-01  0.000000e+00
   outer loop
     vertex -1.029719e+02  8.246867e-01  2.400000e+01
     vertex -1.029719e+02  8.246867e-01  1.900000e+01
     vertex -1.029481e+02  9.091999e-01  1.900000e+01
   endloop
 endfacet
 facet normal  9.696656e-01 -2.444354e-01  0.000000e+00
   outer loop
     vertex -1.029719e+02  8.246867e-01  2.400000e+01
     vertex -1.029934e+02  7.395528e-01  1.900000e+01
     vertex -1.029719e+02  8.246867e-01  1.900000e+01
   endloop
 endfacet
 facet normal  9.625948e-01 -2.709453e-01  2.192478e-19
   outer loop
     vertex -1.029719e+02  8.246867e-01  2.400000e+01
     vertex -1.029481e+02  9.091999e-01  1.900000e+01
     vertex -1.029481e+02  9.091999e-01  2.400000e+01
   endloop
 endfacet
 facet normal  9.696656e-01 -2.444354e-01  0.000000e+00
   outer loop
     vertex -1.029934e+02  7.395528e-01  2.400000e+01
     vertex -1.029934e+02  7.395528e-01  1.900000e+01
     vertex -1.029719e+02  8.246867e-01  2.400000e+01
   endloop
 endfacet
 facet normal  9.760065e-01 -2.177416e-01  0.000000e+00
   outer loop
     vertex -1.030125e+02  6.538621e-01  2.400000e+01
     vertex -1.030125e+02  6.538621e-01  1.900000e+01
     vertex -1.029934e+02  7.395528e-01  1.900000e+01
   endloop
 endfacet
 facet normal  9.816126e-01 -1.908838e-01  0.000000e+00
   outer loop
     vertex -1.030125e+02  6.538621e-01  2.400000e+01
     vertex -1.030292e+02  5.676793e-01  1.900000e+01
     vertex -1.030125e+02  6.538621e-01  1.900000e+01
   endloop
 endfacet
 facet normal  9.760065e-01 -2.177416e-01  7.251733e-20
   outer loop
     vertex -1.030125e+02  6.538621e-01  2.400000e+01
     vertex -1.029934e+02  7.395528e-01  1.900000e+01
     vertex -1.029934e+02  7.395528e-01  2.400000e+01
   endloop
 endfacet
 facet normal  9.816126e-01 -1.908838e-01  0.000000e+00
   outer loop
     vertex -1.030292e+02  5.676793e-01  2.400000e+01
     vertex -1.030292e+02  5.676793e-01  1.900000e+01
     vertex -1.030125e+02  6.538621e-01  2.400000e+01
   endloop
 endfacet
 facet normal  9.864799e-01 -1.638824e-01  0.000000e+00
   outer loop
     vertex -1.030436e+02  4.810691e-01  2.400000e+01
     vertex -1.030436e+02  4.810691e-01  1.900000e+01
     vertex -1.030292e+02  5.676793e-01  1.900000e+01
   endloop
 endfacet
 facet normal  9.864799e-01 -1.638824e-01 -1.591621e-19
   outer loop
     vertex -1.030436e+02  4.810691e-01  2.400000e+01
     vertex -1.030292e+02  5.676793e-01  1.900000e+01
     vertex -1.030292e+02  5.676793e-01  2.400000e+01
   endloop
 endfacet
 facet normal  9.906046e-01 -1.367575e-01  0.000000e+00
   outer loop
     vertex -1.030556e+02  3.940968e-01  2.400000e+01
     vertex -1.030556e+02  3.940968e-01  1.900000e+01
     vertex -1.030436e+02  4.810691e-01  1.900000e+01
   endloop
 endfacet
 facet normal  9.939835e-01 -1.095298e-01  0.000000e+00
   outer loop
     vertex -1.030556e+02  3.940968e-01  2.400000e+01
     vertex -1.030653e+02  3.068278e-01  1.900000e+01
     vertex -1.030556e+02  3.940968e-01  1.900000e+01
   endloop
 endfacet
 facet normal  9.906046e-01 -1.367575e-01  1.692186e-19
   outer loop
     vertex -1.030556e+02  3.940968e-01  2.400000e+01
     vertex -1.030436e+02  4.810691e-01  1.900000e+01
     vertex -1.030436e+02  4.810691e-01  2.400000e+01
   endloop
 endfacet
 facet normal  9.939835e-01 -1.095298e-01  0.000000e+00
   outer loop
     vertex -1.030653e+02  3.068278e-01  2.400000e+01
     vertex -1.030653e+02  3.068278e-01  1.900000e+01
     vertex -1.030556e+02  3.940968e-01  2.400000e+01
   endloop
 endfacet
 facet normal  9.966142e-01 -8.221955e-02 -9.017946e-20
   outer loop
     vertex -1.030725e+02  2.193278e-01  2.400000e+01
     vertex -1.030653e+02  3.068278e-01  1.900000e+01
     vertex -1.030653e+02  3.068278e-01  2.400000e+01
   endloop
 endfacet
 facet normal  9.966142e-01 -8.221955e-02  0.000000e+00
   outer loop
     vertex -1.030725e+02  2.193278e-01  2.400000e+01
     vertex -1.030725e+02  2.193278e-01  1.900000e+01
     vertex -1.030653e+02  3.068278e-01  1.900000e+01
   endloop
 endfacet
 facet normal  9.984947e-01 -5.484744e-02  1.648989e-20
   outer loop
     vertex -1.030773e+02  1.316628e-01  2.400000e+01
     vertex -1.030725e+02  2.193278e-01  1.900000e+01
     vertex -1.030725e+02  2.193278e-01  2.400000e+01
   endloop
 endfacet
 facet normal  9.984947e-01 -5.484744e-02  0.000000e+00
   outer loop
     vertex -1.030773e+02  1.316628e-01  2.400000e+01
     vertex -1.030773e+02  1.316628e-01  1.900000e+01
     vertex -1.030725e+02  2.193278e-01  1.900000e+01
   endloop
 endfacet
 facet normal  9.996236e-01 -2.743405e-02  1.604188e-20
   outer loop
     vertex -1.030797e+02  4.389861e-02  2.400000e+01
     vertex -1.030773e+02  1.316628e-01  1.900000e+01
     vertex -1.030773e+02  1.316628e-01  2.400000e+01
   endloop
 endfacet
 facet normal  9.996236e-01 -2.743405e-02  0.000000e+00
   outer loop
     vertex -1.030797e+02  4.389861e-02  2.400000e+01
     vertex -1.030797e+02  4.389861e-02  1.900000e+01
     vertex -1.030773e+02  1.316628e-01  1.900000e+01
   endloop
 endfacet
 facet normal  1.000000e+00 -0.000000e+00  0.000000e+00
   outer loop
     vertex -1.030797e+02 -4.389861e-02  2.400000e+01
     vertex -1.030797e+02  4.389861e-02  1.900000e+01
     vertex -1.030797e+02  4.389861e-02  2.400000e+01
   endloop
 endfacet
 facet normal  1.000000e+00  0.000000e+00  0.000000e+00
   outer loop
     vertex -1.030797e+02 -4.389861e-02  2.400000e+01
     vertex -1.030797e+02 -4.389861e-02  1.900000e+01
     vertex -1.030797e+02  4.389861e-02  1.900000e+01
   endloop
 endfacet
 facet normal  9.996236e-01  2.743405e-02  0.000000e+00
   outer loop
     vertex -1.030797e+02 -4.389861e-02  2.400000e+01
     vertex -1.030773e+02 -1.316628e-01  1.900000e+01
     vertex -1.030797e+02 -4.389861e-02  1.900000e+01
   endloop
 endfacet
 facet normal  9.996236e-01  2.743405e-02  0.000000e+00
   outer loop
     vertex -1.030773e+02 -1.316628e-01  2.400000e+01
     vertex -1.030773e+02 -1.316628e-01  1.900000e+01
     vertex -1.030797e+02 -4.389861e-02  2.400000e+01
   endloop
 endfacet
 facet normal  9.984947e-01  5.484744e-02 -2.500772e-20
   outer loop
     vertex -1.030725e+02 -2.193278e-01  2.400000e+01
     vertex -1.030773e+02 -1.316628e-01  1.900000e+01
     vertex -1.030773e+02 -1.316628e-01  2.400000e+01
   endloop
 endfacet
 facet normal  9.984947e-01  5.484744e-02  0.000000e+00
   outer loop
     vertex -1.030725e+02 -2.193278e-01  2.400000e+01
     vertex -1.030725e+02 -2.193278e-01  1.900000e+01
     vertex -1.030773e+02 -1.316628e-01  1.900000e+01
   endloop
 endfacet
 facet normal  9.966142e-01  8.221955e-02  5.263224e-20
   outer loop
     vertex -1.030653e+02 -3.068278e-01  2.400000e+01
     vertex -1.030725e+02 -2.193278e-01  1.900000e+01
     vertex -1.030725e+02 -2.193278e-01  2.400000e+01
   endloop
 endfacet
 facet normal  9.966142e-01  8.221955e-02  0.000000e+00
   outer loop
     vertex -1.030653e+02 -3.068278e-01  2.400000e+01
     vertex -1.030653e+02 -3.068278e-01  1.900000e+01
     vertex -1.030725e+02 -2.193278e-01  1.900000e+01
   endloop
 endfacet
 facet normal  9.939835e-01  1.095298e-01  4.059198e-20
   outer loop
     vertex -1.030556e+02 -3.940968e-01  2.400000e+01
     vertex -1.030653e+02 -3.068278e-01  1.900000e+01
     vertex -1.030653e+02 -3.068278e-01  2.400000e+01
   endloop
 endfacet
 facet normal  9.939835e-01  1.095298e-01  0.000000e+00
   outer loop
     vertex -1.030556e+02 -3.940968e-01  2.400000e+01
     vertex -1.030556e+02 -3.940968e-01  1.900000e+01
     vertex -1.030653e+02 -3.068278e-01  1.900000e+01
   endloop
 endfacet
 facet normal  9.906046e-01  1.367575e-01  0.000000e+00
   outer loop
     vertex -1.030556e+02 -3.940968e-01  2.400000e+01
     vertex -1.030436e+02 -4.810691e-01  1.900000e+01
     vertex -1.030556e+02 -3.940968e-01  1.900000e+01
   endloop
 endfacet
 facet normal  9.906046e-01  1.367575e-01  0.000000e+00
   outer loop
     vertex -1.030436e+02 -4.810691e-01  2.400000e+01
     vertex -1.030436e+02 -4.810691e-01  1.900000e+01
     vertex -1.030556e+02 -3.940968e-01  2.400000e+01
   endloop
 endfacet
 facet normal  9.864799e-01  1.638824e-01 -1.956813e-19
   outer loop
     vertex -1.030292e+02 -5.676793e-01  2.400000e+01
     vertex -1.030436e+02 -4.810691e-01  1.900000e+01
     vertex -1.030436e+02 -4.810691e-01  2.400000e+01
   endloop
 endfacet
 facet normal  9.864799e-01  1.638824e-01  0.000000e+00
   outer loop
     vertex -1.030292e+02 -5.676793e-01  2.400000e+01
     vertex -1.030292e+02 -5.676793e-01  1.900000e+01
     vertex -1.030436e+02 -4.810691e-01  1.900000e+01
   endloop
 endfacet
 facet normal  9.816126e-01  1.908838e-01  1.417246e-19
   outer loop
     vertex -1.030125e+02 -6.538621e-01  2.400000e+01
     vertex -1.030292e+02 -5.676793e-01  1.900000e+01
     vertex -1.030292e+02 -5.676793e-01  2.400000e+01
   endloop
 endfacet
 facet normal  9.816126e-01  1.908838e-01  0.000000e+00
   outer loop
     vertex -1.030125e+02 -6.538621e-01  2.400000e+01
     vertex -1.030125e+02 -6.538621e-01  1.900000e+01
     vertex -1.030292e+02 -5.676793e-01  1.900000e+01
   endloop
 endfacet
 facet normal  9.760065e-01  2.177416e-01  0.000000e+00
   outer loop
     vertex -1.029934e+02 -7.395528e-01  2.400000e+01
     vertex -1.029934e+02 -7.395528e-01  1.900000e+01
     vertex -1.030125e+02 -6.538621e-01  1.900000e+01
   endloop
 endfacet
 facet normal  9.760065e-01  2.177416e-01  2.119598e-19
   outer loop
     vertex -1.029934e+02 -7.395528e-01  2.400000e+01
     vertex -1.030125e+02 -6.538621e-01  1.900000e+01
     vertex -1.030125e+02 -6.538621e-01  2.400000e+01
   endloop
 endfacet
 facet normal  9.696656e-01  2.444354e-01  0.000000e+00
   outer loop
     vertex -1.029719e+02 -8.246867e-01  2.400000e+01
     vertex -1.029719e+02 -8.246867e-01  1.900000e+01
     vertex -1.029934e+02 -7.395528e-01  1.900000e+01
   endloop
 endfacet
 facet normal  9.696656e-01  2.444354e-01 -2.211164e-19
   outer loop
     vertex -1.029719e+02 -8.246867e-01  2.400000e+01
     vertex -1.029934e+02 -7.395528e-01  1.900000e+01
     vertex -1.029934e+02 -7.395528e-01  2.400000e+01
   endloop
 endfacet
 facet normal  9.625948e-01  2.709453e-01  0.000000e+00
   outer loop
     vertex -1.029481e+02 -9.091999e-01  2.400000e+01
     vertex -1.029481e+02 -9.091999e-01  1.900000e+01
     vertex -1.029719e+02 -8.246867e-01  1.900000e+01
   endloop
 endfacet
 facet normal  9.625948e-01  2.709453e-01  2.807459e-19
   outer loop
     vertex -1.029481e+02 -9.091999e-01  2.400000e+01
     vertex -1.029719e+02 -8.246867e-01  1.900000e+01
     vertex -1.029719e+02 -8.246867e-01  2.400000e+01
   endloop
 endfacet
 facet normal  9.547993e-01  2.972512e-01  0.000000e+00
   outer loop
     vertex -1.029220e+02 -9.930286e-01  2.400000e+01
     vertex -1.029220e+02 -9.930286e-01  1.900000e+01
     vertex -1.029481e+02 -9.091999e-01  1.900000e+01
   endloop
 endfacet
 facet normal  9.547993e-01  2.972512e-01 -2.477829e-19
   outer loop
     vertex -1.029220e+02 -9.930286e-01  2.400000e+01
     vertex -1.029481e+02 -9.091999e-01  1.900000e+01
     vertex -1.029481e+02 -9.091999e-01  2.400000e+01
   endloop
 endfacet
 facet normal  9.462851e-01  3.233333e-01  0.000000e+00
   outer loop
     vertex -1.028936e+02 -1.076110e+00  2.400000e+01
     vertex -1.028936e+02 -1.076110e+00  1.900000e+01
     vertex -1.029220e+02 -9.930286e-01  1.900000e+01
   endloop
 endfacet
 facet normal  9.462851e-01  3.233333e-01  5.346245e-20
   outer loop
     vertex -1.028936e+02 -1.076110e+00  2.400000e+01
     vertex -1.029220e+02 -9.930286e-01  1.900000e+01
     vertex -1.029220e+02 -9.930286e-01  2.400000e+01
   endloop
 endfacet
 facet normal  9.370586e-01  3.491720e-01  0.000000e+00
   outer loop
     vertex -1.028630e+02 -1.158381e+00  2.400000e+01
     vertex -1.028630e+02 -1.158381e+00  1.900000e+01
     vertex -1.028936e+02 -1.076110e+00  1.900000e+01
   endloop
 endfacet
 facet normal  9.370586e-01  3.491720e-01 -5.564639e-20
   outer loop
     vertex -1.028630e+02 -1.158381e+00  2.400000e+01
     vertex -1.028936e+02 -1.076110e+00  1.900000e+01
     vertex -1.028936e+02 -1.076110e+00  2.400000e+01
   endloop
 endfacet
 facet normal  9.271267e-01  3.747479e-01  0.000000e+00
   outer loop
     vertex -1.028301e+02 -1.239780e+00  2.400000e+01
     vertex -1.028301e+02 -1.239780e+00  1.900000e+01
     vertex -1.028630e+02 -1.158381e+00  1.900000e+01
   endloop
 endfacet
 facet normal  9.164969e-01  4.000417e-01  0.000000e+00
   outer loop
     vertex -1.028301e+02 -1.239780e+00  2.400000e+01
     vertex -1.027950e+02 -1.320246e+00  1.900000e+01
     vertex -1.028301e+02 -1.239780e+00  1.900000e+01
   endloop
 endfacet
 facet normal  9.271267e-01  3.747479e-01  3.960137e-19
   outer loop
     vertex -1.028301e+02 -1.239780e+00  2.400000e+01
     vertex -1.028630e+02 -1.158381e+00  1.900000e+01
     vertex -1.028630e+02 -1.158381e+00  2.400000e+01
   endloop
 endfacet
 facet normal  9.164969e-01  4.000417e-01  0.000000e+00
   outer loop
     vertex -1.027950e+02 -1.320246e+00  2.400000e+01
     vertex -1.027950e+02 -1.320246e+00  1.900000e+01
     vertex -1.028301e+02 -1.239780e+00  2.400000e+01
   endloop
 endfacet
 facet normal  9.051772e-01  4.250344e-01  0.000000e+00
   outer loop
     vertex -1.027576e+02 -1.399718e+00  2.400000e+01
     vertex -1.027576e+02 -1.399718e+00  1.900000e+01
     vertex -1.027950e+02 -1.320246e+00  1.900000e+01
   endloop
 endfacet
 facet normal  9.051772e-01  4.250344e-01  3.064900e-19
   outer loop
     vertex -1.027576e+02 -1.399718e+00  2.400000e+01
     vertex -1.027950e+02 -1.320246e+00  1.900000e+01
     vertex -1.027950e+02 -1.320246e+00  2.400000e+01
   endloop
 endfacet
 facet normal  8.931761e-01  4.497071e-01  0.000000e+00
   outer loop
     vertex -1.027182e+02 -1.478136e+00  2.400000e+01
     vertex -1.027182e+02 -1.478136e+00  1.900000e+01
     vertex -1.027576e+02 -1.399718e+00  1.900000e+01
   endloop
 endfacet
 facet normal  8.931761e-01  4.497071e-01 -9.333225e-20
   outer loop
     vertex -1.027182e+02 -1.478136e+00  2.400000e+01
     vertex -1.027576e+02 -1.399718e+00  1.900000e+01
     vertex -1.027576e+02 -1.399718e+00  2.400000e+01
   endloop
 endfacet
 facet normal  8.805026e-01  4.740412e-01  0.000000e+00
   outer loop
     vertex -1.026765e+02 -1.555442e+00  2.400000e+01
     vertex -1.026765e+02 -1.555442e+00  1.900000e+01
     vertex -1.027182e+02 -1.478136e+00  1.900000e+01
   endloop
 endfacet
 facet normal  8.805026e-01  4.740412e-01  3.900676e-19
   outer loop
     vertex -1.026765e+02 -1.555442e+00  2.400000e+01
     vertex -1.027182e+02 -1.478136e+00  1.900000e+01
     vertex -1.027182e+02 -1.478136e+00  2.400000e+01
   endloop
 endfacet
 facet normal  8.671664e-01  4.980186e-01  0.000000e+00
   outer loop
     vertex -1.026328e+02 -1.631577e+00  2.400000e+01
     vertex -1.026328e+02 -1.631577e+00  1.900000e+01
     vertex -1.026765e+02 -1.555442e+00  1.900000e+01
   endloop
 endfacet
 facet normal  8.531773e-01  5.216210e-01  0.000000e+00
   outer loop
     vertex -1.026328e+02 -1.631577e+00  2.400000e+01
     vertex -1.025870e+02 -1.706483e+00  1.900000e+01
     vertex -1.026328e+02 -1.631577e+00  1.900000e+01
   endloop
 endfacet
 facet normal  8.671664e-01  4.980186e-01 -4.711704e-19
   outer loop
     vertex -1.026328e+02 -1.631577e+00  2.400000e+01
     vertex -1.026765e+02 -1.555442e+00  1.900000e+01
     vertex -1.026765e+02 -1.555442e+00  2.400000e+01
   endloop
 endfacet
 facet normal  8.531773e-01  5.216210e-01  0.000000e+00
   outer loop
     vertex -1.025870e+02 -1.706483e+00  2.400000e+01
     vertex -1.025870e+02 -1.706483e+00  1.900000e+01
     vertex -1.026328e+02 -1.631577e+00  2.400000e+01
   endloop
 endfacet
 facet normal  8.385460e-01  5.448308e-01  2.140037e-19
   outer loop
     vertex -1.025392e+02 -1.780105e+00  2.400000e+01
     vertex -1.025870e+02 -1.706483e+00  1.900000e+01
     vertex -1.025870e+02 -1.706483e+00  2.400000e+01
   endloop
 endfacet
 facet normal  8.385460e-01  5.448308e-01  0.000000e+00
   outer loop
     vertex -1.025392e+02 -1.780105e+00  2.400000e+01
     vertex -1.025392e+02 -1.780105e+00  1.900000e+01
     vertex -1.025870e+02 -1.706483e+00  1.900000e+01
   endloop
 endfacet
 facet normal  8.232835e-01  5.676304e-01 -2.746475e-19
   outer loop
     vertex -1.024893e+02 -1.852387e+00  2.400000e+01
     vertex -1.025392e+02 -1.780105e+00  1.900000e+01
     vertex -1.025392e+02 -1.780105e+00  2.400000e+01
   endloop
 endfacet
 facet normal  8.232835e-01  5.676304e-01  0.000000e+00
   outer loop
     vertex -1.024893e+02 -1.852387e+00  2.400000e+01
     vertex -1.024893e+02 -1.852387e+00  1.900000e+01
     vertex -1.025392e+02 -1.780105e+00  1.900000e+01
   endloop
 endfacet
 facet normal  8.074012e-01  5.900028e-01 -4.449862e-19
   outer loop
     vertex -1.024375e+02 -1.923275e+00  2.400000e+01
     vertex -1.024893e+02 -1.852387e+00  1.900000e+01
     vertex -1.024893e+02 -1.852387e+00  2.400000e+01
   endloop
 endfacet
 facet normal  8.074012e-01  5.900028e-01  0.000000e+00
   outer loop
     vertex -1.024375e+02 -1.923275e+00  2.400000e+01
     vertex -1.024375e+02 -1.923275e+00  1.900000e+01
     vertex -1.024893e+02 -1.852387e+00  1.900000e+01
   endloop
 endfacet
 facet normal  7.909112e-01  6.119310e-01  1.479077e-20
   outer loop
     vertex -1.023838e+02 -1.992715e+00  2.400000e+01
     vertex -1.024375e+02 -1.923275e+00  1.900000e+01
     vertex -1.024375e+02 -1.923275e+00  2.400000e+01
   endloop
 endfacet
 facet normal  7.909112e-01  6.119310e-01  0.000000e+00
   outer loop
     vertex -1.023838e+02 -1.992715e+00  2.400000e+01
     vertex -1.023838e+02 -1.992715e+00  1.900000e+01
     vertex -1.024375e+02 -1.923275e+00  1.900000e+01
   endloop
 endfacet
 facet normal  7.738257e-01  6.333986e-01  6.744178e-20
   outer loop
     vertex -1.023282e+02 -2.060655e+00  2.400000e+01
     vertex -1.023838e+02 -1.992715e+00  1.900000e+01
     vertex -1.023838e+02 -1.992715e+00  2.400000e+01
   endloop
 endfacet
 facet normal  7.738257e-01  6.333986e-01  0.000000e+00
   outer loop
     vertex -1.023282e+02 -2.060655e+00  2.400000e+01
     vertex -1.023282e+02 -2.060655e+00  1.900000e+01
     vertex -1.023838e+02 -1.992715e+00  1.900000e+01
   endloop
 endfacet
 facet normal  7.561578e-01  6.543893e-01 -2.277071e-19
   outer loop
     vertex -1.022708e+02 -2.127043e+00  2.400000e+01
     vertex -1.023282e+02 -2.060655e+00  1.900000e+01
     vertex -1.023282e+02 -2.060655e+00  2.400000e+01
   endloop
 endfacet
 facet normal  7.561578e-01  6.543893e-01  0.000000e+00
   outer loop
     vertex -1.022708e+02 -2.127043e+00  2.400000e+01
     vertex -1.022708e+02 -2.127043e+00  1.900000e+01
     vertex -1.023282e+02 -2.060655e+00  1.900000e+01
   endloop
 endfacet
 facet normal  7.379206e-01  6.748875e-01  0.000000e+00
   outer loop
     vertex -1.022708e+02 -2.127043e+00  2.400000e+01
     vertex -1.022115e+02 -2.191830e+00  1.900000e+01
     vertex -1.022708e+02 -2.127043e+00  1.900000e+01
   endloop
 endfacet
 facet normal  7.379206e-01  6.748875e-01  0.000000e+00
   outer loop
     vertex -1.022115e+02 -2.191830e+00  2.400000e+01
     vertex -1.022115e+02 -2.191830e+00  1.900000e+01
     vertex -1.022708e+02 -2.127043e+00  2.400000e+01
   endloop
 endfacet
 facet normal  7.191280e-01  6.948776e-01  4.513654e-19
   outer loop
     vertex -1.021505e+02 -2.254968e+00  2.400000e+01
     vertex -1.022115e+02 -2.191830e+00  1.900000e+01
     vertex -1.022115e+02 -2.191830e+00  2.400000e+01
   endloop
 endfacet
 facet normal  7.191280e-01  6.948776e-01  0.000000e+00
   outer loop
     vertex -1.021505e+02 -2.254968e+00  2.400000e+01
     vertex -1.021505e+02 -2.254968e+00  1.900000e+01
     vertex -1.022115e+02 -2.191830e+00  1.900000e+01
   endloop
 endfacet
 facet normal  6.997940e-01  7.143447e-01  0.000000e+00
   outer loop
     vertex -1.021505e+02 -2.254968e+00  2.400000e+01
     vertex -1.020878e+02 -2.316408e+00  1.900000e+01
     vertex -1.021505e+02 -2.254968e+00  1.900000e+01
   endloop
 endfacet
 facet normal  6.997940e-01  7.143447e-01  0.000000e+00
   outer loop
     vertex -1.020878e+02 -2.316408e+00  2.400000e+01
     vertex -1.020878e+02 -2.316408e+00  1.900000e+01
     vertex -1.021505e+02 -2.254968e+00  2.400000e+01
   endloop
 endfacet
 facet normal  6.799333e-01  7.332740e-01  0.000000e+00
   outer loop
     vertex -1.020878e+02 -2.316408e+00  2.400000e+01
     vertex -1.020234e+02 -2.376104e+00  1.900000e+01
     vertex -1.020878e+02 -2.316408e+00  1.900000e+01
   endloop
 endfacet
 facet normal  6.799333e-01  7.332740e-01  0.000000e+00
   outer loop
     vertex -1.020234e+02 -2.376104e+00  2.400000e+01
     vertex -1.020234e+02 -2.376104e+00  1.900000e+01
     vertex -1.020878e+02 -2.316408e+00  2.400000e+01
   endloop
 endfacet
 facet normal  6.595607e-01  7.516513e-01  1.605288e-19
   outer loop
     vertex -1.019574e+02 -2.434012e+00  2.400000e+01
     vertex -1.020234e+02 -2.376104e+00  1.900000e+01
     vertex -1.020234e+02 -2.376104e+00  2.400000e+01
   endloop
 endfacet
 facet normal  6.595607e-01  7.516513e-01  0.000000e+00
   outer loop
     vertex -1.019574e+02 -2.434012e+00  2.400000e+01
     vertex -1.019574e+02 -2.434012e+00  1.900000e+01
     vertex -1.020234e+02 -2.376104e+00  1.900000e+01
   endloop
 endfacet
 facet normal  6.386916e-01  7.694628e-01  2.122299e-19
   outer loop
     vertex -1.018898e+02 -2.490087e+00  2.400000e+01
     vertex -1.019574e+02 -2.434012e+00  1.900000e+01
     vertex -1.019574e+02 -2.434012e+00  2.400000e+01
   endloop
 endfacet
 facet normal  6.386916e-01  7.694628e-01  0.000000e+00
   outer loop
     vertex -1.018898e+02 -2.490087e+00  2.400000e+01
     vertex -1.018898e+02 -2.490087e+00  1.900000e+01
     vertex -1.019574e+02 -2.434012e+00  1.900000e+01
   endloop
 endfacet
 facet normal  6.173417e-01  7.866951e-01  4.053328e-19
   outer loop
     vertex -1.018208e+02 -2.544288e+00  2.400000e+01
     vertex -1.018898e+02 -2.490087e+00  1.900000e+01
     vertex -1.018898e+02 -2.490087e+00  2.400000e+01
   endloop
 endfacet
 facet normal  6.173417e-01  7.866951e-01  0.000000e+00
   outer loop
     vertex -1.018208e+02 -2.544288e+00  2.400000e+01
     vertex -1.018208e+02 -2.544288e+00  1.900000e+01
     vertex -1.018898e+02 -2.490087e+00  1.900000e+01
   endloop
 endfacet
 facet normal  5.955271e-01  8.033352e-01  3.213644e-19
   outer loop
     vertex -1.017502e+02 -2.596574e+00  2.400000e+01
     vertex -1.018208e+02 -2.544288e+00  1.900000e+01
     vertex -1.018208e+02 -2.544288e+00  2.400000e+01
   endloop
 endfacet
 facet normal  5.955271e-01  8.033352e-01  0.000000e+00
   outer loop
     vertex -1.017502e+02 -2.596574e+00  2.400000e+01
     vertex -1.017502e+02 -2.596574e+00  1.900000e+01
     vertex -1.018208e+02 -2.544288e+00  1.900000e+01
   endloop
 endfacet
 facet normal  5.732642e-01  8.193706e-01  1.013976e-20
   outer loop
     vertex -1.016783e+02 -2.646905e+00  2.400000e+01
     vertex -1.017502e+02 -2.596574e+00  1.900000e+01
     vertex -1.017502e+02 -2.596574e+00  2.400000e+01
   endloop
 endfacet
 facet normal  5.732642e-01  8.193706e-01  0.000000e+00
   outer loop
     vertex -1.016783e+02 -2.646905e+00  2.400000e+01
     vertex -1.016783e+02 -2.646905e+00  1.900000e+01
     vertex -1.017502e+02 -2.596574e+00  1.900000e+01
   endloop
 endfacet
 facet normal  5.505698e-01  8.347891e-01 -2.581702e-19
   outer loop
     vertex -1.016050e+02 -2.695243e+00  2.400000e+01
     vertex -1.016783e+02 -2.646905e+00  1.900000e+01
     vertex -1.016783e+02 -2.646905e+00  2.400000e+01
   endloop
 endfacet
 facet normal  5.505698e-01  8.347891e-01  0.000000e+00
   outer loop
     vertex -1.016050e+02 -2.695243e+00  2.400000e+01
     vertex -1.016050e+02 -2.695243e+00  1.900000e+01
     vertex -1.016783e+02 -2.646905e+00  1.900000e+01
   endloop
 endfacet
 facet normal  5.274609e-01  8.495793e-01 -1.490312e-19
   outer loop
     vertex -1.015304e+02 -2.741553e+00  2.400000e+01
     vertex -1.016050e+02 -2.695243e+00  1.900000e+01
     vertex -1.016050e+02 -2.695243e+00  2.400000e+01
   endloop
 endfacet
 facet normal  5.274609e-01  8.495793e-01  0.000000e+00
   outer loop
     vertex -1.015304e+02 -2.741553e+00  2.400000e+01
     vertex -1.015304e+02 -2.741553e+00  1.900000e+01
     vertex -1.016050e+02 -2.695243e+00  1.900000e+01
   endloop
 endfacet
 facet normal  5.039550e-01  8.637299e-01  0.000000e+00
   outer loop
     vertex -1.015304e+02 -2.741553e+00  2.400000e+01
     vertex -1.014546e+02 -2.785799e+00  1.900000e+01
     vertex -1.015304e+02 -2.741553e+00  1.900000e+01
   endloop
 endfacet
 facet normal  5.039550e-01  8.637299e-01  0.000000e+00
   outer loop
     vertex -1.014546e+02 -2.785799e+00  2.400000e+01
     vertex -1.014546e+02 -2.785799e+00  1.900000e+01
     vertex -1.015304e+02 -2.741553e+00  2.400000e+01
   endloop
 endfacet
 facet normal  4.800697e-01  8.772303e-01 -4.814251e-19
   outer loop
     vertex -1.013776e+02 -2.827947e+00  2.400000e+01
     vertex -1.014546e+02 -2.785799e+00  1.900000e+01
     vertex -1.014546e+02 -2.785799e+00  2.400000e+01
   endloop
 endfacet
 facet normal  4.800697e-01  8.772303e-01  0.000000e+00
   outer loop
     vertex -1.013776e+02 -2.827947e+00  2.400000e+01
     vertex -1.013776e+02 -2.827947e+00  1.900000e+01
     vertex -1.014546e+02 -2.785799e+00  1.900000e+01
   endloop
 endfacet
 facet normal  4.558231e-01  8.900704e-01 -9.917355e-20
   outer loop
     vertex -1.012994e+02 -2.867967e+00  2.400000e+01
     vertex -1.013776e+02 -2.827947e+00  1.900000e+01
     vertex -1.013776e+02 -2.827947e+00  2.400000e+01
   endloop
 endfacet
 facet normal  4.558231e-01  8.900704e-01  0.000000e+00
   outer loop
     vertex -1.012994e+02 -2.867967e+00  2.400000e+01
     vertex -1.012994e+02 -2.867967e+00  1.900000e+01
     vertex -1.013776e+02 -2.827947e+00  1.900000e+01
   endloop
 endfacet
 facet normal  4.312333e-01  9.022405e-01 -8.571965e-20
   outer loop
     vertex -1.012202e+02 -2.905828e+00  2.400000e+01
     vertex -1.012994e+02 -2.867967e+00  1.900000e+01
     vertex -1.012994e+02 -2.867967e+00  2.400000e+01
   endloop
 endfacet
 facet normal  4.312333e-01  9.022405e-01  0.000000e+00
   outer loop
     vertex -1.012202e+02 -2.905828e+00  2.400000e+01
     vertex -1.012202e+02 -2.905828e+00  1.900000e+01
     vertex -1.012994e+02 -2.867967e+00  1.900000e+01
   endloop
 endfacet
 facet normal  4.063188e-01  9.137314e-01  2.984903e-19
   outer loop
     vertex -1.011400e+02 -2.941502e+00  2.400000e+01
     vertex -1.012202e+02 -2.905828e+00  1.900000e+01
     vertex -1.012202e+02 -2.905828e+00  2.400000e+01
   endloop
 endfacet
 facet normal  4.063188e-01  9.137314e-01  0.000000e+00
   outer loop
     vertex -1.011400e+02 -2.941502e+00  2.400000e+01
     vertex -1.011400e+02 -2.941502e+00  1.900000e+01
     vertex -1.012202e+02 -2.905828e+00  1.900000e+01
   endloop
 endfacet
 facet normal  3.810986e-01  9.245344e-01  0.000000e+00
   outer loop
     vertex -1.010588e+02 -2.974961e+00  2.400000e+01
     vertex -1.010588e+02 -2.974961e+00  1.900000e+01
     vertex -1.011400e+02 -2.941502e+00  1.900000e+01
   endloop
 endfacet
 facet normal  3.810986e-01  9.245344e-01  4.315999e-19
   outer loop
     vertex -1.010588e+02 -2.974961e+00  2.400000e+01
     vertex -1.011400e+02 -2.941502e+00  1.900000e+01
     vertex -1.011400e+02 -2.941502e+00  2.400000e+01
   endloop
 endfacet
 facet normal  3.555914e-01  9.346415e-01  0.000000e+00
   outer loop
     vertex -1.009768e+02 -3.006181e+00  2.400000e+01
     vertex -1.009768e+02 -3.006181e+00  1.900000e+01
     vertex -1.010588e+02 -2.974961e+00  1.900000e+01
   endloop
 endfacet
 facet normal  3.555914e-01  9.346415e-01 -4.295588e-19
   outer loop
     vertex -1.009768e+02 -3.006181e+00  2.400000e+01
     vertex -1.010588e+02 -2.974961e+00  1.900000e+01
     vertex -1.010588e+02 -2.974961e+00  2.400000e+01
   endloop
 endfacet
 facet normal  3.298166e-01  9.440450e-01  0.000000e+00
   outer loop
     vertex -1.008939e+02 -3.035138e+00  2.400000e+01
     vertex -1.008939e+02 -3.035138e+00  1.900000e+01
     vertex -1.009768e+02 -3.006181e+00  1.900000e+01
   endloop
 endfacet
 facet normal  3.298166e-01  9.440450e-01  3.295415e-19
   outer loop
     vertex -1.008939e+02 -3.035138e+00  2.400000e+01
     vertex -1.009768e+02 -3.006181e+00  1.900000e+01
     vertex -1.009768e+02 -3.006181e+00  2.400000e+01
   endloop
 endfacet
 facet normal  3.037934e-01  9.527379e-01  0.000000e+00
   outer loop
     vertex -1.008102e+02 -3.061811e+00  2.400000e+01
     vertex -1.008102e+02 -3.061811e+00  1.900000e+01
     vertex -1.008939e+02 -3.035138e+00  1.900000e+01
   endloop
 endfacet
 facet normal  3.037934e-01  9.527379e-01 -1.297724e-19
   outer loop
     vertex -1.008102e+02 -3.061811e+00  2.400000e+01
     vertex -1.008939e+02 -3.035138e+00  1.900000e+01
     vertex -1.008939e+02 -3.035138e+00  2.400000e+01
   endloop
 endfacet
 facet normal  2.775416e-01  9.607136e-01 -3.467789e-19
   outer loop
     vertex -1.007259e+02 -3.086178e+00  2.400000e+01
     vertex -1.008102e+02 -3.061811e+00  1.900000e+01
     vertex -1.008102e+02 -3.061811e+00  2.400000e+01
   endloop
 endfacet
 facet normal  2.775416e-01  9.607136e-01  0.000000e+00
   outer loop
     vertex -1.007259e+02 -3.086178e+00  2.400000e+01
     vertex -1.007259e+02 -3.086178e+00  1.900000e+01
     vertex -1.008102e+02 -3.061811e+00  1.900000e+01
   endloop
 endfacet
 facet normal  2.510809e-01  9.679661e-01  1.049974e-19
   outer loop
     vertex -1.006409e+02 -3.108222e+00  2.400000e+01
     vertex -1.007259e+02 -3.086178e+00  1.900000e+01
     vertex -1.007259e+02 -3.086178e+00  2.400000e+01
   endloop
 endfacet
 facet normal  2.510809e-01  9.679661e-01  0.000000e+00
   outer loop
     vertex -1.006409e+02 -3.108222e+00  2.400000e+01
     vertex -1.006409e+02 -3.108222e+00  1.900000e+01
     vertex -1.007259e+02 -3.086178e+00  1.900000e+01
   endloop
 endfacet
 facet normal  2.244312e-01  9.744899e-01  1.593502e-19
   outer loop
     vertex -1.005553e+02 -3.127927e+00  2.400000e+01
     vertex -1.006409e+02 -3.108222e+00  1.900000e+01
     vertex -1.006409e+02 -3.108222e+00  2.400000e+01
   endloop
 endfacet
 facet normal  2.244312e-01  9.744899e-01  0.000000e+00
   outer loop
     vertex -1.005553e+02 -3.127927e+00  2.400000e+01
     vertex -1.005553e+02 -3.127927e+00  1.900000e+01
     vertex -1.006409e+02 -3.108222e+00  1.900000e+01
   endloop
 endfacet
 facet normal  1.976125e-01  9.802802e-01 -5.181253e-20
   outer loop
     vertex -1.004693e+02 -3.145276e+00  2.400000e+01
     vertex -1.005553e+02 -3.127927e+00  1.900000e+01
     vertex -1.005553e+02 -3.127927e+00  2.400000e+01
   endloop
 endfacet
 facet normal  1.976125e-01  9.802802e-01  0.000000e+00
   outer loop
     vertex -1.004693e+02 -3.145276e+00  2.400000e+01
     vertex -1.004693e+02 -3.145276e+00  1.900000e+01
     vertex -1.005553e+02 -3.127927e+00  1.900000e+01
   endloop
 endfacet
 facet normal  1.706451e-01  9.853326e-01 -5.157662e-20
   outer loop
     vertex -1.003828e+02 -3.160259e+00  2.400000e+01
     vertex -1.004693e+02 -3.145276e+00  1.900000e+01
     vertex -1.004693e+02 -3.145276e+00  2.400000e+01
   endloop
 endfacet
 facet normal  1.706451e-01  9.853326e-01  0.000000e+00
   outer loop
     vertex -1.003828e+02 -3.160259e+00  2.400000e+01
     vertex -1.003828e+02 -3.160259e+00  1.900000e+01
     vertex -1.004693e+02 -3.145276e+00  1.900000e+01
   endloop
 endfacet
 facet normal  1.435492e-01  9.896432e-01  0.000000e+00
   outer loop
     vertex -1.003828e+02 -3.160259e+00  2.400000e+01
     vertex -1.002959e+02 -3.172862e+00  1.900000e+01
     vertex -1.003828e+02 -3.160259e+00  1.900000e+01
   endloop
 endfacet
 facet normal  1.435492e-01  9.896432e-01  0.000000e+00
   outer loop
     vertex -1.002959e+02 -3.172862e+00  2.400000e+01
     vertex -1.002959e+02 -3.172862e+00  1.900000e+01
     vertex -1.003828e+02 -3.160259e+00  2.400000e+01
   endloop
 endfacet
 facet normal  1.163452e-01  9.932088e-01  5.285658e-20
   outer loop
     vertex -1.002087e+02 -3.183077e+00  2.400000e+01
     vertex -1.002959e+02 -3.172862e+00  1.900000e+01
     vertex -1.002959e+02 -3.172862e+00  2.400000e+01
   endloop
 endfacet
 facet normal  1.163452e-01  9.932088e-01  0.000000e+00
   outer loop
     vertex -1.002087e+02 -3.183077e+00  2.400000e+01
     vertex -1.002087e+02 -3.183077e+00  1.900000e+01
     vertex -1.002959e+02 -3.172862e+00  1.900000e+01
   endloop
 endfacet
 facet normal  8.905371e-02  9.960268e-01 -4.415347e-20
   outer loop
     vertex -1.001212e+02 -3.190895e+00  2.400000e+01
     vertex -1.002087e+02 -3.183077e+00  1.900000e+01
     vertex -1.002087e+02 -3.183077e+00  2.400000e+01
   endloop
 endfacet
 facet normal  8.905371e-02  9.960268e-01  0.000000e+00
   outer loop
     vertex -1.001212e+02 -3.190895e+00  2.400000e+01
     vertex -1.001212e+02 -3.190895e+00  1.900000e+01
     vertex -1.002087e+02 -3.183077e+00  1.900000e+01
   endloop
 endfacet
 facet normal  6.169515e-02  9.980950e-01 -5.472167e-20
   outer loop
     vertex -1.000336e+02 -3.196312e+00  2.400000e+01
     vertex -1.001212e+02 -3.190895e+00  1.900000e+01
     vertex -1.001212e+02 -3.190895e+00  2.400000e+01
   endloop
 endfacet
 facet normal  6.169515e-02  9.980950e-01  0.000000e+00
   outer loop
     vertex -1.000336e+02 -3.196312e+00  2.400000e+01
     vertex -1.000336e+02 -3.196312e+00  1.900000e+01
     vertex -1.001212e+02 -3.190895e+00  1.900000e+01
   endloop
 endfacet
 facet normal  3.429014e-02  9.994119e-01  2.437985e-20
   outer loop
     vertex -9.994585e+01 -3.199322e+00  2.400000e+01
     vertex -1.000336e+02 -3.196312e+00  1.900000e+01
     vertex -1.000336e+02 -3.196312e+00  2.400000e+01
   endloop
 endfacet
 facet normal  3.429014e-02  9.994119e-01  0.000000e+00
   outer loop
     vertex -9.994585e+01 -3.199322e+00  2.400000e+01
     vertex -9.994585e+01 -3.199322e+00  1.900000e+01
     vertex -1.000336e+02 -3.196312e+00  1.900000e+01
   endloop
 endfacet
 facet normal  6.859319e-03  9.999765e-01  0.000000e+00
   outer loop
     vertex -9.994585e+01 -3.199322e+00  2.400000e+01
     vertex -9.985805e+01 -3.199925e+00  1.900000e+01
     vertex -9.994585e+01 -3.199322e+00  1.900000e+01
   endloop
 endfacet
 facet normal  6.859319e-03  9.999765e-01  0.000000e+00
   outer loop
     vertex -9.985805e+01 -3.199925e+00  2.400000e+01
     vertex -9.985805e+01 -3.199925e+00  1.900000e+01
     vertex -9.994585e+01 -3.199322e+00  2.400000e+01
   endloop
 endfacet
 facet normal -2.057667e-02  9.997883e-01 -2.026945e-20
   outer loop
     vertex -9.977027e+01 -3.198118e+00  2.400000e+01
     vertex -9.985805e+01 -3.199925e+00  1.900000e+01
     vertex -9.985805e+01 -3.199925e+00  2.400000e+01
   endloop
 endfacet
 facet normal -2.057667e-02  9.997883e-01  0.000000e+00
   outer loop
     vertex -9.977027e+01 -3.198118e+00  2.400000e+01
     vertex -9.977027e+01 -3.198118e+00  1.900000e+01
     vertex -9.985805e+01 -3.199925e+00  1.900000e+01
   endloop
 endfacet
 facet normal -4.799716e-02  9.988475e-01  0.000000e+00
   outer loop
     vertex -9.968258e+01 -3.193904e+00  2.400000e+01
     vertex -9.968258e+01 -3.193904e+00  1.900000e+01
     vertex -9.977027e+01 -3.198118e+00  1.900000e+01
   endloop
 endfacet
 facet normal -4.799716e-02  9.988475e-01 -6.762020e-21
   outer loop
     vertex -9.968258e+01 -3.193904e+00  2.400000e+01
     vertex -9.977027e+01 -3.198118e+00  1.900000e+01
     vertex -9.977027e+01 -3.198118e+00  2.400000e+01
   endloop
 endfacet
 facet normal -7.538152e-02  9.971548e-01  0.000000e+00
   outer loop
     vertex -9.959503e+01 -3.187286e+00  2.400000e+01
     vertex -9.959503e+01 -3.187286e+00  1.900000e+01
     vertex -9.968258e+01 -3.193904e+00  1.900000e+01
   endloop
 endfacet
 facet normal -7.538152e-02  9.971548e-01  9.356133e-20
   outer loop
     vertex -9.959503e+01 -3.187286e+00  2.400000e+01
     vertex -9.968258e+01 -3.193904e+00  1.900000e+01
     vertex -9.968258e+01 -3.193904e+00  2.400000e+01
   endloop
 endfacet
 facet normal -1.027091e-01  9.947114e-01  0.000000e+00
   outer loop
     vertex -9.950770e+01 -3.178268e+00  2.400000e+01
     vertex -9.950770e+01 -3.178268e+00  1.900000e+01
     vertex -9.959503e+01 -3.187286e+00  1.900000e+01
   endloop
 endfacet
 facet normal -1.027091e-01  9.947114e-01  7.219533e-20
   outer loop
     vertex -9.950770e+01 -3.178268e+00  2.400000e+01
     vertex -9.959503e+01 -3.187286e+00  1.900000e+01
     vertex -9.959503e+01 -3.187286e+00  2.400000e+01
   endloop
 endfacet
 facet normal -1.299594e-01  9.915193e-01  0.000000e+00
   outer loop
     vertex -9.942064e+01 -3.166858e+00  2.400000e+01
     vertex -9.942064e+01 -3.166858e+00  1.900000e+01
     vertex -9.950770e+01 -3.178268e+00  1.900000e+01
   endloop
 endfacet
 facet normal -1.299594e-01  9.915193e-01 -1.996148e-19
   outer loop
     vertex -9.942064e+01 -3.166858e+00  2.400000e+01
     vertex -9.950770e+01 -3.178268e+00  1.900000e+01
     vertex -9.950770e+01 -3.178268e+00  2.400000e+01
   endloop
 endfacet
 facet normal -1.571119e-01  9.875808e-01  0.000000e+00
   outer loop
     vertex -9.933394e+01 -3.153064e+00  2.400000e+01
     vertex -9.933394e+01 -3.153064e+00  1.900000e+01
     vertex -9.942064e+01 -3.166858e+00  1.900000e+01
   endloop
 endfacet
 facet normal -1.571119e-01  9.875808e-01  6.235680e-20
   outer loop
     vertex -9.933394e+01 -3.153064e+00  2.400000e+01
     vertex -9.942064e+01 -3.166858e+00  1.900000e+01
     vertex -9.942064e+01 -3.166858e+00  2.400000e+01
   endloop
 endfacet
 facet normal -1.841461e-01  9.828989e-01  0.000000e+00
   outer loop
     vertex -9.924764e+01 -3.136897e+00  2.400000e+01
     vertex -9.924764e+01 -3.136897e+00  1.900000e+01
     vertex -9.933394e+01 -3.153064e+00  1.900000e+01
   endloop
 endfacet
 facet normal -2.110417e-01  9.774771e-01  0.000000e+00
   outer loop
     vertex -9.924764e+01 -3.136897e+00  2.400000e+01
     vertex -9.916182e+01 -3.118368e+00  1.900000e+01
     vertex -9.924764e+01 -3.136897e+00  1.900000e+01
   endloop
 endfacet
 facet normal -1.841461e-01  9.828989e-01 -1.154767e-19
   outer loop
     vertex -9.924764e+01 -3.136897e+00  2.400000e+01
     vertex -9.933394e+01 -3.153064e+00  1.900000e+01
     vertex -9.933394e+01 -3.153064e+00  2.400000e+01
   endloop
 endfacet
 facet normal -2.110417e-01  9.774771e-01  0.000000e+00
   outer loop
     vertex -9.916182e+01 -3.118368e+00  2.400000e+01
     vertex -9.916182e+01 -3.118368e+00  1.900000e+01
     vertex -9.924764e+01 -3.136897e+00  2.400000e+01
   endloop
 endfacet
 facet normal -2.377784e-01  9.713194e-01  0.000000e+00
   outer loop
     vertex -9.907654e+01 -3.097492e+00  2.400000e+01
     vertex -9.907654e+01 -3.097492e+00  1.900000e+01
     vertex -9.916182e+01 -3.118368e+00  1.900000e+01
   endloop
 endfacet
 facet normal -2.377784e-01  9.713194e-01  2.394653e-21
   outer loop
     vertex -9.907654e+01 -3.097492e+00  2.400000e+01
     vertex -9.916182e+01 -3.118368e+00  1.900000e+01
     vertex -9.916182e+01 -3.118368e+00  2.400000e+01
   endloop
 endfacet
 facet normal -2.643362e-01  9.644306e-01  0.000000e+00
   outer loop
     vertex -9.899187e+01 -3.074284e+00  2.400000e+01
     vertex -9.899187e+01 -3.074284e+00  1.900000e+01
     vertex -9.907654e+01 -3.097492e+00  1.900000e+01
   endloop
 endfacet
 facet normal -2.643362e-01  9.644306e-01 -7.145133e-20
   outer loop
     vertex -9.899187e+01 -3.074284e+00  2.400000e+01
     vertex -9.907654e+01 -3.097492e+00  1.900000e+01
     vertex -9.907654e+01 -3.097492e+00  2.400000e+01
   endloop
 endfacet
 facet normal -2.906949e-01  9.568158e-01  0.000000e+00
   outer loop
     vertex -9.890786e+01 -3.048761e+00  2.400000e+01
     vertex -9.890786e+01 -3.048761e+00  1.900000e+01
     vertex -9.899187e+01 -3.074284e+00  1.900000e+01
   endloop
 endfacet
 facet normal -3.168348e-01  9.484807e-01  0.000000e+00
   outer loop
     vertex -9.890786e+01 -3.048761e+00  2.400000e+01
     vertex -9.882459e+01 -3.020944e+00  1.900000e+01
     vertex -9.890786e+01 -3.048761e+00  1.900000e+01
   endloop
 endfacet
 facet normal -2.906949e-01  9.568158e-01 -8.186829e-20
   outer loop
     vertex -9.890786e+01 -3.048761e+00  2.400000e+01
     vertex -9.899187e+01 -3.074284e+00  1.900000e+01
     vertex -9.899187e+01 -3.074284e+00  2.400000e+01
   endloop
 endfacet
 facet normal -3.168348e-01  9.484807e-01  0.000000e+00
   outer loop
     vertex -9.882459e+01 -3.020944e+00  2.400000e+01
     vertex -9.882459e+01 -3.020944e+00  1.900000e+01
     vertex -9.890786e+01 -3.048761e+00  2.400000e+01
   endloop
 endfacet
 facet normal -3.427362e-01  9.394317e-01  0.000000e+00
   outer loop
     vertex -9.874211e+01 -2.990853e+00  2.400000e+01
     vertex -9.874211e+01 -2.990853e+00  1.900000e+01
     vertex -9.882459e+01 -3.020944e+00  1.900000e+01
   endloop
 endfacet
 facet normal -3.427362e-01  9.394317e-01 -3.271541e-19
   outer loop
     vertex -9.874211e+01 -2.990853e+00  2.400000e+01
     vertex -9.882459e+01 -3.020944e+00  1.900000e+01
     vertex -9.882459e+01 -3.020944e+00  2.400000e+01
   endloop
 endfacet
 facet normal -3.683796e-01  9.296754e-01  0.000000e+00
   outer loop
     vertex -9.866048e+01 -2.958510e+00  2.400000e+01
     vertex -9.866048e+01 -2.958510e+00  1.900000e+01
     vertex -9.874211e+01 -2.990853e+00  1.900000e+01
   endloop
 endfacet
 facet normal -3.683796e-01  9.296754e-01  2.329816e-19
   outer loop
     vertex -9.866048e+01 -2.958510e+00  2.400000e+01
     vertex -9.874211e+01 -2.990853e+00  1.900000e+01
     vertex -9.874211e+01 -2.990853e+00  2.400000e+01
   endloop
 endfacet
 facet normal -3.937458e-01  9.192194e-01  2.421916e-19
   outer loop
     vertex -9.857978e+01 -2.923940e+00  2.400000e+01
     vertex -9.866048e+01 -2.958510e+00  1.900000e+01
     vertex -9.866048e+01 -2.958510e+00  2.400000e+01
   endloop
 endfacet
 facet normal -3.937458e-01  9.192194e-01  0.000000e+00
   outer loop
     vertex -9.857978e+01 -2.923940e+00  2.400000e+01
     vertex -9.857978e+01 -2.923940e+00  1.900000e+01
     vertex -9.866048e+01 -2.958510e+00  1.900000e+01
   endloop
 endfacet
 facet normal -4.188155e-01  9.080714e-01  7.419014e-20
   outer loop
     vertex -9.850005e+01 -2.887170e+00  2.400000e+01
     vertex -9.857978e+01 -2.923940e+00  1.900000e+01
     vertex -9.857978e+01 -2.923940e+00  2.400000e+01
   endloop
 endfacet
 facet normal -4.188155e-01  9.080714e-01  0.000000e+00
   outer loop
     vertex -9.850005e+01 -2.887170e+00  2.400000e+01
     vertex -9.850005e+01 -2.887170e+00  1.900000e+01
     vertex -9.857978e+01 -2.923940e+00  1.900000e+01
   endloop
 endfacet
 facet normal -4.435699e-01  8.962398e-01  4.745139e-19
   outer loop
     vertex -9.842137e+01 -2.848225e+00  2.400000e+01
     vertex -9.850005e+01 -2.887170e+00  1.900000e+01
     vertex -9.850005e+01 -2.887170e+00  2.400000e+01
   endloop
 endfacet
 facet normal -4.435699e-01  8.962398e-01  0.000000e+00
   outer loop
     vertex -9.842137e+01 -2.848225e+00  2.400000e+01
     vertex -9.842137e+01 -2.848225e+00  1.900000e+01
     vertex -9.850005e+01 -2.887170e+00  1.900000e+01
   endloop
 endfacet
 facet normal -4.679904e-01  8.837335e-01 -3.140344e-20
   outer loop
     vertex -9.834378e+01 -2.807137e+00  2.400000e+01
     vertex -9.842137e+01 -2.848225e+00  1.900000e+01
     vertex -9.842137e+01 -2.848225e+00  2.400000e+01
   endloop
 endfacet
 facet normal -4.679904e-01  8.837335e-01  0.000000e+00
   outer loop
     vertex -9.834378e+01 -2.807137e+00  2.400000e+01
     vertex -9.834378e+01 -2.807137e+00  1.900000e+01
     vertex -9.842137e+01 -2.848225e+00  1.900000e+01
   endloop
 endfacet
 facet normal -4.920587e-01  8.705620e-01  0.000000e+00
   outer loop
     vertex -9.826734e+01 -2.763936e+00  2.400000e+01
     vertex -9.826734e+01 -2.763936e+00  1.900000e+01
     vertex -9.834378e+01 -2.807137e+00  1.900000e+01
   endloop
 endfacet
 facet normal -4.920587e-01  8.705620e-01  3.393760e-19
   outer loop
     vertex -9.826734e+01 -2.763936e+00  2.400000e+01
     vertex -9.834378e+01 -2.807137e+00  1.900000e+01
     vertex -9.834378e+01 -2.807137e+00  2.400000e+01
   endloop
 endfacet
 facet normal -5.157565e-01  8.567352e-01  0.000000e+00
   outer loop
     vertex -9.819212e+01 -2.718654e+00  2.400000e+01
     vertex -9.819212e+01 -2.718654e+00  1.900000e+01
     vertex -9.826734e+01 -2.763936e+00  1.900000e+01
   endloop
 endfacet
 facet normal -5.157565e-01  8.567352e-01  4.411185e-19
   outer loop
     vertex -9.819212e+01 -2.718654e+00  2.400000e+01
     vertex -9.826734e+01 -2.763936e+00  1.900000e+01
     vertex -9.826734e+01 -2.763936e+00  2.400000e+01
   endloop
 endfacet
 facet normal -5.390661e-01  8.422635e-01  0.000000e+00
   outer loop
     vertex -9.811818e+01 -2.671325e+00  2.400000e+01
     vertex -9.811818e+01 -2.671325e+00  1.900000e+01
     vertex -9.819212e+01 -2.718654e+00  1.900000e+01
   endloop
 endfacet
 facet normal -5.619699e-01  8.271577e-01  0.000000e+00
   outer loop
     vertex -9.811818e+01 -2.671325e+00  2.400000e+01
     vertex -9.804555e+01 -2.621986e+00  1.900000e+01
     vertex -9.811818e+01 -2.671325e+00  1.900000e+01
   endloop
 endfacet
 facet normal -5.390661e-01  8.422635e-01  2.625435e-19
   outer loop
     vertex -9.811818e+01 -2.671325e+00  2.400000e+01
     vertex -9.819212e+01 -2.718654e+00  1.900000e+01
     vertex -9.819212e+01 -2.718654e+00  2.400000e+01
   endloop
 endfacet
 facet normal -5.619699e-01  8.271577e-01  0.000000e+00
   outer loop
     vertex -9.804555e+01 -2.621986e+00  2.400000e+01
     vertex -9.804555e+01 -2.621986e+00  1.900000e+01
     vertex -9.811818e+01 -2.671325e+00  2.400000e+01
   endloop
 endfacet
 facet normal -5.844507e-01  8.114292e-01  0.000000e+00
   outer loop
     vertex -9.797431e+01 -2.570673e+00  2.400000e+01
     vertex -9.797431e+01 -2.570673e+00  1.900000e+01
     vertex -9.804555e+01 -2.621986e+00  1.900000e+01
   endloop
 endfacet
 facet normal -6.064915e-01  7.950900e-01  0.000000e+00
   outer loop
     vertex -9.797431e+01 -2.570673e+00  2.400000e+01
     vertex -9.790451e+01 -2.517424e+00  1.900000e+01
     vertex -9.797431e+01 -2.570673e+00  1.900000e+01
   endloop
 endfacet
 facet normal -5.844507e-01  8.114292e-01 -2.134987e-19
   outer loop
     vertex -9.797431e+01 -2.570673e+00  2.400000e+01
     vertex -9.804555e+01 -2.621986e+00  1.900000e+01
     vertex -9.804555e+01 -2.621986e+00  2.400000e+01
   endloop
 endfacet
 facet normal -6.064915e-01  7.950900e-01  0.000000e+00
   outer loop
     vertex -9.790451e+01 -2.517424e+00  2.400000e+01
     vertex -9.790451e+01 -2.517424e+00  1.900000e+01
     vertex -9.797431e+01 -2.570673e+00  2.400000e+01
   endloop
 endfacet
 facet normal -6.280757e-01  7.781522e-01  0.000000e+00
   outer loop
     vertex -9.783619e+01 -2.462281e+00  2.400000e+01
     vertex -9.783619e+01 -2.462281e+00  1.900000e+01
     vertex -9.790451e+01 -2.517424e+00  1.900000e+01
   endloop
 endfacet
 facet normal -6.491872e-01  7.606287e-01  0.000000e+00
   outer loop
     vertex -9.783619e+01 -2.462281e+00  2.400000e+01
     vertex -9.776941e+01 -2.405284e+00  1.900000e+01
     vertex -9.783619e+01 -2.462281e+00  1.900000e+01
   endloop
 endfacet
 facet normal -6.280757e-01  7.781522e-01  2.773493e-19
   outer loop
     vertex -9.783619e+01 -2.462281e+00  2.400000e+01
     vertex -9.790451e+01 -2.517424e+00  1.900000e+01
     vertex -9.790451e+01 -2.517424e+00  2.400000e+01
   endloop
 endfacet
 facet normal -6.698100e-01  7.425325e-01  0.000000e+00
   outer loop
     vertex -9.776941e+01 -2.405284e+00  2.400000e+01
     vertex -9.770421e+01 -2.346477e+00  1.900000e+01
     vertex -9.776941e+01 -2.405284e+00  1.900000e+01
   endloop
 endfacet
 facet normal -6.491872e-01  7.606287e-01  0.000000e+00
   outer loop
     vertex -9.776941e+01 -2.405284e+00  2.400000e+01
     vertex -9.776941e+01 -2.405284e+00  1.900000e+01
     vertex -9.783619e+01 -2.462281e+00  2.400000e+01
   endloop
 endfacet
 facet normal -6.899286e-01  7.238775e-01  0.000000e+00
   outer loop
     vertex -9.770421e+01 -2.346477e+00  2.400000e+01
     vertex -9.764066e+01 -2.285903e+00  1.900000e+01
     vertex -9.770421e+01 -2.346477e+00  1.900000e+01
   endloop
 endfacet
 facet normal -6.698100e-01  7.425325e-01  0.000000e+00
   outer loop
     vertex -9.770421e+01 -2.346477e+00  2.400000e+01
     vertex -9.770421e+01 -2.346477e+00  1.900000e+01
     vertex -9.776941e+01 -2.405284e+00  2.400000e+01
   endloop
 endfacet
 facet normal -6.899286e-01  7.238775e-01  0.000000e+00
   outer loop
     vertex -9.764066e+01 -2.285903e+00  2.400000e+01
     vertex -9.764066e+01 -2.285903e+00  1.900000e+01
     vertex -9.770421e+01 -2.346477e+00  2.400000e+01
   endloop
 endfacet
 facet normal -7.095278e-01  7.046775e-01  0.000000e+00
   outer loop
     vertex -9.757879e+01 -2.223608e+00  2.400000e+01
     vertex -9.757879e+01 -2.223608e+00  1.900000e+01
     vertex -9.764066e+01 -2.285903e+00  1.900000e+01
   endloop
 endfacet
 facet normal -7.095278e-01  7.046775e-01  2.339623e-19
   outer loop
     vertex -9.757879e+01 -2.223608e+00  2.400000e+01
     vertex -9.764066e+01 -2.285903e+00  1.900000e+01
     vertex -9.764066e+01 -2.285903e+00  2.400000e+01
   endloop
 endfacet
 facet normal -7.285929e-01  6.849470e-01  0.000000e+00
   outer loop
     vertex -9.751865e+01 -2.159640e+00  2.400000e+01
     vertex -9.751865e+01 -2.159640e+00  1.900000e+01
     vertex -9.757879e+01 -2.223608e+00  1.900000e+01
   endloop
 endfacet
 facet normal -7.285929e-01  6.849470e-01 -5.489682e-20
   outer loop
     vertex -9.751865e+01 -2.159640e+00  2.400000e+01
     vertex -9.757879e+01 -2.223608e+00  1.900000e+01
     vertex -9.757879e+01 -2.223608e+00  2.400000e+01
   endloop
 endfacet
 facet normal -7.471095e-01  6.647010e-01  0.000000e+00
   outer loop
     vertex -9.746030e+01 -2.094046e+00  2.400000e+01
     vertex -9.746030e+01 -2.094046e+00  1.900000e+01
     vertex -9.751865e+01 -2.159640e+00  1.900000e+01
   endloop
 endfacet
 facet normal -7.650637e-01  6.439545e-01  0.000000e+00
   outer loop
     vertex -9.746030e+01 -2.094046e+00  2.400000e+01
     vertex -9.740376e+01 -2.026875e+00  1.900000e+01
     vertex -9.746030e+01 -2.094046e+00  1.900000e+01
   endloop
 endfacet
 facet normal -7.471095e-01  6.647010e-01 -2.751569e-19
   outer loop
     vertex -9.746030e+01 -2.094046e+00  2.400000e+01
     vertex -9.751865e+01 -2.159640e+00  1.900000e+01
     vertex -9.751865e+01 -2.159640e+00  2.400000e+01
   endloop
 endfacet
 facet normal -7.824421e-01  6.227234e-01  0.000000e+00
   outer loop
     vertex -9.740376e+01 -2.026875e+00  2.400000e+01
     vertex -9.734908e+01 -1.958179e+00  1.900000e+01
     vertex -9.740376e+01 -2.026875e+00  1.900000e+01
   endloop
 endfacet
 facet normal -7.650637e-01  6.439545e-01  0.000000e+00
   outer loop
     vertex -9.740376e+01 -2.026875e+00  2.400000e+01
     vertex -9.740376e+01 -2.026875e+00  1.900000e+01
     vertex -9.746030e+01 -2.094046e+00  2.400000e+01
   endloop
 endfacet
 facet normal -7.824421e-01  6.227234e-01  0.000000e+00
   outer loop
     vertex -9.734908e+01 -1.958179e+00  2.400000e+01
     vertex -9.734908e+01 -1.958179e+00  1.900000e+01
     vertex -9.740376e+01 -2.026875e+00  2.400000e+01
   endloop
 endfacet
 facet normal -7.992314e-01  6.010234e-01  0.000000e+00
   outer loop
     vertex -9.729632e+01 -1.888009e+00  2.400000e+01
     vertex -9.729632e+01 -1.888009e+00  1.900000e+01
     vertex -9.734908e+01 -1.958179e+00  1.900000e+01
   endloop
 endfacet
 facet normal -7.992314e-01  6.010234e-01  4.045852e-19
   outer loop
     vertex -9.729632e+01 -1.888009e+00  2.400000e+01
     vertex -9.734908e+01 -1.958179e+00  1.900000e+01
     vertex -9.734908e+01 -1.958179e+00  2.400000e+01
   endloop
 endfacet
 facet normal -8.154191e-01  5.788711e-01  0.000000e+00
   outer loop
     vertex -9.724549e+01 -1.816417e+00  2.400000e+01
     vertex -9.724549e+01 -1.816417e+00  1.900000e+01
     vertex -9.729632e+01 -1.888009e+00  1.900000e+01
   endloop
 endfacet
 facet normal -8.154191e-01  5.788711e-01  4.202472e-19
   outer loop
     vertex -9.724549e+01 -1.816417e+00  2.400000e+01
     vertex -9.729632e+01 -1.888009e+00  1.900000e+01
     vertex -9.729632e+01 -1.888009e+00  2.400000e+01
   endloop
 endfacet
 facet normal -8.309929e-01  5.562829e-01  0.000000e+00
   outer loop
     vertex -9.719665e+01 -1.743458e+00  2.400000e+01
     vertex -9.719665e+01 -1.743458e+00  1.900000e+01
     vertex -9.724549e+01 -1.816417e+00  1.900000e+01
   endloop
 endfacet
 facet normal -8.309929e-01  5.562829e-01  2.811995e-19
   outer loop
     vertex -9.719665e+01 -1.743458e+00  2.400000e+01
     vertex -9.724549e+01 -1.816417e+00  1.900000e+01
     vertex -9.724549e+01 -1.816417e+00  2.400000e+01
   endloop
 endfacet
 facet normal -8.459413e-01  5.332761e-01  0.000000e+00
   outer loop
     vertex -9.714983e+01 -1.669187e+00  2.400000e+01
     vertex -9.714983e+01 -1.669187e+00  1.900000e+01
     vertex -9.719665e+01 -1.743458e+00  1.900000e+01
   endloop
 endfacet
 facet normal -8.459413e-01  5.332761e-01 -3.252937e-19
   outer loop
     vertex -9.714983e+01 -1.669187e+00  2.400000e+01
     vertex -9.719665e+01 -1.743458e+00  1.900000e+01
     vertex -9.719665e+01 -1.743458e+00  2.400000e+01
   endloop
 endfacet
 facet normal -8.602528e-01  5.098678e-01  0.000000e+00
   outer loop
     vertex -9.710507e+01 -1.593659e+00  2.400000e+01
     vertex -9.710507e+01 -1.593659e+00  1.900000e+01
     vertex -9.714983e+01 -1.669187e+00  1.900000e+01
   endloop
 endfacet
 facet normal -8.602528e-01  5.098678e-01  2.742672e-19
   outer loop
     vertex -9.710507e+01 -1.593659e+00  2.400000e+01
     vertex -9.714983e+01 -1.669187e+00  1.900000e+01
     vertex -9.714983e+01 -1.669187e+00  2.400000e+01
   endloop
 endfacet
 facet normal -8.739167e-01  4.860756e-01  0.000000e+00
   outer loop
     vertex -9.706239e+01 -1.516932e+00  2.400000e+01
     vertex -9.706239e+01 -1.516932e+00  1.900000e+01
     vertex -9.710507e+01 -1.593659e+00  1.900000e+01
   endloop
 endfacet
 facet normal -8.869228e-01  4.619176e-01  0.000000e+00
   outer loop
     vertex -9.706239e+01 -1.516932e+00  2.400000e+01
     vertex -9.702184e+01 -1.439063e+00  1.900000e+01
     vertex -9.706239e+01 -1.516932e+00  1.900000e+01
   endloop
 endfacet
 facet normal -8.739167e-01  4.860756e-01 -4.515798e-19
   outer loop
     vertex -9.706239e+01 -1.516932e+00  2.400000e+01
     vertex -9.710507e+01 -1.593659e+00  1.900000e+01
     vertex -9.710507e+01 -1.593659e+00  2.400000e+01
   endloop
 endfacet
 facet normal -8.869228e-01  4.619176e-01  0.000000e+00
   outer loop
     vertex -9.702184e+01 -1.439063e+00  2.400000e+01
     vertex -9.702184e+01 -1.439063e+00  1.900000e+01
     vertex -9.706239e+01 -1.516932e+00  2.400000e+01
   endloop
 endfacet
 facet normal -8.992613e-01  4.374119e-01  4.881643e-19
   outer loop
     vertex -9.698343e+01 -1.360110e+00  2.400000e+01
     vertex -9.702184e+01 -1.439063e+00  1.900000e+01
     vertex -9.702184e+01 -1.439063e+00  2.400000e+01
   endloop
 endfacet
 facet normal -8.992613e-01  4.374119e-01  0.000000e+00
   outer loop
     vertex -9.698343e+01 -1.360110e+00  2.400000e+01
     vertex -9.698343e+01 -1.360110e+00  1.900000e+01
     vertex -9.702184e+01 -1.439063e+00  1.900000e+01
   endloop
 endfacet
 facet normal -9.109228e-01  4.125769e-01 -2.484224e-19
   outer loop
     vertex -9.694721e+01 -1.280133e+00  2.400000e+01
     vertex -9.698343e+01 -1.360110e+00  1.900000e+01
     vertex -9.698343e+01 -1.360110e+00  2.400000e+01
   endloop
 endfacet
 facet normal -9.109228e-01  4.125769e-01  0.000000e+00
   outer loop
     vertex -9.694721e+01 -1.280133e+00  2.400000e+01
     vertex -9.694721e+01 -1.280133e+00  1.900000e+01
     vertex -9.698343e+01 -1.360110e+00  1.900000e+01
   endloop
 endfacet
 facet normal -9.218986e-01  3.874313e-01 -4.445236e-19
   outer loop
     vertex -9.691319e+01 -1.199193e+00  2.400000e+01
     vertex -9.694721e+01 -1.280133e+00  1.900000e+01
     vertex -9.694721e+01 -1.280133e+00  2.400000e+01
   endloop
 endfacet
 facet normal -9.218986e-01  3.874313e-01  0.000000e+00
   outer loop
     vertex -9.691319e+01 -1.199193e+00  2.400000e+01
     vertex -9.691319e+01 -1.199193e+00  1.900000e+01
     vertex -9.694721e+01 -1.280133e+00  1.900000e+01
   endloop
 endfacet
 facet normal -9.321804e-01  3.619940e-01  0.000000e+00
   outer loop
     vertex -9.691319e+01 -1.199193e+00  2.400000e+01
     vertex -9.688141e+01 -1.117351e+00  1.900000e+01
     vertex -9.691319e+01 -1.199193e+00  1.900000e+01
   endloop
 endfacet
 facet normal -9.321804e-01  3.619940e-01  0.000000e+00
   outer loop
     vertex -9.688141e+01 -1.117351e+00  2.400000e+01
     vertex -9.688141e+01 -1.117351e+00  1.900000e+01
     vertex -9.691319e+01 -1.199193e+00  2.400000e+01
   endloop
 endfacet
 facet normal -9.417605e-01  3.362843e-01  0.000000e+00
   outer loop
     vertex -9.688141e+01 -1.117351e+00  2.400000e+01
     vertex -9.685189e+01 -1.034667e+00  1.900000e+01
     vertex -9.688141e+01 -1.117351e+00  1.900000e+01
   endloop
 endfacet
 facet normal -9.417605e-01  3.362843e-01  0.000000e+00
   outer loop
     vertex -9.685189e+01 -1.034667e+00  2.400000e+01
     vertex -9.685189e+01 -1.034667e+00  1.900000e+01
     vertex -9.688141e+01 -1.117351e+00  2.400000e+01
   endloop
 endfacet
 facet normal -9.506317e-01  3.103214e-01  3.954582e-19
   outer loop
     vertex -9.682464e+01 -9.512037e-01  2.400000e+01
     vertex -9.685189e+01 -1.034667e+00  1.900000e+01
     vertex -9.685189e+01 -1.034667e+00  2.400000e+01
   endloop
 endfacet
 facet normal -9.506317e-01  3.103214e-01  0.000000e+00
   outer loop
     vertex -9.682464e+01 -9.512037e-01  2.400000e+01
     vertex -9.682464e+01 -9.512037e-01  1.900000e+01
     vertex -9.685189e+01 -1.034667e+00  1.900000e+01
   endloop
 endfacet
 facet normal -9.587873e-01  2.841250e-01 -3.690880e-19
   outer loop
     vertex -9.679970e+01 -8.670249e-01  2.400000e+01
     vertex -9.682464e+01 -9.512037e-01  1.900000e+01
     vertex -9.682464e+01 -9.512037e-01  2.400000e+01
   endloop
 endfacet
 facet normal -9.587873e-01  2.841250e-01  0.000000e+00
   outer loop
     vertex -9.679970e+01 -8.670249e-01  2.400000e+01
     vertex -9.679970e+01 -8.670249e-01  1.900000e+01
     vertex -9.682464e+01 -9.512037e-01  1.900000e+01
   endloop
 endfacet
 facet normal -9.662211e-01  2.577146e-01 -2.346314e-19
   outer loop
     vertex -9.677707e+01 -7.821934e-01  2.400000e+01
     vertex -9.679970e+01 -8.670249e-01  1.900000e+01
     vertex -9.679970e+01 -8.670249e-01  2.400000e+01
   endloop
 endfacet
 facet normal -9.662211e-01  2.577146e-01  0.000000e+00
   outer loop
     vertex -9.677707e+01 -7.821934e-01  2.400000e+01
     vertex -9.677707e+01 -7.821934e-01  1.900000e+01
     vertex -9.679970e+01 -8.670249e-01  1.900000e+01
   endloop
 endfacet
 facet normal -9.729276e-01  2.311102e-01 -1.991461e-19
   outer loop
     vertex -9.675678e+01 -6.967730e-01  2.400000e+01
     vertex -9.677707e+01 -7.821934e-01  1.900000e+01
     vertex -9.677707e+01 -7.821934e-01  2.400000e+01
   endloop
 endfacet
 facet normal -9.729276e-01  2.311102e-01  0.000000e+00
   outer loop
     vertex -9.675678e+01 -6.967730e-01  2.400000e+01
     vertex -9.675678e+01 -6.967730e-01  1.900000e+01
     vertex -9.677707e+01 -7.821934e-01  1.900000e+01
   endloop
 endfacet
 facet normal -9.789017e-01  2.043319e-01  0.000000e+00
   outer loop
     vertex -9.675678e+01 -6.967730e-01  2.400000e+01
     vertex -9.673884e+01 -6.108282e-01  1.900000e+01
     vertex -9.675678e+01 -6.967730e-01  1.900000e+01
   endloop
 endfacet
 facet normal -9.789017e-01  2.043319e-01  0.000000e+00
   outer loop
     vertex -9.673884e+01 -6.108282e-01  2.400000e+01
     vertex -9.673884e+01 -6.108282e-01  1.900000e+01
     vertex -9.675678e+01 -6.967730e-01  2.400000e+01
   endloop
 endfacet
 facet normal -9.841389e-01  1.773998e-01  2.308184e-19
   outer loop
     vertex -9.672326e+01 -5.244235e-01  2.400000e+01
     vertex -9.673884e+01 -6.108282e-01  1.900000e+01
     vertex -9.673884e+01 -6.108282e-01  2.400000e+01
   endloop
 endfacet
 facet normal -9.841389e-01  1.773998e-01  0.000000e+00
   outer loop
     vertex -9.672326e+01 -5.244235e-01  2.400000e+01
     vertex -9.672326e+01 -5.244235e-01  1.900000e+01
     vertex -9.673884e+01 -6.108282e-01  1.900000e+01
   endloop
 endfacet
 facet normal -9.886353e-01  1.503341e-01 -7.094114e-20
   outer loop
     vertex -9.671007e+01 -4.376241e-01  2.400000e+01
     vertex -9.672326e+01 -5.244235e-01  1.900000e+01
     vertex -9.672326e+01 -5.244235e-01  2.400000e+01
   endloop
 endfacet
 facet normal -9.886353e-01  1.503341e-01  0.000000e+00
   outer loop
     vertex -9.671007e+01 -4.376241e-01  2.400000e+01
     vertex -9.671007e+01 -4.376241e-01  1.900000e+01
     vertex -9.672326e+01 -5.244235e-01  1.900000e+01
   endloop
 endfacet
 facet normal -9.923874e-01  1.231552e-01 -6.753917e-20
   outer loop
     vertex -9.669925e+01 -3.504953e-01  2.400000e+01
     vertex -9.671007e+01 -4.376241e-01  1.900000e+01
     vertex -9.671007e+01 -4.376241e-01  2.400000e+01
   endloop
 endfacet
 facet normal -9.923874e-01  1.231552e-01  0.000000e+00
   outer loop
     vertex -9.669925e+01 -3.504953e-01  2.400000e+01
     vertex -9.669925e+01 -3.504953e-01  1.900000e+01
     vertex -9.671007e+01 -4.376241e-01  1.900000e+01
   endloop
 endfacet
 facet normal -9.953925e-01  9.588368e-02  0.000000e+00
   outer loop
     vertex -9.669083e+01 -2.631026e-01  2.400000e+01
     vertex -9.669083e+01 -2.631026e-01  1.900000e+01
     vertex -9.669925e+01 -3.504953e-01  1.900000e+01
   endloop
 endfacet
 facet normal -9.953925e-01  9.588368e-02 -7.176243e-20
   outer loop
     vertex -9.669083e+01 -2.631026e-01  2.400000e+01
     vertex -9.669925e+01 -3.504953e-01  1.900000e+01
     vertex -9.669925e+01 -3.504953e-01  2.400000e+01
   endloop
 endfacet
 facet normal -9.976484e-01  6.853995e-02  0.000000e+00
   outer loop
     vertex -9.668482e+01 -1.755118e-01  2.400000e+01
     vertex -9.668482e+01 -1.755118e-01  1.900000e+01
     vertex -9.669083e+01 -2.631026e-01  1.900000e+01
   endloop
 endfacet
 facet normal -9.976484e-01  6.853995e-02  2.306771e-20
   outer loop
     vertex -9.668482e+01 -1.755118e-01  2.400000e+01
     vertex -9.669083e+01 -2.631026e-01  1.900000e+01
     vertex -9.669083e+01 -2.631026e-01  2.400000e+01
   endloop
 endfacet
 facet normal -9.991532e-01  4.114462e-02  0.000000e+00
   outer loop
     vertex -9.668120e+01 -8.778895e-02  2.400000e+01
     vertex -9.668120e+01 -8.778895e-02  1.900000e+01
     vertex -9.668482e+01 -1.755118e-01  1.900000e+01
   endloop
 endfacet
 facet normal -9.991532e-01  4.114462e-02 -2.799716e-20
   outer loop
     vertex -9.668120e+01 -8.778895e-02  2.400000e+01
     vertex -9.668482e+01 -1.755118e-01  1.900000e+01
     vertex -9.668482e+01 -1.755118e-01  2.400000e+01
   endloop
 endfacet
 facet normal -9.999059e-01  1.371831e-02  5.050443e-21
   outer loop
     vertex -9.668000e+01 -7.837740e-16  2.400000e+01
     vertex -9.668120e+01 -8.778895e-02  1.900000e+01
     vertex -9.668120e+01 -8.778895e-02  2.400000e+01
   endloop
 endfacet
 facet normal -9.999059e-01  1.371831e-02  0.000000e+00
   outer loop
     vertex -9.668000e+01 -7.837740e-16  2.400000e+01
     vertex -9.668000e+01 -7.837740e-16  1.900000e+01
     vertex -9.668120e+01 -8.778895e-02  1.900000e+01
   endloop
 endfacet
 facet normal  6.150270e-01 -7.885060e-01 -1.534246e-19
   outer loop
     vertex -1.018825e+02 -3.060404e+01  2.400000e+01
     vertex -1.018133e+02 -3.055000e+01  1.900000e+01
     vertex -1.018133e+02 -3.055000e+01  2.400000e+01
   endloop
 endfacet
 facet normal  6.150270e-01 -7.885060e-01  0.000000e+00
   outer loop
     vertex -1.018825e+02 -3.060404e+01  2.400000e+01
     vertex -1.018825e+02 -3.060404e+01  1.900000e+01
     vertex -1.018133e+02 -3.055000e+01  1.900000e+01
   endloop
 endfacet
 facet normal  6.364428e-01 -7.713239e-01  0.000000e+00
   outer loop
     vertex -1.019503e+02 -3.065996e+01  2.400000e+01
     vertex -1.019503e+02 -3.065996e+01  1.900000e+01
     vertex -1.018825e+02 -3.060404e+01  1.900000e+01
   endloop
 endfacet
 facet normal  6.364428e-01 -7.713239e-01  1.790327e-19
   outer loop
     vertex -1.019503e+02 -3.065996e+01  2.400000e+01
     vertex -1.018825e+02 -3.060404e+01  1.900000e+01
     vertex -1.018825e+02 -3.060404e+01  2.400000e+01
   endloop
 endfacet
 facet normal  6.573788e-01 -7.535603e-01  0.000000e+00
   outer loop
     vertex -1.020165e+02 -3.071771e+01  2.400000e+01
     vertex -1.020165e+02 -3.071771e+01  1.900000e+01
     vertex -1.019503e+02 -3.065996e+01  1.900000e+01
   endloop
 endfacet
 facet normal  6.778192e-01 -7.352286e-01  0.000000e+00
   outer loop
     vertex -1.020165e+02 -3.071771e+01  2.400000e+01
     vertex -1.020811e+02 -3.077727e+01  1.900000e+01
     vertex -1.020165e+02 -3.071771e+01  1.900000e+01
   endloop
 endfacet
 facet normal  6.573788e-01 -7.535603e-01  3.413216e-19
   outer loop
     vertex -1.020165e+02 -3.071771e+01  2.400000e+01
     vertex -1.019503e+02 -3.065996e+01  1.900000e+01
     vertex -1.019503e+02 -3.065996e+01  2.400000e+01
   endloop
 endfacet
 facet normal  6.778192e-01 -7.352286e-01  0.000000e+00
   outer loop
     vertex -1.020811e+02 -3.077727e+01  2.400000e+01
     vertex -1.020811e+02 -3.077727e+01  1.900000e+01
     vertex -1.020165e+02 -3.071771e+01  2.400000e+01
   endloop
 endfacet
 facet normal  6.977487e-01 -7.163426e-01  0.000000e+00
   outer loop
     vertex -1.021441e+02 -3.083857e+01  2.400000e+01
     vertex -1.021441e+02 -3.083857e+01  1.900000e+01
     vertex -1.020811e+02 -3.077727e+01  1.900000e+01
   endloop
 endfacet
 facet normal  6.977487e-01 -7.163426e-01  4.449671e-19
   outer loop
     vertex -1.021441e+02 -3.083857e+01  2.400000e+01
     vertex -1.020811e+02 -3.077727e+01  1.900000e+01
     vertex -1.020811e+02 -3.077727e+01  2.400000e+01
   endloop
 endfacet
 facet normal  7.171521e-01 -6.969167e-01  0.000000e+00
   outer loop
     vertex -1.022053e+02 -3.090158e+01  2.400000e+01
     vertex -1.022053e+02 -3.090158e+01  1.900000e+01
     vertex -1.021441e+02 -3.083857e+01  1.900000e+01
   endloop
 endfacet
 facet normal  7.171521e-01 -6.969167e-01  3.268509e-19
   outer loop
     vertex -1.022053e+02 -3.090158e+01  2.400000e+01
     vertex -1.021441e+02 -3.083857e+01  1.900000e+01
     vertex -1.021441e+02 -3.083857e+01  2.400000e+01
   endloop
 endfacet
 facet normal  7.360149e-01 -6.769653e-01  0.000000e+00
   outer loop
     vertex -1.022648e+02 -3.096625e+01  2.400000e+01
     vertex -1.022648e+02 -3.096625e+01  1.900000e+01
     vertex -1.022053e+02 -3.090158e+01  1.900000e+01
   endloop
 endfacet
 facet normal  7.543229e-01 -6.565036e-01  0.000000e+00
   outer loop
     vertex -1.022648e+02 -3.096625e+01  2.400000e+01
     vertex -1.023224e+02 -3.103252e+01  1.900000e+01
     vertex -1.022648e+02 -3.096625e+01  1.900000e+01
   endloop
 endfacet
 facet normal  7.360149e-01 -6.769653e-01  1.377027e-19
   outer loop
     vertex -1.022648e+02 -3.096625e+01  2.400000e+01
     vertex -1.022053e+02 -3.090158e+01  1.900000e+01
     vertex -1.022053e+02 -3.090158e+01  2.400000e+01
   endloop
 endfacet
 facet normal  7.543229e-01 -6.565036e-01  0.000000e+00
   outer loop
     vertex -1.023224e+02 -3.103252e+01  2.400000e+01
     vertex -1.023224e+02 -3.103252e+01  1.900000e+01
     vertex -1.022648e+02 -3.096625e+01  2.400000e+01
   endloop
 endfacet
 facet normal  7.720622e-01 -6.355470e-01 -1.483258e-19
   outer loop
     vertex -1.023783e+02 -3.110036e+01  2.400000e+01
     vertex -1.023224e+02 -3.103252e+01  1.900000e+01
     vertex -1.023224e+02 -3.103252e+01  2.400000e+01
   endloop
 endfacet
 facet normal  7.720622e-01 -6.355470e-01  0.000000e+00
   outer loop
     vertex -1.023783e+02 -3.110036e+01  2.400000e+01
     vertex -1.023783e+02 -3.110036e+01  1.900000e+01
     vertex -1.023224e+02 -3.103252e+01  1.900000e+01
   endloop
 endfacet
 facet normal  7.892195e-01 -6.141113e-01 -3.731306e-19
   outer loop
     vertex -1.024322e+02 -3.116970e+01  2.400000e+01
     vertex -1.023783e+02 -3.110036e+01  1.900000e+01
     vertex -1.023783e+02 -3.110036e+01  2.400000e+01
   endloop
 endfacet
 facet normal  7.892195e-01 -6.141113e-01  0.000000e+00
   outer loop
     vertex -1.024322e+02 -3.116970e+01  2.400000e+01
     vertex -1.024322e+02 -3.116970e+01  1.900000e+01
     vertex -1.023783e+02 -3.110036e+01  1.900000e+01
   endloop
 endfacet
 facet normal  8.057818e-01 -5.922126e-01  0.000000e+00
   outer loop
     vertex -1.024843e+02 -3.124050e+01  2.400000e+01
     vertex -1.024843e+02 -3.124050e+01  1.900000e+01
     vertex -1.024322e+02 -3.116970e+01  1.900000e+01
   endloop
 endfacet
 facet normal  8.057818e-01 -5.922126e-01 -3.302752e-19
   outer loop
     vertex -1.024843e+02 -3.124050e+01  2.400000e+01
     vertex -1.024322e+02 -3.116970e+01  1.900000e+01
     vertex -1.024322e+02 -3.116970e+01  2.400000e+01
   endloop
 endfacet
 facet normal  8.217366e-01 -5.698675e-01  0.000000e+00
   outer loop
     vertex -1.025343e+02 -3.131270e+01  2.400000e+01
     vertex -1.025343e+02 -3.131270e+01  1.900000e+01
     vertex -1.024843e+02 -3.124050e+01  1.900000e+01
   endloop
 endfacet
 facet normal  8.217366e-01 -5.698675e-01  1.837521e-20
   outer loop
     vertex -1.025343e+02 -3.131270e+01  2.400000e+01
     vertex -1.024843e+02 -3.124050e+01  1.900000e+01
     vertex -1.024843e+02 -3.124050e+01  2.400000e+01
   endloop
 endfacet
 facet normal  8.370720e-01 -5.470927e-01  0.000000e+00
   outer loop
     vertex -1.025824e+02 -3.138624e+01  2.400000e+01
     vertex -1.025824e+02 -3.138624e+01  1.900000e+01
     vertex -1.025343e+02 -3.131270e+01  1.900000e+01
   endloop
 endfacet
 facet normal  8.370720e-01 -5.470927e-01  4.845646e-19
   outer loop
     vertex -1.025824e+02 -3.138624e+01  2.400000e+01
     vertex -1.025343e+02 -3.131270e+01  1.900000e+01
     vertex -1.025343e+02 -3.131270e+01  2.400000e+01
   endloop
 endfacet
 facet normal  8.517764e-01 -5.239056e-01  0.000000e+00
   outer loop
     vertex -1.026284e+02 -3.146108e+01  2.400000e+01
     vertex -1.026284e+02 -3.146108e+01  1.900000e+01
     vertex -1.025824e+02 -3.138624e+01  1.900000e+01
   endloop
 endfacet
 facet normal  8.517764e-01 -5.239056e-01 -3.732600e-19
   outer loop
     vertex -1.026284e+02 -3.146108e+01  2.400000e+01
     vertex -1.025824e+02 -3.138624e+01  1.900000e+01
     vertex -1.025824e+02 -3.138624e+01  2.400000e+01
   endloop
 endfacet
 facet normal  8.658386e-01 -5.003234e-01  0.000000e+00
   outer loop
     vertex -1.026724e+02 -3.153715e+01  2.400000e+01
     vertex -1.026724e+02 -3.153715e+01  1.900000e+01
     vertex -1.026284e+02 -3.146108e+01  1.900000e+01
   endloop
 endfacet
 facet normal  8.658386e-01 -5.003234e-01  5.233069e-20
   outer loop
     vertex -1.026724e+02 -3.153715e+01  2.400000e+01
     vertex -1.026284e+02 -3.146108e+01  1.900000e+01
     vertex -1.026284e+02 -3.146108e+01  2.400000e+01
   endloop
 endfacet
 facet normal  8.792481e-01 -4.763642e-01  0.000000e+00
   outer loop
     vertex -1.027143e+02 -3.161440e+01  2.400000e+01
     vertex -1.027143e+02 -3.161440e+01  1.900000e+01
     vertex -1.026724e+02 -3.153715e+01  1.900000e+01
   endloop
 endfacet
 facet normal  8.919948e-01 -4.520458e-01  0.000000e+00
   outer loop
     vertex -1.027143e+02 -3.161440e+01  2.400000e+01
     vertex -1.027540e+02 -3.169278e+01  1.900000e+01
     vertex -1.027143e+02 -3.161440e+01  1.900000e+01
   endloop
 endfacet
 facet normal  8.792481e-01 -4.763642e-01  1.953048e-19
   outer loop
     vertex -1.027143e+02 -3.161440e+01  2.400000e+01
     vertex -1.026724e+02 -3.153715e+01  1.900000e+01
     vertex -1.026724e+02 -3.153715e+01  2.400000e+01
   endloop
 endfacet
 facet normal  8.919948e-01 -4.520458e-01  0.000000e+00
   outer loop
     vertex -1.027540e+02 -3.169278e+01  2.400000e+01
     vertex -1.027540e+02 -3.169278e+01  1.900000e+01
     vertex -1.027143e+02 -3.161440e+01  2.400000e+01
   endloop
 endfacet
 facet normal  9.040690e-01 -4.273866e-01  0.000000e+00
   outer loop
     vertex -1.027915e+02 -3.177221e+01  2.400000e+01
     vertex -1.027915e+02 -3.177221e+01  1.900000e+01
     vertex -1.027540e+02 -3.169278e+01  1.900000e+01
   endloop
 endfacet
 facet normal  9.040690e-01 -4.273866e-01  3.199681e-19
   outer loop
     vertex -1.027915e+02 -3.177221e+01  2.400000e+01
     vertex -1.027540e+02 -3.169278e+01  1.900000e+01
     vertex -1.027540e+02 -3.169278e+01  2.400000e+01
   endloop
 endfacet
 facet normal  9.154617e-01 -4.024052e-01  0.000000e+00
   outer loop
     vertex -1.028269e+02 -3.185264e+01  2.400000e+01
     vertex -1.028269e+02 -3.185264e+01  1.900000e+01
     vertex -1.027915e+02 -3.177221e+01  1.900000e+01
   endloop
 endfacet
 facet normal  9.261642e-01 -3.771205e-01  0.000000e+00
   outer loop
     vertex -1.028269e+02 -3.185264e+01  2.400000e+01
     vertex -1.028600e+02 -3.193402e+01  1.900000e+01
     vertex -1.028269e+02 -3.185264e+01  1.900000e+01
   endloop
 endfacet
 facet normal  9.154617e-01 -4.024052e-01  1.580645e-19
   outer loop
     vertex -1.028269e+02 -3.185264e+01  2.400000e+01
     vertex -1.027915e+02 -3.177221e+01  1.900000e+01
     vertex -1.027915e+02 -3.177221e+01  2.400000e+01
   endloop
 endfacet
 facet normal  9.261642e-01 -3.771205e-01  0.000000e+00
   outer loop
     vertex -1.028600e+02 -3.193402e+01  2.400000e+01
     vertex -1.028600e+02 -3.193402e+01  1.900000e+01
     vertex -1.028269e+02 -3.185264e+01  2.400000e+01
   endloop
 endfacet
 facet normal  9.361686e-01 -3.515514e-01  0.000000e+00
   outer loop
     vertex -1.028909e+02 -3.201627e+01  2.400000e+01
     vertex -1.028909e+02 -3.201627e+01  1.900000e+01
     vertex -1.028600e+02 -3.193402e+01  1.900000e+01
   endloop
 endfacet
 facet normal  9.454672e-01 -3.257174e-01  0.000000e+00
   outer loop
     vertex -1.028909e+02 -3.201627e+01  2.400000e+01
     vertex -1.029195e+02 -3.209934e+01  1.900000e+01
     vertex -1.028909e+02 -3.201627e+01  1.900000e+01
   endloop
 endfacet
 facet normal  9.361686e-01 -3.515514e-01 -4.317318e-19
   outer loop
     vertex -1.028909e+02 -3.201627e+01  2.400000e+01
     vertex -1.028600e+02 -3.193402e+01  1.900000e+01
     vertex -1.028600e+02 -3.193402e+01  2.400000e+01
   endloop
 endfacet
 facet normal  9.540530e-01 -2.996378e-01  0.000000e+00
   outer loop
     vertex -1.029195e+02 -3.209934e+01  2.400000e+01
     vertex -1.029458e+02 -3.218316e+01  1.900000e+01
     vertex -1.029195e+02 -3.209934e+01  1.900000e+01
   endloop
 endfacet
 facet normal  9.454672e-01 -3.257174e-01  0.000000e+00
   outer loop
     vertex -1.029195e+02 -3.209934e+01  2.400000e+01
     vertex -1.029195e+02 -3.209934e+01  1.900000e+01
     vertex -1.028909e+02 -3.201627e+01  2.400000e+01
   endloop
 endfacet
 facet normal  9.540530e-01 -2.996378e-01  0.000000e+00
   outer loop
     vertex -1.029458e+02 -3.218316e+01  2.400000e+01
     vertex -1.029458e+02 -3.218316e+01  1.900000e+01
     vertex -1.029195e+02 -3.209934e+01  2.400000e+01
   endloop
 endfacet
 facet normal  9.619197e-01 -2.733323e-01  0.000000e+00
   outer loop
     vertex -1.029699e+02 -3.226768e+01  2.400000e+01
     vertex -1.029699e+02 -3.226768e+01  1.900000e+01
     vertex -1.029458e+02 -3.218316e+01  1.900000e+01
   endloop
 endfacet
 facet normal  9.619197e-01 -2.733323e-01 -3.388540e-19
   outer loop
     vertex -1.029699e+02 -3.226768e+01  2.400000e+01
     vertex -1.029458e+02 -3.218316e+01  1.900000e+01
     vertex -1.029458e+02 -3.218316e+01  2.400000e+01
   endloop
 endfacet
 facet normal  9.690611e-01 -2.468208e-01  0.000000e+00
   outer loop
     vertex -1.029915e+02 -3.235282e+01  2.400000e+01
     vertex -1.029915e+02 -3.235282e+01  1.900000e+01
     vertex -1.029699e+02 -3.226768e+01  1.900000e+01
   endloop
 endfacet
 facet normal  9.754721e-01 -2.201232e-01  0.000000e+00
   outer loop
     vertex -1.029915e+02 -3.235282e+01  2.400000e+01
     vertex -1.030109e+02 -3.243853e+01  1.900000e+01
     vertex -1.029915e+02 -3.235282e+01  1.900000e+01
   endloop
 endfacet
 facet normal  9.690611e-01 -2.468208e-01 -2.307426e-19
   outer loop
     vertex -1.029915e+02 -3.235282e+01  2.400000e+01
     vertex -1.029699e+02 -3.226768e+01  1.900000e+01
     vertex -1.029699e+02 -3.226768e+01  2.400000e+01
   endloop
 endfacet
 facet normal  9.754721e-01 -2.201232e-01  0.000000e+00
   outer loop
     vertex -1.030109e+02 -3.243853e+01  2.400000e+01
     vertex -1.030109e+02 -3.243853e+01  1.900000e+01
     vertex -1.029915e+02 -3.235282e+01  2.400000e+01
   endloop
 endfacet
 facet normal  9.811477e-01 -1.932596e-01  0.000000e+00
   outer loop
     vertex -1.030279e+02 -3.252473e+01  2.400000e+01
     vertex -1.030279e+02 -3.252473e+01  1.900000e+01
     vertex -1.030109e+02 -3.243853e+01  1.900000e+01
   endloop
 endfacet
 facet normal  9.811477e-01 -1.932596e-01 -3.492704e-20
   outer loop
     vertex -1.030279e+02 -3.252473e+01  2.400000e+01
     vertex -1.030109e+02 -3.243853e+01  1.900000e+01
     vertex -1.030109e+02 -3.243853e+01  2.400000e+01
   endloop
 endfacet
 facet normal  9.860836e-01 -1.662504e-01  0.000000e+00
   outer loop
     vertex -1.030425e+02 -3.261137e+01  2.400000e+01
     vertex -1.030425e+02 -3.261137e+01  1.900000e+01
     vertex -1.030279e+02 -3.252473e+01  1.900000e+01
   endloop
 endfacet
 facet normal  9.860836e-01 -1.662504e-01  1.213042e-19
   outer loop
     vertex -1.030425e+02 -3.261137e+01  2.400000e+01
     vertex -1.030279e+02 -3.252473e+01  1.900000e+01
     vertex -1.030279e+02 -3.252473e+01  2.400000e+01
   endloop
 endfacet
 facet normal  9.902761e-01 -1.391158e-01  0.000000e+00
   outer loop
     vertex -1.030547e+02 -3.269837e+01  2.400000e+01
     vertex -1.030547e+02 -3.269837e+01  1.900000e+01
     vertex -1.030425e+02 -3.261137e+01  1.900000e+01
   endloop
 endfacet
 facet normal  9.902761e-01 -1.391158e-01  1.741968e-19
   outer loop
     vertex -1.030547e+02 -3.269837e+01  2.400000e+01
     vertex -1.030425e+02 -3.261137e+01  1.900000e+01
     vertex -1.030425e+02 -3.261137e+01  2.400000e+01
   endloop
 endfacet
 facet normal  9.937221e-01 -1.118764e-01  0.000000e+00
   outer loop
     vertex -1.030645e+02 -3.278568e+01  2.400000e+01
     vertex -1.030645e+02 -3.278568e+01  1.900000e+01
     vertex -1.030547e+02 -3.269837e+01  1.900000e+01
   endloop
 endfacet
 facet normal  9.937221e-01 -1.118764e-01  1.196753e-19
   outer loop
     vertex -1.030645e+02 -3.278568e+01  2.400000e+01
     vertex -1.030547e+02 -3.269837e+01  1.900000e+01
     vertex -1.030547e+02 -3.269837e+01  2.400000e+01
   endloop
 endfacet
 facet normal  9.964190e-01 -8.455258e-02  0.000000e+00
   outer loop
     vertex -1.030720e+02 -3.287323e+01  2.400000e+01
     vertex -1.030720e+02 -3.287323e+01  1.900000e+01
     vertex -1.030645e+02 -3.278568e+01  1.900000e+01
   endloop
 endfacet
 facet normal  9.964190e-01 -8.455258e-02  7.743534e-20
   outer loop
     vertex -1.030720e+02 -3.287323e+01  2.400000e+01
     vertex -1.030645e+02 -3.278568e+01  1.900000e+01
     vertex -1.030645e+02 -3.278568e+01  2.400000e+01
   endloop
 endfacet
 facet normal  9.983647e-01 -5.716506e-02  0.000000e+00
   outer loop
     vertex -1.030770e+02 -3.296095e+01  2.400000e+01
     vertex -1.030770e+02 -3.296095e+01  1.900000e+01
     vertex -1.030720e+02 -3.287323e+01  1.900000e+01
   endloop
 endfacet
 facet normal  9.995578e-01 -2.973444e-02  0.000000e+00
   outer loop
     vertex -1.030770e+02 -3.296095e+01  2.400000e+01
     vertex -1.030796e+02 -3.304877e+01  1.900000e+01
     vertex -1.030770e+02 -3.296095e+01  1.900000e+01
   endloop
 endfacet
 facet normal  9.983647e-01 -5.716506e-02 -5.518272e-20
   outer loop
     vertex -1.030770e+02 -3.296095e+01  2.400000e+01
     vertex -1.030720e+02 -3.287323e+01  1.900000e+01
     vertex -1.030720e+02 -3.287323e+01  2.400000e+01
   endloop
 endfacet
 facet normal  9.995578e-01 -2.973444e-02  0.000000e+00
   outer loop
     vertex -1.030796e+02 -3.304877e+01  2.400000e+01
     vertex -1.030796e+02 -3.304877e+01  1.900000e+01
     vertex -1.030770e+02 -3.296095e+01  2.400000e+01
   endloop
 endfacet
 facet normal  9.999974e-01 -2.281405e-03 -1.243793e-21
   outer loop
     vertex -1.030798e+02 -3.313663e+01  2.400000e+01
     vertex -1.030796e+02 -3.304877e+01  1.900000e+01
     vertex -1.030796e+02 -3.304877e+01  2.400000e+01
   endloop
 endfacet
 facet normal  9.999974e-01 -2.281405e-03  0.000000e+00
   outer loop
     vertex -1.030798e+02 -3.313663e+01  2.400000e+01
     vertex -1.030798e+02 -3.313663e+01  1.900000e+01
     vertex -1.030796e+02 -3.304877e+01  1.900000e+01
   endloop
 endfacet
 facet normal  9.996831e-01  2.517335e-02  1.208945e-21
   outer loop
     vertex -1.030776e+02 -3.322446e+01  2.400000e+01
     vertex -1.030798e+02 -3.313663e+01  1.900000e+01
     vertex -1.030798e+02 -3.313663e+01  2.400000e+01
   endloop
 endfacet
 facet normal  9.996831e-01  2.517335e-02  0.000000e+00
   outer loop
     vertex -1.030776e+02 -3.322446e+01  2.400000e+01
     vertex -1.030776e+02 -3.322446e+01  1.900000e+01
     vertex -1.030798e+02 -3.313663e+01  1.900000e+01
   endloop
 endfacet
 facet normal  9.986152e-01  5.260913e-02 -6.119609e-20
   outer loop
     vertex -1.030730e+02 -3.331220e+01  2.400000e+01
     vertex -1.030776e+02 -3.322446e+01  1.900000e+01
     vertex -1.030776e+02 -3.322446e+01  2.400000e+01
   endloop
 endfacet
 facet normal  9.986152e-01  5.260913e-02  0.000000e+00
   outer loop
     vertex -1.030730e+02 -3.331220e+01  2.400000e+01
     vertex -1.030730e+02 -3.331220e+01  1.900000e+01
     vertex -1.030776e+02 -3.322446e+01  1.900000e+01
   endloop
 endfacet
 facet normal  9.967944e-01  8.000524e-02 -1.610921e-20
   outer loop
     vertex -1.030659e+02 -3.339978e+01  2.400000e+01
     vertex -1.030730e+02 -3.331220e+01  1.900000e+01
     vertex -1.030730e+02 -3.331220e+01  2.400000e+01
   endloop
 endfacet
 facet normal  9.967944e-01  8.000524e-02  0.000000e+00
   outer loop
     vertex -1.030659e+02 -3.339978e+01  2.400000e+01
     vertex -1.030659e+02 -3.339978e+01  1.900000e+01
     vertex -1.030730e+02 -3.331220e+01  1.900000e+01
   endloop
 endfacet
 facet normal  9.942223e-01  1.073410e-01  0.000000e+00
   outer loop
     vertex -1.030659e+02 -3.339978e+01  2.400000e+01
     vertex -1.030565e+02 -3.348714e+01  1.900000e+01
     vertex -1.030659e+02 -3.339978e+01  1.900000e+01
   endloop
 endfacet
 facet normal  9.942223e-01  1.073410e-01  0.000000e+00
   outer loop
     vertex -1.030565e+02 -3.348714e+01  2.400000e+01
     vertex -1.030565e+02 -3.348714e+01  1.900000e+01
     vertex -1.030659e+02 -3.339978e+01  2.400000e+01
   endloop
 endfacet
 facet normal  9.909006e-01  1.345959e-01  2.196793e-19
   outer loop
     vertex -1.030447e+02 -3.357420e+01  2.400000e+01
     vertex -1.030565e+02 -3.348714e+01  1.900000e+01
     vertex -1.030565e+02 -3.348714e+01  2.400000e+01
   endloop
 endfacet
 facet normal  9.909006e-01  1.345959e-01  0.000000e+00
   outer loop
     vertex -1.030447e+02 -3.357420e+01  2.400000e+01
     vertex -1.030447e+02 -3.357420e+01  1.900000e+01
     vertex -1.030565e+02 -3.348714e+01  1.900000e+01
   endloop
 endfacet
 facet normal  9.868319e-01  1.617493e-01  0.000000e+00
   outer loop
     vertex -1.030447e+02 -3.357420e+01  2.400000e+01
     vertex -1.030305e+02 -3.366090e+01  1.900000e+01
     vertex -1.030447e+02 -3.357420e+01  1.900000e+01
   endloop
 endfacet
 facet normal  9.868319e-01  1.617493e-01  0.000000e+00
   outer loop
     vertex -1.030305e+02 -3.366090e+01  2.400000e+01
     vertex -1.030305e+02 -3.366090e+01  1.900000e+01
     vertex -1.030447e+02 -3.357420e+01  2.400000e+01
   endloop
 endfacet
 facet normal  9.820192e-01  1.887808e-01  1.444185e-19
   outer loop
     vertex -1.030139e+02 -3.374718e+01  2.400000e+01
     vertex -1.030305e+02 -3.366090e+01  1.900000e+01
     vertex -1.030305e+02 -3.366090e+01  2.400000e+01
   endloop
 endfacet
 facet normal  9.820192e-01  1.887808e-01  0.000000e+00
   outer loop
     vertex -1.030139e+02 -3.374718e+01  2.400000e+01
     vertex -1.030139e+02 -3.374718e+01  1.900000e+01
     vertex -1.030305e+02 -3.366090e+01  1.900000e+01
   endloop
 endfacet
 facet normal  9.764663e-01  2.156700e-01  1.067766e-19
   outer loop
     vertex -1.029949e+02 -3.383298e+01  2.400000e+01
     vertex -1.030139e+02 -3.374718e+01  1.900000e+01
     vertex -1.030139e+02 -3.374718e+01  2.400000e+01
   endloop
 endfacet
 facet normal  9.764663e-01  2.156700e-01  0.000000e+00
   outer loop
     vertex -1.029949e+02 -3.383298e+01  2.400000e+01
     vertex -1.029949e+02 -3.383298e+01  1.900000e+01
     vertex -1.030139e+02 -3.374718e+01  1.900000e+01
   endloop
 endfacet
 facet normal  9.701773e-01  2.423966e-01 -4.595003e-20
   outer loop
     vertex -1.029736e+02 -3.391822e+01  2.400000e+01
     vertex -1.029949e+02 -3.383298e+01  1.900000e+01
     vertex -1.029949e+02 -3.383298e+01  2.400000e+01
   endloop
 endfacet
 facet normal  9.701773e-01  2.423966e-01  0.000000e+00
   outer loop
     vertex -1.029736e+02 -3.391822e+01  2.400000e+01
     vertex -1.029736e+02 -3.391822e+01  1.900000e+01
     vertex -1.029949e+02 -3.383298e+01  1.900000e+01
   endloop
 endfacet
 facet normal  9.631568e-01  2.689404e-01  2.969020e-19
   outer loop
     vertex -1.029500e+02 -3.400284e+01  2.400000e+01
     vertex -1.029736e+02 -3.391822e+01  1.900000e+01
     vertex -1.029736e+02 -3.391822e+01  2.400000e+01
   endloop
 endfacet
 facet normal  9.631568e-01  2.689404e-01  0.000000e+00
   outer loop
     vertex -1.029500e+02 -3.400284e+01  2.400000e+01
     vertex -1.029500e+02 -3.400284e+01  1.900000e+01
     vertex -1.029736e+02 -3.391822e+01  1.900000e+01
   endloop
 endfacet
 facet normal  9.554103e-01  2.952815e-01  0.000000e+00
   outer loop
     vertex -1.029241e+02 -3.408678e+01  2.400000e+01
     vertex -1.029241e+02 -3.408678e+01  1.900000e+01
     vertex -1.029500e+02 -3.400284e+01  1.900000e+01
   endloop
 endfacet
 facet normal  9.554103e-01  2.952815e-01 -1.425876e-19
   outer loop
     vertex -1.029241e+02 -3.408678e+01  2.400000e+01
     vertex -1.029500e+02 -3.400284e+01  1.900000e+01
     vertex -1.029500e+02 -3.400284e+01  2.400000e+01
   endloop
 endfacet
 facet normal  9.469435e-01  3.214000e-01  0.000000e+00
   outer loop
     vertex -1.028958e+02 -3.416998e+01  2.400000e+01
     vertex -1.028958e+02 -3.416998e+01  1.900000e+01
     vertex -1.029241e+02 -3.408678e+01  1.900000e+01
   endloop
 endfacet
 facet normal  9.469435e-01  3.214000e-01 -8.241097e-20
   outer loop
     vertex -1.028958e+02 -3.416998e+01  2.400000e+01
     vertex -1.029241e+02 -3.408678e+01  1.900000e+01
     vertex -1.029241e+02 -3.408678e+01  2.400000e+01
   endloop
 endfacet
 facet normal  9.377629e-01  3.472762e-01  0.000000e+00
   outer loop
     vertex -1.028653e+02 -3.425238e+01  2.400000e+01
     vertex -1.028653e+02 -3.425238e+01  1.900000e+01
     vertex -1.028958e+02 -3.416998e+01  1.900000e+01
   endloop
 endfacet
 facet normal  9.377629e-01  3.472762e-01  2.553403e-19
   outer loop
     vertex -1.028653e+02 -3.425238e+01  2.400000e+01
     vertex -1.028958e+02 -3.416998e+01  1.900000e+01
     vertex -1.028958e+02 -3.416998e+01  2.400000e+01
   endloop
 endfacet
 facet normal  9.278753e-01  3.728906e-01  0.000000e+00
   outer loop
     vertex -1.028325e+02 -3.433390e+01  2.400000e+01
     vertex -1.028325e+02 -3.433390e+01  1.900000e+01
     vertex -1.028653e+02 -3.425238e+01  1.900000e+01
   endloop
 endfacet
 facet normal  9.172882e-01  3.982239e-01  0.000000e+00
   outer loop
     vertex -1.028325e+02 -3.433390e+01  2.400000e+01
     vertex -1.027976e+02 -3.441449e+01  1.900000e+01
     vertex -1.028325e+02 -3.433390e+01  1.900000e+01
   endloop
 endfacet
 facet normal  9.278753e-01  3.728906e-01 -1.165713e-19
   outer loop
     vertex -1.028325e+02 -3.433390e+01  2.400000e+01
     vertex -1.028653e+02 -3.425238e+01  1.900000e+01
     vertex -1.028653e+02 -3.425238e+01  2.400000e+01
   endloop
 endfacet
 facet normal  9.172882e-01  3.982239e-01  0.000000e+00
   outer loop
     vertex -1.027976e+02 -3.441449e+01  2.400000e+01
     vertex -1.027976e+02 -3.441449e+01  1.900000e+01
     vertex -1.028325e+02 -3.433390e+01  2.400000e+01
   endloop
 endfacet
 facet normal  9.060096e-01  4.232570e-01  0.000000e+00
   outer loop
     vertex -1.027604e+02 -3.449410e+01  2.400000e+01
     vertex -1.027604e+02 -3.449410e+01  1.900000e+01
     vertex -1.027976e+02 -3.441449e+01  1.900000e+01
   endloop
 endfacet
 facet normal  9.060096e-01  4.232570e-01  1.748947e-19
   outer loop
     vertex -1.027604e+02 -3.449410e+01  2.400000e+01
     vertex -1.027976e+02 -3.441449e+01  1.900000e+01
     vertex -1.027976e+02 -3.441449e+01  2.400000e+01
   endloop
 endfacet
 facet normal  8.940481e-01  4.479711e-01  0.000000e+00
   outer loop
     vertex -1.027210e+02 -3.457265e+01  2.400000e+01
     vertex -1.027210e+02 -3.457265e+01  1.900000e+01
     vertex -1.027604e+02 -3.449410e+01  1.900000e+01
   endloop
 endfacet
 facet normal  8.940481e-01  4.479711e-01 -2.875821e-19
   outer loop
     vertex -1.027210e+02 -3.457265e+01  2.400000e+01
     vertex -1.027604e+02 -3.449410e+01  1.900000e+01
     vertex -1.027604e+02 -3.449410e+01  2.400000e+01
   endloop
 endfacet
 facet normal  8.814125e-01  4.723474e-01  0.000000e+00
   outer loop
     vertex -1.026795e+02 -3.465009e+01  2.400000e+01
     vertex -1.026795e+02 -3.465009e+01  1.900000e+01
     vertex -1.027210e+02 -3.457265e+01  1.900000e+01
   endloop
 endfacet
 facet normal  8.814125e-01  4.723474e-01  4.917372e-19
   outer loop
     vertex -1.026795e+02 -3.465009e+01  2.400000e+01
     vertex -1.027210e+02 -3.457265e+01  1.900000e+01
     vertex -1.027210e+02 -3.457265e+01  2.400000e+01
   endloop
 endfacet
 facet normal  8.681124e-01  4.963676e-01  0.000000e+00
   outer loop
     vertex -1.026359e+02 -3.472636e+01  2.400000e+01
     vertex -1.026359e+02 -3.472636e+01  1.900000e+01
     vertex -1.026795e+02 -3.465009e+01  1.900000e+01
   endloop
 endfacet
 facet normal  8.681124e-01  4.963676e-01  4.933208e-19
   outer loop
     vertex -1.026359e+02 -3.472636e+01  2.400000e+01
     vertex -1.026795e+02 -3.465009e+01  1.900000e+01
     vertex -1.026795e+02 -3.465009e+01  2.400000e+01
   endloop
 endfacet
 facet normal  8.541580e-01  5.200136e-01  0.000000e+00
   outer loop
     vertex -1.025902e+02 -3.480141e+01  2.400000e+01
     vertex -1.025902e+02 -3.480141e+01  1.900000e+01
     vertex -1.026359e+02 -3.472636e+01  1.900000e+01
   endloop
 endfacet
 facet normal  8.541580e-01  5.200136e-01 -3.221876e-19
   outer loop
     vertex -1.025902e+02 -3.480141e+01  2.400000e+01
     vertex -1.026359e+02 -3.472636e+01  1.900000e+01
     vertex -1.026359e+02 -3.472636e+01  2.400000e+01
   endloop
 endfacet
 facet normal  8.395596e-01  5.432676e-01  0.000000e+00
   outer loop
     vertex -1.025425e+02 -3.487517e+01  2.400000e+01
     vertex -1.025425e+02 -3.487517e+01  1.900000e+01
     vertex -1.025902e+02 -3.480141e+01  1.900000e+01
   endloop
 endfacet
 facet normal  8.395596e-01  5.432676e-01  4.680569e-19
   outer loop
     vertex -1.025425e+02 -3.487517e+01  2.400000e+01
     vertex -1.025902e+02 -3.480141e+01  1.900000e+01
     vertex -1.025902e+02 -3.480141e+01  2.400000e+01
   endloop
 endfacet
 facet normal  8.243283e-01  5.661121e-01  0.000000e+00
   outer loop
     vertex -1.024927e+02 -3.494760e+01  2.400000e+01
     vertex -1.024927e+02 -3.494760e+01  1.900000e+01
     vertex -1.025425e+02 -3.487517e+01  1.900000e+01
   endloop
 endfacet
 facet normal  8.084755e-01  5.885298e-01  0.000000e+00
   outer loop
     vertex -1.024927e+02 -3.494760e+01  2.400000e+01
     vertex -1.024410e+02 -3.501863e+01  1.900000e+01
     vertex -1.024927e+02 -3.494760e+01  1.900000e+01
   endloop
 endfacet
 facet normal  8.243283e-01  5.661121e-01 -3.889734e-19
   outer loop
     vertex -1.024927e+02 -3.494760e+01  2.400000e+01
     vertex -1.025425e+02 -3.487517e+01  1.900000e+01
     vertex -1.025425e+02 -3.487517e+01  2.400000e+01
   endloop
 endfacet
 facet normal  8.084755e-01  5.885298e-01  0.000000e+00
   outer loop
     vertex -1.024410e+02 -3.501863e+01  2.400000e+01
     vertex -1.024410e+02 -3.501863e+01  1.900000e+01
     vertex -1.024927e+02 -3.494760e+01  2.400000e+01
   endloop
 endfacet
 facet normal  7.920133e-01  6.105038e-01  0.000000e+00
   outer loop
     vertex -1.023874e+02 -3.508822e+01  2.400000e+01
     vertex -1.023874e+02 -3.508822e+01  1.900000e+01
     vertex -1.024410e+02 -3.501863e+01  1.900000e+01
   endloop
 endfacet
 facet normal  7.920133e-01  6.105038e-01 -4.754919e-19
   outer loop
     vertex -1.023874e+02 -3.508822e+01  2.400000e+01
     vertex -1.024410e+02 -3.501863e+01  1.900000e+01
     vertex -1.024410e+02 -3.501863e+01  2.400000e+01
   endloop
 endfacet
 facet normal  7.749540e-01  6.320176e-01  0.000000e+00
   outer loop
     vertex -1.023319e+02 -3.515631e+01  2.400000e+01
     vertex -1.023319e+02 -3.515631e+01  1.900000e+01
     vertex -1.023874e+02 -3.508822e+01  1.900000e+01
   endloop
 endfacet
 facet normal  7.749540e-01  6.320176e-01 -3.835000e-19
   outer loop
     vertex -1.023319e+02 -3.515631e+01  2.400000e+01
     vertex -1.023874e+02 -3.508822e+01  1.900000e+01
     vertex -1.023874e+02 -3.508822e+01  2.400000e+01
   endloop
 endfacet
 facet normal  7.573105e-01  6.530549e-01 -3.231203e-19
   outer loop
     vertex -1.022745e+02 -3.522285e+01  2.400000e+01
     vertex -1.023319e+02 -3.515631e+01  1.900000e+01
     vertex -1.023319e+02 -3.515631e+01  2.400000e+01
   endloop
 endfacet
 facet normal  7.573105e-01  6.530549e-01  0.000000e+00
   outer loop
     vertex -1.022745e+02 -3.522285e+01  2.400000e+01
     vertex -1.022745e+02 -3.522285e+01  1.900000e+01
     vertex -1.023319e+02 -3.515631e+01  1.900000e+01
   endloop
 endfacet
 facet normal  7.390961e-01  6.736000e-01 -1.084990e-19
   outer loop
     vertex -1.022153e+02 -3.528779e+01  2.400000e+01
     vertex -1.022745e+02 -3.522285e+01  1.900000e+01
     vertex -1.022745e+02 -3.522285e+01  2.400000e+01
   endloop
 endfacet
 facet normal  7.390961e-01  6.736000e-01  0.000000e+00
   outer loop
     vertex -1.022153e+02 -3.528779e+01  2.400000e+01
     vertex -1.022153e+02 -3.528779e+01  1.900000e+01
     vertex -1.022745e+02 -3.522285e+01  1.900000e+01
   endloop
 endfacet
 facet normal  7.203246e-01  6.936372e-01  2.190460e-19
   outer loop
     vertex -1.021543e+02 -3.535107e+01  2.400000e+01
     vertex -1.022153e+02 -3.528779e+01  1.900000e+01
     vertex -1.022153e+02 -3.528779e+01  2.400000e+01
   endloop
 endfacet
 facet normal  7.203246e-01  6.936372e-01  0.000000e+00
   outer loop
     vertex -1.021543e+02 -3.535107e+01  2.400000e+01
     vertex -1.021543e+02 -3.535107e+01  1.900000e+01
     vertex -1.022153e+02 -3.528779e+01  1.900000e+01
   endloop
 endfacet
 facet normal  7.010099e-01  7.131515e-01  4.726931e-19
   outer loop
     vertex -1.020917e+02 -3.541267e+01  2.400000e+01
     vertex -1.021543e+02 -3.535107e+01  1.900000e+01
     vertex -1.021543e+02 -3.535107e+01  2.400000e+01
   endloop
 endfacet
 facet normal  7.010099e-01  7.131515e-01  0.000000e+00
   outer loop
     vertex -1.020917e+02 -3.541267e+01  2.400000e+01
     vertex -1.020917e+02 -3.541267e+01  1.900000e+01
     vertex -1.021543e+02 -3.535107e+01  1.900000e+01
   endloop
 endfacet
 facet normal  6.811669e-01  7.321282e-01  4.251851e-19
   outer loop
     vertex -1.020274e+02 -3.547251e+01  2.400000e+01
     vertex -1.020917e+02 -3.541267e+01  1.900000e+01
     vertex -1.020917e+02 -3.541267e+01  2.400000e+01
   endloop
 endfacet
 facet normal  6.811669e-01  7.321282e-01  0.000000e+00
   outer loop
     vertex -1.020274e+02 -3.547251e+01  2.400000e+01
     vertex -1.020274e+02 -3.547251e+01  1.900000e+01
     vertex -1.020917e+02 -3.541267e+01  1.900000e+01
   endloop
 endfacet
 facet normal  6.608103e-01  7.505530e-01 -1.141823e-19
   outer loop
     vertex -1.019614e+02 -3.553057e+01  2.400000e+01
     vertex -1.020274e+02 -3.547251e+01  1.900000e+01
     vertex -1.020274e+02 -3.547251e+01  2.400000e+01
   endloop
 endfacet
 facet normal  6.608103e-01  7.505530e-01  0.000000e+00
   outer loop
     vertex -1.019614e+02 -3.553057e+01  2.400000e+01
     vertex -1.019614e+02 -3.553057e+01  1.900000e+01
     vertex -1.020274e+02 -3.547251e+01  1.900000e+01
   endloop
 endfacet
 facet normal  6.399556e-01  7.684119e-01 -2.426371e-19
   outer loop
     vertex -1.018939e+02 -3.558680e+01  2.400000e+01
     vertex -1.019614e+02 -3.553057e+01  1.900000e+01
     vertex -1.019614e+02 -3.553057e+01  2.400000e+01
   endloop
 endfacet
 facet normal  6.399556e-01  7.684119e-01  0.000000e+00
   outer loop
     vertex -1.018939e+02 -3.558680e+01  2.400000e+01
     vertex -1.018939e+02 -3.558680e+01  1.900000e+01
     vertex -1.019614e+02 -3.553057e+01  1.900000e+01
   endloop
 endfacet
 facet normal  6.186184e-01  7.856916e-01  0.000000e+00
   outer loop
     vertex -1.018939e+02 -3.558680e+01  2.400000e+01
     vertex -1.018249e+02 -3.564115e+01  1.900000e+01
     vertex -1.018939e+02 -3.558680e+01  1.900000e+01
   endloop
 endfacet
 facet normal  6.186184e-01  7.856916e-01  0.000000e+00
   outer loop
     vertex -1.018249e+02 -3.564115e+01  2.400000e+01
     vertex -1.018249e+02 -3.564115e+01  1.900000e+01
     vertex -1.018939e+02 -3.558680e+01  2.400000e+01
   endloop
 endfacet
 facet normal  5.968149e-01  8.023790e-01  4.933301e-19
   outer loop
     vertex -1.017544e+02 -3.569359e+01  2.400000e+01
     vertex -1.018249e+02 -3.564115e+01  1.900000e+01
     vertex -1.018249e+02 -3.564115e+01  2.400000e+01
   endloop
 endfacet
 facet normal  5.968149e-01  8.023790e-01  0.000000e+00
   outer loop
     vertex -1.017544e+02 -3.569359e+01  2.400000e+01
     vertex -1.017544e+02 -3.569359e+01  1.900000e+01
     vertex -1.018249e+02 -3.564115e+01  1.900000e+01
   endloop
 endfacet
 facet normal  5.745614e-01  8.184615e-01 -1.753303e-19
   outer loop
     vertex -1.016825e+02 -3.574407e+01  2.400000e+01
     vertex -1.017544e+02 -3.569359e+01  1.900000e+01
     vertex -1.017544e+02 -3.569359e+01  2.400000e+01
   endloop
 endfacet
 facet normal  5.745614e-01  8.184615e-01  0.000000e+00
   outer loop
     vertex -1.016825e+02 -3.574407e+01  2.400000e+01
     vertex -1.016825e+02 -3.574407e+01  1.900000e+01
     vertex -1.017544e+02 -3.569359e+01  1.900000e+01
   endloop
 endfacet
 facet normal  5.518748e-01  8.339269e-01  0.000000e+00
   outer loop
     vertex -1.016825e+02 -3.574407e+01  2.400000e+01
     vertex -1.016092e+02 -3.579256e+01  1.900000e+01
     vertex -1.016825e+02 -3.574407e+01  1.900000e+01
   endloop
 endfacet
 facet normal  5.518748e-01  8.339269e-01  0.000000e+00
   outer loop
     vertex -1.016092e+02 -3.579256e+01  2.400000e+01
     vertex -1.016092e+02 -3.579256e+01  1.900000e+01
     vertex -1.016825e+02 -3.574407e+01  2.400000e+01
   endloop
 endfacet
 facet normal  5.287722e-01  8.487638e-01  0.000000e+00
   outer loop
     vertex -1.016092e+02 -3.579256e+01  2.400000e+01
     vertex -1.015346e+02 -3.583902e+01  1.900000e+01
     vertex -1.016092e+02 -3.579256e+01  1.900000e+01
   endloop
 endfacet
 facet normal  5.287722e-01  8.487638e-01  0.000000e+00
   outer loop
     vertex -1.015346e+02 -3.583902e+01  2.400000e+01
     vertex -1.015346e+02 -3.583902e+01  1.900000e+01
     vertex -1.016092e+02 -3.579256e+01  2.400000e+01
   endloop
 endfacet
 facet normal  5.052710e-01  8.629607e-01  0.000000e+00
   outer loop
     vertex -1.015346e+02 -3.583902e+01  2.400000e+01
     vertex -1.014588e+02 -3.588341e+01  1.900000e+01
     vertex -1.015346e+02 -3.583902e+01  1.900000e+01
   endloop
 endfacet
 facet normal  5.052710e-01  8.629607e-01  0.000000e+00
   outer loop
     vertex -1.014588e+02 -3.588341e+01  2.400000e+01
     vertex -1.014588e+02 -3.588341e+01  1.900000e+01
     vertex -1.015346e+02 -3.583902e+01  2.400000e+01
   endloop
 endfacet
 facet normal  4.813888e-01  8.765072e-01  7.281011e-20
   outer loop
     vertex -1.013818e+02 -3.592571e+01  2.400000e+01
     vertex -1.014588e+02 -3.588341e+01  1.900000e+01
     vertex -1.014588e+02 -3.588341e+01  2.400000e+01
   endloop
 endfacet
 facet normal  4.813888e-01  8.765072e-01  0.000000e+00
   outer loop
     vertex -1.013818e+02 -3.592571e+01  2.400000e+01
     vertex -1.013818e+02 -3.592571e+01  1.900000e+01
     vertex -1.014588e+02 -3.588341e+01  1.900000e+01
   endloop
 endfacet
 facet normal  4.571438e-01  8.893928e-01 -3.728738e-19
   outer loop
     vertex -1.013037e+02 -3.596587e+01  2.400000e+01
     vertex -1.013818e+02 -3.592571e+01  1.900000e+01
     vertex -1.013818e+02 -3.592571e+01  2.400000e+01
   endloop
 endfacet
 facet normal  4.571438e-01  8.893928e-01  0.000000e+00
   outer loop
     vertex -1.013037e+02 -3.596587e+01  2.400000e+01
     vertex -1.013037e+02 -3.596587e+01  1.900000e+01
     vertex -1.013818e+02 -3.592571e+01  1.900000e+01
   endloop
 endfacet
 facet normal  4.325541e-01  9.016080e-01  0.000000e+00
   outer loop
     vertex -1.013037e+02 -3.596587e+01  2.400000e+01
     vertex -1.012244e+02 -3.600388e+01  1.900000e+01
     vertex -1.013037e+02 -3.596587e+01  1.900000e+01
   endloop
 endfacet
 facet normal  4.325541e-01  9.016080e-01  0.000000e+00
   outer loop
     vertex -1.012244e+02 -3.600388e+01  2.400000e+01
     vertex -1.012244e+02 -3.600388e+01  1.900000e+01
     vertex -1.013037e+02 -3.596587e+01  2.400000e+01
   endloop
 endfacet
 facet normal  4.076384e-01  9.131435e-01  0.000000e+00
   outer loop
     vertex -1.012244e+02 -3.600388e+01  2.400000e+01
     vertex -1.011442e+02 -3.603969e+01  1.900000e+01
     vertex -1.012244e+02 -3.600388e+01  1.900000e+01
   endloop
 endfacet
 facet normal  4.076384e-01  9.131435e-01  0.000000e+00
   outer loop
     vertex -1.011442e+02 -3.603969e+01  2.400000e+01
     vertex -1.011442e+02 -3.603969e+01  1.900000e+01
     vertex -1.012244e+02 -3.600388e+01  2.400000e+01
   endloop
 endfacet
 facet normal  3.824153e-01  9.239906e-01 -9.584250e-21
   outer loop
     vertex -1.010630e+02 -3.607329e+01  2.400000e+01
     vertex -1.011442e+02 -3.603969e+01  1.900000e+01
     vertex -1.011442e+02 -3.603969e+01  2.400000e+01
   endloop
 endfacet
 facet normal  3.824153e-01  9.239906e-01  0.000000e+00
   outer loop
     vertex -1.010630e+02 -3.607329e+01  2.400000e+01
     vertex -1.010630e+02 -3.607329e+01  1.900000e+01
     vertex -1.011442e+02 -3.603969e+01  1.900000e+01
   endloop
 endfacet
 facet normal  3.569039e-01  9.341411e-01  4.644893e-19
   outer loop
     vertex -1.009809e+02 -3.610465e+01  2.400000e+01
     vertex -1.010630e+02 -3.607329e+01  1.900000e+01
     vertex -1.010630e+02 -3.607329e+01  2.400000e+01
   endloop
 endfacet
 facet normal  3.569039e-01  9.341411e-01  0.000000e+00
   outer loop
     vertex -1.009809e+02 -3.610465e+01  2.400000e+01
     vertex -1.009809e+02 -3.610465e+01  1.900000e+01
     vertex -1.010630e+02 -3.607329e+01  1.900000e+01
   endloop
 endfacet
 facet normal  3.311235e-01  9.435874e-01  0.000000e+00
   outer loop
     vertex -1.008980e+02 -3.613374e+01  2.400000e+01
     vertex -1.008980e+02 -3.613374e+01  1.900000e+01
     vertex -1.009809e+02 -3.610465e+01  1.900000e+01
   endloop
 endfacet
 facet normal  3.311235e-01  9.435874e-01 -4.508097e-19
   outer loop
     vertex -1.008980e+02 -3.613374e+01  2.400000e+01
     vertex -1.009809e+02 -3.610465e+01  1.900000e+01
     vertex -1.009809e+02 -3.610465e+01  2.400000e+01
   endloop
 endfacet
 facet normal  3.050935e-01  9.523224e-01  0.000000e+00
   outer loop
     vertex -1.008980e+02 -3.613374e+01  2.400000e+01
     vertex -1.008144e+02 -3.616055e+01  1.900000e+01
     vertex -1.008980e+02 -3.613374e+01  1.900000e+01
   endloop
 endfacet
 facet normal  3.050935e-01  9.523224e-01  0.000000e+00
   outer loop
     vertex -1.008144e+02 -3.616055e+01  2.400000e+01
     vertex -1.008144e+02 -3.616055e+01  1.900000e+01
     vertex -1.008980e+02 -3.613374e+01  2.400000e+01
   endloop
 endfacet
 facet normal  2.788335e-01  9.603395e-01  0.000000e+00
   outer loop
     vertex -1.007300e+02 -3.618505e+01  2.400000e+01
     vertex -1.007300e+02 -3.618505e+01  1.900000e+01
     vertex -1.008144e+02 -3.616055e+01  1.900000e+01
   endloop
 endfacet
 facet normal  2.788335e-01  9.603395e-01  3.802255e-20
   outer loop
     vertex -1.007300e+02 -3.618505e+01  2.400000e+01
     vertex -1.008144e+02 -3.616055e+01  1.900000e+01
     vertex -1.008144e+02 -3.616055e+01  2.400000e+01
   endloop
 endfacet
 facet normal  2.523633e-01  9.676326e-01  0.000000e+00
   outer loop
     vertex -1.006450e+02 -3.620722e+01  2.400000e+01
     vertex -1.006450e+02 -3.620722e+01  1.900000e+01
     vertex -1.007300e+02 -3.618505e+01  1.900000e+01
   endloop
 endfacet
 facet normal  2.257028e-01  9.741962e-01  0.000000e+00
   outer loop
     vertex -1.006450e+02 -3.620722e+01  2.400000e+01
     vertex -1.005594e+02 -3.622705e+01  1.900000e+01
     vertex -1.006450e+02 -3.620722e+01  1.900000e+01
   endloop
 endfacet
 facet normal  2.523633e-01  9.676326e-01  1.941395e-19
   outer loop
     vertex -1.006450e+02 -3.620722e+01  2.400000e+01
     vertex -1.007300e+02 -3.618505e+01  1.900000e+01
     vertex -1.007300e+02 -3.618505e+01  2.400000e+01
   endloop
 endfacet
 facet normal  2.257028e-01  9.741962e-01  0.000000e+00
   outer loop
     vertex -1.005594e+02 -3.622705e+01  2.400000e+01
     vertex -1.005594e+02 -3.622705e+01  1.900000e+01
     vertex -1.006450e+02 -3.620722e+01  2.400000e+01
   endloop
 endfacet
 facet normal  1.988722e-01  9.800254e-01  1.668417e-19
   outer loop
     vertex -1.004733e+02 -3.624452e+01  2.400000e+01
     vertex -1.005594e+02 -3.622705e+01  1.900000e+01
     vertex -1.005594e+02 -3.622705e+01  2.400000e+01
   endloop
 endfacet
 facet normal  1.988722e-01  9.800254e-01  0.000000e+00
   outer loop
     vertex -1.004733e+02 -3.624452e+01  2.400000e+01
     vertex -1.004733e+02 -3.624452e+01  1.900000e+01
     vertex -1.005594e+02 -3.622705e+01  1.900000e+01
   endloop
 endfacet
 facet normal  1.718916e-01  9.851159e-01 -2.334065e-19
   outer loop
     vertex -1.003867e+02 -3.625962e+01  2.400000e+01
     vertex -1.004733e+02 -3.624452e+01  1.900000e+01
     vertex -1.004733e+02 -3.624452e+01  2.400000e+01
   endloop
 endfacet
 facet normal  1.718916e-01  9.851159e-01  0.000000e+00
   outer loop
     vertex -1.003867e+02 -3.625962e+01  2.400000e+01
     vertex -1.003867e+02 -3.625962e+01  1.900000e+01
     vertex -1.004733e+02 -3.624452e+01  1.900000e+01
   endloop
 endfacet
 facet normal  1.447815e-01  9.894637e-01  8.057280e-20
   outer loop
     vertex -1.002998e+02 -3.627235e+01  2.400000e+01
     vertex -1.003867e+02 -3.625962e+01  1.900000e+01
     vertex -1.003867e+02 -3.625962e+01  2.400000e+01
   endloop
 endfacet
 facet normal  1.447815e-01  9.894637e-01  0.000000e+00
   outer loop
     vertex -1.002998e+02 -3.627235e+01  2.400000e+01
     vertex -1.002998e+02 -3.627235e+01  1.900000e+01
     vertex -1.003867e+02 -3.625962e+01  1.900000e+01
   endloop
 endfacet
 facet normal  1.175622e-01  9.930655e-01  0.000000e+00
   outer loop
     vertex -1.002998e+02 -3.627235e+01  2.400000e+01
     vertex -1.002125e+02 -3.628267e+01  1.900000e+01
     vertex -1.002998e+02 -3.627235e+01  1.900000e+01
   endloop
 endfacet
 facet normal  1.175622e-01  9.930655e-01  0.000000e+00
   outer loop
     vertex -1.002125e+02 -3.628267e+01  2.400000e+01
     vertex -1.002125e+02 -3.628267e+01  1.900000e+01
     vertex -1.002998e+02 -3.627235e+01  2.400000e+01
   endloop
 endfacet
 facet normal  9.025432e-02  9.959188e-01 -7.751974e-20
   outer loop
     vertex -1.001250e+02 -3.629060e+01  2.400000e+01
     vertex -1.002125e+02 -3.628267e+01  1.900000e+01
     vertex -1.002125e+02 -3.628267e+01  2.400000e+01
   endloop
 endfacet
 facet normal  9.025432e-02  9.959188e-01  0.000000e+00
   outer loop
     vertex -1.001250e+02 -3.629060e+01  2.400000e+01
     vertex -1.001250e+02 -3.629060e+01  1.900000e+01
     vertex -1.002125e+02 -3.628267e+01  1.900000e+01
   endloop
 endfacet
 facet normal  6.287838e-02  9.980212e-01  5.663283e-20
   outer loop
     vertex -1.000373e+02 -3.629613e+01  2.400000e+01
     vertex -1.001250e+02 -3.629060e+01  1.900000e+01
     vertex -1.001250e+02 -3.629060e+01  2.400000e+01
   endloop
 endfacet
 facet normal  6.287838e-02  9.980212e-01  0.000000e+00
   outer loop
     vertex -1.000373e+02 -3.629613e+01  2.400000e+01
     vertex -1.000373e+02 -3.629613e+01  1.900000e+01
     vertex -1.001250e+02 -3.629060e+01  1.900000e+01
   endloop
 endfacet
 facet normal  3.545504e-02  9.993713e-01 -2.089810e-20
   outer loop
     vertex -9.994954e+01 -3.629924e+01  2.400000e+01
     vertex -1.000373e+02 -3.629613e+01  1.900000e+01
     vertex -1.000373e+02 -3.629613e+01  2.400000e+01
   endloop
 endfacet
 facet normal  3.545504e-02  9.993713e-01  0.000000e+00
   outer loop
     vertex -9.994954e+01 -3.629924e+01  2.400000e+01
     vertex -9.994954e+01 -3.629924e+01  1.900000e+01
     vertex -1.000373e+02 -3.629613e+01  1.900000e+01
   endloop
 endfacet
 facet normal  8.004972e-03  9.999680e-01 -1.445577e-20
   outer loop
     vertex -9.986168e+01 -3.629995e+01  2.400000e+01
     vertex -9.994954e+01 -3.629924e+01  1.900000e+01
     vertex -9.994954e+01 -3.629924e+01  2.400000e+01
   endloop
 endfacet
 facet normal  8.004972e-03  9.999680e-01  0.000000e+00
   outer loop
     vertex -9.986168e+01 -3.629995e+01  2.400000e+01
     vertex -9.986168e+01 -3.629995e+01  1.900000e+01
     vertex -9.994954e+01 -3.629924e+01  1.900000e+01
   endloop
 endfacet
 facet normal -1.945113e-02  9.998108e-01  1.863527e-20
   outer loop
     vertex -9.977384e+01 -3.629824e+01  2.400000e+01
     vertex -9.986168e+01 -3.629995e+01  1.900000e+01
     vertex -9.986168e+01 -3.629995e+01  2.400000e+01
   endloop
 endfacet
 facet normal -1.945113e-02  9.998108e-01  0.000000e+00
   outer loop
     vertex -9.977384e+01 -3.629824e+01  2.400000e+01
     vertex -9.977384e+01 -3.629824e+01  1.900000e+01
     vertex -9.986168e+01 -3.629995e+01  1.900000e+01
   endloop
 endfacet
 facet normal -4.689257e-02  9.988999e-01  0.000000e+00
   outer loop
     vertex -9.977384e+01 -3.629824e+01  2.400000e+01
     vertex -9.968608e+01 -3.629412e+01  1.900000e+01
     vertex -9.977384e+01 -3.629824e+01  1.900000e+01
   endloop
 endfacet
 facet normal -4.689257e-02  9.988999e-01  0.000000e+00
   outer loop
     vertex -9.968608e+01 -3.629412e+01  2.400000e+01
     vertex -9.968608e+01 -3.629412e+01  1.900000e+01
     vertex -9.977384e+01 -3.629824e+01  2.400000e+01
   endloop
 endfacet
 facet normal -7.429866e-02  9.972360e-01 -5.747168e-20
   outer loop
     vertex -9.959846e+01 -3.628759e+01  2.400000e+01
     vertex -9.968608e+01 -3.629412e+01  1.900000e+01
     vertex -9.968608e+01 -3.629412e+01  2.400000e+01
   endloop
 endfacet
 facet normal -7.429866e-02  9.972360e-01  0.000000e+00
   outer loop
     vertex -9.959846e+01 -3.628759e+01  2.400000e+01
     vertex -9.959846e+01 -3.628759e+01  1.900000e+01
     vertex -9.968608e+01 -3.629412e+01  1.900000e+01
   endloop
 endfacet
 facet normal -1.016487e-01  9.948204e-01 -3.008208e-20
   outer loop
     vertex -9.951105e+01 -3.627866e+01  2.400000e+01
     vertex -9.959846e+01 -3.628759e+01  1.900000e+01
     vertex -9.959846e+01 -3.628759e+01  2.400000e+01
   endloop
 endfacet
 facet normal -1.016487e-01  9.948204e-01  0.000000e+00
   outer loop
     vertex -9.951105e+01 -3.627866e+01  2.400000e+01
     vertex -9.951105e+01 -3.627866e+01  1.900000e+01
     vertex -9.959846e+01 -3.628759e+01  1.900000e+01
   endloop
 endfacet
 facet normal -1.289222e-01  9.916547e-01  3.525420e-20
   outer loop
     vertex -9.942392e+01 -3.626733e+01  2.400000e+01
     vertex -9.951105e+01 -3.627866e+01  1.900000e+01
     vertex -9.951105e+01 -3.627866e+01  2.400000e+01
   endloop
 endfacet
 facet normal -1.289222e-01  9.916547e-01  0.000000e+00
   outer loop
     vertex -9.942392e+01 -3.626733e+01  2.400000e+01
     vertex -9.942392e+01 -3.626733e+01  1.900000e+01
     vertex -9.951105e+01 -3.627866e+01  1.900000e+01
   endloop
 endfacet
 facet normal -1.560984e-01  9.877415e-01 -2.327629e-19
   outer loop
     vertex -9.933714e+01 -3.625362e+01  2.400000e+01
     vertex -9.942392e+01 -3.626733e+01  1.900000e+01
     vertex -9.942392e+01 -3.626733e+01  2.400000e+01
   endloop
 endfacet
 facet normal -1.560984e-01  9.877415e-01  0.000000e+00
   outer loop
     vertex -9.933714e+01 -3.625362e+01  2.400000e+01
     vertex -9.933714e+01 -3.625362e+01  1.900000e+01
     vertex -9.942392e+01 -3.626733e+01  1.900000e+01
   endloop
 endfacet
 facet normal -1.831570e-01  9.830837e-01  4.935281e-20
   outer loop
     vertex -9.925077e+01 -3.623753e+01  2.400000e+01
     vertex -9.933714e+01 -3.625362e+01  1.900000e+01
     vertex -9.933714e+01 -3.625362e+01  2.400000e+01
   endloop
 endfacet
 facet normal -1.831570e-01  9.830837e-01  0.000000e+00
   outer loop
     vertex -9.925077e+01 -3.623753e+01  2.400000e+01
     vertex -9.925077e+01 -3.623753e+01  1.900000e+01
     vertex -9.933714e+01 -3.625362e+01  1.900000e+01
   endloop
 endfacet
 facet normal -2.100775e-01  9.776847e-01  0.000000e+00
   outer loop
     vertex -9.925077e+01 -3.623753e+01  2.400000e+01
     vertex -9.916487e+01 -3.621907e+01  1.900000e+01
     vertex -9.925077e+01 -3.623753e+01  1.900000e+01
   endloop
 endfacet
 facet normal -2.368397e-01  9.715487e-01  0.000000e+00
   outer loop
     vertex -9.916487e+01 -3.621907e+01  2.400000e+01
     vertex -9.907950e+01 -3.619826e+01  1.900000e+01
     vertex -9.916487e+01 -3.621907e+01  1.900000e+01
   endloop
 endfacet
 facet normal -2.100775e-01  9.776847e-01  0.000000e+00
   outer loop
     vertex -9.916487e+01 -3.621907e+01  2.400000e+01
     vertex -9.916487e+01 -3.621907e+01  1.900000e+01
     vertex -9.925077e+01 -3.623753e+01  2.400000e+01
   endloop
 endfacet
 facet normal -2.368397e-01  9.715487e-01  0.000000e+00
   outer loop
     vertex -9.907950e+01 -3.619826e+01  2.400000e+01
     vertex -9.907950e+01 -3.619826e+01  1.900000e+01
     vertex -9.916487e+01 -3.621907e+01  2.400000e+01
   endloop
 endfacet
 facet normal -2.634233e-01  9.646804e-01  0.000000e+00
   outer loop
     vertex -9.899475e+01 -3.617511e+01  2.400000e+01
     vertex -9.899475e+01 -3.617511e+01  1.900000e+01
     vertex -9.907950e+01 -3.619826e+01  1.900000e+01
   endloop
 endfacet
 facet normal -2.634233e-01  9.646804e-01  4.017778e-19
   outer loop
     vertex -9.899475e+01 -3.617511e+01  2.400000e+01
     vertex -9.907950e+01 -3.619826e+01  1.900000e+01
     vertex -9.907950e+01 -3.619826e+01  2.400000e+01
   endloop
 endfacet
 facet normal -2.898083e-01  9.570847e-01  0.000000e+00
   outer loop
     vertex -9.891066e+01 -3.614965e+01  2.400000e+01
     vertex -9.891066e+01 -3.614965e+01  1.900000e+01
     vertex -9.899475e+01 -3.617511e+01  1.900000e+01
   endloop
 endfacet
 facet normal -2.898083e-01  9.570847e-01  3.517016e-19
   outer loop
     vertex -9.891066e+01 -3.614965e+01  2.400000e+01
     vertex -9.899475e+01 -3.617511e+01  1.900000e+01
     vertex -9.899475e+01 -3.617511e+01  2.400000e+01
   endloop
 endfacet
 facet normal -3.159748e-01  9.487676e-01  0.000000e+00
   outer loop
     vertex -9.882730e+01 -3.612189e+01  2.400000e+01
     vertex -9.882730e+01 -3.612189e+01  1.900000e+01
     vertex -9.891066e+01 -3.614965e+01  1.900000e+01
   endloop
 endfacet
 facet normal -3.419031e-01  9.397352e-01  0.000000e+00
   outer loop
     vertex -9.882730e+01 -3.612189e+01  2.400000e+01
     vertex -9.874473e+01 -3.609185e+01  1.900000e+01
     vertex -9.882730e+01 -3.612189e+01  1.900000e+01
   endloop
 endfacet
 facet normal -3.159748e-01  9.487676e-01 -3.066742e-20
   outer loop
     vertex -9.882730e+01 -3.612189e+01  2.400000e+01
     vertex -9.891066e+01 -3.614965e+01  1.900000e+01
     vertex -9.891066e+01 -3.614965e+01  2.400000e+01
   endloop
 endfacet
 facet normal -3.675737e-01  9.299944e-01  0.000000e+00
   outer loop
     vertex -9.874473e+01 -3.609185e+01  2.400000e+01
     vertex -9.866302e+01 -3.605955e+01  1.900000e+01
     vertex -9.874473e+01 -3.609185e+01  1.900000e+01
   endloop
 endfacet
 facet normal -3.419031e-01  9.397352e-01  0.000000e+00
   outer loop
     vertex -9.874473e+01 -3.609185e+01  2.400000e+01
     vertex -9.874473e+01 -3.609185e+01  1.900000e+01
     vertex -9.882730e+01 -3.612189e+01  2.400000e+01
   endloop
 endfacet
 facet normal -3.675737e-01  9.299944e-01  0.000000e+00
   outer loop
     vertex -9.866302e+01 -3.605955e+01  2.400000e+01
     vertex -9.866302e+01 -3.605955e+01  1.900000e+01
     vertex -9.874473e+01 -3.609185e+01  2.400000e+01
   endloop
 endfacet
 facet normal -3.929672e-01  9.195525e-01  0.000000e+00
   outer loop
     vertex -9.858223e+01 -3.602503e+01  2.400000e+01
     vertex -9.858223e+01 -3.602503e+01  1.900000e+01
     vertex -9.866302e+01 -3.605955e+01  1.900000e+01
   endloop
 endfacet
 facet normal -4.180644e-01  9.084174e-01  0.000000e+00
   outer loop
     vertex -9.858223e+01 -3.602503e+01  2.400000e+01
     vertex -9.850241e+01 -3.598830e+01  1.900000e+01
     vertex -9.858223e+01 -3.602503e+01  1.900000e+01
   endloop
 endfacet
 facet normal -3.929672e-01  9.195525e-01 -2.822591e-20
   outer loop
     vertex -9.858223e+01 -3.602503e+01  2.400000e+01
     vertex -9.866302e+01 -3.605955e+01  1.900000e+01
     vertex -9.866302e+01 -3.605955e+01  2.400000e+01
   endloop
 endfacet
 facet normal -4.428465e-01  8.965974e-01  0.000000e+00
   outer loop
     vertex -9.850241e+01 -3.598830e+01  2.400000e+01
     vertex -9.842364e+01 -3.594939e+01  1.900000e+01
     vertex -9.850241e+01 -3.598830e+01  1.900000e+01
   endloop
 endfacet
 facet normal -4.180644e-01  9.084174e-01  0.000000e+00
   outer loop
     vertex -9.850241e+01 -3.598830e+01  2.400000e+01
     vertex -9.850241e+01 -3.598830e+01  1.900000e+01
     vertex -9.858223e+01 -3.602503e+01  2.400000e+01
   endloop
 endfacet
 facet normal -4.428465e-01  8.965974e-01  0.000000e+00
   outer loop
     vertex -9.842364e+01 -3.594939e+01  2.400000e+01
     vertex -9.842364e+01 -3.594939e+01  1.900000e+01
     vertex -9.850241e+01 -3.598830e+01  2.400000e+01
   endloop
 endfacet
 facet normal -4.672948e-01  8.841016e-01  4.323207e-19
   outer loop
     vertex -9.834596e+01 -3.590833e+01  2.400000e+01
     vertex -9.842364e+01 -3.594939e+01  1.900000e+01
     vertex -9.842364e+01 -3.594939e+01  2.400000e+01
   endloop
 endfacet
 facet normal -4.672948e-01  8.841016e-01  0.000000e+00
   outer loop
     vertex -9.834596e+01 -3.590833e+01  2.400000e+01
     vertex -9.834596e+01 -3.590833e+01  1.900000e+01
     vertex -9.842364e+01 -3.594939e+01  1.900000e+01
   endloop
 endfacet
 facet normal -4.913907e-01  8.709392e-01 -9.089351e-20
   outer loop
     vertex -9.826944e+01 -3.586516e+01  2.400000e+01
     vertex -9.834596e+01 -3.590833e+01  1.900000e+01
     vertex -9.834596e+01 -3.590833e+01  2.400000e+01
   endloop
 endfacet
 facet normal -4.913907e-01  8.709392e-01  0.000000e+00
   outer loop
     vertex -9.826944e+01 -3.586516e+01  2.400000e+01
     vertex -9.826944e+01 -3.586516e+01  1.900000e+01
     vertex -9.834596e+01 -3.590833e+01  1.900000e+01
   endloop
 endfacet
 facet normal -5.151162e-01  8.571203e-01 -2.329730e-19
   outer loop
     vertex -9.819413e+01 -3.581990e+01  2.400000e+01
     vertex -9.826944e+01 -3.586516e+01  1.900000e+01
     vertex -9.826944e+01 -3.586516e+01  2.400000e+01
   endloop
 endfacet
 facet normal -5.151162e-01  8.571203e-01  0.000000e+00
   outer loop
     vertex -9.819413e+01 -3.581990e+01  2.400000e+01
     vertex -9.819413e+01 -3.581990e+01  1.900000e+01
     vertex -9.826944e+01 -3.586516e+01  1.900000e+01
   endloop
 endfacet
 facet normal -5.384534e-01  8.426553e-01  0.000000e+00
   outer loop
     vertex -9.819413e+01 -3.581990e+01  2.400000e+01
     vertex -9.812009e+01 -3.577259e+01  1.900000e+01
     vertex -9.819413e+01 -3.581990e+01  1.900000e+01
   endloop
 endfacet
 facet normal -5.384534e-01  8.426553e-01  0.000000e+00
   outer loop
     vertex -9.812009e+01 -3.577259e+01  2.400000e+01
     vertex -9.812009e+01 -3.577259e+01  1.900000e+01
     vertex -9.819413e+01 -3.581990e+01  2.400000e+01
   endloop
 endfacet
 facet normal -5.613847e-01  8.275550e-01  6.465560e-20
   outer loop
     vertex -9.804738e+01 -3.572326e+01  2.400000e+01
     vertex -9.812009e+01 -3.577259e+01  1.900000e+01
     vertex -9.812009e+01 -3.577259e+01  2.400000e+01
   endloop
 endfacet
 facet normal -5.613847e-01  8.275550e-01  0.000000e+00
   outer loop
     vertex -9.804738e+01 -3.572326e+01  2.400000e+01
     vertex -9.804738e+01 -3.572326e+01  1.900000e+01
     vertex -9.812009e+01 -3.577259e+01  1.900000e+01
   endloop
 endfacet
 facet normal -5.838928e-01  8.118308e-01  0.000000e+00
   outer loop
     vertex -9.797606e+01 -3.567196e+01  2.400000e+01
     vertex -9.797606e+01 -3.567196e+01  1.900000e+01
     vertex -9.804738e+01 -3.572326e+01  1.900000e+01
   endloop
 endfacet
 facet normal -6.059606e-01  7.954946e-01  0.000000e+00
   outer loop
     vertex -9.797606e+01 -3.567196e+01  2.400000e+01
     vertex -9.790616e+01 -3.561872e+01  1.900000e+01
     vertex -9.797606e+01 -3.567196e+01  1.900000e+01
   endloop
 endfacet
 facet normal -5.838928e-01  8.118308e-01 -1.134598e-19
   outer loop
     vertex -9.797606e+01 -3.567196e+01  2.400000e+01
     vertex -9.804738e+01 -3.572326e+01  1.900000e+01
     vertex -9.804738e+01 -3.572326e+01  2.400000e+01
   endloop
 endfacet
 facet normal -6.059606e-01  7.954946e-01  0.000000e+00
   outer loop
     vertex -9.790616e+01 -3.561872e+01  2.400000e+01
     vertex -9.790616e+01 -3.561872e+01  1.900000e+01
     vertex -9.797606e+01 -3.567196e+01  2.400000e+01
   endloop
 endfacet
 facet normal -6.275717e-01  7.785588e-01  0.000000e+00
   outer loop
     vertex -9.783776e+01 -3.556358e+01  2.400000e+01
     vertex -9.783776e+01 -3.556358e+01  1.900000e+01
     vertex -9.790616e+01 -3.561872e+01  1.900000e+01
   endloop
 endfacet
 facet normal -6.275717e-01  7.785588e-01 -2.621357e-19
   outer loop
     vertex -9.783776e+01 -3.556358e+01  2.400000e+01
     vertex -9.790616e+01 -3.561872e+01  1.900000e+01
     vertex -9.790616e+01 -3.561872e+01  2.400000e+01
   endloop
 endfacet
 facet normal -6.487097e-01  7.610360e-01  0.000000e+00
   outer loop
     vertex -9.777089e+01 -3.550659e+01  2.400000e+01
     vertex -9.777089e+01 -3.550659e+01  1.900000e+01
     vertex -9.783776e+01 -3.556358e+01  1.900000e+01
   endloop
 endfacet
 facet normal -6.693586e-01  7.429395e-01  0.000000e+00
   outer loop
     vertex -9.777089e+01 -3.550659e+01  2.400000e+01
     vertex -9.770562e+01 -3.544778e+01  1.900000e+01
     vertex -9.777089e+01 -3.550659e+01  1.900000e+01
   endloop
 endfacet
 facet normal -6.487097e-01  7.610360e-01  1.188663e-20
   outer loop
     vertex -9.777089e+01 -3.550659e+01  2.400000e+01
     vertex -9.783776e+01 -3.556358e+01  1.900000e+01
     vertex -9.783776e+01 -3.556358e+01  2.400000e+01
   endloop
 endfacet
 facet normal -6.693586e-01  7.429395e-01  0.000000e+00
   outer loop
     vertex -9.770562e+01 -3.544778e+01  2.400000e+01
     vertex -9.770562e+01 -3.544778e+01  1.900000e+01
     vertex -9.777089e+01 -3.550659e+01  2.400000e+01
   endloop
 endfacet
 facet normal -6.895030e-01  7.242829e-01  0.000000e+00
   outer loop
     vertex -9.764198e+01 -3.538720e+01  2.400000e+01
     vertex -9.764198e+01 -3.538720e+01  1.900000e+01
     vertex -9.770562e+01 -3.544778e+01  1.900000e+01
   endloop
 endfacet
 facet normal -6.895030e-01  7.242829e-01  3.638160e-19
   outer loop
     vertex -9.764198e+01 -3.538720e+01  2.400000e+01
     vertex -9.770562e+01 -3.544778e+01  1.900000e+01
     vertex -9.770562e+01 -3.544778e+01  2.400000e+01
   endloop
 endfacet
 facet normal -7.091275e-01  7.050803e-01  0.000000e+00
   outer loop
     vertex -9.758003e+01 -3.532489e+01  2.400000e+01
     vertex -9.758003e+01 -3.532489e+01  1.900000e+01
     vertex -9.764198e+01 -3.538720e+01  1.900000e+01
   endloop
 endfacet
 facet normal -7.091275e-01  7.050803e-01  2.178938e-19
   outer loop
     vertex -9.758003e+01 -3.532489e+01  2.400000e+01
     vertex -9.764198e+01 -3.538720e+01  1.900000e+01
     vertex -9.764198e+01 -3.538720e+01  2.400000e+01
   endloop
 endfacet
 facet normal -7.282175e-01  6.853461e-01  0.000000e+00
   outer loop
     vertex -9.751982e+01 -3.526091e+01  2.400000e+01
     vertex -9.751982e+01 -3.526091e+01  1.900000e+01
     vertex -9.758003e+01 -3.532489e+01  1.900000e+01
   endloop
 endfacet
 facet normal -7.282175e-01  6.853461e-01  2.741988e-19
   outer loop
     vertex -9.751982e+01 -3.526091e+01  2.400000e+01
     vertex -9.758003e+01 -3.532489e+01  1.900000e+01
     vertex -9.758003e+01 -3.532489e+01  2.400000e+01
   endloop
 endfacet
 facet normal -7.467584e-01  6.650954e-01  0.000000e+00
   outer loop
     vertex -9.746138e+01 -3.519530e+01  2.400000e+01
     vertex -9.746138e+01 -3.519530e+01  1.900000e+01
     vertex -9.751982e+01 -3.526091e+01  1.900000e+01
   endloop
 endfacet
 facet normal -7.467584e-01  6.650954e-01 -1.676478e-19
   outer loop
     vertex -9.746138e+01 -3.519530e+01  2.400000e+01
     vertex -9.751982e+01 -3.526091e+01  1.900000e+01
     vertex -9.751982e+01 -3.526091e+01  2.400000e+01
   endloop
 endfacet
 facet normal -7.647365e-01  6.443432e-01  0.000000e+00
   outer loop
     vertex -9.740477e+01 -3.512811e+01  2.400000e+01
     vertex -9.740477e+01 -3.512811e+01  1.900000e+01
     vertex -9.746138e+01 -3.519530e+01  1.900000e+01
   endloop
 endfacet
 facet normal -7.647365e-01  6.443432e-01  2.694970e-19
   outer loop
     vertex -9.740477e+01 -3.512811e+01  2.400000e+01
     vertex -9.746138e+01 -3.519530e+01  1.900000e+01
     vertex -9.746138e+01 -3.519530e+01  2.400000e+01
   endloop
 endfacet
 facet normal -7.821380e-01  6.231053e-01  0.000000e+00
   outer loop
     vertex -9.735002e+01 -3.505939e+01  2.400000e+01
     vertex -9.735002e+01 -3.505939e+01  1.900000e+01
     vertex -9.740477e+01 -3.512811e+01  1.900000e+01
   endloop
 endfacet
 facet normal -7.821380e-01  6.231053e-01  2.768834e-19
   outer loop
     vertex -9.735002e+01 -3.505939e+01  2.400000e+01
     vertex -9.740477e+01 -3.512811e+01  1.900000e+01
     vertex -9.740477e+01 -3.512811e+01  2.400000e+01
   endloop
 endfacet
 facet normal -7.989499e-01  6.013976e-01  0.000000e+00
   outer loop
     vertex -9.729718e+01 -3.498919e+01  2.400000e+01
     vertex -9.729718e+01 -3.498919e+01  1.900000e+01
     vertex -9.735002e+01 -3.505939e+01  1.900000e+01
   endloop
 endfacet
 facet normal -8.151595e-01  5.792366e-01  0.000000e+00
   outer loop
     vertex -9.729718e+01 -3.498919e+01  2.400000e+01
     vertex -9.724629e+01 -3.491757e+01  1.900000e+01
     vertex -9.729718e+01 -3.498919e+01  1.900000e+01
   endloop
 endfacet
 facet normal -7.989499e-01  6.013976e-01 -3.842726e-19
   outer loop
     vertex -9.729718e+01 -3.498919e+01  2.400000e+01
     vertex -9.735002e+01 -3.505939e+01  1.900000e+01
     vertex -9.735002e+01 -3.505939e+01  2.400000e+01
   endloop
 endfacet
 facet normal -8.151595e-01  5.792366e-01  0.000000e+00
   outer loop
     vertex -9.724629e+01 -3.491757e+01  2.400000e+01
     vertex -9.724629e+01 -3.491757e+01  1.900000e+01
     vertex -9.729718e+01 -3.498919e+01  2.400000e+01
   endloop
 endfacet
 facet normal -8.307546e-01  5.566389e-01  0.000000e+00
   outer loop
     vertex -9.719738e+01 -3.484458e+01  2.400000e+01
     vertex -9.719738e+01 -3.484458e+01  1.900000e+01
     vertex -9.724629e+01 -3.491757e+01  1.900000e+01
   endloop
 endfacet
 facet normal -8.307546e-01  5.566389e-01  3.912611e-19
   outer loop
     vertex -9.719738e+01 -3.484458e+01  2.400000e+01
     vertex -9.724629e+01 -3.491757e+01  1.900000e+01
     vertex -9.724629e+01 -3.491757e+01  2.400000e+01
   endloop
 endfacet
 facet normal -8.457234e-01  5.336216e-01  0.000000e+00
   outer loop
     vertex -9.715050e+01 -3.477028e+01  2.400000e+01
     vertex -9.715050e+01 -3.477028e+01  1.900000e+01
     vertex -9.719738e+01 -3.484458e+01  1.900000e+01
   endloop
 endfacet
 facet normal -8.600546e-01  5.102020e-01  0.000000e+00
   outer loop
     vertex -9.715050e+01 -3.477028e+01  2.400000e+01
     vertex -9.710567e+01 -3.469471e+01  1.900000e+01
     vertex -9.715050e+01 -3.477028e+01  1.900000e+01
   endloop
 endfacet
 facet normal -8.457234e-01  5.336216e-01 -3.326601e-19
   outer loop
     vertex -9.715050e+01 -3.477028e+01  2.400000e+01
     vertex -9.719738e+01 -3.484458e+01  1.900000e+01
     vertex -9.719738e+01 -3.484458e+01  2.400000e+01
   endloop
 endfacet
 facet normal -8.600546e-01  5.102020e-01  0.000000e+00
   outer loop
     vertex -9.710567e+01 -3.469471e+01  2.400000e+01
     vertex -9.710567e+01 -3.469471e+01  1.900000e+01
     vertex -9.715050e+01 -3.477028e+01  2.400000e+01
   endloop
 endfacet
 facet normal -8.737375e-01  4.863977e-01  0.000000e+00
   outer loop
     vertex -9.706294e+01 -3.461794e+01  2.400000e+01
     vertex -9.706294e+01 -3.461794e+01  1.900000e+01
     vertex -9.710567e+01 -3.469471e+01  1.900000e+01
   endloop
 endfacet
 facet normal -8.737375e-01  4.863977e-01  4.830519e-19
   outer loop
     vertex -9.706294e+01 -3.461794e+01  2.400000e+01
     vertex -9.710567e+01 -3.469471e+01  1.900000e+01
     vertex -9.710567e+01 -3.469471e+01  2.400000e+01
   endloop
 endfacet
 facet normal -8.867617e-01  4.622268e-01  0.000000e+00
   outer loop
     vertex -9.702232e+01 -3.454003e+01  2.400000e+01
     vertex -9.702232e+01 -3.454003e+01  1.900000e+01
     vertex -9.706294e+01 -3.461794e+01  1.900000e+01
   endloop
 endfacet
 facet normal -8.867617e-01  4.622268e-01 -2.840924e-19
   outer loop
     vertex -9.702232e+01 -3.454003e+01  2.400000e+01
     vertex -9.706294e+01 -3.461794e+01  1.900000e+01
     vertex -9.706294e+01 -3.461794e+01  2.400000e+01
   endloop
 endfacet
 facet normal -8.991174e-01  4.377075e-01  0.000000e+00
   outer loop
     vertex -9.698387e+01 -3.446103e+01  2.400000e+01
     vertex -9.698387e+01 -3.446103e+01  1.900000e+01
     vertex -9.702232e+01 -3.454003e+01  1.900000e+01
   endloop
 endfacet
 facet normal -9.107953e-01  4.128582e-01  0.000000e+00
   outer loop
     vertex -9.698387e+01 -3.446103e+01  2.400000e+01
     vertex -9.694759e+01 -3.438101e+01  1.900000e+01
     vertex -9.698387e+01 -3.446103e+01  1.900000e+01
   endloop
 endfacet
 facet normal -8.991174e-01  4.377075e-01 -3.966010e-19
   outer loop
     vertex -9.698387e+01 -3.446103e+01  2.400000e+01
     vertex -9.702232e+01 -3.454003e+01  1.900000e+01
     vertex -9.702232e+01 -3.454003e+01  2.400000e+01
   endloop
 endfacet
 facet normal -9.107953e-01  4.128582e-01  0.000000e+00
   outer loop
     vertex -9.694759e+01 -3.438101e+01  2.400000e+01
     vertex -9.694759e+01 -3.438101e+01  1.900000e+01
     vertex -9.698387e+01 -3.446103e+01  2.400000e+01
   endloop
 endfacet
 facet normal -9.217866e-01  3.876976e-01  0.000000e+00
   outer loop
     vertex -9.691353e+01 -3.430002e+01  2.400000e+01
     vertex -9.691353e+01 -3.430002e+01  1.900000e+01
     vertex -9.694759e+01 -3.438101e+01  1.900000e+01
   endloop
 endfacet
 facet normal -9.217866e-01  3.876976e-01 -2.448490e-19
   outer loop
     vertex -9.691353e+01 -3.430002e+01  2.400000e+01
     vertex -9.694759e+01 -3.438101e+01  1.900000e+01
     vertex -9.694759e+01 -3.438101e+01  2.400000e+01
   endloop
 endfacet
 facet normal -9.320830e-01  3.622448e-01 -2.010729e-19
   outer loop
     vertex -9.688170e+01 -3.421813e+01  2.400000e+01
     vertex -9.691353e+01 -3.430002e+01  1.900000e+01
     vertex -9.691353e+01 -3.430002e+01  2.400000e+01
   endloop
 endfacet
 facet normal -9.320830e-01  3.622448e-01  0.000000e+00
   outer loop
     vertex -9.688170e+01 -3.421813e+01  2.400000e+01
     vertex -9.688170e+01 -3.421813e+01  1.900000e+01
     vertex -9.691353e+01 -3.430002e+01  1.900000e+01
   endloop
 endfacet
 facet normal -9.416767e-01  3.365189e-01 -1.932503e-19
   outer loop
     vertex -9.685214e+01 -3.413539e+01  2.400000e+01
     vertex -9.688170e+01 -3.421813e+01  1.900000e+01
     vertex -9.688170e+01 -3.421813e+01  2.400000e+01
   endloop
 endfacet
 facet normal -9.416767e-01  3.365189e-01  0.000000e+00
   outer loop
     vertex -9.685214e+01 -3.413539e+01  2.400000e+01
     vertex -9.685214e+01 -3.413539e+01  1.900000e+01
     vertex -9.688170e+01 -3.421813e+01  1.900000e+01
   endloop
 endfacet
 facet normal -9.505606e-01  3.105393e-01  1.646146e-19
   outer loop
     vertex -9.682485e+01 -3.405187e+01  2.400000e+01
     vertex -9.685214e+01 -3.413539e+01  1.900000e+01
     vertex -9.685214e+01 -3.413539e+01  2.400000e+01
   endloop
 endfacet
 facet normal -9.505606e-01  3.105393e-01  0.000000e+00
   outer loop
     vertex -9.682485e+01 -3.405187e+01  2.400000e+01
     vertex -9.682485e+01 -3.405187e+01  1.900000e+01
     vertex -9.685214e+01 -3.413539e+01  1.900000e+01
   endloop
 endfacet
 facet normal -9.587278e-01  2.843255e-01  4.328397e-19
   outer loop
     vertex -9.679987e+01 -3.396764e+01  2.400000e+01
     vertex -9.682485e+01 -3.405187e+01  1.900000e+01
     vertex -9.682485e+01 -3.405187e+01  2.400000e+01
   endloop
 endfacet
 facet normal -9.587278e-01  2.843255e-01  0.000000e+00
   outer loop
     vertex -9.679987e+01 -3.396764e+01  2.400000e+01
     vertex -9.679987e+01 -3.396764e+01  1.900000e+01
     vertex -9.682485e+01 -3.405187e+01  1.900000e+01
   endloop
 endfacet
 facet normal -9.661723e-01  2.578975e-01  4.003545e-20
   outer loop
     vertex -9.677721e+01 -3.388275e+01  2.400000e+01
     vertex -9.679987e+01 -3.396764e+01  1.900000e+01
     vertex -9.679987e+01 -3.396764e+01  2.400000e+01
   endloop
 endfacet
 facet normal -9.661723e-01  2.578975e-01  0.000000e+00
   outer loop
     vertex -9.677721e+01 -3.388275e+01  2.400000e+01
     vertex -9.677721e+01 -3.388275e+01  1.900000e+01
     vertex -9.679987e+01 -3.396764e+01  1.900000e+01
   endloop
 endfacet
 facet normal -9.728884e-01  2.312750e-01  0.000000e+00
   outer loop
     vertex -9.677721e+01 -3.388275e+01  2.400000e+01
     vertex -9.675689e+01 -3.379727e+01  1.900000e+01
     vertex -9.677721e+01 -3.388275e+01  1.900000e+01
   endloop
 endfacet
 facet normal -9.728884e-01  2.312750e-01  0.000000e+00
   outer loop
     vertex -9.675689e+01 -3.379727e+01  2.400000e+01
     vertex -9.675689e+01 -3.379727e+01  1.900000e+01
     vertex -9.677721e+01 -3.388275e+01  2.400000e+01
   endloop
 endfacet
 facet normal -9.788711e-01  2.044782e-01  2.410791e-20
   outer loop
     vertex -9.673892e+01 -3.371127e+01  2.400000e+01
     vertex -9.675689e+01 -3.379727e+01  1.900000e+01
     vertex -9.675689e+01 -3.379727e+01  2.400000e+01
   endloop
 endfacet
 facet normal -9.788711e-01  2.044782e-01  0.000000e+00
   outer loop
     vertex -9.673892e+01 -3.371127e+01  2.400000e+01
     vertex -9.673892e+01 -3.371127e+01  1.900000e+01
     vertex -9.675689e+01 -3.379727e+01  1.900000e+01
   endloop
 endfacet
 facet normal -9.841159e-01  1.775272e-01  0.000000e+00
   outer loop
     vertex -9.673892e+01 -3.371127e+01  2.400000e+01
     vertex -9.672333e+01 -3.362480e+01  1.900000e+01
     vertex -9.673892e+01 -3.371127e+01  1.900000e+01
   endloop
 endfacet
 facet normal -9.841159e-01  1.775272e-01  0.000000e+00
   outer loop
     vertex -9.672333e+01 -3.362480e+01  2.400000e+01
     vertex -9.672333e+01 -3.362480e+01  1.900000e+01
     vertex -9.673892e+01 -3.371127e+01  2.400000e+01
   endloop
 endfacet
 facet normal -9.886188e-01  1.504424e-01  0.000000e+00
   outer loop
     vertex -9.672333e+01 -3.362480e+01  2.400000e+01
     vertex -9.671011e+01 -3.353794e+01  1.900000e+01
     vertex -9.672333e+01 -3.362480e+01  1.900000e+01
   endloop
 endfacet
 facet normal -9.886188e-01  1.504424e-01  0.000000e+00
   outer loop
     vertex -9.671011e+01 -3.353794e+01  2.400000e+01
     vertex -9.671011e+01 -3.353794e+01  1.900000e+01
     vertex -9.672333e+01 -3.362480e+01  2.400000e+01
   endloop
 endfacet
 facet normal -9.923764e-01  1.232442e-01  1.095634e-19
   outer loop
     vertex -9.669928e+01 -3.345075e+01  2.400000e+01
     vertex -9.671011e+01 -3.353794e+01  1.900000e+01
     vertex -9.671011e+01 -3.353794e+01  2.400000e+01
   endloop
 endfacet
 facet normal -9.923764e-01  1.232442e-01  0.000000e+00
   outer loop
     vertex -9.669928e+01 -3.345075e+01  2.400000e+01
     vertex -9.669928e+01 -3.345075e+01  1.900000e+01
     vertex -9.671011e+01 -3.353794e+01  1.900000e+01
   endloop
 endfacet
 facet normal -9.953859e-01  9.595310e-02  8.593111e-20
   outer loop
     vertex -9.669085e+01 -3.336329e+01  2.400000e+01
     vertex -9.669928e+01 -3.345075e+01  1.900000e+01
     vertex -9.669928e+01 -3.345075e+01  2.400000e+01
   endloop
 endfacet
 facet normal -9.953859e-01  9.595310e-02  0.000000e+00
   outer loop
     vertex -9.669085e+01 -3.336329e+01  2.400000e+01
     vertex -9.669085e+01 -3.336329e+01  1.900000e+01
     vertex -9.669928e+01 -3.345075e+01  1.900000e+01
   endloop
 endfacet
 facet normal -9.976450e-01  6.858964e-02 -2.833547e-20
   outer loop
     vertex -9.668482e+01 -3.327564e+01  2.400000e+01
     vertex -9.669085e+01 -3.336329e+01  1.900000e+01
     vertex -9.669085e+01 -3.336329e+01  2.400000e+01
   endloop
 endfacet
 facet normal -9.976450e-01  6.858964e-02  0.000000e+00
   outer loop
     vertex -9.668482e+01 -3.327564e+01  2.400000e+01
     vertex -9.668482e+01 -3.327564e+01  1.900000e+01
     vertex -9.669085e+01 -3.336329e+01  1.900000e+01
   endloop
 endfacet
 facet normal -9.991520e-01  4.117448e-02  0.000000e+00
   outer loop
     vertex -9.668482e+01 -3.327564e+01  2.400000e+01
     vertex -9.668121e+01 -3.318785e+01  1.900000e+01
     vertex -9.668482e+01 -3.327564e+01  1.900000e+01
   endloop
 endfacet
 facet normal -9.991520e-01  4.117448e-02  0.000000e+00
   outer loop
     vertex -9.668121e+01 -3.318785e+01  2.400000e+01
     vertex -9.668121e+01 -3.318785e+01  1.900000e+01
     vertex -9.668482e+01 -3.327564e+01  2.400000e+01
   endloop
 endfacet
 facet normal -9.999058e-01  1.372828e-02  0.000000e+00
   outer loop
     vertex -9.668000e+01 -3.310000e+01  2.400000e+01
     vertex -9.668000e+01 -3.310000e+01  1.900000e+01
     vertex -9.668121e+01 -3.318785e+01  1.900000e+01
   endloop
 endfacet
 facet normal -9.999058e-01  1.372828e-02 -3.066395e-21
   outer loop
     vertex -9.668000e+01 -3.310000e+01  2.400000e+01
     vertex -9.668121e+01 -3.318785e+01  1.900000e+01
     vertex -9.668121e+01 -3.318785e+01  2.400000e+01
   endloop
 endfacet
 facet normal -9.999081e-01 -1.355995e-02 -0.000000e+00
   outer loop
     vertex -9.668118e+01 -3.301322e+01  2.400000e+01
     vertex -9.668118e+01 -3.301322e+01  1.900000e+01
     vertex -9.668000e+01 -3.310000e+01  1.900000e+01
   endloop
 endfacet
 facet normal -9.999081e-01 -1.355995e-02 -1.131173e-20
   outer loop
     vertex -9.668118e+01 -3.301322e+01  2.400000e+01
     vertex -9.668000e+01 -3.310000e+01  1.900000e+01
     vertex -9.668000e+01 -3.310000e+01  2.400000e+01
   endloop
 endfacet
 facet normal -9.991726e-01 -4.066988e-02 -0.000000e+00
   outer loop
     vertex -9.668471e+01 -3.292651e+01  2.400000e+01
     vertex -9.668471e+01 -3.292651e+01  1.900000e+01
     vertex -9.668118e+01 -3.301322e+01  1.900000e+01
   endloop
 endfacet
 facet normal -9.991726e-01 -4.066988e-02  2.256627e-20
   outer loop
     vertex -9.668471e+01 -3.292651e+01  2.400000e+01
     vertex -9.668118e+01 -3.301322e+01  1.900000e+01
     vertex -9.668118e+01 -3.301322e+01  2.400000e+01
   endloop
 endfacet
 facet normal -9.977023e-01 -6.774989e-02 -0.000000e+00
   outer loop
     vertex -9.669059e+01 -3.283993e+01  2.400000e+01
     vertex -9.669059e+01 -3.283993e+01  1.900000e+01
     vertex -9.668471e+01 -3.292651e+01  1.900000e+01
   endloop
 endfacet
 facet normal -9.977023e-01 -6.774989e-02 -5.279747e-20
   outer loop
     vertex -9.669059e+01 -3.283993e+01  2.400000e+01
     vertex -9.668471e+01 -3.292651e+01  1.900000e+01
     vertex -9.668471e+01 -3.292651e+01  2.400000e+01
   endloop
 endfacet
 facet normal -9.954982e-01 -9.478007e-02 -0.000000e+00
   outer loop
     vertex -9.669881e+01 -3.275354e+01  2.400000e+01
     vertex -9.669881e+01 -3.275354e+01  1.900000e+01
     vertex -9.669059e+01 -3.283993e+01  1.900000e+01
   endloop
 endfacet
 facet normal -9.925620e-01 -1.217405e-01 -0.000000e+00
   outer loop
     vertex -9.669881e+01 -3.275354e+01  2.400000e+01
     vertex -9.670938e+01 -3.266740e+01  1.900000e+01
     vertex -9.669881e+01 -3.275354e+01  1.900000e+01
   endloop
 endfacet
 facet normal -9.954982e-01 -9.478007e-02  7.213174e-20
   outer loop
     vertex -9.669881e+01 -3.275354e+01  2.400000e+01
     vertex -9.669059e+01 -3.283993e+01  1.900000e+01
     vertex -9.669059e+01 -3.283993e+01  2.400000e+01
   endloop
 endfacet
 facet normal -9.925620e-01 -1.217405e-01 -0.000000e+00
   outer loop
     vertex -9.670938e+01 -3.266740e+01  2.400000e+01
     vertex -9.670938e+01 -3.266740e+01  1.900000e+01
     vertex -9.669881e+01 -3.275354e+01  2.400000e+01
   endloop
 endfacet
 facet normal -9.888957e-01 -1.486115e-01 -0.000000e+00
   outer loop
     vertex -9.672227e+01 -3.258158e+01  2.400000e+01
     vertex -9.672227e+01 -3.258158e+01  1.900000e+01
     vertex -9.670938e+01 -3.266740e+01  1.900000e+01
   endloop
 endfacet
 facet normal -9.888957e-01 -1.486115e-01 -1.411542e-19
   outer loop
     vertex -9.672227e+01 -3.258158e+01  2.400000e+01
     vertex -9.670938e+01 -3.266740e+01  1.900000e+01
     vertex -9.670938e+01 -3.266740e+01  2.400000e+01
   endloop
 endfacet
 facet normal -9.845020e-01 -1.753731e-01 -0.000000e+00
   outer loop
     vertex -9.673749e+01 -3.249614e+01  2.400000e+01
     vertex -9.673749e+01 -3.249614e+01  1.900000e+01
     vertex -9.672227e+01 -3.258158e+01  1.900000e+01
   endloop
 endfacet
 facet normal -9.845020e-01 -1.753731e-01  1.237988e-19
   outer loop
     vertex -9.673749e+01 -3.249614e+01  2.400000e+01
     vertex -9.672227e+01 -3.258158e+01  1.900000e+01
     vertex -9.672227e+01 -3.258158e+01  2.400000e+01
   endloop
 endfacet
 facet normal -9.793843e-01 -2.020058e-01 -0.000000e+00
   outer loop
     vertex -9.675502e+01 -3.241114e+01  2.400000e+01
     vertex -9.675502e+01 -3.241114e+01  1.900000e+01
     vertex -9.673749e+01 -3.249614e+01  1.900000e+01
   endloop
 endfacet
 facet normal -9.735463e-01 -2.284898e-01 -0.000000e+00
   outer loop
     vertex -9.675502e+01 -3.241114e+01  2.400000e+01
     vertex -9.677485e+01 -3.232666e+01  1.900000e+01
     vertex -9.675502e+01 -3.241114e+01  1.900000e+01
   endloop
 endfacet
 facet normal -9.793843e-01 -2.020058e-01  8.073861e-20
   outer loop
     vertex -9.675502e+01 -3.241114e+01  2.400000e+01
     vertex -9.673749e+01 -3.249614e+01  1.900000e+01
     vertex -9.673749e+01 -3.249614e+01  2.400000e+01
   endloop
 endfacet
 facet normal -9.735463e-01 -2.284898e-01 -0.000000e+00
   outer loop
     vertex -9.677485e+01 -3.232666e+01  2.400000e+01
     vertex -9.677485e+01 -3.232666e+01  1.900000e+01
     vertex -9.675502e+01 -3.241114e+01  2.400000e+01
   endloop
 endfacet
 facet normal -9.669922e-01 -2.548059e-01 -0.000000e+00
   outer loop
     vertex -9.679697e+01 -3.224274e+01  2.400000e+01
     vertex -9.679697e+01 -3.224274e+01  1.900000e+01
     vertex -9.677485e+01 -3.232666e+01  1.900000e+01
   endloop
 endfacet
 facet normal -9.669922e-01 -2.548059e-01  1.487591e-19
   outer loop
     vertex -9.679697e+01 -3.224274e+01  2.400000e+01
     vertex -9.677485e+01 -3.232666e+01  1.900000e+01
     vertex -9.677485e+01 -3.232666e+01  2.400000e+01
   endloop
 endfacet
 facet normal -9.597269e-01 -2.809345e-01 -0.000000e+00
   outer loop
     vertex -9.682135e+01 -3.215945e+01  2.400000e+01
     vertex -9.682135e+01 -3.215945e+01  1.900000e+01
     vertex -9.679697e+01 -3.224274e+01  1.900000e+01
   endloop
 endfacet
 facet normal -9.597269e-01 -2.809345e-01  1.880534e-19
   outer loop
     vertex -9.682135e+01 -3.215945e+01  2.400000e+01
     vertex -9.679697e+01 -3.224274e+01  1.900000e+01
     vertex -9.679697e+01 -3.224274e+01  2.400000e+01
   endloop
 endfacet
 facet normal -9.517558e-01 -3.068565e-01 -4.855919e-19
   outer loop
     vertex -9.684798e+01 -3.207685e+01  2.400000e+01
     vertex -9.682135e+01 -3.215945e+01  1.900000e+01
     vertex -9.682135e+01 -3.215945e+01  2.400000e+01
   endloop
 endfacet
 facet normal -9.517558e-01 -3.068565e-01 -0.000000e+00
   outer loop
     vertex -9.684798e+01 -3.207685e+01  2.400000e+01
     vertex -9.684798e+01 -3.207685e+01  1.900000e+01
     vertex -9.682135e+01 -3.215945e+01  1.900000e+01
   endloop
 endfacet
 facet normal -9.430846e-01 -3.325528e-01 -0.000000e+00
   outer loop
     vertex -9.684798e+01 -3.207685e+01  2.400000e+01
     vertex -9.687684e+01 -3.199501e+01  1.900000e+01
     vertex -9.684798e+01 -3.207685e+01  1.900000e+01
   endloop
 endfacet
 facet normal -9.430846e-01 -3.325528e-01 -0.000000e+00
   outer loop
     vertex -9.687684e+01 -3.199501e+01  2.400000e+01
     vertex -9.687684e+01 -3.199501e+01  1.900000e+01
     vertex -9.684798e+01 -3.207685e+01  2.400000e+01
   endloop
 endfacet
 facet normal -9.337199e-01 -3.580045e-01 -0.000000e+00
   outer loop
     vertex -9.687684e+01 -3.199501e+01  2.400000e+01
     vertex -9.690791e+01 -3.191398e+01  1.900000e+01
     vertex -9.687684e+01 -3.199501e+01  1.900000e+01
   endloop
 endfacet
 facet normal -9.337199e-01 -3.580045e-01 -0.000000e+00
   outer loop
     vertex -9.690791e+01 -3.191398e+01  2.400000e+01
     vertex -9.690791e+01 -3.191398e+01  1.900000e+01
     vertex -9.687684e+01 -3.199501e+01  2.400000e+01
   endloop
 endfacet
 facet normal -9.236683e-01 -3.831929e-01 -6.009179e-20
   outer loop
     vertex -9.694116e+01 -3.183382e+01  2.400000e+01
     vertex -9.690791e+01 -3.191398e+01  1.900000e+01
     vertex -9.690791e+01 -3.191398e+01  2.400000e+01
   endloop
 endfacet
 facet normal -9.236683e-01 -3.831929e-01 -0.000000e+00
   outer loop
     vertex -9.694116e+01 -3.183382e+01  2.400000e+01
     vertex -9.694116e+01 -3.183382e+01  1.900000e+01
     vertex -9.690791e+01 -3.191398e+01  1.900000e+01
   endloop
 endfacet
 facet normal -9.129375e-01 -4.080995e-01 -0.000000e+00
   outer loop
     vertex -9.694116e+01 -3.183382e+01  2.400000e+01
     vertex -9.697658e+01 -3.175459e+01  1.900000e+01
     vertex -9.694116e+01 -3.183382e+01  1.900000e+01
   endloop
 endfacet
 facet normal -9.129375e-01 -4.080995e-01 -0.000000e+00
   outer loop
     vertex -9.697658e+01 -3.175459e+01  2.400000e+01
     vertex -9.697658e+01 -3.175459e+01  1.900000e+01
     vertex -9.694116e+01 -3.183382e+01  2.400000e+01
   endloop
 endfacet
 facet normal -9.015351e-01 -4.327059e-01  1.543742e-19
   outer loop
     vertex -9.701413e+01 -3.167635e+01  2.400000e+01
     vertex -9.697658e+01 -3.175459e+01  1.900000e+01
     vertex -9.697658e+01 -3.175459e+01  2.400000e+01
   endloop
 endfacet
 facet normal -9.015351e-01 -4.327059e-01 -0.000000e+00
   outer loop
     vertex -9.701413e+01 -3.167635e+01  2.400000e+01
     vertex -9.701413e+01 -3.167635e+01  1.900000e+01
     vertex -9.697658e+01 -3.175459e+01  1.900000e+01
   endloop
 endfacet
 facet normal -8.894697e-01 -4.569941e-01 -2.013943e-19
   outer loop
     vertex -9.705379e+01 -3.159916e+01  2.400000e+01
     vertex -9.701413e+01 -3.167635e+01  1.900000e+01
     vertex -9.701413e+01 -3.167635e+01  2.400000e+01
   endloop
 endfacet
 facet normal -8.894697e-01 -4.569941e-01 -0.000000e+00
   outer loop
     vertex -9.705379e+01 -3.159916e+01  2.400000e+01
     vertex -9.705379e+01 -3.159916e+01  1.900000e+01
     vertex -9.701413e+01 -3.167635e+01  1.900000e+01
   endloop
 endfacet
 facet normal -8.767502e-01 -4.809461e-01  2.241265e-19
   outer loop
     vertex -9.709553e+01 -3.152307e+01  2.400000e+01
     vertex -9.705379e+01 -3.159916e+01  1.900000e+01
     vertex -9.705379e+01 -3.159916e+01  2.400000e+01
   endloop
 endfacet
 facet normal -8.767502e-01 -4.809461e-01 -0.000000e+00
   outer loop
     vertex -9.709553e+01 -3.152307e+01  2.400000e+01
     vertex -9.709553e+01 -3.152307e+01  1.900000e+01
     vertex -9.705379e+01 -3.159916e+01  1.900000e+01
   endloop
 endfacet
 facet normal -8.633857e-01 -5.045444e-01  4.950830e-19
   outer loop
     vertex -9.713931e+01 -3.144814e+01  2.400000e+01
     vertex -9.709553e+01 -3.152307e+01  1.900000e+01
     vertex -9.709553e+01 -3.152307e+01  2.400000e+01
   endloop
 endfacet
 facet normal -8.633857e-01 -5.045444e-01 -0.000000e+00
   outer loop
     vertex -9.713931e+01 -3.144814e+01  2.400000e+01
     vertex -9.713931e+01 -3.144814e+01  1.900000e+01
     vertex -9.709553e+01 -3.152307e+01  1.900000e+01
   endloop
 endfacet
 facet normal -8.493863e-01 -5.277717e-01 -0.000000e+00
   outer loop
     vertex -9.713931e+01 -3.144814e+01  2.400000e+01
     vertex -9.718511e+01 -3.137443e+01  1.900000e+01
     vertex -9.713931e+01 -3.144814e+01  1.900000e+01
   endloop
 endfacet
 facet normal -8.493863e-01 -5.277717e-01 -0.000000e+00
   outer loop
     vertex -9.718511e+01 -3.137443e+01  2.400000e+01
     vertex -9.718511e+01 -3.137443e+01  1.900000e+01
     vertex -9.713931e+01 -3.144814e+01  2.400000e+01
   endloop
 endfacet
 facet normal -8.347621e-01 -5.506107e-01  2.273705e-19
   outer loop
     vertex -9.723290e+01 -3.130199e+01  2.400000e+01
     vertex -9.718511e+01 -3.137443e+01  1.900000e+01
     vertex -9.718511e+01 -3.137443e+01  2.400000e+01
   endloop
 endfacet
 facet normal -8.347621e-01 -5.506107e-01 -0.000000e+00
   outer loop
     vertex -9.723290e+01 -3.130199e+01  2.400000e+01
     vertex -9.723290e+01 -3.130199e+01  1.900000e+01
     vertex -9.718511e+01 -3.137443e+01  1.900000e+01
   endloop
 endfacet
 facet normal -8.195240e-01 -5.730448e-01 -3.815082e-19
   outer loop
     vertex -9.728263e+01 -3.123086e+01  2.400000e+01
     vertex -9.723290e+01 -3.130199e+01  1.900000e+01
     vertex -9.723290e+01 -3.130199e+01  2.400000e+01
   endloop
 endfacet
 facet normal -8.195240e-01 -5.730448e-01 -0.000000e+00
   outer loop
     vertex -9.728263e+01 -3.123086e+01  2.400000e+01
     vertex -9.728263e+01 -3.123086e+01  1.900000e+01
     vertex -9.723290e+01 -3.130199e+01  1.900000e+01
   endloop
 endfacet
 facet normal -8.036832e-01 -5.950575e-01 -3.760048e-19
   outer loop
     vertex -9.733427e+01 -3.116112e+01  2.400000e+01
     vertex -9.728263e+01 -3.123086e+01  1.900000e+01
     vertex -9.728263e+01 -3.123086e+01  2.400000e+01
   endloop
 endfacet
 facet normal -8.036832e-01 -5.950575e-01 -0.000000e+00
   outer loop
     vertex -9.733427e+01 -3.116112e+01  2.400000e+01
     vertex -9.733427e+01 -3.116112e+01  1.900000e+01
     vertex -9.728263e+01 -3.123086e+01  1.900000e+01
   endloop
 endfacet
 facet normal -7.872512e-01 -6.166324e-01  4.758906e-19
   outer loop
     vertex -9.738778e+01 -3.109280e+01  2.400000e+01
     vertex -9.733427e+01 -3.116112e+01  1.900000e+01
     vertex -9.733427e+01 -3.116112e+01  2.400000e+01
   endloop
 endfacet
 facet normal -7.872512e-01 -6.166324e-01 -0.000000e+00
   outer loop
     vertex -9.738778e+01 -3.109280e+01  2.400000e+01
     vertex -9.738778e+01 -3.109280e+01  1.900000e+01
     vertex -9.733427e+01 -3.116112e+01  1.900000e+01
   endloop
 endfacet
 facet normal -7.702402e-01 -6.377539e-01  4.477057e-19
   outer loop
     vertex -9.744313e+01 -3.102595e+01  2.400000e+01
     vertex -9.738778e+01 -3.109280e+01  1.900000e+01
     vertex -9.738778e+01 -3.109280e+01  2.400000e+01
   endloop
 endfacet
 facet normal -7.702402e-01 -6.377539e-01 -0.000000e+00
   outer loop
     vertex -9.744313e+01 -3.102595e+01  2.400000e+01
     vertex -9.744313e+01 -3.102595e+01  1.900000e+01
     vertex -9.738778e+01 -3.109280e+01  1.900000e+01
   endloop
 endfacet
 facet normal -7.526627e-01 -6.584063e-01 -1.829896e-19
   outer loop
     vertex -9.750027e+01 -3.096063e+01  2.400000e+01
     vertex -9.744313e+01 -3.102595e+01  1.900000e+01
     vertex -9.744313e+01 -3.102595e+01  2.400000e+01
   endloop
 endfacet
 facet normal -7.526627e-01 -6.584063e-01 -0.000000e+00
   outer loop
     vertex -9.750027e+01 -3.096063e+01  2.400000e+01
     vertex -9.750027e+01 -3.096063e+01  1.900000e+01
     vertex -9.744313e+01 -3.102595e+01  1.900000e+01
   endloop
 endfacet
 facet normal -7.345317e-01 -6.785744e-01 -8.543308e-20
   outer loop
     vertex -9.755916e+01 -3.089689e+01  2.400000e+01
     vertex -9.750027e+01 -3.096063e+01  1.900000e+01
     vertex -9.750027e+01 -3.096063e+01  2.400000e+01
   endloop
 endfacet
 facet normal -7.345317e-01 -6.785744e-01 -0.000000e+00
   outer loop
     vertex -9.755916e+01 -3.089689e+01  2.400000e+01
     vertex -9.755916e+01 -3.089689e+01  1.900000e+01
     vertex -9.750027e+01 -3.096063e+01  1.900000e+01
   endloop
 endfacet
 facet normal -7.158604e-01 -6.982435e-01  1.233648e-19
   outer loop
     vertex -9.761976e+01 -3.083476e+01  2.400000e+01
     vertex -9.755916e+01 -3.089689e+01  1.900000e+01
     vertex -9.755916e+01 -3.089689e+01  2.400000e+01
   endloop
 endfacet
 facet normal -7.158604e-01 -6.982435e-01 -0.000000e+00
   outer loop
     vertex -9.761976e+01 -3.083476e+01  2.400000e+01
     vertex -9.761976e+01 -3.083476e+01  1.900000e+01
     vertex -9.755916e+01 -3.089689e+01  1.900000e+01
   endloop
 endfacet
 facet normal -6.966626e-01 -7.173990e-01 -0.000000e+00
   outer loop
     vertex -9.761976e+01 -3.083476e+01  2.400000e+01
     vertex -9.768201e+01 -3.077430e+01  1.900000e+01
     vertex -9.761976e+01 -3.083476e+01  1.900000e+01
   endloop
 endfacet
 facet normal -6.966626e-01 -7.173990e-01 -0.000000e+00
   outer loop
     vertex -9.768201e+01 -3.077430e+01  2.400000e+01
     vertex -9.768201e+01 -3.077430e+01  1.900000e+01
     vertex -9.761976e+01 -3.083476e+01  2.400000e+01
   endloop
 endfacet
 facet normal -6.769524e-01 -7.360268e-01  2.750038e-19
   outer loop
     vertex -9.774589e+01 -3.071556e+01  2.400000e+01
     vertex -9.768201e+01 -3.077430e+01  1.900000e+01
     vertex -9.768201e+01 -3.077430e+01  2.400000e+01
   endloop
 endfacet
 facet normal -6.769524e-01 -7.360268e-01 -0.000000e+00
   outer loop
     vertex -9.774589e+01 -3.071556e+01  2.400000e+01
     vertex -9.774589e+01 -3.071556e+01  1.900000e+01
     vertex -9.768201e+01 -3.077430e+01  1.900000e+01
   endloop
 endfacet
 facet normal -6.567443e-01 -7.541133e-01 -0.000000e+00
   outer loop
     vertex -9.781133e+01 -3.065856e+01  2.400000e+01
     vertex -9.781133e+01 -3.065856e+01  1.900000e+01
     vertex -9.774589e+01 -3.071556e+01  1.900000e+01
   endloop
 endfacet
 facet normal -6.567443e-01 -7.541133e-01  3.678758e-20
   outer loop
     vertex -9.781133e+01 -3.065856e+01  2.400000e+01
     vertex -9.774589e+01 -3.071556e+01  1.900000e+01
     vertex -9.774589e+01 -3.071556e+01  2.400000e+01
   endloop
 endfacet
 facet normal -6.360532e-01 -7.716452e-01 -0.000000e+00
   outer loop
     vertex -9.787830e+01 -3.060336e+01  2.400000e+01
     vertex -9.787830e+01 -3.060336e+01  1.900000e+01
     vertex -9.781133e+01 -3.065856e+01  1.900000e+01
   endloop
 endfacet
 facet normal -6.148943e-01 -7.886096e-01 -0.000000e+00
   outer loop
     vertex -9.787830e+01 -3.060336e+01  2.400000e+01
     vertex -9.794674e+01 -3.055000e+01  1.900000e+01
     vertex -9.787830e+01 -3.060336e+01  1.900000e+01
   endloop
 endfacet
 facet normal -6.360532e-01 -7.716452e-01 -4.627762e-19
   outer loop
     vertex -9.787830e+01 -3.060336e+01  2.400000e+01
     vertex -9.781133e+01 -3.065856e+01  1.900000e+01
     vertex -9.781133e+01 -3.065856e+01  2.400000e+01
   endloop
 endfacet
 facet normal -6.148943e-01 -7.886096e-01 -0.000000e+00
   outer loop
     vertex -9.794674e+01 -3.055000e+01  2.400000e+01
     vertex -9.794674e+01 -3.055000e+01  1.900000e+01
     vertex -9.787830e+01 -3.060336e+01  2.400000e+01
   endloop
 endfacet
 facet normal -6.148943e-01  7.886096e-01  0.000000e+00
   outer loop
     vertex -9.794674e+01 -3.055000e+01  2.400000e+01
     vertex -9.787830e+01 -3.049664e+01  1.900000e+01
     vertex -9.794674e+01 -3.055000e+01  1.900000e+01
   endloop
 endfacet
 facet normal -6.148943e-01  7.886096e-01  0.000000e+00
   outer loop
     vertex -9.787830e+01 -3.049664e+01  2.400000e+01
     vertex -9.787830e+01 -3.049664e+01  1.900000e+01
     vertex -9.794674e+01 -3.055000e+01  2.400000e+01
   endloop
 endfacet
 facet normal -6.360532e-01  7.716452e-01  4.627762e-19
   outer loop
     vertex -9.781133e+01 -3.044144e+01  2.400000e+01
     vertex -9.787830e+01 -3.049664e+01  1.900000e+01
     vertex -9.787830e+01 -3.049664e+01  2.400000e+01
   endloop
 endfacet
 facet normal -6.360532e-01  7.716452e-01  0.000000e+00
   outer loop
     vertex -9.781133e+01 -3.044144e+01  2.400000e+01
     vertex -9.781133e+01 -3.044144e+01  1.900000e+01
     vertex -9.787830e+01 -3.049664e+01  1.900000e+01
   endloop
 endfacet
 facet normal -6.567443e-01  7.541133e-01  8.636171e-20
   outer loop
     vertex -9.774589e+01 -3.038444e+01  2.400000e+01
     vertex -9.781133e+01 -3.044144e+01  1.900000e+01
     vertex -9.781133e+01 -3.044144e+01  2.400000e+01
   endloop
 endfacet
 facet normal -6.567443e-01  7.541133e-01  0.000000e+00
   outer loop
     vertex -9.774589e+01 -3.038444e+01  2.400000e+01
     vertex -9.774589e+01 -3.038444e+01  1.900000e+01
     vertex -9.781133e+01 -3.044144e+01  1.900000e+01
   endloop
 endfacet
 facet normal -6.769524e-01  7.360268e-01  0.000000e+00
   outer loop
     vertex -9.774589e+01 -3.038444e+01  2.400000e+01
     vertex -9.768201e+01 -3.032570e+01  1.900000e+01
     vertex -9.774589e+01 -3.038444e+01  1.900000e+01
   endloop
 endfacet
 facet normal -6.769524e-01  7.360268e-01  0.000000e+00
   outer loop
     vertex -9.768201e+01 -3.032570e+01  2.400000e+01
     vertex -9.768201e+01 -3.032570e+01  1.900000e+01
     vertex -9.774589e+01 -3.038444e+01  2.400000e+01
   endloop
 endfacet
 facet normal -6.966626e-01  7.173990e-01  0.000000e+00
   outer loop
     vertex -9.768201e+01 -3.032570e+01  2.400000e+01
     vertex -9.761976e+01 -3.026524e+01  1.900000e+01
     vertex -9.768201e+01 -3.032570e+01  1.900000e+01
   endloop
 endfacet
 facet normal -6.966626e-01  7.173990e-01  0.000000e+00
   outer loop
     vertex -9.761976e+01 -3.026524e+01  2.400000e+01
     vertex -9.761976e+01 -3.026524e+01  1.900000e+01
     vertex -9.768201e+01 -3.032570e+01  2.400000e+01
   endloop
 endfacet
 facet normal -7.158604e-01  6.982435e-01  0.000000e+00
   outer loop
     vertex -9.755916e+01 -3.020311e+01  2.400000e+01
     vertex -9.755916e+01 -3.020311e+01  1.900000e+01
     vertex -9.761976e+01 -3.026524e+01  1.900000e+01
   endloop
 endfacet
 facet normal -7.345317e-01  6.785744e-01  0.000000e+00
   outer loop
     vertex -9.755916e+01 -3.020311e+01  2.400000e+01
     vertex -9.750027e+01 -3.013937e+01  1.900000e+01
     vertex -9.755916e+01 -3.020311e+01  1.900000e+01
   endloop
 endfacet
 facet normal -7.158604e-01  6.982435e-01 -1.233648e-19
   outer loop
     vertex -9.755916e+01 -3.020311e+01  2.400000e+01
     vertex -9.761976e+01 -3.026524e+01  1.900000e+01
     vertex -9.761976e+01 -3.026524e+01  2.400000e+01
   endloop
 endfacet
 facet normal -7.526627e-01  6.584063e-01  0.000000e+00
   outer loop
     vertex -9.750027e+01 -3.013937e+01  2.400000e+01
     vertex -9.744313e+01 -3.007405e+01  1.900000e+01
     vertex -9.750027e+01 -3.013937e+01  1.900000e+01
   endloop
 endfacet
 facet normal -7.345317e-01  6.785744e-01  0.000000e+00
   outer loop
     vertex -9.750027e+01 -3.013937e+01  2.400000e+01
     vertex -9.750027e+01 -3.013937e+01  1.900000e+01
     vertex -9.755916e+01 -3.020311e+01  2.400000e+01
   endloop
 endfacet
 facet normal -7.526627e-01  6.584063e-01  0.000000e+00
   outer loop
     vertex -9.744313e+01 -3.007405e+01  2.400000e+01
     vertex -9.744313e+01 -3.007405e+01  1.900000e+01
     vertex -9.750027e+01 -3.013937e+01  2.400000e+01
   endloop
 endfacet
 facet normal -7.702402e-01  6.377539e-01 -4.835433e-20
   outer loop
     vertex -9.738778e+01 -3.000720e+01  2.400000e+01
     vertex -9.744313e+01 -3.007405e+01  1.900000e+01
     vertex -9.744313e+01 -3.007405e+01  2.400000e+01
   endloop
 endfacet
 facet normal -7.702402e-01  6.377539e-01  0.000000e+00
   outer loop
     vertex -9.738778e+01 -3.000720e+01  2.400000e+01
     vertex -9.738778e+01 -3.000720e+01  1.900000e+01
     vertex -9.744313e+01 -3.007405e+01  1.900000e+01
   endloop
 endfacet
 facet normal -7.872512e-01  6.166324e-01  1.401115e-19
   outer loop
     vertex -9.733427e+01 -2.993888e+01  2.400000e+01
     vertex -9.738778e+01 -3.000720e+01  1.900000e+01
     vertex -9.738778e+01 -3.000720e+01  2.400000e+01
   endloop
 endfacet
 facet normal -7.872512e-01  6.166324e-01  0.000000e+00
   outer loop
     vertex -9.733427e+01 -2.993888e+01  2.400000e+01
     vertex -9.733427e+01 -2.993888e+01  1.900000e+01
     vertex -9.738778e+01 -3.000720e+01  1.900000e+01
   endloop
 endfacet
 facet normal -8.036832e-01  5.950575e-01  0.000000e+00
   outer loop
     vertex -9.733427e+01 -2.993888e+01  2.400000e+01
     vertex -9.728263e+01 -2.986914e+01  1.900000e+01
     vertex -9.733427e+01 -2.993888e+01  1.900000e+01
   endloop
 endfacet
 facet normal -8.036832e-01  5.950575e-01  0.000000e+00
   outer loop
     vertex -9.728263e+01 -2.986914e+01  2.400000e+01
     vertex -9.728263e+01 -2.986914e+01  1.900000e+01
     vertex -9.733427e+01 -2.993888e+01  2.400000e+01
   endloop
 endfacet
 facet normal -8.195240e-01  5.730448e-01 -1.152339e-19
   outer loop
     vertex -9.723290e+01 -2.979801e+01  2.400000e+01
     vertex -9.728263e+01 -2.986914e+01  1.900000e+01
     vertex -9.728263e+01 -2.986914e+01  2.400000e+01
   endloop
 endfacet
 facet normal -8.195240e-01  5.730448e-01  0.000000e+00
   outer loop
     vertex -9.723290e+01 -2.979801e+01  2.400000e+01
     vertex -9.723290e+01 -2.979801e+01  1.900000e+01
     vertex -9.728263e+01 -2.986914e+01  1.900000e+01
   endloop
 endfacet
 facet normal -8.347621e-01  5.506107e-01  0.000000e+00
   outer loop
     vertex -9.723290e+01 -2.979801e+01  2.400000e+01
     vertex -9.718511e+01 -2.972557e+01  1.900000e+01
     vertex -9.723290e+01 -2.979801e+01  1.900000e+01
   endloop
 endfacet
 facet normal -8.347621e-01  5.506107e-01  0.000000e+00
   outer loop
     vertex -9.718511e+01 -2.972557e+01  2.400000e+01
     vertex -9.718511e+01 -2.972557e+01  1.900000e+01
     vertex -9.723290e+01 -2.979801e+01  2.400000e+01
   endloop
 endfacet
 facet normal -8.493863e-01  5.277717e-01  7.033270e-20
   outer loop
     vertex -9.713931e+01 -2.965186e+01  2.400000e+01
     vertex -9.718511e+01 -2.972557e+01  1.900000e+01
     vertex -9.718511e+01 -2.972557e+01  2.400000e+01
   endloop
 endfacet
 facet normal -8.493863e-01  5.277717e-01  0.000000e+00
   outer loop
     vertex -9.713931e+01 -2.965186e+01  2.400000e+01
     vertex -9.713931e+01 -2.965186e+01  1.900000e+01
     vertex -9.718511e+01 -2.972557e+01  1.900000e+01
   endloop
 endfacet
 facet normal -8.633857e-01  5.045444e-01 -4.950830e-19
   outer loop
     vertex -9.709553e+01 -2.957693e+01  2.400000e+01
     vertex -9.713931e+01 -2.965186e+01  1.900000e+01
     vertex -9.713931e+01 -2.965186e+01  2.400000e+01
   endloop
 endfacet
 facet normal -8.633857e-01  5.045444e-01  0.000000e+00
   outer loop
     vertex -9.709553e+01 -2.957693e+01  2.400000e+01
     vertex -9.709553e+01 -2.957693e+01  1.900000e+01
     vertex -9.713931e+01 -2.965186e+01  1.900000e+01
   endloop
 endfacet
 facet normal -8.767502e-01  4.809461e-01  0.000000e+00
   outer loop
     vertex -9.709553e+01 -2.957693e+01  2.400000e+01
     vertex -9.705379e+01 -2.950084e+01  1.900000e+01
     vertex -9.709553e+01 -2.957693e+01  1.900000e+01
   endloop
 endfacet
 facet normal -8.767502e-01  4.809461e-01  0.000000e+00
   outer loop
     vertex -9.705379e+01 -2.950084e+01  2.400000e+01
     vertex -9.705379e+01 -2.950084e+01  1.900000e+01
     vertex -9.709553e+01 -2.957693e+01  2.400000e+01
   endloop
 endfacet
 facet normal -8.894697e-01  4.569941e-01  0.000000e+00
   outer loop
     vertex -9.705379e+01 -2.950084e+01  2.400000e+01
     vertex -9.701413e+01 -2.942365e+01  1.900000e+01
     vertex -9.705379e+01 -2.950084e+01  1.900000e+01
   endloop
 endfacet
 facet normal -8.894697e-01  4.569941e-01  0.000000e+00
   outer loop
     vertex -9.701413e+01 -2.942365e+01  2.400000e+01
     vertex -9.701413e+01 -2.942365e+01  1.900000e+01
     vertex -9.705379e+01 -2.950084e+01  2.400000e+01
   endloop
 endfacet
 facet normal -9.015351e-01  4.327059e-01  0.000000e+00
   outer loop
     vertex -9.697658e+01 -2.934541e+01  2.400000e+01
     vertex -9.697658e+01 -2.934541e+01  1.900000e+01
     vertex -9.701413e+01 -2.942365e+01  1.900000e+01
   endloop
 endfacet
 facet normal -9.015351e-01  4.327059e-01  2.210107e-19
   outer loop
     vertex -9.697658e+01 -2.934541e+01  2.400000e+01
     vertex -9.701413e+01 -2.942365e+01  1.900000e+01
     vertex -9.701413e+01 -2.942365e+01  2.400000e+01
   endloop
 endfacet
 facet normal -9.129375e-01  4.080995e-01  0.000000e+00
   outer loop
     vertex -9.694116e+01 -2.926618e+01  2.400000e+01
     vertex -9.694116e+01 -2.926618e+01  1.900000e+01
     vertex -9.697658e+01 -2.934541e+01  1.900000e+01
   endloop
 endfacet
 facet normal -9.129375e-01  4.080995e-01 -4.116964e-19
   outer loop
     vertex -9.694116e+01 -2.926618e+01  2.400000e+01
     vertex -9.697658e+01 -2.934541e+01  1.900000e+01
     vertex -9.697658e+01 -2.934541e+01  2.400000e+01
   endloop
 endfacet
 facet normal -9.236683e-01  3.831929e-01  0.000000e+00
   outer loop
     vertex -9.690791e+01 -2.918602e+01  2.400000e+01
     vertex -9.690791e+01 -2.918602e+01  1.900000e+01
     vertex -9.694116e+01 -2.926618e+01  1.900000e+01
   endloop
 endfacet
 facet normal -9.236683e-01  3.831929e-01 -3.637219e-19
   outer loop
     vertex -9.690791e+01 -2.918602e+01  2.400000e+01
     vertex -9.694116e+01 -2.926618e+01  1.900000e+01
     vertex -9.694116e+01 -2.926618e+01  2.400000e+01
   endloop
 endfacet
 facet normal -9.337199e-01  3.580045e-01  0.000000e+00
   outer loop
     vertex -9.687684e+01 -2.910499e+01  2.400000e+01
     vertex -9.687684e+01 -2.910499e+01  1.900000e+01
     vertex -9.690791e+01 -2.918602e+01  1.900000e+01
   endloop
 endfacet
 facet normal -9.337199e-01  3.580045e-01 -1.660360e-19
   outer loop
     vertex -9.687684e+01 -2.910499e+01  2.400000e+01
     vertex -9.690791e+01 -2.918602e+01  1.900000e+01
     vertex -9.690791e+01 -2.918602e+01  2.400000e+01
   endloop
 endfacet
 facet normal -9.430846e-01  3.325528e-01  0.000000e+00
   outer loop
     vertex -9.684798e+01 -2.902315e+01  2.400000e+01
     vertex -9.684798e+01 -2.902315e+01  1.900000e+01
     vertex -9.687684e+01 -2.910499e+01  1.900000e+01
   endloop
 endfacet
 facet normal -9.430846e-01  3.325528e-01  3.435621e-19
   outer loop
     vertex -9.684798e+01 -2.902315e+01  2.400000e+01
     vertex -9.687684e+01 -2.910499e+01  1.900000e+01
     vertex -9.687684e+01 -2.910499e+01  2.400000e+01
   endloop
 endfacet
 facet normal -9.517558e-01  3.068565e-01  0.000000e+00
   outer loop
     vertex -9.682135e+01 -2.894055e+01  2.400000e+01
     vertex -9.682135e+01 -2.894055e+01  1.900000e+01
     vertex -9.684798e+01 -2.902315e+01  1.900000e+01
   endloop
 endfacet
 facet normal -9.517558e-01  3.068565e-01 -4.826771e-20
   outer loop
     vertex -9.682135e+01 -2.894055e+01  2.400000e+01
     vertex -9.684798e+01 -2.902315e+01  1.900000e+01
     vertex -9.684798e+01 -2.902315e+01  2.400000e+01
   endloop
 endfacet
 facet normal -9.597269e-01  2.809345e-01  0.000000e+00
   outer loop
     vertex -9.679697e+01 -2.885726e+01  2.400000e+01
     vertex -9.679697e+01 -2.885726e+01  1.900000e+01
     vertex -9.682135e+01 -2.894055e+01  1.900000e+01
   endloop
 endfacet
 facet normal -9.669922e-01  2.548059e-01  0.000000e+00
   outer loop
     vertex -9.679697e+01 -2.885726e+01  2.400000e+01
     vertex -9.677485e+01 -2.877334e+01  1.900000e+01
     vertex -9.679697e+01 -2.885726e+01  1.900000e+01
   endloop
 endfacet
 facet normal -9.597269e-01  2.809345e-01  8.651823e-20
   outer loop
     vertex -9.679697e+01 -2.885726e+01  2.400000e+01
     vertex -9.682135e+01 -2.894055e+01  1.900000e+01
     vertex -9.682135e+01 -2.894055e+01  2.400000e+01
   endloop
 endfacet
 facet normal -9.669922e-01  2.548059e-01  0.000000e+00
   outer loop
     vertex -9.677485e+01 -2.877334e+01  2.400000e+01
     vertex -9.677485e+01 -2.877334e+01  1.900000e+01
     vertex -9.679697e+01 -2.885726e+01  2.400000e+01
   endloop
 endfacet
 facet normal -9.735463e-01  2.284898e-01  0.000000e+00
   outer loop
     vertex -9.675502e+01 -2.868886e+01  2.400000e+01
     vertex -9.675502e+01 -2.868886e+01  1.900000e+01
     vertex -9.677485e+01 -2.877334e+01  1.900000e+01
   endloop
 endfacet
 facet normal -9.735463e-01  2.284898e-01  1.089845e-19
   outer loop
     vertex -9.675502e+01 -2.868886e+01  2.400000e+01
     vertex -9.677485e+01 -2.877334e+01  1.900000e+01
     vertex -9.677485e+01 -2.877334e+01  2.400000e+01
   endloop
 endfacet
 facet normal -9.793843e-01  2.020058e-01  0.000000e+00
   outer loop
     vertex -9.673749e+01 -2.860386e+01  2.400000e+01
     vertex -9.673749e+01 -2.860386e+01  1.900000e+01
     vertex -9.675502e+01 -2.868886e+01  1.900000e+01
   endloop
 endfacet
 facet normal -9.793843e-01  2.020058e-01 -1.930147e-19
   outer loop
     vertex -9.673749e+01 -2.860386e+01  2.400000e+01
     vertex -9.675502e+01 -2.868886e+01  1.900000e+01
     vertex -9.675502e+01 -2.868886e+01  2.400000e+01
   endloop
 endfacet
 facet normal -9.845020e-01  1.753731e-01  0.000000e+00
   outer loop
     vertex -9.672227e+01 -2.851842e+01  2.400000e+01
     vertex -9.672227e+01 -2.851842e+01  1.900000e+01
     vertex -9.673749e+01 -2.860386e+01  1.900000e+01
   endloop
 endfacet
 facet normal -9.845020e-01  1.753731e-01  3.165395e-20
   outer loop
     vertex -9.672227e+01 -2.851842e+01  2.400000e+01
     vertex -9.673749e+01 -2.860386e+01  1.900000e+01
     vertex -9.673749e+01 -2.860386e+01  2.400000e+01
   endloop
 endfacet
 facet normal -9.888957e-01  1.486115e-01  0.000000e+00
   outer loop
     vertex -9.670938e+01 -2.843260e+01  2.400000e+01
     vertex -9.670938e+01 -2.843260e+01  1.900000e+01
     vertex -9.672227e+01 -2.851842e+01  1.900000e+01
   endloop
 endfacet
 facet normal -9.888957e-01  1.486115e-01 -1.611130e-19
   outer loop
     vertex -9.670938e+01 -2.843260e+01  2.400000e+01
     vertex -9.672227e+01 -2.851842e+01  1.900000e+01
     vertex -9.672227e+01 -2.851842e+01  2.400000e+01
   endloop
 endfacet
 facet normal -9.925620e-01  1.217405e-01  0.000000e+00
   outer loop
     vertex -9.669881e+01 -2.834646e+01  2.400000e+01
     vertex -9.669881e+01 -2.834646e+01  1.900000e+01
     vertex -9.670938e+01 -2.843260e+01  1.900000e+01
   endloop
 endfacet
 facet normal -9.925620e-01  1.217405e-01 -5.267594e-21
   outer loop
     vertex -9.669881e+01 -2.834646e+01  2.400000e+01
     vertex -9.670938e+01 -2.843260e+01  1.900000e+01
     vertex -9.670938e+01 -2.843260e+01  2.400000e+01
   endloop
 endfacet
 facet normal -9.954982e-01  9.478007e-02  0.000000e+00
   outer loop
     vertex -9.669059e+01 -2.826007e+01  2.400000e+01
     vertex -9.669059e+01 -2.826007e+01  1.900000e+01
     vertex -9.669881e+01 -2.834646e+01  1.900000e+01
   endloop
 endfacet
 facet normal -9.977023e-01  6.774989e-02  0.000000e+00
   outer loop
     vertex -9.669059e+01 -2.826007e+01  2.400000e+01
     vertex -9.668471e+01 -2.817349e+01  1.900000e+01
     vertex -9.669059e+01 -2.826007e+01  1.900000e+01
   endloop
 endfacet
 facet normal -9.954982e-01  9.478007e-02  4.562877e-20
   outer loop
     vertex -9.669059e+01 -2.826007e+01  2.400000e+01
     vertex -9.669881e+01 -2.834646e+01  1.900000e+01
     vertex -9.669881e+01 -2.834646e+01  2.400000e+01
   endloop
 endfacet
 facet normal -9.977023e-01  6.774989e-02  0.000000e+00
   outer loop
     vertex -9.668471e+01 -2.817349e+01  2.400000e+01
     vertex -9.668471e+01 -2.817349e+01  1.900000e+01
     vertex -9.669059e+01 -2.826007e+01  2.400000e+01
   endloop
 endfacet
 facet normal -9.991726e-01  4.066988e-02  0.000000e+00
   outer loop
     vertex -9.668118e+01 -2.808678e+01  2.400000e+01
     vertex -9.668118e+01 -2.808678e+01  1.900000e+01
     vertex -9.668471e+01 -2.817349e+01  1.900000e+01
   endloop
 endfacet
 facet normal -9.991726e-01  4.066988e-02 -6.105585e-20
   outer loop
     vertex -9.668118e+01 -2.808678e+01  2.400000e+01
     vertex -9.668471e+01 -2.817349e+01  1.900000e+01
     vertex -9.668471e+01 -2.817349e+01  2.400000e+01
   endloop
 endfacet
 facet normal -9.999081e-01  1.355995e-02  0.000000e+00
   outer loop
     vertex -9.668000e+01 -2.800000e+01  2.400000e+01
     vertex -9.668000e+01 -2.800000e+01  1.900000e+01
     vertex -9.668118e+01 -2.808678e+01  1.900000e+01
   endloop
 endfacet
 facet normal -9.999081e-01  1.355995e-02  1.131173e-20
   outer loop
     vertex -9.668000e+01 -2.800000e+01  2.400000e+01
     vertex -9.668118e+01 -2.808678e+01  1.900000e+01
     vertex -9.668118e+01 -2.808678e+01  2.400000e+01
   endloop
 endfacet
 facet normal -9.999058e-01 -1.372828e-02 -4.362508e-21
   outer loop
     vertex -9.668121e+01 -2.791215e+01  2.400000e+01
     vertex -9.668000e+01 -2.800000e+01  1.900000e+01
     vertex -9.668000e+01 -2.800000e+01  2.400000e+01
   endloop
 endfacet
 facet normal -9.999058e-01 -1.372828e-02 -0.000000e+00
   outer loop
     vertex -9.668121e+01 -2.791215e+01  2.400000e+01
     vertex -9.668121e+01 -2.791215e+01  1.900000e+01
     vertex -9.668000e+01 -2.800000e+01  1.900000e+01
   endloop
 endfacet
 facet normal -9.991520e-01 -4.117448e-02 -1.932708e-20
   outer loop
     vertex -9.668482e+01 -2.782436e+01  2.400000e+01
     vertex -9.668121e+01 -2.791215e+01  1.900000e+01
     vertex -9.668121e+01 -2.791215e+01  2.400000e+01
   endloop
 endfacet
 facet normal -9.991520e-01 -4.117448e-02 -0.000000e+00
   outer loop
     vertex -9.668482e+01 -2.782436e+01  2.400000e+01
     vertex -9.668482e+01 -2.782436e+01  1.900000e+01
     vertex -9.668121e+01 -2.791215e+01  1.900000e+01
   endloop
 endfacet
 facet normal -9.976450e-01 -6.858964e-02 -1.020928e-19
   outer loop
     vertex -9.669085e+01 -2.773671e+01  2.400000e+01
     vertex -9.668482e+01 -2.782436e+01  1.900000e+01
     vertex -9.668482e+01 -2.782436e+01  2.400000e+01
   endloop
 endfacet
 facet normal -9.976450e-01 -6.858964e-02 -0.000000e+00
   outer loop
     vertex -9.669085e+01 -2.773671e+01  2.400000e+01
     vertex -9.669085e+01 -2.773671e+01  1.900000e+01
     vertex -9.668482e+01 -2.782436e+01  1.900000e+01
   endloop
 endfacet
 facet normal -9.953859e-01 -9.595310e-02 -0.000000e+00
   outer loop
     vertex -9.669928e+01 -2.764925e+01  2.400000e+01
     vertex -9.669928e+01 -2.764925e+01  1.900000e+01
     vertex -9.669085e+01 -2.773671e+01  1.900000e+01
   endloop
 endfacet
 facet normal -9.953859e-01 -9.595310e-02 -2.381524e-20
   outer loop
     vertex -9.669928e+01 -2.764925e+01  2.400000e+01
     vertex -9.669085e+01 -2.773671e+01  1.900000e+01
     vertex -9.669085e+01 -2.773671e+01  2.400000e+01
   endloop
 endfacet
 facet normal -9.923764e-01 -1.232442e-01 -0.000000e+00
   outer loop
     vertex -9.671011e+01 -2.756206e+01  2.400000e+01
     vertex -9.671011e+01 -2.756206e+01  1.900000e+01
     vertex -9.669928e+01 -2.764925e+01  1.900000e+01
   endloop
 endfacet
 facet normal -9.923764e-01 -1.232442e-01  1.512365e-20
   outer loop
     vertex -9.671011e+01 -2.756206e+01  2.400000e+01
     vertex -9.669928e+01 -2.764925e+01  1.900000e+01
     vertex -9.669928e+01 -2.764925e+01  2.400000e+01
   endloop
 endfacet
 facet normal -9.886188e-01 -1.504424e-01 -0.000000e+00
   outer loop
     vertex -9.672333e+01 -2.747520e+01  2.400000e+01
     vertex -9.672333e+01 -2.747520e+01  1.900000e+01
     vertex -9.671011e+01 -2.756206e+01  1.900000e+01
   endloop
 endfacet
 facet normal -9.841159e-01 -1.775272e-01 -0.000000e+00
   outer loop
     vertex -9.672333e+01 -2.747520e+01  2.400000e+01
     vertex -9.673892e+01 -2.738873e+01  1.900000e+01
     vertex -9.672333e+01 -2.747520e+01  1.900000e+01
   endloop
 endfacet
 facet normal -9.886188e-01 -1.504424e-01  7.623446e-20
   outer loop
     vertex -9.672333e+01 -2.747520e+01  2.400000e+01
     vertex -9.671011e+01 -2.756206e+01  1.900000e+01
     vertex -9.671011e+01 -2.756206e+01  2.400000e+01
   endloop
 endfacet
 facet normal -9.841159e-01 -1.775272e-01 -0.000000e+00
   outer loop
     vertex -9.673892e+01 -2.738873e+01  2.400000e+01
     vertex -9.673892e+01 -2.738873e+01  1.900000e+01
     vertex -9.672333e+01 -2.747520e+01  2.400000e+01
   endloop
 endfacet
 facet normal -9.788711e-01 -2.044782e-01 -0.000000e+00
   outer loop
     vertex -9.675689e+01 -2.730273e+01  2.400000e+01
     vertex -9.675689e+01 -2.730273e+01  1.900000e+01
     vertex -9.673892e+01 -2.738873e+01  1.900000e+01
   endloop
 endfacet
 facet normal -9.788711e-01 -2.044782e-01 -1.965008e-19
   outer loop
     vertex -9.675689e+01 -2.730273e+01  2.400000e+01
     vertex -9.673892e+01 -2.738873e+01  1.900000e+01
     vertex -9.673892e+01 -2.738873e+01  2.400000e+01
   endloop
 endfacet
 facet normal -9.728884e-01 -2.312750e-01 -0.000000e+00
   outer loop
     vertex -9.677721e+01 -2.721725e+01  2.400000e+01
     vertex -9.677721e+01 -2.721725e+01  1.900000e+01
     vertex -9.675689e+01 -2.730273e+01  1.900000e+01
   endloop
 endfacet
 facet normal -9.728884e-01 -2.312750e-01  2.273903e-19
   outer loop
     vertex -9.677721e+01 -2.721725e+01  2.400000e+01
     vertex -9.675689e+01 -2.730273e+01  1.900000e+01
     vertex -9.675689e+01 -2.730273e+01  2.400000e+01
   endloop
 endfacet
 facet normal -9.661723e-01 -2.578975e-01 -0.000000e+00
   outer loop
     vertex -9.679987e+01 -2.713236e+01  2.400000e+01
     vertex -9.679987e+01 -2.713236e+01  1.900000e+01
     vertex -9.677721e+01 -2.721725e+01  1.900000e+01
   endloop
 endfacet
 facet normal -9.661723e-01 -2.578975e-01 -1.755688e-19
   outer loop
     vertex -9.679987e+01 -2.713236e+01  2.400000e+01
     vertex -9.677721e+01 -2.721725e+01  1.900000e+01
     vertex -9.677721e+01 -2.721725e+01  2.400000e+01
   endloop
 endfacet
 facet normal -9.587278e-01 -2.843255e-01 -0.000000e+00
   outer loop
     vertex -9.682485e+01 -2.704813e+01  2.400000e+01
     vertex -9.682485e+01 -2.704813e+01  1.900000e+01
     vertex -9.679987e+01 -2.713236e+01  1.900000e+01
   endloop
 endfacet
 facet normal -9.505606e-01 -3.105393e-01 -0.000000e+00
   outer loop
     vertex -9.682485e+01 -2.704813e+01  2.400000e+01
     vertex -9.685214e+01 -2.696461e+01  1.900000e+01
     vertex -9.682485e+01 -2.704813e+01  1.900000e+01
   endloop
 endfacet
 facet normal -9.587278e-01 -2.843255e-01  4.059942e-19
   outer loop
     vertex -9.682485e+01 -2.704813e+01  2.400000e+01
     vertex -9.679987e+01 -2.713236e+01  1.900000e+01
     vertex -9.679987e+01 -2.713236e+01  2.400000e+01
   endloop
 endfacet
 facet normal -9.505606e-01 -3.105393e-01 -0.000000e+00
   outer loop
     vertex -9.685214e+01 -2.696461e+01  2.400000e+01
     vertex -9.685214e+01 -2.696461e+01  1.900000e+01
     vertex -9.682485e+01 -2.704813e+01  2.400000e+01
   endloop
 endfacet
 facet normal -9.416767e-01 -3.365189e-01 -0.000000e+00
   outer loop
     vertex -9.688170e+01 -2.688187e+01  2.400000e+01
     vertex -9.688170e+01 -2.688187e+01  1.900000e+01
     vertex -9.685214e+01 -2.696461e+01  1.900000e+01
   endloop
 endfacet
 facet normal -9.416767e-01 -3.365189e-01  2.899270e-19
   outer loop
     vertex -9.688170e+01 -2.688187e+01  2.400000e+01
     vertex -9.685214e+01 -2.696461e+01  1.900000e+01
     vertex -9.685214e+01 -2.696461e+01  2.400000e+01
   endloop
 endfacet
 facet normal -9.320830e-01 -3.622448e-01 -0.000000e+00
   outer loop
     vertex -9.691353e+01 -2.679998e+01  2.400000e+01
     vertex -9.691353e+01 -2.679998e+01  1.900000e+01
     vertex -9.688170e+01 -2.688187e+01  1.900000e+01
   endloop
 endfacet
 facet normal -9.320830e-01 -3.622448e-01 -3.355069e-19
   outer loop
     vertex -9.691353e+01 -2.679998e+01  2.400000e+01
     vertex -9.688170e+01 -2.688187e+01  1.900000e+01
     vertex -9.688170e+01 -2.688187e+01  2.400000e+01
   endloop
 endfacet
 facet normal -9.217866e-01 -3.876976e-01 -0.000000e+00
   outer loop
     vertex -9.694759e+01 -2.671899e+01  2.400000e+01
     vertex -9.694759e+01 -2.671899e+01  1.900000e+01
     vertex -9.691353e+01 -2.679998e+01  1.900000e+01
   endloop
 endfacet
 facet normal -9.217866e-01 -3.876976e-01  9.647336e-20
   outer loop
     vertex -9.694759e+01 -2.671899e+01  2.400000e+01
     vertex -9.691353e+01 -2.679998e+01  1.900000e+01
     vertex -9.691353e+01 -2.679998e+01  2.400000e+01
   endloop
 endfacet
 facet normal -9.107953e-01 -4.128582e-01 -0.000000e+00
   outer loop
     vertex -9.698387e+01 -2.663897e+01  2.400000e+01
     vertex -9.698387e+01 -2.663897e+01  1.900000e+01
     vertex -9.694759e+01 -2.671899e+01  1.900000e+01
   endloop
 endfacet
 facet normal -9.107953e-01 -4.128582e-01  1.119520e-19
   outer loop
     vertex -9.698387e+01 -2.663897e+01  2.400000e+01
     vertex -9.694759e+01 -2.671899e+01  1.900000e+01
     vertex -9.694759e+01 -2.671899e+01  2.400000e+01
   endloop
 endfacet
 facet normal -8.991174e-01 -4.377075e-01 -0.000000e+00
   outer loop
     vertex -9.702232e+01 -2.655997e+01  2.400000e+01
     vertex -9.702232e+01 -2.655997e+01  1.900000e+01
     vertex -9.698387e+01 -2.663897e+01  1.900000e+01
   endloop
 endfacet
 facet normal -8.867617e-01 -4.622268e-01 -0.000000e+00
   outer loop
     vertex -9.702232e+01 -2.655997e+01  2.400000e+01
     vertex -9.706294e+01 -2.648206e+01  1.900000e+01
     vertex -9.702232e+01 -2.655997e+01  1.900000e+01
   endloop
 endfacet
 facet normal -8.991174e-01 -4.377075e-01  3.966010e-19
   outer loop
     vertex -9.702232e+01 -2.655997e+01  2.400000e+01
     vertex -9.698387e+01 -2.663897e+01  1.900000e+01
     vertex -9.698387e+01 -2.663897e+01  2.400000e+01
   endloop
 endfacet
 facet normal -8.737375e-01 -4.863977e-01 -0.000000e+00
   outer loop
     vertex -9.706294e+01 -2.648206e+01  2.400000e+01
     vertex -9.710567e+01 -2.640529e+01  1.900000e+01
     vertex -9.706294e+01 -2.648206e+01  1.900000e+01
   endloop
 endfacet
 facet normal -8.867617e-01 -4.622268e-01 -0.000000e+00
   outer loop
     vertex -9.706294e+01 -2.648206e+01  2.400000e+01
     vertex -9.706294e+01 -2.648206e+01  1.900000e+01
     vertex -9.702232e+01 -2.655997e+01  2.400000e+01
   endloop
 endfacet
 facet normal -8.737375e-01 -4.863977e-01 -0.000000e+00
   outer loop
     vertex -9.710567e+01 -2.640529e+01  2.400000e+01
     vertex -9.710567e+01 -2.640529e+01  1.900000e+01
     vertex -9.706294e+01 -2.648206e+01  2.400000e+01
   endloop
 endfacet
 facet normal -8.600546e-01 -5.102020e-01 -0.000000e+00
   outer loop
     vertex -9.715050e+01 -2.632972e+01  2.400000e+01
     vertex -9.715050e+01 -2.632972e+01  1.900000e+01
     vertex -9.710567e+01 -2.640529e+01  1.900000e+01
   endloop
 endfacet
 facet normal -8.600546e-01 -5.102020e-01  2.339907e-19
   outer loop
     vertex -9.715050e+01 -2.632972e+01  2.400000e+01
     vertex -9.710567e+01 -2.640529e+01  1.900000e+01
     vertex -9.710567e+01 -2.640529e+01  2.400000e+01
   endloop
 endfacet
 facet normal -8.457234e-01 -5.336216e-01 -0.000000e+00
   outer loop
     vertex -9.719738e+01 -2.625542e+01  2.400000e+01
     vertex -9.719738e+01 -2.625542e+01  1.900000e+01
     vertex -9.715050e+01 -2.632972e+01  1.900000e+01
   endloop
 endfacet
 facet normal -8.457234e-01 -5.336216e-01  3.326601e-19
   outer loop
     vertex -9.719738e+01 -2.625542e+01  2.400000e+01
     vertex -9.715050e+01 -2.632972e+01  1.900000e+01
     vertex -9.715050e+01 -2.632972e+01  2.400000e+01
   endloop
 endfacet
 facet normal -8.307546e-01 -5.566389e-01 -0.000000e+00
   outer loop
     vertex -9.724629e+01 -2.618243e+01  2.400000e+01
     vertex -9.724629e+01 -2.618243e+01  1.900000e+01
     vertex -9.719738e+01 -2.625542e+01  1.900000e+01
   endloop
 endfacet
 facet normal -8.307546e-01 -5.566389e-01 -3.912611e-19
   outer loop
     vertex -9.724629e+01 -2.618243e+01  2.400000e+01
     vertex -9.719738e+01 -2.625542e+01  1.900000e+01
     vertex -9.719738e+01 -2.625542e+01  2.400000e+01
   endloop
 endfacet
 facet normal -8.151595e-01 -5.792366e-01 -0.000000e+00
   outer loop
     vertex -9.729718e+01 -2.611081e+01  2.400000e+01
     vertex -9.729718e+01 -2.611081e+01  1.900000e+01
     vertex -9.724629e+01 -2.618243e+01  1.900000e+01
   endloop
 endfacet
 facet normal -8.151595e-01 -5.792366e-01  9.983352e-20
   outer loop
     vertex -9.729718e+01 -2.611081e+01  2.400000e+01
     vertex -9.724629e+01 -2.618243e+01  1.900000e+01
     vertex -9.724629e+01 -2.618243e+01  2.400000e+01
   endloop
 endfacet
 facet normal -7.989499e-01 -6.013976e-01 -0.000000e+00
   outer loop
     vertex -9.735002e+01 -2.604061e+01  2.400000e+01
     vertex -9.735002e+01 -2.604061e+01  1.900000e+01
     vertex -9.729718e+01 -2.611081e+01  1.900000e+01
   endloop
 endfacet
 facet normal -7.989499e-01 -6.013976e-01  1.081954e-19
   outer loop
     vertex -9.735002e+01 -2.604061e+01  2.400000e+01
     vertex -9.729718e+01 -2.611081e+01  1.900000e+01
     vertex -9.729718e+01 -2.611081e+01  2.400000e+01
   endloop
 endfacet
 facet normal -7.821380e-01 -6.231053e-01 -0.000000e+00
   outer loop
     vertex -9.740477e+01 -2.597189e+01  2.400000e+01
     vertex -9.740477e+01 -2.597189e+01  1.900000e+01
     vertex -9.735002e+01 -2.604061e+01  1.900000e+01
   endloop
 endfacet
 facet normal -7.821380e-01 -6.231053e-01  2.321053e-19
   outer loop
     vertex -9.740477e+01 -2.597189e+01  2.400000e+01
     vertex -9.735002e+01 -2.604061e+01  1.900000e+01
     vertex -9.735002e+01 -2.604061e+01  2.400000e+01
   endloop
 endfacet
 facet normal -7.647365e-01 -6.443432e-01 -2.694970e-19
   outer loop
     vertex -9.746138e+01 -2.590470e+01  2.400000e+01
     vertex -9.740477e+01 -2.597189e+01  1.900000e+01
     vertex -9.740477e+01 -2.597189e+01  2.400000e+01
   endloop
 endfacet
 facet normal -7.647365e-01 -6.443432e-01 -0.000000e+00
   outer loop
     vertex -9.746138e+01 -2.590470e+01  2.400000e+01
     vertex -9.746138e+01 -2.590470e+01  1.900000e+01
     vertex -9.740477e+01 -2.597189e+01  1.900000e+01
   endloop
 endfacet
 facet normal -7.467584e-01 -6.650954e-01 -1.215228e-19
   outer loop
     vertex -9.751982e+01 -2.583909e+01  2.400000e+01
     vertex -9.746138e+01 -2.590470e+01  1.900000e+01
     vertex -9.746138e+01 -2.590470e+01  2.400000e+01
   endloop
 endfacet
 facet normal -7.467584e-01 -6.650954e-01 -0.000000e+00
   outer loop
     vertex -9.751982e+01 -2.583909e+01  2.400000e+01
     vertex -9.751982e+01 -2.583909e+01  1.900000e+01
     vertex -9.746138e+01 -2.590470e+01  1.900000e+01
   endloop
 endfacet
 facet normal -7.282175e-01 -6.853461e-01  4.906825e-21
   outer loop
     vertex -9.758003e+01 -2.577511e+01  2.400000e+01
     vertex -9.751982e+01 -2.583909e+01  1.900000e+01
     vertex -9.751982e+01 -2.583909e+01  2.400000e+01
   endloop
 endfacet
 facet normal -7.282175e-01 -6.853461e-01 -0.000000e+00
   outer loop
     vertex -9.758003e+01 -2.577511e+01  2.400000e+01
     vertex -9.758003e+01 -2.577511e+01  1.900000e+01
     vertex -9.751982e+01 -2.583909e+01  1.900000e+01
   endloop
 endfacet
 facet normal -7.091275e-01 -7.050803e-01  2.623814e-19
   outer loop
     vertex -9.764198e+01 -2.571280e+01  2.400000e+01
     vertex -9.758003e+01 -2.577511e+01  1.900000e+01
     vertex -9.758003e+01 -2.577511e+01  2.400000e+01
   endloop
 endfacet
 facet normal -7.091275e-01 -7.050803e-01 -0.000000e+00
   outer loop
     vertex -9.764198e+01 -2.571280e+01  2.400000e+01
     vertex -9.764198e+01 -2.571280e+01  1.900000e+01
     vertex -9.758003e+01 -2.577511e+01  1.900000e+01
   endloop
 endfacet
 facet normal -6.895030e-01 -7.242829e-01 -6.004844e-20
   outer loop
     vertex -9.770562e+01 -2.565222e+01  2.400000e+01
     vertex -9.764198e+01 -2.571280e+01  1.900000e+01
     vertex -9.764198e+01 -2.571280e+01  2.400000e+01
   endloop
 endfacet
 facet normal -6.895030e-01 -7.242829e-01 -0.000000e+00
   outer loop
     vertex -9.770562e+01 -2.565222e+01  2.400000e+01
     vertex -9.770562e+01 -2.565222e+01  1.900000e+01
     vertex -9.764198e+01 -2.571280e+01  1.900000e+01
   endloop
 endfacet
 facet normal -6.693586e-01 -7.429395e-01 -0.000000e+00
   outer loop
     vertex -9.770562e+01 -2.565222e+01  2.400000e+01
     vertex -9.777089e+01 -2.559341e+01  1.900000e+01
     vertex -9.770562e+01 -2.565222e+01  1.900000e+01
   endloop
 endfacet
 facet normal -6.693586e-01 -7.429395e-01 -0.000000e+00
   outer loop
     vertex -9.777089e+01 -2.559341e+01  2.400000e+01
     vertex -9.777089e+01 -2.559341e+01  1.900000e+01
     vertex -9.770562e+01 -2.565222e+01  2.400000e+01
   endloop
 endfacet
 facet normal -6.487097e-01 -7.610360e-01 -2.478192e-19
   outer loop
     vertex -9.783776e+01 -2.553642e+01  2.400000e+01
     vertex -9.777089e+01 -2.559341e+01  1.900000e+01
     vertex -9.777089e+01 -2.559341e+01  2.400000e+01
   endloop
 endfacet
 facet normal -6.487097e-01 -7.610360e-01 -0.000000e+00
   outer loop
     vertex -9.783776e+01 -2.553642e+01  2.400000e+01
     vertex -9.783776e+01 -2.553642e+01  1.900000e+01
     vertex -9.777089e+01 -2.559341e+01  1.900000e+01
   endloop
 endfacet
 facet normal -6.275717e-01 -7.785588e-01  4.628440e-19
   outer loop
     vertex -9.790616e+01 -2.548128e+01  2.400000e+01
     vertex -9.783776e+01 -2.553642e+01  1.900000e+01
     vertex -9.783776e+01 -2.553642e+01  2.400000e+01
   endloop
 endfacet
 facet normal -6.275717e-01 -7.785588e-01 -0.000000e+00
   outer loop
     vertex -9.790616e+01 -2.548128e+01  2.400000e+01
     vertex -9.790616e+01 -2.548128e+01  1.900000e+01
     vertex -9.783776e+01 -2.553642e+01  1.900000e+01
   endloop
 endfacet
 facet normal -6.059606e-01 -7.954946e-01 -1.268485e-20
   outer loop
     vertex -9.797606e+01 -2.542804e+01  2.400000e+01
     vertex -9.790616e+01 -2.548128e+01  1.900000e+01
     vertex -9.790616e+01 -2.548128e+01  2.400000e+01
   endloop
 endfacet
 facet normal -6.059606e-01 -7.954946e-01 -0.000000e+00
   outer loop
     vertex -9.797606e+01 -2.542804e+01  2.400000e+01
     vertex -9.797606e+01 -2.542804e+01  1.900000e+01
     vertex -9.790616e+01 -2.548128e+01  1.900000e+01
   endloop
 endfacet
 facet normal -5.838928e-01 -8.118308e-01  4.303036e-19
   outer loop
     vertex -9.804738e+01 -2.537674e+01  2.400000e+01
     vertex -9.797606e+01 -2.542804e+01  1.900000e+01
     vertex -9.797606e+01 -2.542804e+01  2.400000e+01
   endloop
 endfacet
 facet normal -5.838928e-01 -8.118308e-01 -0.000000e+00
   outer loop
     vertex -9.804738e+01 -2.537674e+01  2.400000e+01
     vertex -9.804738e+01 -2.537674e+01  1.900000e+01
     vertex -9.797606e+01 -2.542804e+01  1.900000e+01
   endloop
 endfacet
 facet normal -5.613847e-01 -8.275550e-01 -0.000000e+00
   outer loop
     vertex -9.804738e+01 -2.537674e+01  2.400000e+01
     vertex -9.812009e+01 -2.532741e+01  1.900000e+01
     vertex -9.804738e+01 -2.537674e+01  1.900000e+01
   endloop
 endfacet
 facet normal -5.613847e-01 -8.275550e-01 -0.000000e+00
   outer loop
     vertex -9.812009e+01 -2.532741e+01  2.400000e+01
     vertex -9.812009e+01 -2.532741e+01  1.900000e+01
     vertex -9.804738e+01 -2.537674e+01  2.400000e+01
   endloop
 endfacet
 facet normal -5.384534e-01 -8.426553e-01 -0.000000e+00
   outer loop
     vertex -9.812009e+01 -2.532741e+01  2.400000e+01
     vertex -9.819413e+01 -2.528010e+01  1.900000e+01
     vertex -9.812009e+01 -2.532741e+01  1.900000e+01
   endloop
 endfacet
 facet normal -5.384534e-01 -8.426553e-01 -0.000000e+00
   outer loop
     vertex -9.819413e+01 -2.528010e+01  2.400000e+01
     vertex -9.819413e+01 -2.528010e+01  1.900000e+01
     vertex -9.812009e+01 -2.532741e+01  2.400000e+01
   endloop
 endfacet
 facet normal -5.151162e-01 -8.571203e-01 -0.000000e+00
   outer loop
     vertex -9.826944e+01 -2.523484e+01  2.400000e+01
     vertex -9.826944e+01 -2.523484e+01  1.900000e+01
     vertex -9.819413e+01 -2.528010e+01  1.900000e+01
   endloop
 endfacet
 facet normal -5.151162e-01 -8.571203e-01  1.524292e-19
   outer loop
     vertex -9.826944e+01 -2.523484e+01  2.400000e+01
     vertex -9.819413e+01 -2.528010e+01  1.900000e+01
     vertex -9.819413e+01 -2.528010e+01  2.400000e+01
   endloop
 endfacet
 facet normal -4.913907e-01 -8.709392e-01 -0.000000e+00
   outer loop
     vertex -9.834596e+01 -2.519167e+01  2.400000e+01
     vertex -9.834596e+01 -2.519167e+01  1.900000e+01
     vertex -9.826944e+01 -2.523484e+01  1.900000e+01
   endloop
 endfacet
 facet normal -4.913907e-01 -8.709392e-01  3.596617e-19
   outer loop
     vertex -9.834596e+01 -2.519167e+01  2.400000e+01
     vertex -9.826944e+01 -2.523484e+01  1.900000e+01
     vertex -9.826944e+01 -2.523484e+01  2.400000e+01
   endloop
 endfacet
 facet normal -4.672948e-01 -8.841016e-01 -0.000000e+00
   outer loop
     vertex -9.842364e+01 -2.515061e+01  2.400000e+01
     vertex -9.842364e+01 -2.515061e+01  1.900000e+01
     vertex -9.834596e+01 -2.519167e+01  1.900000e+01
   endloop
 endfacet
 facet normal -4.428465e-01 -8.965974e-01 -0.000000e+00
   outer loop
     vertex -9.842364e+01 -2.515061e+01  2.400000e+01
     vertex -9.850241e+01 -2.511170e+01  1.900000e+01
     vertex -9.842364e+01 -2.515061e+01  1.900000e+01
   endloop
 endfacet
 facet normal -4.672948e-01 -8.841016e-01 -4.160786e-19
   outer loop
     vertex -9.842364e+01 -2.515061e+01  2.400000e+01
     vertex -9.834596e+01 -2.519167e+01  1.900000e+01
     vertex -9.834596e+01 -2.519167e+01  2.400000e+01
   endloop
 endfacet
 facet normal -4.428465e-01 -8.965974e-01 -0.000000e+00
   outer loop
     vertex -9.850241e+01 -2.511170e+01  2.400000e+01
     vertex -9.850241e+01 -2.511170e+01  1.900000e+01
     vertex -9.842364e+01 -2.515061e+01  2.400000e+01
   endloop
 endfacet
 facet normal -4.180644e-01 -9.084174e-01 -0.000000e+00
   outer loop
     vertex -9.858223e+01 -2.507497e+01  2.400000e+01
     vertex -9.858223e+01 -2.507497e+01  1.900000e+01
     vertex -9.850241e+01 -2.511170e+01  1.900000e+01
   endloop
 endfacet
 facet normal -4.180644e-01 -9.084174e-01 -2.999622e-20
   outer loop
     vertex -9.858223e+01 -2.507497e+01  2.400000e+01
     vertex -9.850241e+01 -2.511170e+01  1.900000e+01
     vertex -9.850241e+01 -2.511170e+01  2.400000e+01
   endloop
 endfacet
 facet normal -3.929672e-01 -9.195525e-01 -0.000000e+00
   outer loop
     vertex -9.866302e+01 -2.504045e+01  2.400000e+01
     vertex -9.866302e+01 -2.504045e+01  1.900000e+01
     vertex -9.858223e+01 -2.507497e+01  1.900000e+01
   endloop
 endfacet
 facet normal -3.929672e-01 -9.195525e-01 -1.870662e-19
   outer loop
     vertex -9.866302e+01 -2.504045e+01  2.400000e+01
     vertex -9.858223e+01 -2.507497e+01  1.900000e+01
     vertex -9.858223e+01 -2.507497e+01  2.400000e+01
   endloop
 endfacet
 facet normal -3.675737e-01 -9.299944e-01 -0.000000e+00
   outer loop
     vertex -9.874473e+01 -2.500815e+01  2.400000e+01
     vertex -9.874473e+01 -2.500815e+01  1.900000e+01
     vertex -9.866302e+01 -2.504045e+01  1.900000e+01
   endloop
 endfacet
 facet normal -3.419031e-01 -9.397352e-01 -0.000000e+00
   outer loop
     vertex -9.874473e+01 -2.500815e+01  2.400000e+01
     vertex -9.882730e+01 -2.497811e+01  1.900000e+01
     vertex -9.874473e+01 -2.500815e+01  1.900000e+01
   endloop
 endfacet
 facet normal -3.675737e-01 -9.299944e-01  2.462051e-19
   outer loop
     vertex -9.874473e+01 -2.500815e+01  2.400000e+01
     vertex -9.866302e+01 -2.504045e+01  1.900000e+01
     vertex -9.866302e+01 -2.504045e+01  2.400000e+01
   endloop
 endfacet
 facet normal -3.159748e-01 -9.487676e-01 -0.000000e+00
   outer loop
     vertex -9.882730e+01 -2.497811e+01  2.400000e+01
     vertex -9.891066e+01 -2.495035e+01  1.900000e+01
     vertex -9.882730e+01 -2.497811e+01  1.900000e+01
   endloop
 endfacet
 facet normal -3.419031e-01 -9.397352e-01 -0.000000e+00
   outer loop
     vertex -9.882730e+01 -2.497811e+01  2.400000e+01
     vertex -9.882730e+01 -2.497811e+01  1.900000e+01
     vertex -9.874473e+01 -2.500815e+01  2.400000e+01
   endloop
 endfacet
 facet normal -2.898083e-01 -9.570847e-01 -0.000000e+00
   outer loop
     vertex -9.891066e+01 -2.495035e+01  2.400000e+01
     vertex -9.899475e+01 -2.492489e+01  1.900000e+01
     vertex -9.891066e+01 -2.495035e+01  1.900000e+01
   endloop
 endfacet
 facet normal -3.159748e-01 -9.487676e-01 -0.000000e+00
   outer loop
     vertex -9.891066e+01 -2.495035e+01  2.400000e+01
     vertex -9.891066e+01 -2.495035e+01  1.900000e+01
     vertex -9.882730e+01 -2.497811e+01  2.400000e+01
   endloop
 endfacet
 facet normal -2.898083e-01 -9.570847e-01 -0.000000e+00
   outer loop
     vertex -9.899475e+01 -2.492489e+01  2.400000e+01
     vertex -9.899475e+01 -2.492489e+01  1.900000e+01
     vertex -9.891066e+01 -2.495035e+01  2.400000e+01
   endloop
 endfacet
 facet normal -2.634233e-01 -9.646804e-01 -0.000000e+00
   outer loop
     vertex -9.907950e+01 -2.490174e+01  2.400000e+01
     vertex -9.907950e+01 -2.490174e+01  1.900000e+01
     vertex -9.899475e+01 -2.492489e+01  1.900000e+01
   endloop
 endfacet
 facet normal -2.634233e-01 -9.646804e-01 -7.057933e-20
   outer loop
     vertex -9.907950e+01 -2.490174e+01  2.400000e+01
     vertex -9.899475e+01 -2.492489e+01  1.900000e+01
     vertex -9.899475e+01 -2.492489e+01  2.400000e+01
   endloop
 endfacet
 facet normal -2.368397e-01 -9.715487e-01 -0.000000e+00
   outer loop
     vertex -9.916487e+01 -2.488093e+01  2.400000e+01
     vertex -9.916487e+01 -2.488093e+01  1.900000e+01
     vertex -9.907950e+01 -2.490174e+01  1.900000e+01
   endloop
 endfacet
 facet normal -2.368397e-01 -9.715487e-01 -2.271143e-19
   outer loop
     vertex -9.916487e+01 -2.488093e+01  2.400000e+01
     vertex -9.907950e+01 -2.490174e+01  1.900000e+01
     vertex -9.907950e+01 -2.490174e+01  2.400000e+01
   endloop
 endfacet
 facet normal -2.100775e-01 -9.776847e-01  1.434417e-19
   outer loop
     vertex -9.925077e+01 -2.486247e+01  2.400000e+01
     vertex -9.916487e+01 -2.488093e+01  1.900000e+01
     vertex -9.916487e+01 -2.488093e+01  2.400000e+01
   endloop
 endfacet
 facet normal -2.100775e-01 -9.776847e-01 -0.000000e+00
   outer loop
     vertex -9.925077e+01 -2.486247e+01  2.400000e+01
     vertex -9.925077e+01 -2.486247e+01  1.900000e+01
     vertex -9.916487e+01 -2.488093e+01  1.900000e+01
   endloop
 endfacet
 facet normal -1.831570e-01 -9.830837e-01 -0.000000e+00
   outer loop
     vertex -9.925077e+01 -2.486247e+01  2.400000e+01
     vertex -9.933714e+01 -2.484638e+01  1.900000e+01
     vertex -9.925077e+01 -2.486247e+01  1.900000e+01
   endloop
 endfacet
 facet normal -1.831570e-01 -9.830837e-01 -0.000000e+00
   outer loop
     vertex -9.933714e+01 -2.484638e+01  2.400000e+01
     vertex -9.933714e+01 -2.484638e+01  1.900000e+01
     vertex -9.925077e+01 -2.486247e+01  2.400000e+01
   endloop
 endfacet
 facet normal -1.560984e-01 -9.877415e-01 -1.956010e-19
   outer loop
     vertex -9.942392e+01 -2.483267e+01  2.400000e+01
     vertex -9.933714e+01 -2.484638e+01  1.900000e+01
     vertex -9.933714e+01 -2.484638e+01  2.400000e+01
   endloop
 endfacet
 facet normal -1.560984e-01 -9.877415e-01 -0.000000e+00
   outer loop
     vertex -9.942392e+01 -2.483267e+01  2.400000e+01
     vertex -9.942392e+01 -2.483267e+01  1.900000e+01
     vertex -9.933714e+01 -2.484638e+01  1.900000e+01
   endloop
 endfacet
 facet normal -1.289222e-01 -9.916547e-01 -0.000000e+00
   outer loop
     vertex -9.942392e+01 -2.483267e+01  2.400000e+01
     vertex -9.951105e+01 -2.482134e+01  1.900000e+01
     vertex -9.942392e+01 -2.483267e+01  1.900000e+01
   endloop
 endfacet
 facet normal -1.289222e-01 -9.916547e-01 -0.000000e+00
   outer loop
     vertex -9.951105e+01 -2.482134e+01  2.400000e+01
     vertex -9.951105e+01 -2.482134e+01  1.900000e+01
     vertex -9.942392e+01 -2.483267e+01  2.400000e+01
   endloop
 endfacet
 facet normal -1.016487e-01 -9.948204e-01  1.481368e-21
   outer loop
     vertex -9.959846e+01 -2.481241e+01  2.400000e+01
     vertex -9.951105e+01 -2.482134e+01  1.900000e+01
     vertex -9.951105e+01 -2.482134e+01  2.400000e+01
   endloop
 endfacet
 facet normal -1.016487e-01 -9.948204e-01 -0.000000e+00
   outer loop
     vertex -9.959846e+01 -2.481241e+01  2.400000e+01
     vertex -9.959846e+01 -2.481241e+01  1.900000e+01
     vertex -9.951105e+01 -2.482134e+01  1.900000e+01
   endloop
 endfacet
 facet normal -7.429866e-02 -9.972360e-01  5.747168e-20
   outer loop
     vertex -9.968608e+01 -2.480588e+01  2.400000e+01
     vertex -9.959846e+01 -2.481241e+01  1.900000e+01
     vertex -9.959846e+01 -2.481241e+01  2.400000e+01
   endloop
 endfacet
 facet normal -7.429866e-02 -9.972360e-01 -0.000000e+00
   outer loop
     vertex -9.968608e+01 -2.480588e+01  2.400000e+01
     vertex -9.968608e+01 -2.480588e+01  1.900000e+01
     vertex -9.959846e+01 -2.481241e+01  1.900000e+01
   endloop
 endfacet
 facet normal -4.689257e-02 -9.988999e-01  5.012618e-20
   outer loop
     vertex -9.977384e+01 -2.480176e+01  2.400000e+01
     vertex -9.968608e+01 -2.480588e+01  1.900000e+01
     vertex -9.968608e+01 -2.480588e+01  2.400000e+01
   endloop
 endfacet
 facet normal -4.689257e-02 -9.988999e-01 -0.000000e+00
   outer loop
     vertex -9.977384e+01 -2.480176e+01  2.400000e+01
     vertex -9.977384e+01 -2.480176e+01  1.900000e+01
     vertex -9.968608e+01 -2.480588e+01  1.900000e+01
   endloop
 endfacet
 facet normal -1.945113e-02 -9.998108e-01 -1.898761e-20
   outer loop
     vertex -9.986168e+01 -2.480005e+01  2.400000e+01
     vertex -9.977384e+01 -2.480176e+01  1.900000e+01
     vertex -9.977384e+01 -2.480176e+01  2.400000e+01
   endloop
 endfacet
 facet normal -1.945113e-02 -9.998108e-01 -0.000000e+00
   outer loop
     vertex -9.986168e+01 -2.480005e+01  2.400000e+01
     vertex -9.986168e+01 -2.480005e+01  1.900000e+01
     vertex -9.977384e+01 -2.480176e+01  1.900000e+01
   endloop
 endfacet
 facet normal  8.004972e-03 -9.999680e-01  0.000000e+00
   outer loop
     vertex -9.986168e+01 -2.480005e+01  2.400000e+01
     vertex -9.994954e+01 -2.480076e+01  1.900000e+01
     vertex -9.986168e+01 -2.480005e+01  1.900000e+01
   endloop
 endfacet
 facet normal  8.004972e-03 -9.999680e-01  0.000000e+00
   outer loop
     vertex -9.994954e+01 -2.480076e+01  2.400000e+01
     vertex -9.994954e+01 -2.480076e+01  1.900000e+01
     vertex -9.986168e+01 -2.480005e+01  2.400000e+01
   endloop
 endfacet
 facet normal  3.545504e-02 -9.993713e-01  2.089810e-20
   outer loop
     vertex -1.000373e+02 -2.480387e+01  2.400000e+01
     vertex -9.994954e+01 -2.480076e+01  1.900000e+01
     vertex -9.994954e+01 -2.480076e+01  2.400000e+01
   endloop
 endfacet
 facet normal  3.545504e-02 -9.993713e-01  0.000000e+00
   outer loop
     vertex -1.000373e+02 -2.480387e+01  2.400000e+01
     vertex -1.000373e+02 -2.480387e+01  1.900000e+01
     vertex -9.994954e+01 -2.480076e+01  1.900000e+01
   endloop
 endfacet
 facet normal  6.287838e-02 -9.980212e-01  0.000000e+00
   outer loop
     vertex -1.000373e+02 -2.480387e+01  2.400000e+01
     vertex -1.001250e+02 -2.480940e+01  1.900000e+01
     vertex -1.000373e+02 -2.480387e+01  1.900000e+01
   endloop
 endfacet
 facet normal  6.287838e-02 -9.980212e-01  0.000000e+00
   outer loop
     vertex -1.001250e+02 -2.480940e+01  2.400000e+01
     vertex -1.001250e+02 -2.480940e+01  1.900000e+01
     vertex -1.000373e+02 -2.480387e+01  2.400000e+01
   endloop
 endfacet
 facet normal  9.025432e-02 -9.959188e-01  8.858786e-21
   outer loop
     vertex -1.002125e+02 -2.481733e+01  2.400000e+01
     vertex -1.001250e+02 -2.480940e+01  1.900000e+01
     vertex -1.001250e+02 -2.480940e+01  2.400000e+01
   endloop
 endfacet
 facet normal  9.025432e-02 -9.959188e-01  0.000000e+00
   outer loop
     vertex -1.002125e+02 -2.481733e+01  2.400000e+01
     vertex -1.002125e+02 -2.481733e+01  1.900000e+01
     vertex -1.001250e+02 -2.480940e+01  1.900000e+01
   endloop
 endfacet
 facet normal  1.175622e-01 -9.930655e-01  6.775218e-20
   outer loop
     vertex -1.002998e+02 -2.482765e+01  2.400000e+01
     vertex -1.002125e+02 -2.481733e+01  1.900000e+01
     vertex -1.002125e+02 -2.481733e+01  2.400000e+01
   endloop
 endfacet
 facet normal  1.175622e-01 -9.930655e-01  0.000000e+00
   outer loop
     vertex -1.002998e+02 -2.482765e+01  2.400000e+01
     vertex -1.002998e+02 -2.482765e+01  1.900000e+01
     vertex -1.002125e+02 -2.481733e+01  1.900000e+01
   endloop
 endfacet
 facet normal  1.447815e-01 -9.894637e-01 -8.057280e-20
   outer loop
     vertex -1.003867e+02 -2.484038e+01  2.400000e+01
     vertex -1.002998e+02 -2.482765e+01  1.900000e+01
     vertex -1.002998e+02 -2.482765e+01  2.400000e+01
   endloop
 endfacet
 facet normal  1.447815e-01 -9.894637e-01  0.000000e+00
   outer loop
     vertex -1.003867e+02 -2.484038e+01  2.400000e+01
     vertex -1.003867e+02 -2.484038e+01  1.900000e+01
     vertex -1.002998e+02 -2.482765e+01  1.900000e+01
   endloop
 endfacet
 facet normal  1.718916e-01 -9.851159e-01 -1.860809e-19
   outer loop
     vertex -1.004733e+02 -2.485548e+01  2.400000e+01
     vertex -1.003867e+02 -2.484038e+01  1.900000e+01
     vertex -1.003867e+02 -2.484038e+01  2.400000e+01
   endloop
 endfacet
 facet normal  1.718916e-01 -9.851159e-01  0.000000e+00
   outer loop
     vertex -1.004733e+02 -2.485548e+01  2.400000e+01
     vertex -1.004733e+02 -2.485548e+01  1.900000e+01
     vertex -1.003867e+02 -2.484038e+01  1.900000e+01
   endloop
 endfacet
 facet normal  1.988722e-01 -9.800254e-01  0.000000e+00
   outer loop
     vertex -1.004733e+02 -2.485548e+01  2.400000e+01
     vertex -1.005594e+02 -2.487295e+01  1.900000e+01
     vertex -1.004733e+02 -2.485548e+01  1.900000e+01
   endloop
 endfacet
 facet normal  1.988722e-01 -9.800254e-01  0.000000e+00
   outer loop
     vertex -1.005594e+02 -2.487295e+01  2.400000e+01
     vertex -1.005594e+02 -2.487295e+01  1.900000e+01
     vertex -1.004733e+02 -2.485548e+01  2.400000e+01
   endloop
 endfacet
 facet normal  2.257028e-01 -9.741962e-01 -2.339246e-19
   outer loop
     vertex -1.006450e+02 -2.489278e+01  2.400000e+01
     vertex -1.005594e+02 -2.487295e+01  1.900000e+01
     vertex -1.005594e+02 -2.487295e+01  2.400000e+01
   endloop
 endfacet
 facet normal  2.257028e-01 -9.741962e-01  0.000000e+00
   outer loop
     vertex -1.006450e+02 -2.489278e+01  2.400000e+01
     vertex -1.006450e+02 -2.489278e+01  1.900000e+01
     vertex -1.005594e+02 -2.487295e+01  1.900000e+01
   endloop
 endfacet
 facet normal  2.523633e-01 -9.676326e-01 -1.760769e-19
   outer loop
     vertex -1.007300e+02 -2.491495e+01  2.400000e+01
     vertex -1.006450e+02 -2.489278e+01  1.900000e+01
     vertex -1.006450e+02 -2.489278e+01  2.400000e+01
   endloop
 endfacet
 facet normal  2.523633e-01 -9.676326e-01  0.000000e+00
   outer loop
     vertex -1.007300e+02 -2.491495e+01  2.400000e+01
     vertex -1.007300e+02 -2.491495e+01  1.900000e+01
     vertex -1.006450e+02 -2.489278e+01  1.900000e+01
   endloop
 endfacet
 facet normal  2.788335e-01 -9.603395e-01 -2.655769e-19
   outer loop
     vertex -1.008144e+02 -2.493945e+01  2.400000e+01
     vertex -1.007300e+02 -2.491495e+01  1.900000e+01
     vertex -1.007300e+02 -2.491495e+01  2.400000e+01
   endloop
 endfacet
 facet normal  2.788335e-01 -9.603395e-01  0.000000e+00
   outer loop
     vertex -1.008144e+02 -2.493945e+01  2.400000e+01
     vertex -1.008144e+02 -2.493945e+01  1.900000e+01
     vertex -1.007300e+02 -2.491495e+01  1.900000e+01
   endloop
 endfacet
 facet normal  3.050935e-01 -9.523224e-01  4.925640e-19
   outer loop
     vertex -1.008980e+02 -2.496626e+01  2.400000e+01
     vertex -1.008144e+02 -2.493945e+01  1.900000e+01
     vertex -1.008144e+02 -2.493945e+01  2.400000e+01
   endloop
 endfacet
 facet normal  3.050935e-01 -9.523224e-01  0.000000e+00
   outer loop
     vertex -1.008980e+02 -2.496626e+01  2.400000e+01
     vertex -1.008980e+02 -2.496626e+01  1.900000e+01
     vertex -1.008144e+02 -2.493945e+01  1.900000e+01
   endloop
 endfacet
 facet normal  3.311235e-01 -9.435874e-01  4.508097e-19
   outer loop
     vertex -1.009809e+02 -2.499535e+01  2.400000e+01
     vertex -1.008980e+02 -2.496626e+01  1.900000e+01
     vertex -1.008980e+02 -2.496626e+01  2.400000e+01
   endloop
 endfacet
 facet normal  3.311235e-01 -9.435874e-01  0.000000e+00
   outer loop
     vertex -1.009809e+02 -2.499535e+01  2.400000e+01
     vertex -1.009809e+02 -2.499535e+01  1.900000e+01
     vertex -1.008980e+02 -2.496626e+01  1.900000e+01
   endloop
 endfacet
 facet normal  3.569039e-01 -9.341411e-01 -4.644893e-19
   outer loop
     vertex -1.010630e+02 -2.502671e+01  2.400000e+01
     vertex -1.009809e+02 -2.499535e+01  1.900000e+01
     vertex -1.009809e+02 -2.499535e+01  2.400000e+01
   endloop
 endfacet
 facet normal  3.569039e-01 -9.341411e-01  0.000000e+00
   outer loop
     vertex -1.010630e+02 -2.502671e+01  2.400000e+01
     vertex -1.010630e+02 -2.502671e+01  1.900000e+01
     vertex -1.009809e+02 -2.499535e+01  1.900000e+01
   endloop
 endfacet
 facet normal  3.824153e-01 -9.239906e-01  2.494444e-20
   outer loop
     vertex -1.011442e+02 -2.506031e+01  2.400000e+01
     vertex -1.010630e+02 -2.502671e+01  1.900000e+01
     vertex -1.010630e+02 -2.502671e+01  2.400000e+01
   endloop
 endfacet
 facet normal  3.824153e-01 -9.239906e-01  0.000000e+00
   outer loop
     vertex -1.011442e+02 -2.506031e+01  2.400000e+01
     vertex -1.011442e+02 -2.506031e+01  1.900000e+01
     vertex -1.010630e+02 -2.502671e+01  1.900000e+01
   endloop
 endfacet
 facet normal  4.076384e-01 -9.131435e-01  0.000000e+00
   outer loop
     vertex -1.012244e+02 -2.509612e+01  2.400000e+01
     vertex -1.012244e+02 -2.509612e+01  1.900000e+01
     vertex -1.011442e+02 -2.506031e+01  1.900000e+01
   endloop
 endfacet
 facet normal  4.076384e-01 -9.131435e-01  2.897118e-19
   outer loop
     vertex -1.012244e+02 -2.509612e+01  2.400000e+01
     vertex -1.011442e+02 -2.506031e+01  1.900000e+01
     vertex -1.011442e+02 -2.506031e+01  2.400000e+01
   endloop
 endfacet
 facet normal  4.325541e-01 -9.016080e-01  0.000000e+00
   outer loop
     vertex -1.013037e+02 -2.513413e+01  2.400000e+01
     vertex -1.013037e+02 -2.513413e+01  1.900000e+01
     vertex -1.012244e+02 -2.509612e+01  1.900000e+01
   endloop
 endfacet
 facet normal  4.571438e-01 -8.893928e-01  0.000000e+00
   outer loop
     vertex -1.013037e+02 -2.513413e+01  2.400000e+01
     vertex -1.013818e+02 -2.517429e+01  1.900000e+01
     vertex -1.013037e+02 -2.513413e+01  1.900000e+01
   endloop
 endfacet
 facet normal  4.325541e-01 -9.016080e-01 -2.083942e-19
   outer loop
     vertex -1.013037e+02 -2.513413e+01  2.400000e+01
     vertex -1.012244e+02 -2.509612e+01  1.900000e+01
     vertex -1.012244e+02 -2.509612e+01  2.400000e+01
   endloop
 endfacet
 facet normal  4.571438e-01 -8.893928e-01  0.000000e+00
   outer loop
     vertex -1.013818e+02 -2.517429e+01  2.400000e+01
     vertex -1.013818e+02 -2.517429e+01  1.900000e+01
     vertex -1.013037e+02 -2.513413e+01  2.400000e+01
   endloop
 endfacet
 facet normal  4.813888e-01 -8.765072e-01  0.000000e+00
   outer loop
     vertex -1.013818e+02 -2.517429e+01  2.400000e+01
     vertex -1.014588e+02 -2.521659e+01  1.900000e+01
     vertex -1.013818e+02 -2.517429e+01  1.900000e+01
   endloop
 endfacet
 facet normal  4.813888e-01 -8.765072e-01  0.000000e+00
   outer loop
     vertex -1.014588e+02 -2.521659e+01  2.400000e+01
     vertex -1.014588e+02 -2.521659e+01  1.900000e+01
     vertex -1.013818e+02 -2.517429e+01  2.400000e+01
   endloop
 endfacet
 facet normal  5.052710e-01 -8.629607e-01 -2.657317e-19
   outer loop
     vertex -1.015346e+02 -2.526098e+01  2.400000e+01
     vertex -1.014588e+02 -2.521659e+01  1.900000e+01
     vertex -1.014588e+02 -2.521659e+01  2.400000e+01
   endloop
 endfacet
 facet normal  5.052710e-01 -8.629607e-01  0.000000e+00
   outer loop
     vertex -1.015346e+02 -2.526098e+01  2.400000e+01
     vertex -1.015346e+02 -2.526098e+01  1.900000e+01
     vertex -1.014588e+02 -2.521659e+01  1.900000e+01
   endloop
 endfacet
 facet normal  5.287722e-01 -8.487638e-01 -1.241457e-19
   outer loop
     vertex -1.016092e+02 -2.530744e+01  2.400000e+01
     vertex -1.015346e+02 -2.526098e+01  1.900000e+01
     vertex -1.015346e+02 -2.526098e+01  2.400000e+01
   endloop
 endfacet
 facet normal  5.287722e-01 -8.487638e-01  0.000000e+00
   outer loop
     vertex -1.016092e+02 -2.530744e+01  2.400000e+01
     vertex -1.016092e+02 -2.530744e+01  1.900000e+01
     vertex -1.015346e+02 -2.526098e+01  1.900000e+01
   endloop
 endfacet
 facet normal  5.518748e-01 -8.339269e-01 -1.176228e-19
   outer loop
     vertex -1.016825e+02 -2.535593e+01  2.400000e+01
     vertex -1.016092e+02 -2.530744e+01  1.900000e+01
     vertex -1.016092e+02 -2.530744e+01  2.400000e+01
   endloop
 endfacet
 facet normal  5.518748e-01 -8.339269e-01  0.000000e+00
   outer loop
     vertex -1.016825e+02 -2.535593e+01  2.400000e+01
     vertex -1.016825e+02 -2.535593e+01  1.900000e+01
     vertex -1.016092e+02 -2.530744e+01  1.900000e+01
   endloop
 endfacet
 facet normal  5.745614e-01 -8.184615e-01 -1.013314e-19
   outer loop
     vertex -1.017544e+02 -2.540641e+01  2.400000e+01
     vertex -1.016825e+02 -2.535593e+01  1.900000e+01
     vertex -1.016825e+02 -2.535593e+01  2.400000e+01
   endloop
 endfacet
 facet normal  5.745614e-01 -8.184615e-01  0.000000e+00
   outer loop
     vertex -1.017544e+02 -2.540641e+01  2.400000e+01
     vertex -1.017544e+02 -2.540641e+01  1.900000e+01
     vertex -1.016825e+02 -2.535593e+01  1.900000e+01
   endloop
 endfacet
 facet normal  5.968149e-01 -8.023790e-01 -4.933301e-19
   outer loop
     vertex -1.018249e+02 -2.545885e+01  2.400000e+01
     vertex -1.017544e+02 -2.540641e+01  1.900000e+01
     vertex -1.017544e+02 -2.540641e+01  2.400000e+01
   endloop
 endfacet
 facet normal  5.968149e-01 -8.023790e-01  0.000000e+00
   outer loop
     vertex -1.018249e+02 -2.545885e+01  2.400000e+01
     vertex -1.018249e+02 -2.545885e+01  1.900000e+01
     vertex -1.017544e+02 -2.540641e+01  1.900000e+01
   endloop
 endfacet
 facet normal  6.186184e-01 -7.856916e-01  5.314933e-20
   outer loop
     vertex -1.018939e+02 -2.551320e+01  2.400000e+01
     vertex -1.018249e+02 -2.545885e+01  1.900000e+01
     vertex -1.018249e+02 -2.545885e+01  2.400000e+01
   endloop
 endfacet
 facet normal  6.186184e-01 -7.856916e-01  0.000000e+00
   outer loop
     vertex -1.018939e+02 -2.551320e+01  2.400000e+01
     vertex -1.018939e+02 -2.551320e+01  1.900000e+01
     vertex -1.018249e+02 -2.545885e+01  1.900000e+01
   endloop
 endfacet
 facet normal  6.399556e-01 -7.684119e-01  0.000000e+00
   outer loop
     vertex -1.018939e+02 -2.551320e+01  2.400000e+01
     vertex -1.019614e+02 -2.556943e+01  1.900000e+01
     vertex -1.018939e+02 -2.551320e+01  1.900000e+01
   endloop
 endfacet
 facet normal  6.399556e-01 -7.684119e-01  0.000000e+00
   outer loop
     vertex -1.019614e+02 -2.556943e+01  2.400000e+01
     vertex -1.019614e+02 -2.556943e+01  1.900000e+01
     vertex -1.018939e+02 -2.551320e+01  2.400000e+01
   endloop
 endfacet
 facet normal  6.608103e-01 -7.505530e-01  0.000000e+00
   outer loop
     vertex -1.019614e+02 -2.556943e+01  2.400000e+01
     vertex -1.020274e+02 -2.562749e+01  1.900000e+01
     vertex -1.019614e+02 -2.556943e+01  1.900000e+01
   endloop
 endfacet
 facet normal  6.608103e-01 -7.505530e-01  0.000000e+00
   outer loop
     vertex -1.020274e+02 -2.562749e+01  2.400000e+01
     vertex -1.020274e+02 -2.562749e+01  1.900000e+01
     vertex -1.019614e+02 -2.556943e+01  2.400000e+01
   endloop
 endfacet
 facet normal  6.811669e-01 -7.321282e-01  0.000000e+00
   outer loop
     vertex -1.020917e+02 -2.568733e+01  2.400000e+01
     vertex -1.020917e+02 -2.568733e+01  1.900000e+01
     vertex -1.020274e+02 -2.562749e+01  1.900000e+01
   endloop
 endfacet
 facet normal  6.811669e-01 -7.321282e-01 -4.251851e-19
   outer loop
     vertex -1.020917e+02 -2.568733e+01  2.400000e+01
     vertex -1.020274e+02 -2.562749e+01  1.900000e+01
     vertex -1.020274e+02 -2.562749e+01  2.400000e+01
   endloop
 endfacet
 facet normal  7.010099e-01 -7.131515e-01  0.000000e+00
   outer loop
     vertex -1.021543e+02 -2.574893e+01  2.400000e+01
     vertex -1.021543e+02 -2.574893e+01  1.900000e+01
     vertex -1.020917e+02 -2.568733e+01  1.900000e+01
   endloop
 endfacet
 facet normal  7.010099e-01 -7.131515e-01  2.224695e-19
   outer loop
     vertex -1.021543e+02 -2.574893e+01  2.400000e+01
     vertex -1.020917e+02 -2.568733e+01  1.900000e+01
     vertex -1.020917e+02 -2.568733e+01  2.400000e+01
   endloop
 endfacet
 facet normal  7.203246e-01 -6.936372e-01  0.000000e+00
   outer loop
     vertex -1.022153e+02 -2.581221e+01  2.400000e+01
     vertex -1.022153e+02 -2.581221e+01  1.900000e+01
     vertex -1.021543e+02 -2.574893e+01  1.900000e+01
   endloop
 endfacet
 facet normal  7.203246e-01 -6.936372e-01 -2.190460e-19
   outer loop
     vertex -1.022153e+02 -2.581221e+01  2.400000e+01
     vertex -1.021543e+02 -2.574893e+01  1.900000e+01
     vertex -1.021543e+02 -2.574893e+01  2.400000e+01
   endloop
 endfacet
 facet normal  7.390961e-01 -6.736000e-01  0.000000e+00
   outer loop
     vertex -1.022745e+02 -2.587715e+01  2.400000e+01
     vertex -1.022745e+02 -2.587715e+01  1.900000e+01
     vertex -1.022153e+02 -2.581221e+01  1.900000e+01
   endloop
 endfacet
 facet normal  7.390961e-01 -6.736000e-01 -6.097420e-20
   outer loop
     vertex -1.022745e+02 -2.587715e+01  2.400000e+01
     vertex -1.022153e+02 -2.581221e+01  1.900000e+01
     vertex -1.022153e+02 -2.581221e+01  2.400000e+01
   endloop
 endfacet
 facet normal  7.573105e-01 -6.530549e-01  0.000000e+00
   outer loop
     vertex -1.023319e+02 -2.594369e+01  2.400000e+01
     vertex -1.023319e+02 -2.594369e+01  1.900000e+01
     vertex -1.022745e+02 -2.587715e+01  1.900000e+01
   endloop
 endfacet
 facet normal  7.749540e-01 -6.320176e-01  0.000000e+00
   outer loop
     vertex -1.023319e+02 -2.594369e+01  2.400000e+01
     vertex -1.023874e+02 -2.601178e+01  1.900000e+01
     vertex -1.023319e+02 -2.594369e+01  1.900000e+01
   endloop
 endfacet
 facet normal  7.573105e-01 -6.530549e-01  2.827383e-19
   outer loop
     vertex -1.023319e+02 -2.594369e+01  2.400000e+01
     vertex -1.022745e+02 -2.587715e+01  1.900000e+01
     vertex -1.022745e+02 -2.587715e+01  2.400000e+01
   endloop
 endfacet
 facet normal  7.749540e-01 -6.320176e-01  0.000000e+00
   outer loop
     vertex -1.023874e+02 -2.601178e+01  2.400000e+01
     vertex -1.023874e+02 -2.601178e+01  1.900000e+01
     vertex -1.023319e+02 -2.594369e+01  2.400000e+01
   endloop
 endfacet
 facet normal  7.920133e-01 -6.105038e-01  0.000000e+00
   outer loop
     vertex -1.024410e+02 -2.608137e+01  2.400000e+01
     vertex -1.024410e+02 -2.608137e+01  1.900000e+01
     vertex -1.023874e+02 -2.601178e+01  1.900000e+01
   endloop
 endfacet
 facet normal  7.920133e-01 -6.105038e-01  1.231815e-19
   outer loop
     vertex -1.024410e+02 -2.608137e+01  2.400000e+01
     vertex -1.023874e+02 -2.601178e+01  1.900000e+01
     vertex -1.023874e+02 -2.601178e+01  2.400000e+01
   endloop
 endfacet
 facet normal  8.084755e-01 -5.885298e-01  0.000000e+00
   outer loop
     vertex -1.024927e+02 -2.615240e+01  2.400000e+01
     vertex -1.024927e+02 -2.615240e+01  1.900000e+01
     vertex -1.024410e+02 -2.608137e+01  1.900000e+01
   endloop
 endfacet
 facet normal  8.084755e-01 -5.885298e-01 -3.638930e-19
   outer loop
     vertex -1.024927e+02 -2.615240e+01  2.400000e+01
     vertex -1.024410e+02 -2.608137e+01  1.900000e+01
     vertex -1.024410e+02 -2.608137e+01  2.400000e+01
   endloop
 endfacet
 facet normal  8.243283e-01 -5.661121e-01  0.000000e+00
   outer loop
     vertex -1.025425e+02 -2.622483e+01  2.400000e+01
     vertex -1.025425e+02 -2.622483e+01  1.900000e+01
     vertex -1.024927e+02 -2.615240e+01  1.900000e+01
   endloop
 endfacet
 facet normal  8.243283e-01 -5.661121e-01 -3.372598e-19
   outer loop
     vertex -1.025425e+02 -2.622483e+01  2.400000e+01
     vertex -1.024927e+02 -2.615240e+01  1.900000e+01
     vertex -1.024927e+02 -2.615240e+01  2.400000e+01
   endloop
 endfacet
 facet normal  8.395596e-01 -5.432676e-01  0.000000e+00
   outer loop
     vertex -1.025902e+02 -2.629859e+01  2.400000e+01
     vertex -1.025902e+02 -2.629859e+01  1.900000e+01
     vertex -1.025425e+02 -2.622483e+01  1.900000e+01
   endloop
 endfacet
 facet normal  8.541580e-01 -5.200136e-01  0.000000e+00
   outer loop
     vertex -1.025902e+02 -2.629859e+01  2.400000e+01
     vertex -1.026359e+02 -2.637364e+01  1.900000e+01
     vertex -1.025902e+02 -2.629859e+01  1.900000e+01
   endloop
 endfacet
 facet normal  8.395596e-01 -5.432676e-01  4.782363e-19
   outer loop
     vertex -1.025902e+02 -2.629859e+01  2.400000e+01
     vertex -1.025425e+02 -2.622483e+01  1.900000e+01
     vertex -1.025425e+02 -2.622483e+01  2.400000e+01
   endloop
 endfacet
 facet normal  8.681124e-01 -4.963676e-01  0.000000e+00
   outer loop
     vertex -1.026359e+02 -2.637364e+01  2.400000e+01
     vertex -1.026795e+02 -2.644991e+01  1.900000e+01
     vertex -1.026359e+02 -2.637364e+01  1.900000e+01
   endloop
 endfacet
 facet normal  8.541580e-01 -5.200136e-01  0.000000e+00
   outer loop
     vertex -1.026359e+02 -2.637364e+01  2.400000e+01
     vertex -1.026359e+02 -2.637364e+01  1.900000e+01
     vertex -1.025902e+02 -2.629859e+01  2.400000e+01
   endloop
 endfacet
 facet normal  8.681124e-01 -4.963676e-01  0.000000e+00
   outer loop
     vertex -1.026795e+02 -2.644991e+01  2.400000e+01
     vertex -1.026795e+02 -2.644991e+01  1.900000e+01
     vertex -1.026359e+02 -2.637364e+01  2.400000e+01
   endloop
 endfacet
 facet normal  8.814125e-01 -4.723474e-01  0.000000e+00
   outer loop
     vertex -1.027210e+02 -2.652735e+01  2.400000e+01
     vertex -1.027210e+02 -2.652735e+01  1.900000e+01
     vertex -1.026795e+02 -2.644991e+01  1.900000e+01
   endloop
 endfacet
 facet normal  8.814125e-01 -4.723474e-01 -1.081401e-19
   outer loop
     vertex -1.027210e+02 -2.652735e+01  2.400000e+01
     vertex -1.026795e+02 -2.644991e+01  1.900000e+01
     vertex -1.026795e+02 -2.644991e+01  2.400000e+01
   endloop
 endfacet
 facet normal  8.940481e-01 -4.479711e-01  0.000000e+00
   outer loop
     vertex -1.027604e+02 -2.660590e+01  2.400000e+01
     vertex -1.027604e+02 -2.660590e+01  1.900000e+01
     vertex -1.027210e+02 -2.652735e+01  1.900000e+01
   endloop
 endfacet
 facet normal  8.940481e-01 -4.479711e-01 -1.474958e-19
   outer loop
     vertex -1.027604e+02 -2.660590e+01  2.400000e+01
     vertex -1.027210e+02 -2.652735e+01  1.900000e+01
     vertex -1.027210e+02 -2.652735e+01  2.400000e+01
   endloop
 endfacet
 facet normal  9.060096e-01 -4.232570e-01  0.000000e+00
   outer loop
     vertex -1.027976e+02 -2.668551e+01  2.400000e+01
     vertex -1.027976e+02 -2.668551e+01  1.900000e+01
     vertex -1.027604e+02 -2.660590e+01  1.900000e+01
   endloop
 endfacet
 facet normal  9.060096e-01 -4.232570e-01 -2.436014e-19
   outer loop
     vertex -1.027976e+02 -2.668551e+01  2.400000e+01
     vertex -1.027604e+02 -2.660590e+01  1.900000e+01
     vertex -1.027604e+02 -2.660590e+01  2.400000e+01
   endloop
 endfacet
 facet normal  9.172882e-01 -3.982239e-01  0.000000e+00
   outer loop
     vertex -1.028325e+02 -2.676610e+01  2.400000e+01
     vertex -1.028325e+02 -2.676610e+01  1.900000e+01
     vertex -1.027976e+02 -2.668551e+01  1.900000e+01
   endloop
 endfacet
 facet normal  9.172882e-01 -3.982239e-01 -4.035873e-19
   outer loop
     vertex -1.028325e+02 -2.676610e+01  2.400000e+01
     vertex -1.027976e+02 -2.668551e+01  1.900000e+01
     vertex -1.027976e+02 -2.668551e+01  2.400000e+01
   endloop
 endfacet
 facet normal  9.278753e-01 -3.728906e-01 -4.849587e-19
   outer loop
     vertex -1.028653e+02 -2.684762e+01  2.400000e+01
     vertex -1.028325e+02 -2.676610e+01  1.900000e+01
     vertex -1.028325e+02 -2.676610e+01  2.400000e+01
   endloop
 endfacet
 facet normal  9.278753e-01 -3.728906e-01  0.000000e+00
   outer loop
     vertex -1.028653e+02 -2.684762e+01  2.400000e+01
     vertex -1.028653e+02 -2.684762e+01  1.900000e+01
     vertex -1.028325e+02 -2.676610e+01  1.900000e+01
   endloop
 endfacet
 facet normal  9.377629e-01 -3.472762e-01 -2.104392e-19
   outer loop
     vertex -1.028958e+02 -2.693002e+01  2.400000e+01
     vertex -1.028653e+02 -2.684762e+01  1.900000e+01
     vertex -1.028653e+02 -2.684762e+01  2.400000e+01
   endloop
 endfacet
 facet normal  9.377629e-01 -3.472762e-01  0.000000e+00
   outer loop
     vertex -1.028958e+02 -2.693002e+01  2.400000e+01
     vertex -1.028958e+02 -2.693002e+01  1.900000e+01
     vertex -1.028653e+02 -2.684762e+01  1.900000e+01
   endloop
 endfacet
 facet normal  9.469435e-01 -3.214000e-01  4.081197e-19
   outer loop
     vertex -1.029241e+02 -2.701322e+01  2.400000e+01
     vertex -1.028958e+02 -2.693002e+01  1.900000e+01
     vertex -1.028958e+02 -2.693002e+01  2.400000e+01
   endloop
 endfacet
 facet normal  9.469435e-01 -3.214000e-01  0.000000e+00
   outer loop
     vertex -1.029241e+02 -2.701322e+01  2.400000e+01
     vertex -1.029241e+02 -2.701322e+01  1.900000e+01
     vertex -1.028958e+02 -2.693002e+01  1.900000e+01
   endloop
 endfacet
 facet normal  9.554103e-01 -2.952815e-01 -3.815727e-19
   outer loop
     vertex -1.029500e+02 -2.709716e+01  2.400000e+01
     vertex -1.029241e+02 -2.701322e+01  1.900000e+01
     vertex -1.029241e+02 -2.701322e+01  2.400000e+01
   endloop
 endfacet
 facet normal  9.554103e-01 -2.952815e-01  0.000000e+00
   outer loop
     vertex -1.029500e+02 -2.709716e+01  2.400000e+01
     vertex -1.029500e+02 -2.709716e+01  1.900000e+01
     vertex -1.029241e+02 -2.701322e+01  1.900000e+01
   endloop
 endfacet
 facet normal  9.631568e-01 -2.689404e-01  2.237798e-19
   outer loop
     vertex -1.029736e+02 -2.718178e+01  2.400000e+01
     vertex -1.029500e+02 -2.709716e+01  1.900000e+01
     vertex -1.029500e+02 -2.709716e+01  2.400000e+01
   endloop
 endfacet
 facet normal  9.631568e-01 -2.689404e-01  0.000000e+00
   outer loop
     vertex -1.029736e+02 -2.718178e+01  2.400000e+01
     vertex -1.029736e+02 -2.718178e+01  1.900000e+01
     vertex -1.029500e+02 -2.709716e+01  1.900000e+01
   endloop
 endfacet
 facet normal  9.701773e-01 -2.423966e-01 -1.196101e-19
   outer loop
     vertex -1.029949e+02 -2.726702e+01  2.400000e+01
     vertex -1.029736e+02 -2.718178e+01  1.900000e+01
     vertex -1.029736e+02 -2.718178e+01  2.400000e+01
   endloop
 endfacet
 facet normal  9.701773e-01 -2.423966e-01  0.000000e+00
   outer loop
     vertex -1.029949e+02 -2.726702e+01  2.400000e+01
     vertex -1.029949e+02 -2.726702e+01  1.900000e+01
     vertex -1.029736e+02 -2.718178e+01  1.900000e+01
   endloop
 endfacet
 facet normal  9.764663e-01 -2.156700e-01  0.000000e+00
   outer loop
     vertex -1.030139e+02 -2.735282e+01  2.400000e+01
     vertex -1.030139e+02 -2.735282e+01  1.900000e+01
     vertex -1.029949e+02 -2.726702e+01  1.900000e+01
   endloop
 endfacet
 facet normal  9.820192e-01 -1.887808e-01  0.000000e+00
   outer loop
     vertex -1.030139e+02 -2.735282e+01  2.400000e+01
     vertex -1.030305e+02 -2.743910e+01  1.900000e+01
     vertex -1.030139e+02 -2.735282e+01  1.900000e+01
   endloop
 endfacet
 facet normal  9.764663e-01 -2.156700e-01  1.637946e-19
   outer loop
     vertex -1.030139e+02 -2.735282e+01  2.400000e+01
     vertex -1.029949e+02 -2.726702e+01  1.900000e+01
     vertex -1.029949e+02 -2.726702e+01  2.400000e+01
   endloop
 endfacet
 facet normal  9.820192e-01 -1.887808e-01  0.000000e+00
   outer loop
     vertex -1.030305e+02 -2.743910e+01  2.400000e+01
     vertex -1.030305e+02 -2.743910e+01  1.900000e+01
     vertex -1.030139e+02 -2.735282e+01  2.400000e+01
   endloop
 endfacet
 facet normal  9.868319e-01 -1.617493e-01  0.000000e+00
   outer loop
     vertex -1.030447e+02 -2.752580e+01  2.400000e+01
     vertex -1.030447e+02 -2.752580e+01  1.900000e+01
     vertex -1.030305e+02 -2.743910e+01  1.900000e+01
   endloop
 endfacet
 facet normal  9.909006e-01 -1.345959e-01  0.000000e+00
   outer loop
     vertex -1.030447e+02 -2.752580e+01  2.400000e+01
     vertex -1.030565e+02 -2.761286e+01  1.900000e+01
     vertex -1.030447e+02 -2.752580e+01  1.900000e+01
   endloop
 endfacet
 facet normal  9.868319e-01 -1.617493e-01  2.054247e-19
   outer loop
     vertex -1.030447e+02 -2.752580e+01  2.400000e+01
     vertex -1.030305e+02 -2.743910e+01  1.900000e+01
     vertex -1.030305e+02 -2.743910e+01  2.400000e+01
   endloop
 endfacet
 facet normal  9.909006e-01 -1.345959e-01  0.000000e+00
   outer loop
     vertex -1.030565e+02 -2.761286e+01  2.400000e+01
     vertex -1.030565e+02 -2.761286e+01  1.900000e+01
     vertex -1.030447e+02 -2.752580e+01  2.400000e+01
   endloop
 endfacet
 facet normal  9.942223e-01 -1.073410e-01  0.000000e+00
   outer loop
     vertex -1.030659e+02 -2.770022e+01  2.400000e+01
     vertex -1.030659e+02 -2.770022e+01  1.900000e+01
     vertex -1.030565e+02 -2.761286e+01  1.900000e+01
   endloop
 endfacet
 facet normal  9.967944e-01 -8.000524e-02  0.000000e+00
   outer loop
     vertex -1.030659e+02 -2.770022e+01  2.400000e+01
     vertex -1.030730e+02 -2.778780e+01  1.900000e+01
     vertex -1.030659e+02 -2.770022e+01  1.900000e+01
   endloop
 endfacet
 facet normal  9.942223e-01 -1.073410e-01  4.095688e-20
   outer loop
     vertex -1.030659e+02 -2.770022e+01  2.400000e+01
     vertex -1.030565e+02 -2.761286e+01  1.900000e+01
     vertex -1.030565e+02 -2.761286e+01  2.400000e+01
   endloop
 endfacet
 facet normal  9.986152e-01 -5.260913e-02  0.000000e+00
   outer loop
     vertex -1.030730e+02 -2.778780e+01  2.400000e+01
     vertex -1.030776e+02 -2.787554e+01  1.900000e+01
     vertex -1.030730e+02 -2.778780e+01  1.900000e+01
   endloop
 endfacet
 facet normal  9.967944e-01 -8.000524e-02  0.000000e+00
   outer loop
     vertex -1.030730e+02 -2.778780e+01  2.400000e+01
     vertex -1.030730e+02 -2.778780e+01  1.900000e+01
     vertex -1.030659e+02 -2.770022e+01  2.400000e+01
   endloop
 endfacet
 facet normal  9.996831e-01 -2.517335e-02  0.000000e+00
   outer loop
     vertex -1.030776e+02 -2.787554e+01  2.400000e+01
     vertex -1.030798e+02 -2.796337e+01  1.900000e+01
     vertex -1.030776e+02 -2.787554e+01  1.900000e+01
   endloop
 endfacet
 facet normal  9.986152e-01 -5.260913e-02  0.000000e+00
   outer loop
     vertex -1.030776e+02 -2.787554e+01  2.400000e+01
     vertex -1.030776e+02 -2.787554e+01  1.900000e+01
     vertex -1.030730e+02 -2.778780e+01  2.400000e+01
   endloop
 endfacet
 facet normal  9.996831e-01 -2.517335e-02  0.000000e+00
   outer loop
     vertex -1.030798e+02 -2.796337e+01  2.400000e+01
     vertex -1.030798e+02 -2.796337e+01  1.900000e+01
     vertex -1.030776e+02 -2.787554e+01  2.400000e+01
   endloop
 endfacet
 facet normal  9.999974e-01  2.281405e-03  0.000000e+00
   outer loop
     vertex -1.030796e+02 -2.805123e+01  2.400000e+01
     vertex -1.030796e+02 -2.805123e+01  1.900000e+01
     vertex -1.030798e+02 -2.796337e+01  1.900000e+01
   endloop
 endfacet
 facet normal  9.999974e-01  2.281405e-03  2.657474e-21
   outer loop
     vertex -1.030796e+02 -2.805123e+01  2.400000e+01
     vertex -1.030798e+02 -2.796337e+01  1.900000e+01
     vertex -1.030798e+02 -2.796337e+01  2.400000e+01
   endloop
 endfacet
 facet normal  9.995578e-01  2.973444e-02  0.000000e+00
   outer loop
     vertex -1.030770e+02 -2.813905e+01  2.400000e+01
     vertex -1.030770e+02 -2.813905e+01  1.900000e+01
     vertex -1.030796e+02 -2.805123e+01  1.900000e+01
   endloop
 endfacet
 facet normal  9.983647e-01  5.716506e-02  0.000000e+00
   outer loop
     vertex -1.030770e+02 -2.813905e+01  2.400000e+01
     vertex -1.030720e+02 -2.822677e+01  1.900000e+01
     vertex -1.030770e+02 -2.813905e+01  1.900000e+01
   endloop
 endfacet
 facet normal  9.995578e-01  2.973444e-02  1.359766e-20
   outer loop
     vertex -1.030770e+02 -2.813905e+01  2.400000e+01
     vertex -1.030796e+02 -2.805123e+01  1.900000e+01
     vertex -1.030796e+02 -2.805123e+01  2.400000e+01
   endloop
 endfacet
 facet normal  9.983647e-01  5.716506e-02  0.000000e+00
   outer loop
     vertex -1.030720e+02 -2.822677e+01  2.400000e+01
     vertex -1.030720e+02 -2.822677e+01  1.900000e+01
     vertex -1.030770e+02 -2.813905e+01  2.400000e+01
   endloop
 endfacet
 facet normal  9.964190e-01  8.455258e-02  0.000000e+00
   outer loop
     vertex -1.030645e+02 -2.831432e+01  2.400000e+01
     vertex -1.030645e+02 -2.831432e+01  1.900000e+01
     vertex -1.030720e+02 -2.822677e+01  1.900000e+01
   endloop
 endfacet
 facet normal  9.937221e-01  1.118764e-01  0.000000e+00
   outer loop
     vertex -1.030645e+02 -2.831432e+01  2.400000e+01
     vertex -1.030547e+02 -2.840163e+01  1.900000e+01
     vertex -1.030645e+02 -2.831432e+01  1.900000e+01
   endloop
 endfacet
 facet normal  9.964190e-01  8.455258e-02 -1.123488e-19
   outer loop
     vertex -1.030645e+02 -2.831432e+01  2.400000e+01
     vertex -1.030720e+02 -2.822677e+01  1.900000e+01
     vertex -1.030720e+02 -2.822677e+01  2.400000e+01
   endloop
 endfacet
 facet normal  9.937221e-01  1.118764e-01  0.000000e+00
   outer loop
     vertex -1.030547e+02 -2.840163e+01  2.400000e+01
     vertex -1.030547e+02 -2.840163e+01  1.900000e+01
     vertex -1.030645e+02 -2.831432e+01  2.400000e+01
   endloop
 endfacet
 facet normal  9.902761e-01  1.391158e-01  0.000000e+00
   outer loop
     vertex -1.030425e+02 -2.848863e+01  2.400000e+01
     vertex -1.030425e+02 -2.848863e+01  1.900000e+01
     vertex -1.030547e+02 -2.840163e+01  1.900000e+01
   endloop
 endfacet
 facet normal  9.902761e-01  1.391158e-01  3.106302e-20
   outer loop
     vertex -1.030425e+02 -2.848863e+01  2.400000e+01
     vertex -1.030547e+02 -2.840163e+01  1.900000e+01
     vertex -1.030547e+02 -2.840163e+01  2.400000e+01
   endloop
 endfacet
 facet normal  9.860836e-01  1.662504e-01  0.000000e+00
   outer loop
     vertex -1.030279e+02 -2.857527e+01  2.400000e+01
     vertex -1.030279e+02 -2.857527e+01  1.900000e+01
     vertex -1.030425e+02 -2.848863e+01  1.900000e+01
   endloop
 endfacet
 facet normal  9.860836e-01  1.662504e-01 -1.213042e-19
   outer loop
     vertex -1.030279e+02 -2.857527e+01  2.400000e+01
     vertex -1.030425e+02 -2.848863e+01  1.900000e+01
     vertex -1.030425e+02 -2.848863e+01  2.400000e+01
   endloop
 endfacet
 facet normal  9.811477e-01  1.932596e-01  0.000000e+00
   outer loop
     vertex -1.030109e+02 -2.866147e+01  2.400000e+01
     vertex -1.030109e+02 -2.866147e+01  1.900000e+01
     vertex -1.030279e+02 -2.857527e+01  1.900000e+01
   endloop
 endfacet
 facet normal  9.811477e-01  1.932596e-01 -2.100916e-19
   outer loop
     vertex -1.030109e+02 -2.866147e+01  2.400000e+01
     vertex -1.030279e+02 -2.857527e+01  1.900000e+01
     vertex -1.030279e+02 -2.857527e+01  2.400000e+01
   endloop
 endfacet
 facet normal  9.754721e-01  2.201232e-01  0.000000e+00
   outer loop
     vertex -1.029915e+02 -2.874718e+01  2.400000e+01
     vertex -1.029915e+02 -2.874718e+01  1.900000e+01
     vertex -1.030109e+02 -2.866147e+01  1.900000e+01
   endloop
 endfacet
 facet normal  9.754721e-01  2.201232e-01 -1.880945e-19
   outer loop
     vertex -1.029915e+02 -2.874718e+01  2.400000e+01
     vertex -1.030109e+02 -2.866147e+01  1.900000e+01
     vertex -1.030109e+02 -2.866147e+01  2.400000e+01
   endloop
 endfacet
 facet normal  9.690611e-01  2.468208e-01  0.000000e+00
   outer loop
     vertex -1.029699e+02 -2.883232e+01  2.400000e+01
     vertex -1.029699e+02 -2.883232e+01  1.900000e+01
     vertex -1.029915e+02 -2.874718e+01  1.900000e+01
   endloop
 endfacet
 facet normal  9.619197e-01  2.733323e-01  0.000000e+00
   outer loop
     vertex -1.029699e+02 -2.883232e+01  2.400000e+01
     vertex -1.029458e+02 -2.891684e+01  1.900000e+01
     vertex -1.029699e+02 -2.883232e+01  1.900000e+01
   endloop
 endfacet
 facet normal  9.690611e-01  2.468208e-01  1.857340e-19
   outer loop
     vertex -1.029699e+02 -2.883232e+01  2.400000e+01
     vertex -1.029915e+02 -2.874718e+01  1.900000e+01
     vertex -1.029915e+02 -2.874718e+01  2.400000e+01
   endloop
 endfacet
 facet normal  9.619197e-01  2.733323e-01  0.000000e+00
   outer loop
     vertex -1.029458e+02 -2.891684e+01  2.400000e+01
     vertex -1.029458e+02 -2.891684e+01  1.900000e+01
     vertex -1.029699e+02 -2.883232e+01  2.400000e+01
   endloop
 endfacet
 facet normal  9.540530e-01  2.996378e-01 -2.802761e-20
   outer loop
     vertex -1.029195e+02 -2.900066e+01  2.400000e+01
     vertex -1.029458e+02 -2.891684e+01  1.900000e+01
     vertex -1.029458e+02 -2.891684e+01  2.400000e+01
   endloop
 endfacet
 facet normal  9.540530e-01  2.996378e-01  0.000000e+00
   outer loop
     vertex -1.029195e+02 -2.900066e+01  2.400000e+01
     vertex -1.029195e+02 -2.900066e+01  1.900000e+01
     vertex -1.029458e+02 -2.891684e+01  1.900000e+01
   endloop
 endfacet
 facet normal  9.454672e-01  3.257174e-01  2.808730e-19
   outer loop
     vertex -1.028909e+02 -2.908373e+01  2.400000e+01
     vertex -1.029195e+02 -2.900066e+01  1.900000e+01
     vertex -1.029195e+02 -2.900066e+01  2.400000e+01
   endloop
 endfacet
 facet normal  9.454672e-01  3.257174e-01  0.000000e+00
   outer loop
     vertex -1.028909e+02 -2.908373e+01  2.400000e+01
     vertex -1.028909e+02 -2.908373e+01  1.900000e+01
     vertex -1.029195e+02 -2.900066e+01  1.900000e+01
   endloop
 endfacet
 facet normal  9.361686e-01  3.515514e-01  0.000000e+00
   outer loop
     vertex -1.028909e+02 -2.908373e+01  2.400000e+01
     vertex -1.028600e+02 -2.916598e+01  1.900000e+01
     vertex -1.028909e+02 -2.908373e+01  1.900000e+01
   endloop
 endfacet
 facet normal  9.361686e-01  3.515514e-01  0.000000e+00
   outer loop
     vertex -1.028600e+02 -2.916598e+01  2.400000e+01
     vertex -1.028600e+02 -2.916598e+01  1.900000e+01
     vertex -1.028909e+02 -2.908373e+01  2.400000e+01
   endloop
 endfacet
 facet normal  9.261642e-01  3.771205e-01  4.441948e-19
   outer loop
     vertex -1.028269e+02 -2.924736e+01  2.400000e+01
     vertex -1.028600e+02 -2.916598e+01  1.900000e+01
     vertex -1.028600e+02 -2.916598e+01  2.400000e+01
   endloop
 endfacet
 facet normal  9.261642e-01  3.771205e-01  0.000000e+00
   outer loop
     vertex -1.028269e+02 -2.924736e+01  2.400000e+01
     vertex -1.028269e+02 -2.924736e+01  1.900000e+01
     vertex -1.028600e+02 -2.916598e+01  1.900000e+01
   endloop
 endfacet
 facet normal  9.154617e-01  4.024052e-01  0.000000e+00
   outer loop
     vertex -1.028269e+02 -2.924736e+01  2.400000e+01
     vertex -1.027915e+02 -2.932779e+01  1.900000e+01
     vertex -1.028269e+02 -2.924736e+01  1.900000e+01
   endloop
 endfacet
 facet normal  9.154617e-01  4.024052e-01  0.000000e+00
   outer loop
     vertex -1.027915e+02 -2.932779e+01  2.400000e+01
     vertex -1.027915e+02 -2.932779e+01  1.900000e+01
     vertex -1.028269e+02 -2.924736e+01  2.400000e+01
   endloop
 endfacet
 facet normal  9.040690e-01  4.273866e-01  0.000000e+00
   outer loop
     vertex -1.027915e+02 -2.932779e+01  2.400000e+01
     vertex -1.027540e+02 -2.940722e+01  1.900000e+01
     vertex -1.027915e+02 -2.932779e+01  1.900000e+01
   endloop
 endfacet
 facet normal  9.040690e-01  4.273866e-01  0.000000e+00
   outer loop
     vertex -1.027540e+02 -2.940722e+01  2.400000e+01
     vertex -1.027540e+02 -2.940722e+01  1.900000e+01
     vertex -1.027915e+02 -2.932779e+01  2.400000e+01
   endloop
 endfacet
 facet normal  8.919948e-01  4.520458e-01 -4.901473e-19
   outer loop
     vertex -1.027143e+02 -2.948560e+01  2.400000e+01
     vertex -1.027540e+02 -2.940722e+01  1.900000e+01
     vertex -1.027540e+02 -2.940722e+01  2.400000e+01
   endloop
 endfacet
 facet normal  8.919948e-01  4.520458e-01  0.000000e+00
   outer loop
     vertex -1.027143e+02 -2.948560e+01  2.400000e+01
     vertex -1.027143e+02 -2.948560e+01  1.900000e+01
     vertex -1.027540e+02 -2.940722e+01  1.900000e+01
   endloop
 endfacet
 facet normal  8.792481e-01  4.763642e-01  3.117149e-19
   outer loop
     vertex -1.026724e+02 -2.956285e+01  2.400000e+01
     vertex -1.027143e+02 -2.948560e+01  1.900000e+01
     vertex -1.027143e+02 -2.948560e+01  2.400000e+01
   endloop
 endfacet
 facet normal  8.792481e-01  4.763642e-01  0.000000e+00
   outer loop
     vertex -1.026724e+02 -2.956285e+01  2.400000e+01
     vertex -1.026724e+02 -2.956285e+01  1.900000e+01
     vertex -1.027143e+02 -2.948560e+01  1.900000e+01
   endloop
 endfacet
 facet normal  8.658386e-01  5.003234e-01  0.000000e+00
   outer loop
     vertex -1.026724e+02 -2.956285e+01  2.400000e+01
     vertex -1.026284e+02 -2.963892e+01  1.900000e+01
     vertex -1.026724e+02 -2.956285e+01  1.900000e+01
   endloop
 endfacet
 facet normal  8.658386e-01  5.003234e-01  0.000000e+00
   outer loop
     vertex -1.026284e+02 -2.963892e+01  2.400000e+01
     vertex -1.026284e+02 -2.963892e+01  1.900000e+01
     vertex -1.026724e+02 -2.956285e+01  2.400000e+01
   endloop
 endfacet
 facet normal  8.517764e-01  5.239056e-01  3.732600e-19
   outer loop
     vertex -1.025824e+02 -2.971376e+01  2.400000e+01
     vertex -1.026284e+02 -2.963892e+01  1.900000e+01
     vertex -1.026284e+02 -2.963892e+01  2.400000e+01
   endloop
 endfacet
 facet normal  8.517764e-01  5.239056e-01  0.000000e+00
   outer loop
     vertex -1.025824e+02 -2.971376e+01  2.400000e+01
     vertex -1.025824e+02 -2.971376e+01  1.900000e+01
     vertex -1.026284e+02 -2.963892e+01  1.900000e+01
   endloop
 endfacet
 facet normal  8.370720e-01  5.470927e-01  0.000000e+00
   outer loop
     vertex -1.025824e+02 -2.971376e+01  2.400000e+01
     vertex -1.025343e+02 -2.978730e+01  1.900000e+01
     vertex -1.025824e+02 -2.971376e+01  1.900000e+01
   endloop
 endfacet
 facet normal  8.370720e-01  5.470927e-01  0.000000e+00
   outer loop
     vertex -1.025343e+02 -2.978730e+01  2.400000e+01
     vertex -1.025343e+02 -2.978730e+01  1.900000e+01
     vertex -1.025824e+02 -2.971376e+01  2.400000e+01
   endloop
 endfacet
 facet normal  8.217366e-01  5.698675e-01 -1.837521e-20
   outer loop
     vertex -1.024843e+02 -2.985950e+01  2.400000e+01
     vertex -1.025343e+02 -2.978730e+01  1.900000e+01
     vertex -1.025343e+02 -2.978730e+01  2.400000e+01
   endloop
 endfacet
 facet normal  8.217366e-01  5.698675e-01  0.000000e+00
   outer loop
     vertex -1.024843e+02 -2.985950e+01  2.400000e+01
     vertex -1.024843e+02 -2.985950e+01  1.900000e+01
     vertex -1.025343e+02 -2.978730e+01  1.900000e+01
   endloop
 endfacet
 facet normal  8.057818e-01  5.922126e-01 -4.557060e-20
   outer loop
     vertex -1.024322e+02 -2.993030e+01  2.400000e+01
     vertex -1.024843e+02 -2.985950e+01  1.900000e+01
     vertex -1.024843e+02 -2.985950e+01  2.400000e+01
   endloop
 endfacet
 facet normal  8.057818e-01  5.922126e-01  0.000000e+00
   outer loop
     vertex -1.024322e+02 -2.993030e+01  2.400000e+01
     vertex -1.024322e+02 -2.993030e+01  1.900000e+01
     vertex -1.024843e+02 -2.985950e+01  1.900000e+01
   endloop
 endfacet
 facet normal  7.892195e-01  6.141113e-01  0.000000e+00
   outer loop
     vertex -1.023783e+02 -2.999964e+01  2.400000e+01
     vertex -1.023783e+02 -2.999964e+01  1.900000e+01
     vertex -1.024322e+02 -2.993030e+01  1.900000e+01
   endloop
 endfacet
 facet normal  7.892195e-01  6.141113e-01  3.839071e-19
   outer loop
     vertex -1.023783e+02 -2.999964e+01  2.400000e+01
     vertex -1.024322e+02 -2.993030e+01  1.900000e+01
     vertex -1.024322e+02 -2.993030e+01  2.400000e+01
   endloop
 endfacet
 facet normal  7.720622e-01  6.355470e-01  1.483258e-19
   outer loop
     vertex -1.023224e+02 -3.006748e+01  2.400000e+01
     vertex -1.023783e+02 -2.999964e+01  1.900000e+01
     vertex -1.023783e+02 -2.999964e+01  2.400000e+01
   endloop
 endfacet
 facet normal  7.720622e-01  6.355470e-01  0.000000e+00
   outer loop
     vertex -1.023224e+02 -3.006748e+01  2.400000e+01
     vertex -1.023224e+02 -3.006748e+01  1.900000e+01
     vertex -1.023783e+02 -2.999964e+01  1.900000e+01
   endloop
 endfacet
 facet normal  7.543229e-01  6.565036e-01  0.000000e+00
   outer loop
     vertex -1.022648e+02 -3.013375e+01  2.400000e+01
     vertex -1.022648e+02 -3.013375e+01  1.900000e+01
     vertex -1.023224e+02 -3.006748e+01  1.900000e+01
   endloop
 endfacet
 facet normal  7.543229e-01  6.565036e-01  1.005802e-19
   outer loop
     vertex -1.022648e+02 -3.013375e+01  2.400000e+01
     vertex -1.023224e+02 -3.006748e+01  1.900000e+01
     vertex -1.023224e+02 -3.006748e+01  2.400000e+01
   endloop
 endfacet
 facet normal  7.360149e-01  6.769653e-01  0.000000e+00
   outer loop
     vertex -1.022053e+02 -3.019842e+01  2.400000e+01
     vertex -1.022053e+02 -3.019842e+01  1.900000e+01
     vertex -1.022648e+02 -3.013375e+01  1.900000e+01
   endloop
 endfacet
 facet normal  7.171521e-01  6.969167e-01  0.000000e+00
   outer loop
     vertex -1.022053e+02 -3.019842e+01  2.400000e+01
     vertex -1.021441e+02 -3.026143e+01  1.900000e+01
     vertex -1.022053e+02 -3.019842e+01  1.900000e+01
   endloop
 endfacet
 facet normal  7.360149e-01  6.769653e-01 -1.377027e-19
   outer loop
     vertex -1.022053e+02 -3.019842e+01  2.400000e+01
     vertex -1.022648e+02 -3.013375e+01  1.900000e+01
     vertex -1.022648e+02 -3.013375e+01  2.400000e+01
   endloop
 endfacet
 facet normal  7.171521e-01  6.969167e-01  0.000000e+00
   outer loop
     vertex -1.021441e+02 -3.026143e+01  2.400000e+01
     vertex -1.021441e+02 -3.026143e+01  1.900000e+01
     vertex -1.022053e+02 -3.019842e+01  2.400000e+01
   endloop
 endfacet
 facet normal  6.977487e-01  7.163426e-01  0.000000e+00
   outer loop
     vertex -1.020811e+02 -3.032273e+01  2.400000e+01
     vertex -1.020811e+02 -3.032273e+01  1.900000e+01
     vertex -1.021441e+02 -3.026143e+01  1.900000e+01
   endloop
 endfacet
 facet normal  6.977487e-01  7.163426e-01  1.401155e-19
   outer loop
     vertex -1.020811e+02 -3.032273e+01  2.400000e+01
     vertex -1.021441e+02 -3.026143e+01  1.900000e+01
     vertex -1.021441e+02 -3.026143e+01  2.400000e+01
   endloop
 endfacet
 facet normal  6.778192e-01  7.352286e-01  0.000000e+00
   outer loop
     vertex -1.020165e+02 -3.038229e+01  2.400000e+01
     vertex -1.020165e+02 -3.038229e+01  1.900000e+01
     vertex -1.020811e+02 -3.032273e+01  1.900000e+01
   endloop
 endfacet
 facet normal  6.778192e-01  7.352286e-01 -4.599776e-19
   outer loop
     vertex -1.020165e+02 -3.038229e+01  2.400000e+01
     vertex -1.020811e+02 -3.032273e+01  1.900000e+01
     vertex -1.020811e+02 -3.032273e+01  2.400000e+01
   endloop
 endfacet
 facet normal  6.573788e-01  7.535603e-01  0.000000e+00
   outer loop
     vertex -1.019503e+02 -3.044004e+01  2.400000e+01
     vertex -1.019503e+02 -3.044004e+01  1.900000e+01
     vertex -1.020165e+02 -3.038229e+01  1.900000e+01
   endloop
 endfacet
 facet normal  6.573788e-01  7.535603e-01  4.170434e-19
   outer loop
     vertex -1.019503e+02 -3.044004e+01  2.400000e+01
     vertex -1.020165e+02 -3.038229e+01  1.900000e+01
     vertex -1.020165e+02 -3.038229e+01  2.400000e+01
   endloop
 endfacet
 facet normal  6.364428e-01  7.713239e-01  0.000000e+00
   outer loop
     vertex -1.018825e+02 -3.049596e+01  2.400000e+01
     vertex -1.018825e+02 -3.049596e+01  1.900000e+01
     vertex -1.019503e+02 -3.044004e+01  1.900000e+01
   endloop
 endfacet
 facet normal  6.364428e-01  7.713239e-01 -1.790327e-19
   outer loop
     vertex -1.018825e+02 -3.049596e+01  2.400000e+01
     vertex -1.019503e+02 -3.044004e+01  1.900000e+01
     vertex -1.019503e+02 -3.044004e+01  2.400000e+01
   endloop
 endfacet
 facet normal  6.150270e-01  7.885060e-01  0.000000e+00
   outer loop
     vertex -1.018133e+02 -3.055000e+01  2.400000e+01
     vertex -1.018133e+02 -3.055000e+01  1.900000e+01
     vertex -1.018825e+02 -3.049596e+01  1.900000e+01
   endloop
 endfacet
 facet normal  6.150270e-01  7.885060e-01  3.157831e-19
   outer loop
     vertex -1.018133e+02 -3.055000e+01  2.400000e+01
     vertex -1.018825e+02 -3.049596e+01  1.900000e+01
     vertex -1.018825e+02 -3.049596e+01  2.400000e+01
   endloop
 endfacet
 facet normal -6.148943e-01  7.886096e-01  2.124050e-19
   outer loop
     vertex -9.787830e+01  3.060336e+01  2.400000e+01
     vertex -9.794674e+01  3.055000e+01  1.900000e+01
     vertex -9.794674e+01  3.055000e+01  2.400000e+01
   endloop
 endfacet
 facet normal -6.148943e-01  7.886096e-01  0.000000e+00
   outer loop
     vertex -9.787830e+01  3.060336e+01  2.400000e+01
     vertex -9.787830e+01  3.060336e+01  1.900000e+01
     vertex -9.794674e+01  3.055000e+01  1.900000e+01
   endloop
 endfacet
 facet normal -6.360532e-01  7.716452e-01  0.000000e+00
   outer loop
     vertex -9.781133e+01  3.065856e+01  2.400000e+01
     vertex -9.781133e+01  3.065856e+01  1.900000e+01
     vertex -9.787830e+01  3.060336e+01  1.900000e+01
   endloop
 endfacet
 facet normal -6.360532e-01  7.716452e-01  5.019136e-20
   outer loop
     vertex -9.781133e+01  3.065856e+01  2.400000e+01
     vertex -9.787830e+01  3.060336e+01  1.900000e+01
     vertex -9.787830e+01  3.060336e+01  2.400000e+01
   endloop
 endfacet
 facet normal -6.567443e-01  7.541133e-01  0.000000e+00
   outer loop
     vertex -9.774589e+01  3.071556e+01  2.400000e+01
     vertex -9.774589e+01  3.071556e+01  1.900000e+01
     vertex -9.781133e+01  3.065856e+01  1.900000e+01
   endloop
 endfacet
 facet normal -6.567443e-01  7.541133e-01  8.636171e-20
   outer loop
     vertex -9.774589e+01  3.071556e+01  2.400000e+01
     vertex -9.781133e+01  3.065856e+01  1.900000e+01
     vertex -9.781133e+01  3.065856e+01  2.400000e+01
   endloop
 endfacet
 facet normal -6.769524e-01  7.360268e-01  0.000000e+00
   outer loop
     vertex -9.768201e+01  3.077430e+01  2.400000e+01
     vertex -9.768201e+01  3.077430e+01  1.900000e+01
     vertex -9.774589e+01  3.071556e+01  1.900000e+01
   endloop
 endfacet
 facet normal -6.769524e-01  7.360268e-01  4.596623e-19
   outer loop
     vertex -9.768201e+01  3.077430e+01  2.400000e+01
     vertex -9.774589e+01  3.071556e+01  1.900000e+01
     vertex -9.774589e+01  3.071556e+01  2.400000e+01
   endloop
 endfacet
 facet normal -6.966626e-01  7.173990e-01  0.000000e+00
   outer loop
     vertex -9.761976e+01  3.083476e+01  2.400000e+01
     vertex -9.761976e+01  3.083476e+01  1.900000e+01
     vertex -9.768201e+01  3.077430e+01  1.900000e+01
   endloop
 endfacet
 facet normal -7.158604e-01  6.982435e-01  0.000000e+00
   outer loop
     vertex -9.761976e+01  3.083476e+01  2.400000e+01
     vertex -9.755916e+01  3.089689e+01  1.900000e+01
     vertex -9.761976e+01  3.083476e+01  1.900000e+01
   endloop
 endfacet
 facet normal -6.966626e-01  7.173990e-01 -4.876589e-19
   outer loop
     vertex -9.761976e+01  3.083476e+01  2.400000e+01
     vertex -9.768201e+01  3.077430e+01  1.900000e+01
     vertex -9.768201e+01  3.077430e+01  2.400000e+01
   endloop
 endfacet
 facet normal -7.345317e-01  6.785744e-01  0.000000e+00
   outer loop
     vertex -9.755916e+01  3.089689e+01  2.400000e+01
     vertex -9.750027e+01  3.096063e+01  1.900000e+01
     vertex -9.755916e+01  3.089689e+01  1.900000e+01
   endloop
 endfacet
 facet normal -7.158604e-01  6.982435e-01  0.000000e+00
   outer loop
     vertex -9.755916e+01  3.089689e+01  2.400000e+01
     vertex -9.755916e+01  3.089689e+01  1.900000e+01
     vertex -9.761976e+01  3.083476e+01  2.400000e+01
   endloop
 endfacet
 facet normal -7.345317e-01  6.785744e-01  0.000000e+00
   outer loop
     vertex -9.750027e+01  3.096063e+01  2.400000e+01
     vertex -9.750027e+01  3.096063e+01  1.900000e+01
     vertex -9.755916e+01  3.089689e+01  2.400000e+01
   endloop
 endfacet
 facet normal -7.526627e-01  6.584063e-01  4.685172e-19
   outer loop
     vertex -9.744313e+01  3.102595e+01  2.400000e+01
     vertex -9.750027e+01  3.096063e+01  1.900000e+01
     vertex -9.750027e+01  3.096063e+01  2.400000e+01
   endloop
 endfacet
 facet normal -7.526627e-01  6.584063e-01  0.000000e+00
   outer loop
     vertex -9.744313e+01  3.102595e+01  2.400000e+01
     vertex -9.744313e+01  3.102595e+01  1.900000e+01
     vertex -9.750027e+01  3.096063e+01  1.900000e+01
   endloop
 endfacet
 facet normal -7.702402e-01  6.377539e-01  0.000000e+00
   outer loop
     vertex -9.738778e+01  3.109280e+01  2.400000e+01
     vertex -9.738778e+01  3.109280e+01  1.900000e+01
     vertex -9.744313e+01  3.102595e+01  1.900000e+01
   endloop
 endfacet
 facet normal -7.872512e-01  6.166324e-01  0.000000e+00
   outer loop
     vertex -9.738778e+01  3.109280e+01  2.400000e+01
     vertex -9.733427e+01  3.116112e+01  1.900000e+01
     vertex -9.738778e+01  3.109280e+01  1.900000e+01
   endloop
 endfacet
 facet normal -7.702402e-01  6.377539e-01 -4.014244e-19
   outer loop
     vertex -9.738778e+01  3.109280e+01  2.400000e+01
     vertex -9.744313e+01  3.102595e+01  1.900000e+01
     vertex -9.744313e+01  3.102595e+01  2.400000e+01
   endloop
 endfacet
 facet normal -7.872512e-01  6.166324e-01  0.000000e+00
   outer loop
     vertex -9.733427e+01  3.116112e+01  2.400000e+01
     vertex -9.733427e+01  3.116112e+01  1.900000e+01
     vertex -9.738778e+01  3.109280e+01  2.400000e+01
   endloop
 endfacet
 facet normal -8.036832e-01  5.950575e-01  0.000000e+00
   outer loop
     vertex -9.733427e+01  3.116112e+01  2.400000e+01
     vertex -9.728263e+01  3.123086e+01  1.900000e+01
     vertex -9.733427e+01  3.116112e+01  1.900000e+01
   endloop
 endfacet
 facet normal -8.036832e-01  5.950575e-01  0.000000e+00
   outer loop
     vertex -9.728263e+01  3.123086e+01  2.400000e+01
     vertex -9.728263e+01  3.123086e+01  1.900000e+01
     vertex -9.733427e+01  3.116112e+01  2.400000e+01
   endloop
 endfacet
 facet normal -8.195240e-01  5.730448e-01  0.000000e+00
   outer loop
     vertex -9.723290e+01  3.130199e+01  2.400000e+01
     vertex -9.723290e+01  3.130199e+01  1.900000e+01
     vertex -9.728263e+01  3.123086e+01  1.900000e+01
   endloop
 endfacet
 facet normal -8.195240e-01  5.730448e-01 -3.234327e-19
   outer loop
     vertex -9.723290e+01  3.130199e+01  2.400000e+01
     vertex -9.728263e+01  3.123086e+01  1.900000e+01
     vertex -9.728263e+01  3.123086e+01  2.400000e+01
   endloop
 endfacet
 facet normal -8.347621e-01  5.506107e-01  0.000000e+00
   outer loop
     vertex -9.718511e+01  3.137443e+01  2.400000e+01
     vertex -9.718511e+01  3.137443e+01  1.900000e+01
     vertex -9.723290e+01  3.130199e+01  1.900000e+01
   endloop
 endfacet
 facet normal -8.347621e-01  5.506107e-01 -2.273705e-19
   outer loop
     vertex -9.718511e+01  3.137443e+01  2.400000e+01
     vertex -9.723290e+01  3.130199e+01  1.900000e+01
     vertex -9.723290e+01  3.130199e+01  2.400000e+01
   endloop
 endfacet
 facet normal -8.493863e-01  5.277717e-01  0.000000e+00
   outer loop
     vertex -9.713931e+01  3.144814e+01  2.400000e+01
     vertex -9.713931e+01  3.144814e+01  1.900000e+01
     vertex -9.718511e+01  3.137443e+01  1.900000e+01
   endloop
 endfacet
 facet normal -8.493863e-01  5.277717e-01  2.799245e-19
   outer loop
     vertex -9.713931e+01  3.144814e+01  2.400000e+01
     vertex -9.718511e+01  3.137443e+01  1.900000e+01
     vertex -9.718511e+01  3.137443e+01  2.400000e+01
   endloop
 endfacet
 facet normal -8.633857e-01  5.045444e-01  0.000000e+00
   outer loop
     vertex -9.709553e+01  3.152307e+01  2.400000e+01
     vertex -9.709553e+01  3.152307e+01  1.900000e+01
     vertex -9.713931e+01  3.144814e+01  1.900000e+01
   endloop
 endfacet
 facet normal -8.767502e-01  4.809461e-01  0.000000e+00
   outer loop
     vertex -9.709553e+01  3.152307e+01  2.400000e+01
     vertex -9.705379e+01  3.159916e+01  1.900000e+01
     vertex -9.709553e+01  3.152307e+01  1.900000e+01
   endloop
 endfacet
 facet normal -8.633857e-01  5.045444e-01  2.707582e-19
   outer loop
     vertex -9.709553e+01  3.152307e+01  2.400000e+01
     vertex -9.713931e+01  3.144814e+01  1.900000e+01
     vertex -9.713931e+01  3.144814e+01  2.400000e+01
   endloop
 endfacet
 facet normal -8.894697e-01  4.569941e-01  0.000000e+00
   outer loop
     vertex -9.705379e+01  3.159916e+01  2.400000e+01
     vertex -9.701413e+01  3.167635e+01  1.900000e+01
     vertex -9.705379e+01  3.159916e+01  1.900000e+01
   endloop
 endfacet
 facet normal -8.767502e-01  4.809461e-01  0.000000e+00
   outer loop
     vertex -9.705379e+01  3.159916e+01  2.400000e+01
     vertex -9.705379e+01  3.159916e+01  1.900000e+01
     vertex -9.709553e+01  3.152307e+01  2.400000e+01
   endloop
 endfacet
 facet normal -8.894697e-01  4.569941e-01  0.000000e+00
   outer loop
     vertex -9.701413e+01  3.167635e+01  2.400000e+01
     vertex -9.701413e+01  3.167635e+01  1.900000e+01
     vertex -9.705379e+01  3.159916e+01  2.400000e+01
   endloop
 endfacet
 facet normal -9.015351e-01  4.327059e-01  0.000000e+00
   outer loop
     vertex -9.697658e+01  3.175459e+01  2.400000e+01
     vertex -9.697658e+01  3.175459e+01  1.900000e+01
     vertex -9.701413e+01  3.167635e+01  1.900000e+01
   endloop
 endfacet
 facet normal -9.015351e-01  4.327059e-01 -4.339352e-19
   outer loop
     vertex -9.697658e+01  3.175459e+01  2.400000e+01
     vertex -9.701413e+01  3.167635e+01  1.900000e+01
     vertex -9.701413e+01  3.167635e+01  2.400000e+01
   endloop
 endfacet
 facet normal -9.129375e-01  4.080995e-01  0.000000e+00
   outer loop
     vertex -9.694116e+01  3.183382e+01  2.400000e+01
     vertex -9.694116e+01  3.183382e+01  1.900000e+01
     vertex -9.697658e+01  3.175459e+01  1.900000e+01
   endloop
 endfacet
 facet normal -9.129375e-01  4.080995e-01 -2.808464e-19
   outer loop
     vertex -9.694116e+01  3.183382e+01  2.400000e+01
     vertex -9.697658e+01  3.175459e+01  1.900000e+01
     vertex -9.697658e+01  3.175459e+01  2.400000e+01
   endloop
 endfacet
 facet normal -9.236683e-01  3.831929e-01  0.000000e+00
   outer loop
     vertex -9.690791e+01  3.191398e+01  2.400000e+01
     vertex -9.690791e+01  3.191398e+01  1.900000e+01
     vertex -9.694116e+01  3.183382e+01  1.900000e+01
   endloop
 endfacet
 facet normal -9.236683e-01  3.831929e-01  6.009179e-20
   outer loop
     vertex -9.690791e+01  3.191398e+01  2.400000e+01
     vertex -9.694116e+01  3.183382e+01  1.900000e+01
     vertex -9.694116e+01  3.183382e+01  2.400000e+01
   endloop
 endfacet
 facet normal -9.337199e-01  3.580045e-01  0.000000e+00
   outer loop
     vertex -9.687684e+01  3.199501e+01  2.400000e+01
     vertex -9.687684e+01  3.199501e+01  1.900000e+01
     vertex -9.690791e+01  3.191398e+01  1.900000e+01
   endloop
 endfacet
 facet normal -9.337199e-01  3.580045e-01 -4.042386e-19
   outer loop
     vertex -9.687684e+01  3.199501e+01  2.400000e+01
     vertex -9.690791e+01  3.191398e+01  1.900000e+01
     vertex -9.690791e+01  3.191398e+01  2.400000e+01
   endloop
 endfacet
 facet normal -9.430846e-01  3.325528e-01  0.000000e+00
   outer loop
     vertex -9.684798e+01  3.207685e+01  2.400000e+01
     vertex -9.684798e+01  3.207685e+01  1.900000e+01
     vertex -9.687684e+01  3.199501e+01  1.900000e+01
   endloop
 endfacet
 facet normal -9.430846e-01  3.325528e-01 -1.095716e-19
   outer loop
     vertex -9.684798e+01  3.207685e+01  2.400000e+01
     vertex -9.687684e+01  3.199501e+01  1.900000e+01
     vertex -9.687684e+01  3.199501e+01  2.400000e+01
   endloop
 endfacet
 facet normal -9.517558e-01  3.068565e-01  0.000000e+00
   outer loop
     vertex -9.682135e+01  3.215945e+01  2.400000e+01
     vertex -9.682135e+01  3.215945e+01  1.900000e+01
     vertex -9.684798e+01  3.207685e+01  1.900000e+01
   endloop
 endfacet
 facet normal -9.597269e-01  2.809345e-01  0.000000e+00
   outer loop
     vertex -9.682135e+01  3.215945e+01  2.400000e+01
     vertex -9.679697e+01  3.224274e+01  1.900000e+01
     vertex -9.682135e+01  3.215945e+01  1.900000e+01
   endloop
 endfacet
 facet normal -9.517558e-01  3.068565e-01  4.855919e-19
   outer loop
     vertex -9.682135e+01  3.215945e+01  2.400000e+01
     vertex -9.684798e+01  3.207685e+01  1.900000e+01
     vertex -9.684798e+01  3.207685e+01  2.400000e+01
   endloop
 endfacet
 facet normal -9.597269e-01  2.809345e-01  0.000000e+00
   outer loop
     vertex -9.679697e+01  3.224274e+01  2.400000e+01
     vertex -9.679697e+01  3.224274e+01  1.900000e+01
     vertex -9.682135e+01  3.215945e+01  2.400000e+01
   endloop
 endfacet
 facet normal -9.669922e-01  2.548059e-01  0.000000e+00
   outer loop
     vertex -9.677485e+01  3.232666e+01  2.400000e+01
     vertex -9.677485e+01  3.232666e+01  1.900000e+01
     vertex -9.679697e+01  3.224274e+01  1.900000e+01
   endloop
 endfacet
 facet normal -9.669922e-01  2.548059e-01 -1.487591e-19
   outer loop
     vertex -9.677485e+01  3.232666e+01  2.400000e+01
     vertex -9.679697e+01  3.224274e+01  1.900000e+01
     vertex -9.679697e+01  3.224274e+01  2.400000e+01
   endloop
 endfacet
 facet normal -9.735463e-01  2.284898e-01  0.000000e+00
   outer loop
     vertex -9.675502e+01  3.241114e+01  2.400000e+01
     vertex -9.675502e+01  3.241114e+01  1.900000e+01
     vertex -9.677485e+01  3.232666e+01  1.900000e+01
   endloop
 endfacet
 facet normal -9.735463e-01  2.284898e-01 -9.528338e-21
   outer loop
     vertex -9.675502e+01  3.241114e+01  2.400000e+01
     vertex -9.677485e+01  3.232666e+01  1.900000e+01
     vertex -9.677485e+01  3.232666e+01  2.400000e+01
   endloop
 endfacet
 facet normal -9.793843e-01  2.020058e-01  0.000000e+00
   outer loop
     vertex -9.673749e+01  3.249614e+01  2.400000e+01
     vertex -9.673749e+01  3.249614e+01  1.900000e+01
     vertex -9.675502e+01  3.241114e+01  1.900000e+01
   endloop
 endfacet
 facet normal -9.793843e-01  2.020058e-01  2.137328e-20
   outer loop
     vertex -9.673749e+01  3.249614e+01  2.400000e+01
     vertex -9.675502e+01  3.241114e+01  1.900000e+01
     vertex -9.675502e+01  3.241114e+01  2.400000e+01
   endloop
 endfacet
 facet normal -9.845020e-01  1.753731e-01  0.000000e+00
   outer loop
     vertex -9.672227e+01  3.258158e+01  2.400000e+01
     vertex -9.672227e+01  3.258158e+01  1.900000e+01
     vertex -9.673749e+01  3.249614e+01  1.900000e+01
   endloop
 endfacet
 facet normal -9.888957e-01  1.486115e-01  0.000000e+00
   outer loop
     vertex -9.672227e+01  3.258158e+01  2.400000e+01
     vertex -9.670938e+01  3.266740e+01  1.900000e+01
     vertex -9.672227e+01  3.258158e+01  1.900000e+01
   endloop
 endfacet
 facet normal -9.845020e-01  1.753731e-01 -1.237988e-19
   outer loop
     vertex -9.672227e+01  3.258158e+01  2.400000e+01
     vertex -9.673749e+01  3.249614e+01  1.900000e+01
     vertex -9.673749e+01  3.249614e+01  2.400000e+01
   endloop
 endfacet
 facet normal -9.888957e-01  1.486115e-01  0.000000e+00
   outer loop
     vertex -9.670938e+01  3.266740e+01  2.400000e+01
     vertex -9.670938e+01  3.266740e+01  1.900000e+01
     vertex -9.672227e+01  3.258158e+01  2.400000e+01
   endloop
 endfacet
 facet normal -9.925620e-01  1.217405e-01  0.000000e+00
   outer loop
     vertex -9.669881e+01  3.275354e+01  2.400000e+01
     vertex -9.669881e+01  3.275354e+01  1.900000e+01
     vertex -9.670938e+01  3.266740e+01  1.900000e+01
   endloop
 endfacet
 facet normal -9.954982e-01  9.478007e-02  0.000000e+00
   outer loop
     vertex -9.669881e+01  3.275354e+01  2.400000e+01
     vertex -9.669059e+01  3.283993e+01  1.900000e+01
     vertex -9.669881e+01  3.275354e+01  1.900000e+01
   endloop
 endfacet
 facet normal -9.925620e-01  1.217405e-01 -5.267594e-21
   outer loop
     vertex -9.669881e+01  3.275354e+01  2.400000e+01
     vertex -9.670938e+01  3.266740e+01  1.900000e+01
     vertex -9.670938e+01  3.266740e+01  2.400000e+01
   endloop
 endfacet
 facet normal -9.954982e-01  9.478007e-02  0.000000e+00
   outer loop
     vertex -9.669059e+01  3.283993e+01  2.400000e+01
     vertex -9.669059e+01  3.283993e+01  1.900000e+01
     vertex -9.669881e+01  3.275354e+01  2.400000e+01
   endloop
 endfacet
 facet normal -9.977023e-01  6.774989e-02  0.000000e+00
   outer loop
     vertex -9.668471e+01  3.292651e+01  2.400000e+01
     vertex -9.668471e+01  3.292651e+01  1.900000e+01
     vertex -9.669059e+01  3.283993e+01  1.900000e+01
   endloop
 endfacet
 facet normal -9.977023e-01  6.774989e-02 -1.159992e-19
   outer loop
     vertex -9.668471e+01  3.292651e+01  2.400000e+01
     vertex -9.669059e+01  3.283993e+01  1.900000e+01
     vertex -9.669059e+01  3.283993e+01  2.400000e+01
   endloop
 endfacet
 facet normal -9.991726e-01  4.066988e-02  0.000000e+00
   outer loop
     vertex -9.668118e+01  3.301322e+01  2.400000e+01
     vertex -9.668118e+01  3.301322e+01  1.900000e+01
     vertex -9.668471e+01  3.292651e+01  1.900000e+01
   endloop
 endfacet
 facet normal -9.991726e-01  4.066988e-02 -2.256627e-20
   outer loop
     vertex -9.668118e+01  3.301322e+01  2.400000e+01
     vertex -9.668471e+01  3.292651e+01  1.900000e+01
     vertex -9.668471e+01  3.292651e+01  2.400000e+01
   endloop
 endfacet
 facet normal -9.999081e-01  1.355995e-02  0.000000e+00
   outer loop
     vertex -9.668000e+01  3.310000e+01  2.400000e+01
     vertex -9.668000e+01  3.310000e+01  1.900000e+01
     vertex -9.668118e+01  3.301322e+01  1.900000e+01
   endloop
 endfacet
 facet normal -9.999081e-01  1.355995e-02 -1.482763e-20
   outer loop
     vertex -9.668000e+01  3.310000e+01  2.400000e+01
     vertex -9.668118e+01  3.301322e+01  1.900000e+01
     vertex -9.668118e+01  3.301322e+01  2.400000e+01
   endloop
 endfacet
 facet normal -9.999058e-01 -1.372828e-02 -4.362508e-21
   outer loop
     vertex -9.668121e+01  3.318785e+01  2.400000e+01
     vertex -9.668000e+01  3.310000e+01  1.900000e+01
     vertex -9.668000e+01  3.310000e+01  2.400000e+01
   endloop
 endfacet
 facet normal -9.999058e-01 -1.372828e-02 -0.000000e+00
   outer loop
     vertex -9.668121e+01  3.318785e+01  2.400000e+01
     vertex -9.668121e+01  3.318785e+01  1.900000e+01
     vertex -9.668000e+01  3.310000e+01  1.900000e+01
   endloop
 endfacet
 facet normal -9.991520e-01 -4.117448e-02 -0.000000e+00
   outer loop
     vertex -9.668121e+01  3.318785e+01  2.400000e+01
     vertex -9.668482e+01  3.327564e+01  1.900000e+01
     vertex -9.668121e+01  3.318785e+01  1.900000e+01
   endloop
 endfacet
 facet normal -9.991520e-01 -4.117448e-02 -0.000000e+00
   outer loop
     vertex -9.668482e+01  3.327564e+01  2.400000e+01
     vertex -9.668482e+01  3.327564e+01  1.900000e+01
     vertex -9.668121e+01  3.318785e+01  2.400000e+01
   endloop
 endfacet
 facet normal -9.976450e-01 -6.858964e-02  2.833547e-20
   outer loop
     vertex -9.669085e+01  3.336329e+01  2.400000e+01
     vertex -9.668482e+01  3.327564e+01  1.900000e+01
     vertex -9.668482e+01  3.327564e+01  2.400000e+01
   endloop
 endfacet
 facet normal -9.976450e-01 -6.858964e-02 -0.000000e+00
   outer loop
     vertex -9.669085e+01  3.336329e+01  2.400000e+01
     vertex -9.669085e+01  3.336329e+01  1.900000e+01
     vertex -9.668482e+01  3.327564e+01  1.900000e+01
   endloop
 endfacet
 facet normal -9.953859e-01 -9.595310e-02 -8.593111e-20
   outer loop
     vertex -9.669928e+01  3.345075e+01  2.400000e+01
     vertex -9.669085e+01  3.336329e+01  1.900000e+01
     vertex -9.669085e+01  3.336329e+01  2.400000e+01
   endloop
 endfacet
 facet normal -9.953859e-01 -9.595310e-02 -0.000000e+00
   outer loop
     vertex -9.669928e+01  3.345075e+01  2.400000e+01
     vertex -9.669928e+01  3.345075e+01  1.900000e+01
     vertex -9.669085e+01  3.336329e+01  1.900000e+01
   endloop
 endfacet
 facet normal -9.923764e-01 -1.232442e-01 -2.841325e-20
   outer loop
     vertex -9.671011e+01  3.353794e+01  2.400000e+01
     vertex -9.669928e+01  3.345075e+01  1.900000e+01
     vertex -9.669928e+01  3.345075e+01  2.400000e+01
   endloop
 endfacet
 facet normal -9.923764e-01 -1.232442e-01 -0.000000e+00
   outer loop
     vertex -9.671011e+01  3.353794e+01  2.400000e+01
     vertex -9.671011e+01  3.353794e+01  1.900000e+01
     vertex -9.669928e+01  3.345075e+01  1.900000e+01
   endloop
 endfacet
 facet normal -9.886188e-01 -1.504424e-01 -0.000000e+00
   outer loop
     vertex -9.671011e+01  3.353794e+01  2.400000e+01
     vertex -9.672333e+01  3.362480e+01  1.900000e+01
     vertex -9.671011e+01  3.353794e+01  1.900000e+01
   endloop
 endfacet
 facet normal -9.886188e-01 -1.504424e-01 -0.000000e+00
   outer loop
     vertex -9.672333e+01  3.362480e+01  2.400000e+01
     vertex -9.672333e+01  3.362480e+01  1.900000e+01
     vertex -9.671011e+01  3.353794e+01  2.400000e+01
   endloop
 endfacet
 facet normal -9.841159e-01 -1.775272e-01 -4.107200e-20
   outer loop
     vertex -9.673892e+01  3.371127e+01  2.400000e+01
     vertex -9.672333e+01  3.362480e+01  1.900000e+01
     vertex -9.672333e+01  3.362480e+01  2.400000e+01
   endloop
 endfacet
 facet normal -9.841159e-01 -1.775272e-01 -0.000000e+00
   outer loop
     vertex -9.673892e+01  3.371127e+01  2.400000e+01
     vertex -9.673892e+01  3.371127e+01  1.900000e+01
     vertex -9.672333e+01  3.362480e+01  1.900000e+01
   endloop
 endfacet
 facet normal -9.788711e-01 -2.044782e-01 -2.410791e-20
   outer loop
     vertex -9.675689e+01  3.379727e+01  2.400000e+01
     vertex -9.673892e+01  3.371127e+01  1.900000e+01
     vertex -9.673892e+01  3.371127e+01  2.400000e+01
   endloop
 endfacet
 facet normal -9.788711e-01 -2.044782e-01 -0.000000e+00
   outer loop
     vertex -9.675689e+01  3.379727e+01  2.400000e+01
     vertex -9.675689e+01  3.379727e+01  1.900000e+01
     vertex -9.673892e+01  3.371127e+01  1.900000e+01
   endloop
 endfacet
 facet normal -9.728884e-01 -2.312750e-01 -2.285260e-19
   outer loop
     vertex -9.677721e+01  3.388275e+01  2.400000e+01
     vertex -9.675689e+01  3.379727e+01  1.900000e+01
     vertex -9.675689e+01  3.379727e+01  2.400000e+01
   endloop
 endfacet
 facet normal -9.728884e-01 -2.312750e-01 -0.000000e+00
   outer loop
     vertex -9.677721e+01  3.388275e+01  2.400000e+01
     vertex -9.677721e+01  3.388275e+01  1.900000e+01
     vertex -9.675689e+01  3.379727e+01  1.900000e+01
   endloop
 endfacet
 facet normal -9.661723e-01 -2.578975e-01 -1.755688e-19
   outer loop
     vertex -9.679987e+01  3.396764e+01  2.400000e+01
     vertex -9.677721e+01  3.388275e+01  1.900000e+01
     vertex -9.677721e+01  3.388275e+01  2.400000e+01
   endloop
 endfacet
 facet normal -9.661723e-01 -2.578975e-01 -0.000000e+00
   outer loop
     vertex -9.679987e+01  3.396764e+01  2.400000e+01
     vertex -9.679987e+01  3.396764e+01  1.900000e+01
     vertex -9.677721e+01  3.388275e+01  1.900000e+01
   endloop
 endfacet
 facet normal -9.587278e-01 -2.843255e-01 -0.000000e+00
   outer loop
     vertex -9.682485e+01  3.405187e+01  2.400000e+01
     vertex -9.682485e+01  3.405187e+01  1.900000e+01
     vertex -9.679987e+01  3.396764e+01  1.900000e+01
   endloop
 endfacet
 facet normal -9.505606e-01 -3.105393e-01 -0.000000e+00
   outer loop
     vertex -9.682485e+01  3.405187e+01  2.400000e+01
     vertex -9.685214e+01  3.413539e+01  1.900000e+01
     vertex -9.682485e+01  3.405187e+01  1.900000e+01
   endloop
 endfacet
 facet normal -9.587278e-01 -2.843255e-01 -4.328397e-19
   outer loop
     vertex -9.682485e+01  3.405187e+01  2.400000e+01
     vertex -9.679987e+01  3.396764e+01  1.900000e+01
     vertex -9.679987e+01  3.396764e+01  2.400000e+01
   endloop
 endfacet
 facet normal -9.505606e-01 -3.105393e-01 -0.000000e+00
   outer loop
     vertex -9.685214e+01  3.413539e+01  2.400000e+01
     vertex -9.685214e+01  3.413539e+01  1.900000e+01
     vertex -9.682485e+01  3.405187e+01  2.400000e+01
   endloop
 endfacet
 facet normal -9.416767e-01 -3.365189e-01 -0.000000e+00
   outer loop
     vertex -9.688170e+01  3.421813e+01  2.400000e+01
     vertex -9.688170e+01  3.421813e+01  1.900000e+01
     vertex -9.685214e+01  3.413539e+01  1.900000e+01
   endloop
 endfacet
 facet normal -9.416767e-01 -3.365189e-01  1.932503e-19
   outer loop
     vertex -9.688170e+01  3.421813e+01  2.400000e+01
     vertex -9.685214e+01  3.413539e+01  1.900000e+01
     vertex -9.685214e+01  3.413539e+01  2.400000e+01
   endloop
 endfacet
 facet normal -9.320830e-01 -3.622448e-01 -0.000000e+00
   outer loop
     vertex -9.691353e+01  3.430002e+01  2.400000e+01
     vertex -9.691353e+01  3.430002e+01  1.900000e+01
     vertex -9.688170e+01  3.421813e+01  1.900000e+01
   endloop
 endfacet
 facet normal -9.217866e-01 -3.876976e-01 -0.000000e+00
   outer loop
     vertex -9.691353e+01  3.430002e+01  2.400000e+01
     vertex -9.694759e+01  3.438101e+01  1.900000e+01
     vertex -9.691353e+01  3.430002e+01  1.900000e+01
   endloop
 endfacet
 facet normal -9.320830e-01 -3.622448e-01 -3.355069e-19
   outer loop
     vertex -9.691353e+01  3.430002e+01  2.400000e+01
     vertex -9.688170e+01  3.421813e+01  1.900000e+01
     vertex -9.688170e+01  3.421813e+01  2.400000e+01
   endloop
 endfacet
 facet normal -9.107953e-01 -4.128582e-01 -0.000000e+00
   outer loop
     vertex -9.694759e+01  3.438101e+01  2.400000e+01
     vertex -9.698387e+01  3.446103e+01  1.900000e+01
     vertex -9.694759e+01  3.438101e+01  1.900000e+01
   endloop
 endfacet
 facet normal -9.217866e-01 -3.876976e-01 -0.000000e+00
   outer loop
     vertex -9.694759e+01  3.438101e+01  2.400000e+01
     vertex -9.694759e+01  3.438101e+01  1.900000e+01
     vertex -9.691353e+01  3.430002e+01  2.400000e+01
   endloop
 endfacet
 facet normal -9.107953e-01 -4.128582e-01 -0.000000e+00
   outer loop
     vertex -9.698387e+01  3.446103e+01  2.400000e+01
     vertex -9.698387e+01  3.446103e+01  1.900000e+01
     vertex -9.694759e+01  3.438101e+01  2.400000e+01
   endloop
 endfacet
 facet normal -8.991174e-01 -4.377075e-01 -0.000000e+00
   outer loop
     vertex -9.702232e+01  3.454003e+01  2.400000e+01
     vertex -9.702232e+01  3.454003e+01  1.900000e+01
     vertex -9.698387e+01  3.446103e+01  1.900000e+01
   endloop
 endfacet
 facet normal -8.867617e-01 -4.622268e-01 -0.000000e+00
   outer loop
     vertex -9.702232e+01  3.454003e+01  2.400000e+01
     vertex -9.706294e+01  3.461794e+01  1.900000e+01
     vertex -9.702232e+01  3.454003e+01  1.900000e+01
   endloop
 endfacet
 facet normal -8.991174e-01 -4.377075e-01  3.966010e-19
   outer loop
     vertex -9.702232e+01  3.454003e+01  2.400000e+01
     vertex -9.698387e+01  3.446103e+01  1.900000e+01
     vertex -9.698387e+01  3.446103e+01  2.400000e+01
   endloop
 endfacet
 facet normal -8.737375e-01 -4.863977e-01 -0.000000e+00
   outer loop
     vertex -9.706294e+01  3.461794e+01  2.400000e+01
     vertex -9.710567e+01  3.469471e+01  1.900000e+01
     vertex -9.706294e+01  3.461794e+01  1.900000e+01
   endloop
 endfacet
 facet normal -8.867617e-01 -4.622268e-01 -0.000000e+00
   outer loop
     vertex -9.706294e+01  3.461794e+01  2.400000e+01
     vertex -9.706294e+01  3.461794e+01  1.900000e+01
     vertex -9.702232e+01  3.454003e+01  2.400000e+01
   endloop
 endfacet
 facet normal -8.737375e-01 -4.863977e-01 -0.000000e+00
   outer loop
     vertex -9.710567e+01  3.469471e+01  2.400000e+01
     vertex -9.710567e+01  3.469471e+01  1.900000e+01
     vertex -9.706294e+01  3.461794e+01  2.400000e+01
   endloop
 endfacet
 facet normal -8.600546e-01 -5.102020e-01 -0.000000e+00
   outer loop
     vertex -9.715050e+01  3.477028e+01  2.400000e+01
     vertex -9.715050e+01  3.477028e+01  1.900000e+01
     vertex -9.710567e+01  3.469471e+01  1.900000e+01
   endloop
 endfacet
 facet normal -8.600546e-01 -5.102020e-01 -8.327488e-20
   outer loop
     vertex -9.715050e+01  3.477028e+01  2.400000e+01
     vertex -9.710567e+01  3.469471e+01  1.900000e+01
     vertex -9.710567e+01  3.469471e+01  2.400000e+01
   endloop
 endfacet
 facet normal -8.457234e-01 -5.336216e-01 -0.000000e+00
   outer loop
     vertex -9.719738e+01  3.484458e+01  2.400000e+01
     vertex -9.719738e+01  3.484458e+01  1.900000e+01
     vertex -9.715050e+01  3.477028e+01  1.900000e+01
   endloop
 endfacet
 facet normal -8.457234e-01 -5.336216e-01  3.326601e-19
   outer loop
     vertex -9.719738e+01  3.484458e+01  2.400000e+01
     vertex -9.715050e+01  3.477028e+01  1.900000e+01
     vertex -9.715050e+01  3.477028e+01  2.400000e+01
   endloop
 endfacet
 facet normal -8.307546e-01 -5.566389e-01 -0.000000e+00
   outer loop
     vertex -9.724629e+01  3.491757e+01  2.400000e+01
     vertex -9.724629e+01  3.491757e+01  1.900000e+01
     vertex -9.719738e+01  3.484458e+01  1.900000e+01
   endloop
 endfacet
 facet normal -8.151595e-01 -5.792366e-01 -0.000000e+00
   outer loop
     vertex -9.724629e+01  3.491757e+01  2.400000e+01
     vertex -9.729718e+01  3.498919e+01  1.900000e+01
     vertex -9.724629e+01  3.491757e+01  1.900000e+01
   endloop
 endfacet
 facet normal -8.307546e-01 -5.566389e-01 -1.054356e-19
   outer loop
     vertex -9.724629e+01  3.491757e+01  2.400000e+01
     vertex -9.719738e+01  3.484458e+01  1.900000e+01
     vertex -9.719738e+01  3.484458e+01  2.400000e+01
   endloop
 endfacet
 facet normal -7.989499e-01 -6.013976e-01 -0.000000e+00
   outer loop
     vertex -9.729718e+01  3.498919e+01  2.400000e+01
     vertex -9.735002e+01  3.505939e+01  1.900000e+01
     vertex -9.729718e+01  3.498919e+01  1.900000e+01
   endloop
 endfacet
 facet normal -8.151595e-01 -5.792366e-01 -0.000000e+00
   outer loop
     vertex -9.729718e+01  3.498919e+01  2.400000e+01
     vertex -9.729718e+01  3.498919e+01  1.900000e+01
     vertex -9.724629e+01  3.491757e+01  2.400000e+01
   endloop
 endfacet
 facet normal -7.989499e-01 -6.013976e-01 -0.000000e+00
   outer loop
     vertex -9.735002e+01  3.505939e+01  2.400000e+01
     vertex -9.735002e+01  3.505939e+01  1.900000e+01
     vertex -9.729718e+01  3.498919e+01  2.400000e+01
   endloop
 endfacet
 facet normal -7.821380e-01 -6.231053e-01 -0.000000e+00
   outer loop
     vertex -9.740477e+01  3.512811e+01  2.400000e+01
     vertex -9.740477e+01  3.512811e+01  1.900000e+01
     vertex -9.735002e+01  3.505939e+01  1.900000e+01
   endloop
 endfacet
 facet normal -7.821380e-01 -6.231053e-01 -2.461040e-19
   outer loop
     vertex -9.740477e+01  3.512811e+01  2.400000e+01
     vertex -9.735002e+01  3.505939e+01  1.900000e+01
     vertex -9.735002e+01  3.505939e+01  2.400000e+01
   endloop
 endfacet
 facet normal -7.647365e-01 -6.443432e-01 -2.694970e-19
   outer loop
     vertex -9.746138e+01  3.519530e+01  2.400000e+01
     vertex -9.740477e+01  3.512811e+01  1.900000e+01
     vertex -9.740477e+01  3.512811e+01  2.400000e+01
   endloop
 endfacet
 facet normal -7.647365e-01 -6.443432e-01 -0.000000e+00
   outer loop
     vertex -9.746138e+01  3.519530e+01  2.400000e+01
     vertex -9.746138e+01  3.519530e+01  1.900000e+01
     vertex -9.740477e+01  3.512811e+01  1.900000e+01
   endloop
 endfacet
 facet normal -7.467584e-01 -6.650954e-01 -3.501074e-19
   outer loop
     vertex -9.751982e+01  3.526091e+01  2.400000e+01
     vertex -9.746138e+01  3.519530e+01  1.900000e+01
     vertex -9.746138e+01  3.519530e+01  2.400000e+01
   endloop
 endfacet
 facet normal -7.467584e-01 -6.650954e-01 -0.000000e+00
   outer loop
     vertex -9.751982e+01  3.526091e+01  2.400000e+01
     vertex -9.751982e+01  3.526091e+01  1.900000e+01
     vertex -9.746138e+01  3.519530e+01  1.900000e+01
   endloop
 endfacet
 facet normal -7.282175e-01 -6.853461e-01 -2.741988e-19
   outer loop
     vertex -9.758003e+01  3.532489e+01  2.400000e+01
     vertex -9.751982e+01  3.526091e+01  1.900000e+01
     vertex -9.751982e+01  3.526091e+01  2.400000e+01
   endloop
 endfacet
 facet normal -7.282175e-01 -6.853461e-01 -0.000000e+00
   outer loop
     vertex -9.758003e+01  3.532489e+01  2.400000e+01
     vertex -9.758003e+01  3.532489e+01  1.900000e+01
     vertex -9.751982e+01  3.526091e+01  1.900000e+01
   endloop
 endfacet
 facet normal -7.091275e-01 -7.050803e-01  3.725427e-19
   outer loop
     vertex -9.764198e+01  3.538720e+01  2.400000e+01
     vertex -9.758003e+01  3.532489e+01  1.900000e+01
     vertex -9.758003e+01  3.532489e+01  2.400000e+01
   endloop
 endfacet
 facet normal -7.091275e-01 -7.050803e-01 -0.000000e+00
   outer loop
     vertex -9.764198e+01  3.538720e+01  2.400000e+01
     vertex -9.764198e+01  3.538720e+01  1.900000e+01
     vertex -9.758003e+01  3.532489e+01  1.900000e+01
   endloop
 endfacet
 facet normal -6.895030e-01 -7.242829e-01  2.437191e-19
   outer loop
     vertex -9.770562e+01  3.544778e+01  2.400000e+01
     vertex -9.764198e+01  3.538720e+01  1.900000e+01
     vertex -9.764198e+01  3.538720e+01  2.400000e+01
   endloop
 endfacet
 facet normal -6.895030e-01 -7.242829e-01 -0.000000e+00
   outer loop
     vertex -9.770562e+01  3.544778e+01  2.400000e+01
     vertex -9.770562e+01  3.544778e+01  1.900000e+01
     vertex -9.764198e+01  3.538720e+01  1.900000e+01
   endloop
 endfacet
 facet normal -6.693586e-01 -7.429395e-01 -0.000000e+00
   outer loop
     vertex -9.770562e+01  3.544778e+01  2.400000e+01
     vertex -9.777089e+01  3.550659e+01  1.900000e+01
     vertex -9.770562e+01  3.544778e+01  1.900000e+01
   endloop
 endfacet
 facet normal -6.693586e-01 -7.429395e-01 -0.000000e+00
   outer loop
     vertex -9.777089e+01  3.550659e+01  2.400000e+01
     vertex -9.777089e+01  3.550659e+01  1.900000e+01
     vertex -9.770562e+01  3.544778e+01  2.400000e+01
   endloop
 endfacet
 facet normal -6.487097e-01 -7.610360e-01 -1.188663e-20
   outer loop
     vertex -9.783776e+01  3.556358e+01  2.400000e+01
     vertex -9.777089e+01  3.550659e+01  1.900000e+01
     vertex -9.777089e+01  3.550659e+01  2.400000e+01
   endloop
 endfacet
 facet normal -6.487097e-01 -7.610360e-01 -0.000000e+00
   outer loop
     vertex -9.783776e+01  3.556358e+01  2.400000e+01
     vertex -9.783776e+01  3.556358e+01  1.900000e+01
     vertex -9.777089e+01  3.550659e+01  1.900000e+01
   endloop
 endfacet
 facet normal -6.275717e-01 -7.785588e-01  2.621357e-19
   outer loop
     vertex -9.790616e+01  3.561872e+01  2.400000e+01
     vertex -9.783776e+01  3.556358e+01  1.900000e+01
     vertex -9.783776e+01  3.556358e+01  2.400000e+01
   endloop
 endfacet
 facet normal -6.275717e-01 -7.785588e-01 -0.000000e+00
   outer loop
     vertex -9.790616e+01  3.561872e+01  2.400000e+01
     vertex -9.790616e+01  3.561872e+01  1.900000e+01
     vertex -9.783776e+01  3.556358e+01  1.900000e+01
   endloop
 endfacet
 facet normal -6.059606e-01 -7.954946e-01  4.041208e-19
   outer loop
     vertex -9.797606e+01  3.567196e+01  2.400000e+01
     vertex -9.790616e+01  3.561872e+01  1.900000e+01
     vertex -9.790616e+01  3.561872e+01  2.400000e+01
   endloop
 endfacet
 facet normal -6.059606e-01 -7.954946e-01 -0.000000e+00
   outer loop
     vertex -9.797606e+01  3.567196e+01  2.400000e+01
     vertex -9.797606e+01  3.567196e+01  1.900000e+01
     vertex -9.790616e+01  3.561872e+01  1.900000e+01
   endloop
 endfacet
 facet normal -5.838928e-01 -8.118308e-01  1.566181e-19
   outer loop
     vertex -9.804738e+01  3.572326e+01  2.400000e+01
     vertex -9.797606e+01  3.567196e+01  1.900000e+01
     vertex -9.797606e+01  3.567196e+01  2.400000e+01
   endloop
 endfacet
 facet normal -5.838928e-01 -8.118308e-01 -0.000000e+00
   outer loop
     vertex -9.804738e+01  3.572326e+01  2.400000e+01
     vertex -9.804738e+01  3.572326e+01  1.900000e+01
     vertex -9.797606e+01  3.567196e+01  1.900000e+01
   endloop
 endfacet
 facet normal -5.613847e-01 -8.275550e-01  2.088632e-19
   outer loop
     vertex -9.812009e+01  3.577259e+01  2.400000e+01
     vertex -9.804738e+01  3.572326e+01  1.900000e+01
     vertex -9.804738e+01  3.572326e+01  2.400000e+01
   endloop
 endfacet
 facet normal -5.613847e-01 -8.275550e-01 -0.000000e+00
   outer loop
     vertex -9.812009e+01  3.577259e+01  2.400000e+01
     vertex -9.812009e+01  3.577259e+01  1.900000e+01
     vertex -9.804738e+01  3.572326e+01  1.900000e+01
   endloop
 endfacet
 facet normal -5.384534e-01 -8.426553e-01  3.332633e-19
   outer loop
     vertex -9.819413e+01  3.581990e+01  2.400000e+01
     vertex -9.812009e+01  3.577259e+01  1.900000e+01
     vertex -9.812009e+01  3.577259e+01  2.400000e+01
   endloop
 endfacet
 facet normal -5.384534e-01 -8.426553e-01 -0.000000e+00
   outer loop
     vertex -9.819413e+01  3.581990e+01  2.400000e+01
     vertex -9.819413e+01  3.581990e+01  1.900000e+01
     vertex -9.812009e+01  3.577259e+01  1.900000e+01
   endloop
 endfacet
 facet normal -5.151162e-01 -8.571203e-01  2.329730e-19
   outer loop
     vertex -9.826944e+01  3.586516e+01  2.400000e+01
     vertex -9.819413e+01  3.581990e+01  1.900000e+01
     vertex -9.819413e+01  3.581990e+01  2.400000e+01
   endloop
 endfacet
 facet normal -5.151162e-01 -8.571203e-01 -0.000000e+00
   outer loop
     vertex -9.826944e+01  3.586516e+01  2.400000e+01
     vertex -9.826944e+01  3.586516e+01  1.900000e+01
     vertex -9.819413e+01  3.581990e+01  1.900000e+01
   endloop
 endfacet
 facet normal -4.913907e-01 -8.709392e-01 -0.000000e+00
   outer loop
     vertex -9.826944e+01  3.586516e+01  2.400000e+01
     vertex -9.834596e+01  3.590833e+01  1.900000e+01
     vertex -9.826944e+01  3.586516e+01  1.900000e+01
   endloop
 endfacet
 facet normal -4.913907e-01 -8.709392e-01 -0.000000e+00
   outer loop
     vertex -9.834596e+01  3.590833e+01  2.400000e+01
     vertex -9.834596e+01  3.590833e+01  1.900000e+01
     vertex -9.826944e+01  3.586516e+01  2.400000e+01
   endloop
 endfacet
 facet normal -4.672948e-01 -8.841016e-01 -0.000000e+00
   outer loop
     vertex -9.834596e+01  3.590833e+01  2.400000e+01
     vertex -9.842364e+01  3.594939e+01  1.900000e+01
     vertex -9.834596e+01  3.590833e+01  1.900000e+01
   endloop
 endfacet
 facet normal -4.672948e-01 -8.841016e-01 -0.000000e+00
   outer loop
     vertex -9.842364e+01  3.594939e+01  2.400000e+01
     vertex -9.842364e+01  3.594939e+01  1.900000e+01
     vertex -9.834596e+01  3.590833e+01  2.400000e+01
   endloop
 endfacet
 facet normal -4.428465e-01 -8.965974e-01  4.117294e-19
   outer loop
     vertex -9.850241e+01  3.598830e+01  2.400000e+01
     vertex -9.842364e+01  3.594939e+01  1.900000e+01
     vertex -9.842364e+01  3.594939e+01  2.400000e+01
   endloop
 endfacet
 facet normal -4.428465e-01 -8.965974e-01 -0.000000e+00
   outer loop
     vertex -9.850241e+01  3.598830e+01  2.400000e+01
     vertex -9.850241e+01  3.598830e+01  1.900000e+01
     vertex -9.842364e+01  3.594939e+01  1.900000e+01
   endloop
 endfacet
 facet normal -4.180644e-01 -9.084174e-01 -2.999622e-20
   outer loop
     vertex -9.858223e+01  3.602503e+01  2.400000e+01
     vertex -9.850241e+01  3.598830e+01  1.900000e+01
     vertex -9.850241e+01  3.598830e+01  2.400000e+01
   endloop
 endfacet
 facet normal -4.180644e-01 -9.084174e-01 -0.000000e+00
   outer loop
     vertex -9.858223e+01  3.602503e+01  2.400000e+01
     vertex -9.858223e+01  3.602503e+01  1.900000e+01
     vertex -9.850241e+01  3.598830e+01  1.900000e+01
   endloop
 endfacet
 facet normal -3.929672e-01 -9.195525e-01  2.822591e-20
   outer loop
     vertex -9.866302e+01  3.605955e+01  2.400000e+01
     vertex -9.858223e+01  3.602503e+01  1.900000e+01
     vertex -9.858223e+01  3.602503e+01  2.400000e+01
   endloop
 endfacet
 facet normal -3.929672e-01 -9.195525e-01 -0.000000e+00
   outer loop
     vertex -9.866302e+01  3.605955e+01  2.400000e+01
     vertex -9.866302e+01  3.605955e+01  1.900000e+01
     vertex -9.858223e+01  3.602503e+01  1.900000e+01
   endloop
 endfacet
 facet normal -3.675737e-01 -9.299944e-01 -0.000000e+00
   outer loop
     vertex -9.866302e+01  3.605955e+01  2.400000e+01
     vertex -9.874473e+01  3.609185e+01  1.900000e+01
     vertex -9.866302e+01  3.605955e+01  1.900000e+01
   endloop
 endfacet
 facet normal -3.419031e-01 -9.397352e-01 -0.000000e+00
   outer loop
     vertex -9.874473e+01  3.609185e+01  2.400000e+01
     vertex -9.882730e+01  3.612189e+01  1.900000e+01
     vertex -9.874473e+01  3.609185e+01  1.900000e+01
   endloop
 endfacet
 facet normal -3.675737e-01 -9.299944e-01 -0.000000e+00
   outer loop
     vertex -9.874473e+01  3.609185e+01  2.400000e+01
     vertex -9.874473e+01  3.609185e+01  1.900000e+01
     vertex -9.866302e+01  3.605955e+01  2.400000e+01
   endloop
 endfacet
 facet normal -3.419031e-01 -9.397352e-01 -0.000000e+00
   outer loop
     vertex -9.882730e+01  3.612189e+01  2.400000e+01
     vertex -9.882730e+01  3.612189e+01  1.900000e+01
     vertex -9.874473e+01  3.609185e+01  2.400000e+01
   endloop
 endfacet
 facet normal -3.159748e-01 -9.487676e-01 -0.000000e+00
   outer loop
     vertex -9.891066e+01  3.614965e+01  2.400000e+01
     vertex -9.891066e+01  3.614965e+01  1.900000e+01
     vertex -9.882730e+01  3.612189e+01  1.900000e+01
   endloop
 endfacet
 facet normal -3.159748e-01 -9.487676e-01  3.066742e-20
   outer loop
     vertex -9.891066e+01  3.614965e+01  2.400000e+01
     vertex -9.882730e+01  3.612189e+01  1.900000e+01
     vertex -9.882730e+01  3.612189e+01  2.400000e+01
   endloop
 endfacet
 facet normal -2.898083e-01 -9.570847e-01 -0.000000e+00
   outer loop
     vertex -9.899475e+01  3.617511e+01  2.400000e+01
     vertex -9.899475e+01  3.617511e+01  1.900000e+01
     vertex -9.891066e+01  3.614965e+01  1.900000e+01
   endloop
 endfacet
 facet normal -2.898083e-01 -9.570847e-01 -9.203718e-20
   outer loop
     vertex -9.899475e+01  3.617511e+01  2.400000e+01
     vertex -9.891066e+01  3.614965e+01  1.900000e+01
     vertex -9.891066e+01  3.614965e+01  2.400000e+01
   endloop
 endfacet
 facet normal -2.634233e-01 -9.646804e-01 -0.000000e+00
   outer loop
     vertex -9.907950e+01  3.619826e+01  2.400000e+01
     vertex -9.907950e+01  3.619826e+01  1.900000e+01
     vertex -9.899475e+01  3.617511e+01  1.900000e+01
   endloop
 endfacet
 facet normal -2.368397e-01 -9.715487e-01 -0.000000e+00
   outer loop
     vertex -9.907950e+01  3.619826e+01  2.400000e+01
     vertex -9.916487e+01  3.621907e+01  1.900000e+01
     vertex -9.907950e+01  3.619826e+01  1.900000e+01
   endloop
 endfacet
 facet normal -2.634233e-01 -9.646804e-01  2.606191e-19
   outer loop
     vertex -9.907950e+01  3.619826e+01  2.400000e+01
     vertex -9.899475e+01  3.617511e+01  1.900000e+01
     vertex -9.899475e+01  3.617511e+01  2.400000e+01
   endloop
 endfacet
 facet normal -2.368397e-01 -9.715487e-01 -0.000000e+00
   outer loop
     vertex -9.916487e+01  3.621907e+01  2.400000e+01
     vertex -9.916487e+01  3.621907e+01  1.900000e+01
     vertex -9.907950e+01  3.619826e+01  2.400000e+01
   endloop
 endfacet
 facet normal -2.100775e-01 -9.776847e-01 -1.571747e-19
   outer loop
     vertex -9.925077e+01  3.623753e+01  2.400000e+01
     vertex -9.916487e+01  3.621907e+01  1.900000e+01
     vertex -9.916487e+01  3.621907e+01  2.400000e+01
   endloop
 endfacet
 facet normal -2.100775e-01 -9.776847e-01 -0.000000e+00
   outer loop
     vertex -9.925077e+01  3.623753e+01  2.400000e+01
     vertex -9.925077e+01  3.623753e+01  1.900000e+01
     vertex -9.916487e+01  3.621907e+01  1.900000e+01
   endloop
 endfacet
 facet normal -1.831570e-01 -9.830837e-01 -7.197640e-20
   outer loop
     vertex -9.933714e+01  3.625362e+01  2.400000e+01
     vertex -9.925077e+01  3.623753e+01  1.900000e+01
     vertex -9.925077e+01  3.623753e+01  2.400000e+01
   endloop
 endfacet
 facet normal -1.831570e-01 -9.830837e-01 -0.000000e+00
   outer loop
     vertex -9.933714e+01  3.625362e+01  2.400000e+01
     vertex -9.933714e+01  3.625362e+01  1.900000e+01
     vertex -9.925077e+01  3.623753e+01  1.900000e+01
   endloop
 endfacet
 facet normal -1.560984e-01 -9.877415e-01 -1.303659e-19
   outer loop
     vertex -9.942392e+01  3.626733e+01  2.400000e+01
     vertex -9.933714e+01  3.625362e+01  1.900000e+01
     vertex -9.933714e+01  3.625362e+01  2.400000e+01
   endloop
 endfacet
 facet normal -1.560984e-01 -9.877415e-01 -0.000000e+00
   outer loop
     vertex -9.942392e+01  3.626733e+01  2.400000e+01
     vertex -9.942392e+01  3.626733e+01  1.900000e+01
     vertex -9.933714e+01  3.625362e+01  1.900000e+01
   endloop
 endfacet
 facet normal -1.289222e-01 -9.916547e-01 -3.430637e-20
   outer loop
     vertex -9.951105e+01  3.627866e+01  2.400000e+01
     vertex -9.942392e+01  3.626733e+01  1.900000e+01
     vertex -9.942392e+01  3.626733e+01  2.400000e+01
   endloop
 endfacet
 facet normal -1.289222e-01 -9.916547e-01 -0.000000e+00
   outer loop
     vertex -9.951105e+01  3.627866e+01  2.400000e+01
     vertex -9.951105e+01  3.627866e+01  1.900000e+01
     vertex -9.942392e+01  3.626733e+01  1.900000e+01
   endloop
 endfacet
 facet normal -1.016487e-01 -9.948204e-01  3.008208e-20
   outer loop
     vertex -9.959846e+01  3.628759e+01  2.400000e+01
     vertex -9.951105e+01  3.627866e+01  1.900000e+01
     vertex -9.951105e+01  3.627866e+01  2.400000e+01
   endloop
 endfacet
 facet normal -1.016487e-01 -9.948204e-01 -0.000000e+00
   outer loop
     vertex -9.959846e+01  3.628759e+01  2.400000e+01
     vertex -9.959846e+01  3.628759e+01  1.900000e+01
     vertex -9.951105e+01  3.627866e+01  1.900000e+01
   endloop
 endfacet
 facet normal -7.429866e-02 -9.972360e-01  5.747168e-20
   outer loop
     vertex -9.968608e+01  3.629412e+01  2.400000e+01
     vertex -9.959846e+01  3.628759e+01  1.900000e+01
     vertex -9.959846e+01  3.628759e+01  2.400000e+01
   endloop
 endfacet
 facet normal -7.429866e-02 -9.972360e-01 -0.000000e+00
   outer loop
     vertex -9.968608e+01  3.629412e+01  2.400000e+01
     vertex -9.968608e+01  3.629412e+01  1.900000e+01
     vertex -9.959846e+01  3.628759e+01  1.900000e+01
   endloop
 endfacet
 facet normal -4.689257e-02 -9.988999e-01 -0.000000e+00
   outer loop
     vertex -9.968608e+01  3.629412e+01  2.400000e+01
     vertex -9.977384e+01  3.629824e+01  1.900000e+01
     vertex -9.968608e+01  3.629412e+01  1.900000e+01
   endloop
 endfacet
 facet normal -4.689257e-02 -9.988999e-01 -0.000000e+00
   outer loop
     vertex -9.977384e+01  3.629824e+01  2.400000e+01
     vertex -9.977384e+01  3.629824e+01  1.900000e+01
     vertex -9.968608e+01  3.629412e+01  2.400000e+01
   endloop
 endfacet
 facet normal -1.945113e-02 -9.998108e-01 -0.000000e+00
   outer loop
     vertex -9.977384e+01  3.629824e+01  2.400000e+01
     vertex -9.986168e+01  3.629995e+01  1.900000e+01
     vertex -9.977384e+01  3.629824e+01  1.900000e+01
   endloop
 endfacet
 facet normal -1.945113e-02 -9.998108e-01 -0.000000e+00
   outer loop
     vertex -9.986168e+01  3.629995e+01  2.400000e+01
     vertex -9.986168e+01  3.629995e+01  1.900000e+01
     vertex -9.977384e+01  3.629824e+01  2.400000e+01
   endloop
 endfacet
 facet normal  8.004972e-03 -9.999680e-01  1.445577e-20
   outer loop
     vertex -9.994954e+01  3.629924e+01  2.400000e+01
     vertex -9.986168e+01  3.629995e+01  1.900000e+01
     vertex -9.986168e+01  3.629995e+01  2.400000e+01
   endloop
 endfacet
 facet normal  8.004972e-03 -9.999680e-01  0.000000e+00
   outer loop
     vertex -9.994954e+01  3.629924e+01  2.400000e+01
     vertex -9.994954e+01  3.629924e+01  1.900000e+01
     vertex -9.986168e+01  3.629995e+01  1.900000e+01
   endloop
 endfacet
 facet normal  3.545504e-02 -9.993713e-01  2.089810e-20
   outer loop
     vertex -1.000373e+02  3.629613e+01  2.400000e+01
     vertex -9.994954e+01  3.629924e+01  1.900000e+01
     vertex -9.994954e+01  3.629924e+01  2.400000e+01
   endloop
 endfacet
 facet normal  3.545504e-02 -9.993713e-01  0.000000e+00
   outer loop
     vertex -1.000373e+02  3.629613e+01  2.400000e+01
     vertex -1.000373e+02  3.629613e+01  1.900000e+01
     vertex -9.994954e+01  3.629924e+01  1.900000e+01
   endloop
 endfacet
 facet normal  6.287838e-02 -9.980212e-01 -4.481498e-20
   outer loop
     vertex -1.001250e+02  3.629060e+01  2.400000e+01
     vertex -1.000373e+02  3.629613e+01  1.900000e+01
     vertex -1.000373e+02  3.629613e+01  2.400000e+01
   endloop
 endfacet
 facet normal  6.287838e-02 -9.980212e-01  0.000000e+00
   outer loop
     vertex -1.001250e+02  3.629060e+01  2.400000e+01
     vertex -1.001250e+02  3.629060e+01  1.900000e+01
     vertex -1.000373e+02  3.629613e+01  1.900000e+01
   endloop
 endfacet
 facet normal  9.025432e-02 -9.959188e-01 -5.980216e-20
   outer loop
     vertex -1.002125e+02  3.628267e+01  2.400000e+01
     vertex -1.001250e+02  3.629060e+01  1.900000e+01
     vertex -1.001250e+02  3.629060e+01  2.400000e+01
   endloop
 endfacet
 facet normal  9.025432e-02 -9.959188e-01  0.000000e+00
   outer loop
     vertex -1.002125e+02  3.628267e+01  2.400000e+01
     vertex -1.002125e+02  3.628267e+01  1.900000e+01
     vertex -1.001250e+02  3.629060e+01  1.900000e+01
   endloop
 endfacet
 facet normal  1.175622e-01 -9.930655e-01  3.314694e-20
   outer loop
     vertex -1.002998e+02  3.627235e+01  2.400000e+01
     vertex -1.002125e+02  3.628267e+01  1.900000e+01
     vertex -1.002125e+02  3.628267e+01  2.400000e+01
   endloop
 endfacet
 facet normal  1.175622e-01 -9.930655e-01  0.000000e+00
   outer loop
     vertex -1.002998e+02  3.627235e+01  2.400000e+01
     vertex -1.002998e+02  3.627235e+01  1.900000e+01
     vertex -1.002125e+02  3.628267e+01  1.900000e+01
   endloop
 endfacet
 facet normal  1.447815e-01 -9.894637e-01 -8.057280e-20
   outer loop
     vertex -1.003867e+02  3.625962e+01  2.400000e+01
     vertex -1.002998e+02  3.627235e+01  1.900000e+01
     vertex -1.002998e+02  3.627235e+01  2.400000e+01
   endloop
 endfacet
 facet normal  1.447815e-01 -9.894637e-01  0.000000e+00
   outer loop
     vertex -1.003867e+02  3.625962e+01  2.400000e+01
     vertex -1.003867e+02  3.625962e+01  1.900000e+01
     vertex -1.002998e+02  3.627235e+01  1.900000e+01
   endloop
 endfacet
 facet normal  1.718916e-01 -9.851159e-01 -1.425461e-19
   outer loop
     vertex -1.004733e+02  3.624452e+01  2.400000e+01
     vertex -1.003867e+02  3.625962e+01  1.900000e+01
     vertex -1.003867e+02  3.625962e+01  2.400000e+01
   endloop
 endfacet
 facet normal  1.718916e-01 -9.851159e-01  0.000000e+00
   outer loop
     vertex -1.004733e+02  3.624452e+01  2.400000e+01
     vertex -1.004733e+02  3.624452e+01  1.900000e+01
     vertex -1.003867e+02  3.625962e+01  1.900000e+01
   endloop
 endfacet
 facet normal  1.988722e-01 -9.800254e-01 -1.668417e-19
   outer loop
     vertex -1.005594e+02  3.622705e+01  2.400000e+01
     vertex -1.004733e+02  3.624452e+01  1.900000e+01
     vertex -1.004733e+02  3.624452e+01  2.400000e+01
   endloop
 endfacet
 facet normal  1.988722e-01 -9.800254e-01  0.000000e+00
   outer loop
     vertex -1.005594e+02  3.622705e+01  2.400000e+01
     vertex -1.005594e+02  3.622705e+01  1.900000e+01
     vertex -1.004733e+02  3.624452e+01  1.900000e+01
   endloop
 endfacet
 facet normal  2.257028e-01 -9.741962e-01  0.000000e+00
   outer loop
     vertex -1.006450e+02  3.620722e+01  2.400000e+01
     vertex -1.006450e+02  3.620722e+01  1.900000e+01
     vertex -1.005594e+02  3.622705e+01  1.900000e+01
   endloop
 endfacet
 facet normal  2.257028e-01 -9.741962e-01 -1.047945e-19
   outer loop
     vertex -1.006450e+02  3.620722e+01  2.400000e+01
     vertex -1.005594e+02  3.622705e+01  1.900000e+01
     vertex -1.005594e+02  3.622705e+01  2.400000e+01
   endloop
 endfacet
 facet normal  2.523633e-01 -9.676326e-01  0.000000e+00
   outer loop
     vertex -1.007300e+02  3.618505e+01  2.400000e+01
     vertex -1.007300e+02  3.618505e+01  1.900000e+01
     vertex -1.006450e+02  3.620722e+01  1.900000e+01
   endloop
 endfacet
 facet normal  2.523633e-01 -9.676326e-01  2.392775e-19
   outer loop
     vertex -1.007300e+02  3.618505e+01  2.400000e+01
     vertex -1.006450e+02  3.620722e+01  1.900000e+01
     vertex -1.006450e+02  3.620722e+01  2.400000e+01
   endloop
 endfacet
 facet normal  2.788335e-01 -9.603395e-01  0.000000e+00
   outer loop
     vertex -1.008144e+02  3.616055e+01  2.400000e+01
     vertex -1.008144e+02  3.616055e+01  1.900000e+01
     vertex -1.007300e+02  3.618505e+01  1.900000e+01
   endloop
 endfacet
 facet normal  2.788335e-01 -9.603395e-01 -2.655769e-19
   outer loop
     vertex -1.008144e+02  3.616055e+01  2.400000e+01
     vertex -1.007300e+02  3.618505e+01  1.900000e+01
     vertex -1.007300e+02  3.618505e+01  2.400000e+01
   endloop
 endfacet
 facet normal  3.050935e-01 -9.523224e-01  0.000000e+00
   outer loop
     vertex -1.008980e+02  3.613374e+01  2.400000e+01
     vertex -1.008980e+02  3.613374e+01  1.900000e+01
     vertex -1.008144e+02  3.616055e+01  1.900000e+01
   endloop
 endfacet
 facet normal  3.050935e-01 -9.523224e-01  1.244878e-19
   outer loop
     vertex -1.008980e+02  3.613374e+01  2.400000e+01
     vertex -1.008144e+02  3.616055e+01  1.900000e+01
     vertex -1.008144e+02  3.616055e+01  2.400000e+01
   endloop
 endfacet
 facet normal  3.311235e-01 -9.435874e-01  0.000000e+00
   outer loop
     vertex -1.009809e+02  3.610465e+01  2.400000e+01
     vertex -1.009809e+02  3.610465e+01  1.900000e+01
     vertex -1.008980e+02  3.613374e+01  1.900000e+01
   endloop
 endfacet
 facet normal  3.311235e-01 -9.435874e-01 -2.263768e-19
   outer loop
     vertex -1.009809e+02  3.610465e+01  2.400000e+01
     vertex -1.008980e+02  3.613374e+01  1.900000e+01
     vertex -1.008980e+02  3.613374e+01  2.400000e+01
   endloop
 endfacet
 facet normal  3.569039e-01 -9.341411e-01  0.000000e+00
   outer loop
     vertex -1.010630e+02  3.607329e+01  2.400000e+01
     vertex -1.010630e+02  3.607329e+01  1.900000e+01
     vertex -1.009809e+02  3.610465e+01  1.900000e+01
   endloop
 endfacet
 facet normal  3.569039e-01 -9.341411e-01 -4.644893e-19
   outer loop
     vertex -1.010630e+02  3.607329e+01  2.400000e+01
     vertex -1.009809e+02  3.610465e+01  1.900000e+01
     vertex -1.009809e+02  3.610465e+01  2.400000e+01
   endloop
 endfacet
 facet normal  3.824153e-01 -9.239906e-01  0.000000e+00
   outer loop
     vertex -1.011442e+02  3.603969e+01  2.400000e+01
     vertex -1.011442e+02  3.603969e+01  1.900000e+01
     vertex -1.010630e+02  3.607329e+01  1.900000e+01
   endloop
 endfacet
 facet normal  4.076384e-01 -9.131435e-01  0.000000e+00
   outer loop
     vertex -1.011442e+02  3.603969e+01  2.400000e+01
     vertex -1.012244e+02  3.600388e+01  1.900000e+01
     vertex -1.011442e+02  3.603969e+01  1.900000e+01
   endloop
 endfacet
 facet normal  3.824153e-01 -9.239906e-01  2.494444e-20
   outer loop
     vertex -1.011442e+02  3.603969e+01  2.400000e+01
     vertex -1.010630e+02  3.607329e+01  1.900000e+01
     vertex -1.010630e+02  3.607329e+01  2.400000e+01
   endloop
 endfacet
 facet normal  4.076384e-01 -9.131435e-01  0.000000e+00
   outer loop
     vertex -1.012244e+02  3.600388e+01  2.400000e+01
     vertex -1.012244e+02  3.600388e+01  1.900000e+01
     vertex -1.011442e+02  3.603969e+01  2.400000e+01
   endloop
 endfacet
 facet normal  4.325541e-01 -9.016080e-01  0.000000e+00
   outer loop
     vertex -1.013037e+02  3.596587e+01  2.400000e+01
     vertex -1.013037e+02  3.596587e+01  1.900000e+01
     vertex -1.012244e+02  3.600388e+01  1.900000e+01
   endloop
 endfacet
 facet normal  4.325541e-01 -9.016080e-01 -2.083942e-19
   outer loop
     vertex -1.013037e+02  3.596587e+01  2.400000e+01
     vertex -1.012244e+02  3.600388e+01  1.900000e+01
     vertex -1.012244e+02  3.600388e+01  2.400000e+01
   endloop
 endfacet
 facet normal  4.571438e-01 -8.893928e-01  0.000000e+00
   outer loop
     vertex -1.013818e+02  3.592571e+01  2.400000e+01
     vertex -1.013818e+02  3.592571e+01  1.900000e+01
     vertex -1.013037e+02  3.596587e+01  1.900000e+01
   endloop
 endfacet
 facet normal  4.571438e-01 -8.893928e-01  2.446667e-19
   outer loop
     vertex -1.013818e+02  3.592571e+01  2.400000e+01
     vertex -1.013037e+02  3.596587e+01  1.900000e+01
     vertex -1.013037e+02  3.596587e+01  2.400000e+01
   endloop
 endfacet
 facet normal  4.813888e-01 -8.765072e-01  1.794950e-19
   outer loop
     vertex -1.014588e+02  3.588341e+01  2.400000e+01
     vertex -1.013818e+02  3.592571e+01  1.900000e+01
     vertex -1.013818e+02  3.592571e+01  2.400000e+01
   endloop
 endfacet
 facet normal  4.813888e-01 -8.765072e-01  0.000000e+00
   outer loop
     vertex -1.014588e+02  3.588341e+01  2.400000e+01
     vertex -1.014588e+02  3.588341e+01  1.900000e+01
     vertex -1.013818e+02  3.592571e+01  1.900000e+01
   endloop
 endfacet
 facet normal  5.052710e-01 -8.629607e-01 -2.657317e-19
   outer loop
     vertex -1.015346e+02  3.583902e+01  2.400000e+01
     vertex -1.014588e+02  3.588341e+01  1.900000e+01
     vertex -1.014588e+02  3.588341e+01  2.400000e+01
   endloop
 endfacet
 facet normal  5.052710e-01 -8.629607e-01  0.000000e+00
   outer loop
     vertex -1.015346e+02  3.583902e+01  2.400000e+01
     vertex -1.015346e+02  3.583902e+01  1.900000e+01
     vertex -1.014588e+02  3.588341e+01  1.900000e+01
   endloop
 endfacet
 facet normal  5.287722e-01 -8.487638e-01 -2.191981e-19
   outer loop
     vertex -1.016092e+02  3.579256e+01  2.400000e+01
     vertex -1.015346e+02  3.583902e+01  1.900000e+01
     vertex -1.015346e+02  3.583902e+01  2.400000e+01
   endloop
 endfacet
 facet normal  5.287722e-01 -8.487638e-01  0.000000e+00
   outer loop
     vertex -1.016092e+02  3.579256e+01  2.400000e+01
     vertex -1.016092e+02  3.579256e+01  1.900000e+01
     vertex -1.015346e+02  3.583902e+01  1.900000e+01
   endloop
 endfacet
 facet normal  5.518748e-01 -8.339269e-01  0.000000e+00
   outer loop
     vertex -1.016092e+02  3.579256e+01  2.400000e+01
     vertex -1.016825e+02  3.574407e+01  1.900000e+01
     vertex -1.016092e+02  3.579256e+01  1.900000e+01
   endloop
 endfacet
 facet normal  5.518748e-01 -8.339269e-01  0.000000e+00
   outer loop
     vertex -1.016825e+02  3.574407e+01  2.400000e+01
     vertex -1.016825e+02  3.574407e+01  1.900000e+01
     vertex -1.016092e+02  3.579256e+01  2.400000e+01
   endloop
 endfacet
 facet normal  5.745614e-01 -8.184615e-01 -9.110818e-21
   outer loop
     vertex -1.017544e+02  3.569359e+01  2.400000e+01
     vertex -1.016825e+02  3.574407e+01  1.900000e+01
     vertex -1.016825e+02  3.574407e+01  2.400000e+01
   endloop
 endfacet
 facet normal  5.745614e-01 -8.184615e-01  0.000000e+00
   outer loop
     vertex -1.017544e+02  3.569359e+01  2.400000e+01
     vertex -1.017544e+02  3.569359e+01  1.900000e+01
     vertex -1.016825e+02  3.574407e+01  1.900000e+01
   endloop
 endfacet
 facet normal  5.968149e-01 -8.023790e-01  0.000000e+00
   outer loop
     vertex -1.018249e+02  3.564115e+01  2.400000e+01
     vertex -1.018249e+02  3.564115e+01  1.900000e+01
     vertex -1.017544e+02  3.569359e+01  1.900000e+01
   endloop
 endfacet
 facet normal  5.968149e-01 -8.023790e-01  2.501693e-19
   outer loop
     vertex -1.018249e+02  3.564115e+01  2.400000e+01
     vertex -1.017544e+02  3.569359e+01  1.900000e+01
     vertex -1.017544e+02  3.569359e+01  2.400000e+01
   endloop
 endfacet
 facet normal  6.186184e-01 -7.856916e-01  0.000000e+00
   outer loop
     vertex -1.018939e+02  3.558680e+01  2.400000e+01
     vertex -1.018939e+02  3.558680e+01  1.900000e+01
     vertex -1.018249e+02  3.564115e+01  1.900000e+01
   endloop
 endfacet
 facet normal  6.186184e-01 -7.856916e-01  5.314933e-20
   outer loop
     vertex -1.018939e+02  3.558680e+01  2.400000e+01
     vertex -1.018249e+02  3.564115e+01  1.900000e+01
     vertex -1.018249e+02  3.564115e+01  2.400000e+01
   endloop
 endfacet
 facet normal  6.399556e-01 -7.684119e-01  0.000000e+00
   outer loop
     vertex -1.019614e+02  3.553057e+01  2.400000e+01
     vertex -1.019614e+02  3.553057e+01  1.900000e+01
     vertex -1.018939e+02  3.558680e+01  1.900000e+01
   endloop
 endfacet
 facet normal  6.399556e-01 -7.684119e-01  2.426371e-19
   outer loop
     vertex -1.019614e+02  3.553057e+01  2.400000e+01
     vertex -1.018939e+02  3.558680e+01  1.900000e+01
     vertex -1.018939e+02  3.558680e+01  2.400000e+01
   endloop
 endfacet
 facet normal  6.608103e-01 -7.505530e-01  0.000000e+00
   outer loop
     vertex -1.020274e+02  3.547251e+01  2.400000e+01
     vertex -1.020274e+02  3.547251e+01  1.900000e+01
     vertex -1.019614e+02  3.553057e+01  1.900000e+01
   endloop
 endfacet
 facet normal  6.608103e-01 -7.505530e-01  1.141823e-19
   outer loop
     vertex -1.020274e+02  3.547251e+01  2.400000e+01
     vertex -1.019614e+02  3.553057e+01  1.900000e+01
     vertex -1.019614e+02  3.553057e+01  2.400000e+01
   endloop
 endfacet
 facet normal  6.811669e-01 -7.321282e-01  0.000000e+00
   outer loop
     vertex -1.020917e+02  3.541267e+01  2.400000e+01
     vertex -1.020917e+02  3.541267e+01  1.900000e+01
     vertex -1.020274e+02  3.547251e+01  1.900000e+01
   endloop
 endfacet
 facet normal  6.811669e-01 -7.321282e-01 -3.277716e-19
   outer loop
     vertex -1.020917e+02  3.541267e+01  2.400000e+01
     vertex -1.020274e+02  3.547251e+01  1.900000e+01
     vertex -1.020274e+02  3.547251e+01  2.400000e+01
   endloop
 endfacet
 facet normal  7.010099e-01 -7.131515e-01  0.000000e+00
   outer loop
     vertex -1.021543e+02  3.535107e+01  2.400000e+01
     vertex -1.021543e+02  3.535107e+01  1.900000e+01
     vertex -1.020917e+02  3.541267e+01  1.900000e+01
   endloop
 endfacet
 facet normal  7.010099e-01 -7.131515e-01 -6.956590e-20
   outer loop
     vertex -1.021543e+02  3.535107e+01  2.400000e+01
     vertex -1.020917e+02  3.541267e+01  1.900000e+01
     vertex -1.020917e+02  3.541267e+01  2.400000e+01
   endloop
 endfacet
 facet normal  7.203246e-01 -6.936372e-01  0.000000e+00
   outer loop
     vertex -1.022153e+02  3.528779e+01  2.400000e+01
     vertex -1.022153e+02  3.528779e+01  1.900000e+01
     vertex -1.021543e+02  3.535107e+01  1.900000e+01
   endloop
 endfacet
 facet normal  7.203246e-01 -6.936372e-01  4.382252e-19
   outer loop
     vertex -1.022153e+02  3.528779e+01  2.400000e+01
     vertex -1.021543e+02  3.535107e+01  1.900000e+01
     vertex -1.021543e+02  3.535107e+01  2.400000e+01
   endloop
 endfacet
 facet normal  7.390961e-01 -6.736000e-01  0.000000e+00
   outer loop
     vertex -1.022745e+02  3.522285e+01  2.400000e+01
     vertex -1.022745e+02  3.522285e+01  1.900000e+01
     vertex -1.022153e+02  3.528779e+01  1.900000e+01
   endloop
 endfacet
 facet normal  7.573105e-01 -6.530549e-01  0.000000e+00
   outer loop
     vertex -1.022745e+02  3.522285e+01  2.400000e+01
     vertex -1.023319e+02  3.515631e+01  1.900000e+01
     vertex -1.022745e+02  3.522285e+01  1.900000e+01
   endloop
 endfacet
 facet normal  7.390961e-01 -6.736000e-01 -1.131985e-20
   outer loop
     vertex -1.022745e+02  3.522285e+01  2.400000e+01
     vertex -1.022153e+02  3.528779e+01  1.900000e+01
     vertex -1.022153e+02  3.528779e+01  2.400000e+01
   endloop
 endfacet
 facet normal  7.573105e-01 -6.530549e-01  0.000000e+00
   outer loop
     vertex -1.023319e+02  3.515631e+01  2.400000e+01
     vertex -1.023319e+02  3.515631e+01  1.900000e+01
     vertex -1.022745e+02  3.522285e+01  2.400000e+01
   endloop
 endfacet
 facet normal  7.749540e-01 -6.320176e-01  0.000000e+00
   outer loop
     vertex -1.023874e+02  3.508822e+01  2.400000e+01
     vertex -1.023874e+02  3.508822e+01  1.900000e+01
     vertex -1.023319e+02  3.515631e+01  1.900000e+01
   endloop
 endfacet
 facet normal  7.749540e-01 -6.320176e-01 -4.045526e-19
   outer loop
     vertex -1.023874e+02  3.508822e+01  2.400000e+01
     vertex -1.023319e+02  3.515631e+01  1.900000e+01
     vertex -1.023319e+02  3.515631e+01  2.400000e+01
   endloop
 endfacet
 facet normal  7.920133e-01 -6.105038e-01  0.000000e+00
   outer loop
     vertex -1.024410e+02  3.501863e+01  2.400000e+01
     vertex -1.024410e+02  3.501863e+01  1.900000e+01
     vertex -1.023874e+02  3.508822e+01  1.900000e+01
   endloop
 endfacet
 facet normal  7.920133e-01 -6.105038e-01  4.754919e-19
   outer loop
     vertex -1.024410e+02  3.501863e+01  2.400000e+01
     vertex -1.023874e+02  3.508822e+01  1.900000e+01
     vertex -1.023874e+02  3.508822e+01  2.400000e+01
   endloop
 endfacet
 facet normal  8.084755e-01 -5.885298e-01  0.000000e+00
   outer loop
     vertex -1.024927e+02  3.494760e+01  2.400000e+01
     vertex -1.024927e+02  3.494760e+01  1.900000e+01
     vertex -1.024410e+02  3.501863e+01  1.900000e+01
   endloop
 endfacet
 facet normal  8.243283e-01 -5.661121e-01  0.000000e+00
   outer loop
     vertex -1.024927e+02  3.494760e+01  2.400000e+01
     vertex -1.025425e+02  3.487517e+01  1.900000e+01
     vertex -1.024927e+02  3.494760e+01  1.900000e+01
   endloop
 endfacet
 facet normal  8.084755e-01 -5.885298e-01  4.464227e-19
   outer loop
     vertex -1.024927e+02  3.494760e+01  2.400000e+01
     vertex -1.024410e+02  3.501863e+01  1.900000e+01
     vertex -1.024410e+02  3.501863e+01  2.400000e+01
   endloop
 endfacet
 facet normal  8.395596e-01 -5.432676e-01  0.000000e+00
   outer loop
     vertex -1.025425e+02  3.487517e+01  2.400000e+01
     vertex -1.025902e+02  3.480141e+01  1.900000e+01
     vertex -1.025425e+02  3.487517e+01  1.900000e+01
   endloop
 endfacet
 facet normal  8.243283e-01 -5.661121e-01  0.000000e+00
   outer loop
     vertex -1.025425e+02  3.487517e+01  2.400000e+01
     vertex -1.025425e+02  3.487517e+01  1.900000e+01
     vertex -1.024927e+02  3.494760e+01  2.400000e+01
   endloop
 endfacet
 facet normal  8.395596e-01 -5.432676e-01  0.000000e+00
   outer loop
     vertex -1.025902e+02  3.480141e+01  2.400000e+01
     vertex -1.025902e+02  3.480141e+01  1.900000e+01
     vertex -1.025425e+02  3.487517e+01  2.400000e+01
   endloop
 endfacet
 facet normal  8.541580e-01 -5.200136e-01  0.000000e+00
   outer loop
     vertex -1.026359e+02  3.472636e+01  2.400000e+01
     vertex -1.026359e+02  3.472636e+01  1.900000e+01
     vertex -1.025902e+02  3.480141e+01  1.900000e+01
   endloop
 endfacet
 facet normal  8.681124e-01 -4.963676e-01  0.000000e+00
   outer loop
     vertex -1.026359e+02  3.472636e+01  2.400000e+01
     vertex -1.026795e+02  3.465009e+01  1.900000e+01
     vertex -1.026359e+02  3.472636e+01  1.900000e+01
   endloop
 endfacet
 facet normal  8.541580e-01 -5.200136e-01  3.221876e-19
   outer loop
     vertex -1.026359e+02  3.472636e+01  2.400000e+01
     vertex -1.025902e+02  3.480141e+01  1.900000e+01
     vertex -1.025902e+02  3.480141e+01  2.400000e+01
   endloop
 endfacet
 facet normal  8.681124e-01 -4.963676e-01  0.000000e+00
   outer loop
     vertex -1.026795e+02  3.465009e+01  2.400000e+01
     vertex -1.026795e+02  3.465009e+01  1.900000e+01
     vertex -1.026359e+02  3.472636e+01  2.400000e+01
   endloop
 endfacet
 facet normal  8.814125e-01 -4.723474e-01  0.000000e+00
   outer loop
     vertex -1.027210e+02  3.457265e+01  2.400000e+01
     vertex -1.027210e+02  3.457265e+01  1.900000e+01
     vertex -1.026795e+02  3.465009e+01  1.900000e+01
   endloop
 endfacet
 facet normal  8.940481e-01 -4.479711e-01  0.000000e+00
   outer loop
     vertex -1.027210e+02  3.457265e+01  2.400000e+01
     vertex -1.027604e+02  3.449410e+01  1.900000e+01
     vertex -1.027210e+02  3.457265e+01  1.900000e+01
   endloop
 endfacet
 facet normal  8.814125e-01 -4.723474e-01 -4.917372e-19
   outer loop
     vertex -1.027210e+02  3.457265e+01  2.400000e+01
     vertex -1.026795e+02  3.465009e+01  1.900000e+01
     vertex -1.026795e+02  3.465009e+01  2.400000e+01
   endloop
 endfacet
 facet normal  8.940481e-01 -4.479711e-01  0.000000e+00
   outer loop
     vertex -1.027604e+02  3.449410e+01  2.400000e+01
     vertex -1.027604e+02  3.449410e+01  1.900000e+01
     vertex -1.027210e+02  3.457265e+01  2.400000e+01
   endloop
 endfacet
 facet normal  9.060096e-01 -4.232570e-01  0.000000e+00
   outer loop
     vertex -1.027976e+02  3.441449e+01  2.400000e+01
     vertex -1.027976e+02  3.441449e+01  1.900000e+01
     vertex -1.027604e+02  3.449410e+01  1.900000e+01
   endloop
 endfacet
 facet normal  9.060096e-01 -4.232570e-01 -1.748947e-19
   outer loop
     vertex -1.027976e+02  3.441449e+01  2.400000e+01
     vertex -1.027604e+02  3.449410e+01  1.900000e+01
     vertex -1.027604e+02  3.449410e+01  2.400000e+01
   endloop
 endfacet
 facet normal  9.172882e-01 -3.982239e-01  0.000000e+00
   outer loop
     vertex -1.028325e+02  3.433390e+01  2.400000e+01
     vertex -1.028325e+02  3.433390e+01  1.900000e+01
     vertex -1.027976e+02  3.441449e+01  1.900000e+01
   endloop
 endfacet
 facet normal  9.278753e-01 -3.728906e-01  0.000000e+00
   outer loop
     vertex -1.028325e+02  3.433390e+01  2.400000e+01
     vertex -1.028653e+02  3.425238e+01  1.900000e+01
     vertex -1.028325e+02  3.433390e+01  1.900000e+01
   endloop
 endfacet
 facet normal  9.172882e-01 -3.982239e-01  4.378064e-19
   outer loop
     vertex -1.028325e+02  3.433390e+01  2.400000e+01
     vertex -1.027976e+02  3.441449e+01  1.900000e+01
     vertex -1.027976e+02  3.441449e+01  2.400000e+01
   endloop
 endfacet
 facet normal  9.278753e-01 -3.728906e-01  0.000000e+00
   outer loop
     vertex -1.028653e+02  3.425238e+01  2.400000e+01
     vertex -1.028653e+02  3.425238e+01  1.900000e+01
     vertex -1.028325e+02  3.433390e+01  2.400000e+01
   endloop
 endfacet
 facet normal  9.377629e-01 -3.472762e-01  0.000000e+00
   outer loop
     vertex -1.028958e+02  3.416998e+01  2.400000e+01
     vertex -1.028958e+02  3.416998e+01  1.900000e+01
     vertex -1.028653e+02  3.425238e+01  1.900000e+01
   endloop
 endfacet
 facet normal  9.377629e-01 -3.472762e-01 -1.655380e-19
   outer loop
     vertex -1.028958e+02  3.416998e+01  2.400000e+01
     vertex -1.028653e+02  3.425238e+01  1.900000e+01
     vertex -1.028653e+02  3.425238e+01  2.400000e+01
   endloop
 endfacet
 facet normal  9.469435e-01 -3.214000e-01 -2.533696e-19
   outer loop
     vertex -1.029241e+02  3.408678e+01  2.400000e+01
     vertex -1.028958e+02  3.416998e+01  1.900000e+01
     vertex -1.028958e+02  3.416998e+01  2.400000e+01
   endloop
 endfacet
 facet normal  9.469435e-01 -3.214000e-01  0.000000e+00
   outer loop
     vertex -1.029241e+02  3.408678e+01  2.400000e+01
     vertex -1.029241e+02  3.408678e+01  1.900000e+01
     vertex -1.028958e+02  3.416998e+01  1.900000e+01
   endloop
 endfacet
 facet normal  9.554103e-01 -2.952815e-01  8.146512e-20
   outer loop
     vertex -1.029500e+02  3.400284e+01  2.400000e+01
     vertex -1.029241e+02  3.408678e+01  1.900000e+01
     vertex -1.029241e+02  3.408678e+01  2.400000e+01
   endloop
 endfacet
 facet normal  9.554103e-01 -2.952815e-01  0.000000e+00
   outer loop
     vertex -1.029500e+02  3.400284e+01  2.400000e+01
     vertex -1.029500e+02  3.400284e+01  1.900000e+01
     vertex -1.029241e+02  3.408678e+01  1.900000e+01
   endloop
 endfacet
 facet normal  9.631568e-01 -2.689404e-01 -1.989744e-19
   outer loop
     vertex -1.029736e+02  3.391822e+01  2.400000e+01
     vertex -1.029500e+02  3.400284e+01  1.900000e+01
     vertex -1.029500e+02  3.400284e+01  2.400000e+01
   endloop
 endfacet
 facet normal  9.631568e-01 -2.689404e-01  0.000000e+00
   outer loop
     vertex -1.029736e+02  3.391822e+01  2.400000e+01
     vertex -1.029736e+02  3.391822e+01  1.900000e+01
     vertex -1.029500e+02  3.400284e+01  1.900000e+01
   endloop
 endfacet
 facet normal  9.701773e-01 -2.423966e-01 -1.196101e-19
   outer loop
     vertex -1.029949e+02  3.383298e+01  2.400000e+01
     vertex -1.029736e+02  3.391822e+01  1.900000e+01
     vertex -1.029736e+02  3.391822e+01  2.400000e+01
   endloop
 endfacet
 facet normal  9.701773e-01 -2.423966e-01  0.000000e+00
   outer loop
     vertex -1.029949e+02  3.383298e+01  2.400000e+01
     vertex -1.029949e+02  3.383298e+01  1.900000e+01
     vertex -1.029736e+02  3.391822e+01  1.900000e+01
   endloop
 endfacet
 facet normal  9.764663e-01 -2.156700e-01  1.637946e-19
   outer loop
     vertex -1.030139e+02  3.374718e+01  2.400000e+01
     vertex -1.029949e+02  3.383298e+01  1.900000e+01
     vertex -1.029949e+02  3.383298e+01  2.400000e+01
   endloop
 endfacet
 facet normal  9.764663e-01 -2.156700e-01  0.000000e+00
   outer loop
     vertex -1.030139e+02  3.374718e+01  2.400000e+01
     vertex -1.030139e+02  3.374718e+01  1.900000e+01
     vertex -1.029949e+02  3.383298e+01  1.900000e+01
   endloop
 endfacet
 facet normal  9.820192e-01 -1.887808e-01 -1.444185e-19
   outer loop
     vertex -1.030305e+02  3.366090e+01  2.400000e+01
     vertex -1.030139e+02  3.374718e+01  1.900000e+01
     vertex -1.030139e+02  3.374718e+01  2.400000e+01
   endloop
 endfacet
 facet normal  9.820192e-01 -1.887808e-01  0.000000e+00
   outer loop
     vertex -1.030305e+02  3.366090e+01  2.400000e+01
     vertex -1.030305e+02  3.366090e+01  1.900000e+01
     vertex -1.030139e+02  3.374718e+01  1.900000e+01
   endloop
 endfacet
 facet normal  9.868319e-01 -1.617493e-01  0.000000e+00
   outer loop
     vertex -1.030305e+02  3.366090e+01  2.400000e+01
     vertex -1.030447e+02  3.357420e+01  1.900000e+01
     vertex -1.030305e+02  3.366090e+01  1.900000e+01
   endloop
 endfacet
 facet normal  9.868319e-01 -1.617493e-01  0.000000e+00
   outer loop
     vertex -1.030447e+02  3.357420e+01  2.400000e+01
     vertex -1.030447e+02  3.357420e+01  1.900000e+01
     vertex -1.030305e+02  3.366090e+01  2.400000e+01
   endloop
 endfacet
 facet normal  9.909006e-01 -1.345959e-01  0.000000e+00
   outer loop
     vertex -1.030447e+02  3.357420e+01  2.400000e+01
     vertex -1.030565e+02  3.348714e+01  1.900000e+01
     vertex -1.030447e+02  3.357420e+01  1.900000e+01
   endloop
 endfacet
 facet normal  9.909006e-01 -1.345959e-01  0.000000e+00
   outer loop
     vertex -1.030565e+02  3.348714e+01  2.400000e+01
     vertex -1.030565e+02  3.348714e+01  1.900000e+01
     vertex -1.030447e+02  3.357420e+01  2.400000e+01
   endloop
 endfacet
 facet normal  9.942223e-01 -1.073410e-01  5.966611e-20
   outer loop
     vertex -1.030659e+02  3.339978e+01  2.400000e+01
     vertex -1.030565e+02  3.348714e+01  1.900000e+01
     vertex -1.030565e+02  3.348714e+01  2.400000e+01
   endloop
 endfacet
 facet normal  9.942223e-01 -1.073410e-01  0.000000e+00
   outer loop
     vertex -1.030659e+02  3.339978e+01  2.400000e+01
     vertex -1.030659e+02  3.339978e+01  1.900000e+01
     vertex -1.030565e+02  3.348714e+01  1.900000e+01
   endloop
 endfacet
 facet normal  9.967944e-01 -8.000524e-02  6.482517e-20
   outer loop
     vertex -1.030730e+02  3.331220e+01  2.400000e+01
     vertex -1.030659e+02  3.339978e+01  1.900000e+01
     vertex -1.030659e+02  3.339978e+01  2.400000e+01
   endloop
 endfacet
 facet normal  9.967944e-01 -8.000524e-02  0.000000e+00
   outer loop
     vertex -1.030730e+02  3.331220e+01  2.400000e+01
     vertex -1.030730e+02  3.331220e+01  1.900000e+01
     vertex -1.030659e+02  3.339978e+01  1.900000e+01
   endloop
 endfacet
 facet normal  9.986152e-01 -5.260913e-02  0.000000e+00
   outer loop
     vertex -1.030776e+02  3.322446e+01  2.400000e+01
     vertex -1.030776e+02  3.322446e+01  1.900000e+01
     vertex -1.030730e+02  3.331220e+01  1.900000e+01
   endloop
 endfacet
 facet normal  9.986152e-01 -5.260913e-02  6.119609e-20
   outer loop
     vertex -1.030776e+02  3.322446e+01  2.400000e+01
     vertex -1.030730e+02  3.331220e+01  1.900000e+01
     vertex -1.030730e+02  3.331220e+01  2.400000e+01
   endloop
 endfacet
 facet normal  9.996831e-01 -2.517335e-02  0.000000e+00
   outer loop
     vertex -1.030776e+02  3.322446e+01  2.400000e+01
     vertex -1.030798e+02  3.313663e+01  1.900000e+01
     vertex -1.030776e+02  3.322446e+01  1.900000e+01
   endloop
 endfacet
 facet normal  9.996831e-01 -2.517335e-02  0.000000e+00
   outer loop
     vertex -1.030798e+02  3.313663e+01  2.400000e+01
     vertex -1.030798e+02  3.313663e+01  1.900000e+01
     vertex -1.030776e+02  3.322446e+01  2.400000e+01
   endloop
 endfacet
 facet normal  9.999974e-01  2.281405e-03  0.000000e+00
   outer loop
     vertex -1.030796e+02  3.304877e+01  2.400000e+01
     vertex -1.030796e+02  3.304877e+01  1.900000e+01
     vertex -1.030798e+02  3.313663e+01  1.900000e+01
   endloop
 endfacet
 facet normal  9.999974e-01  2.281405e-03  1.243793e-21
   outer loop
     vertex -1.030796e+02  3.304877e+01  2.400000e+01
     vertex -1.030798e+02  3.313663e+01  1.900000e+01
     vertex -1.030798e+02  3.313663e+01  2.400000e+01
   endloop
 endfacet
 facet normal  9.995578e-01  2.973444e-02  0.000000e+00
   outer loop
     vertex -1.030770e+02  3.296095e+01  2.400000e+01
     vertex -1.030770e+02  3.296095e+01  1.900000e+01
     vertex -1.030796e+02  3.304877e+01  1.900000e+01
   endloop
 endfacet
 facet normal  9.995578e-01  2.973444e-02 -2.187032e-20
   outer loop
     vertex -1.030770e+02  3.296095e+01  2.400000e+01
     vertex -1.030796e+02  3.304877e+01  1.900000e+01
     vertex -1.030796e+02  3.304877e+01  2.400000e+01
   endloop
 endfacet
 facet normal  9.983647e-01  5.716506e-02  0.000000e+00
   outer loop
     vertex -1.030720e+02  3.287323e+01  2.400000e+01
     vertex -1.030720e+02  3.287323e+01  1.900000e+01
     vertex -1.030770e+02  3.296095e+01  1.900000e+01
   endloop
 endfacet
 facet normal  9.983647e-01  5.716506e-02  1.578701e-20
   outer loop
     vertex -1.030720e+02  3.287323e+01  2.400000e+01
     vertex -1.030770e+02  3.296095e+01  1.900000e+01
     vertex -1.030770e+02  3.296095e+01  2.400000e+01
   endloop
 endfacet
 facet normal  9.964190e-01  8.455258e-02  0.000000e+00
   outer loop
     vertex -1.030645e+02  3.278568e+01  2.400000e+01
     vertex -1.030645e+02  3.278568e+01  1.900000e+01
     vertex -1.030720e+02  3.287323e+01  1.900000e+01
   endloop
 endfacet
 facet normal  9.937221e-01  1.118764e-01  0.000000e+00
   outer loop
     vertex -1.030645e+02  3.278568e+01  2.400000e+01
     vertex -1.030547e+02  3.269837e+01  1.900000e+01
     vertex -1.030645e+02  3.278568e+01  1.900000e+01
   endloop
 endfacet
 facet normal  9.964190e-01  8.455258e-02 -1.123488e-19
   outer loop
     vertex -1.030645e+02  3.278568e+01  2.400000e+01
     vertex -1.030720e+02  3.287323e+01  1.900000e+01
     vertex -1.030720e+02  3.287323e+01  2.400000e+01
   endloop
 endfacet
 facet normal  9.937221e-01  1.118764e-01  0.000000e+00
   outer loop
     vertex -1.030547e+02  3.269837e+01  2.400000e+01
     vertex -1.030547e+02  3.269837e+01  1.900000e+01
     vertex -1.030645e+02  3.278568e+01  2.400000e+01
   endloop
 endfacet
 facet normal  9.902761e-01  1.391158e-01  0.000000e+00
   outer loop
     vertex -1.030425e+02  3.261137e+01  2.400000e+01
     vertex -1.030425e+02  3.261137e+01  1.900000e+01
     vertex -1.030547e+02  3.269837e+01  1.900000e+01
   endloop
 endfacet
 facet normal  9.902761e-01  1.391158e-01  6.355177e-20
   outer loop
     vertex -1.030425e+02  3.261137e+01  2.400000e+01
     vertex -1.030547e+02  3.269837e+01  1.900000e+01
     vertex -1.030547e+02  3.269837e+01  2.400000e+01
   endloop
 endfacet
 facet normal  9.860836e-01  1.662504e-01  0.000000e+00
   outer loop
     vertex -1.030279e+02  3.252473e+01  2.400000e+01
     vertex -1.030279e+02  3.252473e+01  1.900000e+01
     vertex -1.030425e+02  3.261137e+01  1.900000e+01
   endloop
 endfacet
 facet normal  9.860836e-01  1.662504e-01 -1.213042e-19
   outer loop
     vertex -1.030279e+02  3.252473e+01  2.400000e+01
     vertex -1.030425e+02  3.261137e+01  1.900000e+01
     vertex -1.030425e+02  3.261137e+01  2.400000e+01
   endloop
 endfacet
 facet normal  9.811477e-01  1.932596e-01  0.000000e+00
   outer loop
     vertex -1.030109e+02  3.243853e+01  2.400000e+01
     vertex -1.030109e+02  3.243853e+01  1.900000e+01
     vertex -1.030279e+02  3.252473e+01  1.900000e+01
   endloop
 endfacet
 facet normal  9.811477e-01  1.932596e-01  3.492704e-20
   outer loop
     vertex -1.030109e+02  3.243853e+01  2.400000e+01
     vertex -1.030279e+02  3.252473e+01  1.900000e+01
     vertex -1.030279e+02  3.252473e+01  2.400000e+01
   endloop
 endfacet
 facet normal  9.754721e-01  2.201232e-01  0.000000e+00
   outer loop
     vertex -1.029915e+02  3.235282e+01  2.400000e+01
     vertex -1.029915e+02  3.235282e+01  1.900000e+01
     vertex -1.030109e+02  3.243853e+01  1.900000e+01
   endloop
 endfacet
 facet normal  9.754721e-01  2.201232e-01  1.543495e-19
   outer loop
     vertex -1.029915e+02  3.235282e+01  2.400000e+01
     vertex -1.030109e+02  3.243853e+01  1.900000e+01
     vertex -1.030109e+02  3.243853e+01  2.400000e+01
   endloop
 endfacet
 facet normal  9.690611e-01  2.468208e-01  0.000000e+00
   outer loop
     vertex -1.029699e+02  3.226768e+01  2.400000e+01
     vertex -1.029699e+02  3.226768e+01  1.900000e+01
     vertex -1.029915e+02  3.235282e+01  1.900000e+01
   endloop
 endfacet
 facet normal  9.690611e-01  2.468208e-01 -1.123826e-19
   outer loop
     vertex -1.029699e+02  3.226768e+01  2.400000e+01
     vertex -1.029915e+02  3.235282e+01  1.900000e+01
     vertex -1.029915e+02  3.235282e+01  2.400000e+01
   endloop
 endfacet
 facet normal  9.619197e-01  2.733323e-01  0.000000e+00
   outer loop
     vertex -1.029458e+02  3.218316e+01  2.400000e+01
     vertex -1.029458e+02  3.218316e+01  1.900000e+01
     vertex -1.029699e+02  3.226768e+01  1.900000e+01
   endloop
 endfacet
 facet normal  9.540530e-01  2.996378e-01  0.000000e+00
   outer loop
     vertex -1.029458e+02  3.218316e+01  2.400000e+01
     vertex -1.029195e+02  3.209934e+01  1.900000e+01
     vertex -1.029458e+02  3.218316e+01  1.900000e+01
   endloop
 endfacet
 facet normal  9.619197e-01  2.733323e-01  4.097583e-19
   outer loop
     vertex -1.029458e+02  3.218316e+01  2.400000e+01
     vertex -1.029699e+02  3.226768e+01  1.900000e+01
     vertex -1.029699e+02  3.226768e+01  2.400000e+01
   endloop
 endfacet
 facet normal  9.540530e-01  2.996378e-01  0.000000e+00
   outer loop
     vertex -1.029195e+02  3.209934e+01  2.400000e+01
     vertex -1.029195e+02  3.209934e+01  1.900000e+01
     vertex -1.029458e+02  3.218316e+01  2.400000e+01
   endloop
 endfacet
 facet normal  9.454672e-01  3.257174e-01  0.000000e+00
   outer loop
     vertex -1.029195e+02  3.209934e+01  2.400000e+01
     vertex -1.028909e+02  3.201627e+01  1.900000e+01
     vertex -1.029195e+02  3.209934e+01  1.900000e+01
   endloop
 endfacet
 facet normal  9.454672e-01  3.257174e-01  0.000000e+00
   outer loop
     vertex -1.028909e+02  3.201627e+01  2.400000e+01
     vertex -1.028909e+02  3.201627e+01  1.900000e+01
     vertex -1.029195e+02  3.209934e+01  2.400000e+01
   endloop
 endfacet
 facet normal  9.361686e-01  3.515514e-01 -2.717744e-19
   outer loop
     vertex -1.028600e+02  3.193402e+01  2.400000e+01
     vertex -1.028909e+02  3.201627e+01  1.900000e+01
     vertex -1.028909e+02  3.201627e+01  2.400000e+01
   endloop
 endfacet
 facet normal  9.361686e-01  3.515514e-01  0.000000e+00
   outer loop
     vertex -1.028600e+02  3.193402e+01  2.400000e+01
     vertex -1.028600e+02  3.193402e+01  1.900000e+01
     vertex -1.028909e+02  3.201627e+01  1.900000e+01
   endloop
 endfacet
 facet normal  9.261642e-01  3.771205e-01 -1.134577e-19
   outer loop
     vertex -1.028269e+02  3.185264e+01  2.400000e+01
     vertex -1.028600e+02  3.193402e+01  1.900000e+01
     vertex -1.028600e+02  3.193402e+01  2.400000e+01
   endloop
 endfacet
 facet normal  9.261642e-01  3.771205e-01  0.000000e+00
   outer loop
     vertex -1.028269e+02  3.185264e+01  2.400000e+01
     vertex -1.028269e+02  3.185264e+01  1.900000e+01
     vertex -1.028600e+02  3.193402e+01  1.900000e+01
   endloop
 endfacet
 facet normal  9.154617e-01  4.024052e-01 -1.580645e-19
   outer loop
     vertex -1.027915e+02  3.177221e+01  2.400000e+01
     vertex -1.028269e+02  3.185264e+01  1.900000e+01
     vertex -1.028269e+02  3.185264e+01  2.400000e+01
   endloop
 endfacet
 facet normal  9.154617e-01  4.024052e-01  0.000000e+00
   outer loop
     vertex -1.027915e+02  3.177221e+01  2.400000e+01
     vertex -1.027915e+02  3.177221e+01  1.900000e+01
     vertex -1.028269e+02  3.185264e+01  1.900000e+01
   endloop
 endfacet
 facet normal  9.040690e-01  4.273866e-01  6.059634e-20
   outer loop
     vertex -1.027540e+02  3.169278e+01  2.400000e+01
     vertex -1.027915e+02  3.177221e+01  1.900000e+01
     vertex -1.027915e+02  3.177221e+01  2.400000e+01
   endloop
 endfacet
 facet normal  9.040690e-01  4.273866e-01  0.000000e+00
   outer loop
     vertex -1.027540e+02  3.169278e+01  2.400000e+01
     vertex -1.027540e+02  3.169278e+01  1.900000e+01
     vertex -1.027915e+02  3.177221e+01  1.900000e+01
   endloop
 endfacet
 facet normal  8.919948e-01  4.520458e-01 -4.901473e-19
   outer loop
     vertex -1.027143e+02  3.161440e+01  2.400000e+01
     vertex -1.027540e+02  3.169278e+01  1.900000e+01
     vertex -1.027540e+02  3.169278e+01  2.400000e+01
   endloop
 endfacet
 facet normal  8.919948e-01  4.520458e-01  0.000000e+00
   outer loop
     vertex -1.027143e+02  3.161440e+01  2.400000e+01
     vertex -1.027143e+02  3.161440e+01  1.900000e+01
     vertex -1.027540e+02  3.169278e+01  1.900000e+01
   endloop
 endfacet
 facet normal  8.792481e-01  4.763642e-01 -1.953048e-19
   outer loop
     vertex -1.026724e+02  3.153715e+01  2.400000e+01
     vertex -1.027143e+02  3.161440e+01  1.900000e+01
     vertex -1.027143e+02  3.161440e+01  2.400000e+01
   endloop
 endfacet
 facet normal  8.792481e-01  4.763642e-01  0.000000e+00
   outer loop
     vertex -1.026724e+02  3.153715e+01  2.400000e+01
     vertex -1.026724e+02  3.153715e+01  1.900000e+01
     vertex -1.027143e+02  3.161440e+01  1.900000e+01
   endloop
 endfacet
 facet normal  8.658386e-01  5.003234e-01  0.000000e+00
   outer loop
     vertex -1.026724e+02  3.153715e+01  2.400000e+01
     vertex -1.026284e+02  3.146108e+01  1.900000e+01
     vertex -1.026724e+02  3.153715e+01  1.900000e+01
   endloop
 endfacet
 facet normal  8.658386e-01  5.003234e-01  0.000000e+00
   outer loop
     vertex -1.026284e+02  3.146108e+01  2.400000e+01
     vertex -1.026284e+02  3.146108e+01  1.900000e+01
     vertex -1.026724e+02  3.153715e+01  2.400000e+01
   endloop
 endfacet
 facet normal  8.517764e-01  5.239056e-01  3.732600e-19
   outer loop
     vertex -1.025824e+02  3.138624e+01  2.400000e+01
     vertex -1.026284e+02  3.146108e+01  1.900000e+01
     vertex -1.026284e+02  3.146108e+01  2.400000e+01
   endloop
 endfacet
 facet normal  8.517764e-01  5.239056e-01  0.000000e+00
   outer loop
     vertex -1.025824e+02  3.138624e+01  2.400000e+01
     vertex -1.025824e+02  3.138624e+01  1.900000e+01
     vertex -1.026284e+02  3.146108e+01  1.900000e+01
   endloop
 endfacet
 facet normal  8.370720e-01  5.470927e-01 -4.845646e-19
   outer loop
     vertex -1.025343e+02  3.131270e+01  2.400000e+01
     vertex -1.025824e+02  3.138624e+01  1.900000e+01
     vertex -1.025824e+02  3.138624e+01  2.400000e+01
   endloop
 endfacet
 facet normal  8.370720e-01  5.470927e-01  0.000000e+00
   outer loop
     vertex -1.025343e+02  3.131270e+01  2.400000e+01
     vertex -1.025343e+02  3.131270e+01  1.900000e+01
     vertex -1.025824e+02  3.138624e+01  1.900000e+01
   endloop
 endfacet
 facet normal  8.217366e-01  5.698675e-01  0.000000e+00
   outer loop
     vertex -1.025343e+02  3.131270e+01  2.400000e+01
     vertex -1.024843e+02  3.124050e+01  1.900000e+01
     vertex -1.025343e+02  3.131270e+01  1.900000e+01
   endloop
 endfacet
 facet normal  8.217366e-01  5.698675e-01  0.000000e+00
   outer loop
     vertex -1.024843e+02  3.124050e+01  2.400000e+01
     vertex -1.024843e+02  3.124050e+01  1.900000e+01
     vertex -1.025343e+02  3.131270e+01  2.400000e+01
   endloop
 endfacet
 facet normal  8.057818e-01  5.922126e-01  8.427959e-20
   outer loop
     vertex -1.024322e+02  3.116970e+01  2.400000e+01
     vertex -1.024843e+02  3.124050e+01  1.900000e+01
     vertex -1.024843e+02  3.124050e+01  2.400000e+01
   endloop
 endfacet
 facet normal  8.057818e-01  5.922126e-01  0.000000e+00
   outer loop
     vertex -1.024322e+02  3.116970e+01  2.400000e+01
     vertex -1.024322e+02  3.116970e+01  1.900000e+01
     vertex -1.024843e+02  3.124050e+01  1.900000e+01
   endloop
 endfacet
 facet normal  7.892195e-01  6.141113e-01  3.839071e-19
   outer loop
     vertex -1.023783e+02  3.110036e+01  2.400000e+01
     vertex -1.024322e+02  3.116970e+01  1.900000e+01
     vertex -1.024322e+02  3.116970e+01  2.400000e+01
   endloop
 endfacet
 facet normal  7.892195e-01  6.141113e-01  0.000000e+00
   outer loop
     vertex -1.023783e+02  3.110036e+01  2.400000e+01
     vertex -1.023783e+02  3.110036e+01  1.900000e+01
     vertex -1.024322e+02  3.116970e+01  1.900000e+01
   endloop
 endfacet
 facet normal  7.720622e-01  6.355470e-01  1.483258e-19
   outer loop
     vertex -1.023224e+02  3.103252e+01  2.400000e+01
     vertex -1.023783e+02  3.110036e+01  1.900000e+01
     vertex -1.023783e+02  3.110036e+01  2.400000e+01
   endloop
 endfacet
 facet normal  7.720622e-01  6.355470e-01  0.000000e+00
   outer loop
     vertex -1.023224e+02  3.103252e+01  2.400000e+01
     vertex -1.023224e+02  3.103252e+01  1.900000e+01
     vertex -1.023783e+02  3.110036e+01  1.900000e+01
   endloop
 endfacet
 facet normal  7.543229e-01  6.565036e-01  1.005802e-19
   outer loop
     vertex -1.022648e+02  3.096625e+01  2.400000e+01
     vertex -1.023224e+02  3.103252e+01  1.900000e+01
     vertex -1.023224e+02  3.103252e+01  2.400000e+01
   endloop
 endfacet
 facet normal  7.543229e-01  6.565036e-01  0.000000e+00
   outer loop
     vertex -1.022648e+02  3.096625e+01  2.400000e+01
     vertex -1.022648e+02  3.096625e+01  1.900000e+01
     vertex -1.023224e+02  3.103252e+01  1.900000e+01
   endloop
 endfacet
 facet normal  7.360149e-01  6.769653e-01  0.000000e+00
   outer loop
     vertex -1.022648e+02  3.096625e+01  2.400000e+01
     vertex -1.022053e+02  3.090158e+01  1.900000e+01
     vertex -1.022648e+02  3.096625e+01  1.900000e+01
   endloop
 endfacet
 facet normal  7.360149e-01  6.769653e-01  0.000000e+00
   outer loop
     vertex -1.022053e+02  3.090158e+01  2.400000e+01
     vertex -1.022053e+02  3.090158e+01  1.900000e+01
     vertex -1.022648e+02  3.096625e+01  2.400000e+01
   endloop
 endfacet
 facet normal  7.171521e-01  6.969167e-01  0.000000e+00
   outer loop
     vertex -1.021441e+02  3.083857e+01  2.400000e+01
     vertex -1.021441e+02  3.083857e+01  1.900000e+01
     vertex -1.022053e+02  3.090158e+01  1.900000e+01
   endloop
 endfacet
 facet normal  6.977487e-01  7.163426e-01  0.000000e+00
   outer loop
     vertex -1.021441e+02  3.083857e+01  2.400000e+01
     vertex -1.020811e+02  3.077727e+01  1.900000e+01
     vertex -1.021441e+02  3.083857e+01  1.900000e+01
   endloop
 endfacet
 facet normal  7.171521e-01  6.969167e-01  3.653965e-19
   outer loop
     vertex -1.021441e+02  3.083857e+01  2.400000e+01
     vertex -1.022053e+02  3.090158e+01  1.900000e+01
     vertex -1.022053e+02  3.090158e+01  2.400000e+01
   endloop
 endfacet
 facet normal  6.977487e-01  7.163426e-01  0.000000e+00
   outer loop
     vertex -1.020811e+02  3.077727e+01  2.400000e+01
     vertex -1.020811e+02  3.077727e+01  1.900000e+01
     vertex -1.021441e+02  3.083857e+01  2.400000e+01
   endloop
 endfacet
 facet normal  6.778192e-01  7.352286e-01 -2.763880e-19
   outer loop
     vertex -1.020165e+02  3.071771e+01  2.400000e+01
     vertex -1.020811e+02  3.077727e+01  1.900000e+01
     vertex -1.020811e+02  3.077727e+01  2.400000e+01
   endloop
 endfacet
 facet normal  6.778192e-01  7.352286e-01  0.000000e+00
   outer loop
     vertex -1.020165e+02  3.071771e+01  2.400000e+01
     vertex -1.020165e+02  3.071771e+01  1.900000e+01
     vertex -1.020811e+02  3.077727e+01  1.900000e+01
   endloop
 endfacet
 facet normal  6.573788e-01  7.535603e-01  0.000000e+00
   outer loop
     vertex -1.019503e+02  3.065996e+01  2.400000e+01
     vertex -1.019503e+02  3.065996e+01  1.900000e+01
     vertex -1.020165e+02  3.071771e+01  1.900000e+01
   endloop
 endfacet
 facet normal  6.573788e-01  7.535603e-01  4.157499e-20
   outer loop
     vertex -1.019503e+02  3.065996e+01  2.400000e+01
     vertex -1.020165e+02  3.071771e+01  1.900000e+01
     vertex -1.020165e+02  3.071771e+01  2.400000e+01
   endloop
 endfacet
 facet normal  6.364428e-01  7.713239e-01  0.000000e+00
   outer loop
     vertex -1.019503e+02  3.065996e+01  2.400000e+01
     vertex -1.018825e+02  3.060404e+01  1.900000e+01
     vertex -1.019503e+02  3.065996e+01  1.900000e+01
   endloop
 endfacet
 facet normal  6.364428e-01  7.713239e-01  0.000000e+00
   outer loop
     vertex -1.018825e+02  3.060404e+01  2.400000e+01
     vertex -1.018825e+02  3.060404e+01  1.900000e+01
     vertex -1.019503e+02  3.065996e+01  2.400000e+01
   endloop
 endfacet
 facet normal  6.150270e-01  7.885060e-01  0.000000e+00
   outer loop
     vertex -1.018133e+02  3.055000e+01  2.400000e+01
     vertex -1.018133e+02  3.055000e+01  1.900000e+01
     vertex -1.018825e+02  3.060404e+01  1.900000e+01
   endloop
 endfacet
 facet normal  6.150270e-01  7.885060e-01 -1.215000e-19
   outer loop
     vertex -1.018133e+02  3.055000e+01  2.400000e+01
     vertex -1.018825e+02  3.060404e+01  1.900000e+01
     vertex -1.018825e+02  3.060404e+01  2.400000e+01
   endloop
 endfacet
 facet normal  6.150270e-01 -7.885060e-01  0.000000e+00
   outer loop
     vertex -1.018133e+02  3.055000e+01  2.400000e+01
     vertex -1.018825e+02  3.049596e+01  1.900000e+01
     vertex -1.018133e+02  3.055000e+01  1.900000e+01
   endloop
 endfacet
 facet normal  6.150270e-01 -7.885060e-01  0.000000e+00
   outer loop
     vertex -1.018825e+02  3.049596e+01  2.400000e+01
     vertex -1.018825e+02  3.049596e+01  1.900000e+01
     vertex -1.018133e+02  3.055000e+01  2.400000e+01
   endloop
 endfacet
 facet normal  6.364428e-01 -7.713239e-01  1.790327e-19
   outer loop
     vertex -1.019503e+02  3.044004e+01  2.400000e+01
     vertex -1.018825e+02  3.049596e+01  1.900000e+01
     vertex -1.018825e+02  3.049596e+01  2.400000e+01
   endloop
 endfacet
 facet normal  6.364428e-01 -7.713239e-01  0.000000e+00
   outer loop
     vertex -1.019503e+02  3.044004e+01  2.400000e+01
     vertex -1.019503e+02  3.044004e+01  1.900000e+01
     vertex -1.018825e+02  3.049596e+01  1.900000e+01
   endloop
 endfacet
 facet normal  6.573788e-01 -7.535603e-01 -4.157499e-20
   outer loop
     vertex -1.020165e+02  3.038229e+01  2.400000e+01
     vertex -1.019503e+02  3.044004e+01  1.900000e+01
     vertex -1.019503e+02  3.044004e+01  2.400000e+01
   endloop
 endfacet
 facet normal  6.573788e-01 -7.535603e-01  0.000000e+00
   outer loop
     vertex -1.020165e+02  3.038229e+01  2.400000e+01
     vertex -1.020165e+02  3.038229e+01  1.900000e+01
     vertex -1.019503e+02  3.044004e+01  1.900000e+01
   endloop
 endfacet
 facet normal  6.778192e-01 -7.352286e-01  0.000000e+00
   outer loop
     vertex -1.020165e+02  3.038229e+01  2.400000e+01
     vertex -1.020811e+02  3.032273e+01  1.900000e+01
     vertex -1.020165e+02  3.038229e+01  1.900000e+01
   endloop
 endfacet
 facet normal  6.778192e-01 -7.352286e-01  0.000000e+00
   outer loop
     vertex -1.020811e+02  3.032273e+01  2.400000e+01
     vertex -1.020811e+02  3.032273e+01  1.900000e+01
     vertex -1.020165e+02  3.038229e+01  2.400000e+01
   endloop
 endfacet
 facet normal  6.977487e-01 -7.163426e-01  2.852036e-19
   outer loop
     vertex -1.021441e+02  3.026143e+01  2.400000e+01
     vertex -1.020811e+02  3.032273e+01  1.900000e+01
     vertex -1.020811e+02  3.032273e+01  2.400000e+01
   endloop
 endfacet
 facet normal  6.977487e-01 -7.163426e-01  0.000000e+00
   outer loop
     vertex -1.021441e+02  3.026143e+01  2.400000e+01
     vertex -1.021441e+02  3.026143e+01  1.900000e+01
     vertex -1.020811e+02  3.032273e+01  1.900000e+01
   endloop
 endfacet
 facet normal  7.171521e-01 -6.969167e-01  0.000000e+00
   outer loop
     vertex -1.022053e+02  3.019842e+01  2.400000e+01
     vertex -1.022053e+02  3.019842e+01  1.900000e+01
     vertex -1.021441e+02  3.026143e+01  1.900000e+01
   endloop
 endfacet
 facet normal  7.171521e-01 -6.969167e-01 -3.653965e-19
   outer loop
     vertex -1.022053e+02  3.019842e+01  2.400000e+01
     vertex -1.021441e+02  3.026143e+01  1.900000e+01
     vertex -1.021441e+02  3.026143e+01  2.400000e+01
   endloop
 endfacet
 facet normal  7.360149e-01 -6.769653e-01  0.000000e+00
   outer loop
     vertex -1.022648e+02  3.013375e+01  2.400000e+01
     vertex -1.022648e+02  3.013375e+01  1.900000e+01
     vertex -1.022053e+02  3.019842e+01  1.900000e+01
   endloop
 endfacet
 facet normal  7.543229e-01 -6.565036e-01  0.000000e+00
   outer loop
     vertex -1.022648e+02  3.013375e+01  2.400000e+01
     vertex -1.023224e+02  3.006748e+01  1.900000e+01
     vertex -1.022648e+02  3.013375e+01  1.900000e+01
   endloop
 endfacet
 facet normal  7.360149e-01 -6.769653e-01  1.453867e-19
   outer loop
     vertex -1.022648e+02  3.013375e+01  2.400000e+01
     vertex -1.022053e+02  3.019842e+01  1.900000e+01
     vertex -1.022053e+02  3.019842e+01  2.400000e+01
   endloop
 endfacet
 facet normal  7.543229e-01 -6.565036e-01  0.000000e+00
   outer loop
     vertex -1.023224e+02  3.006748e+01  2.400000e+01
     vertex -1.023224e+02  3.006748e+01  1.900000e+01
     vertex -1.022648e+02  3.013375e+01  2.400000e+01
   endloop
 endfacet
 facet normal  7.720622e-01 -6.355470e-01 -1.483258e-19
   outer loop
     vertex -1.023783e+02  2.999964e+01  2.400000e+01
     vertex -1.023224e+02  3.006748e+01  1.900000e+01
     vertex -1.023224e+02  3.006748e+01  2.400000e+01
   endloop
 endfacet
 facet normal  7.720622e-01 -6.355470e-01  0.000000e+00
   outer loop
     vertex -1.023783e+02  2.999964e+01  2.400000e+01
     vertex -1.023783e+02  2.999964e+01  1.900000e+01
     vertex -1.023224e+02  3.006748e+01  1.900000e+01
   endloop
 endfacet
 facet normal  7.892195e-01 -6.141113e-01 -3.731306e-19
   outer loop
     vertex -1.024322e+02  2.993030e+01  2.400000e+01
     vertex -1.023783e+02  2.999964e+01  1.900000e+01
     vertex -1.023783e+02  2.999964e+01  2.400000e+01
   endloop
 endfacet
 facet normal  7.892195e-01 -6.141113e-01  0.000000e+00
   outer loop
     vertex -1.024322e+02  2.993030e+01  2.400000e+01
     vertex -1.024322e+02  2.993030e+01  1.900000e+01
     vertex -1.023783e+02  2.999964e+01  1.900000e+01
   endloop
 endfacet
 facet normal  8.057818e-01 -5.922126e-01 -3.302752e-19
   outer loop
     vertex -1.024843e+02  2.985950e+01  2.400000e+01
     vertex -1.024322e+02  2.993030e+01  1.900000e+01
     vertex -1.024322e+02  2.993030e+01  2.400000e+01
   endloop
 endfacet
 facet normal  8.057818e-01 -5.922126e-01  0.000000e+00
   outer loop
     vertex -1.024843e+02  2.985950e+01  2.400000e+01
     vertex -1.024843e+02  2.985950e+01  1.900000e+01
     vertex -1.024322e+02  2.993030e+01  1.900000e+01
   endloop
 endfacet
 facet normal  8.217366e-01 -5.698675e-01  1.823705e-19
   outer loop
     vertex -1.025343e+02  2.978730e+01  2.400000e+01
     vertex -1.024843e+02  2.985950e+01  1.900000e+01
     vertex -1.024843e+02  2.985950e+01  2.400000e+01
   endloop
 endfacet
 facet normal  8.217366e-01 -5.698675e-01  0.000000e+00
   outer loop
     vertex -1.025343e+02  2.978730e+01  2.400000e+01
     vertex -1.025343e+02  2.978730e+01  1.900000e+01
     vertex -1.024843e+02  2.985950e+01  1.900000e+01
   endloop
 endfacet
 facet normal  8.370720e-01 -5.470927e-01 -2.793780e-19
   outer loop
     vertex -1.025824e+02  2.971376e+01  2.400000e+01
     vertex -1.025343e+02  2.978730e+01  1.900000e+01
     vertex -1.025343e+02  2.978730e+01  2.400000e+01
   endloop
 endfacet
 facet normal  8.370720e-01 -5.470927e-01  0.000000e+00
   outer loop
     vertex -1.025824e+02  2.971376e+01  2.400000e+01
     vertex -1.025824e+02  2.971376e+01  1.900000e+01
     vertex -1.025343e+02  2.978730e+01  1.900000e+01
   endloop
 endfacet
 facet normal  8.517764e-01 -5.239056e-01  4.130823e-19
   outer loop
     vertex -1.026284e+02  2.963892e+01  2.400000e+01
     vertex -1.025824e+02  2.971376e+01  1.900000e+01
     vertex -1.025824e+02  2.971376e+01  2.400000e+01
   endloop
 endfacet
 facet normal  8.517764e-01 -5.239056e-01  0.000000e+00
   outer loop
     vertex -1.026284e+02  2.963892e+01  2.400000e+01
     vertex -1.026284e+02  2.963892e+01  1.900000e+01
     vertex -1.025824e+02  2.971376e+01  1.900000e+01
   endloop
 endfacet
 facet normal  8.658386e-01 -5.003234e-01 -1.710462e-19
   outer loop
     vertex -1.026724e+02  2.956285e+01  2.400000e+01
     vertex -1.026284e+02  2.963892e+01  1.900000e+01
     vertex -1.026284e+02  2.963892e+01  2.400000e+01
   endloop
 endfacet
 facet normal  8.658386e-01 -5.003234e-01  0.000000e+00
   outer loop
     vertex -1.026724e+02  2.956285e+01  2.400000e+01
     vertex -1.026724e+02  2.956285e+01  1.900000e+01
     vertex -1.026284e+02  2.963892e+01  1.900000e+01
   endloop
 endfacet
 facet normal  8.792481e-01 -4.763642e-01  6.347807e-20
   outer loop
     vertex -1.027143e+02  2.948560e+01  2.400000e+01
     vertex -1.026724e+02  2.956285e+01  1.900000e+01
     vertex -1.026724e+02  2.956285e+01  2.400000e+01
   endloop
 endfacet
 facet normal  8.792481e-01 -4.763642e-01  0.000000e+00
   outer loop
     vertex -1.027143e+02  2.948560e+01  2.400000e+01
     vertex -1.027143e+02  2.948560e+01  1.900000e+01
     vertex -1.026724e+02  2.956285e+01  1.900000e+01
   endloop
 endfacet
 facet normal  8.919948e-01 -4.520458e-01  0.000000e+00
   outer loop
     vertex -1.027143e+02  2.948560e+01  2.400000e+01
     vertex -1.027540e+02  2.940722e+01  1.900000e+01
     vertex -1.027143e+02  2.948560e+01  1.900000e+01
   endloop
 endfacet
 facet normal  8.919948e-01 -4.520458e-01  0.000000e+00
   outer loop
     vertex -1.027540e+02  2.940722e+01  2.400000e+01
     vertex -1.027540e+02  2.940722e+01  1.900000e+01
     vertex -1.027143e+02  2.948560e+01  2.400000e+01
   endloop
 endfacet
 facet normal  9.040690e-01 -4.273866e-01  0.000000e+00
   outer loop
     vertex -1.027915e+02  2.932779e+01  2.400000e+01
     vertex -1.027915e+02  2.932779e+01  1.900000e+01
     vertex -1.027540e+02  2.940722e+01  1.900000e+01
   endloop
 endfacet
 facet normal  9.040690e-01 -4.273866e-01  3.199681e-19
   outer loop
     vertex -1.027915e+02  2.932779e+01  2.400000e+01
     vertex -1.027540e+02  2.940722e+01  1.900000e+01
     vertex -1.027540e+02  2.940722e+01  2.400000e+01
   endloop
 endfacet
 facet normal  9.154617e-01 -4.024052e-01  0.000000e+00
   outer loop
     vertex -1.028269e+02  2.924736e+01  2.400000e+01
     vertex -1.028269e+02  2.924736e+01  1.900000e+01
     vertex -1.027915e+02  2.932779e+01  1.900000e+01
   endloop
 endfacet
 facet normal  9.261642e-01 -3.771205e-01  0.000000e+00
   outer loop
     vertex -1.028269e+02  2.924736e+01  2.400000e+01
     vertex -1.028600e+02  2.916598e+01  1.900000e+01
     vertex -1.028269e+02  2.924736e+01  1.900000e+01
   endloop
 endfacet
 facet normal  9.154617e-01 -4.024052e-01  1.580645e-19
   outer loop
     vertex -1.028269e+02  2.924736e+01  2.400000e+01
     vertex -1.027915e+02  2.932779e+01  1.900000e+01
     vertex -1.027915e+02  2.932779e+01  2.400000e+01
   endloop
 endfacet
 facet normal  9.261642e-01 -3.771205e-01  0.000000e+00
   outer loop
     vertex -1.028600e+02  2.916598e+01  2.400000e+01
     vertex -1.028600e+02  2.916598e+01  1.900000e+01
     vertex -1.028269e+02  2.924736e+01  2.400000e+01
   endloop
 endfacet
 facet normal  9.361686e-01 -3.515514e-01  0.000000e+00
   outer loop
     vertex -1.028909e+02  2.908373e+01  2.400000e+01
     vertex -1.028909e+02  2.908373e+01  1.900000e+01
     vertex -1.028600e+02  2.916598e+01  1.900000e+01
   endloop
 endfacet
 facet normal  9.454672e-01 -3.257174e-01  0.000000e+00
   outer loop
     vertex -1.028909e+02  2.908373e+01  2.400000e+01
     vertex -1.029195e+02  2.900066e+01  1.900000e+01
     vertex -1.028909e+02  2.908373e+01  1.900000e+01
   endloop
 endfacet
 facet normal  9.361686e-01 -3.515514e-01  3.029964e-19
   outer loop
     vertex -1.028909e+02  2.908373e+01  2.400000e+01
     vertex -1.028600e+02  2.916598e+01  1.900000e+01
     vertex -1.028600e+02  2.916598e+01  2.400000e+01
   endloop
 endfacet
 facet normal  9.540530e-01 -2.996378e-01  0.000000e+00
   outer loop
     vertex -1.029195e+02  2.900066e+01  2.400000e+01
     vertex -1.029458e+02  2.891684e+01  1.900000e+01
     vertex -1.029195e+02  2.900066e+01  1.900000e+01
   endloop
 endfacet
 facet normal  9.454672e-01 -3.257174e-01  0.000000e+00
   outer loop
     vertex -1.029195e+02  2.900066e+01  2.400000e+01
     vertex -1.029195e+02  2.900066e+01  1.900000e+01
     vertex -1.028909e+02  2.908373e+01  2.400000e+01
   endloop
 endfacet
 facet normal  9.540530e-01 -2.996378e-01  0.000000e+00
   outer loop
     vertex -1.029458e+02  2.891684e+01  2.400000e+01
     vertex -1.029458e+02  2.891684e+01  1.900000e+01
     vertex -1.029195e+02  2.900066e+01  2.400000e+01
   endloop
 endfacet
 facet normal  9.619197e-01 -2.733323e-01  0.000000e+00
   outer loop
     vertex -1.029699e+02  2.883232e+01  2.400000e+01
     vertex -1.029699e+02  2.883232e+01  1.900000e+01
     vertex -1.029458e+02  2.891684e+01  1.900000e+01
   endloop
 endfacet
 facet normal  9.619197e-01 -2.733323e-01 -3.388540e-19
   outer loop
     vertex -1.029699e+02  2.883232e+01  2.400000e+01
     vertex -1.029458e+02  2.891684e+01  1.900000e+01
     vertex -1.029458e+02  2.891684e+01  2.400000e+01
   endloop
 endfacet
 facet normal  9.690611e-01 -2.468208e-01  0.000000e+00
   outer loop
     vertex -1.029915e+02  2.874718e+01  2.400000e+01
     vertex -1.029915e+02  2.874718e+01  1.900000e+01
     vertex -1.029699e+02  2.883232e+01  1.900000e+01
   endloop
 endfacet
 facet normal  9.754721e-01 -2.201232e-01  0.000000e+00
   outer loop
     vertex -1.029915e+02  2.874718e+01  2.400000e+01
     vertex -1.030109e+02  2.866147e+01  1.900000e+01
     vertex -1.029915e+02  2.874718e+01  1.900000e+01
   endloop
 endfacet
 facet normal  9.690611e-01 -2.468208e-01 -1.857340e-19
   outer loop
     vertex -1.029915e+02  2.874718e+01  2.400000e+01
     vertex -1.029699e+02  2.883232e+01  1.900000e+01
     vertex -1.029699e+02  2.883232e+01  2.400000e+01
   endloop
 endfacet
 facet normal  9.754721e-01 -2.201232e-01  0.000000e+00
   outer loop
     vertex -1.030109e+02  2.866147e+01  2.400000e+01
     vertex -1.030109e+02  2.866147e+01  1.900000e+01
     vertex -1.029915e+02  2.874718e+01  2.400000e+01
   endloop
 endfacet
 facet normal  9.811477e-01 -1.932596e-01  0.000000e+00
   outer loop
     vertex -1.030279e+02  2.857527e+01  2.400000e+01
     vertex -1.030279e+02  2.857527e+01  1.900000e+01
     vertex -1.030109e+02  2.866147e+01  1.900000e+01
   endloop
 endfacet
 facet normal  9.811477e-01 -1.932596e-01  2.100916e-19
   outer loop
     vertex -1.030279e+02  2.857527e+01  2.400000e+01
     vertex -1.030109e+02  2.866147e+01  1.900000e+01
     vertex -1.030109e+02  2.866147e+01  2.400000e+01
   endloop
 endfacet
 facet normal  9.860836e-01 -1.662504e-01  0.000000e+00
   outer loop
     vertex -1.030425e+02  2.848863e+01  2.400000e+01
     vertex -1.030425e+02  2.848863e+01  1.900000e+01
     vertex -1.030279e+02  2.857527e+01  1.900000e+01
   endloop
 endfacet
 facet normal  9.860836e-01 -1.662504e-01  1.213042e-19
   outer loop
     vertex -1.030425e+02  2.848863e+01  2.400000e+01
     vertex -1.030279e+02  2.857527e+01  1.900000e+01
     vertex -1.030279e+02  2.857527e+01  2.400000e+01
   endloop
 endfacet
 facet normal  9.902761e-01 -1.391158e-01  0.000000e+00
   outer loop
     vertex -1.030547e+02  2.840163e+01  2.400000e+01
     vertex -1.030547e+02  2.840163e+01  1.900000e+01
     vertex -1.030425e+02  2.848863e+01  1.900000e+01
   endloop
 endfacet
 facet normal  9.902761e-01 -1.391158e-01 -3.106302e-20
   outer loop
     vertex -1.030547e+02  2.840163e+01  2.400000e+01
     vertex -1.030425e+02  2.848863e+01  1.900000e+01
     vertex -1.030425e+02  2.848863e+01  2.400000e+01
   endloop
 endfacet
 facet normal  9.937221e-01 -1.118764e-01  0.000000e+00
   outer loop
     vertex -1.030645e+02  2.831432e+01  2.400000e+01
     vertex -1.030645e+02  2.831432e+01  1.900000e+01
     vertex -1.030547e+02  2.840163e+01  1.900000e+01
   endloop
 endfacet
 facet normal  9.937221e-01 -1.118764e-01 -8.179554e-20
   outer loop
     vertex -1.030645e+02  2.831432e+01  2.400000e+01
     vertex -1.030547e+02  2.840163e+01  1.900000e+01
     vertex -1.030547e+02  2.840163e+01  2.400000e+01
   endloop
 endfacet
 facet normal  9.964190e-01 -8.455258e-02  0.000000e+00
   outer loop
     vertex -1.030720e+02  2.822677e+01  2.400000e+01
     vertex -1.030720e+02  2.822677e+01  1.900000e+01
     vertex -1.030645e+02  2.831432e+01  1.900000e+01
   endloop
 endfacet
 facet normal  9.964190e-01 -8.455258e-02  1.123488e-19
   outer loop
     vertex -1.030720e+02  2.822677e+01  2.400000e+01
     vertex -1.030645e+02  2.831432e+01  1.900000e+01
     vertex -1.030645e+02  2.831432e+01  2.400000e+01
   endloop
 endfacet
 facet normal  9.983647e-01 -5.716506e-02  0.000000e+00
   outer loop
     vertex -1.030770e+02  2.813905e+01  2.400000e+01
     vertex -1.030770e+02  2.813905e+01  1.900000e+01
     vertex -1.030720e+02  2.822677e+01  1.900000e+01
   endloop
 endfacet
 facet normal  9.995578e-01 -2.973444e-02  0.000000e+00
   outer loop
     vertex -1.030770e+02  2.813905e+01  2.400000e+01
     vertex -1.030796e+02  2.805123e+01  1.900000e+01
     vertex -1.030770e+02  2.813905e+01  1.900000e+01
   endloop
 endfacet
 facet normal  9.983647e-01 -5.716506e-02 -1.578701e-20
   outer loop
     vertex -1.030770e+02  2.813905e+01  2.400000e+01
     vertex -1.030720e+02  2.822677e+01  1.900000e+01
     vertex -1.030720e+02  2.822677e+01  2.400000e+01
   endloop
 endfacet
 facet normal  9.995578e-01 -2.973444e-02  0.000000e+00
   outer loop
     vertex -1.030796e+02  2.805123e+01  2.400000e+01
     vertex -1.030796e+02  2.805123e+01  1.900000e+01
     vertex -1.030770e+02  2.813905e+01  2.400000e+01
   endloop
 endfacet
 facet normal  9.999974e-01 -2.281405e-03  4.708476e-25
   outer loop
     vertex -1.030798e+02  2.796337e+01  2.400000e+01
     vertex -1.030796e+02  2.805123e+01  1.900000e+01
     vertex -1.030796e+02  2.805123e+01  2.400000e+01
   endloop
 endfacet
 facet normal  9.999974e-01 -2.281405e-03  0.000000e+00
   outer loop
     vertex -1.030798e+02  2.796337e+01  2.400000e+01
     vertex -1.030798e+02  2.796337e+01  1.900000e+01
     vertex -1.030796e+02  2.805123e+01  1.900000e+01
   endloop
 endfacet
 facet normal  9.996831e-01  2.517335e-02  7.432307e-21
   outer loop
     vertex -1.030776e+02  2.787554e+01  2.400000e+01
     vertex -1.030798e+02  2.796337e+01  1.900000e+01
     vertex -1.030798e+02  2.796337e+01  2.400000e+01
   endloop
 endfacet
 facet normal  9.996831e-01  2.517335e-02  0.000000e+00
   outer loop
     vertex -1.030776e+02  2.787554e+01  2.400000e+01
     vertex -1.030776e+02  2.787554e+01  1.900000e+01
     vertex -1.030798e+02  2.796337e+01  1.900000e+01
   endloop
 endfacet
 facet normal  9.986152e-01  5.260913e-02 -6.119609e-20
   outer loop
     vertex -1.030730e+02  2.778780e+01  2.400000e+01
     vertex -1.030776e+02  2.787554e+01  1.900000e+01
     vertex -1.030776e+02  2.787554e+01  2.400000e+01
   endloop
 endfacet
 facet normal  9.986152e-01  5.260913e-02  0.000000e+00
   outer loop
     vertex -1.030730e+02  2.778780e+01  2.400000e+01
     vertex -1.030730e+02  2.778780e+01  1.900000e+01
     vertex -1.030776e+02  2.787554e+01  1.900000e+01
   endloop
 endfacet
 facet normal  9.967944e-01  8.000524e-02  1.843337e-20
   outer loop
     vertex -1.030659e+02  2.770022e+01  2.400000e+01
     vertex -1.030730e+02  2.778780e+01  1.900000e+01
     vertex -1.030730e+02  2.778780e+01  2.400000e+01
   endloop
 endfacet
 facet normal  9.967944e-01  8.000524e-02  0.000000e+00
   outer loop
     vertex -1.030659e+02  2.770022e+01  2.400000e+01
     vertex -1.030659e+02  2.770022e+01  1.900000e+01
     vertex -1.030730e+02  2.778780e+01  1.900000e+01
   endloop
 endfacet
 facet normal  9.942223e-01  1.073410e-01  0.000000e+00
   outer loop
     vertex -1.030659e+02  2.770022e+01  2.400000e+01
     vertex -1.030565e+02  2.761286e+01  1.900000e+01
     vertex -1.030659e+02  2.770022e+01  1.900000e+01
   endloop
 endfacet
 facet normal  9.942223e-01  1.073410e-01  0.000000e+00
   outer loop
     vertex -1.030565e+02  2.761286e+01  2.400000e+01
     vertex -1.030565e+02  2.761286e+01  1.900000e+01
     vertex -1.030659e+02  2.770022e+01  2.400000e+01
   endloop
 endfacet
 facet normal  9.909006e-01  1.345959e-01  0.000000e+00
   outer loop
     vertex -1.030447e+02  2.752580e+01  2.400000e+01
     vertex -1.030447e+02  2.752580e+01  1.900000e+01
     vertex -1.030565e+02  2.761286e+01  1.900000e+01
   endloop
 endfacet
 facet normal  9.868319e-01  1.617493e-01  0.000000e+00
   outer loop
     vertex -1.030447e+02  2.752580e+01  2.400000e+01
     vertex -1.030305e+02  2.743910e+01  1.900000e+01
     vertex -1.030447e+02  2.752580e+01  1.900000e+01
   endloop
 endfacet
 facet normal  9.909006e-01  1.345959e-01  2.196793e-19
   outer loop
     vertex -1.030447e+02  2.752580e+01  2.400000e+01
     vertex -1.030565e+02  2.761286e+01  1.900000e+01
     vertex -1.030565e+02  2.761286e+01  2.400000e+01
   endloop
 endfacet
 facet normal  9.868319e-01  1.617493e-01  0.000000e+00
   outer loop
     vertex -1.030305e+02  2.743910e+01  2.400000e+01
     vertex -1.030305e+02  2.743910e+01  1.900000e+01
     vertex -1.030447e+02  2.752580e+01  2.400000e+01
   endloop
 endfacet
 facet normal  9.820192e-01  1.887808e-01  0.000000e+00
   outer loop
     vertex -1.030139e+02  2.735282e+01  2.400000e+01
     vertex -1.030139e+02  2.735282e+01  1.900000e+01
     vertex -1.030305e+02  2.743910e+01  1.900000e+01
   endloop
 endfacet
 facet normal  9.820192e-01  1.887808e-01 -1.133777e-19
   outer loop
     vertex -1.030139e+02  2.735282e+01  2.400000e+01
     vertex -1.030305e+02  2.743910e+01  1.900000e+01
     vertex -1.030305e+02  2.743910e+01  2.400000e+01
   endloop
 endfacet
 facet normal  9.764663e-01  2.156700e-01  0.000000e+00
   outer loop
     vertex -1.029949e+02  2.726702e+01  2.400000e+01
     vertex -1.029949e+02  2.726702e+01  1.900000e+01
     vertex -1.030139e+02  2.735282e+01  1.900000e+01
   endloop
 endfacet
 facet normal  9.764663e-01  2.156700e-01  1.067766e-19
   outer loop
     vertex -1.029949e+02  2.726702e+01  2.400000e+01
     vertex -1.030139e+02  2.735282e+01  1.900000e+01
     vertex -1.030139e+02  2.735282e+01  2.400000e+01
   endloop
 endfacet
 facet normal  9.701773e-01  2.423966e-01  0.000000e+00
   outer loop
     vertex -1.029736e+02  2.718178e+01  2.400000e+01
     vertex -1.029736e+02  2.718178e+01  1.900000e+01
     vertex -1.029949e+02  2.726702e+01  1.900000e+01
   endloop
 endfacet
 facet normal  9.701773e-01  2.423966e-01 -4.595003e-20
   outer loop
     vertex -1.029736e+02  2.718178e+01  2.400000e+01
     vertex -1.029949e+02  2.726702e+01  1.900000e+01
     vertex -1.029949e+02  2.726702e+01  2.400000e+01
   endloop
 endfacet
 facet normal  9.631568e-01  2.689404e-01  0.000000e+00
   outer loop
     vertex -1.029500e+02  2.709716e+01  2.400000e+01
     vertex -1.029500e+02  2.709716e+01  1.900000e+01
     vertex -1.029736e+02  2.718178e+01  1.900000e+01
   endloop
 endfacet
 facet normal  9.631568e-01  2.689404e-01 -2.675418e-19
   outer loop
     vertex -1.029500e+02  2.709716e+01  2.400000e+01
     vertex -1.029736e+02  2.718178e+01  1.900000e+01
     vertex -1.029736e+02  2.718178e+01  2.400000e+01
   endloop
 endfacet
 facet normal  9.554103e-01  2.952815e-01  0.000000e+00
   outer loop
     vertex -1.029241e+02  2.701322e+01  2.400000e+01
     vertex -1.029241e+02  2.701322e+01  1.900000e+01
     vertex -1.029500e+02  2.709716e+01  1.900000e+01
   endloop
 endfacet
 facet normal  9.554103e-01  2.952815e-01  3.815727e-19
   outer loop
     vertex -1.029241e+02  2.701322e+01  2.400000e+01
     vertex -1.029500e+02  2.709716e+01  1.900000e+01
     vertex -1.029500e+02  2.709716e+01  2.400000e+01
   endloop
 endfacet
 facet normal  9.469435e-01  3.214000e-01  0.000000e+00
   outer loop
     vertex -1.028958e+02  2.693002e+01  2.400000e+01
     vertex -1.028958e+02  2.693002e+01  1.900000e+01
     vertex -1.029241e+02  2.701322e+01  1.900000e+01
   endloop
 endfacet
 facet normal  9.469435e-01  3.214000e-01 -4.081197e-19
   outer loop
     vertex -1.028958e+02  2.693002e+01  2.400000e+01
     vertex -1.029241e+02  2.701322e+01  1.900000e+01
     vertex -1.029241e+02  2.701322e+01  2.400000e+01
   endloop
 endfacet
 facet normal  9.377629e-01  3.472762e-01  0.000000e+00
   outer loop
     vertex -1.028653e+02  2.684762e+01  2.400000e+01
     vertex -1.028653e+02  2.684762e+01  1.900000e+01
     vertex -1.028958e+02  2.693002e+01  1.900000e+01
   endloop
 endfacet
 facet normal  9.377629e-01  3.472762e-01  2.104392e-19
   outer loop
     vertex -1.028653e+02  2.684762e+01  2.400000e+01
     vertex -1.028958e+02  2.693002e+01  1.900000e+01
     vertex -1.028958e+02  2.693002e+01  2.400000e+01
   endloop
 endfacet
 facet normal  9.278753e-01  3.728906e-01  0.000000e+00
   outer loop
     vertex -1.028325e+02  2.676610e+01  2.400000e+01
     vertex -1.028325e+02  2.676610e+01  1.900000e+01
     vertex -1.028653e+02  2.684762e+01  1.900000e+01
   endloop
 endfacet
 facet normal  9.172882e-01  3.982239e-01  0.000000e+00
   outer loop
     vertex -1.028325e+02  2.676610e+01  2.400000e+01
     vertex -1.027976e+02  2.668551e+01  1.900000e+01
     vertex -1.028325e+02  2.676610e+01  1.900000e+01
   endloop
 endfacet
 facet normal  9.278753e-01  3.728906e-01  4.849587e-19
   outer loop
     vertex -1.028325e+02  2.676610e+01  2.400000e+01
     vertex -1.028653e+02  2.684762e+01  1.900000e+01
     vertex -1.028653e+02  2.684762e+01  2.400000e+01
   endloop
 endfacet
 facet normal  9.172882e-01  3.982239e-01  0.000000e+00
   outer loop
     vertex -1.027976e+02  2.668551e+01  2.400000e+01
     vertex -1.027976e+02  2.668551e+01  1.900000e+01
     vertex -1.028325e+02  2.676610e+01  2.400000e+01
   endloop
 endfacet
 facet normal  9.060096e-01  4.232570e-01  0.000000e+00
   outer loop
     vertex -1.027604e+02  2.660590e+01  2.400000e+01
     vertex -1.027604e+02  2.660590e+01  1.900000e+01
     vertex -1.027976e+02  2.668551e+01  1.900000e+01
   endloop
 endfacet
 facet normal  9.060096e-01  4.232570e-01  1.748947e-19
   outer loop
     vertex -1.027604e+02  2.660590e+01  2.400000e+01
     vertex -1.027976e+02  2.668551e+01  1.900000e+01
     vertex -1.027976e+02  2.668551e+01  2.400000e+01
   endloop
 endfacet
 facet normal  8.940481e-01  4.479711e-01  0.000000e+00
   outer loop
     vertex -1.027210e+02  2.652735e+01  2.400000e+01
     vertex -1.027210e+02  2.652735e+01  1.900000e+01
     vertex -1.027604e+02  2.660590e+01  1.900000e+01
   endloop
 endfacet
 facet normal  8.940481e-01  4.479711e-01  1.372386e-19
   outer loop
     vertex -1.027210e+02  2.652735e+01  2.400000e+01
     vertex -1.027604e+02  2.660590e+01  1.900000e+01
     vertex -1.027604e+02  2.660590e+01  2.400000e+01
   endloop
 endfacet
 facet normal  8.814125e-01  4.723474e-01  0.000000e+00
   outer loop
     vertex -1.026795e+02  2.644991e+01  2.400000e+01
     vertex -1.026795e+02  2.644991e+01  1.900000e+01
     vertex -1.027210e+02  2.652735e+01  1.900000e+01
   endloop
 endfacet
 facet normal  8.814125e-01  4.723474e-01  4.917372e-19
   outer loop
     vertex -1.026795e+02  2.644991e+01  2.400000e+01
     vertex -1.027210e+02  2.652735e+01  1.900000e+01
     vertex -1.027210e+02  2.652735e+01  2.400000e+01
   endloop
 endfacet
 facet normal  8.681124e-01  4.963676e-01  0.000000e+00
   outer loop
     vertex -1.026359e+02  2.637364e+01  2.400000e+01
     vertex -1.026359e+02  2.637364e+01  1.900000e+01
     vertex -1.026795e+02  2.644991e+01  1.900000e+01
   endloop
 endfacet
 facet normal  8.681124e-01  4.963676e-01  2.326235e-19
   outer loop
     vertex -1.026359e+02  2.637364e+01  2.400000e+01
     vertex -1.026795e+02  2.644991e+01  1.900000e+01
     vertex -1.026795e+02  2.644991e+01  2.400000e+01
   endloop
 endfacet
 facet normal  8.541580e-01  5.200136e-01  0.000000e+00
   outer loop
     vertex -1.025902e+02  2.629859e+01  2.400000e+01
     vertex -1.025902e+02  2.629859e+01  1.900000e+01
     vertex -1.026359e+02  2.637364e+01  1.900000e+01
   endloop
 endfacet
 facet normal  8.541580e-01  5.200136e-01 -4.233980e-20
   outer loop
     vertex -1.025902e+02  2.629859e+01  2.400000e+01
     vertex -1.026359e+02  2.637364e+01  1.900000e+01
     vertex -1.026359e+02  2.637364e+01  2.400000e+01
   endloop
 endfacet
 facet normal  8.395596e-01  5.432676e-01  0.000000e+00
   outer loop
     vertex -1.025425e+02  2.622483e+01  2.400000e+01
     vertex -1.025425e+02  2.622483e+01  1.900000e+01
     vertex -1.025902e+02  2.629859e+01  1.900000e+01
   endloop
 endfacet
 facet normal  8.395596e-01  5.432676e-01 -3.844577e-19
   outer loop
     vertex -1.025425e+02  2.622483e+01  2.400000e+01
     vertex -1.025902e+02  2.629859e+01  1.900000e+01
     vertex -1.025902e+02  2.629859e+01  2.400000e+01
   endloop
 endfacet
 facet normal  8.243283e-01  5.661121e-01  0.000000e+00
   outer loop
     vertex -1.024927e+02  2.615240e+01  2.400000e+01
     vertex -1.024927e+02  2.615240e+01  1.900000e+01
     vertex -1.025425e+02  2.622483e+01  1.900000e+01
   endloop
 endfacet
 facet normal  8.084755e-01  5.885298e-01  0.000000e+00
   outer loop
     vertex -1.024927e+02  2.615240e+01  2.400000e+01
     vertex -1.024410e+02  2.608137e+01  1.900000e+01
     vertex -1.024927e+02  2.615240e+01  1.900000e+01
   endloop
 endfacet
 facet normal  8.243283e-01  5.661121e-01  3.372598e-19
   outer loop
     vertex -1.024927e+02  2.615240e+01  2.400000e+01
     vertex -1.025425e+02  2.622483e+01  1.900000e+01
     vertex -1.025425e+02  2.622483e+01  2.400000e+01
   endloop
 endfacet
 facet normal  8.084755e-01  5.885298e-01  0.000000e+00
   outer loop
     vertex -1.024410e+02  2.608137e+01  2.400000e+01
     vertex -1.024410e+02  2.608137e+01  1.900000e+01
     vertex -1.024927e+02  2.615240e+01  2.400000e+01
   endloop
 endfacet
 facet normal  7.920133e-01  6.105038e-01  0.000000e+00
   outer loop
     vertex -1.023874e+02  2.601178e+01  2.400000e+01
     vertex -1.023874e+02  2.601178e+01  1.900000e+01
     vertex -1.024410e+02  2.608137e+01  1.900000e+01
   endloop
 endfacet
 facet normal  7.920133e-01  6.105038e-01 -4.754919e-19
   outer loop
     vertex -1.023874e+02  2.601178e+01  2.400000e+01
     vertex -1.024410e+02  2.608137e+01  1.900000e+01
     vertex -1.024410e+02  2.608137e+01  2.400000e+01
   endloop
 endfacet
 facet normal  7.749540e-01  6.320176e-01  0.000000e+00
   outer loop
     vertex -1.023319e+02  2.594369e+01  2.400000e+01
     vertex -1.023319e+02  2.594369e+01  1.900000e+01
     vertex -1.023874e+02  2.601178e+01  1.900000e+01
   endloop
 endfacet
 facet normal  7.749540e-01  6.320176e-01 -4.830727e-19
   outer loop
     vertex -1.023319e+02  2.594369e+01  2.400000e+01
     vertex -1.023874e+02  2.601178e+01  1.900000e+01
     vertex -1.023874e+02  2.601178e+01  2.400000e+01
   endloop
 endfacet
 facet normal  7.573105e-01  6.530549e-01  3.497495e-19
   outer loop
     vertex -1.022745e+02  2.587715e+01  2.400000e+01
     vertex -1.023319e+02  2.594369e+01  1.900000e+01
     vertex -1.023319e+02  2.594369e+01  2.400000e+01
   endloop
 endfacet
 facet normal  7.573105e-01  6.530549e-01  0.000000e+00
   outer loop
     vertex -1.022745e+02  2.587715e+01  2.400000e+01
     vertex -1.022745e+02  2.587715e+01  1.900000e+01
     vertex -1.023319e+02  2.594369e+01  1.900000e+01
   endloop
 endfacet
 facet normal  7.390961e-01  6.736000e-01 -1.084990e-19
   outer loop
     vertex -1.022153e+02  2.581221e+01  2.400000e+01
     vertex -1.022745e+02  2.587715e+01  1.900000e+01
     vertex -1.022745e+02  2.587715e+01  2.400000e+01
   endloop
 endfacet
 facet normal  7.390961e-01  6.736000e-01  0.000000e+00
   outer loop
     vertex -1.022153e+02  2.581221e+01  2.400000e+01
     vertex -1.022153e+02  2.581221e+01  1.900000e+01
     vertex -1.022745e+02  2.587715e+01  1.900000e+01
   endloop
 endfacet
 facet normal  7.203246e-01  6.936372e-01  5.588479e-20
   outer loop
     vertex -1.021543e+02  2.574893e+01  2.400000e+01
     vertex -1.022153e+02  2.581221e+01  1.900000e+01
     vertex -1.022153e+02  2.581221e+01  2.400000e+01
   endloop
 endfacet
 facet normal  7.203246e-01  6.936372e-01  0.000000e+00
   outer loop
     vertex -1.021543e+02  2.574893e+01  2.400000e+01
     vertex -1.021543e+02  2.574893e+01  1.900000e+01
     vertex -1.022153e+02  2.581221e+01  1.900000e+01
   endloop
 endfacet
 facet normal  7.010099e-01  7.131515e-01 -2.224695e-19
   outer loop
     vertex -1.020917e+02  2.568733e+01  2.400000e+01
     vertex -1.021543e+02  2.574893e+01  1.900000e+01
     vertex -1.021543e+02  2.574893e+01  2.400000e+01
   endloop
 endfacet
 facet normal  7.010099e-01  7.131515e-01  0.000000e+00
   outer loop
     vertex -1.020917e+02  2.568733e+01  2.400000e+01
     vertex -1.020917e+02  2.568733e+01  1.900000e+01
     vertex -1.021543e+02  2.574893e+01  1.900000e+01
   endloop
 endfacet
 facet normal  6.811669e-01  7.321282e-01  3.277716e-19
   outer loop
     vertex -1.020274e+02  2.562749e+01  2.400000e+01
     vertex -1.020917e+02  2.568733e+01  1.900000e+01
     vertex -1.020917e+02  2.568733e+01  2.400000e+01
   endloop
 endfacet
 facet normal  6.811669e-01  7.321282e-01  0.000000e+00
   outer loop
     vertex -1.020274e+02  2.562749e+01  2.400000e+01
     vertex -1.020274e+02  2.562749e+01  1.900000e+01
     vertex -1.020917e+02  2.568733e+01  1.900000e+01
   endloop
 endfacet
 facet normal  6.608103e-01  7.505530e-01  9.884534e-20
   outer loop
     vertex -1.019614e+02  2.556943e+01  2.400000e+01
     vertex -1.020274e+02  2.562749e+01  1.900000e+01
     vertex -1.020274e+02  2.562749e+01  2.400000e+01
   endloop
 endfacet
 facet normal  6.608103e-01  7.505530e-01  0.000000e+00
   outer loop
     vertex -1.019614e+02  2.556943e+01  2.400000e+01
     vertex -1.019614e+02  2.556943e+01  1.900000e+01
     vertex -1.020274e+02  2.562749e+01  1.900000e+01
   endloop
 endfacet
 facet normal  6.399556e-01  7.684119e-01 -3.116423e-19
   outer loop
     vertex -1.018939e+02  2.551320e+01  2.400000e+01
     vertex -1.019614e+02  2.556943e+01  1.900000e+01
     vertex -1.019614e+02  2.556943e+01  2.400000e+01
   endloop
 endfacet
 facet normal  6.399556e-01  7.684119e-01  0.000000e+00
   outer loop
     vertex -1.018939e+02  2.551320e+01  2.400000e+01
     vertex -1.018939e+02  2.551320e+01  1.900000e+01
     vertex -1.019614e+02  2.556943e+01  1.900000e+01
   endloop
 endfacet
 facet normal  6.186184e-01  7.856916e-01  0.000000e+00
   outer loop
     vertex -1.018939e+02  2.551320e+01  2.400000e+01
     vertex -1.018249e+02  2.545885e+01  1.900000e+01
     vertex -1.018939e+02  2.551320e+01  1.900000e+01
   endloop
 endfacet
 facet normal  6.186184e-01  7.856916e-01  0.000000e+00
   outer loop
     vertex -1.018249e+02  2.545885e+01  2.400000e+01
     vertex -1.018249e+02  2.545885e+01  1.900000e+01
     vertex -1.018939e+02  2.551320e+01  2.400000e+01
   endloop
 endfacet
 facet normal  5.968149e-01  8.023790e-01  0.000000e+00
   outer loop
     vertex -1.018249e+02  2.545885e+01  2.400000e+01
     vertex -1.017544e+02  2.540641e+01  1.900000e+01
     vertex -1.018249e+02  2.545885e+01  1.900000e+01
   endloop
 endfacet
 facet normal  5.968149e-01  8.023790e-01  0.000000e+00
   outer loop
     vertex -1.017544e+02  2.540641e+01  2.400000e+01
     vertex -1.017544e+02  2.540641e+01  1.900000e+01
     vertex -1.018249e+02  2.545885e+01  2.400000e+01
   endloop
 endfacet
 facet normal  5.745614e-01  8.184615e-01  1.013314e-19
   outer loop
     vertex -1.016825e+02  2.535593e+01  2.400000e+01
     vertex -1.017544e+02  2.540641e+01  1.900000e+01
     vertex -1.017544e+02  2.540641e+01  2.400000e+01
   endloop
 endfacet
 facet normal  5.745614e-01  8.184615e-01  0.000000e+00
   outer loop
     vertex -1.016825e+02  2.535593e+01  2.400000e+01
     vertex -1.016825e+02  2.535593e+01  1.900000e+01
     vertex -1.017544e+02  2.540641e+01  1.900000e+01
   endloop
 endfacet
 facet normal  5.518748e-01  8.339269e-01  3.395539e-19
   outer loop
     vertex -1.016092e+02  2.530744e+01  2.400000e+01
     vertex -1.016825e+02  2.535593e+01  1.900000e+01
     vertex -1.016825e+02  2.535593e+01  2.400000e+01
   endloop
 endfacet
 facet normal  5.518748e-01  8.339269e-01  0.000000e+00
   outer loop
     vertex -1.016092e+02  2.530744e+01  2.400000e+01
     vertex -1.016092e+02  2.530744e+01  1.900000e+01
     vertex -1.016825e+02  2.535593e+01  1.900000e+01
   endloop
 endfacet
 facet normal  5.287722e-01  8.487638e-01  1.241457e-19
   outer loop
     vertex -1.015346e+02  2.526098e+01  2.400000e+01
     vertex -1.016092e+02  2.530744e+01  1.900000e+01
     vertex -1.016092e+02  2.530744e+01  2.400000e+01
   endloop
 endfacet
 facet normal  5.287722e-01  8.487638e-01  0.000000e+00
   outer loop
     vertex -1.015346e+02  2.526098e+01  2.400000e+01
     vertex -1.015346e+02  2.526098e+01  1.900000e+01
     vertex -1.016092e+02  2.530744e+01  1.900000e+01
   endloop
 endfacet
 facet normal  5.052710e-01  8.629607e-01  0.000000e+00
   outer loop
     vertex -1.014588e+02  2.521659e+01  2.400000e+01
     vertex -1.014588e+02  2.521659e+01  1.900000e+01
     vertex -1.015346e+02  2.526098e+01  1.900000e+01
   endloop
 endfacet
 facet normal  5.052710e-01  8.629607e-01  2.657317e-19
   outer loop
     vertex -1.014588e+02  2.521659e+01  2.400000e+01
     vertex -1.015346e+02  2.526098e+01  1.900000e+01
     vertex -1.015346e+02  2.526098e+01  2.400000e+01
   endloop
 endfacet
 facet normal  4.813888e-01  8.765072e-01  0.000000e+00
   outer loop
     vertex -1.013818e+02  2.517429e+01  2.400000e+01
     vertex -1.013818e+02  2.517429e+01  1.900000e+01
     vertex -1.014588e+02  2.521659e+01  1.900000e+01
   endloop
 endfacet
 facet normal  4.813888e-01  8.765072e-01 -1.204263e-19
   outer loop
     vertex -1.013818e+02  2.517429e+01  2.400000e+01
     vertex -1.014588e+02  2.521659e+01  1.900000e+01
     vertex -1.014588e+02  2.521659e+01  2.400000e+01
   endloop
 endfacet
 facet normal  4.571438e-01  8.893928e-01  0.000000e+00
   outer loop
     vertex -1.013037e+02  2.513413e+01  2.400000e+01
     vertex -1.013037e+02  2.513413e+01  1.900000e+01
     vertex -1.013818e+02  2.517429e+01  1.900000e+01
   endloop
 endfacet
 facet normal  4.325541e-01  9.016080e-01  0.000000e+00
   outer loop
     vertex -1.013037e+02  2.513413e+01  2.400000e+01
     vertex -1.012244e+02  2.509612e+01  1.900000e+01
     vertex -1.013037e+02  2.513413e+01  1.900000e+01
   endloop
 endfacet
 facet normal  4.571438e-01  8.893928e-01 -3.728738e-19
   outer loop
     vertex -1.013037e+02  2.513413e+01  2.400000e+01
     vertex -1.013818e+02  2.517429e+01  1.900000e+01
     vertex -1.013818e+02  2.517429e+01  2.400000e+01
   endloop
 endfacet
 facet normal  4.325541e-01  9.016080e-01  0.000000e+00
   outer loop
     vertex -1.012244e+02  2.509612e+01  2.400000e+01
     vertex -1.012244e+02  2.509612e+01  1.900000e+01
     vertex -1.013037e+02  2.513413e+01  2.400000e+01
   endloop
 endfacet
 facet normal  4.076384e-01  9.131435e-01  0.000000e+00
   outer loop
     vertex -1.011442e+02  2.506031e+01  2.400000e+01
     vertex -1.011442e+02  2.506031e+01  1.900000e+01
     vertex -1.012244e+02  2.509612e+01  1.900000e+01
   endloop
 endfacet
 facet normal  3.824153e-01  9.239906e-01  0.000000e+00
   outer loop
     vertex -1.011442e+02  2.506031e+01  2.400000e+01
     vertex -1.010630e+02  2.502671e+01  1.900000e+01
     vertex -1.011442e+02  2.506031e+01  1.900000e+01
   endloop
 endfacet
 facet normal  4.076384e-01  9.131435e-01 -2.897118e-19
   outer loop
     vertex -1.011442e+02  2.506031e+01  2.400000e+01
     vertex -1.012244e+02  2.509612e+01  1.900000e+01
     vertex -1.012244e+02  2.509612e+01  2.400000e+01
   endloop
 endfacet
 facet normal  3.824153e-01  9.239906e-01  0.000000e+00
   outer loop
     vertex -1.010630e+02  2.502671e+01  2.400000e+01
     vertex -1.010630e+02  2.502671e+01  1.900000e+01
     vertex -1.011442e+02  2.506031e+01  2.400000e+01
   endloop
 endfacet
 facet normal  3.569039e-01  9.341411e-01  0.000000e+00
   outer loop
     vertex -1.009809e+02  2.499535e+01  2.400000e+01
     vertex -1.009809e+02  2.499535e+01  1.900000e+01
     vertex -1.010630e+02  2.502671e+01  1.900000e+01
   endloop
 endfacet
 facet normal  3.569039e-01  9.341411e-01  3.570711e-19
   outer loop
     vertex -1.009809e+02  2.499535e+01  2.400000e+01
     vertex -1.010630e+02  2.502671e+01  1.900000e+01
     vertex -1.010630e+02  2.502671e+01  2.400000e+01
   endloop
 endfacet
 facet normal  3.311235e-01  9.435874e-01  0.000000e+00
   outer loop
     vertex -1.008980e+02  2.496626e+01  2.400000e+01
     vertex -1.008980e+02  2.496626e+01  1.900000e+01
     vertex -1.009809e+02  2.499535e+01  1.900000e+01
   endloop
 endfacet
 facet normal  3.311235e-01  9.435874e-01  2.263768e-19
   outer loop
     vertex -1.008980e+02  2.496626e+01  2.400000e+01
     vertex -1.009809e+02  2.499535e+01  1.900000e+01
     vertex -1.009809e+02  2.499535e+01  2.400000e+01
   endloop
 endfacet
 facet normal  3.050935e-01  9.523224e-01  0.000000e+00
   outer loop
     vertex -1.008144e+02  2.493945e+01  2.400000e+01
     vertex -1.008144e+02  2.493945e+01  1.900000e+01
     vertex -1.008980e+02  2.496626e+01  1.900000e+01
   endloop
 endfacet
 facet normal  3.050935e-01  9.523224e-01 -5.743926e-20
   outer loop
     vertex -1.008144e+02  2.493945e+01  2.400000e+01
     vertex -1.008980e+02  2.496626e+01  1.900000e+01
     vertex -1.008980e+02  2.496626e+01  2.400000e+01
   endloop
 endfacet
 facet normal  2.788335e-01  9.603395e-01  0.000000e+00
   outer loop
     vertex -1.007300e+02  2.491495e+01  2.400000e+01
     vertex -1.007300e+02  2.491495e+01  1.900000e+01
     vertex -1.008144e+02  2.493945e+01  1.900000e+01
   endloop
 endfacet
 facet normal  2.788335e-01  9.603395e-01 -1.703827e-19
   outer loop
     vertex -1.007300e+02  2.491495e+01  2.400000e+01
     vertex -1.008144e+02  2.493945e+01  1.900000e+01
     vertex -1.008144e+02  2.493945e+01  2.400000e+01
   endloop
 endfacet
 facet normal  2.523633e-01  9.676326e-01  0.000000e+00
   outer loop
     vertex -1.006450e+02  2.489278e+01  2.400000e+01
     vertex -1.006450e+02  2.489278e+01  1.900000e+01
     vertex -1.007300e+02  2.491495e+01  1.900000e+01
   endloop
 endfacet
 facet normal  2.523633e-01  9.676326e-01  1.760769e-19
   outer loop
     vertex -1.006450e+02  2.489278e+01  2.400000e+01
     vertex -1.007300e+02  2.491495e+01  1.900000e+01
     vertex -1.007300e+02  2.491495e+01  2.400000e+01
   endloop
 endfacet
 facet normal  2.257028e-01  9.741962e-01  0.000000e+00
   outer loop
     vertex -1.005594e+02  2.487295e+01  2.400000e+01
     vertex -1.005594e+02  2.487295e+01  1.900000e+01
     vertex -1.006450e+02  2.489278e+01  1.900000e+01
   endloop
 endfacet
 facet normal  2.257028e-01  9.741962e-01  2.339246e-19
   outer loop
     vertex -1.005594e+02  2.487295e+01  2.400000e+01
     vertex -1.006450e+02  2.489278e+01  1.900000e+01
     vertex -1.006450e+02  2.489278e+01  2.400000e+01
   endloop
 endfacet
 facet normal  1.988722e-01  9.800254e-01  4.860332e-20
   outer loop
     vertex -1.004733e+02  2.485548e+01  2.400000e+01
     vertex -1.005594e+02  2.487295e+01  1.900000e+01
     vertex -1.005594e+02  2.487295e+01  2.400000e+01
   endloop
 endfacet
 facet normal  1.988722e-01  9.800254e-01  0.000000e+00
   outer loop
     vertex -1.004733e+02  2.485548e+01  2.400000e+01
     vertex -1.004733e+02  2.485548e+01  1.900000e+01
     vertex -1.005594e+02  2.487295e+01  1.900000e+01
   endloop
 endfacet
 facet normal  1.718916e-01  9.851159e-01  1.860809e-19
   outer loop
     vertex -1.003867e+02  2.484038e+01  2.400000e+01
     vertex -1.004733e+02  2.485548e+01  1.900000e+01
     vertex -1.004733e+02  2.485548e+01  2.400000e+01
   endloop
 endfacet
 facet normal  1.718916e-01  9.851159e-01  0.000000e+00
   outer loop
     vertex -1.003867e+02  2.484038e+01  2.400000e+01
     vertex -1.003867e+02  2.484038e+01  1.900000e+01
     vertex -1.004733e+02  2.485548e+01  1.900000e+01
   endloop
 endfacet
 facet normal  1.447815e-01  9.894637e-01  8.057280e-20
   outer loop
     vertex -1.002998e+02  2.482765e+01  2.400000e+01
     vertex -1.003867e+02  2.484038e+01  1.900000e+01
     vertex -1.003867e+02  2.484038e+01  2.400000e+01
   endloop
 endfacet
 facet normal  1.447815e-01  9.894637e-01  0.000000e+00
   outer loop
     vertex -1.002998e+02  2.482765e+01  2.400000e+01
     vertex -1.002998e+02  2.482765e+01  1.900000e+01
     vertex -1.003867e+02  2.484038e+01  1.900000e+01
   endloop
 endfacet
 facet normal  1.175622e-01  9.930655e-01 -6.775218e-20
   outer loop
     vertex -1.002125e+02  2.481733e+01  2.400000e+01
     vertex -1.002998e+02  2.482765e+01  1.900000e+01
     vertex -1.002998e+02  2.482765e+01  2.400000e+01
   endloop
 endfacet
 facet normal  1.175622e-01  9.930655e-01  0.000000e+00
   outer loop
     vertex -1.002125e+02  2.481733e+01  2.400000e+01
     vertex -1.002125e+02  2.481733e+01  1.900000e+01
     vertex -1.002998e+02  2.482765e+01  1.900000e+01
   endloop
 endfacet
 facet normal  9.025432e-02  9.959188e-01 -7.751974e-20
   outer loop
     vertex -1.001250e+02  2.480940e+01  2.400000e+01
     vertex -1.002125e+02  2.481733e+01  1.900000e+01
     vertex -1.002125e+02  2.481733e+01  2.400000e+01
   endloop
 endfacet
 facet normal  9.025432e-02  9.959188e-01  0.000000e+00
   outer loop
     vertex -1.001250e+02  2.480940e+01  2.400000e+01
     vertex -1.001250e+02  2.480940e+01  1.900000e+01
     vertex -1.002125e+02  2.481733e+01  1.900000e+01
   endloop
 endfacet
 facet normal  6.287838e-02  9.980212e-01  5.663283e-20
   outer loop
     vertex -1.000373e+02  2.480387e+01  2.400000e+01
     vertex -1.001250e+02  2.480940e+01  1.900000e+01
     vertex -1.001250e+02  2.480940e+01  2.400000e+01
   endloop
 endfacet
 facet normal  6.287838e-02  9.980212e-01  0.000000e+00
   outer loop
     vertex -1.000373e+02  2.480387e+01  2.400000e+01
     vertex -1.000373e+02  2.480387e+01  1.900000e+01
     vertex -1.001250e+02  2.480940e+01  1.900000e+01
   endloop
 endfacet
 facet normal  3.545504e-02  9.993713e-01  3.595227e-22
   outer loop
     vertex -9.994954e+01  2.480076e+01  2.400000e+01
     vertex -1.000373e+02  2.480387e+01  1.900000e+01
     vertex -1.000373e+02  2.480387e+01  2.400000e+01
   endloop
 endfacet
 facet normal  3.545504e-02  9.993713e-01  0.000000e+00
   outer loop
     vertex -9.994954e+01  2.480076e+01  2.400000e+01
     vertex -9.994954e+01  2.480076e+01  1.900000e+01
     vertex -1.000373e+02  2.480387e+01  1.900000e+01
   endloop
 endfacet
 facet normal  8.004972e-03  9.999680e-01 -1.445577e-20
   outer loop
     vertex -9.986168e+01  2.480005e+01  2.400000e+01
     vertex -9.994954e+01  2.480076e+01  1.900000e+01
     vertex -9.994954e+01  2.480076e+01  2.400000e+01
   endloop
 endfacet
 facet normal  8.004972e-03  9.999680e-01  0.000000e+00
   outer loop
     vertex -9.986168e+01  2.480005e+01  2.400000e+01
     vertex -9.986168e+01  2.480005e+01  1.900000e+01
     vertex -9.994954e+01  2.480076e+01  1.900000e+01
   endloop
 endfacet
 facet normal -1.945113e-02  9.998108e-01  2.269492e-20
   outer loop
     vertex -9.977384e+01  2.480176e+01  2.400000e+01
     vertex -9.986168e+01  2.480005e+01  1.900000e+01
     vertex -9.986168e+01  2.480005e+01  2.400000e+01
   endloop
 endfacet
 facet normal -1.945113e-02  9.998108e-01  0.000000e+00
   outer loop
     vertex -9.977384e+01  2.480176e+01  2.400000e+01
     vertex -9.977384e+01  2.480176e+01  1.900000e+01
     vertex -9.986168e+01  2.480005e+01  1.900000e+01
   endloop
 endfacet
 facet normal -4.689257e-02  9.988999e-01 -4.515413e-20
   outer loop
     vertex -9.968608e+01  2.480588e+01  2.400000e+01
     vertex -9.977384e+01  2.480176e+01  1.900000e+01
     vertex -9.977384e+01  2.480176e+01  2.400000e+01
   endloop
 endfacet
 facet normal -4.689257e-02  9.988999e-01  0.000000e+00
   outer loop
     vertex -9.968608e+01  2.480588e+01  2.400000e+01
     vertex -9.968608e+01  2.480588e+01  1.900000e+01
     vertex -9.977384e+01  2.480176e+01  1.900000e+01
   endloop
 endfacet
 facet normal -7.429866e-02  9.972360e-01 -5.747168e-20
   outer loop
     vertex -9.959846e+01  2.481241e+01  2.400000e+01
     vertex -9.968608e+01  2.480588e+01  1.900000e+01
     vertex -9.968608e+01  2.480588e+01  2.400000e+01
   endloop
 endfacet
 facet normal -7.429866e-02  9.972360e-01  0.000000e+00
   outer loop
     vertex -9.959846e+01  2.481241e+01  2.400000e+01
     vertex -9.959846e+01  2.481241e+01  1.900000e+01
     vertex -9.968608e+01  2.480588e+01  1.900000e+01
   endloop
 endfacet
 facet normal -1.016487e-01  9.948204e-01 -1.481368e-21
   outer loop
     vertex -9.951105e+01  2.482134e+01  2.400000e+01
     vertex -9.959846e+01  2.481241e+01  1.900000e+01
     vertex -9.959846e+01  2.481241e+01  2.400000e+01
   endloop
 endfacet
 facet normal -1.016487e-01  9.948204e-01  0.000000e+00
   outer loop
     vertex -9.951105e+01  2.482134e+01  2.400000e+01
     vertex -9.951105e+01  2.482134e+01  1.900000e+01
     vertex -9.959846e+01  2.481241e+01  1.900000e+01
   endloop
 endfacet
 facet normal -1.289222e-01  9.916547e-01 -1.341274e-19
   outer loop
     vertex -9.942392e+01  2.483267e+01  2.400000e+01
     vertex -9.951105e+01  2.482134e+01  1.900000e+01
     vertex -9.951105e+01  2.482134e+01  2.400000e+01
   endloop
 endfacet
 facet normal -1.289222e-01  9.916547e-01  0.000000e+00
   outer loop
     vertex -9.942392e+01  2.483267e+01  2.400000e+01
     vertex -9.942392e+01  2.483267e+01  1.900000e+01
     vertex -9.951105e+01  2.482134e+01  1.900000e+01
   endloop
 endfacet
 facet normal -1.560984e-01  9.877415e-01  0.000000e+00
   outer loop
     vertex -9.942392e+01  2.483267e+01  2.400000e+01
     vertex -9.933714e+01  2.484638e+01  1.900000e+01
     vertex -9.942392e+01  2.483267e+01  1.900000e+01
   endloop
 endfacet
 facet normal -1.560984e-01  9.877415e-01  0.000000e+00
   outer loop
     vertex -9.933714e+01  2.484638e+01  2.400000e+01
     vertex -9.933714e+01  2.484638e+01  1.900000e+01
     vertex -9.942392e+01  2.483267e+01  2.400000e+01
   endloop
 endfacet
 facet normal -1.831570e-01  9.830837e-01  1.523457e-19
   outer loop
     vertex -9.925077e+01  2.486247e+01  2.400000e+01
     vertex -9.933714e+01  2.484638e+01  1.900000e+01
     vertex -9.933714e+01  2.484638e+01  2.400000e+01
   endloop
 endfacet
 facet normal -1.831570e-01  9.830837e-01  0.000000e+00
   outer loop
     vertex -9.925077e+01  2.486247e+01  2.400000e+01
     vertex -9.925077e+01  2.486247e+01  1.900000e+01
     vertex -9.933714e+01  2.484638e+01  1.900000e+01
   endloop
 endfacet
 facet normal -2.100775e-01  9.776847e-01  1.571747e-19
   outer loop
     vertex -9.916487e+01  2.488093e+01  2.400000e+01
     vertex -9.925077e+01  2.486247e+01  1.900000e+01
     vertex -9.925077e+01  2.486247e+01  2.400000e+01
   endloop
 endfacet
 facet normal -2.100775e-01  9.776847e-01  0.000000e+00
   outer loop
     vertex -9.916487e+01  2.488093e+01  2.400000e+01
     vertex -9.916487e+01  2.488093e+01  1.900000e+01
     vertex -9.925077e+01  2.486247e+01  1.900000e+01
   endloop
 endfacet
 facet normal -2.368397e-01  9.715487e-01  0.000000e+00
   outer loop
     vertex -9.916487e+01  2.488093e+01  2.400000e+01
     vertex -9.907950e+01  2.490174e+01  1.900000e+01
     vertex -9.916487e+01  2.488093e+01  1.900000e+01
   endloop
 endfacet
 facet normal -2.368397e-01  9.715487e-01  0.000000e+00
   outer loop
     vertex -9.907950e+01  2.490174e+01  2.400000e+01
     vertex -9.907950e+01  2.490174e+01  1.900000e+01
     vertex -9.916487e+01  2.488093e+01  2.400000e+01
   endloop
 endfacet
 facet normal -2.634233e-01  9.646804e-01  0.000000e+00
   outer loop
     vertex -9.907950e+01  2.490174e+01  2.400000e+01
     vertex -9.899475e+01  2.492489e+01  1.900000e+01
     vertex -9.907950e+01  2.490174e+01  1.900000e+01
   endloop
 endfacet
 facet normal -2.634233e-01  9.646804e-01  0.000000e+00
   outer loop
     vertex -9.899475e+01  2.492489e+01  2.400000e+01
     vertex -9.899475e+01  2.492489e+01  1.900000e+01
     vertex -9.907950e+01  2.490174e+01  2.400000e+01
   endloop
 endfacet
 facet normal -2.898083e-01  9.570847e-01  2.218694e-19
   outer loop
     vertex -9.891066e+01  2.495035e+01  2.400000e+01
     vertex -9.899475e+01  2.492489e+01  1.900000e+01
     vertex -9.899475e+01  2.492489e+01  2.400000e+01
   endloop
 endfacet
 facet normal -2.898083e-01  9.570847e-01  0.000000e+00
   outer loop
     vertex -9.891066e+01  2.495035e+01  2.400000e+01
     vertex -9.891066e+01  2.495035e+01  1.900000e+01
     vertex -9.899475e+01  2.492489e+01  1.900000e+01
   endloop
 endfacet
 facet normal -3.159748e-01  9.487676e-01  2.019898e-19
   outer loop
     vertex -9.882730e+01  2.497811e+01  2.400000e+01
     vertex -9.891066e+01  2.495035e+01  1.900000e+01
     vertex -9.891066e+01  2.495035e+01  2.400000e+01
   endloop
 endfacet
 facet normal -3.159748e-01  9.487676e-01  0.000000e+00
   outer loop
     vertex -9.882730e+01  2.497811e+01  2.400000e+01
     vertex -9.882730e+01  2.497811e+01  1.900000e+01
     vertex -9.891066e+01  2.495035e+01  1.900000e+01
   endloop
 endfacet
 facet normal -3.419031e-01  9.397352e-01  3.192861e-19
   outer loop
     vertex -9.874473e+01  2.500815e+01  2.400000e+01
     vertex -9.882730e+01  2.497811e+01  1.900000e+01
     vertex -9.882730e+01  2.497811e+01  2.400000e+01
   endloop
 endfacet
 facet normal -3.419031e-01  9.397352e-01  0.000000e+00
   outer loop
     vertex -9.874473e+01  2.500815e+01  2.400000e+01
     vertex -9.874473e+01  2.500815e+01  1.900000e+01
     vertex -9.882730e+01  2.497811e+01  1.900000e+01
   endloop
 endfacet
 facet normal -3.675737e-01  9.299944e-01 -2.462051e-19
   outer loop
     vertex -9.866302e+01  2.504045e+01  2.400000e+01
     vertex -9.874473e+01  2.500815e+01  1.900000e+01
     vertex -9.874473e+01  2.500815e+01  2.400000e+01
   endloop
 endfacet
 facet normal -3.675737e-01  9.299944e-01  0.000000e+00
   outer loop
     vertex -9.866302e+01  2.504045e+01  2.400000e+01
     vertex -9.866302e+01  2.504045e+01  1.900000e+01
     vertex -9.874473e+01  2.500815e+01  1.900000e+01
   endloop
 endfacet
 facet normal -3.929672e-01  9.195525e-01  0.000000e+00
   outer loop
     vertex -9.866302e+01  2.504045e+01  2.400000e+01
     vertex -9.858223e+01  2.507497e+01  1.900000e+01
     vertex -9.866302e+01  2.504045e+01  1.900000e+01
   endloop
 endfacet
 facet normal -4.180644e-01  9.084174e-01  0.000000e+00
   outer loop
     vertex -9.858223e+01  2.507497e+01  2.400000e+01
     vertex -9.850241e+01  2.511170e+01  1.900000e+01
     vertex -9.858223e+01  2.507497e+01  1.900000e+01
   endloop
 endfacet
 facet normal -3.929672e-01  9.195525e-01  0.000000e+00
   outer loop
     vertex -9.858223e+01  2.507497e+01  2.400000e+01
     vertex -9.858223e+01  2.507497e+01  1.900000e+01
     vertex -9.866302e+01  2.504045e+01  2.400000e+01
   endloop
 endfacet
 facet normal -4.180644e-01  9.084174e-01  0.000000e+00
   outer loop
     vertex -9.850241e+01  2.511170e+01  2.400000e+01
     vertex -9.850241e+01  2.511170e+01  1.900000e+01
     vertex -9.858223e+01  2.507497e+01  2.400000e+01
   endloop
 endfacet
 facet normal -4.428465e-01  8.965974e-01  0.000000e+00
   outer loop
     vertex -9.842364e+01  2.515061e+01  2.400000e+01
     vertex -9.842364e+01  2.515061e+01  1.900000e+01
     vertex -9.850241e+01  2.511170e+01  1.900000e+01
   endloop
 endfacet
 facet normal -4.672948e-01  8.841016e-01  0.000000e+00
   outer loop
     vertex -9.842364e+01  2.515061e+01  2.400000e+01
     vertex -9.834596e+01  2.519167e+01  1.900000e+01
     vertex -9.842364e+01  2.515061e+01  1.900000e+01
   endloop
 endfacet
 facet normal -4.428465e-01  8.965974e-01 -3.798002e-19
   outer loop
     vertex -9.842364e+01  2.515061e+01  2.400000e+01
     vertex -9.850241e+01  2.511170e+01  1.900000e+01
     vertex -9.850241e+01  2.511170e+01  2.400000e+01
   endloop
 endfacet
 facet normal -4.672948e-01  8.841016e-01  0.000000e+00
   outer loop
     vertex -9.834596e+01  2.519167e+01  2.400000e+01
     vertex -9.834596e+01  2.519167e+01  1.900000e+01
     vertex -9.842364e+01  2.515061e+01  2.400000e+01
   endloop
 endfacet
 facet normal -4.913907e-01  8.709392e-01  4.270577e-20
   outer loop
     vertex -9.826944e+01  2.523484e+01  2.400000e+01
     vertex -9.834596e+01  2.519167e+01  1.900000e+01
     vertex -9.834596e+01  2.519167e+01  2.400000e+01
   endloop
 endfacet
 facet normal -4.913907e-01  8.709392e-01  0.000000e+00
   outer loop
     vertex -9.826944e+01  2.523484e+01  2.400000e+01
     vertex -9.826944e+01  2.523484e+01  1.900000e+01
     vertex -9.834596e+01  2.519167e+01  1.900000e+01
   endloop
 endfacet
 facet normal -5.151162e-01  8.571203e-01 -7.188545e-20
   outer loop
     vertex -9.819413e+01  2.528010e+01  2.400000e+01
     vertex -9.826944e+01  2.523484e+01  1.900000e+01
     vertex -9.826944e+01  2.523484e+01  2.400000e+01
   endloop
 endfacet
 facet normal -5.151162e-01  8.571203e-01  0.000000e+00
   outer loop
     vertex -9.819413e+01  2.528010e+01  2.400000e+01
     vertex -9.819413e+01  2.528010e+01  1.900000e+01
     vertex -9.826944e+01  2.523484e+01  1.900000e+01
   endloop
 endfacet
 facet normal -5.384534e-01  8.426553e-01  1.673287e-19
   outer loop
     vertex -9.812009e+01  2.532741e+01  2.400000e+01
     vertex -9.819413e+01  2.528010e+01  1.900000e+01
     vertex -9.819413e+01  2.528010e+01  2.400000e+01
   endloop
 endfacet
 facet normal -5.384534e-01  8.426553e-01  0.000000e+00
   outer loop
     vertex -9.812009e+01  2.532741e+01  2.400000e+01
     vertex -9.812009e+01  2.532741e+01  1.900000e+01
     vertex -9.819413e+01  2.528010e+01  1.900000e+01
   endloop
 endfacet
 facet normal -5.613847e-01  8.275550e-01  1.479765e-19
   outer loop
     vertex -9.804738e+01  2.537674e+01  2.400000e+01
     vertex -9.812009e+01  2.532741e+01  1.900000e+01
     vertex -9.812009e+01  2.532741e+01  2.400000e+01
   endloop
 endfacet
 facet normal -5.613847e-01  8.275550e-01  0.000000e+00
   outer loop
     vertex -9.804738e+01  2.537674e+01  2.400000e+01
     vertex -9.804738e+01  2.537674e+01  1.900000e+01
     vertex -9.812009e+01  2.532741e+01  1.900000e+01
   endloop
 endfacet
 facet normal -5.838928e-01  8.118308e-01 -4.734619e-19
   outer loop
     vertex -9.797606e+01  2.542804e+01  2.400000e+01
     vertex -9.804738e+01  2.537674e+01  1.900000e+01
     vertex -9.804738e+01  2.537674e+01  2.400000e+01
   endloop
 endfacet
 facet normal -5.838928e-01  8.118308e-01  0.000000e+00
   outer loop
     vertex -9.797606e+01  2.542804e+01  2.400000e+01
     vertex -9.797606e+01  2.542804e+01  1.900000e+01
     vertex -9.804738e+01  2.537674e+01  1.900000e+01
   endloop
 endfacet
 facet normal -6.059606e-01  7.954946e-01  2.740827e-20
   outer loop
     vertex -9.790616e+01  2.548128e+01  2.400000e+01
     vertex -9.797606e+01  2.542804e+01  1.900000e+01
     vertex -9.797606e+01  2.542804e+01  2.400000e+01
   endloop
 endfacet
 facet normal -6.059606e-01  7.954946e-01  0.000000e+00
   outer loop
     vertex -9.790616e+01  2.548128e+01  2.400000e+01
     vertex -9.790616e+01  2.548128e+01  1.900000e+01
     vertex -9.797606e+01  2.542804e+01  1.900000e+01
   endloop
 endfacet
 facet normal -6.275717e-01  7.785588e-01 -2.621357e-19
   outer loop
     vertex -9.783776e+01  2.553642e+01  2.400000e+01
     vertex -9.790616e+01  2.548128e+01  1.900000e+01
     vertex -9.790616e+01  2.548128e+01  2.400000e+01
   endloop
 endfacet
 facet normal -6.275717e-01  7.785588e-01  0.000000e+00
   outer loop
     vertex -9.783776e+01  2.553642e+01  2.400000e+01
     vertex -9.783776e+01  2.553642e+01  1.900000e+01
     vertex -9.790616e+01  2.548128e+01  1.900000e+01
   endloop
 endfacet
 facet normal -6.487097e-01  7.610360e-01  4.837517e-19
   outer loop
     vertex -9.777089e+01  2.559341e+01  2.400000e+01
     vertex -9.783776e+01  2.553642e+01  1.900000e+01
     vertex -9.783776e+01  2.553642e+01  2.400000e+01
   endloop
 endfacet
 facet normal -6.487097e-01  7.610360e-01  0.000000e+00
   outer loop
     vertex -9.777089e+01  2.559341e+01  2.400000e+01
     vertex -9.777089e+01  2.559341e+01  1.900000e+01
     vertex -9.783776e+01  2.553642e+01  1.900000e+01
   endloop
 endfacet
 facet normal -6.693586e-01  7.429395e-01 -8.547298e-20
   outer loop
     vertex -9.770562e+01  2.565222e+01  2.400000e+01
     vertex -9.777089e+01  2.559341e+01  1.900000e+01
     vertex -9.777089e+01  2.559341e+01  2.400000e+01
   endloop
 endfacet
 facet normal -6.693586e-01  7.429395e-01  0.000000e+00
   outer loop
     vertex -9.770562e+01  2.565222e+01  2.400000e+01
     vertex -9.770562e+01  2.565222e+01  1.900000e+01
     vertex -9.777089e+01  2.559341e+01  1.900000e+01
   endloop
 endfacet
 facet normal -6.895030e-01  7.242829e-01  0.000000e+00
   outer loop
     vertex -9.764198e+01  2.571280e+01  2.400000e+01
     vertex -9.764198e+01  2.571280e+01  1.900000e+01
     vertex -9.770562e+01  2.565222e+01  1.900000e+01
   endloop
 endfacet
 facet normal -6.895030e-01  7.242829e-01  6.004844e-20
   outer loop
     vertex -9.764198e+01  2.571280e+01  2.400000e+01
     vertex -9.770562e+01  2.565222e+01  1.900000e+01
     vertex -9.770562e+01  2.565222e+01  2.400000e+01
   endloop
 endfacet
 facet normal -7.091275e-01  7.050803e-01  0.000000e+00
   outer loop
     vertex -9.758003e+01  2.577511e+01  2.400000e+01
     vertex -9.758003e+01  2.577511e+01  1.900000e+01
     vertex -9.764198e+01  2.571280e+01  1.900000e+01
   endloop
 endfacet
 facet normal -7.091275e-01  7.050803e-01 -3.458950e-19
   outer loop
     vertex -9.758003e+01  2.577511e+01  2.400000e+01
     vertex -9.764198e+01  2.571280e+01  1.900000e+01
     vertex -9.764198e+01  2.571280e+01  2.400000e+01
   endloop
 endfacet
 facet normal -7.282175e-01  6.853461e-01  0.000000e+00
   outer loop
     vertex -9.751982e+01  2.583909e+01  2.400000e+01
     vertex -9.751982e+01  2.583909e+01  1.900000e+01
     vertex -9.758003e+01  2.577511e+01  1.900000e+01
   endloop
 endfacet
 facet normal -7.467584e-01  6.650954e-01  0.000000e+00
   outer loop
     vertex -9.751982e+01  2.583909e+01  2.400000e+01
     vertex -9.746138e+01  2.590470e+01  1.900000e+01
     vertex -9.751982e+01  2.583909e+01  1.900000e+01
   endloop
 endfacet
 facet normal -7.282175e-01  6.853461e-01  2.674552e-19
   outer loop
     vertex -9.751982e+01  2.583909e+01  2.400000e+01
     vertex -9.758003e+01  2.577511e+01  1.900000e+01
     vertex -9.758003e+01  2.577511e+01  2.400000e+01
   endloop
 endfacet
 facet normal -7.647365e-01  6.443432e-01  0.000000e+00
   outer loop
     vertex -9.746138e+01  2.590470e+01  2.400000e+01
     vertex -9.740477e+01  2.597189e+01  1.900000e+01
     vertex -9.746138e+01  2.590470e+01  1.900000e+01
   endloop
 endfacet
 facet normal -7.467584e-01  6.650954e-01  0.000000e+00
   outer loop
     vertex -9.746138e+01  2.590470e+01  2.400000e+01
     vertex -9.746138e+01  2.590470e+01  1.900000e+01
     vertex -9.751982e+01  2.583909e+01  2.400000e+01
   endloop
 endfacet
 facet normal -7.821380e-01  6.231053e-01  0.000000e+00
   outer loop
     vertex -9.740477e+01  2.597189e+01  2.400000e+01
     vertex -9.735002e+01  2.604061e+01  1.900000e+01
     vertex -9.740477e+01  2.597189e+01  1.900000e+01
   endloop
 endfacet
 facet normal -7.647365e-01  6.443432e-01  0.000000e+00
   outer loop
     vertex -9.740477e+01  2.597189e+01  2.400000e+01
     vertex -9.740477e+01  2.597189e+01  1.900000e+01
     vertex -9.746138e+01  2.590470e+01  2.400000e+01
   endloop
 endfacet
 facet normal -7.989499e-01  6.013976e-01  0.000000e+00
   outer loop
     vertex -9.735002e+01  2.604061e+01  2.400000e+01
     vertex -9.729718e+01  2.611081e+01  1.900000e+01
     vertex -9.735002e+01  2.604061e+01  1.900000e+01
   endloop
 endfacet
 facet normal -7.821380e-01  6.231053e-01  0.000000e+00
   outer loop
     vertex -9.735002e+01  2.604061e+01  2.400000e+01
     vertex -9.735002e+01  2.604061e+01  1.900000e+01
     vertex -9.740477e+01  2.597189e+01  2.400000e+01
   endloop
 endfacet
 facet normal -7.989499e-01  6.013976e-01  0.000000e+00
   outer loop
     vertex -9.729718e+01  2.611081e+01  2.400000e+01
     vertex -9.729718e+01  2.611081e+01  1.900000e+01
     vertex -9.735002e+01  2.604061e+01  2.400000e+01
   endloop
 endfacet
 facet normal -8.151595e-01  5.792366e-01  0.000000e+00
   outer loop
     vertex -9.724629e+01  2.618243e+01  2.400000e+01
     vertex -9.724629e+01  2.618243e+01  1.900000e+01
     vertex -9.729718e+01  2.611081e+01  1.900000e+01
   endloop
 endfacet
 facet normal -8.151595e-01  5.792366e-01 -1.060552e-20
   outer loop
     vertex -9.724629e+01  2.618243e+01  2.400000e+01
     vertex -9.729718e+01  2.611081e+01  1.900000e+01
     vertex -9.729718e+01  2.611081e+01  2.400000e+01
   endloop
 endfacet
 facet normal -8.307546e-01  5.566389e-01  0.000000e+00
   outer loop
     vertex -9.719738e+01  2.625542e+01  2.400000e+01
     vertex -9.719738e+01  2.625542e+01  1.900000e+01
     vertex -9.724629e+01  2.618243e+01  1.900000e+01
   endloop
 endfacet
 facet normal -8.307546e-01  5.566389e-01 -2.452507e-19
   outer loop
     vertex -9.719738e+01  2.625542e+01  2.400000e+01
     vertex -9.724629e+01  2.618243e+01  1.900000e+01
     vertex -9.724629e+01  2.618243e+01  2.400000e+01
   endloop
 endfacet
 facet normal -8.457234e-01  5.336216e-01  0.000000e+00
   outer loop
     vertex -9.715050e+01  2.632972e+01  2.400000e+01
     vertex -9.715050e+01  2.632972e+01  1.900000e+01
     vertex -9.719738e+01  2.625542e+01  1.900000e+01
   endloop
 endfacet
 facet normal -8.457234e-01  5.336216e-01 -4.095492e-19
   outer loop
     vertex -9.715050e+01  2.632972e+01  2.400000e+01
     vertex -9.719738e+01  2.625542e+01  1.900000e+01
     vertex -9.719738e+01  2.625542e+01  2.400000e+01
   endloop
 endfacet
 facet normal -8.600546e-01  5.102020e-01  0.000000e+00
   outer loop
     vertex -9.710567e+01  2.640529e+01  2.400000e+01
     vertex -9.710567e+01  2.640529e+01  1.900000e+01
     vertex -9.715050e+01  2.632972e+01  1.900000e+01
   endloop
 endfacet
 facet normal -8.600546e-01  5.102020e-01 -2.339907e-19
   outer loop
     vertex -9.710567e+01  2.640529e+01  2.400000e+01
     vertex -9.715050e+01  2.632972e+01  1.900000e+01
     vertex -9.715050e+01  2.632972e+01  2.400000e+01
   endloop
 endfacet
 facet normal -8.737375e-01  4.863977e-01  0.000000e+00
   outer loop
     vertex -9.706294e+01  2.648206e+01  2.400000e+01
     vertex -9.706294e+01  2.648206e+01  1.900000e+01
     vertex -9.710567e+01  2.640529e+01  1.900000e+01
   endloop
 endfacet
 facet normal -8.737375e-01  4.863977e-01 -1.123985e-19
   outer loop
     vertex -9.706294e+01  2.648206e+01  2.400000e+01
     vertex -9.710567e+01  2.640529e+01  1.900000e+01
     vertex -9.710567e+01  2.640529e+01  2.400000e+01
   endloop
 endfacet
 facet normal -8.867617e-01  4.622268e-01  0.000000e+00
   outer loop
     vertex -9.702232e+01  2.655997e+01  2.400000e+01
     vertex -9.702232e+01  2.655997e+01  1.900000e+01
     vertex -9.706294e+01  2.648206e+01  1.900000e+01
   endloop
 endfacet
 facet normal -8.867617e-01  4.622268e-01  3.378005e-19
   outer loop
     vertex -9.702232e+01  2.655997e+01  2.400000e+01
     vertex -9.706294e+01  2.648206e+01  1.900000e+01
     vertex -9.706294e+01  2.648206e+01  2.400000e+01
   endloop
 endfacet
 facet normal -8.991174e-01  4.377075e-01  0.000000e+00
   outer loop
     vertex -9.698387e+01  2.663897e+01  2.400000e+01
     vertex -9.698387e+01  2.663897e+01  1.900000e+01
     vertex -9.702232e+01  2.655997e+01  1.900000e+01
   endloop
 endfacet
 facet normal -9.107953e-01  4.128582e-01  0.000000e+00
   outer loop
     vertex -9.698387e+01  2.663897e+01  2.400000e+01
     vertex -9.694759e+01  2.671899e+01  1.900000e+01
     vertex -9.698387e+01  2.663897e+01  1.900000e+01
   endloop
 endfacet
 facet normal -8.991174e-01  4.377075e-01  5.611590e-20
   outer loop
     vertex -9.698387e+01  2.663897e+01  2.400000e+01
     vertex -9.702232e+01  2.655997e+01  1.900000e+01
     vertex -9.702232e+01  2.655997e+01  2.400000e+01
   endloop
 endfacet
 facet normal -9.107953e-01  4.128582e-01  0.000000e+00
   outer loop
     vertex -9.694759e+01  2.671899e+01  2.400000e+01
     vertex -9.694759e+01  2.671899e+01  1.900000e+01
     vertex -9.698387e+01  2.663897e+01  2.400000e+01
   endloop
 endfacet
 facet normal -9.217866e-01  3.876976e-01  0.000000e+00
   outer loop
     vertex -9.691353e+01  2.679998e+01  2.400000e+01
     vertex -9.691353e+01  2.679998e+01  1.900000e+01
     vertex -9.694759e+01  2.671899e+01  1.900000e+01
   endloop
 endfacet
 facet normal -9.217866e-01  3.876976e-01 -2.923207e-19
   outer loop
     vertex -9.691353e+01  2.679998e+01  2.400000e+01
     vertex -9.694759e+01  2.671899e+01  1.900000e+01
     vertex -9.694759e+01  2.671899e+01  2.400000e+01
   endloop
 endfacet
 facet normal -9.320830e-01  3.622448e-01  3.355069e-19
   outer loop
     vertex -9.688170e+01  2.688187e+01  2.400000e+01
     vertex -9.691353e+01  2.679998e+01  1.900000e+01
     vertex -9.691353e+01  2.679998e+01  2.400000e+01
   endloop
 endfacet
 facet normal -9.320830e-01  3.622448e-01  0.000000e+00
   outer loop
     vertex -9.688170e+01  2.688187e+01  2.400000e+01
     vertex -9.688170e+01  2.688187e+01  1.900000e+01
     vertex -9.691353e+01  2.679998e+01  1.900000e+01
   endloop
 endfacet
 facet normal -9.416767e-01  3.365189e-01  4.881613e-19
   outer loop
     vertex -9.685214e+01  2.696461e+01  2.400000e+01
     vertex -9.688170e+01  2.688187e+01  1.900000e+01
     vertex -9.688170e+01  2.688187e+01  2.400000e+01
   endloop
 endfacet
 facet normal -9.416767e-01  3.365189e-01  0.000000e+00
   outer loop
     vertex -9.685214e+01  2.696461e+01  2.400000e+01
     vertex -9.685214e+01  2.696461e+01  1.900000e+01
     vertex -9.688170e+01  2.688187e+01  1.900000e+01
   endloop
 endfacet
 facet normal -9.505606e-01  3.105393e-01  0.000000e+00
   outer loop
     vertex -9.685214e+01  2.696461e+01  2.400000e+01
     vertex -9.682485e+01  2.704813e+01  1.900000e+01
     vertex -9.685214e+01  2.696461e+01  1.900000e+01
   endloop
 endfacet
 facet normal -9.505606e-01  3.105393e-01  0.000000e+00
   outer loop
     vertex -9.682485e+01  2.704813e+01  2.400000e+01
     vertex -9.682485e+01  2.704813e+01  1.900000e+01
     vertex -9.685214e+01  2.696461e+01  2.400000e+01
   endloop
 endfacet
 facet normal -9.587278e-01  2.843255e-01 -2.042146e-19
   outer loop
     vertex -9.679987e+01  2.713236e+01  2.400000e+01
     vertex -9.682485e+01  2.704813e+01  1.900000e+01
     vertex -9.682485e+01  2.704813e+01  2.400000e+01
   endloop
 endfacet
 facet normal -9.587278e-01  2.843255e-01  0.000000e+00
   outer loop
     vertex -9.679987e+01  2.713236e+01  2.400000e+01
     vertex -9.679987e+01  2.713236e+01  1.900000e+01
     vertex -9.682485e+01  2.704813e+01  1.900000e+01
   endloop
 endfacet
 facet normal -9.661723e-01  2.578975e-01 -8.192237e-20
   outer loop
     vertex -9.677721e+01  2.721725e+01  2.400000e+01
     vertex -9.679987e+01  2.713236e+01  1.900000e+01
     vertex -9.679987e+01  2.713236e+01  2.400000e+01
   endloop
 endfacet
 facet normal -9.661723e-01  2.578975e-01  0.000000e+00
   outer loop
     vertex -9.677721e+01  2.721725e+01  2.400000e+01
     vertex -9.677721e+01  2.721725e+01  1.900000e+01
     vertex -9.679987e+01  2.713236e+01  1.900000e+01
   endloop
 endfacet
 facet normal -9.728884e-01  2.312750e-01  2.397658e-19
   outer loop
     vertex -9.675689e+01  2.730273e+01  2.400000e+01
     vertex -9.677721e+01  2.721725e+01  1.900000e+01
     vertex -9.677721e+01  2.721725e+01  2.400000e+01
   endloop
 endfacet
 facet normal -9.728884e-01  2.312750e-01  0.000000e+00
   outer loop
     vertex -9.675689e+01  2.730273e+01  2.400000e+01
     vertex -9.675689e+01  2.730273e+01  1.900000e+01
     vertex -9.677721e+01  2.721725e+01  1.900000e+01
   endloop
 endfacet
 facet normal -9.788711e-01  2.044782e-01  0.000000e+00
   outer loop
     vertex -9.673892e+01  2.738873e+01  2.400000e+01
     vertex -9.673892e+01  2.738873e+01  1.900000e+01
     vertex -9.675689e+01  2.730273e+01  1.900000e+01
   endloop
 endfacet
 facet normal -9.788711e-01  2.044782e-01  2.410791e-20
   outer loop
     vertex -9.673892e+01  2.738873e+01  2.400000e+01
     vertex -9.675689e+01  2.730273e+01  1.900000e+01
     vertex -9.675689e+01  2.730273e+01  2.400000e+01
   endloop
 endfacet
 facet normal -9.841159e-01  1.775272e-01  0.000000e+00
   outer loop
     vertex -9.672333e+01  2.747520e+01  2.400000e+01
     vertex -9.672333e+01  2.747520e+01  1.900000e+01
     vertex -9.673892e+01  2.738873e+01  1.900000e+01
   endloop
 endfacet
 facet normal -9.886188e-01  1.504424e-01  0.000000e+00
   outer loop
     vertex -9.672333e+01  2.747520e+01  2.400000e+01
     vertex -9.671011e+01  2.756206e+01  1.900000e+01
     vertex -9.672333e+01  2.747520e+01  1.900000e+01
   endloop
 endfacet
 facet normal -9.841159e-01  1.775272e-01  4.107200e-20
   outer loop
     vertex -9.672333e+01  2.747520e+01  2.400000e+01
     vertex -9.673892e+01  2.738873e+01  1.900000e+01
     vertex -9.673892e+01  2.738873e+01  2.400000e+01
   endloop
 endfacet
 facet normal -9.886188e-01  1.504424e-01  0.000000e+00
   outer loop
     vertex -9.671011e+01  2.756206e+01  2.400000e+01
     vertex -9.671011e+01  2.756206e+01  1.900000e+01
     vertex -9.672333e+01  2.747520e+01  2.400000e+01
   endloop
 endfacet
 facet normal -9.923764e-01  1.232442e-01  0.000000e+00
   outer loop
     vertex -9.669928e+01  2.764925e+01  2.400000e+01
     vertex -9.669928e+01  2.764925e+01  1.900000e+01
     vertex -9.671011e+01  2.756206e+01  1.900000e+01
   endloop
 endfacet
 facet normal -9.923764e-01  1.232442e-01 -1.512365e-20
   outer loop
     vertex -9.669928e+01  2.764925e+01  2.400000e+01
     vertex -9.671011e+01  2.756206e+01  1.900000e+01
     vertex -9.671011e+01  2.756206e+01  2.400000e+01
   endloop
 endfacet
 facet normal -9.953859e-01  9.595310e-02  0.000000e+00
   outer loop
     vertex -9.669085e+01  2.773671e+01  2.400000e+01
     vertex -9.669085e+01  2.773671e+01  1.900000e+01
     vertex -9.669928e+01  2.764925e+01  1.900000e+01
   endloop
 endfacet
 facet normal -9.953859e-01  9.595310e-02 -4.423674e-20
   outer loop
     vertex -9.669085e+01  2.773671e+01  2.400000e+01
     vertex -9.669928e+01  2.764925e+01  1.900000e+01
     vertex -9.669928e+01  2.764925e+01  2.400000e+01
   endloop
 endfacet
 facet normal -9.976450e-01  6.858964e-02  0.000000e+00
   outer loop
     vertex -9.668482e+01  2.782436e+01  2.400000e+01
     vertex -9.668482e+01  2.782436e+01  1.900000e+01
     vertex -9.669085e+01  2.773671e+01  1.900000e+01
   endloop
 endfacet
 facet normal -9.976450e-01  6.858964e-02  1.040643e-19
   outer loop
     vertex -9.668482e+01  2.782436e+01  2.400000e+01
     vertex -9.669085e+01  2.773671e+01  1.900000e+01
     vertex -9.669085e+01  2.773671e+01  2.400000e+01
   endloop
 endfacet
 facet normal -9.991520e-01  4.117448e-02  0.000000e+00
   outer loop
     vertex -9.668121e+01  2.791215e+01  2.400000e+01
     vertex -9.668121e+01  2.791215e+01  1.900000e+01
     vertex -9.668482e+01  2.782436e+01  1.900000e+01
   endloop
 endfacet
 facet normal -9.991520e-01  4.117448e-02 -1.844356e-20
   outer loop
     vertex -9.668121e+01  2.791215e+01  2.400000e+01
     vertex -9.668482e+01  2.782436e+01  1.900000e+01
     vertex -9.668482e+01  2.782436e+01  2.400000e+01
   endloop
 endfacet
 facet normal -9.999058e-01  1.372828e-02  0.000000e+00
   outer loop
     vertex -9.668000e+01  2.800000e+01  2.400000e+01
     vertex -9.668000e+01  2.800000e+01  1.900000e+01
     vertex -9.668121e+01  2.791215e+01  1.900000e+01
   endloop
 endfacet
 facet normal -9.999081e-01 -1.355995e-02 -0.000000e+00
   outer loop
     vertex -9.668000e+01  2.800000e+01  2.400000e+01
     vertex -9.668118e+01  2.808678e+01  1.900000e+01
     vertex -9.668000e+01  2.800000e+01  1.900000e+01
   endloop
 endfacet
 facet normal -9.999058e-01  1.372828e-02 -8.281164e-21
   outer loop
     vertex -9.668000e+01  2.800000e+01  2.400000e+01
     vertex -9.668121e+01  2.791215e+01  1.900000e+01
     vertex -9.668121e+01  2.791215e+01  2.400000e+01
   endloop
 endfacet
 facet normal -9.999081e-01 -1.355995e-02 -0.000000e+00
   outer loop
     vertex -9.668118e+01  2.808678e+01  2.400000e+01
     vertex -9.668118e+01  2.808678e+01  1.900000e+01
     vertex -9.668000e+01  2.800000e+01  2.400000e+01
   endloop
 endfacet
 facet normal -9.991726e-01 -4.066988e-02 -0.000000e+00
   outer loop
     vertex -9.668471e+01  2.817349e+01  2.400000e+01
     vertex -9.668471e+01  2.817349e+01  1.900000e+01
     vertex -9.668118e+01  2.808678e+01  1.900000e+01
   endloop
 endfacet
 facet normal -9.977023e-01 -6.774989e-02 -0.000000e+00
   outer loop
     vertex -9.668471e+01  2.817349e+01  2.400000e+01
     vertex -9.669059e+01  2.826007e+01  1.900000e+01
     vertex -9.668471e+01  2.817349e+01  1.900000e+01
   endloop
 endfacet
 facet normal -9.991726e-01 -4.066988e-02  6.105585e-20
   outer loop
     vertex -9.668471e+01  2.817349e+01  2.400000e+01
     vertex -9.668118e+01  2.808678e+01  1.900000e+01
     vertex -9.668118e+01  2.808678e+01  2.400000e+01
   endloop
 endfacet
 facet normal -9.977023e-01 -6.774989e-02 -0.000000e+00
   outer loop
     vertex -9.669059e+01  2.826007e+01  2.400000e+01
     vertex -9.669059e+01  2.826007e+01  1.900000e+01
     vertex -9.668471e+01  2.817349e+01  2.400000e+01
   endloop
 endfacet
 facet normal -9.954982e-01 -9.478007e-02 -0.000000e+00
   outer loop
     vertex -9.669881e+01  2.834646e+01  2.400000e+01
     vertex -9.669881e+01  2.834646e+01  1.900000e+01
     vertex -9.669059e+01  2.826007e+01  1.900000e+01
   endloop
 endfacet
 facet normal -9.925620e-01 -1.217405e-01 -0.000000e+00
   outer loop
     vertex -9.669881e+01  2.834646e+01  2.400000e+01
     vertex -9.670938e+01  2.843260e+01  1.900000e+01
     vertex -9.669881e+01  2.834646e+01  1.900000e+01
   endloop
 endfacet
 facet normal -9.954982e-01 -9.478007e-02  7.213174e-20
   outer loop
     vertex -9.669881e+01  2.834646e+01  2.400000e+01
     vertex -9.669059e+01  2.826007e+01  1.900000e+01
     vertex -9.669059e+01  2.826007e+01  2.400000e+01
   endloop
 endfacet
 facet normal -9.925620e-01 -1.217405e-01 -0.000000e+00
   outer loop
     vertex -9.670938e+01  2.843260e+01  2.400000e+01
     vertex -9.670938e+01  2.843260e+01  1.900000e+01
     vertex -9.669881e+01  2.834646e+01  2.400000e+01
   endloop
 endfacet
 facet normal -9.888957e-01 -1.486115e-01 -0.000000e+00
   outer loop
     vertex -9.672227e+01  2.851842e+01  2.400000e+01
     vertex -9.672227e+01  2.851842e+01  1.900000e+01
     vertex -9.670938e+01  2.843260e+01  1.900000e+01
   endloop
 endfacet
 facet normal -9.845020e-01 -1.753731e-01 -0.000000e+00
   outer loop
     vertex -9.672227e+01  2.851842e+01  2.400000e+01
     vertex -9.673749e+01  2.860386e+01  1.900000e+01
     vertex -9.672227e+01  2.851842e+01  1.900000e+01
   endloop
 endfacet
 facet normal -9.888957e-01 -1.486115e-01  1.140262e-20
   outer loop
     vertex -9.672227e+01  2.851842e+01  2.400000e+01
     vertex -9.670938e+01  2.843260e+01  1.900000e+01
     vertex -9.670938e+01  2.843260e+01  2.400000e+01
   endloop
 endfacet
 facet normal -9.793843e-01 -2.020058e-01 -0.000000e+00
   outer loop
     vertex -9.673749e+01  2.860386e+01  2.400000e+01
     vertex -9.675502e+01  2.868886e+01  1.900000e+01
     vertex -9.673749e+01  2.860386e+01  1.900000e+01
   endloop
 endfacet
 facet normal -9.845020e-01 -1.753731e-01 -0.000000e+00
   outer loop
     vertex -9.673749e+01  2.860386e+01  2.400000e+01
     vertex -9.673749e+01  2.860386e+01  1.900000e+01
     vertex -9.672227e+01  2.851842e+01  2.400000e+01
   endloop
 endfacet
 facet normal -9.793843e-01 -2.020058e-01 -0.000000e+00
   outer loop
     vertex -9.675502e+01  2.868886e+01  2.400000e+01
     vertex -9.675502e+01  2.868886e+01  1.900000e+01
     vertex -9.673749e+01  2.860386e+01  2.400000e+01
   endloop
 endfacet
 facet normal -9.735463e-01 -2.284898e-01 -0.000000e+00
   outer loop
     vertex -9.677485e+01  2.877334e+01  2.400000e+01
     vertex -9.677485e+01  2.877334e+01  1.900000e+01
     vertex -9.675502e+01  2.868886e+01  1.900000e+01
   endloop
 endfacet
 facet normal -9.735463e-01 -2.284898e-01 -1.089845e-19
   outer loop
     vertex -9.677485e+01  2.877334e+01  2.400000e+01
     vertex -9.675502e+01  2.868886e+01  1.900000e+01
     vertex -9.675502e+01  2.868886e+01  2.400000e+01
   endloop
 endfacet
 facet normal -9.669922e-01 -2.548059e-01 -0.000000e+00
   outer loop
     vertex -9.679697e+01  2.885726e+01  2.400000e+01
     vertex -9.679697e+01  2.885726e+01  1.900000e+01
     vertex -9.677485e+01  2.877334e+01  1.900000e+01
   endloop
 endfacet
 facet normal -9.669922e-01 -2.548059e-01 -6.391583e-20
   outer loop
     vertex -9.679697e+01  2.885726e+01  2.400000e+01
     vertex -9.677485e+01  2.877334e+01  1.900000e+01
     vertex -9.677485e+01  2.877334e+01  2.400000e+01
   endloop
 endfacet
 facet normal -9.597269e-01 -2.809345e-01 -0.000000e+00
   outer loop
     vertex -9.682135e+01  2.894055e+01  2.400000e+01
     vertex -9.682135e+01  2.894055e+01  1.900000e+01
     vertex -9.679697e+01  2.885726e+01  1.900000e+01
   endloop
 endfacet
 facet normal -9.597269e-01 -2.809345e-01 -8.651823e-20
   outer loop
     vertex -9.682135e+01  2.894055e+01  2.400000e+01
     vertex -9.679697e+01  2.885726e+01  1.900000e+01
     vertex -9.679697e+01  2.885726e+01  2.400000e+01
   endloop
 endfacet
 facet normal -9.517558e-01 -3.068565e-01  4.826771e-20
   outer loop
     vertex -9.684798e+01  2.902315e+01  2.400000e+01
     vertex -9.682135e+01  2.894055e+01  1.900000e+01
     vertex -9.682135e+01  2.894055e+01  2.400000e+01
   endloop
 endfacet
 facet normal -9.517558e-01 -3.068565e-01 -0.000000e+00
   outer loop
     vertex -9.684798e+01  2.902315e+01  2.400000e+01
     vertex -9.684798e+01  2.902315e+01  1.900000e+01
     vertex -9.682135e+01  2.894055e+01  1.900000e+01
   endloop
 endfacet
 facet normal -9.430846e-01 -3.325528e-01 -0.000000e+00
   outer loop
     vertex -9.684798e+01  2.902315e+01  2.400000e+01
     vertex -9.687684e+01  2.910499e+01  1.900000e+01
     vertex -9.684798e+01  2.902315e+01  1.900000e+01
   endloop
 endfacet
 facet normal -9.430846e-01 -3.325528e-01 -0.000000e+00
   outer loop
     vertex -9.687684e+01  2.910499e+01  2.400000e+01
     vertex -9.687684e+01  2.910499e+01  1.900000e+01
     vertex -9.684798e+01  2.902315e+01  2.400000e+01
   endloop
 endfacet
 facet normal -9.337199e-01 -3.580045e-01  1.660360e-19
   outer loop
     vertex -9.690791e+01  2.918602e+01  2.400000e+01
     vertex -9.687684e+01  2.910499e+01  1.900000e+01
     vertex -9.687684e+01  2.910499e+01  2.400000e+01
   endloop
 endfacet
 facet normal -9.337199e-01 -3.580045e-01 -0.000000e+00
   outer loop
     vertex -9.690791e+01  2.918602e+01  2.400000e+01
     vertex -9.690791e+01  2.918602e+01  1.900000e+01
     vertex -9.687684e+01  2.910499e+01  1.900000e+01
   endloop
 endfacet
 facet normal -9.236683e-01 -3.831929e-01  3.637219e-19
   outer loop
     vertex -9.694116e+01  2.926618e+01  2.400000e+01
     vertex -9.690791e+01  2.918602e+01  1.900000e+01
     vertex -9.690791e+01  2.918602e+01  2.400000e+01
   endloop
 endfacet
 facet normal -9.236683e-01 -3.831929e-01 -0.000000e+00
   outer loop
     vertex -9.694116e+01  2.926618e+01  2.400000e+01
     vertex -9.694116e+01  2.926618e+01  1.900000e+01
     vertex -9.690791e+01  2.918602e+01  1.900000e+01
   endloop
 endfacet
 facet normal -9.129375e-01 -4.080995e-01  4.116964e-19
   outer loop
     vertex -9.697658e+01  2.934541e+01  2.400000e+01
     vertex -9.694116e+01  2.926618e+01  1.900000e+01
     vertex -9.694116e+01  2.926618e+01  2.400000e+01
   endloop
 endfacet
 facet normal -9.129375e-01 -4.080995e-01 -0.000000e+00
   outer loop
     vertex -9.697658e+01  2.934541e+01  2.400000e+01
     vertex -9.697658e+01  2.934541e+01  1.900000e+01
     vertex -9.694116e+01  2.926618e+01  1.900000e+01
   endloop
 endfacet
 facet normal -9.015351e-01 -4.327059e-01 -2.210107e-19
   outer loop
     vertex -9.701413e+01  2.942365e+01  2.400000e+01
     vertex -9.697658e+01  2.934541e+01  1.900000e+01
     vertex -9.697658e+01  2.934541e+01  2.400000e+01
   endloop
 endfacet
 facet normal -9.015351e-01 -4.327059e-01 -0.000000e+00
   outer loop
     vertex -9.701413e+01  2.942365e+01  2.400000e+01
     vertex -9.701413e+01  2.942365e+01  1.900000e+01
     vertex -9.697658e+01  2.934541e+01  1.900000e+01
   endloop
 endfacet
 facet normal -8.894697e-01 -4.569941e-01 -2.013943e-19
   outer loop
     vertex -9.705379e+01  2.950084e+01  2.400000e+01
     vertex -9.701413e+01  2.942365e+01  1.900000e+01
     vertex -9.701413e+01  2.942365e+01  2.400000e+01
   endloop
 endfacet
 facet normal -8.894697e-01 -4.569941e-01 -0.000000e+00
   outer loop
     vertex -9.705379e+01  2.950084e+01  2.400000e+01
     vertex -9.705379e+01  2.950084e+01  1.900000e+01
     vertex -9.701413e+01  2.942365e+01  1.900000e+01
   endloop
 endfacet
 facet normal -8.767502e-01 -4.809461e-01  2.241265e-19
   outer loop
     vertex -9.709553e+01  2.957693e+01  2.400000e+01
     vertex -9.705379e+01  2.950084e+01  1.900000e+01
     vertex -9.705379e+01  2.950084e+01  2.400000e+01
   endloop
 endfacet
 facet normal -8.767502e-01 -4.809461e-01 -0.000000e+00
   outer loop
     vertex -9.709553e+01  2.957693e+01  2.400000e+01
     vertex -9.709553e+01  2.957693e+01  1.900000e+01
     vertex -9.705379e+01  2.950084e+01  1.900000e+01
   endloop
 endfacet
 facet normal -8.633857e-01 -5.045444e-01  1.919721e-19
   outer loop
     vertex -9.713931e+01  2.965186e+01  2.400000e+01
     vertex -9.709553e+01  2.957693e+01  1.900000e+01
     vertex -9.709553e+01  2.957693e+01  2.400000e+01
   endloop
 endfacet
 facet normal -8.633857e-01 -5.045444e-01 -0.000000e+00
   outer loop
     vertex -9.713931e+01  2.965186e+01  2.400000e+01
     vertex -9.713931e+01  2.965186e+01  1.900000e+01
     vertex -9.709553e+01  2.957693e+01  1.900000e+01
   endloop
 endfacet
 facet normal -8.493863e-01 -5.277717e-01 -2.799245e-19
   outer loop
     vertex -9.718511e+01  2.972557e+01  2.400000e+01
     vertex -9.713931e+01  2.965186e+01  1.900000e+01
     vertex -9.713931e+01  2.965186e+01  2.400000e+01
   endloop
 endfacet
 facet normal -8.493863e-01 -5.277717e-01 -0.000000e+00
   outer loop
     vertex -9.718511e+01  2.972557e+01  2.400000e+01
     vertex -9.718511e+01  2.972557e+01  1.900000e+01
     vertex -9.713931e+01  2.965186e+01  1.900000e+01
   endloop
 endfacet
 facet normal -8.347621e-01 -5.506107e-01 -0.000000e+00
   outer loop
     vertex -9.718511e+01  2.972557e+01  2.400000e+01
     vertex -9.723290e+01  2.979801e+01  1.900000e+01
     vertex -9.718511e+01  2.972557e+01  1.900000e+01
   endloop
 endfacet
 facet normal -8.347621e-01 -5.506107e-01 -0.000000e+00
   outer loop
     vertex -9.723290e+01  2.979801e+01  2.400000e+01
     vertex -9.723290e+01  2.979801e+01  1.900000e+01
     vertex -9.718511e+01  2.972557e+01  2.400000e+01
   endloop
 endfacet
 facet normal -8.195240e-01 -5.730448e-01  1.152339e-19
   outer loop
     vertex -9.728263e+01  2.986914e+01  2.400000e+01
     vertex -9.723290e+01  2.979801e+01  1.900000e+01
     vertex -9.723290e+01  2.979801e+01  2.400000e+01
   endloop
 endfacet
 facet normal -8.195240e-01 -5.730448e-01 -0.000000e+00
   outer loop
     vertex -9.728263e+01  2.986914e+01  2.400000e+01
     vertex -9.728263e+01  2.986914e+01  1.900000e+01
     vertex -9.723290e+01  2.979801e+01  1.900000e+01
   endloop
 endfacet
 facet normal -8.036832e-01 -5.950575e-01 -0.000000e+00
   outer loop
     vertex -9.728263e+01  2.986914e+01  2.400000e+01
     vertex -9.733427e+01  2.993888e+01  1.900000e+01
     vertex -9.728263e+01  2.986914e+01  1.900000e+01
   endloop
 endfacet
 facet normal -8.036832e-01 -5.950575e-01 -0.000000e+00
   outer loop
     vertex -9.733427e+01  2.993888e+01  2.400000e+01
     vertex -9.733427e+01  2.993888e+01  1.900000e+01
     vertex -9.728263e+01  2.986914e+01  2.400000e+01
   endloop
 endfacet
 facet normal -7.872512e-01 -6.166324e-01 -0.000000e+00
   outer loop
     vertex -9.733427e+01  2.993888e+01  2.400000e+01
     vertex -9.738778e+01  3.000720e+01  1.900000e+01
     vertex -9.733427e+01  2.993888e+01  1.900000e+01
   endloop
 endfacet
 facet normal -7.872512e-01 -6.166324e-01 -0.000000e+00
   outer loop
     vertex -9.738778e+01  3.000720e+01  2.400000e+01
     vertex -9.738778e+01  3.000720e+01  1.900000e+01
     vertex -9.733427e+01  2.993888e+01  2.400000e+01
   endloop
 endfacet
 facet normal -7.702402e-01 -6.377539e-01 -0.000000e+00
   outer loop
     vertex -9.744313e+01  3.007405e+01  2.400000e+01
     vertex -9.744313e+01  3.007405e+01  1.900000e+01
     vertex -9.738778e+01  3.000720e+01  1.900000e+01
   endloop
 endfacet
 facet normal -7.702402e-01 -6.377539e-01  4.835433e-20
   outer loop
     vertex -9.744313e+01  3.007405e+01  2.400000e+01
     vertex -9.738778e+01  3.000720e+01  1.900000e+01
     vertex -9.738778e+01  3.000720e+01  2.400000e+01
   endloop
 endfacet
 facet normal -7.526627e-01 -6.584063e-01 -0.000000e+00
   outer loop
     vertex -9.750027e+01  3.013937e+01  2.400000e+01
     vertex -9.750027e+01  3.013937e+01  1.900000e+01
     vertex -9.744313e+01  3.007405e+01  1.900000e+01
   endloop
 endfacet
 facet normal -7.526627e-01 -6.584063e-01 -4.685172e-19
   outer loop
     vertex -9.750027e+01  3.013937e+01  2.400000e+01
     vertex -9.744313e+01  3.007405e+01  1.900000e+01
     vertex -9.744313e+01  3.007405e+01  2.400000e+01
   endloop
 endfacet
 facet normal -7.345317e-01 -6.785744e-01 -0.000000e+00
   outer loop
     vertex -9.755916e+01  3.020311e+01  2.400000e+01
     vertex -9.755916e+01  3.020311e+01  1.900000e+01
     vertex -9.750027e+01  3.013937e+01  1.900000e+01
   endloop
 endfacet
 facet normal -7.345317e-01 -6.785744e-01 -2.774216e-19
   outer loop
     vertex -9.755916e+01  3.020311e+01  2.400000e+01
     vertex -9.750027e+01  3.013937e+01  1.900000e+01
     vertex -9.750027e+01  3.013937e+01  2.400000e+01
   endloop
 endfacet
 facet normal -7.158604e-01 -6.982435e-01 -0.000000e+00
   outer loop
     vertex -9.761976e+01  3.026524e+01  2.400000e+01
     vertex -9.761976e+01  3.026524e+01  1.900000e+01
     vertex -9.755916e+01  3.020311e+01  1.900000e+01
   endloop
 endfacet
 facet normal -7.158604e-01 -6.982435e-01  1.233648e-19
   outer loop
     vertex -9.761976e+01  3.026524e+01  2.400000e+01
     vertex -9.755916e+01  3.020311e+01  1.900000e+01
     vertex -9.755916e+01  3.020311e+01  2.400000e+01
   endloop
 endfacet
 facet normal -6.966626e-01 -7.173990e-01 -0.000000e+00
   outer loop
     vertex -9.768201e+01  3.032570e+01  2.400000e+01
     vertex -9.768201e+01  3.032570e+01  1.900000e+01
     vertex -9.761976e+01  3.026524e+01  1.900000e+01
   endloop
 endfacet
 facet normal -6.966626e-01 -7.173990e-01  4.876589e-19
   outer loop
     vertex -9.768201e+01  3.032570e+01  2.400000e+01
     vertex -9.761976e+01  3.026524e+01  1.900000e+01
     vertex -9.761976e+01  3.026524e+01  2.400000e+01
   endloop
 endfacet
 facet normal -6.769524e-01 -7.360268e-01 -0.000000e+00
   outer loop
     vertex -9.774589e+01  3.038444e+01  2.400000e+01
     vertex -9.774589e+01  3.038444e+01  1.900000e+01
     vertex -9.768201e+01  3.032570e+01  1.900000e+01
   endloop
 endfacet
 facet normal -6.769524e-01 -7.360268e-01 -4.596623e-19
   outer loop
     vertex -9.774589e+01  3.038444e+01  2.400000e+01
     vertex -9.768201e+01  3.032570e+01  1.900000e+01
     vertex -9.768201e+01  3.032570e+01  2.400000e+01
   endloop
 endfacet
 facet normal -6.567443e-01 -7.541133e-01 -0.000000e+00
   outer loop
     vertex -9.781133e+01  3.044144e+01  2.400000e+01
     vertex -9.781133e+01  3.044144e+01  1.900000e+01
     vertex -9.774589e+01  3.038444e+01  1.900000e+01
   endloop
 endfacet
 facet normal -6.567443e-01 -7.541133e-01  3.678758e-20
   outer loop
     vertex -9.781133e+01  3.044144e+01  2.400000e+01
     vertex -9.774589e+01  3.038444e+01  1.900000e+01
     vertex -9.774589e+01  3.038444e+01  2.400000e+01
   endloop
 endfacet
 facet normal -6.360532e-01 -7.716452e-01 -0.000000e+00
   outer loop
     vertex -9.787830e+01  3.049664e+01  2.400000e+01
     vertex -9.787830e+01  3.049664e+01  1.900000e+01
     vertex -9.781133e+01  3.044144e+01  1.900000e+01
   endloop
 endfacet
 facet normal -6.148943e-01 -7.886096e-01 -0.000000e+00
   outer loop
     vertex -9.787830e+01  3.049664e+01  2.400000e+01
     vertex -9.794674e+01  3.055000e+01  1.900000e+01
     vertex -9.787830e+01  3.049664e+01  1.900000e+01
   endloop
 endfacet
 facet normal -6.360532e-01 -7.716452e-01 -5.019136e-20
   outer loop
     vertex -9.787830e+01  3.049664e+01  2.400000e+01
     vertex -9.781133e+01  3.044144e+01  1.900000e+01
     vertex -9.781133e+01  3.044144e+01  2.400000e+01
   endloop
 endfacet
 facet normal -6.148943e-01 -7.886096e-01 -0.000000e+00
   outer loop
     vertex -9.794674e+01  3.055000e+01  2.400000e+01
     vertex -9.794674e+01  3.055000e+01  1.900000e+01
     vertex -9.787830e+01  3.049664e+01  2.400000e+01
   endloop
 endfacet
endsolid
