ISO-10303-21;
HEADER;
FILE_DESCRIPTION(('FreeCAD Model'),'2;1');
FILE_NAME('Open CASCADE Shape Model','2026-08-27T00:28:06',('FreeCAD'),(
    'FreeCAD'),'Open CASCADE STEP processor 7.8','FreeCAD','Unknown');
FILE_SCHEMA(('AUTOMOTIVE_DESIGN { 1 0 10303 214 1 1 1 1 }'));
ENDSEC;
DATA;
#1 = APPLICATION_PROTOCOL_DEFINITION('international standard',
  'automotive_design',2000,#2);
#2 = APPLICATION_CONTEXT(
  'core data for automotive mechanical design processes');
#3 = SHAPE_DEFINITION_REPRESENTATION(#4,#10);
#4 = PRODUCT_DEFINITION_SHAPE('','',#5);
#5 = PRODUCT_DEFINITION('design','',#6,#9);
#6 = PRODUCT_DEFINITION_FORMATION('','',#7);
#7 = PRODUCT('Open CASCADE STEP translator 7.8 22',
  'Open CASCADE STEP translator 7.8 22','',(#8));
#8 = PRODUCT_CONTEXT('',#2,'mechanical');
#9 = PRODUCT_DEFINITION_CONTEXT('part definition',#2,'design');
#10 = SHAPE_REPRESENTATION('',(#11,#15,#1675,#2789,#3305,#3455,#3605,
    #3755,#3905,#4055,#4205,#4355,#4505,#4811,#4961,#5222,#5503,#5784),
  #6135);
#11 = AXIS2_PLACEMENT_3D('',#12,#13,#14);
#12 = CARTESIAN_POINT('',(0.,0.,0.));
#13 = DIRECTION('',(0.,0.,1.));
#14 = DIRECTION('',(1.,0.,-0.));
#15 = MANIFOLD_SOLID_BREP('',#16);
#16 = CLOSED_SHELL('',(#17,#68,#133,#158,#182,#232,#257,#322,#517,#537,
    #554,#749,#800,#825,#871,#895,#941,#959,#984,#1005,#1053,#1104,#1155
    ,#1172,#1189,#1206,#1223,#1240,#1257,#1274,#1291,#1308,#1325,#1342,
    #1359,#1376,#1393,#1432,#1449,#1483,#1500,#1517,#1556,#1573,#1607,
    #1624,#1641,#1658));
#17 = ADVANCED_FACE('',(#18,#52),#63,.T.);
#18 = FACE_BOUND('',#19,.T.);
#19 = EDGE_LOOP('',(#20,#30,#38,#46));
#20 = ORIENTED_EDGE('',*,*,#21,.F.);
#21 = EDGE_CURVE('',#22,#24,#26,.T.);
#22 = VERTEX_POINT('',#23);
#23 = CARTESIAN_POINT('',(-1.110223024625E-16,3.5,0.889));
#24 = VERTEX_POINT('',#25);
#25 = CARTESIAN_POINT('',(0.,3.5,58.));
#26 = LINE('',#27,#28);
#27 = CARTESIAN_POINT('',(0.,3.5,-1.3001));
#28 = VECTOR('',#29,1.);
#29 = DIRECTION('',(0.,0.,1.));
#30 = ORIENTED_EDGE('',*,*,#31,.T.);
#31 = EDGE_CURVE('',#22,#32,#34,.T.);
#32 = VERTEX_POINT('',#33);
#33 = CARTESIAN_POINT('',(-1.110223024625E-16,126.5,0.889));
#34 = LINE('',#35,#36);
#35 = CARTESIAN_POINT('',(-1.110223024625E-16,0.,0.889));
#36 = VECTOR('',#37,1.);
#37 = DIRECTION('',(-0.,1.,0.));
#38 = ORIENTED_EDGE('',*,*,#39,.T.);
#39 = EDGE_CURVE('',#32,#40,#42,.T.);
#40 = VERTEX_POINT('',#41);
#41 = CARTESIAN_POINT('',(0.,126.5,58.));
#42 = LINE('',#43,#44);
#43 = CARTESIAN_POINT('',(0.,126.5,-1.3001));
#44 = VECTOR('',#45,1.);
#45 = DIRECTION('',(0.,0.,1.));
#46 = ORIENTED_EDGE('',*,*,#47,.F.);
#47 = EDGE_CURVE('',#24,#40,#48,.T.);
#48 = LINE('',#49,#50);
#49 = CARTESIAN_POINT('',(0.,0.,58.));
#50 = VECTOR('',#51,1.);
#51 = DIRECTION('',(-0.,1.,0.));
#52 = FACE_BOUND('',#53,.T.);
#53 = EDGE_LOOP('',(#54));
#54 = ORIENTED_EDGE('',*,*,#55,.F.);
#55 = EDGE_CURVE('',#56,#56,#58,.T.);
#56 = VERTEX_POINT('',#57);
#57 = CARTESIAN_POINT('',(0.,65.,44.15));
#58 = CIRCLE('',#59,14.15);
#59 = AXIS2_PLACEMENT_3D('',#60,#61,#62);
#60 = CARTESIAN_POINT('',(0.,65.,30.));
#61 = DIRECTION('',(1.,0.,0.));
#62 = DIRECTION('',(-0.,0.,1.));
#63 = PLANE('',#64);
#64 = AXIS2_PLACEMENT_3D('',#65,#66,#67);
#65 = CARTESIAN_POINT('',(0.,0.,0.));
#66 = DIRECTION('',(1.,0.,-0.));
#67 = DIRECTION('',(0.,0.,1.));
#68 = ADVANCED_FACE('',(#69),#128,.F.);
#69 = FACE_BOUND('',#70,.F.);
#70 = EDGE_LOOP('',(#71,#81,#89,#98,#106,#112,#113,#122));
#71 = ORIENTED_EDGE('',*,*,#72,.F.);
#72 = EDGE_CURVE('',#73,#75,#77,.T.);
#73 = VERTEX_POINT('',#74);
#74 = CARTESIAN_POINT('',(3.5,3.5,-1.6002));
#75 = VERTEX_POINT('',#76);
#76 = CARTESIAN_POINT('',(3.5,3.5,0.));
#77 = LINE('',#78,#79);
#78 = CARTESIAN_POINT('',(3.5,3.5,-2.6002));
#79 = VECTOR('',#80,1.);
#80 = DIRECTION('',(0.,0.,1.));
#81 = ORIENTED_EDGE('',*,*,#82,.T.);
#82 = EDGE_CURVE('',#73,#83,#85,.T.);
#83 = VERTEX_POINT('',#84);
#84 = CARTESIAN_POINT('',(0.889,3.5,-1.6002));
#85 = LINE('',#86,#87);
#86 = CARTESIAN_POINT('',(-1.3001,3.5,-1.6002));
#87 = VECTOR('',#88,1.);
#88 = DIRECTION('',(-1.,-0.,0.));
#89 = ORIENTED_EDGE('',*,*,#90,.T.);
#90 = EDGE_CURVE('',#83,#91,#93,.T.);
#91 = VERTEX_POINT('',#92);
#92 = CARTESIAN_POINT('',(-1.6002,3.5,0.889));
#93 = CIRCLE('',#94,2.4892);
#94 = AXIS2_PLACEMENT_3D('',#95,#96,#97);
#95 = CARTESIAN_POINT('',(0.889,3.5,0.889));
#96 = DIRECTION('',(-0.,1.,0.));
#97 = DIRECTION('',(-1.,-0.,0.));
#98 = ORIENTED_EDGE('',*,*,#99,.T.);
#99 = EDGE_CURVE('',#91,#100,#102,.T.);
#100 = VERTEX_POINT('',#101);
#101 = CARTESIAN_POINT('',(-1.6002,3.5,58.));
#102 = LINE('',#103,#104);
#103 = CARTESIAN_POINT('',(-1.6002,3.5,-1.3001));
#104 = VECTOR('',#105,1.);
#105 = DIRECTION('',(0.,0.,1.));
#106 = ORIENTED_EDGE('',*,*,#107,.F.);
#107 = EDGE_CURVE('',#24,#100,#108,.T.);
#108 = LINE('',#109,#110);
#109 = CARTESIAN_POINT('',(-1.3001,3.5,58.));
#110 = VECTOR('',#111,1.);
#111 = DIRECTION('',(-1.,-0.,0.));
#112 = ORIENTED_EDGE('',*,*,#21,.F.);
#113 = ORIENTED_EDGE('',*,*,#114,.F.);
#114 = EDGE_CURVE('',#115,#22,#117,.T.);
#115 = VERTEX_POINT('',#116);
#116 = CARTESIAN_POINT('',(0.889,3.5,-1.110223024625E-16));
#117 = CIRCLE('',#118,0.889);
#118 = AXIS2_PLACEMENT_3D('',#119,#120,#121);
#119 = CARTESIAN_POINT('',(0.889,3.5,0.889));
#120 = DIRECTION('',(-0.,1.,0.));
#121 = DIRECTION('',(-1.,-0.,0.));
#122 = ORIENTED_EDGE('',*,*,#123,.F.);
#123 = EDGE_CURVE('',#75,#115,#124,.T.);
#124 = LINE('',#125,#126);
#125 = CARTESIAN_POINT('',(-1.3001,3.5,0.));
#126 = VECTOR('',#127,1.);
#127 = DIRECTION('',(-1.,-0.,0.));
#128 = PLANE('',#129);
#129 = AXIS2_PLACEMENT_3D('',#130,#131,#132);
#130 = CARTESIAN_POINT('',(-2.6002,3.5,-2.6002));
#131 = DIRECTION('',(-0.,1.,0.));
#132 = DIRECTION('',(0.,0.,1.));
#133 = ADVANCED_FACE('',(#134),#153,.F.);
#134 = FACE_BOUND('',#135,.T.);
#135 = EDGE_LOOP('',(#136,#137,#138,#146));
#136 = ORIENTED_EDGE('',*,*,#31,.F.);
#137 = ORIENTED_EDGE('',*,*,#114,.F.);
#138 = ORIENTED_EDGE('',*,*,#139,.T.);
#139 = EDGE_CURVE('',#115,#140,#142,.T.);
#140 = VERTEX_POINT('',#141);
#141 = CARTESIAN_POINT('',(0.889,126.5,-1.110223024625E-16));
#142 = LINE('',#143,#144);
#143 = CARTESIAN_POINT('',(0.889,0.,-1.110223024625E-16));
#144 = VECTOR('',#145,1.);
#145 = DIRECTION('',(-0.,1.,0.));
#146 = ORIENTED_EDGE('',*,*,#147,.T.);
#147 = EDGE_CURVE('',#140,#32,#148,.T.);
#148 = CIRCLE('',#149,0.889);
#149 = AXIS2_PLACEMENT_3D('',#150,#151,#152);
#150 = CARTESIAN_POINT('',(0.889,126.5,0.889));
#151 = DIRECTION('',(-0.,1.,0.));
#152 = DIRECTION('',(-1.,-0.,0.));
#153 = CYLINDRICAL_SURFACE('',#154,0.889);
#154 = AXIS2_PLACEMENT_3D('',#155,#156,#157);
#155 = CARTESIAN_POINT('',(0.889,0.,0.889));
#156 = DIRECTION('',(-0.,1.,0.));
#157 = DIRECTION('',(-1.,-0.,0.));
#158 = ADVANCED_FACE('',(#159),#177,.T.);
#159 = FACE_BOUND('',#160,.T.);
#160 = EDGE_LOOP('',(#161,#162,#163,#171));
#161 = ORIENTED_EDGE('',*,*,#107,.F.);
#162 = ORIENTED_EDGE('',*,*,#47,.T.);
#163 = ORIENTED_EDGE('',*,*,#164,.T.);
#164 = EDGE_CURVE('',#40,#165,#167,.T.);
#165 = VERTEX_POINT('',#166);
#166 = CARTESIAN_POINT('',(-1.6002,126.5,58.));
#167 = LINE('',#168,#169);
#168 = CARTESIAN_POINT('',(-1.3001,126.5,58.));
#169 = VECTOR('',#170,1.);
#170 = DIRECTION('',(-1.,-0.,0.));
#171 = ORIENTED_EDGE('',*,*,#172,.F.);
#172 = EDGE_CURVE('',#100,#165,#173,.T.);
#173 = LINE('',#174,#175);
#174 = CARTESIAN_POINT('',(-1.6002,0.,58.));
#175 = VECTOR('',#176,1.);
#176 = DIRECTION('',(0.,1.,0.));
#177 = PLANE('',#178);
#178 = AXIS2_PLACEMENT_3D('',#179,#180,#181);
#179 = CARTESIAN_POINT('',(0.,0.,58.));
#180 = DIRECTION('',(0.,0.,1.));
#181 = DIRECTION('',(1.,0.,-0.));
#182 = ADVANCED_FACE('',(#183),#227,.T.);
#183 = FACE_BOUND('',#184,.T.);
#184 = EDGE_LOOP('',(#185,#195,#203,#212,#218,#219,#220,#221));
#185 = ORIENTED_EDGE('',*,*,#186,.F.);
#186 = EDGE_CURVE('',#187,#189,#191,.T.);
#187 = VERTEX_POINT('',#188);
#188 = CARTESIAN_POINT('',(3.5,126.5,-1.6002));
#189 = VERTEX_POINT('',#190);
#190 = CARTESIAN_POINT('',(3.5,126.5,0.));
#191 = LINE('',#192,#193);
#192 = CARTESIAN_POINT('',(3.5,126.5,-2.6002));
#193 = VECTOR('',#194,1.);
#194 = DIRECTION('',(0.,0.,1.));
#195 = ORIENTED_EDGE('',*,*,#196,.T.);
#196 = EDGE_CURVE('',#187,#197,#199,.T.);
#197 = VERTEX_POINT('',#198);
#198 = CARTESIAN_POINT('',(0.889,126.5,-1.6002));
#199 = LINE('',#200,#201);
#200 = CARTESIAN_POINT('',(-1.3001,126.5,-1.6002));
#201 = VECTOR('',#202,1.);
#202 = DIRECTION('',(-1.,-0.,0.));
#203 = ORIENTED_EDGE('',*,*,#204,.T.);
#204 = EDGE_CURVE('',#197,#205,#207,.T.);
#205 = VERTEX_POINT('',#206);
#206 = CARTESIAN_POINT('',(-1.6002,126.5,0.889));
#207 = CIRCLE('',#208,2.4892);
#208 = AXIS2_PLACEMENT_3D('',#209,#210,#211);
#209 = CARTESIAN_POINT('',(0.889,126.5,0.889));
#210 = DIRECTION('',(-0.,1.,0.));
#211 = DIRECTION('',(-1.,-0.,0.));
#212 = ORIENTED_EDGE('',*,*,#213,.T.);
#213 = EDGE_CURVE('',#205,#165,#214,.T.);
#214 = LINE('',#215,#216);
#215 = CARTESIAN_POINT('',(-1.6002,126.5,-1.3001));
#216 = VECTOR('',#217,1.);
#217 = DIRECTION('',(0.,0.,1.));
#218 = ORIENTED_EDGE('',*,*,#164,.F.);
#219 = ORIENTED_EDGE('',*,*,#39,.F.);
#220 = ORIENTED_EDGE('',*,*,#147,.F.);
#221 = ORIENTED_EDGE('',*,*,#222,.F.);
#222 = EDGE_CURVE('',#189,#140,#223,.T.);
#223 = LINE('',#224,#225);
#224 = CARTESIAN_POINT('',(-1.3001,126.5,0.));
#225 = VECTOR('',#226,1.);
#226 = DIRECTION('',(-1.,-0.,0.));
#227 = PLANE('',#228);
#228 = AXIS2_PLACEMENT_3D('',#229,#230,#231);
#229 = CARTESIAN_POINT('',(-2.6002,126.5,-2.6002));
#230 = DIRECTION('',(-0.,1.,0.));
#231 = DIRECTION('',(0.,0.,1.));
#232 = ADVANCED_FACE('',(#233),#252,.F.);
#233 = FACE_BOUND('',#234,.F.);
#234 = EDGE_LOOP('',(#235,#236,#244,#251));
#235 = ORIENTED_EDGE('',*,*,#55,.F.);
#236 = ORIENTED_EDGE('',*,*,#237,.F.);
#237 = EDGE_CURVE('',#238,#56,#240,.T.);
#238 = VERTEX_POINT('',#239);
#239 = CARTESIAN_POINT('',(-1.6002,65.,44.15));
#240 = LINE('',#241,#242);
#241 = CARTESIAN_POINT('',(-4.,65.,44.15));
#242 = VECTOR('',#243,1.);
#243 = DIRECTION('',(1.,0.,0.));
#244 = ORIENTED_EDGE('',*,*,#245,.T.);
#245 = EDGE_CURVE('',#238,#238,#246,.T.);
#246 = CIRCLE('',#247,14.15);
#247 = AXIS2_PLACEMENT_3D('',#248,#249,#250);
#248 = CARTESIAN_POINT('',(-1.6002,65.,30.));
#249 = DIRECTION('',(1.,0.,0.));
#250 = DIRECTION('',(-0.,0.,1.));
#251 = ORIENTED_EDGE('',*,*,#237,.T.);
#252 = CYLINDRICAL_SURFACE('',#253,14.15);
#253 = AXIS2_PLACEMENT_3D('',#254,#255,#256);
#254 = CARTESIAN_POINT('',(-4.,65.,30.));
#255 = DIRECTION('',(1.,0.,0.));
#256 = DIRECTION('',(-0.,0.,1.));
#257 = ADVANCED_FACE('',(#258),#317,.F.);
#258 = FACE_BOUND('',#259,.F.);
#259 = EDGE_LOOP('',(#260,#261,#269,#278,#286,#294,#302,#311));
#260 = ORIENTED_EDGE('',*,*,#72,.T.);
#261 = ORIENTED_EDGE('',*,*,#262,.F.);
#262 = EDGE_CURVE('',#263,#75,#265,.T.);
#263 = VERTEX_POINT('',#264);
#264 = CARTESIAN_POINT('',(3.5,0.889,-1.110223024625E-16));
#265 = LINE('',#266,#267);
#266 = CARTESIAN_POINT('',(3.5,-1.3001,0.));
#267 = VECTOR('',#268,1.);
#268 = DIRECTION('',(-0.,1.,0.));
#269 = ORIENTED_EDGE('',*,*,#270,.F.);
#270 = EDGE_CURVE('',#271,#263,#273,.T.);
#271 = VERTEX_POINT('',#272);
#272 = CARTESIAN_POINT('',(3.5,-1.110223024625E-16,0.889));
#273 = CIRCLE('',#274,0.889);
#274 = AXIS2_PLACEMENT_3D('',#275,#276,#277);
#275 = CARTESIAN_POINT('',(3.5,0.889,0.889));
#276 = DIRECTION('',(1.,0.,0.));
#277 = DIRECTION('',(0.,-1.,0.));
#278 = ORIENTED_EDGE('',*,*,#279,.F.);
#279 = EDGE_CURVE('',#280,#271,#282,.T.);
#280 = VERTEX_POINT('',#281);
#281 = CARTESIAN_POINT('',(3.5,0.,58.));
#282 = LINE('',#283,#284);
#283 = CARTESIAN_POINT('',(3.5,0.,-1.3001));
#284 = VECTOR('',#285,1.);
#285 = DIRECTION('',(-0.,0.,-1.));
#286 = ORIENTED_EDGE('',*,*,#287,.F.);
#287 = EDGE_CURVE('',#288,#280,#290,.T.);
#288 = VERTEX_POINT('',#289);
#289 = CARTESIAN_POINT('',(3.5,-1.6002,58.));
#290 = LINE('',#291,#292);
#291 = CARTESIAN_POINT('',(3.5,-1.3001,58.));
#292 = VECTOR('',#293,1.);
#293 = DIRECTION('',(-0.,1.,0.));
#294 = ORIENTED_EDGE('',*,*,#295,.T.);
#295 = EDGE_CURVE('',#288,#296,#298,.T.);
#296 = VERTEX_POINT('',#297);
#297 = CARTESIAN_POINT('',(3.5,-1.6002,0.889));
#298 = LINE('',#299,#300);
#299 = CARTESIAN_POINT('',(3.5,-1.6002,-1.3001));
#300 = VECTOR('',#301,1.);
#301 = DIRECTION('',(-0.,0.,-1.));
#302 = ORIENTED_EDGE('',*,*,#303,.T.);
#303 = EDGE_CURVE('',#296,#304,#306,.T.);
#304 = VERTEX_POINT('',#305);
#305 = CARTESIAN_POINT('',(3.5,0.889,-1.6002));
#306 = CIRCLE('',#307,2.4892);
#307 = AXIS2_PLACEMENT_3D('',#308,#309,#310);
#308 = CARTESIAN_POINT('',(3.5,0.889,0.889));
#309 = DIRECTION('',(1.,0.,0.));
#310 = DIRECTION('',(0.,-1.,0.));
#311 = ORIENTED_EDGE('',*,*,#312,.T.);
#312 = EDGE_CURVE('',#304,#73,#313,.T.);
#313 = LINE('',#314,#315);
#314 = CARTESIAN_POINT('',(3.5,-1.3001,-1.6002));
#315 = VECTOR('',#316,1.);
#316 = DIRECTION('',(-0.,1.,0.));
#317 = PLANE('',#318);
#318 = AXIS2_PLACEMENT_3D('',#319,#320,#321);
#319 = CARTESIAN_POINT('',(3.5,-2.6002,-2.6002));
#320 = DIRECTION('',(1.,0.,-0.));
#321 = DIRECTION('',(0.,0.,1.));
#322 = ADVANCED_FACE('',(#323,#391,#402,#413,#424,#435,#446,#457,#468,
    #479,#490,#501),#512,.T.);
#323 = FACE_BOUND('',#324,.T.);
#324 = EDGE_LOOP('',(#325,#326,#327,#328,#336,#344,#352,#360,#368,#376,
    #384,#390));
#325 = ORIENTED_EDGE('',*,*,#139,.F.);
#326 = ORIENTED_EDGE('',*,*,#123,.F.);
#327 = ORIENTED_EDGE('',*,*,#262,.F.);
#328 = ORIENTED_EDGE('',*,*,#329,.T.);
#329 = EDGE_CURVE('',#263,#330,#332,.T.);
#330 = VERTEX_POINT('',#331);
#331 = CARTESIAN_POINT('',(176.5,0.889,-1.110223024625E-16));
#332 = LINE('',#333,#334);
#333 = CARTESIAN_POINT('',(0.,0.889,-1.110223024625E-16));
#334 = VECTOR('',#335,1.);
#335 = DIRECTION('',(1.,0.,-0.));
#336 = ORIENTED_EDGE('',*,*,#337,.T.);
#337 = EDGE_CURVE('',#330,#338,#340,.T.);
#338 = VERTEX_POINT('',#339);
#339 = CARTESIAN_POINT('',(176.5,3.5,0.));
#340 = LINE('',#341,#342);
#341 = CARTESIAN_POINT('',(176.5,-1.3001,0.));
#342 = VECTOR('',#343,1.);
#343 = DIRECTION('',(-0.,1.,0.));
#344 = ORIENTED_EDGE('',*,*,#345,.F.);
#345 = EDGE_CURVE('',#346,#338,#348,.T.);
#346 = VERTEX_POINT('',#347);
#347 = CARTESIAN_POINT('',(179.111,3.5,-1.110223024625E-16));
#348 = LINE('',#349,#350);
#349 = CARTESIAN_POINT('',(88.25,3.5,0.));
#350 = VECTOR('',#351,1.);
#351 = DIRECTION('',(-1.,-0.,0.));
#352 = ORIENTED_EDGE('',*,*,#353,.T.);
#353 = EDGE_CURVE('',#346,#354,#356,.T.);
#354 = VERTEX_POINT('',#355);
#355 = CARTESIAN_POINT('',(179.111,126.5,-1.110223024625E-16));
#356 = LINE('',#357,#358);
#357 = CARTESIAN_POINT('',(179.111,0.,-1.110223024625E-16));
#358 = VECTOR('',#359,1.);
#359 = DIRECTION('',(-0.,1.,0.));
#360 = ORIENTED_EDGE('',*,*,#361,.T.);
#361 = EDGE_CURVE('',#354,#362,#364,.T.);
#362 = VERTEX_POINT('',#363);
#363 = CARTESIAN_POINT('',(176.5,126.5,0.));
#364 = LINE('',#365,#366);
#365 = CARTESIAN_POINT('',(88.25,126.5,0.));
#366 = VECTOR('',#367,1.);
#367 = DIRECTION('',(-1.,-0.,0.));
#368 = ORIENTED_EDGE('',*,*,#369,.T.);
#369 = EDGE_CURVE('',#362,#370,#372,.T.);
#370 = VERTEX_POINT('',#371);
#371 = CARTESIAN_POINT('',(176.5,129.111,-1.110223024625E-16));
#372 = LINE('',#373,#374);
#373 = CARTESIAN_POINT('',(176.5,63.25,0.));
#374 = VECTOR('',#375,1.);
#375 = DIRECTION('',(-0.,1.,0.));
#376 = ORIENTED_EDGE('',*,*,#377,.F.);
#377 = EDGE_CURVE('',#378,#370,#380,.T.);
#378 = VERTEX_POINT('',#379);
#379 = CARTESIAN_POINT('',(3.5,129.111,-1.110223024625E-16));
#380 = LINE('',#381,#382);
#381 = CARTESIAN_POINT('',(0.,129.111,-1.110223024625E-16));
#382 = VECTOR('',#383,1.);
#383 = DIRECTION('',(1.,0.,-0.));
#384 = ORIENTED_EDGE('',*,*,#385,.F.);
#385 = EDGE_CURVE('',#189,#378,#386,.T.);
#386 = LINE('',#387,#388);
#387 = CARTESIAN_POINT('',(3.5,63.25,0.));
#388 = VECTOR('',#389,1.);
#389 = DIRECTION('',(-0.,1.,0.));
#390 = ORIENTED_EDGE('',*,*,#222,.T.);
#391 = FACE_BOUND('',#392,.T.);
#392 = EDGE_LOOP('',(#393));
#393 = ORIENTED_EDGE('',*,*,#394,.F.);
#394 = EDGE_CURVE('',#395,#395,#397,.T.);
#395 = VERTEX_POINT('',#396);
#396 = CARTESIAN_POINT('',(15.25,12.,0.));
#397 = CIRCLE('',#398,3.25);
#398 = AXIS2_PLACEMENT_3D('',#399,#400,#401);
#399 = CARTESIAN_POINT('',(12.,12.,0.));
#400 = DIRECTION('',(0.,0.,1.));
#401 = DIRECTION('',(1.,0.,-0.));
#402 = FACE_BOUND('',#403,.T.);
#403 = EDGE_LOOP('',(#404));
#404 = ORIENTED_EDGE('',*,*,#405,.F.);
#405 = EDGE_CURVE('',#406,#406,#408,.T.);
#406 = VERTEX_POINT('',#407);
#407 = CARTESIAN_POINT('',(33.6,21.,0.));
#408 = CIRCLE('',#409,1.6);
#409 = AXIS2_PLACEMENT_3D('',#410,#411,#412);
#410 = CARTESIAN_POINT('',(32.,21.,0.));
#411 = DIRECTION('',(0.,0.,1.));
#412 = DIRECTION('',(1.,0.,-0.));
#413 = FACE_BOUND('',#414,.T.);
#414 = EDGE_LOOP('',(#415));
#415 = ORIENTED_EDGE('',*,*,#416,.F.);
#416 = EDGE_CURVE('',#417,#417,#419,.T.);
#417 = VERTEX_POINT('',#418);
#418 = CARTESIAN_POINT('',(65.6,21.,0.));
#419 = CIRCLE('',#420,1.6);
#420 = AXIS2_PLACEMENT_3D('',#421,#422,#423);
#421 = CARTESIAN_POINT('',(64.,21.,0.));
#422 = DIRECTION('',(0.,0.,1.));
#423 = DIRECTION('',(1.,0.,-0.));
#424 = FACE_BOUND('',#425,.T.);
#425 = EDGE_LOOP('',(#426));
#426 = ORIENTED_EDGE('',*,*,#427,.F.);
#427 = EDGE_CURVE('',#428,#428,#430,.T.);
#428 = VERTEX_POINT('',#429);
#429 = CARTESIAN_POINT('',(33.6,43.,0.));
#430 = CIRCLE('',#431,1.6);
#431 = AXIS2_PLACEMENT_3D('',#432,#433,#434);
#432 = CARTESIAN_POINT('',(32.,43.,0.));
#433 = DIRECTION('',(0.,0.,1.));
#434 = DIRECTION('',(1.,0.,-0.));
#435 = FACE_BOUND('',#436,.T.);
#436 = EDGE_LOOP('',(#437));
#437 = ORIENTED_EDGE('',*,*,#438,.F.);
#438 = EDGE_CURVE('',#439,#439,#441,.T.);
#439 = VERTEX_POINT('',#440);
#440 = CARTESIAN_POINT('',(65.6,43.,0.));
#441 = CIRCLE('',#442,1.6);
#442 = AXIS2_PLACEMENT_3D('',#443,#444,#445);
#443 = CARTESIAN_POINT('',(64.,43.,0.));
#444 = DIRECTION('',(0.,0.,1.));
#445 = DIRECTION('',(1.,0.,-0.));
#446 = FACE_BOUND('',#447,.T.);
#447 = EDGE_LOOP('',(#448));
#448 = ORIENTED_EDGE('',*,*,#449,.F.);
#449 = EDGE_CURVE('',#450,#450,#452,.T.);
#450 = VERTEX_POINT('',#451);
#451 = CARTESIAN_POINT('',(171.25,12.,0.));
#452 = CIRCLE('',#453,3.25);
#453 = AXIS2_PLACEMENT_3D('',#454,#455,#456);
#454 = CARTESIAN_POINT('',(168.,12.,0.));
#455 = DIRECTION('',(0.,0.,1.));
#456 = DIRECTION('',(1.,0.,-0.));
#457 = FACE_BOUND('',#458,.T.);
#458 = EDGE_LOOP('',(#459));
#459 = ORIENTED_EDGE('',*,*,#460,.F.);
#460 = EDGE_CURVE('',#461,#461,#463,.T.);
#461 = VERTEX_POINT('',#462);
#462 = CARTESIAN_POINT('',(72.47,82.,0.));
#463 = CIRCLE('',#464,2.25);
#464 = AXIS2_PLACEMENT_3D('',#465,#466,#467);
#465 = CARTESIAN_POINT('',(70.22,82.,0.));
#466 = DIRECTION('',(0.,0.,1.));
#467 = DIRECTION('',(1.,0.,-0.));
#468 = FACE_BOUND('',#469,.T.);
#469 = EDGE_LOOP('',(#470));
#470 = ORIENTED_EDGE('',*,*,#471,.F.);
#471 = EDGE_CURVE('',#472,#472,#474,.T.);
#472 = VERTEX_POINT('',#473);
#473 = CARTESIAN_POINT('',(21.3,108.,0.));
#474 = CIRCLE('',#475,3.3);
#475 = AXIS2_PLACEMENT_3D('',#476,#477,#478);
#476 = CARTESIAN_POINT('',(18.,108.,0.));
#477 = DIRECTION('',(0.,0.,1.));
#478 = DIRECTION('',(1.,0.,-0.));
#479 = FACE_BOUND('',#480,.T.);
#480 = EDGE_LOOP('',(#481));
#481 = ORIENTED_EDGE('',*,*,#482,.F.);
#482 = EDGE_CURVE('',#483,#483,#485,.T.);
#483 = VERTEX_POINT('',#484);
#484 = CARTESIAN_POINT('',(15.25,118.,0.));
#485 = CIRCLE('',#486,3.25);
#486 = AXIS2_PLACEMENT_3D('',#487,#488,#489);
#487 = CARTESIAN_POINT('',(12.,118.,0.));
#488 = DIRECTION('',(0.,0.,1.));
#489 = DIRECTION('',(1.,0.,-0.));
#490 = FACE_BOUND('',#491,.T.);
#491 = EDGE_LOOP('',(#492));
#492 = ORIENTED_EDGE('',*,*,#493,.F.);
#493 = EDGE_CURVE('',#494,#494,#496,.T.);
#494 = VERTEX_POINT('',#495);
#495 = CARTESIAN_POINT('',(132.03,82.,0.));
#496 = CIRCLE('',#497,2.25);
#497 = AXIS2_PLACEMENT_3D('',#498,#499,#500);
#498 = CARTESIAN_POINT('',(129.78,82.,0.));
#499 = DIRECTION('',(0.,0.,1.));
#500 = DIRECTION('',(1.,0.,-0.));
#501 = FACE_BOUND('',#502,.T.);
#502 = EDGE_LOOP('',(#503));
#503 = ORIENTED_EDGE('',*,*,#504,.F.);
#504 = EDGE_CURVE('',#505,#505,#507,.T.);
#505 = VERTEX_POINT('',#506);
#506 = CARTESIAN_POINT('',(171.25,118.,0.));
#507 = CIRCLE('',#508,3.25);
#508 = AXIS2_PLACEMENT_3D('',#509,#510,#511);
#509 = CARTESIAN_POINT('',(168.,118.,0.));
#510 = DIRECTION('',(0.,0.,1.));
#511 = DIRECTION('',(1.,0.,-0.));
#512 = PLANE('',#513);
#513 = AXIS2_PLACEMENT_3D('',#514,#515,#516);
#514 = CARTESIAN_POINT('',(0.,0.,0.));
#515 = DIRECTION('',(0.,0.,1.));
#516 = DIRECTION('',(1.,0.,-0.));
#517 = ADVANCED_FACE('',(#518,#529),#532,.F.);
#518 = FACE_BOUND('',#519,.F.);
#519 = EDGE_LOOP('',(#520,#521,#527,#528));
#520 = ORIENTED_EDGE('',*,*,#99,.F.);
#521 = ORIENTED_EDGE('',*,*,#522,.T.);
#522 = EDGE_CURVE('',#91,#205,#523,.T.);
#523 = LINE('',#524,#525);
#524 = CARTESIAN_POINT('',(-1.6002,0.,0.889));
#525 = VECTOR('',#526,1.);
#526 = DIRECTION('',(-0.,1.,0.));
#527 = ORIENTED_EDGE('',*,*,#213,.T.);
#528 = ORIENTED_EDGE('',*,*,#172,.F.);
#529 = FACE_BOUND('',#530,.F.);
#530 = EDGE_LOOP('',(#531));
#531 = ORIENTED_EDGE('',*,*,#245,.F.);
#532 = PLANE('',#533);
#533 = AXIS2_PLACEMENT_3D('',#534,#535,#536);
#534 = CARTESIAN_POINT('',(-1.6002,0.,0.));
#535 = DIRECTION('',(1.,0.,-0.));
#536 = DIRECTION('',(0.,0.,1.));
#537 = ADVANCED_FACE('',(#538),#549,.T.);
#538 = FACE_BOUND('',#539,.F.);
#539 = EDGE_LOOP('',(#540,#541,#542,#548));
#540 = ORIENTED_EDGE('',*,*,#522,.F.);
#541 = ORIENTED_EDGE('',*,*,#90,.F.);
#542 = ORIENTED_EDGE('',*,*,#543,.T.);
#543 = EDGE_CURVE('',#83,#197,#544,.T.);
#544 = LINE('',#545,#546);
#545 = CARTESIAN_POINT('',(0.889,0.,-1.6002));
#546 = VECTOR('',#547,1.);
#547 = DIRECTION('',(-0.,1.,0.));
#548 = ORIENTED_EDGE('',*,*,#204,.T.);
#549 = CYLINDRICAL_SURFACE('',#550,2.4892);
#550 = AXIS2_PLACEMENT_3D('',#551,#552,#553);
#551 = CARTESIAN_POINT('',(0.889,0.,0.889));
#552 = DIRECTION('',(-0.,1.,0.));
#553 = DIRECTION('',(-1.,-0.,0.));
#554 = ADVANCED_FACE('',(#555,#623,#634,#645,#656,#667,#678,#689,#700,
    #711,#722,#733),#744,.F.);
#555 = FACE_BOUND('',#556,.F.);
#556 = EDGE_LOOP('',(#557,#558,#559,#560,#568,#576,#584,#592,#600,#608,
    #616,#622));
#557 = ORIENTED_EDGE('',*,*,#543,.F.);
#558 = ORIENTED_EDGE('',*,*,#82,.F.);
#559 = ORIENTED_EDGE('',*,*,#312,.F.);
#560 = ORIENTED_EDGE('',*,*,#561,.T.);
#561 = EDGE_CURVE('',#304,#562,#564,.T.);
#562 = VERTEX_POINT('',#563);
#563 = CARTESIAN_POINT('',(176.5,0.889,-1.6002));
#564 = LINE('',#565,#566);
#565 = CARTESIAN_POINT('',(0.,0.889,-1.6002));
#566 = VECTOR('',#567,1.);
#567 = DIRECTION('',(1.,0.,-0.));
#568 = ORIENTED_EDGE('',*,*,#569,.T.);
#569 = EDGE_CURVE('',#562,#570,#572,.T.);
#570 = VERTEX_POINT('',#571);
#571 = CARTESIAN_POINT('',(176.5,3.5,-1.6002));
#572 = LINE('',#573,#574);
#573 = CARTESIAN_POINT('',(176.5,-1.3001,-1.6002));
#574 = VECTOR('',#575,1.);
#575 = DIRECTION('',(-0.,1.,0.));
#576 = ORIENTED_EDGE('',*,*,#577,.F.);
#577 = EDGE_CURVE('',#578,#570,#580,.T.);
#578 = VERTEX_POINT('',#579);
#579 = CARTESIAN_POINT('',(179.111,3.5,-1.6002));
#580 = LINE('',#581,#582);
#581 = CARTESIAN_POINT('',(88.25,3.5,-1.6002));
#582 = VECTOR('',#583,1.);
#583 = DIRECTION('',(-1.,-0.,0.));
#584 = ORIENTED_EDGE('',*,*,#585,.T.);
#585 = EDGE_CURVE('',#578,#586,#588,.T.);
#586 = VERTEX_POINT('',#587);
#587 = CARTESIAN_POINT('',(179.111,126.5,-1.6002));
#588 = LINE('',#589,#590);
#589 = CARTESIAN_POINT('',(179.111,0.,-1.6002));
#590 = VECTOR('',#591,1.);
#591 = DIRECTION('',(-0.,1.,0.));
#592 = ORIENTED_EDGE('',*,*,#593,.T.);
#593 = EDGE_CURVE('',#586,#594,#596,.T.);
#594 = VERTEX_POINT('',#595);
#595 = CARTESIAN_POINT('',(176.5,126.5,-1.6002));
#596 = LINE('',#597,#598);
#597 = CARTESIAN_POINT('',(88.25,126.5,-1.6002));
#598 = VECTOR('',#599,1.);
#599 = DIRECTION('',(-1.,-0.,0.));
#600 = ORIENTED_EDGE('',*,*,#601,.T.);
#601 = EDGE_CURVE('',#594,#602,#604,.T.);
#602 = VERTEX_POINT('',#603);
#603 = CARTESIAN_POINT('',(176.5,129.111,-1.6002));
#604 = LINE('',#605,#606);
#605 = CARTESIAN_POINT('',(176.5,63.25,-1.6002));
#606 = VECTOR('',#607,1.);
#607 = DIRECTION('',(-0.,1.,0.));
#608 = ORIENTED_EDGE('',*,*,#609,.F.);
#609 = EDGE_CURVE('',#610,#602,#612,.T.);
#610 = VERTEX_POINT('',#611);
#611 = CARTESIAN_POINT('',(3.5,129.111,-1.6002));
#612 = LINE('',#613,#614);
#613 = CARTESIAN_POINT('',(0.,129.111,-1.6002));
#614 = VECTOR('',#615,1.);
#615 = DIRECTION('',(1.,0.,-0.));
#616 = ORIENTED_EDGE('',*,*,#617,.F.);
#617 = EDGE_CURVE('',#187,#610,#618,.T.);
#618 = LINE('',#619,#620);
#619 = CARTESIAN_POINT('',(3.5,63.25,-1.6002));
#620 = VECTOR('',#621,1.);
#621 = DIRECTION('',(-0.,1.,0.));
#622 = ORIENTED_EDGE('',*,*,#196,.T.);
#623 = FACE_BOUND('',#624,.F.);
#624 = EDGE_LOOP('',(#625));
#625 = ORIENTED_EDGE('',*,*,#626,.F.);
#626 = EDGE_CURVE('',#627,#627,#629,.T.);
#627 = VERTEX_POINT('',#628);
#628 = CARTESIAN_POINT('',(15.25,12.,-1.6002));
#629 = CIRCLE('',#630,3.25);
#630 = AXIS2_PLACEMENT_3D('',#631,#632,#633);
#631 = CARTESIAN_POINT('',(12.,12.,-1.6002));
#632 = DIRECTION('',(0.,0.,1.));
#633 = DIRECTION('',(1.,0.,-0.));
#634 = FACE_BOUND('',#635,.F.);
#635 = EDGE_LOOP('',(#636));
#636 = ORIENTED_EDGE('',*,*,#637,.F.);
#637 = EDGE_CURVE('',#638,#638,#640,.T.);
#638 = VERTEX_POINT('',#639);
#639 = CARTESIAN_POINT('',(33.6,21.,-1.6002));
#640 = CIRCLE('',#641,1.6);
#641 = AXIS2_PLACEMENT_3D('',#642,#643,#644);
#642 = CARTESIAN_POINT('',(32.,21.,-1.6002));
#643 = DIRECTION('',(0.,0.,1.));
#644 = DIRECTION('',(1.,0.,-0.));
#645 = FACE_BOUND('',#646,.F.);
#646 = EDGE_LOOP('',(#647));
#647 = ORIENTED_EDGE('',*,*,#648,.F.);
#648 = EDGE_CURVE('',#649,#649,#651,.T.);
#649 = VERTEX_POINT('',#650);
#650 = CARTESIAN_POINT('',(65.6,21.,-1.6002));
#651 = CIRCLE('',#652,1.6);
#652 = AXIS2_PLACEMENT_3D('',#653,#654,#655);
#653 = CARTESIAN_POINT('',(64.,21.,-1.6002));
#654 = DIRECTION('',(0.,0.,1.));
#655 = DIRECTION('',(1.,0.,-0.));
#656 = FACE_BOUND('',#657,.F.);
#657 = EDGE_LOOP('',(#658));
#658 = ORIENTED_EDGE('',*,*,#659,.F.);
#659 = EDGE_CURVE('',#660,#660,#662,.T.);
#660 = VERTEX_POINT('',#661);
#661 = CARTESIAN_POINT('',(33.6,43.,-1.6002));
#662 = CIRCLE('',#663,1.6);
#663 = AXIS2_PLACEMENT_3D('',#664,#665,#666);
#664 = CARTESIAN_POINT('',(32.,43.,-1.6002));
#665 = DIRECTION('',(0.,0.,1.));
#666 = DIRECTION('',(1.,0.,-0.));
#667 = FACE_BOUND('',#668,.F.);
#668 = EDGE_LOOP('',(#669));
#669 = ORIENTED_EDGE('',*,*,#670,.F.);
#670 = EDGE_CURVE('',#671,#671,#673,.T.);
#671 = VERTEX_POINT('',#672);
#672 = CARTESIAN_POINT('',(65.6,43.,-1.6002));
#673 = CIRCLE('',#674,1.6);
#674 = AXIS2_PLACEMENT_3D('',#675,#676,#677);
#675 = CARTESIAN_POINT('',(64.,43.,-1.6002));
#676 = DIRECTION('',(0.,0.,1.));
#677 = DIRECTION('',(1.,0.,-0.));
#678 = FACE_BOUND('',#679,.F.);
#679 = EDGE_LOOP('',(#680));
#680 = ORIENTED_EDGE('',*,*,#681,.F.);
#681 = EDGE_CURVE('',#682,#682,#684,.T.);
#682 = VERTEX_POINT('',#683);
#683 = CARTESIAN_POINT('',(171.25,12.,-1.6002));
#684 = CIRCLE('',#685,3.25);
#685 = AXIS2_PLACEMENT_3D('',#686,#687,#688);
#686 = CARTESIAN_POINT('',(168.,12.,-1.6002));
#687 = DIRECTION('',(0.,0.,1.));
#688 = DIRECTION('',(1.,0.,-0.));
#689 = FACE_BOUND('',#690,.F.);
#690 = EDGE_LOOP('',(#691));
#691 = ORIENTED_EDGE('',*,*,#692,.F.);
#692 = EDGE_CURVE('',#693,#693,#695,.T.);
#693 = VERTEX_POINT('',#694);
#694 = CARTESIAN_POINT('',(72.47,82.,-1.6002));
#695 = CIRCLE('',#696,2.25);
#696 = AXIS2_PLACEMENT_3D('',#697,#698,#699);
#697 = CARTESIAN_POINT('',(70.22,82.,-1.6002));
#698 = DIRECTION('',(0.,0.,1.));
#699 = DIRECTION('',(1.,0.,-0.));
#700 = FACE_BOUND('',#701,.F.);
#701 = EDGE_LOOP('',(#702));
#702 = ORIENTED_EDGE('',*,*,#703,.F.);
#703 = EDGE_CURVE('',#704,#704,#706,.T.);
#704 = VERTEX_POINT('',#705);
#705 = CARTESIAN_POINT('',(21.3,108.,-1.6002));
#706 = CIRCLE('',#707,3.3);
#707 = AXIS2_PLACEMENT_3D('',#708,#709,#710);
#708 = CARTESIAN_POINT('',(18.,108.,-1.6002));
#709 = DIRECTION('',(0.,0.,1.));
#710 = DIRECTION('',(1.,0.,-0.));
#711 = FACE_BOUND('',#712,.F.);
#712 = EDGE_LOOP('',(#713));
#713 = ORIENTED_EDGE('',*,*,#714,.F.);
#714 = EDGE_CURVE('',#715,#715,#717,.T.);
#715 = VERTEX_POINT('',#716);
#716 = CARTESIAN_POINT('',(15.25,118.,-1.6002));
#717 = CIRCLE('',#718,3.25);
#718 = AXIS2_PLACEMENT_3D('',#719,#720,#721);
#719 = CARTESIAN_POINT('',(12.,118.,-1.6002));
#720 = DIRECTION('',(0.,0.,1.));
#721 = DIRECTION('',(1.,0.,-0.));
#722 = FACE_BOUND('',#723,.F.);
#723 = EDGE_LOOP('',(#724));
#724 = ORIENTED_EDGE('',*,*,#725,.F.);
#725 = EDGE_CURVE('',#726,#726,#728,.T.);
#726 = VERTEX_POINT('',#727);
#727 = CARTESIAN_POINT('',(132.03,82.,-1.6002));
#728 = CIRCLE('',#729,2.25);
#729 = AXIS2_PLACEMENT_3D('',#730,#731,#732);
#730 = CARTESIAN_POINT('',(129.78,82.,-1.6002));
#731 = DIRECTION('',(0.,0.,1.));
#732 = DIRECTION('',(1.,0.,-0.));
#733 = FACE_BOUND('',#734,.F.);
#734 = EDGE_LOOP('',(#735));
#735 = ORIENTED_EDGE('',*,*,#736,.F.);
#736 = EDGE_CURVE('',#737,#737,#739,.T.);
#737 = VERTEX_POINT('',#738);
#738 = CARTESIAN_POINT('',(171.25,118.,-1.6002));
#739 = CIRCLE('',#740,3.25);
#740 = AXIS2_PLACEMENT_3D('',#741,#742,#743);
#741 = CARTESIAN_POINT('',(168.,118.,-1.6002));
#742 = DIRECTION('',(0.,0.,1.));
#743 = DIRECTION('',(1.,0.,-0.));
#744 = PLANE('',#745);
#745 = AXIS2_PLACEMENT_3D('',#746,#747,#748);
#746 = CARTESIAN_POINT('',(0.,0.,-1.6002));
#747 = DIRECTION('',(0.,0.,1.));
#748 = DIRECTION('',(1.,0.,-0.));
#749 = ADVANCED_FACE('',(#750),#795,.F.);
#750 = FACE_BOUND('',#751,.F.);
#751 = EDGE_LOOP('',(#752,#753,#754,#763,#771,#779,#787,#794));
#752 = ORIENTED_EDGE('',*,*,#186,.F.);
#753 = ORIENTED_EDGE('',*,*,#617,.T.);
#754 = ORIENTED_EDGE('',*,*,#755,.T.);
#755 = EDGE_CURVE('',#610,#756,#758,.T.);
#756 = VERTEX_POINT('',#757);
#757 = CARTESIAN_POINT('',(3.5,131.6002,0.889));
#758 = CIRCLE('',#759,2.4892);
#759 = AXIS2_PLACEMENT_3D('',#760,#761,#762);
#760 = CARTESIAN_POINT('',(3.5,129.111,0.889));
#761 = DIRECTION('',(1.,0.,-0.));
#762 = DIRECTION('',(0.,1.,0.));
#763 = ORIENTED_EDGE('',*,*,#764,.F.);
#764 = EDGE_CURVE('',#765,#756,#767,.T.);
#765 = VERTEX_POINT('',#766);
#766 = CARTESIAN_POINT('',(3.5,131.6002,58.));
#767 = LINE('',#768,#769);
#768 = CARTESIAN_POINT('',(3.5,131.6002,-1.3001));
#769 = VECTOR('',#770,1.);
#770 = DIRECTION('',(-0.,0.,-1.));
#771 = ORIENTED_EDGE('',*,*,#772,.F.);
#772 = EDGE_CURVE('',#773,#765,#775,.T.);
#773 = VERTEX_POINT('',#774);
#774 = CARTESIAN_POINT('',(3.5,130.,58.));
#775 = LINE('',#776,#777);
#776 = CARTESIAN_POINT('',(3.5,63.25,58.));
#777 = VECTOR('',#778,1.);
#778 = DIRECTION('',(-0.,1.,0.));
#779 = ORIENTED_EDGE('',*,*,#780,.T.);
#780 = EDGE_CURVE('',#773,#781,#783,.T.);
#781 = VERTEX_POINT('',#782);
#782 = CARTESIAN_POINT('',(3.5,130.,0.889));
#783 = LINE('',#784,#785);
#784 = CARTESIAN_POINT('',(3.5,130.,-1.3001));
#785 = VECTOR('',#786,1.);
#786 = DIRECTION('',(-0.,0.,-1.));
#787 = ORIENTED_EDGE('',*,*,#788,.F.);
#788 = EDGE_CURVE('',#378,#781,#789,.T.);
#789 = CIRCLE('',#790,0.889);
#790 = AXIS2_PLACEMENT_3D('',#791,#792,#793);
#791 = CARTESIAN_POINT('',(3.5,129.111,0.889));
#792 = DIRECTION('',(1.,0.,-0.));
#793 = DIRECTION('',(0.,1.,0.));
#794 = ORIENTED_EDGE('',*,*,#385,.F.);
#795 = PLANE('',#796);
#796 = AXIS2_PLACEMENT_3D('',#797,#798,#799);
#797 = CARTESIAN_POINT('',(3.5,126.5,-2.6002));
#798 = DIRECTION('',(1.,0.,-0.));
#799 = DIRECTION('',(0.,0.,1.));
#800 = ADVANCED_FACE('',(#801),#820,.T.);
#801 = FACE_BOUND('',#802,.T.);
#802 = EDGE_LOOP('',(#803,#811,#812,#813));
#803 = ORIENTED_EDGE('',*,*,#804,.F.);
#804 = EDGE_CURVE('',#296,#805,#807,.T.);
#805 = VERTEX_POINT('',#806);
#806 = CARTESIAN_POINT('',(176.5,-1.6002,0.889));
#807 = LINE('',#808,#809);
#808 = CARTESIAN_POINT('',(0.,-1.6002,0.889));
#809 = VECTOR('',#810,1.);
#810 = DIRECTION('',(1.,0.,-0.));
#811 = ORIENTED_EDGE('',*,*,#303,.T.);
#812 = ORIENTED_EDGE('',*,*,#561,.T.);
#813 = ORIENTED_EDGE('',*,*,#814,.F.);
#814 = EDGE_CURVE('',#805,#562,#815,.T.);
#815 = CIRCLE('',#816,2.4892);
#816 = AXIS2_PLACEMENT_3D('',#817,#818,#819);
#817 = CARTESIAN_POINT('',(176.5,0.889,0.889));
#818 = DIRECTION('',(1.,0.,0.));
#819 = DIRECTION('',(0.,-1.,0.));
#820 = CYLINDRICAL_SURFACE('',#821,2.4892);
#821 = AXIS2_PLACEMENT_3D('',#822,#823,#824);
#822 = CARTESIAN_POINT('',(0.,0.889,0.889));
#823 = DIRECTION('',(1.,0.,-0.));
#824 = DIRECTION('',(0.,-1.,0.));
#825 = ADVANCED_FACE('',(#826,#844,#855),#866,.F.);
#826 = FACE_BOUND('',#827,.F.);
#827 = EDGE_LOOP('',(#828,#829,#830,#838));
#828 = ORIENTED_EDGE('',*,*,#804,.F.);
#829 = ORIENTED_EDGE('',*,*,#295,.F.);
#830 = ORIENTED_EDGE('',*,*,#831,.T.);
#831 = EDGE_CURVE('',#288,#832,#834,.T.);
#832 = VERTEX_POINT('',#833);
#833 = CARTESIAN_POINT('',(176.5,-1.6002,58.));
#834 = LINE('',#835,#836);
#835 = CARTESIAN_POINT('',(0.,-1.6002,58.));
#836 = VECTOR('',#837,1.);
#837 = DIRECTION('',(1.,0.,0.));
#838 = ORIENTED_EDGE('',*,*,#839,.T.);
#839 = EDGE_CURVE('',#832,#805,#840,.T.);
#840 = LINE('',#841,#842);
#841 = CARTESIAN_POINT('',(176.5,-1.6002,-1.3001));
#842 = VECTOR('',#843,1.);
#843 = DIRECTION('',(-0.,0.,-1.));
#844 = FACE_BOUND('',#845,.F.);
#845 = EDGE_LOOP('',(#846));
#846 = ORIENTED_EDGE('',*,*,#847,.F.);
#847 = EDGE_CURVE('',#848,#848,#850,.T.);
#848 = VERTEX_POINT('',#849);
#849 = CARTESIAN_POINT('',(22.,-1.6002,50.15));
#850 = CIRCLE('',#851,2.15);
#851 = AXIS2_PLACEMENT_3D('',#852,#853,#854);
#852 = CARTESIAN_POINT('',(22.,-1.6002,48.));
#853 = DIRECTION('',(0.,1.,0.));
#854 = DIRECTION('',(0.,-0.,1.));
#855 = FACE_BOUND('',#856,.F.);
#856 = EDGE_LOOP('',(#857));
#857 = ORIENTED_EDGE('',*,*,#858,.F.);
#858 = EDGE_CURVE('',#859,#859,#861,.T.);
#859 = VERTEX_POINT('',#860);
#860 = CARTESIAN_POINT('',(158.,-1.6002,50.15));
#861 = CIRCLE('',#862,2.15);
#862 = AXIS2_PLACEMENT_3D('',#863,#864,#865);
#863 = CARTESIAN_POINT('',(158.,-1.6002,48.));
#864 = DIRECTION('',(0.,1.,0.));
#865 = DIRECTION('',(0.,-0.,1.));
#866 = PLANE('',#867);
#867 = AXIS2_PLACEMENT_3D('',#868,#869,#870);
#868 = CARTESIAN_POINT('',(0.,-1.6002,0.));
#869 = DIRECTION('',(-0.,1.,0.));
#870 = DIRECTION('',(0.,0.,1.));
#871 = ADVANCED_FACE('',(#872),#890,.T.);
#872 = FACE_BOUND('',#873,.T.);
#873 = EDGE_LOOP('',(#874,#882,#888,#889));
#874 = ORIENTED_EDGE('',*,*,#875,.T.);
#875 = EDGE_CURVE('',#832,#876,#878,.T.);
#876 = VERTEX_POINT('',#877);
#877 = CARTESIAN_POINT('',(176.5,0.,58.));
#878 = LINE('',#879,#880);
#879 = CARTESIAN_POINT('',(176.5,-1.3001,58.));
#880 = VECTOR('',#881,1.);
#881 = DIRECTION('',(-0.,1.,0.));
#882 = ORIENTED_EDGE('',*,*,#883,.F.);
#883 = EDGE_CURVE('',#280,#876,#884,.T.);
#884 = LINE('',#885,#886);
#885 = CARTESIAN_POINT('',(0.,0.,58.));
#886 = VECTOR('',#887,1.);
#887 = DIRECTION('',(1.,0.,-0.));
#888 = ORIENTED_EDGE('',*,*,#287,.F.);
#889 = ORIENTED_EDGE('',*,*,#831,.T.);
#890 = PLANE('',#891);
#891 = AXIS2_PLACEMENT_3D('',#892,#893,#894);
#892 = CARTESIAN_POINT('',(0.,0.,58.));
#893 = DIRECTION('',(0.,0.,1.));
#894 = DIRECTION('',(1.,0.,-0.));
#895 = ADVANCED_FACE('',(#896,#914,#925),#936,.T.);
#896 = FACE_BOUND('',#897,.T.);
#897 = EDGE_LOOP('',(#898,#906,#912,#913));
#898 = ORIENTED_EDGE('',*,*,#899,.T.);
#899 = EDGE_CURVE('',#876,#900,#902,.T.);
#900 = VERTEX_POINT('',#901);
#901 = CARTESIAN_POINT('',(176.5,-1.110223024625E-16,0.889));
#902 = LINE('',#903,#904);
#903 = CARTESIAN_POINT('',(176.5,0.,-1.3001));
#904 = VECTOR('',#905,1.);
#905 = DIRECTION('',(-0.,0.,-1.));
#906 = ORIENTED_EDGE('',*,*,#907,.F.);
#907 = EDGE_CURVE('',#271,#900,#908,.T.);
#908 = LINE('',#909,#910);
#909 = CARTESIAN_POINT('',(0.,-1.110223024625E-16,0.889));
#910 = VECTOR('',#911,1.);
#911 = DIRECTION('',(1.,0.,-0.));
#912 = ORIENTED_EDGE('',*,*,#279,.F.);
#913 = ORIENTED_EDGE('',*,*,#883,.T.);
#914 = FACE_BOUND('',#915,.T.);
#915 = EDGE_LOOP('',(#916));
#916 = ORIENTED_EDGE('',*,*,#917,.F.);
#917 = EDGE_CURVE('',#918,#918,#920,.T.);
#918 = VERTEX_POINT('',#919);
#919 = CARTESIAN_POINT('',(22.,0.,50.15));
#920 = CIRCLE('',#921,2.15);
#921 = AXIS2_PLACEMENT_3D('',#922,#923,#924);
#922 = CARTESIAN_POINT('',(22.,0.,48.));
#923 = DIRECTION('',(0.,1.,0.));
#924 = DIRECTION('',(0.,-0.,1.));
#925 = FACE_BOUND('',#926,.T.);
#926 = EDGE_LOOP('',(#927));
#927 = ORIENTED_EDGE('',*,*,#928,.F.);
#928 = EDGE_CURVE('',#929,#929,#931,.T.);
#929 = VERTEX_POINT('',#930);
#930 = CARTESIAN_POINT('',(158.,0.,50.15));
#931 = CIRCLE('',#932,2.15);
#932 = AXIS2_PLACEMENT_3D('',#933,#934,#935);
#933 = CARTESIAN_POINT('',(158.,0.,48.));
#934 = DIRECTION('',(0.,1.,0.));
#935 = DIRECTION('',(0.,-0.,1.));
#936 = PLANE('',#937);
#937 = AXIS2_PLACEMENT_3D('',#938,#939,#940);
#938 = CARTESIAN_POINT('',(0.,0.,0.));
#939 = DIRECTION('',(-0.,1.,0.));
#940 = DIRECTION('',(0.,0.,1.));
#941 = ADVANCED_FACE('',(#942),#954,.F.);
#942 = FACE_BOUND('',#943,.F.);
#943 = EDGE_LOOP('',(#944,#945,#946,#947));
#944 = ORIENTED_EDGE('',*,*,#907,.F.);
#945 = ORIENTED_EDGE('',*,*,#270,.T.);
#946 = ORIENTED_EDGE('',*,*,#329,.T.);
#947 = ORIENTED_EDGE('',*,*,#948,.F.);
#948 = EDGE_CURVE('',#900,#330,#949,.T.);
#949 = CIRCLE('',#950,0.889);
#950 = AXIS2_PLACEMENT_3D('',#951,#952,#953);
#951 = CARTESIAN_POINT('',(176.5,0.889,0.889));
#952 = DIRECTION('',(1.,0.,0.));
#953 = DIRECTION('',(0.,-1.,0.));
#954 = CYLINDRICAL_SURFACE('',#955,0.889);
#955 = AXIS2_PLACEMENT_3D('',#956,#957,#958);
#956 = CARTESIAN_POINT('',(0.,0.889,0.889));
#957 = DIRECTION('',(1.,0.,-0.));
#958 = DIRECTION('',(0.,-1.,0.));
#959 = ADVANCED_FACE('',(#960),#979,.F.);
#960 = FACE_BOUND('',#961,.T.);
#961 = EDGE_LOOP('',(#962,#970,#971,#972));
#962 = ORIENTED_EDGE('',*,*,#963,.F.);
#963 = EDGE_CURVE('',#781,#964,#966,.T.);
#964 = VERTEX_POINT('',#965);
#965 = CARTESIAN_POINT('',(176.5,130.,0.889));
#966 = LINE('',#967,#968);
#967 = CARTESIAN_POINT('',(0.,130.,0.889));
#968 = VECTOR('',#969,1.);
#969 = DIRECTION('',(1.,0.,-0.));
#970 = ORIENTED_EDGE('',*,*,#788,.F.);
#971 = ORIENTED_EDGE('',*,*,#377,.T.);
#972 = ORIENTED_EDGE('',*,*,#973,.T.);
#973 = EDGE_CURVE('',#370,#964,#974,.T.);
#974 = CIRCLE('',#975,0.889);
#975 = AXIS2_PLACEMENT_3D('',#976,#977,#978);
#976 = CARTESIAN_POINT('',(176.5,129.111,0.889));
#977 = DIRECTION('',(1.,0.,-0.));
#978 = DIRECTION('',(0.,1.,0.));
#979 = CYLINDRICAL_SURFACE('',#980,0.889);
#980 = AXIS2_PLACEMENT_3D('',#981,#982,#983);
#981 = CARTESIAN_POINT('',(0.,129.111,0.889));
#982 = DIRECTION('',(1.,0.,-0.));
#983 = DIRECTION('',(0.,1.,0.));
#984 = ADVANCED_FACE('',(#985),#1000,.T.);
#985 = FACE_BOUND('',#986,.T.);
#986 = EDGE_LOOP('',(#987,#993,#994,#995,#996,#997,#998,#999));
#987 = ORIENTED_EDGE('',*,*,#988,.T.);
#988 = EDGE_CURVE('',#570,#338,#989,.T.);
#989 = LINE('',#990,#991);
#990 = CARTESIAN_POINT('',(176.5,3.5,-2.6002));
#991 = VECTOR('',#992,1.);
#992 = DIRECTION('',(0.,0.,1.));
#993 = ORIENTED_EDGE('',*,*,#337,.F.);
#994 = ORIENTED_EDGE('',*,*,#948,.F.);
#995 = ORIENTED_EDGE('',*,*,#899,.F.);
#996 = ORIENTED_EDGE('',*,*,#875,.F.);
#997 = ORIENTED_EDGE('',*,*,#839,.T.);
#998 = ORIENTED_EDGE('',*,*,#814,.T.);
#999 = ORIENTED_EDGE('',*,*,#569,.T.);
#1000 = PLANE('',#1001);
#1001 = AXIS2_PLACEMENT_3D('',#1002,#1003,#1004);
#1002 = CARTESIAN_POINT('',(176.5,-2.6002,-2.6002));
#1003 = DIRECTION('',(1.,0.,-0.));
#1004 = DIRECTION('',(0.,0.,1.));
#1005 = ADVANCED_FACE('',(#1006),#1048,.T.);
#1006 = FACE_BOUND('',#1007,.T.);
#1007 = EDGE_LOOP('',(#1008,#1014,#1015,#1024,#1032,#1040,#1046,#1047));
#1008 = ORIENTED_EDGE('',*,*,#1009,.F.);
#1009 = EDGE_CURVE('',#594,#362,#1010,.T.);
#1010 = LINE('',#1011,#1012);
#1011 = CARTESIAN_POINT('',(176.5,126.5,-2.6002));
#1012 = VECTOR('',#1013,1.);
#1013 = DIRECTION('',(0.,0.,1.));
#1014 = ORIENTED_EDGE('',*,*,#601,.T.);
#1015 = ORIENTED_EDGE('',*,*,#1016,.T.);
#1016 = EDGE_CURVE('',#602,#1017,#1019,.T.);
#1017 = VERTEX_POINT('',#1018);
#1018 = CARTESIAN_POINT('',(176.5,131.6002,0.889));
#1019 = CIRCLE('',#1020,2.4892);
#1020 = AXIS2_PLACEMENT_3D('',#1021,#1022,#1023);
#1021 = CARTESIAN_POINT('',(176.5,129.111,0.889));
#1022 = DIRECTION('',(1.,0.,-0.));
#1023 = DIRECTION('',(0.,1.,0.));
#1024 = ORIENTED_EDGE('',*,*,#1025,.F.);
#1025 = EDGE_CURVE('',#1026,#1017,#1028,.T.);
#1026 = VERTEX_POINT('',#1027);
#1027 = CARTESIAN_POINT('',(176.5,131.6002,58.));
#1028 = LINE('',#1029,#1030);
#1029 = CARTESIAN_POINT('',(176.5,131.6002,-1.3001));
#1030 = VECTOR('',#1031,1.);
#1031 = DIRECTION('',(-0.,0.,-1.));
#1032 = ORIENTED_EDGE('',*,*,#1033,.F.);
#1033 = EDGE_CURVE('',#1034,#1026,#1036,.T.);
#1034 = VERTEX_POINT('',#1035);
#1035 = CARTESIAN_POINT('',(176.5,130.,58.));
#1036 = LINE('',#1037,#1038);
#1037 = CARTESIAN_POINT('',(176.5,63.25,58.));
#1038 = VECTOR('',#1039,1.);
#1039 = DIRECTION('',(-0.,1.,0.));
#1040 = ORIENTED_EDGE('',*,*,#1041,.T.);
#1041 = EDGE_CURVE('',#1034,#964,#1042,.T.);
#1042 = LINE('',#1043,#1044);
#1043 = CARTESIAN_POINT('',(176.5,130.,-1.3001));
#1044 = VECTOR('',#1045,1.);
#1045 = DIRECTION('',(-0.,0.,-1.));
#1046 = ORIENTED_EDGE('',*,*,#973,.F.);
#1047 = ORIENTED_EDGE('',*,*,#369,.F.);
#1048 = PLANE('',#1049);
#1049 = AXIS2_PLACEMENT_3D('',#1050,#1051,#1052);
#1050 = CARTESIAN_POINT('',(176.5,126.5,-2.6002));
#1051 = DIRECTION('',(1.,0.,-0.));
#1052 = DIRECTION('',(0.,0.,1.));
#1053 = ADVANCED_FACE('',(#1054),#1099,.F.);
#1054 = FACE_BOUND('',#1055,.F.);
#1055 = EDGE_LOOP('',(#1056,#1057,#1058,#1059,#1068,#1076,#1084,#1092));
#1056 = ORIENTED_EDGE('',*,*,#577,.T.);
#1057 = ORIENTED_EDGE('',*,*,#988,.T.);
#1058 = ORIENTED_EDGE('',*,*,#345,.F.);
#1059 = ORIENTED_EDGE('',*,*,#1060,.F.);
#1060 = EDGE_CURVE('',#1061,#346,#1063,.T.);
#1061 = VERTEX_POINT('',#1062);
#1062 = CARTESIAN_POINT('',(180.,3.5,0.889));
#1063 = CIRCLE('',#1064,0.889);
#1064 = AXIS2_PLACEMENT_3D('',#1065,#1066,#1067);
#1065 = CARTESIAN_POINT('',(179.111,3.5,0.889));
#1066 = DIRECTION('',(0.,1.,0.));
#1067 = DIRECTION('',(1.,0.,-0.));
#1068 = ORIENTED_EDGE('',*,*,#1069,.T.);
#1069 = EDGE_CURVE('',#1061,#1070,#1072,.T.);
#1070 = VERTEX_POINT('',#1071);
#1071 = CARTESIAN_POINT('',(180.,3.5,58.));
#1072 = LINE('',#1073,#1074);
#1073 = CARTESIAN_POINT('',(180.,3.5,-1.3001));
#1074 = VECTOR('',#1075,1.);
#1075 = DIRECTION('',(0.,0.,1.));
#1076 = ORIENTED_EDGE('',*,*,#1077,.F.);
#1077 = EDGE_CURVE('',#1078,#1070,#1080,.T.);
#1078 = VERTEX_POINT('',#1079);
#1079 = CARTESIAN_POINT('',(181.6002,3.5,58.));
#1080 = LINE('',#1081,#1082);
#1081 = CARTESIAN_POINT('',(88.25,3.5,58.));
#1082 = VECTOR('',#1083,1.);
#1083 = DIRECTION('',(-1.,-0.,0.));
#1084 = ORIENTED_EDGE('',*,*,#1085,.F.);
#1085 = EDGE_CURVE('',#1086,#1078,#1088,.T.);
#1086 = VERTEX_POINT('',#1087);
#1087 = CARTESIAN_POINT('',(181.6002,3.5,0.889));
#1088 = LINE('',#1089,#1090);
#1089 = CARTESIAN_POINT('',(181.6002,3.5,-1.3001));
#1090 = VECTOR('',#1091,1.);
#1091 = DIRECTION('',(0.,0.,1.));
#1092 = ORIENTED_EDGE('',*,*,#1093,.T.);
#1093 = EDGE_CURVE('',#1086,#578,#1094,.T.);
#1094 = CIRCLE('',#1095,2.4892);
#1095 = AXIS2_PLACEMENT_3D('',#1096,#1097,#1098);
#1096 = CARTESIAN_POINT('',(179.111,3.5,0.889));
#1097 = DIRECTION('',(0.,1.,0.));
#1098 = DIRECTION('',(1.,0.,-0.));
#1099 = PLANE('',#1100);
#1100 = AXIS2_PLACEMENT_3D('',#1101,#1102,#1103);
#1101 = CARTESIAN_POINT('',(176.5,3.5,-2.6002));
#1102 = DIRECTION('',(-0.,1.,0.));
#1103 = DIRECTION('',(0.,0.,1.));
#1104 = ADVANCED_FACE('',(#1105),#1150,.T.);
#1105 = FACE_BOUND('',#1106,.T.);
#1106 = EDGE_LOOP('',(#1107,#1108,#1109,#1110,#1119,#1127,#1135,#1143));
#1107 = ORIENTED_EDGE('',*,*,#593,.T.);
#1108 = ORIENTED_EDGE('',*,*,#1009,.T.);
#1109 = ORIENTED_EDGE('',*,*,#361,.F.);
#1110 = ORIENTED_EDGE('',*,*,#1111,.F.);
#1111 = EDGE_CURVE('',#1112,#354,#1114,.T.);
#1112 = VERTEX_POINT('',#1113);
#1113 = CARTESIAN_POINT('',(180.,126.5,0.889));
#1114 = CIRCLE('',#1115,0.889);
#1115 = AXIS2_PLACEMENT_3D('',#1116,#1117,#1118);
#1116 = CARTESIAN_POINT('',(179.111,126.5,0.889));
#1117 = DIRECTION('',(0.,1.,0.));
#1118 = DIRECTION('',(1.,0.,-0.));
#1119 = ORIENTED_EDGE('',*,*,#1120,.T.);
#1120 = EDGE_CURVE('',#1112,#1121,#1123,.T.);
#1121 = VERTEX_POINT('',#1122);
#1122 = CARTESIAN_POINT('',(180.,126.5,58.));
#1123 = LINE('',#1124,#1125);
#1124 = CARTESIAN_POINT('',(180.,126.5,-1.3001));
#1125 = VECTOR('',#1126,1.);
#1126 = DIRECTION('',(0.,0.,1.));
#1127 = ORIENTED_EDGE('',*,*,#1128,.F.);
#1128 = EDGE_CURVE('',#1129,#1121,#1131,.T.);
#1129 = VERTEX_POINT('',#1130);
#1130 = CARTESIAN_POINT('',(181.6002,126.5,58.));
#1131 = LINE('',#1132,#1133);
#1132 = CARTESIAN_POINT('',(88.25,126.5,58.));
#1133 = VECTOR('',#1134,1.);
#1134 = DIRECTION('',(-1.,-0.,0.));
#1135 = ORIENTED_EDGE('',*,*,#1136,.F.);
#1136 = EDGE_CURVE('',#1137,#1129,#1139,.T.);
#1137 = VERTEX_POINT('',#1138);
#1138 = CARTESIAN_POINT('',(181.6002,126.5,0.889));
#1139 = LINE('',#1140,#1141);
#1140 = CARTESIAN_POINT('',(181.6002,126.5,-1.3001));
#1141 = VECTOR('',#1142,1.);
#1142 = DIRECTION('',(0.,0.,1.));
#1143 = ORIENTED_EDGE('',*,*,#1144,.T.);
#1144 = EDGE_CURVE('',#1137,#586,#1145,.T.);
#1145 = CIRCLE('',#1146,2.4892);
#1146 = AXIS2_PLACEMENT_3D('',#1147,#1148,#1149);
#1147 = CARTESIAN_POINT('',(179.111,126.5,0.889));
#1148 = DIRECTION('',(0.,1.,0.));
#1149 = DIRECTION('',(1.,0.,-0.));
#1150 = PLANE('',#1151);
#1151 = AXIS2_PLACEMENT_3D('',#1152,#1153,#1154);
#1152 = CARTESIAN_POINT('',(176.5,126.5,-2.6002));
#1153 = DIRECTION('',(-0.,1.,0.));
#1154 = DIRECTION('',(0.,0.,1.));
#1155 = ADVANCED_FACE('',(#1156),#1167,.F.);
#1156 = FACE_BOUND('',#1157,.F.);
#1157 = EDGE_LOOP('',(#1158,#1164,#1165,#1166));
#1158 = ORIENTED_EDGE('',*,*,#1159,.F.);
#1159 = EDGE_CURVE('',#1061,#1112,#1160,.T.);
#1160 = LINE('',#1161,#1162);
#1161 = CARTESIAN_POINT('',(180.,0.,0.889));
#1162 = VECTOR('',#1163,1.);
#1163 = DIRECTION('',(-0.,1.,0.));
#1164 = ORIENTED_EDGE('',*,*,#1060,.T.);
#1165 = ORIENTED_EDGE('',*,*,#353,.T.);
#1166 = ORIENTED_EDGE('',*,*,#1111,.F.);
#1167 = CYLINDRICAL_SURFACE('',#1168,0.889);
#1168 = AXIS2_PLACEMENT_3D('',#1169,#1170,#1171);
#1169 = CARTESIAN_POINT('',(179.111,0.,0.889));
#1170 = DIRECTION('',(-0.,1.,0.));
#1171 = DIRECTION('',(1.,0.,-0.));
#1172 = ADVANCED_FACE('',(#1173),#1184,.F.);
#1173 = FACE_BOUND('',#1174,.F.);
#1174 = EDGE_LOOP('',(#1175,#1176,#1182,#1183));
#1175 = ORIENTED_EDGE('',*,*,#394,.F.);
#1176 = ORIENTED_EDGE('',*,*,#1177,.F.);
#1177 = EDGE_CURVE('',#627,#395,#1178,.T.);
#1178 = LINE('',#1179,#1180);
#1179 = CARTESIAN_POINT('',(15.25,12.,-2.6002));
#1180 = VECTOR('',#1181,1.);
#1181 = DIRECTION('',(0.,0.,1.));
#1182 = ORIENTED_EDGE('',*,*,#626,.T.);
#1183 = ORIENTED_EDGE('',*,*,#1177,.T.);
#1184 = CYLINDRICAL_SURFACE('',#1185,3.25);
#1185 = AXIS2_PLACEMENT_3D('',#1186,#1187,#1188);
#1186 = CARTESIAN_POINT('',(12.,12.,-2.6002));
#1187 = DIRECTION('',(0.,0.,1.));
#1188 = DIRECTION('',(1.,0.,-0.));
#1189 = ADVANCED_FACE('',(#1190),#1201,.F.);
#1190 = FACE_BOUND('',#1191,.F.);
#1191 = EDGE_LOOP('',(#1192,#1193,#1199,#1200));
#1192 = ORIENTED_EDGE('',*,*,#405,.F.);
#1193 = ORIENTED_EDGE('',*,*,#1194,.F.);
#1194 = EDGE_CURVE('',#638,#406,#1195,.T.);
#1195 = LINE('',#1196,#1197);
#1196 = CARTESIAN_POINT('',(33.6,21.,-2.6002));
#1197 = VECTOR('',#1198,1.);
#1198 = DIRECTION('',(0.,0.,1.));
#1199 = ORIENTED_EDGE('',*,*,#637,.T.);
#1200 = ORIENTED_EDGE('',*,*,#1194,.T.);
#1201 = CYLINDRICAL_SURFACE('',#1202,1.6);
#1202 = AXIS2_PLACEMENT_3D('',#1203,#1204,#1205);
#1203 = CARTESIAN_POINT('',(32.,21.,-2.6002));
#1204 = DIRECTION('',(0.,0.,1.));
#1205 = DIRECTION('',(1.,0.,-0.));
#1206 = ADVANCED_FACE('',(#1207),#1218,.F.);
#1207 = FACE_BOUND('',#1208,.F.);
#1208 = EDGE_LOOP('',(#1209,#1210,#1216,#1217));
#1209 = ORIENTED_EDGE('',*,*,#416,.F.);
#1210 = ORIENTED_EDGE('',*,*,#1211,.F.);
#1211 = EDGE_CURVE('',#649,#417,#1212,.T.);
#1212 = LINE('',#1213,#1214);
#1213 = CARTESIAN_POINT('',(65.6,21.,-2.6002));
#1214 = VECTOR('',#1215,1.);
#1215 = DIRECTION('',(0.,0.,1.));
#1216 = ORIENTED_EDGE('',*,*,#648,.T.);
#1217 = ORIENTED_EDGE('',*,*,#1211,.T.);
#1218 = CYLINDRICAL_SURFACE('',#1219,1.6);
#1219 = AXIS2_PLACEMENT_3D('',#1220,#1221,#1222);
#1220 = CARTESIAN_POINT('',(64.,21.,-2.6002));
#1221 = DIRECTION('',(0.,0.,1.));
#1222 = DIRECTION('',(1.,0.,-0.));
#1223 = ADVANCED_FACE('',(#1224),#1235,.F.);
#1224 = FACE_BOUND('',#1225,.F.);
#1225 = EDGE_LOOP('',(#1226,#1227,#1233,#1234));
#1226 = ORIENTED_EDGE('',*,*,#427,.F.);
#1227 = ORIENTED_EDGE('',*,*,#1228,.F.);
#1228 = EDGE_CURVE('',#660,#428,#1229,.T.);
#1229 = LINE('',#1230,#1231);
#1230 = CARTESIAN_POINT('',(33.6,43.,-2.6002));
#1231 = VECTOR('',#1232,1.);
#1232 = DIRECTION('',(0.,0.,1.));
#1233 = ORIENTED_EDGE('',*,*,#659,.T.);
#1234 = ORIENTED_EDGE('',*,*,#1228,.T.);
#1235 = CYLINDRICAL_SURFACE('',#1236,1.6);
#1236 = AXIS2_PLACEMENT_3D('',#1237,#1238,#1239);
#1237 = CARTESIAN_POINT('',(32.,43.,-2.6002));
#1238 = DIRECTION('',(0.,0.,1.));
#1239 = DIRECTION('',(1.,0.,-0.));
#1240 = ADVANCED_FACE('',(#1241),#1252,.F.);
#1241 = FACE_BOUND('',#1242,.F.);
#1242 = EDGE_LOOP('',(#1243,#1244,#1250,#1251));
#1243 = ORIENTED_EDGE('',*,*,#438,.F.);
#1244 = ORIENTED_EDGE('',*,*,#1245,.F.);
#1245 = EDGE_CURVE('',#671,#439,#1246,.T.);
#1246 = LINE('',#1247,#1248);
#1247 = CARTESIAN_POINT('',(65.6,43.,-2.6002));
#1248 = VECTOR('',#1249,1.);
#1249 = DIRECTION('',(0.,0.,1.));
#1250 = ORIENTED_EDGE('',*,*,#670,.T.);
#1251 = ORIENTED_EDGE('',*,*,#1245,.T.);
#1252 = CYLINDRICAL_SURFACE('',#1253,1.6);
#1253 = AXIS2_PLACEMENT_3D('',#1254,#1255,#1256);
#1254 = CARTESIAN_POINT('',(64.,43.,-2.6002));
#1255 = DIRECTION('',(0.,0.,1.));
#1256 = DIRECTION('',(1.,0.,-0.));
#1257 = ADVANCED_FACE('',(#1258),#1269,.F.);
#1258 = FACE_BOUND('',#1259,.F.);
#1259 = EDGE_LOOP('',(#1260,#1261,#1267,#1268));
#1260 = ORIENTED_EDGE('',*,*,#449,.F.);
#1261 = ORIENTED_EDGE('',*,*,#1262,.F.);
#1262 = EDGE_CURVE('',#682,#450,#1263,.T.);
#1263 = LINE('',#1264,#1265);
#1264 = CARTESIAN_POINT('',(171.25,12.,-2.6002));
#1265 = VECTOR('',#1266,1.);
#1266 = DIRECTION('',(0.,0.,1.));
#1267 = ORIENTED_EDGE('',*,*,#681,.T.);
#1268 = ORIENTED_EDGE('',*,*,#1262,.T.);
#1269 = CYLINDRICAL_SURFACE('',#1270,3.25);
#1270 = AXIS2_PLACEMENT_3D('',#1271,#1272,#1273);
#1271 = CARTESIAN_POINT('',(168.,12.,-2.6002));
#1272 = DIRECTION('',(0.,0.,1.));
#1273 = DIRECTION('',(1.,0.,-0.));
#1274 = ADVANCED_FACE('',(#1275),#1286,.F.);
#1275 = FACE_BOUND('',#1276,.F.);
#1276 = EDGE_LOOP('',(#1277,#1278,#1284,#1285));
#1277 = ORIENTED_EDGE('',*,*,#460,.F.);
#1278 = ORIENTED_EDGE('',*,*,#1279,.F.);
#1279 = EDGE_CURVE('',#693,#461,#1280,.T.);
#1280 = LINE('',#1281,#1282);
#1281 = CARTESIAN_POINT('',(72.47,82.,-2.6002));
#1282 = VECTOR('',#1283,1.);
#1283 = DIRECTION('',(0.,0.,1.));
#1284 = ORIENTED_EDGE('',*,*,#692,.T.);
#1285 = ORIENTED_EDGE('',*,*,#1279,.T.);
#1286 = CYLINDRICAL_SURFACE('',#1287,2.25);
#1287 = AXIS2_PLACEMENT_3D('',#1288,#1289,#1290);
#1288 = CARTESIAN_POINT('',(70.22,82.,-2.6002));
#1289 = DIRECTION('',(0.,0.,1.));
#1290 = DIRECTION('',(1.,0.,-0.));
#1291 = ADVANCED_FACE('',(#1292),#1303,.F.);
#1292 = FACE_BOUND('',#1293,.F.);
#1293 = EDGE_LOOP('',(#1294,#1295,#1301,#1302));
#1294 = ORIENTED_EDGE('',*,*,#471,.F.);
#1295 = ORIENTED_EDGE('',*,*,#1296,.F.);
#1296 = EDGE_CURVE('',#704,#472,#1297,.T.);
#1297 = LINE('',#1298,#1299);
#1298 = CARTESIAN_POINT('',(21.3,108.,-2.6002));
#1299 = VECTOR('',#1300,1.);
#1300 = DIRECTION('',(0.,0.,1.));
#1301 = ORIENTED_EDGE('',*,*,#703,.T.);
#1302 = ORIENTED_EDGE('',*,*,#1296,.T.);
#1303 = CYLINDRICAL_SURFACE('',#1304,3.3);
#1304 = AXIS2_PLACEMENT_3D('',#1305,#1306,#1307);
#1305 = CARTESIAN_POINT('',(18.,108.,-2.6002));
#1306 = DIRECTION('',(0.,0.,1.));
#1307 = DIRECTION('',(1.,0.,-0.));
#1308 = ADVANCED_FACE('',(#1309),#1320,.F.);
#1309 = FACE_BOUND('',#1310,.F.);
#1310 = EDGE_LOOP('',(#1311,#1312,#1318,#1319));
#1311 = ORIENTED_EDGE('',*,*,#482,.F.);
#1312 = ORIENTED_EDGE('',*,*,#1313,.F.);
#1313 = EDGE_CURVE('',#715,#483,#1314,.T.);
#1314 = LINE('',#1315,#1316);
#1315 = CARTESIAN_POINT('',(15.25,118.,-2.6002));
#1316 = VECTOR('',#1317,1.);
#1317 = DIRECTION('',(0.,0.,1.));
#1318 = ORIENTED_EDGE('',*,*,#714,.T.);
#1319 = ORIENTED_EDGE('',*,*,#1313,.T.);
#1320 = CYLINDRICAL_SURFACE('',#1321,3.25);
#1321 = AXIS2_PLACEMENT_3D('',#1322,#1323,#1324);
#1322 = CARTESIAN_POINT('',(12.,118.,-2.6002));
#1323 = DIRECTION('',(0.,0.,1.));
#1324 = DIRECTION('',(1.,0.,-0.));
#1325 = ADVANCED_FACE('',(#1326),#1337,.F.);
#1326 = FACE_BOUND('',#1327,.F.);
#1327 = EDGE_LOOP('',(#1328,#1329,#1335,#1336));
#1328 = ORIENTED_EDGE('',*,*,#493,.F.);
#1329 = ORIENTED_EDGE('',*,*,#1330,.F.);
#1330 = EDGE_CURVE('',#726,#494,#1331,.T.);
#1331 = LINE('',#1332,#1333);
#1332 = CARTESIAN_POINT('',(132.03,82.,-2.6002));
#1333 = VECTOR('',#1334,1.);
#1334 = DIRECTION('',(0.,0.,1.));
#1335 = ORIENTED_EDGE('',*,*,#725,.T.);
#1336 = ORIENTED_EDGE('',*,*,#1330,.T.);
#1337 = CYLINDRICAL_SURFACE('',#1338,2.25);
#1338 = AXIS2_PLACEMENT_3D('',#1339,#1340,#1341);
#1339 = CARTESIAN_POINT('',(129.78,82.,-2.6002));
#1340 = DIRECTION('',(0.,0.,1.));
#1341 = DIRECTION('',(1.,0.,-0.));
#1342 = ADVANCED_FACE('',(#1343),#1354,.F.);
#1343 = FACE_BOUND('',#1344,.F.);
#1344 = EDGE_LOOP('',(#1345,#1346,#1352,#1353));
#1345 = ORIENTED_EDGE('',*,*,#504,.F.);
#1346 = ORIENTED_EDGE('',*,*,#1347,.F.);
#1347 = EDGE_CURVE('',#737,#505,#1348,.T.);
#1348 = LINE('',#1349,#1350);
#1349 = CARTESIAN_POINT('',(171.25,118.,-2.6002));
#1350 = VECTOR('',#1351,1.);
#1351 = DIRECTION('',(0.,0.,1.));
#1352 = ORIENTED_EDGE('',*,*,#736,.T.);
#1353 = ORIENTED_EDGE('',*,*,#1347,.T.);
#1354 = CYLINDRICAL_SURFACE('',#1355,3.25);
#1355 = AXIS2_PLACEMENT_3D('',#1356,#1357,#1358);
#1356 = CARTESIAN_POINT('',(168.,118.,-2.6002));
#1357 = DIRECTION('',(0.,0.,1.));
#1358 = DIRECTION('',(1.,0.,-0.));
#1359 = ADVANCED_FACE('',(#1360),#1371,.T.);
#1360 = FACE_BOUND('',#1361,.F.);
#1361 = EDGE_LOOP('',(#1362,#1368,#1369,#1370));
#1362 = ORIENTED_EDGE('',*,*,#1363,.F.);
#1363 = EDGE_CURVE('',#756,#1017,#1364,.T.);
#1364 = LINE('',#1365,#1366);
#1365 = CARTESIAN_POINT('',(0.,131.6002,0.889));
#1366 = VECTOR('',#1367,1.);
#1367 = DIRECTION('',(1.,0.,-0.));
#1368 = ORIENTED_EDGE('',*,*,#755,.F.);
#1369 = ORIENTED_EDGE('',*,*,#609,.T.);
#1370 = ORIENTED_EDGE('',*,*,#1016,.T.);
#1371 = CYLINDRICAL_SURFACE('',#1372,2.4892);
#1372 = AXIS2_PLACEMENT_3D('',#1373,#1374,#1375);
#1373 = CARTESIAN_POINT('',(0.,129.111,0.889));
#1374 = DIRECTION('',(1.,0.,-0.));
#1375 = DIRECTION('',(0.,1.,0.));
#1376 = ADVANCED_FACE('',(#1377),#1388,.T.);
#1377 = FACE_BOUND('',#1378,.T.);
#1378 = EDGE_LOOP('',(#1379,#1385,#1386,#1387));
#1379 = ORIENTED_EDGE('',*,*,#1380,.F.);
#1380 = EDGE_CURVE('',#1086,#1137,#1381,.T.);
#1381 = LINE('',#1382,#1383);
#1382 = CARTESIAN_POINT('',(181.6002,0.,0.889));
#1383 = VECTOR('',#1384,1.);
#1384 = DIRECTION('',(-0.,1.,0.));
#1385 = ORIENTED_EDGE('',*,*,#1093,.T.);
#1386 = ORIENTED_EDGE('',*,*,#585,.T.);
#1387 = ORIENTED_EDGE('',*,*,#1144,.F.);
#1388 = CYLINDRICAL_SURFACE('',#1389,2.4892);
#1389 = AXIS2_PLACEMENT_3D('',#1390,#1391,#1392);
#1390 = CARTESIAN_POINT('',(179.111,0.,0.889));
#1391 = DIRECTION('',(-0.,1.,0.));
#1392 = DIRECTION('',(1.,0.,-0.));
#1393 = ADVANCED_FACE('',(#1394,#1405,#1416),#1427,.F.);
#1394 = FACE_BOUND('',#1395,.F.);
#1395 = EDGE_LOOP('',(#1396,#1397,#1398,#1399));
#1396 = ORIENTED_EDGE('',*,*,#1041,.T.);
#1397 = ORIENTED_EDGE('',*,*,#963,.F.);
#1398 = ORIENTED_EDGE('',*,*,#780,.F.);
#1399 = ORIENTED_EDGE('',*,*,#1400,.T.);
#1400 = EDGE_CURVE('',#773,#1034,#1401,.T.);
#1401 = LINE('',#1402,#1403);
#1402 = CARTESIAN_POINT('',(0.,130.,58.));
#1403 = VECTOR('',#1404,1.);
#1404 = DIRECTION('',(1.,0.,-0.));
#1405 = FACE_BOUND('',#1406,.F.);
#1406 = EDGE_LOOP('',(#1407));
#1407 = ORIENTED_EDGE('',*,*,#1408,.F.);
#1408 = EDGE_CURVE('',#1409,#1409,#1411,.T.);
#1409 = VERTEX_POINT('',#1410);
#1410 = CARTESIAN_POINT('',(22.,130.,50.15));
#1411 = CIRCLE('',#1412,2.15);
#1412 = AXIS2_PLACEMENT_3D('',#1413,#1414,#1415);
#1413 = CARTESIAN_POINT('',(22.,130.,48.));
#1414 = DIRECTION('',(0.,1.,0.));
#1415 = DIRECTION('',(0.,-0.,1.));
#1416 = FACE_BOUND('',#1417,.F.);
#1417 = EDGE_LOOP('',(#1418));
#1418 = ORIENTED_EDGE('',*,*,#1419,.F.);
#1419 = EDGE_CURVE('',#1420,#1420,#1422,.T.);
#1420 = VERTEX_POINT('',#1421);
#1421 = CARTESIAN_POINT('',(158.,130.,50.15));
#1422 = CIRCLE('',#1423,2.15);
#1423 = AXIS2_PLACEMENT_3D('',#1424,#1425,#1426);
#1424 = CARTESIAN_POINT('',(158.,130.,48.));
#1425 = DIRECTION('',(0.,1.,0.));
#1426 = DIRECTION('',(0.,-0.,1.));
#1427 = PLANE('',#1428);
#1428 = AXIS2_PLACEMENT_3D('',#1429,#1430,#1431);
#1429 = CARTESIAN_POINT('',(0.,130.,0.));
#1430 = DIRECTION('',(-0.,1.,0.));
#1431 = DIRECTION('',(0.,0.,1.));
#1432 = ADVANCED_FACE('',(#1433),#1444,.T.);
#1433 = FACE_BOUND('',#1434,.T.);
#1434 = EDGE_LOOP('',(#1435,#1436,#1437,#1438));
#1435 = ORIENTED_EDGE('',*,*,#772,.F.);
#1436 = ORIENTED_EDGE('',*,*,#1400,.T.);
#1437 = ORIENTED_EDGE('',*,*,#1033,.T.);
#1438 = ORIENTED_EDGE('',*,*,#1439,.F.);
#1439 = EDGE_CURVE('',#765,#1026,#1440,.T.);
#1440 = LINE('',#1441,#1442);
#1441 = CARTESIAN_POINT('',(0.,131.6002,58.));
#1442 = VECTOR('',#1443,1.);
#1443 = DIRECTION('',(1.,0.,0.));
#1444 = PLANE('',#1445);
#1445 = AXIS2_PLACEMENT_3D('',#1446,#1447,#1448);
#1446 = CARTESIAN_POINT('',(0.,0.,58.));
#1447 = DIRECTION('',(0.,0.,1.));
#1448 = DIRECTION('',(1.,0.,-0.));
#1449 = ADVANCED_FACE('',(#1450,#1456,#1467),#1478,.T.);
#1450 = FACE_BOUND('',#1451,.T.);
#1451 = EDGE_LOOP('',(#1452,#1453,#1454,#1455));
#1452 = ORIENTED_EDGE('',*,*,#1025,.T.);
#1453 = ORIENTED_EDGE('',*,*,#1363,.F.);
#1454 = ORIENTED_EDGE('',*,*,#764,.F.);
#1455 = ORIENTED_EDGE('',*,*,#1439,.T.);
#1456 = FACE_BOUND('',#1457,.T.);
#1457 = EDGE_LOOP('',(#1458));
#1458 = ORIENTED_EDGE('',*,*,#1459,.F.);
#1459 = EDGE_CURVE('',#1460,#1460,#1462,.T.);
#1460 = VERTEX_POINT('',#1461);
#1461 = CARTESIAN_POINT('',(22.,131.6002,50.15));
#1462 = CIRCLE('',#1463,2.15);
#1463 = AXIS2_PLACEMENT_3D('',#1464,#1465,#1466);
#1464 = CARTESIAN_POINT('',(22.,131.6002,48.));
#1465 = DIRECTION('',(0.,1.,0.));
#1466 = DIRECTION('',(0.,-0.,1.));
#1467 = FACE_BOUND('',#1468,.T.);
#1468 = EDGE_LOOP('',(#1469));
#1469 = ORIENTED_EDGE('',*,*,#1470,.F.);
#1470 = EDGE_CURVE('',#1471,#1471,#1473,.T.);
#1471 = VERTEX_POINT('',#1472);
#1472 = CARTESIAN_POINT('',(158.,131.6002,50.15));
#1473 = CIRCLE('',#1474,2.15);
#1474 = AXIS2_PLACEMENT_3D('',#1475,#1476,#1477);
#1475 = CARTESIAN_POINT('',(158.,131.6002,48.));
#1476 = DIRECTION('',(0.,1.,0.));
#1477 = DIRECTION('',(0.,-0.,1.));
#1478 = PLANE('',#1479);
#1479 = AXIS2_PLACEMENT_3D('',#1480,#1481,#1482);
#1480 = CARTESIAN_POINT('',(0.,131.6002,0.));
#1481 = DIRECTION('',(-0.,1.,0.));
#1482 = DIRECTION('',(0.,0.,1.));
#1483 = ADVANCED_FACE('',(#1484),#1495,.F.);
#1484 = FACE_BOUND('',#1485,.F.);
#1485 = EDGE_LOOP('',(#1486,#1487,#1493,#1494));
#1486 = ORIENTED_EDGE('',*,*,#917,.F.);
#1487 = ORIENTED_EDGE('',*,*,#1488,.F.);
#1488 = EDGE_CURVE('',#848,#918,#1489,.T.);
#1489 = LINE('',#1490,#1491);
#1490 = CARTESIAN_POINT('',(22.,-6.,50.15));
#1491 = VECTOR('',#1492,1.);
#1492 = DIRECTION('',(0.,1.,0.));
#1493 = ORIENTED_EDGE('',*,*,#847,.T.);
#1494 = ORIENTED_EDGE('',*,*,#1488,.T.);
#1495 = CYLINDRICAL_SURFACE('',#1496,2.15);
#1496 = AXIS2_PLACEMENT_3D('',#1497,#1498,#1499);
#1497 = CARTESIAN_POINT('',(22.,-6.,48.));
#1498 = DIRECTION('',(0.,1.,0.));
#1499 = DIRECTION('',(0.,-0.,1.));
#1500 = ADVANCED_FACE('',(#1501),#1512,.F.);
#1501 = FACE_BOUND('',#1502,.F.);
#1502 = EDGE_LOOP('',(#1503,#1504,#1510,#1511));
#1503 = ORIENTED_EDGE('',*,*,#928,.F.);
#1504 = ORIENTED_EDGE('',*,*,#1505,.F.);
#1505 = EDGE_CURVE('',#859,#929,#1506,.T.);
#1506 = LINE('',#1507,#1508);
#1507 = CARTESIAN_POINT('',(158.,-6.,50.15));
#1508 = VECTOR('',#1509,1.);
#1509 = DIRECTION('',(0.,1.,0.));
#1510 = ORIENTED_EDGE('',*,*,#858,.T.);
#1511 = ORIENTED_EDGE('',*,*,#1505,.T.);
#1512 = CYLINDRICAL_SURFACE('',#1513,2.15);
#1513 = AXIS2_PLACEMENT_3D('',#1514,#1515,#1516);
#1514 = CARTESIAN_POINT('',(158.,-6.,48.));
#1515 = DIRECTION('',(0.,1.,0.));
#1516 = DIRECTION('',(0.,-0.,1.));
#1517 = ADVANCED_FACE('',(#1518,#1529,#1540),#1551,.T.);
#1518 = FACE_BOUND('',#1519,.T.);
#1519 = EDGE_LOOP('',(#1520,#1521,#1522,#1523));
#1520 = ORIENTED_EDGE('',*,*,#1085,.F.);
#1521 = ORIENTED_EDGE('',*,*,#1380,.T.);
#1522 = ORIENTED_EDGE('',*,*,#1136,.T.);
#1523 = ORIENTED_EDGE('',*,*,#1524,.F.);
#1524 = EDGE_CURVE('',#1078,#1129,#1525,.T.);
#1525 = LINE('',#1526,#1527);
#1526 = CARTESIAN_POINT('',(181.6002,0.,58.));
#1527 = VECTOR('',#1528,1.);
#1528 = DIRECTION('',(0.,1.,0.));
#1529 = FACE_BOUND('',#1530,.T.);
#1530 = EDGE_LOOP('',(#1531));
#1531 = ORIENTED_EDGE('',*,*,#1532,.F.);
#1532 = EDGE_CURVE('',#1533,#1533,#1535,.T.);
#1533 = VERTEX_POINT('',#1534);
#1534 = CARTESIAN_POINT('',(181.6002,98.,39.3));
#1535 = CIRCLE('',#1536,9.3);
#1536 = AXIS2_PLACEMENT_3D('',#1537,#1538,#1539);
#1537 = CARTESIAN_POINT('',(181.6002,98.,30.));
#1538 = DIRECTION('',(1.,0.,0.));
#1539 = DIRECTION('',(-0.,0.,1.));
#1540 = FACE_BOUND('',#1541,.T.);
#1541 = EDGE_LOOP('',(#1542));
#1542 = ORIENTED_EDGE('',*,*,#1543,.F.);
#1543 = EDGE_CURVE('',#1544,#1544,#1546,.T.);
#1544 = VERTEX_POINT('',#1545);
#1545 = CARTESIAN_POINT('',(181.6002,40.,41.25));
#1546 = CIRCLE('',#1547,11.25);
#1547 = AXIS2_PLACEMENT_3D('',#1548,#1549,#1550);
#1548 = CARTESIAN_POINT('',(181.6002,40.,30.));
#1549 = DIRECTION('',(1.,0.,0.));
#1550 = DIRECTION('',(-0.,0.,1.));
#1551 = PLANE('',#1552);
#1552 = AXIS2_PLACEMENT_3D('',#1553,#1554,#1555);
#1553 = CARTESIAN_POINT('',(181.6002,0.,0.));
#1554 = DIRECTION('',(1.,0.,-0.));
#1555 = DIRECTION('',(0.,0.,1.));
#1556 = ADVANCED_FACE('',(#1557),#1568,.T.);
#1557 = FACE_BOUND('',#1558,.T.);
#1558 = EDGE_LOOP('',(#1559,#1560,#1566,#1567));
#1559 = ORIENTED_EDGE('',*,*,#1128,.T.);
#1560 = ORIENTED_EDGE('',*,*,#1561,.F.);
#1561 = EDGE_CURVE('',#1070,#1121,#1562,.T.);
#1562 = LINE('',#1563,#1564);
#1563 = CARTESIAN_POINT('',(180.,0.,58.));
#1564 = VECTOR('',#1565,1.);
#1565 = DIRECTION('',(-0.,1.,0.));
#1566 = ORIENTED_EDGE('',*,*,#1077,.F.);
#1567 = ORIENTED_EDGE('',*,*,#1524,.T.);
#1568 = PLANE('',#1569);
#1569 = AXIS2_PLACEMENT_3D('',#1570,#1571,#1572);
#1570 = CARTESIAN_POINT('',(0.,0.,58.));
#1571 = DIRECTION('',(0.,0.,1.));
#1572 = DIRECTION('',(1.,0.,-0.));
#1573 = ADVANCED_FACE('',(#1574,#1580,#1591),#1602,.F.);
#1574 = FACE_BOUND('',#1575,.F.);
#1575 = EDGE_LOOP('',(#1576,#1577,#1578,#1579));
#1576 = ORIENTED_EDGE('',*,*,#1069,.F.);
#1577 = ORIENTED_EDGE('',*,*,#1159,.T.);
#1578 = ORIENTED_EDGE('',*,*,#1120,.T.);
#1579 = ORIENTED_EDGE('',*,*,#1561,.F.);
#1580 = FACE_BOUND('',#1581,.F.);
#1581 = EDGE_LOOP('',(#1582));
#1582 = ORIENTED_EDGE('',*,*,#1583,.F.);
#1583 = EDGE_CURVE('',#1584,#1584,#1586,.T.);
#1584 = VERTEX_POINT('',#1585);
#1585 = CARTESIAN_POINT('',(180.,98.,39.3));
#1586 = CIRCLE('',#1587,9.3);
#1587 = AXIS2_PLACEMENT_3D('',#1588,#1589,#1590);
#1588 = CARTESIAN_POINT('',(180.,98.,30.));
#1589 = DIRECTION('',(1.,0.,0.));
#1590 = DIRECTION('',(-0.,0.,1.));
#1591 = FACE_BOUND('',#1592,.F.);
#1592 = EDGE_LOOP('',(#1593));
#1593 = ORIENTED_EDGE('',*,*,#1594,.F.);
#1594 = EDGE_CURVE('',#1595,#1595,#1597,.T.);
#1595 = VERTEX_POINT('',#1596);
#1596 = CARTESIAN_POINT('',(180.,40.,41.25));
#1597 = CIRCLE('',#1598,11.25);
#1598 = AXIS2_PLACEMENT_3D('',#1599,#1600,#1601);
#1599 = CARTESIAN_POINT('',(180.,40.,30.));
#1600 = DIRECTION('',(1.,0.,0.));
#1601 = DIRECTION('',(-0.,0.,1.));
#1602 = PLANE('',#1603);
#1603 = AXIS2_PLACEMENT_3D('',#1604,#1605,#1606);
#1604 = CARTESIAN_POINT('',(180.,0.,0.));
#1605 = DIRECTION('',(1.,0.,-0.));
#1606 = DIRECTION('',(0.,0.,1.));
#1607 = ADVANCED_FACE('',(#1608),#1619,.F.);
#1608 = FACE_BOUND('',#1609,.F.);
#1609 = EDGE_LOOP('',(#1610,#1611,#1617,#1618));
#1610 = ORIENTED_EDGE('',*,*,#1459,.F.);
#1611 = ORIENTED_EDGE('',*,*,#1612,.F.);
#1612 = EDGE_CURVE('',#1409,#1460,#1613,.T.);
#1613 = LINE('',#1614,#1615);
#1614 = CARTESIAN_POINT('',(22.,124.,50.15));
#1615 = VECTOR('',#1616,1.);
#1616 = DIRECTION('',(0.,1.,0.));
#1617 = ORIENTED_EDGE('',*,*,#1408,.T.);
#1618 = ORIENTED_EDGE('',*,*,#1612,.T.);
#1619 = CYLINDRICAL_SURFACE('',#1620,2.15);
#1620 = AXIS2_PLACEMENT_3D('',#1621,#1622,#1623);
#1621 = CARTESIAN_POINT('',(22.,124.,48.));
#1622 = DIRECTION('',(0.,1.,0.));
#1623 = DIRECTION('',(0.,-0.,1.));
#1624 = ADVANCED_FACE('',(#1625),#1636,.F.);
#1625 = FACE_BOUND('',#1626,.F.);
#1626 = EDGE_LOOP('',(#1627,#1628,#1634,#1635));
#1627 = ORIENTED_EDGE('',*,*,#1470,.F.);
#1628 = ORIENTED_EDGE('',*,*,#1629,.F.);
#1629 = EDGE_CURVE('',#1420,#1471,#1630,.T.);
#1630 = LINE('',#1631,#1632);
#1631 = CARTESIAN_POINT('',(158.,124.,50.15));
#1632 = VECTOR('',#1633,1.);
#1633 = DIRECTION('',(0.,1.,0.));
#1634 = ORIENTED_EDGE('',*,*,#1419,.T.);
#1635 = ORIENTED_EDGE('',*,*,#1629,.T.);
#1636 = CYLINDRICAL_SURFACE('',#1637,2.15);
#1637 = AXIS2_PLACEMENT_3D('',#1638,#1639,#1640);
#1638 = CARTESIAN_POINT('',(158.,124.,48.));
#1639 = DIRECTION('',(0.,1.,0.));
#1640 = DIRECTION('',(0.,-0.,1.));
#1641 = ADVANCED_FACE('',(#1642),#1653,.F.);
#1642 = FACE_BOUND('',#1643,.F.);
#1643 = EDGE_LOOP('',(#1644,#1645,#1651,#1652));
#1644 = ORIENTED_EDGE('',*,*,#1532,.F.);
#1645 = ORIENTED_EDGE('',*,*,#1646,.F.);
#1646 = EDGE_CURVE('',#1584,#1533,#1647,.T.);
#1647 = LINE('',#1648,#1649);
#1648 = CARTESIAN_POINT('',(176.,98.,39.3));
#1649 = VECTOR('',#1650,1.);
#1650 = DIRECTION('',(1.,0.,0.));
#1651 = ORIENTED_EDGE('',*,*,#1583,.T.);
#1652 = ORIENTED_EDGE('',*,*,#1646,.T.);
#1653 = CYLINDRICAL_SURFACE('',#1654,9.3);
#1654 = AXIS2_PLACEMENT_3D('',#1655,#1656,#1657);
#1655 = CARTESIAN_POINT('',(176.,98.,30.));
#1656 = DIRECTION('',(1.,0.,0.));
#1657 = DIRECTION('',(-0.,0.,1.));
#1658 = ADVANCED_FACE('',(#1659),#1670,.F.);
#1659 = FACE_BOUND('',#1660,.F.);
#1660 = EDGE_LOOP('',(#1661,#1662,#1668,#1669));
#1661 = ORIENTED_EDGE('',*,*,#1543,.F.);
#1662 = ORIENTED_EDGE('',*,*,#1663,.F.);
#1663 = EDGE_CURVE('',#1595,#1544,#1664,.T.);
#1664 = LINE('',#1665,#1666);
#1665 = CARTESIAN_POINT('',(176.,40.,41.25));
#1666 = VECTOR('',#1667,1.);
#1667 = DIRECTION('',(1.,0.,0.));
#1668 = ORIENTED_EDGE('',*,*,#1594,.T.);
#1669 = ORIENTED_EDGE('',*,*,#1663,.T.);
#1670 = CYLINDRICAL_SURFACE('',#1671,11.25);
#1671 = AXIS2_PLACEMENT_3D('',#1672,#1673,#1674);
#1672 = CARTESIAN_POINT('',(176.,40.,30.));
#1673 = DIRECTION('',(1.,0.,0.));
#1674 = DIRECTION('',(-0.,0.,1.));
#1675 = MANIFOLD_SOLID_BREP('',#1676);
#1676 = CLOSED_SHELL('',(#1677,#1717,#1782,#1806,#1864,#1881,#1946,#2020
    ,#2037,#2054,#2128,#2179,#2204,#2250,#2274,#2320,#2338,#2363,#2411,
    #2462,#2487,#2535,#2551,#2568,#2585,#2624,#2641,#2675,#2692,#2709,
    #2726,#2743,#2755,#2772));
#1677 = ADVANCED_FACE('',(#1678),#1712,.T.);
#1678 = FACE_BOUND('',#1679,.T.);
#1679 = EDGE_LOOP('',(#1680,#1690,#1698,#1706));
#1680 = ORIENTED_EDGE('',*,*,#1681,.F.);
#1681 = EDGE_CURVE('',#1682,#1684,#1686,.T.);
#1682 = VERTEX_POINT('',#1683);
#1683 = CARTESIAN_POINT('',(-2.1002,128.6002,85.511));
#1684 = VERTEX_POINT('',#1685);
#1685 = CARTESIAN_POINT('',(-2.1002,128.6002,68.4));
#1686 = LINE('',#1687,#1688);
#1687 = CARTESIAN_POINT('',(-2.1002,128.6002,87.7001));
#1688 = VECTOR('',#1689,1.);
#1689 = DIRECTION('',(0.,-1.224646799147E-16,-1.));
#1690 = ORIENTED_EDGE('',*,*,#1691,.T.);
#1691 = EDGE_CURVE('',#1682,#1692,#1694,.T.);
#1692 = VERTEX_POINT('',#1693);
#1693 = CARTESIAN_POINT('',(-2.1002,1.3998,85.511));
#1694 = LINE('',#1695,#1696);
#1695 = CARTESIAN_POINT('',(-2.1002,132.1002,85.511));
#1696 = VECTOR('',#1697,1.);
#1697 = DIRECTION('',(0.,-1.,1.224646799147E-16));
#1698 = ORIENTED_EDGE('',*,*,#1699,.T.);
#1699 = EDGE_CURVE('',#1692,#1700,#1702,.T.);
#1700 = VERTEX_POINT('',#1701);
#1701 = CARTESIAN_POINT('',(-2.1002,1.3998,68.4));
#1702 = LINE('',#1703,#1704);
#1703 = CARTESIAN_POINT('',(-2.1002,1.3998,87.7001));
#1704 = VECTOR('',#1705,1.);
#1705 = DIRECTION('',(0.,-1.224646799147E-16,-1.));
#1706 = ORIENTED_EDGE('',*,*,#1707,.F.);
#1707 = EDGE_CURVE('',#1684,#1700,#1708,.T.);
#1708 = LINE('',#1709,#1710);
#1709 = CARTESIAN_POINT('',(-2.1002,132.1002,68.4));
#1710 = VECTOR('',#1711,1.);
#1711 = DIRECTION('',(0.,-1.,1.224646799147E-16));
#1712 = PLANE('',#1713);
#1713 = AXIS2_PLACEMENT_3D('',#1714,#1715,#1716);
#1714 = CARTESIAN_POINT('',(-2.1002,132.1002,86.4));
#1715 = DIRECTION('',(1.,0.,0.));
#1716 = DIRECTION('',(0.,-1.224646799147E-16,-1.));
#1717 = ADVANCED_FACE('',(#1718),#1777,.F.);
#1718 = FACE_BOUND('',#1719,.F.);
#1719 = EDGE_LOOP('',(#1720,#1730,#1738,#1747,#1755,#1761,#1762,#1771));
#1720 = ORIENTED_EDGE('',*,*,#1721,.F.);
#1721 = EDGE_CURVE('',#1722,#1724,#1726,.T.);
#1722 = VERTEX_POINT('',#1723);
#1723 = CARTESIAN_POINT('',(1.3998,128.6002,88.0002));
#1724 = VERTEX_POINT('',#1725);
#1725 = CARTESIAN_POINT('',(1.3998,128.6002,86.4));
#1726 = LINE('',#1727,#1728);
#1727 = CARTESIAN_POINT('',(1.3998,128.6002,89.0002));
#1728 = VECTOR('',#1729,1.);
#1729 = DIRECTION('',(0.,-1.224646799147E-16,-1.));
#1730 = ORIENTED_EDGE('',*,*,#1731,.T.);
#1731 = EDGE_CURVE('',#1722,#1732,#1734,.T.);
#1732 = VERTEX_POINT('',#1733);
#1733 = CARTESIAN_POINT('',(-1.2112,128.6002,88.0002));
#1734 = LINE('',#1735,#1736);
#1735 = CARTESIAN_POINT('',(-3.4003,128.6002,88.0002));
#1736 = VECTOR('',#1737,1.);
#1737 = DIRECTION('',(-1.,0.,-0.));
#1738 = ORIENTED_EDGE('',*,*,#1739,.T.);
#1739 = EDGE_CURVE('',#1732,#1740,#1742,.T.);
#1740 = VERTEX_POINT('',#1741);
#1741 = CARTESIAN_POINT('',(-3.7004,128.6002,85.511));
#1742 = CIRCLE('',#1743,2.4892);
#1743 = AXIS2_PLACEMENT_3D('',#1744,#1745,#1746);
#1744 = CARTESIAN_POINT('',(-1.2112,128.6002,85.511));
#1745 = DIRECTION('',(-0.,-1.,1.224646799147E-16));
#1746 = DIRECTION('',(-1.,0.,-0.));
#1747 = ORIENTED_EDGE('',*,*,#1748,.T.);
#1748 = EDGE_CURVE('',#1740,#1749,#1751,.T.);
#1749 = VERTEX_POINT('',#1750);
#1750 = CARTESIAN_POINT('',(-3.7004,128.6002,68.4));
#1751 = LINE('',#1752,#1753);
#1752 = CARTESIAN_POINT('',(-3.7004,128.6002,87.7001));
#1753 = VECTOR('',#1754,1.);
#1754 = DIRECTION('',(0.,-1.224646799147E-16,-1.));
#1755 = ORIENTED_EDGE('',*,*,#1756,.F.);
#1756 = EDGE_CURVE('',#1684,#1749,#1757,.T.);
#1757 = LINE('',#1758,#1759);
#1758 = CARTESIAN_POINT('',(-3.4003,128.6002,68.4));
#1759 = VECTOR('',#1760,1.);
#1760 = DIRECTION('',(-1.,0.,-0.));
#1761 = ORIENTED_EDGE('',*,*,#1681,.F.);
#1762 = ORIENTED_EDGE('',*,*,#1763,.F.);
#1763 = EDGE_CURVE('',#1764,#1682,#1766,.T.);
#1764 = VERTEX_POINT('',#1765);
#1765 = CARTESIAN_POINT('',(-1.2112,128.6002,86.4));
#1766 = CIRCLE('',#1767,0.889);
#1767 = AXIS2_PLACEMENT_3D('',#1768,#1769,#1770);
#1768 = CARTESIAN_POINT('',(-1.2112,128.6002,85.511));
#1769 = DIRECTION('',(-0.,-1.,1.224646799147E-16));
#1770 = DIRECTION('',(-1.,0.,-0.));
#1771 = ORIENTED_EDGE('',*,*,#1772,.F.);
#1772 = EDGE_CURVE('',#1724,#1764,#1773,.T.);
#1773 = LINE('',#1774,#1775);
#1774 = CARTESIAN_POINT('',(-3.4003,128.6002,86.4));
#1775 = VECTOR('',#1776,1.);
#1776 = DIRECTION('',(-1.,0.,-0.));
#1777 = PLANE('',#1778);
#1778 = AXIS2_PLACEMENT_3D('',#1779,#1780,#1781);
#1779 = CARTESIAN_POINT('',(-4.7004,128.6002,89.0002));
#1780 = DIRECTION('',(0.,-1.,1.224646799147E-16));
#1781 = DIRECTION('',(0.,-1.224646799147E-16,-1.));
#1782 = ADVANCED_FACE('',(#1783),#1801,.T.);
#1783 = FACE_BOUND('',#1784,.T.);
#1784 = EDGE_LOOP('',(#1785,#1786,#1787,#1795));
#1785 = ORIENTED_EDGE('',*,*,#1756,.F.);
#1786 = ORIENTED_EDGE('',*,*,#1707,.T.);
#1787 = ORIENTED_EDGE('',*,*,#1788,.T.);
#1788 = EDGE_CURVE('',#1700,#1789,#1791,.T.);
#1789 = VERTEX_POINT('',#1790);
#1790 = CARTESIAN_POINT('',(-3.7004,1.3998,68.4));
#1791 = LINE('',#1792,#1793);
#1792 = CARTESIAN_POINT('',(-3.4003,1.3998,68.4));
#1793 = VECTOR('',#1794,1.);
#1794 = DIRECTION('',(-1.,0.,-0.));
#1795 = ORIENTED_EDGE('',*,*,#1796,.F.);
#1796 = EDGE_CURVE('',#1749,#1789,#1797,.T.);
#1797 = LINE('',#1798,#1799);
#1798 = CARTESIAN_POINT('',(-3.7004,132.1002,68.4));
#1799 = VECTOR('',#1800,1.);
#1800 = DIRECTION('',(0.,-1.,1.224646799147E-16));
#1801 = PLANE('',#1802);
#1802 = AXIS2_PLACEMENT_3D('',#1803,#1804,#1805);
#1803 = CARTESIAN_POINT('',(-2.1002,132.1002,68.4));
#1804 = DIRECTION('',(0.,-1.224646799147E-16,-1.));
#1805 = DIRECTION('',(1.,0.,0.));
#1806 = ADVANCED_FACE('',(#1807),#1859,.T.);
#1807 = FACE_BOUND('',#1808,.T.);
#1808 = EDGE_LOOP('',(#1809,#1819,#1827,#1836,#1842,#1843,#1844,#1853));
#1809 = ORIENTED_EDGE('',*,*,#1810,.F.);
#1810 = EDGE_CURVE('',#1811,#1813,#1815,.T.);
#1811 = VERTEX_POINT('',#1812);
#1812 = CARTESIAN_POINT('',(1.3998,1.3998,88.0002));
#1813 = VERTEX_POINT('',#1814);
#1814 = CARTESIAN_POINT('',(1.3998,1.3998,86.4));
#1815 = LINE('',#1816,#1817);
#1816 = CARTESIAN_POINT('',(1.3998,1.3998,89.0002));
#1817 = VECTOR('',#1818,1.);
#1818 = DIRECTION('',(0.,-1.224646799147E-16,-1.));
#1819 = ORIENTED_EDGE('',*,*,#1820,.T.);
#1820 = EDGE_CURVE('',#1811,#1821,#1823,.T.);
#1821 = VERTEX_POINT('',#1822);
#1822 = CARTESIAN_POINT('',(-1.2112,1.3998,88.0002));
#1823 = LINE('',#1824,#1825);
#1824 = CARTESIAN_POINT('',(-3.4003,1.3998,88.0002));
#1825 = VECTOR('',#1826,1.);
#1826 = DIRECTION('',(-1.,0.,-0.));
#1827 = ORIENTED_EDGE('',*,*,#1828,.T.);
#1828 = EDGE_CURVE('',#1821,#1829,#1831,.T.);
#1829 = VERTEX_POINT('',#1830);
#1830 = CARTESIAN_POINT('',(-3.7004,1.3998,85.511));
#1831 = CIRCLE('',#1832,2.4892);
#1832 = AXIS2_PLACEMENT_3D('',#1833,#1834,#1835);
#1833 = CARTESIAN_POINT('',(-1.2112,1.3998,85.511));
#1834 = DIRECTION('',(-0.,-1.,1.224646799147E-16));
#1835 = DIRECTION('',(-1.,0.,-0.));
#1836 = ORIENTED_EDGE('',*,*,#1837,.T.);
#1837 = EDGE_CURVE('',#1829,#1789,#1838,.T.);
#1838 = LINE('',#1839,#1840);
#1839 = CARTESIAN_POINT('',(-3.7004,1.3998,87.7001));
#1840 = VECTOR('',#1841,1.);
#1841 = DIRECTION('',(0.,-1.224646799147E-16,-1.));
#1842 = ORIENTED_EDGE('',*,*,#1788,.F.);
#1843 = ORIENTED_EDGE('',*,*,#1699,.F.);
#1844 = ORIENTED_EDGE('',*,*,#1845,.F.);
#1845 = EDGE_CURVE('',#1846,#1692,#1848,.T.);
#1846 = VERTEX_POINT('',#1847);
#1847 = CARTESIAN_POINT('',(-1.2112,1.3998,86.4));
#1848 = CIRCLE('',#1849,0.889);
#1849 = AXIS2_PLACEMENT_3D('',#1850,#1851,#1852);
#1850 = CARTESIAN_POINT('',(-1.2112,1.3998,85.511));
#1851 = DIRECTION('',(-0.,-1.,1.224646799147E-16));
#1852 = DIRECTION('',(-1.,0.,-0.));
#1853 = ORIENTED_EDGE('',*,*,#1854,.F.);
#1854 = EDGE_CURVE('',#1813,#1846,#1855,.T.);
#1855 = LINE('',#1856,#1857);
#1856 = CARTESIAN_POINT('',(-3.4003,1.3998,86.4));
#1857 = VECTOR('',#1858,1.);
#1858 = DIRECTION('',(-1.,0.,-0.));
#1859 = PLANE('',#1860);
#1860 = AXIS2_PLACEMENT_3D('',#1861,#1862,#1863);
#1861 = CARTESIAN_POINT('',(-4.7004,1.3998,89.0002));
#1862 = DIRECTION('',(0.,-1.,1.224646799147E-16));
#1863 = DIRECTION('',(0.,-1.224646799147E-16,-1.));
#1864 = ADVANCED_FACE('',(#1865),#1876,.F.);
#1865 = FACE_BOUND('',#1866,.T.);
#1866 = EDGE_LOOP('',(#1867,#1868,#1869,#1875));
#1867 = ORIENTED_EDGE('',*,*,#1691,.F.);
#1868 = ORIENTED_EDGE('',*,*,#1763,.F.);
#1869 = ORIENTED_EDGE('',*,*,#1870,.T.);
#1870 = EDGE_CURVE('',#1764,#1846,#1871,.T.);
#1871 = LINE('',#1872,#1873);
#1872 = CARTESIAN_POINT('',(-1.2112,132.1002,86.4));
#1873 = VECTOR('',#1874,1.);
#1874 = DIRECTION('',(0.,-1.,1.224646799147E-16));
#1875 = ORIENTED_EDGE('',*,*,#1845,.T.);
#1876 = CYLINDRICAL_SURFACE('',#1877,0.889);
#1877 = AXIS2_PLACEMENT_3D('',#1878,#1879,#1880);
#1878 = CARTESIAN_POINT('',(-1.2112,132.1002,85.511));
#1879 = DIRECTION('',(0.,-1.,1.224646799147E-16));
#1880 = DIRECTION('',(-1.,0.,-0.));
#1881 = ADVANCED_FACE('',(#1882),#1941,.F.);
#1882 = FACE_BOUND('',#1883,.F.);
#1883 = EDGE_LOOP('',(#1884,#1885,#1893,#1902,#1910,#1918,#1926,#1935));
#1884 = ORIENTED_EDGE('',*,*,#1721,.T.);
#1885 = ORIENTED_EDGE('',*,*,#1886,.F.);
#1886 = EDGE_CURVE('',#1887,#1724,#1889,.T.);
#1887 = VERTEX_POINT('',#1888);
#1888 = CARTESIAN_POINT('',(1.3998,131.2112,86.4));
#1889 = LINE('',#1890,#1891);
#1890 = CARTESIAN_POINT('',(1.3998,133.4003,86.4));
#1891 = VECTOR('',#1892,1.);
#1892 = DIRECTION('',(0.,-1.,1.224646799147E-16));
#1893 = ORIENTED_EDGE('',*,*,#1894,.F.);
#1894 = EDGE_CURVE('',#1895,#1887,#1897,.T.);
#1895 = VERTEX_POINT('',#1896);
#1896 = CARTESIAN_POINT('',(1.3998,132.1002,85.511));
#1897 = CIRCLE('',#1898,0.889);
#1898 = AXIS2_PLACEMENT_3D('',#1899,#1900,#1901);
#1899 = CARTESIAN_POINT('',(1.3998,131.2112,85.511));
#1900 = DIRECTION('',(1.,-0.,0.));
#1901 = DIRECTION('',(0.,1.,-1.224646799147E-16));
#1902 = ORIENTED_EDGE('',*,*,#1903,.F.);
#1903 = EDGE_CURVE('',#1904,#1895,#1906,.T.);
#1904 = VERTEX_POINT('',#1905);
#1905 = CARTESIAN_POINT('',(1.3998,132.1002,68.4));
#1906 = LINE('',#1907,#1908);
#1907 = CARTESIAN_POINT('',(1.3998,132.1002,87.7001));
#1908 = VECTOR('',#1909,1.);
#1909 = DIRECTION('',(0.,1.224646799147E-16,1.));
#1910 = ORIENTED_EDGE('',*,*,#1911,.F.);
#1911 = EDGE_CURVE('',#1912,#1904,#1914,.T.);
#1912 = VERTEX_POINT('',#1913);
#1913 = CARTESIAN_POINT('',(1.3998,133.7004,68.4));
#1914 = LINE('',#1915,#1916);
#1915 = CARTESIAN_POINT('',(1.3998,133.4003,68.4));
#1916 = VECTOR('',#1917,1.);
#1917 = DIRECTION('',(0.,-1.,1.224646799147E-16));
#1918 = ORIENTED_EDGE('',*,*,#1919,.T.);
#1919 = EDGE_CURVE('',#1912,#1920,#1922,.T.);
#1920 = VERTEX_POINT('',#1921);
#1921 = CARTESIAN_POINT('',(1.3998,133.7004,85.511));
#1922 = LINE('',#1923,#1924);
#1923 = CARTESIAN_POINT('',(1.3998,133.7004,87.7001));
#1924 = VECTOR('',#1925,1.);
#1925 = DIRECTION('',(0.,1.224646799147E-16,1.));
#1926 = ORIENTED_EDGE('',*,*,#1927,.T.);
#1927 = EDGE_CURVE('',#1920,#1928,#1930,.T.);
#1928 = VERTEX_POINT('',#1929);
#1929 = CARTESIAN_POINT('',(1.3998,131.2112,88.0002));
#1930 = CIRCLE('',#1931,2.4892);
#1931 = AXIS2_PLACEMENT_3D('',#1932,#1933,#1934);
#1932 = CARTESIAN_POINT('',(1.3998,131.2112,85.511));
#1933 = DIRECTION('',(1.,-0.,0.));
#1934 = DIRECTION('',(0.,1.,-1.224646799147E-16));
#1935 = ORIENTED_EDGE('',*,*,#1936,.T.);
#1936 = EDGE_CURVE('',#1928,#1722,#1937,.T.);
#1937 = LINE('',#1938,#1939);
#1938 = CARTESIAN_POINT('',(1.3998,133.4003,88.0002));
#1939 = VECTOR('',#1940,1.);
#1940 = DIRECTION('',(0.,-1.,1.224646799147E-16));
#1941 = PLANE('',#1942);
#1942 = AXIS2_PLACEMENT_3D('',#1943,#1944,#1945);
#1943 = CARTESIAN_POINT('',(1.3998,134.7004,89.0002));
#1944 = DIRECTION('',(1.,0.,0.));
#1945 = DIRECTION('',(0.,-1.224646799147E-16,-1.));
#1946 = ADVANCED_FACE('',(#1947),#2015,.T.);
#1947 = FACE_BOUND('',#1948,.T.);
#1948 = EDGE_LOOP('',(#1949,#1950,#1951,#1952,#1960,#1968,#1976,#1984,
    #1992,#2000,#2008,#2014));
#1949 = ORIENTED_EDGE('',*,*,#1870,.F.);
#1950 = ORIENTED_EDGE('',*,*,#1772,.F.);
#1951 = ORIENTED_EDGE('',*,*,#1886,.F.);
#1952 = ORIENTED_EDGE('',*,*,#1953,.T.);
#1953 = EDGE_CURVE('',#1887,#1954,#1956,.T.);
#1954 = VERTEX_POINT('',#1955);
#1955 = CARTESIAN_POINT('',(178.6002,131.2112,86.4));
#1956 = LINE('',#1957,#1958);
#1957 = CARTESIAN_POINT('',(-2.1002,131.2112,86.4));
#1958 = VECTOR('',#1959,1.);
#1959 = DIRECTION('',(1.,0.,0.));
#1960 = ORIENTED_EDGE('',*,*,#1961,.T.);
#1961 = EDGE_CURVE('',#1954,#1962,#1964,.T.);
#1962 = VERTEX_POINT('',#1963);
#1963 = CARTESIAN_POINT('',(178.6002,128.6002,86.4));
#1964 = LINE('',#1965,#1966);
#1965 = CARTESIAN_POINT('',(178.6002,133.4003,86.4));
#1966 = VECTOR('',#1967,1.);
#1967 = DIRECTION('',(0.,-1.,1.224646799147E-16));
#1968 = ORIENTED_EDGE('',*,*,#1969,.F.);
#1969 = EDGE_CURVE('',#1970,#1962,#1972,.T.);
#1970 = VERTEX_POINT('',#1971);
#1971 = CARTESIAN_POINT('',(181.2112,128.6002,86.4));
#1972 = LINE('',#1973,#1974);
#1973 = CARTESIAN_POINT('',(88.25,128.6002,86.4));
#1974 = VECTOR('',#1975,1.);
#1975 = DIRECTION('',(-1.,0.,-0.));
#1976 = ORIENTED_EDGE('',*,*,#1977,.T.);
#1977 = EDGE_CURVE('',#1970,#1978,#1980,.T.);
#1978 = VERTEX_POINT('',#1979);
#1979 = CARTESIAN_POINT('',(181.2112,1.3998,86.4));
#1980 = LINE('',#1981,#1982);
#1981 = CARTESIAN_POINT('',(181.2112,132.1002,86.4));
#1982 = VECTOR('',#1983,1.);
#1983 = DIRECTION('',(0.,-1.,1.224646799147E-16));
#1984 = ORIENTED_EDGE('',*,*,#1985,.T.);
#1985 = EDGE_CURVE('',#1978,#1986,#1988,.T.);
#1986 = VERTEX_POINT('',#1987);
#1987 = CARTESIAN_POINT('',(178.6002,1.3998,86.4));
#1988 = LINE('',#1989,#1990);
#1989 = CARTESIAN_POINT('',(88.25,1.3998,86.4));
#1990 = VECTOR('',#1991,1.);
#1991 = DIRECTION('',(-1.,0.,-0.));
#1992 = ORIENTED_EDGE('',*,*,#1993,.T.);
#1993 = EDGE_CURVE('',#1986,#1994,#1996,.T.);
#1994 = VERTEX_POINT('',#1995);
#1995 = CARTESIAN_POINT('',(178.6002,-1.2112,86.4));
#1996 = LINE('',#1997,#1998);
#1997 = CARTESIAN_POINT('',(178.6002,66.75,86.4));
#1998 = VECTOR('',#1999,1.);
#1999 = DIRECTION('',(0.,-1.,1.224646799147E-16));
#2000 = ORIENTED_EDGE('',*,*,#2001,.F.);
#2001 = EDGE_CURVE('',#2002,#1994,#2004,.T.);
#2002 = VERTEX_POINT('',#2003);
#2003 = CARTESIAN_POINT('',(1.3998,-1.2112,86.4));
#2004 = LINE('',#2005,#2006);
#2005 = CARTESIAN_POINT('',(-2.1002,-1.2112,86.4));
#2006 = VECTOR('',#2007,1.);
#2007 = DIRECTION('',(1.,0.,0.));
#2008 = ORIENTED_EDGE('',*,*,#2009,.F.);
#2009 = EDGE_CURVE('',#1813,#2002,#2010,.T.);
#2010 = LINE('',#2011,#2012);
#2011 = CARTESIAN_POINT('',(1.3998,66.75,86.4));
#2012 = VECTOR('',#2013,1.);
#2013 = DIRECTION('',(0.,-1.,1.224646799147E-16));
#2014 = ORIENTED_EDGE('',*,*,#1854,.T.);
#2015 = PLANE('',#2016);
#2016 = AXIS2_PLACEMENT_3D('',#2017,#2018,#2019);
#2017 = CARTESIAN_POINT('',(-2.1002,132.1002,86.4));
#2018 = DIRECTION('',(0.,-1.224646799147E-16,-1.));
#2019 = DIRECTION('',(1.,0.,0.));
#2020 = ADVANCED_FACE('',(#2021),#2032,.F.);
#2021 = FACE_BOUND('',#2022,.F.);
#2022 = EDGE_LOOP('',(#2023,#2024,#2030,#2031));
#2023 = ORIENTED_EDGE('',*,*,#1748,.F.);
#2024 = ORIENTED_EDGE('',*,*,#2025,.T.);
#2025 = EDGE_CURVE('',#1740,#1829,#2026,.T.);
#2026 = LINE('',#2027,#2028);
#2027 = CARTESIAN_POINT('',(-3.7004,132.1002,85.511));
#2028 = VECTOR('',#2029,1.);
#2029 = DIRECTION('',(0.,-1.,1.224646799147E-16));
#2030 = ORIENTED_EDGE('',*,*,#1837,.T.);
#2031 = ORIENTED_EDGE('',*,*,#1796,.F.);
#2032 = PLANE('',#2033);
#2033 = AXIS2_PLACEMENT_3D('',#2034,#2035,#2036);
#2034 = CARTESIAN_POINT('',(-3.7004,132.1002,86.4));
#2035 = DIRECTION('',(1.,0.,0.));
#2036 = DIRECTION('',(0.,-1.224646799147E-16,-1.));
#2037 = ADVANCED_FACE('',(#2038),#2049,.T.);
#2038 = FACE_BOUND('',#2039,.F.);
#2039 = EDGE_LOOP('',(#2040,#2041,#2042,#2048));
#2040 = ORIENTED_EDGE('',*,*,#2025,.F.);
#2041 = ORIENTED_EDGE('',*,*,#1739,.F.);
#2042 = ORIENTED_EDGE('',*,*,#2043,.T.);
#2043 = EDGE_CURVE('',#1732,#1821,#2044,.T.);
#2044 = LINE('',#2045,#2046);
#2045 = CARTESIAN_POINT('',(-1.2112,132.1002,88.0002));
#2046 = VECTOR('',#2047,1.);
#2047 = DIRECTION('',(0.,-1.,1.224646799147E-16));
#2048 = ORIENTED_EDGE('',*,*,#1828,.T.);
#2049 = CYLINDRICAL_SURFACE('',#2050,2.4892);
#2050 = AXIS2_PLACEMENT_3D('',#2051,#2052,#2053);
#2051 = CARTESIAN_POINT('',(-1.2112,132.1002,85.511));
#2052 = DIRECTION('',(0.,-1.,1.224646799147E-16));
#2053 = DIRECTION('',(-1.,0.,-0.));
#2054 = ADVANCED_FACE('',(#2055),#2123,.F.);
#2055 = FACE_BOUND('',#2056,.F.);
#2056 = EDGE_LOOP('',(#2057,#2058,#2059,#2060,#2068,#2076,#2084,#2092,
    #2100,#2108,#2116,#2122));
#2057 = ORIENTED_EDGE('',*,*,#2043,.F.);
#2058 = ORIENTED_EDGE('',*,*,#1731,.F.);
#2059 = ORIENTED_EDGE('',*,*,#1936,.F.);
#2060 = ORIENTED_EDGE('',*,*,#2061,.T.);
#2061 = EDGE_CURVE('',#1928,#2062,#2064,.T.);
#2062 = VERTEX_POINT('',#2063);
#2063 = CARTESIAN_POINT('',(178.6002,131.2112,88.0002));
#2064 = LINE('',#2065,#2066);
#2065 = CARTESIAN_POINT('',(-2.1002,131.2112,88.0002));
#2066 = VECTOR('',#2067,1.);
#2067 = DIRECTION('',(1.,0.,0.));
#2068 = ORIENTED_EDGE('',*,*,#2069,.T.);
#2069 = EDGE_CURVE('',#2062,#2070,#2072,.T.);
#2070 = VERTEX_POINT('',#2071);
#2071 = CARTESIAN_POINT('',(178.6002,128.6002,88.0002));
#2072 = LINE('',#2073,#2074);
#2073 = CARTESIAN_POINT('',(178.6002,133.4003,88.0002));
#2074 = VECTOR('',#2075,1.);
#2075 = DIRECTION('',(0.,-1.,1.224646799147E-16));
#2076 = ORIENTED_EDGE('',*,*,#2077,.F.);
#2077 = EDGE_CURVE('',#2078,#2070,#2080,.T.);
#2078 = VERTEX_POINT('',#2079);
#2079 = CARTESIAN_POINT('',(181.2112,128.6002,88.0002));
#2080 = LINE('',#2081,#2082);
#2081 = CARTESIAN_POINT('',(88.25,128.6002,88.0002));
#2082 = VECTOR('',#2083,1.);
#2083 = DIRECTION('',(-1.,0.,-0.));
#2084 = ORIENTED_EDGE('',*,*,#2085,.T.);
#2085 = EDGE_CURVE('',#2078,#2086,#2088,.T.);
#2086 = VERTEX_POINT('',#2087);
#2087 = CARTESIAN_POINT('',(181.2112,1.3998,88.0002));
#2088 = LINE('',#2089,#2090);
#2089 = CARTESIAN_POINT('',(181.2112,132.1002,88.0002));
#2090 = VECTOR('',#2091,1.);
#2091 = DIRECTION('',(0.,-1.,1.224646799147E-16));
#2092 = ORIENTED_EDGE('',*,*,#2093,.T.);
#2093 = EDGE_CURVE('',#2086,#2094,#2096,.T.);
#2094 = VERTEX_POINT('',#2095);
#2095 = CARTESIAN_POINT('',(178.6002,1.3998,88.0002));
#2096 = LINE('',#2097,#2098);
#2097 = CARTESIAN_POINT('',(88.25,1.3998,88.0002));
#2098 = VECTOR('',#2099,1.);
#2099 = DIRECTION('',(-1.,0.,-0.));
#2100 = ORIENTED_EDGE('',*,*,#2101,.T.);
#2101 = EDGE_CURVE('',#2094,#2102,#2104,.T.);
#2102 = VERTEX_POINT('',#2103);
#2103 = CARTESIAN_POINT('',(178.6002,-1.2112,88.0002));
#2104 = LINE('',#2105,#2106);
#2105 = CARTESIAN_POINT('',(178.6002,66.75,88.0002));
#2106 = VECTOR('',#2107,1.);
#2107 = DIRECTION('',(0.,-1.,1.224646799147E-16));
#2108 = ORIENTED_EDGE('',*,*,#2109,.F.);
#2109 = EDGE_CURVE('',#2110,#2102,#2112,.T.);
#2110 = VERTEX_POINT('',#2111);
#2111 = CARTESIAN_POINT('',(1.3998,-1.2112,88.0002));
#2112 = LINE('',#2113,#2114);
#2113 = CARTESIAN_POINT('',(-2.1002,-1.2112,88.0002));
#2114 = VECTOR('',#2115,1.);
#2115 = DIRECTION('',(1.,0.,0.));
#2116 = ORIENTED_EDGE('',*,*,#2117,.F.);
#2117 = EDGE_CURVE('',#1811,#2110,#2118,.T.);
#2118 = LINE('',#2119,#2120);
#2119 = CARTESIAN_POINT('',(1.3998,66.75,88.0002));
#2120 = VECTOR('',#2121,1.);
#2121 = DIRECTION('',(0.,-1.,1.224646799147E-16));
#2122 = ORIENTED_EDGE('',*,*,#1820,.T.);
#2123 = PLANE('',#2124);
#2124 = AXIS2_PLACEMENT_3D('',#2125,#2126,#2127);
#2125 = CARTESIAN_POINT('',(-2.1002,132.1002,88.0002));
#2126 = DIRECTION('',(0.,-1.224646799147E-16,-1.));
#2127 = DIRECTION('',(1.,0.,0.));
#2128 = ADVANCED_FACE('',(#2129),#2174,.F.);
#2129 = FACE_BOUND('',#2130,.F.);
#2130 = EDGE_LOOP('',(#2131,#2132,#2133,#2142,#2150,#2158,#2166,#2173));
#2131 = ORIENTED_EDGE('',*,*,#1810,.F.);
#2132 = ORIENTED_EDGE('',*,*,#2117,.T.);
#2133 = ORIENTED_EDGE('',*,*,#2134,.T.);
#2134 = EDGE_CURVE('',#2110,#2135,#2137,.T.);
#2135 = VERTEX_POINT('',#2136);
#2136 = CARTESIAN_POINT('',(1.3998,-3.7004,85.511));
#2137 = CIRCLE('',#2138,2.4892);
#2138 = AXIS2_PLACEMENT_3D('',#2139,#2140,#2141);
#2139 = CARTESIAN_POINT('',(1.3998,-1.2112,85.511));
#2140 = DIRECTION('',(1.,0.,0.));
#2141 = DIRECTION('',(0.,-1.,1.224646799147E-16));
#2142 = ORIENTED_EDGE('',*,*,#2143,.F.);
#2143 = EDGE_CURVE('',#2144,#2135,#2146,.T.);
#2144 = VERTEX_POINT('',#2145);
#2145 = CARTESIAN_POINT('',(1.3998,-3.7004,68.4));
#2146 = LINE('',#2147,#2148);
#2147 = CARTESIAN_POINT('',(1.3998,-3.7004,87.7001));
#2148 = VECTOR('',#2149,1.);
#2149 = DIRECTION('',(0.,1.224646799147E-16,1.));
#2150 = ORIENTED_EDGE('',*,*,#2151,.F.);
#2151 = EDGE_CURVE('',#2152,#2144,#2154,.T.);
#2152 = VERTEX_POINT('',#2153);
#2153 = CARTESIAN_POINT('',(1.3998,-2.1002,68.4));
#2154 = LINE('',#2155,#2156);
#2155 = CARTESIAN_POINT('',(1.3998,66.75,68.4));
#2156 = VECTOR('',#2157,1.);
#2157 = DIRECTION('',(0.,-1.,1.224646799147E-16));
#2158 = ORIENTED_EDGE('',*,*,#2159,.T.);
#2159 = EDGE_CURVE('',#2152,#2160,#2162,.T.);
#2160 = VERTEX_POINT('',#2161);
#2161 = CARTESIAN_POINT('',(1.3998,-2.1002,85.511));
#2162 = LINE('',#2163,#2164);
#2163 = CARTESIAN_POINT('',(1.3998,-2.1002,87.7001));
#2164 = VECTOR('',#2165,1.);
#2165 = DIRECTION('',(0.,1.224646799147E-16,1.));
#2166 = ORIENTED_EDGE('',*,*,#2167,.F.);
#2167 = EDGE_CURVE('',#2002,#2160,#2168,.T.);
#2168 = CIRCLE('',#2169,0.889);
#2169 = AXIS2_PLACEMENT_3D('',#2170,#2171,#2172);
#2170 = CARTESIAN_POINT('',(1.3998,-1.2112,85.511));
#2171 = DIRECTION('',(1.,0.,0.));
#2172 = DIRECTION('',(0.,-1.,1.224646799147E-16));
#2173 = ORIENTED_EDGE('',*,*,#2009,.F.);
#2174 = PLANE('',#2175);
#2175 = AXIS2_PLACEMENT_3D('',#2176,#2177,#2178);
#2176 = CARTESIAN_POINT('',(1.3998,1.3998,89.0002));
#2177 = DIRECTION('',(1.,0.,0.));
#2178 = DIRECTION('',(0.,-1.224646799147E-16,-1.));
#2179 = ADVANCED_FACE('',(#2180),#2199,.T.);
#2180 = FACE_BOUND('',#2181,.T.);
#2181 = EDGE_LOOP('',(#2182,#2190,#2191,#2192));
#2182 = ORIENTED_EDGE('',*,*,#2183,.F.);
#2183 = EDGE_CURVE('',#1920,#2184,#2186,.T.);
#2184 = VERTEX_POINT('',#2185);
#2185 = CARTESIAN_POINT('',(178.6002,133.7004,85.511));
#2186 = LINE('',#2187,#2188);
#2187 = CARTESIAN_POINT('',(-2.1002,133.7004,85.511));
#2188 = VECTOR('',#2189,1.);
#2189 = DIRECTION('',(1.,0.,0.));
#2190 = ORIENTED_EDGE('',*,*,#1927,.T.);
#2191 = ORIENTED_EDGE('',*,*,#2061,.T.);
#2192 = ORIENTED_EDGE('',*,*,#2193,.F.);
#2193 = EDGE_CURVE('',#2184,#2062,#2194,.T.);
#2194 = CIRCLE('',#2195,2.4892);
#2195 = AXIS2_PLACEMENT_3D('',#2196,#2197,#2198);
#2196 = CARTESIAN_POINT('',(178.6002,131.2112,85.511));
#2197 = DIRECTION('',(1.,-0.,0.));
#2198 = DIRECTION('',(0.,1.,-1.224646799147E-16));
#2199 = CYLINDRICAL_SURFACE('',#2200,2.4892);
#2200 = AXIS2_PLACEMENT_3D('',#2201,#2202,#2203);
#2201 = CARTESIAN_POINT('',(-2.1002,131.2112,85.511));
#2202 = DIRECTION('',(1.,0.,0.));
#2203 = DIRECTION('',(0.,1.,-1.224646799147E-16));
#2204 = ADVANCED_FACE('',(#2205,#2223,#2234),#2245,.F.);
#2205 = FACE_BOUND('',#2206,.F.);
#2206 = EDGE_LOOP('',(#2207,#2208,#2209,#2217));
#2207 = ORIENTED_EDGE('',*,*,#2183,.F.);
#2208 = ORIENTED_EDGE('',*,*,#1919,.F.);
#2209 = ORIENTED_EDGE('',*,*,#2210,.T.);
#2210 = EDGE_CURVE('',#1912,#2211,#2213,.T.);
#2211 = VERTEX_POINT('',#2212);
#2212 = CARTESIAN_POINT('',(178.6002,133.7004,68.4));
#2213 = LINE('',#2214,#2215);
#2214 = CARTESIAN_POINT('',(-2.1002,133.7004,68.4));
#2215 = VECTOR('',#2216,1.);
#2216 = DIRECTION('',(1.,0.,0.));
#2217 = ORIENTED_EDGE('',*,*,#2218,.T.);
#2218 = EDGE_CURVE('',#2211,#2184,#2219,.T.);
#2219 = LINE('',#2220,#2221);
#2220 = CARTESIAN_POINT('',(178.6002,133.7004,87.7001));
#2221 = VECTOR('',#2222,1.);
#2222 = DIRECTION('',(0.,1.224646799147E-16,1.));
#2223 = FACE_BOUND('',#2224,.F.);
#2224 = EDGE_LOOP('',(#2225));
#2225 = ORIENTED_EDGE('',*,*,#2226,.T.);
#2226 = EDGE_CURVE('',#2227,#2227,#2229,.T.);
#2227 = VERTEX_POINT('',#2228);
#2228 = CARTESIAN_POINT('',(22.,133.7004,78.15));
#2229 = CIRCLE('',#2230,2.15);
#2230 = AXIS2_PLACEMENT_3D('',#2231,#2232,#2233);
#2231 = CARTESIAN_POINT('',(22.,133.7004,76.));
#2232 = DIRECTION('',(0.,1.,0.));
#2233 = DIRECTION('',(0.,-0.,1.));
#2234 = FACE_BOUND('',#2235,.F.);
#2235 = EDGE_LOOP('',(#2236));
#2236 = ORIENTED_EDGE('',*,*,#2237,.T.);
#2237 = EDGE_CURVE('',#2238,#2238,#2240,.T.);
#2238 = VERTEX_POINT('',#2239);
#2239 = CARTESIAN_POINT('',(158.,133.7004,78.15));
#2240 = CIRCLE('',#2241,2.15);
#2241 = AXIS2_PLACEMENT_3D('',#2242,#2243,#2244);
#2242 = CARTESIAN_POINT('',(158.,133.7004,76.));
#2243 = DIRECTION('',(0.,1.,0.));
#2244 = DIRECTION('',(0.,-0.,1.));
#2245 = PLANE('',#2246);
#2246 = AXIS2_PLACEMENT_3D('',#2247,#2248,#2249);
#2247 = CARTESIAN_POINT('',(-2.1002,133.7004,86.4));
#2248 = DIRECTION('',(0.,-1.,1.224646799147E-16));
#2249 = DIRECTION('',(0.,-1.224646799147E-16,-1.));
#2250 = ADVANCED_FACE('',(#2251),#2269,.T.);
#2251 = FACE_BOUND('',#2252,.T.);
#2252 = EDGE_LOOP('',(#2253,#2261,#2267,#2268));
#2253 = ORIENTED_EDGE('',*,*,#2254,.T.);
#2254 = EDGE_CURVE('',#2211,#2255,#2257,.T.);
#2255 = VERTEX_POINT('',#2256);
#2256 = CARTESIAN_POINT('',(178.6002,132.1002,68.4));
#2257 = LINE('',#2258,#2259);
#2258 = CARTESIAN_POINT('',(178.6002,133.4003,68.4));
#2259 = VECTOR('',#2260,1.);
#2260 = DIRECTION('',(0.,-1.,1.224646799147E-16));
#2261 = ORIENTED_EDGE('',*,*,#2262,.F.);
#2262 = EDGE_CURVE('',#1904,#2255,#2263,.T.);
#2263 = LINE('',#2264,#2265);
#2264 = CARTESIAN_POINT('',(-2.1002,132.1002,68.4));
#2265 = VECTOR('',#2266,1.);
#2266 = DIRECTION('',(1.,0.,0.));
#2267 = ORIENTED_EDGE('',*,*,#1911,.F.);
#2268 = ORIENTED_EDGE('',*,*,#2210,.T.);
#2269 = PLANE('',#2270);
#2270 = AXIS2_PLACEMENT_3D('',#2271,#2272,#2273);
#2271 = CARTESIAN_POINT('',(-2.1002,132.1002,68.4));
#2272 = DIRECTION('',(0.,-1.224646799147E-16,-1.));
#2273 = DIRECTION('',(1.,0.,0.));
#2274 = ADVANCED_FACE('',(#2275,#2293,#2304),#2315,.T.);
#2275 = FACE_BOUND('',#2276,.T.);
#2276 = EDGE_LOOP('',(#2277,#2285,#2291,#2292));
#2277 = ORIENTED_EDGE('',*,*,#2278,.T.);
#2278 = EDGE_CURVE('',#2255,#2279,#2281,.T.);
#2279 = VERTEX_POINT('',#2280);
#2280 = CARTESIAN_POINT('',(178.6002,132.1002,85.511));
#2281 = LINE('',#2282,#2283);
#2282 = CARTESIAN_POINT('',(178.6002,132.1002,87.7001));
#2283 = VECTOR('',#2284,1.);
#2284 = DIRECTION('',(0.,1.224646799147E-16,1.));
#2285 = ORIENTED_EDGE('',*,*,#2286,.F.);
#2286 = EDGE_CURVE('',#1895,#2279,#2287,.T.);
#2287 = LINE('',#2288,#2289);
#2288 = CARTESIAN_POINT('',(-2.1002,132.1002,85.511));
#2289 = VECTOR('',#2290,1.);
#2290 = DIRECTION('',(1.,0.,0.));
#2291 = ORIENTED_EDGE('',*,*,#1903,.F.);
#2292 = ORIENTED_EDGE('',*,*,#2262,.T.);
#2293 = FACE_BOUND('',#2294,.T.);
#2294 = EDGE_LOOP('',(#2295));
#2295 = ORIENTED_EDGE('',*,*,#2296,.T.);
#2296 = EDGE_CURVE('',#2297,#2297,#2299,.T.);
#2297 = VERTEX_POINT('',#2298);
#2298 = CARTESIAN_POINT('',(22.,132.1002,78.15));
#2299 = CIRCLE('',#2300,2.15);
#2300 = AXIS2_PLACEMENT_3D('',#2301,#2302,#2303);
#2301 = CARTESIAN_POINT('',(22.,132.1002,76.));
#2302 = DIRECTION('',(0.,1.,0.));
#2303 = DIRECTION('',(0.,-0.,1.));
#2304 = FACE_BOUND('',#2305,.T.);
#2305 = EDGE_LOOP('',(#2306));
#2306 = ORIENTED_EDGE('',*,*,#2307,.T.);
#2307 = EDGE_CURVE('',#2308,#2308,#2310,.T.);
#2308 = VERTEX_POINT('',#2309);
#2309 = CARTESIAN_POINT('',(158.,132.1002,78.15));
#2310 = CIRCLE('',#2311,2.15);
#2311 = AXIS2_PLACEMENT_3D('',#2312,#2313,#2314);
#2312 = CARTESIAN_POINT('',(158.,132.1002,76.));
#2313 = DIRECTION('',(0.,1.,0.));
#2314 = DIRECTION('',(0.,-0.,1.));
#2315 = PLANE('',#2316);
#2316 = AXIS2_PLACEMENT_3D('',#2317,#2318,#2319);
#2317 = CARTESIAN_POINT('',(-2.1002,132.1002,86.4));
#2318 = DIRECTION('',(0.,-1.,1.224646799147E-16));
#2319 = DIRECTION('',(0.,-1.224646799147E-16,-1.));
#2320 = ADVANCED_FACE('',(#2321),#2333,.F.);
#2321 = FACE_BOUND('',#2322,.F.);
#2322 = EDGE_LOOP('',(#2323,#2324,#2325,#2326));
#2323 = ORIENTED_EDGE('',*,*,#2286,.F.);
#2324 = ORIENTED_EDGE('',*,*,#1894,.T.);
#2325 = ORIENTED_EDGE('',*,*,#1953,.T.);
#2326 = ORIENTED_EDGE('',*,*,#2327,.F.);
#2327 = EDGE_CURVE('',#2279,#1954,#2328,.T.);
#2328 = CIRCLE('',#2329,0.889);
#2329 = AXIS2_PLACEMENT_3D('',#2330,#2331,#2332);
#2330 = CARTESIAN_POINT('',(178.6002,131.2112,85.511));
#2331 = DIRECTION('',(1.,-0.,0.));
#2332 = DIRECTION('',(0.,1.,-1.224646799147E-16));
#2333 = CYLINDRICAL_SURFACE('',#2334,0.889);
#2334 = AXIS2_PLACEMENT_3D('',#2335,#2336,#2337);
#2335 = CARTESIAN_POINT('',(-2.1002,131.2112,85.511));
#2336 = DIRECTION('',(1.,0.,0.));
#2337 = DIRECTION('',(0.,1.,-1.224646799147E-16));
#2338 = ADVANCED_FACE('',(#2339),#2358,.F.);
#2339 = FACE_BOUND('',#2340,.T.);
#2340 = EDGE_LOOP('',(#2341,#2349,#2350,#2351));
#2341 = ORIENTED_EDGE('',*,*,#2342,.F.);
#2342 = EDGE_CURVE('',#2160,#2343,#2345,.T.);
#2343 = VERTEX_POINT('',#2344);
#2344 = CARTESIAN_POINT('',(178.6002,-2.1002,85.511));
#2345 = LINE('',#2346,#2347);
#2346 = CARTESIAN_POINT('',(-2.1002,-2.1002,85.511));
#2347 = VECTOR('',#2348,1.);
#2348 = DIRECTION('',(1.,0.,0.));
#2349 = ORIENTED_EDGE('',*,*,#2167,.F.);
#2350 = ORIENTED_EDGE('',*,*,#2001,.T.);
#2351 = ORIENTED_EDGE('',*,*,#2352,.T.);
#2352 = EDGE_CURVE('',#1994,#2343,#2353,.T.);
#2353 = CIRCLE('',#2354,0.889);
#2354 = AXIS2_PLACEMENT_3D('',#2355,#2356,#2357);
#2355 = CARTESIAN_POINT('',(178.6002,-1.2112,85.511));
#2356 = DIRECTION('',(1.,0.,0.));
#2357 = DIRECTION('',(0.,-1.,1.224646799147E-16));
#2358 = CYLINDRICAL_SURFACE('',#2359,0.889);
#2359 = AXIS2_PLACEMENT_3D('',#2360,#2361,#2362);
#2360 = CARTESIAN_POINT('',(-2.1002,-1.2112,85.511));
#2361 = DIRECTION('',(1.,0.,0.));
#2362 = DIRECTION('',(0.,-1.,1.224646799147E-16));
#2363 = ADVANCED_FACE('',(#2364),#2406,.T.);
#2364 = FACE_BOUND('',#2365,.T.);
#2365 = EDGE_LOOP('',(#2366,#2372,#2373,#2382,#2390,#2398,#2404,#2405));
#2366 = ORIENTED_EDGE('',*,*,#2367,.F.);
#2367 = EDGE_CURVE('',#2094,#1986,#2368,.T.);
#2368 = LINE('',#2369,#2370);
#2369 = CARTESIAN_POINT('',(178.6002,1.3998,89.0002));
#2370 = VECTOR('',#2371,1.);
#2371 = DIRECTION('',(0.,-1.224646799147E-16,-1.));
#2372 = ORIENTED_EDGE('',*,*,#2101,.T.);
#2373 = ORIENTED_EDGE('',*,*,#2374,.T.);
#2374 = EDGE_CURVE('',#2102,#2375,#2377,.T.);
#2375 = VERTEX_POINT('',#2376);
#2376 = CARTESIAN_POINT('',(178.6002,-3.7004,85.511));
#2377 = CIRCLE('',#2378,2.4892);
#2378 = AXIS2_PLACEMENT_3D('',#2379,#2380,#2381);
#2379 = CARTESIAN_POINT('',(178.6002,-1.2112,85.511));
#2380 = DIRECTION('',(1.,0.,0.));
#2381 = DIRECTION('',(0.,-1.,1.224646799147E-16));
#2382 = ORIENTED_EDGE('',*,*,#2383,.F.);
#2383 = EDGE_CURVE('',#2384,#2375,#2386,.T.);
#2384 = VERTEX_POINT('',#2385);
#2385 = CARTESIAN_POINT('',(178.6002,-3.7004,68.4));
#2386 = LINE('',#2387,#2388);
#2387 = CARTESIAN_POINT('',(178.6002,-3.7004,87.7001));
#2388 = VECTOR('',#2389,1.);
#2389 = DIRECTION('',(0.,1.224646799147E-16,1.));
#2390 = ORIENTED_EDGE('',*,*,#2391,.F.);
#2391 = EDGE_CURVE('',#2392,#2384,#2394,.T.);
#2392 = VERTEX_POINT('',#2393);
#2393 = CARTESIAN_POINT('',(178.6002,-2.1002,68.4));
#2394 = LINE('',#2395,#2396);
#2395 = CARTESIAN_POINT('',(178.6002,66.75,68.4));
#2396 = VECTOR('',#2397,1.);
#2397 = DIRECTION('',(0.,-1.,1.224646799147E-16));
#2398 = ORIENTED_EDGE('',*,*,#2399,.T.);
#2399 = EDGE_CURVE('',#2392,#2343,#2400,.T.);
#2400 = LINE('',#2401,#2402);
#2401 = CARTESIAN_POINT('',(178.6002,-2.1002,87.7001));
#2402 = VECTOR('',#2403,1.);
#2403 = DIRECTION('',(0.,1.224646799147E-16,1.));
#2404 = ORIENTED_EDGE('',*,*,#2352,.F.);
#2405 = ORIENTED_EDGE('',*,*,#1993,.F.);
#2406 = PLANE('',#2407);
#2407 = AXIS2_PLACEMENT_3D('',#2408,#2409,#2410);
#2408 = CARTESIAN_POINT('',(178.6002,1.3998,89.0002));
#2409 = DIRECTION('',(1.,0.,0.));
#2410 = DIRECTION('',(0.,-1.224646799147E-16,-1.));
#2411 = ADVANCED_FACE('',(#2412),#2457,.T.);
#2412 = FACE_BOUND('',#2413,.T.);
#2413 = EDGE_LOOP('',(#2414,#2415,#2416,#2417,#2426,#2434,#2442,#2450));
#2414 = ORIENTED_EDGE('',*,*,#2093,.T.);
#2415 = ORIENTED_EDGE('',*,*,#2367,.T.);
#2416 = ORIENTED_EDGE('',*,*,#1985,.F.);
#2417 = ORIENTED_EDGE('',*,*,#2418,.F.);
#2418 = EDGE_CURVE('',#2419,#1978,#2421,.T.);
#2419 = VERTEX_POINT('',#2420);
#2420 = CARTESIAN_POINT('',(182.1002,1.3998,85.511));
#2421 = CIRCLE('',#2422,0.889);
#2422 = AXIS2_PLACEMENT_3D('',#2423,#2424,#2425);
#2423 = CARTESIAN_POINT('',(181.2112,1.3998,85.511));
#2424 = DIRECTION('',(0.,-1.,1.224646799147E-16));
#2425 = DIRECTION('',(1.,0.,0.));
#2426 = ORIENTED_EDGE('',*,*,#2427,.T.);
#2427 = EDGE_CURVE('',#2419,#2428,#2430,.T.);
#2428 = VERTEX_POINT('',#2429);
#2429 = CARTESIAN_POINT('',(182.1002,1.3998,68.4));
#2430 = LINE('',#2431,#2432);
#2431 = CARTESIAN_POINT('',(182.1002,1.3998,87.7001));
#2432 = VECTOR('',#2433,1.);
#2433 = DIRECTION('',(0.,-1.224646799147E-16,-1.));
#2434 = ORIENTED_EDGE('',*,*,#2435,.F.);
#2435 = EDGE_CURVE('',#2436,#2428,#2438,.T.);
#2436 = VERTEX_POINT('',#2437);
#2437 = CARTESIAN_POINT('',(183.7004,1.3998,68.4));
#2438 = LINE('',#2439,#2440);
#2439 = CARTESIAN_POINT('',(88.25,1.3998,68.4));
#2440 = VECTOR('',#2441,1.);
#2441 = DIRECTION('',(-1.,0.,-0.));
#2442 = ORIENTED_EDGE('',*,*,#2443,.F.);
#2443 = EDGE_CURVE('',#2444,#2436,#2446,.T.);
#2444 = VERTEX_POINT('',#2445);
#2445 = CARTESIAN_POINT('',(183.7004,1.3998,85.511));
#2446 = LINE('',#2447,#2448);
#2447 = CARTESIAN_POINT('',(183.7004,1.3998,87.7001));
#2448 = VECTOR('',#2449,1.);
#2449 = DIRECTION('',(0.,-1.224646799147E-16,-1.));
#2450 = ORIENTED_EDGE('',*,*,#2451,.T.);
#2451 = EDGE_CURVE('',#2444,#2086,#2452,.T.);
#2452 = CIRCLE('',#2453,2.4892);
#2453 = AXIS2_PLACEMENT_3D('',#2454,#2455,#2456);
#2454 = CARTESIAN_POINT('',(181.2112,1.3998,85.511));
#2455 = DIRECTION('',(0.,-1.,1.224646799147E-16));
#2456 = DIRECTION('',(1.,0.,0.));
#2457 = PLANE('',#2458);
#2458 = AXIS2_PLACEMENT_3D('',#2459,#2460,#2461);
#2459 = CARTESIAN_POINT('',(178.6002,1.3998,89.0002));
#2460 = DIRECTION('',(0.,-1.,1.224646799147E-16));
#2461 = DIRECTION('',(0.,-1.224646799147E-16,-1.));
#2462 = ADVANCED_FACE('',(#2463),#2482,.F.);
#2463 = FACE_BOUND('',#2464,.F.);
#2464 = EDGE_LOOP('',(#2465,#2473,#2480,#2481));
#2465 = ORIENTED_EDGE('',*,*,#2466,.F.);
#2466 = EDGE_CURVE('',#2467,#2419,#2469,.T.);
#2467 = VERTEX_POINT('',#2468);
#2468 = CARTESIAN_POINT('',(182.1002,128.6002,85.511));
#2469 = LINE('',#2470,#2471);
#2470 = CARTESIAN_POINT('',(182.1002,132.1002,85.511));
#2471 = VECTOR('',#2472,1.);
#2472 = DIRECTION('',(0.,-1.,1.224646799147E-16));
#2473 = ORIENTED_EDGE('',*,*,#2474,.T.);
#2474 = EDGE_CURVE('',#2467,#1970,#2475,.T.);
#2475 = CIRCLE('',#2476,0.889);
#2476 = AXIS2_PLACEMENT_3D('',#2477,#2478,#2479);
#2477 = CARTESIAN_POINT('',(181.2112,128.6002,85.511));
#2478 = DIRECTION('',(0.,-1.,1.224646799147E-16));
#2479 = DIRECTION('',(1.,0.,0.));
#2480 = ORIENTED_EDGE('',*,*,#1977,.T.);
#2481 = ORIENTED_EDGE('',*,*,#2418,.F.);
#2482 = CYLINDRICAL_SURFACE('',#2483,0.889);
#2483 = AXIS2_PLACEMENT_3D('',#2484,#2485,#2486);
#2484 = CARTESIAN_POINT('',(181.2112,132.1002,85.511));
#2485 = DIRECTION('',(0.,-1.,1.224646799147E-16));
#2486 = DIRECTION('',(1.,0.,0.));
#2487 = ADVANCED_FACE('',(#2488),#2530,.F.);
#2488 = FACE_BOUND('',#2489,.F.);
#2489 = EDGE_LOOP('',(#2490,#2491,#2497,#2498,#2499,#2507,#2515,#2523));
#2490 = ORIENTED_EDGE('',*,*,#2077,.T.);
#2491 = ORIENTED_EDGE('',*,*,#2492,.T.);
#2492 = EDGE_CURVE('',#2070,#1962,#2493,.T.);
#2493 = LINE('',#2494,#2495);
#2494 = CARTESIAN_POINT('',(178.6002,128.6002,89.0002));
#2495 = VECTOR('',#2496,1.);
#2496 = DIRECTION('',(0.,-1.224646799147E-16,-1.));
#2497 = ORIENTED_EDGE('',*,*,#1969,.F.);
#2498 = ORIENTED_EDGE('',*,*,#2474,.F.);
#2499 = ORIENTED_EDGE('',*,*,#2500,.T.);
#2500 = EDGE_CURVE('',#2467,#2501,#2503,.T.);
#2501 = VERTEX_POINT('',#2502);
#2502 = CARTESIAN_POINT('',(182.1002,128.6002,68.4));
#2503 = LINE('',#2504,#2505);
#2504 = CARTESIAN_POINT('',(182.1002,128.6002,87.7001));
#2505 = VECTOR('',#2506,1.);
#2506 = DIRECTION('',(0.,-1.224646799147E-16,-1.));
#2507 = ORIENTED_EDGE('',*,*,#2508,.F.);
#2508 = EDGE_CURVE('',#2509,#2501,#2511,.T.);
#2509 = VERTEX_POINT('',#2510);
#2510 = CARTESIAN_POINT('',(183.7004,128.6002,68.4));
#2511 = LINE('',#2512,#2513);
#2512 = CARTESIAN_POINT('',(88.25,128.6002,68.4));
#2513 = VECTOR('',#2514,1.);
#2514 = DIRECTION('',(-1.,0.,-0.));
#2515 = ORIENTED_EDGE('',*,*,#2516,.F.);
#2516 = EDGE_CURVE('',#2517,#2509,#2519,.T.);
#2517 = VERTEX_POINT('',#2518);
#2518 = CARTESIAN_POINT('',(183.7004,128.6002,85.511));
#2519 = LINE('',#2520,#2521);
#2520 = CARTESIAN_POINT('',(183.7004,128.6002,87.7001));
#2521 = VECTOR('',#2522,1.);
#2522 = DIRECTION('',(0.,-1.224646799147E-16,-1.));
#2523 = ORIENTED_EDGE('',*,*,#2524,.T.);
#2524 = EDGE_CURVE('',#2517,#2078,#2525,.T.);
#2525 = CIRCLE('',#2526,2.4892);
#2526 = AXIS2_PLACEMENT_3D('',#2527,#2528,#2529);
#2527 = CARTESIAN_POINT('',(181.2112,128.6002,85.511));
#2528 = DIRECTION('',(0.,-1.,1.224646799147E-16));
#2529 = DIRECTION('',(1.,0.,0.));
#2530 = PLANE('',#2531);
#2531 = AXIS2_PLACEMENT_3D('',#2532,#2533,#2534);
#2532 = CARTESIAN_POINT('',(178.6002,128.6002,89.0002));
#2533 = DIRECTION('',(0.,-1.,1.224646799147E-16));
#2534 = DIRECTION('',(0.,-1.224646799147E-16,-1.));
#2535 = ADVANCED_FACE('',(#2536),#2546,.T.);
#2536 = FACE_BOUND('',#2537,.T.);
#2537 = EDGE_LOOP('',(#2538,#2539,#2540,#2541,#2542,#2543,#2544,#2545));
#2538 = ORIENTED_EDGE('',*,*,#2492,.T.);
#2539 = ORIENTED_EDGE('',*,*,#1961,.F.);
#2540 = ORIENTED_EDGE('',*,*,#2327,.F.);
#2541 = ORIENTED_EDGE('',*,*,#2278,.F.);
#2542 = ORIENTED_EDGE('',*,*,#2254,.F.);
#2543 = ORIENTED_EDGE('',*,*,#2218,.T.);
#2544 = ORIENTED_EDGE('',*,*,#2193,.T.);
#2545 = ORIENTED_EDGE('',*,*,#2069,.T.);
#2546 = PLANE('',#2547);
#2547 = AXIS2_PLACEMENT_3D('',#2548,#2549,#2550);
#2548 = CARTESIAN_POINT('',(178.6002,134.7004,89.0002));
#2549 = DIRECTION('',(1.,0.,0.));
#2550 = DIRECTION('',(0.,-1.224646799147E-16,-1.));
#2551 = ADVANCED_FACE('',(#2552),#2563,.T.);
#2552 = FACE_BOUND('',#2553,.F.);
#2553 = EDGE_LOOP('',(#2554,#2560,#2561,#2562));
#2554 = ORIENTED_EDGE('',*,*,#2555,.F.);
#2555 = EDGE_CURVE('',#2135,#2375,#2556,.T.);
#2556 = LINE('',#2557,#2558);
#2557 = CARTESIAN_POINT('',(-2.1002,-3.7004,85.511));
#2558 = VECTOR('',#2559,1.);
#2559 = DIRECTION('',(1.,0.,0.));
#2560 = ORIENTED_EDGE('',*,*,#2134,.F.);
#2561 = ORIENTED_EDGE('',*,*,#2109,.T.);
#2562 = ORIENTED_EDGE('',*,*,#2374,.T.);
#2563 = CYLINDRICAL_SURFACE('',#2564,2.4892);
#2564 = AXIS2_PLACEMENT_3D('',#2565,#2566,#2567);
#2565 = CARTESIAN_POINT('',(-2.1002,-1.2112,85.511));
#2566 = DIRECTION('',(1.,0.,0.));
#2567 = DIRECTION('',(0.,-1.,1.224646799147E-16));
#2568 = ADVANCED_FACE('',(#2569),#2580,.T.);
#2569 = FACE_BOUND('',#2570,.T.);
#2570 = EDGE_LOOP('',(#2571,#2577,#2578,#2579));
#2571 = ORIENTED_EDGE('',*,*,#2572,.F.);
#2572 = EDGE_CURVE('',#2517,#2444,#2573,.T.);
#2573 = LINE('',#2574,#2575);
#2574 = CARTESIAN_POINT('',(183.7004,132.1002,85.511));
#2575 = VECTOR('',#2576,1.);
#2576 = DIRECTION('',(0.,-1.,1.224646799147E-16));
#2577 = ORIENTED_EDGE('',*,*,#2524,.T.);
#2578 = ORIENTED_EDGE('',*,*,#2085,.T.);
#2579 = ORIENTED_EDGE('',*,*,#2451,.F.);
#2580 = CYLINDRICAL_SURFACE('',#2581,2.4892);
#2581 = AXIS2_PLACEMENT_3D('',#2582,#2583,#2584);
#2582 = CARTESIAN_POINT('',(181.2112,132.1002,85.511));
#2583 = DIRECTION('',(0.,-1.,1.224646799147E-16));
#2584 = DIRECTION('',(1.,0.,0.));
#2585 = ADVANCED_FACE('',(#2586,#2597,#2608),#2619,.F.);
#2586 = FACE_BOUND('',#2587,.F.);
#2587 = EDGE_LOOP('',(#2588,#2589,#2590,#2591));
#2588 = ORIENTED_EDGE('',*,*,#2399,.T.);
#2589 = ORIENTED_EDGE('',*,*,#2342,.F.);
#2590 = ORIENTED_EDGE('',*,*,#2159,.F.);
#2591 = ORIENTED_EDGE('',*,*,#2592,.T.);
#2592 = EDGE_CURVE('',#2152,#2392,#2593,.T.);
#2593 = LINE('',#2594,#2595);
#2594 = CARTESIAN_POINT('',(-2.1002,-2.1002,68.4));
#2595 = VECTOR('',#2596,1.);
#2596 = DIRECTION('',(1.,0.,0.));
#2597 = FACE_BOUND('',#2598,.F.);
#2598 = EDGE_LOOP('',(#2599));
#2599 = ORIENTED_EDGE('',*,*,#2600,.T.);
#2600 = EDGE_CURVE('',#2601,#2601,#2603,.T.);
#2601 = VERTEX_POINT('',#2602);
#2602 = CARTESIAN_POINT('',(22.,-2.1002,78.15));
#2603 = CIRCLE('',#2604,2.15);
#2604 = AXIS2_PLACEMENT_3D('',#2605,#2606,#2607);
#2605 = CARTESIAN_POINT('',(22.,-2.1002,76.));
#2606 = DIRECTION('',(0.,1.,0.));
#2607 = DIRECTION('',(0.,-0.,1.));
#2608 = FACE_BOUND('',#2609,.F.);
#2609 = EDGE_LOOP('',(#2610));
#2610 = ORIENTED_EDGE('',*,*,#2611,.T.);
#2611 = EDGE_CURVE('',#2612,#2612,#2614,.T.);
#2612 = VERTEX_POINT('',#2613);
#2613 = CARTESIAN_POINT('',(158.,-2.1002,78.15));
#2614 = CIRCLE('',#2615,2.15);
#2615 = AXIS2_PLACEMENT_3D('',#2616,#2617,#2618);
#2616 = CARTESIAN_POINT('',(158.,-2.1002,76.));
#2617 = DIRECTION('',(0.,1.,0.));
#2618 = DIRECTION('',(0.,-0.,1.));
#2619 = PLANE('',#2620);
#2620 = AXIS2_PLACEMENT_3D('',#2621,#2622,#2623);
#2621 = CARTESIAN_POINT('',(-2.1002,-2.1002,86.4));
#2622 = DIRECTION('',(0.,-1.,1.224646799147E-16));
#2623 = DIRECTION('',(0.,-1.224646799147E-16,-1.));
#2624 = ADVANCED_FACE('',(#2625),#2636,.T.);
#2625 = FACE_BOUND('',#2626,.T.);
#2626 = EDGE_LOOP('',(#2627,#2628,#2629,#2630));
#2627 = ORIENTED_EDGE('',*,*,#2151,.F.);
#2628 = ORIENTED_EDGE('',*,*,#2592,.T.);
#2629 = ORIENTED_EDGE('',*,*,#2391,.T.);
#2630 = ORIENTED_EDGE('',*,*,#2631,.F.);
#2631 = EDGE_CURVE('',#2144,#2384,#2632,.T.);
#2632 = LINE('',#2633,#2634);
#2633 = CARTESIAN_POINT('',(-2.1002,-3.7004,68.4));
#2634 = VECTOR('',#2635,1.);
#2635 = DIRECTION('',(1.,0.,0.));
#2636 = PLANE('',#2637);
#2637 = AXIS2_PLACEMENT_3D('',#2638,#2639,#2640);
#2638 = CARTESIAN_POINT('',(-2.1002,132.1002,68.4));
#2639 = DIRECTION('',(0.,-1.224646799147E-16,-1.));
#2640 = DIRECTION('',(1.,0.,0.));
#2641 = ADVANCED_FACE('',(#2642,#2648,#2659),#2670,.T.);
#2642 = FACE_BOUND('',#2643,.T.);
#2643 = EDGE_LOOP('',(#2644,#2645,#2646,#2647));
#2644 = ORIENTED_EDGE('',*,*,#2383,.T.);
#2645 = ORIENTED_EDGE('',*,*,#2555,.F.);
#2646 = ORIENTED_EDGE('',*,*,#2143,.F.);
#2647 = ORIENTED_EDGE('',*,*,#2631,.T.);
#2648 = FACE_BOUND('',#2649,.T.);
#2649 = EDGE_LOOP('',(#2650));
#2650 = ORIENTED_EDGE('',*,*,#2651,.T.);
#2651 = EDGE_CURVE('',#2652,#2652,#2654,.T.);
#2652 = VERTEX_POINT('',#2653);
#2653 = CARTESIAN_POINT('',(22.,-3.7004,78.15));
#2654 = CIRCLE('',#2655,2.15);
#2655 = AXIS2_PLACEMENT_3D('',#2656,#2657,#2658);
#2656 = CARTESIAN_POINT('',(22.,-3.7004,76.));
#2657 = DIRECTION('',(0.,1.,0.));
#2658 = DIRECTION('',(0.,-0.,1.));
#2659 = FACE_BOUND('',#2660,.T.);
#2660 = EDGE_LOOP('',(#2661));
#2661 = ORIENTED_EDGE('',*,*,#2662,.T.);
#2662 = EDGE_CURVE('',#2663,#2663,#2665,.T.);
#2663 = VERTEX_POINT('',#2664);
#2664 = CARTESIAN_POINT('',(158.,-3.7004,78.15));
#2665 = CIRCLE('',#2666,2.15);
#2666 = AXIS2_PLACEMENT_3D('',#2667,#2668,#2669);
#2667 = CARTESIAN_POINT('',(158.,-3.7004,76.));
#2668 = DIRECTION('',(0.,1.,0.));
#2669 = DIRECTION('',(0.,-0.,1.));
#2670 = PLANE('',#2671);
#2671 = AXIS2_PLACEMENT_3D('',#2672,#2673,#2674);
#2672 = CARTESIAN_POINT('',(-2.1002,-3.7004,86.4));
#2673 = DIRECTION('',(0.,-1.,1.224646799147E-16));
#2674 = DIRECTION('',(0.,-1.224646799147E-16,-1.));
#2675 = ADVANCED_FACE('',(#2676),#2687,.F.);
#2676 = FACE_BOUND('',#2677,.F.);
#2677 = EDGE_LOOP('',(#2678,#2679,#2685,#2686));
#2678 = ORIENTED_EDGE('',*,*,#2226,.F.);
#2679 = ORIENTED_EDGE('',*,*,#2680,.F.);
#2680 = EDGE_CURVE('',#2297,#2227,#2681,.T.);
#2681 = LINE('',#2682,#2683);
#2682 = CARTESIAN_POINT('',(22.,126.,78.15));
#2683 = VECTOR('',#2684,1.);
#2684 = DIRECTION('',(0.,1.,0.));
#2685 = ORIENTED_EDGE('',*,*,#2296,.T.);
#2686 = ORIENTED_EDGE('',*,*,#2680,.T.);
#2687 = CYLINDRICAL_SURFACE('',#2688,2.15);
#2688 = AXIS2_PLACEMENT_3D('',#2689,#2690,#2691);
#2689 = CARTESIAN_POINT('',(22.,126.,76.));
#2690 = DIRECTION('',(0.,1.,0.));
#2691 = DIRECTION('',(0.,-0.,1.));
#2692 = ADVANCED_FACE('',(#2693),#2704,.F.);
#2693 = FACE_BOUND('',#2694,.F.);
#2694 = EDGE_LOOP('',(#2695,#2696,#2702,#2703));
#2695 = ORIENTED_EDGE('',*,*,#2237,.F.);
#2696 = ORIENTED_EDGE('',*,*,#2697,.F.);
#2697 = EDGE_CURVE('',#2308,#2238,#2698,.T.);
#2698 = LINE('',#2699,#2700);
#2699 = CARTESIAN_POINT('',(158.,126.,78.15));
#2700 = VECTOR('',#2701,1.);
#2701 = DIRECTION('',(0.,1.,0.));
#2702 = ORIENTED_EDGE('',*,*,#2307,.T.);
#2703 = ORIENTED_EDGE('',*,*,#2697,.T.);
#2704 = CYLINDRICAL_SURFACE('',#2705,2.15);
#2705 = AXIS2_PLACEMENT_3D('',#2706,#2707,#2708);
#2706 = CARTESIAN_POINT('',(158.,126.,76.));
#2707 = DIRECTION('',(0.,1.,0.));
#2708 = DIRECTION('',(0.,-0.,1.));
#2709 = ADVANCED_FACE('',(#2710),#2721,.T.);
#2710 = FACE_BOUND('',#2711,.T.);
#2711 = EDGE_LOOP('',(#2712,#2713,#2714,#2715));
#2712 = ORIENTED_EDGE('',*,*,#2516,.F.);
#2713 = ORIENTED_EDGE('',*,*,#2572,.T.);
#2714 = ORIENTED_EDGE('',*,*,#2443,.T.);
#2715 = ORIENTED_EDGE('',*,*,#2716,.F.);
#2716 = EDGE_CURVE('',#2509,#2436,#2717,.T.);
#2717 = LINE('',#2718,#2719);
#2718 = CARTESIAN_POINT('',(183.7004,132.1002,68.4));
#2719 = VECTOR('',#2720,1.);
#2720 = DIRECTION('',(0.,-1.,1.224646799147E-16));
#2721 = PLANE('',#2722);
#2722 = AXIS2_PLACEMENT_3D('',#2723,#2724,#2725);
#2723 = CARTESIAN_POINT('',(183.7004,132.1002,86.4));
#2724 = DIRECTION('',(1.,0.,0.));
#2725 = DIRECTION('',(0.,-1.224646799147E-16,-1.));
#2726 = ADVANCED_FACE('',(#2727),#2738,.T.);
#2727 = FACE_BOUND('',#2728,.T.);
#2728 = EDGE_LOOP('',(#2729,#2730,#2736,#2737));
#2729 = ORIENTED_EDGE('',*,*,#2435,.T.);
#2730 = ORIENTED_EDGE('',*,*,#2731,.F.);
#2731 = EDGE_CURVE('',#2501,#2428,#2732,.T.);
#2732 = LINE('',#2733,#2734);
#2733 = CARTESIAN_POINT('',(182.1002,132.1002,68.4));
#2734 = VECTOR('',#2735,1.);
#2735 = DIRECTION('',(0.,-1.,1.224646799147E-16));
#2736 = ORIENTED_EDGE('',*,*,#2508,.F.);
#2737 = ORIENTED_EDGE('',*,*,#2716,.T.);
#2738 = PLANE('',#2739);
#2739 = AXIS2_PLACEMENT_3D('',#2740,#2741,#2742);
#2740 = CARTESIAN_POINT('',(-2.1002,132.1002,68.4));
#2741 = DIRECTION('',(0.,-1.224646799147E-16,-1.));
#2742 = DIRECTION('',(1.,0.,0.));
#2743 = ADVANCED_FACE('',(#2744),#2750,.F.);
#2744 = FACE_BOUND('',#2745,.F.);
#2745 = EDGE_LOOP('',(#2746,#2747,#2748,#2749));
#2746 = ORIENTED_EDGE('',*,*,#2500,.F.);
#2747 = ORIENTED_EDGE('',*,*,#2466,.T.);
#2748 = ORIENTED_EDGE('',*,*,#2427,.T.);
#2749 = ORIENTED_EDGE('',*,*,#2731,.F.);
#2750 = PLANE('',#2751);
#2751 = AXIS2_PLACEMENT_3D('',#2752,#2753,#2754);
#2752 = CARTESIAN_POINT('',(182.1002,132.1002,86.4));
#2753 = DIRECTION('',(1.,0.,0.));
#2754 = DIRECTION('',(0.,-1.224646799147E-16,-1.));
#2755 = ADVANCED_FACE('',(#2756),#2767,.F.);
#2756 = FACE_BOUND('',#2757,.F.);
#2757 = EDGE_LOOP('',(#2758,#2759,#2765,#2766));
#2758 = ORIENTED_EDGE('',*,*,#2600,.F.);
#2759 = ORIENTED_EDGE('',*,*,#2760,.F.);
#2760 = EDGE_CURVE('',#2652,#2601,#2761,.T.);
#2761 = LINE('',#2762,#2763);
#2762 = CARTESIAN_POINT('',(22.,-12.,78.15));
#2763 = VECTOR('',#2764,1.);
#2764 = DIRECTION('',(0.,1.,0.));
#2765 = ORIENTED_EDGE('',*,*,#2651,.T.);
#2766 = ORIENTED_EDGE('',*,*,#2760,.T.);
#2767 = CYLINDRICAL_SURFACE('',#2768,2.15);
#2768 = AXIS2_PLACEMENT_3D('',#2769,#2770,#2771);
#2769 = CARTESIAN_POINT('',(22.,-12.,76.));
#2770 = DIRECTION('',(0.,1.,0.));
#2771 = DIRECTION('',(0.,-0.,1.));
#2772 = ADVANCED_FACE('',(#2773),#2784,.F.);
#2773 = FACE_BOUND('',#2774,.F.);
#2774 = EDGE_LOOP('',(#2775,#2776,#2782,#2783));
#2775 = ORIENTED_EDGE('',*,*,#2611,.F.);
#2776 = ORIENTED_EDGE('',*,*,#2777,.F.);
#2777 = EDGE_CURVE('',#2663,#2612,#2778,.T.);
#2778 = LINE('',#2779,#2780);
#2779 = CARTESIAN_POINT('',(158.,-12.,78.15));
#2780 = VECTOR('',#2781,1.);
#2781 = DIRECTION('',(0.,1.,0.));
#2782 = ORIENTED_EDGE('',*,*,#2662,.T.);
#2783 = ORIENTED_EDGE('',*,*,#2777,.T.);
#2784 = CYLINDRICAL_SURFACE('',#2785,2.15);
#2785 = AXIS2_PLACEMENT_3D('',#2786,#2787,#2788);
#2786 = CARTESIAN_POINT('',(158.,-12.,76.));
#2787 = DIRECTION('',(0.,1.,0.));
#2788 = DIRECTION('',(0.,-0.,1.));
#2789 = MANIFOLD_SOLID_BREP('',#2790);
#2790 = CLOSED_SHELL('',(#2791,#2831,#2862,#2893,#2924,#2955,#2990,#3021
    ,#3056,#3080,#3113,#3137,#3161,#3183,#3218,#3235,#3247,#3264,#3276,
    #3288));
#2791 = ADVANCED_FACE('',(#2792),#2826,.F.);
#2792 = FACE_BOUND('',#2793,.F.);
#2793 = EDGE_LOOP('',(#2794,#2804,#2812,#2820));
#2794 = ORIENTED_EDGE('',*,*,#2795,.F.);
#2795 = EDGE_CURVE('',#2796,#2798,#2800,.T.);
#2796 = VERTEX_POINT('',#2797);
#2797 = CARTESIAN_POINT('',(73.8,64.73,0.));
#2798 = VERTEX_POINT('',#2799);
#2799 = CARTESIAN_POINT('',(126.2,64.73,0.));
#2800 = LINE('',#2801,#2802);
#2801 = CARTESIAN_POINT('',(73.8,64.73,0.));
#2802 = VECTOR('',#2803,1.);
#2803 = DIRECTION('',(1.,0.,-0.));
#2804 = ORIENTED_EDGE('',*,*,#2805,.T.);
#2805 = EDGE_CURVE('',#2796,#2806,#2808,.T.);
#2806 = VERTEX_POINT('',#2807);
#2807 = CARTESIAN_POINT('',(73.8,64.73,2.5));
#2808 = LINE('',#2809,#2810);
#2809 = CARTESIAN_POINT('',(73.8,64.73,0.));
#2810 = VECTOR('',#2811,1.);
#2811 = DIRECTION('',(0.,0.,1.));
#2812 = ORIENTED_EDGE('',*,*,#2813,.T.);
#2813 = EDGE_CURVE('',#2806,#2814,#2816,.T.);
#2814 = VERTEX_POINT('',#2815);
#2815 = CARTESIAN_POINT('',(126.2,64.73,2.5));
#2816 = LINE('',#2817,#2818);
#2817 = CARTESIAN_POINT('',(65.71,64.73,2.5));
#2818 = VECTOR('',#2819,1.);
#2819 = DIRECTION('',(1.,0.,-0.));
#2820 = ORIENTED_EDGE('',*,*,#2821,.F.);
#2821 = EDGE_CURVE('',#2798,#2814,#2822,.T.);
#2822 = LINE('',#2823,#2824);
#2823 = CARTESIAN_POINT('',(126.2,64.73,0.));
#2824 = VECTOR('',#2825,1.);
#2825 = DIRECTION('',(0.,0.,1.));
#2826 = PLANE('',#2827);
#2827 = AXIS2_PLACEMENT_3D('',#2828,#2829,#2830);
#2828 = CARTESIAN_POINT('',(73.8,64.73,0.));
#2829 = DIRECTION('',(-0.,1.,0.));
#2830 = DIRECTION('',(0.,0.,1.));
#2831 = ADVANCED_FACE('',(#2832),#2857,.F.);
#2832 = FACE_BOUND('',#2833,.F.);
#2833 = EDGE_LOOP('',(#2834,#2842,#2843,#2851));
#2834 = ORIENTED_EDGE('',*,*,#2835,.F.);
#2835 = EDGE_CURVE('',#2796,#2836,#2838,.T.);
#2836 = VERTEX_POINT('',#2837);
#2837 = CARTESIAN_POINT('',(73.8,99.27,0.));
#2838 = LINE('',#2839,#2840);
#2839 = CARTESIAN_POINT('',(73.8,64.73,0.));
#2840 = VECTOR('',#2841,1.);
#2841 = DIRECTION('',(-0.,1.,0.));
#2842 = ORIENTED_EDGE('',*,*,#2795,.T.);
#2843 = ORIENTED_EDGE('',*,*,#2844,.T.);
#2844 = EDGE_CURVE('',#2798,#2845,#2847,.T.);
#2845 = VERTEX_POINT('',#2846);
#2846 = CARTESIAN_POINT('',(126.2,99.27,0.));
#2847 = LINE('',#2848,#2849);
#2848 = CARTESIAN_POINT('',(126.2,64.73,0.));
#2849 = VECTOR('',#2850,1.);
#2850 = DIRECTION('',(-0.,1.,0.));
#2851 = ORIENTED_EDGE('',*,*,#2852,.F.);
#2852 = EDGE_CURVE('',#2836,#2845,#2853,.T.);
#2853 = LINE('',#2854,#2855);
#2854 = CARTESIAN_POINT('',(73.8,99.27,0.));
#2855 = VECTOR('',#2856,1.);
#2856 = DIRECTION('',(1.,0.,-0.));
#2857 = PLANE('',#2858);
#2858 = AXIS2_PLACEMENT_3D('',#2859,#2860,#2861);
#2859 = CARTESIAN_POINT('',(73.8,64.73,0.));
#2860 = DIRECTION('',(0.,0.,1.));
#2861 = DIRECTION('',(1.,0.,-0.));
#2862 = ADVANCED_FACE('',(#2863),#2888,.F.);
#2863 = FACE_BOUND('',#2864,.F.);
#2864 = EDGE_LOOP('',(#2865,#2873,#2874,#2882));
#2865 = ORIENTED_EDGE('',*,*,#2866,.F.);
#2866 = EDGE_CURVE('',#2798,#2867,#2869,.T.);
#2867 = VERTEX_POINT('',#2868);
#2868 = CARTESIAN_POINT('',(134.29,64.73,0.));
#2869 = LINE('',#2870,#2871);
#2870 = CARTESIAN_POINT('',(65.71,64.73,0.));
#2871 = VECTOR('',#2872,1.);
#2872 = DIRECTION('',(1.,0.,-0.));
#2873 = ORIENTED_EDGE('',*,*,#2821,.T.);
#2874 = ORIENTED_EDGE('',*,*,#2875,.T.);
#2875 = EDGE_CURVE('',#2814,#2876,#2878,.T.);
#2876 = VERTEX_POINT('',#2877);
#2877 = CARTESIAN_POINT('',(134.29,64.73,2.5));
#2878 = LINE('',#2879,#2880);
#2879 = CARTESIAN_POINT('',(65.71,64.73,2.5));
#2880 = VECTOR('',#2881,1.);
#2881 = DIRECTION('',(1.,0.,-0.));
#2882 = ORIENTED_EDGE('',*,*,#2883,.F.);
#2883 = EDGE_CURVE('',#2867,#2876,#2884,.T.);
#2884 = LINE('',#2885,#2886);
#2885 = CARTESIAN_POINT('',(134.29,64.73,0.));
#2886 = VECTOR('',#2887,1.);
#2887 = DIRECTION('',(0.,0.,1.));
#2888 = PLANE('',#2889);
#2889 = AXIS2_PLACEMENT_3D('',#2890,#2891,#2892);
#2890 = CARTESIAN_POINT('',(65.71,64.73,0.));
#2891 = DIRECTION('',(-0.,1.,0.));
#2892 = DIRECTION('',(0.,0.,1.));
#2893 = ADVANCED_FACE('',(#2894),#2919,.F.);
#2894 = FACE_BOUND('',#2895,.F.);
#2895 = EDGE_LOOP('',(#2896,#2897,#2905,#2913));
#2896 = ORIENTED_EDGE('',*,*,#2813,.F.);
#2897 = ORIENTED_EDGE('',*,*,#2898,.T.);
#2898 = EDGE_CURVE('',#2806,#2899,#2901,.T.);
#2899 = VERTEX_POINT('',#2900);
#2900 = CARTESIAN_POINT('',(73.8,64.73,26.42));
#2901 = LINE('',#2902,#2903);
#2902 = CARTESIAN_POINT('',(73.8,64.73,0.));
#2903 = VECTOR('',#2904,1.);
#2904 = DIRECTION('',(0.,0.,1.));
#2905 = ORIENTED_EDGE('',*,*,#2906,.T.);
#2906 = EDGE_CURVE('',#2899,#2907,#2909,.T.);
#2907 = VERTEX_POINT('',#2908);
#2908 = CARTESIAN_POINT('',(126.2,64.73,26.42));
#2909 = LINE('',#2910,#2911);
#2910 = CARTESIAN_POINT('',(73.8,64.73,26.42));
#2911 = VECTOR('',#2912,1.);
#2912 = DIRECTION('',(1.,0.,-0.));
#2913 = ORIENTED_EDGE('',*,*,#2914,.F.);
#2914 = EDGE_CURVE('',#2814,#2907,#2915,.T.);
#2915 = LINE('',#2916,#2917);
#2916 = CARTESIAN_POINT('',(126.2,64.73,0.));
#2917 = VECTOR('',#2918,1.);
#2918 = DIRECTION('',(0.,0.,1.));
#2919 = PLANE('',#2920);
#2920 = AXIS2_PLACEMENT_3D('',#2921,#2922,#2923);
#2921 = CARTESIAN_POINT('',(73.8,64.73,0.));
#2922 = DIRECTION('',(-0.,1.,0.));
#2923 = DIRECTION('',(0.,0.,1.));
#2924 = ADVANCED_FACE('',(#2925),#2950,.F.);
#2925 = FACE_BOUND('',#2926,.F.);
#2926 = EDGE_LOOP('',(#2927,#2935,#2943,#2949));
#2927 = ORIENTED_EDGE('',*,*,#2928,.F.);
#2928 = EDGE_CURVE('',#2929,#2796,#2931,.T.);
#2929 = VERTEX_POINT('',#2930);
#2930 = CARTESIAN_POINT('',(65.71,64.73,0.));
#2931 = LINE('',#2932,#2933);
#2932 = CARTESIAN_POINT('',(65.71,64.73,0.));
#2933 = VECTOR('',#2934,1.);
#2934 = DIRECTION('',(1.,0.,-0.));
#2935 = ORIENTED_EDGE('',*,*,#2936,.T.);
#2936 = EDGE_CURVE('',#2929,#2937,#2939,.T.);
#2937 = VERTEX_POINT('',#2938);
#2938 = CARTESIAN_POINT('',(65.71,64.73,2.5));
#2939 = LINE('',#2940,#2941);
#2940 = CARTESIAN_POINT('',(65.71,64.73,0.));
#2941 = VECTOR('',#2942,1.);
#2942 = DIRECTION('',(0.,0.,1.));
#2943 = ORIENTED_EDGE('',*,*,#2944,.T.);
#2944 = EDGE_CURVE('',#2937,#2806,#2945,.T.);
#2945 = LINE('',#2946,#2947);
#2946 = CARTESIAN_POINT('',(65.71,64.73,2.5));
#2947 = VECTOR('',#2948,1.);
#2948 = DIRECTION('',(1.,0.,-0.));
#2949 = ORIENTED_EDGE('',*,*,#2805,.F.);
#2950 = PLANE('',#2951);
#2951 = AXIS2_PLACEMENT_3D('',#2952,#2953,#2954);
#2952 = CARTESIAN_POINT('',(65.71,64.73,0.));
#2953 = DIRECTION('',(-0.,1.,0.));
#2954 = DIRECTION('',(0.,0.,1.));
#2955 = ADVANCED_FACE('',(#2956,#2974),#2985,.F.);
#2956 = FACE_BOUND('',#2957,.F.);
#2957 = EDGE_LOOP('',(#2958,#2966,#2972,#2973));
#2958 = ORIENTED_EDGE('',*,*,#2959,.F.);
#2959 = EDGE_CURVE('',#2960,#2836,#2962,.T.);
#2960 = VERTEX_POINT('',#2961);
#2961 = CARTESIAN_POINT('',(65.71,99.27,0.));
#2962 = LINE('',#2963,#2964);
#2963 = CARTESIAN_POINT('',(65.71,99.27,0.));
#2964 = VECTOR('',#2965,1.);
#2965 = DIRECTION('',(1.,0.,-0.));
#2966 = ORIENTED_EDGE('',*,*,#2967,.F.);
#2967 = EDGE_CURVE('',#2929,#2960,#2968,.T.);
#2968 = LINE('',#2969,#2970);
#2969 = CARTESIAN_POINT('',(65.71,64.73,0.));
#2970 = VECTOR('',#2971,1.);
#2971 = DIRECTION('',(-0.,1.,0.));
#2972 = ORIENTED_EDGE('',*,*,#2928,.T.);
#2973 = ORIENTED_EDGE('',*,*,#2835,.T.);
#2974 = FACE_BOUND('',#2975,.F.);
#2975 = EDGE_LOOP('',(#2976));
#2976 = ORIENTED_EDGE('',*,*,#2977,.F.);
#2977 = EDGE_CURVE('',#2978,#2978,#2980,.T.);
#2978 = VERTEX_POINT('',#2979);
#2979 = CARTESIAN_POINT('',(72.47,82.,0.));
#2980 = CIRCLE('',#2981,2.25);
#2981 = AXIS2_PLACEMENT_3D('',#2982,#2983,#2984);
#2982 = CARTESIAN_POINT('',(70.22,82.,0.));
#2983 = DIRECTION('',(0.,0.,1.));
#2984 = DIRECTION('',(1.,0.,-0.));
#2985 = PLANE('',#2986);
#2986 = AXIS2_PLACEMENT_3D('',#2987,#2988,#2989);
#2987 = CARTESIAN_POINT('',(65.71,64.73,0.));
#2988 = DIRECTION('',(0.,0.,1.));
#2989 = DIRECTION('',(1.,0.,-0.));
#2990 = ADVANCED_FACE('',(#2991),#3016,.T.);
#2991 = FACE_BOUND('',#2992,.T.);
#2992 = EDGE_LOOP('',(#2993,#2994,#3002,#3010));
#2993 = ORIENTED_EDGE('',*,*,#2852,.F.);
#2994 = ORIENTED_EDGE('',*,*,#2995,.T.);
#2995 = EDGE_CURVE('',#2836,#2996,#2998,.T.);
#2996 = VERTEX_POINT('',#2997);
#2997 = CARTESIAN_POINT('',(73.8,99.27,2.5));
#2998 = LINE('',#2999,#3000);
#2999 = CARTESIAN_POINT('',(73.8,99.27,0.));
#3000 = VECTOR('',#3001,1.);
#3001 = DIRECTION('',(0.,0.,1.));
#3002 = ORIENTED_EDGE('',*,*,#3003,.T.);
#3003 = EDGE_CURVE('',#2996,#3004,#3006,.T.);
#3004 = VERTEX_POINT('',#3005);
#3005 = CARTESIAN_POINT('',(126.2,99.27,2.5));
#3006 = LINE('',#3007,#3008);
#3007 = CARTESIAN_POINT('',(65.71,99.27,2.5));
#3008 = VECTOR('',#3009,1.);
#3009 = DIRECTION('',(1.,0.,-0.));
#3010 = ORIENTED_EDGE('',*,*,#3011,.F.);
#3011 = EDGE_CURVE('',#2845,#3004,#3012,.T.);
#3012 = LINE('',#3013,#3014);
#3013 = CARTESIAN_POINT('',(126.2,99.27,0.));
#3014 = VECTOR('',#3015,1.);
#3015 = DIRECTION('',(0.,0.,1.));
#3016 = PLANE('',#3017);
#3017 = AXIS2_PLACEMENT_3D('',#3018,#3019,#3020);
#3018 = CARTESIAN_POINT('',(73.8,99.27,0.));
#3019 = DIRECTION('',(-0.,1.,0.));
#3020 = DIRECTION('',(0.,0.,1.));
#3021 = ADVANCED_FACE('',(#3022,#3040),#3051,.F.);
#3022 = FACE_BOUND('',#3023,.F.);
#3023 = EDGE_LOOP('',(#3024,#3032,#3033,#3034));
#3024 = ORIENTED_EDGE('',*,*,#3025,.F.);
#3025 = EDGE_CURVE('',#2845,#3026,#3028,.T.);
#3026 = VERTEX_POINT('',#3027);
#3027 = CARTESIAN_POINT('',(134.29,99.27,0.));
#3028 = LINE('',#3029,#3030);
#3029 = CARTESIAN_POINT('',(65.71,99.27,0.));
#3030 = VECTOR('',#3031,1.);
#3031 = DIRECTION('',(1.,0.,-0.));
#3032 = ORIENTED_EDGE('',*,*,#2844,.F.);
#3033 = ORIENTED_EDGE('',*,*,#2866,.T.);
#3034 = ORIENTED_EDGE('',*,*,#3035,.T.);
#3035 = EDGE_CURVE('',#2867,#3026,#3036,.T.);
#3036 = LINE('',#3037,#3038);
#3037 = CARTESIAN_POINT('',(134.29,64.73,0.));
#3038 = VECTOR('',#3039,1.);
#3039 = DIRECTION('',(-0.,1.,0.));
#3040 = FACE_BOUND('',#3041,.F.);
#3041 = EDGE_LOOP('',(#3042));
#3042 = ORIENTED_EDGE('',*,*,#3043,.F.);
#3043 = EDGE_CURVE('',#3044,#3044,#3046,.T.);
#3044 = VERTEX_POINT('',#3045);
#3045 = CARTESIAN_POINT('',(132.03,82.,0.));
#3046 = CIRCLE('',#3047,2.25);
#3047 = AXIS2_PLACEMENT_3D('',#3048,#3049,#3050);
#3048 = CARTESIAN_POINT('',(129.78,82.,0.));
#3049 = DIRECTION('',(0.,0.,1.));
#3050 = DIRECTION('',(1.,0.,-0.));
#3051 = PLANE('',#3052);
#3052 = AXIS2_PLACEMENT_3D('',#3053,#3054,#3055);
#3053 = CARTESIAN_POINT('',(65.71,64.73,0.));
#3054 = DIRECTION('',(0.,0.,1.));
#3055 = DIRECTION('',(1.,0.,-0.));
#3056 = ADVANCED_FACE('',(#3057),#3075,.T.);
#3057 = FACE_BOUND('',#3058,.T.);
#3058 = EDGE_LOOP('',(#3059,#3060,#3061,#3069));
#3059 = ORIENTED_EDGE('',*,*,#2883,.F.);
#3060 = ORIENTED_EDGE('',*,*,#3035,.T.);
#3061 = ORIENTED_EDGE('',*,*,#3062,.T.);
#3062 = EDGE_CURVE('',#3026,#3063,#3065,.T.);
#3063 = VERTEX_POINT('',#3064);
#3064 = CARTESIAN_POINT('',(134.29,99.27,2.5));
#3065 = LINE('',#3066,#3067);
#3066 = CARTESIAN_POINT('',(134.29,99.27,0.));
#3067 = VECTOR('',#3068,1.);
#3068 = DIRECTION('',(0.,0.,1.));
#3069 = ORIENTED_EDGE('',*,*,#3070,.F.);
#3070 = EDGE_CURVE('',#2876,#3063,#3071,.T.);
#3071 = LINE('',#3072,#3073);
#3072 = CARTESIAN_POINT('',(134.29,64.73,2.5));
#3073 = VECTOR('',#3074,1.);
#3074 = DIRECTION('',(-0.,1.,0.));
#3075 = PLANE('',#3076);
#3076 = AXIS2_PLACEMENT_3D('',#3077,#3078,#3079);
#3077 = CARTESIAN_POINT('',(134.29,64.73,0.));
#3078 = DIRECTION('',(1.,0.,-0.));
#3079 = DIRECTION('',(0.,0.,1.));
#3080 = ADVANCED_FACE('',(#3081,#3097),#3108,.T.);
#3081 = FACE_BOUND('',#3082,.T.);
#3082 = EDGE_LOOP('',(#3083,#3089,#3095,#3096));
#3083 = ORIENTED_EDGE('',*,*,#3084,.F.);
#3084 = EDGE_CURVE('',#3004,#3063,#3085,.T.);
#3085 = LINE('',#3086,#3087);
#3086 = CARTESIAN_POINT('',(65.71,99.27,2.5));
#3087 = VECTOR('',#3088,1.);
#3088 = DIRECTION('',(1.,0.,-0.));
#3089 = ORIENTED_EDGE('',*,*,#3090,.T.);
#3090 = EDGE_CURVE('',#3004,#2814,#3091,.T.);
#3091 = LINE('',#3092,#3093);
#3092 = CARTESIAN_POINT('',(126.2,64.73,2.5));
#3093 = VECTOR('',#3094,1.);
#3094 = DIRECTION('',(0.,-1.,0.));
#3095 = ORIENTED_EDGE('',*,*,#2875,.T.);
#3096 = ORIENTED_EDGE('',*,*,#3070,.T.);
#3097 = FACE_BOUND('',#3098,.T.);
#3098 = EDGE_LOOP('',(#3099));
#3099 = ORIENTED_EDGE('',*,*,#3100,.F.);
#3100 = EDGE_CURVE('',#3101,#3101,#3103,.T.);
#3101 = VERTEX_POINT('',#3102);
#3102 = CARTESIAN_POINT('',(132.03,82.,2.5));
#3103 = CIRCLE('',#3104,2.25);
#3104 = AXIS2_PLACEMENT_3D('',#3105,#3106,#3107);
#3105 = CARTESIAN_POINT('',(129.78,82.,2.5));
#3106 = DIRECTION('',(0.,0.,1.));
#3107 = DIRECTION('',(1.,0.,-0.));
#3108 = PLANE('',#3109);
#3109 = AXIS2_PLACEMENT_3D('',#3110,#3111,#3112);
#3110 = CARTESIAN_POINT('',(65.71,64.73,2.5));
#3111 = DIRECTION('',(0.,0.,1.));
#3112 = DIRECTION('',(1.,0.,-0.));
#3113 = ADVANCED_FACE('',(#3114),#3132,.T.);
#3114 = FACE_BOUND('',#3115,.T.);
#3115 = EDGE_LOOP('',(#3116,#3117,#3118,#3126));
#3116 = ORIENTED_EDGE('',*,*,#2914,.F.);
#3117 = ORIENTED_EDGE('',*,*,#3090,.F.);
#3118 = ORIENTED_EDGE('',*,*,#3119,.T.);
#3119 = EDGE_CURVE('',#3004,#3120,#3122,.T.);
#3120 = VERTEX_POINT('',#3121);
#3121 = CARTESIAN_POINT('',(126.2,99.27,26.42));
#3122 = LINE('',#3123,#3124);
#3123 = CARTESIAN_POINT('',(126.2,99.27,0.));
#3124 = VECTOR('',#3125,1.);
#3125 = DIRECTION('',(0.,0.,1.));
#3126 = ORIENTED_EDGE('',*,*,#3127,.F.);
#3127 = EDGE_CURVE('',#2907,#3120,#3128,.T.);
#3128 = LINE('',#3129,#3130);
#3129 = CARTESIAN_POINT('',(126.2,64.73,26.42));
#3130 = VECTOR('',#3131,1.);
#3131 = DIRECTION('',(-0.,1.,0.));
#3132 = PLANE('',#3133);
#3133 = AXIS2_PLACEMENT_3D('',#3134,#3135,#3136);
#3134 = CARTESIAN_POINT('',(126.2,64.73,0.));
#3135 = DIRECTION('',(1.,0.,-0.));
#3136 = DIRECTION('',(0.,0.,1.));
#3137 = ADVANCED_FACE('',(#3138),#3156,.T.);
#3138 = FACE_BOUND('',#3139,.T.);
#3139 = EDGE_LOOP('',(#3140,#3148,#3149,#3150));
#3140 = ORIENTED_EDGE('',*,*,#3141,.F.);
#3141 = EDGE_CURVE('',#2899,#3142,#3144,.T.);
#3142 = VERTEX_POINT('',#3143);
#3143 = CARTESIAN_POINT('',(73.8,99.27,26.42));
#3144 = LINE('',#3145,#3146);
#3145 = CARTESIAN_POINT('',(73.8,64.73,26.42));
#3146 = VECTOR('',#3147,1.);
#3147 = DIRECTION('',(-0.,1.,0.));
#3148 = ORIENTED_EDGE('',*,*,#2906,.T.);
#3149 = ORIENTED_EDGE('',*,*,#3127,.T.);
#3150 = ORIENTED_EDGE('',*,*,#3151,.F.);
#3151 = EDGE_CURVE('',#3142,#3120,#3152,.T.);
#3152 = LINE('',#3153,#3154);
#3153 = CARTESIAN_POINT('',(73.8,99.27,26.42));
#3154 = VECTOR('',#3155,1.);
#3155 = DIRECTION('',(1.,0.,-0.));
#3156 = PLANE('',#3157);
#3157 = AXIS2_PLACEMENT_3D('',#3158,#3159,#3160);
#3158 = CARTESIAN_POINT('',(73.8,64.73,26.42));
#3159 = DIRECTION('',(0.,0.,1.));
#3160 = DIRECTION('',(1.,0.,-0.));
#3161 = ADVANCED_FACE('',(#3162),#3178,.F.);
#3162 = FACE_BOUND('',#3163,.F.);
#3163 = EDGE_LOOP('',(#3164,#3165,#3171,#3177));
#3164 = ORIENTED_EDGE('',*,*,#2898,.F.);
#3165 = ORIENTED_EDGE('',*,*,#3166,.F.);
#3166 = EDGE_CURVE('',#2996,#2806,#3167,.T.);
#3167 = LINE('',#3168,#3169);
#3168 = CARTESIAN_POINT('',(73.8,64.73,2.5));
#3169 = VECTOR('',#3170,1.);
#3170 = DIRECTION('',(0.,-1.,0.));
#3171 = ORIENTED_EDGE('',*,*,#3172,.T.);
#3172 = EDGE_CURVE('',#2996,#3142,#3173,.T.);
#3173 = LINE('',#3174,#3175);
#3174 = CARTESIAN_POINT('',(73.8,99.27,0.));
#3175 = VECTOR('',#3176,1.);
#3176 = DIRECTION('',(0.,0.,1.));
#3177 = ORIENTED_EDGE('',*,*,#3141,.F.);
#3178 = PLANE('',#3179);
#3179 = AXIS2_PLACEMENT_3D('',#3180,#3181,#3182);
#3180 = CARTESIAN_POINT('',(73.8,64.73,0.));
#3181 = DIRECTION('',(1.,0.,-0.));
#3182 = DIRECTION('',(0.,0.,1.));
#3183 = ADVANCED_FACE('',(#3184,#3202),#3213,.T.);
#3184 = FACE_BOUND('',#3185,.T.);
#3185 = EDGE_LOOP('',(#3186,#3194,#3200,#3201));
#3186 = ORIENTED_EDGE('',*,*,#3187,.F.);
#3187 = EDGE_CURVE('',#3188,#2996,#3190,.T.);
#3188 = VERTEX_POINT('',#3189);
#3189 = CARTESIAN_POINT('',(65.71,99.27,2.5));
#3190 = LINE('',#3191,#3192);
#3191 = CARTESIAN_POINT('',(65.71,99.27,2.5));
#3192 = VECTOR('',#3193,1.);
#3193 = DIRECTION('',(1.,0.,-0.));
#3194 = ORIENTED_EDGE('',*,*,#3195,.F.);
#3195 = EDGE_CURVE('',#2937,#3188,#3196,.T.);
#3196 = LINE('',#3197,#3198);
#3197 = CARTESIAN_POINT('',(65.71,64.73,2.5));
#3198 = VECTOR('',#3199,1.);
#3199 = DIRECTION('',(-0.,1.,0.));
#3200 = ORIENTED_EDGE('',*,*,#2944,.T.);
#3201 = ORIENTED_EDGE('',*,*,#3166,.F.);
#3202 = FACE_BOUND('',#3203,.T.);
#3203 = EDGE_LOOP('',(#3204));
#3204 = ORIENTED_EDGE('',*,*,#3205,.F.);
#3205 = EDGE_CURVE('',#3206,#3206,#3208,.T.);
#3206 = VERTEX_POINT('',#3207);
#3207 = CARTESIAN_POINT('',(72.47,82.,2.5));
#3208 = CIRCLE('',#3209,2.25);
#3209 = AXIS2_PLACEMENT_3D('',#3210,#3211,#3212);
#3210 = CARTESIAN_POINT('',(70.22,82.,2.5));
#3211 = DIRECTION('',(0.,0.,1.));
#3212 = DIRECTION('',(1.,0.,-0.));
#3213 = PLANE('',#3214);
#3214 = AXIS2_PLACEMENT_3D('',#3215,#3216,#3217);
#3215 = CARTESIAN_POINT('',(65.71,64.73,2.5));
#3216 = DIRECTION('',(0.,0.,1.));
#3217 = DIRECTION('',(1.,0.,-0.));
#3218 = ADVANCED_FACE('',(#3219),#3230,.F.);
#3219 = FACE_BOUND('',#3220,.F.);
#3220 = EDGE_LOOP('',(#3221,#3222,#3223,#3229));
#3221 = ORIENTED_EDGE('',*,*,#2936,.F.);
#3222 = ORIENTED_EDGE('',*,*,#2967,.T.);
#3223 = ORIENTED_EDGE('',*,*,#3224,.T.);
#3224 = EDGE_CURVE('',#2960,#3188,#3225,.T.);
#3225 = LINE('',#3226,#3227);
#3226 = CARTESIAN_POINT('',(65.71,99.27,0.));
#3227 = VECTOR('',#3228,1.);
#3228 = DIRECTION('',(0.,0.,1.));
#3229 = ORIENTED_EDGE('',*,*,#3195,.F.);
#3230 = PLANE('',#3231);
#3231 = AXIS2_PLACEMENT_3D('',#3232,#3233,#3234);
#3232 = CARTESIAN_POINT('',(65.71,64.73,0.));
#3233 = DIRECTION('',(1.,0.,-0.));
#3234 = DIRECTION('',(0.,0.,1.));
#3235 = ADVANCED_FACE('',(#3236),#3242,.T.);
#3236 = FACE_BOUND('',#3237,.T.);
#3237 = EDGE_LOOP('',(#3238,#3239,#3240,#3241));
#3238 = ORIENTED_EDGE('',*,*,#2959,.F.);
#3239 = ORIENTED_EDGE('',*,*,#3224,.T.);
#3240 = ORIENTED_EDGE('',*,*,#3187,.T.);
#3241 = ORIENTED_EDGE('',*,*,#2995,.F.);
#3242 = PLANE('',#3243);
#3243 = AXIS2_PLACEMENT_3D('',#3244,#3245,#3246);
#3244 = CARTESIAN_POINT('',(65.71,99.27,0.));
#3245 = DIRECTION('',(-0.,1.,0.));
#3246 = DIRECTION('',(0.,0.,1.));
#3247 = ADVANCED_FACE('',(#3248),#3259,.F.);
#3248 = FACE_BOUND('',#3249,.F.);
#3249 = EDGE_LOOP('',(#3250,#3251,#3257,#3258));
#3250 = ORIENTED_EDGE('',*,*,#3205,.F.);
#3251 = ORIENTED_EDGE('',*,*,#3252,.F.);
#3252 = EDGE_CURVE('',#2978,#3206,#3253,.T.);
#3253 = LINE('',#3254,#3255);
#3254 = CARTESIAN_POINT('',(72.47,82.,-1.));
#3255 = VECTOR('',#3256,1.);
#3256 = DIRECTION('',(0.,0.,1.));
#3257 = ORIENTED_EDGE('',*,*,#2977,.T.);
#3258 = ORIENTED_EDGE('',*,*,#3252,.T.);
#3259 = CYLINDRICAL_SURFACE('',#3260,2.25);
#3260 = AXIS2_PLACEMENT_3D('',#3261,#3262,#3263);
#3261 = CARTESIAN_POINT('',(70.22,82.,-1.));
#3262 = DIRECTION('',(0.,0.,1.));
#3263 = DIRECTION('',(1.,0.,-0.));
#3264 = ADVANCED_FACE('',(#3265),#3271,.T.);
#3265 = FACE_BOUND('',#3266,.T.);
#3266 = EDGE_LOOP('',(#3267,#3268,#3269,#3270));
#3267 = ORIENTED_EDGE('',*,*,#3025,.F.);
#3268 = ORIENTED_EDGE('',*,*,#3011,.T.);
#3269 = ORIENTED_EDGE('',*,*,#3084,.T.);
#3270 = ORIENTED_EDGE('',*,*,#3062,.F.);
#3271 = PLANE('',#3272);
#3272 = AXIS2_PLACEMENT_3D('',#3273,#3274,#3275);
#3273 = CARTESIAN_POINT('',(65.71,99.27,0.));
#3274 = DIRECTION('',(-0.,1.,0.));
#3275 = DIRECTION('',(0.,0.,1.));
#3276 = ADVANCED_FACE('',(#3277),#3283,.T.);
#3277 = FACE_BOUND('',#3278,.T.);
#3278 = EDGE_LOOP('',(#3279,#3280,#3281,#3282));
#3279 = ORIENTED_EDGE('',*,*,#3003,.F.);
#3280 = ORIENTED_EDGE('',*,*,#3172,.T.);
#3281 = ORIENTED_EDGE('',*,*,#3151,.T.);
#3282 = ORIENTED_EDGE('',*,*,#3119,.F.);
#3283 = PLANE('',#3284);
#3284 = AXIS2_PLACEMENT_3D('',#3285,#3286,#3287);
#3285 = CARTESIAN_POINT('',(73.8,99.27,0.));
#3286 = DIRECTION('',(-0.,1.,0.));
#3287 = DIRECTION('',(0.,0.,1.));
#3288 = ADVANCED_FACE('',(#3289),#3300,.F.);
#3289 = FACE_BOUND('',#3290,.F.);
#3290 = EDGE_LOOP('',(#3291,#3292,#3298,#3299));
#3291 = ORIENTED_EDGE('',*,*,#3100,.F.);
#3292 = ORIENTED_EDGE('',*,*,#3293,.F.);
#3293 = EDGE_CURVE('',#3044,#3101,#3294,.T.);
#3294 = LINE('',#3295,#3296);
#3295 = CARTESIAN_POINT('',(132.03,82.,-1.));
#3296 = VECTOR('',#3297,1.);
#3297 = DIRECTION('',(0.,0.,1.));
#3298 = ORIENTED_EDGE('',*,*,#3043,.T.);
#3299 = ORIENTED_EDGE('',*,*,#3293,.T.);
#3300 = CYLINDRICAL_SURFACE('',#3301,2.25);
#3301 = AXIS2_PLACEMENT_3D('',#3302,#3303,#3304);
#3302 = CARTESIAN_POINT('',(129.78,82.,-1.));
#3303 = DIRECTION('',(0.,0.,1.));
#3304 = DIRECTION('',(1.,0.,-0.));
#3305 = MANIFOLD_SOLID_BREP('',#3306);
#3306 = CLOSED_SHELL('',(#3307,#3347,#3387,#3409,#3431,#3443));
#3307 = ADVANCED_FACE('',(#3308),#3342,.F.);
#3308 = FACE_BOUND('',#3309,.F.);
#3309 = EDGE_LOOP('',(#3310,#3320,#3328,#3336));
#3310 = ORIENTED_EDGE('',*,*,#3311,.F.);
#3311 = EDGE_CURVE('',#3312,#3314,#3316,.T.);
#3312 = VERTEX_POINT('',#3313);
#3313 = CARTESIAN_POINT('',(78.825,68.895,26.42));
#3314 = VERTEX_POINT('',#3315);
#3315 = CARTESIAN_POINT('',(78.825,68.895,37.97));
#3316 = LINE('',#3317,#3318);
#3317 = CARTESIAN_POINT('',(78.825,68.895,26.42));
#3318 = VECTOR('',#3319,1.);
#3319 = DIRECTION('',(0.,0.,1.));
#3320 = ORIENTED_EDGE('',*,*,#3321,.T.);
#3321 = EDGE_CURVE('',#3312,#3322,#3324,.T.);
#3322 = VERTEX_POINT('',#3323);
#3323 = CARTESIAN_POINT('',(78.825,69.705,26.42));
#3324 = LINE('',#3325,#3326);
#3325 = CARTESIAN_POINT('',(78.825,68.895,26.42));
#3326 = VECTOR('',#3327,1.);
#3327 = DIRECTION('',(-0.,1.,0.));
#3328 = ORIENTED_EDGE('',*,*,#3329,.T.);
#3329 = EDGE_CURVE('',#3322,#3330,#3332,.T.);
#3330 = VERTEX_POINT('',#3331);
#3331 = CARTESIAN_POINT('',(78.825,69.705,37.97));
#3332 = LINE('',#3333,#3334);
#3333 = CARTESIAN_POINT('',(78.825,69.705,26.42));
#3334 = VECTOR('',#3335,1.);
#3335 = DIRECTION('',(0.,0.,1.));
#3336 = ORIENTED_EDGE('',*,*,#3337,.F.);
#3337 = EDGE_CURVE('',#3314,#3330,#3338,.T.);
#3338 = LINE('',#3339,#3340);
#3339 = CARTESIAN_POINT('',(78.825,68.895,37.97));
#3340 = VECTOR('',#3341,1.);
#3341 = DIRECTION('',(-0.,1.,0.));
#3342 = PLANE('',#3343);
#3343 = AXIS2_PLACEMENT_3D('',#3344,#3345,#3346);
#3344 = CARTESIAN_POINT('',(78.825,68.895,26.42));
#3345 = DIRECTION('',(1.,0.,-0.));
#3346 = DIRECTION('',(0.,0.,1.));
#3347 = ADVANCED_FACE('',(#3348),#3382,.T.);
#3348 = FACE_BOUND('',#3349,.T.);
#3349 = EDGE_LOOP('',(#3350,#3360,#3368,#3376));
#3350 = ORIENTED_EDGE('',*,*,#3351,.F.);
#3351 = EDGE_CURVE('',#3352,#3354,#3356,.T.);
#3352 = VERTEX_POINT('',#3353);
#3353 = CARTESIAN_POINT('',(85.175,68.895,26.42));
#3354 = VERTEX_POINT('',#3355);
#3355 = CARTESIAN_POINT('',(85.175,68.895,37.97));
#3356 = LINE('',#3357,#3358);
#3357 = CARTESIAN_POINT('',(85.175,68.895,26.42));
#3358 = VECTOR('',#3359,1.);
#3359 = DIRECTION('',(0.,0.,1.));
#3360 = ORIENTED_EDGE('',*,*,#3361,.T.);
#3361 = EDGE_CURVE('',#3352,#3362,#3364,.T.);
#3362 = VERTEX_POINT('',#3363);
#3363 = CARTESIAN_POINT('',(85.175,69.705,26.42));
#3364 = LINE('',#3365,#3366);
#3365 = CARTESIAN_POINT('',(85.175,68.895,26.42));
#3366 = VECTOR('',#3367,1.);
#3367 = DIRECTION('',(-0.,1.,0.));
#3368 = ORIENTED_EDGE('',*,*,#3369,.T.);
#3369 = EDGE_CURVE('',#3362,#3370,#3372,.T.);
#3370 = VERTEX_POINT('',#3371);
#3371 = CARTESIAN_POINT('',(85.175,69.705,37.97));
#3372 = LINE('',#3373,#3374);
#3373 = CARTESIAN_POINT('',(85.175,69.705,26.42));
#3374 = VECTOR('',#3375,1.);
#3375 = DIRECTION('',(0.,0.,1.));
#3376 = ORIENTED_EDGE('',*,*,#3377,.F.);
#3377 = EDGE_CURVE('',#3354,#3370,#3378,.T.);
#3378 = LINE('',#3379,#3380);
#3379 = CARTESIAN_POINT('',(85.175,68.895,37.97));
#3380 = VECTOR('',#3381,1.);
#3381 = DIRECTION('',(-0.,1.,0.));
#3382 = PLANE('',#3383);
#3383 = AXIS2_PLACEMENT_3D('',#3384,#3385,#3386);
#3384 = CARTESIAN_POINT('',(85.175,68.895,26.42));
#3385 = DIRECTION('',(1.,0.,-0.));
#3386 = DIRECTION('',(0.,0.,1.));
#3387 = ADVANCED_FACE('',(#3388),#3404,.F.);
#3388 = FACE_BOUND('',#3389,.F.);
#3389 = EDGE_LOOP('',(#3390,#3396,#3397,#3403));
#3390 = ORIENTED_EDGE('',*,*,#3391,.F.);
#3391 = EDGE_CURVE('',#3312,#3352,#3392,.T.);
#3392 = LINE('',#3393,#3394);
#3393 = CARTESIAN_POINT('',(78.825,68.895,26.42));
#3394 = VECTOR('',#3395,1.);
#3395 = DIRECTION('',(1.,0.,-0.));
#3396 = ORIENTED_EDGE('',*,*,#3311,.T.);
#3397 = ORIENTED_EDGE('',*,*,#3398,.T.);
#3398 = EDGE_CURVE('',#3314,#3354,#3399,.T.);
#3399 = LINE('',#3400,#3401);
#3400 = CARTESIAN_POINT('',(78.825,68.895,37.97));
#3401 = VECTOR('',#3402,1.);
#3402 = DIRECTION('',(1.,0.,-0.));
#3403 = ORIENTED_EDGE('',*,*,#3351,.F.);
#3404 = PLANE('',#3405);
#3405 = AXIS2_PLACEMENT_3D('',#3406,#3407,#3408);
#3406 = CARTESIAN_POINT('',(78.825,68.895,26.42));
#3407 = DIRECTION('',(-0.,1.,0.));
#3408 = DIRECTION('',(0.,0.,1.));
#3409 = ADVANCED_FACE('',(#3410),#3426,.T.);
#3410 = FACE_BOUND('',#3411,.T.);
#3411 = EDGE_LOOP('',(#3412,#3418,#3419,#3425));
#3412 = ORIENTED_EDGE('',*,*,#3413,.F.);
#3413 = EDGE_CURVE('',#3322,#3362,#3414,.T.);
#3414 = LINE('',#3415,#3416);
#3415 = CARTESIAN_POINT('',(78.825,69.705,26.42));
#3416 = VECTOR('',#3417,1.);
#3417 = DIRECTION('',(1.,0.,-0.));
#3418 = ORIENTED_EDGE('',*,*,#3329,.T.);
#3419 = ORIENTED_EDGE('',*,*,#3420,.T.);
#3420 = EDGE_CURVE('',#3330,#3370,#3421,.T.);
#3421 = LINE('',#3422,#3423);
#3422 = CARTESIAN_POINT('',(78.825,69.705,37.97));
#3423 = VECTOR('',#3424,1.);
#3424 = DIRECTION('',(1.,0.,-0.));
#3425 = ORIENTED_EDGE('',*,*,#3369,.F.);
#3426 = PLANE('',#3427);
#3427 = AXIS2_PLACEMENT_3D('',#3428,#3429,#3430);
#3428 = CARTESIAN_POINT('',(78.825,69.705,26.42));
#3429 = DIRECTION('',(-0.,1.,0.));
#3430 = DIRECTION('',(0.,0.,1.));
#3431 = ADVANCED_FACE('',(#3432),#3438,.F.);
#3432 = FACE_BOUND('',#3433,.F.);
#3433 = EDGE_LOOP('',(#3434,#3435,#3436,#3437));
#3434 = ORIENTED_EDGE('',*,*,#3321,.F.);
#3435 = ORIENTED_EDGE('',*,*,#3391,.T.);
#3436 = ORIENTED_EDGE('',*,*,#3361,.T.);
#3437 = ORIENTED_EDGE('',*,*,#3413,.F.);
#3438 = PLANE('',#3439);
#3439 = AXIS2_PLACEMENT_3D('',#3440,#3441,#3442);
#3440 = CARTESIAN_POINT('',(78.825,68.895,26.42));
#3441 = DIRECTION('',(0.,0.,1.));
#3442 = DIRECTION('',(1.,0.,-0.));
#3443 = ADVANCED_FACE('',(#3444),#3450,.T.);
#3444 = FACE_BOUND('',#3445,.T.);
#3445 = EDGE_LOOP('',(#3446,#3447,#3448,#3449));
#3446 = ORIENTED_EDGE('',*,*,#3337,.F.);
#3447 = ORIENTED_EDGE('',*,*,#3398,.T.);
#3448 = ORIENTED_EDGE('',*,*,#3377,.T.);
#3449 = ORIENTED_EDGE('',*,*,#3420,.F.);
#3450 = PLANE('',#3451);
#3451 = AXIS2_PLACEMENT_3D('',#3452,#3453,#3454);
#3452 = CARTESIAN_POINT('',(78.825,68.895,37.97));
#3453 = DIRECTION('',(0.,0.,1.));
#3454 = DIRECTION('',(1.,0.,-0.));
#3455 = MANIFOLD_SOLID_BREP('',#3456);
#3456 = CLOSED_SHELL('',(#3457,#3497,#3537,#3559,#3581,#3593));
#3457 = ADVANCED_FACE('',(#3458),#3492,.F.);
#3458 = FACE_BOUND('',#3459,.F.);
#3459 = EDGE_LOOP('',(#3460,#3470,#3478,#3486));
#3460 = ORIENTED_EDGE('',*,*,#3461,.F.);
#3461 = EDGE_CURVE('',#3462,#3464,#3466,.T.);
#3462 = VERTEX_POINT('',#3463);
#3463 = CARTESIAN_POINT('',(78.825,94.295,26.42));
#3464 = VERTEX_POINT('',#3465);
#3465 = CARTESIAN_POINT('',(78.825,94.295,37.97));
#3466 = LINE('',#3467,#3468);
#3467 = CARTESIAN_POINT('',(78.825,94.295,26.42));
#3468 = VECTOR('',#3469,1.);
#3469 = DIRECTION('',(0.,0.,1.));
#3470 = ORIENTED_EDGE('',*,*,#3471,.T.);
#3471 = EDGE_CURVE('',#3462,#3472,#3474,.T.);
#3472 = VERTEX_POINT('',#3473);
#3473 = CARTESIAN_POINT('',(78.825,95.105,26.42));
#3474 = LINE('',#3475,#3476);
#3475 = CARTESIAN_POINT('',(78.825,94.295,26.42));
#3476 = VECTOR('',#3477,1.);
#3477 = DIRECTION('',(-0.,1.,0.));
#3478 = ORIENTED_EDGE('',*,*,#3479,.T.);
#3479 = EDGE_CURVE('',#3472,#3480,#3482,.T.);
#3480 = VERTEX_POINT('',#3481);
#3481 = CARTESIAN_POINT('',(78.825,95.105,37.97));
#3482 = LINE('',#3483,#3484);
#3483 = CARTESIAN_POINT('',(78.825,95.105,26.42));
#3484 = VECTOR('',#3485,1.);
#3485 = DIRECTION('',(0.,0.,1.));
#3486 = ORIENTED_EDGE('',*,*,#3487,.F.);
#3487 = EDGE_CURVE('',#3464,#3480,#3488,.T.);
#3488 = LINE('',#3489,#3490);
#3489 = CARTESIAN_POINT('',(78.825,94.295,37.97));
#3490 = VECTOR('',#3491,1.);
#3491 = DIRECTION('',(-0.,1.,0.));
#3492 = PLANE('',#3493);
#3493 = AXIS2_PLACEMENT_3D('',#3494,#3495,#3496);
#3494 = CARTESIAN_POINT('',(78.825,94.295,26.42));
#3495 = DIRECTION('',(1.,0.,-0.));
#3496 = DIRECTION('',(0.,0.,1.));
#3497 = ADVANCED_FACE('',(#3498),#3532,.T.);
#3498 = FACE_BOUND('',#3499,.T.);
#3499 = EDGE_LOOP('',(#3500,#3510,#3518,#3526));
#3500 = ORIENTED_EDGE('',*,*,#3501,.F.);
#3501 = EDGE_CURVE('',#3502,#3504,#3506,.T.);
#3502 = VERTEX_POINT('',#3503);
#3503 = CARTESIAN_POINT('',(85.175,94.295,26.42));
#3504 = VERTEX_POINT('',#3505);
#3505 = CARTESIAN_POINT('',(85.175,94.295,37.97));
#3506 = LINE('',#3507,#3508);
#3507 = CARTESIAN_POINT('',(85.175,94.295,26.42));
#3508 = VECTOR('',#3509,1.);
#3509 = DIRECTION('',(0.,0.,1.));
#3510 = ORIENTED_EDGE('',*,*,#3511,.T.);
#3511 = EDGE_CURVE('',#3502,#3512,#3514,.T.);
#3512 = VERTEX_POINT('',#3513);
#3513 = CARTESIAN_POINT('',(85.175,95.105,26.42));
#3514 = LINE('',#3515,#3516);
#3515 = CARTESIAN_POINT('',(85.175,94.295,26.42));
#3516 = VECTOR('',#3517,1.);
#3517 = DIRECTION('',(-0.,1.,0.));
#3518 = ORIENTED_EDGE('',*,*,#3519,.T.);
#3519 = EDGE_CURVE('',#3512,#3520,#3522,.T.);
#3520 = VERTEX_POINT('',#3521);
#3521 = CARTESIAN_POINT('',(85.175,95.105,37.97));
#3522 = LINE('',#3523,#3524);
#3523 = CARTESIAN_POINT('',(85.175,95.105,26.42));
#3524 = VECTOR('',#3525,1.);
#3525 = DIRECTION('',(0.,0.,1.));
#3526 = ORIENTED_EDGE('',*,*,#3527,.F.);
#3527 = EDGE_CURVE('',#3504,#3520,#3528,.T.);
#3528 = LINE('',#3529,#3530);
#3529 = CARTESIAN_POINT('',(85.175,94.295,37.97));
#3530 = VECTOR('',#3531,1.);
#3531 = DIRECTION('',(-0.,1.,0.));
#3532 = PLANE('',#3533);
#3533 = AXIS2_PLACEMENT_3D('',#3534,#3535,#3536);
#3534 = CARTESIAN_POINT('',(85.175,94.295,26.42));
#3535 = DIRECTION('',(1.,0.,-0.));
#3536 = DIRECTION('',(0.,0.,1.));
#3537 = ADVANCED_FACE('',(#3538),#3554,.F.);
#3538 = FACE_BOUND('',#3539,.F.);
#3539 = EDGE_LOOP('',(#3540,#3546,#3547,#3553));
#3540 = ORIENTED_EDGE('',*,*,#3541,.F.);
#3541 = EDGE_CURVE('',#3462,#3502,#3542,.T.);
#3542 = LINE('',#3543,#3544);
#3543 = CARTESIAN_POINT('',(78.825,94.295,26.42));
#3544 = VECTOR('',#3545,1.);
#3545 = DIRECTION('',(1.,0.,-0.));
#3546 = ORIENTED_EDGE('',*,*,#3461,.T.);
#3547 = ORIENTED_EDGE('',*,*,#3548,.T.);
#3548 = EDGE_CURVE('',#3464,#3504,#3549,.T.);
#3549 = LINE('',#3550,#3551);
#3550 = CARTESIAN_POINT('',(78.825,94.295,37.97));
#3551 = VECTOR('',#3552,1.);
#3552 = DIRECTION('',(1.,0.,-0.));
#3553 = ORIENTED_EDGE('',*,*,#3501,.F.);
#3554 = PLANE('',#3555);
#3555 = AXIS2_PLACEMENT_3D('',#3556,#3557,#3558);
#3556 = CARTESIAN_POINT('',(78.825,94.295,26.42));
#3557 = DIRECTION('',(-0.,1.,0.));
#3558 = DIRECTION('',(0.,0.,1.));
#3559 = ADVANCED_FACE('',(#3560),#3576,.T.);
#3560 = FACE_BOUND('',#3561,.T.);
#3561 = EDGE_LOOP('',(#3562,#3568,#3569,#3575));
#3562 = ORIENTED_EDGE('',*,*,#3563,.F.);
#3563 = EDGE_CURVE('',#3472,#3512,#3564,.T.);
#3564 = LINE('',#3565,#3566);
#3565 = CARTESIAN_POINT('',(78.825,95.105,26.42));
#3566 = VECTOR('',#3567,1.);
#3567 = DIRECTION('',(1.,0.,-0.));
#3568 = ORIENTED_EDGE('',*,*,#3479,.T.);
#3569 = ORIENTED_EDGE('',*,*,#3570,.T.);
#3570 = EDGE_CURVE('',#3480,#3520,#3571,.T.);
#3571 = LINE('',#3572,#3573);
#3572 = CARTESIAN_POINT('',(78.825,95.105,37.97));
#3573 = VECTOR('',#3574,1.);
#3574 = DIRECTION('',(1.,0.,-0.));
#3575 = ORIENTED_EDGE('',*,*,#3519,.F.);
#3576 = PLANE('',#3577);
#3577 = AXIS2_PLACEMENT_3D('',#3578,#3579,#3580);
#3578 = CARTESIAN_POINT('',(78.825,95.105,26.42));
#3579 = DIRECTION('',(-0.,1.,0.));
#3580 = DIRECTION('',(0.,0.,1.));
#3581 = ADVANCED_FACE('',(#3582),#3588,.F.);
#3582 = FACE_BOUND('',#3583,.F.);
#3583 = EDGE_LOOP('',(#3584,#3585,#3586,#3587));
#3584 = ORIENTED_EDGE('',*,*,#3471,.F.);
#3585 = ORIENTED_EDGE('',*,*,#3541,.T.);
#3586 = ORIENTED_EDGE('',*,*,#3511,.T.);
#3587 = ORIENTED_EDGE('',*,*,#3563,.F.);
#3588 = PLANE('',#3589);
#3589 = AXIS2_PLACEMENT_3D('',#3590,#3591,#3592);
#3590 = CARTESIAN_POINT('',(78.825,94.295,26.42));
#3591 = DIRECTION('',(0.,0.,1.));
#3592 = DIRECTION('',(1.,0.,-0.));
#3593 = ADVANCED_FACE('',(#3594),#3600,.T.);
#3594 = FACE_BOUND('',#3595,.T.);
#3595 = EDGE_LOOP('',(#3596,#3597,#3598,#3599));
#3596 = ORIENTED_EDGE('',*,*,#3487,.F.);
#3597 = ORIENTED_EDGE('',*,*,#3548,.T.);
#3598 = ORIENTED_EDGE('',*,*,#3527,.T.);
#3599 = ORIENTED_EDGE('',*,*,#3570,.F.);
#3600 = PLANE('',#3601);
#3601 = AXIS2_PLACEMENT_3D('',#3602,#3603,#3604);
#3602 = CARTESIAN_POINT('',(78.825,94.295,37.97));
#3603 = DIRECTION('',(0.,0.,1.));
#3604 = DIRECTION('',(1.,0.,-0.));
#3605 = MANIFOLD_SOLID_BREP('',#3606);
#3606 = CLOSED_SHELL('',(#3607,#3647,#3687,#3709,#3731,#3743));
#3607 = ADVANCED_FACE('',(#3608),#3642,.F.);
#3608 = FACE_BOUND('',#3609,.F.);
#3609 = EDGE_LOOP('',(#3610,#3620,#3628,#3636));
#3610 = ORIENTED_EDGE('',*,*,#3611,.F.);
#3611 = EDGE_CURVE('',#3612,#3614,#3616,.T.);
#3612 = VERTEX_POINT('',#3613);
#3613 = CARTESIAN_POINT('',(90.825,68.895,26.42));
#3614 = VERTEX_POINT('',#3615);
#3615 = CARTESIAN_POINT('',(90.825,68.895,37.97));
#3616 = LINE('',#3617,#3618);
#3617 = CARTESIAN_POINT('',(90.825,68.895,26.42));
#3618 = VECTOR('',#3619,1.);
#3619 = DIRECTION('',(0.,0.,1.));
#3620 = ORIENTED_EDGE('',*,*,#3621,.T.);
#3621 = EDGE_CURVE('',#3612,#3622,#3624,.T.);
#3622 = VERTEX_POINT('',#3623);
#3623 = CARTESIAN_POINT('',(90.825,69.705,26.42));
#3624 = LINE('',#3625,#3626);
#3625 = CARTESIAN_POINT('',(90.825,68.895,26.42));
#3626 = VECTOR('',#3627,1.);
#3627 = DIRECTION('',(-0.,1.,0.));
#3628 = ORIENTED_EDGE('',*,*,#3629,.T.);
#3629 = EDGE_CURVE('',#3622,#3630,#3632,.T.);
#3630 = VERTEX_POINT('',#3631);
#3631 = CARTESIAN_POINT('',(90.825,69.705,37.97));
#3632 = LINE('',#3633,#3634);
#3633 = CARTESIAN_POINT('',(90.825,69.705,26.42));
#3634 = VECTOR('',#3635,1.);
#3635 = DIRECTION('',(0.,0.,1.));
#3636 = ORIENTED_EDGE('',*,*,#3637,.F.);
#3637 = EDGE_CURVE('',#3614,#3630,#3638,.T.);
#3638 = LINE('',#3639,#3640);
#3639 = CARTESIAN_POINT('',(90.825,68.895,37.97));
#3640 = VECTOR('',#3641,1.);
#3641 = DIRECTION('',(-0.,1.,0.));
#3642 = PLANE('',#3643);
#3643 = AXIS2_PLACEMENT_3D('',#3644,#3645,#3646);
#3644 = CARTESIAN_POINT('',(90.825,68.895,26.42));
#3645 = DIRECTION('',(1.,0.,-0.));
#3646 = DIRECTION('',(0.,0.,1.));
#3647 = ADVANCED_FACE('',(#3648),#3682,.T.);
#3648 = FACE_BOUND('',#3649,.T.);
#3649 = EDGE_LOOP('',(#3650,#3660,#3668,#3676));
#3650 = ORIENTED_EDGE('',*,*,#3651,.F.);
#3651 = EDGE_CURVE('',#3652,#3654,#3656,.T.);
#3652 = VERTEX_POINT('',#3653);
#3653 = CARTESIAN_POINT('',(97.175,68.895,26.42));
#3654 = VERTEX_POINT('',#3655);
#3655 = CARTESIAN_POINT('',(97.175,68.895,37.97));
#3656 = LINE('',#3657,#3658);
#3657 = CARTESIAN_POINT('',(97.175,68.895,26.42));
#3658 = VECTOR('',#3659,1.);
#3659 = DIRECTION('',(0.,0.,1.));
#3660 = ORIENTED_EDGE('',*,*,#3661,.T.);
#3661 = EDGE_CURVE('',#3652,#3662,#3664,.T.);
#3662 = VERTEX_POINT('',#3663);
#3663 = CARTESIAN_POINT('',(97.175,69.705,26.42));
#3664 = LINE('',#3665,#3666);
#3665 = CARTESIAN_POINT('',(97.175,68.895,26.42));
#3666 = VECTOR('',#3667,1.);
#3667 = DIRECTION('',(-0.,1.,0.));
#3668 = ORIENTED_EDGE('',*,*,#3669,.T.);
#3669 = EDGE_CURVE('',#3662,#3670,#3672,.T.);
#3670 = VERTEX_POINT('',#3671);
#3671 = CARTESIAN_POINT('',(97.175,69.705,37.97));
#3672 = LINE('',#3673,#3674);
#3673 = CARTESIAN_POINT('',(97.175,69.705,26.42));
#3674 = VECTOR('',#3675,1.);
#3675 = DIRECTION('',(0.,0.,1.));
#3676 = ORIENTED_EDGE('',*,*,#3677,.F.);
#3677 = EDGE_CURVE('',#3654,#3670,#3678,.T.);
#3678 = LINE('',#3679,#3680);
#3679 = CARTESIAN_POINT('',(97.175,68.895,37.97));
#3680 = VECTOR('',#3681,1.);
#3681 = DIRECTION('',(-0.,1.,0.));
#3682 = PLANE('',#3683);
#3683 = AXIS2_PLACEMENT_3D('',#3684,#3685,#3686);
#3684 = CARTESIAN_POINT('',(97.175,68.895,26.42));
#3685 = DIRECTION('',(1.,0.,-0.));
#3686 = DIRECTION('',(0.,0.,1.));
#3687 = ADVANCED_FACE('',(#3688),#3704,.F.);
#3688 = FACE_BOUND('',#3689,.F.);
#3689 = EDGE_LOOP('',(#3690,#3696,#3697,#3703));
#3690 = ORIENTED_EDGE('',*,*,#3691,.F.);
#3691 = EDGE_CURVE('',#3612,#3652,#3692,.T.);
#3692 = LINE('',#3693,#3694);
#3693 = CARTESIAN_POINT('',(90.825,68.895,26.42));
#3694 = VECTOR('',#3695,1.);
#3695 = DIRECTION('',(1.,0.,-0.));
#3696 = ORIENTED_EDGE('',*,*,#3611,.T.);
#3697 = ORIENTED_EDGE('',*,*,#3698,.T.);
#3698 = EDGE_CURVE('',#3614,#3654,#3699,.T.);
#3699 = LINE('',#3700,#3701);
#3700 = CARTESIAN_POINT('',(90.825,68.895,37.97));
#3701 = VECTOR('',#3702,1.);
#3702 = DIRECTION('',(1.,0.,-0.));
#3703 = ORIENTED_EDGE('',*,*,#3651,.F.);
#3704 = PLANE('',#3705);
#3705 = AXIS2_PLACEMENT_3D('',#3706,#3707,#3708);
#3706 = CARTESIAN_POINT('',(90.825,68.895,26.42));
#3707 = DIRECTION('',(-0.,1.,0.));
#3708 = DIRECTION('',(0.,0.,1.));
#3709 = ADVANCED_FACE('',(#3710),#3726,.T.);
#3710 = FACE_BOUND('',#3711,.T.);
#3711 = EDGE_LOOP('',(#3712,#3718,#3719,#3725));
#3712 = ORIENTED_EDGE('',*,*,#3713,.F.);
#3713 = EDGE_CURVE('',#3622,#3662,#3714,.T.);
#3714 = LINE('',#3715,#3716);
#3715 = CARTESIAN_POINT('',(90.825,69.705,26.42));
#3716 = VECTOR('',#3717,1.);
#3717 = DIRECTION('',(1.,0.,-0.));
#3718 = ORIENTED_EDGE('',*,*,#3629,.T.);
#3719 = ORIENTED_EDGE('',*,*,#3720,.T.);
#3720 = EDGE_CURVE('',#3630,#3670,#3721,.T.);
#3721 = LINE('',#3722,#3723);
#3722 = CARTESIAN_POINT('',(90.825,69.705,37.97));
#3723 = VECTOR('',#3724,1.);
#3724 = DIRECTION('',(1.,0.,-0.));
#3725 = ORIENTED_EDGE('',*,*,#3669,.F.);
#3726 = PLANE('',#3727);
#3727 = AXIS2_PLACEMENT_3D('',#3728,#3729,#3730);
#3728 = CARTESIAN_POINT('',(90.825,69.705,26.42));
#3729 = DIRECTION('',(-0.,1.,0.));
#3730 = DIRECTION('',(0.,0.,1.));
#3731 = ADVANCED_FACE('',(#3732),#3738,.F.);
#3732 = FACE_BOUND('',#3733,.F.);
#3733 = EDGE_LOOP('',(#3734,#3735,#3736,#3737));
#3734 = ORIENTED_EDGE('',*,*,#3621,.F.);
#3735 = ORIENTED_EDGE('',*,*,#3691,.T.);
#3736 = ORIENTED_EDGE('',*,*,#3661,.T.);
#3737 = ORIENTED_EDGE('',*,*,#3713,.F.);
#3738 = PLANE('',#3739);
#3739 = AXIS2_PLACEMENT_3D('',#3740,#3741,#3742);
#3740 = CARTESIAN_POINT('',(90.825,68.895,26.42));
#3741 = DIRECTION('',(0.,0.,1.));
#3742 = DIRECTION('',(1.,0.,-0.));
#3743 = ADVANCED_FACE('',(#3744),#3750,.T.);
#3744 = FACE_BOUND('',#3745,.T.);
#3745 = EDGE_LOOP('',(#3746,#3747,#3748,#3749));
#3746 = ORIENTED_EDGE('',*,*,#3637,.F.);
#3747 = ORIENTED_EDGE('',*,*,#3698,.T.);
#3748 = ORIENTED_EDGE('',*,*,#3677,.T.);
#3749 = ORIENTED_EDGE('',*,*,#3720,.F.);
#3750 = PLANE('',#3751);
#3751 = AXIS2_PLACEMENT_3D('',#3752,#3753,#3754);
#3752 = CARTESIAN_POINT('',(90.825,68.895,37.97));
#3753 = DIRECTION('',(0.,0.,1.));
#3754 = DIRECTION('',(1.,0.,-0.));
#3755 = MANIFOLD_SOLID_BREP('',#3756);
#3756 = CLOSED_SHELL('',(#3757,#3797,#3837,#3859,#3881,#3893));
#3757 = ADVANCED_FACE('',(#3758),#3792,.F.);
#3758 = FACE_BOUND('',#3759,.F.);
#3759 = EDGE_LOOP('',(#3760,#3770,#3778,#3786));
#3760 = ORIENTED_EDGE('',*,*,#3761,.F.);
#3761 = EDGE_CURVE('',#3762,#3764,#3766,.T.);
#3762 = VERTEX_POINT('',#3763);
#3763 = CARTESIAN_POINT('',(90.825,94.295,26.42));
#3764 = VERTEX_POINT('',#3765);
#3765 = CARTESIAN_POINT('',(90.825,94.295,37.97));
#3766 = LINE('',#3767,#3768);
#3767 = CARTESIAN_POINT('',(90.825,94.295,26.42));
#3768 = VECTOR('',#3769,1.);
#3769 = DIRECTION('',(0.,0.,1.));
#3770 = ORIENTED_EDGE('',*,*,#3771,.T.);
#3771 = EDGE_CURVE('',#3762,#3772,#3774,.T.);
#3772 = VERTEX_POINT('',#3773);
#3773 = CARTESIAN_POINT('',(90.825,95.105,26.42));
#3774 = LINE('',#3775,#3776);
#3775 = CARTESIAN_POINT('',(90.825,94.295,26.42));
#3776 = VECTOR('',#3777,1.);
#3777 = DIRECTION('',(-0.,1.,0.));
#3778 = ORIENTED_EDGE('',*,*,#3779,.T.);
#3779 = EDGE_CURVE('',#3772,#3780,#3782,.T.);
#3780 = VERTEX_POINT('',#3781);
#3781 = CARTESIAN_POINT('',(90.825,95.105,37.97));
#3782 = LINE('',#3783,#3784);
#3783 = CARTESIAN_POINT('',(90.825,95.105,26.42));
#3784 = VECTOR('',#3785,1.);
#3785 = DIRECTION('',(0.,0.,1.));
#3786 = ORIENTED_EDGE('',*,*,#3787,.F.);
#3787 = EDGE_CURVE('',#3764,#3780,#3788,.T.);
#3788 = LINE('',#3789,#3790);
#3789 = CARTESIAN_POINT('',(90.825,94.295,37.97));
#3790 = VECTOR('',#3791,1.);
#3791 = DIRECTION('',(-0.,1.,0.));
#3792 = PLANE('',#3793);
#3793 = AXIS2_PLACEMENT_3D('',#3794,#3795,#3796);
#3794 = CARTESIAN_POINT('',(90.825,94.295,26.42));
#3795 = DIRECTION('',(1.,0.,-0.));
#3796 = DIRECTION('',(0.,0.,1.));
#3797 = ADVANCED_FACE('',(#3798),#3832,.T.);
#3798 = FACE_BOUND('',#3799,.T.);
#3799 = EDGE_LOOP('',(#3800,#3810,#3818,#3826));
#3800 = ORIENTED_EDGE('',*,*,#3801,.F.);
#3801 = EDGE_CURVE('',#3802,#3804,#3806,.T.);
#3802 = VERTEX_POINT('',#3803);
#3803 = CARTESIAN_POINT('',(97.175,94.295,26.42));
#3804 = VERTEX_POINT('',#3805);
#3805 = CARTESIAN_POINT('',(97.175,94.295,37.97));
#3806 = LINE('',#3807,#3808);
#3807 = CARTESIAN_POINT('',(97.175,94.295,26.42));
#3808 = VECTOR('',#3809,1.);
#3809 = DIRECTION('',(0.,0.,1.));
#3810 = ORIENTED_EDGE('',*,*,#3811,.T.);
#3811 = EDGE_CURVE('',#3802,#3812,#3814,.T.);
#3812 = VERTEX_POINT('',#3813);
#3813 = CARTESIAN_POINT('',(97.175,95.105,26.42));
#3814 = LINE('',#3815,#3816);
#3815 = CARTESIAN_POINT('',(97.175,94.295,26.42));
#3816 = VECTOR('',#3817,1.);
#3817 = DIRECTION('',(-0.,1.,0.));
#3818 = ORIENTED_EDGE('',*,*,#3819,.T.);
#3819 = EDGE_CURVE('',#3812,#3820,#3822,.T.);
#3820 = VERTEX_POINT('',#3821);
#3821 = CARTESIAN_POINT('',(97.175,95.105,37.97));
#3822 = LINE('',#3823,#3824);
#3823 = CARTESIAN_POINT('',(97.175,95.105,26.42));
#3824 = VECTOR('',#3825,1.);
#3825 = DIRECTION('',(0.,0.,1.));
#3826 = ORIENTED_EDGE('',*,*,#3827,.F.);
#3827 = EDGE_CURVE('',#3804,#3820,#3828,.T.);
#3828 = LINE('',#3829,#3830);
#3829 = CARTESIAN_POINT('',(97.175,94.295,37.97));
#3830 = VECTOR('',#3831,1.);
#3831 = DIRECTION('',(-0.,1.,0.));
#3832 = PLANE('',#3833);
#3833 = AXIS2_PLACEMENT_3D('',#3834,#3835,#3836);
#3834 = CARTESIAN_POINT('',(97.175,94.295,26.42));
#3835 = DIRECTION('',(1.,0.,-0.));
#3836 = DIRECTION('',(0.,0.,1.));
#3837 = ADVANCED_FACE('',(#3838),#3854,.F.);
#3838 = FACE_BOUND('',#3839,.F.);
#3839 = EDGE_LOOP('',(#3840,#3846,#3847,#3853));
#3840 = ORIENTED_EDGE('',*,*,#3841,.F.);
#3841 = EDGE_CURVE('',#3762,#3802,#3842,.T.);
#3842 = LINE('',#3843,#3844);
#3843 = CARTESIAN_POINT('',(90.825,94.295,26.42));
#3844 = VECTOR('',#3845,1.);
#3845 = DIRECTION('',(1.,0.,-0.));
#3846 = ORIENTED_EDGE('',*,*,#3761,.T.);
#3847 = ORIENTED_EDGE('',*,*,#3848,.T.);
#3848 = EDGE_CURVE('',#3764,#3804,#3849,.T.);
#3849 = LINE('',#3850,#3851);
#3850 = CARTESIAN_POINT('',(90.825,94.295,37.97));
#3851 = VECTOR('',#3852,1.);
#3852 = DIRECTION('',(1.,0.,-0.));
#3853 = ORIENTED_EDGE('',*,*,#3801,.F.);
#3854 = PLANE('',#3855);
#3855 = AXIS2_PLACEMENT_3D('',#3856,#3857,#3858);
#3856 = CARTESIAN_POINT('',(90.825,94.295,26.42));
#3857 = DIRECTION('',(-0.,1.,0.));
#3858 = DIRECTION('',(0.,0.,1.));
#3859 = ADVANCED_FACE('',(#3860),#3876,.T.);
#3860 = FACE_BOUND('',#3861,.T.);
#3861 = EDGE_LOOP('',(#3862,#3868,#3869,#3875));
#3862 = ORIENTED_EDGE('',*,*,#3863,.F.);
#3863 = EDGE_CURVE('',#3772,#3812,#3864,.T.);
#3864 = LINE('',#3865,#3866);
#3865 = CARTESIAN_POINT('',(90.825,95.105,26.42));
#3866 = VECTOR('',#3867,1.);
#3867 = DIRECTION('',(1.,0.,-0.));
#3868 = ORIENTED_EDGE('',*,*,#3779,.T.);
#3869 = ORIENTED_EDGE('',*,*,#3870,.T.);
#3870 = EDGE_CURVE('',#3780,#3820,#3871,.T.);
#3871 = LINE('',#3872,#3873);
#3872 = CARTESIAN_POINT('',(90.825,95.105,37.97));
#3873 = VECTOR('',#3874,1.);
#3874 = DIRECTION('',(1.,0.,-0.));
#3875 = ORIENTED_EDGE('',*,*,#3819,.F.);
#3876 = PLANE('',#3877);
#3877 = AXIS2_PLACEMENT_3D('',#3878,#3879,#3880);
#3878 = CARTESIAN_POINT('',(90.825,95.105,26.42));
#3879 = DIRECTION('',(-0.,1.,0.));
#3880 = DIRECTION('',(0.,0.,1.));
#3881 = ADVANCED_FACE('',(#3882),#3888,.F.);
#3882 = FACE_BOUND('',#3883,.F.);
#3883 = EDGE_LOOP('',(#3884,#3885,#3886,#3887));
#3884 = ORIENTED_EDGE('',*,*,#3771,.F.);
#3885 = ORIENTED_EDGE('',*,*,#3841,.T.);
#3886 = ORIENTED_EDGE('',*,*,#3811,.T.);
#3887 = ORIENTED_EDGE('',*,*,#3863,.F.);
#3888 = PLANE('',#3889);
#3889 = AXIS2_PLACEMENT_3D('',#3890,#3891,#3892);
#3890 = CARTESIAN_POINT('',(90.825,94.295,26.42));
#3891 = DIRECTION('',(0.,0.,1.));
#3892 = DIRECTION('',(1.,0.,-0.));
#3893 = ADVANCED_FACE('',(#3894),#3900,.T.);
#3894 = FACE_BOUND('',#3895,.T.);
#3895 = EDGE_LOOP('',(#3896,#3897,#3898,#3899));
#3896 = ORIENTED_EDGE('',*,*,#3787,.F.);
#3897 = ORIENTED_EDGE('',*,*,#3848,.T.);
#3898 = ORIENTED_EDGE('',*,*,#3827,.T.);
#3899 = ORIENTED_EDGE('',*,*,#3870,.F.);
#3900 = PLANE('',#3901);
#3901 = AXIS2_PLACEMENT_3D('',#3902,#3903,#3904);
#3902 = CARTESIAN_POINT('',(90.825,94.295,37.97));
#3903 = DIRECTION('',(0.,0.,1.));
#3904 = DIRECTION('',(1.,0.,-0.));
#3905 = MANIFOLD_SOLID_BREP('',#3906);
#3906 = CLOSED_SHELL('',(#3907,#3947,#3987,#4009,#4031,#4043));
#3907 = ADVANCED_FACE('',(#3908),#3942,.F.);
#3908 = FACE_BOUND('',#3909,.F.);
#3909 = EDGE_LOOP('',(#3910,#3920,#3928,#3936));
#3910 = ORIENTED_EDGE('',*,*,#3911,.F.);
#3911 = EDGE_CURVE('',#3912,#3914,#3916,.T.);
#3912 = VERTEX_POINT('',#3913);
#3913 = CARTESIAN_POINT('',(102.825,68.895,26.42));
#3914 = VERTEX_POINT('',#3915);
#3915 = CARTESIAN_POINT('',(102.825,68.895,37.97));
#3916 = LINE('',#3917,#3918);
#3917 = CARTESIAN_POINT('',(102.825,68.895,26.42));
#3918 = VECTOR('',#3919,1.);
#3919 = DIRECTION('',(0.,0.,1.));
#3920 = ORIENTED_EDGE('',*,*,#3921,.T.);
#3921 = EDGE_CURVE('',#3912,#3922,#3924,.T.);
#3922 = VERTEX_POINT('',#3923);
#3923 = CARTESIAN_POINT('',(102.825,69.705,26.42));
#3924 = LINE('',#3925,#3926);
#3925 = CARTESIAN_POINT('',(102.825,68.895,26.42));
#3926 = VECTOR('',#3927,1.);
#3927 = DIRECTION('',(-0.,1.,0.));
#3928 = ORIENTED_EDGE('',*,*,#3929,.T.);
#3929 = EDGE_CURVE('',#3922,#3930,#3932,.T.);
#3930 = VERTEX_POINT('',#3931);
#3931 = CARTESIAN_POINT('',(102.825,69.705,37.97));
#3932 = LINE('',#3933,#3934);
#3933 = CARTESIAN_POINT('',(102.825,69.705,26.42));
#3934 = VECTOR('',#3935,1.);
#3935 = DIRECTION('',(0.,0.,1.));
#3936 = ORIENTED_EDGE('',*,*,#3937,.F.);
#3937 = EDGE_CURVE('',#3914,#3930,#3938,.T.);
#3938 = LINE('',#3939,#3940);
#3939 = CARTESIAN_POINT('',(102.825,68.895,37.97));
#3940 = VECTOR('',#3941,1.);
#3941 = DIRECTION('',(-0.,1.,0.));
#3942 = PLANE('',#3943);
#3943 = AXIS2_PLACEMENT_3D('',#3944,#3945,#3946);
#3944 = CARTESIAN_POINT('',(102.825,68.895,26.42));
#3945 = DIRECTION('',(1.,0.,-0.));
#3946 = DIRECTION('',(0.,0.,1.));
#3947 = ADVANCED_FACE('',(#3948),#3982,.T.);
#3948 = FACE_BOUND('',#3949,.T.);
#3949 = EDGE_LOOP('',(#3950,#3960,#3968,#3976));
#3950 = ORIENTED_EDGE('',*,*,#3951,.F.);
#3951 = EDGE_CURVE('',#3952,#3954,#3956,.T.);
#3952 = VERTEX_POINT('',#3953);
#3953 = CARTESIAN_POINT('',(109.175,68.895,26.42));
#3954 = VERTEX_POINT('',#3955);
#3955 = CARTESIAN_POINT('',(109.175,68.895,37.97));
#3956 = LINE('',#3957,#3958);
#3957 = CARTESIAN_POINT('',(109.175,68.895,26.42));
#3958 = VECTOR('',#3959,1.);
#3959 = DIRECTION('',(0.,0.,1.));
#3960 = ORIENTED_EDGE('',*,*,#3961,.T.);
#3961 = EDGE_CURVE('',#3952,#3962,#3964,.T.);
#3962 = VERTEX_POINT('',#3963);
#3963 = CARTESIAN_POINT('',(109.175,69.705,26.42));
#3964 = LINE('',#3965,#3966);
#3965 = CARTESIAN_POINT('',(109.175,68.895,26.42));
#3966 = VECTOR('',#3967,1.);
#3967 = DIRECTION('',(-0.,1.,0.));
#3968 = ORIENTED_EDGE('',*,*,#3969,.T.);
#3969 = EDGE_CURVE('',#3962,#3970,#3972,.T.);
#3970 = VERTEX_POINT('',#3971);
#3971 = CARTESIAN_POINT('',(109.175,69.705,37.97));
#3972 = LINE('',#3973,#3974);
#3973 = CARTESIAN_POINT('',(109.175,69.705,26.42));
#3974 = VECTOR('',#3975,1.);
#3975 = DIRECTION('',(0.,0.,1.));
#3976 = ORIENTED_EDGE('',*,*,#3977,.F.);
#3977 = EDGE_CURVE('',#3954,#3970,#3978,.T.);
#3978 = LINE('',#3979,#3980);
#3979 = CARTESIAN_POINT('',(109.175,68.895,37.97));
#3980 = VECTOR('',#3981,1.);
#3981 = DIRECTION('',(-0.,1.,0.));
#3982 = PLANE('',#3983);
#3983 = AXIS2_PLACEMENT_3D('',#3984,#3985,#3986);
#3984 = CARTESIAN_POINT('',(109.175,68.895,26.42));
#3985 = DIRECTION('',(1.,0.,-0.));
#3986 = DIRECTION('',(0.,0.,1.));
#3987 = ADVANCED_FACE('',(#3988),#4004,.F.);
#3988 = FACE_BOUND('',#3989,.F.);
#3989 = EDGE_LOOP('',(#3990,#3996,#3997,#4003));
#3990 = ORIENTED_EDGE('',*,*,#3991,.F.);
#3991 = EDGE_CURVE('',#3912,#3952,#3992,.T.);
#3992 = LINE('',#3993,#3994);
#3993 = CARTESIAN_POINT('',(102.825,68.895,26.42));
#3994 = VECTOR('',#3995,1.);
#3995 = DIRECTION('',(1.,0.,-0.));
#3996 = ORIENTED_EDGE('',*,*,#3911,.T.);
#3997 = ORIENTED_EDGE('',*,*,#3998,.T.);
#3998 = EDGE_CURVE('',#3914,#3954,#3999,.T.);
#3999 = LINE('',#4000,#4001);
#4000 = CARTESIAN_POINT('',(102.825,68.895,37.97));
#4001 = VECTOR('',#4002,1.);
#4002 = DIRECTION('',(1.,0.,-0.));
#4003 = ORIENTED_EDGE('',*,*,#3951,.F.);
#4004 = PLANE('',#4005);
#4005 = AXIS2_PLACEMENT_3D('',#4006,#4007,#4008);
#4006 = CARTESIAN_POINT('',(102.825,68.895,26.42));
#4007 = DIRECTION('',(-0.,1.,0.));
#4008 = DIRECTION('',(0.,0.,1.));
#4009 = ADVANCED_FACE('',(#4010),#4026,.T.);
#4010 = FACE_BOUND('',#4011,.T.);
#4011 = EDGE_LOOP('',(#4012,#4018,#4019,#4025));
#4012 = ORIENTED_EDGE('',*,*,#4013,.F.);
#4013 = EDGE_CURVE('',#3922,#3962,#4014,.T.);
#4014 = LINE('',#4015,#4016);
#4015 = CARTESIAN_POINT('',(102.825,69.705,26.42));
#4016 = VECTOR('',#4017,1.);
#4017 = DIRECTION('',(1.,0.,-0.));
#4018 = ORIENTED_EDGE('',*,*,#3929,.T.);
#4019 = ORIENTED_EDGE('',*,*,#4020,.T.);
#4020 = EDGE_CURVE('',#3930,#3970,#4021,.T.);
#4021 = LINE('',#4022,#4023);
#4022 = CARTESIAN_POINT('',(102.825,69.705,37.97));
#4023 = VECTOR('',#4024,1.);
#4024 = DIRECTION('',(1.,0.,-0.));
#4025 = ORIENTED_EDGE('',*,*,#3969,.F.);
#4026 = PLANE('',#4027);
#4027 = AXIS2_PLACEMENT_3D('',#4028,#4029,#4030);
#4028 = CARTESIAN_POINT('',(102.825,69.705,26.42));
#4029 = DIRECTION('',(-0.,1.,0.));
#4030 = DIRECTION('',(0.,0.,1.));
#4031 = ADVANCED_FACE('',(#4032),#4038,.F.);
#4032 = FACE_BOUND('',#4033,.F.);
#4033 = EDGE_LOOP('',(#4034,#4035,#4036,#4037));
#4034 = ORIENTED_EDGE('',*,*,#3921,.F.);
#4035 = ORIENTED_EDGE('',*,*,#3991,.T.);
#4036 = ORIENTED_EDGE('',*,*,#3961,.T.);
#4037 = ORIENTED_EDGE('',*,*,#4013,.F.);
#4038 = PLANE('',#4039);
#4039 = AXIS2_PLACEMENT_3D('',#4040,#4041,#4042);
#4040 = CARTESIAN_POINT('',(102.825,68.895,26.42));
#4041 = DIRECTION('',(0.,0.,1.));
#4042 = DIRECTION('',(1.,0.,-0.));
#4043 = ADVANCED_FACE('',(#4044),#4050,.T.);
#4044 = FACE_BOUND('',#4045,.T.);
#4045 = EDGE_LOOP('',(#4046,#4047,#4048,#4049));
#4046 = ORIENTED_EDGE('',*,*,#3937,.F.);
#4047 = ORIENTED_EDGE('',*,*,#3998,.T.);
#4048 = ORIENTED_EDGE('',*,*,#3977,.T.);
#4049 = ORIENTED_EDGE('',*,*,#4020,.F.);
#4050 = PLANE('',#4051);
#4051 = AXIS2_PLACEMENT_3D('',#4052,#4053,#4054);
#4052 = CARTESIAN_POINT('',(102.825,68.895,37.97));
#4053 = DIRECTION('',(0.,0.,1.));
#4054 = DIRECTION('',(1.,0.,-0.));
#4055 = MANIFOLD_SOLID_BREP('',#4056);
#4056 = CLOSED_SHELL('',(#4057,#4097,#4137,#4159,#4181,#4193));
#4057 = ADVANCED_FACE('',(#4058),#4092,.F.);
#4058 = FACE_BOUND('',#4059,.F.);
#4059 = EDGE_LOOP('',(#4060,#4070,#4078,#4086));
#4060 = ORIENTED_EDGE('',*,*,#4061,.F.);
#4061 = EDGE_CURVE('',#4062,#4064,#4066,.T.);
#4062 = VERTEX_POINT('',#4063);
#4063 = CARTESIAN_POINT('',(102.825,94.295,26.42));
#4064 = VERTEX_POINT('',#4065);
#4065 = CARTESIAN_POINT('',(102.825,94.295,37.97));
#4066 = LINE('',#4067,#4068);
#4067 = CARTESIAN_POINT('',(102.825,94.295,26.42));
#4068 = VECTOR('',#4069,1.);
#4069 = DIRECTION('',(0.,0.,1.));
#4070 = ORIENTED_EDGE('',*,*,#4071,.T.);
#4071 = EDGE_CURVE('',#4062,#4072,#4074,.T.);
#4072 = VERTEX_POINT('',#4073);
#4073 = CARTESIAN_POINT('',(102.825,95.105,26.42));
#4074 = LINE('',#4075,#4076);
#4075 = CARTESIAN_POINT('',(102.825,94.295,26.42));
#4076 = VECTOR('',#4077,1.);
#4077 = DIRECTION('',(-0.,1.,0.));
#4078 = ORIENTED_EDGE('',*,*,#4079,.T.);
#4079 = EDGE_CURVE('',#4072,#4080,#4082,.T.);
#4080 = VERTEX_POINT('',#4081);
#4081 = CARTESIAN_POINT('',(102.825,95.105,37.97));
#4082 = LINE('',#4083,#4084);
#4083 = CARTESIAN_POINT('',(102.825,95.105,26.42));
#4084 = VECTOR('',#4085,1.);
#4085 = DIRECTION('',(0.,0.,1.));
#4086 = ORIENTED_EDGE('',*,*,#4087,.F.);
#4087 = EDGE_CURVE('',#4064,#4080,#4088,.T.);
#4088 = LINE('',#4089,#4090);
#4089 = CARTESIAN_POINT('',(102.825,94.295,37.97));
#4090 = VECTOR('',#4091,1.);
#4091 = DIRECTION('',(-0.,1.,0.));
#4092 = PLANE('',#4093);
#4093 = AXIS2_PLACEMENT_3D('',#4094,#4095,#4096);
#4094 = CARTESIAN_POINT('',(102.825,94.295,26.42));
#4095 = DIRECTION('',(1.,0.,-0.));
#4096 = DIRECTION('',(0.,0.,1.));
#4097 = ADVANCED_FACE('',(#4098),#4132,.T.);
#4098 = FACE_BOUND('',#4099,.T.);
#4099 = EDGE_LOOP('',(#4100,#4110,#4118,#4126));
#4100 = ORIENTED_EDGE('',*,*,#4101,.F.);
#4101 = EDGE_CURVE('',#4102,#4104,#4106,.T.);
#4102 = VERTEX_POINT('',#4103);
#4103 = CARTESIAN_POINT('',(109.175,94.295,26.42));
#4104 = VERTEX_POINT('',#4105);
#4105 = CARTESIAN_POINT('',(109.175,94.295,37.97));
#4106 = LINE('',#4107,#4108);
#4107 = CARTESIAN_POINT('',(109.175,94.295,26.42));
#4108 = VECTOR('',#4109,1.);
#4109 = DIRECTION('',(0.,0.,1.));
#4110 = ORIENTED_EDGE('',*,*,#4111,.T.);
#4111 = EDGE_CURVE('',#4102,#4112,#4114,.T.);
#4112 = VERTEX_POINT('',#4113);
#4113 = CARTESIAN_POINT('',(109.175,95.105,26.42));
#4114 = LINE('',#4115,#4116);
#4115 = CARTESIAN_POINT('',(109.175,94.295,26.42));
#4116 = VECTOR('',#4117,1.);
#4117 = DIRECTION('',(-0.,1.,0.));
#4118 = ORIENTED_EDGE('',*,*,#4119,.T.);
#4119 = EDGE_CURVE('',#4112,#4120,#4122,.T.);
#4120 = VERTEX_POINT('',#4121);
#4121 = CARTESIAN_POINT('',(109.175,95.105,37.97));
#4122 = LINE('',#4123,#4124);
#4123 = CARTESIAN_POINT('',(109.175,95.105,26.42));
#4124 = VECTOR('',#4125,1.);
#4125 = DIRECTION('',(0.,0.,1.));
#4126 = ORIENTED_EDGE('',*,*,#4127,.F.);
#4127 = EDGE_CURVE('',#4104,#4120,#4128,.T.);
#4128 = LINE('',#4129,#4130);
#4129 = CARTESIAN_POINT('',(109.175,94.295,37.97));
#4130 = VECTOR('',#4131,1.);
#4131 = DIRECTION('',(-0.,1.,0.));
#4132 = PLANE('',#4133);
#4133 = AXIS2_PLACEMENT_3D('',#4134,#4135,#4136);
#4134 = CARTESIAN_POINT('',(109.175,94.295,26.42));
#4135 = DIRECTION('',(1.,0.,-0.));
#4136 = DIRECTION('',(0.,0.,1.));
#4137 = ADVANCED_FACE('',(#4138),#4154,.F.);
#4138 = FACE_BOUND('',#4139,.F.);
#4139 = EDGE_LOOP('',(#4140,#4146,#4147,#4153));
#4140 = ORIENTED_EDGE('',*,*,#4141,.F.);
#4141 = EDGE_CURVE('',#4062,#4102,#4142,.T.);
#4142 = LINE('',#4143,#4144);
#4143 = CARTESIAN_POINT('',(102.825,94.295,26.42));
#4144 = VECTOR('',#4145,1.);
#4145 = DIRECTION('',(1.,0.,-0.));
#4146 = ORIENTED_EDGE('',*,*,#4061,.T.);
#4147 = ORIENTED_EDGE('',*,*,#4148,.T.);
#4148 = EDGE_CURVE('',#4064,#4104,#4149,.T.);
#4149 = LINE('',#4150,#4151);
#4150 = CARTESIAN_POINT('',(102.825,94.295,37.97));
#4151 = VECTOR('',#4152,1.);
#4152 = DIRECTION('',(1.,0.,-0.));
#4153 = ORIENTED_EDGE('',*,*,#4101,.F.);
#4154 = PLANE('',#4155);
#4155 = AXIS2_PLACEMENT_3D('',#4156,#4157,#4158);
#4156 = CARTESIAN_POINT('',(102.825,94.295,26.42));
#4157 = DIRECTION('',(-0.,1.,0.));
#4158 = DIRECTION('',(0.,0.,1.));
#4159 = ADVANCED_FACE('',(#4160),#4176,.T.);
#4160 = FACE_BOUND('',#4161,.T.);
#4161 = EDGE_LOOP('',(#4162,#4168,#4169,#4175));
#4162 = ORIENTED_EDGE('',*,*,#4163,.F.);
#4163 = EDGE_CURVE('',#4072,#4112,#4164,.T.);
#4164 = LINE('',#4165,#4166);
#4165 = CARTESIAN_POINT('',(102.825,95.105,26.42));
#4166 = VECTOR('',#4167,1.);
#4167 = DIRECTION('',(1.,0.,-0.));
#4168 = ORIENTED_EDGE('',*,*,#4079,.T.);
#4169 = ORIENTED_EDGE('',*,*,#4170,.T.);
#4170 = EDGE_CURVE('',#4080,#4120,#4171,.T.);
#4171 = LINE('',#4172,#4173);
#4172 = CARTESIAN_POINT('',(102.825,95.105,37.97));
#4173 = VECTOR('',#4174,1.);
#4174 = DIRECTION('',(1.,0.,-0.));
#4175 = ORIENTED_EDGE('',*,*,#4119,.F.);
#4176 = PLANE('',#4177);
#4177 = AXIS2_PLACEMENT_3D('',#4178,#4179,#4180);
#4178 = CARTESIAN_POINT('',(102.825,95.105,26.42));
#4179 = DIRECTION('',(-0.,1.,0.));
#4180 = DIRECTION('',(0.,0.,1.));
#4181 = ADVANCED_FACE('',(#4182),#4188,.F.);
#4182 = FACE_BOUND('',#4183,.F.);
#4183 = EDGE_LOOP('',(#4184,#4185,#4186,#4187));
#4184 = ORIENTED_EDGE('',*,*,#4071,.F.);
#4185 = ORIENTED_EDGE('',*,*,#4141,.T.);
#4186 = ORIENTED_EDGE('',*,*,#4111,.T.);
#4187 = ORIENTED_EDGE('',*,*,#4163,.F.);
#4188 = PLANE('',#4189);
#4189 = AXIS2_PLACEMENT_3D('',#4190,#4191,#4192);
#4190 = CARTESIAN_POINT('',(102.825,94.295,26.42));
#4191 = DIRECTION('',(0.,0.,1.));
#4192 = DIRECTION('',(1.,0.,-0.));
#4193 = ADVANCED_FACE('',(#4194),#4200,.T.);
#4194 = FACE_BOUND('',#4195,.T.);
#4195 = EDGE_LOOP('',(#4196,#4197,#4198,#4199));
#4196 = ORIENTED_EDGE('',*,*,#4087,.F.);
#4197 = ORIENTED_EDGE('',*,*,#4148,.T.);
#4198 = ORIENTED_EDGE('',*,*,#4127,.T.);
#4199 = ORIENTED_EDGE('',*,*,#4170,.F.);
#4200 = PLANE('',#4201);
#4201 = AXIS2_PLACEMENT_3D('',#4202,#4203,#4204);
#4202 = CARTESIAN_POINT('',(102.825,94.295,37.97));
#4203 = DIRECTION('',(0.,0.,1.));
#4204 = DIRECTION('',(1.,0.,-0.));
#4205 = MANIFOLD_SOLID_BREP('',#4206);
#4206 = CLOSED_SHELL('',(#4207,#4247,#4287,#4309,#4331,#4343));
#4207 = ADVANCED_FACE('',(#4208),#4242,.F.);
#4208 = FACE_BOUND('',#4209,.F.);
#4209 = EDGE_LOOP('',(#4210,#4220,#4228,#4236));
#4210 = ORIENTED_EDGE('',*,*,#4211,.F.);
#4211 = EDGE_CURVE('',#4212,#4214,#4216,.T.);
#4212 = VERTEX_POINT('',#4213);
#4213 = CARTESIAN_POINT('',(114.825,68.895,26.42));
#4214 = VERTEX_POINT('',#4215);
#4215 = CARTESIAN_POINT('',(114.825,68.895,37.97));
#4216 = LINE('',#4217,#4218);
#4217 = CARTESIAN_POINT('',(114.825,68.895,26.42));
#4218 = VECTOR('',#4219,1.);
#4219 = DIRECTION('',(0.,0.,1.));
#4220 = ORIENTED_EDGE('',*,*,#4221,.T.);
#4221 = EDGE_CURVE('',#4212,#4222,#4224,.T.);
#4222 = VERTEX_POINT('',#4223);
#4223 = CARTESIAN_POINT('',(114.825,69.705,26.42));
#4224 = LINE('',#4225,#4226);
#4225 = CARTESIAN_POINT('',(114.825,68.895,26.42));
#4226 = VECTOR('',#4227,1.);
#4227 = DIRECTION('',(-0.,1.,0.));
#4228 = ORIENTED_EDGE('',*,*,#4229,.T.);
#4229 = EDGE_CURVE('',#4222,#4230,#4232,.T.);
#4230 = VERTEX_POINT('',#4231);
#4231 = CARTESIAN_POINT('',(114.825,69.705,37.97));
#4232 = LINE('',#4233,#4234);
#4233 = CARTESIAN_POINT('',(114.825,69.705,26.42));
#4234 = VECTOR('',#4235,1.);
#4235 = DIRECTION('',(0.,0.,1.));
#4236 = ORIENTED_EDGE('',*,*,#4237,.F.);
#4237 = EDGE_CURVE('',#4214,#4230,#4238,.T.);
#4238 = LINE('',#4239,#4240);
#4239 = CARTESIAN_POINT('',(114.825,68.895,37.97));
#4240 = VECTOR('',#4241,1.);
#4241 = DIRECTION('',(-0.,1.,0.));
#4242 = PLANE('',#4243);
#4243 = AXIS2_PLACEMENT_3D('',#4244,#4245,#4246);
#4244 = CARTESIAN_POINT('',(114.825,68.895,26.42));
#4245 = DIRECTION('',(1.,0.,-0.));
#4246 = DIRECTION('',(0.,0.,1.));
#4247 = ADVANCED_FACE('',(#4248),#4282,.T.);
#4248 = FACE_BOUND('',#4249,.T.);
#4249 = EDGE_LOOP('',(#4250,#4260,#4268,#4276));
#4250 = ORIENTED_EDGE('',*,*,#4251,.F.);
#4251 = EDGE_CURVE('',#4252,#4254,#4256,.T.);
#4252 = VERTEX_POINT('',#4253);
#4253 = CARTESIAN_POINT('',(121.175,68.895,26.42));
#4254 = VERTEX_POINT('',#4255);
#4255 = CARTESIAN_POINT('',(121.175,68.895,37.97));
#4256 = LINE('',#4257,#4258);
#4257 = CARTESIAN_POINT('',(121.175,68.895,26.42));
#4258 = VECTOR('',#4259,1.);
#4259 = DIRECTION('',(0.,0.,1.));
#4260 = ORIENTED_EDGE('',*,*,#4261,.T.);
#4261 = EDGE_CURVE('',#4252,#4262,#4264,.T.);
#4262 = VERTEX_POINT('',#4263);
#4263 = CARTESIAN_POINT('',(121.175,69.705,26.42));
#4264 = LINE('',#4265,#4266);
#4265 = CARTESIAN_POINT('',(121.175,68.895,26.42));
#4266 = VECTOR('',#4267,1.);
#4267 = DIRECTION('',(-0.,1.,0.));
#4268 = ORIENTED_EDGE('',*,*,#4269,.T.);
#4269 = EDGE_CURVE('',#4262,#4270,#4272,.T.);
#4270 = VERTEX_POINT('',#4271);
#4271 = CARTESIAN_POINT('',(121.175,69.705,37.97));
#4272 = LINE('',#4273,#4274);
#4273 = CARTESIAN_POINT('',(121.175,69.705,26.42));
#4274 = VECTOR('',#4275,1.);
#4275 = DIRECTION('',(0.,0.,1.));
#4276 = ORIENTED_EDGE('',*,*,#4277,.F.);
#4277 = EDGE_CURVE('',#4254,#4270,#4278,.T.);
#4278 = LINE('',#4279,#4280);
#4279 = CARTESIAN_POINT('',(121.175,68.895,37.97));
#4280 = VECTOR('',#4281,1.);
#4281 = DIRECTION('',(-0.,1.,0.));
#4282 = PLANE('',#4283);
#4283 = AXIS2_PLACEMENT_3D('',#4284,#4285,#4286);
#4284 = CARTESIAN_POINT('',(121.175,68.895,26.42));
#4285 = DIRECTION('',(1.,0.,-0.));
#4286 = DIRECTION('',(0.,0.,1.));
#4287 = ADVANCED_FACE('',(#4288),#4304,.F.);
#4288 = FACE_BOUND('',#4289,.F.);
#4289 = EDGE_LOOP('',(#4290,#4296,#4297,#4303));
#4290 = ORIENTED_EDGE('',*,*,#4291,.F.);
#4291 = EDGE_CURVE('',#4212,#4252,#4292,.T.);
#4292 = LINE('',#4293,#4294);
#4293 = CARTESIAN_POINT('',(114.825,68.895,26.42));
#4294 = VECTOR('',#4295,1.);
#4295 = DIRECTION('',(1.,0.,-0.));
#4296 = ORIENTED_EDGE('',*,*,#4211,.T.);
#4297 = ORIENTED_EDGE('',*,*,#4298,.T.);
#4298 = EDGE_CURVE('',#4214,#4254,#4299,.T.);
#4299 = LINE('',#4300,#4301);
#4300 = CARTESIAN_POINT('',(114.825,68.895,37.97));
#4301 = VECTOR('',#4302,1.);
#4302 = DIRECTION('',(1.,0.,-0.));
#4303 = ORIENTED_EDGE('',*,*,#4251,.F.);
#4304 = PLANE('',#4305);
#4305 = AXIS2_PLACEMENT_3D('',#4306,#4307,#4308);
#4306 = CARTESIAN_POINT('',(114.825,68.895,26.42));
#4307 = DIRECTION('',(-0.,1.,0.));
#4308 = DIRECTION('',(0.,0.,1.));
#4309 = ADVANCED_FACE('',(#4310),#4326,.T.);
#4310 = FACE_BOUND('',#4311,.T.);
#4311 = EDGE_LOOP('',(#4312,#4318,#4319,#4325));
#4312 = ORIENTED_EDGE('',*,*,#4313,.F.);
#4313 = EDGE_CURVE('',#4222,#4262,#4314,.T.);
#4314 = LINE('',#4315,#4316);
#4315 = CARTESIAN_POINT('',(114.825,69.705,26.42));
#4316 = VECTOR('',#4317,1.);
#4317 = DIRECTION('',(1.,0.,-0.));
#4318 = ORIENTED_EDGE('',*,*,#4229,.T.);
#4319 = ORIENTED_EDGE('',*,*,#4320,.T.);
#4320 = EDGE_CURVE('',#4230,#4270,#4321,.T.);
#4321 = LINE('',#4322,#4323);
#4322 = CARTESIAN_POINT('',(114.825,69.705,37.97));
#4323 = VECTOR('',#4324,1.);
#4324 = DIRECTION('',(1.,0.,-0.));
#4325 = ORIENTED_EDGE('',*,*,#4269,.F.);
#4326 = PLANE('',#4327);
#4327 = AXIS2_PLACEMENT_3D('',#4328,#4329,#4330);
#4328 = CARTESIAN_POINT('',(114.825,69.705,26.42));
#4329 = DIRECTION('',(-0.,1.,0.));
#4330 = DIRECTION('',(0.,0.,1.));
#4331 = ADVANCED_FACE('',(#4332),#4338,.F.);
#4332 = FACE_BOUND('',#4333,.F.);
#4333 = EDGE_LOOP('',(#4334,#4335,#4336,#4337));
#4334 = ORIENTED_EDGE('',*,*,#4221,.F.);
#4335 = ORIENTED_EDGE('',*,*,#4291,.T.);
#4336 = ORIENTED_EDGE('',*,*,#4261,.T.);
#4337 = ORIENTED_EDGE('',*,*,#4313,.F.);
#4338 = PLANE('',#4339);
#4339 = AXIS2_PLACEMENT_3D('',#4340,#4341,#4342);
#4340 = CARTESIAN_POINT('',(114.825,68.895,26.42));
#4341 = DIRECTION('',(0.,0.,1.));
#4342 = DIRECTION('',(1.,0.,-0.));
#4343 = ADVANCED_FACE('',(#4344),#4350,.T.);
#4344 = FACE_BOUND('',#4345,.T.);
#4345 = EDGE_LOOP('',(#4346,#4347,#4348,#4349));
#4346 = ORIENTED_EDGE('',*,*,#4237,.F.);
#4347 = ORIENTED_EDGE('',*,*,#4298,.T.);
#4348 = ORIENTED_EDGE('',*,*,#4277,.T.);
#4349 = ORIENTED_EDGE('',*,*,#4320,.F.);
#4350 = PLANE('',#4351);
#4351 = AXIS2_PLACEMENT_3D('',#4352,#4353,#4354);
#4352 = CARTESIAN_POINT('',(114.825,68.895,37.97));
#4353 = DIRECTION('',(0.,0.,1.));
#4354 = DIRECTION('',(1.,0.,-0.));
#4355 = MANIFOLD_SOLID_BREP('',#4356);
#4356 = CLOSED_SHELL('',(#4357,#4397,#4437,#4459,#4481,#4493));
#4357 = ADVANCED_FACE('',(#4358),#4392,.F.);
#4358 = FACE_BOUND('',#4359,.F.);
#4359 = EDGE_LOOP('',(#4360,#4370,#4378,#4386));
#4360 = ORIENTED_EDGE('',*,*,#4361,.F.);
#4361 = EDGE_CURVE('',#4362,#4364,#4366,.T.);
#4362 = VERTEX_POINT('',#4363);
#4363 = CARTESIAN_POINT('',(114.825,94.295,26.42));
#4364 = VERTEX_POINT('',#4365);
#4365 = CARTESIAN_POINT('',(114.825,94.295,37.97));
#4366 = LINE('',#4367,#4368);
#4367 = CARTESIAN_POINT('',(114.825,94.295,26.42));
#4368 = VECTOR('',#4369,1.);
#4369 = DIRECTION('',(0.,0.,1.));
#4370 = ORIENTED_EDGE('',*,*,#4371,.T.);
#4371 = EDGE_CURVE('',#4362,#4372,#4374,.T.);
#4372 = VERTEX_POINT('',#4373);
#4373 = CARTESIAN_POINT('',(114.825,95.105,26.42));
#4374 = LINE('',#4375,#4376);
#4375 = CARTESIAN_POINT('',(114.825,94.295,26.42));
#4376 = VECTOR('',#4377,1.);
#4377 = DIRECTION('',(-0.,1.,0.));
#4378 = ORIENTED_EDGE('',*,*,#4379,.T.);
#4379 = EDGE_CURVE('',#4372,#4380,#4382,.T.);
#4380 = VERTEX_POINT('',#4381);
#4381 = CARTESIAN_POINT('',(114.825,95.105,37.97));
#4382 = LINE('',#4383,#4384);
#4383 = CARTESIAN_POINT('',(114.825,95.105,26.42));
#4384 = VECTOR('',#4385,1.);
#4385 = DIRECTION('',(0.,0.,1.));
#4386 = ORIENTED_EDGE('',*,*,#4387,.F.);
#4387 = EDGE_CURVE('',#4364,#4380,#4388,.T.);
#4388 = LINE('',#4389,#4390);
#4389 = CARTESIAN_POINT('',(114.825,94.295,37.97));
#4390 = VECTOR('',#4391,1.);
#4391 = DIRECTION('',(-0.,1.,0.));
#4392 = PLANE('',#4393);
#4393 = AXIS2_PLACEMENT_3D('',#4394,#4395,#4396);
#4394 = CARTESIAN_POINT('',(114.825,94.295,26.42));
#4395 = DIRECTION('',(1.,0.,-0.));
#4396 = DIRECTION('',(0.,0.,1.));
#4397 = ADVANCED_FACE('',(#4398),#4432,.T.);
#4398 = FACE_BOUND('',#4399,.T.);
#4399 = EDGE_LOOP('',(#4400,#4410,#4418,#4426));
#4400 = ORIENTED_EDGE('',*,*,#4401,.F.);
#4401 = EDGE_CURVE('',#4402,#4404,#4406,.T.);
#4402 = VERTEX_POINT('',#4403);
#4403 = CARTESIAN_POINT('',(121.175,94.295,26.42));
#4404 = VERTEX_POINT('',#4405);
#4405 = CARTESIAN_POINT('',(121.175,94.295,37.97));
#4406 = LINE('',#4407,#4408);
#4407 = CARTESIAN_POINT('',(121.175,94.295,26.42));
#4408 = VECTOR('',#4409,1.);
#4409 = DIRECTION('',(0.,0.,1.));
#4410 = ORIENTED_EDGE('',*,*,#4411,.T.);
#4411 = EDGE_CURVE('',#4402,#4412,#4414,.T.);
#4412 = VERTEX_POINT('',#4413);
#4413 = CARTESIAN_POINT('',(121.175,95.105,26.42));
#4414 = LINE('',#4415,#4416);
#4415 = CARTESIAN_POINT('',(121.175,94.295,26.42));
#4416 = VECTOR('',#4417,1.);
#4417 = DIRECTION('',(-0.,1.,0.));
#4418 = ORIENTED_EDGE('',*,*,#4419,.T.);
#4419 = EDGE_CURVE('',#4412,#4420,#4422,.T.);
#4420 = VERTEX_POINT('',#4421);
#4421 = CARTESIAN_POINT('',(121.175,95.105,37.97));
#4422 = LINE('',#4423,#4424);
#4423 = CARTESIAN_POINT('',(121.175,95.105,26.42));
#4424 = VECTOR('',#4425,1.);
#4425 = DIRECTION('',(0.,0.,1.));
#4426 = ORIENTED_EDGE('',*,*,#4427,.F.);
#4427 = EDGE_CURVE('',#4404,#4420,#4428,.T.);
#4428 = LINE('',#4429,#4430);
#4429 = CARTESIAN_POINT('',(121.175,94.295,37.97));
#4430 = VECTOR('',#4431,1.);
#4431 = DIRECTION('',(-0.,1.,0.));
#4432 = PLANE('',#4433);
#4433 = AXIS2_PLACEMENT_3D('',#4434,#4435,#4436);
#4434 = CARTESIAN_POINT('',(121.175,94.295,26.42));
#4435 = DIRECTION('',(1.,0.,-0.));
#4436 = DIRECTION('',(0.,0.,1.));
#4437 = ADVANCED_FACE('',(#4438),#4454,.F.);
#4438 = FACE_BOUND('',#4439,.F.);
#4439 = EDGE_LOOP('',(#4440,#4446,#4447,#4453));
#4440 = ORIENTED_EDGE('',*,*,#4441,.F.);
#4441 = EDGE_CURVE('',#4362,#4402,#4442,.T.);
#4442 = LINE('',#4443,#4444);
#4443 = CARTESIAN_POINT('',(114.825,94.295,26.42));
#4444 = VECTOR('',#4445,1.);
#4445 = DIRECTION('',(1.,0.,-0.));
#4446 = ORIENTED_EDGE('',*,*,#4361,.T.);
#4447 = ORIENTED_EDGE('',*,*,#4448,.T.);
#4448 = EDGE_CURVE('',#4364,#4404,#4449,.T.);
#4449 = LINE('',#4450,#4451);
#4450 = CARTESIAN_POINT('',(114.825,94.295,37.97));
#4451 = VECTOR('',#4452,1.);
#4452 = DIRECTION('',(1.,0.,-0.));
#4453 = ORIENTED_EDGE('',*,*,#4401,.F.);
#4454 = PLANE('',#4455);
#4455 = AXIS2_PLACEMENT_3D('',#4456,#4457,#4458);
#4456 = CARTESIAN_POINT('',(114.825,94.295,26.42));
#4457 = DIRECTION('',(-0.,1.,0.));
#4458 = DIRECTION('',(0.,0.,1.));
#4459 = ADVANCED_FACE('',(#4460),#4476,.T.);
#4460 = FACE_BOUND('',#4461,.T.);
#4461 = EDGE_LOOP('',(#4462,#4468,#4469,#4475));
#4462 = ORIENTED_EDGE('',*,*,#4463,.F.);
#4463 = EDGE_CURVE('',#4372,#4412,#4464,.T.);
#4464 = LINE('',#4465,#4466);
#4465 = CARTESIAN_POINT('',(114.825,95.105,26.42));
#4466 = VECTOR('',#4467,1.);
#4467 = DIRECTION('',(1.,0.,-0.));
#4468 = ORIENTED_EDGE('',*,*,#4379,.T.);
#4469 = ORIENTED_EDGE('',*,*,#4470,.T.);
#4470 = EDGE_CURVE('',#4380,#4420,#4471,.T.);
#4471 = LINE('',#4472,#4473);
#4472 = CARTESIAN_POINT('',(114.825,95.105,37.97));
#4473 = VECTOR('',#4474,1.);
#4474 = DIRECTION('',(1.,0.,-0.));
#4475 = ORIENTED_EDGE('',*,*,#4419,.F.);
#4476 = PLANE('',#4477);
#4477 = AXIS2_PLACEMENT_3D('',#4478,#4479,#4480);
#4478 = CARTESIAN_POINT('',(114.825,95.105,26.42));
#4479 = DIRECTION('',(-0.,1.,0.));
#4480 = DIRECTION('',(0.,0.,1.));
#4481 = ADVANCED_FACE('',(#4482),#4488,.F.);
#4482 = FACE_BOUND('',#4483,.F.);
#4483 = EDGE_LOOP('',(#4484,#4485,#4486,#4487));
#4484 = ORIENTED_EDGE('',*,*,#4371,.F.);
#4485 = ORIENTED_EDGE('',*,*,#4441,.T.);
#4486 = ORIENTED_EDGE('',*,*,#4411,.T.);
#4487 = ORIENTED_EDGE('',*,*,#4463,.F.);
#4488 = PLANE('',#4489);
#4489 = AXIS2_PLACEMENT_3D('',#4490,#4491,#4492);
#4490 = CARTESIAN_POINT('',(114.825,94.295,26.42));
#4491 = DIRECTION('',(0.,0.,1.));
#4492 = DIRECTION('',(1.,0.,-0.));
#4493 = ADVANCED_FACE('',(#4494),#4500,.T.);
#4494 = FACE_BOUND('',#4495,.T.);
#4495 = EDGE_LOOP('',(#4496,#4497,#4498,#4499));
#4496 = ORIENTED_EDGE('',*,*,#4387,.F.);
#4497 = ORIENTED_EDGE('',*,*,#4448,.T.);
#4498 = ORIENTED_EDGE('',*,*,#4427,.T.);
#4499 = ORIENTED_EDGE('',*,*,#4470,.F.);
#4500 = PLANE('',#4501);
#4501 = AXIS2_PLACEMENT_3D('',#4502,#4503,#4504);
#4502 = CARTESIAN_POINT('',(114.825,94.295,37.97));
#4503 = DIRECTION('',(0.,0.,1.));
#4504 = DIRECTION('',(1.,0.,-0.));
#4505 = MANIFOLD_SOLID_BREP('',#4506);
#4506 = CLOSED_SHELL('',(#4507,#4547,#4578,#4646,#4670,#4731,#4743,#4760
    ,#4777,#4794));
#4507 = ADVANCED_FACE('',(#4508),#4542,.F.);
#4508 = FACE_BOUND('',#4509,.F.);
#4509 = EDGE_LOOP('',(#4510,#4520,#4528,#4536));
#4510 = ORIENTED_EDGE('',*,*,#4511,.F.);
#4511 = EDGE_CURVE('',#4512,#4514,#4516,.T.);
#4512 = VERTEX_POINT('',#4513);
#4513 = CARTESIAN_POINT('',(28.,17.,0.));
#4514 = VERTEX_POINT('',#4515);
#4515 = CARTESIAN_POINT('',(28.,17.,1.6));
#4516 = LINE('',#4517,#4518);
#4517 = CARTESIAN_POINT('',(28.,17.,0.));
#4518 = VECTOR('',#4519,1.);
#4519 = DIRECTION('',(0.,0.,1.));
#4520 = ORIENTED_EDGE('',*,*,#4521,.T.);
#4521 = EDGE_CURVE('',#4512,#4522,#4524,.T.);
#4522 = VERTEX_POINT('',#4523);
#4523 = CARTESIAN_POINT('',(28.,47.,0.));
#4524 = LINE('',#4525,#4526);
#4525 = CARTESIAN_POINT('',(28.,17.,0.));
#4526 = VECTOR('',#4527,1.);
#4527 = DIRECTION('',(-0.,1.,0.));
#4528 = ORIENTED_EDGE('',*,*,#4529,.T.);
#4529 = EDGE_CURVE('',#4522,#4530,#4532,.T.);
#4530 = VERTEX_POINT('',#4531);
#4531 = CARTESIAN_POINT('',(28.,47.,1.6));
#4532 = LINE('',#4533,#4534);
#4533 = CARTESIAN_POINT('',(28.,47.,0.));
#4534 = VECTOR('',#4535,1.);
#4535 = DIRECTION('',(0.,0.,1.));
#4536 = ORIENTED_EDGE('',*,*,#4537,.F.);
#4537 = EDGE_CURVE('',#4514,#4530,#4538,.T.);
#4538 = LINE('',#4539,#4540);
#4539 = CARTESIAN_POINT('',(28.,17.,1.6));
#4540 = VECTOR('',#4541,1.);
#4541 = DIRECTION('',(-0.,1.,0.));
#4542 = PLANE('',#4543);
#4543 = AXIS2_PLACEMENT_3D('',#4544,#4545,#4546);
#4544 = CARTESIAN_POINT('',(28.,17.,0.));
#4545 = DIRECTION('',(1.,0.,-0.));
#4546 = DIRECTION('',(0.,0.,1.));
#4547 = ADVANCED_FACE('',(#4548),#4573,.F.);
#4548 = FACE_BOUND('',#4549,.F.);
#4549 = EDGE_LOOP('',(#4550,#4558,#4559,#4567));
#4550 = ORIENTED_EDGE('',*,*,#4551,.F.);
#4551 = EDGE_CURVE('',#4512,#4552,#4554,.T.);
#4552 = VERTEX_POINT('',#4553);
#4553 = CARTESIAN_POINT('',(68.,17.,0.));
#4554 = LINE('',#4555,#4556);
#4555 = CARTESIAN_POINT('',(28.,17.,0.));
#4556 = VECTOR('',#4557,1.);
#4557 = DIRECTION('',(1.,0.,-0.));
#4558 = ORIENTED_EDGE('',*,*,#4511,.T.);
#4559 = ORIENTED_EDGE('',*,*,#4560,.T.);
#4560 = EDGE_CURVE('',#4514,#4561,#4563,.T.);
#4561 = VERTEX_POINT('',#4562);
#4562 = CARTESIAN_POINT('',(68.,17.,1.6));
#4563 = LINE('',#4564,#4565);
#4564 = CARTESIAN_POINT('',(28.,17.,1.6));
#4565 = VECTOR('',#4566,1.);
#4566 = DIRECTION('',(1.,0.,-0.));
#4567 = ORIENTED_EDGE('',*,*,#4568,.F.);
#4568 = EDGE_CURVE('',#4552,#4561,#4569,.T.);
#4569 = LINE('',#4570,#4571);
#4570 = CARTESIAN_POINT('',(68.,17.,0.));
#4571 = VECTOR('',#4572,1.);
#4572 = DIRECTION('',(0.,0.,1.));
#4573 = PLANE('',#4574);
#4574 = AXIS2_PLACEMENT_3D('',#4575,#4576,#4577);
#4575 = CARTESIAN_POINT('',(28.,17.,0.));
#4576 = DIRECTION('',(-0.,1.,0.));
#4577 = DIRECTION('',(0.,0.,1.));
#4578 = ADVANCED_FACE('',(#4579,#4597,#4608,#4619,#4630),#4641,.T.);
#4579 = FACE_BOUND('',#4580,.T.);
#4580 = EDGE_LOOP('',(#4581,#4582,#4583,#4591));
#4581 = ORIENTED_EDGE('',*,*,#4537,.F.);
#4582 = ORIENTED_EDGE('',*,*,#4560,.T.);
#4583 = ORIENTED_EDGE('',*,*,#4584,.T.);
#4584 = EDGE_CURVE('',#4561,#4585,#4587,.T.);
#4585 = VERTEX_POINT('',#4586);
#4586 = CARTESIAN_POINT('',(68.,47.,1.6));
#4587 = LINE('',#4588,#4589);
#4588 = CARTESIAN_POINT('',(68.,17.,1.6));
#4589 = VECTOR('',#4590,1.);
#4590 = DIRECTION('',(-0.,1.,0.));
#4591 = ORIENTED_EDGE('',*,*,#4592,.F.);
#4592 = EDGE_CURVE('',#4530,#4585,#4593,.T.);
#4593 = LINE('',#4594,#4595);
#4594 = CARTESIAN_POINT('',(28.,47.,1.6));
#4595 = VECTOR('',#4596,1.);
#4596 = DIRECTION('',(1.,0.,-0.));
#4597 = FACE_BOUND('',#4598,.T.);
#4598 = EDGE_LOOP('',(#4599));
#4599 = ORIENTED_EDGE('',*,*,#4600,.F.);
#4600 = EDGE_CURVE('',#4601,#4601,#4603,.T.);
#4601 = VERTEX_POINT('',#4602);
#4602 = CARTESIAN_POINT('',(33.6,21.,1.6));
#4603 = CIRCLE('',#4604,1.6);
#4604 = AXIS2_PLACEMENT_3D('',#4605,#4606,#4607);
#4605 = CARTESIAN_POINT('',(32.,21.,1.6));
#4606 = DIRECTION('',(0.,0.,1.));
#4607 = DIRECTION('',(1.,0.,-0.));
#4608 = FACE_BOUND('',#4609,.T.);
#4609 = EDGE_LOOP('',(#4610));
#4610 = ORIENTED_EDGE('',*,*,#4611,.F.);
#4611 = EDGE_CURVE('',#4612,#4612,#4614,.T.);
#4612 = VERTEX_POINT('',#4613);
#4613 = CARTESIAN_POINT('',(65.6,21.,1.6));
#4614 = CIRCLE('',#4615,1.6);
#4615 = AXIS2_PLACEMENT_3D('',#4616,#4617,#4618);
#4616 = CARTESIAN_POINT('',(64.,21.,1.6));
#4617 = DIRECTION('',(0.,0.,1.));
#4618 = DIRECTION('',(1.,0.,-0.));
#4619 = FACE_BOUND('',#4620,.T.);
#4620 = EDGE_LOOP('',(#4621));
#4621 = ORIENTED_EDGE('',*,*,#4622,.F.);
#4622 = EDGE_CURVE('',#4623,#4623,#4625,.T.);
#4623 = VERTEX_POINT('',#4624);
#4624 = CARTESIAN_POINT('',(33.6,43.,1.6));
#4625 = CIRCLE('',#4626,1.6);
#4626 = AXIS2_PLACEMENT_3D('',#4627,#4628,#4629);
#4627 = CARTESIAN_POINT('',(32.,43.,1.6));
#4628 = DIRECTION('',(0.,0.,1.));
#4629 = DIRECTION('',(1.,0.,-0.));
#4630 = FACE_BOUND('',#4631,.T.);
#4631 = EDGE_LOOP('',(#4632));
#4632 = ORIENTED_EDGE('',*,*,#4633,.F.);
#4633 = EDGE_CURVE('',#4634,#4634,#4636,.T.);
#4634 = VERTEX_POINT('',#4635);
#4635 = CARTESIAN_POINT('',(65.6,43.,1.6));
#4636 = CIRCLE('',#4637,1.6);
#4637 = AXIS2_PLACEMENT_3D('',#4638,#4639,#4640);
#4638 = CARTESIAN_POINT('',(64.,43.,1.6));
#4639 = DIRECTION('',(0.,0.,1.));
#4640 = DIRECTION('',(1.,0.,-0.));
#4641 = PLANE('',#4642);
#4642 = AXIS2_PLACEMENT_3D('',#4643,#4644,#4645);
#4643 = CARTESIAN_POINT('',(28.,17.,1.6));
#4644 = DIRECTION('',(0.,0.,1.));
#4645 = DIRECTION('',(1.,0.,-0.));
#4646 = ADVANCED_FACE('',(#4647),#4665,.T.);
#4647 = FACE_BOUND('',#4648,.T.);
#4648 = EDGE_LOOP('',(#4649,#4657,#4658,#4659));
#4649 = ORIENTED_EDGE('',*,*,#4650,.F.);
#4650 = EDGE_CURVE('',#4522,#4651,#4653,.T.);
#4651 = VERTEX_POINT('',#4652);
#4652 = CARTESIAN_POINT('',(68.,47.,0.));
#4653 = LINE('',#4654,#4655);
#4654 = CARTESIAN_POINT('',(28.,47.,0.));
#4655 = VECTOR('',#4656,1.);
#4656 = DIRECTION('',(1.,0.,-0.));
#4657 = ORIENTED_EDGE('',*,*,#4529,.T.);
#4658 = ORIENTED_EDGE('',*,*,#4592,.T.);
#4659 = ORIENTED_EDGE('',*,*,#4660,.F.);
#4660 = EDGE_CURVE('',#4651,#4585,#4661,.T.);
#4661 = LINE('',#4662,#4663);
#4662 = CARTESIAN_POINT('',(68.,47.,0.));
#4663 = VECTOR('',#4664,1.);
#4664 = DIRECTION('',(0.,0.,1.));
#4665 = PLANE('',#4666);
#4666 = AXIS2_PLACEMENT_3D('',#4667,#4668,#4669);
#4667 = CARTESIAN_POINT('',(28.,47.,0.));
#4668 = DIRECTION('',(-0.,1.,0.));
#4669 = DIRECTION('',(0.,0.,1.));
#4670 = ADVANCED_FACE('',(#4671,#4682,#4693,#4704,#4715),#4726,.F.);
#4671 = FACE_BOUND('',#4672,.F.);
#4672 = EDGE_LOOP('',(#4673,#4674,#4675,#4681));
#4673 = ORIENTED_EDGE('',*,*,#4521,.F.);
#4674 = ORIENTED_EDGE('',*,*,#4551,.T.);
#4675 = ORIENTED_EDGE('',*,*,#4676,.T.);
#4676 = EDGE_CURVE('',#4552,#4651,#4677,.T.);
#4677 = LINE('',#4678,#4679);
#4678 = CARTESIAN_POINT('',(68.,17.,0.));
#4679 = VECTOR('',#4680,1.);
#4680 = DIRECTION('',(-0.,1.,0.));
#4681 = ORIENTED_EDGE('',*,*,#4650,.F.);
#4682 = FACE_BOUND('',#4683,.F.);
#4683 = EDGE_LOOP('',(#4684));
#4684 = ORIENTED_EDGE('',*,*,#4685,.F.);
#4685 = EDGE_CURVE('',#4686,#4686,#4688,.T.);
#4686 = VERTEX_POINT('',#4687);
#4687 = CARTESIAN_POINT('',(33.6,21.,0.));
#4688 = CIRCLE('',#4689,1.6);
#4689 = AXIS2_PLACEMENT_3D('',#4690,#4691,#4692);
#4690 = CARTESIAN_POINT('',(32.,21.,0.));
#4691 = DIRECTION('',(0.,0.,1.));
#4692 = DIRECTION('',(1.,0.,-0.));
#4693 = FACE_BOUND('',#4694,.F.);
#4694 = EDGE_LOOP('',(#4695));
#4695 = ORIENTED_EDGE('',*,*,#4696,.F.);
#4696 = EDGE_CURVE('',#4697,#4697,#4699,.T.);
#4697 = VERTEX_POINT('',#4698);
#4698 = CARTESIAN_POINT('',(65.6,21.,0.));
#4699 = CIRCLE('',#4700,1.6);
#4700 = AXIS2_PLACEMENT_3D('',#4701,#4702,#4703);
#4701 = CARTESIAN_POINT('',(64.,21.,0.));
#4702 = DIRECTION('',(0.,0.,1.));
#4703 = DIRECTION('',(1.,0.,-0.));
#4704 = FACE_BOUND('',#4705,.F.);
#4705 = EDGE_LOOP('',(#4706));
#4706 = ORIENTED_EDGE('',*,*,#4707,.F.);
#4707 = EDGE_CURVE('',#4708,#4708,#4710,.T.);
#4708 = VERTEX_POINT('',#4709);
#4709 = CARTESIAN_POINT('',(33.6,43.,0.));
#4710 = CIRCLE('',#4711,1.6);
#4711 = AXIS2_PLACEMENT_3D('',#4712,#4713,#4714);
#4712 = CARTESIAN_POINT('',(32.,43.,0.));
#4713 = DIRECTION('',(0.,0.,1.));
#4714 = DIRECTION('',(1.,0.,-0.));
#4715 = FACE_BOUND('',#4716,.F.);
#4716 = EDGE_LOOP('',(#4717));
#4717 = ORIENTED_EDGE('',*,*,#4718,.F.);
#4718 = EDGE_CURVE('',#4719,#4719,#4721,.T.);
#4719 = VERTEX_POINT('',#4720);
#4720 = CARTESIAN_POINT('',(65.6,43.,0.));
#4721 = CIRCLE('',#4722,1.6);
#4722 = AXIS2_PLACEMENT_3D('',#4723,#4724,#4725);
#4723 = CARTESIAN_POINT('',(64.,43.,0.));
#4724 = DIRECTION('',(0.,0.,1.));
#4725 = DIRECTION('',(1.,0.,-0.));
#4726 = PLANE('',#4727);
#4727 = AXIS2_PLACEMENT_3D('',#4728,#4729,#4730);
#4728 = CARTESIAN_POINT('',(28.,17.,0.));
#4729 = DIRECTION('',(0.,0.,1.));
#4730 = DIRECTION('',(1.,0.,-0.));
#4731 = ADVANCED_FACE('',(#4732),#4738,.T.);
#4732 = FACE_BOUND('',#4733,.T.);
#4733 = EDGE_LOOP('',(#4734,#4735,#4736,#4737));
#4734 = ORIENTED_EDGE('',*,*,#4568,.F.);
#4735 = ORIENTED_EDGE('',*,*,#4676,.T.);
#4736 = ORIENTED_EDGE('',*,*,#4660,.T.);
#4737 = ORIENTED_EDGE('',*,*,#4584,.F.);
#4738 = PLANE('',#4739);
#4739 = AXIS2_PLACEMENT_3D('',#4740,#4741,#4742);
#4740 = CARTESIAN_POINT('',(68.,17.,0.));
#4741 = DIRECTION('',(1.,0.,-0.));
#4742 = DIRECTION('',(0.,0.,1.));
#4743 = ADVANCED_FACE('',(#4744),#4755,.F.);
#4744 = FACE_BOUND('',#4745,.F.);
#4745 = EDGE_LOOP('',(#4746,#4747,#4753,#4754));
#4746 = ORIENTED_EDGE('',*,*,#4600,.F.);
#4747 = ORIENTED_EDGE('',*,*,#4748,.F.);
#4748 = EDGE_CURVE('',#4686,#4601,#4749,.T.);
#4749 = LINE('',#4750,#4751);
#4750 = CARTESIAN_POINT('',(33.6,21.,-1.));
#4751 = VECTOR('',#4752,1.);
#4752 = DIRECTION('',(0.,0.,1.));
#4753 = ORIENTED_EDGE('',*,*,#4685,.T.);
#4754 = ORIENTED_EDGE('',*,*,#4748,.T.);
#4755 = CYLINDRICAL_SURFACE('',#4756,1.6);
#4756 = AXIS2_PLACEMENT_3D('',#4757,#4758,#4759);
#4757 = CARTESIAN_POINT('',(32.,21.,-1.));
#4758 = DIRECTION('',(0.,0.,1.));
#4759 = DIRECTION('',(1.,0.,-0.));
#4760 = ADVANCED_FACE('',(#4761),#4772,.F.);
#4761 = FACE_BOUND('',#4762,.F.);
#4762 = EDGE_LOOP('',(#4763,#4764,#4770,#4771));
#4763 = ORIENTED_EDGE('',*,*,#4611,.F.);
#4764 = ORIENTED_EDGE('',*,*,#4765,.F.);
#4765 = EDGE_CURVE('',#4697,#4612,#4766,.T.);
#4766 = LINE('',#4767,#4768);
#4767 = CARTESIAN_POINT('',(65.6,21.,-1.));
#4768 = VECTOR('',#4769,1.);
#4769 = DIRECTION('',(0.,0.,1.));
#4770 = ORIENTED_EDGE('',*,*,#4696,.T.);
#4771 = ORIENTED_EDGE('',*,*,#4765,.T.);
#4772 = CYLINDRICAL_SURFACE('',#4773,1.6);
#4773 = AXIS2_PLACEMENT_3D('',#4774,#4775,#4776);
#4774 = CARTESIAN_POINT('',(64.,21.,-1.));
#4775 = DIRECTION('',(0.,0.,1.));
#4776 = DIRECTION('',(1.,0.,-0.));
#4777 = ADVANCED_FACE('',(#4778),#4789,.F.);
#4778 = FACE_BOUND('',#4779,.F.);
#4779 = EDGE_LOOP('',(#4780,#4781,#4787,#4788));
#4780 = ORIENTED_EDGE('',*,*,#4622,.F.);
#4781 = ORIENTED_EDGE('',*,*,#4782,.F.);
#4782 = EDGE_CURVE('',#4708,#4623,#4783,.T.);
#4783 = LINE('',#4784,#4785);
#4784 = CARTESIAN_POINT('',(33.6,43.,-1.));
#4785 = VECTOR('',#4786,1.);
#4786 = DIRECTION('',(0.,0.,1.));
#4787 = ORIENTED_EDGE('',*,*,#4707,.T.);
#4788 = ORIENTED_EDGE('',*,*,#4782,.T.);
#4789 = CYLINDRICAL_SURFACE('',#4790,1.6);
#4790 = AXIS2_PLACEMENT_3D('',#4791,#4792,#4793);
#4791 = CARTESIAN_POINT('',(32.,43.,-1.));
#4792 = DIRECTION('',(0.,0.,1.));
#4793 = DIRECTION('',(1.,0.,-0.));
#4794 = ADVANCED_FACE('',(#4795),#4806,.F.);
#4795 = FACE_BOUND('',#4796,.F.);
#4796 = EDGE_LOOP('',(#4797,#4798,#4804,#4805));
#4797 = ORIENTED_EDGE('',*,*,#4633,.F.);
#4798 = ORIENTED_EDGE('',*,*,#4799,.F.);
#4799 = EDGE_CURVE('',#4719,#4634,#4800,.T.);
#4800 = LINE('',#4801,#4802);
#4801 = CARTESIAN_POINT('',(65.6,43.,-1.));
#4802 = VECTOR('',#4803,1.);
#4803 = DIRECTION('',(0.,0.,1.));
#4804 = ORIENTED_EDGE('',*,*,#4718,.T.);
#4805 = ORIENTED_EDGE('',*,*,#4799,.T.);
#4806 = CYLINDRICAL_SURFACE('',#4807,1.6);
#4807 = AXIS2_PLACEMENT_3D('',#4808,#4809,#4810);
#4808 = CARTESIAN_POINT('',(64.,43.,-1.));
#4809 = DIRECTION('',(0.,0.,1.));
#4810 = DIRECTION('',(1.,0.,-0.));
#4811 = MANIFOLD_SOLID_BREP('',#4812);
#4812 = CLOSED_SHELL('',(#4813,#4853,#4893,#4915,#4937,#4949));
#4813 = ADVANCED_FACE('',(#4814),#4848,.F.);
#4814 = FACE_BOUND('',#4815,.F.);
#4815 = EDGE_LOOP('',(#4816,#4826,#4834,#4842));
#4816 = ORIENTED_EDGE('',*,*,#4817,.F.);
#4817 = EDGE_CURVE('',#4818,#4820,#4822,.T.);
#4818 = VERTEX_POINT('',#4819);
#4819 = CARTESIAN_POINT('',(31.15,20.9,1.6));
#4820 = VERTEX_POINT('',#4821);
#4821 = CARTESIAN_POINT('',(31.15,20.9,19.35));
#4822 = LINE('',#4823,#4824);
#4823 = CARTESIAN_POINT('',(31.15,20.9,1.6));
#4824 = VECTOR('',#4825,1.);
#4825 = DIRECTION('',(0.,0.,1.));
#4826 = ORIENTED_EDGE('',*,*,#4827,.T.);
#4827 = EDGE_CURVE('',#4818,#4828,#4830,.T.);
#4828 = VERTEX_POINT('',#4829);
#4829 = CARTESIAN_POINT('',(31.15,43.1,1.6));
#4830 = LINE('',#4831,#4832);
#4831 = CARTESIAN_POINT('',(31.15,20.9,1.6));
#4832 = VECTOR('',#4833,1.);
#4833 = DIRECTION('',(-0.,1.,0.));
#4834 = ORIENTED_EDGE('',*,*,#4835,.T.);
#4835 = EDGE_CURVE('',#4828,#4836,#4838,.T.);
#4836 = VERTEX_POINT('',#4837);
#4837 = CARTESIAN_POINT('',(31.15,43.1,19.35));
#4838 = LINE('',#4839,#4840);
#4839 = CARTESIAN_POINT('',(31.15,43.1,1.6));
#4840 = VECTOR('',#4841,1.);
#4841 = DIRECTION('',(0.,0.,1.));
#4842 = ORIENTED_EDGE('',*,*,#4843,.F.);
#4843 = EDGE_CURVE('',#4820,#4836,#4844,.T.);
#4844 = LINE('',#4845,#4846);
#4845 = CARTESIAN_POINT('',(31.15,20.9,19.35));
#4846 = VECTOR('',#4847,1.);
#4847 = DIRECTION('',(-0.,1.,0.));
#4848 = PLANE('',#4849);
#4849 = AXIS2_PLACEMENT_3D('',#4850,#4851,#4852);
#4850 = CARTESIAN_POINT('',(31.15,20.9,1.6));
#4851 = DIRECTION('',(1.,0.,-0.));
#4852 = DIRECTION('',(0.,0.,1.));
#4853 = ADVANCED_FACE('',(#4854),#4888,.T.);
#4854 = FACE_BOUND('',#4855,.T.);
#4855 = EDGE_LOOP('',(#4856,#4866,#4874,#4882));
#4856 = ORIENTED_EDGE('',*,*,#4857,.F.);
#4857 = EDGE_CURVE('',#4858,#4860,#4862,.T.);
#4858 = VERTEX_POINT('',#4859);
#4859 = CARTESIAN_POINT('',(64.85,20.9,1.6));
#4860 = VERTEX_POINT('',#4861);
#4861 = CARTESIAN_POINT('',(64.85,20.9,19.35));
#4862 = LINE('',#4863,#4864);
#4863 = CARTESIAN_POINT('',(64.85,20.9,1.6));
#4864 = VECTOR('',#4865,1.);
#4865 = DIRECTION('',(0.,0.,1.));
#4866 = ORIENTED_EDGE('',*,*,#4867,.T.);
#4867 = EDGE_CURVE('',#4858,#4868,#4870,.T.);
#4868 = VERTEX_POINT('',#4869);
#4869 = CARTESIAN_POINT('',(64.85,43.1,1.6));
#4870 = LINE('',#4871,#4872);
#4871 = CARTESIAN_POINT('',(64.85,20.9,1.6));
#4872 = VECTOR('',#4873,1.);
#4873 = DIRECTION('',(-0.,1.,0.));
#4874 = ORIENTED_EDGE('',*,*,#4875,.T.);
#4875 = EDGE_CURVE('',#4868,#4876,#4878,.T.);
#4876 = VERTEX_POINT('',#4877);
#4877 = CARTESIAN_POINT('',(64.85,43.1,19.35));
#4878 = LINE('',#4879,#4880);
#4879 = CARTESIAN_POINT('',(64.85,43.1,1.6));
#4880 = VECTOR('',#4881,1.);
#4881 = DIRECTION('',(0.,0.,1.));
#4882 = ORIENTED_EDGE('',*,*,#4883,.F.);
#4883 = EDGE_CURVE('',#4860,#4876,#4884,.T.);
#4884 = LINE('',#4885,#4886);
#4885 = CARTESIAN_POINT('',(64.85,20.9,19.35));
#4886 = VECTOR('',#4887,1.);
#4887 = DIRECTION('',(-0.,1.,0.));
#4888 = PLANE('',#4889);
#4889 = AXIS2_PLACEMENT_3D('',#4890,#4891,#4892);
#4890 = CARTESIAN_POINT('',(64.85,20.9,1.6));
#4891 = DIRECTION('',(1.,0.,-0.));
#4892 = DIRECTION('',(0.,0.,1.));
#4893 = ADVANCED_FACE('',(#4894),#4910,.F.);
#4894 = FACE_BOUND('',#4895,.F.);
#4895 = EDGE_LOOP('',(#4896,#4902,#4903,#4909));
#4896 = ORIENTED_EDGE('',*,*,#4897,.F.);
#4897 = EDGE_CURVE('',#4818,#4858,#4898,.T.);
#4898 = LINE('',#4899,#4900);
#4899 = CARTESIAN_POINT('',(31.15,20.9,1.6));
#4900 = VECTOR('',#4901,1.);
#4901 = DIRECTION('',(1.,0.,-0.));
#4902 = ORIENTED_EDGE('',*,*,#4817,.T.);
#4903 = ORIENTED_EDGE('',*,*,#4904,.T.);
#4904 = EDGE_CURVE('',#4820,#4860,#4905,.T.);
#4905 = LINE('',#4906,#4907);
#4906 = CARTESIAN_POINT('',(31.15,20.9,19.35));
#4907 = VECTOR('',#4908,1.);
#4908 = DIRECTION('',(1.,0.,-0.));
#4909 = ORIENTED_EDGE('',*,*,#4857,.F.);
#4910 = PLANE('',#4911);
#4911 = AXIS2_PLACEMENT_3D('',#4912,#4913,#4914);
#4912 = CARTESIAN_POINT('',(31.15,20.9,1.6));
#4913 = DIRECTION('',(-0.,1.,0.));
#4914 = DIRECTION('',(0.,0.,1.));
#4915 = ADVANCED_FACE('',(#4916),#4932,.T.);
#4916 = FACE_BOUND('',#4917,.T.);
#4917 = EDGE_LOOP('',(#4918,#4924,#4925,#4931));
#4918 = ORIENTED_EDGE('',*,*,#4919,.F.);
#4919 = EDGE_CURVE('',#4828,#4868,#4920,.T.);
#4920 = LINE('',#4921,#4922);
#4921 = CARTESIAN_POINT('',(31.15,43.1,1.6));
#4922 = VECTOR('',#4923,1.);
#4923 = DIRECTION('',(1.,0.,-0.));
#4924 = ORIENTED_EDGE('',*,*,#4835,.T.);
#4925 = ORIENTED_EDGE('',*,*,#4926,.T.);
#4926 = EDGE_CURVE('',#4836,#4876,#4927,.T.);
#4927 = LINE('',#4928,#4929);
#4928 = CARTESIAN_POINT('',(31.15,43.1,19.35));
#4929 = VECTOR('',#4930,1.);
#4930 = DIRECTION('',(1.,0.,-0.));
#4931 = ORIENTED_EDGE('',*,*,#4875,.F.);
#4932 = PLANE('',#4933);
#4933 = AXIS2_PLACEMENT_3D('',#4934,#4935,#4936);
#4934 = CARTESIAN_POINT('',(31.15,43.1,1.6));
#4935 = DIRECTION('',(-0.,1.,0.));
#4936 = DIRECTION('',(0.,0.,1.));
#4937 = ADVANCED_FACE('',(#4938),#4944,.F.);
#4938 = FACE_BOUND('',#4939,.F.);
#4939 = EDGE_LOOP('',(#4940,#4941,#4942,#4943));
#4940 = ORIENTED_EDGE('',*,*,#4827,.F.);
#4941 = ORIENTED_EDGE('',*,*,#4897,.T.);
#4942 = ORIENTED_EDGE('',*,*,#4867,.T.);
#4943 = ORIENTED_EDGE('',*,*,#4919,.F.);
#4944 = PLANE('',#4945);
#4945 = AXIS2_PLACEMENT_3D('',#4946,#4947,#4948);
#4946 = CARTESIAN_POINT('',(31.15,20.9,1.6));
#4947 = DIRECTION('',(0.,0.,1.));
#4948 = DIRECTION('',(1.,0.,-0.));
#4949 = ADVANCED_FACE('',(#4950),#4956,.T.);
#4950 = FACE_BOUND('',#4951,.T.);
#4951 = EDGE_LOOP('',(#4952,#4953,#4954,#4955));
#4952 = ORIENTED_EDGE('',*,*,#4843,.F.);
#4953 = ORIENTED_EDGE('',*,*,#4904,.T.);
#4954 = ORIENTED_EDGE('',*,*,#4883,.T.);
#4955 = ORIENTED_EDGE('',*,*,#4926,.F.);
#4956 = PLANE('',#4957);
#4957 = AXIS2_PLACEMENT_3D('',#4958,#4959,#4960);
#4958 = CARTESIAN_POINT('',(31.15,20.9,19.35));
#4959 = DIRECTION('',(0.,0.,1.));
#4960 = DIRECTION('',(1.,0.,-0.));
#4961 = MANIFOLD_SOLID_BREP('',#4962);
#4962 = CLOSED_SHELL('',(#4963,#4996,#5005,#5064,#5095,#5119,#5143,#5167
    ,#5191,#5208));
#4963 = ADVANCED_FACE('',(#4964),#4991,.T.);
#4964 = FACE_BOUND('',#4965,.T.);
#4965 = EDGE_LOOP('',(#4966,#4975,#4983,#4990));
#4966 = ORIENTED_EDGE('',*,*,#4967,.F.);
#4967 = EDGE_CURVE('',#4968,#4968,#4970,.T.);
#4968 = VERTEX_POINT('',#4969);
#4969 = CARTESIAN_POINT('',(5.6002,65.,43.95));
#4970 = CIRCLE('',#4971,13.95);
#4971 = AXIS2_PLACEMENT_3D('',#4972,#4973,#4974);
#4972 = CARTESIAN_POINT('',(5.6002,65.,30.));
#4973 = DIRECTION('',(1.,0.,0.));
#4974 = DIRECTION('',(-0.,0.,1.));
#4975 = ORIENTED_EDGE('',*,*,#4976,.F.);
#4976 = EDGE_CURVE('',#4977,#4968,#4979,.T.);
#4977 = VERTEX_POINT('',#4978);
#4978 = CARTESIAN_POINT('',(-2.,65.,43.95));
#4979 = LINE('',#4980,#4981);
#4980 = CARTESIAN_POINT('',(-2.,65.,43.95));
#4981 = VECTOR('',#4982,1.);
#4982 = DIRECTION('',(1.,0.,0.));
#4983 = ORIENTED_EDGE('',*,*,#4984,.T.);
#4984 = EDGE_CURVE('',#4977,#4977,#4985,.T.);
#4985 = CIRCLE('',#4986,13.95);
#4986 = AXIS2_PLACEMENT_3D('',#4987,#4988,#4989);
#4987 = CARTESIAN_POINT('',(-2.,65.,30.));
#4988 = DIRECTION('',(1.,0.,0.));
#4989 = DIRECTION('',(-0.,0.,1.));
#4990 = ORIENTED_EDGE('',*,*,#4976,.T.);
#4991 = CYLINDRICAL_SURFACE('',#4992,13.95);
#4992 = AXIS2_PLACEMENT_3D('',#4993,#4994,#4995);
#4993 = CARTESIAN_POINT('',(-2.,65.,30.));
#4994 = DIRECTION('',(1.,0.,0.));
#4995 = DIRECTION('',(-0.,0.,1.));
#4996 = ADVANCED_FACE('',(#4997),#5000,.T.);
#4997 = FACE_BOUND('',#4998,.T.);
#4998 = EDGE_LOOP('',(#4999));
#4999 = ORIENTED_EDGE('',*,*,#4967,.T.);
#5000 = PLANE('',#5001);
#5001 = AXIS2_PLACEMENT_3D('',#5002,#5003,#5004);
#5002 = CARTESIAN_POINT('',(5.6002,65.,30.));
#5003 = DIRECTION('',(1.,0.,0.));
#5004 = DIRECTION('',(-0.,0.,1.));
#5005 = ADVANCED_FACE('',(#5006,#5056),#5059,.T.);
#5006 = FACE_BOUND('',#5007,.T.);
#5007 = EDGE_LOOP('',(#5008,#5018,#5026,#5034,#5042,#5050));
#5008 = ORIENTED_EDGE('',*,*,#5009,.T.);
#5009 = EDGE_CURVE('',#5010,#5012,#5014,.T.);
#5010 = VERTEX_POINT('',#5011);
#5011 = CARTESIAN_POINT('',(-2.,74.901557116602,12.85));
#5012 = VERTEX_POINT('',#5013);
#5013 = CARTESIAN_POINT('',(-2.,84.803114233204,30.));
#5014 = LINE('',#5015,#5016);
#5015 = CARTESIAN_POINT('',(-2.,74.901557116602,12.85));
#5016 = VECTOR('',#5017,1.);
#5017 = DIRECTION('',(-9.614813431918E-17,0.5,0.866025403784));
#5018 = ORIENTED_EDGE('',*,*,#5019,.T.);
#5019 = EDGE_CURVE('',#5012,#5020,#5022,.T.);
#5020 = VERTEX_POINT('',#5021);
#5021 = CARTESIAN_POINT('',(-2.,74.901557116602,47.15));
#5022 = LINE('',#5023,#5024);
#5023 = CARTESIAN_POINT('',(-2.,84.803114233204,30.));
#5024 = VECTOR('',#5025,1.);
#5025 = DIRECTION('',(-9.614813431918E-17,-0.5,0.866025403784));
#5026 = ORIENTED_EDGE('',*,*,#5027,.T.);
#5027 = EDGE_CURVE('',#5020,#5028,#5030,.T.);
#5028 = VERTEX_POINT('',#5029);
#5029 = CARTESIAN_POINT('',(-2.,55.098442883398,47.15));
#5030 = LINE('',#5031,#5032);
#5031 = CARTESIAN_POINT('',(-2.,74.901557116602,47.15));
#5032 = VECTOR('',#5033,1.);
#5033 = DIRECTION('',(0.,-1.,0.));
#5034 = ORIENTED_EDGE('',*,*,#5035,.T.);
#5035 = EDGE_CURVE('',#5028,#5036,#5038,.T.);
#5036 = VERTEX_POINT('',#5037);
#5037 = CARTESIAN_POINT('',(-2.,45.196885766796,30.));
#5038 = LINE('',#5039,#5040);
#5039 = CARTESIAN_POINT('',(-2.,55.098442883398,47.15));
#5040 = VECTOR('',#5041,1.);
#5041 = DIRECTION('',(9.614813431918E-17,-0.5,-0.866025403784));
#5042 = ORIENTED_EDGE('',*,*,#5043,.T.);
#5043 = EDGE_CURVE('',#5036,#5044,#5046,.T.);
#5044 = VERTEX_POINT('',#5045);
#5045 = CARTESIAN_POINT('',(-2.,55.098442883398,12.85));
#5046 = LINE('',#5047,#5048);
#5047 = CARTESIAN_POINT('',(-2.,45.196885766796,30.));
#5048 = VECTOR('',#5049,1.);
#5049 = DIRECTION('',(9.614813431918E-17,0.5,-0.866025403784));
#5050 = ORIENTED_EDGE('',*,*,#5051,.T.);
#5051 = EDGE_CURVE('',#5044,#5010,#5052,.T.);
#5052 = LINE('',#5053,#5054);
#5053 = CARTESIAN_POINT('',(-2.,55.098442883398,12.85));
#5054 = VECTOR('',#5055,1.);
#5055 = DIRECTION('',(1.99175972004E-32,1.,-1.794017666597E-16));
#5056 = FACE_BOUND('',#5057,.T.);
#5057 = EDGE_LOOP('',(#5058));
#5058 = ORIENTED_EDGE('',*,*,#4984,.F.);
#5059 = PLANE('',#5060);
#5060 = AXIS2_PLACEMENT_3D('',#5061,#5062,#5063);
#5061 = CARTESIAN_POINT('',(-2.,65.,30.));
#5062 = DIRECTION('',(1.,0.,1.110223024625E-16));
#5063 = DIRECTION('',(1.110223024625E-16,0.,-1.));
#5064 = ADVANCED_FACE('',(#5065),#5090,.F.);
#5065 = FACE_BOUND('',#5066,.F.);
#5066 = EDGE_LOOP('',(#5067,#5075,#5076,#5084));
#5067 = ORIENTED_EDGE('',*,*,#5068,.T.);
#5068 = EDGE_CURVE('',#5069,#5010,#5071,.T.);
#5069 = VERTEX_POINT('',#5070);
#5070 = CARTESIAN_POINT('',(-8.,74.901557116602,12.85));
#5071 = LINE('',#5072,#5073);
#5072 = CARTESIAN_POINT('',(-8.,74.901557116602,12.85));
#5073 = VECTOR('',#5074,1.);
#5074 = DIRECTION('',(1.,0.,1.110223024625E-16));
#5075 = ORIENTED_EDGE('',*,*,#5009,.T.);
#5076 = ORIENTED_EDGE('',*,*,#5077,.F.);
#5077 = EDGE_CURVE('',#5078,#5012,#5080,.T.);
#5078 = VERTEX_POINT('',#5079);
#5079 = CARTESIAN_POINT('',(-8.,84.803114233204,30.));
#5080 = LINE('',#5081,#5082);
#5081 = CARTESIAN_POINT('',(-8.,84.803114233204,30.));
#5082 = VECTOR('',#5083,1.);
#5083 = DIRECTION('',(1.,0.,1.110223024625E-16));
#5084 = ORIENTED_EDGE('',*,*,#5085,.F.);
#5085 = EDGE_CURVE('',#5069,#5078,#5086,.T.);
#5086 = LINE('',#5087,#5088);
#5087 = CARTESIAN_POINT('',(-8.,74.901557116602,12.85));
#5088 = VECTOR('',#5089,1.);
#5089 = DIRECTION('',(-9.614813431918E-17,0.5,0.866025403784));
#5090 = PLANE('',#5091);
#5091 = AXIS2_PLACEMENT_3D('',#5092,#5093,#5094);
#5092 = CARTESIAN_POINT('',(-8.,74.901557116602,12.85));
#5093 = DIRECTION('',(-5.551115123126E-17,-0.866025403784,0.5));
#5094 = DIRECTION('',(-9.614813431918E-17,0.5,0.866025403784));
#5095 = ADVANCED_FACE('',(#5096),#5114,.F.);
#5096 = FACE_BOUND('',#5097,.F.);
#5097 = EDGE_LOOP('',(#5098,#5106,#5107,#5108));
#5098 = ORIENTED_EDGE('',*,*,#5099,.T.);
#5099 = EDGE_CURVE('',#5100,#5044,#5102,.T.);
#5100 = VERTEX_POINT('',#5101);
#5101 = CARTESIAN_POINT('',(-8.,55.098442883398,12.85));
#5102 = LINE('',#5103,#5104);
#5103 = CARTESIAN_POINT('',(-8.,55.098442883398,12.85));
#5104 = VECTOR('',#5105,1.);
#5105 = DIRECTION('',(1.,0.,1.110223024625E-16));
#5106 = ORIENTED_EDGE('',*,*,#5051,.T.);
#5107 = ORIENTED_EDGE('',*,*,#5068,.F.);
#5108 = ORIENTED_EDGE('',*,*,#5109,.F.);
#5109 = EDGE_CURVE('',#5100,#5069,#5110,.T.);
#5110 = LINE('',#5111,#5112);
#5111 = CARTESIAN_POINT('',(-8.,55.098442883398,12.85));
#5112 = VECTOR('',#5113,1.);
#5113 = DIRECTION('',(1.99175972004E-32,1.,-1.794017666597E-16));
#5114 = PLANE('',#5115);
#5115 = AXIS2_PLACEMENT_3D('',#5116,#5117,#5118);
#5116 = CARTESIAN_POINT('',(-8.,55.098442883398,12.85));
#5117 = DIRECTION('',(-1.110223024625E-16,1.794017666597E-16,1.));
#5118 = DIRECTION('',(1.99175972004E-32,1.,-1.794017666597E-16));
#5119 = ADVANCED_FACE('',(#5120),#5138,.F.);
#5120 = FACE_BOUND('',#5121,.F.);
#5121 = EDGE_LOOP('',(#5122,#5123,#5124,#5132));
#5122 = ORIENTED_EDGE('',*,*,#5077,.T.);
#5123 = ORIENTED_EDGE('',*,*,#5019,.T.);
#5124 = ORIENTED_EDGE('',*,*,#5125,.F.);
#5125 = EDGE_CURVE('',#5126,#5020,#5128,.T.);
#5126 = VERTEX_POINT('',#5127);
#5127 = CARTESIAN_POINT('',(-8.,74.901557116602,47.15));
#5128 = LINE('',#5129,#5130);
#5129 = CARTESIAN_POINT('',(-8.,74.901557116602,47.15));
#5130 = VECTOR('',#5131,1.);
#5131 = DIRECTION('',(1.,0.,1.110223024625E-16));
#5132 = ORIENTED_EDGE('',*,*,#5133,.F.);
#5133 = EDGE_CURVE('',#5078,#5126,#5134,.T.);
#5134 = LINE('',#5135,#5136);
#5135 = CARTESIAN_POINT('',(-8.,84.803114233204,30.));
#5136 = VECTOR('',#5137,1.);
#5137 = DIRECTION('',(-9.614813431918E-17,-0.5,0.866025403784));
#5138 = PLANE('',#5139);
#5139 = AXIS2_PLACEMENT_3D('',#5140,#5141,#5142);
#5140 = CARTESIAN_POINT('',(-8.,84.803114233204,30.));
#5141 = DIRECTION('',(5.551115123126E-17,-0.866025403784,-0.5));
#5142 = DIRECTION('',(-9.614813431918E-17,-0.5,0.866025403784));
#5143 = ADVANCED_FACE('',(#5144),#5162,.F.);
#5144 = FACE_BOUND('',#5145,.F.);
#5145 = EDGE_LOOP('',(#5146,#5154,#5155,#5156));
#5146 = ORIENTED_EDGE('',*,*,#5147,.T.);
#5147 = EDGE_CURVE('',#5148,#5036,#5150,.T.);
#5148 = VERTEX_POINT('',#5149);
#5149 = CARTESIAN_POINT('',(-8.,45.196885766796,30.));
#5150 = LINE('',#5151,#5152);
#5151 = CARTESIAN_POINT('',(-8.,45.196885766796,30.));
#5152 = VECTOR('',#5153,1.);
#5153 = DIRECTION('',(1.,0.,1.110223024625E-16));
#5154 = ORIENTED_EDGE('',*,*,#5043,.T.);
#5155 = ORIENTED_EDGE('',*,*,#5099,.F.);
#5156 = ORIENTED_EDGE('',*,*,#5157,.F.);
#5157 = EDGE_CURVE('',#5148,#5100,#5158,.T.);
#5158 = LINE('',#5159,#5160);
#5159 = CARTESIAN_POINT('',(-8.,45.196885766796,30.));
#5160 = VECTOR('',#5161,1.);
#5161 = DIRECTION('',(9.614813431918E-17,0.5,-0.866025403784));
#5162 = PLANE('',#5163);
#5163 = AXIS2_PLACEMENT_3D('',#5164,#5165,#5166);
#5164 = CARTESIAN_POINT('',(-8.,45.196885766796,30.));
#5165 = DIRECTION('',(-5.551115123126E-17,0.866025403784,0.5));
#5166 = DIRECTION('',(9.614813431918E-17,0.5,-0.866025403784));
#5167 = ADVANCED_FACE('',(#5168),#5186,.F.);
#5168 = FACE_BOUND('',#5169,.F.);
#5169 = EDGE_LOOP('',(#5170,#5171,#5172,#5180));
#5170 = ORIENTED_EDGE('',*,*,#5125,.T.);
#5171 = ORIENTED_EDGE('',*,*,#5027,.T.);
#5172 = ORIENTED_EDGE('',*,*,#5173,.F.);
#5173 = EDGE_CURVE('',#5174,#5028,#5176,.T.);
#5174 = VERTEX_POINT('',#5175);
#5175 = CARTESIAN_POINT('',(-8.,55.098442883398,47.15));
#5176 = LINE('',#5177,#5178);
#5177 = CARTESIAN_POINT('',(-8.,55.098442883398,47.15));
#5178 = VECTOR('',#5179,1.);
#5179 = DIRECTION('',(1.,0.,1.110223024625E-16));
#5180 = ORIENTED_EDGE('',*,*,#5181,.F.);
#5181 = EDGE_CURVE('',#5126,#5174,#5182,.T.);
#5182 = LINE('',#5183,#5184);
#5183 = CARTESIAN_POINT('',(-8.,74.901557116602,47.15));
#5184 = VECTOR('',#5185,1.);
#5185 = DIRECTION('',(0.,-1.,0.));
#5186 = PLANE('',#5187);
#5187 = AXIS2_PLACEMENT_3D('',#5188,#5189,#5190);
#5188 = CARTESIAN_POINT('',(-8.,74.901557116602,47.15));
#5189 = DIRECTION('',(1.110223024625E-16,0.,-1.));
#5190 = DIRECTION('',(0.,-1.,0.));
#5191 = ADVANCED_FACE('',(#5192),#5203,.F.);
#5192 = FACE_BOUND('',#5193,.F.);
#5193 = EDGE_LOOP('',(#5194,#5195,#5196,#5197));
#5194 = ORIENTED_EDGE('',*,*,#5173,.T.);
#5195 = ORIENTED_EDGE('',*,*,#5035,.T.);
#5196 = ORIENTED_EDGE('',*,*,#5147,.F.);
#5197 = ORIENTED_EDGE('',*,*,#5198,.F.);
#5198 = EDGE_CURVE('',#5174,#5148,#5199,.T.);
#5199 = LINE('',#5200,#5201);
#5200 = CARTESIAN_POINT('',(-8.,55.098442883398,47.15));
#5201 = VECTOR('',#5202,1.);
#5202 = DIRECTION('',(9.614813431918E-17,-0.5,-0.866025403784));
#5203 = PLANE('',#5204);
#5204 = AXIS2_PLACEMENT_3D('',#5205,#5206,#5207);
#5205 = CARTESIAN_POINT('',(-8.,55.098442883398,47.15));
#5206 = DIRECTION('',(5.551115123126E-17,0.866025403784,-0.5));
#5207 = DIRECTION('',(9.614813431918E-17,-0.5,-0.866025403784));
#5208 = ADVANCED_FACE('',(#5209),#5217,.F.);
#5209 = FACE_BOUND('',#5210,.F.);
#5210 = EDGE_LOOP('',(#5211,#5212,#5213,#5214,#5215,#5216));
#5211 = ORIENTED_EDGE('',*,*,#5085,.T.);
#5212 = ORIENTED_EDGE('',*,*,#5133,.T.);
#5213 = ORIENTED_EDGE('',*,*,#5181,.T.);
#5214 = ORIENTED_EDGE('',*,*,#5198,.T.);
#5215 = ORIENTED_EDGE('',*,*,#5157,.T.);
#5216 = ORIENTED_EDGE('',*,*,#5109,.T.);
#5217 = PLANE('',#5218);
#5218 = AXIS2_PLACEMENT_3D('',#5219,#5220,#5221);
#5219 = CARTESIAN_POINT('',(-8.,65.,30.));
#5220 = DIRECTION('',(1.,0.,1.110223024625E-16));
#5221 = DIRECTION('',(1.110223024625E-16,0.,-1.));
#5222 = MANIFOLD_SOLID_BREP('',#5223);
#5223 = CLOSED_SHELL('',(#5224,#5257,#5316,#5325,#5356,#5380,#5404,#5428
    ,#5452,#5469,#5494));
#5224 = ADVANCED_FACE('',(#5225),#5252,.T.);
#5225 = FACE_BOUND('',#5226,.T.);
#5226 = EDGE_LOOP('',(#5227,#5237,#5244,#5245));
#5227 = ORIENTED_EDGE('',*,*,#5228,.T.);
#5228 = EDGE_CURVE('',#5229,#5231,#5233,.T.);
#5229 = VERTEX_POINT('',#5230);
#5230 = CARTESIAN_POINT('',(176.,40.,18.95));
#5231 = VERTEX_POINT('',#5232);
#5232 = CARTESIAN_POINT('',(174.3998,40.,18.95));
#5233 = LINE('',#5234,#5235);
#5234 = CARTESIAN_POINT('',(182.,40.,18.95));
#5235 = VECTOR('',#5236,1.);
#5236 = DIRECTION('',(-1.,0.,0.));
#5237 = ORIENTED_EDGE('',*,*,#5238,.F.);
#5238 = EDGE_CURVE('',#5231,#5231,#5239,.T.);
#5239 = CIRCLE('',#5240,11.05);
#5240 = AXIS2_PLACEMENT_3D('',#5241,#5242,#5243);
#5241 = CARTESIAN_POINT('',(174.3998,40.,30.));
#5242 = DIRECTION('',(-1.,0.,0.));
#5243 = DIRECTION('',(0.,0.,-1.));
#5244 = ORIENTED_EDGE('',*,*,#5228,.F.);
#5245 = ORIENTED_EDGE('',*,*,#5246,.T.);
#5246 = EDGE_CURVE('',#5229,#5229,#5247,.T.);
#5247 = CIRCLE('',#5248,11.05);
#5248 = AXIS2_PLACEMENT_3D('',#5249,#5250,#5251);
#5249 = CARTESIAN_POINT('',(176.,40.,30.));
#5250 = DIRECTION('',(-1.,0.,0.));
#5251 = DIRECTION('',(0.,0.,-1.));
#5252 = CYLINDRICAL_SURFACE('',#5253,11.05);
#5253 = AXIS2_PLACEMENT_3D('',#5254,#5255,#5256);
#5254 = CARTESIAN_POINT('',(182.,40.,30.));
#5255 = DIRECTION('',(-1.,0.,0.));
#5256 = DIRECTION('',(0.,0.,-1.));
#5257 = ADVANCED_FACE('',(#5258,#5308),#5311,.T.);
#5258 = FACE_BOUND('',#5259,.T.);
#5259 = EDGE_LOOP('',(#5260,#5270,#5278,#5286,#5294,#5302));
#5260 = ORIENTED_EDGE('',*,*,#5261,.T.);
#5261 = EDGE_CURVE('',#5262,#5264,#5266,.T.);
#5262 = VERTEX_POINT('',#5263);
#5263 = CARTESIAN_POINT('',(176.,48.227241335952,44.25));
#5264 = VERTEX_POINT('',#5265);
#5265 = CARTESIAN_POINT('',(176.,56.454482671904,30.));
#5266 = LINE('',#5267,#5268);
#5267 = CARTESIAN_POINT('',(176.,48.227241335952,44.25));
#5268 = VECTOR('',#5269,1.);
#5269 = DIRECTION('',(-9.614813431918E-17,0.5,-0.866025403784));
#5270 = ORIENTED_EDGE('',*,*,#5271,.T.);
#5271 = EDGE_CURVE('',#5264,#5272,#5274,.T.);
#5272 = VERTEX_POINT('',#5273);
#5273 = CARTESIAN_POINT('',(176.,48.227241335952,15.75));
#5274 = LINE('',#5275,#5276);
#5275 = CARTESIAN_POINT('',(176.,56.454482671904,30.));
#5276 = VECTOR('',#5277,1.);
#5277 = DIRECTION('',(-9.614813431918E-17,-0.5,-0.866025403784));
#5278 = ORIENTED_EDGE('',*,*,#5279,.T.);
#5279 = EDGE_CURVE('',#5272,#5280,#5282,.T.);
#5280 = VERTEX_POINT('',#5281);
#5281 = CARTESIAN_POINT('',(176.,31.772758664048,15.75));
#5282 = LINE('',#5283,#5284);
#5283 = CARTESIAN_POINT('',(176.,48.227241335952,15.75));
#5284 = VECTOR('',#5285,1.);
#5285 = DIRECTION('',(1.198550147322E-32,-1.,1.079557999373E-16));
#5286 = ORIENTED_EDGE('',*,*,#5287,.T.);
#5287 = EDGE_CURVE('',#5280,#5288,#5290,.T.);
#5288 = VERTEX_POINT('',#5289);
#5289 = CARTESIAN_POINT('',(176.,23.545517328096,30.));
#5290 = LINE('',#5291,#5292);
#5291 = CARTESIAN_POINT('',(176.,31.772758664048,15.75));
#5292 = VECTOR('',#5293,1.);
#5293 = DIRECTION('',(9.614813431918E-17,-0.5,0.866025403784));
#5294 = ORIENTED_EDGE('',*,*,#5295,.T.);
#5295 = EDGE_CURVE('',#5288,#5296,#5298,.T.);
#5296 = VERTEX_POINT('',#5297);
#5297 = CARTESIAN_POINT('',(176.,31.772758664048,44.25));
#5298 = LINE('',#5299,#5300);
#5299 = CARTESIAN_POINT('',(176.,23.545517328096,30.));
#5300 = VECTOR('',#5301,1.);
#5301 = DIRECTION('',(9.614813431918E-17,0.5,0.866025403784));
#5302 = ORIENTED_EDGE('',*,*,#5303,.T.);
#5303 = EDGE_CURVE('',#5296,#5262,#5304,.T.);
#5304 = LINE('',#5305,#5306);
#5305 = CARTESIAN_POINT('',(176.,31.772758664048,44.25));
#5306 = VECTOR('',#5307,1.);
#5307 = DIRECTION('',(3.595650441967E-32,1.,3.23867399812E-16));
#5308 = FACE_BOUND('',#5309,.T.);
#5309 = EDGE_LOOP('',(#5310));
#5310 = ORIENTED_EDGE('',*,*,#5246,.F.);
#5311 = PLANE('',#5312);
#5312 = AXIS2_PLACEMENT_3D('',#5313,#5314,#5315);
#5313 = CARTESIAN_POINT('',(176.,40.,30.));
#5314 = DIRECTION('',(-1.,0.,1.110223024625E-16));
#5315 = DIRECTION('',(1.110223024625E-16,0.,1.));
#5316 = ADVANCED_FACE('',(#5317),#5320,.T.);
#5317 = FACE_BOUND('',#5318,.T.);
#5318 = EDGE_LOOP('',(#5319));
#5319 = ORIENTED_EDGE('',*,*,#5238,.T.);
#5320 = PLANE('',#5321);
#5321 = AXIS2_PLACEMENT_3D('',#5322,#5323,#5324);
#5322 = CARTESIAN_POINT('',(174.3998,40.,30.));
#5323 = DIRECTION('',(-1.,0.,0.));
#5324 = DIRECTION('',(0.,0.,-1.));
#5325 = ADVANCED_FACE('',(#5326),#5351,.F.);
#5326 = FACE_BOUND('',#5327,.F.);
#5327 = EDGE_LOOP('',(#5328,#5336,#5337,#5345));
#5328 = ORIENTED_EDGE('',*,*,#5329,.T.);
#5329 = EDGE_CURVE('',#5330,#5262,#5332,.T.);
#5330 = VERTEX_POINT('',#5331);
#5331 = CARTESIAN_POINT('',(182.,48.227241335952,44.25));
#5332 = LINE('',#5333,#5334);
#5333 = CARTESIAN_POINT('',(182.,48.227241335952,44.25));
#5334 = VECTOR('',#5335,1.);
#5335 = DIRECTION('',(-1.,0.,1.110223024625E-16));
#5336 = ORIENTED_EDGE('',*,*,#5261,.T.);
#5337 = ORIENTED_EDGE('',*,*,#5338,.F.);
#5338 = EDGE_CURVE('',#5339,#5264,#5341,.T.);
#5339 = VERTEX_POINT('',#5340);
#5340 = CARTESIAN_POINT('',(182.,56.454482671904,30.));
#5341 = LINE('',#5342,#5343);
#5342 = CARTESIAN_POINT('',(182.,56.454482671904,30.));
#5343 = VECTOR('',#5344,1.);
#5344 = DIRECTION('',(-1.,0.,1.110223024625E-16));
#5345 = ORIENTED_EDGE('',*,*,#5346,.F.);
#5346 = EDGE_CURVE('',#5330,#5339,#5347,.T.);
#5347 = LINE('',#5348,#5349);
#5348 = CARTESIAN_POINT('',(182.,48.227241335952,44.25));
#5349 = VECTOR('',#5350,1.);
#5350 = DIRECTION('',(-9.614813431918E-17,0.5,-0.866025403784));
#5351 = PLANE('',#5352);
#5352 = AXIS2_PLACEMENT_3D('',#5353,#5354,#5355);
#5353 = CARTESIAN_POINT('',(182.,48.227241335952,44.25));
#5354 = DIRECTION('',(-5.551115123126E-17,-0.866025403784,-0.5));
#5355 = DIRECTION('',(-9.614813431918E-17,0.5,-0.866025403784));
#5356 = ADVANCED_FACE('',(#5357),#5375,.F.);
#5357 = FACE_BOUND('',#5358,.F.);
#5358 = EDGE_LOOP('',(#5359,#5367,#5368,#5369));
#5359 = ORIENTED_EDGE('',*,*,#5360,.T.);
#5360 = EDGE_CURVE('',#5361,#5296,#5363,.T.);
#5361 = VERTEX_POINT('',#5362);
#5362 = CARTESIAN_POINT('',(182.,31.772758664048,44.25));
#5363 = LINE('',#5364,#5365);
#5364 = CARTESIAN_POINT('',(182.,31.772758664048,44.25));
#5365 = VECTOR('',#5366,1.);
#5366 = DIRECTION('',(-1.,0.,1.110223024625E-16));
#5367 = ORIENTED_EDGE('',*,*,#5303,.T.);
#5368 = ORIENTED_EDGE('',*,*,#5329,.F.);
#5369 = ORIENTED_EDGE('',*,*,#5370,.F.);
#5370 = EDGE_CURVE('',#5361,#5330,#5371,.T.);
#5371 = LINE('',#5372,#5373);
#5372 = CARTESIAN_POINT('',(182.,31.772758664048,44.25));
#5373 = VECTOR('',#5374,1.);
#5374 = DIRECTION('',(3.595650441967E-32,1.,3.23867399812E-16));
#5375 = PLANE('',#5376);
#5376 = AXIS2_PLACEMENT_3D('',#5377,#5378,#5379);
#5377 = CARTESIAN_POINT('',(182.,31.772758664048,44.25));
#5378 = DIRECTION('',(-1.110223024625E-16,3.23867399812E-16,-1.));
#5379 = DIRECTION('',(3.595650441967E-32,1.,3.23867399812E-16));
#5380 = ADVANCED_FACE('',(#5381),#5399,.F.);
#5381 = FACE_BOUND('',#5382,.F.);
#5382 = EDGE_LOOP('',(#5383,#5384,#5385,#5393));
#5383 = ORIENTED_EDGE('',*,*,#5338,.T.);
#5384 = ORIENTED_EDGE('',*,*,#5271,.T.);
#5385 = ORIENTED_EDGE('',*,*,#5386,.F.);
#5386 = EDGE_CURVE('',#5387,#5272,#5389,.T.);
#5387 = VERTEX_POINT('',#5388);
#5388 = CARTESIAN_POINT('',(182.,48.227241335952,15.75));
#5389 = LINE('',#5390,#5391);
#5390 = CARTESIAN_POINT('',(182.,48.227241335952,15.75));
#5391 = VECTOR('',#5392,1.);
#5392 = DIRECTION('',(-1.,0.,1.110223024625E-16));
#5393 = ORIENTED_EDGE('',*,*,#5394,.F.);
#5394 = EDGE_CURVE('',#5339,#5387,#5395,.T.);
#5395 = LINE('',#5396,#5397);
#5396 = CARTESIAN_POINT('',(182.,56.454482671904,30.));
#5397 = VECTOR('',#5398,1.);
#5398 = DIRECTION('',(-9.614813431918E-17,-0.5,-0.866025403784));
#5399 = PLANE('',#5400);
#5400 = AXIS2_PLACEMENT_3D('',#5401,#5402,#5403);
#5401 = CARTESIAN_POINT('',(182.,56.454482671904,30.));
#5402 = DIRECTION('',(5.551115123126E-17,-0.866025403784,0.5));
#5403 = DIRECTION('',(-9.614813431918E-17,-0.5,-0.866025403784));
#5404 = ADVANCED_FACE('',(#5405),#5423,.F.);
#5405 = FACE_BOUND('',#5406,.F.);
#5406 = EDGE_LOOP('',(#5407,#5415,#5416,#5417));
#5407 = ORIENTED_EDGE('',*,*,#5408,.T.);
#5408 = EDGE_CURVE('',#5409,#5288,#5411,.T.);
#5409 = VERTEX_POINT('',#5410);
#5410 = CARTESIAN_POINT('',(182.,23.545517328096,30.));
#5411 = LINE('',#5412,#5413);
#5412 = CARTESIAN_POINT('',(182.,23.545517328096,30.));
#5413 = VECTOR('',#5414,1.);
#5414 = DIRECTION('',(-1.,0.,1.110223024625E-16));
#5415 = ORIENTED_EDGE('',*,*,#5295,.T.);
#5416 = ORIENTED_EDGE('',*,*,#5360,.F.);
#5417 = ORIENTED_EDGE('',*,*,#5418,.F.);
#5418 = EDGE_CURVE('',#5409,#5361,#5419,.T.);
#5419 = LINE('',#5420,#5421);
#5420 = CARTESIAN_POINT('',(182.,23.545517328096,30.));
#5421 = VECTOR('',#5422,1.);
#5422 = DIRECTION('',(9.614813431918E-17,0.5,0.866025403784));
#5423 = PLANE('',#5424);
#5424 = AXIS2_PLACEMENT_3D('',#5425,#5426,#5427);
#5425 = CARTESIAN_POINT('',(182.,23.545517328096,30.));
#5426 = DIRECTION('',(-5.551115123126E-17,0.866025403784,-0.5));
#5427 = DIRECTION('',(9.614813431918E-17,0.5,0.866025403784));
#5428 = ADVANCED_FACE('',(#5429),#5447,.F.);
#5429 = FACE_BOUND('',#5430,.F.);
#5430 = EDGE_LOOP('',(#5431,#5432,#5433,#5441));
#5431 = ORIENTED_EDGE('',*,*,#5386,.T.);
#5432 = ORIENTED_EDGE('',*,*,#5279,.T.);
#5433 = ORIENTED_EDGE('',*,*,#5434,.F.);
#5434 = EDGE_CURVE('',#5435,#5280,#5437,.T.);
#5435 = VERTEX_POINT('',#5436);
#5436 = CARTESIAN_POINT('',(182.,31.772758664048,15.75));
#5437 = LINE('',#5438,#5439);
#5438 = CARTESIAN_POINT('',(182.,31.772758664048,15.75));
#5439 = VECTOR('',#5440,1.);
#5440 = DIRECTION('',(-1.,0.,1.110223024625E-16));
#5441 = ORIENTED_EDGE('',*,*,#5442,.F.);
#5442 = EDGE_CURVE('',#5387,#5435,#5443,.T.);
#5443 = LINE('',#5444,#5445);
#5444 = CARTESIAN_POINT('',(182.,48.227241335952,15.75));
#5445 = VECTOR('',#5446,1.);
#5446 = DIRECTION('',(1.198550147322E-32,-1.,1.079557999373E-16));
#5447 = PLANE('',#5448);
#5448 = AXIS2_PLACEMENT_3D('',#5449,#5450,#5451);
#5449 = CARTESIAN_POINT('',(182.,48.227241335952,15.75));
#5450 = DIRECTION('',(1.110223024625E-16,1.079557999373E-16,1.));
#5451 = DIRECTION('',(1.198550147322E-32,-1.,1.079557999373E-16));
#5452 = ADVANCED_FACE('',(#5453),#5464,.F.);
#5453 = FACE_BOUND('',#5454,.F.);
#5454 = EDGE_LOOP('',(#5455,#5456,#5457,#5458));
#5455 = ORIENTED_EDGE('',*,*,#5434,.T.);
#5456 = ORIENTED_EDGE('',*,*,#5287,.T.);
#5457 = ORIENTED_EDGE('',*,*,#5408,.F.);
#5458 = ORIENTED_EDGE('',*,*,#5459,.F.);
#5459 = EDGE_CURVE('',#5435,#5409,#5460,.T.);
#5460 = LINE('',#5461,#5462);
#5461 = CARTESIAN_POINT('',(182.,31.772758664048,15.75));
#5462 = VECTOR('',#5463,1.);
#5463 = DIRECTION('',(9.614813431918E-17,-0.5,0.866025403784));
#5464 = PLANE('',#5465);
#5465 = AXIS2_PLACEMENT_3D('',#5466,#5467,#5468);
#5466 = CARTESIAN_POINT('',(182.,31.772758664048,15.75));
#5467 = DIRECTION('',(5.551115123126E-17,0.866025403784,0.5));
#5468 = DIRECTION('',(9.614813431918E-17,-0.5,0.866025403784));
#5469 = ADVANCED_FACE('',(#5470,#5478),#5489,.F.);
#5470 = FACE_BOUND('',#5471,.F.);
#5471 = EDGE_LOOP('',(#5472,#5473,#5474,#5475,#5476,#5477));
#5472 = ORIENTED_EDGE('',*,*,#5346,.T.);
#5473 = ORIENTED_EDGE('',*,*,#5394,.T.);
#5474 = ORIENTED_EDGE('',*,*,#5442,.T.);
#5475 = ORIENTED_EDGE('',*,*,#5459,.T.);
#5476 = ORIENTED_EDGE('',*,*,#5418,.T.);
#5477 = ORIENTED_EDGE('',*,*,#5370,.T.);
#5478 = FACE_BOUND('',#5479,.F.);
#5479 = EDGE_LOOP('',(#5480));
#5480 = ORIENTED_EDGE('',*,*,#5481,.F.);
#5481 = EDGE_CURVE('',#5482,#5482,#5484,.T.);
#5482 = VERTEX_POINT('',#5483);
#5483 = CARTESIAN_POINT('',(182.,40.,18.95));
#5484 = CIRCLE('',#5485,11.05);
#5485 = AXIS2_PLACEMENT_3D('',#5486,#5487,#5488);
#5486 = CARTESIAN_POINT('',(182.,40.,30.));
#5487 = DIRECTION('',(-1.,0.,0.));
#5488 = DIRECTION('',(0.,0.,-1.));
#5489 = PLANE('',#5490);
#5490 = AXIS2_PLACEMENT_3D('',#5491,#5492,#5493);
#5491 = CARTESIAN_POINT('',(182.,40.,30.));
#5492 = DIRECTION('',(-1.,0.,1.110223024625E-16));
#5493 = DIRECTION('',(1.110223024625E-16,0.,1.));
#5494 = ADVANCED_FACE('',(#5495),#5498,.F.);
#5495 = FACE_BOUND('',#5496,.T.);
#5496 = EDGE_LOOP('',(#5497));
#5497 = ORIENTED_EDGE('',*,*,#5481,.F.);
#5498 = PLANE('',#5499);
#5499 = AXIS2_PLACEMENT_3D('',#5500,#5501,#5502);
#5500 = CARTESIAN_POINT('',(182.,40.,30.));
#5501 = DIRECTION('',(-1.,0.,0.));
#5502 = DIRECTION('',(0.,0.,-1.));
#5503 = MANIFOLD_SOLID_BREP('',#5504);
#5504 = CLOSED_SHELL('',(#5505,#5538,#5597,#5606,#5637,#5661,#5685,#5709
    ,#5733,#5750,#5775));
#5505 = ADVANCED_FACE('',(#5506),#5533,.T.);
#5506 = FACE_BOUND('',#5507,.T.);
#5507 = EDGE_LOOP('',(#5508,#5518,#5525,#5526));
#5508 = ORIENTED_EDGE('',*,*,#5509,.T.);
#5509 = EDGE_CURVE('',#5510,#5512,#5514,.T.);
#5510 = VERTEX_POINT('',#5511);
#5511 = CARTESIAN_POINT('',(176.,98.,20.9));
#5512 = VERTEX_POINT('',#5513);
#5513 = CARTESIAN_POINT('',(174.3998,98.,20.9));
#5514 = LINE('',#5515,#5516);
#5515 = CARTESIAN_POINT('',(182.,98.,20.9));
#5516 = VECTOR('',#5517,1.);
#5517 = DIRECTION('',(-1.,0.,0.));
#5518 = ORIENTED_EDGE('',*,*,#5519,.F.);
#5519 = EDGE_CURVE('',#5512,#5512,#5520,.T.);
#5520 = CIRCLE('',#5521,9.1);
#5521 = AXIS2_PLACEMENT_3D('',#5522,#5523,#5524);
#5522 = CARTESIAN_POINT('',(174.3998,98.,30.));
#5523 = DIRECTION('',(-1.,0.,0.));
#5524 = DIRECTION('',(0.,0.,-1.));
#5525 = ORIENTED_EDGE('',*,*,#5509,.F.);
#5526 = ORIENTED_EDGE('',*,*,#5527,.T.);
#5527 = EDGE_CURVE('',#5510,#5510,#5528,.T.);
#5528 = CIRCLE('',#5529,9.1);
#5529 = AXIS2_PLACEMENT_3D('',#5530,#5531,#5532);
#5530 = CARTESIAN_POINT('',(176.,98.,30.));
#5531 = DIRECTION('',(-1.,0.,0.));
#5532 = DIRECTION('',(0.,0.,-1.));
#5533 = CYLINDRICAL_SURFACE('',#5534,9.1);
#5534 = AXIS2_PLACEMENT_3D('',#5535,#5536,#5537);
#5535 = CARTESIAN_POINT('',(182.,98.,30.));
#5536 = DIRECTION('',(-1.,0.,0.));
#5537 = DIRECTION('',(0.,0.,-1.));
#5538 = ADVANCED_FACE('',(#5539,#5589),#5592,.T.);
#5539 = FACE_BOUND('',#5540,.T.);
#5540 = EDGE_LOOP('',(#5541,#5551,#5559,#5567,#5575,#5583));
#5541 = ORIENTED_EDGE('',*,*,#5542,.T.);
#5542 = EDGE_CURVE('',#5543,#5545,#5547,.T.);
#5543 = VERTEX_POINT('',#5544);
#5544 = CARTESIAN_POINT('',(176.,105.10140831103,42.3));
#5545 = VERTEX_POINT('',#5546);
#5546 = CARTESIAN_POINT('',(176.,112.20281662206,30.));
#5547 = LINE('',#5548,#5549);
#5548 = CARTESIAN_POINT('',(176.,105.10140831103,42.3));
#5549 = VECTOR('',#5550,1.);
#5550 = DIRECTION('',(-9.614813431918E-17,0.5,-0.866025403784));
#5551 = ORIENTED_EDGE('',*,*,#5552,.T.);
#5552 = EDGE_CURVE('',#5545,#5553,#5555,.T.);
#5553 = VERTEX_POINT('',#5554);
#5554 = CARTESIAN_POINT('',(176.,105.10140831103,17.7));
#5555 = LINE('',#5556,#5557);
#5556 = CARTESIAN_POINT('',(176.,112.20281662206,30.));
#5557 = VECTOR('',#5558,1.);
#5558 = DIRECTION('',(-9.614813431918E-17,-0.5,-0.866025403784));
#5559 = ORIENTED_EDGE('',*,*,#5560,.T.);
#5560 = EDGE_CURVE('',#5553,#5561,#5563,.T.);
#5561 = VERTEX_POINT('',#5562);
#5562 = CARTESIAN_POINT('',(176.,90.898591688968,17.7));
#5563 = LINE('',#5564,#5565);
#5564 = CARTESIAN_POINT('',(176.,105.10140831103,17.7));
#5565 = VECTOR('',#5566,1.);
#5566 = DIRECTION('',(1.388564195069E-32,-1.,1.250707438298E-16));
#5567 = ORIENTED_EDGE('',*,*,#5568,.T.);
#5568 = EDGE_CURVE('',#5561,#5569,#5571,.T.);
#5569 = VERTEX_POINT('',#5570);
#5570 = CARTESIAN_POINT('',(176.,83.797183377935,30.));
#5571 = LINE('',#5572,#5573);
#5572 = CARTESIAN_POINT('',(176.,90.898591688968,17.7));
#5573 = VECTOR('',#5574,1.);
#5574 = DIRECTION('',(9.614813431918E-17,-0.5,0.866025403784));
#5575 = ORIENTED_EDGE('',*,*,#5576,.T.);
#5576 = EDGE_CURVE('',#5569,#5577,#5579,.T.);
#5577 = VERTEX_POINT('',#5578);
#5578 = CARTESIAN_POINT('',(176.,90.898591688968,42.3));
#5579 = LINE('',#5580,#5581);
#5580 = CARTESIAN_POINT('',(176.,83.797183377935,30.));
#5581 = VECTOR('',#5582,1.);
#5582 = DIRECTION('',(9.614813431918E-17,0.5,0.866025403784));
#5583 = ORIENTED_EDGE('',*,*,#5584,.T.);
#5584 = EDGE_CURVE('',#5577,#5543,#5585,.T.);
#5585 = LINE('',#5586,#5587);
#5586 = CARTESIAN_POINT('',(176.,90.898591688968,42.3));
#5587 = VECTOR('',#5588,1.);
#5588 = DIRECTION('',(4.165692585206E-32,1.,3.752122314895E-16));
#5589 = FACE_BOUND('',#5590,.T.);
#5590 = EDGE_LOOP('',(#5591));
#5591 = ORIENTED_EDGE('',*,*,#5527,.F.);
#5592 = PLANE('',#5593);
#5593 = AXIS2_PLACEMENT_3D('',#5594,#5595,#5596);
#5594 = CARTESIAN_POINT('',(176.,98.,30.));
#5595 = DIRECTION('',(-1.,0.,1.110223024625E-16));
#5596 = DIRECTION('',(1.110223024625E-16,0.,1.));
#5597 = ADVANCED_FACE('',(#5598),#5601,.T.);
#5598 = FACE_BOUND('',#5599,.T.);
#5599 = EDGE_LOOP('',(#5600));
#5600 = ORIENTED_EDGE('',*,*,#5519,.T.);
#5601 = PLANE('',#5602);
#5602 = AXIS2_PLACEMENT_3D('',#5603,#5604,#5605);
#5603 = CARTESIAN_POINT('',(174.3998,98.,30.));
#5604 = DIRECTION('',(-1.,0.,0.));
#5605 = DIRECTION('',(0.,0.,-1.));
#5606 = ADVANCED_FACE('',(#5607),#5632,.F.);
#5607 = FACE_BOUND('',#5608,.F.);
#5608 = EDGE_LOOP('',(#5609,#5617,#5618,#5626));
#5609 = ORIENTED_EDGE('',*,*,#5610,.T.);
#5610 = EDGE_CURVE('',#5611,#5543,#5613,.T.);
#5611 = VERTEX_POINT('',#5612);
#5612 = CARTESIAN_POINT('',(182.,105.10140831103,42.3));
#5613 = LINE('',#5614,#5615);
#5614 = CARTESIAN_POINT('',(182.,105.10140831103,42.3));
#5615 = VECTOR('',#5616,1.);
#5616 = DIRECTION('',(-1.,0.,1.110223024625E-16));
#5617 = ORIENTED_EDGE('',*,*,#5542,.T.);
#5618 = ORIENTED_EDGE('',*,*,#5619,.F.);
#5619 = EDGE_CURVE('',#5620,#5545,#5622,.T.);
#5620 = VERTEX_POINT('',#5621);
#5621 = CARTESIAN_POINT('',(182.,112.20281662206,30.));
#5622 = LINE('',#5623,#5624);
#5623 = CARTESIAN_POINT('',(182.,112.20281662206,30.));
#5624 = VECTOR('',#5625,1.);
#5625 = DIRECTION('',(-1.,0.,1.110223024625E-16));
#5626 = ORIENTED_EDGE('',*,*,#5627,.F.);
#5627 = EDGE_CURVE('',#5611,#5620,#5628,.T.);
#5628 = LINE('',#5629,#5630);
#5629 = CARTESIAN_POINT('',(182.,105.10140831103,42.3));
#5630 = VECTOR('',#5631,1.);
#5631 = DIRECTION('',(-9.614813431918E-17,0.5,-0.866025403784));
#5632 = PLANE('',#5633);
#5633 = AXIS2_PLACEMENT_3D('',#5634,#5635,#5636);
#5634 = CARTESIAN_POINT('',(182.,105.10140831103,42.3));
#5635 = DIRECTION('',(-5.551115123126E-17,-0.866025403784,-0.5));
#5636 = DIRECTION('',(-9.614813431918E-17,0.5,-0.866025403784));
#5637 = ADVANCED_FACE('',(#5638),#5656,.F.);
#5638 = FACE_BOUND('',#5639,.F.);
#5639 = EDGE_LOOP('',(#5640,#5648,#5649,#5650));
#5640 = ORIENTED_EDGE('',*,*,#5641,.T.);
#5641 = EDGE_CURVE('',#5642,#5577,#5644,.T.);
#5642 = VERTEX_POINT('',#5643);
#5643 = CARTESIAN_POINT('',(182.,90.898591688968,42.3));
#5644 = LINE('',#5645,#5646);
#5645 = CARTESIAN_POINT('',(182.,90.898591688968,42.3));
#5646 = VECTOR('',#5647,1.);
#5647 = DIRECTION('',(-1.,0.,1.110223024625E-16));
#5648 = ORIENTED_EDGE('',*,*,#5584,.T.);
#5649 = ORIENTED_EDGE('',*,*,#5610,.F.);
#5650 = ORIENTED_EDGE('',*,*,#5651,.F.);
#5651 = EDGE_CURVE('',#5642,#5611,#5652,.T.);
#5652 = LINE('',#5653,#5654);
#5653 = CARTESIAN_POINT('',(182.,90.898591688968,42.3));
#5654 = VECTOR('',#5655,1.);
#5655 = DIRECTION('',(4.165692585206E-32,1.,3.752122314895E-16));
#5656 = PLANE('',#5657);
#5657 = AXIS2_PLACEMENT_3D('',#5658,#5659,#5660);
#5658 = CARTESIAN_POINT('',(182.,90.898591688968,42.3));
#5659 = DIRECTION('',(-1.110223024625E-16,3.752122314895E-16,-1.));
#5660 = DIRECTION('',(4.165692585206E-32,1.,3.752122314895E-16));
#5661 = ADVANCED_FACE('',(#5662),#5680,.F.);
#5662 = FACE_BOUND('',#5663,.F.);
#5663 = EDGE_LOOP('',(#5664,#5665,#5666,#5674));
#5664 = ORIENTED_EDGE('',*,*,#5619,.T.);
#5665 = ORIENTED_EDGE('',*,*,#5552,.T.);
#5666 = ORIENTED_EDGE('',*,*,#5667,.F.);
#5667 = EDGE_CURVE('',#5668,#5553,#5670,.T.);
#5668 = VERTEX_POINT('',#5669);
#5669 = CARTESIAN_POINT('',(182.,105.10140831103,17.7));
#5670 = LINE('',#5671,#5672);
#5671 = CARTESIAN_POINT('',(182.,105.10140831103,17.7));
#5672 = VECTOR('',#5673,1.);
#5673 = DIRECTION('',(-1.,0.,1.110223024625E-16));
#5674 = ORIENTED_EDGE('',*,*,#5675,.F.);
#5675 = EDGE_CURVE('',#5620,#5668,#5676,.T.);
#5676 = LINE('',#5677,#5678);
#5677 = CARTESIAN_POINT('',(182.,112.20281662206,30.));
#5678 = VECTOR('',#5679,1.);
#5679 = DIRECTION('',(-9.614813431918E-17,-0.5,-0.866025403784));
#5680 = PLANE('',#5681);
#5681 = AXIS2_PLACEMENT_3D('',#5682,#5683,#5684);
#5682 = CARTESIAN_POINT('',(182.,112.20281662206,30.));
#5683 = DIRECTION('',(5.551115123126E-17,-0.866025403784,0.5));
#5684 = DIRECTION('',(-9.614813431918E-17,-0.5,-0.866025403784));
#5685 = ADVANCED_FACE('',(#5686),#5704,.F.);
#5686 = FACE_BOUND('',#5687,.F.);
#5687 = EDGE_LOOP('',(#5688,#5696,#5697,#5698));
#5688 = ORIENTED_EDGE('',*,*,#5689,.T.);
#5689 = EDGE_CURVE('',#5690,#5569,#5692,.T.);
#5690 = VERTEX_POINT('',#5691);
#5691 = CARTESIAN_POINT('',(182.,83.797183377935,30.));
#5692 = LINE('',#5693,#5694);
#5693 = CARTESIAN_POINT('',(182.,83.797183377935,30.));
#5694 = VECTOR('',#5695,1.);
#5695 = DIRECTION('',(-1.,0.,1.110223024625E-16));
#5696 = ORIENTED_EDGE('',*,*,#5576,.T.);
#5697 = ORIENTED_EDGE('',*,*,#5641,.F.);
#5698 = ORIENTED_EDGE('',*,*,#5699,.F.);
#5699 = EDGE_CURVE('',#5690,#5642,#5700,.T.);
#5700 = LINE('',#5701,#5702);
#5701 = CARTESIAN_POINT('',(182.,83.797183377935,30.));
#5702 = VECTOR('',#5703,1.);
#5703 = DIRECTION('',(9.614813431918E-17,0.5,0.866025403784));
#5704 = PLANE('',#5705);
#5705 = AXIS2_PLACEMENT_3D('',#5706,#5707,#5708);
#5706 = CARTESIAN_POINT('',(182.,83.797183377935,30.));
#5707 = DIRECTION('',(-5.551115123126E-17,0.866025403784,-0.5));
#5708 = DIRECTION('',(9.614813431918E-17,0.5,0.866025403784));
#5709 = ADVANCED_FACE('',(#5710),#5728,.F.);
#5710 = FACE_BOUND('',#5711,.F.);
#5711 = EDGE_LOOP('',(#5712,#5713,#5714,#5722));
#5712 = ORIENTED_EDGE('',*,*,#5667,.T.);
#5713 = ORIENTED_EDGE('',*,*,#5560,.T.);
#5714 = ORIENTED_EDGE('',*,*,#5715,.F.);
#5715 = EDGE_CURVE('',#5716,#5561,#5718,.T.);
#5716 = VERTEX_POINT('',#5717);
#5717 = CARTESIAN_POINT('',(182.,90.898591688968,17.7));
#5718 = LINE('',#5719,#5720);
#5719 = CARTESIAN_POINT('',(182.,90.898591688968,17.7));
#5720 = VECTOR('',#5721,1.);
#5721 = DIRECTION('',(-1.,0.,1.110223024625E-16));
#5722 = ORIENTED_EDGE('',*,*,#5723,.F.);
#5723 = EDGE_CURVE('',#5668,#5716,#5724,.T.);
#5724 = LINE('',#5725,#5726);
#5725 = CARTESIAN_POINT('',(182.,105.10140831103,17.7));
#5726 = VECTOR('',#5727,1.);
#5727 = DIRECTION('',(1.388564195069E-32,-1.,1.250707438298E-16));
#5728 = PLANE('',#5729);
#5729 = AXIS2_PLACEMENT_3D('',#5730,#5731,#5732);
#5730 = CARTESIAN_POINT('',(182.,105.10140831103,17.7));
#5731 = DIRECTION('',(1.110223024625E-16,1.250707438298E-16,1.));
#5732 = DIRECTION('',(1.388564195069E-32,-1.,1.250707438298E-16));
#5733 = ADVANCED_FACE('',(#5734),#5745,.F.);
#5734 = FACE_BOUND('',#5735,.F.);
#5735 = EDGE_LOOP('',(#5736,#5737,#5738,#5739));
#5736 = ORIENTED_EDGE('',*,*,#5715,.T.);
#5737 = ORIENTED_EDGE('',*,*,#5568,.T.);
#5738 = ORIENTED_EDGE('',*,*,#5689,.F.);
#5739 = ORIENTED_EDGE('',*,*,#5740,.F.);
#5740 = EDGE_CURVE('',#5716,#5690,#5741,.T.);
#5741 = LINE('',#5742,#5743);
#5742 = CARTESIAN_POINT('',(182.,90.898591688968,17.7));
#5743 = VECTOR('',#5744,1.);
#5744 = DIRECTION('',(9.614813431918E-17,-0.5,0.866025403784));
#5745 = PLANE('',#5746);
#5746 = AXIS2_PLACEMENT_3D('',#5747,#5748,#5749);
#5747 = CARTESIAN_POINT('',(182.,90.898591688968,17.7));
#5748 = DIRECTION('',(5.551115123126E-17,0.866025403784,0.5));
#5749 = DIRECTION('',(9.614813431918E-17,-0.5,0.866025403784));
#5750 = ADVANCED_FACE('',(#5751,#5759),#5770,.F.);
#5751 = FACE_BOUND('',#5752,.F.);
#5752 = EDGE_LOOP('',(#5753,#5754,#5755,#5756,#5757,#5758));
#5753 = ORIENTED_EDGE('',*,*,#5627,.T.);
#5754 = ORIENTED_EDGE('',*,*,#5675,.T.);
#5755 = ORIENTED_EDGE('',*,*,#5723,.T.);
#5756 = ORIENTED_EDGE('',*,*,#5740,.T.);
#5757 = ORIENTED_EDGE('',*,*,#5699,.T.);
#5758 = ORIENTED_EDGE('',*,*,#5651,.T.);
#5759 = FACE_BOUND('',#5760,.F.);
#5760 = EDGE_LOOP('',(#5761));
#5761 = ORIENTED_EDGE('',*,*,#5762,.F.);
#5762 = EDGE_CURVE('',#5763,#5763,#5765,.T.);
#5763 = VERTEX_POINT('',#5764);
#5764 = CARTESIAN_POINT('',(182.,98.,20.9));
#5765 = CIRCLE('',#5766,9.1);
#5766 = AXIS2_PLACEMENT_3D('',#5767,#5768,#5769);
#5767 = CARTESIAN_POINT('',(182.,98.,30.));
#5768 = DIRECTION('',(-1.,0.,0.));
#5769 = DIRECTION('',(0.,0.,-1.));
#5770 = PLANE('',#5771);
#5771 = AXIS2_PLACEMENT_3D('',#5772,#5773,#5774);
#5772 = CARTESIAN_POINT('',(182.,98.,30.));
#5773 = DIRECTION('',(-1.,0.,1.110223024625E-16));
#5774 = DIRECTION('',(1.110223024625E-16,0.,1.));
#5775 = ADVANCED_FACE('',(#5776),#5779,.F.);
#5776 = FACE_BOUND('',#5777,.T.);
#5777 = EDGE_LOOP('',(#5778));
#5778 = ORIENTED_EDGE('',*,*,#5762,.F.);
#5779 = PLANE('',#5780);
#5780 = AXIS2_PLACEMENT_3D('',#5781,#5782,#5783);
#5781 = CARTESIAN_POINT('',(182.,98.,30.));
#5782 = DIRECTION('',(-1.,0.,0.));
#5783 = DIRECTION('',(0.,0.,-1.));
#5784 = MANIFOLD_SOLID_BREP('',#5785);
#5785 = CLOSED_SHELL('',(#5786,#5853,#5878,#5909,#5933,#5957,#5981,#6005
    ,#6022,#6042,#6067,#6092,#6117,#6126));
#5786 = ADVANCED_FACE('',(#5787,#5798),#5848,.T.);
#5787 = FACE_BOUND('',#5788,.T.);
#5788 = EDGE_LOOP('',(#5789));
#5789 = ORIENTED_EDGE('',*,*,#5790,.T.);
#5790 = EDGE_CURVE('',#5791,#5791,#5793,.T.);
#5791 = VERTEX_POINT('',#5792);
#5792 = CARTESIAN_POINT('',(26.,108.,1.2));
#5793 = CIRCLE('',#5794,8.);
#5794 = AXIS2_PLACEMENT_3D('',#5795,#5796,#5797);
#5795 = CARTESIAN_POINT('',(18.,108.,1.2));
#5796 = DIRECTION('',(0.,0.,1.));
#5797 = DIRECTION('',(1.,0.,-0.));
#5798 = FACE_BOUND('',#5799,.T.);
#5799 = EDGE_LOOP('',(#5800,#5810,#5818,#5826,#5834,#5842));
#5800 = ORIENTED_EDGE('',*,*,#5801,.F.);
#5801 = EDGE_CURVE('',#5802,#5804,#5806,.T.);
#5802 = VERTEX_POINT('',#5803);
#5803 = CARTESIAN_POINT('',(23.,110.88675134594,1.2));
#5804 = VERTEX_POINT('',#5805);
#5805 = CARTESIAN_POINT('',(18.,113.77350269189,1.2));
#5806 = LINE('',#5807,#5808);
#5807 = CARTESIAN_POINT('',(23.,110.88675134594,1.2));
#5808 = VECTOR('',#5809,1.);
#5809 = DIRECTION('',(-0.866025403784,0.5,0.));
#5810 = ORIENTED_EDGE('',*,*,#5811,.F.);
#5811 = EDGE_CURVE('',#5812,#5802,#5814,.T.);
#5812 = VERTEX_POINT('',#5813);
#5813 = CARTESIAN_POINT('',(23.,105.11324865405,1.2));
#5814 = LINE('',#5815,#5816);
#5815 = CARTESIAN_POINT('',(23.,105.11324865405,1.2));
#5816 = VECTOR('',#5817,1.);
#5817 = DIRECTION('',(3.076740298214E-16,1.,0.));
#5818 = ORIENTED_EDGE('',*,*,#5819,.F.);
#5819 = EDGE_CURVE('',#5820,#5812,#5822,.T.);
#5820 = VERTEX_POINT('',#5821);
#5821 = CARTESIAN_POINT('',(18.,102.2264973081,1.2));
#5822 = LINE('',#5823,#5824);
#5823 = CARTESIAN_POINT('',(18.,102.2264973081,1.2));
#5824 = VECTOR('',#5825,1.);
#5825 = DIRECTION('',(0.866025403784,0.5,0.));
#5826 = ORIENTED_EDGE('',*,*,#5827,.F.);
#5827 = EDGE_CURVE('',#5828,#5820,#5830,.T.);
#5828 = VERTEX_POINT('',#5829);
#5829 = CARTESIAN_POINT('',(13.,105.11324865405,1.2));
#5830 = LINE('',#5831,#5832);
#5831 = CARTESIAN_POINT('',(13.,105.11324865405,1.2));
#5832 = VECTOR('',#5833,1.);
#5833 = DIRECTION('',(0.866025403784,-0.5,0.));
#5834 = ORIENTED_EDGE('',*,*,#5835,.F.);
#5835 = EDGE_CURVE('',#5836,#5828,#5838,.T.);
#5836 = VERTEX_POINT('',#5837);
#5837 = CARTESIAN_POINT('',(13.,110.88675134594,1.2));
#5838 = LINE('',#5839,#5840);
#5839 = CARTESIAN_POINT('',(13.,110.88675134594,1.2));
#5840 = VECTOR('',#5841,1.);
#5841 = DIRECTION('',(1.538370149107E-16,-1.,0.));
#5842 = ORIENTED_EDGE('',*,*,#5843,.F.);
#5843 = EDGE_CURVE('',#5804,#5836,#5844,.T.);
#5844 = LINE('',#5845,#5846);
#5845 = CARTESIAN_POINT('',(18.,113.77350269189,1.2));
#5846 = VECTOR('',#5847,1.);
#5847 = DIRECTION('',(-0.866025403784,-0.5,0.));
#5848 = PLANE('',#5849);
#5849 = AXIS2_PLACEMENT_3D('',#5850,#5851,#5852);
#5850 = CARTESIAN_POINT('',(18.,108.,1.2));
#5851 = DIRECTION('',(0.,0.,1.));
#5852 = DIRECTION('',(1.,0.,-0.));
#5853 = ADVANCED_FACE('',(#5854),#5873,.T.);
#5854 = FACE_BOUND('',#5855,.T.);
#5855 = EDGE_LOOP('',(#5856,#5857,#5865,#5872));
#5856 = ORIENTED_EDGE('',*,*,#5790,.F.);
#5857 = ORIENTED_EDGE('',*,*,#5858,.F.);
#5858 = EDGE_CURVE('',#5859,#5791,#5861,.T.);
#5859 = VERTEX_POINT('',#5860);
#5860 = CARTESIAN_POINT('',(26.,108.,0.));
#5861 = LINE('',#5862,#5863);
#5862 = CARTESIAN_POINT('',(26.,108.,0.));
#5863 = VECTOR('',#5864,1.);
#5864 = DIRECTION('',(0.,0.,1.));
#5865 = ORIENTED_EDGE('',*,*,#5866,.T.);
#5866 = EDGE_CURVE('',#5859,#5859,#5867,.T.);
#5867 = CIRCLE('',#5868,8.);
#5868 = AXIS2_PLACEMENT_3D('',#5869,#5870,#5871);
#5869 = CARTESIAN_POINT('',(18.,108.,0.));
#5870 = DIRECTION('',(0.,0.,1.));
#5871 = DIRECTION('',(1.,0.,-0.));
#5872 = ORIENTED_EDGE('',*,*,#5858,.T.);
#5873 = CYLINDRICAL_SURFACE('',#5874,8.);
#5874 = AXIS2_PLACEMENT_3D('',#5875,#5876,#5877);
#5875 = CARTESIAN_POINT('',(18.,108.,0.));
#5876 = DIRECTION('',(0.,0.,1.));
#5877 = DIRECTION('',(1.,0.,-0.));
#5878 = ADVANCED_FACE('',(#5879),#5904,.F.);
#5879 = FACE_BOUND('',#5880,.F.);
#5880 = EDGE_LOOP('',(#5881,#5889,#5897,#5903));
#5881 = ORIENTED_EDGE('',*,*,#5882,.T.);
#5882 = EDGE_CURVE('',#5802,#5883,#5885,.T.);
#5883 = VERTEX_POINT('',#5884);
#5884 = CARTESIAN_POINT('',(23.,110.88675134594,6.2));
#5885 = LINE('',#5886,#5887);
#5886 = CARTESIAN_POINT('',(23.,110.88675134594,1.2));
#5887 = VECTOR('',#5888,1.);
#5888 = DIRECTION('',(0.,0.,1.));
#5889 = ORIENTED_EDGE('',*,*,#5890,.T.);
#5890 = EDGE_CURVE('',#5883,#5891,#5893,.T.);
#5891 = VERTEX_POINT('',#5892);
#5892 = CARTESIAN_POINT('',(18.,113.77350269189,6.2));
#5893 = LINE('',#5894,#5895);
#5894 = CARTESIAN_POINT('',(23.,110.88675134594,6.2));
#5895 = VECTOR('',#5896,1.);
#5896 = DIRECTION('',(-0.866025403784,0.5,0.));
#5897 = ORIENTED_EDGE('',*,*,#5898,.F.);
#5898 = EDGE_CURVE('',#5804,#5891,#5899,.T.);
#5899 = LINE('',#5900,#5901);
#5900 = CARTESIAN_POINT('',(18.,113.77350269189,1.2));
#5901 = VECTOR('',#5902,1.);
#5902 = DIRECTION('',(0.,0.,1.));
#5903 = ORIENTED_EDGE('',*,*,#5801,.F.);
#5904 = PLANE('',#5905);
#5905 = AXIS2_PLACEMENT_3D('',#5906,#5907,#5908);
#5906 = CARTESIAN_POINT('',(23.,110.88675134594,1.2));
#5907 = DIRECTION('',(-0.5,-0.866025403784,0.));
#5908 = DIRECTION('',(-0.866025403784,0.5,0.));
#5909 = ADVANCED_FACE('',(#5910),#5928,.F.);
#5910 = FACE_BOUND('',#5911,.F.);
#5911 = EDGE_LOOP('',(#5912,#5913,#5921,#5927));
#5912 = ORIENTED_EDGE('',*,*,#5898,.T.);
#5913 = ORIENTED_EDGE('',*,*,#5914,.T.);
#5914 = EDGE_CURVE('',#5891,#5915,#5917,.T.);
#5915 = VERTEX_POINT('',#5916);
#5916 = CARTESIAN_POINT('',(13.,110.88675134594,6.2));
#5917 = LINE('',#5918,#5919);
#5918 = CARTESIAN_POINT('',(18.,113.77350269189,6.2));
#5919 = VECTOR('',#5920,1.);
#5920 = DIRECTION('',(-0.866025403784,-0.5,0.));
#5921 = ORIENTED_EDGE('',*,*,#5922,.F.);
#5922 = EDGE_CURVE('',#5836,#5915,#5923,.T.);
#5923 = LINE('',#5924,#5925);
#5924 = CARTESIAN_POINT('',(13.,110.88675134594,1.2));
#5925 = VECTOR('',#5926,1.);
#5926 = DIRECTION('',(0.,0.,1.));
#5927 = ORIENTED_EDGE('',*,*,#5843,.F.);
#5928 = PLANE('',#5929);
#5929 = AXIS2_PLACEMENT_3D('',#5930,#5931,#5932);
#5930 = CARTESIAN_POINT('',(18.,113.77350269189,1.2));
#5931 = DIRECTION('',(0.5,-0.866025403784,0.));
#5932 = DIRECTION('',(-0.866025403784,-0.5,0.));
#5933 = ADVANCED_FACE('',(#5934),#5952,.F.);
#5934 = FACE_BOUND('',#5935,.F.);
#5935 = EDGE_LOOP('',(#5936,#5937,#5945,#5951));
#5936 = ORIENTED_EDGE('',*,*,#5922,.T.);
#5937 = ORIENTED_EDGE('',*,*,#5938,.T.);
#5938 = EDGE_CURVE('',#5915,#5939,#5941,.T.);
#5939 = VERTEX_POINT('',#5940);
#5940 = CARTESIAN_POINT('',(13.,105.11324865405,6.2));
#5941 = LINE('',#5942,#5943);
#5942 = CARTESIAN_POINT('',(13.,110.88675134594,6.2));
#5943 = VECTOR('',#5944,1.);
#5944 = DIRECTION('',(1.538370149107E-16,-1.,0.));
#5945 = ORIENTED_EDGE('',*,*,#5946,.F.);
#5946 = EDGE_CURVE('',#5828,#5939,#5947,.T.);
#5947 = LINE('',#5948,#5949);
#5948 = CARTESIAN_POINT('',(13.,105.11324865405,1.2));
#5949 = VECTOR('',#5950,1.);
#5950 = DIRECTION('',(0.,0.,1.));
#5951 = ORIENTED_EDGE('',*,*,#5835,.F.);
#5952 = PLANE('',#5953);
#5953 = AXIS2_PLACEMENT_3D('',#5954,#5955,#5956);
#5954 = CARTESIAN_POINT('',(13.,110.88675134594,1.2));
#5955 = DIRECTION('',(1.,1.538370149107E-16,-0.));
#5956 = DIRECTION('',(1.538370149107E-16,-1.,0.));
#5957 = ADVANCED_FACE('',(#5958),#5976,.F.);
#5958 = FACE_BOUND('',#5959,.F.);
#5959 = EDGE_LOOP('',(#5960,#5961,#5969,#5975));
#5960 = ORIENTED_EDGE('',*,*,#5946,.T.);
#5961 = ORIENTED_EDGE('',*,*,#5962,.T.);
#5962 = EDGE_CURVE('',#5939,#5963,#5965,.T.);
#5963 = VERTEX_POINT('',#5964);
#5964 = CARTESIAN_POINT('',(18.,102.2264973081,6.2));
#5965 = LINE('',#5966,#5967);
#5966 = CARTESIAN_POINT('',(13.,105.11324865405,6.2));
#5967 = VECTOR('',#5968,1.);
#5968 = DIRECTION('',(0.866025403784,-0.5,0.));
#5969 = ORIENTED_EDGE('',*,*,#5970,.F.);
#5970 = EDGE_CURVE('',#5820,#5963,#5971,.T.);
#5971 = LINE('',#5972,#5973);
#5972 = CARTESIAN_POINT('',(18.,102.2264973081,1.2));
#5973 = VECTOR('',#5974,1.);
#5974 = DIRECTION('',(0.,0.,1.));
#5975 = ORIENTED_EDGE('',*,*,#5827,.F.);
#5976 = PLANE('',#5977);
#5977 = AXIS2_PLACEMENT_3D('',#5978,#5979,#5980);
#5978 = CARTESIAN_POINT('',(13.,105.11324865405,1.2));
#5979 = DIRECTION('',(0.5,0.866025403784,-0.));
#5980 = DIRECTION('',(0.866025403784,-0.5,0.));
#5981 = ADVANCED_FACE('',(#5982),#6000,.F.);
#5982 = FACE_BOUND('',#5983,.F.);
#5983 = EDGE_LOOP('',(#5984,#5985,#5993,#5999));
#5984 = ORIENTED_EDGE('',*,*,#5970,.T.);
#5985 = ORIENTED_EDGE('',*,*,#5986,.T.);
#5986 = EDGE_CURVE('',#5963,#5987,#5989,.T.);
#5987 = VERTEX_POINT('',#5988);
#5988 = CARTESIAN_POINT('',(23.,105.11324865405,6.2));
#5989 = LINE('',#5990,#5991);
#5990 = CARTESIAN_POINT('',(18.,102.2264973081,6.2));
#5991 = VECTOR('',#5992,1.);
#5992 = DIRECTION('',(0.866025403784,0.5,0.));
#5993 = ORIENTED_EDGE('',*,*,#5994,.F.);
#5994 = EDGE_CURVE('',#5812,#5987,#5995,.T.);
#5995 = LINE('',#5996,#5997);
#5996 = CARTESIAN_POINT('',(23.,105.11324865405,1.2));
#5997 = VECTOR('',#5998,1.);
#5998 = DIRECTION('',(0.,0.,1.));
#5999 = ORIENTED_EDGE('',*,*,#5819,.F.);
#6000 = PLANE('',#6001);
#6001 = AXIS2_PLACEMENT_3D('',#6002,#6003,#6004);
#6002 = CARTESIAN_POINT('',(18.,102.2264973081,1.2));
#6003 = DIRECTION('',(-0.5,0.866025403784,0.));
#6004 = DIRECTION('',(0.866025403784,0.5,0.));
#6005 = ADVANCED_FACE('',(#6006),#6017,.F.);
#6006 = FACE_BOUND('',#6007,.F.);
#6007 = EDGE_LOOP('',(#6008,#6009,#6015,#6016));
#6008 = ORIENTED_EDGE('',*,*,#5994,.T.);
#6009 = ORIENTED_EDGE('',*,*,#6010,.T.);
#6010 = EDGE_CURVE('',#5987,#5883,#6011,.T.);
#6011 = LINE('',#6012,#6013);
#6012 = CARTESIAN_POINT('',(23.,105.11324865405,6.2));
#6013 = VECTOR('',#6014,1.);
#6014 = DIRECTION('',(3.076740298214E-16,1.,0.));
#6015 = ORIENTED_EDGE('',*,*,#5882,.F.);
#6016 = ORIENTED_EDGE('',*,*,#5811,.F.);
#6017 = PLANE('',#6018);
#6018 = AXIS2_PLACEMENT_3D('',#6019,#6020,#6021);
#6019 = CARTESIAN_POINT('',(23.,105.11324865405,1.2));
#6020 = DIRECTION('',(-1.,3.076740298214E-16,0.));
#6021 = DIRECTION('',(3.076740298214E-16,1.,0.));
#6022 = ADVANCED_FACE('',(#6023,#6026),#6037,.F.);
#6023 = FACE_BOUND('',#6024,.F.);
#6024 = EDGE_LOOP('',(#6025));
#6025 = ORIENTED_EDGE('',*,*,#5866,.T.);
#6026 = FACE_BOUND('',#6027,.F.);
#6027 = EDGE_LOOP('',(#6028));
#6028 = ORIENTED_EDGE('',*,*,#6029,.F.);
#6029 = EDGE_CURVE('',#6030,#6030,#6032,.T.);
#6030 = VERTEX_POINT('',#6031);
#6031 = CARTESIAN_POINT('',(21.,108.,0.));
#6032 = CIRCLE('',#6033,3.);
#6033 = AXIS2_PLACEMENT_3D('',#6034,#6035,#6036);
#6034 = CARTESIAN_POINT('',(18.,108.,0.));
#6035 = DIRECTION('',(0.,0.,1.));
#6036 = DIRECTION('',(1.,0.,-0.));
#6037 = PLANE('',#6038);
#6038 = AXIS2_PLACEMENT_3D('',#6039,#6040,#6041);
#6039 = CARTESIAN_POINT('',(18.,108.,0.));
#6040 = DIRECTION('',(0.,0.,1.));
#6041 = DIRECTION('',(1.,0.,-0.));
#6042 = ADVANCED_FACE('',(#6043,#6051),#6062,.T.);
#6043 = FACE_BOUND('',#6044,.T.);
#6044 = EDGE_LOOP('',(#6045,#6046,#6047,#6048,#6049,#6050));
#6045 = ORIENTED_EDGE('',*,*,#5890,.T.);
#6046 = ORIENTED_EDGE('',*,*,#5914,.T.);
#6047 = ORIENTED_EDGE('',*,*,#5938,.T.);
#6048 = ORIENTED_EDGE('',*,*,#5962,.T.);
#6049 = ORIENTED_EDGE('',*,*,#5986,.T.);
#6050 = ORIENTED_EDGE('',*,*,#6010,.T.);
#6051 = FACE_BOUND('',#6052,.T.);
#6052 = EDGE_LOOP('',(#6053));
#6053 = ORIENTED_EDGE('',*,*,#6054,.F.);
#6054 = EDGE_CURVE('',#6055,#6055,#6057,.T.);
#6055 = VERTEX_POINT('',#6056);
#6056 = CARTESIAN_POINT('',(21.,108.,6.2));
#6057 = CIRCLE('',#6058,3.);
#6058 = AXIS2_PLACEMENT_3D('',#6059,#6060,#6061);
#6059 = CARTESIAN_POINT('',(18.,108.,6.2));
#6060 = DIRECTION('',(0.,0.,1.));
#6061 = DIRECTION('',(1.,0.,-0.));
#6062 = PLANE('',#6063);
#6063 = AXIS2_PLACEMENT_3D('',#6064,#6065,#6066);
#6064 = CARTESIAN_POINT('',(18.,108.,6.2));
#6065 = DIRECTION('',(0.,0.,1.));
#6066 = DIRECTION('',(1.,0.,-0.));
#6067 = ADVANCED_FACE('',(#6068),#6087,.T.);
#6068 = FACE_BOUND('',#6069,.T.);
#6069 = EDGE_LOOP('',(#6070,#6071,#6079,#6086));
#6070 = ORIENTED_EDGE('',*,*,#6029,.F.);
#6071 = ORIENTED_EDGE('',*,*,#6072,.F.);
#6072 = EDGE_CURVE('',#6073,#6030,#6075,.T.);
#6073 = VERTEX_POINT('',#6074);
#6074 = CARTESIAN_POINT('',(21.,108.,-2.));
#6075 = LINE('',#6076,#6077);
#6076 = CARTESIAN_POINT('',(21.,108.,-2.));
#6077 = VECTOR('',#6078,1.);
#6078 = DIRECTION('',(0.,0.,1.));
#6079 = ORIENTED_EDGE('',*,*,#6080,.T.);
#6080 = EDGE_CURVE('',#6073,#6073,#6081,.T.);
#6081 = CIRCLE('',#6082,3.);
#6082 = AXIS2_PLACEMENT_3D('',#6083,#6084,#6085);
#6083 = CARTESIAN_POINT('',(18.,108.,-2.));
#6084 = DIRECTION('',(0.,0.,1.));
#6085 = DIRECTION('',(1.,0.,-0.));
#6086 = ORIENTED_EDGE('',*,*,#6072,.T.);
#6087 = CYLINDRICAL_SURFACE('',#6088,3.);
#6088 = AXIS2_PLACEMENT_3D('',#6089,#6090,#6091);
#6089 = CARTESIAN_POINT('',(18.,108.,-2.));
#6090 = DIRECTION('',(0.,0.,1.));
#6091 = DIRECTION('',(1.,0.,-0.));
#6092 = ADVANCED_FACE('',(#6093),#6112,.T.);
#6093 = FACE_BOUND('',#6094,.T.);
#6094 = EDGE_LOOP('',(#6095,#6096,#6104,#6111));
#6095 = ORIENTED_EDGE('',*,*,#6054,.T.);
#6096 = ORIENTED_EDGE('',*,*,#6097,.T.);
#6097 = EDGE_CURVE('',#6055,#6098,#6100,.T.);
#6098 = VERTEX_POINT('',#6099);
#6099 = CARTESIAN_POINT('',(21.,108.,14.));
#6100 = LINE('',#6101,#6102);
#6101 = CARTESIAN_POINT('',(21.,108.,-2.));
#6102 = VECTOR('',#6103,1.);
#6103 = DIRECTION('',(0.,0.,1.));
#6104 = ORIENTED_EDGE('',*,*,#6105,.F.);
#6105 = EDGE_CURVE('',#6098,#6098,#6106,.T.);
#6106 = CIRCLE('',#6107,3.);
#6107 = AXIS2_PLACEMENT_3D('',#6108,#6109,#6110);
#6108 = CARTESIAN_POINT('',(18.,108.,14.));
#6109 = DIRECTION('',(0.,0.,1.));
#6110 = DIRECTION('',(1.,0.,-0.));
#6111 = ORIENTED_EDGE('',*,*,#6097,.F.);
#6112 = CYLINDRICAL_SURFACE('',#6113,3.);
#6113 = AXIS2_PLACEMENT_3D('',#6114,#6115,#6116);
#6114 = CARTESIAN_POINT('',(18.,108.,-2.));
#6115 = DIRECTION('',(0.,0.,1.));
#6116 = DIRECTION('',(1.,0.,-0.));
#6117 = ADVANCED_FACE('',(#6118),#6121,.F.);
#6118 = FACE_BOUND('',#6119,.T.);
#6119 = EDGE_LOOP('',(#6120));
#6120 = ORIENTED_EDGE('',*,*,#6080,.F.);
#6121 = PLANE('',#6122);
#6122 = AXIS2_PLACEMENT_3D('',#6123,#6124,#6125);
#6123 = CARTESIAN_POINT('',(18.,108.,-2.));
#6124 = DIRECTION('',(0.,0.,1.));
#6125 = DIRECTION('',(1.,0.,-0.));
#6126 = ADVANCED_FACE('',(#6127),#6130,.T.);
#6127 = FACE_BOUND('',#6128,.T.);
#6128 = EDGE_LOOP('',(#6129));
#6129 = ORIENTED_EDGE('',*,*,#6105,.T.);
#6130 = PLANE('',#6131);
#6131 = AXIS2_PLACEMENT_3D('',#6132,#6133,#6134);
#6132 = CARTESIAN_POINT('',(18.,108.,14.));
#6133 = DIRECTION('',(0.,0.,1.));
#6134 = DIRECTION('',(1.,0.,-0.));
#6135 = ( GEOMETRIC_REPRESENTATION_CONTEXT(3) 
GLOBAL_UNCERTAINTY_ASSIGNED_CONTEXT((#6139)) 
GLOBAL_UNIT_ASSIGNED_CONTEXT((#6136,#6137,#6138)) REPRESENTATION_CONTEXT
('Context #1','3D Context with UNIT and UNCERTAINTY') );
#6136 = ( LENGTH_UNIT() NAMED_UNIT(*) SI_UNIT(.MILLI.,.METRE.) );
#6137 = ( NAMED_UNIT(*) PLANE_ANGLE_UNIT() SI_UNIT($,.RADIAN.) );
#6138 = ( NAMED_UNIT(*) SI_UNIT($,.STERADIAN.) SOLID_ANGLE_UNIT() );
#6139 = UNCERTAINTY_MEASURE_WITH_UNIT(LENGTH_MEASURE(1.E-07),#6136,
  'distance_accuracy_value','confusion accuracy');
#6140 = PRODUCT_RELATED_PRODUCT_CATEGORY('part',$,(#7));
ENDSEC;
END-ISO-10303-21;
