ISO-10303-21;
HEADER;
FILE_DESCRIPTION(('FreeCAD Model'),'2;1');
FILE_NAME('Open CASCADE Shape Model','2026-08-28T16:25:09',('FreeCAD'),(
    'FreeCAD'),'Open CASCADE STEP processor 7.8','FreeCAD','Unknown');
FILE_SCHEMA(('AUTOMOTIVE_DESIGN { 1 0 10303 214 1 1 1 1 }'));
ENDSEC;
DATA;
#1 = APPLICATION_PROTOCOL_DEFINITION('international standard',
  'automotive_design',2000,#2);
#2 = APPLICATION_CONTEXT(
  'core data for automotive mechanical design processes');
#3 = SHAPE_DEFINITION_REPRESENTATION(#4,#10);
#4 = PRODUCT_DEFINITION_SHAPE('','',#5);
#5 = PRODUCT_DEFINITION('design','',#6,#9);
#6 = PRODUCT_DEFINITION_FORMATION('','',#7);
#7 = PRODUCT('Open CASCADE STEP translator 7.8 66',
  'Open CASCADE STEP translator 7.8 66','',(#8));
#8 = PRODUCT_CONTEXT('',#2,'mechanical');
#9 = PRODUCT_DEFINITION_CONTEXT('part definition',#2,'design');
#10 = SHAPE_REPRESENTATION('',(#11,#15,#1513,#1819,#2105,#2621,#2771,
    #2921,#3071,#3221,#3371,#3521,#3671,#3821,#4127,#4277,#4538,#4819,
    #5100),#5451);
#11 = AXIS2_PLACEMENT_3D('',#12,#13,#14);
#12 = CARTESIAN_POINT('',(0.,0.,0.));
#13 = DIRECTION('',(0.,0.,1.));
#14 = DIRECTION('',(1.,0.,-0.));
#15 = MANIFOLD_SOLID_BREP('',#16);
#16 = CLOSED_SHELL('',(#17,#57,#88,#119,#163,#429,#489,#506,#548,#565,
    #589,#613,#637,#661,#685,#709,#733,#780,#804,#828,#888,#912,#936,
    #953,#978,#1003,#1028,#1053,#1078,#1103,#1128,#1153,#1178,#1203,
    #1220,#1266,#1291,#1308,#1325,#1350,#1375,#1436,#1458,#1481,#1498));
#17 = ADVANCED_FACE('',(#18),#52,.T.);
#18 = FACE_BOUND('',#19,.T.);
#19 = EDGE_LOOP('',(#20,#30,#38,#46));
#20 = ORIENTED_EDGE('',*,*,#21,.T.);
#21 = EDGE_CURVE('',#22,#24,#26,.T.);
#22 = VERTEX_POINT('',#23);
#23 = CARTESIAN_POINT('',(-17.4625,293.97,0.));
#24 = VERTEX_POINT('',#25);
#25 = CARTESIAN_POINT('',(-17.4625,293.97,-4.064));
#26 = LINE('',#27,#28);
#27 = CARTESIAN_POINT('',(-17.4625,293.97,0.));
#28 = VECTOR('',#29,1.);
#29 = DIRECTION('',(-0.,-0.,-1.));
#30 = ORIENTED_EDGE('',*,*,#31,.T.);
#31 = EDGE_CURVE('',#24,#32,#34,.T.);
#32 = VERTEX_POINT('',#33);
#33 = CARTESIAN_POINT('',(-17.4625,262.5375,-4.064));
#34 = LINE('',#35,#36);
#35 = CARTESIAN_POINT('',(-17.4625,293.97,-4.064));
#36 = VECTOR('',#37,1.);
#37 = DIRECTION('',(0.,-1.,0.));
#38 = ORIENTED_EDGE('',*,*,#39,.F.);
#39 = EDGE_CURVE('',#40,#32,#42,.T.);
#40 = VERTEX_POINT('',#41);
#41 = CARTESIAN_POINT('',(-17.4625,262.5375,0.));
#42 = LINE('',#43,#44);
#43 = CARTESIAN_POINT('',(-17.4625,262.5375,0.));
#44 = VECTOR('',#45,1.);
#45 = DIRECTION('',(-0.,-0.,-1.));
#46 = ORIENTED_EDGE('',*,*,#47,.F.);
#47 = EDGE_CURVE('',#22,#40,#48,.T.);
#48 = LINE('',#49,#50);
#49 = CARTESIAN_POINT('',(-17.4625,293.97,0.));
#50 = VECTOR('',#51,1.);
#51 = DIRECTION('',(0.,-1.,0.));
#52 = PLANE('',#53);
#53 = AXIS2_PLACEMENT_3D('',#54,#55,#56);
#54 = CARTESIAN_POINT('',(-17.4625,293.97,0.));
#55 = DIRECTION('',(-1.,0.,0.));
#56 = DIRECTION('',(0.,-1.,0.));
#57 = ADVANCED_FACE('',(#58),#83,.T.);
#58 = FACE_BOUND('',#59,.T.);
#59 = EDGE_LOOP('',(#60,#68,#76,#82));
#60 = ORIENTED_EDGE('',*,*,#61,.F.);
#61 = EDGE_CURVE('',#62,#22,#64,.T.);
#62 = VERTEX_POINT('',#63);
#63 = CARTESIAN_POINT('',(-5.08,293.97,0.));
#64 = LINE('',#65,#66);
#65 = CARTESIAN_POINT('',(13.97,293.97,0.));
#66 = VECTOR('',#67,1.);
#67 = DIRECTION('',(-1.,0.,0.));
#68 = ORIENTED_EDGE('',*,*,#69,.T.);
#69 = EDGE_CURVE('',#62,#70,#72,.T.);
#70 = VERTEX_POINT('',#71);
#71 = CARTESIAN_POINT('',(-5.08,293.97,-4.064));
#72 = LINE('',#73,#74);
#73 = CARTESIAN_POINT('',(-5.08,293.97,11.684));
#74 = VECTOR('',#75,1.);
#75 = DIRECTION('',(0.,0.,-1.));
#76 = ORIENTED_EDGE('',*,*,#77,.T.);
#77 = EDGE_CURVE('',#70,#24,#78,.T.);
#78 = LINE('',#79,#80);
#79 = CARTESIAN_POINT('',(13.97,293.97,-4.064));
#80 = VECTOR('',#81,1.);
#81 = DIRECTION('',(-1.,0.,0.));
#82 = ORIENTED_EDGE('',*,*,#21,.F.);
#83 = PLANE('',#84);
#84 = AXIS2_PLACEMENT_3D('',#85,#86,#87);
#85 = CARTESIAN_POINT('',(13.97,293.97,0.));
#86 = DIRECTION('',(0.,1.,0.));
#87 = DIRECTION('',(-1.,0.,0.));
#88 = ADVANCED_FACE('',(#89),#114,.T.);
#89 = FACE_BOUND('',#90,.T.);
#90 = EDGE_LOOP('',(#91,#92,#100,#108));
#91 = ORIENTED_EDGE('',*,*,#39,.T.);
#92 = ORIENTED_EDGE('',*,*,#93,.T.);
#93 = EDGE_CURVE('',#32,#94,#96,.T.);
#94 = VERTEX_POINT('',#95);
#95 = CARTESIAN_POINT('',(13.97,262.5375,-4.064));
#96 = LINE('',#97,#98);
#97 = CARTESIAN_POINT('',(-17.4625,262.5375,-4.064));
#98 = VECTOR('',#99,1.);
#99 = DIRECTION('',(1.,0.,0.));
#100 = ORIENTED_EDGE('',*,*,#101,.F.);
#101 = EDGE_CURVE('',#102,#94,#104,.T.);
#102 = VERTEX_POINT('',#103);
#103 = CARTESIAN_POINT('',(13.97,262.5375,0.));
#104 = LINE('',#105,#106);
#105 = CARTESIAN_POINT('',(13.97,262.5375,0.));
#106 = VECTOR('',#107,1.);
#107 = DIRECTION('',(-0.,-0.,-1.));
#108 = ORIENTED_EDGE('',*,*,#109,.F.);
#109 = EDGE_CURVE('',#40,#102,#110,.T.);
#110 = LINE('',#111,#112);
#111 = CARTESIAN_POINT('',(-17.4625,262.5375,0.));
#112 = VECTOR('',#113,1.);
#113 = DIRECTION('',(1.,0.,0.));
#114 = PLANE('',#115);
#115 = AXIS2_PLACEMENT_3D('',#116,#117,#118);
#116 = CARTESIAN_POINT('',(-17.4625,262.5375,0.));
#117 = DIRECTION('',(0.,-1.,0.));
#118 = DIRECTION('',(1.,0.,0.));
#119 = ADVANCED_FACE('',(#120,#147),#158,.T.);
#120 = FACE_BOUND('',#121,.T.);
#121 = EDGE_LOOP('',(#122,#123,#124,#132,#140,#146));
#122 = ORIENTED_EDGE('',*,*,#47,.T.);
#123 = ORIENTED_EDGE('',*,*,#109,.T.);
#124 = ORIENTED_EDGE('',*,*,#125,.T.);
#125 = EDGE_CURVE('',#102,#126,#128,.T.);
#126 = VERTEX_POINT('',#127);
#127 = CARTESIAN_POINT('',(13.97,274.92,0.));
#128 = LINE('',#129,#130);
#129 = CARTESIAN_POINT('',(13.97,262.5375,0.));
#130 = VECTOR('',#131,1.);
#131 = DIRECTION('',(0.,1.,0.));
#132 = ORIENTED_EDGE('',*,*,#133,.T.);
#133 = EDGE_CURVE('',#126,#134,#136,.T.);
#134 = VERTEX_POINT('',#135);
#135 = CARTESIAN_POINT('',(-5.08,274.92,0.));
#136 = LINE('',#137,#138);
#137 = CARTESIAN_POINT('',(50.8,274.92,0.));
#138 = VECTOR('',#139,1.);
#139 = DIRECTION('',(-1.,0.,0.));
#140 = ORIENTED_EDGE('',*,*,#141,.T.);
#141 = EDGE_CURVE('',#134,#62,#142,.T.);
#142 = LINE('',#143,#144);
#143 = CARTESIAN_POINT('',(-5.08,330.8,0.));
#144 = VECTOR('',#145,1.);
#145 = DIRECTION('',(0.,1.,0.));
#146 = ORIENTED_EDGE('',*,*,#61,.T.);
#147 = FACE_BOUND('',#148,.T.);
#148 = EDGE_LOOP('',(#149));
#149 = ORIENTED_EDGE('',*,*,#150,.F.);
#150 = EDGE_CURVE('',#151,#151,#153,.T.);
#151 = VERTEX_POINT('',#152);
#152 = CARTESIAN_POINT('',(-8.09625,268.72875,0.));
#153 = CIRCLE('',#154,3.175);
#154 = AXIS2_PLACEMENT_3D('',#155,#156,#157);
#155 = CARTESIAN_POINT('',(-11.27125,268.72875,0.));
#156 = DIRECTION('',(0.,0.,1.));
#157 = DIRECTION('',(1.,0.,0.));
#158 = PLANE('',#159);
#159 = AXIS2_PLACEMENT_3D('',#160,#161,#162);
#160 = CARTESIAN_POINT('',(50.8,330.8,0.));
#161 = DIRECTION('',(0.,0.,1.));
#162 = DIRECTION('',(1.,0.,0.));
#163 = ADVANCED_FACE('',(#164,#303,#314,#325,#336,#347,#358,#369,#380,
    #391,#402,#413),#424,.T.);
#164 = FACE_BOUND('',#165,.T.);
#165 = EDGE_LOOP('',(#166,#167,#168,#176,#184,#192,#200,#208,#216,#224,
    #232,#240,#248,#256,#264,#272,#280,#288,#296,#302));
#166 = ORIENTED_EDGE('',*,*,#31,.F.);
#167 = ORIENTED_EDGE('',*,*,#77,.F.);
#168 = ORIENTED_EDGE('',*,*,#169,.F.);
#169 = EDGE_CURVE('',#170,#70,#172,.T.);
#170 = VERTEX_POINT('',#171);
#171 = CARTESIAN_POINT('',(-5.08,367.63,-4.064));
#172 = LINE('',#173,#174);
#173 = CARTESIAN_POINT('',(-5.08,386.68,-4.064));
#174 = VECTOR('',#175,1.);
#175 = DIRECTION('',(0.,-1.,0.));
#176 = ORIENTED_EDGE('',*,*,#177,.F.);
#177 = EDGE_CURVE('',#178,#170,#180,.T.);
#178 = VERTEX_POINT('',#179);
#179 = CARTESIAN_POINT('',(-17.4625,367.63,-4.064));
#180 = LINE('',#181,#182);
#181 = CARTESIAN_POINT('',(-17.4625,367.63,-4.064));
#182 = VECTOR('',#183,1.);
#183 = DIRECTION('',(1.,0.,0.));
#184 = ORIENTED_EDGE('',*,*,#185,.F.);
#185 = EDGE_CURVE('',#186,#178,#188,.T.);
#186 = VERTEX_POINT('',#187);
#187 = CARTESIAN_POINT('',(-17.4625,399.0625,-4.064));
#188 = LINE('',#189,#190);
#189 = CARTESIAN_POINT('',(-17.4625,399.0625,-4.064));
#190 = VECTOR('',#191,1.);
#191 = DIRECTION('',(0.,-1.,0.));
#192 = ORIENTED_EDGE('',*,*,#193,.F.);
#193 = EDGE_CURVE('',#194,#186,#196,.T.);
#194 = VERTEX_POINT('',#195);
#195 = CARTESIAN_POINT('',(13.97,399.0625,-4.064));
#196 = LINE('',#197,#198);
#197 = CARTESIAN_POINT('',(13.97,399.0625,-4.064));
#198 = VECTOR('',#199,1.);
#199 = DIRECTION('',(-1.,0.,0.));
#200 = ORIENTED_EDGE('',*,*,#201,.F.);
#201 = EDGE_CURVE('',#202,#194,#204,.T.);
#202 = VERTEX_POINT('',#203);
#203 = CARTESIAN_POINT('',(13.97,386.68,-4.064));
#204 = LINE('',#205,#206);
#205 = CARTESIAN_POINT('',(13.97,367.63,-4.064));
#206 = VECTOR('',#207,1.);
#207 = DIRECTION('',(0.,1.,0.));
#208 = ORIENTED_EDGE('',*,*,#209,.F.);
#209 = EDGE_CURVE('',#210,#202,#212,.T.);
#210 = VERTEX_POINT('',#211);
#211 = CARTESIAN_POINT('',(87.63,386.68,-4.064));
#212 = LINE('',#213,#214);
#213 = CARTESIAN_POINT('',(106.68,386.68,-4.064));
#214 = VECTOR('',#215,1.);
#215 = DIRECTION('',(-1.,0.,0.));
#216 = ORIENTED_EDGE('',*,*,#217,.F.);
#217 = EDGE_CURVE('',#218,#210,#220,.T.);
#218 = VERTEX_POINT('',#219);
#219 = CARTESIAN_POINT('',(87.63,399.0625,-4.064));
#220 = LINE('',#221,#222);
#221 = CARTESIAN_POINT('',(87.63,399.0625,-4.064));
#222 = VECTOR('',#223,1.);
#223 = DIRECTION('',(0.,-1.,0.));
#224 = ORIENTED_EDGE('',*,*,#225,.F.);
#225 = EDGE_CURVE('',#226,#218,#228,.T.);
#226 = VERTEX_POINT('',#227);
#227 = CARTESIAN_POINT('',(119.0625,399.0625,-4.064));
#228 = LINE('',#229,#230);
#229 = CARTESIAN_POINT('',(119.0625,399.0625,-4.064));
#230 = VECTOR('',#231,1.);
#231 = DIRECTION('',(-1.,0.,0.));
#232 = ORIENTED_EDGE('',*,*,#233,.F.);
#233 = EDGE_CURVE('',#234,#226,#236,.T.);
#234 = VERTEX_POINT('',#235);
#235 = CARTESIAN_POINT('',(119.0625,367.63,-4.064));
#236 = LINE('',#237,#238);
#237 = CARTESIAN_POINT('',(119.0625,367.63,-4.064));
#238 = VECTOR('',#239,1.);
#239 = DIRECTION('',(0.,1.,0.));
#240 = ORIENTED_EDGE('',*,*,#241,.F.);
#241 = EDGE_CURVE('',#242,#234,#244,.T.);
#242 = VERTEX_POINT('',#243);
#243 = CARTESIAN_POINT('',(106.68,367.63,-4.064));
#244 = LINE('',#245,#246);
#245 = CARTESIAN_POINT('',(87.63,367.63,-4.064));
#246 = VECTOR('',#247,1.);
#247 = DIRECTION('',(1.,0.,0.));
#248 = ORIENTED_EDGE('',*,*,#249,.F.);
#249 = EDGE_CURVE('',#250,#242,#252,.T.);
#250 = VERTEX_POINT('',#251);
#251 = CARTESIAN_POINT('',(106.68,293.97,-4.064));
#252 = LINE('',#253,#254);
#253 = CARTESIAN_POINT('',(106.68,274.92,-4.064));
#254 = VECTOR('',#255,1.);
#255 = DIRECTION('',(0.,1.,0.));
#256 = ORIENTED_EDGE('',*,*,#257,.F.);
#257 = EDGE_CURVE('',#258,#250,#260,.T.);
#258 = VERTEX_POINT('',#259);
#259 = CARTESIAN_POINT('',(119.0625,293.97,-4.064));
#260 = LINE('',#261,#262);
#261 = CARTESIAN_POINT('',(119.0625,293.97,-4.064));
#262 = VECTOR('',#263,1.);
#263 = DIRECTION('',(-1.,0.,0.));
#264 = ORIENTED_EDGE('',*,*,#265,.F.);
#265 = EDGE_CURVE('',#266,#258,#268,.T.);
#266 = VERTEX_POINT('',#267);
#267 = CARTESIAN_POINT('',(119.0625,262.5375,-4.064));
#268 = LINE('',#269,#270);
#269 = CARTESIAN_POINT('',(119.0625,262.5375,-4.064));
#270 = VECTOR('',#271,1.);
#271 = DIRECTION('',(0.,1.,0.));
#272 = ORIENTED_EDGE('',*,*,#273,.F.);
#273 = EDGE_CURVE('',#274,#266,#276,.T.);
#274 = VERTEX_POINT('',#275);
#275 = CARTESIAN_POINT('',(87.63,262.5375,-4.064));
#276 = LINE('',#277,#278);
#277 = CARTESIAN_POINT('',(87.63,262.5375,-4.064));
#278 = VECTOR('',#279,1.);
#279 = DIRECTION('',(1.,0.,0.));
#280 = ORIENTED_EDGE('',*,*,#281,.F.);
#281 = EDGE_CURVE('',#282,#274,#284,.T.);
#282 = VERTEX_POINT('',#283);
#283 = CARTESIAN_POINT('',(87.63,274.92,-4.064));
#284 = LINE('',#285,#286);
#285 = CARTESIAN_POINT('',(87.63,293.97,-4.064));
#286 = VECTOR('',#287,1.);
#287 = DIRECTION('',(0.,-1.,0.));
#288 = ORIENTED_EDGE('',*,*,#289,.F.);
#289 = EDGE_CURVE('',#290,#282,#292,.T.);
#290 = VERTEX_POINT('',#291);
#291 = CARTESIAN_POINT('',(13.97,274.92,-4.064));
#292 = LINE('',#293,#294);
#293 = CARTESIAN_POINT('',(-5.08,274.92,-4.064));
#294 = VECTOR('',#295,1.);
#295 = DIRECTION('',(1.,0.,0.));
#296 = ORIENTED_EDGE('',*,*,#297,.F.);
#297 = EDGE_CURVE('',#94,#290,#298,.T.);
#298 = LINE('',#299,#300);
#299 = CARTESIAN_POINT('',(13.97,262.5375,-4.064));
#300 = VECTOR('',#301,1.);
#301 = DIRECTION('',(0.,1.,0.));
#302 = ORIENTED_EDGE('',*,*,#93,.F.);
#303 = FACE_BOUND('',#304,.T.);
#304 = EDGE_LOOP('',(#305));
#305 = ORIENTED_EDGE('',*,*,#306,.T.);
#306 = EDGE_CURVE('',#307,#307,#309,.T.);
#307 = VERTEX_POINT('',#308);
#308 = CARTESIAN_POINT('',(116.04625,268.72875,-4.064));
#309 = CIRCLE('',#310,3.175);
#310 = AXIS2_PLACEMENT_3D('',#311,#312,#313);
#311 = CARTESIAN_POINT('',(112.87125,268.72875,-4.064));
#312 = DIRECTION('',(0.,0.,1.));
#313 = DIRECTION('',(1.,0.,0.));
#314 = FACE_BOUND('',#315,.T.);
#315 = EDGE_LOOP('',(#316));
#316 = ORIENTED_EDGE('',*,*,#317,.T.);
#317 = EDGE_CURVE('',#318,#318,#320,.T.);
#318 = VERTEX_POINT('',#319);
#319 = CARTESIAN_POINT('',(91.3,302.,-4.064));
#320 = CIRCLE('',#321,3.3);
#321 = AXIS2_PLACEMENT_3D('',#322,#323,#324);
#322 = CARTESIAN_POINT('',(88.,302.,-4.064));
#323 = DIRECTION('',(0.,0.,1.));
#324 = DIRECTION('',(1.,0.,0.));
#325 = FACE_BOUND('',#326,.T.);
#326 = EDGE_LOOP('',(#327));
#327 = ORIENTED_EDGE('',*,*,#328,.T.);
#328 = EDGE_CURVE('',#329,#329,#331,.T.);
#329 = VERTEX_POINT('',#330);
#330 = CARTESIAN_POINT('',(45.6,289.,-4.064));
#331 = CIRCLE('',#332,1.6);
#332 = AXIS2_PLACEMENT_3D('',#333,#334,#335);
#333 = CARTESIAN_POINT('',(44.,289.,-4.064));
#334 = DIRECTION('',(0.,0.,1.));
#335 = DIRECTION('',(1.,0.,0.));
#336 = FACE_BOUND('',#337,.T.);
#337 = EDGE_LOOP('',(#338));
#338 = ORIENTED_EDGE('',*,*,#339,.T.);
#339 = EDGE_CURVE('',#340,#340,#342,.T.);
#340 = VERTEX_POINT('',#341);
#341 = CARTESIAN_POINT('',(-8.09625,268.72875,-4.064));
#342 = CIRCLE('',#343,3.175);
#343 = AXIS2_PLACEMENT_3D('',#344,#345,#346);
#344 = CARTESIAN_POINT('',(-11.27125,268.72875,-4.064));
#345 = DIRECTION('',(0.,0.,1.));
#346 = DIRECTION('',(1.,0.,0.));
#347 = FACE_BOUND('',#348,.T.);
#348 = EDGE_LOOP('',(#349));
#349 = ORIENTED_EDGE('',*,*,#350,.T.);
#350 = EDGE_CURVE('',#351,#351,#353,.T.);
#351 = VERTEX_POINT('',#352);
#352 = CARTESIAN_POINT('',(13.6,289.,-4.064));
#353 = CIRCLE('',#354,1.6);
#354 = AXIS2_PLACEMENT_3D('',#355,#356,#357);
#355 = CARTESIAN_POINT('',(12.,289.,-4.064));
#356 = DIRECTION('',(0.,0.,1.));
#357 = DIRECTION('',(1.,0.,0.));
#358 = FACE_BOUND('',#359,.T.);
#359 = EDGE_LOOP('',(#360));
#360 = ORIENTED_EDGE('',*,*,#361,.T.);
#361 = EDGE_CURVE('',#362,#362,#364,.T.);
#362 = VERTEX_POINT('',#363);
#363 = CARTESIAN_POINT('',(45.6,311.,-4.064));
#364 = CIRCLE('',#365,1.6);
#365 = AXIS2_PLACEMENT_3D('',#366,#367,#368);
#366 = CARTESIAN_POINT('',(44.,311.,-4.064));
#367 = DIRECTION('',(0.,0.,1.));
#368 = DIRECTION('',(1.,0.,0.));
#369 = FACE_BOUND('',#370,.T.);
#370 = EDGE_LOOP('',(#371));
#371 = ORIENTED_EDGE('',*,*,#372,.T.);
#372 = EDGE_CURVE('',#373,#373,#375,.T.);
#373 = VERTEX_POINT('',#374);
#374 = CARTESIAN_POINT('',(13.6,311.,-4.064));
#375 = CIRCLE('',#376,1.6);
#376 = AXIS2_PLACEMENT_3D('',#377,#378,#379);
#377 = CARTESIAN_POINT('',(12.,311.,-4.064));
#378 = DIRECTION('',(0.,0.,1.));
#379 = DIRECTION('',(1.,0.,0.));
#380 = FACE_BOUND('',#381,.T.);
#381 = EDGE_LOOP('',(#382));
#382 = ORIENTED_EDGE('',*,*,#383,.T.);
#383 = EDGE_CURVE('',#384,#384,#386,.T.);
#384 = VERTEX_POINT('',#385);
#385 = CARTESIAN_POINT('',(82.83,348.,-4.064));
#386 = CIRCLE('',#387,2.25);
#387 = AXIS2_PLACEMENT_3D('',#388,#389,#390);
#388 = CARTESIAN_POINT('',(80.58,348.,-4.064));
#389 = DIRECTION('',(0.,0.,1.));
#390 = DIRECTION('',(1.,0.,0.));
#391 = FACE_BOUND('',#392,.T.);
#392 = EDGE_LOOP('',(#393));
#393 = ORIENTED_EDGE('',*,*,#394,.T.);
#394 = EDGE_CURVE('',#395,#395,#397,.T.);
#395 = VERTEX_POINT('',#396);
#396 = CARTESIAN_POINT('',(116.04625,392.87125,-4.064));
#397 = CIRCLE('',#398,3.175);
#398 = AXIS2_PLACEMENT_3D('',#399,#400,#401);
#399 = CARTESIAN_POINT('',(112.87125,392.87125,-4.064));
#400 = DIRECTION('',(0.,0.,1.));
#401 = DIRECTION('',(1.,0.,0.));
#402 = FACE_BOUND('',#403,.T.);
#403 = EDGE_LOOP('',(#404));
#404 = ORIENTED_EDGE('',*,*,#405,.T.);
#405 = EDGE_CURVE('',#406,#406,#408,.T.);
#406 = VERTEX_POINT('',#407);
#407 = CARTESIAN_POINT('',(23.27,348.,-4.064));
#408 = CIRCLE('',#409,2.25);
#409 = AXIS2_PLACEMENT_3D('',#410,#411,#412);
#410 = CARTESIAN_POINT('',(21.02,348.,-4.064));
#411 = DIRECTION('',(0.,0.,1.));
#412 = DIRECTION('',(1.,0.,0.));
#413 = FACE_BOUND('',#414,.T.);
#414 = EDGE_LOOP('',(#415));
#415 = ORIENTED_EDGE('',*,*,#416,.T.);
#416 = EDGE_CURVE('',#417,#417,#419,.T.);
#417 = VERTEX_POINT('',#418);
#418 = CARTESIAN_POINT('',(-8.09625,392.87125,-4.064));
#419 = CIRCLE('',#420,3.175);
#420 = AXIS2_PLACEMENT_3D('',#421,#422,#423);
#421 = CARTESIAN_POINT('',(-11.27125,392.87125,-4.064));
#422 = DIRECTION('',(0.,0.,1.));
#423 = DIRECTION('',(1.,0.,0.));
#424 = PLANE('',#425);
#425 = AXIS2_PLACEMENT_3D('',#426,#427,#428);
#426 = CARTESIAN_POINT('',(50.8,330.8,-4.064));
#427 = DIRECTION('',(-0.,-0.,-1.));
#428 = DIRECTION('',(-1.,0.,0.));
#429 = ADVANCED_FACE('',(#430,#473),#484,.T.);
#430 = FACE_BOUND('',#431,.T.);
#431 = EDGE_LOOP('',(#432,#442,#450,#456,#457,#458,#459,#467));
#432 = ORIENTED_EDGE('',*,*,#433,.F.);
#433 = EDGE_CURVE('',#434,#436,#438,.T.);
#434 = VERTEX_POINT('',#435);
#435 = CARTESIAN_POINT('',(-5.08,386.68,0.));
#436 = VERTEX_POINT('',#437);
#437 = CARTESIAN_POINT('',(-5.08,386.68,50.8));
#438 = LINE('',#439,#440);
#439 = CARTESIAN_POINT('',(-5.08,386.68,0.));
#440 = VECTOR('',#441,1.);
#441 = DIRECTION('',(0.,0.,1.));
#442 = ORIENTED_EDGE('',*,*,#443,.F.);
#443 = EDGE_CURVE('',#444,#434,#446,.T.);
#444 = VERTEX_POINT('',#445);
#445 = CARTESIAN_POINT('',(-5.08,367.63,0.));
#446 = LINE('',#447,#448);
#447 = CARTESIAN_POINT('',(-5.08,330.8,0.));
#448 = VECTOR('',#449,1.);
#449 = DIRECTION('',(0.,1.,0.));
#450 = ORIENTED_EDGE('',*,*,#451,.F.);
#451 = EDGE_CURVE('',#170,#444,#452,.T.);
#452 = LINE('',#453,#454);
#453 = CARTESIAN_POINT('',(-5.08,367.63,11.684));
#454 = VECTOR('',#455,1.);
#455 = DIRECTION('',(0.,0.,1.));
#456 = ORIENTED_EDGE('',*,*,#169,.T.);
#457 = ORIENTED_EDGE('',*,*,#69,.F.);
#458 = ORIENTED_EDGE('',*,*,#141,.F.);
#459 = ORIENTED_EDGE('',*,*,#460,.T.);
#460 = EDGE_CURVE('',#134,#461,#463,.T.);
#461 = VERTEX_POINT('',#462);
#462 = CARTESIAN_POINT('',(-5.08,274.92,50.8));
#463 = LINE('',#464,#465);
#464 = CARTESIAN_POINT('',(-5.08,274.92,0.));
#465 = VECTOR('',#466,1.);
#466 = DIRECTION('',(0.,0.,1.));
#467 = ORIENTED_EDGE('',*,*,#468,.F.);
#468 = EDGE_CURVE('',#436,#461,#469,.T.);
#469 = LINE('',#470,#471);
#470 = CARTESIAN_POINT('',(-5.08,386.68,50.8));
#471 = VECTOR('',#472,1.);
#472 = DIRECTION('',(0.,-1.,0.));
#473 = FACE_BOUND('',#474,.T.);
#474 = EDGE_LOOP('',(#475));
#475 = ORIENTED_EDGE('',*,*,#476,.T.);
#476 = EDGE_CURVE('',#477,#477,#479,.T.);
#477 = VERTEX_POINT('',#478);
#478 = CARTESIAN_POINT('',(-5.08,344.95,25.4));
#479 = CIRCLE('',#480,14.15);
#480 = AXIS2_PLACEMENT_3D('',#481,#482,#483);
#481 = CARTESIAN_POINT('',(-5.08,330.8,25.4));
#482 = DIRECTION('',(1.,0.,0.));
#483 = DIRECTION('',(0.,1.,0.));
#484 = PLANE('',#485);
#485 = AXIS2_PLACEMENT_3D('',#486,#487,#488);
#486 = CARTESIAN_POINT('',(-5.08,330.8,23.368));
#487 = DIRECTION('',(-1.,-0.,-0.));
#488 = DIRECTION('',(0.,0.,-1.));
#489 = ADVANCED_FACE('',(#490),#501,.T.);
#490 = FACE_BOUND('',#491,.T.);
#491 = EDGE_LOOP('',(#492,#493,#494,#495));
#492 = ORIENTED_EDGE('',*,*,#125,.F.);
#493 = ORIENTED_EDGE('',*,*,#101,.T.);
#494 = ORIENTED_EDGE('',*,*,#297,.T.);
#495 = ORIENTED_EDGE('',*,*,#496,.T.);
#496 = EDGE_CURVE('',#290,#126,#497,.T.);
#497 = LINE('',#498,#499);
#498 = CARTESIAN_POINT('',(13.97,274.92,11.684));
#499 = VECTOR('',#500,1.);
#500 = DIRECTION('',(0.,0.,1.));
#501 = PLANE('',#502);
#502 = AXIS2_PLACEMENT_3D('',#503,#504,#505);
#503 = CARTESIAN_POINT('',(13.97,262.5375,0.));
#504 = DIRECTION('',(1.,0.,0.));
#505 = DIRECTION('',(0.,1.,0.));
#506 = ADVANCED_FACE('',(#507),#543,.T.);
#507 = FACE_BOUND('',#508,.T.);
#508 = EDGE_LOOP('',(#509,#510,#511,#512,#513,#521,#529,#537));
#509 = ORIENTED_EDGE('',*,*,#460,.F.);
#510 = ORIENTED_EDGE('',*,*,#133,.F.);
#511 = ORIENTED_EDGE('',*,*,#496,.F.);
#512 = ORIENTED_EDGE('',*,*,#289,.T.);
#513 = ORIENTED_EDGE('',*,*,#514,.F.);
#514 = EDGE_CURVE('',#515,#282,#517,.T.);
#515 = VERTEX_POINT('',#516);
#516 = CARTESIAN_POINT('',(87.63,274.92,0.));
#517 = LINE('',#518,#519);
#518 = CARTESIAN_POINT('',(87.63,274.92,11.684));
#519 = VECTOR('',#520,1.);
#520 = DIRECTION('',(0.,0.,-1.));
#521 = ORIENTED_EDGE('',*,*,#522,.F.);
#522 = EDGE_CURVE('',#523,#515,#525,.T.);
#523 = VERTEX_POINT('',#524);
#524 = CARTESIAN_POINT('',(106.68,274.92,0.));
#525 = LINE('',#526,#527);
#526 = CARTESIAN_POINT('',(50.8,274.92,0.));
#527 = VECTOR('',#528,1.);
#528 = DIRECTION('',(-1.,0.,0.));
#529 = ORIENTED_EDGE('',*,*,#530,.F.);
#530 = EDGE_CURVE('',#531,#523,#533,.T.);
#531 = VERTEX_POINT('',#532);
#532 = CARTESIAN_POINT('',(106.68,274.92,50.8));
#533 = LINE('',#534,#535);
#534 = CARTESIAN_POINT('',(106.68,274.92,0.));
#535 = VECTOR('',#536,1.);
#536 = DIRECTION('',(-0.,-0.,-1.));
#537 = ORIENTED_EDGE('',*,*,#538,.F.);
#538 = EDGE_CURVE('',#461,#531,#539,.T.);
#539 = LINE('',#540,#541);
#540 = CARTESIAN_POINT('',(-5.08,274.92,50.8));
#541 = VECTOR('',#542,1.);
#542 = DIRECTION('',(1.,0.,0.));
#543 = PLANE('',#544);
#544 = AXIS2_PLACEMENT_3D('',#545,#546,#547);
#545 = CARTESIAN_POINT('',(50.8,274.92,23.368));
#546 = DIRECTION('',(-0.,-1.,-0.));
#547 = DIRECTION('',(0.,0.,-1.));
#548 = ADVANCED_FACE('',(#549),#560,.F.);
#549 = FACE_BOUND('',#550,.F.);
#550 = EDGE_LOOP('',(#551,#552,#558,#559));
#551 = ORIENTED_EDGE('',*,*,#150,.F.);
#552 = ORIENTED_EDGE('',*,*,#553,.T.);
#553 = EDGE_CURVE('',#151,#340,#554,.T.);
#554 = LINE('',#555,#556);
#555 = CARTESIAN_POINT('',(-8.09625,268.72875,0.));
#556 = VECTOR('',#557,1.);
#557 = DIRECTION('',(-0.,-0.,-1.));
#558 = ORIENTED_EDGE('',*,*,#339,.T.);
#559 = ORIENTED_EDGE('',*,*,#553,.F.);
#560 = CYLINDRICAL_SURFACE('',#561,3.175);
#561 = AXIS2_PLACEMENT_3D('',#562,#563,#564);
#562 = CARTESIAN_POINT('',(-11.27125,268.72875,0.));
#563 = DIRECTION('',(0.,0.,1.));
#564 = DIRECTION('',(1.,0.,0.));
#565 = ADVANCED_FACE('',(#566),#584,.T.);
#566 = FACE_BOUND('',#567,.T.);
#567 = EDGE_LOOP('',(#568,#576,#582,#583));
#568 = ORIENTED_EDGE('',*,*,#569,.F.);
#569 = EDGE_CURVE('',#570,#444,#572,.T.);
#570 = VERTEX_POINT('',#571);
#571 = CARTESIAN_POINT('',(-17.4625,367.63,0.));
#572 = LINE('',#573,#574);
#573 = CARTESIAN_POINT('',(-17.4625,367.63,0.));
#574 = VECTOR('',#575,1.);
#575 = DIRECTION('',(1.,0.,0.));
#576 = ORIENTED_EDGE('',*,*,#577,.T.);
#577 = EDGE_CURVE('',#570,#178,#578,.T.);
#578 = LINE('',#579,#580);
#579 = CARTESIAN_POINT('',(-17.4625,367.63,0.));
#580 = VECTOR('',#581,1.);
#581 = DIRECTION('',(-0.,-0.,-1.));
#582 = ORIENTED_EDGE('',*,*,#177,.T.);
#583 = ORIENTED_EDGE('',*,*,#451,.T.);
#584 = PLANE('',#585);
#585 = AXIS2_PLACEMENT_3D('',#586,#587,#588);
#586 = CARTESIAN_POINT('',(-17.4625,367.63,0.));
#587 = DIRECTION('',(0.,-1.,0.));
#588 = DIRECTION('',(1.,0.,0.));
#589 = ADVANCED_FACE('',(#590),#608,.T.);
#590 = FACE_BOUND('',#591,.T.);
#591 = EDGE_LOOP('',(#592,#600,#601,#602));
#592 = ORIENTED_EDGE('',*,*,#593,.T.);
#593 = EDGE_CURVE('',#594,#186,#596,.T.);
#594 = VERTEX_POINT('',#595);
#595 = CARTESIAN_POINT('',(-17.4625,399.0625,0.));
#596 = LINE('',#597,#598);
#597 = CARTESIAN_POINT('',(-17.4625,399.0625,0.));
#598 = VECTOR('',#599,1.);
#599 = DIRECTION('',(-0.,-0.,-1.));
#600 = ORIENTED_EDGE('',*,*,#185,.T.);
#601 = ORIENTED_EDGE('',*,*,#577,.F.);
#602 = ORIENTED_EDGE('',*,*,#603,.F.);
#603 = EDGE_CURVE('',#594,#570,#604,.T.);
#604 = LINE('',#605,#606);
#605 = CARTESIAN_POINT('',(-17.4625,399.0625,0.));
#606 = VECTOR('',#607,1.);
#607 = DIRECTION('',(0.,-1.,0.));
#608 = PLANE('',#609);
#609 = AXIS2_PLACEMENT_3D('',#610,#611,#612);
#610 = CARTESIAN_POINT('',(-17.4625,399.0625,0.));
#611 = DIRECTION('',(-1.,0.,0.));
#612 = DIRECTION('',(0.,-1.,0.));
#613 = ADVANCED_FACE('',(#614),#632,.T.);
#614 = FACE_BOUND('',#615,.T.);
#615 = EDGE_LOOP('',(#616,#624,#625,#626));
#616 = ORIENTED_EDGE('',*,*,#617,.F.);
#617 = EDGE_CURVE('',#515,#618,#620,.T.);
#618 = VERTEX_POINT('',#619);
#619 = CARTESIAN_POINT('',(87.63,262.5375,0.));
#620 = LINE('',#621,#622);
#621 = CARTESIAN_POINT('',(87.63,293.97,0.));
#622 = VECTOR('',#623,1.);
#623 = DIRECTION('',(0.,-1.,0.));
#624 = ORIENTED_EDGE('',*,*,#514,.T.);
#625 = ORIENTED_EDGE('',*,*,#281,.T.);
#626 = ORIENTED_EDGE('',*,*,#627,.F.);
#627 = EDGE_CURVE('',#618,#274,#628,.T.);
#628 = LINE('',#629,#630);
#629 = CARTESIAN_POINT('',(87.63,262.5375,0.));
#630 = VECTOR('',#631,1.);
#631 = DIRECTION('',(-0.,-0.,-1.));
#632 = PLANE('',#633);
#633 = AXIS2_PLACEMENT_3D('',#634,#635,#636);
#634 = CARTESIAN_POINT('',(87.63,293.97,0.));
#635 = DIRECTION('',(-1.,0.,0.));
#636 = DIRECTION('',(0.,-1.,0.));
#637 = ADVANCED_FACE('',(#638),#656,.T.);
#638 = FACE_BOUND('',#639,.T.);
#639 = EDGE_LOOP('',(#640,#648,#649,#650));
#640 = ORIENTED_EDGE('',*,*,#641,.T.);
#641 = EDGE_CURVE('',#642,#194,#644,.T.);
#642 = VERTEX_POINT('',#643);
#643 = CARTESIAN_POINT('',(13.97,399.0625,0.));
#644 = LINE('',#645,#646);
#645 = CARTESIAN_POINT('',(13.97,399.0625,0.));
#646 = VECTOR('',#647,1.);
#647 = DIRECTION('',(-0.,-0.,-1.));
#648 = ORIENTED_EDGE('',*,*,#193,.T.);
#649 = ORIENTED_EDGE('',*,*,#593,.F.);
#650 = ORIENTED_EDGE('',*,*,#651,.F.);
#651 = EDGE_CURVE('',#642,#594,#652,.T.);
#652 = LINE('',#653,#654);
#653 = CARTESIAN_POINT('',(13.97,399.0625,0.));
#654 = VECTOR('',#655,1.);
#655 = DIRECTION('',(-1.,0.,0.));
#656 = PLANE('',#657);
#657 = AXIS2_PLACEMENT_3D('',#658,#659,#660);
#658 = CARTESIAN_POINT('',(13.97,399.0625,0.));
#659 = DIRECTION('',(0.,1.,0.));
#660 = DIRECTION('',(-1.,0.,0.));
#661 = ADVANCED_FACE('',(#662),#680,.T.);
#662 = FACE_BOUND('',#663,.T.);
#663 = EDGE_LOOP('',(#664,#665,#666,#674));
#664 = ORIENTED_EDGE('',*,*,#627,.T.);
#665 = ORIENTED_EDGE('',*,*,#273,.T.);
#666 = ORIENTED_EDGE('',*,*,#667,.F.);
#667 = EDGE_CURVE('',#668,#266,#670,.T.);
#668 = VERTEX_POINT('',#669);
#669 = CARTESIAN_POINT('',(119.0625,262.5375,0.));
#670 = LINE('',#671,#672);
#671 = CARTESIAN_POINT('',(119.0625,262.5375,0.));
#672 = VECTOR('',#673,1.);
#673 = DIRECTION('',(-0.,-0.,-1.));
#674 = ORIENTED_EDGE('',*,*,#675,.F.);
#675 = EDGE_CURVE('',#618,#668,#676,.T.);
#676 = LINE('',#677,#678);
#677 = CARTESIAN_POINT('',(87.63,262.5375,0.));
#678 = VECTOR('',#679,1.);
#679 = DIRECTION('',(1.,0.,0.));
#680 = PLANE('',#681);
#681 = AXIS2_PLACEMENT_3D('',#682,#683,#684);
#682 = CARTESIAN_POINT('',(87.63,262.5375,0.));
#683 = DIRECTION('',(0.,-1.,0.));
#684 = DIRECTION('',(1.,0.,0.));
#685 = ADVANCED_FACE('',(#686),#704,.T.);
#686 = FACE_BOUND('',#687,.T.);
#687 = EDGE_LOOP('',(#688,#696,#702,#703));
#688 = ORIENTED_EDGE('',*,*,#689,.F.);
#689 = EDGE_CURVE('',#690,#642,#692,.T.);
#690 = VERTEX_POINT('',#691);
#691 = CARTESIAN_POINT('',(13.97,386.68,0.));
#692 = LINE('',#693,#694);
#693 = CARTESIAN_POINT('',(13.97,367.63,0.));
#694 = VECTOR('',#695,1.);
#695 = DIRECTION('',(0.,1.,0.));
#696 = ORIENTED_EDGE('',*,*,#697,.T.);
#697 = EDGE_CURVE('',#690,#202,#698,.T.);
#698 = LINE('',#699,#700);
#699 = CARTESIAN_POINT('',(13.97,386.68,11.684));
#700 = VECTOR('',#701,1.);
#701 = DIRECTION('',(0.,0.,-1.));
#702 = ORIENTED_EDGE('',*,*,#201,.T.);
#703 = ORIENTED_EDGE('',*,*,#641,.F.);
#704 = PLANE('',#705);
#705 = AXIS2_PLACEMENT_3D('',#706,#707,#708);
#706 = CARTESIAN_POINT('',(13.97,367.63,0.));
#707 = DIRECTION('',(1.,0.,0.));
#708 = DIRECTION('',(0.,1.,0.));
#709 = ADVANCED_FACE('',(#710),#728,.T.);
#710 = FACE_BOUND('',#711,.T.);
#711 = EDGE_LOOP('',(#712,#713,#714,#722));
#712 = ORIENTED_EDGE('',*,*,#667,.T.);
#713 = ORIENTED_EDGE('',*,*,#265,.T.);
#714 = ORIENTED_EDGE('',*,*,#715,.F.);
#715 = EDGE_CURVE('',#716,#258,#718,.T.);
#716 = VERTEX_POINT('',#717);
#717 = CARTESIAN_POINT('',(119.0625,293.97,0.));
#718 = LINE('',#719,#720);
#719 = CARTESIAN_POINT('',(119.0625,293.97,0.));
#720 = VECTOR('',#721,1.);
#721 = DIRECTION('',(-0.,-0.,-1.));
#722 = ORIENTED_EDGE('',*,*,#723,.F.);
#723 = EDGE_CURVE('',#668,#716,#724,.T.);
#724 = LINE('',#725,#726);
#725 = CARTESIAN_POINT('',(119.0625,262.5375,0.));
#726 = VECTOR('',#727,1.);
#727 = DIRECTION('',(0.,1.,0.));
#728 = PLANE('',#729);
#729 = AXIS2_PLACEMENT_3D('',#730,#731,#732);
#730 = CARTESIAN_POINT('',(119.0625,262.5375,0.));
#731 = DIRECTION('',(1.,0.,0.));
#732 = DIRECTION('',(0.,1.,0.));
#733 = ADVANCED_FACE('',(#734),#775,.T.);
#734 = FACE_BOUND('',#735,.T.);
#735 = EDGE_LOOP('',(#736,#744,#752,#760,#766,#767,#768,#774));
#736 = ORIENTED_EDGE('',*,*,#737,.F.);
#737 = EDGE_CURVE('',#738,#436,#740,.T.);
#738 = VERTEX_POINT('',#739);
#739 = CARTESIAN_POINT('',(106.68,386.68,50.8));
#740 = LINE('',#741,#742);
#741 = CARTESIAN_POINT('',(106.68,386.68,50.8));
#742 = VECTOR('',#743,1.);
#743 = DIRECTION('',(-1.,0.,0.));
#744 = ORIENTED_EDGE('',*,*,#745,.T.);
#745 = EDGE_CURVE('',#738,#746,#748,.T.);
#746 = VERTEX_POINT('',#747);
#747 = CARTESIAN_POINT('',(106.68,386.68,0.));
#748 = LINE('',#749,#750);
#749 = CARTESIAN_POINT('',(106.68,386.68,0.));
#750 = VECTOR('',#751,1.);
#751 = DIRECTION('',(-0.,-0.,-1.));
#752 = ORIENTED_EDGE('',*,*,#753,.F.);
#753 = EDGE_CURVE('',#754,#746,#756,.T.);
#754 = VERTEX_POINT('',#755);
#755 = CARTESIAN_POINT('',(87.63,386.68,0.));
#756 = LINE('',#757,#758);
#757 = CARTESIAN_POINT('',(50.8,386.68,0.));
#758 = VECTOR('',#759,1.);
#759 = DIRECTION('',(1.,0.,0.));
#760 = ORIENTED_EDGE('',*,*,#761,.F.);
#761 = EDGE_CURVE('',#210,#754,#762,.T.);
#762 = LINE('',#763,#764);
#763 = CARTESIAN_POINT('',(87.63,386.68,11.684));
#764 = VECTOR('',#765,1.);
#765 = DIRECTION('',(0.,0.,1.));
#766 = ORIENTED_EDGE('',*,*,#209,.T.);
#767 = ORIENTED_EDGE('',*,*,#697,.F.);
#768 = ORIENTED_EDGE('',*,*,#769,.F.);
#769 = EDGE_CURVE('',#434,#690,#770,.T.);
#770 = LINE('',#771,#772);
#771 = CARTESIAN_POINT('',(50.8,386.68,0.));
#772 = VECTOR('',#773,1.);
#773 = DIRECTION('',(1.,0.,0.));
#774 = ORIENTED_EDGE('',*,*,#433,.T.);
#775 = PLANE('',#776);
#776 = AXIS2_PLACEMENT_3D('',#777,#778,#779);
#777 = CARTESIAN_POINT('',(50.8,386.68,23.368));
#778 = DIRECTION('',(0.,1.,0.));
#779 = DIRECTION('',(0.,0.,1.));
#780 = ADVANCED_FACE('',(#781),#799,.T.);
#781 = FACE_BOUND('',#782,.T.);
#782 = EDGE_LOOP('',(#783,#791,#792,#793));
#783 = ORIENTED_EDGE('',*,*,#784,.F.);
#784 = EDGE_CURVE('',#716,#785,#787,.T.);
#785 = VERTEX_POINT('',#786);
#786 = CARTESIAN_POINT('',(106.68,293.97,0.));
#787 = LINE('',#788,#789);
#788 = CARTESIAN_POINT('',(119.0625,293.97,0.));
#789 = VECTOR('',#790,1.);
#790 = DIRECTION('',(-1.,0.,0.));
#791 = ORIENTED_EDGE('',*,*,#715,.T.);
#792 = ORIENTED_EDGE('',*,*,#257,.T.);
#793 = ORIENTED_EDGE('',*,*,#794,.T.);
#794 = EDGE_CURVE('',#250,#785,#795,.T.);
#795 = LINE('',#796,#797);
#796 = CARTESIAN_POINT('',(106.68,293.97,11.684));
#797 = VECTOR('',#798,1.);
#798 = DIRECTION('',(0.,0.,1.));
#799 = PLANE('',#800);
#800 = AXIS2_PLACEMENT_3D('',#801,#802,#803);
#801 = CARTESIAN_POINT('',(119.0625,293.97,0.));
#802 = DIRECTION('',(0.,1.,0.));
#803 = DIRECTION('',(-1.,0.,0.));
#804 = ADVANCED_FACE('',(#805),#823,.T.);
#805 = FACE_BOUND('',#806,.T.);
#806 = EDGE_LOOP('',(#807,#815,#821,#822));
#807 = ORIENTED_EDGE('',*,*,#808,.F.);
#808 = EDGE_CURVE('',#809,#754,#811,.T.);
#809 = VERTEX_POINT('',#810);
#810 = CARTESIAN_POINT('',(87.63,399.0625,0.));
#811 = LINE('',#812,#813);
#812 = CARTESIAN_POINT('',(87.63,399.0625,0.));
#813 = VECTOR('',#814,1.);
#814 = DIRECTION('',(0.,-1.,0.));
#815 = ORIENTED_EDGE('',*,*,#816,.T.);
#816 = EDGE_CURVE('',#809,#218,#817,.T.);
#817 = LINE('',#818,#819);
#818 = CARTESIAN_POINT('',(87.63,399.0625,0.));
#819 = VECTOR('',#820,1.);
#820 = DIRECTION('',(-0.,-0.,-1.));
#821 = ORIENTED_EDGE('',*,*,#217,.T.);
#822 = ORIENTED_EDGE('',*,*,#761,.T.);
#823 = PLANE('',#824);
#824 = AXIS2_PLACEMENT_3D('',#825,#826,#827);
#825 = CARTESIAN_POINT('',(87.63,399.0625,0.));
#826 = DIRECTION('',(-1.,0.,0.));
#827 = DIRECTION('',(0.,-1.,0.));
#828 = ADVANCED_FACE('',(#829,#861,#872),#883,.T.);
#829 = FACE_BOUND('',#830,.T.);
#830 = EDGE_LOOP('',(#831,#837,#838,#844,#845,#846,#854,#860));
#831 = ORIENTED_EDGE('',*,*,#832,.F.);
#832 = EDGE_CURVE('',#531,#738,#833,.T.);
#833 = LINE('',#834,#835);
#834 = CARTESIAN_POINT('',(106.68,274.92,50.8));
#835 = VECTOR('',#836,1.);
#836 = DIRECTION('',(0.,1.,0.));
#837 = ORIENTED_EDGE('',*,*,#530,.T.);
#838 = ORIENTED_EDGE('',*,*,#839,.F.);
#839 = EDGE_CURVE('',#785,#523,#840,.T.);
#840 = LINE('',#841,#842);
#841 = CARTESIAN_POINT('',(106.68,330.8,0.));
#842 = VECTOR('',#843,1.);
#843 = DIRECTION('',(0.,-1.,0.));
#844 = ORIENTED_EDGE('',*,*,#794,.F.);
#845 = ORIENTED_EDGE('',*,*,#249,.T.);
#846 = ORIENTED_EDGE('',*,*,#847,.F.);
#847 = EDGE_CURVE('',#848,#242,#850,.T.);
#848 = VERTEX_POINT('',#849);
#849 = CARTESIAN_POINT('',(106.68,367.63,0.));
#850 = LINE('',#851,#852);
#851 = CARTESIAN_POINT('',(106.68,367.63,11.684));
#852 = VECTOR('',#853,1.);
#853 = DIRECTION('',(0.,0.,-1.));
#854 = ORIENTED_EDGE('',*,*,#855,.F.);
#855 = EDGE_CURVE('',#746,#848,#856,.T.);
#856 = LINE('',#857,#858);
#857 = CARTESIAN_POINT('',(106.68,330.8,0.));
#858 = VECTOR('',#859,1.);
#859 = DIRECTION('',(0.,-1.,0.));
#860 = ORIENTED_EDGE('',*,*,#745,.F.);
#861 = FACE_BOUND('',#862,.T.);
#862 = EDGE_LOOP('',(#863));
#863 = ORIENTED_EDGE('',*,*,#864,.F.);
#864 = EDGE_CURVE('',#865,#865,#867,.T.);
#865 = VERTEX_POINT('',#866);
#866 = CARTESIAN_POINT('',(106.68,358.9,25.4));
#867 = CIRCLE('',#868,9.3);
#868 = AXIS2_PLACEMENT_3D('',#869,#870,#871);
#869 = CARTESIAN_POINT('',(106.68,349.6,25.4));
#870 = DIRECTION('',(1.,0.,0.));
#871 = DIRECTION('',(0.,1.,0.));
#872 = FACE_BOUND('',#873,.T.);
#873 = EDGE_LOOP('',(#874));
#874 = ORIENTED_EDGE('',*,*,#875,.F.);
#875 = EDGE_CURVE('',#876,#876,#878,.T.);
#876 = VERTEX_POINT('',#877);
#877 = CARTESIAN_POINT('',(106.68,323.25,25.4));
#878 = CIRCLE('',#879,11.25);
#879 = AXIS2_PLACEMENT_3D('',#880,#881,#882);
#880 = CARTESIAN_POINT('',(106.68,312.,25.4));
#881 = DIRECTION('',(1.,0.,0.));
#882 = DIRECTION('',(0.,1.,0.));
#883 = PLANE('',#884);
#884 = AXIS2_PLACEMENT_3D('',#885,#886,#887);
#885 = CARTESIAN_POINT('',(106.68,330.8,23.368));
#886 = DIRECTION('',(1.,0.,0.));
#887 = DIRECTION('',(0.,0.,1.));
#888 = ADVANCED_FACE('',(#889),#907,.T.);
#889 = FACE_BOUND('',#890,.T.);
#890 = EDGE_LOOP('',(#891,#899,#900,#901));
#891 = ORIENTED_EDGE('',*,*,#892,.T.);
#892 = EDGE_CURVE('',#893,#226,#895,.T.);
#893 = VERTEX_POINT('',#894);
#894 = CARTESIAN_POINT('',(119.0625,399.0625,0.));
#895 = LINE('',#896,#897);
#896 = CARTESIAN_POINT('',(119.0625,399.0625,0.));
#897 = VECTOR('',#898,1.);
#898 = DIRECTION('',(-0.,-0.,-1.));
#899 = ORIENTED_EDGE('',*,*,#225,.T.);
#900 = ORIENTED_EDGE('',*,*,#816,.F.);
#901 = ORIENTED_EDGE('',*,*,#902,.F.);
#902 = EDGE_CURVE('',#893,#809,#903,.T.);
#903 = LINE('',#904,#905);
#904 = CARTESIAN_POINT('',(119.0625,399.0625,0.));
#905 = VECTOR('',#906,1.);
#906 = DIRECTION('',(-1.,0.,0.));
#907 = PLANE('',#908);
#908 = AXIS2_PLACEMENT_3D('',#909,#910,#911);
#909 = CARTESIAN_POINT('',(119.0625,399.0625,0.));
#910 = DIRECTION('',(0.,1.,0.));
#911 = DIRECTION('',(-1.,0.,0.));
#912 = ADVANCED_FACE('',(#913),#931,.T.);
#913 = FACE_BOUND('',#914,.T.);
#914 = EDGE_LOOP('',(#915,#923,#924,#925));
#915 = ORIENTED_EDGE('',*,*,#916,.F.);
#916 = EDGE_CURVE('',#848,#917,#919,.T.);
#917 = VERTEX_POINT('',#918);
#918 = CARTESIAN_POINT('',(119.0625,367.63,0.));
#919 = LINE('',#920,#921);
#920 = CARTESIAN_POINT('',(87.63,367.63,0.));
#921 = VECTOR('',#922,1.);
#922 = DIRECTION('',(1.,0.,0.));
#923 = ORIENTED_EDGE('',*,*,#847,.T.);
#924 = ORIENTED_EDGE('',*,*,#241,.T.);
#925 = ORIENTED_EDGE('',*,*,#926,.F.);
#926 = EDGE_CURVE('',#917,#234,#927,.T.);
#927 = LINE('',#928,#929);
#928 = CARTESIAN_POINT('',(119.0625,367.63,0.));
#929 = VECTOR('',#930,1.);
#930 = DIRECTION('',(-0.,-0.,-1.));
#931 = PLANE('',#932);
#932 = AXIS2_PLACEMENT_3D('',#933,#934,#935);
#933 = CARTESIAN_POINT('',(87.63,367.63,0.));
#934 = DIRECTION('',(0.,-1.,0.));
#935 = DIRECTION('',(1.,0.,0.));
#936 = ADVANCED_FACE('',(#937),#948,.T.);
#937 = FACE_BOUND('',#938,.T.);
#938 = EDGE_LOOP('',(#939,#940,#941,#942));
#939 = ORIENTED_EDGE('',*,*,#926,.T.);
#940 = ORIENTED_EDGE('',*,*,#233,.T.);
#941 = ORIENTED_EDGE('',*,*,#892,.F.);
#942 = ORIENTED_EDGE('',*,*,#943,.F.);
#943 = EDGE_CURVE('',#917,#893,#944,.T.);
#944 = LINE('',#945,#946);
#945 = CARTESIAN_POINT('',(119.0625,367.63,0.));
#946 = VECTOR('',#947,1.);
#947 = DIRECTION('',(0.,1.,0.));
#948 = PLANE('',#949);
#949 = AXIS2_PLACEMENT_3D('',#950,#951,#952);
#950 = CARTESIAN_POINT('',(119.0625,367.63,0.));
#951 = DIRECTION('',(1.,0.,0.));
#952 = DIRECTION('',(0.,1.,0.));
#953 = ADVANCED_FACE('',(#954),#973,.F.);
#954 = FACE_BOUND('',#955,.F.);
#955 = EDGE_LOOP('',(#956,#965,#971,#972));
#956 = ORIENTED_EDGE('',*,*,#957,.F.);
#957 = EDGE_CURVE('',#958,#958,#960,.T.);
#958 = VERTEX_POINT('',#959);
#959 = CARTESIAN_POINT('',(116.04625,268.72875,0.));
#960 = CIRCLE('',#961,3.175);
#961 = AXIS2_PLACEMENT_3D('',#962,#963,#964);
#962 = CARTESIAN_POINT('',(112.87125,268.72875,0.));
#963 = DIRECTION('',(0.,0.,1.));
#964 = DIRECTION('',(1.,0.,0.));
#965 = ORIENTED_EDGE('',*,*,#966,.T.);
#966 = EDGE_CURVE('',#958,#307,#967,.T.);
#967 = LINE('',#968,#969);
#968 = CARTESIAN_POINT('',(116.04625,268.72875,0.));
#969 = VECTOR('',#970,1.);
#970 = DIRECTION('',(-0.,-0.,-1.));
#971 = ORIENTED_EDGE('',*,*,#306,.T.);
#972 = ORIENTED_EDGE('',*,*,#966,.F.);
#973 = CYLINDRICAL_SURFACE('',#974,3.175);
#974 = AXIS2_PLACEMENT_3D('',#975,#976,#977);
#975 = CARTESIAN_POINT('',(112.87125,268.72875,0.));
#976 = DIRECTION('',(0.,0.,1.));
#977 = DIRECTION('',(1.,0.,0.));
#978 = ADVANCED_FACE('',(#979),#998,.F.);
#979 = FACE_BOUND('',#980,.F.);
#980 = EDGE_LOOP('',(#981,#990,#996,#997));
#981 = ORIENTED_EDGE('',*,*,#982,.F.);
#982 = EDGE_CURVE('',#983,#983,#985,.T.);
#983 = VERTEX_POINT('',#984);
#984 = CARTESIAN_POINT('',(91.3,302.,0.));
#985 = CIRCLE('',#986,3.3);
#986 = AXIS2_PLACEMENT_3D('',#987,#988,#989);
#987 = CARTESIAN_POINT('',(88.,302.,0.));
#988 = DIRECTION('',(0.,0.,1.));
#989 = DIRECTION('',(1.,0.,0.));
#990 = ORIENTED_EDGE('',*,*,#991,.T.);
#991 = EDGE_CURVE('',#983,#318,#992,.T.);
#992 = LINE('',#993,#994);
#993 = CARTESIAN_POINT('',(91.3,302.,0.));
#994 = VECTOR('',#995,1.);
#995 = DIRECTION('',(-0.,-0.,-1.));
#996 = ORIENTED_EDGE('',*,*,#317,.T.);
#997 = ORIENTED_EDGE('',*,*,#991,.F.);
#998 = CYLINDRICAL_SURFACE('',#999,3.3);
#999 = AXIS2_PLACEMENT_3D('',#1000,#1001,#1002);
#1000 = CARTESIAN_POINT('',(88.,302.,0.));
#1001 = DIRECTION('',(0.,0.,1.));
#1002 = DIRECTION('',(1.,0.,0.));
#1003 = ADVANCED_FACE('',(#1004),#1023,.F.);
#1004 = FACE_BOUND('',#1005,.F.);
#1005 = EDGE_LOOP('',(#1006,#1015,#1021,#1022));
#1006 = ORIENTED_EDGE('',*,*,#1007,.F.);
#1007 = EDGE_CURVE('',#1008,#1008,#1010,.T.);
#1008 = VERTEX_POINT('',#1009);
#1009 = CARTESIAN_POINT('',(45.6,289.,0.));
#1010 = CIRCLE('',#1011,1.6);
#1011 = AXIS2_PLACEMENT_3D('',#1012,#1013,#1014);
#1012 = CARTESIAN_POINT('',(44.,289.,0.));
#1013 = DIRECTION('',(0.,0.,1.));
#1014 = DIRECTION('',(1.,0.,0.));
#1015 = ORIENTED_EDGE('',*,*,#1016,.T.);
#1016 = EDGE_CURVE('',#1008,#329,#1017,.T.);
#1017 = LINE('',#1018,#1019);
#1018 = CARTESIAN_POINT('',(45.6,289.,0.));
#1019 = VECTOR('',#1020,1.);
#1020 = DIRECTION('',(-0.,-0.,-1.));
#1021 = ORIENTED_EDGE('',*,*,#328,.T.);
#1022 = ORIENTED_EDGE('',*,*,#1016,.F.);
#1023 = CYLINDRICAL_SURFACE('',#1024,1.6);
#1024 = AXIS2_PLACEMENT_3D('',#1025,#1026,#1027);
#1025 = CARTESIAN_POINT('',(44.,289.,0.));
#1026 = DIRECTION('',(0.,0.,1.));
#1027 = DIRECTION('',(1.,0.,0.));
#1028 = ADVANCED_FACE('',(#1029),#1048,.F.);
#1029 = FACE_BOUND('',#1030,.F.);
#1030 = EDGE_LOOP('',(#1031,#1040,#1046,#1047));
#1031 = ORIENTED_EDGE('',*,*,#1032,.F.);
#1032 = EDGE_CURVE('',#1033,#1033,#1035,.T.);
#1033 = VERTEX_POINT('',#1034);
#1034 = CARTESIAN_POINT('',(13.6,289.,0.));
#1035 = CIRCLE('',#1036,1.6);
#1036 = AXIS2_PLACEMENT_3D('',#1037,#1038,#1039);
#1037 = CARTESIAN_POINT('',(12.,289.,0.));
#1038 = DIRECTION('',(0.,0.,1.));
#1039 = DIRECTION('',(1.,0.,0.));
#1040 = ORIENTED_EDGE('',*,*,#1041,.T.);
#1041 = EDGE_CURVE('',#1033,#351,#1042,.T.);
#1042 = LINE('',#1043,#1044);
#1043 = CARTESIAN_POINT('',(13.6,289.,0.));
#1044 = VECTOR('',#1045,1.);
#1045 = DIRECTION('',(-0.,-0.,-1.));
#1046 = ORIENTED_EDGE('',*,*,#350,.T.);
#1047 = ORIENTED_EDGE('',*,*,#1041,.F.);
#1048 = CYLINDRICAL_SURFACE('',#1049,1.6);
#1049 = AXIS2_PLACEMENT_3D('',#1050,#1051,#1052);
#1050 = CARTESIAN_POINT('',(12.,289.,0.));
#1051 = DIRECTION('',(0.,0.,1.));
#1052 = DIRECTION('',(1.,0.,0.));
#1053 = ADVANCED_FACE('',(#1054),#1073,.F.);
#1054 = FACE_BOUND('',#1055,.F.);
#1055 = EDGE_LOOP('',(#1056,#1065,#1071,#1072));
#1056 = ORIENTED_EDGE('',*,*,#1057,.F.);
#1057 = EDGE_CURVE('',#1058,#1058,#1060,.T.);
#1058 = VERTEX_POINT('',#1059);
#1059 = CARTESIAN_POINT('',(45.6,311.,0.));
#1060 = CIRCLE('',#1061,1.6);
#1061 = AXIS2_PLACEMENT_3D('',#1062,#1063,#1064);
#1062 = CARTESIAN_POINT('',(44.,311.,0.));
#1063 = DIRECTION('',(0.,0.,1.));
#1064 = DIRECTION('',(1.,0.,0.));
#1065 = ORIENTED_EDGE('',*,*,#1066,.T.);
#1066 = EDGE_CURVE('',#1058,#362,#1067,.T.);
#1067 = LINE('',#1068,#1069);
#1068 = CARTESIAN_POINT('',(45.6,311.,0.));
#1069 = VECTOR('',#1070,1.);
#1070 = DIRECTION('',(-0.,-0.,-1.));
#1071 = ORIENTED_EDGE('',*,*,#361,.T.);
#1072 = ORIENTED_EDGE('',*,*,#1066,.F.);
#1073 = CYLINDRICAL_SURFACE('',#1074,1.6);
#1074 = AXIS2_PLACEMENT_3D('',#1075,#1076,#1077);
#1075 = CARTESIAN_POINT('',(44.,311.,0.));
#1076 = DIRECTION('',(0.,0.,1.));
#1077 = DIRECTION('',(1.,0.,0.));
#1078 = ADVANCED_FACE('',(#1079),#1098,.F.);
#1079 = FACE_BOUND('',#1080,.F.);
#1080 = EDGE_LOOP('',(#1081,#1090,#1096,#1097));
#1081 = ORIENTED_EDGE('',*,*,#1082,.F.);
#1082 = EDGE_CURVE('',#1083,#1083,#1085,.T.);
#1083 = VERTEX_POINT('',#1084);
#1084 = CARTESIAN_POINT('',(13.6,311.,0.));
#1085 = CIRCLE('',#1086,1.6);
#1086 = AXIS2_PLACEMENT_3D('',#1087,#1088,#1089);
#1087 = CARTESIAN_POINT('',(12.,311.,0.));
#1088 = DIRECTION('',(0.,0.,1.));
#1089 = DIRECTION('',(1.,0.,0.));
#1090 = ORIENTED_EDGE('',*,*,#1091,.T.);
#1091 = EDGE_CURVE('',#1083,#373,#1092,.T.);
#1092 = LINE('',#1093,#1094);
#1093 = CARTESIAN_POINT('',(13.6,311.,0.));
#1094 = VECTOR('',#1095,1.);
#1095 = DIRECTION('',(-0.,-0.,-1.));
#1096 = ORIENTED_EDGE('',*,*,#372,.T.);
#1097 = ORIENTED_EDGE('',*,*,#1091,.F.);
#1098 = CYLINDRICAL_SURFACE('',#1099,1.6);
#1099 = AXIS2_PLACEMENT_3D('',#1100,#1101,#1102);
#1100 = CARTESIAN_POINT('',(12.,311.,0.));
#1101 = DIRECTION('',(0.,0.,1.));
#1102 = DIRECTION('',(1.,0.,0.));
#1103 = ADVANCED_FACE('',(#1104),#1123,.F.);
#1104 = FACE_BOUND('',#1105,.F.);
#1105 = EDGE_LOOP('',(#1106,#1115,#1121,#1122));
#1106 = ORIENTED_EDGE('',*,*,#1107,.F.);
#1107 = EDGE_CURVE('',#1108,#1108,#1110,.T.);
#1108 = VERTEX_POINT('',#1109);
#1109 = CARTESIAN_POINT('',(82.83,348.,0.));
#1110 = CIRCLE('',#1111,2.25);
#1111 = AXIS2_PLACEMENT_3D('',#1112,#1113,#1114);
#1112 = CARTESIAN_POINT('',(80.58,348.,0.));
#1113 = DIRECTION('',(0.,0.,1.));
#1114 = DIRECTION('',(1.,0.,0.));
#1115 = ORIENTED_EDGE('',*,*,#1116,.T.);
#1116 = EDGE_CURVE('',#1108,#384,#1117,.T.);
#1117 = LINE('',#1118,#1119);
#1118 = CARTESIAN_POINT('',(82.83,348.,0.));
#1119 = VECTOR('',#1120,1.);
#1120 = DIRECTION('',(-0.,-0.,-1.));
#1121 = ORIENTED_EDGE('',*,*,#383,.T.);
#1122 = ORIENTED_EDGE('',*,*,#1116,.F.);
#1123 = CYLINDRICAL_SURFACE('',#1124,2.25);
#1124 = AXIS2_PLACEMENT_3D('',#1125,#1126,#1127);
#1125 = CARTESIAN_POINT('',(80.58,348.,0.));
#1126 = DIRECTION('',(0.,0.,1.));
#1127 = DIRECTION('',(1.,0.,0.));
#1128 = ADVANCED_FACE('',(#1129),#1148,.F.);
#1129 = FACE_BOUND('',#1130,.F.);
#1130 = EDGE_LOOP('',(#1131,#1140,#1146,#1147));
#1131 = ORIENTED_EDGE('',*,*,#1132,.F.);
#1132 = EDGE_CURVE('',#1133,#1133,#1135,.T.);
#1133 = VERTEX_POINT('',#1134);
#1134 = CARTESIAN_POINT('',(116.04625,392.87125,0.));
#1135 = CIRCLE('',#1136,3.175);
#1136 = AXIS2_PLACEMENT_3D('',#1137,#1138,#1139);
#1137 = CARTESIAN_POINT('',(112.87125,392.87125,0.));
#1138 = DIRECTION('',(0.,0.,1.));
#1139 = DIRECTION('',(1.,0.,0.));
#1140 = ORIENTED_EDGE('',*,*,#1141,.T.);
#1141 = EDGE_CURVE('',#1133,#395,#1142,.T.);
#1142 = LINE('',#1143,#1144);
#1143 = CARTESIAN_POINT('',(116.04625,392.87125,0.));
#1144 = VECTOR('',#1145,1.);
#1145 = DIRECTION('',(-0.,-0.,-1.));
#1146 = ORIENTED_EDGE('',*,*,#394,.T.);
#1147 = ORIENTED_EDGE('',*,*,#1141,.F.);
#1148 = CYLINDRICAL_SURFACE('',#1149,3.175);
#1149 = AXIS2_PLACEMENT_3D('',#1150,#1151,#1152);
#1150 = CARTESIAN_POINT('',(112.87125,392.87125,0.));
#1151 = DIRECTION('',(0.,0.,1.));
#1152 = DIRECTION('',(1.,0.,0.));
#1153 = ADVANCED_FACE('',(#1154),#1173,.F.);
#1154 = FACE_BOUND('',#1155,.F.);
#1155 = EDGE_LOOP('',(#1156,#1165,#1171,#1172));
#1156 = ORIENTED_EDGE('',*,*,#1157,.F.);
#1157 = EDGE_CURVE('',#1158,#1158,#1160,.T.);
#1158 = VERTEX_POINT('',#1159);
#1159 = CARTESIAN_POINT('',(23.27,348.,0.));
#1160 = CIRCLE('',#1161,2.25);
#1161 = AXIS2_PLACEMENT_3D('',#1162,#1163,#1164);
#1162 = CARTESIAN_POINT('',(21.02,348.,0.));
#1163 = DIRECTION('',(0.,0.,1.));
#1164 = DIRECTION('',(1.,0.,0.));
#1165 = ORIENTED_EDGE('',*,*,#1166,.T.);
#1166 = EDGE_CURVE('',#1158,#406,#1167,.T.);
#1167 = LINE('',#1168,#1169);
#1168 = CARTESIAN_POINT('',(23.27,348.,0.));
#1169 = VECTOR('',#1170,1.);
#1170 = DIRECTION('',(-0.,-0.,-1.));
#1171 = ORIENTED_EDGE('',*,*,#405,.T.);
#1172 = ORIENTED_EDGE('',*,*,#1166,.F.);
#1173 = CYLINDRICAL_SURFACE('',#1174,2.25);
#1174 = AXIS2_PLACEMENT_3D('',#1175,#1176,#1177);
#1175 = CARTESIAN_POINT('',(21.02,348.,0.));
#1176 = DIRECTION('',(0.,0.,1.));
#1177 = DIRECTION('',(1.,0.,0.));
#1178 = ADVANCED_FACE('',(#1179),#1198,.F.);
#1179 = FACE_BOUND('',#1180,.F.);
#1180 = EDGE_LOOP('',(#1181,#1190,#1196,#1197));
#1181 = ORIENTED_EDGE('',*,*,#1182,.F.);
#1182 = EDGE_CURVE('',#1183,#1183,#1185,.T.);
#1183 = VERTEX_POINT('',#1184);
#1184 = CARTESIAN_POINT('',(-8.09625,392.87125,0.));
#1185 = CIRCLE('',#1186,3.175);
#1186 = AXIS2_PLACEMENT_3D('',#1187,#1188,#1189);
#1187 = CARTESIAN_POINT('',(-11.27125,392.87125,0.));
#1188 = DIRECTION('',(0.,0.,1.));
#1189 = DIRECTION('',(1.,0.,0.));
#1190 = ORIENTED_EDGE('',*,*,#1191,.T.);
#1191 = EDGE_CURVE('',#1183,#417,#1192,.T.);
#1192 = LINE('',#1193,#1194);
#1193 = CARTESIAN_POINT('',(-8.09625,392.87125,0.));
#1194 = VECTOR('',#1195,1.);
#1195 = DIRECTION('',(-0.,-0.,-1.));
#1196 = ORIENTED_EDGE('',*,*,#416,.T.);
#1197 = ORIENTED_EDGE('',*,*,#1191,.F.);
#1198 = CYLINDRICAL_SURFACE('',#1199,3.175);
#1199 = AXIS2_PLACEMENT_3D('',#1200,#1201,#1202);
#1200 = CARTESIAN_POINT('',(-11.27125,392.87125,0.));
#1201 = DIRECTION('',(0.,0.,1.));
#1202 = DIRECTION('',(1.,0.,0.));
#1203 = ADVANCED_FACE('',(#1204,#1212),#1215,.T.);
#1204 = FACE_BOUND('',#1205,.T.);
#1205 = EDGE_LOOP('',(#1206,#1207,#1208,#1209,#1210,#1211));
#1206 = ORIENTED_EDGE('',*,*,#603,.T.);
#1207 = ORIENTED_EDGE('',*,*,#569,.T.);
#1208 = ORIENTED_EDGE('',*,*,#443,.T.);
#1209 = ORIENTED_EDGE('',*,*,#769,.T.);
#1210 = ORIENTED_EDGE('',*,*,#689,.T.);
#1211 = ORIENTED_EDGE('',*,*,#651,.T.);
#1212 = FACE_BOUND('',#1213,.T.);
#1213 = EDGE_LOOP('',(#1214));
#1214 = ORIENTED_EDGE('',*,*,#1182,.F.);
#1215 = PLANE('',#1216);
#1216 = AXIS2_PLACEMENT_3D('',#1217,#1218,#1219);
#1217 = CARTESIAN_POINT('',(50.8,330.8,0.));
#1218 = DIRECTION('',(0.,0.,1.));
#1219 = DIRECTION('',(1.,0.,0.));
#1220 = ADVANCED_FACE('',(#1221,#1227),#1261,.T.);
#1221 = FACE_BOUND('',#1222,.T.);
#1222 = EDGE_LOOP('',(#1223,#1224,#1225,#1226));
#1223 = ORIENTED_EDGE('',*,*,#538,.T.);
#1224 = ORIENTED_EDGE('',*,*,#832,.T.);
#1225 = ORIENTED_EDGE('',*,*,#737,.T.);
#1226 = ORIENTED_EDGE('',*,*,#468,.T.);
#1227 = FACE_BOUND('',#1228,.T.);
#1228 = EDGE_LOOP('',(#1229,#1239,#1247,#1255));
#1229 = ORIENTED_EDGE('',*,*,#1230,.F.);
#1230 = EDGE_CURVE('',#1231,#1233,#1235,.T.);
#1231 = VERTEX_POINT('',#1232);
#1232 = CARTESIAN_POINT('',(0.,280.,50.8));
#1233 = VERTEX_POINT('',#1234);
#1234 = CARTESIAN_POINT('',(101.6,280.,50.8));
#1235 = LINE('',#1236,#1237);
#1236 = CARTESIAN_POINT('',(0.,280.,50.8));
#1237 = VECTOR('',#1238,1.);
#1238 = DIRECTION('',(1.,0.,0.));
#1239 = ORIENTED_EDGE('',*,*,#1240,.F.);
#1240 = EDGE_CURVE('',#1241,#1231,#1243,.T.);
#1241 = VERTEX_POINT('',#1242);
#1242 = CARTESIAN_POINT('',(0.,381.6,50.8));
#1243 = LINE('',#1244,#1245);
#1244 = CARTESIAN_POINT('',(0.,381.6,50.8));
#1245 = VECTOR('',#1246,1.);
#1246 = DIRECTION('',(0.,-1.,0.));
#1247 = ORIENTED_EDGE('',*,*,#1248,.F.);
#1248 = EDGE_CURVE('',#1249,#1241,#1251,.T.);
#1249 = VERTEX_POINT('',#1250);
#1250 = CARTESIAN_POINT('',(101.6,381.6,50.8));
#1251 = LINE('',#1252,#1253);
#1252 = CARTESIAN_POINT('',(101.6,381.6,50.8));
#1253 = VECTOR('',#1254,1.);
#1254 = DIRECTION('',(-1.,0.,0.));
#1255 = ORIENTED_EDGE('',*,*,#1256,.F.);
#1256 = EDGE_CURVE('',#1233,#1249,#1257,.T.);
#1257 = LINE('',#1258,#1259);
#1258 = CARTESIAN_POINT('',(101.6,280.,50.8));
#1259 = VECTOR('',#1260,1.);
#1260 = DIRECTION('',(0.,1.,0.));
#1261 = PLANE('',#1262);
#1262 = AXIS2_PLACEMENT_3D('',#1263,#1264,#1265);
#1263 = CARTESIAN_POINT('',(50.8,330.8,50.8));
#1264 = DIRECTION('',(0.,0.,1.));
#1265 = DIRECTION('',(1.,0.,0.));
#1266 = ADVANCED_FACE('',(#1267),#1286,.F.);
#1267 = FACE_BOUND('',#1268,.T.);
#1268 = EDGE_LOOP('',(#1269,#1270,#1278,#1285));
#1269 = ORIENTED_EDGE('',*,*,#476,.F.);
#1270 = ORIENTED_EDGE('',*,*,#1271,.T.);
#1271 = EDGE_CURVE('',#477,#1272,#1274,.T.);
#1272 = VERTEX_POINT('',#1273);
#1273 = CARTESIAN_POINT('',(0.,344.95,25.4));
#1274 = LINE('',#1275,#1276);
#1275 = CARTESIAN_POINT('',(-5.08,344.95,25.4));
#1276 = VECTOR('',#1277,1.);
#1277 = DIRECTION('',(1.,0.,0.));
#1278 = ORIENTED_EDGE('',*,*,#1279,.F.);
#1279 = EDGE_CURVE('',#1272,#1272,#1280,.T.);
#1280 = CIRCLE('',#1281,14.15);
#1281 = AXIS2_PLACEMENT_3D('',#1282,#1283,#1284);
#1282 = CARTESIAN_POINT('',(0.,330.8,25.4));
#1283 = DIRECTION('',(-1.,0.,0.));
#1284 = DIRECTION('',(0.,1.,0.));
#1285 = ORIENTED_EDGE('',*,*,#1271,.F.);
#1286 = CYLINDRICAL_SURFACE('',#1287,14.15);
#1287 = AXIS2_PLACEMENT_3D('',#1288,#1289,#1290);
#1288 = CARTESIAN_POINT('',(-5.08,330.8,25.4));
#1289 = DIRECTION('',(-1.,-0.,-0.));
#1290 = DIRECTION('',(0.,1.,0.));
#1291 = ADVANCED_FACE('',(#1292,#1300),#1303,.T.);
#1292 = FACE_BOUND('',#1293,.T.);
#1293 = EDGE_LOOP('',(#1294,#1295,#1296,#1297,#1298,#1299));
#1294 = ORIENTED_EDGE('',*,*,#617,.T.);
#1295 = ORIENTED_EDGE('',*,*,#675,.T.);
#1296 = ORIENTED_EDGE('',*,*,#723,.T.);
#1297 = ORIENTED_EDGE('',*,*,#784,.T.);
#1298 = ORIENTED_EDGE('',*,*,#839,.T.);
#1299 = ORIENTED_EDGE('',*,*,#522,.T.);
#1300 = FACE_BOUND('',#1301,.T.);
#1301 = EDGE_LOOP('',(#1302));
#1302 = ORIENTED_EDGE('',*,*,#957,.F.);
#1303 = PLANE('',#1304);
#1304 = AXIS2_PLACEMENT_3D('',#1305,#1306,#1307);
#1305 = CARTESIAN_POINT('',(50.8,330.8,0.));
#1306 = DIRECTION('',(0.,0.,1.));
#1307 = DIRECTION('',(1.,0.,0.));
#1308 = ADVANCED_FACE('',(#1309,#1317),#1320,.T.);
#1309 = FACE_BOUND('',#1310,.T.);
#1310 = EDGE_LOOP('',(#1311,#1312,#1313,#1314,#1315,#1316));
#1311 = ORIENTED_EDGE('',*,*,#855,.T.);
#1312 = ORIENTED_EDGE('',*,*,#916,.T.);
#1313 = ORIENTED_EDGE('',*,*,#943,.T.);
#1314 = ORIENTED_EDGE('',*,*,#902,.T.);
#1315 = ORIENTED_EDGE('',*,*,#808,.T.);
#1316 = ORIENTED_EDGE('',*,*,#753,.T.);
#1317 = FACE_BOUND('',#1318,.T.);
#1318 = EDGE_LOOP('',(#1319));
#1319 = ORIENTED_EDGE('',*,*,#1132,.F.);
#1320 = PLANE('',#1321);
#1321 = AXIS2_PLACEMENT_3D('',#1322,#1323,#1324);
#1322 = CARTESIAN_POINT('',(50.8,330.8,0.));
#1323 = DIRECTION('',(0.,0.,1.));
#1324 = DIRECTION('',(1.,0.,0.));
#1325 = ADVANCED_FACE('',(#1326),#1345,.F.);
#1326 = FACE_BOUND('',#1327,.F.);
#1327 = EDGE_LOOP('',(#1328,#1329,#1337,#1344));
#1328 = ORIENTED_EDGE('',*,*,#864,.F.);
#1329 = ORIENTED_EDGE('',*,*,#1330,.T.);
#1330 = EDGE_CURVE('',#865,#1331,#1333,.T.);
#1331 = VERTEX_POINT('',#1332);
#1332 = CARTESIAN_POINT('',(101.6,358.9,25.4));
#1333 = LINE('',#1334,#1335);
#1334 = CARTESIAN_POINT('',(106.68,358.9,25.4));
#1335 = VECTOR('',#1336,1.);
#1336 = DIRECTION('',(-1.,-0.,-0.));
#1337 = ORIENTED_EDGE('',*,*,#1338,.T.);
#1338 = EDGE_CURVE('',#1331,#1331,#1339,.T.);
#1339 = CIRCLE('',#1340,9.3);
#1340 = AXIS2_PLACEMENT_3D('',#1341,#1342,#1343);
#1341 = CARTESIAN_POINT('',(101.6,349.6,25.4));
#1342 = DIRECTION('',(1.,0.,0.));
#1343 = DIRECTION('',(0.,1.,0.));
#1344 = ORIENTED_EDGE('',*,*,#1330,.F.);
#1345 = CYLINDRICAL_SURFACE('',#1346,9.3);
#1346 = AXIS2_PLACEMENT_3D('',#1347,#1348,#1349);
#1347 = CARTESIAN_POINT('',(106.68,349.6,25.4));
#1348 = DIRECTION('',(1.,0.,0.));
#1349 = DIRECTION('',(0.,1.,0.));
#1350 = ADVANCED_FACE('',(#1351),#1370,.F.);
#1351 = FACE_BOUND('',#1352,.F.);
#1352 = EDGE_LOOP('',(#1353,#1354,#1362,#1369));
#1353 = ORIENTED_EDGE('',*,*,#875,.F.);
#1354 = ORIENTED_EDGE('',*,*,#1355,.T.);
#1355 = EDGE_CURVE('',#876,#1356,#1358,.T.);
#1356 = VERTEX_POINT('',#1357);
#1357 = CARTESIAN_POINT('',(101.6,323.25,25.4));
#1358 = LINE('',#1359,#1360);
#1359 = CARTESIAN_POINT('',(106.68,323.25,25.4));
#1360 = VECTOR('',#1361,1.);
#1361 = DIRECTION('',(-1.,-0.,-0.));
#1362 = ORIENTED_EDGE('',*,*,#1363,.T.);
#1363 = EDGE_CURVE('',#1356,#1356,#1364,.T.);
#1364 = CIRCLE('',#1365,11.25);
#1365 = AXIS2_PLACEMENT_3D('',#1366,#1367,#1368);
#1366 = CARTESIAN_POINT('',(101.6,312.,25.4));
#1367 = DIRECTION('',(1.,0.,0.));
#1368 = DIRECTION('',(0.,1.,0.));
#1369 = ORIENTED_EDGE('',*,*,#1355,.F.);
#1370 = CYLINDRICAL_SURFACE('',#1371,11.25);
#1371 = AXIS2_PLACEMENT_3D('',#1372,#1373,#1374);
#1372 = CARTESIAN_POINT('',(106.68,312.,25.4));
#1373 = DIRECTION('',(1.,0.,0.));
#1374 = DIRECTION('',(0.,1.,0.));
#1375 = ADVANCED_FACE('',(#1376,#1410,#1413,#1416,#1419,#1422,#1425,
    #1428),#1431,.T.);
#1376 = FACE_BOUND('',#1377,.T.);
#1377 = EDGE_LOOP('',(#1378,#1388,#1396,#1404));
#1378 = ORIENTED_EDGE('',*,*,#1379,.T.);
#1379 = EDGE_CURVE('',#1380,#1382,#1384,.T.);
#1380 = VERTEX_POINT('',#1381);
#1381 = CARTESIAN_POINT('',(0.,280.,0.));
#1382 = VERTEX_POINT('',#1383);
#1383 = CARTESIAN_POINT('',(101.6,280.,0.));
#1384 = LINE('',#1385,#1386);
#1385 = CARTESIAN_POINT('',(0.,280.,0.));
#1386 = VECTOR('',#1387,1.);
#1387 = DIRECTION('',(1.,0.,0.));
#1388 = ORIENTED_EDGE('',*,*,#1389,.T.);
#1389 = EDGE_CURVE('',#1382,#1390,#1392,.T.);
#1390 = VERTEX_POINT('',#1391);
#1391 = CARTESIAN_POINT('',(101.6,381.6,0.));
#1392 = LINE('',#1393,#1394);
#1393 = CARTESIAN_POINT('',(101.6,280.,0.));
#1394 = VECTOR('',#1395,1.);
#1395 = DIRECTION('',(0.,1.,0.));
#1396 = ORIENTED_EDGE('',*,*,#1397,.T.);
#1397 = EDGE_CURVE('',#1390,#1398,#1400,.T.);
#1398 = VERTEX_POINT('',#1399);
#1399 = CARTESIAN_POINT('',(0.,381.6,0.));
#1400 = LINE('',#1401,#1402);
#1401 = CARTESIAN_POINT('',(101.6,381.6,0.));
#1402 = VECTOR('',#1403,1.);
#1403 = DIRECTION('',(-1.,0.,0.));
#1404 = ORIENTED_EDGE('',*,*,#1405,.T.);
#1405 = EDGE_CURVE('',#1398,#1380,#1406,.T.);
#1406 = LINE('',#1407,#1408);
#1407 = CARTESIAN_POINT('',(0.,381.6,0.));
#1408 = VECTOR('',#1409,1.);
#1409 = DIRECTION('',(0.,-1.,0.));
#1410 = FACE_BOUND('',#1411,.T.);
#1411 = EDGE_LOOP('',(#1412));
#1412 = ORIENTED_EDGE('',*,*,#1032,.F.);
#1413 = FACE_BOUND('',#1414,.T.);
#1414 = EDGE_LOOP('',(#1415));
#1415 = ORIENTED_EDGE('',*,*,#1007,.F.);
#1416 = FACE_BOUND('',#1417,.T.);
#1417 = EDGE_LOOP('',(#1418));
#1418 = ORIENTED_EDGE('',*,*,#1082,.F.);
#1419 = FACE_BOUND('',#1420,.T.);
#1420 = EDGE_LOOP('',(#1421));
#1421 = ORIENTED_EDGE('',*,*,#1057,.F.);
#1422 = FACE_BOUND('',#1423,.T.);
#1423 = EDGE_LOOP('',(#1424));
#1424 = ORIENTED_EDGE('',*,*,#982,.F.);
#1425 = FACE_BOUND('',#1426,.T.);
#1426 = EDGE_LOOP('',(#1427));
#1427 = ORIENTED_EDGE('',*,*,#1157,.F.);
#1428 = FACE_BOUND('',#1429,.T.);
#1429 = EDGE_LOOP('',(#1430));
#1430 = ORIENTED_EDGE('',*,*,#1107,.F.);
#1431 = PLANE('',#1432);
#1432 = AXIS2_PLACEMENT_3D('',#1433,#1434,#1435);
#1433 = CARTESIAN_POINT('',(50.8,330.8,0.));
#1434 = DIRECTION('',(0.,0.,1.));
#1435 = DIRECTION('',(1.,0.,0.));
#1436 = ADVANCED_FACE('',(#1437),#1453,.T.);
#1437 = FACE_BOUND('',#1438,.T.);
#1438 = EDGE_LOOP('',(#1439,#1445,#1446,#1452));
#1439 = ORIENTED_EDGE('',*,*,#1440,.T.);
#1440 = EDGE_CURVE('',#1380,#1231,#1441,.T.);
#1441 = LINE('',#1442,#1443);
#1442 = CARTESIAN_POINT('',(0.,280.,0.));
#1443 = VECTOR('',#1444,1.);
#1444 = DIRECTION('',(0.,0.,1.));
#1445 = ORIENTED_EDGE('',*,*,#1230,.T.);
#1446 = ORIENTED_EDGE('',*,*,#1447,.F.);
#1447 = EDGE_CURVE('',#1382,#1233,#1448,.T.);
#1448 = LINE('',#1449,#1450);
#1449 = CARTESIAN_POINT('',(101.6,280.,0.));
#1450 = VECTOR('',#1451,1.);
#1451 = DIRECTION('',(0.,0.,1.));
#1452 = ORIENTED_EDGE('',*,*,#1379,.F.);
#1453 = PLANE('',#1454);
#1454 = AXIS2_PLACEMENT_3D('',#1455,#1456,#1457);
#1455 = CARTESIAN_POINT('',(0.,280.,0.));
#1456 = DIRECTION('',(0.,1.,0.));
#1457 = DIRECTION('',(1.,0.,0.));
#1458 = ADVANCED_FACE('',(#1459,#1470,#1473),#1476,.T.);
#1459 = FACE_BOUND('',#1460,.T.);
#1460 = EDGE_LOOP('',(#1461,#1462,#1463,#1469));
#1461 = ORIENTED_EDGE('',*,*,#1447,.T.);
#1462 = ORIENTED_EDGE('',*,*,#1256,.T.);
#1463 = ORIENTED_EDGE('',*,*,#1464,.F.);
#1464 = EDGE_CURVE('',#1390,#1249,#1465,.T.);
#1465 = LINE('',#1466,#1467);
#1466 = CARTESIAN_POINT('',(101.6,381.6,0.));
#1467 = VECTOR('',#1468,1.);
#1468 = DIRECTION('',(0.,0.,1.));
#1469 = ORIENTED_EDGE('',*,*,#1389,.F.);
#1470 = FACE_BOUND('',#1471,.T.);
#1471 = EDGE_LOOP('',(#1472));
#1472 = ORIENTED_EDGE('',*,*,#1363,.T.);
#1473 = FACE_BOUND('',#1474,.T.);
#1474 = EDGE_LOOP('',(#1475));
#1475 = ORIENTED_EDGE('',*,*,#1338,.T.);
#1476 = PLANE('',#1477);
#1477 = AXIS2_PLACEMENT_3D('',#1478,#1479,#1480);
#1478 = CARTESIAN_POINT('',(101.6,280.,0.));
#1479 = DIRECTION('',(-1.,0.,0.));
#1480 = DIRECTION('',(0.,1.,0.));
#1481 = ADVANCED_FACE('',(#1482),#1493,.T.);
#1482 = FACE_BOUND('',#1483,.T.);
#1483 = EDGE_LOOP('',(#1484,#1485,#1486,#1492));
#1484 = ORIENTED_EDGE('',*,*,#1464,.T.);
#1485 = ORIENTED_EDGE('',*,*,#1248,.T.);
#1486 = ORIENTED_EDGE('',*,*,#1487,.F.);
#1487 = EDGE_CURVE('',#1398,#1241,#1488,.T.);
#1488 = LINE('',#1489,#1490);
#1489 = CARTESIAN_POINT('',(0.,381.6,0.));
#1490 = VECTOR('',#1491,1.);
#1491 = DIRECTION('',(0.,0.,1.));
#1492 = ORIENTED_EDGE('',*,*,#1397,.F.);
#1493 = PLANE('',#1494);
#1494 = AXIS2_PLACEMENT_3D('',#1495,#1496,#1497);
#1495 = CARTESIAN_POINT('',(101.6,381.6,0.));
#1496 = DIRECTION('',(0.,-1.,0.));
#1497 = DIRECTION('',(-1.,0.,0.));
#1498 = ADVANCED_FACE('',(#1499,#1505),#1508,.T.);
#1499 = FACE_BOUND('',#1500,.T.);
#1500 = EDGE_LOOP('',(#1501,#1502,#1503,#1504));
#1501 = ORIENTED_EDGE('',*,*,#1487,.T.);
#1502 = ORIENTED_EDGE('',*,*,#1240,.T.);
#1503 = ORIENTED_EDGE('',*,*,#1440,.F.);
#1504 = ORIENTED_EDGE('',*,*,#1405,.F.);
#1505 = FACE_BOUND('',#1506,.T.);
#1506 = EDGE_LOOP('',(#1507));
#1507 = ORIENTED_EDGE('',*,*,#1279,.T.);
#1508 = PLANE('',#1509);
#1509 = AXIS2_PLACEMENT_3D('',#1510,#1511,#1512);
#1510 = CARTESIAN_POINT('',(0.,381.6,0.));
#1511 = DIRECTION('',(1.,0.,0.));
#1512 = DIRECTION('',(0.,-1.,0.));
#1513 = MANIFOLD_SOLID_BREP('',#1514);
#1514 = CLOSED_SHELL('',(#1515,#1555,#1586,#1617,#1678,#1739,#1751,#1768
    ,#1785,#1802));
#1515 = ADVANCED_FACE('',(#1516),#1550,.F.);
#1516 = FACE_BOUND('',#1517,.F.);
#1517 = EDGE_LOOP('',(#1518,#1528,#1536,#1544));
#1518 = ORIENTED_EDGE('',*,*,#1519,.T.);
#1519 = EDGE_CURVE('',#1520,#1522,#1524,.T.);
#1520 = VERTEX_POINT('',#1521);
#1521 = CARTESIAN_POINT('',(-4.7625,275.2375,83.975));
#1522 = VERTEX_POINT('',#1523);
#1523 = CARTESIAN_POINT('',(-4.7625,275.2375,90.071));
#1524 = LINE('',#1525,#1526);
#1525 = CARTESIAN_POINT('',(-4.7625,275.2375,83.975));
#1526 = VECTOR('',#1527,1.);
#1527 = DIRECTION('',(0.,0.,1.));
#1528 = ORIENTED_EDGE('',*,*,#1529,.T.);
#1529 = EDGE_CURVE('',#1522,#1530,#1532,.T.);
#1530 = VERTEX_POINT('',#1531);
#1531 = CARTESIAN_POINT('',(106.3625,275.2375,90.071));
#1532 = LINE('',#1533,#1534);
#1533 = CARTESIAN_POINT('',(-4.7625,275.2375,90.071));
#1534 = VECTOR('',#1535,1.);
#1535 = DIRECTION('',(1.,0.,0.));
#1536 = ORIENTED_EDGE('',*,*,#1537,.F.);
#1537 = EDGE_CURVE('',#1538,#1530,#1540,.T.);
#1538 = VERTEX_POINT('',#1539);
#1539 = CARTESIAN_POINT('',(106.3625,275.2375,83.975));
#1540 = LINE('',#1541,#1542);
#1541 = CARTESIAN_POINT('',(106.3625,275.2375,83.975));
#1542 = VECTOR('',#1543,1.);
#1543 = DIRECTION('',(0.,0.,1.));
#1544 = ORIENTED_EDGE('',*,*,#1545,.F.);
#1545 = EDGE_CURVE('',#1520,#1538,#1546,.T.);
#1546 = LINE('',#1547,#1548);
#1547 = CARTESIAN_POINT('',(-4.7625,275.2375,83.975));
#1548 = VECTOR('',#1549,1.);
#1549 = DIRECTION('',(1.,0.,0.));
#1550 = PLANE('',#1551);
#1551 = AXIS2_PLACEMENT_3D('',#1552,#1553,#1554);
#1552 = CARTESIAN_POINT('',(-4.7625,275.2375,83.975));
#1553 = DIRECTION('',(0.,1.,0.));
#1554 = DIRECTION('',(1.,0.,0.));
#1555 = ADVANCED_FACE('',(#1556),#1581,.F.);
#1556 = FACE_BOUND('',#1557,.F.);
#1557 = EDGE_LOOP('',(#1558,#1568,#1574,#1575));
#1558 = ORIENTED_EDGE('',*,*,#1559,.T.);
#1559 = EDGE_CURVE('',#1560,#1562,#1564,.T.);
#1560 = VERTEX_POINT('',#1561);
#1561 = CARTESIAN_POINT('',(-4.7625,386.3625,83.975));
#1562 = VERTEX_POINT('',#1563);
#1563 = CARTESIAN_POINT('',(-4.7625,386.3625,90.071));
#1564 = LINE('',#1565,#1566);
#1565 = CARTESIAN_POINT('',(-4.7625,386.3625,83.975));
#1566 = VECTOR('',#1567,1.);
#1567 = DIRECTION('',(0.,0.,1.));
#1568 = ORIENTED_EDGE('',*,*,#1569,.T.);
#1569 = EDGE_CURVE('',#1562,#1522,#1570,.T.);
#1570 = LINE('',#1571,#1572);
#1571 = CARTESIAN_POINT('',(-4.7625,386.3625,90.071));
#1572 = VECTOR('',#1573,1.);
#1573 = DIRECTION('',(0.,-1.,0.));
#1574 = ORIENTED_EDGE('',*,*,#1519,.F.);
#1575 = ORIENTED_EDGE('',*,*,#1576,.F.);
#1576 = EDGE_CURVE('',#1560,#1520,#1577,.T.);
#1577 = LINE('',#1578,#1579);
#1578 = CARTESIAN_POINT('',(-4.7625,386.3625,83.975));
#1579 = VECTOR('',#1580,1.);
#1580 = DIRECTION('',(0.,-1.,0.));
#1581 = PLANE('',#1582);
#1582 = AXIS2_PLACEMENT_3D('',#1583,#1584,#1585);
#1583 = CARTESIAN_POINT('',(-4.7625,386.3625,83.975));
#1584 = DIRECTION('',(1.,0.,0.));
#1585 = DIRECTION('',(0.,-1.,0.));
#1586 = ADVANCED_FACE('',(#1587),#1612,.F.);
#1587 = FACE_BOUND('',#1588,.F.);
#1588 = EDGE_LOOP('',(#1589,#1590,#1598,#1606));
#1589 = ORIENTED_EDGE('',*,*,#1537,.T.);
#1590 = ORIENTED_EDGE('',*,*,#1591,.T.);
#1591 = EDGE_CURVE('',#1530,#1592,#1594,.T.);
#1592 = VERTEX_POINT('',#1593);
#1593 = CARTESIAN_POINT('',(106.3625,386.3625,90.071));
#1594 = LINE('',#1595,#1596);
#1595 = CARTESIAN_POINT('',(106.3625,275.2375,90.071));
#1596 = VECTOR('',#1597,1.);
#1597 = DIRECTION('',(0.,1.,0.));
#1598 = ORIENTED_EDGE('',*,*,#1599,.F.);
#1599 = EDGE_CURVE('',#1600,#1592,#1602,.T.);
#1600 = VERTEX_POINT('',#1601);
#1601 = CARTESIAN_POINT('',(106.3625,386.3625,83.975));
#1602 = LINE('',#1603,#1604);
#1603 = CARTESIAN_POINT('',(106.3625,386.3625,83.975));
#1604 = VECTOR('',#1605,1.);
#1605 = DIRECTION('',(0.,0.,1.));
#1606 = ORIENTED_EDGE('',*,*,#1607,.F.);
#1607 = EDGE_CURVE('',#1538,#1600,#1608,.T.);
#1608 = LINE('',#1609,#1610);
#1609 = CARTESIAN_POINT('',(106.3625,275.2375,83.975));
#1610 = VECTOR('',#1611,1.);
#1611 = DIRECTION('',(0.,1.,0.));
#1612 = PLANE('',#1613);
#1613 = AXIS2_PLACEMENT_3D('',#1614,#1615,#1616);
#1614 = CARTESIAN_POINT('',(106.3625,275.2375,83.975));
#1615 = DIRECTION('',(-1.,0.,0.));
#1616 = DIRECTION('',(0.,1.,0.));
#1617 = ADVANCED_FACE('',(#1618,#1629,#1640,#1651,#1662),#1673,.F.);
#1618 = FACE_BOUND('',#1619,.F.);
#1619 = EDGE_LOOP('',(#1620,#1621,#1622,#1628));
#1620 = ORIENTED_EDGE('',*,*,#1545,.T.);
#1621 = ORIENTED_EDGE('',*,*,#1607,.T.);
#1622 = ORIENTED_EDGE('',*,*,#1623,.T.);
#1623 = EDGE_CURVE('',#1600,#1560,#1624,.T.);
#1624 = LINE('',#1625,#1626);
#1625 = CARTESIAN_POINT('',(106.3625,386.3625,83.975));
#1626 = VECTOR('',#1627,1.);
#1627 = DIRECTION('',(-1.,0.,0.));
#1628 = ORIENTED_EDGE('',*,*,#1576,.T.);
#1629 = FACE_BOUND('',#1630,.F.);
#1630 = EDGE_LOOP('',(#1631));
#1631 = ORIENTED_EDGE('',*,*,#1632,.F.);
#1632 = EDGE_CURVE('',#1633,#1633,#1635,.T.);
#1633 = VERTEX_POINT('',#1634);
#1634 = CARTESIAN_POINT('',(5.4875,283.2375,83.975));
#1635 = CIRCLE('',#1636,2.25);
#1636 = AXIS2_PLACEMENT_3D('',#1637,#1638,#1639);
#1637 = CARTESIAN_POINT('',(3.2375,283.2375,83.975));
#1638 = DIRECTION('',(0.,0.,1.));
#1639 = DIRECTION('',(1.,0.,0.));
#1640 = FACE_BOUND('',#1641,.F.);
#1641 = EDGE_LOOP('',(#1642));
#1642 = ORIENTED_EDGE('',*,*,#1643,.F.);
#1643 = EDGE_CURVE('',#1644,#1644,#1646,.T.);
#1644 = VERTEX_POINT('',#1645);
#1645 = CARTESIAN_POINT('',(100.6125,283.2375,83.975));
#1646 = CIRCLE('',#1647,2.25);
#1647 = AXIS2_PLACEMENT_3D('',#1648,#1649,#1650);
#1648 = CARTESIAN_POINT('',(98.3625,283.2375,83.975));
#1649 = DIRECTION('',(0.,0.,1.));
#1650 = DIRECTION('',(1.,0.,0.));
#1651 = FACE_BOUND('',#1652,.F.);
#1652 = EDGE_LOOP('',(#1653));
#1653 = ORIENTED_EDGE('',*,*,#1654,.F.);
#1654 = EDGE_CURVE('',#1655,#1655,#1657,.T.);
#1655 = VERTEX_POINT('',#1656);
#1656 = CARTESIAN_POINT('',(5.4875,378.3625,83.975));
#1657 = CIRCLE('',#1658,2.25);
#1658 = AXIS2_PLACEMENT_3D('',#1659,#1660,#1661);
#1659 = CARTESIAN_POINT('',(3.2375,378.3625,83.975));
#1660 = DIRECTION('',(0.,0.,1.));
#1661 = DIRECTION('',(1.,0.,0.));
#1662 = FACE_BOUND('',#1663,.F.);
#1663 = EDGE_LOOP('',(#1664));
#1664 = ORIENTED_EDGE('',*,*,#1665,.F.);
#1665 = EDGE_CURVE('',#1666,#1666,#1668,.T.);
#1666 = VERTEX_POINT('',#1667);
#1667 = CARTESIAN_POINT('',(100.6125,378.3625,83.975));
#1668 = CIRCLE('',#1669,2.25);
#1669 = AXIS2_PLACEMENT_3D('',#1670,#1671,#1672);
#1670 = CARTESIAN_POINT('',(98.3625,378.3625,83.975));
#1671 = DIRECTION('',(0.,0.,1.));
#1672 = DIRECTION('',(1.,0.,0.));
#1673 = PLANE('',#1674);
#1674 = AXIS2_PLACEMENT_3D('',#1675,#1676,#1677);
#1675 = CARTESIAN_POINT('',(50.8,330.8,83.975));
#1676 = DIRECTION('',(0.,0.,1.));
#1677 = DIRECTION('',(1.,0.,0.));
#1678 = ADVANCED_FACE('',(#1679,#1690,#1701,#1712,#1723),#1734,.T.);
#1679 = FACE_BOUND('',#1680,.T.);
#1680 = EDGE_LOOP('',(#1681,#1682,#1683,#1689));
#1681 = ORIENTED_EDGE('',*,*,#1529,.T.);
#1682 = ORIENTED_EDGE('',*,*,#1591,.T.);
#1683 = ORIENTED_EDGE('',*,*,#1684,.T.);
#1684 = EDGE_CURVE('',#1592,#1562,#1685,.T.);
#1685 = LINE('',#1686,#1687);
#1686 = CARTESIAN_POINT('',(106.3625,386.3625,90.071));
#1687 = VECTOR('',#1688,1.);
#1688 = DIRECTION('',(-1.,0.,0.));
#1689 = ORIENTED_EDGE('',*,*,#1569,.T.);
#1690 = FACE_BOUND('',#1691,.T.);
#1691 = EDGE_LOOP('',(#1692));
#1692 = ORIENTED_EDGE('',*,*,#1693,.T.);
#1693 = EDGE_CURVE('',#1694,#1694,#1696,.T.);
#1694 = VERTEX_POINT('',#1695);
#1695 = CARTESIAN_POINT('',(5.4875,283.2375,90.071));
#1696 = CIRCLE('',#1697,2.25);
#1697 = AXIS2_PLACEMENT_3D('',#1698,#1699,#1700);
#1698 = CARTESIAN_POINT('',(3.2375,283.2375,90.071));
#1699 = DIRECTION('',(0.,0.,-1.));
#1700 = DIRECTION('',(1.,0.,0.));
#1701 = FACE_BOUND('',#1702,.T.);
#1702 = EDGE_LOOP('',(#1703));
#1703 = ORIENTED_EDGE('',*,*,#1704,.T.);
#1704 = EDGE_CURVE('',#1705,#1705,#1707,.T.);
#1705 = VERTEX_POINT('',#1706);
#1706 = CARTESIAN_POINT('',(100.6125,283.2375,90.071));
#1707 = CIRCLE('',#1708,2.25);
#1708 = AXIS2_PLACEMENT_3D('',#1709,#1710,#1711);
#1709 = CARTESIAN_POINT('',(98.3625,283.2375,90.071));
#1710 = DIRECTION('',(0.,0.,-1.));
#1711 = DIRECTION('',(1.,0.,0.));
#1712 = FACE_BOUND('',#1713,.T.);
#1713 = EDGE_LOOP('',(#1714));
#1714 = ORIENTED_EDGE('',*,*,#1715,.T.);
#1715 = EDGE_CURVE('',#1716,#1716,#1718,.T.);
#1716 = VERTEX_POINT('',#1717);
#1717 = CARTESIAN_POINT('',(5.4875,378.3625,90.071));
#1718 = CIRCLE('',#1719,2.25);
#1719 = AXIS2_PLACEMENT_3D('',#1720,#1721,#1722);
#1720 = CARTESIAN_POINT('',(3.2375,378.3625,90.071));
#1721 = DIRECTION('',(0.,0.,-1.));
#1722 = DIRECTION('',(1.,0.,0.));
#1723 = FACE_BOUND('',#1724,.T.);
#1724 = EDGE_LOOP('',(#1725));
#1725 = ORIENTED_EDGE('',*,*,#1726,.T.);
#1726 = EDGE_CURVE('',#1727,#1727,#1729,.T.);
#1727 = VERTEX_POINT('',#1728);
#1728 = CARTESIAN_POINT('',(100.6125,378.3625,90.071));
#1729 = CIRCLE('',#1730,2.25);
#1730 = AXIS2_PLACEMENT_3D('',#1731,#1732,#1733);
#1731 = CARTESIAN_POINT('',(98.3625,378.3625,90.071));
#1732 = DIRECTION('',(0.,0.,-1.));
#1733 = DIRECTION('',(1.,0.,0.));
#1734 = PLANE('',#1735);
#1735 = AXIS2_PLACEMENT_3D('',#1736,#1737,#1738);
#1736 = CARTESIAN_POINT('',(50.8,330.8,90.071));
#1737 = DIRECTION('',(0.,0.,1.));
#1738 = DIRECTION('',(1.,0.,0.));
#1739 = ADVANCED_FACE('',(#1740),#1746,.F.);
#1740 = FACE_BOUND('',#1741,.F.);
#1741 = EDGE_LOOP('',(#1742,#1743,#1744,#1745));
#1742 = ORIENTED_EDGE('',*,*,#1599,.T.);
#1743 = ORIENTED_EDGE('',*,*,#1684,.T.);
#1744 = ORIENTED_EDGE('',*,*,#1559,.F.);
#1745 = ORIENTED_EDGE('',*,*,#1623,.F.);
#1746 = PLANE('',#1747);
#1747 = AXIS2_PLACEMENT_3D('',#1748,#1749,#1750);
#1748 = CARTESIAN_POINT('',(106.3625,386.3625,83.975));
#1749 = DIRECTION('',(0.,-1.,0.));
#1750 = DIRECTION('',(-1.,0.,0.));
#1751 = ADVANCED_FACE('',(#1752),#1763,.F.);
#1752 = FACE_BOUND('',#1753,.T.);
#1753 = EDGE_LOOP('',(#1754,#1755,#1761,#1762));
#1754 = ORIENTED_EDGE('',*,*,#1632,.F.);
#1755 = ORIENTED_EDGE('',*,*,#1756,.T.);
#1756 = EDGE_CURVE('',#1633,#1694,#1757,.T.);
#1757 = LINE('',#1758,#1759);
#1758 = CARTESIAN_POINT('',(5.4875,283.2375,83.975));
#1759 = VECTOR('',#1760,1.);
#1760 = DIRECTION('',(0.,0.,1.));
#1761 = ORIENTED_EDGE('',*,*,#1693,.F.);
#1762 = ORIENTED_EDGE('',*,*,#1756,.F.);
#1763 = CYLINDRICAL_SURFACE('',#1764,2.25);
#1764 = AXIS2_PLACEMENT_3D('',#1765,#1766,#1767);
#1765 = CARTESIAN_POINT('',(3.2375,283.2375,83.975));
#1766 = DIRECTION('',(-0.,-0.,-1.));
#1767 = DIRECTION('',(1.,0.,0.));
#1768 = ADVANCED_FACE('',(#1769),#1780,.F.);
#1769 = FACE_BOUND('',#1770,.T.);
#1770 = EDGE_LOOP('',(#1771,#1772,#1778,#1779));
#1771 = ORIENTED_EDGE('',*,*,#1643,.F.);
#1772 = ORIENTED_EDGE('',*,*,#1773,.T.);
#1773 = EDGE_CURVE('',#1644,#1705,#1774,.T.);
#1774 = LINE('',#1775,#1776);
#1775 = CARTESIAN_POINT('',(100.6125,283.2375,83.975));
#1776 = VECTOR('',#1777,1.);
#1777 = DIRECTION('',(0.,0.,1.));
#1778 = ORIENTED_EDGE('',*,*,#1704,.F.);
#1779 = ORIENTED_EDGE('',*,*,#1773,.F.);
#1780 = CYLINDRICAL_SURFACE('',#1781,2.25);
#1781 = AXIS2_PLACEMENT_3D('',#1782,#1783,#1784);
#1782 = CARTESIAN_POINT('',(98.3625,283.2375,83.975));
#1783 = DIRECTION('',(-0.,-0.,-1.));
#1784 = DIRECTION('',(1.,0.,0.));
#1785 = ADVANCED_FACE('',(#1786),#1797,.F.);
#1786 = FACE_BOUND('',#1787,.T.);
#1787 = EDGE_LOOP('',(#1788,#1789,#1795,#1796));
#1788 = ORIENTED_EDGE('',*,*,#1654,.F.);
#1789 = ORIENTED_EDGE('',*,*,#1790,.T.);
#1790 = EDGE_CURVE('',#1655,#1716,#1791,.T.);
#1791 = LINE('',#1792,#1793);
#1792 = CARTESIAN_POINT('',(5.4875,378.3625,83.975));
#1793 = VECTOR('',#1794,1.);
#1794 = DIRECTION('',(0.,0.,1.));
#1795 = ORIENTED_EDGE('',*,*,#1715,.F.);
#1796 = ORIENTED_EDGE('',*,*,#1790,.F.);
#1797 = CYLINDRICAL_SURFACE('',#1798,2.25);
#1798 = AXIS2_PLACEMENT_3D('',#1799,#1800,#1801);
#1799 = CARTESIAN_POINT('',(3.2375,378.3625,83.975));
#1800 = DIRECTION('',(-0.,-0.,-1.));
#1801 = DIRECTION('',(1.,0.,0.));
#1802 = ADVANCED_FACE('',(#1803),#1814,.F.);
#1803 = FACE_BOUND('',#1804,.T.);
#1804 = EDGE_LOOP('',(#1805,#1806,#1812,#1813));
#1805 = ORIENTED_EDGE('',*,*,#1665,.F.);
#1806 = ORIENTED_EDGE('',*,*,#1807,.T.);
#1807 = EDGE_CURVE('',#1666,#1727,#1808,.T.);
#1808 = LINE('',#1809,#1810);
#1809 = CARTESIAN_POINT('',(100.6125,378.3625,83.975));
#1810 = VECTOR('',#1811,1.);
#1811 = DIRECTION('',(0.,0.,1.));
#1812 = ORIENTED_EDGE('',*,*,#1726,.F.);
#1813 = ORIENTED_EDGE('',*,*,#1807,.F.);
#1814 = CYLINDRICAL_SURFACE('',#1815,2.25);
#1815 = AXIS2_PLACEMENT_3D('',#1816,#1817,#1818);
#1816 = CARTESIAN_POINT('',(98.3625,378.3625,83.975));
#1817 = DIRECTION('',(-0.,-0.,-1.));
#1818 = DIRECTION('',(1.,0.,0.));
#1819 = MANIFOLD_SOLID_BREP('',#1820);
#1820 = CLOSED_SHELL('',(#1821,#1861,#1892,#1950,#1974,#2025,#2037,#2059
    ,#2076,#2093));
#1821 = ADVANCED_FACE('',(#1822),#1856,.F.);
#1822 = FACE_BOUND('',#1823,.F.);
#1823 = EDGE_LOOP('',(#1824,#1834,#1842,#1850));
#1824 = ORIENTED_EDGE('',*,*,#1825,.F.);
#1825 = EDGE_CURVE('',#1826,#1828,#1830,.T.);
#1826 = VERTEX_POINT('',#1827);
#1827 = CARTESIAN_POINT('',(-4.7625,275.2375,50.8));
#1828 = VERTEX_POINT('',#1829);
#1829 = CARTESIAN_POINT('',(-4.7625,275.2375,53.975));
#1830 = LINE('',#1831,#1832);
#1831 = CARTESIAN_POINT('',(-4.7625,275.2375,50.8));
#1832 = VECTOR('',#1833,1.);
#1833 = DIRECTION('',(0.,0.,1.));
#1834 = ORIENTED_EDGE('',*,*,#1835,.T.);
#1835 = EDGE_CURVE('',#1826,#1836,#1838,.T.);
#1836 = VERTEX_POINT('',#1837);
#1837 = CARTESIAN_POINT('',(-4.7625,386.3625,50.8));
#1838 = LINE('',#1839,#1840);
#1839 = CARTESIAN_POINT('',(-4.7625,275.2375,50.8));
#1840 = VECTOR('',#1841,1.);
#1841 = DIRECTION('',(-0.,1.,0.));
#1842 = ORIENTED_EDGE('',*,*,#1843,.T.);
#1843 = EDGE_CURVE('',#1836,#1844,#1846,.T.);
#1844 = VERTEX_POINT('',#1845);
#1845 = CARTESIAN_POINT('',(-4.7625,386.3625,53.975));
#1846 = LINE('',#1847,#1848);
#1847 = CARTESIAN_POINT('',(-4.7625,386.3625,50.8));
#1848 = VECTOR('',#1849,1.);
#1849 = DIRECTION('',(0.,0.,1.));
#1850 = ORIENTED_EDGE('',*,*,#1851,.F.);
#1851 = EDGE_CURVE('',#1828,#1844,#1852,.T.);
#1852 = LINE('',#1853,#1854);
#1853 = CARTESIAN_POINT('',(-4.7625,275.2375,53.975));
#1854 = VECTOR('',#1855,1.);
#1855 = DIRECTION('',(-0.,1.,0.));
#1856 = PLANE('',#1857);
#1857 = AXIS2_PLACEMENT_3D('',#1858,#1859,#1860);
#1858 = CARTESIAN_POINT('',(-4.7625,275.2375,50.8));
#1859 = DIRECTION('',(1.,0.,-0.));
#1860 = DIRECTION('',(0.,0.,1.));
#1861 = ADVANCED_FACE('',(#1862),#1887,.F.);
#1862 = FACE_BOUND('',#1863,.F.);
#1863 = EDGE_LOOP('',(#1864,#1872,#1873,#1881));
#1864 = ORIENTED_EDGE('',*,*,#1865,.F.);
#1865 = EDGE_CURVE('',#1826,#1866,#1868,.T.);
#1866 = VERTEX_POINT('',#1867);
#1867 = CARTESIAN_POINT('',(106.3625,275.2375,50.8));
#1868 = LINE('',#1869,#1870);
#1869 = CARTESIAN_POINT('',(-4.7625,275.2375,50.8));
#1870 = VECTOR('',#1871,1.);
#1871 = DIRECTION('',(1.,0.,-0.));
#1872 = ORIENTED_EDGE('',*,*,#1825,.T.);
#1873 = ORIENTED_EDGE('',*,*,#1874,.T.);
#1874 = EDGE_CURVE('',#1828,#1875,#1877,.T.);
#1875 = VERTEX_POINT('',#1876);
#1876 = CARTESIAN_POINT('',(106.3625,275.2375,53.975));
#1877 = LINE('',#1878,#1879);
#1878 = CARTESIAN_POINT('',(-4.7625,275.2375,53.975));
#1879 = VECTOR('',#1880,1.);
#1880 = DIRECTION('',(1.,0.,-0.));
#1881 = ORIENTED_EDGE('',*,*,#1882,.F.);
#1882 = EDGE_CURVE('',#1866,#1875,#1883,.T.);
#1883 = LINE('',#1884,#1885);
#1884 = CARTESIAN_POINT('',(106.3625,275.2375,50.8));
#1885 = VECTOR('',#1886,1.);
#1886 = DIRECTION('',(0.,0.,1.));
#1887 = PLANE('',#1888);
#1888 = AXIS2_PLACEMENT_3D('',#1889,#1890,#1891);
#1889 = CARTESIAN_POINT('',(-4.7625,275.2375,50.8));
#1890 = DIRECTION('',(-0.,1.,0.));
#1891 = DIRECTION('',(0.,0.,1.));
#1892 = ADVANCED_FACE('',(#1893,#1911),#1945,.T.);
#1893 = FACE_BOUND('',#1894,.T.);
#1894 = EDGE_LOOP('',(#1895,#1896,#1897,#1905));
#1895 = ORIENTED_EDGE('',*,*,#1851,.F.);
#1896 = ORIENTED_EDGE('',*,*,#1874,.T.);
#1897 = ORIENTED_EDGE('',*,*,#1898,.T.);
#1898 = EDGE_CURVE('',#1875,#1899,#1901,.T.);
#1899 = VERTEX_POINT('',#1900);
#1900 = CARTESIAN_POINT('',(106.3625,386.3625,53.975));
#1901 = LINE('',#1902,#1903);
#1902 = CARTESIAN_POINT('',(106.3625,275.2375,53.975));
#1903 = VECTOR('',#1904,1.);
#1904 = DIRECTION('',(-0.,1.,0.));
#1905 = ORIENTED_EDGE('',*,*,#1906,.F.);
#1906 = EDGE_CURVE('',#1844,#1899,#1907,.T.);
#1907 = LINE('',#1908,#1909);
#1908 = CARTESIAN_POINT('',(-4.7625,386.3625,53.975));
#1909 = VECTOR('',#1910,1.);
#1910 = DIRECTION('',(1.,0.,-0.));
#1911 = FACE_BOUND('',#1912,.T.);
#1912 = EDGE_LOOP('',(#1913,#1923,#1931,#1939));
#1913 = ORIENTED_EDGE('',*,*,#1914,.T.);
#1914 = EDGE_CURVE('',#1915,#1917,#1919,.T.);
#1915 = VERTEX_POINT('',#1916);
#1916 = CARTESIAN_POINT('',(100.6,281.,53.975));
#1917 = VERTEX_POINT('',#1918);
#1918 = CARTESIAN_POINT('',(1.,281.,53.975));
#1919 = LINE('',#1920,#1921);
#1920 = CARTESIAN_POINT('',(-1.88125,281.,53.975));
#1921 = VECTOR('',#1922,1.);
#1922 = DIRECTION('',(-1.,-0.,0.));
#1923 = ORIENTED_EDGE('',*,*,#1924,.T.);
#1924 = EDGE_CURVE('',#1917,#1925,#1927,.T.);
#1925 = VERTEX_POINT('',#1926);
#1926 = CARTESIAN_POINT('',(1.,380.6,53.975));
#1927 = LINE('',#1928,#1929);
#1928 = CARTESIAN_POINT('',(1.,278.11875,53.975));
#1929 = VECTOR('',#1930,1.);
#1930 = DIRECTION('',(-0.,1.,0.));
#1931 = ORIENTED_EDGE('',*,*,#1932,.F.);
#1932 = EDGE_CURVE('',#1933,#1925,#1935,.T.);
#1933 = VERTEX_POINT('',#1934);
#1934 = CARTESIAN_POINT('',(100.6,380.6,53.975));
#1935 = LINE('',#1936,#1937);
#1936 = CARTESIAN_POINT('',(-1.88125,380.6,53.975));
#1937 = VECTOR('',#1938,1.);
#1938 = DIRECTION('',(-1.,-0.,0.));
#1939 = ORIENTED_EDGE('',*,*,#1940,.F.);
#1940 = EDGE_CURVE('',#1915,#1933,#1941,.T.);
#1941 = LINE('',#1942,#1943);
#1942 = CARTESIAN_POINT('',(100.6,278.11875,53.975));
#1943 = VECTOR('',#1944,1.);
#1944 = DIRECTION('',(-0.,1.,0.));
#1945 = PLANE('',#1946);
#1946 = AXIS2_PLACEMENT_3D('',#1947,#1948,#1949);
#1947 = CARTESIAN_POINT('',(-4.7625,275.2375,53.975));
#1948 = DIRECTION('',(0.,0.,1.));
#1949 = DIRECTION('',(1.,0.,-0.));
#1950 = ADVANCED_FACE('',(#1951),#1969,.T.);
#1951 = FACE_BOUND('',#1952,.T.);
#1952 = EDGE_LOOP('',(#1953,#1961,#1962,#1963));
#1953 = ORIENTED_EDGE('',*,*,#1954,.F.);
#1954 = EDGE_CURVE('',#1836,#1955,#1957,.T.);
#1955 = VERTEX_POINT('',#1956);
#1956 = CARTESIAN_POINT('',(106.3625,386.3625,50.8));
#1957 = LINE('',#1958,#1959);
#1958 = CARTESIAN_POINT('',(-4.7625,386.3625,50.8));
#1959 = VECTOR('',#1960,1.);
#1960 = DIRECTION('',(1.,0.,-0.));
#1961 = ORIENTED_EDGE('',*,*,#1843,.T.);
#1962 = ORIENTED_EDGE('',*,*,#1906,.T.);
#1963 = ORIENTED_EDGE('',*,*,#1964,.F.);
#1964 = EDGE_CURVE('',#1955,#1899,#1965,.T.);
#1965 = LINE('',#1966,#1967);
#1966 = CARTESIAN_POINT('',(106.3625,386.3625,50.8));
#1967 = VECTOR('',#1968,1.);
#1968 = DIRECTION('',(0.,0.,1.));
#1969 = PLANE('',#1970);
#1970 = AXIS2_PLACEMENT_3D('',#1971,#1972,#1973);
#1971 = CARTESIAN_POINT('',(-4.7625,386.3625,50.8));
#1972 = DIRECTION('',(-0.,1.,0.));
#1973 = DIRECTION('',(0.,0.,1.));
#1974 = ADVANCED_FACE('',(#1975,#1986),#2020,.F.);
#1975 = FACE_BOUND('',#1976,.F.);
#1976 = EDGE_LOOP('',(#1977,#1978,#1979,#1985));
#1977 = ORIENTED_EDGE('',*,*,#1835,.F.);
#1978 = ORIENTED_EDGE('',*,*,#1865,.T.);
#1979 = ORIENTED_EDGE('',*,*,#1980,.T.);
#1980 = EDGE_CURVE('',#1866,#1955,#1981,.T.);
#1981 = LINE('',#1982,#1983);
#1982 = CARTESIAN_POINT('',(106.3625,275.2375,50.8));
#1983 = VECTOR('',#1984,1.);
#1984 = DIRECTION('',(-0.,1.,0.));
#1985 = ORIENTED_EDGE('',*,*,#1954,.F.);
#1986 = FACE_BOUND('',#1987,.F.);
#1987 = EDGE_LOOP('',(#1988,#1998,#2006,#2014));
#1988 = ORIENTED_EDGE('',*,*,#1989,.T.);
#1989 = EDGE_CURVE('',#1990,#1992,#1994,.T.);
#1990 = VERTEX_POINT('',#1991);
#1991 = CARTESIAN_POINT('',(100.6,281.,50.8));
#1992 = VERTEX_POINT('',#1993);
#1993 = CARTESIAN_POINT('',(1.,281.,50.8));
#1994 = LINE('',#1995,#1996);
#1995 = CARTESIAN_POINT('',(-1.88125,281.,50.8));
#1996 = VECTOR('',#1997,1.);
#1997 = DIRECTION('',(-1.,-0.,0.));
#1998 = ORIENTED_EDGE('',*,*,#1999,.T.);
#1999 = EDGE_CURVE('',#1992,#2000,#2002,.T.);
#2000 = VERTEX_POINT('',#2001);
#2001 = CARTESIAN_POINT('',(1.,380.6,50.8));
#2002 = LINE('',#2003,#2004);
#2003 = CARTESIAN_POINT('',(1.,278.11875,50.8));
#2004 = VECTOR('',#2005,1.);
#2005 = DIRECTION('',(-0.,1.,0.));
#2006 = ORIENTED_EDGE('',*,*,#2007,.F.);
#2007 = EDGE_CURVE('',#2008,#2000,#2010,.T.);
#2008 = VERTEX_POINT('',#2009);
#2009 = CARTESIAN_POINT('',(100.6,380.6,50.8));
#2010 = LINE('',#2011,#2012);
#2011 = CARTESIAN_POINT('',(-1.88125,380.6,50.8));
#2012 = VECTOR('',#2013,1.);
#2013 = DIRECTION('',(-1.,-0.,0.));
#2014 = ORIENTED_EDGE('',*,*,#2015,.F.);
#2015 = EDGE_CURVE('',#1990,#2008,#2016,.T.);
#2016 = LINE('',#2017,#2018);
#2017 = CARTESIAN_POINT('',(100.6,278.11875,50.8));
#2018 = VECTOR('',#2019,1.);
#2019 = DIRECTION('',(-0.,1.,0.));
#2020 = PLANE('',#2021);
#2021 = AXIS2_PLACEMENT_3D('',#2022,#2023,#2024);
#2022 = CARTESIAN_POINT('',(-4.7625,275.2375,50.8));
#2023 = DIRECTION('',(0.,0.,1.));
#2024 = DIRECTION('',(1.,0.,-0.));
#2025 = ADVANCED_FACE('',(#2026),#2032,.T.);
#2026 = FACE_BOUND('',#2027,.T.);
#2027 = EDGE_LOOP('',(#2028,#2029,#2030,#2031));
#2028 = ORIENTED_EDGE('',*,*,#1882,.F.);
#2029 = ORIENTED_EDGE('',*,*,#1980,.T.);
#2030 = ORIENTED_EDGE('',*,*,#1964,.T.);
#2031 = ORIENTED_EDGE('',*,*,#1898,.F.);
#2032 = PLANE('',#2033);
#2033 = AXIS2_PLACEMENT_3D('',#2034,#2035,#2036);
#2034 = CARTESIAN_POINT('',(106.3625,275.2375,50.8));
#2035 = DIRECTION('',(1.,0.,-0.));
#2036 = DIRECTION('',(0.,0.,1.));
#2037 = ADVANCED_FACE('',(#2038),#2054,.T.);
#2038 = FACE_BOUND('',#2039,.T.);
#2039 = EDGE_LOOP('',(#2040,#2046,#2047,#2053));
#2040 = ORIENTED_EDGE('',*,*,#2041,.F.);
#2041 = EDGE_CURVE('',#1990,#1915,#2042,.T.);
#2042 = LINE('',#2043,#2044);
#2043 = CARTESIAN_POINT('',(100.6,281.,49.8));
#2044 = VECTOR('',#2045,1.);
#2045 = DIRECTION('',(0.,0.,1.));
#2046 = ORIENTED_EDGE('',*,*,#1989,.T.);
#2047 = ORIENTED_EDGE('',*,*,#2048,.T.);
#2048 = EDGE_CURVE('',#1992,#1917,#2049,.T.);
#2049 = LINE('',#2050,#2051);
#2050 = CARTESIAN_POINT('',(1.,281.,49.8));
#2051 = VECTOR('',#2052,1.);
#2052 = DIRECTION('',(0.,0.,1.));
#2053 = ORIENTED_EDGE('',*,*,#1914,.F.);
#2054 = PLANE('',#2055);
#2055 = AXIS2_PLACEMENT_3D('',#2056,#2057,#2058);
#2056 = CARTESIAN_POINT('',(1.,281.,49.8));
#2057 = DIRECTION('',(-0.,1.,0.));
#2058 = DIRECTION('',(0.,0.,1.));
#2059 = ADVANCED_FACE('',(#2060),#2071,.F.);
#2060 = FACE_BOUND('',#2061,.F.);
#2061 = EDGE_LOOP('',(#2062,#2063,#2064,#2070));
#2062 = ORIENTED_EDGE('',*,*,#2041,.F.);
#2063 = ORIENTED_EDGE('',*,*,#2015,.T.);
#2064 = ORIENTED_EDGE('',*,*,#2065,.T.);
#2065 = EDGE_CURVE('',#2008,#1933,#2066,.T.);
#2066 = LINE('',#2067,#2068);
#2067 = CARTESIAN_POINT('',(100.6,380.6,49.8));
#2068 = VECTOR('',#2069,1.);
#2069 = DIRECTION('',(0.,0.,1.));
#2070 = ORIENTED_EDGE('',*,*,#1940,.F.);
#2071 = PLANE('',#2072);
#2072 = AXIS2_PLACEMENT_3D('',#2073,#2074,#2075);
#2073 = CARTESIAN_POINT('',(100.6,281.,49.8));
#2074 = DIRECTION('',(1.,0.,-0.));
#2075 = DIRECTION('',(0.,0.,1.));
#2076 = ADVANCED_FACE('',(#2077),#2088,.F.);
#2077 = FACE_BOUND('',#2078,.F.);
#2078 = EDGE_LOOP('',(#2079,#2080,#2081,#2087));
#2079 = ORIENTED_EDGE('',*,*,#2065,.F.);
#2080 = ORIENTED_EDGE('',*,*,#2007,.T.);
#2081 = ORIENTED_EDGE('',*,*,#2082,.T.);
#2082 = EDGE_CURVE('',#2000,#1925,#2083,.T.);
#2083 = LINE('',#2084,#2085);
#2084 = CARTESIAN_POINT('',(1.,380.6,49.8));
#2085 = VECTOR('',#2086,1.);
#2086 = DIRECTION('',(0.,0.,1.));
#2087 = ORIENTED_EDGE('',*,*,#1932,.F.);
#2088 = PLANE('',#2089);
#2089 = AXIS2_PLACEMENT_3D('',#2090,#2091,#2092);
#2090 = CARTESIAN_POINT('',(1.,380.6,49.8));
#2091 = DIRECTION('',(-0.,1.,0.));
#2092 = DIRECTION('',(0.,0.,1.));
#2093 = ADVANCED_FACE('',(#2094),#2100,.T.);
#2094 = FACE_BOUND('',#2095,.T.);
#2095 = EDGE_LOOP('',(#2096,#2097,#2098,#2099));
#2096 = ORIENTED_EDGE('',*,*,#2048,.F.);
#2097 = ORIENTED_EDGE('',*,*,#1999,.T.);
#2098 = ORIENTED_EDGE('',*,*,#2082,.T.);
#2099 = ORIENTED_EDGE('',*,*,#1924,.F.);
#2100 = PLANE('',#2101);
#2101 = AXIS2_PLACEMENT_3D('',#2102,#2103,#2104);
#2102 = CARTESIAN_POINT('',(1.,281.,49.8));
#2103 = DIRECTION('',(1.,0.,-0.));
#2104 = DIRECTION('',(0.,0.,1.));
#2105 = MANIFOLD_SOLID_BREP('',#2106);
#2106 = CLOSED_SHELL('',(#2107,#2147,#2178,#2209,#2240,#2271,#2306,#2337
    ,#2372,#2396,#2429,#2453,#2477,#2499,#2534,#2551,#2563,#2580,#2592,
    #2604));
#2107 = ADVANCED_FACE('',(#2108),#2142,.F.);
#2108 = FACE_BOUND('',#2109,.F.);
#2109 = EDGE_LOOP('',(#2110,#2120,#2128,#2136));
#2110 = ORIENTED_EDGE('',*,*,#2111,.F.);
#2111 = EDGE_CURVE('',#2112,#2114,#2116,.T.);
#2112 = VERTEX_POINT('',#2113);
#2113 = CARTESIAN_POINT('',(24.6,330.73,0.));
#2114 = VERTEX_POINT('',#2115);
#2115 = CARTESIAN_POINT('',(77.,330.73,0.));
#2116 = LINE('',#2117,#2118);
#2117 = CARTESIAN_POINT('',(24.6,330.73,0.));
#2118 = VECTOR('',#2119,1.);
#2119 = DIRECTION('',(1.,0.,-0.));
#2120 = ORIENTED_EDGE('',*,*,#2121,.T.);
#2121 = EDGE_CURVE('',#2112,#2122,#2124,.T.);
#2122 = VERTEX_POINT('',#2123);
#2123 = CARTESIAN_POINT('',(24.6,330.73,2.5));
#2124 = LINE('',#2125,#2126);
#2125 = CARTESIAN_POINT('',(24.6,330.73,0.));
#2126 = VECTOR('',#2127,1.);
#2127 = DIRECTION('',(0.,0.,1.));
#2128 = ORIENTED_EDGE('',*,*,#2129,.T.);
#2129 = EDGE_CURVE('',#2122,#2130,#2132,.T.);
#2130 = VERTEX_POINT('',#2131);
#2131 = CARTESIAN_POINT('',(77.,330.73,2.5));
#2132 = LINE('',#2133,#2134);
#2133 = CARTESIAN_POINT('',(16.51,330.73,2.5));
#2134 = VECTOR('',#2135,1.);
#2135 = DIRECTION('',(1.,0.,-0.));
#2136 = ORIENTED_EDGE('',*,*,#2137,.F.);
#2137 = EDGE_CURVE('',#2114,#2130,#2138,.T.);
#2138 = LINE('',#2139,#2140);
#2139 = CARTESIAN_POINT('',(77.,330.73,0.));
#2140 = VECTOR('',#2141,1.);
#2141 = DIRECTION('',(0.,0.,1.));
#2142 = PLANE('',#2143);
#2143 = AXIS2_PLACEMENT_3D('',#2144,#2145,#2146);
#2144 = CARTESIAN_POINT('',(24.6,330.73,0.));
#2145 = DIRECTION('',(-0.,1.,0.));
#2146 = DIRECTION('',(0.,0.,1.));
#2147 = ADVANCED_FACE('',(#2148),#2173,.F.);
#2148 = FACE_BOUND('',#2149,.F.);
#2149 = EDGE_LOOP('',(#2150,#2158,#2159,#2167));
#2150 = ORIENTED_EDGE('',*,*,#2151,.F.);
#2151 = EDGE_CURVE('',#2112,#2152,#2154,.T.);
#2152 = VERTEX_POINT('',#2153);
#2153 = CARTESIAN_POINT('',(24.6,365.27,0.));
#2154 = LINE('',#2155,#2156);
#2155 = CARTESIAN_POINT('',(24.6,330.73,0.));
#2156 = VECTOR('',#2157,1.);
#2157 = DIRECTION('',(-0.,1.,0.));
#2158 = ORIENTED_EDGE('',*,*,#2111,.T.);
#2159 = ORIENTED_EDGE('',*,*,#2160,.T.);
#2160 = EDGE_CURVE('',#2114,#2161,#2163,.T.);
#2161 = VERTEX_POINT('',#2162);
#2162 = CARTESIAN_POINT('',(77.,365.27,0.));
#2163 = LINE('',#2164,#2165);
#2164 = CARTESIAN_POINT('',(77.,330.73,0.));
#2165 = VECTOR('',#2166,1.);
#2166 = DIRECTION('',(-0.,1.,0.));
#2167 = ORIENTED_EDGE('',*,*,#2168,.F.);
#2168 = EDGE_CURVE('',#2152,#2161,#2169,.T.);
#2169 = LINE('',#2170,#2171);
#2170 = CARTESIAN_POINT('',(24.6,365.27,0.));
#2171 = VECTOR('',#2172,1.);
#2172 = DIRECTION('',(1.,0.,-0.));
#2173 = PLANE('',#2174);
#2174 = AXIS2_PLACEMENT_3D('',#2175,#2176,#2177);
#2175 = CARTESIAN_POINT('',(24.6,330.73,0.));
#2176 = DIRECTION('',(0.,0.,1.));
#2177 = DIRECTION('',(1.,0.,-0.));
#2178 = ADVANCED_FACE('',(#2179),#2204,.F.);
#2179 = FACE_BOUND('',#2180,.F.);
#2180 = EDGE_LOOP('',(#2181,#2189,#2190,#2198));
#2181 = ORIENTED_EDGE('',*,*,#2182,.F.);
#2182 = EDGE_CURVE('',#2114,#2183,#2185,.T.);
#2183 = VERTEX_POINT('',#2184);
#2184 = CARTESIAN_POINT('',(85.09,330.73,0.));
#2185 = LINE('',#2186,#2187);
#2186 = CARTESIAN_POINT('',(16.51,330.73,0.));
#2187 = VECTOR('',#2188,1.);
#2188 = DIRECTION('',(1.,0.,-0.));
#2189 = ORIENTED_EDGE('',*,*,#2137,.T.);
#2190 = ORIENTED_EDGE('',*,*,#2191,.T.);
#2191 = EDGE_CURVE('',#2130,#2192,#2194,.T.);
#2192 = VERTEX_POINT('',#2193);
#2193 = CARTESIAN_POINT('',(85.09,330.73,2.5));
#2194 = LINE('',#2195,#2196);
#2195 = CARTESIAN_POINT('',(16.51,330.73,2.5));
#2196 = VECTOR('',#2197,1.);
#2197 = DIRECTION('',(1.,0.,-0.));
#2198 = ORIENTED_EDGE('',*,*,#2199,.F.);
#2199 = EDGE_CURVE('',#2183,#2192,#2200,.T.);
#2200 = LINE('',#2201,#2202);
#2201 = CARTESIAN_POINT('',(85.09,330.73,0.));
#2202 = VECTOR('',#2203,1.);
#2203 = DIRECTION('',(0.,0.,1.));
#2204 = PLANE('',#2205);
#2205 = AXIS2_PLACEMENT_3D('',#2206,#2207,#2208);
#2206 = CARTESIAN_POINT('',(16.51,330.73,0.));
#2207 = DIRECTION('',(-0.,1.,0.));
#2208 = DIRECTION('',(0.,0.,1.));
#2209 = ADVANCED_FACE('',(#2210),#2235,.F.);
#2210 = FACE_BOUND('',#2211,.F.);
#2211 = EDGE_LOOP('',(#2212,#2213,#2221,#2229));
#2212 = ORIENTED_EDGE('',*,*,#2129,.F.);
#2213 = ORIENTED_EDGE('',*,*,#2214,.T.);
#2214 = EDGE_CURVE('',#2122,#2215,#2217,.T.);
#2215 = VERTEX_POINT('',#2216);
#2216 = CARTESIAN_POINT('',(24.6,330.73,26.42));
#2217 = LINE('',#2218,#2219);
#2218 = CARTESIAN_POINT('',(24.6,330.73,0.));
#2219 = VECTOR('',#2220,1.);
#2220 = DIRECTION('',(0.,0.,1.));
#2221 = ORIENTED_EDGE('',*,*,#2222,.T.);
#2222 = EDGE_CURVE('',#2215,#2223,#2225,.T.);
#2223 = VERTEX_POINT('',#2224);
#2224 = CARTESIAN_POINT('',(77.,330.73,26.42));
#2225 = LINE('',#2226,#2227);
#2226 = CARTESIAN_POINT('',(24.6,330.73,26.42));
#2227 = VECTOR('',#2228,1.);
#2228 = DIRECTION('',(1.,0.,-0.));
#2229 = ORIENTED_EDGE('',*,*,#2230,.F.);
#2230 = EDGE_CURVE('',#2130,#2223,#2231,.T.);
#2231 = LINE('',#2232,#2233);
#2232 = CARTESIAN_POINT('',(77.,330.73,0.));
#2233 = VECTOR('',#2234,1.);
#2234 = DIRECTION('',(0.,0.,1.));
#2235 = PLANE('',#2236);
#2236 = AXIS2_PLACEMENT_3D('',#2237,#2238,#2239);
#2237 = CARTESIAN_POINT('',(24.6,330.73,0.));
#2238 = DIRECTION('',(-0.,1.,0.));
#2239 = DIRECTION('',(0.,0.,1.));
#2240 = ADVANCED_FACE('',(#2241),#2266,.F.);
#2241 = FACE_BOUND('',#2242,.F.);
#2242 = EDGE_LOOP('',(#2243,#2251,#2259,#2265));
#2243 = ORIENTED_EDGE('',*,*,#2244,.F.);
#2244 = EDGE_CURVE('',#2245,#2112,#2247,.T.);
#2245 = VERTEX_POINT('',#2246);
#2246 = CARTESIAN_POINT('',(16.51,330.73,0.));
#2247 = LINE('',#2248,#2249);
#2248 = CARTESIAN_POINT('',(16.51,330.73,0.));
#2249 = VECTOR('',#2250,1.);
#2250 = DIRECTION('',(1.,0.,-0.));
#2251 = ORIENTED_EDGE('',*,*,#2252,.T.);
#2252 = EDGE_CURVE('',#2245,#2253,#2255,.T.);
#2253 = VERTEX_POINT('',#2254);
#2254 = CARTESIAN_POINT('',(16.51,330.73,2.5));
#2255 = LINE('',#2256,#2257);
#2256 = CARTESIAN_POINT('',(16.51,330.73,0.));
#2257 = VECTOR('',#2258,1.);
#2258 = DIRECTION('',(0.,0.,1.));
#2259 = ORIENTED_EDGE('',*,*,#2260,.T.);
#2260 = EDGE_CURVE('',#2253,#2122,#2261,.T.);
#2261 = LINE('',#2262,#2263);
#2262 = CARTESIAN_POINT('',(16.51,330.73,2.5));
#2263 = VECTOR('',#2264,1.);
#2264 = DIRECTION('',(1.,0.,-0.));
#2265 = ORIENTED_EDGE('',*,*,#2121,.F.);
#2266 = PLANE('',#2267);
#2267 = AXIS2_PLACEMENT_3D('',#2268,#2269,#2270);
#2268 = CARTESIAN_POINT('',(16.51,330.73,0.));
#2269 = DIRECTION('',(-0.,1.,0.));
#2270 = DIRECTION('',(0.,0.,1.));
#2271 = ADVANCED_FACE('',(#2272,#2290),#2301,.F.);
#2272 = FACE_BOUND('',#2273,.F.);
#2273 = EDGE_LOOP('',(#2274,#2282,#2288,#2289));
#2274 = ORIENTED_EDGE('',*,*,#2275,.F.);
#2275 = EDGE_CURVE('',#2276,#2152,#2278,.T.);
#2276 = VERTEX_POINT('',#2277);
#2277 = CARTESIAN_POINT('',(16.51,365.27,0.));
#2278 = LINE('',#2279,#2280);
#2279 = CARTESIAN_POINT('',(16.51,365.27,0.));
#2280 = VECTOR('',#2281,1.);
#2281 = DIRECTION('',(1.,0.,-0.));
#2282 = ORIENTED_EDGE('',*,*,#2283,.F.);
#2283 = EDGE_CURVE('',#2245,#2276,#2284,.T.);
#2284 = LINE('',#2285,#2286);
#2285 = CARTESIAN_POINT('',(16.51,330.73,0.));
#2286 = VECTOR('',#2287,1.);
#2287 = DIRECTION('',(-0.,1.,0.));
#2288 = ORIENTED_EDGE('',*,*,#2244,.T.);
#2289 = ORIENTED_EDGE('',*,*,#2151,.T.);
#2290 = FACE_BOUND('',#2291,.F.);
#2291 = EDGE_LOOP('',(#2292));
#2292 = ORIENTED_EDGE('',*,*,#2293,.F.);
#2293 = EDGE_CURVE('',#2294,#2294,#2296,.T.);
#2294 = VERTEX_POINT('',#2295);
#2295 = CARTESIAN_POINT('',(23.27,348.,0.));
#2296 = CIRCLE('',#2297,2.25);
#2297 = AXIS2_PLACEMENT_3D('',#2298,#2299,#2300);
#2298 = CARTESIAN_POINT('',(21.02,348.,0.));
#2299 = DIRECTION('',(0.,0.,1.));
#2300 = DIRECTION('',(1.,0.,-0.));
#2301 = PLANE('',#2302);
#2302 = AXIS2_PLACEMENT_3D('',#2303,#2304,#2305);
#2303 = CARTESIAN_POINT('',(16.51,330.73,0.));
#2304 = DIRECTION('',(0.,0.,1.));
#2305 = DIRECTION('',(1.,0.,-0.));
#2306 = ADVANCED_FACE('',(#2307),#2332,.T.);
#2307 = FACE_BOUND('',#2308,.T.);
#2308 = EDGE_LOOP('',(#2309,#2310,#2318,#2326));
#2309 = ORIENTED_EDGE('',*,*,#2168,.F.);
#2310 = ORIENTED_EDGE('',*,*,#2311,.T.);
#2311 = EDGE_CURVE('',#2152,#2312,#2314,.T.);
#2312 = VERTEX_POINT('',#2313);
#2313 = CARTESIAN_POINT('',(24.6,365.27,2.5));
#2314 = LINE('',#2315,#2316);
#2315 = CARTESIAN_POINT('',(24.6,365.27,0.));
#2316 = VECTOR('',#2317,1.);
#2317 = DIRECTION('',(0.,0.,1.));
#2318 = ORIENTED_EDGE('',*,*,#2319,.T.);
#2319 = EDGE_CURVE('',#2312,#2320,#2322,.T.);
#2320 = VERTEX_POINT('',#2321);
#2321 = CARTESIAN_POINT('',(77.,365.27,2.5));
#2322 = LINE('',#2323,#2324);
#2323 = CARTESIAN_POINT('',(16.51,365.27,2.5));
#2324 = VECTOR('',#2325,1.);
#2325 = DIRECTION('',(1.,0.,-0.));
#2326 = ORIENTED_EDGE('',*,*,#2327,.F.);
#2327 = EDGE_CURVE('',#2161,#2320,#2328,.T.);
#2328 = LINE('',#2329,#2330);
#2329 = CARTESIAN_POINT('',(77.,365.27,0.));
#2330 = VECTOR('',#2331,1.);
#2331 = DIRECTION('',(0.,0.,1.));
#2332 = PLANE('',#2333);
#2333 = AXIS2_PLACEMENT_3D('',#2334,#2335,#2336);
#2334 = CARTESIAN_POINT('',(24.6,365.27,0.));
#2335 = DIRECTION('',(-0.,1.,0.));
#2336 = DIRECTION('',(0.,0.,1.));
#2337 = ADVANCED_FACE('',(#2338,#2356),#2367,.F.);
#2338 = FACE_BOUND('',#2339,.F.);
#2339 = EDGE_LOOP('',(#2340,#2348,#2349,#2350));
#2340 = ORIENTED_EDGE('',*,*,#2341,.F.);
#2341 = EDGE_CURVE('',#2161,#2342,#2344,.T.);
#2342 = VERTEX_POINT('',#2343);
#2343 = CARTESIAN_POINT('',(85.09,365.27,0.));
#2344 = LINE('',#2345,#2346);
#2345 = CARTESIAN_POINT('',(16.51,365.27,0.));
#2346 = VECTOR('',#2347,1.);
#2347 = DIRECTION('',(1.,0.,-0.));
#2348 = ORIENTED_EDGE('',*,*,#2160,.F.);
#2349 = ORIENTED_EDGE('',*,*,#2182,.T.);
#2350 = ORIENTED_EDGE('',*,*,#2351,.T.);
#2351 = EDGE_CURVE('',#2183,#2342,#2352,.T.);
#2352 = LINE('',#2353,#2354);
#2353 = CARTESIAN_POINT('',(85.09,330.73,0.));
#2354 = VECTOR('',#2355,1.);
#2355 = DIRECTION('',(-0.,1.,0.));
#2356 = FACE_BOUND('',#2357,.F.);
#2357 = EDGE_LOOP('',(#2358));
#2358 = ORIENTED_EDGE('',*,*,#2359,.F.);
#2359 = EDGE_CURVE('',#2360,#2360,#2362,.T.);
#2360 = VERTEX_POINT('',#2361);
#2361 = CARTESIAN_POINT('',(82.83,348.,0.));
#2362 = CIRCLE('',#2363,2.25);
#2363 = AXIS2_PLACEMENT_3D('',#2364,#2365,#2366);
#2364 = CARTESIAN_POINT('',(80.58,348.,0.));
#2365 = DIRECTION('',(0.,0.,1.));
#2366 = DIRECTION('',(1.,0.,-0.));
#2367 = PLANE('',#2368);
#2368 = AXIS2_PLACEMENT_3D('',#2369,#2370,#2371);
#2369 = CARTESIAN_POINT('',(16.51,330.73,0.));
#2370 = DIRECTION('',(0.,0.,1.));
#2371 = DIRECTION('',(1.,0.,-0.));
#2372 = ADVANCED_FACE('',(#2373),#2391,.T.);
#2373 = FACE_BOUND('',#2374,.T.);
#2374 = EDGE_LOOP('',(#2375,#2376,#2377,#2385));
#2375 = ORIENTED_EDGE('',*,*,#2199,.F.);
#2376 = ORIENTED_EDGE('',*,*,#2351,.T.);
#2377 = ORIENTED_EDGE('',*,*,#2378,.T.);
#2378 = EDGE_CURVE('',#2342,#2379,#2381,.T.);
#2379 = VERTEX_POINT('',#2380);
#2380 = CARTESIAN_POINT('',(85.09,365.27,2.5));
#2381 = LINE('',#2382,#2383);
#2382 = CARTESIAN_POINT('',(85.09,365.27,0.));
#2383 = VECTOR('',#2384,1.);
#2384 = DIRECTION('',(0.,0.,1.));
#2385 = ORIENTED_EDGE('',*,*,#2386,.F.);
#2386 = EDGE_CURVE('',#2192,#2379,#2387,.T.);
#2387 = LINE('',#2388,#2389);
#2388 = CARTESIAN_POINT('',(85.09,330.73,2.5));
#2389 = VECTOR('',#2390,1.);
#2390 = DIRECTION('',(-0.,1.,0.));
#2391 = PLANE('',#2392);
#2392 = AXIS2_PLACEMENT_3D('',#2393,#2394,#2395);
#2393 = CARTESIAN_POINT('',(85.09,330.73,0.));
#2394 = DIRECTION('',(1.,0.,-0.));
#2395 = DIRECTION('',(0.,0.,1.));
#2396 = ADVANCED_FACE('',(#2397,#2413),#2424,.T.);
#2397 = FACE_BOUND('',#2398,.T.);
#2398 = EDGE_LOOP('',(#2399,#2405,#2411,#2412));
#2399 = ORIENTED_EDGE('',*,*,#2400,.F.);
#2400 = EDGE_CURVE('',#2320,#2379,#2401,.T.);
#2401 = LINE('',#2402,#2403);
#2402 = CARTESIAN_POINT('',(16.51,365.27,2.5));
#2403 = VECTOR('',#2404,1.);
#2404 = DIRECTION('',(1.,0.,-0.));
#2405 = ORIENTED_EDGE('',*,*,#2406,.T.);
#2406 = EDGE_CURVE('',#2320,#2130,#2407,.T.);
#2407 = LINE('',#2408,#2409);
#2408 = CARTESIAN_POINT('',(77.,330.73,2.5));
#2409 = VECTOR('',#2410,1.);
#2410 = DIRECTION('',(0.,-1.,0.));
#2411 = ORIENTED_EDGE('',*,*,#2191,.T.);
#2412 = ORIENTED_EDGE('',*,*,#2386,.T.);
#2413 = FACE_BOUND('',#2414,.T.);
#2414 = EDGE_LOOP('',(#2415));
#2415 = ORIENTED_EDGE('',*,*,#2416,.F.);
#2416 = EDGE_CURVE('',#2417,#2417,#2419,.T.);
#2417 = VERTEX_POINT('',#2418);
#2418 = CARTESIAN_POINT('',(82.83,348.,2.5));
#2419 = CIRCLE('',#2420,2.25);
#2420 = AXIS2_PLACEMENT_3D('',#2421,#2422,#2423);
#2421 = CARTESIAN_POINT('',(80.58,348.,2.5));
#2422 = DIRECTION('',(0.,0.,1.));
#2423 = DIRECTION('',(1.,0.,-0.));
#2424 = PLANE('',#2425);
#2425 = AXIS2_PLACEMENT_3D('',#2426,#2427,#2428);
#2426 = CARTESIAN_POINT('',(16.51,330.73,2.5));
#2427 = DIRECTION('',(0.,0.,1.));
#2428 = DIRECTION('',(1.,0.,-0.));
#2429 = ADVANCED_FACE('',(#2430),#2448,.T.);
#2430 = FACE_BOUND('',#2431,.T.);
#2431 = EDGE_LOOP('',(#2432,#2433,#2434,#2442));
#2432 = ORIENTED_EDGE('',*,*,#2230,.F.);
#2433 = ORIENTED_EDGE('',*,*,#2406,.F.);
#2434 = ORIENTED_EDGE('',*,*,#2435,.T.);
#2435 = EDGE_CURVE('',#2320,#2436,#2438,.T.);
#2436 = VERTEX_POINT('',#2437);
#2437 = CARTESIAN_POINT('',(77.,365.27,26.42));
#2438 = LINE('',#2439,#2440);
#2439 = CARTESIAN_POINT('',(77.,365.27,0.));
#2440 = VECTOR('',#2441,1.);
#2441 = DIRECTION('',(0.,0.,1.));
#2442 = ORIENTED_EDGE('',*,*,#2443,.F.);
#2443 = EDGE_CURVE('',#2223,#2436,#2444,.T.);
#2444 = LINE('',#2445,#2446);
#2445 = CARTESIAN_POINT('',(77.,330.73,26.42));
#2446 = VECTOR('',#2447,1.);
#2447 = DIRECTION('',(-0.,1.,0.));
#2448 = PLANE('',#2449);
#2449 = AXIS2_PLACEMENT_3D('',#2450,#2451,#2452);
#2450 = CARTESIAN_POINT('',(77.,330.73,0.));
#2451 = DIRECTION('',(1.,0.,-0.));
#2452 = DIRECTION('',(0.,0.,1.));
#2453 = ADVANCED_FACE('',(#2454),#2472,.T.);
#2454 = FACE_BOUND('',#2455,.T.);
#2455 = EDGE_LOOP('',(#2456,#2464,#2465,#2466));
#2456 = ORIENTED_EDGE('',*,*,#2457,.F.);
#2457 = EDGE_CURVE('',#2215,#2458,#2460,.T.);
#2458 = VERTEX_POINT('',#2459);
#2459 = CARTESIAN_POINT('',(24.6,365.27,26.42));
#2460 = LINE('',#2461,#2462);
#2461 = CARTESIAN_POINT('',(24.6,330.73,26.42));
#2462 = VECTOR('',#2463,1.);
#2463 = DIRECTION('',(-0.,1.,0.));
#2464 = ORIENTED_EDGE('',*,*,#2222,.T.);
#2465 = ORIENTED_EDGE('',*,*,#2443,.T.);
#2466 = ORIENTED_EDGE('',*,*,#2467,.F.);
#2467 = EDGE_CURVE('',#2458,#2436,#2468,.T.);
#2468 = LINE('',#2469,#2470);
#2469 = CARTESIAN_POINT('',(24.6,365.27,26.42));
#2470 = VECTOR('',#2471,1.);
#2471 = DIRECTION('',(1.,0.,-0.));
#2472 = PLANE('',#2473);
#2473 = AXIS2_PLACEMENT_3D('',#2474,#2475,#2476);
#2474 = CARTESIAN_POINT('',(24.6,330.73,26.42));
#2475 = DIRECTION('',(0.,0.,1.));
#2476 = DIRECTION('',(1.,0.,-0.));
#2477 = ADVANCED_FACE('',(#2478),#2494,.F.);
#2478 = FACE_BOUND('',#2479,.F.);
#2479 = EDGE_LOOP('',(#2480,#2481,#2487,#2493));
#2480 = ORIENTED_EDGE('',*,*,#2214,.F.);
#2481 = ORIENTED_EDGE('',*,*,#2482,.F.);
#2482 = EDGE_CURVE('',#2312,#2122,#2483,.T.);
#2483 = LINE('',#2484,#2485);
#2484 = CARTESIAN_POINT('',(24.6,330.73,2.5));
#2485 = VECTOR('',#2486,1.);
#2486 = DIRECTION('',(0.,-1.,0.));
#2487 = ORIENTED_EDGE('',*,*,#2488,.T.);
#2488 = EDGE_CURVE('',#2312,#2458,#2489,.T.);
#2489 = LINE('',#2490,#2491);
#2490 = CARTESIAN_POINT('',(24.6,365.27,0.));
#2491 = VECTOR('',#2492,1.);
#2492 = DIRECTION('',(0.,0.,1.));
#2493 = ORIENTED_EDGE('',*,*,#2457,.F.);
#2494 = PLANE('',#2495);
#2495 = AXIS2_PLACEMENT_3D('',#2496,#2497,#2498);
#2496 = CARTESIAN_POINT('',(24.6,330.73,0.));
#2497 = DIRECTION('',(1.,0.,-0.));
#2498 = DIRECTION('',(0.,0.,1.));
#2499 = ADVANCED_FACE('',(#2500,#2518),#2529,.T.);
#2500 = FACE_BOUND('',#2501,.T.);
#2501 = EDGE_LOOP('',(#2502,#2510,#2516,#2517));
#2502 = ORIENTED_EDGE('',*,*,#2503,.F.);
#2503 = EDGE_CURVE('',#2504,#2312,#2506,.T.);
#2504 = VERTEX_POINT('',#2505);
#2505 = CARTESIAN_POINT('',(16.51,365.27,2.5));
#2506 = LINE('',#2507,#2508);
#2507 = CARTESIAN_POINT('',(16.51,365.27,2.5));
#2508 = VECTOR('',#2509,1.);
#2509 = DIRECTION('',(1.,0.,-0.));
#2510 = ORIENTED_EDGE('',*,*,#2511,.F.);
#2511 = EDGE_CURVE('',#2253,#2504,#2512,.T.);
#2512 = LINE('',#2513,#2514);
#2513 = CARTESIAN_POINT('',(16.51,330.73,2.5));
#2514 = VECTOR('',#2515,1.);
#2515 = DIRECTION('',(-0.,1.,0.));
#2516 = ORIENTED_EDGE('',*,*,#2260,.T.);
#2517 = ORIENTED_EDGE('',*,*,#2482,.F.);
#2518 = FACE_BOUND('',#2519,.T.);
#2519 = EDGE_LOOP('',(#2520));
#2520 = ORIENTED_EDGE('',*,*,#2521,.F.);
#2521 = EDGE_CURVE('',#2522,#2522,#2524,.T.);
#2522 = VERTEX_POINT('',#2523);
#2523 = CARTESIAN_POINT('',(23.27,348.,2.5));
#2524 = CIRCLE('',#2525,2.25);
#2525 = AXIS2_PLACEMENT_3D('',#2526,#2527,#2528);
#2526 = CARTESIAN_POINT('',(21.02,348.,2.5));
#2527 = DIRECTION('',(0.,0.,1.));
#2528 = DIRECTION('',(1.,0.,-0.));
#2529 = PLANE('',#2530);
#2530 = AXIS2_PLACEMENT_3D('',#2531,#2532,#2533);
#2531 = CARTESIAN_POINT('',(16.51,330.73,2.5));
#2532 = DIRECTION('',(0.,0.,1.));
#2533 = DIRECTION('',(1.,0.,-0.));
#2534 = ADVANCED_FACE('',(#2535),#2546,.F.);
#2535 = FACE_BOUND('',#2536,.F.);
#2536 = EDGE_LOOP('',(#2537,#2538,#2539,#2545));
#2537 = ORIENTED_EDGE('',*,*,#2252,.F.);
#2538 = ORIENTED_EDGE('',*,*,#2283,.T.);
#2539 = ORIENTED_EDGE('',*,*,#2540,.T.);
#2540 = EDGE_CURVE('',#2276,#2504,#2541,.T.);
#2541 = LINE('',#2542,#2543);
#2542 = CARTESIAN_POINT('',(16.51,365.27,0.));
#2543 = VECTOR('',#2544,1.);
#2544 = DIRECTION('',(0.,0.,1.));
#2545 = ORIENTED_EDGE('',*,*,#2511,.F.);
#2546 = PLANE('',#2547);
#2547 = AXIS2_PLACEMENT_3D('',#2548,#2549,#2550);
#2548 = CARTESIAN_POINT('',(16.51,330.73,0.));
#2549 = DIRECTION('',(1.,0.,-0.));
#2550 = DIRECTION('',(0.,0.,1.));
#2551 = ADVANCED_FACE('',(#2552),#2558,.T.);
#2552 = FACE_BOUND('',#2553,.T.);
#2553 = EDGE_LOOP('',(#2554,#2555,#2556,#2557));
#2554 = ORIENTED_EDGE('',*,*,#2275,.F.);
#2555 = ORIENTED_EDGE('',*,*,#2540,.T.);
#2556 = ORIENTED_EDGE('',*,*,#2503,.T.);
#2557 = ORIENTED_EDGE('',*,*,#2311,.F.);
#2558 = PLANE('',#2559);
#2559 = AXIS2_PLACEMENT_3D('',#2560,#2561,#2562);
#2560 = CARTESIAN_POINT('',(16.51,365.27,0.));
#2561 = DIRECTION('',(-0.,1.,0.));
#2562 = DIRECTION('',(0.,0.,1.));
#2563 = ADVANCED_FACE('',(#2564),#2575,.F.);
#2564 = FACE_BOUND('',#2565,.F.);
#2565 = EDGE_LOOP('',(#2566,#2567,#2573,#2574));
#2566 = ORIENTED_EDGE('',*,*,#2521,.F.);
#2567 = ORIENTED_EDGE('',*,*,#2568,.F.);
#2568 = EDGE_CURVE('',#2294,#2522,#2569,.T.);
#2569 = LINE('',#2570,#2571);
#2570 = CARTESIAN_POINT('',(23.27,348.,-1.));
#2571 = VECTOR('',#2572,1.);
#2572 = DIRECTION('',(0.,0.,1.));
#2573 = ORIENTED_EDGE('',*,*,#2293,.T.);
#2574 = ORIENTED_EDGE('',*,*,#2568,.T.);
#2575 = CYLINDRICAL_SURFACE('',#2576,2.25);
#2576 = AXIS2_PLACEMENT_3D('',#2577,#2578,#2579);
#2577 = CARTESIAN_POINT('',(21.02,348.,-1.));
#2578 = DIRECTION('',(0.,0.,1.));
#2579 = DIRECTION('',(1.,0.,-0.));
#2580 = ADVANCED_FACE('',(#2581),#2587,.T.);
#2581 = FACE_BOUND('',#2582,.T.);
#2582 = EDGE_LOOP('',(#2583,#2584,#2585,#2586));
#2583 = ORIENTED_EDGE('',*,*,#2341,.F.);
#2584 = ORIENTED_EDGE('',*,*,#2327,.T.);
#2585 = ORIENTED_EDGE('',*,*,#2400,.T.);
#2586 = ORIENTED_EDGE('',*,*,#2378,.F.);
#2587 = PLANE('',#2588);
#2588 = AXIS2_PLACEMENT_3D('',#2589,#2590,#2591);
#2589 = CARTESIAN_POINT('',(16.51,365.27,0.));
#2590 = DIRECTION('',(-0.,1.,0.));
#2591 = DIRECTION('',(0.,0.,1.));
#2592 = ADVANCED_FACE('',(#2593),#2599,.T.);
#2593 = FACE_BOUND('',#2594,.T.);
#2594 = EDGE_LOOP('',(#2595,#2596,#2597,#2598));
#2595 = ORIENTED_EDGE('',*,*,#2319,.F.);
#2596 = ORIENTED_EDGE('',*,*,#2488,.T.);
#2597 = ORIENTED_EDGE('',*,*,#2467,.T.);
#2598 = ORIENTED_EDGE('',*,*,#2435,.F.);
#2599 = PLANE('',#2600);
#2600 = AXIS2_PLACEMENT_3D('',#2601,#2602,#2603);
#2601 = CARTESIAN_POINT('',(24.6,365.27,0.));
#2602 = DIRECTION('',(-0.,1.,0.));
#2603 = DIRECTION('',(0.,0.,1.));
#2604 = ADVANCED_FACE('',(#2605),#2616,.F.);
#2605 = FACE_BOUND('',#2606,.F.);
#2606 = EDGE_LOOP('',(#2607,#2608,#2614,#2615));
#2607 = ORIENTED_EDGE('',*,*,#2416,.F.);
#2608 = ORIENTED_EDGE('',*,*,#2609,.F.);
#2609 = EDGE_CURVE('',#2360,#2417,#2610,.T.);
#2610 = LINE('',#2611,#2612);
#2611 = CARTESIAN_POINT('',(82.83,348.,-1.));
#2612 = VECTOR('',#2613,1.);
#2613 = DIRECTION('',(0.,0.,1.));
#2614 = ORIENTED_EDGE('',*,*,#2359,.T.);
#2615 = ORIENTED_EDGE('',*,*,#2609,.T.);
#2616 = CYLINDRICAL_SURFACE('',#2617,2.25);
#2617 = AXIS2_PLACEMENT_3D('',#2618,#2619,#2620);
#2618 = CARTESIAN_POINT('',(80.58,348.,-1.));
#2619 = DIRECTION('',(0.,0.,1.));
#2620 = DIRECTION('',(1.,0.,-0.));
#2621 = MANIFOLD_SOLID_BREP('',#2622);
#2622 = CLOSED_SHELL('',(#2623,#2663,#2703,#2725,#2747,#2759));
#2623 = ADVANCED_FACE('',(#2624),#2658,.F.);
#2624 = FACE_BOUND('',#2625,.F.);
#2625 = EDGE_LOOP('',(#2626,#2636,#2644,#2652));
#2626 = ORIENTED_EDGE('',*,*,#2627,.F.);
#2627 = EDGE_CURVE('',#2628,#2630,#2632,.T.);
#2628 = VERTEX_POINT('',#2629);
#2629 = CARTESIAN_POINT('',(29.625,334.895,26.42));
#2630 = VERTEX_POINT('',#2631);
#2631 = CARTESIAN_POINT('',(29.625,334.895,37.97));
#2632 = LINE('',#2633,#2634);
#2633 = CARTESIAN_POINT('',(29.625,334.895,26.42));
#2634 = VECTOR('',#2635,1.);
#2635 = DIRECTION('',(0.,0.,1.));
#2636 = ORIENTED_EDGE('',*,*,#2637,.T.);
#2637 = EDGE_CURVE('',#2628,#2638,#2640,.T.);
#2638 = VERTEX_POINT('',#2639);
#2639 = CARTESIAN_POINT('',(29.625,335.705,26.42));
#2640 = LINE('',#2641,#2642);
#2641 = CARTESIAN_POINT('',(29.625,334.895,26.42));
#2642 = VECTOR('',#2643,1.);
#2643 = DIRECTION('',(-0.,1.,0.));
#2644 = ORIENTED_EDGE('',*,*,#2645,.T.);
#2645 = EDGE_CURVE('',#2638,#2646,#2648,.T.);
#2646 = VERTEX_POINT('',#2647);
#2647 = CARTESIAN_POINT('',(29.625,335.705,37.97));
#2648 = LINE('',#2649,#2650);
#2649 = CARTESIAN_POINT('',(29.625,335.705,26.42));
#2650 = VECTOR('',#2651,1.);
#2651 = DIRECTION('',(0.,0.,1.));
#2652 = ORIENTED_EDGE('',*,*,#2653,.F.);
#2653 = EDGE_CURVE('',#2630,#2646,#2654,.T.);
#2654 = LINE('',#2655,#2656);
#2655 = CARTESIAN_POINT('',(29.625,334.895,37.97));
#2656 = VECTOR('',#2657,1.);
#2657 = DIRECTION('',(-0.,1.,0.));
#2658 = PLANE('',#2659);
#2659 = AXIS2_PLACEMENT_3D('',#2660,#2661,#2662);
#2660 = CARTESIAN_POINT('',(29.625,334.895,26.42));
#2661 = DIRECTION('',(1.,0.,-0.));
#2662 = DIRECTION('',(0.,0.,1.));
#2663 = ADVANCED_FACE('',(#2664),#2698,.T.);
#2664 = FACE_BOUND('',#2665,.T.);
#2665 = EDGE_LOOP('',(#2666,#2676,#2684,#2692));
#2666 = ORIENTED_EDGE('',*,*,#2667,.F.);
#2667 = EDGE_CURVE('',#2668,#2670,#2672,.T.);
#2668 = VERTEX_POINT('',#2669);
#2669 = CARTESIAN_POINT('',(35.975,334.895,26.42));
#2670 = VERTEX_POINT('',#2671);
#2671 = CARTESIAN_POINT('',(35.975,334.895,37.97));
#2672 = LINE('',#2673,#2674);
#2673 = CARTESIAN_POINT('',(35.975,334.895,26.42));
#2674 = VECTOR('',#2675,1.);
#2675 = DIRECTION('',(0.,0.,1.));
#2676 = ORIENTED_EDGE('',*,*,#2677,.T.);
#2677 = EDGE_CURVE('',#2668,#2678,#2680,.T.);
#2678 = VERTEX_POINT('',#2679);
#2679 = CARTESIAN_POINT('',(35.975,335.705,26.42));
#2680 = LINE('',#2681,#2682);
#2681 = CARTESIAN_POINT('',(35.975,334.895,26.42));
#2682 = VECTOR('',#2683,1.);
#2683 = DIRECTION('',(-0.,1.,0.));
#2684 = ORIENTED_EDGE('',*,*,#2685,.T.);
#2685 = EDGE_CURVE('',#2678,#2686,#2688,.T.);
#2686 = VERTEX_POINT('',#2687);
#2687 = CARTESIAN_POINT('',(35.975,335.705,37.97));
#2688 = LINE('',#2689,#2690);
#2689 = CARTESIAN_POINT('',(35.975,335.705,26.42));
#2690 = VECTOR('',#2691,1.);
#2691 = DIRECTION('',(0.,0.,1.));
#2692 = ORIENTED_EDGE('',*,*,#2693,.F.);
#2693 = EDGE_CURVE('',#2670,#2686,#2694,.T.);
#2694 = LINE('',#2695,#2696);
#2695 = CARTESIAN_POINT('',(35.975,334.895,37.97));
#2696 = VECTOR('',#2697,1.);
#2697 = DIRECTION('',(-0.,1.,0.));
#2698 = PLANE('',#2699);
#2699 = AXIS2_PLACEMENT_3D('',#2700,#2701,#2702);
#2700 = CARTESIAN_POINT('',(35.975,334.895,26.42));
#2701 = DIRECTION('',(1.,0.,-0.));
#2702 = DIRECTION('',(0.,0.,1.));
#2703 = ADVANCED_FACE('',(#2704),#2720,.F.);
#2704 = FACE_BOUND('',#2705,.F.);
#2705 = EDGE_LOOP('',(#2706,#2712,#2713,#2719));
#2706 = ORIENTED_EDGE('',*,*,#2707,.F.);
#2707 = EDGE_CURVE('',#2628,#2668,#2708,.T.);
#2708 = LINE('',#2709,#2710);
#2709 = CARTESIAN_POINT('',(29.625,334.895,26.42));
#2710 = VECTOR('',#2711,1.);
#2711 = DIRECTION('',(1.,0.,-0.));
#2712 = ORIENTED_EDGE('',*,*,#2627,.T.);
#2713 = ORIENTED_EDGE('',*,*,#2714,.T.);
#2714 = EDGE_CURVE('',#2630,#2670,#2715,.T.);
#2715 = LINE('',#2716,#2717);
#2716 = CARTESIAN_POINT('',(29.625,334.895,37.97));
#2717 = VECTOR('',#2718,1.);
#2718 = DIRECTION('',(1.,0.,-0.));
#2719 = ORIENTED_EDGE('',*,*,#2667,.F.);
#2720 = PLANE('',#2721);
#2721 = AXIS2_PLACEMENT_3D('',#2722,#2723,#2724);
#2722 = CARTESIAN_POINT('',(29.625,334.895,26.42));
#2723 = DIRECTION('',(-0.,1.,0.));
#2724 = DIRECTION('',(0.,0.,1.));
#2725 = ADVANCED_FACE('',(#2726),#2742,.T.);
#2726 = FACE_BOUND('',#2727,.T.);
#2727 = EDGE_LOOP('',(#2728,#2734,#2735,#2741));
#2728 = ORIENTED_EDGE('',*,*,#2729,.F.);
#2729 = EDGE_CURVE('',#2638,#2678,#2730,.T.);
#2730 = LINE('',#2731,#2732);
#2731 = CARTESIAN_POINT('',(29.625,335.705,26.42));
#2732 = VECTOR('',#2733,1.);
#2733 = DIRECTION('',(1.,0.,-0.));
#2734 = ORIENTED_EDGE('',*,*,#2645,.T.);
#2735 = ORIENTED_EDGE('',*,*,#2736,.T.);
#2736 = EDGE_CURVE('',#2646,#2686,#2737,.T.);
#2737 = LINE('',#2738,#2739);
#2738 = CARTESIAN_POINT('',(29.625,335.705,37.97));
#2739 = VECTOR('',#2740,1.);
#2740 = DIRECTION('',(1.,0.,-0.));
#2741 = ORIENTED_EDGE('',*,*,#2685,.F.);
#2742 = PLANE('',#2743);
#2743 = AXIS2_PLACEMENT_3D('',#2744,#2745,#2746);
#2744 = CARTESIAN_POINT('',(29.625,335.705,26.42));
#2745 = DIRECTION('',(-0.,1.,0.));
#2746 = DIRECTION('',(0.,0.,1.));
#2747 = ADVANCED_FACE('',(#2748),#2754,.F.);
#2748 = FACE_BOUND('',#2749,.F.);
#2749 = EDGE_LOOP('',(#2750,#2751,#2752,#2753));
#2750 = ORIENTED_EDGE('',*,*,#2637,.F.);
#2751 = ORIENTED_EDGE('',*,*,#2707,.T.);
#2752 = ORIENTED_EDGE('',*,*,#2677,.T.);
#2753 = ORIENTED_EDGE('',*,*,#2729,.F.);
#2754 = PLANE('',#2755);
#2755 = AXIS2_PLACEMENT_3D('',#2756,#2757,#2758);
#2756 = CARTESIAN_POINT('',(29.625,334.895,26.42));
#2757 = DIRECTION('',(0.,0.,1.));
#2758 = DIRECTION('',(1.,0.,-0.));
#2759 = ADVANCED_FACE('',(#2760),#2766,.T.);
#2760 = FACE_BOUND('',#2761,.T.);
#2761 = EDGE_LOOP('',(#2762,#2763,#2764,#2765));
#2762 = ORIENTED_EDGE('',*,*,#2653,.F.);
#2763 = ORIENTED_EDGE('',*,*,#2714,.T.);
#2764 = ORIENTED_EDGE('',*,*,#2693,.T.);
#2765 = ORIENTED_EDGE('',*,*,#2736,.F.);
#2766 = PLANE('',#2767);
#2767 = AXIS2_PLACEMENT_3D('',#2768,#2769,#2770);
#2768 = CARTESIAN_POINT('',(29.625,334.895,37.97));
#2769 = DIRECTION('',(0.,0.,1.));
#2770 = DIRECTION('',(1.,0.,-0.));
#2771 = MANIFOLD_SOLID_BREP('',#2772);
#2772 = CLOSED_SHELL('',(#2773,#2813,#2853,#2875,#2897,#2909));
#2773 = ADVANCED_FACE('',(#2774),#2808,.F.);
#2774 = FACE_BOUND('',#2775,.F.);
#2775 = EDGE_LOOP('',(#2776,#2786,#2794,#2802));
#2776 = ORIENTED_EDGE('',*,*,#2777,.F.);
#2777 = EDGE_CURVE('',#2778,#2780,#2782,.T.);
#2778 = VERTEX_POINT('',#2779);
#2779 = CARTESIAN_POINT('',(29.625,360.295,26.42));
#2780 = VERTEX_POINT('',#2781);
#2781 = CARTESIAN_POINT('',(29.625,360.295,37.97));
#2782 = LINE('',#2783,#2784);
#2783 = CARTESIAN_POINT('',(29.625,360.295,26.42));
#2784 = VECTOR('',#2785,1.);
#2785 = DIRECTION('',(0.,0.,1.));
#2786 = ORIENTED_EDGE('',*,*,#2787,.T.);
#2787 = EDGE_CURVE('',#2778,#2788,#2790,.T.);
#2788 = VERTEX_POINT('',#2789);
#2789 = CARTESIAN_POINT('',(29.625,361.105,26.42));
#2790 = LINE('',#2791,#2792);
#2791 = CARTESIAN_POINT('',(29.625,360.295,26.42));
#2792 = VECTOR('',#2793,1.);
#2793 = DIRECTION('',(-0.,1.,0.));
#2794 = ORIENTED_EDGE('',*,*,#2795,.T.);
#2795 = EDGE_CURVE('',#2788,#2796,#2798,.T.);
#2796 = VERTEX_POINT('',#2797);
#2797 = CARTESIAN_POINT('',(29.625,361.105,37.97));
#2798 = LINE('',#2799,#2800);
#2799 = CARTESIAN_POINT('',(29.625,361.105,26.42));
#2800 = VECTOR('',#2801,1.);
#2801 = DIRECTION('',(0.,0.,1.));
#2802 = ORIENTED_EDGE('',*,*,#2803,.F.);
#2803 = EDGE_CURVE('',#2780,#2796,#2804,.T.);
#2804 = LINE('',#2805,#2806);
#2805 = CARTESIAN_POINT('',(29.625,360.295,37.97));
#2806 = VECTOR('',#2807,1.);
#2807 = DIRECTION('',(-0.,1.,0.));
#2808 = PLANE('',#2809);
#2809 = AXIS2_PLACEMENT_3D('',#2810,#2811,#2812);
#2810 = CARTESIAN_POINT('',(29.625,360.295,26.42));
#2811 = DIRECTION('',(1.,0.,-0.));
#2812 = DIRECTION('',(0.,0.,1.));
#2813 = ADVANCED_FACE('',(#2814),#2848,.T.);
#2814 = FACE_BOUND('',#2815,.T.);
#2815 = EDGE_LOOP('',(#2816,#2826,#2834,#2842));
#2816 = ORIENTED_EDGE('',*,*,#2817,.F.);
#2817 = EDGE_CURVE('',#2818,#2820,#2822,.T.);
#2818 = VERTEX_POINT('',#2819);
#2819 = CARTESIAN_POINT('',(35.975,360.295,26.42));
#2820 = VERTEX_POINT('',#2821);
#2821 = CARTESIAN_POINT('',(35.975,360.295,37.97));
#2822 = LINE('',#2823,#2824);
#2823 = CARTESIAN_POINT('',(35.975,360.295,26.42));
#2824 = VECTOR('',#2825,1.);
#2825 = DIRECTION('',(0.,0.,1.));
#2826 = ORIENTED_EDGE('',*,*,#2827,.T.);
#2827 = EDGE_CURVE('',#2818,#2828,#2830,.T.);
#2828 = VERTEX_POINT('',#2829);
#2829 = CARTESIAN_POINT('',(35.975,361.105,26.42));
#2830 = LINE('',#2831,#2832);
#2831 = CARTESIAN_POINT('',(35.975,360.295,26.42));
#2832 = VECTOR('',#2833,1.);
#2833 = DIRECTION('',(-0.,1.,0.));
#2834 = ORIENTED_EDGE('',*,*,#2835,.T.);
#2835 = EDGE_CURVE('',#2828,#2836,#2838,.T.);
#2836 = VERTEX_POINT('',#2837);
#2837 = CARTESIAN_POINT('',(35.975,361.105,37.97));
#2838 = LINE('',#2839,#2840);
#2839 = CARTESIAN_POINT('',(35.975,361.105,26.42));
#2840 = VECTOR('',#2841,1.);
#2841 = DIRECTION('',(0.,0.,1.));
#2842 = ORIENTED_EDGE('',*,*,#2843,.F.);
#2843 = EDGE_CURVE('',#2820,#2836,#2844,.T.);
#2844 = LINE('',#2845,#2846);
#2845 = CARTESIAN_POINT('',(35.975,360.295,37.97));
#2846 = VECTOR('',#2847,1.);
#2847 = DIRECTION('',(-0.,1.,0.));
#2848 = PLANE('',#2849);
#2849 = AXIS2_PLACEMENT_3D('',#2850,#2851,#2852);
#2850 = CARTESIAN_POINT('',(35.975,360.295,26.42));
#2851 = DIRECTION('',(1.,0.,-0.));
#2852 = DIRECTION('',(0.,0.,1.));
#2853 = ADVANCED_FACE('',(#2854),#2870,.F.);
#2854 = FACE_BOUND('',#2855,.F.);
#2855 = EDGE_LOOP('',(#2856,#2862,#2863,#2869));
#2856 = ORIENTED_EDGE('',*,*,#2857,.F.);
#2857 = EDGE_CURVE('',#2778,#2818,#2858,.T.);
#2858 = LINE('',#2859,#2860);
#2859 = CARTESIAN_POINT('',(29.625,360.295,26.42));
#2860 = VECTOR('',#2861,1.);
#2861 = DIRECTION('',(1.,0.,-0.));
#2862 = ORIENTED_EDGE('',*,*,#2777,.T.);
#2863 = ORIENTED_EDGE('',*,*,#2864,.T.);
#2864 = EDGE_CURVE('',#2780,#2820,#2865,.T.);
#2865 = LINE('',#2866,#2867);
#2866 = CARTESIAN_POINT('',(29.625,360.295,37.97));
#2867 = VECTOR('',#2868,1.);
#2868 = DIRECTION('',(1.,0.,-0.));
#2869 = ORIENTED_EDGE('',*,*,#2817,.F.);
#2870 = PLANE('',#2871);
#2871 = AXIS2_PLACEMENT_3D('',#2872,#2873,#2874);
#2872 = CARTESIAN_POINT('',(29.625,360.295,26.42));
#2873 = DIRECTION('',(-0.,1.,0.));
#2874 = DIRECTION('',(0.,0.,1.));
#2875 = ADVANCED_FACE('',(#2876),#2892,.T.);
#2876 = FACE_BOUND('',#2877,.T.);
#2877 = EDGE_LOOP('',(#2878,#2884,#2885,#2891));
#2878 = ORIENTED_EDGE('',*,*,#2879,.F.);
#2879 = EDGE_CURVE('',#2788,#2828,#2880,.T.);
#2880 = LINE('',#2881,#2882);
#2881 = CARTESIAN_POINT('',(29.625,361.105,26.42));
#2882 = VECTOR('',#2883,1.);
#2883 = DIRECTION('',(1.,0.,-0.));
#2884 = ORIENTED_EDGE('',*,*,#2795,.T.);
#2885 = ORIENTED_EDGE('',*,*,#2886,.T.);
#2886 = EDGE_CURVE('',#2796,#2836,#2887,.T.);
#2887 = LINE('',#2888,#2889);
#2888 = CARTESIAN_POINT('',(29.625,361.105,37.97));
#2889 = VECTOR('',#2890,1.);
#2890 = DIRECTION('',(1.,0.,-0.));
#2891 = ORIENTED_EDGE('',*,*,#2835,.F.);
#2892 = PLANE('',#2893);
#2893 = AXIS2_PLACEMENT_3D('',#2894,#2895,#2896);
#2894 = CARTESIAN_POINT('',(29.625,361.105,26.42));
#2895 = DIRECTION('',(-0.,1.,0.));
#2896 = DIRECTION('',(0.,0.,1.));
#2897 = ADVANCED_FACE('',(#2898),#2904,.F.);
#2898 = FACE_BOUND('',#2899,.F.);
#2899 = EDGE_LOOP('',(#2900,#2901,#2902,#2903));
#2900 = ORIENTED_EDGE('',*,*,#2787,.F.);
#2901 = ORIENTED_EDGE('',*,*,#2857,.T.);
#2902 = ORIENTED_EDGE('',*,*,#2827,.T.);
#2903 = ORIENTED_EDGE('',*,*,#2879,.F.);
#2904 = PLANE('',#2905);
#2905 = AXIS2_PLACEMENT_3D('',#2906,#2907,#2908);
#2906 = CARTESIAN_POINT('',(29.625,360.295,26.42));
#2907 = DIRECTION('',(0.,0.,1.));
#2908 = DIRECTION('',(1.,0.,-0.));
#2909 = ADVANCED_FACE('',(#2910),#2916,.T.);
#2910 = FACE_BOUND('',#2911,.T.);
#2911 = EDGE_LOOP('',(#2912,#2913,#2914,#2915));
#2912 = ORIENTED_EDGE('',*,*,#2803,.F.);
#2913 = ORIENTED_EDGE('',*,*,#2864,.T.);
#2914 = ORIENTED_EDGE('',*,*,#2843,.T.);
#2915 = ORIENTED_EDGE('',*,*,#2886,.F.);
#2916 = PLANE('',#2917);
#2917 = AXIS2_PLACEMENT_3D('',#2918,#2919,#2920);
#2918 = CARTESIAN_POINT('',(29.625,360.295,37.97));
#2919 = DIRECTION('',(0.,0.,1.));
#2920 = DIRECTION('',(1.,0.,-0.));
#2921 = MANIFOLD_SOLID_BREP('',#2922);
#2922 = CLOSED_SHELL('',(#2923,#2963,#3003,#3025,#3047,#3059));
#2923 = ADVANCED_FACE('',(#2924),#2958,.F.);
#2924 = FACE_BOUND('',#2925,.F.);
#2925 = EDGE_LOOP('',(#2926,#2936,#2944,#2952));
#2926 = ORIENTED_EDGE('',*,*,#2927,.F.);
#2927 = EDGE_CURVE('',#2928,#2930,#2932,.T.);
#2928 = VERTEX_POINT('',#2929);
#2929 = CARTESIAN_POINT('',(41.625,334.895,26.42));
#2930 = VERTEX_POINT('',#2931);
#2931 = CARTESIAN_POINT('',(41.625,334.895,37.97));
#2932 = LINE('',#2933,#2934);
#2933 = CARTESIAN_POINT('',(41.625,334.895,26.42));
#2934 = VECTOR('',#2935,1.);
#2935 = DIRECTION('',(0.,0.,1.));
#2936 = ORIENTED_EDGE('',*,*,#2937,.T.);
#2937 = EDGE_CURVE('',#2928,#2938,#2940,.T.);
#2938 = VERTEX_POINT('',#2939);
#2939 = CARTESIAN_POINT('',(41.625,335.705,26.42));
#2940 = LINE('',#2941,#2942);
#2941 = CARTESIAN_POINT('',(41.625,334.895,26.42));
#2942 = VECTOR('',#2943,1.);
#2943 = DIRECTION('',(-0.,1.,0.));
#2944 = ORIENTED_EDGE('',*,*,#2945,.T.);
#2945 = EDGE_CURVE('',#2938,#2946,#2948,.T.);
#2946 = VERTEX_POINT('',#2947);
#2947 = CARTESIAN_POINT('',(41.625,335.705,37.97));
#2948 = LINE('',#2949,#2950);
#2949 = CARTESIAN_POINT('',(41.625,335.705,26.42));
#2950 = VECTOR('',#2951,1.);
#2951 = DIRECTION('',(0.,0.,1.));
#2952 = ORIENTED_EDGE('',*,*,#2953,.F.);
#2953 = EDGE_CURVE('',#2930,#2946,#2954,.T.);
#2954 = LINE('',#2955,#2956);
#2955 = CARTESIAN_POINT('',(41.625,334.895,37.97));
#2956 = VECTOR('',#2957,1.);
#2957 = DIRECTION('',(-0.,1.,0.));
#2958 = PLANE('',#2959);
#2959 = AXIS2_PLACEMENT_3D('',#2960,#2961,#2962);
#2960 = CARTESIAN_POINT('',(41.625,334.895,26.42));
#2961 = DIRECTION('',(1.,0.,-0.));
#2962 = DIRECTION('',(0.,0.,1.));
#2963 = ADVANCED_FACE('',(#2964),#2998,.T.);
#2964 = FACE_BOUND('',#2965,.T.);
#2965 = EDGE_LOOP('',(#2966,#2976,#2984,#2992));
#2966 = ORIENTED_EDGE('',*,*,#2967,.F.);
#2967 = EDGE_CURVE('',#2968,#2970,#2972,.T.);
#2968 = VERTEX_POINT('',#2969);
#2969 = CARTESIAN_POINT('',(47.975,334.895,26.42));
#2970 = VERTEX_POINT('',#2971);
#2971 = CARTESIAN_POINT('',(47.975,334.895,37.97));
#2972 = LINE('',#2973,#2974);
#2973 = CARTESIAN_POINT('',(47.975,334.895,26.42));
#2974 = VECTOR('',#2975,1.);
#2975 = DIRECTION('',(0.,0.,1.));
#2976 = ORIENTED_EDGE('',*,*,#2977,.T.);
#2977 = EDGE_CURVE('',#2968,#2978,#2980,.T.);
#2978 = VERTEX_POINT('',#2979);
#2979 = CARTESIAN_POINT('',(47.975,335.705,26.42));
#2980 = LINE('',#2981,#2982);
#2981 = CARTESIAN_POINT('',(47.975,334.895,26.42));
#2982 = VECTOR('',#2983,1.);
#2983 = DIRECTION('',(-0.,1.,0.));
#2984 = ORIENTED_EDGE('',*,*,#2985,.T.);
#2985 = EDGE_CURVE('',#2978,#2986,#2988,.T.);
#2986 = VERTEX_POINT('',#2987);
#2987 = CARTESIAN_POINT('',(47.975,335.705,37.97));
#2988 = LINE('',#2989,#2990);
#2989 = CARTESIAN_POINT('',(47.975,335.705,26.42));
#2990 = VECTOR('',#2991,1.);
#2991 = DIRECTION('',(0.,0.,1.));
#2992 = ORIENTED_EDGE('',*,*,#2993,.F.);
#2993 = EDGE_CURVE('',#2970,#2986,#2994,.T.);
#2994 = LINE('',#2995,#2996);
#2995 = CARTESIAN_POINT('',(47.975,334.895,37.97));
#2996 = VECTOR('',#2997,1.);
#2997 = DIRECTION('',(-0.,1.,0.));
#2998 = PLANE('',#2999);
#2999 = AXIS2_PLACEMENT_3D('',#3000,#3001,#3002);
#3000 = CARTESIAN_POINT('',(47.975,334.895,26.42));
#3001 = DIRECTION('',(1.,0.,-0.));
#3002 = DIRECTION('',(0.,0.,1.));
#3003 = ADVANCED_FACE('',(#3004),#3020,.F.);
#3004 = FACE_BOUND('',#3005,.F.);
#3005 = EDGE_LOOP('',(#3006,#3012,#3013,#3019));
#3006 = ORIENTED_EDGE('',*,*,#3007,.F.);
#3007 = EDGE_CURVE('',#2928,#2968,#3008,.T.);
#3008 = LINE('',#3009,#3010);
#3009 = CARTESIAN_POINT('',(41.625,334.895,26.42));
#3010 = VECTOR('',#3011,1.);
#3011 = DIRECTION('',(1.,0.,-0.));
#3012 = ORIENTED_EDGE('',*,*,#2927,.T.);
#3013 = ORIENTED_EDGE('',*,*,#3014,.T.);
#3014 = EDGE_CURVE('',#2930,#2970,#3015,.T.);
#3015 = LINE('',#3016,#3017);
#3016 = CARTESIAN_POINT('',(41.625,334.895,37.97));
#3017 = VECTOR('',#3018,1.);
#3018 = DIRECTION('',(1.,0.,-0.));
#3019 = ORIENTED_EDGE('',*,*,#2967,.F.);
#3020 = PLANE('',#3021);
#3021 = AXIS2_PLACEMENT_3D('',#3022,#3023,#3024);
#3022 = CARTESIAN_POINT('',(41.625,334.895,26.42));
#3023 = DIRECTION('',(-0.,1.,0.));
#3024 = DIRECTION('',(0.,0.,1.));
#3025 = ADVANCED_FACE('',(#3026),#3042,.T.);
#3026 = FACE_BOUND('',#3027,.T.);
#3027 = EDGE_LOOP('',(#3028,#3034,#3035,#3041));
#3028 = ORIENTED_EDGE('',*,*,#3029,.F.);
#3029 = EDGE_CURVE('',#2938,#2978,#3030,.T.);
#3030 = LINE('',#3031,#3032);
#3031 = CARTESIAN_POINT('',(41.625,335.705,26.42));
#3032 = VECTOR('',#3033,1.);
#3033 = DIRECTION('',(1.,0.,-0.));
#3034 = ORIENTED_EDGE('',*,*,#2945,.T.);
#3035 = ORIENTED_EDGE('',*,*,#3036,.T.);
#3036 = EDGE_CURVE('',#2946,#2986,#3037,.T.);
#3037 = LINE('',#3038,#3039);
#3038 = CARTESIAN_POINT('',(41.625,335.705,37.97));
#3039 = VECTOR('',#3040,1.);
#3040 = DIRECTION('',(1.,0.,-0.));
#3041 = ORIENTED_EDGE('',*,*,#2985,.F.);
#3042 = PLANE('',#3043);
#3043 = AXIS2_PLACEMENT_3D('',#3044,#3045,#3046);
#3044 = CARTESIAN_POINT('',(41.625,335.705,26.42));
#3045 = DIRECTION('',(-0.,1.,0.));
#3046 = DIRECTION('',(0.,0.,1.));
#3047 = ADVANCED_FACE('',(#3048),#3054,.F.);
#3048 = FACE_BOUND('',#3049,.F.);
#3049 = EDGE_LOOP('',(#3050,#3051,#3052,#3053));
#3050 = ORIENTED_EDGE('',*,*,#2937,.F.);
#3051 = ORIENTED_EDGE('',*,*,#3007,.T.);
#3052 = ORIENTED_EDGE('',*,*,#2977,.T.);
#3053 = ORIENTED_EDGE('',*,*,#3029,.F.);
#3054 = PLANE('',#3055);
#3055 = AXIS2_PLACEMENT_3D('',#3056,#3057,#3058);
#3056 = CARTESIAN_POINT('',(41.625,334.895,26.42));
#3057 = DIRECTION('',(0.,0.,1.));
#3058 = DIRECTION('',(1.,0.,-0.));
#3059 = ADVANCED_FACE('',(#3060),#3066,.T.);
#3060 = FACE_BOUND('',#3061,.T.);
#3061 = EDGE_LOOP('',(#3062,#3063,#3064,#3065));
#3062 = ORIENTED_EDGE('',*,*,#2953,.F.);
#3063 = ORIENTED_EDGE('',*,*,#3014,.T.);
#3064 = ORIENTED_EDGE('',*,*,#2993,.T.);
#3065 = ORIENTED_EDGE('',*,*,#3036,.F.);
#3066 = PLANE('',#3067);
#3067 = AXIS2_PLACEMENT_3D('',#3068,#3069,#3070);
#3068 = CARTESIAN_POINT('',(41.625,334.895,37.97));
#3069 = DIRECTION('',(0.,0.,1.));
#3070 = DIRECTION('',(1.,0.,-0.));
#3071 = MANIFOLD_SOLID_BREP('',#3072);
#3072 = CLOSED_SHELL('',(#3073,#3113,#3153,#3175,#3197,#3209));
#3073 = ADVANCED_FACE('',(#3074),#3108,.F.);
#3074 = FACE_BOUND('',#3075,.F.);
#3075 = EDGE_LOOP('',(#3076,#3086,#3094,#3102));
#3076 = ORIENTED_EDGE('',*,*,#3077,.F.);
#3077 = EDGE_CURVE('',#3078,#3080,#3082,.T.);
#3078 = VERTEX_POINT('',#3079);
#3079 = CARTESIAN_POINT('',(41.625,360.295,26.42));
#3080 = VERTEX_POINT('',#3081);
#3081 = CARTESIAN_POINT('',(41.625,360.295,37.97));
#3082 = LINE('',#3083,#3084);
#3083 = CARTESIAN_POINT('',(41.625,360.295,26.42));
#3084 = VECTOR('',#3085,1.);
#3085 = DIRECTION('',(0.,0.,1.));
#3086 = ORIENTED_EDGE('',*,*,#3087,.T.);
#3087 = EDGE_CURVE('',#3078,#3088,#3090,.T.);
#3088 = VERTEX_POINT('',#3089);
#3089 = CARTESIAN_POINT('',(41.625,361.105,26.42));
#3090 = LINE('',#3091,#3092);
#3091 = CARTESIAN_POINT('',(41.625,360.295,26.42));
#3092 = VECTOR('',#3093,1.);
#3093 = DIRECTION('',(-0.,1.,0.));
#3094 = ORIENTED_EDGE('',*,*,#3095,.T.);
#3095 = EDGE_CURVE('',#3088,#3096,#3098,.T.);
#3096 = VERTEX_POINT('',#3097);
#3097 = CARTESIAN_POINT('',(41.625,361.105,37.97));
#3098 = LINE('',#3099,#3100);
#3099 = CARTESIAN_POINT('',(41.625,361.105,26.42));
#3100 = VECTOR('',#3101,1.);
#3101 = DIRECTION('',(0.,0.,1.));
#3102 = ORIENTED_EDGE('',*,*,#3103,.F.);
#3103 = EDGE_CURVE('',#3080,#3096,#3104,.T.);
#3104 = LINE('',#3105,#3106);
#3105 = CARTESIAN_POINT('',(41.625,360.295,37.97));
#3106 = VECTOR('',#3107,1.);
#3107 = DIRECTION('',(-0.,1.,0.));
#3108 = PLANE('',#3109);
#3109 = AXIS2_PLACEMENT_3D('',#3110,#3111,#3112);
#3110 = CARTESIAN_POINT('',(41.625,360.295,26.42));
#3111 = DIRECTION('',(1.,0.,-0.));
#3112 = DIRECTION('',(0.,0.,1.));
#3113 = ADVANCED_FACE('',(#3114),#3148,.T.);
#3114 = FACE_BOUND('',#3115,.T.);
#3115 = EDGE_LOOP('',(#3116,#3126,#3134,#3142));
#3116 = ORIENTED_EDGE('',*,*,#3117,.F.);
#3117 = EDGE_CURVE('',#3118,#3120,#3122,.T.);
#3118 = VERTEX_POINT('',#3119);
#3119 = CARTESIAN_POINT('',(47.975,360.295,26.42));
#3120 = VERTEX_POINT('',#3121);
#3121 = CARTESIAN_POINT('',(47.975,360.295,37.97));
#3122 = LINE('',#3123,#3124);
#3123 = CARTESIAN_POINT('',(47.975,360.295,26.42));
#3124 = VECTOR('',#3125,1.);
#3125 = DIRECTION('',(0.,0.,1.));
#3126 = ORIENTED_EDGE('',*,*,#3127,.T.);
#3127 = EDGE_CURVE('',#3118,#3128,#3130,.T.);
#3128 = VERTEX_POINT('',#3129);
#3129 = CARTESIAN_POINT('',(47.975,361.105,26.42));
#3130 = LINE('',#3131,#3132);
#3131 = CARTESIAN_POINT('',(47.975,360.295,26.42));
#3132 = VECTOR('',#3133,1.);
#3133 = DIRECTION('',(-0.,1.,0.));
#3134 = ORIENTED_EDGE('',*,*,#3135,.T.);
#3135 = EDGE_CURVE('',#3128,#3136,#3138,.T.);
#3136 = VERTEX_POINT('',#3137);
#3137 = CARTESIAN_POINT('',(47.975,361.105,37.97));
#3138 = LINE('',#3139,#3140);
#3139 = CARTESIAN_POINT('',(47.975,361.105,26.42));
#3140 = VECTOR('',#3141,1.);
#3141 = DIRECTION('',(0.,0.,1.));
#3142 = ORIENTED_EDGE('',*,*,#3143,.F.);
#3143 = EDGE_CURVE('',#3120,#3136,#3144,.T.);
#3144 = LINE('',#3145,#3146);
#3145 = CARTESIAN_POINT('',(47.975,360.295,37.97));
#3146 = VECTOR('',#3147,1.);
#3147 = DIRECTION('',(-0.,1.,0.));
#3148 = PLANE('',#3149);
#3149 = AXIS2_PLACEMENT_3D('',#3150,#3151,#3152);
#3150 = CARTESIAN_POINT('',(47.975,360.295,26.42));
#3151 = DIRECTION('',(1.,0.,-0.));
#3152 = DIRECTION('',(0.,0.,1.));
#3153 = ADVANCED_FACE('',(#3154),#3170,.F.);
#3154 = FACE_BOUND('',#3155,.F.);
#3155 = EDGE_LOOP('',(#3156,#3162,#3163,#3169));
#3156 = ORIENTED_EDGE('',*,*,#3157,.F.);
#3157 = EDGE_CURVE('',#3078,#3118,#3158,.T.);
#3158 = LINE('',#3159,#3160);
#3159 = CARTESIAN_POINT('',(41.625,360.295,26.42));
#3160 = VECTOR('',#3161,1.);
#3161 = DIRECTION('',(1.,0.,-0.));
#3162 = ORIENTED_EDGE('',*,*,#3077,.T.);
#3163 = ORIENTED_EDGE('',*,*,#3164,.T.);
#3164 = EDGE_CURVE('',#3080,#3120,#3165,.T.);
#3165 = LINE('',#3166,#3167);
#3166 = CARTESIAN_POINT('',(41.625,360.295,37.97));
#3167 = VECTOR('',#3168,1.);
#3168 = DIRECTION('',(1.,0.,-0.));
#3169 = ORIENTED_EDGE('',*,*,#3117,.F.);
#3170 = PLANE('',#3171);
#3171 = AXIS2_PLACEMENT_3D('',#3172,#3173,#3174);
#3172 = CARTESIAN_POINT('',(41.625,360.295,26.42));
#3173 = DIRECTION('',(-0.,1.,0.));
#3174 = DIRECTION('',(0.,0.,1.));
#3175 = ADVANCED_FACE('',(#3176),#3192,.T.);
#3176 = FACE_BOUND('',#3177,.T.);
#3177 = EDGE_LOOP('',(#3178,#3184,#3185,#3191));
#3178 = ORIENTED_EDGE('',*,*,#3179,.F.);
#3179 = EDGE_CURVE('',#3088,#3128,#3180,.T.);
#3180 = LINE('',#3181,#3182);
#3181 = CARTESIAN_POINT('',(41.625,361.105,26.42));
#3182 = VECTOR('',#3183,1.);
#3183 = DIRECTION('',(1.,0.,-0.));
#3184 = ORIENTED_EDGE('',*,*,#3095,.T.);
#3185 = ORIENTED_EDGE('',*,*,#3186,.T.);
#3186 = EDGE_CURVE('',#3096,#3136,#3187,.T.);
#3187 = LINE('',#3188,#3189);
#3188 = CARTESIAN_POINT('',(41.625,361.105,37.97));
#3189 = VECTOR('',#3190,1.);
#3190 = DIRECTION('',(1.,0.,-0.));
#3191 = ORIENTED_EDGE('',*,*,#3135,.F.);
#3192 = PLANE('',#3193);
#3193 = AXIS2_PLACEMENT_3D('',#3194,#3195,#3196);
#3194 = CARTESIAN_POINT('',(41.625,361.105,26.42));
#3195 = DIRECTION('',(-0.,1.,0.));
#3196 = DIRECTION('',(0.,0.,1.));
#3197 = ADVANCED_FACE('',(#3198),#3204,.F.);
#3198 = FACE_BOUND('',#3199,.F.);
#3199 = EDGE_LOOP('',(#3200,#3201,#3202,#3203));
#3200 = ORIENTED_EDGE('',*,*,#3087,.F.);
#3201 = ORIENTED_EDGE('',*,*,#3157,.T.);
#3202 = ORIENTED_EDGE('',*,*,#3127,.T.);
#3203 = ORIENTED_EDGE('',*,*,#3179,.F.);
#3204 = PLANE('',#3205);
#3205 = AXIS2_PLACEMENT_3D('',#3206,#3207,#3208);
#3206 = CARTESIAN_POINT('',(41.625,360.295,26.42));
#3207 = DIRECTION('',(0.,0.,1.));
#3208 = DIRECTION('',(1.,0.,-0.));
#3209 = ADVANCED_FACE('',(#3210),#3216,.T.);
#3210 = FACE_BOUND('',#3211,.T.);
#3211 = EDGE_LOOP('',(#3212,#3213,#3214,#3215));
#3212 = ORIENTED_EDGE('',*,*,#3103,.F.);
#3213 = ORIENTED_EDGE('',*,*,#3164,.T.);
#3214 = ORIENTED_EDGE('',*,*,#3143,.T.);
#3215 = ORIENTED_EDGE('',*,*,#3186,.F.);
#3216 = PLANE('',#3217);
#3217 = AXIS2_PLACEMENT_3D('',#3218,#3219,#3220);
#3218 = CARTESIAN_POINT('',(41.625,360.295,37.97));
#3219 = DIRECTION('',(0.,0.,1.));
#3220 = DIRECTION('',(1.,0.,-0.));
#3221 = MANIFOLD_SOLID_BREP('',#3222);
#3222 = CLOSED_SHELL('',(#3223,#3263,#3303,#3325,#3347,#3359));
#3223 = ADVANCED_FACE('',(#3224),#3258,.F.);
#3224 = FACE_BOUND('',#3225,.F.);
#3225 = EDGE_LOOP('',(#3226,#3236,#3244,#3252));
#3226 = ORIENTED_EDGE('',*,*,#3227,.F.);
#3227 = EDGE_CURVE('',#3228,#3230,#3232,.T.);
#3228 = VERTEX_POINT('',#3229);
#3229 = CARTESIAN_POINT('',(53.625,334.895,26.42));
#3230 = VERTEX_POINT('',#3231);
#3231 = CARTESIAN_POINT('',(53.625,334.895,37.97));
#3232 = LINE('',#3233,#3234);
#3233 = CARTESIAN_POINT('',(53.625,334.895,26.42));
#3234 = VECTOR('',#3235,1.);
#3235 = DIRECTION('',(0.,0.,1.));
#3236 = ORIENTED_EDGE('',*,*,#3237,.T.);
#3237 = EDGE_CURVE('',#3228,#3238,#3240,.T.);
#3238 = VERTEX_POINT('',#3239);
#3239 = CARTESIAN_POINT('',(53.625,335.705,26.42));
#3240 = LINE('',#3241,#3242);
#3241 = CARTESIAN_POINT('',(53.625,334.895,26.42));
#3242 = VECTOR('',#3243,1.);
#3243 = DIRECTION('',(-0.,1.,0.));
#3244 = ORIENTED_EDGE('',*,*,#3245,.T.);
#3245 = EDGE_CURVE('',#3238,#3246,#3248,.T.);
#3246 = VERTEX_POINT('',#3247);
#3247 = CARTESIAN_POINT('',(53.625,335.705,37.97));
#3248 = LINE('',#3249,#3250);
#3249 = CARTESIAN_POINT('',(53.625,335.705,26.42));
#3250 = VECTOR('',#3251,1.);
#3251 = DIRECTION('',(0.,0.,1.));
#3252 = ORIENTED_EDGE('',*,*,#3253,.F.);
#3253 = EDGE_CURVE('',#3230,#3246,#3254,.T.);
#3254 = LINE('',#3255,#3256);
#3255 = CARTESIAN_POINT('',(53.625,334.895,37.97));
#3256 = VECTOR('',#3257,1.);
#3257 = DIRECTION('',(-0.,1.,0.));
#3258 = PLANE('',#3259);
#3259 = AXIS2_PLACEMENT_3D('',#3260,#3261,#3262);
#3260 = CARTESIAN_POINT('',(53.625,334.895,26.42));
#3261 = DIRECTION('',(1.,0.,-0.));
#3262 = DIRECTION('',(0.,0.,1.));
#3263 = ADVANCED_FACE('',(#3264),#3298,.T.);
#3264 = FACE_BOUND('',#3265,.T.);
#3265 = EDGE_LOOP('',(#3266,#3276,#3284,#3292));
#3266 = ORIENTED_EDGE('',*,*,#3267,.F.);
#3267 = EDGE_CURVE('',#3268,#3270,#3272,.T.);
#3268 = VERTEX_POINT('',#3269);
#3269 = CARTESIAN_POINT('',(59.975,334.895,26.42));
#3270 = VERTEX_POINT('',#3271);
#3271 = CARTESIAN_POINT('',(59.975,334.895,37.97));
#3272 = LINE('',#3273,#3274);
#3273 = CARTESIAN_POINT('',(59.975,334.895,26.42));
#3274 = VECTOR('',#3275,1.);
#3275 = DIRECTION('',(0.,0.,1.));
#3276 = ORIENTED_EDGE('',*,*,#3277,.T.);
#3277 = EDGE_CURVE('',#3268,#3278,#3280,.T.);
#3278 = VERTEX_POINT('',#3279);
#3279 = CARTESIAN_POINT('',(59.975,335.705,26.42));
#3280 = LINE('',#3281,#3282);
#3281 = CARTESIAN_POINT('',(59.975,334.895,26.42));
#3282 = VECTOR('',#3283,1.);
#3283 = DIRECTION('',(-0.,1.,0.));
#3284 = ORIENTED_EDGE('',*,*,#3285,.T.);
#3285 = EDGE_CURVE('',#3278,#3286,#3288,.T.);
#3286 = VERTEX_POINT('',#3287);
#3287 = CARTESIAN_POINT('',(59.975,335.705,37.97));
#3288 = LINE('',#3289,#3290);
#3289 = CARTESIAN_POINT('',(59.975,335.705,26.42));
#3290 = VECTOR('',#3291,1.);
#3291 = DIRECTION('',(0.,0.,1.));
#3292 = ORIENTED_EDGE('',*,*,#3293,.F.);
#3293 = EDGE_CURVE('',#3270,#3286,#3294,.T.);
#3294 = LINE('',#3295,#3296);
#3295 = CARTESIAN_POINT('',(59.975,334.895,37.97));
#3296 = VECTOR('',#3297,1.);
#3297 = DIRECTION('',(-0.,1.,0.));
#3298 = PLANE('',#3299);
#3299 = AXIS2_PLACEMENT_3D('',#3300,#3301,#3302);
#3300 = CARTESIAN_POINT('',(59.975,334.895,26.42));
#3301 = DIRECTION('',(1.,0.,-0.));
#3302 = DIRECTION('',(0.,0.,1.));
#3303 = ADVANCED_FACE('',(#3304),#3320,.F.);
#3304 = FACE_BOUND('',#3305,.F.);
#3305 = EDGE_LOOP('',(#3306,#3312,#3313,#3319));
#3306 = ORIENTED_EDGE('',*,*,#3307,.F.);
#3307 = EDGE_CURVE('',#3228,#3268,#3308,.T.);
#3308 = LINE('',#3309,#3310);
#3309 = CARTESIAN_POINT('',(53.625,334.895,26.42));
#3310 = VECTOR('',#3311,1.);
#3311 = DIRECTION('',(1.,0.,-0.));
#3312 = ORIENTED_EDGE('',*,*,#3227,.T.);
#3313 = ORIENTED_EDGE('',*,*,#3314,.T.);
#3314 = EDGE_CURVE('',#3230,#3270,#3315,.T.);
#3315 = LINE('',#3316,#3317);
#3316 = CARTESIAN_POINT('',(53.625,334.895,37.97));
#3317 = VECTOR('',#3318,1.);
#3318 = DIRECTION('',(1.,0.,-0.));
#3319 = ORIENTED_EDGE('',*,*,#3267,.F.);
#3320 = PLANE('',#3321);
#3321 = AXIS2_PLACEMENT_3D('',#3322,#3323,#3324);
#3322 = CARTESIAN_POINT('',(53.625,334.895,26.42));
#3323 = DIRECTION('',(-0.,1.,0.));
#3324 = DIRECTION('',(0.,0.,1.));
#3325 = ADVANCED_FACE('',(#3326),#3342,.T.);
#3326 = FACE_BOUND('',#3327,.T.);
#3327 = EDGE_LOOP('',(#3328,#3334,#3335,#3341));
#3328 = ORIENTED_EDGE('',*,*,#3329,.F.);
#3329 = EDGE_CURVE('',#3238,#3278,#3330,.T.);
#3330 = LINE('',#3331,#3332);
#3331 = CARTESIAN_POINT('',(53.625,335.705,26.42));
#3332 = VECTOR('',#3333,1.);
#3333 = DIRECTION('',(1.,0.,-0.));
#3334 = ORIENTED_EDGE('',*,*,#3245,.T.);
#3335 = ORIENTED_EDGE('',*,*,#3336,.T.);
#3336 = EDGE_CURVE('',#3246,#3286,#3337,.T.);
#3337 = LINE('',#3338,#3339);
#3338 = CARTESIAN_POINT('',(53.625,335.705,37.97));
#3339 = VECTOR('',#3340,1.);
#3340 = DIRECTION('',(1.,0.,-0.));
#3341 = ORIENTED_EDGE('',*,*,#3285,.F.);
#3342 = PLANE('',#3343);
#3343 = AXIS2_PLACEMENT_3D('',#3344,#3345,#3346);
#3344 = CARTESIAN_POINT('',(53.625,335.705,26.42));
#3345 = DIRECTION('',(-0.,1.,0.));
#3346 = DIRECTION('',(0.,0.,1.));
#3347 = ADVANCED_FACE('',(#3348),#3354,.F.);
#3348 = FACE_BOUND('',#3349,.F.);
#3349 = EDGE_LOOP('',(#3350,#3351,#3352,#3353));
#3350 = ORIENTED_EDGE('',*,*,#3237,.F.);
#3351 = ORIENTED_EDGE('',*,*,#3307,.T.);
#3352 = ORIENTED_EDGE('',*,*,#3277,.T.);
#3353 = ORIENTED_EDGE('',*,*,#3329,.F.);
#3354 = PLANE('',#3355);
#3355 = AXIS2_PLACEMENT_3D('',#3356,#3357,#3358);
#3356 = CARTESIAN_POINT('',(53.625,334.895,26.42));
#3357 = DIRECTION('',(0.,0.,1.));
#3358 = DIRECTION('',(1.,0.,-0.));
#3359 = ADVANCED_FACE('',(#3360),#3366,.T.);
#3360 = FACE_BOUND('',#3361,.T.);
#3361 = EDGE_LOOP('',(#3362,#3363,#3364,#3365));
#3362 = ORIENTED_EDGE('',*,*,#3253,.F.);
#3363 = ORIENTED_EDGE('',*,*,#3314,.T.);
#3364 = ORIENTED_EDGE('',*,*,#3293,.T.);
#3365 = ORIENTED_EDGE('',*,*,#3336,.F.);
#3366 = PLANE('',#3367);
#3367 = AXIS2_PLACEMENT_3D('',#3368,#3369,#3370);
#3368 = CARTESIAN_POINT('',(53.625,334.895,37.97));
#3369 = DIRECTION('',(0.,0.,1.));
#3370 = DIRECTION('',(1.,0.,-0.));
#3371 = MANIFOLD_SOLID_BREP('',#3372);
#3372 = CLOSED_SHELL('',(#3373,#3413,#3453,#3475,#3497,#3509));
#3373 = ADVANCED_FACE('',(#3374),#3408,.F.);
#3374 = FACE_BOUND('',#3375,.F.);
#3375 = EDGE_LOOP('',(#3376,#3386,#3394,#3402));
#3376 = ORIENTED_EDGE('',*,*,#3377,.F.);
#3377 = EDGE_CURVE('',#3378,#3380,#3382,.T.);
#3378 = VERTEX_POINT('',#3379);
#3379 = CARTESIAN_POINT('',(53.625,360.295,26.42));
#3380 = VERTEX_POINT('',#3381);
#3381 = CARTESIAN_POINT('',(53.625,360.295,37.97));
#3382 = LINE('',#3383,#3384);
#3383 = CARTESIAN_POINT('',(53.625,360.295,26.42));
#3384 = VECTOR('',#3385,1.);
#3385 = DIRECTION('',(0.,0.,1.));
#3386 = ORIENTED_EDGE('',*,*,#3387,.T.);
#3387 = EDGE_CURVE('',#3378,#3388,#3390,.T.);
#3388 = VERTEX_POINT('',#3389);
#3389 = CARTESIAN_POINT('',(53.625,361.105,26.42));
#3390 = LINE('',#3391,#3392);
#3391 = CARTESIAN_POINT('',(53.625,360.295,26.42));
#3392 = VECTOR('',#3393,1.);
#3393 = DIRECTION('',(-0.,1.,0.));
#3394 = ORIENTED_EDGE('',*,*,#3395,.T.);
#3395 = EDGE_CURVE('',#3388,#3396,#3398,.T.);
#3396 = VERTEX_POINT('',#3397);
#3397 = CARTESIAN_POINT('',(53.625,361.105,37.97));
#3398 = LINE('',#3399,#3400);
#3399 = CARTESIAN_POINT('',(53.625,361.105,26.42));
#3400 = VECTOR('',#3401,1.);
#3401 = DIRECTION('',(0.,0.,1.));
#3402 = ORIENTED_EDGE('',*,*,#3403,.F.);
#3403 = EDGE_CURVE('',#3380,#3396,#3404,.T.);
#3404 = LINE('',#3405,#3406);
#3405 = CARTESIAN_POINT('',(53.625,360.295,37.97));
#3406 = VECTOR('',#3407,1.);
#3407 = DIRECTION('',(-0.,1.,0.));
#3408 = PLANE('',#3409);
#3409 = AXIS2_PLACEMENT_3D('',#3410,#3411,#3412);
#3410 = CARTESIAN_POINT('',(53.625,360.295,26.42));
#3411 = DIRECTION('',(1.,0.,-0.));
#3412 = DIRECTION('',(0.,0.,1.));
#3413 = ADVANCED_FACE('',(#3414),#3448,.T.);
#3414 = FACE_BOUND('',#3415,.T.);
#3415 = EDGE_LOOP('',(#3416,#3426,#3434,#3442));
#3416 = ORIENTED_EDGE('',*,*,#3417,.F.);
#3417 = EDGE_CURVE('',#3418,#3420,#3422,.T.);
#3418 = VERTEX_POINT('',#3419);
#3419 = CARTESIAN_POINT('',(59.975,360.295,26.42));
#3420 = VERTEX_POINT('',#3421);
#3421 = CARTESIAN_POINT('',(59.975,360.295,37.97));
#3422 = LINE('',#3423,#3424);
#3423 = CARTESIAN_POINT('',(59.975,360.295,26.42));
#3424 = VECTOR('',#3425,1.);
#3425 = DIRECTION('',(0.,0.,1.));
#3426 = ORIENTED_EDGE('',*,*,#3427,.T.);
#3427 = EDGE_CURVE('',#3418,#3428,#3430,.T.);
#3428 = VERTEX_POINT('',#3429);
#3429 = CARTESIAN_POINT('',(59.975,361.105,26.42));
#3430 = LINE('',#3431,#3432);
#3431 = CARTESIAN_POINT('',(59.975,360.295,26.42));
#3432 = VECTOR('',#3433,1.);
#3433 = DIRECTION('',(-0.,1.,0.));
#3434 = ORIENTED_EDGE('',*,*,#3435,.T.);
#3435 = EDGE_CURVE('',#3428,#3436,#3438,.T.);
#3436 = VERTEX_POINT('',#3437);
#3437 = CARTESIAN_POINT('',(59.975,361.105,37.97));
#3438 = LINE('',#3439,#3440);
#3439 = CARTESIAN_POINT('',(59.975,361.105,26.42));
#3440 = VECTOR('',#3441,1.);
#3441 = DIRECTION('',(0.,0.,1.));
#3442 = ORIENTED_EDGE('',*,*,#3443,.F.);
#3443 = EDGE_CURVE('',#3420,#3436,#3444,.T.);
#3444 = LINE('',#3445,#3446);
#3445 = CARTESIAN_POINT('',(59.975,360.295,37.97));
#3446 = VECTOR('',#3447,1.);
#3447 = DIRECTION('',(-0.,1.,0.));
#3448 = PLANE('',#3449);
#3449 = AXIS2_PLACEMENT_3D('',#3450,#3451,#3452);
#3450 = CARTESIAN_POINT('',(59.975,360.295,26.42));
#3451 = DIRECTION('',(1.,0.,-0.));
#3452 = DIRECTION('',(0.,0.,1.));
#3453 = ADVANCED_FACE('',(#3454),#3470,.F.);
#3454 = FACE_BOUND('',#3455,.F.);
#3455 = EDGE_LOOP('',(#3456,#3462,#3463,#3469));
#3456 = ORIENTED_EDGE('',*,*,#3457,.F.);
#3457 = EDGE_CURVE('',#3378,#3418,#3458,.T.);
#3458 = LINE('',#3459,#3460);
#3459 = CARTESIAN_POINT('',(53.625,360.295,26.42));
#3460 = VECTOR('',#3461,1.);
#3461 = DIRECTION('',(1.,0.,-0.));
#3462 = ORIENTED_EDGE('',*,*,#3377,.T.);
#3463 = ORIENTED_EDGE('',*,*,#3464,.T.);
#3464 = EDGE_CURVE('',#3380,#3420,#3465,.T.);
#3465 = LINE('',#3466,#3467);
#3466 = CARTESIAN_POINT('',(53.625,360.295,37.97));
#3467 = VECTOR('',#3468,1.);
#3468 = DIRECTION('',(1.,0.,-0.));
#3469 = ORIENTED_EDGE('',*,*,#3417,.F.);
#3470 = PLANE('',#3471);
#3471 = AXIS2_PLACEMENT_3D('',#3472,#3473,#3474);
#3472 = CARTESIAN_POINT('',(53.625,360.295,26.42));
#3473 = DIRECTION('',(-0.,1.,0.));
#3474 = DIRECTION('',(0.,0.,1.));
#3475 = ADVANCED_FACE('',(#3476),#3492,.T.);
#3476 = FACE_BOUND('',#3477,.T.);
#3477 = EDGE_LOOP('',(#3478,#3484,#3485,#3491));
#3478 = ORIENTED_EDGE('',*,*,#3479,.F.);
#3479 = EDGE_CURVE('',#3388,#3428,#3480,.T.);
#3480 = LINE('',#3481,#3482);
#3481 = CARTESIAN_POINT('',(53.625,361.105,26.42));
#3482 = VECTOR('',#3483,1.);
#3483 = DIRECTION('',(1.,0.,-0.));
#3484 = ORIENTED_EDGE('',*,*,#3395,.T.);
#3485 = ORIENTED_EDGE('',*,*,#3486,.T.);
#3486 = EDGE_CURVE('',#3396,#3436,#3487,.T.);
#3487 = LINE('',#3488,#3489);
#3488 = CARTESIAN_POINT('',(53.625,361.105,37.97));
#3489 = VECTOR('',#3490,1.);
#3490 = DIRECTION('',(1.,0.,-0.));
#3491 = ORIENTED_EDGE('',*,*,#3435,.F.);
#3492 = PLANE('',#3493);
#3493 = AXIS2_PLACEMENT_3D('',#3494,#3495,#3496);
#3494 = CARTESIAN_POINT('',(53.625,361.105,26.42));
#3495 = DIRECTION('',(-0.,1.,0.));
#3496 = DIRECTION('',(0.,0.,1.));
#3497 = ADVANCED_FACE('',(#3498),#3504,.F.);
#3498 = FACE_BOUND('',#3499,.F.);
#3499 = EDGE_LOOP('',(#3500,#3501,#3502,#3503));
#3500 = ORIENTED_EDGE('',*,*,#3387,.F.);
#3501 = ORIENTED_EDGE('',*,*,#3457,.T.);
#3502 = ORIENTED_EDGE('',*,*,#3427,.T.);
#3503 = ORIENTED_EDGE('',*,*,#3479,.F.);
#3504 = PLANE('',#3505);
#3505 = AXIS2_PLACEMENT_3D('',#3506,#3507,#3508);
#3506 = CARTESIAN_POINT('',(53.625,360.295,26.42));
#3507 = DIRECTION('',(0.,0.,1.));
#3508 = DIRECTION('',(1.,0.,-0.));
#3509 = ADVANCED_FACE('',(#3510),#3516,.T.);
#3510 = FACE_BOUND('',#3511,.T.);
#3511 = EDGE_LOOP('',(#3512,#3513,#3514,#3515));
#3512 = ORIENTED_EDGE('',*,*,#3403,.F.);
#3513 = ORIENTED_EDGE('',*,*,#3464,.T.);
#3514 = ORIENTED_EDGE('',*,*,#3443,.T.);
#3515 = ORIENTED_EDGE('',*,*,#3486,.F.);
#3516 = PLANE('',#3517);
#3517 = AXIS2_PLACEMENT_3D('',#3518,#3519,#3520);
#3518 = CARTESIAN_POINT('',(53.625,360.295,37.97));
#3519 = DIRECTION('',(0.,0.,1.));
#3520 = DIRECTION('',(1.,0.,-0.));
#3521 = MANIFOLD_SOLID_BREP('',#3522);
#3522 = CLOSED_SHELL('',(#3523,#3563,#3603,#3625,#3647,#3659));
#3523 = ADVANCED_FACE('',(#3524),#3558,.F.);
#3524 = FACE_BOUND('',#3525,.F.);
#3525 = EDGE_LOOP('',(#3526,#3536,#3544,#3552));
#3526 = ORIENTED_EDGE('',*,*,#3527,.F.);
#3527 = EDGE_CURVE('',#3528,#3530,#3532,.T.);
#3528 = VERTEX_POINT('',#3529);
#3529 = CARTESIAN_POINT('',(65.625,334.895,26.42));
#3530 = VERTEX_POINT('',#3531);
#3531 = CARTESIAN_POINT('',(65.625,334.895,37.97));
#3532 = LINE('',#3533,#3534);
#3533 = CARTESIAN_POINT('',(65.625,334.895,26.42));
#3534 = VECTOR('',#3535,1.);
#3535 = DIRECTION('',(0.,0.,1.));
#3536 = ORIENTED_EDGE('',*,*,#3537,.T.);
#3537 = EDGE_CURVE('',#3528,#3538,#3540,.T.);
#3538 = VERTEX_POINT('',#3539);
#3539 = CARTESIAN_POINT('',(65.625,335.705,26.42));
#3540 = LINE('',#3541,#3542);
#3541 = CARTESIAN_POINT('',(65.625,334.895,26.42));
#3542 = VECTOR('',#3543,1.);
#3543 = DIRECTION('',(-0.,1.,0.));
#3544 = ORIENTED_EDGE('',*,*,#3545,.T.);
#3545 = EDGE_CURVE('',#3538,#3546,#3548,.T.);
#3546 = VERTEX_POINT('',#3547);
#3547 = CARTESIAN_POINT('',(65.625,335.705,37.97));
#3548 = LINE('',#3549,#3550);
#3549 = CARTESIAN_POINT('',(65.625,335.705,26.42));
#3550 = VECTOR('',#3551,1.);
#3551 = DIRECTION('',(0.,0.,1.));
#3552 = ORIENTED_EDGE('',*,*,#3553,.F.);
#3553 = EDGE_CURVE('',#3530,#3546,#3554,.T.);
#3554 = LINE('',#3555,#3556);
#3555 = CARTESIAN_POINT('',(65.625,334.895,37.97));
#3556 = VECTOR('',#3557,1.);
#3557 = DIRECTION('',(-0.,1.,0.));
#3558 = PLANE('',#3559);
#3559 = AXIS2_PLACEMENT_3D('',#3560,#3561,#3562);
#3560 = CARTESIAN_POINT('',(65.625,334.895,26.42));
#3561 = DIRECTION('',(1.,0.,-0.));
#3562 = DIRECTION('',(0.,0.,1.));
#3563 = ADVANCED_FACE('',(#3564),#3598,.T.);
#3564 = FACE_BOUND('',#3565,.T.);
#3565 = EDGE_LOOP('',(#3566,#3576,#3584,#3592));
#3566 = ORIENTED_EDGE('',*,*,#3567,.F.);
#3567 = EDGE_CURVE('',#3568,#3570,#3572,.T.);
#3568 = VERTEX_POINT('',#3569);
#3569 = CARTESIAN_POINT('',(71.975,334.895,26.42));
#3570 = VERTEX_POINT('',#3571);
#3571 = CARTESIAN_POINT('',(71.975,334.895,37.97));
#3572 = LINE('',#3573,#3574);
#3573 = CARTESIAN_POINT('',(71.975,334.895,26.42));
#3574 = VECTOR('',#3575,1.);
#3575 = DIRECTION('',(0.,0.,1.));
#3576 = ORIENTED_EDGE('',*,*,#3577,.T.);
#3577 = EDGE_CURVE('',#3568,#3578,#3580,.T.);
#3578 = VERTEX_POINT('',#3579);
#3579 = CARTESIAN_POINT('',(71.975,335.705,26.42));
#3580 = LINE('',#3581,#3582);
#3581 = CARTESIAN_POINT('',(71.975,334.895,26.42));
#3582 = VECTOR('',#3583,1.);
#3583 = DIRECTION('',(-0.,1.,0.));
#3584 = ORIENTED_EDGE('',*,*,#3585,.T.);
#3585 = EDGE_CURVE('',#3578,#3586,#3588,.T.);
#3586 = VERTEX_POINT('',#3587);
#3587 = CARTESIAN_POINT('',(71.975,335.705,37.97));
#3588 = LINE('',#3589,#3590);
#3589 = CARTESIAN_POINT('',(71.975,335.705,26.42));
#3590 = VECTOR('',#3591,1.);
#3591 = DIRECTION('',(0.,0.,1.));
#3592 = ORIENTED_EDGE('',*,*,#3593,.F.);
#3593 = EDGE_CURVE('',#3570,#3586,#3594,.T.);
#3594 = LINE('',#3595,#3596);
#3595 = CARTESIAN_POINT('',(71.975,334.895,37.97));
#3596 = VECTOR('',#3597,1.);
#3597 = DIRECTION('',(-0.,1.,0.));
#3598 = PLANE('',#3599);
#3599 = AXIS2_PLACEMENT_3D('',#3600,#3601,#3602);
#3600 = CARTESIAN_POINT('',(71.975,334.895,26.42));
#3601 = DIRECTION('',(1.,0.,-0.));
#3602 = DIRECTION('',(0.,0.,1.));
#3603 = ADVANCED_FACE('',(#3604),#3620,.F.);
#3604 = FACE_BOUND('',#3605,.F.);
#3605 = EDGE_LOOP('',(#3606,#3612,#3613,#3619));
#3606 = ORIENTED_EDGE('',*,*,#3607,.F.);
#3607 = EDGE_CURVE('',#3528,#3568,#3608,.T.);
#3608 = LINE('',#3609,#3610);
#3609 = CARTESIAN_POINT('',(65.625,334.895,26.42));
#3610 = VECTOR('',#3611,1.);
#3611 = DIRECTION('',(1.,0.,-0.));
#3612 = ORIENTED_EDGE('',*,*,#3527,.T.);
#3613 = ORIENTED_EDGE('',*,*,#3614,.T.);
#3614 = EDGE_CURVE('',#3530,#3570,#3615,.T.);
#3615 = LINE('',#3616,#3617);
#3616 = CARTESIAN_POINT('',(65.625,334.895,37.97));
#3617 = VECTOR('',#3618,1.);
#3618 = DIRECTION('',(1.,0.,-0.));
#3619 = ORIENTED_EDGE('',*,*,#3567,.F.);
#3620 = PLANE('',#3621);
#3621 = AXIS2_PLACEMENT_3D('',#3622,#3623,#3624);
#3622 = CARTESIAN_POINT('',(65.625,334.895,26.42));
#3623 = DIRECTION('',(-0.,1.,0.));
#3624 = DIRECTION('',(0.,0.,1.));
#3625 = ADVANCED_FACE('',(#3626),#3642,.T.);
#3626 = FACE_BOUND('',#3627,.T.);
#3627 = EDGE_LOOP('',(#3628,#3634,#3635,#3641));
#3628 = ORIENTED_EDGE('',*,*,#3629,.F.);
#3629 = EDGE_CURVE('',#3538,#3578,#3630,.T.);
#3630 = LINE('',#3631,#3632);
#3631 = CARTESIAN_POINT('',(65.625,335.705,26.42));
#3632 = VECTOR('',#3633,1.);
#3633 = DIRECTION('',(1.,0.,-0.));
#3634 = ORIENTED_EDGE('',*,*,#3545,.T.);
#3635 = ORIENTED_EDGE('',*,*,#3636,.T.);
#3636 = EDGE_CURVE('',#3546,#3586,#3637,.T.);
#3637 = LINE('',#3638,#3639);
#3638 = CARTESIAN_POINT('',(65.625,335.705,37.97));
#3639 = VECTOR('',#3640,1.);
#3640 = DIRECTION('',(1.,0.,-0.));
#3641 = ORIENTED_EDGE('',*,*,#3585,.F.);
#3642 = PLANE('',#3643);
#3643 = AXIS2_PLACEMENT_3D('',#3644,#3645,#3646);
#3644 = CARTESIAN_POINT('',(65.625,335.705,26.42));
#3645 = DIRECTION('',(-0.,1.,0.));
#3646 = DIRECTION('',(0.,0.,1.));
#3647 = ADVANCED_FACE('',(#3648),#3654,.F.);
#3648 = FACE_BOUND('',#3649,.F.);
#3649 = EDGE_LOOP('',(#3650,#3651,#3652,#3653));
#3650 = ORIENTED_EDGE('',*,*,#3537,.F.);
#3651 = ORIENTED_EDGE('',*,*,#3607,.T.);
#3652 = ORIENTED_EDGE('',*,*,#3577,.T.);
#3653 = ORIENTED_EDGE('',*,*,#3629,.F.);
#3654 = PLANE('',#3655);
#3655 = AXIS2_PLACEMENT_3D('',#3656,#3657,#3658);
#3656 = CARTESIAN_POINT('',(65.625,334.895,26.42));
#3657 = DIRECTION('',(0.,0.,1.));
#3658 = DIRECTION('',(1.,0.,-0.));
#3659 = ADVANCED_FACE('',(#3660),#3666,.T.);
#3660 = FACE_BOUND('',#3661,.T.);
#3661 = EDGE_LOOP('',(#3662,#3663,#3664,#3665));
#3662 = ORIENTED_EDGE('',*,*,#3553,.F.);
#3663 = ORIENTED_EDGE('',*,*,#3614,.T.);
#3664 = ORIENTED_EDGE('',*,*,#3593,.T.);
#3665 = ORIENTED_EDGE('',*,*,#3636,.F.);
#3666 = PLANE('',#3667);
#3667 = AXIS2_PLACEMENT_3D('',#3668,#3669,#3670);
#3668 = CARTESIAN_POINT('',(65.625,334.895,37.97));
#3669 = DIRECTION('',(0.,0.,1.));
#3670 = DIRECTION('',(1.,0.,-0.));
#3671 = MANIFOLD_SOLID_BREP('',#3672);
#3672 = CLOSED_SHELL('',(#3673,#3713,#3753,#3775,#3797,#3809));
#3673 = ADVANCED_FACE('',(#3674),#3708,.F.);
#3674 = FACE_BOUND('',#3675,.F.);
#3675 = EDGE_LOOP('',(#3676,#3686,#3694,#3702));
#3676 = ORIENTED_EDGE('',*,*,#3677,.F.);
#3677 = EDGE_CURVE('',#3678,#3680,#3682,.T.);
#3678 = VERTEX_POINT('',#3679);
#3679 = CARTESIAN_POINT('',(65.625,360.295,26.42));
#3680 = VERTEX_POINT('',#3681);
#3681 = CARTESIAN_POINT('',(65.625,360.295,37.97));
#3682 = LINE('',#3683,#3684);
#3683 = CARTESIAN_POINT('',(65.625,360.295,26.42));
#3684 = VECTOR('',#3685,1.);
#3685 = DIRECTION('',(0.,0.,1.));
#3686 = ORIENTED_EDGE('',*,*,#3687,.T.);
#3687 = EDGE_CURVE('',#3678,#3688,#3690,.T.);
#3688 = VERTEX_POINT('',#3689);
#3689 = CARTESIAN_POINT('',(65.625,361.105,26.42));
#3690 = LINE('',#3691,#3692);
#3691 = CARTESIAN_POINT('',(65.625,360.295,26.42));
#3692 = VECTOR('',#3693,1.);
#3693 = DIRECTION('',(-0.,1.,0.));
#3694 = ORIENTED_EDGE('',*,*,#3695,.T.);
#3695 = EDGE_CURVE('',#3688,#3696,#3698,.T.);
#3696 = VERTEX_POINT('',#3697);
#3697 = CARTESIAN_POINT('',(65.625,361.105,37.97));
#3698 = LINE('',#3699,#3700);
#3699 = CARTESIAN_POINT('',(65.625,361.105,26.42));
#3700 = VECTOR('',#3701,1.);
#3701 = DIRECTION('',(0.,0.,1.));
#3702 = ORIENTED_EDGE('',*,*,#3703,.F.);
#3703 = EDGE_CURVE('',#3680,#3696,#3704,.T.);
#3704 = LINE('',#3705,#3706);
#3705 = CARTESIAN_POINT('',(65.625,360.295,37.97));
#3706 = VECTOR('',#3707,1.);
#3707 = DIRECTION('',(-0.,1.,0.));
#3708 = PLANE('',#3709);
#3709 = AXIS2_PLACEMENT_3D('',#3710,#3711,#3712);
#3710 = CARTESIAN_POINT('',(65.625,360.295,26.42));
#3711 = DIRECTION('',(1.,0.,-0.));
#3712 = DIRECTION('',(0.,0.,1.));
#3713 = ADVANCED_FACE('',(#3714),#3748,.T.);
#3714 = FACE_BOUND('',#3715,.T.);
#3715 = EDGE_LOOP('',(#3716,#3726,#3734,#3742));
#3716 = ORIENTED_EDGE('',*,*,#3717,.F.);
#3717 = EDGE_CURVE('',#3718,#3720,#3722,.T.);
#3718 = VERTEX_POINT('',#3719);
#3719 = CARTESIAN_POINT('',(71.975,360.295,26.42));
#3720 = VERTEX_POINT('',#3721);
#3721 = CARTESIAN_POINT('',(71.975,360.295,37.97));
#3722 = LINE('',#3723,#3724);
#3723 = CARTESIAN_POINT('',(71.975,360.295,26.42));
#3724 = VECTOR('',#3725,1.);
#3725 = DIRECTION('',(0.,0.,1.));
#3726 = ORIENTED_EDGE('',*,*,#3727,.T.);
#3727 = EDGE_CURVE('',#3718,#3728,#3730,.T.);
#3728 = VERTEX_POINT('',#3729);
#3729 = CARTESIAN_POINT('',(71.975,361.105,26.42));
#3730 = LINE('',#3731,#3732);
#3731 = CARTESIAN_POINT('',(71.975,360.295,26.42));
#3732 = VECTOR('',#3733,1.);
#3733 = DIRECTION('',(-0.,1.,0.));
#3734 = ORIENTED_EDGE('',*,*,#3735,.T.);
#3735 = EDGE_CURVE('',#3728,#3736,#3738,.T.);
#3736 = VERTEX_POINT('',#3737);
#3737 = CARTESIAN_POINT('',(71.975,361.105,37.97));
#3738 = LINE('',#3739,#3740);
#3739 = CARTESIAN_POINT('',(71.975,361.105,26.42));
#3740 = VECTOR('',#3741,1.);
#3741 = DIRECTION('',(0.,0.,1.));
#3742 = ORIENTED_EDGE('',*,*,#3743,.F.);
#3743 = EDGE_CURVE('',#3720,#3736,#3744,.T.);
#3744 = LINE('',#3745,#3746);
#3745 = CARTESIAN_POINT('',(71.975,360.295,37.97));
#3746 = VECTOR('',#3747,1.);
#3747 = DIRECTION('',(-0.,1.,0.));
#3748 = PLANE('',#3749);
#3749 = AXIS2_PLACEMENT_3D('',#3750,#3751,#3752);
#3750 = CARTESIAN_POINT('',(71.975,360.295,26.42));
#3751 = DIRECTION('',(1.,0.,-0.));
#3752 = DIRECTION('',(0.,0.,1.));
#3753 = ADVANCED_FACE('',(#3754),#3770,.F.);
#3754 = FACE_BOUND('',#3755,.F.);
#3755 = EDGE_LOOP('',(#3756,#3762,#3763,#3769));
#3756 = ORIENTED_EDGE('',*,*,#3757,.F.);
#3757 = EDGE_CURVE('',#3678,#3718,#3758,.T.);
#3758 = LINE('',#3759,#3760);
#3759 = CARTESIAN_POINT('',(65.625,360.295,26.42));
#3760 = VECTOR('',#3761,1.);
#3761 = DIRECTION('',(1.,0.,-0.));
#3762 = ORIENTED_EDGE('',*,*,#3677,.T.);
#3763 = ORIENTED_EDGE('',*,*,#3764,.T.);
#3764 = EDGE_CURVE('',#3680,#3720,#3765,.T.);
#3765 = LINE('',#3766,#3767);
#3766 = CARTESIAN_POINT('',(65.625,360.295,37.97));
#3767 = VECTOR('',#3768,1.);
#3768 = DIRECTION('',(1.,0.,-0.));
#3769 = ORIENTED_EDGE('',*,*,#3717,.F.);
#3770 = PLANE('',#3771);
#3771 = AXIS2_PLACEMENT_3D('',#3772,#3773,#3774);
#3772 = CARTESIAN_POINT('',(65.625,360.295,26.42));
#3773 = DIRECTION('',(-0.,1.,0.));
#3774 = DIRECTION('',(0.,0.,1.));
#3775 = ADVANCED_FACE('',(#3776),#3792,.T.);
#3776 = FACE_BOUND('',#3777,.T.);
#3777 = EDGE_LOOP('',(#3778,#3784,#3785,#3791));
#3778 = ORIENTED_EDGE('',*,*,#3779,.F.);
#3779 = EDGE_CURVE('',#3688,#3728,#3780,.T.);
#3780 = LINE('',#3781,#3782);
#3781 = CARTESIAN_POINT('',(65.625,361.105,26.42));
#3782 = VECTOR('',#3783,1.);
#3783 = DIRECTION('',(1.,0.,-0.));
#3784 = ORIENTED_EDGE('',*,*,#3695,.T.);
#3785 = ORIENTED_EDGE('',*,*,#3786,.T.);
#3786 = EDGE_CURVE('',#3696,#3736,#3787,.T.);
#3787 = LINE('',#3788,#3789);
#3788 = CARTESIAN_POINT('',(65.625,361.105,37.97));
#3789 = VECTOR('',#3790,1.);
#3790 = DIRECTION('',(1.,0.,-0.));
#3791 = ORIENTED_EDGE('',*,*,#3735,.F.);
#3792 = PLANE('',#3793);
#3793 = AXIS2_PLACEMENT_3D('',#3794,#3795,#3796);
#3794 = CARTESIAN_POINT('',(65.625,361.105,26.42));
#3795 = DIRECTION('',(-0.,1.,0.));
#3796 = DIRECTION('',(0.,0.,1.));
#3797 = ADVANCED_FACE('',(#3798),#3804,.F.);
#3798 = FACE_BOUND('',#3799,.F.);
#3799 = EDGE_LOOP('',(#3800,#3801,#3802,#3803));
#3800 = ORIENTED_EDGE('',*,*,#3687,.F.);
#3801 = ORIENTED_EDGE('',*,*,#3757,.T.);
#3802 = ORIENTED_EDGE('',*,*,#3727,.T.);
#3803 = ORIENTED_EDGE('',*,*,#3779,.F.);
#3804 = PLANE('',#3805);
#3805 = AXIS2_PLACEMENT_3D('',#3806,#3807,#3808);
#3806 = CARTESIAN_POINT('',(65.625,360.295,26.42));
#3807 = DIRECTION('',(0.,0.,1.));
#3808 = DIRECTION('',(1.,0.,-0.));
#3809 = ADVANCED_FACE('',(#3810),#3816,.T.);
#3810 = FACE_BOUND('',#3811,.T.);
#3811 = EDGE_LOOP('',(#3812,#3813,#3814,#3815));
#3812 = ORIENTED_EDGE('',*,*,#3703,.F.);
#3813 = ORIENTED_EDGE('',*,*,#3764,.T.);
#3814 = ORIENTED_EDGE('',*,*,#3743,.T.);
#3815 = ORIENTED_EDGE('',*,*,#3786,.F.);
#3816 = PLANE('',#3817);
#3817 = AXIS2_PLACEMENT_3D('',#3818,#3819,#3820);
#3818 = CARTESIAN_POINT('',(65.625,360.295,37.97));
#3819 = DIRECTION('',(0.,0.,1.));
#3820 = DIRECTION('',(1.,0.,-0.));
#3821 = MANIFOLD_SOLID_BREP('',#3822);
#3822 = CLOSED_SHELL('',(#3823,#3863,#3894,#3962,#3986,#4047,#4059,#4076
    ,#4093,#4110));
#3823 = ADVANCED_FACE('',(#3824),#3858,.F.);
#3824 = FACE_BOUND('',#3825,.F.);
#3825 = EDGE_LOOP('',(#3826,#3836,#3844,#3852));
#3826 = ORIENTED_EDGE('',*,*,#3827,.F.);
#3827 = EDGE_CURVE('',#3828,#3830,#3832,.T.);
#3828 = VERTEX_POINT('',#3829);
#3829 = CARTESIAN_POINT('',(8.,285.,0.));
#3830 = VERTEX_POINT('',#3831);
#3831 = CARTESIAN_POINT('',(8.,285.,1.6));
#3832 = LINE('',#3833,#3834);
#3833 = CARTESIAN_POINT('',(8.,285.,0.));
#3834 = VECTOR('',#3835,1.);
#3835 = DIRECTION('',(0.,0.,1.));
#3836 = ORIENTED_EDGE('',*,*,#3837,.T.);
#3837 = EDGE_CURVE('',#3828,#3838,#3840,.T.);
#3838 = VERTEX_POINT('',#3839);
#3839 = CARTESIAN_POINT('',(8.,315.,0.));
#3840 = LINE('',#3841,#3842);
#3841 = CARTESIAN_POINT('',(8.,285.,0.));
#3842 = VECTOR('',#3843,1.);
#3843 = DIRECTION('',(-0.,1.,0.));
#3844 = ORIENTED_EDGE('',*,*,#3845,.T.);
#3845 = EDGE_CURVE('',#3838,#3846,#3848,.T.);
#3846 = VERTEX_POINT('',#3847);
#3847 = CARTESIAN_POINT('',(8.,315.,1.6));
#3848 = LINE('',#3849,#3850);
#3849 = CARTESIAN_POINT('',(8.,315.,0.));
#3850 = VECTOR('',#3851,1.);
#3851 = DIRECTION('',(0.,0.,1.));
#3852 = ORIENTED_EDGE('',*,*,#3853,.F.);
#3853 = EDGE_CURVE('',#3830,#3846,#3854,.T.);
#3854 = LINE('',#3855,#3856);
#3855 = CARTESIAN_POINT('',(8.,285.,1.6));
#3856 = VECTOR('',#3857,1.);
#3857 = DIRECTION('',(-0.,1.,0.));
#3858 = PLANE('',#3859);
#3859 = AXIS2_PLACEMENT_3D('',#3860,#3861,#3862);
#3860 = CARTESIAN_POINT('',(8.,285.,0.));
#3861 = DIRECTION('',(1.,0.,-0.));
#3862 = DIRECTION('',(0.,0.,1.));
#3863 = ADVANCED_FACE('',(#3864),#3889,.F.);
#3864 = FACE_BOUND('',#3865,.F.);
#3865 = EDGE_LOOP('',(#3866,#3874,#3875,#3883));
#3866 = ORIENTED_EDGE('',*,*,#3867,.F.);
#3867 = EDGE_CURVE('',#3828,#3868,#3870,.T.);
#3868 = VERTEX_POINT('',#3869);
#3869 = CARTESIAN_POINT('',(48.,285.,0.));
#3870 = LINE('',#3871,#3872);
#3871 = CARTESIAN_POINT('',(8.,285.,0.));
#3872 = VECTOR('',#3873,1.);
#3873 = DIRECTION('',(1.,0.,-0.));
#3874 = ORIENTED_EDGE('',*,*,#3827,.T.);
#3875 = ORIENTED_EDGE('',*,*,#3876,.T.);
#3876 = EDGE_CURVE('',#3830,#3877,#3879,.T.);
#3877 = VERTEX_POINT('',#3878);
#3878 = CARTESIAN_POINT('',(48.,285.,1.6));
#3879 = LINE('',#3880,#3881);
#3880 = CARTESIAN_POINT('',(8.,285.,1.6));
#3881 = VECTOR('',#3882,1.);
#3882 = DIRECTION('',(1.,0.,-0.));
#3883 = ORIENTED_EDGE('',*,*,#3884,.F.);
#3884 = EDGE_CURVE('',#3868,#3877,#3885,.T.);
#3885 = LINE('',#3886,#3887);
#3886 = CARTESIAN_POINT('',(48.,285.,0.));
#3887 = VECTOR('',#3888,1.);
#3888 = DIRECTION('',(0.,0.,1.));
#3889 = PLANE('',#3890);
#3890 = AXIS2_PLACEMENT_3D('',#3891,#3892,#3893);
#3891 = CARTESIAN_POINT('',(8.,285.,0.));
#3892 = DIRECTION('',(-0.,1.,0.));
#3893 = DIRECTION('',(0.,0.,1.));
#3894 = ADVANCED_FACE('',(#3895,#3913,#3924,#3935,#3946),#3957,.T.);
#3895 = FACE_BOUND('',#3896,.T.);
#3896 = EDGE_LOOP('',(#3897,#3898,#3899,#3907));
#3897 = ORIENTED_EDGE('',*,*,#3853,.F.);
#3898 = ORIENTED_EDGE('',*,*,#3876,.T.);
#3899 = ORIENTED_EDGE('',*,*,#3900,.T.);
#3900 = EDGE_CURVE('',#3877,#3901,#3903,.T.);
#3901 = VERTEX_POINT('',#3902);
#3902 = CARTESIAN_POINT('',(48.,315.,1.6));
#3903 = LINE('',#3904,#3905);
#3904 = CARTESIAN_POINT('',(48.,285.,1.6));
#3905 = VECTOR('',#3906,1.);
#3906 = DIRECTION('',(-0.,1.,0.));
#3907 = ORIENTED_EDGE('',*,*,#3908,.F.);
#3908 = EDGE_CURVE('',#3846,#3901,#3909,.T.);
#3909 = LINE('',#3910,#3911);
#3910 = CARTESIAN_POINT('',(8.,315.,1.6));
#3911 = VECTOR('',#3912,1.);
#3912 = DIRECTION('',(1.,0.,-0.));
#3913 = FACE_BOUND('',#3914,.T.);
#3914 = EDGE_LOOP('',(#3915));
#3915 = ORIENTED_EDGE('',*,*,#3916,.F.);
#3916 = EDGE_CURVE('',#3917,#3917,#3919,.T.);
#3917 = VERTEX_POINT('',#3918);
#3918 = CARTESIAN_POINT('',(13.6,289.,1.6));
#3919 = CIRCLE('',#3920,1.6);
#3920 = AXIS2_PLACEMENT_3D('',#3921,#3922,#3923);
#3921 = CARTESIAN_POINT('',(12.,289.,1.6));
#3922 = DIRECTION('',(0.,0.,1.));
#3923 = DIRECTION('',(1.,0.,-0.));
#3924 = FACE_BOUND('',#3925,.T.);
#3925 = EDGE_LOOP('',(#3926));
#3926 = ORIENTED_EDGE('',*,*,#3927,.F.);
#3927 = EDGE_CURVE('',#3928,#3928,#3930,.T.);
#3928 = VERTEX_POINT('',#3929);
#3929 = CARTESIAN_POINT('',(45.6,289.,1.6));
#3930 = CIRCLE('',#3931,1.6);
#3931 = AXIS2_PLACEMENT_3D('',#3932,#3933,#3934);
#3932 = CARTESIAN_POINT('',(44.,289.,1.6));
#3933 = DIRECTION('',(0.,0.,1.));
#3934 = DIRECTION('',(1.,0.,-0.));
#3935 = FACE_BOUND('',#3936,.T.);
#3936 = EDGE_LOOP('',(#3937));
#3937 = ORIENTED_EDGE('',*,*,#3938,.F.);
#3938 = EDGE_CURVE('',#3939,#3939,#3941,.T.);
#3939 = VERTEX_POINT('',#3940);
#3940 = CARTESIAN_POINT('',(13.6,311.,1.6));
#3941 = CIRCLE('',#3942,1.6);
#3942 = AXIS2_PLACEMENT_3D('',#3943,#3944,#3945);
#3943 = CARTESIAN_POINT('',(12.,311.,1.6));
#3944 = DIRECTION('',(0.,0.,1.));
#3945 = DIRECTION('',(1.,0.,-0.));
#3946 = FACE_BOUND('',#3947,.T.);
#3947 = EDGE_LOOP('',(#3948));
#3948 = ORIENTED_EDGE('',*,*,#3949,.F.);
#3949 = EDGE_CURVE('',#3950,#3950,#3952,.T.);
#3950 = VERTEX_POINT('',#3951);
#3951 = CARTESIAN_POINT('',(45.6,311.,1.6));
#3952 = CIRCLE('',#3953,1.6);
#3953 = AXIS2_PLACEMENT_3D('',#3954,#3955,#3956);
#3954 = CARTESIAN_POINT('',(44.,311.,1.6));
#3955 = DIRECTION('',(0.,0.,1.));
#3956 = DIRECTION('',(1.,0.,-0.));
#3957 = PLANE('',#3958);
#3958 = AXIS2_PLACEMENT_3D('',#3959,#3960,#3961);
#3959 = CARTESIAN_POINT('',(8.,285.,1.6));
#3960 = DIRECTION('',(0.,0.,1.));
#3961 = DIRECTION('',(1.,0.,-0.));
#3962 = ADVANCED_FACE('',(#3963),#3981,.T.);
#3963 = FACE_BOUND('',#3964,.T.);
#3964 = EDGE_LOOP('',(#3965,#3973,#3974,#3975));
#3965 = ORIENTED_EDGE('',*,*,#3966,.F.);
#3966 = EDGE_CURVE('',#3838,#3967,#3969,.T.);
#3967 = VERTEX_POINT('',#3968);
#3968 = CARTESIAN_POINT('',(48.,315.,0.));
#3969 = LINE('',#3970,#3971);
#3970 = CARTESIAN_POINT('',(8.,315.,0.));
#3971 = VECTOR('',#3972,1.);
#3972 = DIRECTION('',(1.,0.,-0.));
#3973 = ORIENTED_EDGE('',*,*,#3845,.T.);
#3974 = ORIENTED_EDGE('',*,*,#3908,.T.);
#3975 = ORIENTED_EDGE('',*,*,#3976,.F.);
#3976 = EDGE_CURVE('',#3967,#3901,#3977,.T.);
#3977 = LINE('',#3978,#3979);
#3978 = CARTESIAN_POINT('',(48.,315.,0.));
#3979 = VECTOR('',#3980,1.);
#3980 = DIRECTION('',(0.,0.,1.));
#3981 = PLANE('',#3982);
#3982 = AXIS2_PLACEMENT_3D('',#3983,#3984,#3985);
#3983 = CARTESIAN_POINT('',(8.,315.,0.));
#3984 = DIRECTION('',(-0.,1.,0.));
#3985 = DIRECTION('',(0.,0.,1.));
#3986 = ADVANCED_FACE('',(#3987,#3998,#4009,#4020,#4031),#4042,.F.);
#3987 = FACE_BOUND('',#3988,.F.);
#3988 = EDGE_LOOP('',(#3989,#3990,#3991,#3997));
#3989 = ORIENTED_EDGE('',*,*,#3837,.F.);
#3990 = ORIENTED_EDGE('',*,*,#3867,.T.);
#3991 = ORIENTED_EDGE('',*,*,#3992,.T.);
#3992 = EDGE_CURVE('',#3868,#3967,#3993,.T.);
#3993 = LINE('',#3994,#3995);
#3994 = CARTESIAN_POINT('',(48.,285.,0.));
#3995 = VECTOR('',#3996,1.);
#3996 = DIRECTION('',(-0.,1.,0.));
#3997 = ORIENTED_EDGE('',*,*,#3966,.F.);
#3998 = FACE_BOUND('',#3999,.F.);
#3999 = EDGE_LOOP('',(#4000));
#4000 = ORIENTED_EDGE('',*,*,#4001,.F.);
#4001 = EDGE_CURVE('',#4002,#4002,#4004,.T.);
#4002 = VERTEX_POINT('',#4003);
#4003 = CARTESIAN_POINT('',(13.6,289.,0.));
#4004 = CIRCLE('',#4005,1.6);
#4005 = AXIS2_PLACEMENT_3D('',#4006,#4007,#4008);
#4006 = CARTESIAN_POINT('',(12.,289.,0.));
#4007 = DIRECTION('',(0.,0.,1.));
#4008 = DIRECTION('',(1.,0.,-0.));
#4009 = FACE_BOUND('',#4010,.F.);
#4010 = EDGE_LOOP('',(#4011));
#4011 = ORIENTED_EDGE('',*,*,#4012,.F.);
#4012 = EDGE_CURVE('',#4013,#4013,#4015,.T.);
#4013 = VERTEX_POINT('',#4014);
#4014 = CARTESIAN_POINT('',(45.6,289.,0.));
#4015 = CIRCLE('',#4016,1.6);
#4016 = AXIS2_PLACEMENT_3D('',#4017,#4018,#4019);
#4017 = CARTESIAN_POINT('',(44.,289.,0.));
#4018 = DIRECTION('',(0.,0.,1.));
#4019 = DIRECTION('',(1.,0.,-0.));
#4020 = FACE_BOUND('',#4021,.F.);
#4021 = EDGE_LOOP('',(#4022));
#4022 = ORIENTED_EDGE('',*,*,#4023,.F.);
#4023 = EDGE_CURVE('',#4024,#4024,#4026,.T.);
#4024 = VERTEX_POINT('',#4025);
#4025 = CARTESIAN_POINT('',(13.6,311.,0.));
#4026 = CIRCLE('',#4027,1.6);
#4027 = AXIS2_PLACEMENT_3D('',#4028,#4029,#4030);
#4028 = CARTESIAN_POINT('',(12.,311.,0.));
#4029 = DIRECTION('',(0.,0.,1.));
#4030 = DIRECTION('',(1.,0.,-0.));
#4031 = FACE_BOUND('',#4032,.F.);
#4032 = EDGE_LOOP('',(#4033));
#4033 = ORIENTED_EDGE('',*,*,#4034,.F.);
#4034 = EDGE_CURVE('',#4035,#4035,#4037,.T.);
#4035 = VERTEX_POINT('',#4036);
#4036 = CARTESIAN_POINT('',(45.6,311.,0.));
#4037 = CIRCLE('',#4038,1.6);
#4038 = AXIS2_PLACEMENT_3D('',#4039,#4040,#4041);
#4039 = CARTESIAN_POINT('',(44.,311.,0.));
#4040 = DIRECTION('',(0.,0.,1.));
#4041 = DIRECTION('',(1.,0.,-0.));
#4042 = PLANE('',#4043);
#4043 = AXIS2_PLACEMENT_3D('',#4044,#4045,#4046);
#4044 = CARTESIAN_POINT('',(8.,285.,0.));
#4045 = DIRECTION('',(0.,0.,1.));
#4046 = DIRECTION('',(1.,0.,-0.));
#4047 = ADVANCED_FACE('',(#4048),#4054,.T.);
#4048 = FACE_BOUND('',#4049,.T.);
#4049 = EDGE_LOOP('',(#4050,#4051,#4052,#4053));
#4050 = ORIENTED_EDGE('',*,*,#3884,.F.);
#4051 = ORIENTED_EDGE('',*,*,#3992,.T.);
#4052 = ORIENTED_EDGE('',*,*,#3976,.T.);
#4053 = ORIENTED_EDGE('',*,*,#3900,.F.);
#4054 = PLANE('',#4055);
#4055 = AXIS2_PLACEMENT_3D('',#4056,#4057,#4058);
#4056 = CARTESIAN_POINT('',(48.,285.,0.));
#4057 = DIRECTION('',(1.,0.,-0.));
#4058 = DIRECTION('',(0.,0.,1.));
#4059 = ADVANCED_FACE('',(#4060),#4071,.F.);
#4060 = FACE_BOUND('',#4061,.F.);
#4061 = EDGE_LOOP('',(#4062,#4063,#4069,#4070));
#4062 = ORIENTED_EDGE('',*,*,#3916,.F.);
#4063 = ORIENTED_EDGE('',*,*,#4064,.F.);
#4064 = EDGE_CURVE('',#4002,#3917,#4065,.T.);
#4065 = LINE('',#4066,#4067);
#4066 = CARTESIAN_POINT('',(13.6,289.,-1.));
#4067 = VECTOR('',#4068,1.);
#4068 = DIRECTION('',(0.,0.,1.));
#4069 = ORIENTED_EDGE('',*,*,#4001,.T.);
#4070 = ORIENTED_EDGE('',*,*,#4064,.T.);
#4071 = CYLINDRICAL_SURFACE('',#4072,1.6);
#4072 = AXIS2_PLACEMENT_3D('',#4073,#4074,#4075);
#4073 = CARTESIAN_POINT('',(12.,289.,-1.));
#4074 = DIRECTION('',(0.,0.,1.));
#4075 = DIRECTION('',(1.,0.,-0.));
#4076 = ADVANCED_FACE('',(#4077),#4088,.F.);
#4077 = FACE_BOUND('',#4078,.F.);
#4078 = EDGE_LOOP('',(#4079,#4080,#4086,#4087));
#4079 = ORIENTED_EDGE('',*,*,#3927,.F.);
#4080 = ORIENTED_EDGE('',*,*,#4081,.F.);
#4081 = EDGE_CURVE('',#4013,#3928,#4082,.T.);
#4082 = LINE('',#4083,#4084);
#4083 = CARTESIAN_POINT('',(45.6,289.,-1.));
#4084 = VECTOR('',#4085,1.);
#4085 = DIRECTION('',(0.,0.,1.));
#4086 = ORIENTED_EDGE('',*,*,#4012,.T.);
#4087 = ORIENTED_EDGE('',*,*,#4081,.T.);
#4088 = CYLINDRICAL_SURFACE('',#4089,1.6);
#4089 = AXIS2_PLACEMENT_3D('',#4090,#4091,#4092);
#4090 = CARTESIAN_POINT('',(44.,289.,-1.));
#4091 = DIRECTION('',(0.,0.,1.));
#4092 = DIRECTION('',(1.,0.,-0.));
#4093 = ADVANCED_FACE('',(#4094),#4105,.F.);
#4094 = FACE_BOUND('',#4095,.F.);
#4095 = EDGE_LOOP('',(#4096,#4097,#4103,#4104));
#4096 = ORIENTED_EDGE('',*,*,#3938,.F.);
#4097 = ORIENTED_EDGE('',*,*,#4098,.F.);
#4098 = EDGE_CURVE('',#4024,#3939,#4099,.T.);
#4099 = LINE('',#4100,#4101);
#4100 = CARTESIAN_POINT('',(13.6,311.,-1.));
#4101 = VECTOR('',#4102,1.);
#4102 = DIRECTION('',(0.,0.,1.));
#4103 = ORIENTED_EDGE('',*,*,#4023,.T.);
#4104 = ORIENTED_EDGE('',*,*,#4098,.T.);
#4105 = CYLINDRICAL_SURFACE('',#4106,1.6);
#4106 = AXIS2_PLACEMENT_3D('',#4107,#4108,#4109);
#4107 = CARTESIAN_POINT('',(12.,311.,-1.));
#4108 = DIRECTION('',(0.,0.,1.));
#4109 = DIRECTION('',(1.,0.,-0.));
#4110 = ADVANCED_FACE('',(#4111),#4122,.F.);
#4111 = FACE_BOUND('',#4112,.F.);
#4112 = EDGE_LOOP('',(#4113,#4114,#4120,#4121));
#4113 = ORIENTED_EDGE('',*,*,#3949,.F.);
#4114 = ORIENTED_EDGE('',*,*,#4115,.F.);
#4115 = EDGE_CURVE('',#4035,#3950,#4116,.T.);
#4116 = LINE('',#4117,#4118);
#4117 = CARTESIAN_POINT('',(45.6,311.,-1.));
#4118 = VECTOR('',#4119,1.);
#4119 = DIRECTION('',(0.,0.,1.));
#4120 = ORIENTED_EDGE('',*,*,#4034,.T.);
#4121 = ORIENTED_EDGE('',*,*,#4115,.T.);
#4122 = CYLINDRICAL_SURFACE('',#4123,1.6);
#4123 = AXIS2_PLACEMENT_3D('',#4124,#4125,#4126);
#4124 = CARTESIAN_POINT('',(44.,311.,-1.));
#4125 = DIRECTION('',(0.,0.,1.));
#4126 = DIRECTION('',(1.,0.,-0.));
#4127 = MANIFOLD_SOLID_BREP('',#4128);
#4128 = CLOSED_SHELL('',(#4129,#4169,#4209,#4231,#4253,#4265));
#4129 = ADVANCED_FACE('',(#4130),#4164,.F.);
#4130 = FACE_BOUND('',#4131,.F.);
#4131 = EDGE_LOOP('',(#4132,#4142,#4150,#4158));
#4132 = ORIENTED_EDGE('',*,*,#4133,.F.);
#4133 = EDGE_CURVE('',#4134,#4136,#4138,.T.);
#4134 = VERTEX_POINT('',#4135);
#4135 = CARTESIAN_POINT('',(11.15,288.9,1.6));
#4136 = VERTEX_POINT('',#4137);
#4137 = CARTESIAN_POINT('',(11.15,288.9,19.35));
#4138 = LINE('',#4139,#4140);
#4139 = CARTESIAN_POINT('',(11.15,288.9,1.6));
#4140 = VECTOR('',#4141,1.);
#4141 = DIRECTION('',(0.,0.,1.));
#4142 = ORIENTED_EDGE('',*,*,#4143,.T.);
#4143 = EDGE_CURVE('',#4134,#4144,#4146,.T.);
#4144 = VERTEX_POINT('',#4145);
#4145 = CARTESIAN_POINT('',(11.15,311.1,1.6));
#4146 = LINE('',#4147,#4148);
#4147 = CARTESIAN_POINT('',(11.15,288.9,1.6));
#4148 = VECTOR('',#4149,1.);
#4149 = DIRECTION('',(-0.,1.,0.));
#4150 = ORIENTED_EDGE('',*,*,#4151,.T.);
#4151 = EDGE_CURVE('',#4144,#4152,#4154,.T.);
#4152 = VERTEX_POINT('',#4153);
#4153 = CARTESIAN_POINT('',(11.15,311.1,19.35));
#4154 = LINE('',#4155,#4156);
#4155 = CARTESIAN_POINT('',(11.15,311.1,1.6));
#4156 = VECTOR('',#4157,1.);
#4157 = DIRECTION('',(0.,0.,1.));
#4158 = ORIENTED_EDGE('',*,*,#4159,.F.);
#4159 = EDGE_CURVE('',#4136,#4152,#4160,.T.);
#4160 = LINE('',#4161,#4162);
#4161 = CARTESIAN_POINT('',(11.15,288.9,19.35));
#4162 = VECTOR('',#4163,1.);
#4163 = DIRECTION('',(-0.,1.,0.));
#4164 = PLANE('',#4165);
#4165 = AXIS2_PLACEMENT_3D('',#4166,#4167,#4168);
#4166 = CARTESIAN_POINT('',(11.15,288.9,1.6));
#4167 = DIRECTION('',(1.,0.,-0.));
#4168 = DIRECTION('',(0.,0.,1.));
#4169 = ADVANCED_FACE('',(#4170),#4204,.T.);
#4170 = FACE_BOUND('',#4171,.T.);
#4171 = EDGE_LOOP('',(#4172,#4182,#4190,#4198));
#4172 = ORIENTED_EDGE('',*,*,#4173,.F.);
#4173 = EDGE_CURVE('',#4174,#4176,#4178,.T.);
#4174 = VERTEX_POINT('',#4175);
#4175 = CARTESIAN_POINT('',(44.85,288.9,1.6));
#4176 = VERTEX_POINT('',#4177);
#4177 = CARTESIAN_POINT('',(44.85,288.9,19.35));
#4178 = LINE('',#4179,#4180);
#4179 = CARTESIAN_POINT('',(44.85,288.9,1.6));
#4180 = VECTOR('',#4181,1.);
#4181 = DIRECTION('',(0.,0.,1.));
#4182 = ORIENTED_EDGE('',*,*,#4183,.T.);
#4183 = EDGE_CURVE('',#4174,#4184,#4186,.T.);
#4184 = VERTEX_POINT('',#4185);
#4185 = CARTESIAN_POINT('',(44.85,311.1,1.6));
#4186 = LINE('',#4187,#4188);
#4187 = CARTESIAN_POINT('',(44.85,288.9,1.6));
#4188 = VECTOR('',#4189,1.);
#4189 = DIRECTION('',(-0.,1.,0.));
#4190 = ORIENTED_EDGE('',*,*,#4191,.T.);
#4191 = EDGE_CURVE('',#4184,#4192,#4194,.T.);
#4192 = VERTEX_POINT('',#4193);
#4193 = CARTESIAN_POINT('',(44.85,311.1,19.35));
#4194 = LINE('',#4195,#4196);
#4195 = CARTESIAN_POINT('',(44.85,311.1,1.6));
#4196 = VECTOR('',#4197,1.);
#4197 = DIRECTION('',(0.,0.,1.));
#4198 = ORIENTED_EDGE('',*,*,#4199,.F.);
#4199 = EDGE_CURVE('',#4176,#4192,#4200,.T.);
#4200 = LINE('',#4201,#4202);
#4201 = CARTESIAN_POINT('',(44.85,288.9,19.35));
#4202 = VECTOR('',#4203,1.);
#4203 = DIRECTION('',(-0.,1.,0.));
#4204 = PLANE('',#4205);
#4205 = AXIS2_PLACEMENT_3D('',#4206,#4207,#4208);
#4206 = CARTESIAN_POINT('',(44.85,288.9,1.6));
#4207 = DIRECTION('',(1.,0.,-0.));
#4208 = DIRECTION('',(0.,0.,1.));
#4209 = ADVANCED_FACE('',(#4210),#4226,.F.);
#4210 = FACE_BOUND('',#4211,.F.);
#4211 = EDGE_LOOP('',(#4212,#4218,#4219,#4225));
#4212 = ORIENTED_EDGE('',*,*,#4213,.F.);
#4213 = EDGE_CURVE('',#4134,#4174,#4214,.T.);
#4214 = LINE('',#4215,#4216);
#4215 = CARTESIAN_POINT('',(11.15,288.9,1.6));
#4216 = VECTOR('',#4217,1.);
#4217 = DIRECTION('',(1.,0.,-0.));
#4218 = ORIENTED_EDGE('',*,*,#4133,.T.);
#4219 = ORIENTED_EDGE('',*,*,#4220,.T.);
#4220 = EDGE_CURVE('',#4136,#4176,#4221,.T.);
#4221 = LINE('',#4222,#4223);
#4222 = CARTESIAN_POINT('',(11.15,288.9,19.35));
#4223 = VECTOR('',#4224,1.);
#4224 = DIRECTION('',(1.,0.,-0.));
#4225 = ORIENTED_EDGE('',*,*,#4173,.F.);
#4226 = PLANE('',#4227);
#4227 = AXIS2_PLACEMENT_3D('',#4228,#4229,#4230);
#4228 = CARTESIAN_POINT('',(11.15,288.9,1.6));
#4229 = DIRECTION('',(-0.,1.,0.));
#4230 = DIRECTION('',(0.,0.,1.));
#4231 = ADVANCED_FACE('',(#4232),#4248,.T.);
#4232 = FACE_BOUND('',#4233,.T.);
#4233 = EDGE_LOOP('',(#4234,#4240,#4241,#4247));
#4234 = ORIENTED_EDGE('',*,*,#4235,.F.);
#4235 = EDGE_CURVE('',#4144,#4184,#4236,.T.);
#4236 = LINE('',#4237,#4238);
#4237 = CARTESIAN_POINT('',(11.15,311.1,1.6));
#4238 = VECTOR('',#4239,1.);
#4239 = DIRECTION('',(1.,0.,-0.));
#4240 = ORIENTED_EDGE('',*,*,#4151,.T.);
#4241 = ORIENTED_EDGE('',*,*,#4242,.T.);
#4242 = EDGE_CURVE('',#4152,#4192,#4243,.T.);
#4243 = LINE('',#4244,#4245);
#4244 = CARTESIAN_POINT('',(11.15,311.1,19.35));
#4245 = VECTOR('',#4246,1.);
#4246 = DIRECTION('',(1.,0.,-0.));
#4247 = ORIENTED_EDGE('',*,*,#4191,.F.);
#4248 = PLANE('',#4249);
#4249 = AXIS2_PLACEMENT_3D('',#4250,#4251,#4252);
#4250 = CARTESIAN_POINT('',(11.15,311.1,1.6));
#4251 = DIRECTION('',(-0.,1.,0.));
#4252 = DIRECTION('',(0.,0.,1.));
#4253 = ADVANCED_FACE('',(#4254),#4260,.F.);
#4254 = FACE_BOUND('',#4255,.F.);
#4255 = EDGE_LOOP('',(#4256,#4257,#4258,#4259));
#4256 = ORIENTED_EDGE('',*,*,#4143,.F.);
#4257 = ORIENTED_EDGE('',*,*,#4213,.T.);
#4258 = ORIENTED_EDGE('',*,*,#4183,.T.);
#4259 = ORIENTED_EDGE('',*,*,#4235,.F.);
#4260 = PLANE('',#4261);
#4261 = AXIS2_PLACEMENT_3D('',#4262,#4263,#4264);
#4262 = CARTESIAN_POINT('',(11.15,288.9,1.6));
#4263 = DIRECTION('',(0.,0.,1.));
#4264 = DIRECTION('',(1.,0.,-0.));
#4265 = ADVANCED_FACE('',(#4266),#4272,.T.);
#4266 = FACE_BOUND('',#4267,.T.);
#4267 = EDGE_LOOP('',(#4268,#4269,#4270,#4271));
#4268 = ORIENTED_EDGE('',*,*,#4159,.F.);
#4269 = ORIENTED_EDGE('',*,*,#4220,.T.);
#4270 = ORIENTED_EDGE('',*,*,#4199,.T.);
#4271 = ORIENTED_EDGE('',*,*,#4242,.F.);
#4272 = PLANE('',#4273);
#4273 = AXIS2_PLACEMENT_3D('',#4274,#4275,#4276);
#4274 = CARTESIAN_POINT('',(11.15,288.9,19.35));
#4275 = DIRECTION('',(0.,0.,1.));
#4276 = DIRECTION('',(1.,0.,-0.));
#4277 = MANIFOLD_SOLID_BREP('',#4278);
#4278 = CLOSED_SHELL('',(#4279,#4312,#4321,#4380,#4411,#4435,#4459,#4483
    ,#4507,#4524));
#4279 = ADVANCED_FACE('',(#4280),#4307,.T.);
#4280 = FACE_BOUND('',#4281,.T.);
#4281 = EDGE_LOOP('',(#4282,#4291,#4299,#4306));
#4282 = ORIENTED_EDGE('',*,*,#4283,.F.);
#4283 = EDGE_CURVE('',#4284,#4284,#4286,.T.);
#4284 = VERTEX_POINT('',#4285);
#4285 = CARTESIAN_POINT('',(9.08,330.8,39.35));
#4286 = CIRCLE('',#4287,13.95);
#4287 = AXIS2_PLACEMENT_3D('',#4288,#4289,#4290);
#4288 = CARTESIAN_POINT('',(9.08,330.8,25.4));
#4289 = DIRECTION('',(1.,0.,0.));
#4290 = DIRECTION('',(-0.,0.,1.));
#4291 = ORIENTED_EDGE('',*,*,#4292,.F.);
#4292 = EDGE_CURVE('',#4293,#4284,#4295,.T.);
#4293 = VERTEX_POINT('',#4294);
#4294 = CARTESIAN_POINT('',(-2.,330.8,39.35));
#4295 = LINE('',#4296,#4297);
#4296 = CARTESIAN_POINT('',(-2.,330.8,39.35));
#4297 = VECTOR('',#4298,1.);
#4298 = DIRECTION('',(1.,0.,0.));
#4299 = ORIENTED_EDGE('',*,*,#4300,.T.);
#4300 = EDGE_CURVE('',#4293,#4293,#4301,.T.);
#4301 = CIRCLE('',#4302,13.95);
#4302 = AXIS2_PLACEMENT_3D('',#4303,#4304,#4305);
#4303 = CARTESIAN_POINT('',(-2.,330.8,25.4));
#4304 = DIRECTION('',(1.,0.,0.));
#4305 = DIRECTION('',(-0.,0.,1.));
#4306 = ORIENTED_EDGE('',*,*,#4292,.T.);
#4307 = CYLINDRICAL_SURFACE('',#4308,13.95);
#4308 = AXIS2_PLACEMENT_3D('',#4309,#4310,#4311);
#4309 = CARTESIAN_POINT('',(-2.,330.8,25.4));
#4310 = DIRECTION('',(1.,0.,0.));
#4311 = DIRECTION('',(-0.,0.,1.));
#4312 = ADVANCED_FACE('',(#4313),#4316,.T.);
#4313 = FACE_BOUND('',#4314,.T.);
#4314 = EDGE_LOOP('',(#4315));
#4315 = ORIENTED_EDGE('',*,*,#4283,.T.);
#4316 = PLANE('',#4317);
#4317 = AXIS2_PLACEMENT_3D('',#4318,#4319,#4320);
#4318 = CARTESIAN_POINT('',(9.08,330.8,25.4));
#4319 = DIRECTION('',(1.,0.,0.));
#4320 = DIRECTION('',(-0.,0.,1.));
#4321 = ADVANCED_FACE('',(#4322,#4372),#4375,.T.);
#4322 = FACE_BOUND('',#4323,.T.);
#4323 = EDGE_LOOP('',(#4324,#4334,#4342,#4350,#4358,#4366));
#4324 = ORIENTED_EDGE('',*,*,#4325,.T.);
#4325 = EDGE_CURVE('',#4326,#4328,#4330,.T.);
#4326 = VERTEX_POINT('',#4327);
#4327 = CARTESIAN_POINT('',(-2.,340.7015571166,8.25));
#4328 = VERTEX_POINT('',#4329);
#4329 = CARTESIAN_POINT('',(-2.,350.6031142332,25.4));
#4330 = LINE('',#4331,#4332);
#4331 = CARTESIAN_POINT('',(-2.,340.7015571166,8.25));
#4332 = VECTOR('',#4333,1.);
#4333 = DIRECTION('',(-9.614813431918E-17,0.5,0.866025403784));
#4334 = ORIENTED_EDGE('',*,*,#4335,.T.);
#4335 = EDGE_CURVE('',#4328,#4336,#4338,.T.);
#4336 = VERTEX_POINT('',#4337);
#4337 = CARTESIAN_POINT('',(-2.,340.7015571166,42.55));
#4338 = LINE('',#4339,#4340);
#4339 = CARTESIAN_POINT('',(-2.,350.6031142332,25.4));
#4340 = VECTOR('',#4341,1.);
#4341 = DIRECTION('',(-9.614813431918E-17,-0.5,0.866025403784));
#4342 = ORIENTED_EDGE('',*,*,#4343,.T.);
#4343 = EDGE_CURVE('',#4336,#4344,#4346,.T.);
#4344 = VERTEX_POINT('',#4345);
#4345 = CARTESIAN_POINT('',(-2.,320.89844288339,42.55));
#4346 = LINE('',#4347,#4348);
#4347 = CARTESIAN_POINT('',(-2.,340.7015571166,42.55));
#4348 = VECTOR('',#4349,1.);
#4349 = DIRECTION('',(0.,-1.,0.));
#4350 = ORIENTED_EDGE('',*,*,#4351,.T.);
#4351 = EDGE_CURVE('',#4344,#4352,#4354,.T.);
#4352 = VERTEX_POINT('',#4353);
#4353 = CARTESIAN_POINT('',(-2.,310.99688576679,25.4));
#4354 = LINE('',#4355,#4356);
#4355 = CARTESIAN_POINT('',(-2.,320.89844288339,42.55));
#4356 = VECTOR('',#4357,1.);
#4357 = DIRECTION('',(9.614813431918E-17,-0.5,-0.866025403784));
#4358 = ORIENTED_EDGE('',*,*,#4359,.T.);
#4359 = EDGE_CURVE('',#4352,#4360,#4362,.T.);
#4360 = VERTEX_POINT('',#4361);
#4361 = CARTESIAN_POINT('',(-2.,320.89844288339,8.25));
#4362 = LINE('',#4363,#4364);
#4363 = CARTESIAN_POINT('',(-2.,310.99688576679,25.4));
#4364 = VECTOR('',#4365,1.);
#4365 = DIRECTION('',(9.614813431918E-17,0.5,-0.866025403784));
#4366 = ORIENTED_EDGE('',*,*,#4367,.T.);
#4367 = EDGE_CURVE('',#4360,#4326,#4368,.T.);
#4368 = LINE('',#4369,#4370);
#4369 = CARTESIAN_POINT('',(-2.,320.89844288339,8.25));
#4370 = VECTOR('',#4371,1.);
#4371 = DIRECTION('',(1.99175972004E-32,1.,-1.794017666597E-16));
#4372 = FACE_BOUND('',#4373,.T.);
#4373 = EDGE_LOOP('',(#4374));
#4374 = ORIENTED_EDGE('',*,*,#4300,.F.);
#4375 = PLANE('',#4376);
#4376 = AXIS2_PLACEMENT_3D('',#4377,#4378,#4379);
#4377 = CARTESIAN_POINT('',(-2.,330.8,25.4));
#4378 = DIRECTION('',(1.,0.,1.110223024625E-16));
#4379 = DIRECTION('',(1.110223024625E-16,0.,-1.));
#4380 = ADVANCED_FACE('',(#4381),#4406,.F.);
#4381 = FACE_BOUND('',#4382,.F.);
#4382 = EDGE_LOOP('',(#4383,#4391,#4392,#4400));
#4383 = ORIENTED_EDGE('',*,*,#4384,.T.);
#4384 = EDGE_CURVE('',#4385,#4326,#4387,.T.);
#4385 = VERTEX_POINT('',#4386);
#4386 = CARTESIAN_POINT('',(-8.,340.7015571166,8.25));
#4387 = LINE('',#4388,#4389);
#4388 = CARTESIAN_POINT('',(-8.,340.7015571166,8.25));
#4389 = VECTOR('',#4390,1.);
#4390 = DIRECTION('',(1.,0.,1.110223024625E-16));
#4391 = ORIENTED_EDGE('',*,*,#4325,.T.);
#4392 = ORIENTED_EDGE('',*,*,#4393,.F.);
#4393 = EDGE_CURVE('',#4394,#4328,#4396,.T.);
#4394 = VERTEX_POINT('',#4395);
#4395 = CARTESIAN_POINT('',(-8.,350.6031142332,25.4));
#4396 = LINE('',#4397,#4398);
#4397 = CARTESIAN_POINT('',(-8.,350.6031142332,25.4));
#4398 = VECTOR('',#4399,1.);
#4399 = DIRECTION('',(1.,0.,1.110223024625E-16));
#4400 = ORIENTED_EDGE('',*,*,#4401,.F.);
#4401 = EDGE_CURVE('',#4385,#4394,#4402,.T.);
#4402 = LINE('',#4403,#4404);
#4403 = CARTESIAN_POINT('',(-8.,340.7015571166,8.25));
#4404 = VECTOR('',#4405,1.);
#4405 = DIRECTION('',(-9.614813431918E-17,0.5,0.866025403784));
#4406 = PLANE('',#4407);
#4407 = AXIS2_PLACEMENT_3D('',#4408,#4409,#4410);
#4408 = CARTESIAN_POINT('',(-8.,340.7015571166,8.25));
#4409 = DIRECTION('',(-5.551115123126E-17,-0.866025403784,0.5));
#4410 = DIRECTION('',(-9.614813431918E-17,0.5,0.866025403784));
#4411 = ADVANCED_FACE('',(#4412),#4430,.F.);
#4412 = FACE_BOUND('',#4413,.F.);
#4413 = EDGE_LOOP('',(#4414,#4422,#4423,#4424));
#4414 = ORIENTED_EDGE('',*,*,#4415,.T.);
#4415 = EDGE_CURVE('',#4416,#4360,#4418,.T.);
#4416 = VERTEX_POINT('',#4417);
#4417 = CARTESIAN_POINT('',(-8.,320.89844288339,8.25));
#4418 = LINE('',#4419,#4420);
#4419 = CARTESIAN_POINT('',(-8.,320.89844288339,8.25));
#4420 = VECTOR('',#4421,1.);
#4421 = DIRECTION('',(1.,0.,1.110223024625E-16));
#4422 = ORIENTED_EDGE('',*,*,#4367,.T.);
#4423 = ORIENTED_EDGE('',*,*,#4384,.F.);
#4424 = ORIENTED_EDGE('',*,*,#4425,.F.);
#4425 = EDGE_CURVE('',#4416,#4385,#4426,.T.);
#4426 = LINE('',#4427,#4428);
#4427 = CARTESIAN_POINT('',(-8.,320.89844288339,8.25));
#4428 = VECTOR('',#4429,1.);
#4429 = DIRECTION('',(1.99175972004E-32,1.,-1.794017666597E-16));
#4430 = PLANE('',#4431);
#4431 = AXIS2_PLACEMENT_3D('',#4432,#4433,#4434);
#4432 = CARTESIAN_POINT('',(-8.,320.89844288339,8.25));
#4433 = DIRECTION('',(-1.110223024625E-16,1.794017666597E-16,1.));
#4434 = DIRECTION('',(1.99175972004E-32,1.,-1.794017666597E-16));
#4435 = ADVANCED_FACE('',(#4436),#4454,.F.);
#4436 = FACE_BOUND('',#4437,.F.);
#4437 = EDGE_LOOP('',(#4438,#4439,#4440,#4448));
#4438 = ORIENTED_EDGE('',*,*,#4393,.T.);
#4439 = ORIENTED_EDGE('',*,*,#4335,.T.);
#4440 = ORIENTED_EDGE('',*,*,#4441,.F.);
#4441 = EDGE_CURVE('',#4442,#4336,#4444,.T.);
#4442 = VERTEX_POINT('',#4443);
#4443 = CARTESIAN_POINT('',(-8.,340.7015571166,42.55));
#4444 = LINE('',#4445,#4446);
#4445 = CARTESIAN_POINT('',(-8.,340.7015571166,42.55));
#4446 = VECTOR('',#4447,1.);
#4447 = DIRECTION('',(1.,0.,1.110223024625E-16));
#4448 = ORIENTED_EDGE('',*,*,#4449,.F.);
#4449 = EDGE_CURVE('',#4394,#4442,#4450,.T.);
#4450 = LINE('',#4451,#4452);
#4451 = CARTESIAN_POINT('',(-8.,350.6031142332,25.4));
#4452 = VECTOR('',#4453,1.);
#4453 = DIRECTION('',(-9.614813431918E-17,-0.5,0.866025403784));
#4454 = PLANE('',#4455);
#4455 = AXIS2_PLACEMENT_3D('',#4456,#4457,#4458);
#4456 = CARTESIAN_POINT('',(-8.,350.6031142332,25.4));
#4457 = DIRECTION('',(5.551115123126E-17,-0.866025403784,-0.5));
#4458 = DIRECTION('',(-9.614813431918E-17,-0.5,0.866025403784));
#4459 = ADVANCED_FACE('',(#4460),#4478,.F.);
#4460 = FACE_BOUND('',#4461,.F.);
#4461 = EDGE_LOOP('',(#4462,#4470,#4471,#4472));
#4462 = ORIENTED_EDGE('',*,*,#4463,.T.);
#4463 = EDGE_CURVE('',#4464,#4352,#4466,.T.);
#4464 = VERTEX_POINT('',#4465);
#4465 = CARTESIAN_POINT('',(-8.,310.99688576679,25.4));
#4466 = LINE('',#4467,#4468);
#4467 = CARTESIAN_POINT('',(-8.,310.99688576679,25.4));
#4468 = VECTOR('',#4469,1.);
#4469 = DIRECTION('',(1.,0.,1.110223024625E-16));
#4470 = ORIENTED_EDGE('',*,*,#4359,.T.);
#4471 = ORIENTED_EDGE('',*,*,#4415,.F.);
#4472 = ORIENTED_EDGE('',*,*,#4473,.F.);
#4473 = EDGE_CURVE('',#4464,#4416,#4474,.T.);
#4474 = LINE('',#4475,#4476);
#4475 = CARTESIAN_POINT('',(-8.,310.99688576679,25.4));
#4476 = VECTOR('',#4477,1.);
#4477 = DIRECTION('',(9.614813431918E-17,0.5,-0.866025403784));
#4478 = PLANE('',#4479);
#4479 = AXIS2_PLACEMENT_3D('',#4480,#4481,#4482);
#4480 = CARTESIAN_POINT('',(-8.,310.99688576679,25.4));
#4481 = DIRECTION('',(-5.551115123126E-17,0.866025403784,0.5));
#4482 = DIRECTION('',(9.614813431918E-17,0.5,-0.866025403784));
#4483 = ADVANCED_FACE('',(#4484),#4502,.F.);
#4484 = FACE_BOUND('',#4485,.F.);
#4485 = EDGE_LOOP('',(#4486,#4487,#4488,#4496));
#4486 = ORIENTED_EDGE('',*,*,#4441,.T.);
#4487 = ORIENTED_EDGE('',*,*,#4343,.T.);
#4488 = ORIENTED_EDGE('',*,*,#4489,.F.);
#4489 = EDGE_CURVE('',#4490,#4344,#4492,.T.);
#4490 = VERTEX_POINT('',#4491);
#4491 = CARTESIAN_POINT('',(-8.,320.89844288339,42.55));
#4492 = LINE('',#4493,#4494);
#4493 = CARTESIAN_POINT('',(-8.,320.89844288339,42.55));
#4494 = VECTOR('',#4495,1.);
#4495 = DIRECTION('',(1.,0.,1.110223024625E-16));
#4496 = ORIENTED_EDGE('',*,*,#4497,.F.);
#4497 = EDGE_CURVE('',#4442,#4490,#4498,.T.);
#4498 = LINE('',#4499,#4500);
#4499 = CARTESIAN_POINT('',(-8.,340.7015571166,42.55));
#4500 = VECTOR('',#4501,1.);
#4501 = DIRECTION('',(0.,-1.,0.));
#4502 = PLANE('',#4503);
#4503 = AXIS2_PLACEMENT_3D('',#4504,#4505,#4506);
#4504 = CARTESIAN_POINT('',(-8.,340.7015571166,42.55));
#4505 = DIRECTION('',(1.110223024625E-16,0.,-1.));
#4506 = DIRECTION('',(0.,-1.,0.));
#4507 = ADVANCED_FACE('',(#4508),#4519,.F.);
#4508 = FACE_BOUND('',#4509,.F.);
#4509 = EDGE_LOOP('',(#4510,#4511,#4512,#4513));
#4510 = ORIENTED_EDGE('',*,*,#4489,.T.);
#4511 = ORIENTED_EDGE('',*,*,#4351,.T.);
#4512 = ORIENTED_EDGE('',*,*,#4463,.F.);
#4513 = ORIENTED_EDGE('',*,*,#4514,.F.);
#4514 = EDGE_CURVE('',#4490,#4464,#4515,.T.);
#4515 = LINE('',#4516,#4517);
#4516 = CARTESIAN_POINT('',(-8.,320.89844288339,42.55));
#4517 = VECTOR('',#4518,1.);
#4518 = DIRECTION('',(9.614813431918E-17,-0.5,-0.866025403784));
#4519 = PLANE('',#4520);
#4520 = AXIS2_PLACEMENT_3D('',#4521,#4522,#4523);
#4521 = CARTESIAN_POINT('',(-8.,320.89844288339,42.55));
#4522 = DIRECTION('',(5.551115123126E-17,0.866025403784,-0.5));
#4523 = DIRECTION('',(9.614813431918E-17,-0.5,-0.866025403784));
#4524 = ADVANCED_FACE('',(#4525),#4533,.F.);
#4525 = FACE_BOUND('',#4526,.F.);
#4526 = EDGE_LOOP('',(#4527,#4528,#4529,#4530,#4531,#4532));
#4527 = ORIENTED_EDGE('',*,*,#4401,.T.);
#4528 = ORIENTED_EDGE('',*,*,#4449,.T.);
#4529 = ORIENTED_EDGE('',*,*,#4497,.T.);
#4530 = ORIENTED_EDGE('',*,*,#4514,.T.);
#4531 = ORIENTED_EDGE('',*,*,#4473,.T.);
#4532 = ORIENTED_EDGE('',*,*,#4425,.T.);
#4533 = PLANE('',#4534);
#4534 = AXIS2_PLACEMENT_3D('',#4535,#4536,#4537);
#4535 = CARTESIAN_POINT('',(-8.,330.8,25.4));
#4536 = DIRECTION('',(1.,0.,1.110223024625E-16));
#4537 = DIRECTION('',(1.110223024625E-16,0.,-1.));
#4538 = MANIFOLD_SOLID_BREP('',#4539);
#4539 = CLOSED_SHELL('',(#4540,#4573,#4632,#4641,#4672,#4696,#4720,#4744
    ,#4768,#4785,#4810));
#4540 = ADVANCED_FACE('',(#4541),#4568,.T.);
#4541 = FACE_BOUND('',#4542,.T.);
#4542 = EDGE_LOOP('',(#4543,#4553,#4560,#4561));
#4543 = ORIENTED_EDGE('',*,*,#4544,.T.);
#4544 = EDGE_CURVE('',#4545,#4547,#4549,.T.);
#4545 = VERTEX_POINT('',#4546);
#4546 = CARTESIAN_POINT('',(97.6,312.,14.35));
#4547 = VERTEX_POINT('',#4548);
#4548 = CARTESIAN_POINT('',(92.52,312.,14.35));
#4549 = LINE('',#4550,#4551);
#4550 = CARTESIAN_POINT('',(103.6,312.,14.35));
#4551 = VECTOR('',#4552,1.);
#4552 = DIRECTION('',(-1.,0.,0.));
#4553 = ORIENTED_EDGE('',*,*,#4554,.F.);
#4554 = EDGE_CURVE('',#4547,#4547,#4555,.T.);
#4555 = CIRCLE('',#4556,11.05);
#4556 = AXIS2_PLACEMENT_3D('',#4557,#4558,#4559);
#4557 = CARTESIAN_POINT('',(92.52,312.,25.4));
#4558 = DIRECTION('',(-1.,0.,0.));
#4559 = DIRECTION('',(0.,0.,-1.));
#4560 = ORIENTED_EDGE('',*,*,#4544,.F.);
#4561 = ORIENTED_EDGE('',*,*,#4562,.T.);
#4562 = EDGE_CURVE('',#4545,#4545,#4563,.T.);
#4563 = CIRCLE('',#4564,11.05);
#4564 = AXIS2_PLACEMENT_3D('',#4565,#4566,#4567);
#4565 = CARTESIAN_POINT('',(97.6,312.,25.4));
#4566 = DIRECTION('',(-1.,0.,0.));
#4567 = DIRECTION('',(0.,0.,-1.));
#4568 = CYLINDRICAL_SURFACE('',#4569,11.05);
#4569 = AXIS2_PLACEMENT_3D('',#4570,#4571,#4572);
#4570 = CARTESIAN_POINT('',(103.6,312.,25.4));
#4571 = DIRECTION('',(-1.,0.,0.));
#4572 = DIRECTION('',(0.,0.,-1.));
#4573 = ADVANCED_FACE('',(#4574,#4624),#4627,.T.);
#4574 = FACE_BOUND('',#4575,.T.);
#4575 = EDGE_LOOP('',(#4576,#4586,#4594,#4602,#4610,#4618));
#4576 = ORIENTED_EDGE('',*,*,#4577,.T.);
#4577 = EDGE_CURVE('',#4578,#4580,#4582,.T.);
#4578 = VERTEX_POINT('',#4579);
#4579 = CARTESIAN_POINT('',(97.6,320.22724133595,39.65));
#4580 = VERTEX_POINT('',#4581);
#4581 = CARTESIAN_POINT('',(97.6,328.4544826719,25.4));
#4582 = LINE('',#4583,#4584);
#4583 = CARTESIAN_POINT('',(97.6,320.22724133595,39.65));
#4584 = VECTOR('',#4585,1.);
#4585 = DIRECTION('',(-9.614813431918E-17,0.5,-0.866025403784));
#4586 = ORIENTED_EDGE('',*,*,#4587,.T.);
#4587 = EDGE_CURVE('',#4580,#4588,#4590,.T.);
#4588 = VERTEX_POINT('',#4589);
#4589 = CARTESIAN_POINT('',(97.6,320.22724133595,11.15));
#4590 = LINE('',#4591,#4592);
#4591 = CARTESIAN_POINT('',(97.6,328.4544826719,25.4));
#4592 = VECTOR('',#4593,1.);
#4593 = DIRECTION('',(-9.614813431918E-17,-0.5,-0.866025403784));
#4594 = ORIENTED_EDGE('',*,*,#4595,.T.);
#4595 = EDGE_CURVE('',#4588,#4596,#4598,.T.);
#4596 = VERTEX_POINT('',#4597);
#4597 = CARTESIAN_POINT('',(97.6,303.77275866404,11.15));
#4598 = LINE('',#4599,#4600);
#4599 = CARTESIAN_POINT('',(97.6,320.22724133595,11.15));
#4600 = VECTOR('',#4601,1.);
#4601 = DIRECTION('',(1.198550147322E-32,-1.,1.079557999373E-16));
#4602 = ORIENTED_EDGE('',*,*,#4603,.T.);
#4603 = EDGE_CURVE('',#4596,#4604,#4606,.T.);
#4604 = VERTEX_POINT('',#4605);
#4605 = CARTESIAN_POINT('',(97.6,295.54551732809,25.4));
#4606 = LINE('',#4607,#4608);
#4607 = CARTESIAN_POINT('',(97.6,303.77275866404,11.15));
#4608 = VECTOR('',#4609,1.);
#4609 = DIRECTION('',(9.614813431918E-17,-0.5,0.866025403784));
#4610 = ORIENTED_EDGE('',*,*,#4611,.T.);
#4611 = EDGE_CURVE('',#4604,#4612,#4614,.T.);
#4612 = VERTEX_POINT('',#4613);
#4613 = CARTESIAN_POINT('',(97.6,303.77275866404,39.65));
#4614 = LINE('',#4615,#4616);
#4615 = CARTESIAN_POINT('',(97.6,295.54551732809,25.4));
#4616 = VECTOR('',#4617,1.);
#4617 = DIRECTION('',(9.614813431918E-17,0.5,0.866025403784));
#4618 = ORIENTED_EDGE('',*,*,#4619,.T.);
#4619 = EDGE_CURVE('',#4612,#4578,#4620,.T.);
#4620 = LINE('',#4621,#4622);
#4621 = CARTESIAN_POINT('',(97.6,303.77275866404,39.65));
#4622 = VECTOR('',#4623,1.);
#4623 = DIRECTION('',(3.595650441967E-32,1.,3.23867399812E-16));
#4624 = FACE_BOUND('',#4625,.T.);
#4625 = EDGE_LOOP('',(#4626));
#4626 = ORIENTED_EDGE('',*,*,#4562,.F.);
#4627 = PLANE('',#4628);
#4628 = AXIS2_PLACEMENT_3D('',#4629,#4630,#4631);
#4629 = CARTESIAN_POINT('',(97.6,312.,25.4));
#4630 = DIRECTION('',(-1.,0.,1.110223024625E-16));
#4631 = DIRECTION('',(1.110223024625E-16,0.,1.));
#4632 = ADVANCED_FACE('',(#4633),#4636,.T.);
#4633 = FACE_BOUND('',#4634,.T.);
#4634 = EDGE_LOOP('',(#4635));
#4635 = ORIENTED_EDGE('',*,*,#4554,.T.);
#4636 = PLANE('',#4637);
#4637 = AXIS2_PLACEMENT_3D('',#4638,#4639,#4640);
#4638 = CARTESIAN_POINT('',(92.52,312.,25.4));
#4639 = DIRECTION('',(-1.,0.,0.));
#4640 = DIRECTION('',(0.,0.,-1.));
#4641 = ADVANCED_FACE('',(#4642),#4667,.F.);
#4642 = FACE_BOUND('',#4643,.F.);
#4643 = EDGE_LOOP('',(#4644,#4652,#4653,#4661));
#4644 = ORIENTED_EDGE('',*,*,#4645,.T.);
#4645 = EDGE_CURVE('',#4646,#4578,#4648,.T.);
#4646 = VERTEX_POINT('',#4647);
#4647 = CARTESIAN_POINT('',(103.6,320.22724133595,39.65));
#4648 = LINE('',#4649,#4650);
#4649 = CARTESIAN_POINT('',(103.6,320.22724133595,39.65));
#4650 = VECTOR('',#4651,1.);
#4651 = DIRECTION('',(-1.,0.,1.110223024625E-16));
#4652 = ORIENTED_EDGE('',*,*,#4577,.T.);
#4653 = ORIENTED_EDGE('',*,*,#4654,.F.);
#4654 = EDGE_CURVE('',#4655,#4580,#4657,.T.);
#4655 = VERTEX_POINT('',#4656);
#4656 = CARTESIAN_POINT('',(103.6,328.4544826719,25.4));
#4657 = LINE('',#4658,#4659);
#4658 = CARTESIAN_POINT('',(103.6,328.4544826719,25.4));
#4659 = VECTOR('',#4660,1.);
#4660 = DIRECTION('',(-1.,0.,1.110223024625E-16));
#4661 = ORIENTED_EDGE('',*,*,#4662,.F.);
#4662 = EDGE_CURVE('',#4646,#4655,#4663,.T.);
#4663 = LINE('',#4664,#4665);
#4664 = CARTESIAN_POINT('',(103.6,320.22724133595,39.65));
#4665 = VECTOR('',#4666,1.);
#4666 = DIRECTION('',(-9.614813431918E-17,0.5,-0.866025403784));
#4667 = PLANE('',#4668);
#4668 = AXIS2_PLACEMENT_3D('',#4669,#4670,#4671);
#4669 = CARTESIAN_POINT('',(103.6,320.22724133595,39.65));
#4670 = DIRECTION('',(-5.551115123126E-17,-0.866025403784,-0.5));
#4671 = DIRECTION('',(-9.614813431918E-17,0.5,-0.866025403784));
#4672 = ADVANCED_FACE('',(#4673),#4691,.F.);
#4673 = FACE_BOUND('',#4674,.F.);
#4674 = EDGE_LOOP('',(#4675,#4683,#4684,#4685));
#4675 = ORIENTED_EDGE('',*,*,#4676,.T.);
#4676 = EDGE_CURVE('',#4677,#4612,#4679,.T.);
#4677 = VERTEX_POINT('',#4678);
#4678 = CARTESIAN_POINT('',(103.6,303.77275866404,39.65));
#4679 = LINE('',#4680,#4681);
#4680 = CARTESIAN_POINT('',(103.6,303.77275866404,39.65));
#4681 = VECTOR('',#4682,1.);
#4682 = DIRECTION('',(-1.,0.,1.110223024625E-16));
#4683 = ORIENTED_EDGE('',*,*,#4619,.T.);
#4684 = ORIENTED_EDGE('',*,*,#4645,.F.);
#4685 = ORIENTED_EDGE('',*,*,#4686,.F.);
#4686 = EDGE_CURVE('',#4677,#4646,#4687,.T.);
#4687 = LINE('',#4688,#4689);
#4688 = CARTESIAN_POINT('',(103.6,303.77275866404,39.65));
#4689 = VECTOR('',#4690,1.);
#4690 = DIRECTION('',(3.595650441967E-32,1.,3.23867399812E-16));
#4691 = PLANE('',#4692);
#4692 = AXIS2_PLACEMENT_3D('',#4693,#4694,#4695);
#4693 = CARTESIAN_POINT('',(103.6,303.77275866404,39.65));
#4694 = DIRECTION('',(-1.110223024625E-16,3.23867399812E-16,-1.));
#4695 = DIRECTION('',(3.595650441967E-32,1.,3.23867399812E-16));
#4696 = ADVANCED_FACE('',(#4697),#4715,.F.);
#4697 = FACE_BOUND('',#4698,.F.);
#4698 = EDGE_LOOP('',(#4699,#4700,#4701,#4709));
#4699 = ORIENTED_EDGE('',*,*,#4654,.T.);
#4700 = ORIENTED_EDGE('',*,*,#4587,.T.);
#4701 = ORIENTED_EDGE('',*,*,#4702,.F.);
#4702 = EDGE_CURVE('',#4703,#4588,#4705,.T.);
#4703 = VERTEX_POINT('',#4704);
#4704 = CARTESIAN_POINT('',(103.6,320.22724133595,11.15));
#4705 = LINE('',#4706,#4707);
#4706 = CARTESIAN_POINT('',(103.6,320.22724133595,11.15));
#4707 = VECTOR('',#4708,1.);
#4708 = DIRECTION('',(-1.,0.,1.110223024625E-16));
#4709 = ORIENTED_EDGE('',*,*,#4710,.F.);
#4710 = EDGE_CURVE('',#4655,#4703,#4711,.T.);
#4711 = LINE('',#4712,#4713);
#4712 = CARTESIAN_POINT('',(103.6,328.4544826719,25.4));
#4713 = VECTOR('',#4714,1.);
#4714 = DIRECTION('',(-9.614813431918E-17,-0.5,-0.866025403784));
#4715 = PLANE('',#4716);
#4716 = AXIS2_PLACEMENT_3D('',#4717,#4718,#4719);
#4717 = CARTESIAN_POINT('',(103.6,328.4544826719,25.4));
#4718 = DIRECTION('',(5.551115123126E-17,-0.866025403784,0.5));
#4719 = DIRECTION('',(-9.614813431918E-17,-0.5,-0.866025403784));
#4720 = ADVANCED_FACE('',(#4721),#4739,.F.);
#4721 = FACE_BOUND('',#4722,.F.);
#4722 = EDGE_LOOP('',(#4723,#4731,#4732,#4733));
#4723 = ORIENTED_EDGE('',*,*,#4724,.T.);
#4724 = EDGE_CURVE('',#4725,#4604,#4727,.T.);
#4725 = VERTEX_POINT('',#4726);
#4726 = CARTESIAN_POINT('',(103.6,295.54551732809,25.4));
#4727 = LINE('',#4728,#4729);
#4728 = CARTESIAN_POINT('',(103.6,295.54551732809,25.4));
#4729 = VECTOR('',#4730,1.);
#4730 = DIRECTION('',(-1.,0.,1.110223024625E-16));
#4731 = ORIENTED_EDGE('',*,*,#4611,.T.);
#4732 = ORIENTED_EDGE('',*,*,#4676,.F.);
#4733 = ORIENTED_EDGE('',*,*,#4734,.F.);
#4734 = EDGE_CURVE('',#4725,#4677,#4735,.T.);
#4735 = LINE('',#4736,#4737);
#4736 = CARTESIAN_POINT('',(103.6,295.54551732809,25.4));
#4737 = VECTOR('',#4738,1.);
#4738 = DIRECTION('',(9.614813431918E-17,0.5,0.866025403784));
#4739 = PLANE('',#4740);
#4740 = AXIS2_PLACEMENT_3D('',#4741,#4742,#4743);
#4741 = CARTESIAN_POINT('',(103.6,295.54551732809,25.4));
#4742 = DIRECTION('',(-5.551115123126E-17,0.866025403784,-0.5));
#4743 = DIRECTION('',(9.614813431918E-17,0.5,0.866025403784));
#4744 = ADVANCED_FACE('',(#4745),#4763,.F.);
#4745 = FACE_BOUND('',#4746,.F.);
#4746 = EDGE_LOOP('',(#4747,#4748,#4749,#4757));
#4747 = ORIENTED_EDGE('',*,*,#4702,.T.);
#4748 = ORIENTED_EDGE('',*,*,#4595,.T.);
#4749 = ORIENTED_EDGE('',*,*,#4750,.F.);
#4750 = EDGE_CURVE('',#4751,#4596,#4753,.T.);
#4751 = VERTEX_POINT('',#4752);
#4752 = CARTESIAN_POINT('',(103.6,303.77275866404,11.15));
#4753 = LINE('',#4754,#4755);
#4754 = CARTESIAN_POINT('',(103.6,303.77275866404,11.15));
#4755 = VECTOR('',#4756,1.);
#4756 = DIRECTION('',(-1.,0.,1.110223024625E-16));
#4757 = ORIENTED_EDGE('',*,*,#4758,.F.);
#4758 = EDGE_CURVE('',#4703,#4751,#4759,.T.);
#4759 = LINE('',#4760,#4761);
#4760 = CARTESIAN_POINT('',(103.6,320.22724133595,11.15));
#4761 = VECTOR('',#4762,1.);
#4762 = DIRECTION('',(1.198550147322E-32,-1.,1.079557999373E-16));
#4763 = PLANE('',#4764);
#4764 = AXIS2_PLACEMENT_3D('',#4765,#4766,#4767);
#4765 = CARTESIAN_POINT('',(103.6,320.22724133595,11.15));
#4766 = DIRECTION('',(1.110223024625E-16,1.079557999373E-16,1.));
#4767 = DIRECTION('',(1.198550147322E-32,-1.,1.079557999373E-16));
#4768 = ADVANCED_FACE('',(#4769),#4780,.F.);
#4769 = FACE_BOUND('',#4770,.F.);
#4770 = EDGE_LOOP('',(#4771,#4772,#4773,#4774));
#4771 = ORIENTED_EDGE('',*,*,#4750,.T.);
#4772 = ORIENTED_EDGE('',*,*,#4603,.T.);
#4773 = ORIENTED_EDGE('',*,*,#4724,.F.);
#4774 = ORIENTED_EDGE('',*,*,#4775,.F.);
#4775 = EDGE_CURVE('',#4751,#4725,#4776,.T.);
#4776 = LINE('',#4777,#4778);
#4777 = CARTESIAN_POINT('',(103.6,303.77275866404,11.15));
#4778 = VECTOR('',#4779,1.);
#4779 = DIRECTION('',(9.614813431918E-17,-0.5,0.866025403784));
#4780 = PLANE('',#4781);
#4781 = AXIS2_PLACEMENT_3D('',#4782,#4783,#4784);
#4782 = CARTESIAN_POINT('',(103.6,303.77275866404,11.15));
#4783 = DIRECTION('',(5.551115123126E-17,0.866025403784,0.5));
#4784 = DIRECTION('',(9.614813431918E-17,-0.5,0.866025403784));
#4785 = ADVANCED_FACE('',(#4786,#4794),#4805,.F.);
#4786 = FACE_BOUND('',#4787,.F.);
#4787 = EDGE_LOOP('',(#4788,#4789,#4790,#4791,#4792,#4793));
#4788 = ORIENTED_EDGE('',*,*,#4662,.T.);
#4789 = ORIENTED_EDGE('',*,*,#4710,.T.);
#4790 = ORIENTED_EDGE('',*,*,#4758,.T.);
#4791 = ORIENTED_EDGE('',*,*,#4775,.T.);
#4792 = ORIENTED_EDGE('',*,*,#4734,.T.);
#4793 = ORIENTED_EDGE('',*,*,#4686,.T.);
#4794 = FACE_BOUND('',#4795,.F.);
#4795 = EDGE_LOOP('',(#4796));
#4796 = ORIENTED_EDGE('',*,*,#4797,.F.);
#4797 = EDGE_CURVE('',#4798,#4798,#4800,.T.);
#4798 = VERTEX_POINT('',#4799);
#4799 = CARTESIAN_POINT('',(103.6,312.,14.35));
#4800 = CIRCLE('',#4801,11.05);
#4801 = AXIS2_PLACEMENT_3D('',#4802,#4803,#4804);
#4802 = CARTESIAN_POINT('',(103.6,312.,25.4));
#4803 = DIRECTION('',(-1.,0.,0.));
#4804 = DIRECTION('',(0.,0.,-1.));
#4805 = PLANE('',#4806);
#4806 = AXIS2_PLACEMENT_3D('',#4807,#4808,#4809);
#4807 = CARTESIAN_POINT('',(103.6,312.,25.4));
#4808 = DIRECTION('',(-1.,0.,1.110223024625E-16));
#4809 = DIRECTION('',(1.110223024625E-16,0.,1.));
#4810 = ADVANCED_FACE('',(#4811),#4814,.F.);
#4811 = FACE_BOUND('',#4812,.T.);
#4812 = EDGE_LOOP('',(#4813));
#4813 = ORIENTED_EDGE('',*,*,#4797,.F.);
#4814 = PLANE('',#4815);
#4815 = AXIS2_PLACEMENT_3D('',#4816,#4817,#4818);
#4816 = CARTESIAN_POINT('',(103.6,312.,25.4));
#4817 = DIRECTION('',(-1.,0.,0.));
#4818 = DIRECTION('',(0.,0.,-1.));
#4819 = MANIFOLD_SOLID_BREP('',#4820);
#4820 = CLOSED_SHELL('',(#4821,#4854,#4913,#4922,#4953,#4977,#5001,#5025
    ,#5049,#5066,#5091));
#4821 = ADVANCED_FACE('',(#4822),#4849,.T.);
#4822 = FACE_BOUND('',#4823,.T.);
#4823 = EDGE_LOOP('',(#4824,#4834,#4841,#4842));
#4824 = ORIENTED_EDGE('',*,*,#4825,.T.);
#4825 = EDGE_CURVE('',#4826,#4828,#4830,.T.);
#4826 = VERTEX_POINT('',#4827);
#4827 = CARTESIAN_POINT('',(97.6,349.6,16.3));
#4828 = VERTEX_POINT('',#4829);
#4829 = CARTESIAN_POINT('',(92.52,349.6,16.3));
#4830 = LINE('',#4831,#4832);
#4831 = CARTESIAN_POINT('',(103.6,349.6,16.3));
#4832 = VECTOR('',#4833,1.);
#4833 = DIRECTION('',(-1.,0.,0.));
#4834 = ORIENTED_EDGE('',*,*,#4835,.F.);
#4835 = EDGE_CURVE('',#4828,#4828,#4836,.T.);
#4836 = CIRCLE('',#4837,9.1);
#4837 = AXIS2_PLACEMENT_3D('',#4838,#4839,#4840);
#4838 = CARTESIAN_POINT('',(92.52,349.6,25.4));
#4839 = DIRECTION('',(-1.,0.,0.));
#4840 = DIRECTION('',(0.,0.,-1.));
#4841 = ORIENTED_EDGE('',*,*,#4825,.F.);
#4842 = ORIENTED_EDGE('',*,*,#4843,.T.);
#4843 = EDGE_CURVE('',#4826,#4826,#4844,.T.);
#4844 = CIRCLE('',#4845,9.1);
#4845 = AXIS2_PLACEMENT_3D('',#4846,#4847,#4848);
#4846 = CARTESIAN_POINT('',(97.6,349.6,25.4));
#4847 = DIRECTION('',(-1.,0.,0.));
#4848 = DIRECTION('',(0.,0.,-1.));
#4849 = CYLINDRICAL_SURFACE('',#4850,9.1);
#4850 = AXIS2_PLACEMENT_3D('',#4851,#4852,#4853);
#4851 = CARTESIAN_POINT('',(103.6,349.6,25.4));
#4852 = DIRECTION('',(-1.,0.,0.));
#4853 = DIRECTION('',(0.,0.,-1.));
#4854 = ADVANCED_FACE('',(#4855,#4905),#4908,.T.);
#4855 = FACE_BOUND('',#4856,.T.);
#4856 = EDGE_LOOP('',(#4857,#4867,#4875,#4883,#4891,#4899));
#4857 = ORIENTED_EDGE('',*,*,#4858,.T.);
#4858 = EDGE_CURVE('',#4859,#4861,#4863,.T.);
#4859 = VERTEX_POINT('',#4860);
#4860 = CARTESIAN_POINT('',(97.6,356.70140831103,37.7));
#4861 = VERTEX_POINT('',#4862);
#4862 = CARTESIAN_POINT('',(97.6,363.80281662206,25.4));
#4863 = LINE('',#4864,#4865);
#4864 = CARTESIAN_POINT('',(97.6,356.70140831103,37.7));
#4865 = VECTOR('',#4866,1.);
#4866 = DIRECTION('',(-9.614813431918E-17,0.5,-0.866025403784));
#4867 = ORIENTED_EDGE('',*,*,#4868,.T.);
#4868 = EDGE_CURVE('',#4861,#4869,#4871,.T.);
#4869 = VERTEX_POINT('',#4870);
#4870 = CARTESIAN_POINT('',(97.6,356.70140831103,13.1));
#4871 = LINE('',#4872,#4873);
#4872 = CARTESIAN_POINT('',(97.6,363.80281662206,25.4));
#4873 = VECTOR('',#4874,1.);
#4874 = DIRECTION('',(-9.614813431918E-17,-0.5,-0.866025403784));
#4875 = ORIENTED_EDGE('',*,*,#4876,.T.);
#4876 = EDGE_CURVE('',#4869,#4877,#4879,.T.);
#4877 = VERTEX_POINT('',#4878);
#4878 = CARTESIAN_POINT('',(97.6,342.49859168896,13.1));
#4879 = LINE('',#4880,#4881);
#4880 = CARTESIAN_POINT('',(97.6,356.70140831103,13.1));
#4881 = VECTOR('',#4882,1.);
#4882 = DIRECTION('',(1.388564195069E-32,-1.,1.250707438298E-16));
#4883 = ORIENTED_EDGE('',*,*,#4884,.T.);
#4884 = EDGE_CURVE('',#4877,#4885,#4887,.T.);
#4885 = VERTEX_POINT('',#4886);
#4886 = CARTESIAN_POINT('',(97.6,335.39718337793,25.4));
#4887 = LINE('',#4888,#4889);
#4888 = CARTESIAN_POINT('',(97.6,342.49859168896,13.1));
#4889 = VECTOR('',#4890,1.);
#4890 = DIRECTION('',(9.614813431918E-17,-0.5,0.866025403784));
#4891 = ORIENTED_EDGE('',*,*,#4892,.T.);
#4892 = EDGE_CURVE('',#4885,#4893,#4895,.T.);
#4893 = VERTEX_POINT('',#4894);
#4894 = CARTESIAN_POINT('',(97.6,342.49859168896,37.7));
#4895 = LINE('',#4896,#4897);
#4896 = CARTESIAN_POINT('',(97.6,335.39718337793,25.4));
#4897 = VECTOR('',#4898,1.);
#4898 = DIRECTION('',(9.614813431918E-17,0.5,0.866025403784));
#4899 = ORIENTED_EDGE('',*,*,#4900,.T.);
#4900 = EDGE_CURVE('',#4893,#4859,#4901,.T.);
#4901 = LINE('',#4902,#4903);
#4902 = CARTESIAN_POINT('',(97.6,342.49859168896,37.7));
#4903 = VECTOR('',#4904,1.);
#4904 = DIRECTION('',(4.165692585206E-32,1.,3.752122314895E-16));
#4905 = FACE_BOUND('',#4906,.T.);
#4906 = EDGE_LOOP('',(#4907));
#4907 = ORIENTED_EDGE('',*,*,#4843,.F.);
#4908 = PLANE('',#4909);
#4909 = AXIS2_PLACEMENT_3D('',#4910,#4911,#4912);
#4910 = CARTESIAN_POINT('',(97.6,349.6,25.4));
#4911 = DIRECTION('',(-1.,0.,1.110223024625E-16));
#4912 = DIRECTION('',(1.110223024625E-16,0.,1.));
#4913 = ADVANCED_FACE('',(#4914),#4917,.T.);
#4914 = FACE_BOUND('',#4915,.T.);
#4915 = EDGE_LOOP('',(#4916));
#4916 = ORIENTED_EDGE('',*,*,#4835,.T.);
#4917 = PLANE('',#4918);
#4918 = AXIS2_PLACEMENT_3D('',#4919,#4920,#4921);
#4919 = CARTESIAN_POINT('',(92.52,349.6,25.4));
#4920 = DIRECTION('',(-1.,0.,0.));
#4921 = DIRECTION('',(0.,0.,-1.));
#4922 = ADVANCED_FACE('',(#4923),#4948,.F.);
#4923 = FACE_BOUND('',#4924,.F.);
#4924 = EDGE_LOOP('',(#4925,#4933,#4934,#4942));
#4925 = ORIENTED_EDGE('',*,*,#4926,.T.);
#4926 = EDGE_CURVE('',#4927,#4859,#4929,.T.);
#4927 = VERTEX_POINT('',#4928);
#4928 = CARTESIAN_POINT('',(103.6,356.70140831103,37.7));
#4929 = LINE('',#4930,#4931);
#4930 = CARTESIAN_POINT('',(103.6,356.70140831103,37.7));
#4931 = VECTOR('',#4932,1.);
#4932 = DIRECTION('',(-1.,0.,1.110223024625E-16));
#4933 = ORIENTED_EDGE('',*,*,#4858,.T.);
#4934 = ORIENTED_EDGE('',*,*,#4935,.F.);
#4935 = EDGE_CURVE('',#4936,#4861,#4938,.T.);
#4936 = VERTEX_POINT('',#4937);
#4937 = CARTESIAN_POINT('',(103.6,363.80281662206,25.4));
#4938 = LINE('',#4939,#4940);
#4939 = CARTESIAN_POINT('',(103.6,363.80281662206,25.4));
#4940 = VECTOR('',#4941,1.);
#4941 = DIRECTION('',(-1.,0.,1.110223024625E-16));
#4942 = ORIENTED_EDGE('',*,*,#4943,.F.);
#4943 = EDGE_CURVE('',#4927,#4936,#4944,.T.);
#4944 = LINE('',#4945,#4946);
#4945 = CARTESIAN_POINT('',(103.6,356.70140831103,37.7));
#4946 = VECTOR('',#4947,1.);
#4947 = DIRECTION('',(-9.614813431918E-17,0.5,-0.866025403784));
#4948 = PLANE('',#4949);
#4949 = AXIS2_PLACEMENT_3D('',#4950,#4951,#4952);
#4950 = CARTESIAN_POINT('',(103.6,356.70140831103,37.7));
#4951 = DIRECTION('',(-5.551115123126E-17,-0.866025403784,-0.5));
#4952 = DIRECTION('',(-9.614813431918E-17,0.5,-0.866025403784));
#4953 = ADVANCED_FACE('',(#4954),#4972,.F.);
#4954 = FACE_BOUND('',#4955,.F.);
#4955 = EDGE_LOOP('',(#4956,#4964,#4965,#4966));
#4956 = ORIENTED_EDGE('',*,*,#4957,.T.);
#4957 = EDGE_CURVE('',#4958,#4893,#4960,.T.);
#4958 = VERTEX_POINT('',#4959);
#4959 = CARTESIAN_POINT('',(103.6,342.49859168896,37.7));
#4960 = LINE('',#4961,#4962);
#4961 = CARTESIAN_POINT('',(103.6,342.49859168896,37.7));
#4962 = VECTOR('',#4963,1.);
#4963 = DIRECTION('',(-1.,0.,1.110223024625E-16));
#4964 = ORIENTED_EDGE('',*,*,#4900,.T.);
#4965 = ORIENTED_EDGE('',*,*,#4926,.F.);
#4966 = ORIENTED_EDGE('',*,*,#4967,.F.);
#4967 = EDGE_CURVE('',#4958,#4927,#4968,.T.);
#4968 = LINE('',#4969,#4970);
#4969 = CARTESIAN_POINT('',(103.6,342.49859168896,37.7));
#4970 = VECTOR('',#4971,1.);
#4971 = DIRECTION('',(4.165692585206E-32,1.,3.752122314895E-16));
#4972 = PLANE('',#4973);
#4973 = AXIS2_PLACEMENT_3D('',#4974,#4975,#4976);
#4974 = CARTESIAN_POINT('',(103.6,342.49859168896,37.7));
#4975 = DIRECTION('',(-1.110223024625E-16,3.752122314895E-16,-1.));
#4976 = DIRECTION('',(4.165692585206E-32,1.,3.752122314895E-16));
#4977 = ADVANCED_FACE('',(#4978),#4996,.F.);
#4978 = FACE_BOUND('',#4979,.F.);
#4979 = EDGE_LOOP('',(#4980,#4981,#4982,#4990));
#4980 = ORIENTED_EDGE('',*,*,#4935,.T.);
#4981 = ORIENTED_EDGE('',*,*,#4868,.T.);
#4982 = ORIENTED_EDGE('',*,*,#4983,.F.);
#4983 = EDGE_CURVE('',#4984,#4869,#4986,.T.);
#4984 = VERTEX_POINT('',#4985);
#4985 = CARTESIAN_POINT('',(103.6,356.70140831103,13.1));
#4986 = LINE('',#4987,#4988);
#4987 = CARTESIAN_POINT('',(103.6,356.70140831103,13.1));
#4988 = VECTOR('',#4989,1.);
#4989 = DIRECTION('',(-1.,0.,1.110223024625E-16));
#4990 = ORIENTED_EDGE('',*,*,#4991,.F.);
#4991 = EDGE_CURVE('',#4936,#4984,#4992,.T.);
#4992 = LINE('',#4993,#4994);
#4993 = CARTESIAN_POINT('',(103.6,363.80281662206,25.4));
#4994 = VECTOR('',#4995,1.);
#4995 = DIRECTION('',(-9.614813431918E-17,-0.5,-0.866025403784));
#4996 = PLANE('',#4997);
#4997 = AXIS2_PLACEMENT_3D('',#4998,#4999,#5000);
#4998 = CARTESIAN_POINT('',(103.6,363.80281662206,25.4));
#4999 = DIRECTION('',(5.551115123126E-17,-0.866025403784,0.5));
#5000 = DIRECTION('',(-9.614813431918E-17,-0.5,-0.866025403784));
#5001 = ADVANCED_FACE('',(#5002),#5020,.F.);
#5002 = FACE_BOUND('',#5003,.F.);
#5003 = EDGE_LOOP('',(#5004,#5012,#5013,#5014));
#5004 = ORIENTED_EDGE('',*,*,#5005,.T.);
#5005 = EDGE_CURVE('',#5006,#4885,#5008,.T.);
#5006 = VERTEX_POINT('',#5007);
#5007 = CARTESIAN_POINT('',(103.6,335.39718337793,25.4));
#5008 = LINE('',#5009,#5010);
#5009 = CARTESIAN_POINT('',(103.6,335.39718337793,25.4));
#5010 = VECTOR('',#5011,1.);
#5011 = DIRECTION('',(-1.,0.,1.110223024625E-16));
#5012 = ORIENTED_EDGE('',*,*,#4892,.T.);
#5013 = ORIENTED_EDGE('',*,*,#4957,.F.);
#5014 = ORIENTED_EDGE('',*,*,#5015,.F.);
#5015 = EDGE_CURVE('',#5006,#4958,#5016,.T.);
#5016 = LINE('',#5017,#5018);
#5017 = CARTESIAN_POINT('',(103.6,335.39718337793,25.4));
#5018 = VECTOR('',#5019,1.);
#5019 = DIRECTION('',(9.614813431918E-17,0.5,0.866025403784));
#5020 = PLANE('',#5021);
#5021 = AXIS2_PLACEMENT_3D('',#5022,#5023,#5024);
#5022 = CARTESIAN_POINT('',(103.6,335.39718337793,25.4));
#5023 = DIRECTION('',(-5.551115123126E-17,0.866025403784,-0.5));
#5024 = DIRECTION('',(9.614813431918E-17,0.5,0.866025403784));
#5025 = ADVANCED_FACE('',(#5026),#5044,.F.);
#5026 = FACE_BOUND('',#5027,.F.);
#5027 = EDGE_LOOP('',(#5028,#5029,#5030,#5038));
#5028 = ORIENTED_EDGE('',*,*,#4983,.T.);
#5029 = ORIENTED_EDGE('',*,*,#4876,.T.);
#5030 = ORIENTED_EDGE('',*,*,#5031,.F.);
#5031 = EDGE_CURVE('',#5032,#4877,#5034,.T.);
#5032 = VERTEX_POINT('',#5033);
#5033 = CARTESIAN_POINT('',(103.6,342.49859168896,13.1));
#5034 = LINE('',#5035,#5036);
#5035 = CARTESIAN_POINT('',(103.6,342.49859168896,13.1));
#5036 = VECTOR('',#5037,1.);
#5037 = DIRECTION('',(-1.,0.,1.110223024625E-16));
#5038 = ORIENTED_EDGE('',*,*,#5039,.F.);
#5039 = EDGE_CURVE('',#4984,#5032,#5040,.T.);
#5040 = LINE('',#5041,#5042);
#5041 = CARTESIAN_POINT('',(103.6,356.70140831103,13.1));
#5042 = VECTOR('',#5043,1.);
#5043 = DIRECTION('',(1.388564195069E-32,-1.,1.250707438298E-16));
#5044 = PLANE('',#5045);
#5045 = AXIS2_PLACEMENT_3D('',#5046,#5047,#5048);
#5046 = CARTESIAN_POINT('',(103.6,356.70140831103,13.1));
#5047 = DIRECTION('',(1.110223024625E-16,1.250707438298E-16,1.));
#5048 = DIRECTION('',(1.388564195069E-32,-1.,1.250707438298E-16));
#5049 = ADVANCED_FACE('',(#5050),#5061,.F.);
#5050 = FACE_BOUND('',#5051,.F.);
#5051 = EDGE_LOOP('',(#5052,#5053,#5054,#5055));
#5052 = ORIENTED_EDGE('',*,*,#5031,.T.);
#5053 = ORIENTED_EDGE('',*,*,#4884,.T.);
#5054 = ORIENTED_EDGE('',*,*,#5005,.F.);
#5055 = ORIENTED_EDGE('',*,*,#5056,.F.);
#5056 = EDGE_CURVE('',#5032,#5006,#5057,.T.);
#5057 = LINE('',#5058,#5059);
#5058 = CARTESIAN_POINT('',(103.6,342.49859168896,13.1));
#5059 = VECTOR('',#5060,1.);
#5060 = DIRECTION('',(9.614813431918E-17,-0.5,0.866025403784));
#5061 = PLANE('',#5062);
#5062 = AXIS2_PLACEMENT_3D('',#5063,#5064,#5065);
#5063 = CARTESIAN_POINT('',(103.6,342.49859168896,13.1));
#5064 = DIRECTION('',(5.551115123126E-17,0.866025403784,0.5));
#5065 = DIRECTION('',(9.614813431918E-17,-0.5,0.866025403784));
#5066 = ADVANCED_FACE('',(#5067,#5075),#5086,.F.);
#5067 = FACE_BOUND('',#5068,.F.);
#5068 = EDGE_LOOP('',(#5069,#5070,#5071,#5072,#5073,#5074));
#5069 = ORIENTED_EDGE('',*,*,#4943,.T.);
#5070 = ORIENTED_EDGE('',*,*,#4991,.T.);
#5071 = ORIENTED_EDGE('',*,*,#5039,.T.);
#5072 = ORIENTED_EDGE('',*,*,#5056,.T.);
#5073 = ORIENTED_EDGE('',*,*,#5015,.T.);
#5074 = ORIENTED_EDGE('',*,*,#4967,.T.);
#5075 = FACE_BOUND('',#5076,.F.);
#5076 = EDGE_LOOP('',(#5077));
#5077 = ORIENTED_EDGE('',*,*,#5078,.F.);
#5078 = EDGE_CURVE('',#5079,#5079,#5081,.T.);
#5079 = VERTEX_POINT('',#5080);
#5080 = CARTESIAN_POINT('',(103.6,349.6,16.3));
#5081 = CIRCLE('',#5082,9.1);
#5082 = AXIS2_PLACEMENT_3D('',#5083,#5084,#5085);
#5083 = CARTESIAN_POINT('',(103.6,349.6,25.4));
#5084 = DIRECTION('',(-1.,0.,0.));
#5085 = DIRECTION('',(0.,0.,-1.));
#5086 = PLANE('',#5087);
#5087 = AXIS2_PLACEMENT_3D('',#5088,#5089,#5090);
#5088 = CARTESIAN_POINT('',(103.6,349.6,25.4));
#5089 = DIRECTION('',(-1.,0.,1.110223024625E-16));
#5090 = DIRECTION('',(1.110223024625E-16,0.,1.));
#5091 = ADVANCED_FACE('',(#5092),#5095,.F.);
#5092 = FACE_BOUND('',#5093,.T.);
#5093 = EDGE_LOOP('',(#5094));
#5094 = ORIENTED_EDGE('',*,*,#5078,.F.);
#5095 = PLANE('',#5096);
#5096 = AXIS2_PLACEMENT_3D('',#5097,#5098,#5099);
#5097 = CARTESIAN_POINT('',(103.6,349.6,25.4));
#5098 = DIRECTION('',(-1.,0.,0.));
#5099 = DIRECTION('',(0.,0.,-1.));
#5100 = MANIFOLD_SOLID_BREP('',#5101);
#5101 = CLOSED_SHELL('',(#5102,#5169,#5194,#5225,#5249,#5273,#5297,#5321
    ,#5338,#5358,#5383,#5408,#5433,#5442));
#5102 = ADVANCED_FACE('',(#5103,#5114),#5164,.T.);
#5103 = FACE_BOUND('',#5104,.T.);
#5104 = EDGE_LOOP('',(#5105));
#5105 = ORIENTED_EDGE('',*,*,#5106,.T.);
#5106 = EDGE_CURVE('',#5107,#5107,#5109,.T.);
#5107 = VERTEX_POINT('',#5108);
#5108 = CARTESIAN_POINT('',(96.,302.,1.2));
#5109 = CIRCLE('',#5110,8.);
#5110 = AXIS2_PLACEMENT_3D('',#5111,#5112,#5113);
#5111 = CARTESIAN_POINT('',(88.,302.,1.2));
#5112 = DIRECTION('',(0.,0.,1.));
#5113 = DIRECTION('',(1.,0.,-0.));
#5114 = FACE_BOUND('',#5115,.T.);
#5115 = EDGE_LOOP('',(#5116,#5126,#5134,#5142,#5150,#5158));
#5116 = ORIENTED_EDGE('',*,*,#5117,.F.);
#5117 = EDGE_CURVE('',#5118,#5120,#5122,.T.);
#5118 = VERTEX_POINT('',#5119);
#5119 = CARTESIAN_POINT('',(93.,304.88675134594,1.2));
#5120 = VERTEX_POINT('',#5121);
#5121 = CARTESIAN_POINT('',(88.,307.77350269189,1.2));
#5122 = LINE('',#5123,#5124);
#5123 = CARTESIAN_POINT('',(93.,304.88675134594,1.2));
#5124 = VECTOR('',#5125,1.);
#5125 = DIRECTION('',(-0.866025403784,0.5,0.));
#5126 = ORIENTED_EDGE('',*,*,#5127,.F.);
#5127 = EDGE_CURVE('',#5128,#5118,#5130,.T.);
#5128 = VERTEX_POINT('',#5129);
#5129 = CARTESIAN_POINT('',(93.,299.11324865405,1.2));
#5130 = LINE('',#5131,#5132);
#5131 = CARTESIAN_POINT('',(93.,299.11324865405,1.2));
#5132 = VECTOR('',#5133,1.);
#5133 = DIRECTION('',(3.076740298214E-16,1.,0.));
#5134 = ORIENTED_EDGE('',*,*,#5135,.F.);
#5135 = EDGE_CURVE('',#5136,#5128,#5138,.T.);
#5136 = VERTEX_POINT('',#5137);
#5137 = CARTESIAN_POINT('',(88.,296.2264973081,1.2));
#5138 = LINE('',#5139,#5140);
#5139 = CARTESIAN_POINT('',(88.,296.2264973081,1.2));
#5140 = VECTOR('',#5141,1.);
#5141 = DIRECTION('',(0.866025403784,0.5,0.));
#5142 = ORIENTED_EDGE('',*,*,#5143,.F.);
#5143 = EDGE_CURVE('',#5144,#5136,#5146,.T.);
#5144 = VERTEX_POINT('',#5145);
#5145 = CARTESIAN_POINT('',(83.,299.11324865405,1.2));
#5146 = LINE('',#5147,#5148);
#5147 = CARTESIAN_POINT('',(83.,299.11324865405,1.2));
#5148 = VECTOR('',#5149,1.);
#5149 = DIRECTION('',(0.866025403784,-0.5,0.));
#5150 = ORIENTED_EDGE('',*,*,#5151,.F.);
#5151 = EDGE_CURVE('',#5152,#5144,#5154,.T.);
#5152 = VERTEX_POINT('',#5153);
#5153 = CARTESIAN_POINT('',(83.,304.88675134594,1.2));
#5154 = LINE('',#5155,#5156);
#5155 = CARTESIAN_POINT('',(83.,304.88675134594,1.2));
#5156 = VECTOR('',#5157,1.);
#5157 = DIRECTION('',(1.538370149107E-16,-1.,0.));
#5158 = ORIENTED_EDGE('',*,*,#5159,.F.);
#5159 = EDGE_CURVE('',#5120,#5152,#5160,.T.);
#5160 = LINE('',#5161,#5162);
#5161 = CARTESIAN_POINT('',(88.,307.77350269189,1.2));
#5162 = VECTOR('',#5163,1.);
#5163 = DIRECTION('',(-0.866025403784,-0.5,0.));
#5164 = PLANE('',#5165);
#5165 = AXIS2_PLACEMENT_3D('',#5166,#5167,#5168);
#5166 = CARTESIAN_POINT('',(88.,302.,1.2));
#5167 = DIRECTION('',(0.,0.,1.));
#5168 = DIRECTION('',(1.,0.,-0.));
#5169 = ADVANCED_FACE('',(#5170),#5189,.T.);
#5170 = FACE_BOUND('',#5171,.T.);
#5171 = EDGE_LOOP('',(#5172,#5173,#5181,#5188));
#5172 = ORIENTED_EDGE('',*,*,#5106,.F.);
#5173 = ORIENTED_EDGE('',*,*,#5174,.F.);
#5174 = EDGE_CURVE('',#5175,#5107,#5177,.T.);
#5175 = VERTEX_POINT('',#5176);
#5176 = CARTESIAN_POINT('',(96.,302.,0.));
#5177 = LINE('',#5178,#5179);
#5178 = CARTESIAN_POINT('',(96.,302.,0.));
#5179 = VECTOR('',#5180,1.);
#5180 = DIRECTION('',(0.,0.,1.));
#5181 = ORIENTED_EDGE('',*,*,#5182,.T.);
#5182 = EDGE_CURVE('',#5175,#5175,#5183,.T.);
#5183 = CIRCLE('',#5184,8.);
#5184 = AXIS2_PLACEMENT_3D('',#5185,#5186,#5187);
#5185 = CARTESIAN_POINT('',(88.,302.,0.));
#5186 = DIRECTION('',(0.,0.,1.));
#5187 = DIRECTION('',(1.,0.,-0.));
#5188 = ORIENTED_EDGE('',*,*,#5174,.T.);
#5189 = CYLINDRICAL_SURFACE('',#5190,8.);
#5190 = AXIS2_PLACEMENT_3D('',#5191,#5192,#5193);
#5191 = CARTESIAN_POINT('',(88.,302.,0.));
#5192 = DIRECTION('',(0.,0.,1.));
#5193 = DIRECTION('',(1.,0.,-0.));
#5194 = ADVANCED_FACE('',(#5195),#5220,.F.);
#5195 = FACE_BOUND('',#5196,.F.);
#5196 = EDGE_LOOP('',(#5197,#5205,#5213,#5219));
#5197 = ORIENTED_EDGE('',*,*,#5198,.T.);
#5198 = EDGE_CURVE('',#5118,#5199,#5201,.T.);
#5199 = VERTEX_POINT('',#5200);
#5200 = CARTESIAN_POINT('',(93.,304.88675134594,6.2));
#5201 = LINE('',#5202,#5203);
#5202 = CARTESIAN_POINT('',(93.,304.88675134594,1.2));
#5203 = VECTOR('',#5204,1.);
#5204 = DIRECTION('',(0.,0.,1.));
#5205 = ORIENTED_EDGE('',*,*,#5206,.T.);
#5206 = EDGE_CURVE('',#5199,#5207,#5209,.T.);
#5207 = VERTEX_POINT('',#5208);
#5208 = CARTESIAN_POINT('',(88.,307.77350269189,6.2));
#5209 = LINE('',#5210,#5211);
#5210 = CARTESIAN_POINT('',(93.,304.88675134594,6.2));
#5211 = VECTOR('',#5212,1.);
#5212 = DIRECTION('',(-0.866025403784,0.5,0.));
#5213 = ORIENTED_EDGE('',*,*,#5214,.F.);
#5214 = EDGE_CURVE('',#5120,#5207,#5215,.T.);
#5215 = LINE('',#5216,#5217);
#5216 = CARTESIAN_POINT('',(88.,307.77350269189,1.2));
#5217 = VECTOR('',#5218,1.);
#5218 = DIRECTION('',(0.,0.,1.));
#5219 = ORIENTED_EDGE('',*,*,#5117,.F.);
#5220 = PLANE('',#5221);
#5221 = AXIS2_PLACEMENT_3D('',#5222,#5223,#5224);
#5222 = CARTESIAN_POINT('',(93.,304.88675134594,1.2));
#5223 = DIRECTION('',(-0.5,-0.866025403784,0.));
#5224 = DIRECTION('',(-0.866025403784,0.5,0.));
#5225 = ADVANCED_FACE('',(#5226),#5244,.F.);
#5226 = FACE_BOUND('',#5227,.F.);
#5227 = EDGE_LOOP('',(#5228,#5229,#5237,#5243));
#5228 = ORIENTED_EDGE('',*,*,#5214,.T.);
#5229 = ORIENTED_EDGE('',*,*,#5230,.T.);
#5230 = EDGE_CURVE('',#5207,#5231,#5233,.T.);
#5231 = VERTEX_POINT('',#5232);
#5232 = CARTESIAN_POINT('',(83.,304.88675134594,6.2));
#5233 = LINE('',#5234,#5235);
#5234 = CARTESIAN_POINT('',(88.,307.77350269189,6.2));
#5235 = VECTOR('',#5236,1.);
#5236 = DIRECTION('',(-0.866025403784,-0.5,0.));
#5237 = ORIENTED_EDGE('',*,*,#5238,.F.);
#5238 = EDGE_CURVE('',#5152,#5231,#5239,.T.);
#5239 = LINE('',#5240,#5241);
#5240 = CARTESIAN_POINT('',(83.,304.88675134594,1.2));
#5241 = VECTOR('',#5242,1.);
#5242 = DIRECTION('',(0.,0.,1.));
#5243 = ORIENTED_EDGE('',*,*,#5159,.F.);
#5244 = PLANE('',#5245);
#5245 = AXIS2_PLACEMENT_3D('',#5246,#5247,#5248);
#5246 = CARTESIAN_POINT('',(88.,307.77350269189,1.2));
#5247 = DIRECTION('',(0.5,-0.866025403784,0.));
#5248 = DIRECTION('',(-0.866025403784,-0.5,0.));
#5249 = ADVANCED_FACE('',(#5250),#5268,.F.);
#5250 = FACE_BOUND('',#5251,.F.);
#5251 = EDGE_LOOP('',(#5252,#5253,#5261,#5267));
#5252 = ORIENTED_EDGE('',*,*,#5238,.T.);
#5253 = ORIENTED_EDGE('',*,*,#5254,.T.);
#5254 = EDGE_CURVE('',#5231,#5255,#5257,.T.);
#5255 = VERTEX_POINT('',#5256);
#5256 = CARTESIAN_POINT('',(83.,299.11324865405,6.2));
#5257 = LINE('',#5258,#5259);
#5258 = CARTESIAN_POINT('',(83.,304.88675134594,6.2));
#5259 = VECTOR('',#5260,1.);
#5260 = DIRECTION('',(1.538370149107E-16,-1.,0.));
#5261 = ORIENTED_EDGE('',*,*,#5262,.F.);
#5262 = EDGE_CURVE('',#5144,#5255,#5263,.T.);
#5263 = LINE('',#5264,#5265);
#5264 = CARTESIAN_POINT('',(83.,299.11324865405,1.2));
#5265 = VECTOR('',#5266,1.);
#5266 = DIRECTION('',(0.,0.,1.));
#5267 = ORIENTED_EDGE('',*,*,#5151,.F.);
#5268 = PLANE('',#5269);
#5269 = AXIS2_PLACEMENT_3D('',#5270,#5271,#5272);
#5270 = CARTESIAN_POINT('',(83.,304.88675134594,1.2));
#5271 = DIRECTION('',(1.,1.538370149107E-16,-0.));
#5272 = DIRECTION('',(1.538370149107E-16,-1.,0.));
#5273 = ADVANCED_FACE('',(#5274),#5292,.F.);
#5274 = FACE_BOUND('',#5275,.F.);
#5275 = EDGE_LOOP('',(#5276,#5277,#5285,#5291));
#5276 = ORIENTED_EDGE('',*,*,#5262,.T.);
#5277 = ORIENTED_EDGE('',*,*,#5278,.T.);
#5278 = EDGE_CURVE('',#5255,#5279,#5281,.T.);
#5279 = VERTEX_POINT('',#5280);
#5280 = CARTESIAN_POINT('',(88.,296.2264973081,6.2));
#5281 = LINE('',#5282,#5283);
#5282 = CARTESIAN_POINT('',(83.,299.11324865405,6.2));
#5283 = VECTOR('',#5284,1.);
#5284 = DIRECTION('',(0.866025403784,-0.5,0.));
#5285 = ORIENTED_EDGE('',*,*,#5286,.F.);
#5286 = EDGE_CURVE('',#5136,#5279,#5287,.T.);
#5287 = LINE('',#5288,#5289);
#5288 = CARTESIAN_POINT('',(88.,296.2264973081,1.2));
#5289 = VECTOR('',#5290,1.);
#5290 = DIRECTION('',(0.,0.,1.));
#5291 = ORIENTED_EDGE('',*,*,#5143,.F.);
#5292 = PLANE('',#5293);
#5293 = AXIS2_PLACEMENT_3D('',#5294,#5295,#5296);
#5294 = CARTESIAN_POINT('',(83.,299.11324865405,1.2));
#5295 = DIRECTION('',(0.5,0.866025403784,-0.));
#5296 = DIRECTION('',(0.866025403784,-0.5,0.));
#5297 = ADVANCED_FACE('',(#5298),#5316,.F.);
#5298 = FACE_BOUND('',#5299,.F.);
#5299 = EDGE_LOOP('',(#5300,#5301,#5309,#5315));
#5300 = ORIENTED_EDGE('',*,*,#5286,.T.);
#5301 = ORIENTED_EDGE('',*,*,#5302,.T.);
#5302 = EDGE_CURVE('',#5279,#5303,#5305,.T.);
#5303 = VERTEX_POINT('',#5304);
#5304 = CARTESIAN_POINT('',(93.,299.11324865405,6.2));
#5305 = LINE('',#5306,#5307);
#5306 = CARTESIAN_POINT('',(88.,296.2264973081,6.2));
#5307 = VECTOR('',#5308,1.);
#5308 = DIRECTION('',(0.866025403784,0.5,0.));
#5309 = ORIENTED_EDGE('',*,*,#5310,.F.);
#5310 = EDGE_CURVE('',#5128,#5303,#5311,.T.);
#5311 = LINE('',#5312,#5313);
#5312 = CARTESIAN_POINT('',(93.,299.11324865405,1.2));
#5313 = VECTOR('',#5314,1.);
#5314 = DIRECTION('',(0.,0.,1.));
#5315 = ORIENTED_EDGE('',*,*,#5135,.F.);
#5316 = PLANE('',#5317);
#5317 = AXIS2_PLACEMENT_3D('',#5318,#5319,#5320);
#5318 = CARTESIAN_POINT('',(88.,296.2264973081,1.2));
#5319 = DIRECTION('',(-0.5,0.866025403784,0.));
#5320 = DIRECTION('',(0.866025403784,0.5,0.));
#5321 = ADVANCED_FACE('',(#5322),#5333,.F.);
#5322 = FACE_BOUND('',#5323,.F.);
#5323 = EDGE_LOOP('',(#5324,#5325,#5331,#5332));
#5324 = ORIENTED_EDGE('',*,*,#5310,.T.);
#5325 = ORIENTED_EDGE('',*,*,#5326,.T.);
#5326 = EDGE_CURVE('',#5303,#5199,#5327,.T.);
#5327 = LINE('',#5328,#5329);
#5328 = CARTESIAN_POINT('',(93.,299.11324865405,6.2));
#5329 = VECTOR('',#5330,1.);
#5330 = DIRECTION('',(3.076740298214E-16,1.,0.));
#5331 = ORIENTED_EDGE('',*,*,#5198,.F.);
#5332 = ORIENTED_EDGE('',*,*,#5127,.F.);
#5333 = PLANE('',#5334);
#5334 = AXIS2_PLACEMENT_3D('',#5335,#5336,#5337);
#5335 = CARTESIAN_POINT('',(93.,299.11324865405,1.2));
#5336 = DIRECTION('',(-1.,3.076740298214E-16,0.));
#5337 = DIRECTION('',(3.076740298214E-16,1.,0.));
#5338 = ADVANCED_FACE('',(#5339,#5342),#5353,.F.);
#5339 = FACE_BOUND('',#5340,.F.);
#5340 = EDGE_LOOP('',(#5341));
#5341 = ORIENTED_EDGE('',*,*,#5182,.T.);
#5342 = FACE_BOUND('',#5343,.F.);
#5343 = EDGE_LOOP('',(#5344));
#5344 = ORIENTED_EDGE('',*,*,#5345,.F.);
#5345 = EDGE_CURVE('',#5346,#5346,#5348,.T.);
#5346 = VERTEX_POINT('',#5347);
#5347 = CARTESIAN_POINT('',(91.,302.,0.));
#5348 = CIRCLE('',#5349,3.);
#5349 = AXIS2_PLACEMENT_3D('',#5350,#5351,#5352);
#5350 = CARTESIAN_POINT('',(88.,302.,0.));
#5351 = DIRECTION('',(0.,0.,1.));
#5352 = DIRECTION('',(1.,0.,-0.));
#5353 = PLANE('',#5354);
#5354 = AXIS2_PLACEMENT_3D('',#5355,#5356,#5357);
#5355 = CARTESIAN_POINT('',(88.,302.,0.));
#5356 = DIRECTION('',(0.,0.,1.));
#5357 = DIRECTION('',(1.,0.,-0.));
#5358 = ADVANCED_FACE('',(#5359,#5367),#5378,.T.);
#5359 = FACE_BOUND('',#5360,.T.);
#5360 = EDGE_LOOP('',(#5361,#5362,#5363,#5364,#5365,#5366));
#5361 = ORIENTED_EDGE('',*,*,#5206,.T.);
#5362 = ORIENTED_EDGE('',*,*,#5230,.T.);
#5363 = ORIENTED_EDGE('',*,*,#5254,.T.);
#5364 = ORIENTED_EDGE('',*,*,#5278,.T.);
#5365 = ORIENTED_EDGE('',*,*,#5302,.T.);
#5366 = ORIENTED_EDGE('',*,*,#5326,.T.);
#5367 = FACE_BOUND('',#5368,.T.);
#5368 = EDGE_LOOP('',(#5369));
#5369 = ORIENTED_EDGE('',*,*,#5370,.F.);
#5370 = EDGE_CURVE('',#5371,#5371,#5373,.T.);
#5371 = VERTEX_POINT('',#5372);
#5372 = CARTESIAN_POINT('',(91.,302.,6.2));
#5373 = CIRCLE('',#5374,3.);
#5374 = AXIS2_PLACEMENT_3D('',#5375,#5376,#5377);
#5375 = CARTESIAN_POINT('',(88.,302.,6.2));
#5376 = DIRECTION('',(0.,0.,1.));
#5377 = DIRECTION('',(1.,0.,-0.));
#5378 = PLANE('',#5379);
#5379 = AXIS2_PLACEMENT_3D('',#5380,#5381,#5382);
#5380 = CARTESIAN_POINT('',(88.,302.,6.2));
#5381 = DIRECTION('',(0.,0.,1.));
#5382 = DIRECTION('',(1.,0.,-0.));
#5383 = ADVANCED_FACE('',(#5384),#5403,.T.);
#5384 = FACE_BOUND('',#5385,.T.);
#5385 = EDGE_LOOP('',(#5386,#5387,#5395,#5402));
#5386 = ORIENTED_EDGE('',*,*,#5345,.F.);
#5387 = ORIENTED_EDGE('',*,*,#5388,.F.);
#5388 = EDGE_CURVE('',#5389,#5346,#5391,.T.);
#5389 = VERTEX_POINT('',#5390);
#5390 = CARTESIAN_POINT('',(91.,302.,-2.));
#5391 = LINE('',#5392,#5393);
#5392 = CARTESIAN_POINT('',(91.,302.,-2.));
#5393 = VECTOR('',#5394,1.);
#5394 = DIRECTION('',(0.,0.,1.));
#5395 = ORIENTED_EDGE('',*,*,#5396,.T.);
#5396 = EDGE_CURVE('',#5389,#5389,#5397,.T.);
#5397 = CIRCLE('',#5398,3.);
#5398 = AXIS2_PLACEMENT_3D('',#5399,#5400,#5401);
#5399 = CARTESIAN_POINT('',(88.,302.,-2.));
#5400 = DIRECTION('',(0.,0.,1.));
#5401 = DIRECTION('',(1.,0.,-0.));
#5402 = ORIENTED_EDGE('',*,*,#5388,.T.);
#5403 = CYLINDRICAL_SURFACE('',#5404,3.);
#5404 = AXIS2_PLACEMENT_3D('',#5405,#5406,#5407);
#5405 = CARTESIAN_POINT('',(88.,302.,-2.));
#5406 = DIRECTION('',(0.,0.,1.));
#5407 = DIRECTION('',(1.,0.,-0.));
#5408 = ADVANCED_FACE('',(#5409),#5428,.T.);
#5409 = FACE_BOUND('',#5410,.T.);
#5410 = EDGE_LOOP('',(#5411,#5412,#5420,#5427));
#5411 = ORIENTED_EDGE('',*,*,#5370,.T.);
#5412 = ORIENTED_EDGE('',*,*,#5413,.T.);
#5413 = EDGE_CURVE('',#5371,#5414,#5416,.T.);
#5414 = VERTEX_POINT('',#5415);
#5415 = CARTESIAN_POINT('',(91.,302.,14.));
#5416 = LINE('',#5417,#5418);
#5417 = CARTESIAN_POINT('',(91.,302.,-2.));
#5418 = VECTOR('',#5419,1.);
#5419 = DIRECTION('',(0.,0.,1.));
#5420 = ORIENTED_EDGE('',*,*,#5421,.F.);
#5421 = EDGE_CURVE('',#5414,#5414,#5422,.T.);
#5422 = CIRCLE('',#5423,3.);
#5423 = AXIS2_PLACEMENT_3D('',#5424,#5425,#5426);
#5424 = CARTESIAN_POINT('',(88.,302.,14.));
#5425 = DIRECTION('',(0.,0.,1.));
#5426 = DIRECTION('',(1.,0.,-0.));
#5427 = ORIENTED_EDGE('',*,*,#5413,.F.);
#5428 = CYLINDRICAL_SURFACE('',#5429,3.);
#5429 = AXIS2_PLACEMENT_3D('',#5430,#5431,#5432);
#5430 = CARTESIAN_POINT('',(88.,302.,-2.));
#5431 = DIRECTION('',(0.,0.,1.));
#5432 = DIRECTION('',(1.,0.,-0.));
#5433 = ADVANCED_FACE('',(#5434),#5437,.F.);
#5434 = FACE_BOUND('',#5435,.T.);
#5435 = EDGE_LOOP('',(#5436));
#5436 = ORIENTED_EDGE('',*,*,#5396,.F.);
#5437 = PLANE('',#5438);
#5438 = AXIS2_PLACEMENT_3D('',#5439,#5440,#5441);
#5439 = CARTESIAN_POINT('',(88.,302.,-2.));
#5440 = DIRECTION('',(0.,0.,1.));
#5441 = DIRECTION('',(1.,0.,-0.));
#5442 = ADVANCED_FACE('',(#5443),#5446,.T.);
#5443 = FACE_BOUND('',#5444,.T.);
#5444 = EDGE_LOOP('',(#5445));
#5445 = ORIENTED_EDGE('',*,*,#5421,.T.);
#5446 = PLANE('',#5447);
#5447 = AXIS2_PLACEMENT_3D('',#5448,#5449,#5450);
#5448 = CARTESIAN_POINT('',(88.,302.,14.));
#5449 = DIRECTION('',(0.,0.,1.));
#5450 = DIRECTION('',(1.,0.,-0.));
#5451 = ( GEOMETRIC_REPRESENTATION_CONTEXT(3) 
GLOBAL_UNCERTAINTY_ASSIGNED_CONTEXT((#5455)) 
GLOBAL_UNIT_ASSIGNED_CONTEXT((#5452,#5453,#5454)) REPRESENTATION_CONTEXT
('Context #1','3D Context with UNIT and UNCERTAINTY') );
#5452 = ( LENGTH_UNIT() NAMED_UNIT(*) SI_UNIT(.MILLI.,.METRE.) );
#5453 = ( NAMED_UNIT(*) PLANE_ANGLE_UNIT() SI_UNIT($,.RADIAN.) );
#5454 = ( NAMED_UNIT(*) SI_UNIT($,.STERADIAN.) SOLID_ANGLE_UNIT() );
#5455 = UNCERTAINTY_MEASURE_WITH_UNIT(LENGTH_MEASURE(1.E-05),#5452,
  'distance_accuracy_value','confusion accuracy');
#5456 = PRODUCT_RELATED_PRODUCT_CATEGORY('part',$,(#7));
ENDSEC;
END-ISO-10303-21;
